play_id,game_id,old_game_id,home_team,away_team,season_type,week,posteam,posteam_type,defteam,side_of_field,yardline_100,game_date,quarter_seconds_remaining,half_seconds_remaining,game_seconds_remaining,game_half,quarter_end,drive,sp,qtr,down,goal_to_go,time,yrdln,ydstogo,ydsnet,desc,play_type,yards_gained,shotgun,no_huddle,qb_dropback,qb_kneel,qb_spike,qb_scramble,pass_length,pass_location,air_yards,yards_after_catch,run_location,run_gap,field_goal_result,kick_distance,extra_point_result,two_point_conv_result,home_timeouts_remaining,away_timeouts_remaining,timeout,timeout_team,td_team,td_player_name,td_player_id,posteam_timeouts_remaining,defteam_timeouts_remaining,total_home_score,total_away_score,posteam_score,defteam_score,score_differential,posteam_score_post,defteam_score_post,score_differential_post,no_score_prob,opp_fg_prob,opp_safety_prob,opp_td_prob,fg_prob,safety_prob,td_prob,extra_point_prob,two_point_conversion_prob,ep,epa,total_home_epa,total_away_epa,total_home_rush_epa,total_away_rush_epa,total_home_pass_epa,total_away_pass_epa,air_epa,yac_epa,comp_air_epa,comp_yac_epa,total_home_comp_air_epa,total_away_comp_air_epa,total_home_comp_yac_epa,total_away_comp_yac_epa,total_home_raw_air_epa,total_away_raw_air_epa,total_home_raw_yac_epa,total_away_raw_yac_epa,wp,def_wp,home_wp,away_wp,wpa,vegas_wpa,vegas_home_wpa,home_wp_post,away_wp_post,vegas_wp,vegas_home_wp,total_home_rush_wpa,total_away_rush_wpa,total_home_pass_wpa,total_away_pass_wpa,air_wpa,yac_wpa,comp_air_wpa,comp_yac_wpa,total_home_comp_air_wpa,total_away_comp_air_wpa,total_home_comp_yac_wpa,total_away_comp_yac_wpa,total_home_raw_air_wpa,total_away_raw_air_wpa,total_home_raw_yac_wpa,total_away_raw_yac_wpa,punt_blocked,first_down_rush,first_down_pass,first_down_penalty,third_down_converted,third_down_failed,fourth_down_converted,fourth_down_failed,incomplete_pass,touchback,interception,punt_inside_twenty,punt_in_endzone,punt_out_of_bounds,punt_downed,punt_fair_catch,kickoff_inside_twenty,kickoff_in_endzone,kickoff_out_of_bounds,kickoff_downed,kickoff_fair_catch,fumble_forced,fumble_not_forced,fumble_out_of_bounds,solo_tackle,safety,penalty,tackled_for_loss,fumble_lost,own_kickoff_recovery,own_kickoff_recovery_td,qb_hit,rush_attempt,pass_attempt,sack,touchdown,pass_touchdown,rush_touchdown,return_touchdown,extra_point_attempt,two_point_attempt,field_goal_attempt,kickoff_attempt,punt_attempt,fumble,complete_pass,assist_tackle,lateral_reception,lateral_rush,lateral_return,lateral_recovery,passer_player_id,passer_player_name,passing_yards,receiver_player_id,receiver_player_name,receiving_yards,rusher_player_id,rusher_player_name,rushing_yards,lateral_receiver_player_id,lateral_receiver_player_name,lateral_receiving_yards,lateral_rusher_player_id,lateral_rusher_player_name,lateral_rushing_yards,lateral_sack_player_id,lateral_sack_player_name,interception_player_id,interception_player_name,lateral_interception_player_id,lateral_interception_player_name,punt_returner_player_id,punt_returner_player_name,lateral_punt_returner_player_id,lateral_punt_returner_player_name,kickoff_returner_player_name,kickoff_returner_player_id,lateral_kickoff_returner_player_id,lateral_kickoff_returner_player_name,punter_player_id,punter_player_name,kicker_player_name,kicker_player_id,own_kickoff_recovery_player_id,own_kickoff_recovery_player_name,blocked_player_id,blocked_player_name,tackle_for_loss_1_player_id,tackle_for_loss_1_player_name,tackle_for_loss_2_player_id,tackle_for_loss_2_player_name,qb_hit_1_player_id,qb_hit_1_player_name,qb_hit_2_player_id,qb_hit_2_player_name,forced_fumble_player_1_team,forced_fumble_player_1_player_id,forced_fumble_player_1_player_name,forced_fumble_player_2_team,forced_fumble_player_2_player_id,forced_fumble_player_2_player_name,solo_tackle_1_team,solo_tackle_2_team,solo_tackle_1_player_id,solo_tackle_2_player_id,solo_tackle_1_player_name,solo_tackle_2_player_name,assist_tackle_1_player_id,assist_tackle_1_player_name,assist_tackle_1_team,assist_tackle_2_player_id,assist_tackle_2_player_name,assist_tackle_2_team,assist_tackle_3_player_id,assist_tackle_3_player_name,assist_tackle_3_team,assist_tackle_4_player_id,assist_tackle_4_player_name,assist_tackle_4_team,tackle_with_assist,tackle_with_assist_1_player_id,tackle_with_assist_1_player_name,tackle_with_assist_1_team,tackle_with_assist_2_player_id,tackle_with_assist_2_player_name,tackle_with_assist_2_team,pass_defense_1_player_id,pass_defense_1_player_name,pass_defense_2_player_id,pass_defense_2_player_name,fumbled_1_team,fumbled_1_player_id,fumbled_1_player_name,fumbled_2_player_id,fumbled_2_player_name,fumbled_2_team,fumble_recovery_1_team,fumble_recovery_1_yards,fumble_recovery_1_player_id,fumble_recovery_1_player_name,fumble_recovery_2_team,fumble_recovery_2_yards,fumble_recovery_2_player_id,fumble_recovery_2_player_name,sack_player_id,sack_player_name,half_sack_1_player_id,half_sack_1_player_name,half_sack_2_player_id,half_sack_2_player_name,return_team,return_yards,penalty_team,penalty_player_id,penalty_player_name,penalty_yards,replay_or_challenge,replay_or_challenge_result,penalty_type,defensive_two_point_attempt,defensive_two_point_conv,defensive_extra_point_attempt,defensive_extra_point_conv,safety_player_name,safety_player_id,season,cp,cpoe,series,series_success,series_result,order_sequence,start_time,time_of_day,stadium,weather,nfl_api_id,play_clock,play_deleted,play_type_nfl,special_teams_play,st_play_type,end_clock_time,end_yard_line,fixed_drive,fixed_drive_result,drive_real_start_time,drive_play_count,drive_time_of_possession,drive_first_downs,drive_inside20,drive_ended_with_score,drive_quarter_start,drive_quarter_end,drive_yards_penalized,drive_start_transition,drive_end_transition,drive_game_clock_start,drive_game_clock_end,drive_start_yard_line,drive_end_yard_line,drive_play_id_started,drive_play_id_ended,away_score,home_score,location,result,total,spread_line,total_line,div_game,roof,surface,temp,wind,home_coach,away_coach,stadium_id,game_stadium,aborted_play,success,passer,passer_jersey_number,rusher,rusher_jersey_number,receiver,receiver_jersey_number,pass,rush,first_down,special,play,passer_id,rusher_id,receiver_id,name,jersey_number,id,fantasy_player_name,fantasy_player_id,fantasy,fantasy_id,out_of_bounds,home_opening_kickoff,qb_epa,xyac_epa,xyac_mean_yardage,xyac_median_yardage,xyac_success,xyac_fd,xpass,pass_oe,season_orig,actual_decision,go_boost,first_down_prob,wp_fail,wp_succeed,go_wp,fg_make_prob,miss_fg_wp,make_fg_wp,fg_wp,punt_wp,model_recommendation
1,2014_15_DAL_PHI,2014121413,PHI,DAL,REG,15,NA,NA,NA,NA,NA,2014-12-14,900,1800,3600,Half1,0,NA,0,1,NA,0,15:00,DAL 35,0,NA,GAME,NA,NA,0,0,NA,0,0,0,NA,NA,NA,NA,NA,NA,NA,NA,NA,NA,3,3,NA,NA,NA,NA,NA,NA,NA,0,0,NA,NA,NA,NA,NA,NA,0,0,0,0,0,0,0,0,0,0.9822985450737178,0,0,0,0,0,0,0,NA,NA,NA,NA,0,0,0,0,0,0,0,0,0.5418533086776733,0.45814669132232666,0.5418533086776733,0.45814669132232666,0,0,0,NA,NA,0.6115878224372864,0.6115878224372864,0,0,0,0,NA,NA,NA,NA,0,0,0,0,0,0,0,0,NA,NA,NA,NA,NA,NA,NA,NA,NA,0,NA,NA,NA,NA,NA,NA,NA,NA,NA,NA,NA,NA,NA,NA,NA,NA,NA,NA,NA,NA,NA,NA,NA,NA,NA,NA,NA,NA,NA,NA,NA,NA,NA,NA,NA,NA,NA,NA,NA,NA,NA,NA,NA,NA,NA,NA,NA,NA,NA,NA,NA,NA,NA,NA,NA,NA,NA,NA,NA,NA,NA,NA,NA,NA,NA,NA,NA,NA,NA,NA,NA,NA,NA,NA,NA,NA,NA,NA,NA,NA,NA,NA,NA,NA,NA,NA,NA,NA,NA,NA,NA,NA,NA,NA,NA,NA,NA,NA,NA,NA,NA,NA,NA,NA,NA,NA,NA,NA,NA,NA,NA,NA,NA,NA,NA,NA,NA,NA,NA,NA,NA,NA,NA,NA,NA,NA,NA,NA,NA,NA,NA,NA,NA,NA,NA,NA,NA,NA,NA,NA,NA,NA,NA,NA,NA,NA,NA,0,NA,NA,NA,NA,NA,NA,NA,NA,2014,NA,NA,1,0,NA,1,"12/14/14, 20:31:25",NA,Lincoln Financial Field,"Partly Cloudy Temp: 41° F, Humidity: 69%, Wind: NW 9 mph",10012014-1214-1333-37d5-82ac89e7c001,0,0,GAME_START,0,NA,NA,NA,1,NA,NA,NA,NA,NA,NA,NA,NA,NA,NA,NA,NA,NA,NA,NA,NA,NA,NA,38,27,Home,-11,65,3.5,54.5,1,outdoors,grass,41,9,Chip Kelly,Jason Garrett,PHI00,Lincoln Financial Field,0,0,NA,NA,NA,NA,NA,NA,0,0,NA,0,0,NA,NA,NA,NA,NA,NA,NA,NA,NA,NA,0,1,0,NA,NA,NA,NA,NA,NA,NA,2014,Other,NA,NA,NA,NA,NA,NA,NA,NA,NA,NA,Punt
36,2014_15_DAL_PHI,2014121413,PHI,DAL,REG,15,PHI,home,DAL,DAL,35,2014-12-14,900,1800,3600,Half1,0,1,0,1,NA,0,15:00,DAL 35,0,18,5-D.Bailey kicks 47 yards from DAL 35 to PHI 18. RECOVERED by DAL-37-C.Spillman.,kickoff,0,0,0,0,0,0,0,NA,NA,NA,NA,NA,NA,NA,47,NA,NA,3,3,0,NA,NA,NA,NA,3,3,0,0,0,0,0,0,0,0,0.004273016005754471,0.1721658557653427,0.003452081000432372,0.23596346378326416,0.22778357565402985,0.0040879989974200726,0.35227397084236145,0,0,0.9822985450737178,-5.568232323159464,-5.568232323159464,5.568232323159464,0,0,0,0,NA,NA,0,0,0,0,0,0,0,0,0,0,0.5418533086776733,0.45814669132232666,0.5418533086776733,0.45814669132232666,-0.09148865938186646,-0.06894722580909729,-0.06894722580909729,0.4503646492958069,0.5496353507041931,0.6115878224372864,0.6115878224372864,0,0,0,0,NA,NA,0,0,0,0,0,0,0,0,0,0,0,0,0,0,0,0,0,0,0,0,0,0,0,0,0,0,0,0,0,0,0,0,0,0,0,0,0,0,0,1,0,0,0,0,0,0,0,0,0,0,0,0,1,0,0,0,0,0,0,0,0,NA,NA,NA,NA,NA,NA,NA,NA,NA,NA,NA,NA,NA,NA,NA,NA,NA,NA,NA,NA,NA,NA,NA,NA,NA,NA,NA,NA,NA,NA,NA,D.Bailey,00-0028660,00-0026758,C.Spillman,NA,NA,NA,NA,NA,NA,NA,NA,NA,NA,NA,NA,NA,NA,NA,NA,NA,NA,NA,NA,NA,NA,NA,NA,NA,NA,NA,NA,NA,NA,NA,NA,NA,NA,0,NA,NA,NA,NA,NA,NA,NA,NA,NA,NA,NA,NA,NA,NA,NA,NA,NA,NA,NA,NA,NA,NA,NA,NA,NA,NA,NA,NA,NA,NA,NA,0,NA,NA,NA,NA,0,NA,NA,0,0,0,0,NA,NA,2014,NA,NA,2,1,First down,36,"12/14/14, 20:31:25",2014-12-15T01:31:25Z,Lincoln Financial Field,"Partly Cloudy Temp: 41° F, Humidity: 69%, Wind: NW 9 mph",10012014-1214-1333-37d5-82ac89e7c001,0,0,KICK_OFF,1,NA,NA,NA,2,Touchdown,2014-12-15T01:31:25Z,5,2:14,2,1,1,1,1,0,OWN_KICKOFF,TOUCHDOWN,15:00,12:46,PHI 18,PHI 1,36,172,38,27,Home,-11,65,3.5,54.5,1,outdoors,grass,41,9,Chip Kelly,Jason Garrett,PHI00,Lincoln Financial Field,0,0,NA,NA,NA,NA,NA,NA,0,0,0,1,0,NA,NA,NA,NA,NA,NA,NA,NA,NA,NA,0,1,-5.568232323159464,NA,NA,NA,NA,NA,NA,NA,2014,Other,NA,NA,NA,NA,NA,NA,NA,NA,NA,NA,Punt
62,2014_15_DAL_PHI,2014121413,PHI,DAL,REG,15,DAL,away,PHI,PHI,18,2014-12-14,895,1795,3595,Half1,0,1,0,1,1,0,14:55,PHI 18,10,18,(14:55) 9-T.Romo pass incomplete short right.,pass,0,0,0,1,0,0,0,short,right,13,NA,NA,NA,NA,NA,NA,NA,3,3,0,NA,NA,NA,NA,3,3,0,0,0,0,0,0,0,0,0.0021741408854722977,0.01927616447210312,5.853602779097855e-4,0.043387796729803085,0.39711853861808777,9.82841127552092e-4,0.5364751815795898,0,0,4.585933778085746,-0.4162300577154383,-5.152002265444025,5.152002265444025,0,0,0.4162300577154383,-0.4162300577154383,0.7985932911979035,-1.2148233489133418,0,0,0,0,0,0,-0.7985932911979035,0.7985932911979035,1.2148233489133418,-1.2148233489133418,0.5496353507041931,0.4503646492958069,0.4503646492958069,0.5496353507041931,-0.012804388999938965,-0.023070156574249268,0.023070156574249268,0.46316903829574585,0.5368309617042542,0.4573594033718109,0.5426405966281891,0,0,0.012804388999938965,-0.012804388999938965,0,-0.012804388999938965,0,0,0,0,0,0,0,0,0.012804388999938965,-0.012804388999938965,0,0,0,0,0,0,0,0,1,0,0,0,0,0,0,0,0,0,0,0,0,0,0,0,0,0,0,0,0,0,0,0,0,1,0,0,0,0,0,0,0,0,0,0,0,0,0,0,0,0,0,00-0021678,T.Romo,NA,NA,NA,NA,NA,NA,NA,NA,NA,NA,NA,NA,NA,NA,NA,NA,NA,NA,NA,NA,NA,NA,NA,NA,NA,NA,NA,NA,NA,NA,NA,NA,NA,NA,NA,NA,NA,NA,NA,NA,NA,NA,NA,NA,NA,NA,NA,NA,NA,NA,NA,NA,NA,NA,NA,NA,NA,NA,NA,NA,NA,NA,NA,NA,NA,NA,NA,0,NA,NA,NA,NA,NA,NA,NA,NA,NA,NA,NA,NA,NA,NA,NA,NA,NA,NA,NA,NA,NA,NA,NA,NA,NA,NA,NA,NA,NA,NA,NA,0,NA,NA,NA,NA,0,NA,NA,0,0,0,0,NA,NA,2014,NA,NA,2,1,First down,62,"12/14/14, 20:31:25",2014-12-15T01:33:36Z,Lincoln Financial Field,"Partly Cloudy Temp: 41° F, Humidity: 69%, Wind: NW 9 mph",10012014-1214-1333-37d5-82ac89e7c001,0,0,PASS,0,NA,NA,NA,2,Touchdown,2014-12-15T01:31:25Z,5,2:14,2,1,1,1,1,0,OWN_KICKOFF,TOUCHDOWN,15:00,12:46,PHI 18,PHI 1,36,172,38,27,Home,-11,65,3.5,54.5,1,outdoors,grass,41,9,Chip Kelly,Jason Garrett,PHI00,Lincoln Financial Field,0,0,T.Romo,9,NA,NA,NA,NA,1,0,0,0,1,00-0021678,NA,NA,T.Romo,9,00-0021678,NA,NA,NA,NA,0,1,-0.4162300577154383,NA,NA,NA,NA,NA,0.366284042596817,63.3715957403183,2014,Go for it,NA,NA,NA,NA,NA,NA,NA,NA,NA,NA,Punt
84,2014_15_DAL_PHI,2014121413,PHI,DAL,REG,15,DAL,away,PHI,PHI,18,2014-12-14,888,1788,3588,Half1,0,1,0,1,2,0,14:48,PHI 18,10,18,(14:48) 29-D.Murray right end pushed ob at PHI 14 for 4 yards (72-C.Thornton).,run,4,0,0,0,0,0,0,NA,NA,NA,NA,right,end,NA,NA,NA,NA,3,3,0,NA,NA,NA,NA,3,3,0,0,0,0,0,0,0,0,0.002332869218662381,0.020655475556850433,6.288833683356643e-4,0.050080884248018265,0.4738408923149109,0.0010510417632758617,0.4514099061489105,0,0,4.169703720370308,-0.45768482121638954,-4.694317444227636,4.694317444227636,0.45768482121638954,-0.45768482121638954,0.4162300577154383,-0.4162300577154383,NA,NA,0,0,0,0,0,0,-0.7985932911979035,0.7985932911979035,1.2148233489133418,-1.2148233489133418,0.5368309617042542,0.46316903829574585,0.46316903829574585,0.5368309617042542,0.05695146322250366,0.04936537146568298,-0.04936537146568298,0.4062175750732422,0.5937824249267578,0.43428924679756165,0.5657107532024384,-0.05695146322250366,0.05695146322250366,0.012804388999938965,-0.012804388999938965,NA,NA,0,0,0,0,0,0,0,0,0.012804388999938965,-0.012804388999938965,0,0,0,0,0,0,0,0,0,0,0,0,0,0,0,0,0,0,0,0,0,0,0,0,1,0,0,0,0,0,0,0,1,0,0,0,0,0,0,0,0,0,0,0,0,0,0,0,0,0,0,NA,NA,NA,NA,NA,NA,00-0028009,D.Murray,4,NA,NA,NA,NA,NA,NA,NA,NA,NA,NA,NA,NA,NA,NA,NA,NA,NA,NA,NA,NA,NA,NA,NA,NA,NA,NA,NA,NA,NA,NA,NA,NA,NA,NA,NA,NA,NA,NA,NA,NA,NA,NA,PHI,NA,00-0028424,NA,C.Thornton,NA,NA,NA,NA,NA,NA,NA,NA,NA,NA,NA,NA,NA,0,NA,NA,NA,NA,NA,NA,NA,NA,NA,NA,NA,NA,NA,NA,NA,NA,NA,NA,NA,NA,NA,NA,NA,NA,NA,NA,NA,NA,NA,NA,NA,0,NA,NA,NA,NA,0,NA,NA,0,0,0,0,NA,NA,2014,NA,NA,2,1,First down,84,"12/14/14, 20:31:25",2014-12-15T01:34:21Z,Lincoln Financial Field,"Partly Cloudy Temp: 41° F, Humidity: 69%, Wind: NW 9 mph",10012014-1214-1333-37d5-82ac89e7c001,0,0,RUSH,0,NA,NA,NA,2,Touchdown,2014-12-15T01:31:25Z,5,2:14,2,1,1,1,1,0,OWN_KICKOFF,TOUCHDOWN,15:00,12:46,PHI 18,PHI 1,36,172,38,27,Home,-11,65,3.5,54.5,1,outdoors,grass,41,9,Chip Kelly,Jason Garrett,PHI00,Lincoln Financial Field,0,0,NA,NA,D.Murray,29,NA,NA,0,1,0,0,1,NA,00-0028009,NA,D.Murray,29,00-0028009,D.Murray,00-0028009,D.Murray,00-0028009,1,1,-0.45768482121638954,NA,NA,NA,NA,NA,0.3622494637966156,-36.22494637966156,2014,Go for it,NA,NA,NA,NA,NA,NA,NA,NA,NA,NA,Punt
110,2014_15_DAL_PHI,2014121413,PHI,DAL,REG,15,DAL,away,PHI,PHI,14,2014-12-14,853,1753,3553,Half1,0,1,0,1,3,0,14:13,PHI 14,6,18,(14:13) (Shotgun) 9-T.Romo pass short middle to 83-T.Williams to PHI 6 for 8 yards (26-C.Williams).,pass,8,1,0,1,0,0,0,short,middle,4,4,NA,NA,NA,NA,NA,NA,3,3,0,NA,NA,NA,NA,3,3,0,0,0,0,0,0,0,0,0.0015251775039359927,0.019124383106827736,5.938058020547032e-4,0.05416916683316231,0.5791798233985901,0.0011258003069087863,0.3442818224430084,0,0,3.712018899153918,1.8237049738527276,-6.518022418080363,6.518022418080363,0.45768482121638954,-0.45768482121638954,-1.4074749161372893,1.4074749161372893,-0.8357370377052575,2.659442011557985,-0.8357370377052575,2.659442011557985,0.8357370377052575,-0.8357370377052575,-2.659442011557985,2.659442011557985,0.03714374650735408,-0.03714374650735408,-1.4446186626446433,1.4446186626446433,0.5937824249267578,0.4062175750732422,0.4062175750732422,0.5937824249267578,0.04380810260772705,0.07506990432739258,-0.07506990432739258,0.36240947246551514,0.6375905275344849,0.48365461826324463,0.5163453817367554,-0.05695146322250366,0.05695146322250366,-0.031003713607788086,0.031003713607788086,0,0.04380810260772705,0,0.04380810260772705,0,0,-0.04380810260772705,0.04380810260772705,0,0,-0.031003713607788086,0.031003713607788086,0,0,1,0,1,0,0,0,0,0,0,0,0,0,0,0,0,0,0,0,0,0,0,0,1,0,0,0,0,0,0,0,0,1,0,0,0,0,0,0,0,0,0,0,0,1,0,0,0,0,0,00-0021678,T.Romo,8,00-0030542,T.Williams,8,NA,NA,NA,NA,NA,NA,NA,NA,NA,NA,NA,NA,NA,NA,NA,NA,NA,NA,NA,NA,NA,NA,NA,NA,NA,NA,NA,NA,NA,NA,NA,NA,NA,NA,NA,NA,NA,NA,NA,NA,NA,NA,NA,NA,NA,PHI,NA,00-0026369,NA,C.Williams,NA,NA,NA,NA,NA,NA,NA,NA,NA,NA,NA,NA,NA,0,NA,NA,NA,NA,NA,NA,NA,NA,NA,NA,NA,NA,NA,NA,NA,NA,NA,NA,NA,NA,NA,NA,NA,NA,NA,NA,NA,NA,NA,NA,NA,0,NA,NA,NA,NA,0,NA,NA,0,0,0,0,NA,NA,2014,0.7215954661369324,27.840453386306763,2,1,First down,110,"12/14/14, 20:31:25",2014-12-15T01:35:06Z,Lincoln Financial Field,"Partly Cloudy Temp: 41° F, Humidity: 69%, Wind: NW 9 mph",10012014-1214-1333-37d5-82ac89e7c001,0,0,PASS,0,NA,NA,NA,2,Touchdown,2014-12-15T01:31:25Z,5,2:14,2,1,1,1,1,0,OWN_KICKOFF,TOUCHDOWN,15:00,12:46,PHI 18,PHI 1,36,172,38,27,Home,-11,65,3.5,54.5,1,outdoors,grass,41,9,Chip Kelly,Jason Garrett,PHI00,Lincoln Financial Field,0,1,T.Romo,9,NA,NA,T.Williams,83,1,0,1,0,1,00-0021678,NA,00-0030542,T.Romo,9,00-0021678,T.Williams,00-0030542,T.Williams,00-0030542,0,1,1.8237049738527276,1.8502229933632017,3.4317986613023095,3,0.6152514997811522,0.6152514997811522,0.9707943797111511,2.9205620288848877,2014,Go for it,NA,NA,NA,NA,NA,NA,NA,NA,NA,NA,Punt
134,2014_15_DAL_PHI,2014121413,PHI,DAL,REG,15,DAL,away,PHI,PHI,6,2014-12-14,810,1710,3510,Half1,0,1,0,1,1,1,13:30,PHI 6,6,18,(13:30) 29-D.Murray right guard to PHI 1 for 5 yards (50-C.Matthews).,run,5,0,0,0,0,0,0,NA,NA,NA,NA,right,guard,NA,NA,NA,NA,3,3,0,NA,NA,NA,NA,3,3,0,0,0,0,0,0,0,0,0.0012436342658475041,0.01611376740038395,4.579217347782105e-4,0.020151430740952492,0.25064006447792053,0.001126311719417572,0.7102668881416321,0,0,5.535723873006646,0.5175905239302665,-7.03561294201063,7.03561294201063,-0.05990570271387696,0.05990570271387696,-1.4074749161372893,1.4074749161372893,NA,NA,0,0,0.8357370377052575,-0.8357370377052575,-2.659442011557985,2.659442011557985,0.03714374650735408,-0.03714374650735408,-1.4446186626446433,1.4446186626446433,0.6375905275344849,0.36240947246551514,0.36240947246551514,0.6375905275344849,0.018568336963653564,0.0614662766456604,-0.0614662766456604,0.34384113550186157,0.6561588644981384,0.5587245225906372,0.4412754774093628,-0.07551980018615723,0.07551980018615723,-0.031003713607788086,0.031003713607788086,NA,NA,0,0,0,0,-0.04380810260772705,0.04380810260772705,0,0,-0.031003713607788086,0.031003713607788086,0,0,0,0,0,0,0,0,0,0,0,0,0,0,0,0,0,0,0,0,0,0,0,0,1,0,0,0,0,0,0,0,1,0,0,0,0,0,0,0,0,0,0,0,0,0,0,0,0,0,0,NA,NA,NA,NA,NA,NA,00-0028009,D.Murray,5,NA,NA,NA,NA,NA,NA,NA,NA,NA,NA,NA,NA,NA,NA,NA,NA,NA,NA,NA,NA,NA,NA,NA,NA,NA,NA,NA,NA,NA,NA,NA,NA,NA,NA,NA,NA,NA,NA,NA,NA,NA,NA,PHI,NA,00-0028054,NA,C.Matthews,NA,NA,NA,NA,NA,NA,NA,NA,NA,NA,NA,NA,NA,0,NA,NA,NA,NA,NA,NA,NA,NA,NA,NA,NA,NA,NA,NA,NA,NA,NA,NA,NA,NA,NA,NA,NA,NA,NA,NA,NA,NA,NA,NA,NA,0,NA,NA,NA,NA,0,NA,NA,0,0,0,0,NA,NA,2014,NA,NA,3,1,Touchdown,134,"12/14/14, 20:31:25",2014-12-15T01:35:49Z,Lincoln Financial Field,"Partly Cloudy Temp: 41° F, Humidity: 69%, Wind: NW 9 mph",10012014-1214-1333-37d5-82ac89e7c001,0,0,RUSH,0,NA,NA,NA,2,Touchdown,2014-12-15T01:31:25Z,5,2:14,2,1,1,1,1,0,OWN_KICKOFF,TOUCHDOWN,15:00,12:46,PHI 18,PHI 1,36,172,38,27,Home,-11,65,3.5,54.5,1,outdoors,grass,41,9,Chip Kelly,Jason Garrett,PHI00,Lincoln Financial Field,0,1,NA,NA,D.Murray,29,NA,NA,0,1,0,0,1,NA,00-0028009,NA,D.Murray,29,00-0028009,D.Murray,00-0028009,D.Murray,00-0028009,0,1,0.5175905239302665,NA,NA,NA,NA,NA,0.2945748567581177,-29.457485675811768,2014,Go for it,NA,NA,NA,NA,NA,NA,NA,NA,NA,NA,Punt
155,2014_15_DAL_PHI,2014121413,PHI,DAL,REG,15,DAL,away,PHI,PHI,1,2014-12-14,771,1671,3471,Half1,0,1,1,1,2,1,12:51,PHI 1,1,18,"(12:51) 29-D.Murray right guard for 1 yard, TOUCHDOWN.",run,1,0,0,0,0,0,0,NA,NA,NA,NA,right,guard,NA,NA,NA,NA,3,3,0,NA,DAL,D.Murray,00-0028009,3,3,0,6,0,0,0,6,0,6,9.637427283450961e-4,0.013360346667468548,3.8517426582984626e-4,0.018592678010463715,0.1334415078163147,0.001761089195497334,0.8314954042434692,0,0,6.053314396936912,0.9466856030630879,-7.982298545073718,7.982298545073718,-1.0065913057769649,1.0065913057769649,-1.4074749161372893,1.4074749161372893,NA,NA,0,0,0.8357370377052575,-0.8357370377052575,-2.659442011557985,2.659442011557985,0.03714374650735408,-0.03714374650735408,-1.4446186626446433,1.4446186626446433,0.6561588644981384,0.34384113550186157,0.34384113550186157,0.6561588644981384,0.01761529833933384,-0.018274736316328477,0.018274736316328477,0.32622583716252773,0.6737741628374723,0.6201907992362976,0.3798092007637024,-0.09313509852549107,0.09313509852549107,-0.031003713607788086,0.031003713607788086,NA,NA,0,0,0,0,-0.04380810260772705,0.04380810260772705,0,0,-0.031003713607788086,0.031003713607788086,0,1,0,0,0,0,0,0,0,0,0,0,0,0,0,0,0,0,0,0,0,0,0,0,0,0,0,0,0,0,0,0,1,0,0,1,0,1,0,0,0,0,0,0,0,0,0,0,0,0,0,NA,NA,NA,NA,NA,NA,00-0028009,D.Murray,1,NA,NA,NA,NA,NA,NA,NA,NA,NA,NA,NA,NA,NA,NA,NA,NA,NA,NA,NA,NA,NA,NA,NA,NA,NA,NA,NA,NA,NA,NA,NA,NA,NA,NA,NA,NA,NA,NA,NA,NA,NA,NA,NA,NA,NA,NA,NA,NA,NA,NA,NA,NA,NA,NA,NA,NA,NA,NA,NA,NA,0,NA,NA,NA,NA,NA,NA,NA,NA,NA,NA,NA,NA,NA,NA,NA,NA,NA,NA,NA,NA,NA,NA,NA,NA,NA,NA,NA,NA,NA,NA,NA,0,NA,NA,NA,NA,0,NA,NA,0,0,0,0,NA,NA,2014,NA,NA,3,1,Touchdown,155,"12/14/14, 20:31:25",2014-12-15T01:36:28Z,Lincoln Financial Field,"Partly Cloudy Temp: 41° F, Humidity: 69%, Wind: NW 9 mph",10012014-1214-1333-37d5-82ac89e7c001,0,0,RUSH,0,NA,NA,NA,2,Touchdown,2014-12-15T01:31:25Z,5,2:14,2,1,1,1,1,0,OWN_KICKOFF,TOUCHDOWN,15:00,12:46,PHI 18,PHI 1,36,172,38,27,Home,-11,65,3.5,54.5,1,outdoors,grass,41,9,Chip Kelly,Jason Garrett,PHI00,Lincoln Financial Field,0,1,NA,NA,D.Murray,29,NA,NA,0,1,1,0,1,NA,00-0028009,NA,D.Murray,29,00-0028009,D.Murray,00-0028009,D.Murray,00-0028009,0,1,0.9466856030630879,NA,NA,NA,NA,NA,0.23938047885894775,-23.938047885894775,2014,Go for it,NA,NA,NA,NA,NA,NA,NA,NA,NA,NA,Punt
172,2014_15_DAL_PHI,2014121413,PHI,DAL,REG,15,DAL,away,PHI,PHI,2,2014-12-14,766,1666,3466,Half1,0,1,1,1,NA,0,12:46,PHI 2,0,18,"5-D.Bailey extra point is GOOD, Center-91-L.Ladouceur, Holder-6-C.Jones.",extra_point,0,0,0,0,0,0,0,NA,NA,NA,NA,NA,NA,NA,20,good,NA,3,3,0,NA,NA,NA,NA,3,3,0,7,6,0,6,7,0,7,0,0,0,0,0,0,0,0.9892791668920077,0,0.9892791668920077,0.010720833107992322,-7.99301937818171,7.99301937818171,-1.0065913057769649,1.0065913057769649,-1.4074749161372893,1.4074749161372893,NA,NA,0,0,0.8357370377052575,-0.8357370377052575,-2.659442011557985,2.659442011557985,0.03714374650735408,-0.03714374650735408,-1.4446186626446433,1.4446186626446433,0.6737741628374723,0.32622583716252773,0.32622583716252773,0.6737741628374723,0.00411217420438259,0.0028538226200394146,-0.0028538226200394146,0.32211366295814514,0.6778863370418549,0.6019160629199691,0.39808393708003087,-0.09313509852549107,0.09313509852549107,-0.031003713607788086,0.031003713607788086,NA,NA,0,0,0,0,-0.04380810260772705,0.04380810260772705,0,0,-0.031003713607788086,0.031003713607788086,0,0,0,0,0,0,0,0,0,0,0,0,0,0,0,0,0,0,0,0,0,0,0,0,0,0,0,0,0,0,0,0,0,0,0,0,0,0,0,1,0,0,0,0,0,0,0,0,0,0,0,NA,NA,NA,NA,NA,NA,NA,NA,NA,NA,NA,NA,NA,NA,NA,NA,NA,NA,NA,NA,NA,NA,NA,NA,NA,NA,NA,NA,NA,NA,NA,D.Bailey,00-0028660,NA,NA,NA,NA,NA,NA,NA,NA,NA,NA,NA,NA,NA,NA,NA,NA,NA,NA,NA,NA,NA,NA,NA,NA,NA,NA,NA,NA,NA,NA,NA,NA,NA,NA,NA,NA,0,NA,NA,NA,NA,NA,NA,NA,NA,NA,NA,NA,NA,NA,NA,NA,NA,NA,NA,NA,NA,NA,NA,NA,NA,NA,NA,NA,NA,NA,NA,NA,0,NA,NA,NA,NA,0,NA,NA,0,0,0,0,NA,NA,2014,NA,NA,3,1,Touchdown,172,"12/14/14, 20:31:25",2014-12-15T01:37:09Z,Lincoln Financial Field,"Partly Cloudy Temp: 41° F, Humidity: 69%, Wind: NW 9 mph",10012014-1214-1333-37d5-82ac89e7c001,0,0,XP_KICK,1,NA,NA,NA,2,Touchdown,2014-12-15T01:31:25Z,5,2:14,2,1,1,1,1,0,OWN_KICKOFF,TOUCHDOWN,15:00,12:46,PHI 18,PHI 1,36,172,38,27,Home,-11,65,3.5,54.5,1,outdoors,grass,41,9,Chip Kelly,Jason Garrett,PHI00,Lincoln Financial Field,0,1,NA,NA,NA,NA,NA,NA,0,0,0,1,0,NA,NA,NA,NA,NA,NA,NA,NA,NA,NA,0,1,0.010720833107992322,NA,NA,NA,NA,NA,NA,NA,2014,Other,NA,NA,NA,NA,NA,NA,NA,NA,NA,NA,Punt
188,2014_15_DAL_PHI,2014121413,PHI,DAL,REG,15,PHI,home,DAL,DAL,35,2014-12-14,766,1666,3466,Half1,0,2,0,1,NA,0,12:46,DAL 35,0,-2,5-D.Bailey kicks 56 yards from DAL 35 to PHI 9. 11-J.Huff ran ob at PHI 22 for 13 yards (42-B.Church).,kickoff,0,0,0,0,0,0,0,NA,NA,NA,NA,NA,NA,NA,56,NA,NA,3,3,0,NA,NA,NA,NA,3,3,0,7,0,7,-7,0,7,-7,0.004606614354997873,0.17025402188301086,0.0033947809133678675,0.2323492020368576,0.23217736184597015,0.004120174795389175,0.3530978262424469,0,0,1.0324611770920455,0.030991315376013517,-7.962028062805697,7.962028062805697,-1.0065913057769649,1.0065913057769649,-1.4074749161372893,1.4074749161372893,NA,NA,0,0,0.8357370377052575,-0.8357370377052575,-2.659442011557985,2.659442011557985,0.03714374650735408,-0.03714374650735408,-1.4446186626446433,1.4446186626446433,0.32211366295814514,0.6778863370418549,0.32211366295814514,0.6778863370418549,0.0045201778411865234,-0.004400283098220825,-0.004400283098220825,0.32663384079933167,0.6733661592006683,0.39523011445999146,0.39523011445999146,-0.09313509852549107,0.09313509852549107,-0.031003713607788086,0.031003713607788086,NA,NA,0,0,0,0,-0.04380810260772705,0.04380810260772705,0,0,-0.031003713607788086,0.031003713607788086,0,0,0,0,0,0,0,0,0,0,0,0,0,0,0,0,0,0,0,0,0,0,0,0,1,0,0,0,0,0,0,0,0,0,0,0,0,0,0,0,0,0,1,0,0,0,0,0,0,0,0,NA,NA,NA,NA,NA,NA,NA,NA,NA,NA,NA,NA,NA,NA,NA,NA,NA,NA,NA,NA,NA,NA,NA,NA,NA,J.Huff,00-0030990,NA,NA,NA,NA,D.Bailey,00-0028660,NA,NA,NA,NA,NA,NA,NA,NA,NA,NA,NA,NA,NA,NA,NA,NA,NA,NA,DAL,NA,00-0027416,NA,B.Church,NA,NA,NA,NA,NA,NA,NA,NA,NA,NA,NA,NA,NA,0,NA,NA,NA,NA,NA,NA,NA,NA,NA,NA,NA,NA,NA,NA,NA,NA,NA,NA,NA,NA,NA,NA,NA,NA,NA,NA,NA,NA,NA,NA,PHI,13,NA,NA,NA,NA,0,NA,NA,0,0,0,0,NA,NA,2014,NA,NA,4,0,Punt,188,"12/14/14, 20:31:25",2014-12-15T01:39:35Z,Lincoln Financial Field,"Partly Cloudy Temp: 41° F, Humidity: 69%, Wind: NW 9 mph",10012014-1214-1333-37d5-82ac89e7c001,0,0,KICK_OFF,1,NA,NA,NA,3,Punt,2014-12-15T01:39:35Z,3,1:26,0,0,0,1,1,-5,KICKOFF,PUNT,12:46,11:20,PHI 22,PHI 20,188,300,38,27,Home,-11,65,3.5,54.5,1,outdoors,grass,41,9,Chip Kelly,Jason Garrett,PHI00,Lincoln Financial Field,0,1,NA,NA,NA,NA,NA,NA,0,0,0,1,0,NA,NA,NA,NA,NA,NA,NA,NA,NA,NA,1,1,0.030991315376013517,NA,NA,NA,NA,NA,NA,NA,2014,Other,NA,NA,NA,NA,NA,NA,NA,NA,NA,NA,Punt
210,2014_15_DAL_PHI,2014121413,PHI,DAL,REG,15,PHI,home,DAL,PHI,78,2014-12-14,761,1661,3461,Half1,0,2,0,1,1,0,12:41,PHI 22,10,-2,(12:41) (Shotgun) 3-M.Sanchez pass short left to 14-R.Cooper to PHI 22 for no gain (99-G.Selvie; 92-J.Mincey).,pass,0,1,0,1,0,0,0,short,left,-1,1,NA,NA,NA,NA,NA,NA,3,3,0,NA,NA,NA,NA,3,3,0,7,0,7,-7,0,7,-7,0.004626510199159384,0.16346842050552368,0.0031852335669100285,0.23374055325984955,0.2364351749420166,0.004540447145700455,0.3540036678314209,0,0,1.063452492468059,-0.5959605388343334,-8.55798860164003,8.55798860164003,-1.0065913057769649,1.0065913057769649,-2.0034354549716227,2.0034354549716227,-0.8169670486822724,0.22100650984793901,-0.8169670486822724,0.22100650984793901,0.0187699890229851,-0.0187699890229851,-2.438435501710046,2.438435501710046,-0.7798233021749184,0.7798233021749184,-1.2236121527967043,1.2236121527967043,0.32663384079933167,0.6733661592006683,0.32663384079933167,0.6733661592006683,-0.016942471265792847,-0.01503676176071167,-0.01503676176071167,0.3096913695335388,0.6903086304664612,0.39082983136177063,0.39082983136177063,-0.09313509852549107,0.09313509852549107,-0.04794618487358093,0.04794618487358093,0,-0.016942471265792847,0,-0.016942471265792847,0,0,-0.0607505738735199,0.0607505738735199,0,0,-0.04794618487358093,0.04794618487358093,0,0,0,0,0,0,0,0,0,0,0,0,0,0,0,0,0,0,0,0,0,0,0,0,0,0,0,0,0,0,0,0,0,1,0,0,0,0,0,0,0,0,0,0,0,1,1,0,0,0,0,00-0026898,M.Sanchez,0,00-0027758,R.Cooper,0,NA,NA,NA,NA,NA,NA,NA,NA,NA,NA,NA,NA,NA,NA,NA,NA,NA,NA,NA,NA,NA,NA,NA,NA,NA,NA,NA,NA,NA,NA,NA,NA,NA,NA,NA,NA,NA,NA,NA,NA,NA,NA,NA,NA,NA,NA,NA,NA,NA,NA,NA,00-0027818,G.Selvie,DAL,00-0024405,J.Mincey,DAL,NA,NA,NA,NA,NA,NA,0,NA,NA,NA,NA,NA,NA,NA,NA,NA,NA,NA,NA,NA,NA,NA,NA,NA,NA,NA,NA,NA,NA,NA,NA,NA,NA,NA,NA,NA,NA,NA,0,NA,NA,NA,NA,0,NA,NA,0,0,0,0,NA,NA,2014,0.8605841994285583,13.941580057144165,4,0,Punt,210,"12/14/14, 20:31:25",2014-12-15T01:40:24Z,Lincoln Financial Field,"Partly Cloudy Temp: 41° F, Humidity: 69%, Wind: NW 9 mph",10012014-1214-1333-37d5-82ac89e7c001,0,0,PASS,0,NA,NA,NA,3,Punt,2014-12-15T01:39:35Z,3,1:26,0,0,0,1,1,-5,KICKOFF,PUNT,12:46,11:20,PHI 22,PHI 20,188,300,38,27,Home,-11,65,3.5,54.5,1,outdoors,grass,41,9,Chip Kelly,Jason Garrett,PHI00,Lincoln Financial Field,0,0,M.Sanchez,3,NA,NA,R.Cooper,14,1,0,0,0,1,00-0026898,NA,00-0027758,M.Sanchez,3,00-0026898,R.Cooper,00-0027758,R.Cooper,00-0027758,0,1,-0.5959605388343334,1.1088532014221932,7.709151795461366,6,0.651376370282378,0.21658051753183827,0.4484500586986542,55.15499413013458,2014,Go for it,NA,NA,NA,NA,NA,NA,NA,NA,NA,NA,Punt
234,2014_15_DAL_PHI,2014121413,PHI,DAL,REG,15,PHI,home,DAL,PHI,78,2014-12-14,741,1641,3441,Half1,0,2,0,1,2,0,12:21,PHI 22,10,-2,"(12:21) (No Huddle, Shotgun) PENALTY on PHI-71-J.Peters, False Start, 5 yards, enforced at PHI 22 - No Play.",no_play,0,1,1,0,0,0,0,NA,NA,NA,NA,NA,NA,NA,NA,NA,NA,3,3,0,NA,NA,NA,NA,3,3,0,7,0,7,-7,0,7,-7,0.0046090236864984035,0.18400748074054718,0.0034165848046541214,0.2681361138820648,0.2131936252117157,0.004548185970634222,0.3220890164375305,0,0,0.46749195363372564,-0.666997566819191,-9.224986168459221,9.224986168459221,-1.0065913057769649,1.0065913057769649,-2.0034354549716227,2.0034354549716227,NA,NA,0,0,0.0187699890229851,-0.0187699890229851,-2.438435501710046,2.438435501710046,-0.7798233021749184,0.7798233021749184,-1.2236121527967043,1.2236121527967043,0.3096913695335388,0.6903086304664612,0.3096913695335388,0.6903086304664612,-0.006515085697174072,-0.02373179793357849,-0.02373179793357849,0.30317628383636475,0.6968237161636353,0.37579306960105896,0.37579306960105896,-0.09313509852549107,0.09313509852549107,-0.04794618487358093,0.04794618487358093,NA,NA,0,0,0,0,-0.0607505738735199,0.0607505738735199,0,0,-0.04794618487358093,0.04794618487358093,0,0,0,0,0,0,0,0,0,0,0,0,0,0,0,0,0,0,0,0,0,0,0,0,0,0,1,0,0,0,0,0,0,0,0,0,0,0,0,0,0,0,0,0,0,0,0,0,0,0,0,NA,NA,NA,NA,NA,NA,NA,NA,NA,NA,NA,NA,NA,NA,NA,NA,NA,NA,NA,NA,NA,NA,NA,NA,NA,NA,NA,NA,NA,NA,NA,NA,NA,NA,NA,NA,NA,NA,NA,NA,NA,NA,NA,NA,NA,NA,NA,NA,NA,NA,NA,NA,NA,NA,NA,NA,NA,NA,NA,NA,NA,NA,NA,NA,NA,NA,NA,NA,NA,0,NA,NA,NA,NA,NA,NA,NA,NA,NA,NA,NA,NA,NA,NA,NA,NA,NA,NA,NA,NA,NA,NA,NA,NA,NA,NA,NA,NA,NA,NA,NA,0,PHI,00-0022531,J.Peters,5,0,NA,False Start,0,0,0,0,NA,NA,2014,NA,NA,4,0,Punt,234,"12/14/14, 20:31:25",2014-12-15T01:40:45Z,Lincoln Financial Field,"Partly Cloudy Temp: 41° F, Humidity: 69%, Wind: NW 9 mph",10012014-1214-1333-37d5-82ac89e7c001,0,0,PENALTY,0,NA,NA,NA,3,Punt,2014-12-15T01:39:35Z,3,1:26,0,0,0,1,1,-5,KICKOFF,PUNT,12:46,11:20,PHI 22,PHI 20,188,300,38,27,Home,-11,65,3.5,54.5,1,outdoors,grass,41,9,Chip Kelly,Jason Garrett,PHI00,Lincoln Financial Field,0,0,NA,NA,NA,NA,NA,NA,0,0,0,0,1,NA,NA,NA,NA,NA,NA,NA,NA,NA,NA,0,1,-0.666997566819191,NA,NA,NA,NA,NA,0.484616219997406,NA,2014,Other,NA,NA,NA,NA,NA,NA,NA,NA,NA,NA,Punt
257,2014_15_DAL_PHI,2014121413,PHI,DAL,REG,15,PHI,home,DAL,PHI,83,2014-12-14,729,1629,3429,Half1,0,2,0,1,2,0,12:09,PHI 17,15,-2,"(12:09) (No Huddle, Shotgun) 25-L.McCoy right end to PHI 20 for 3 yards (59-A.Hitchens; 55-R.McClain).",run,3,1,1,0,0,0,0,NA,NA,NA,NA,right,end,NA,NA,NA,NA,3,3,0,NA,NA,NA,NA,3,3,0,7,0,7,-7,0,7,-7,0.00463422667235136,0.219821959733963,0.005873152520507574,0.2974326014518738,0.1821155697107315,0.004693889059126377,0.28542861342430115,0,0,-0.19950561318546534,-0.4888481805101037,-9.713834348969325,9.713834348969325,-1.4954394862870686,1.4954394862870686,-2.0034354549716227,2.0034354549716227,NA,NA,0,0,0.0187699890229851,-0.0187699890229851,-2.438435501710046,2.438435501710046,-0.7798233021749184,0.7798233021749184,-1.2236121527967043,1.2236121527967043,0.30317628383636475,0.6968237161636353,0.30317628383636475,0.6968237161636353,-0.017420142889022827,-0.007329493761062622,-0.007329493761062622,0.2857561409473419,0.7142438590526581,0.35206127166748047,0.35206127166748047,-0.1105552414145139,0.1105552414145139,-0.04794618487358093,0.04794618487358093,NA,NA,0,0,0,0,-0.0607505738735199,0.0607505738735199,0,0,-0.04794618487358093,0.04794618487358093,0,0,0,0,0,0,0,0,0,0,0,0,0,0,0,0,0,0,0,0,0,0,0,0,0,0,0,0,0,0,0,0,1,0,0,0,0,0,0,0,0,0,0,0,0,0,1,0,0,0,0,NA,NA,NA,NA,NA,NA,00-0027029,L.McCoy,3,NA,NA,NA,NA,NA,NA,NA,NA,NA,NA,NA,NA,NA,NA,NA,NA,NA,NA,NA,NA,NA,NA,NA,NA,NA,NA,NA,NA,NA,NA,NA,NA,NA,NA,NA,NA,NA,NA,NA,NA,NA,NA,NA,NA,NA,NA,NA,NA,00-0031348,A.Hitchens,DAL,00-0027904,R.McClain,DAL,NA,NA,NA,NA,NA,NA,0,NA,NA,NA,NA,NA,NA,NA,NA,NA,NA,NA,NA,NA,NA,NA,NA,NA,NA,NA,NA,NA,NA,NA,NA,NA,NA,NA,NA,NA,NA,NA,0,NA,NA,NA,NA,0,NA,NA,0,0,0,0,NA,NA,2014,NA,NA,4,0,Punt,257,"12/14/14, 20:31:25",2014-12-15T01:41:12Z,Lincoln Financial Field,"Partly Cloudy Temp: 41° F, Humidity: 69%, Wind: NW 9 mph",10012014-1214-1333-37d5-82ac89e7c001,0,0,RUSH,0,NA,NA,NA,3,Punt,2014-12-15T01:39:35Z,3,1:26,0,0,0,1,1,-5,KICKOFF,PUNT,12:46,11:20,PHI 22,PHI 20,188,300,38,27,Home,-11,65,3.5,54.5,1,outdoors,grass,41,9,Chip Kelly,Jason Garrett,PHI00,Lincoln Financial Field,0,0,NA,NA,L.McCoy,25,NA,NA,0,1,0,0,1,NA,00-0027029,NA,L.McCoy,25,00-0027029,L.McCoy,00-0027029,L.McCoy,00-0027029,0,1,-0.4888481805101037,NA,NA,NA,NA,NA,0.6249909996986389,-62.49909996986389,2014,Go for it,NA,NA,NA,NA,NA,NA,NA,NA,NA,NA,Punt
278,2014_15_DAL_PHI,2014121413,PHI,DAL,REG,15,PHI,home,DAL,PHI,80,2014-12-14,697,1597,3397,Half1,0,2,0,1,3,0,11:37,PHI 20,12,-2,"(11:37) (No Huddle, Shotgun) 3-M.Sanchez pass incomplete short left to 25-L.McCoy.",pass,0,1,1,1,0,0,0,short,left,3,NA,NA,NA,NA,NA,NA,NA,3,3,0,NA,NA,NA,NA,3,3,0,7,0,7,-7,0,7,-7,0.004861889407038689,0.23996827006340027,0.004206683952361345,0.3250017762184143,0.16152817010879517,0.00412796763703227,0.2603051960468292,0,0,-0.688353793695569,-1.1344548761844635,-10.848289225153788,10.848289225153788,-1.4954394862870686,1.4954394862870686,-3.137890331156086,3.137890331156086,-0.8784156143665314,-0.25603926181793213,0,0,0.0187699890229851,-0.0187699890229851,-2.438435501710046,2.438435501710046,-1.6582389165414497,1.6582389165414497,-1.4796514146146365,1.4796514146146365,0.2857561409473419,0.7142438590526581,0.2857561409473419,0.7142438590526581,-0.028987854719161987,-0.03028237819671631,-0.03028237819671631,0.25676828622817993,0.7432317137718201,0.34473177790641785,0.34473177790641785,-0.1105552414145139,0.1105552414145139,-0.07693403959274292,0.07693403959274292,0,-0.028987854719161987,0,0,0,0,-0.0607505738735199,0.0607505738735199,0,0,-0.07693403959274292,0.07693403959274292,0,0,0,0,0,1,0,0,1,0,0,0,0,0,0,0,0,0,0,0,0,0,0,0,0,0,0,0,0,0,0,0,0,1,0,0,0,0,0,0,0,0,0,0,0,0,0,0,0,0,0,00-0026898,M.Sanchez,NA,00-0027029,L.McCoy,NA,NA,NA,NA,NA,NA,NA,NA,NA,NA,NA,NA,NA,NA,NA,NA,NA,NA,NA,NA,NA,NA,NA,NA,NA,NA,NA,NA,NA,NA,NA,NA,NA,NA,NA,NA,NA,NA,NA,NA,NA,NA,NA,NA,NA,NA,NA,NA,NA,NA,NA,NA,NA,NA,NA,NA,NA,NA,NA,NA,NA,NA,NA,NA,0,NA,NA,NA,NA,NA,NA,NA,NA,NA,NA,NA,NA,NA,NA,NA,NA,NA,NA,NA,NA,NA,NA,NA,NA,NA,NA,NA,NA,NA,NA,NA,0,NA,NA,NA,NA,0,NA,NA,0,0,0,0,NA,NA,2014,0.7586150765419006,-75.86150765419006,4,0,Punt,278,"12/14/14, 20:31:25",2014-12-15T01:41:44Z,Lincoln Financial Field,"Partly Cloudy Temp: 41° F, Humidity: 69%, Wind: NW 9 mph",10012014-1214-1333-37d5-82ac89e7c001,0,0,PASS,0,NA,NA,NA,3,Punt,2014-12-15T01:39:35Z,3,1:26,0,0,0,1,1,-5,KICKOFF,PUNT,12:46,11:20,PHI 22,PHI 20,188,300,38,27,Home,-11,65,3.5,54.5,1,outdoors,grass,41,9,Chip Kelly,Jason Garrett,PHI00,Lincoln Financial Field,0,0,M.Sanchez,3,NA,NA,L.McCoy,25,1,0,0,0,1,00-0026898,NA,00-0027029,M.Sanchez,3,00-0026898,L.McCoy,00-0027029,L.McCoy,00-0027029,0,1,-1.1344548761844635,0.9959743817495628,5.158988317620242,4,0.26638092700159177,0.16695478413021192,0.9689304232597351,3.1069576740264893,2014,Go for it,NA,NA,NA,NA,NA,NA,NA,NA,NA,NA,Punt
300,2014_15_DAL_PHI,2014121413,PHI,DAL,REG,15,PHI,home,DAL,PHI,80,2014-12-14,693,1593,3393,Half1,0,2,0,1,4,0,11:33,PHI 20,12,-2,"(11:33) 8-D.Jones punts 68 yards to DAL 12, Center-46-J.Dorenbos, downed by PHI-42-C.Maragos.",punt,0,0,0,0,0,0,0,NA,NA,NA,NA,NA,NA,NA,68,NA,NA,3,3,0,NA,NA,NA,NA,3,3,0,7,0,7,-7,0,7,-7,0.005085961427539587,0.2914007306098938,0.006379997357726097,0.37865108251571655,0.12347418814897537,0.004153602756559849,0.19085447490215302,0,0,-1.8228086698800325,2.0325594027526677,-8.81572982240112,8.81572982240112,-1.4954394862870686,1.4954394862870686,-3.137890331156086,3.137890331156086,NA,NA,0,0,0.0187699890229851,-0.0187699890229851,-2.438435501710046,2.438435501710046,-1.6582389165414497,1.6582389165414497,-1.4796514146146365,1.4796514146146365,0.25676828622817993,0.7432317137718201,0.25676828622817993,0.7432317137718201,0.05064988136291504,0.0628991425037384,0.0628991425037384,0.30741816759109497,0.692581832408905,0.31444939970970154,0.31444939970970154,-0.1105552414145139,0.1105552414145139,-0.07693403959274292,0.07693403959274292,NA,NA,0,0,0,0,-0.0607505738735199,0.0607505738735199,0,0,-0.07693403959274292,0.07693403959274292,0,0,0,0,0,0,0,0,0,0,0,1,0,0,1,0,0,0,0,0,0,0,0,0,0,0,0,0,0,0,0,0,0,0,0,0,0,0,0,0,0,0,0,1,0,0,0,0,0,0,0,NA,NA,NA,NA,NA,NA,NA,NA,NA,NA,NA,NA,NA,NA,NA,NA,NA,NA,NA,NA,NA,NA,NA,NA,NA,NA,NA,NA,NA,00-0022684,D.Jones,NA,NA,NA,NA,NA,NA,NA,NA,NA,NA,NA,NA,NA,NA,NA,NA,NA,NA,NA,NA,NA,NA,NA,NA,NA,NA,NA,NA,NA,NA,NA,NA,NA,NA,NA,NA,NA,NA,0,NA,NA,NA,NA,NA,NA,NA,NA,NA,NA,NA,NA,NA,NA,NA,NA,NA,NA,NA,NA,NA,NA,NA,NA,NA,NA,NA,NA,NA,NA,DAL,0,NA,NA,NA,NA,0,NA,NA,0,0,0,0,NA,NA,2014,NA,NA,4,0,Punt,300,"12/14/14, 20:31:25",2014-12-15T01:42:23Z,Lincoln Financial Field,"Partly Cloudy Temp: 41° F, Humidity: 69%, Wind: NW 9 mph",10012014-1214-1333-37d5-82ac89e7c001,0,0,PUNT,1,NA,NA,NA,3,Punt,2014-12-15T01:39:35Z,3,1:26,0,0,0,1,1,-5,KICKOFF,PUNT,12:46,11:20,PHI 22,PHI 20,188,300,38,27,Home,-11,65,3.5,54.5,1,outdoors,grass,41,9,Chip Kelly,Jason Garrett,PHI00,Lincoln Financial Field,0,1,NA,NA,NA,NA,NA,NA,0,0,0,1,0,NA,NA,NA,NA,NA,NA,NA,NA,NA,NA,0,1,2.0325594027526677,NA,NA,NA,NA,NA,NA,NA,2014,Punt,-1.8187574627077763,0.26522499776183395,0.2962453149321015,0.43991617839568986,0.33435042775097795,0,0.288045734167099,0.4502372443675995,0.288045734167099,0.3525380023780557,Punt
319,2014_15_DAL_PHI,2014121413,PHI,DAL,REG,15,DAL,away,PHI,DAL,88,2014-12-14,680,1580,3380,Half1,0,3,0,1,1,0,11:20,DAL 12,10,88,(11:20) 29-D.Murray right end to DAL 15 for 3 yards (72-C.Thornton; 98-C.Barwin).,run,3,0,0,0,0,0,0,NA,NA,NA,NA,right,end,NA,NA,NA,NA,3,3,0,NA,NA,NA,NA,3,3,0,7,7,0,7,7,0,7,0.005183428060263395,0.19310952723026276,0.01150676142424345,0.3087203800678253,0.20100834965705872,0.002538360422477126,0.27793318033218384,0,0,-0.20975073287263513,-0.3498005890287459,-8.465929233372375,8.465929233372375,-1.1456388972583227,1.1456388972583227,-3.137890331156086,3.137890331156086,NA,NA,0,0,0.0187699890229851,-0.0187699890229851,-2.438435501710046,2.438435501710046,-1.6582389165414497,1.6582389165414497,-1.4796514146146365,1.4796514146146365,0.692581832408905,0.30741816759109497,0.30741816759109497,0.692581832408905,0.007102310657501221,0.0028302669525146484,-0.0028302669525146484,0.30031585693359375,0.69968414306640625,0.6226514577865601,0.37734854221343994,-0.11765755207201511,0.11765755207201511,-0.07693403959274292,0.07693403959274292,NA,NA,0,0,0,0,-0.0607505738735199,0.0607505738735199,0,0,-0.07693403959274292,0.07693403959274292,0,0,0,0,0,0,0,0,0,0,0,0,0,0,0,0,0,0,0,0,0,0,0,0,0,0,0,0,0,0,0,0,1,0,0,0,0,0,0,0,0,0,0,0,0,0,1,0,0,0,0,NA,NA,NA,NA,NA,NA,00-0028009,D.Murray,3,NA,NA,NA,NA,NA,NA,NA,NA,NA,NA,NA,NA,NA,NA,NA,NA,NA,NA,NA,NA,NA,NA,NA,NA,NA,NA,NA,NA,NA,NA,NA,NA,NA,NA,NA,NA,NA,NA,NA,NA,NA,NA,NA,NA,NA,NA,NA,NA,00-0028424,C.Thornton,PHI,00-0027022,C.Barwin,PHI,NA,NA,NA,NA,NA,NA,0,NA,NA,NA,NA,NA,NA,NA,NA,NA,NA,NA,NA,NA,NA,NA,NA,NA,NA,NA,NA,NA,NA,NA,NA,NA,NA,NA,NA,NA,NA,NA,0,NA,NA,NA,NA,0,NA,NA,0,0,0,0,NA,NA,2014,NA,NA,5,1,First down,319,"12/14/14, 20:31:25",2014-12-15T01:44:56Z,Lincoln Financial Field,"Partly Cloudy Temp: 41° F, Humidity: 69%, Wind: NW 9 mph",10012014-1214-1333-37d5-82ac89e7c001,0,0,RUSH,0,NA,NA,NA,4,Touchdown,2014-12-15T01:44:56Z,16,8:16,7,1,1,1,1,5,PUNT,TOUCHDOWN,11:20,03:04,DAL 12,PHI 4,319,708,38,27,Home,-11,65,3.5,54.5,1,outdoors,grass,41,9,Chip Kelly,Jason Garrett,PHI00,Lincoln Financial Field,0,0,NA,NA,D.Murray,29,NA,NA,0,1,0,0,1,NA,00-0028009,NA,D.Murray,29,00-0028009,D.Murray,00-0028009,D.Murray,00-0028009,0,1,-0.3498005890287459,NA,NA,NA,NA,NA,0.36299994587898254,-36.299994587898254,2014,Go for it,NA,NA,NA,NA,NA,NA,NA,NA,NA,NA,Punt
340,2014_15_DAL_PHI,2014121413,PHI,DAL,REG,15,DAL,away,PHI,DAL,85,2014-12-14,637,1537,3337,Half1,0,3,0,1,2,0,10:37,DAL 15,7,88,(10:37) (Shotgun) 9-T.Romo pass incomplete short left to 82-J.Witten.,pass,0,1,0,1,0,0,0,short,left,9,NA,NA,NA,NA,NA,NA,NA,3,3,0,NA,NA,NA,NA,3,3,0,7,7,0,7,7,0,7,0.005028219893574715,0.2094234973192215,0.008405325002968311,0.32643580436706543,0.1921471506357193,0.003156245220452547,0.2554037868976593,0,0,-0.559551321901381,-0.6877098311670125,-7.778219402205362,7.778219402205362,-1.1456388972583227,1.1456388972583227,-2.4501804999890737,2.4501804999890737,1.0685277855955064,-1.7562376167625189,0,0,0.0187699890229851,-0.0187699890229851,-2.438435501710046,2.438435501710046,-2.726766702136956,2.726766702136956,0.27658620214788243,-0.27658620214788243,0.69968414306640625,0.30031585693359375,0.30031585693359375,0.69968414306640625,-0.020603954792022705,-0.014943420886993408,0.014943420886993408,0.32091981172561646,0.6790801882743835,0.6254817247390747,0.3745182752609253,-0.11765755207201511,0.11765755207201511,-0.056330084800720215,0.056330084800720215,0,-0.020603954792022705,0,0,0,0,-0.0607505738735199,0.0607505738735199,0,0,-0.056330084800720215,0.056330084800720215,0,0,0,0,0,0,0,0,1,0,0,0,0,0,0,0,0,0,0,0,0,0,0,0,0,0,0,0,0,0,0,0,0,1,0,0,0,0,0,0,0,0,0,0,0,0,0,0,0,0,0,00-0021678,T.Romo,NA,00-0022127,J.Witten,NA,NA,NA,NA,NA,NA,NA,NA,NA,NA,NA,NA,NA,NA,NA,NA,NA,NA,NA,NA,NA,NA,NA,NA,NA,NA,NA,NA,NA,NA,NA,NA,NA,NA,NA,NA,NA,NA,NA,NA,NA,NA,NA,NA,NA,NA,NA,NA,NA,NA,NA,NA,NA,NA,NA,NA,NA,NA,NA,NA,NA,NA,NA,NA,0,NA,NA,NA,NA,NA,NA,NA,NA,NA,NA,NA,NA,NA,NA,NA,NA,NA,NA,NA,NA,NA,NA,NA,NA,NA,NA,NA,NA,NA,NA,NA,0,NA,NA,NA,NA,0,NA,NA,0,0,0,0,NA,NA,2014,0.639476478099823,-63.9476478099823,5,1,First down,340,"12/14/14, 20:31:25",2014-12-15T01:45:39Z,Lincoln Financial Field,"Partly Cloudy Temp: 41° F, Humidity: 69%, Wind: NW 9 mph",10012014-1214-1333-37d5-82ac89e7c001,0,0,PASS,0,NA,NA,NA,4,Touchdown,2014-12-15T01:44:56Z,16,8:16,7,1,1,1,1,5,PUNT,TOUCHDOWN,11:20,03:04,DAL 12,PHI 4,319,708,38,27,Home,-11,65,3.5,54.5,1,outdoors,grass,41,9,Chip Kelly,Jason Garrett,PHI00,Lincoln Financial Field,0,0,T.Romo,9,NA,NA,J.Witten,82,1,0,0,0,1,00-0021678,NA,00-0022127,T.Romo,9,00-0021678,J.Witten,00-0022127,J.Witten,00-0022127,0,1,-0.6877098311670125,0.2895396097858278,3.1077572082867846,1,0.9994836821570061,0.9981044221203774,0.5828777551651001,41.71222448348999,2014,Go for it,NA,NA,NA,NA,NA,NA,NA,NA,NA,NA,Punt
362,2014_15_DAL_PHI,2014121413,PHI,DAL,REG,15,DAL,away,PHI,DAL,85,2014-12-14,633,1533,3333,Half1,0,3,0,1,3,0,10:33,DAL 15,7,88,(10:33) (Shotgun) 9-T.Romo pass deep middle to 82-J.Witten to DAL 36 for 21 yards (29-N.Allen).,pass,21,1,0,1,0,0,0,deep,middle,19,2,NA,NA,NA,NA,NA,NA,3,3,0,NA,NA,NA,NA,3,3,0,7,7,0,7,7,0,7,0.004866194445639849,0.2414861023426056,0.008722896687686443,0.36000606417655945,0.1661430299282074,0.003034727880731225,0.21574097871780396,0,0,-1.2472611530683935,2.730815548915416,-10.509034951120778,10.509034951120778,-1.1456388972583227,1.1456388972583227,-5.18099604890449,5.18099604890449,2.529400218743831,0.20141533017158508,2.529400218743831,0.20141533017158508,-2.510630229720846,2.510630229720846,-2.639850831881631,2.639850831881631,-5.256166920880787,5.256166920880787,0.07517087197629735,-0.07517087197629735,0.6790801882743835,0.32091981172561646,0.32091981172561646,0.6790801882743835,0.06917011737823486,0.05907946825027466,-0.05907946825027466,0.2517496943473816,0.7482503056526184,0.6105383038520813,0.3894616961479187,-0.11765755207201511,0.11765755207201511,-0.12550020217895508,0.12550020217895508,0,0.06917011737823486,0,0.06917011737823486,0,0,-0.12992069125175476,0.12992069125175476,0,0,-0.12550020217895508,0.12550020217895508,0,0,1,0,1,0,0,0,0,0,0,0,0,0,0,0,0,0,0,0,0,0,0,0,1,0,0,0,0,0,0,0,0,1,0,0,0,0,0,0,0,0,0,0,0,1,0,0,0,0,0,00-0021678,T.Romo,21,00-0022127,J.Witten,21,NA,NA,NA,NA,NA,NA,NA,NA,NA,NA,NA,NA,NA,NA,NA,NA,NA,NA,NA,NA,NA,NA,NA,NA,NA,NA,NA,NA,NA,NA,NA,NA,NA,NA,NA,NA,NA,NA,NA,NA,NA,NA,NA,NA,NA,PHI,NA,00-0027652,NA,N.Allen,NA,NA,NA,NA,NA,NA,NA,NA,NA,NA,NA,NA,NA,0,NA,NA,NA,NA,NA,NA,NA,NA,NA,NA,NA,NA,NA,NA,NA,NA,NA,NA,NA,NA,NA,NA,NA,NA,NA,NA,NA,NA,NA,NA,NA,0,NA,NA,NA,NA,0,NA,NA,0,0,0,0,NA,NA,2014,0.5906388163566589,40.936118364334106,5,1,First down,362,"12/14/14, 20:31:25",2014-12-15T01:46:18Z,Lincoln Financial Field,"Partly Cloudy Temp: 41° F, Humidity: 69%, Wind: NW 9 mph",10012014-1214-1333-37d5-82ac89e7c001,0,0,PASS,0,NA,NA,NA,4,Touchdown,2014-12-15T01:44:56Z,16,8:16,7,1,1,1,1,5,PUNT,TOUCHDOWN,11:20,03:04,DAL 12,PHI 4,319,708,38,27,Home,-11,65,3.5,54.5,1,outdoors,grass,41,9,Chip Kelly,Jason Garrett,PHI00,Lincoln Financial Field,0,1,T.Romo,9,NA,NA,J.Witten,82,1,0,1,0,1,00-0021678,NA,00-0022127,T.Romo,9,00-0021678,J.Witten,00-0022127,J.Witten,00-0022127,0,1,2.730815548915416,0.42670773382071836,5.819743726708111,2,1,1,0.9715701937675476,2.8429806232452393,2014,Go for it,NA,NA,NA,NA,NA,NA,NA,NA,NA,NA,Punt
386,2014_15_DAL_PHI,2014121413,PHI,DAL,REG,15,DAL,away,PHI,DAL,64,2014-12-14,595,1495,3295,Half1,0,3,0,1,1,0,09:55,DAL 36,10,88,(9:55) (Shotgun) 9-T.Romo pass incomplete short left to 17-D.Harris (26-C.Williams).,pass,0,1,0,1,0,0,0,short,left,7,NA,NA,NA,NA,NA,NA,NA,3,3,0,NA,NA,NA,NA,3,3,0,7,7,0,7,7,0,7,0.006062446162104607,0.1288832575082779,0.003008380066603422,0.2188127189874649,0.26825788617134094,0.004338235594332218,0.37063711881637573,0,0,1.4835543958470225,-0.5049752271734178,-10.00405972394736,10.00405972394736,-1.1456388972583227,1.1456388972583227,-4.676020821731072,4.676020821731072,0.3418598393909633,-0.8468350665643811,0,0,-2.510630229720846,2.510630229720846,-2.639850831881631,2.639850831881631,-5.59802676027175,5.59802676027175,0.9220059385406785,-0.9220059385406785,0.7482503056526184,0.2517496943473816,0.2517496943473816,0.7482503056526184,-0.011996209621429443,0.0028987526893615723,-0.0028987526893615723,0.26374590396881104,0.736254096031189,0.669617772102356,0.33038222789764404,-0.11765755207201511,0.11765755207201511,-0.11350399255752563,0.11350399255752563,0,-0.011996209621429443,0,0,0,0,-0.12992069125175476,0.12992069125175476,0,0,-0.11350399255752563,0.11350399255752563,0,0,0,0,0,0,0,0,1,0,0,0,0,0,0,0,0,0,0,0,0,0,0,0,0,0,0,0,0,0,0,0,0,1,0,0,0,0,0,0,0,0,0,0,0,0,0,0,0,0,0,00-0021678,T.Romo,NA,00-0028114,D.Harris,NA,NA,NA,NA,NA,NA,NA,NA,NA,NA,NA,NA,NA,NA,NA,NA,NA,NA,NA,NA,NA,NA,NA,NA,NA,NA,NA,NA,NA,NA,NA,NA,NA,NA,NA,NA,NA,NA,NA,NA,NA,NA,NA,NA,NA,NA,NA,NA,NA,NA,NA,NA,NA,NA,NA,NA,NA,NA,NA,NA,NA,NA,NA,NA,0,NA,NA,NA,NA,NA,NA,00-0026369,C.Williams,NA,NA,NA,NA,NA,NA,NA,NA,NA,NA,NA,NA,NA,NA,NA,NA,NA,NA,NA,NA,NA,NA,NA,0,NA,NA,NA,NA,0,NA,NA,0,0,0,0,NA,NA,2014,0.6862831711769104,-68.62831711769104,6,1,First down,386,"12/14/14, 20:31:25",2014-12-15T01:46:56Z,Lincoln Financial Field,"Partly Cloudy Temp: 41° F, Humidity: 69%, Wind: NW 9 mph",10012014-1214-1333-37d5-82ac89e7c001,0,0,PASS,0,NA,NA,NA,4,Touchdown,2014-12-15T01:44:56Z,16,8:16,7,1,1,1,1,5,PUNT,TOUCHDOWN,11:20,03:04,DAL 12,PHI 4,319,708,38,27,Home,-11,65,3.5,54.5,1,outdoors,grass,41,9,Chip Kelly,Jason Garrett,PHI00,Lincoln Financial Field,0,0,T.Romo,9,NA,NA,D.Harris,17,1,0,0,0,1,00-0021678,NA,00-0028114,T.Romo,9,00-0021678,D.Harris,00-0028114,D.Harris,00-0028114,0,1,-0.5049752271734178,0.3567033450326814,3.4114468560219393,2,0.9969653087318875,0.36819966189796105,0.43900296092033386,56.099703907966614,2014,Go for it,NA,NA,NA,NA,NA,NA,NA,NA,NA,NA,Punt
408,2014_15_DAL_PHI,2014121413,PHI,DAL,REG,15,DAL,away,PHI,DAL,64,2014-12-14,589,1489,3289,Half1,0,3,0,1,2,0,09:49,DAL 36,10,88,(9:49) 29-D.Murray left end to DAL 41 for 5 yards (27-M.Jenkins).,run,5,0,0,0,0,0,0,NA,NA,NA,NA,left,end,NA,NA,NA,NA,3,3,0,NA,NA,NA,NA,3,3,0,7,7,0,7,7,0,7,0.006179811432957649,0.14445674419403076,0.003428588854148984,0.24962472915649414,0.24644646048545837,0.004441065713763237,0.3454225957393646,0,0,0.9785791686736047,-0.27800038922578096,-9.72605933472158,9.72605933472158,-0.8676385080325417,0.8676385080325417,-4.676020821731072,4.676020821731072,NA,NA,0,0,-2.510630229720846,2.510630229720846,-2.639850831881631,2.639850831881631,-5.59802676027175,5.59802676027175,0.9220059385406785,-0.9220059385406785,0.736254096031189,0.26374590396881104,0.26374590396881104,0.736254096031189,-0.015226364135742188,-0.03016573190689087,0.03016573190689087,0.2789722681045532,0.7210277318954468,0.6725165247917175,0.32748347520828247,-0.10243118793627293,0.10243118793627293,-0.11350399255752563,0.11350399255752563,NA,NA,0,0,0,0,-0.12992069125175476,0.12992069125175476,0,0,-0.11350399255752563,0.11350399255752563,0,0,0,0,0,0,0,0,0,0,0,0,0,0,0,0,0,0,0,0,0,0,0,0,1,0,0,0,0,0,0,0,1,0,0,0,0,0,0,0,0,0,0,0,0,0,0,0,0,0,0,NA,NA,NA,NA,NA,NA,00-0028009,D.Murray,5,NA,NA,NA,NA,NA,NA,NA,NA,NA,NA,NA,NA,NA,NA,NA,NA,NA,NA,NA,NA,NA,NA,NA,NA,NA,NA,NA,NA,NA,NA,NA,NA,NA,NA,NA,NA,NA,NA,NA,NA,NA,NA,PHI,NA,00-0026990,NA,M.Jenkins,NA,NA,NA,NA,NA,NA,NA,NA,NA,NA,NA,NA,NA,0,NA,NA,NA,NA,NA,NA,NA,NA,NA,NA,NA,NA,NA,NA,NA,NA,NA,NA,NA,NA,NA,NA,NA,NA,NA,NA,NA,NA,NA,NA,NA,0,NA,NA,NA,NA,0,NA,NA,0,0,0,0,NA,NA,2014,NA,NA,6,1,First down,408,"12/14/14, 20:31:25",2014-12-15T01:47:41Z,Lincoln Financial Field,"Partly Cloudy Temp: 41° F, Humidity: 69%, Wind: NW 9 mph",10012014-1214-1333-37d5-82ac89e7c001,0,0,RUSH,0,NA,NA,NA,4,Touchdown,2014-12-15T01:44:56Z,16,8:16,7,1,1,1,1,5,PUNT,TOUCHDOWN,11:20,03:04,DAL 12,PHI 4,319,708,38,27,Home,-11,65,3.5,54.5,1,outdoors,grass,41,9,Chip Kelly,Jason Garrett,PHI00,Lincoln Financial Field,0,0,NA,NA,D.Murray,29,NA,NA,0,1,0,0,1,NA,00-0028009,NA,D.Murray,29,00-0028009,D.Murray,00-0028009,D.Murray,00-0028009,0,1,-0.27800038922578096,NA,NA,NA,NA,NA,0.519584059715271,-51.9584059715271,2014,Go for it,NA,NA,NA,NA,NA,NA,NA,NA,NA,NA,Punt
429,2014_15_DAL_PHI,2014121413,PHI,DAL,REG,15,DAL,away,PHI,DAL,59,2014-12-14,546,1446,3246,Half1,0,3,0,1,3,0,09:06,DAL 41,5,88,(9:06) (Shotgun) 9-T.Romo pass short left to 82-J.Witten to PHI 42 for 17 yards (27-M.Jenkins).,pass,17,1,0,1,0,0,0,short,left,14,3,NA,NA,NA,NA,NA,NA,3,3,0,NA,NA,NA,NA,3,3,0,7,7,0,7,7,0,7,0.007646200247108936,0.15856006741523743,0.002828016644343734,0.2598702311515808,0.24263854324817657,0.005221523344516754,0.323235422372818,0,0,0.7005787794478238,2.300327462842688,-12.026386797564268,12.026386797564268,-0.8676385080325417,0.8676385080325417,-6.97634828457376,6.97634828457376,2.119905909989029,0.1804215528536588,2.119905909989029,0.1804215528536588,-4.630536139709875,4.630536139709875,-2.82027238473529,2.82027238473529,-7.71793267026078,7.71793267026078,0.7415843856870197,-0.7415843856870197,0.7210277318954468,0.2789722681045532,0.2789722681045532,0.7210277318954468,0.04378265142440796,0.04093581438064575,-0.04093581438064575,0.23518961668014526,0.7648103833198547,0.6423507928848267,0.35764920711517334,-0.10243118793627293,0.10243118793627293,-0.1572866439819336,0.1572866439819336,0,0.04378265142440796,0,0.04378265142440796,0,0,-0.17370334267616272,0.17370334267616272,0,0,-0.1572866439819336,0.1572866439819336,0,0,1,0,1,0,0,0,0,0,0,0,0,0,0,0,0,0,0,0,0,0,0,0,1,0,0,0,0,0,0,0,0,1,0,0,0,0,0,0,0,0,0,0,0,1,0,0,0,0,0,00-0021678,T.Romo,17,00-0022127,J.Witten,17,NA,NA,NA,NA,NA,NA,NA,NA,NA,NA,NA,NA,NA,NA,NA,NA,NA,NA,NA,NA,NA,NA,NA,NA,NA,NA,NA,NA,NA,NA,NA,NA,NA,NA,NA,NA,NA,NA,NA,NA,NA,NA,NA,NA,NA,PHI,NA,00-0026990,NA,M.Jenkins,NA,NA,NA,NA,NA,NA,NA,NA,NA,NA,NA,NA,NA,0,NA,NA,NA,NA,NA,NA,NA,NA,NA,NA,NA,NA,NA,NA,NA,NA,NA,NA,NA,NA,NA,NA,NA,NA,NA,NA,NA,NA,NA,NA,NA,0,NA,NA,NA,NA,0,NA,NA,0,0,0,0,NA,NA,2014,0.5176429748535156,48.23570251464844,6,1,First down,429,"12/14/14, 20:31:25",2014-12-15T01:48:24Z,Lincoln Financial Field,"Partly Cloudy Temp: 41° F, Humidity: 69%, Wind: NW 9 mph",10012014-1214-1333-37d5-82ac89e7c001,0,0,PASS,0,NA,NA,NA,4,Touchdown,2014-12-15T01:44:56Z,16,8:16,7,1,1,1,1,5,PUNT,TOUCHDOWN,11:20,03:04,DAL 12,PHI 4,319,708,38,27,Home,-11,65,3.5,54.5,1,outdoors,grass,41,9,Chip Kelly,Jason Garrett,PHI00,Lincoln Financial Field,0,1,T.Romo,9,NA,NA,J.Witten,82,1,0,1,0,1,00-0021678,NA,00-0022127,T.Romo,9,00-0021678,J.Witten,00-0022127,J.Witten,00-0022127,0,1,2.300327462842688,0.27635905965535645,3.9767583932261914,1,1,1,0.9631787538528442,3.682124614715576,2014,Go for it,NA,NA,NA,NA,NA,NA,NA,NA,NA,NA,Punt
453,2014_15_DAL_PHI,2014121413,PHI,DAL,REG,15,DAL,away,PHI,PHI,42,2014-12-14,507,1407,3207,Half1,0,3,0,1,1,0,08:27,PHI 42,10,88,(8:27) 29-D.Murray left end to PHI 33 for 9 yards (50-C.Matthews).,run,9,0,0,0,0,0,0,NA,NA,NA,NA,left,end,NA,NA,NA,NA,3,3,0,NA,NA,NA,NA,3,3,0,7,7,0,7,7,0,7,0.005909623112529516,0.07550699263811111,0.0014555150410160422,0.12857180833816528,0.3423435688018799,0.004035400692373514,0.44217705726623535,0,0,3.0009062422905117,0.7777810443658382,-12.804167841930106,12.804167841930106,-1.64541955239838,1.64541955239838,-6.97634828457376,6.97634828457376,NA,NA,0,0,-4.630536139709875,4.630536139709875,-2.82027238473529,2.82027238473529,-7.71793267026078,7.71793267026078,0.7415843856870197,-0.7415843856870197,0.7648103833198547,0.23518961668014526,0.23518961668014526,0.7648103833198547,0.018252909183502197,0.020644426345825195,-0.020644426345825195,0.21693670749664307,0.7830632925033569,0.6832866072654724,0.3167133927345276,-0.12068409711977512,0.12068409711977512,-0.1572866439819336,0.1572866439819336,NA,NA,0,0,0,0,-0.17370334267616272,0.17370334267616272,0,0,-0.1572866439819336,0.1572866439819336,0,0,0,0,0,0,0,0,0,0,0,0,0,0,0,0,0,0,0,0,0,0,0,0,1,0,0,0,0,0,0,0,1,0,0,0,0,0,0,0,0,0,0,0,0,0,0,0,0,0,0,NA,NA,NA,NA,NA,NA,00-0028009,D.Murray,9,NA,NA,NA,NA,NA,NA,NA,NA,NA,NA,NA,NA,NA,NA,NA,NA,NA,NA,NA,NA,NA,NA,NA,NA,NA,NA,NA,NA,NA,NA,NA,NA,NA,NA,NA,NA,NA,NA,NA,NA,NA,NA,PHI,NA,00-0028054,NA,C.Matthews,NA,NA,NA,NA,NA,NA,NA,NA,NA,NA,NA,NA,NA,0,NA,NA,NA,NA,NA,NA,NA,NA,NA,NA,NA,NA,NA,NA,NA,NA,NA,NA,NA,NA,NA,NA,NA,NA,NA,NA,NA,NA,NA,NA,NA,0,NA,NA,NA,NA,0,NA,NA,0,0,0,0,NA,NA,2014,NA,NA,7,1,First down,453,"12/14/14, 20:31:25",2014-12-15T01:49:03Z,Lincoln Financial Field,"Partly Cloudy Temp: 41° F, Humidity: 69%, Wind: NW 9 mph",10012014-1214-1333-37d5-82ac89e7c001,0,0,RUSH,0,NA,NA,NA,4,Touchdown,2014-12-15T01:44:56Z,16,8:16,7,1,1,1,1,5,PUNT,TOUCHDOWN,11:20,03:04,DAL 12,PHI 4,319,708,38,27,Home,-11,65,3.5,54.5,1,outdoors,grass,41,9,Chip Kelly,Jason Garrett,PHI00,Lincoln Financial Field,0,1,NA,NA,D.Murray,29,NA,NA,0,1,0,0,1,NA,00-0028009,NA,D.Murray,29,00-0028009,D.Murray,00-0028009,D.Murray,00-0028009,0,1,0.7777810443658382,NA,NA,NA,NA,NA,0.43907591700553894,-43.907591700553894,2014,Go for it,NA,NA,NA,NA,NA,NA,NA,NA,NA,NA,Punt
474,2014_15_DAL_PHI,2014121413,PHI,DAL,REG,15,DAL,away,PHI,PHI,33,2014-12-14,469,1369,3169,Half1,0,3,0,1,2,0,07:49,PHI 33,1,88,(7:49) 25-L.Dunbar left end to PHI 30 for 3 yards (50-C.Matthews; 72-C.Thornton).,run,3,0,0,0,0,0,0,NA,NA,NA,NA,left,end,NA,NA,NA,NA,3,3,0,NA,NA,NA,NA,3,3,0,7,7,0,7,7,0,7,0.00504440488293767,0.05199022591114044,0.001039977534674108,0.07830460369586945,0.38781577348709106,0.00184250355232507,0.47396254539489746,0,0,3.77868728665635,0.04324405384249985,-12.847411895772606,12.847411895772606,-1.6886636062408797,1.6886636062408797,-6.97634828457376,6.97634828457376,NA,NA,0,0,-4.630536139709875,4.630536139709875,-2.82027238473529,2.82027238473529,-7.71793267026078,7.71793267026078,0.7415843856870197,-0.7415843856870197,0.7830632925033569,0.21693670749664307,0.21693670749664307,0.7830632925033569,-2.2518634796142578e-4,0.02296745777130127,-0.02296745777130127,0.2171618938446045,0.7828381061553955,0.7039310336112976,0.2960689663887024,-0.1204589107718137,0.1204589107718137,-0.1572866439819336,0.1572866439819336,NA,NA,0,0,0,0,-0.17370334267616272,0.17370334267616272,0,0,-0.1572866439819336,0.1572866439819336,0,1,0,0,0,0,0,0,0,0,0,0,0,0,0,0,0,0,0,0,0,0,0,0,0,0,0,0,0,0,0,0,1,0,0,0,0,0,0,0,0,0,0,0,0,0,1,0,0,0,0,NA,NA,NA,NA,NA,NA,00-0029004,L.Dunbar,3,NA,NA,NA,NA,NA,NA,NA,NA,NA,NA,NA,NA,NA,NA,NA,NA,NA,NA,NA,NA,NA,NA,NA,NA,NA,NA,NA,NA,NA,NA,NA,NA,NA,NA,NA,NA,NA,NA,NA,NA,NA,NA,NA,NA,NA,NA,NA,NA,00-0028054,C.Matthews,PHI,00-0028424,C.Thornton,PHI,NA,NA,NA,NA,NA,NA,0,NA,NA,NA,NA,NA,NA,NA,NA,NA,NA,NA,NA,NA,NA,NA,NA,NA,NA,NA,NA,NA,NA,NA,NA,NA,NA,NA,NA,NA,NA,NA,0,NA,NA,NA,NA,0,NA,NA,0,0,0,0,NA,NA,2014,NA,NA,7,1,First down,474,"12/14/14, 20:31:25",2014-12-15T01:49:41Z,Lincoln Financial Field,"Partly Cloudy Temp: 41° F, Humidity: 69%, Wind: NW 9 mph",10012014-1214-1333-37d5-82ac89e7c001,0,0,RUSH,0,NA,NA,NA,4,Touchdown,2014-12-15T01:44:56Z,16,8:16,7,1,1,1,1,5,PUNT,TOUCHDOWN,11:20,03:04,DAL 12,PHI 4,319,708,38,27,Home,-11,65,3.5,54.5,1,outdoors,grass,41,9,Chip Kelly,Jason Garrett,PHI00,Lincoln Financial Field,0,1,NA,NA,L.Dunbar,25,NA,NA,0,1,1,0,1,NA,00-0029004,NA,L.Dunbar,25,00-0029004,L.Dunbar,00-0029004,L.Dunbar,00-0029004,0,1,0.04324405384249985,NA,NA,NA,NA,NA,0.2020566463470459,-20.20566463470459,2014,Go for it,NA,NA,NA,NA,NA,NA,NA,NA,NA,NA,Punt
495,2014_15_DAL_PHI,2014121413,PHI,DAL,REG,15,DAL,away,PHI,PHI,30,2014-12-14,428,1328,3128,Half1,0,3,0,1,1,0,07:08,PHI 30,10,88,(7:08) 9-T.Romo pass incomplete short right to 25-L.Dunbar.,pass,0,0,0,1,0,0,0,short,right,-2,NA,NA,NA,NA,NA,NA,NA,3,3,0,NA,NA,NA,NA,3,3,0,7,7,0,7,7,0,7,0.0044245049357414246,0.04296503961086273,7.780877640470862e-4,0.07734715938568115,0.4054083824157715,0.001190086593851447,0.4678867757320404,0,0,3.8219313404988497,-0.39789890160318464,-12.449512994169421,12.449512994169421,-1.6886636062408797,1.6886636062408797,-6.578449382970575,6.578449382970575,-0.7128061092225835,0.31490720761939883,0,0,-4.630536139709875,4.630536139709875,-2.82027238473529,2.82027238473529,-7.005126561038196,7.005126561038196,0.42667717806762084,-0.42667717806762084,0.7828381061553955,0.2171618938446045,0.2171618938446045,0.7828381061553955,-0.00890117883682251,-0.01489037275314331,0.01489037275314331,0.226063072681427,0.773936927318573,0.7268984913825989,0.2731015086174011,-0.1204589107718137,0.1204589107718137,-0.14838546514511108,0.14838546514511108,0,-0.00890117883682251,0,0,0,0,-0.17370334267616272,0.17370334267616272,0,0,-0.14838546514511108,0.14838546514511108,0,0,0,0,0,0,0,0,1,0,0,0,0,0,0,0,0,0,0,0,0,0,0,0,0,0,0,0,0,0,0,0,0,1,0,0,0,0,0,0,0,0,0,0,0,0,0,0,0,0,0,00-0021678,T.Romo,NA,00-0029004,L.Dunbar,NA,NA,NA,NA,NA,NA,NA,NA,NA,NA,NA,NA,NA,NA,NA,NA,NA,NA,NA,NA,NA,NA,NA,NA,NA,NA,NA,NA,NA,NA,NA,NA,NA,NA,NA,NA,NA,NA,NA,NA,NA,NA,NA,NA,NA,NA,NA,NA,NA,NA,NA,NA,NA,NA,NA,NA,NA,NA,NA,NA,NA,NA,NA,NA,0,NA,NA,NA,NA,NA,NA,NA,NA,NA,NA,NA,NA,NA,NA,NA,NA,NA,NA,NA,NA,NA,NA,NA,NA,NA,NA,NA,NA,NA,NA,NA,0,NA,NA,NA,NA,0,NA,NA,0,0,0,0,NA,NA,2014,0.8536372780799866,-85.36372780799866,8,1,First down,495,"12/14/14, 20:31:25",2014-12-15T01:50:22Z,Lincoln Financial Field,"Partly Cloudy Temp: 41° F, Humidity: 69%, Wind: NW 9 mph",10012014-1214-1333-37d5-82ac89e7c001,0,0,PASS,0,NA,NA,NA,4,Touchdown,2014-12-15T01:44:56Z,16,8:16,7,1,1,1,1,5,PUNT,TOUCHDOWN,11:20,03:04,DAL 12,PHI 4,319,708,38,27,Home,-11,65,3.5,54.5,1,outdoors,grass,41,9,Chip Kelly,Jason Garrett,PHI00,Lincoln Financial Field,0,0,T.Romo,9,NA,NA,L.Dunbar,25,1,0,0,0,1,00-0021678,NA,00-0029004,T.Romo,9,00-0021678,L.Dunbar,00-0029004,L.Dunbar,00-0029004,0,1,-0.39789890160318464,0.984404808074968,8.623522347945254,7,0.6391342702554539,0.23449989140499383,0.41725799441337585,58.274200558662415,2014,Go for it,NA,NA,NA,NA,NA,NA,NA,NA,NA,NA,Punt
517,2014_15_DAL_PHI,2014121413,PHI,DAL,REG,15,DAL,away,PHI,PHI,30,2014-12-14,421,1321,3121,Half1,0,3,0,1,2,0,07:01,PHI 30,10,88,(7:01) 29-D.Murray left end to PHI 23 for 7 yards (29-N.Allen).,run,7,0,0,0,0,0,0,NA,NA,NA,NA,left,end,NA,NA,NA,NA,3,3,0,NA,NA,NA,NA,3,3,0,7,7,0,7,7,0,7,0.004619781859219074,0.05253566429018974,7.990766898728907e-4,0.08865132182836533,0.44096606969833374,0.0012196323368698359,0.41120848059654236,0,0,3.424032438895665,0.25826545350719243,-12.707778447676613,12.707778447676613,-1.9469290597480722,1.9469290597480722,-6.578449382970575,6.578449382970575,NA,NA,0,0,-4.630536139709875,4.630536139709875,-2.82027238473529,2.82027238473529,-7.005126561038196,7.005126561038196,0.42667717806762084,-0.42667717806762084,0.773936927318573,0.226063072681427,0.226063072681427,0.773936927318573,-0.001540541648864746,0.018446803092956543,-0.018446803092956543,0.22760361433029175,0.7723963856697083,0.7120081186294556,0.28799188137054443,-0.11891836912294895,0.11891836912294895,-0.14838546514511108,0.14838546514511108,NA,NA,0,0,0,0,-0.17370334267616272,0.17370334267616272,0,0,-0.14838546514511108,0.14838546514511108,0,0,0,0,0,0,0,0,0,0,0,0,0,0,0,0,0,0,0,0,0,0,0,0,1,0,0,0,0,0,0,0,1,0,0,0,0,0,0,0,0,0,0,0,0,0,0,0,0,0,0,NA,NA,NA,NA,NA,NA,00-0028009,D.Murray,7,NA,NA,NA,NA,NA,NA,NA,NA,NA,NA,NA,NA,NA,NA,NA,NA,NA,NA,NA,NA,NA,NA,NA,NA,NA,NA,NA,NA,NA,NA,NA,NA,NA,NA,NA,NA,NA,NA,NA,NA,NA,NA,PHI,NA,00-0027652,NA,N.Allen,NA,NA,NA,NA,NA,NA,NA,NA,NA,NA,NA,NA,NA,0,NA,NA,NA,NA,NA,NA,NA,NA,NA,NA,NA,NA,NA,NA,NA,NA,NA,NA,NA,NA,NA,NA,NA,NA,NA,NA,NA,NA,NA,NA,NA,0,NA,NA,NA,NA,0,NA,NA,0,0,0,0,NA,NA,2014,NA,NA,8,1,First down,517,"12/14/14, 20:31:25",2014-12-15T01:51:08Z,Lincoln Financial Field,"Partly Cloudy Temp: 41° F, Humidity: 69%, Wind: NW 9 mph",10012014-1214-1333-37d5-82ac89e7c001,0,0,RUSH,0,NA,NA,NA,4,Touchdown,2014-12-15T01:44:56Z,16,8:16,7,1,1,1,1,5,PUNT,TOUCHDOWN,11:20,03:04,DAL 12,PHI 4,319,708,38,27,Home,-11,65,3.5,54.5,1,outdoors,grass,41,9,Chip Kelly,Jason Garrett,PHI00,Lincoln Financial Field,0,1,NA,NA,D.Murray,29,NA,NA,0,1,0,0,1,NA,00-0028009,NA,D.Murray,29,00-0028009,D.Murray,00-0028009,D.Murray,00-0028009,0,1,0.25826545350719243,NA,NA,NA,NA,NA,0.5276175737380981,-52.761757373809814,2014,Go for it,NA,NA,NA,NA,NA,NA,NA,NA,NA,NA,Punt
538,2014_15_DAL_PHI,2014121413,PHI,DAL,REG,15,DAL,away,PHI,PHI,23,2014-12-14,377,1277,3077,Half1,0,3,0,1,3,0,06:17,PHI 23,3,88,(6:17) (Shotgun) 9-T.Romo pass short left to 82-J.Witten ran ob at PHI 19 for 4 yards (29-N.Allen).,pass,4,1,0,1,0,0,0,short,left,2,2,NA,NA,NA,NA,NA,NA,3,3,0,NA,NA,NA,NA,3,3,0,7,7,0,7,7,0,7,0.003616324160248041,0.034431010484695435,6.422429578378797e-4,0.05839068070054054,0.5298293232917786,0.0011021689279004931,0.3719882667064667,0,0,3.6822978924028575,0.799840094987303,-13.507618542663916,13.507618542663916,-1.9469290597480722,1.9469290597480722,-7.378289477957878,7.378289477957878,-0.8734740460058674,1.6733141409931704,-0.8734740460058674,1.6733141409931704,-3.7570620937040076,3.7570620937040076,-4.49358652572846,4.49358652572846,-6.131652515032329,6.131652515032329,-1.2466369629255496,1.2466369629255496,0.7723963856697083,0.22760361433029175,0.22760361433029175,0.7723963856697083,0.02445930242538452,0.02099555730819702,-0.02099555730819702,0.20314431190490723,0.7968556880950928,0.7304549217224121,0.2695450782775879,-0.11891836912294895,0.11891836912294895,-0.1728447675704956,0.1728447675704956,0,0.02445930242538452,0,0.02445930242538452,0,0,-0.19816264510154724,0.19816264510154724,0,0,-0.1728447675704956,0.1728447675704956,0,0,1,0,1,0,0,0,0,0,0,0,0,0,0,0,0,0,0,0,0,0,0,0,1,0,0,0,0,0,0,0,0,1,0,0,0,0,0,0,0,0,0,0,0,1,0,0,0,0,0,00-0021678,T.Romo,4,00-0022127,J.Witten,4,NA,NA,NA,NA,NA,NA,NA,NA,NA,NA,NA,NA,NA,NA,NA,NA,NA,NA,NA,NA,NA,NA,NA,NA,NA,NA,NA,NA,NA,NA,NA,NA,NA,NA,NA,NA,NA,NA,NA,NA,NA,NA,NA,NA,NA,PHI,NA,00-0027652,NA,N.Allen,NA,NA,NA,NA,NA,NA,NA,NA,NA,NA,NA,NA,NA,0,NA,NA,NA,NA,NA,NA,NA,NA,NA,NA,NA,NA,NA,NA,NA,NA,NA,NA,NA,NA,NA,NA,NA,NA,NA,NA,NA,NA,NA,NA,NA,0,NA,NA,NA,NA,0,NA,NA,0,0,0,0,NA,NA,2014,0.7181907892227173,28.18092107772827,8,1,First down,538,"12/14/14, 20:31:25",2014-12-15T01:51:53Z,Lincoln Financial Field,"Partly Cloudy Temp: 41° F, Humidity: 69%, Wind: NW 9 mph",10012014-1214-1333-37d5-82ac89e7c001,0,0,PASS,0,NA,NA,NA,4,Touchdown,2014-12-15T01:44:56Z,16,8:16,7,1,1,1,1,5,PUNT,TOUCHDOWN,11:20,03:04,DAL 12,PHI 4,319,708,38,27,Home,-11,65,3.5,54.5,1,outdoors,grass,41,9,Chip Kelly,Jason Garrett,PHI00,Lincoln Financial Field,0,1,T.Romo,9,NA,NA,J.Witten,82,1,0,1,0,1,00-0021678,NA,00-0022127,T.Romo,9,00-0021678,J.Witten,00-0022127,J.Witten,00-0022127,1,1,0.799840094987303,1.4968343676892648,4.396780674549518,3,0.7391191995702684,0.7391191995702684,0.8600948452949524,13.99051547050476,2014,Go for it,NA,NA,NA,NA,NA,NA,NA,NA,NA,NA,Punt
567,2014_15_DAL_PHI,2014121413,PHI,DAL,REG,15,DAL,away,PHI,PHI,19,2014-12-14,349,1249,3049,Half1,0,3,0,1,1,0,05:49,PHI 19,10,88,(5:49) 29-D.Murray right end pushed ob at PHI 14 for 5 yards (24-B.Fletcher).,run,5,0,0,0,0,0,0,NA,NA,NA,NA,right,end,NA,NA,NA,NA,3,3,0,NA,NA,NA,NA,3,3,0,7,7,0,7,7,0,7,0.003629568498581648,0.026830008253455162,5.747199757024646e-4,0.04799126088619232,0.38547128438949585,0.0010438960744068027,0.5344592332839966,0,0,4.482137987390161,0.24030311172828078,-13.747921654392197,13.747921654392197,-2.187232171476353,2.187232171476353,-7.378289477957878,7.378289477957878,NA,NA,0,0,-3.7570620937040076,3.7570620937040076,-4.49358652572846,4.49358652572846,-6.131652515032329,6.131652515032329,-1.2466369629255496,1.2466369629255496,0.7968556880950928,0.20314431190490723,0.20314431190490723,0.7968556880950928,-0.006528794765472412,0.005425095558166504,-0.005425095558166504,0.20967310667037964,0.7903268933296204,0.7514504790306091,0.24854952096939087,-0.11238957435747654,0.11238957435747654,-0.1728447675704956,0.1728447675704956,NA,NA,0,0,0,0,-0.19816264510154724,0.19816264510154724,0,0,-0.1728447675704956,0.1728447675704956,0,0,0,0,0,0,0,0,0,0,0,0,0,0,0,0,0,0,0,0,0,0,0,0,1,0,0,0,0,0,0,0,1,0,0,0,0,0,0,0,0,0,0,0,0,0,0,0,0,0,0,NA,NA,NA,NA,NA,NA,00-0028009,D.Murray,5,NA,NA,NA,NA,NA,NA,NA,NA,NA,NA,NA,NA,NA,NA,NA,NA,NA,NA,NA,NA,NA,NA,NA,NA,NA,NA,NA,NA,NA,NA,NA,NA,NA,NA,NA,NA,NA,NA,NA,NA,NA,NA,PHI,NA,00-0027041,NA,B.Fletcher,NA,NA,NA,NA,NA,NA,NA,NA,NA,NA,NA,NA,NA,0,NA,NA,NA,NA,NA,NA,NA,NA,NA,NA,NA,NA,NA,NA,NA,NA,NA,NA,NA,NA,NA,NA,NA,NA,NA,NA,NA,NA,NA,NA,NA,0,NA,NA,NA,NA,0,NA,NA,0,0,0,0,NA,NA,2014,NA,NA,9,1,First down,567,"12/14/14, 20:31:25",2014-12-15T01:52:30Z,Lincoln Financial Field,"Partly Cloudy Temp: 41° F, Humidity: 69%, Wind: NW 9 mph",10012014-1214-1333-37d5-82ac89e7c001,0,0,RUSH,0,NA,NA,NA,4,Touchdown,2014-12-15T01:44:56Z,16,8:16,7,1,1,1,1,5,PUNT,TOUCHDOWN,11:20,03:04,DAL 12,PHI 4,319,708,38,27,Home,-11,65,3.5,54.5,1,outdoors,grass,41,9,Chip Kelly,Jason Garrett,PHI00,Lincoln Financial Field,0,1,NA,NA,D.Murray,29,NA,NA,0,1,0,0,1,NA,00-0028009,NA,D.Murray,29,00-0028009,D.Murray,00-0028009,D.Murray,00-0028009,1,1,0.24030311172828078,NA,NA,NA,NA,NA,0.3875354528427124,-38.75354528427124,2014,Go for it,NA,NA,NA,NA,NA,NA,NA,NA,NA,NA,Punt
588,2014_15_DAL_PHI,2014121413,PHI,DAL,REG,15,DAL,away,PHI,PHI,14,2014-12-14,318,1218,3018,Half1,0,3,0,1,2,0,05:18,PHI 14,5,88,(5:18) (Shotgun) 9-T.Romo pass short right to 11-C.Beasley ran ob at PHI 7 for 7 yards.,pass,7,1,0,1,0,0,0,short,right,5,2,NA,NA,NA,NA,NA,NA,3,3,0,NA,NA,NA,NA,3,3,0,7,7,0,7,7,0,7,0.002856089733541012,0.01686941459774971,5.169986980035901e-4,0.03704033046960831,0.3900262415409088,0.0011098765535280108,0.5515810251235962,0,0,4.722441099118441,0.7028676373302005,-14.450789291722398,14.450789291722398,-2.187232171476353,2.187232171476353,-8.081157115288079,8.081157115288079,0.334539330448024,0.36832830688217655,0.334539330448024,0.36832830688217655,-4.0916014241520315,4.0916014241520315,-4.861914832610637,4.861914832610637,-6.466191845480353,6.466191845480353,-1.6149652698077261,1.6149652698077261,0.7903268933296204,0.20967310667037964,0.20967310667037964,0.7903268933296204,0.012613773345947266,0.01279759407043457,-0.01279759407043457,0.19705933332443237,0.8029406666755676,0.7568755745887756,0.24312442541122437,-0.11238957435747654,0.11238957435747654,-0.18545854091644287,0.18545854091644287,0,0.012613773345947266,0,0.012613773345947266,0,0,-0.2107764184474945,0.2107764184474945,0,0,-0.18545854091644287,0.18545854091644287,0,0,1,0,0,0,0,0,0,0,0,0,0,0,0,0,0,0,0,0,0,0,0,0,0,0,0,0,0,0,0,0,0,1,0,0,0,0,0,0,0,0,0,0,0,1,0,0,0,0,0,00-0021678,T.Romo,7,00-0029000,C.Beasley,7,NA,NA,NA,NA,NA,NA,NA,NA,NA,NA,NA,NA,NA,NA,NA,NA,NA,NA,NA,NA,NA,NA,NA,NA,NA,NA,NA,NA,NA,NA,NA,NA,NA,NA,NA,NA,NA,NA,NA,NA,NA,NA,NA,NA,NA,NA,NA,NA,NA,NA,NA,NA,NA,NA,NA,NA,NA,NA,NA,NA,NA,NA,NA,0,NA,NA,NA,NA,NA,NA,NA,NA,NA,NA,NA,NA,NA,NA,NA,NA,NA,NA,NA,NA,NA,NA,NA,NA,NA,NA,NA,NA,NA,NA,NA,0,NA,NA,NA,NA,0,NA,NA,0,0,0,0,NA,NA,2014,0.6187607049942017,38.123929500579834,9,1,First down,588,"12/14/14, 20:31:25",2014-12-15T01:53:11Z,Lincoln Financial Field,"Partly Cloudy Temp: 41° F, Humidity: 69%, Wind: NW 9 mph",10012014-1214-1333-37d5-82ac89e7c001,0,0,PASS,0,NA,NA,NA,4,Touchdown,2014-12-15T01:44:56Z,16,8:16,7,1,1,1,1,5,PUNT,TOUCHDOWN,11:20,03:04,DAL 12,PHI 4,319,708,38,27,Home,-11,65,3.5,54.5,1,outdoors,grass,41,9,Chip Kelly,Jason Garrett,PHI00,Lincoln Financial Field,0,1,T.Romo,9,NA,NA,C.Beasley,11,1,0,1,0,1,00-0021678,NA,00-0029000,T.Romo,9,00-0021678,C.Beasley,00-0029000,C.Beasley,00-0029000,1,1,0.7028676373302005,0.5313931022482878,2.731597745209001,2,0.979767351760529,0.979767351760529,0.4878060817718506,51.21939182281494,2014,Go for it,NA,NA,NA,NA,NA,NA,NA,NA,NA,NA,Punt
612,2014_15_DAL_PHI,2014121413,PHI,DAL,REG,15,DAL,away,PHI,PHI,7,2014-12-14,282,1182,2982,Half1,0,3,0,1,1,1,04:42,PHI 7,7,88,(4:42) 29-D.Murray up the middle to PHI 9 for -2 yards (91-F.Cox).,run,-2,0,0,0,0,0,0,NA,NA,NA,NA,middle,NA,NA,NA,NA,NA,3,3,0,NA,NA,NA,NA,3,3,0,7,7,0,7,7,0,7,0.0028176140040159225,0.01497705653309822,4.368988156784326e-4,0.019710535183548927,0.2798062860965729,0.001218533841893077,0.6810330748558044,0,0,5.425308736448642,-0.8328043483779766,-13.617984943344421,13.617984943344421,-1.3544278230983764,1.3544278230983764,-8.081157115288079,8.081157115288079,NA,NA,0,0,-4.0916014241520315,4.0916014241520315,-4.861914832610637,4.861914832610637,-6.466191845480353,6.466191845480353,-1.6149652698077261,1.6149652698077261,0.8029406666755676,0.19705933332443237,0.19705933332443237,0.8029406666755676,-0.012634813785552979,-0.010182440280914307,0.010182440280914307,0.20969414710998535,0.7903058528900146,0.7696731686592102,0.2303268313407898,-0.09975476057192356,0.09975476057192356,-0.18545854091644287,0.18545854091644287,NA,NA,0,0,0,0,-0.2107764184474945,0.2107764184474945,0,0,-0.18545854091644287,0.18545854091644287,0,0,0,0,0,0,0,0,0,0,0,0,0,0,0,0,0,0,0,0,0,0,0,0,1,0,0,1,0,0,0,0,1,0,0,0,0,0,0,0,0,0,0,0,0,0,0,0,0,0,0,NA,NA,NA,NA,NA,NA,00-0028009,D.Murray,-2,NA,NA,NA,NA,NA,NA,NA,NA,NA,NA,NA,NA,NA,NA,NA,NA,NA,NA,NA,NA,NA,NA,NA,NA,NA,NA,NA,NA,00-0029653,F.Cox,NA,NA,NA,NA,NA,NA,NA,NA,NA,NA,NA,NA,PHI,NA,00-0029653,NA,F.Cox,NA,NA,NA,NA,NA,NA,NA,NA,NA,NA,NA,NA,NA,0,NA,NA,NA,NA,NA,NA,NA,NA,NA,NA,NA,NA,NA,NA,NA,NA,NA,NA,NA,NA,NA,NA,NA,NA,NA,NA,NA,NA,NA,NA,NA,0,NA,NA,NA,NA,0,NA,NA,0,0,0,0,NA,NA,2014,NA,NA,10,1,First down,612,"12/14/14, 20:31:25",2014-12-15T01:53:55Z,Lincoln Financial Field,"Partly Cloudy Temp: 41° F, Humidity: 69%, Wind: NW 9 mph",10012014-1214-1333-37d5-82ac89e7c001,0,0,RUSH,0,NA,NA,NA,4,Touchdown,2014-12-15T01:44:56Z,16,8:16,7,1,1,1,1,5,PUNT,TOUCHDOWN,11:20,03:04,DAL 12,PHI 4,319,708,38,27,Home,-11,65,3.5,54.5,1,outdoors,grass,41,9,Chip Kelly,Jason Garrett,PHI00,Lincoln Financial Field,0,0,NA,NA,D.Murray,29,NA,NA,0,1,0,0,1,NA,00-0028009,NA,D.Murray,29,00-0028009,D.Murray,00-0028009,D.Murray,00-0028009,0,1,-0.8328043483779766,NA,NA,NA,NA,NA,0.3507753610610962,-35.07753610610962,2014,Go for it,NA,NA,NA,NA,NA,NA,NA,NA,NA,NA,Punt
633,2014_15_DAL_PHI,2014121413,PHI,DAL,REG,15,DAL,away,PHI,PHI,9,2014-12-14,239,1139,2939,Half1,0,3,0,1,2,1,03:59,PHI 9,9,88,"(3:59) (Shotgun) 9-T.Romo pass incomplete short left to 88-D.Bryant. PENALTY on PHI-26-C.Williams, Illegal Contact, 5 yards, enforced at PHI 9 - No Play.",no_play,0,1,0,0,0,0,0,NA,NA,NA,NA,NA,NA,NA,NA,NA,NA,3,3,0,NA,NA,NA,NA,3,3,0,7,7,0,7,7,0,7,0.003809298388659954,0.017759017646312714,5.189513904042542e-4,0.028587134554982185,0.4478886127471924,0.0013590622693300247,0.5000779032707214,0,0,4.592504388070665,1.3076033859397285,-14.92558832928415,14.92558832928415,-1.3544278230983764,1.3544278230983764,-8.081157115288079,8.081157115288079,NA,NA,0,0,-4.0916014241520315,4.0916014241520315,-4.861914832610637,4.861914832610637,-6.466191845480353,6.466191845480353,-1.6149652698077261,1.6149652698077261,0.7903058528900146,0.20969414710998535,0.20969414710998535,0.7903058528900146,0.016423702239990234,0.014286518096923828,-0.014286518096923828,0.19327044486999512,0.8067295551300049,0.7594907283782959,0.2405092716217041,-0.09975476057192356,0.09975476057192356,-0.18545854091644287,0.18545854091644287,NA,NA,0,0,0,0,-0.2107764184474945,0.2107764184474945,0,0,-0.18545854091644287,0.18545854091644287,0,0,0,1,0,0,0,0,0,0,0,0,0,0,0,0,0,0,0,0,0,0,0,0,0,0,1,0,0,0,0,0,0,0,0,0,0,0,0,0,0,0,0,0,0,0,0,0,0,0,0,NA,NA,NA,NA,NA,NA,NA,NA,NA,NA,NA,NA,NA,NA,NA,NA,NA,NA,NA,NA,NA,NA,NA,NA,NA,NA,NA,NA,NA,NA,NA,NA,NA,NA,NA,NA,NA,NA,NA,NA,NA,NA,NA,NA,NA,NA,NA,NA,NA,NA,NA,NA,NA,NA,NA,NA,NA,NA,NA,NA,NA,NA,NA,NA,NA,NA,NA,NA,NA,0,NA,NA,NA,NA,NA,NA,NA,NA,NA,NA,NA,NA,NA,NA,NA,NA,NA,NA,NA,NA,NA,NA,NA,NA,NA,NA,NA,NA,NA,NA,NA,0,PHI,00-0026369,C.Williams,5,0,NA,Illegal Contact,0,0,0,0,NA,NA,2014,NA,NA,10,1,First down,633,"12/14/14, 20:31:25",2014-12-15T01:54:38Z,Lincoln Financial Field,"Partly Cloudy Temp: 41° F, Humidity: 69%, Wind: NW 9 mph",10012014-1214-1333-37d5-82ac89e7c001,0,0,PENALTY,0,NA,NA,NA,4,Touchdown,2014-12-15T01:44:56Z,16,8:16,7,1,1,1,1,5,PUNT,TOUCHDOWN,11:20,03:04,DAL 12,PHI 4,319,708,38,27,Home,-11,65,3.5,54.5,1,outdoors,grass,41,9,Chip Kelly,Jason Garrett,PHI00,Lincoln Financial Field,0,1,T.Romo,9,NA,NA,D.Bryant,88,1,0,1,0,1,00-0021678,NA,00-0027902,T.Romo,9,00-0021678,NA,NA,D.Bryant,00-0027902,0,1,1.3076033859397285,NA,NA,NA,NA,NA,0.687052309513092,31.294769048690796,2014,Other,NA,NA,NA,NA,NA,NA,NA,NA,NA,NA,Punt
655,2014_15_DAL_PHI,2014121413,PHI,DAL,REG,15,DAL,away,PHI,PHI,4,2014-12-14,231,1131,2931,Half1,0,3,0,1,1,1,03:51,PHI 4,4,88,(3:51) 29-D.Murray up the middle to PHI 4 for no gain (96-B.Logan).,run,0,0,0,0,0,0,0,NA,NA,NA,NA,middle,NA,NA,NA,NA,NA,3,3,0,NA,NA,NA,NA,3,3,0,7,7,0,7,7,0,7,0.0026331229601055384,0.01226845569908619,3.4580586361698806e-4,0.01633252389729023,0.17985087633132935,0.0015209147240966558,0.7870482802391052,0,0,5.900107774010394,-0.4630805587512441,-14.462507770532905,14.462507770532905,-0.8913472643471323,0.8913472643471323,-8.081157115288079,8.081157115288079,NA,NA,0,0,-4.0916014241520315,4.0916014241520315,-4.861914832610637,4.861914832610637,-6.466191845480353,6.466191845480353,-1.6149652698077261,1.6149652698077261,0.8067295551300049,0.19327044486999512,0.19327044486999512,0.8067295551300049,-0.009587645530700684,-0.01122581958770752,0.01122581958770752,0.2028580904006958,0.7971419095993042,0.7737772464752197,0.22622275352478027,-0.09016711504122288,0.09016711504122288,-0.18545854091644287,0.18545854091644287,NA,NA,0,0,0,0,-0.2107764184474945,0.2107764184474945,0,0,-0.18545854091644287,0.18545854091644287,0,0,0,0,0,0,0,0,0,0,0,0,0,0,0,0,0,0,0,0,0,0,0,0,1,0,0,0,0,0,0,0,1,0,0,0,0,0,0,0,0,0,0,0,0,0,0,0,0,0,0,NA,NA,NA,NA,NA,NA,00-0028009,D.Murray,0,NA,NA,NA,NA,NA,NA,NA,NA,NA,NA,NA,NA,NA,NA,NA,NA,NA,NA,NA,NA,NA,NA,NA,NA,NA,NA,NA,NA,NA,NA,NA,NA,NA,NA,NA,NA,NA,NA,NA,NA,NA,NA,PHI,NA,00-0030507,NA,B.Logan,NA,NA,NA,NA,NA,NA,NA,NA,NA,NA,NA,NA,NA,0,NA,NA,NA,NA,NA,NA,NA,NA,NA,NA,NA,NA,NA,NA,NA,NA,NA,NA,NA,NA,NA,NA,NA,NA,NA,NA,NA,NA,NA,NA,NA,0,NA,NA,NA,NA,0,NA,NA,0,0,0,0,NA,NA,2014,NA,NA,11,1,Touchdown,655,"12/14/14, 20:31:25",2014-12-15T01:56:07Z,Lincoln Financial Field,"Partly Cloudy Temp: 41° F, Humidity: 69%, Wind: NW 9 mph",10012014-1214-1333-37d5-82ac89e7c001,0,0,RUSH,0,NA,NA,NA,4,Touchdown,2014-12-15T01:44:56Z,16,8:16,7,1,1,1,1,5,PUNT,TOUCHDOWN,11:20,03:04,DAL 12,PHI 4,319,708,38,27,Home,-11,65,3.5,54.5,1,outdoors,grass,41,9,Chip Kelly,Jason Garrett,PHI00,Lincoln Financial Field,0,0,NA,NA,D.Murray,29,NA,NA,0,1,0,0,1,NA,00-0028009,NA,D.Murray,29,00-0028009,D.Murray,00-0028009,D.Murray,00-0028009,0,1,-0.4630805587512441,NA,NA,NA,NA,NA,0.35674160718917847,-35.67416071891785,2014,Go for it,NA,NA,NA,NA,NA,NA,NA,NA,NA,NA,Punt
688,2014_15_DAL_PHI,2014121413,PHI,DAL,REG,15,DAL,away,PHI,PHI,4,2014-12-14,188,1088,2888,Half1,0,3,1,1,2,1,03:08,PHI 4,4,88,"(3:08) (Shotgun) 9-T.Romo pass short right to 88-D.Bryant for 4 yards, TOUCHDOWN.",pass,4,1,0,1,0,0,0,short,right,4,0,NA,NA,NA,NA,NA,NA,3,3,0,NA,DAL,D.Bryant,00-0027902,3,3,0,13,7,0,7,13,0,13,0.0035945430863648653,0.014632806181907654,3.9112858939915895e-4,0.02015252597630024,0.27421990036964417,0.0017895938362926245,0.6852195262908936,0,0,5.43702721525915,1.5629727847408503,-16.025480555273756,16.025480555273756,-0.8913472643471323,0.8913472643471323,-9.64412990002893,9.64412990002893,1.5629727847408503,0,1.5629727847408503,0,-5.654574208892882,5.654574208892882,-4.861914832610637,4.861914832610637,-8.029164630221203,8.029164630221203,-1.6149652698077261,1.6149652698077261,0.7971419095993042,0.2028580904006958,0.2028580904006958,0.7971419095993042,0.022709737578396116,-0.00978037714958191,0.00978037714958191,0.18014835282229968,0.8198516471777003,0.7625514268875122,0.2374485731124878,-0.09016711504122288,0.09016711504122288,-0.208168278494839,0.208168278494839,0.022709737578396116,0,0.022709737578396116,0,-0.022709737578396116,0.022709737578396116,-0.2107764184474945,0.2107764184474945,-0.022709737578396116,0.022709737578396116,-0.18545854091644287,0.18545854091644287,0,0,1,0,0,0,0,0,0,0,0,0,0,0,0,0,0,0,0,0,0,0,0,0,0,0,0,0,0,0,0,0,0,1,0,1,1,0,0,0,0,0,0,0,0,1,0,0,0,0,0,00-0021678,T.Romo,4,00-0027902,D.Bryant,4,NA,NA,NA,NA,NA,NA,NA,NA,NA,NA,NA,NA,NA,NA,NA,NA,NA,NA,NA,NA,NA,NA,NA,NA,NA,NA,NA,NA,NA,NA,NA,NA,NA,NA,NA,NA,NA,NA,NA,NA,NA,NA,NA,NA,NA,NA,NA,NA,NA,NA,NA,NA,NA,NA,NA,NA,NA,NA,NA,NA,NA,NA,NA,0,NA,NA,NA,NA,NA,NA,NA,NA,NA,NA,NA,NA,NA,NA,NA,NA,NA,NA,NA,NA,NA,NA,NA,NA,NA,NA,NA,NA,NA,NA,NA,0,NA,NA,NA,NA,0,NA,NA,0,0,0,0,NA,NA,2014,0.410840779542923,58.9159220457077,11,1,Touchdown,688,"12/14/14, 20:31:25",2014-12-15T01:56:50Z,Lincoln Financial Field,"Partly Cloudy Temp: 41° F, Humidity: 69%, Wind: NW 9 mph",10012014-1214-1333-37d5-82ac89e7c001,0,0,PASS,0,NA,NA,NA,4,Touchdown,2014-12-15T01:44:56Z,16,8:16,7,1,1,1,1,5,PUNT,TOUCHDOWN,11:20,03:04,DAL 12,PHI 4,319,708,38,27,Home,-11,65,3.5,54.5,1,outdoors,grass,41,9,Chip Kelly,Jason Garrett,PHI00,Lincoln Financial Field,0,1,T.Romo,9,NA,NA,D.Bryant,88,1,0,1,0,1,00-0021678,NA,00-0027902,T.Romo,9,00-0021678,D.Bryant,00-0027902,D.Bryant,00-0027902,0,1,1.5629727847408503,NA,NA,NA,NA,NA,0.5743877291679382,42.56122708320618,2014,Go for it,NA,NA,NA,NA,NA,NA,NA,NA,NA,NA,Punt
708,2014_15_DAL_PHI,2014121413,PHI,DAL,REG,15,DAL,away,PHI,PHI,2,2014-12-14,184,1084,2884,Half1,0,3,1,1,NA,0,03:04,PHI 2,0,88,"5-D.Bailey extra point is GOOD, Center-91-L.Ladouceur, Holder-6-C.Jones.",extra_point,0,0,0,0,0,0,0,NA,NA,NA,NA,NA,NA,NA,20,good,NA,3,3,0,NA,NA,NA,NA,3,3,0,14,13,0,13,14,0,14,0,0,0,0,0,0,0,0.9892791668920077,0,0.9892791668920077,0.010720833107992322,-16.03620138838175,16.03620138838175,-0.8913472643471323,0.8913472643471323,-9.64412990002893,9.64412990002893,NA,NA,0,0,-5.654574208892882,5.654574208892882,-4.861914832610637,4.861914832610637,-8.029164630221203,8.029164630221203,-1.6149652698077261,1.6149652698077261,0.8198516471777003,0.18014835282229968,0.18014835282229968,0.8198516471777003,0.00455607934856006,0.001953527331352234,-0.001953527331352234,0.17559227347373962,0.8244077265262604,0.7527710497379303,0.2472289502620697,-0.09016711504122288,0.09016711504122288,-0.208168278494839,0.208168278494839,NA,NA,0,0,-0.022709737578396116,0.022709737578396116,-0.2107764184474945,0.2107764184474945,-0.022709737578396116,0.022709737578396116,-0.18545854091644287,0.18545854091644287,0,0,0,0,0,0,0,0,0,0,0,0,0,0,0,0,0,0,0,0,0,0,0,0,0,0,0,0,0,0,0,0,0,0,0,0,0,0,0,1,0,0,0,0,0,0,0,0,0,0,0,NA,NA,NA,NA,NA,NA,NA,NA,NA,NA,NA,NA,NA,NA,NA,NA,NA,NA,NA,NA,NA,NA,NA,NA,NA,NA,NA,NA,NA,NA,NA,D.Bailey,00-0028660,NA,NA,NA,NA,NA,NA,NA,NA,NA,NA,NA,NA,NA,NA,NA,NA,NA,NA,NA,NA,NA,NA,NA,NA,NA,NA,NA,NA,NA,NA,NA,NA,NA,NA,NA,NA,0,NA,NA,NA,NA,NA,NA,NA,NA,NA,NA,NA,NA,NA,NA,NA,NA,NA,NA,NA,NA,NA,NA,NA,NA,NA,NA,NA,NA,NA,NA,NA,0,NA,NA,NA,NA,0,NA,NA,0,0,0,0,NA,NA,2014,NA,NA,11,1,Touchdown,708,"12/14/14, 20:31:25",2014-12-15T01:57:32Z,Lincoln Financial Field,"Partly Cloudy Temp: 41° F, Humidity: 69%, Wind: NW 9 mph",10012014-1214-1333-37d5-82ac89e7c001,0,0,XP_KICK,1,NA,NA,NA,4,Touchdown,2014-12-15T01:44:56Z,16,8:16,7,1,1,1,1,5,PUNT,TOUCHDOWN,11:20,03:04,DAL 12,PHI 4,319,708,38,27,Home,-11,65,3.5,54.5,1,outdoors,grass,41,9,Chip Kelly,Jason Garrett,PHI00,Lincoln Financial Field,0,1,NA,NA,NA,NA,NA,NA,0,0,0,1,0,NA,NA,NA,NA,NA,NA,NA,NA,NA,NA,0,1,0.010720833107992322,NA,NA,NA,NA,NA,NA,NA,2014,Other,NA,NA,NA,NA,NA,NA,NA,NA,NA,NA,Punt
724,2014_15_DAL_PHI,2014121413,PHI,DAL,REG,15,PHI,home,DAL,DAL,35,2014-12-14,184,1084,2884,Half1,0,4,0,1,NA,0,03:04,DAL 35,0,-3,5-D.Bailey kicks 66 yards from DAL 35 to PHI -1. 16-B.Smith to PHI 20 for 21 yards (84-J.Hanna).,kickoff,0,0,0,0,0,0,0,NA,NA,NA,NA,NA,NA,NA,66,NA,NA,3,3,0,NA,NA,NA,NA,3,3,0,14,0,14,-14,0,14,-14,0.029562529176473618,0.16529981791973114,0.003161138389259577,0.2402513474225998,0.20859326422214508,0.0028915267903357744,0.3502403497695923,0,0,0.8992641321383417,-0.00390629330649972,-16.040107681688248,16.040107681688248,-0.8913472643471323,0.8913472643471323,-9.64412990002893,9.64412990002893,NA,NA,0,0,-5.654574208892882,5.654574208892882,-4.861914832610637,4.861914832610637,-8.029164630221203,8.029164630221203,-1.6149652698077261,1.6149652698077261,0.17559227347373962,0.8244077265262604,0.17559227347373962,0.8244077265262604,0,0.0013394206762313843,0.0013394206762313843,0.17559227347373962,0.8244077265262604,0.24527542293071747,0.24527542293071747,-0.09016711504122288,0.09016711504122288,-0.208168278494839,0.208168278494839,NA,NA,0,0,-0.022709737578396116,0.022709737578396116,-0.2107764184474945,0.2107764184474945,-0.022709737578396116,0.022709737578396116,-0.18545854091644287,0.18545854091644287,0,0,0,0,0,0,0,0,0,0,0,0,0,0,0,0,0,1,0,0,0,0,0,0,1,0,0,0,0,0,0,0,0,0,0,0,0,0,0,0,0,0,1,0,0,0,0,0,0,0,0,NA,NA,NA,NA,NA,NA,NA,NA,NA,NA,NA,NA,NA,NA,NA,NA,NA,NA,NA,NA,NA,NA,NA,NA,NA,B.Smith,00-0024318,NA,NA,NA,NA,D.Bailey,00-0028660,NA,NA,NA,NA,NA,NA,NA,NA,NA,NA,NA,NA,NA,NA,NA,NA,NA,NA,DAL,NA,00-0029634,NA,J.Hanna,NA,NA,NA,NA,NA,NA,NA,NA,NA,NA,NA,NA,NA,0,NA,NA,NA,NA,NA,NA,NA,NA,NA,NA,NA,NA,NA,NA,NA,NA,NA,NA,NA,NA,NA,NA,NA,NA,NA,NA,NA,NA,NA,NA,PHI,21,NA,NA,NA,NA,0,NA,NA,0,0,0,0,NA,NA,2014,NA,NA,12,0,Punt,724,"12/14/14, 20:31:25",2014-12-15T01:59:59Z,Lincoln Financial Field,"Partly Cloudy Temp: 41° F, Humidity: 69%, Wind: NW 9 mph",10012014-1214-1333-37d5-82ac89e7c001,0,0,KICK_OFF,1,NA,NA,NA,5,Punt,2014-12-15T01:59:59Z,3,1:26,0,0,0,1,1,0,KICKOFF,PUNT,03:04,01:38,PHI 20,PHI 17,724,807,38,27,Home,-11,65,3.5,54.5,1,outdoors,grass,41,9,Chip Kelly,Jason Garrett,PHI00,Lincoln Financial Field,0,0,NA,NA,NA,NA,NA,NA,0,0,0,1,0,NA,NA,NA,NA,NA,NA,NA,NA,NA,NA,0,1,-0.00390629330649972,NA,NA,NA,NA,NA,NA,NA,2014,Other,NA,NA,NA,NA,NA,NA,NA,NA,NA,NA,Punt
746,2014_15_DAL_PHI,2014121413,PHI,DAL,REG,15,PHI,home,DAL,PHI,80,2014-12-14,179,1079,2879,Half1,0,4,0,1,1,0,02:59,PHI 20,10,-3,(2:59) 25-L.McCoy left end to PHI 19 for -1 yards (96-N.Hayden; 55-R.McClain).,run,-1,0,0,0,0,0,0,NA,NA,NA,NA,left,end,NA,NA,NA,NA,3,3,0,NA,NA,NA,NA,3,3,0,14,0,14,-14,0,14,-14,0.029608190059661865,0.16555513441562653,0.003166022477671504,0.24062243103981018,0.20753629505634308,0.002895994344726205,0.350615918636322,0,0,0.895357838831842,-0.8215508759021759,-16.861658557590424,16.861658557590424,-1.7128981402493082,1.7128981402493082,-9.64412990002893,9.64412990002893,NA,NA,0,0,-5.654574208892882,5.654574208892882,-4.861914832610637,4.861914832610637,-8.029164630221203,8.029164630221203,-1.6149652698077261,1.6149652698077261,0.17559227347373962,0.8244077265262604,0.17559227347373962,0.8244077265262604,-0.01239699125289917,-0.014955148100852966,-0.014955148100852966,0.16319528222084045,0.8368047177791595,0.24661484360694885,0.24661484360694885,-0.10256410629412205,0.10256410629412205,-0.208168278494839,0.208168278494839,NA,NA,0,0,-0.022709737578396116,0.022709737578396116,-0.2107764184474945,0.2107764184474945,-0.022709737578396116,0.022709737578396116,-0.18545854091644287,0.18545854091644287,0,0,0,0,0,0,0,0,0,0,0,0,0,0,0,0,0,0,0,0,0,0,0,0,0,0,0,1,0,0,0,0,1,0,0,0,0,0,0,0,0,0,0,0,0,0,1,0,0,0,0,NA,NA,NA,NA,NA,NA,00-0027029,L.McCoy,-1,NA,NA,NA,NA,NA,NA,NA,NA,NA,NA,NA,NA,NA,NA,NA,NA,NA,NA,NA,NA,NA,NA,NA,NA,NA,NA,NA,NA,NA,NA,NA,NA,NA,NA,NA,NA,NA,NA,NA,NA,NA,NA,NA,NA,NA,NA,NA,NA,00-0026321,N.Hayden,DAL,00-0027904,R.McClain,DAL,NA,NA,NA,NA,NA,NA,0,NA,NA,NA,NA,NA,NA,NA,NA,NA,NA,NA,NA,NA,NA,NA,NA,NA,NA,NA,NA,NA,NA,NA,NA,NA,NA,NA,NA,NA,NA,NA,0,NA,NA,NA,NA,0,NA,NA,0,0,0,0,NA,NA,2014,NA,NA,12,0,Punt,746,"12/14/14, 20:31:25",2014-12-15T02:02:28Z,Lincoln Financial Field,"Partly Cloudy Temp: 41° F, Humidity: 69%, Wind: NW 9 mph",10012014-1214-1333-37d5-82ac89e7c001,0,0,RUSH,0,NA,NA,NA,5,Punt,2014-12-15T01:59:59Z,3,1:26,0,0,0,1,1,0,KICKOFF,PUNT,03:04,01:38,PHI 20,PHI 17,724,807,38,27,Home,-11,65,3.5,54.5,1,outdoors,grass,41,9,Chip Kelly,Jason Garrett,PHI00,Lincoln Financial Field,0,0,NA,NA,L.McCoy,25,NA,NA,0,1,0,0,1,NA,00-0027029,NA,L.McCoy,25,00-0027029,L.McCoy,00-0027029,L.McCoy,00-0027029,0,1,-0.8215508759021759,NA,NA,NA,NA,NA,0.5122956037521362,-51.22956037521362,2014,Go for it,NA,NA,NA,NA,NA,NA,NA,NA,NA,NA,Punt
767,2014_15_DAL_PHI,2014121413,PHI,DAL,REG,15,PHI,home,DAL,PHI,81,2014-12-14,162,1062,2862,Half1,0,4,0,1,2,0,02:42,PHI 19,11,-3,"(2:42) (No Huddle, Shotgun) 25-L.McCoy up the middle to PHI 24 for 5 yards (55-R.McClain).",run,5,1,1,0,0,0,0,NA,NA,NA,NA,middle,NA,NA,NA,NA,NA,3,3,0,NA,NA,NA,NA,3,3,0,14,0,14,-14,0,14,-14,0.03027845174074173,0.19770418107509613,0.004322906024754047,0.28177982568740845,0.1848413348197937,0.0028025885112583637,0.29827070236206055,0,0,0.07380696292966604,-0.10587664786726236,-16.967535205457686,16.967535205457686,-1.8187747881165706,1.8187747881165706,-9.64412990002893,9.64412990002893,NA,NA,0,0,-5.654574208892882,5.654574208892882,-4.861914832610637,4.861914832610637,-8.029164630221203,8.029164630221203,-1.6149652698077261,1.6149652698077261,0.16319528222084045,0.8368047177791595,0.16319528222084045,0.8368047177791595,0.0024425387382507324,0.0045301467180252075,0.0045301467180252075,0.1656378209590912,0.8343621790409088,0.2316596955060959,0.2316596955060959,-0.10012156755587132,0.10012156755587132,-0.208168278494839,0.208168278494839,NA,NA,0,0,-0.022709737578396116,0.022709737578396116,-0.2107764184474945,0.2107764184474945,-0.022709737578396116,0.022709737578396116,-0.18545854091644287,0.18545854091644287,0,0,0,0,0,0,0,0,0,0,0,0,0,0,0,0,0,0,0,0,0,0,0,0,1,0,0,0,0,0,0,0,1,0,0,0,0,0,0,0,0,0,0,0,0,0,0,0,0,0,0,NA,NA,NA,NA,NA,NA,00-0027029,L.McCoy,5,NA,NA,NA,NA,NA,NA,NA,NA,NA,NA,NA,NA,NA,NA,NA,NA,NA,NA,NA,NA,NA,NA,NA,NA,NA,NA,NA,NA,NA,NA,NA,NA,NA,NA,NA,NA,NA,NA,NA,NA,NA,NA,DAL,NA,00-0027904,NA,R.McClain,NA,NA,NA,NA,NA,NA,NA,NA,NA,NA,NA,NA,NA,0,NA,NA,NA,NA,NA,NA,NA,NA,NA,NA,NA,NA,NA,NA,NA,NA,NA,NA,NA,NA,NA,NA,NA,NA,NA,NA,NA,NA,NA,NA,NA,0,NA,NA,NA,NA,0,NA,NA,0,0,0,0,NA,NA,2014,NA,NA,12,0,Punt,767,"12/14/14, 20:31:25",2014-12-15T02:02:46Z,Lincoln Financial Field,"Partly Cloudy Temp: 41° F, Humidity: 69%, Wind: NW 9 mph",10012014-1214-1333-37d5-82ac89e7c001,0,0,RUSH,0,NA,NA,NA,5,Punt,2014-12-15T01:59:59Z,3,1:26,0,0,0,1,1,0,KICKOFF,PUNT,03:04,01:38,PHI 20,PHI 17,724,807,38,27,Home,-11,65,3.5,54.5,1,outdoors,grass,41,9,Chip Kelly,Jason Garrett,PHI00,Lincoln Financial Field,0,0,NA,NA,L.McCoy,25,NA,NA,0,1,0,0,1,NA,00-0027029,NA,L.McCoy,25,00-0027029,L.McCoy,00-0027029,L.McCoy,00-0027029,0,1,-0.10587664786726236,NA,NA,NA,NA,NA,0.7641579508781433,-76.41579508781433,2014,Go for it,NA,NA,NA,NA,NA,NA,NA,NA,NA,NA,Punt
788,2014_15_DAL_PHI,2014121413,PHI,DAL,REG,15,PHI,home,DAL,PHI,76,2014-12-14,137,1037,2837,Half1,0,4,0,1,3,0,02:17,PHI 24,6,-3,"(2:17) (No Huddle, Shotgun) 3-M.Sanchez sacked at PHI 17 for -7 yards (92-J.Mincey).",pass,-7,1,1,1,0,0,0,NA,NA,NA,NA,NA,NA,NA,NA,NA,NA,3,3,0,NA,NA,NA,NA,3,3,0,14,0,14,-14,0,14,-14,0.029001077637076378,0.19274528324604034,0.003154846839606762,0.29266828298568726,0.18969537317752838,0.003415660932660103,0.2893194854259491,0,0,-0.03206968493759632,-2.074991757515818,-19.042526962973504,19.042526962973504,-1.8187747881165706,1.8187747881165706,-11.719121657544747,11.719121657544747,NA,NA,0,0,-5.654574208892882,5.654574208892882,-4.861914832610637,4.861914832610637,-8.029164630221203,8.029164630221203,-1.6149652698077261,1.6149652698077261,0.1656378209590912,0.8343621790409088,0.1656378209590912,0.8343621790409088,-0.03077585995197296,-0.05176909267902374,-0.05176909267902374,0.13486196100711823,0.8651380389928818,0.2361898422241211,0.2361898422241211,-0.10012156755587132,0.10012156755587132,-0.23894413844681195,0.23894413844681195,NA,NA,0,0,-0.022709737578396116,0.022709737578396116,-0.2107764184474945,0.2107764184474945,-0.022709737578396116,0.022709737578396116,-0.18545854091644287,0.18545854091644287,0,0,0,0,0,1,0,0,0,0,0,0,0,0,0,0,0,0,0,0,0,0,0,0,1,0,0,0,0,0,0,1,0,1,1,0,0,0,0,0,0,0,0,0,0,0,0,0,0,0,0,00-0026898,M.Sanchez,NA,NA,NA,NA,NA,NA,NA,NA,NA,NA,NA,NA,NA,NA,NA,NA,NA,NA,NA,NA,NA,NA,NA,NA,NA,NA,NA,NA,NA,NA,NA,NA,NA,NA,NA,00-0024405,J.Mincey,NA,NA,00-0024405,J.Mincey,NA,NA,NA,NA,NA,NA,NA,NA,DAL,NA,00-0024405,NA,J.Mincey,NA,NA,NA,NA,NA,NA,NA,NA,NA,NA,NA,NA,NA,0,NA,NA,NA,NA,NA,NA,NA,NA,NA,NA,NA,NA,NA,NA,NA,NA,NA,NA,NA,NA,NA,NA,NA,NA,00-0024405,J.Mincey,NA,NA,NA,NA,NA,0,NA,NA,NA,NA,0,NA,NA,0,0,0,0,NA,NA,2014,NA,NA,12,0,Punt,788,"12/14/14, 20:31:25",2014-12-15T02:03:11Z,Lincoln Financial Field,"Partly Cloudy Temp: 41° F, Humidity: 69%, Wind: NW 9 mph",10012014-1214-1333-37d5-82ac89e7c001,0,0,SACK,0,NA,NA,NA,5,Punt,2014-12-15T01:59:59Z,3,1:26,0,0,0,1,1,0,KICKOFF,PUNT,03:04,01:38,PHI 20,PHI 17,724,807,38,27,Home,-11,65,3.5,54.5,1,outdoors,grass,41,9,Chip Kelly,Jason Garrett,PHI00,Lincoln Financial Field,0,0,M.Sanchez,3,NA,NA,NA,NA,1,0,0,0,1,00-0026898,NA,NA,M.Sanchez,3,00-0026898,NA,NA,NA,NA,0,1,-2.074991757515818,NA,NA,NA,NA,NA,0.9825153350830078,1.7484664916992188,2014,Go for it,NA,NA,NA,NA,NA,NA,NA,NA,NA,NA,Punt
807,2014_15_DAL_PHI,2014121413,PHI,DAL,REG,15,PHI,home,DAL,PHI,83,2014-12-14,108,1008,2808,Half1,0,4,0,1,4,0,01:48,PHI 17,13,-3,"(1:48) 8-D.Jones punts 43 yards to DAL 40, Center-46-J.Dorenbos. 17-D.Harris to DAL 39 for -1 yards (23-N.Carroll). PHI-50-C.Matthews was injured during the play. His return is Questionable. PENALTY on PHI-11-J.Huff, Player Out of Bounds on Punt, 5 yards, enforced at DAL 39.",punt,0,0,0,0,0,0,0,NA,NA,NA,NA,NA,NA,NA,43,NA,NA,3,3,0,NA,NA,NA,NA,3,3,0,14,0,14,-14,0,14,-14,0.037582363933324814,0.2690969705581665,0.008068767376244068,0.4029998183250427,0.10634346306324005,0.0026049527805298567,0.17330363392829895,0,0,-2.107061442453414,0.17360137426294386,-18.86892558871056,18.86892558871056,-1.8187747881165706,1.8187747881165706,-11.719121657544747,11.719121657544747,NA,NA,0,0,-5.654574208892882,5.654574208892882,-4.861914832610637,4.861914832610637,-8.029164630221203,8.029164630221203,-1.6149652698077261,1.6149652698077261,0.13486196100711823,0.8651380389928818,0.13486196100711823,0.8651380389928818,-0.002851441502571106,1.6726553440093994e-4,1.6726553440093994e-4,0.13201051950454712,0.8679894804954529,0.18442074954509735,0.18442074954509735,-0.10012156755587132,0.10012156755587132,-0.23894413844681195,0.23894413844681195,NA,NA,0,0,-0.022709737578396116,0.022709737578396116,-0.2107764184474945,0.2107764184474945,-0.022709737578396116,0.022709737578396116,-0.18545854091644287,0.18545854091644287,0,0,0,0,0,0,0,0,0,0,0,0,0,0,0,0,0,0,0,0,0,0,0,0,1,0,1,0,0,0,0,0,0,0,0,0,0,0,0,0,0,0,0,1,0,0,0,0,0,0,0,NA,NA,NA,NA,NA,NA,NA,NA,NA,NA,NA,NA,NA,NA,NA,NA,NA,NA,NA,NA,NA,00-0028114,D.Harris,NA,NA,NA,NA,NA,NA,00-0022684,D.Jones,NA,NA,NA,NA,NA,NA,NA,NA,NA,NA,NA,NA,NA,NA,NA,NA,NA,NA,NA,NA,PHI,NA,00-0027744,NA,N.Carroll,NA,NA,NA,NA,NA,NA,NA,NA,NA,NA,NA,NA,NA,0,NA,NA,NA,NA,NA,NA,NA,NA,NA,NA,NA,NA,NA,NA,NA,NA,NA,NA,NA,NA,NA,NA,NA,NA,NA,NA,NA,NA,NA,NA,DAL,-1,PHI,00-0030990,J.Huff,5,0,NA,Player Out of Bounds on Punt,0,0,0,0,NA,NA,2014,NA,NA,12,0,Punt,807,"12/14/14, 20:31:25",2014-12-15T02:03:40Z,Lincoln Financial Field,"Partly Cloudy Temp: 41° F, Humidity: 69%, Wind: NW 9 mph",10012014-1214-1333-37d5-82ac89e7c001,0,0,PUNT,1,NA,NA,NA,5,Punt,2014-12-15T01:59:59Z,3,1:26,0,0,0,1,1,0,KICKOFF,PUNT,03:04,01:38,PHI 20,PHI 17,724,807,38,27,Home,-11,65,3.5,54.5,1,outdoors,grass,41,9,Chip Kelly,Jason Garrett,PHI00,Lincoln Financial Field,0,1,NA,NA,NA,NA,NA,NA,0,0,0,1,0,NA,NA,NA,NA,NA,NA,NA,NA,NA,NA,0,1,0.17360137426294386,NA,NA,NA,NA,NA,NA,NA,2014,Punt,-1.264221934019441,0.23848709192679962,0.15981229776856093,0.26032836767165324,0.1837840838774717,0,0.1547066941857338,0.2700198292732239,0.1547066941857338,0.1964263032176661,Punt
844,2014_15_DAL_PHI,2014121413,PHI,DAL,REG,15,DAL,away,PHI,DAL,56,2014-12-14,98,998,2798,Half1,0,5,0,1,1,0,01:38,DAL 44,10,56,(1:38) 21-J.Randle left end to DAL 43 for -1 yards (58-T.Cole).,run,-1,0,0,0,0,0,0,NA,NA,NA,NA,left,end,NA,NA,NA,NA,3,3,0,NA,NA,NA,NA,3,3,0,14,14,0,14,14,0,14,0.029607433825731277,0.11209902912378311,0.0018583525670692325,0.187135711312294,0.27045968174934387,0.003966816700994968,0.3948730230331421,0,0,1.9334600681904703,-0.6816045579034835,-18.187321030807077,18.187321030807077,-1.137170230213087,1.137170230213087,-11.719121657544747,11.719121657544747,NA,NA,0,0,-5.654574208892882,5.654574208892882,-4.861914832610637,4.861914832610637,-8.029164630221203,8.029164630221203,-1.6149652698077261,1.6149652698077261,0.8679894804954529,0.13201051950454712,0.13201051950454712,0.8679894804954529,-0.008213400840759277,-0.013411283493041992,0.013411283493041992,0.1402239203453064,0.8597760796546936,0.8154119849205017,0.1845880150794983,-0.09190816671511204,0.09190816671511204,-0.23894413844681195,0.23894413844681195,NA,NA,0,0,-0.022709737578396116,0.022709737578396116,-0.2107764184474945,0.2107764184474945,-0.022709737578396116,0.022709737578396116,-0.18545854091644287,0.18545854091644287,0,0,0,0,0,0,0,0,0,0,0,0,0,0,0,0,0,0,0,0,0,0,0,0,1,0,0,1,0,0,0,0,1,0,0,0,0,0,0,0,0,0,0,0,0,0,0,0,0,0,0,NA,NA,NA,NA,NA,NA,00-0030388,J.Randle,-1,NA,NA,NA,NA,NA,NA,NA,NA,NA,NA,NA,NA,NA,NA,NA,NA,NA,NA,NA,NA,NA,NA,NA,NA,NA,NA,NA,NA,00-0023579,T.Cole,NA,NA,NA,NA,NA,NA,NA,NA,NA,NA,NA,NA,PHI,NA,00-0023579,NA,T.Cole,NA,NA,NA,NA,NA,NA,NA,NA,NA,NA,NA,NA,NA,0,NA,NA,NA,NA,NA,NA,NA,NA,NA,NA,NA,NA,NA,NA,NA,NA,NA,NA,NA,NA,NA,NA,NA,NA,NA,NA,NA,NA,NA,NA,NA,0,NA,NA,NA,NA,0,NA,NA,0,0,0,0,NA,NA,2014,NA,NA,13,1,First down,844,"12/14/14, 20:31:25",2014-12-15T02:07:07Z,Lincoln Financial Field,"Partly Cloudy Temp: 41° F, Humidity: 69%, Wind: NW 9 mph",10012014-1214-1333-37d5-82ac89e7c001,0,0,RUSH,0,NA,NA,NA,6,Touchdown,2014-12-15T02:07:07Z,8,4:42,4,0,1,1,2,-10,PUNT,TOUCHDOWN,01:38,11:56,DAL 44,PHI 26,844,1140,38,27,Home,-11,65,3.5,54.5,1,outdoors,grass,41,9,Chip Kelly,Jason Garrett,PHI00,Lincoln Financial Field,0,0,NA,NA,J.Randle,21,NA,NA,0,1,0,0,1,NA,00-0030388,NA,J.Randle,21,00-0030388,J.Randle,00-0030388,J.Randle,00-0030388,0,1,-0.6816045579034835,NA,NA,NA,NA,NA,0.44047820568084717,-44.04782056808472,2014,Go for it,NA,NA,NA,NA,NA,NA,NA,NA,NA,NA,Punt
869,2014_15_DAL_PHI,2014121413,PHI,DAL,REG,15,DAL,away,PHI,DAL,57,2014-12-14,57,957,2757,Half1,0,5,0,1,2,0,00:57,DAL 43,11,56,(:57) (Shotgun) 9-T.Romo pass short left to 11-C.Beasley to PHI 44 for 13 yards (51-E.Acho).,pass,13,1,0,1,0,0,0,short,left,7,6,NA,NA,NA,NA,NA,NA,3,3,0,NA,NA,NA,NA,3,3,0,14,14,0,14,14,0,14,0.037599120289087296,0.1354953944683075,0.002514917403459549,0.21919099986553192,0.25420859456062317,0.004370769020169973,0.3466201722621918,0,0,1.2518555102869868,1.5192797936033458,-19.706600824410422,19.706600824410422,-1.137170230213087,1.137170230213087,-13.238401451148093,13.238401451148093,0.21308142342604697,1.3061983701772988,0.21308142342604697,1.3061983701772988,-5.867655632318929,5.867655632318929,-6.168113202787936,6.168113202787936,-8.24224605364725,8.24224605364725,-2.921163639985025,2.921163639985025,0.8597760796546936,0.1402239203453064,0.1402239203453064,0.8597760796546936,0.02940291166305542,0.016320228576660156,-0.016320228576660156,0.11082100868225098,0.889178991317749,0.8020007014274597,0.19799929857254028,-0.09190816671511204,0.09190816671511204,-0.26834705010986737,0.26834705010986737,0,0.02940291166305542,0,0.02940291166305542,-0.022709737578396116,0.022709737578396116,-0.24017933011054993,0.24017933011054993,-0.022709737578396116,0.022709737578396116,-0.2148614525794983,0.2148614525794983,0,0,1,0,0,0,0,0,0,0,0,0,0,0,0,0,0,0,0,0,0,0,0,0,1,0,0,0,0,0,0,0,0,1,0,0,0,0,0,0,0,0,0,0,0,1,0,0,0,0,0,00-0021678,T.Romo,13,00-0029000,C.Beasley,13,NA,NA,NA,NA,NA,NA,NA,NA,NA,NA,NA,NA,NA,NA,NA,NA,NA,NA,NA,NA,NA,NA,NA,NA,NA,NA,NA,NA,NA,NA,NA,NA,NA,NA,NA,NA,NA,NA,NA,NA,NA,NA,NA,NA,NA,PHI,NA,00-0029428,NA,E.Acho,NA,NA,NA,NA,NA,NA,NA,NA,NA,NA,NA,NA,NA,0,NA,NA,NA,NA,NA,NA,NA,NA,NA,NA,NA,NA,NA,NA,NA,NA,NA,NA,NA,NA,NA,NA,NA,NA,NA,NA,NA,NA,NA,NA,NA,0,NA,NA,NA,NA,0,NA,NA,0,0,0,0,NA,NA,2014,0.6931752562522888,30.682474374771118,13,1,First down,869,"12/14/14, 20:31:25",2014-12-15T02:07:48Z,Lincoln Financial Field,"Partly Cloudy Temp: 41° F, Humidity: 69%, Wind: NW 9 mph",10012014-1214-1333-37d5-82ac89e7c001,0,0,PASS,0,NA,NA,NA,6,Touchdown,2014-12-15T02:07:07Z,8,4:42,4,0,1,1,2,-10,PUNT,TOUCHDOWN,01:38,11:56,DAL 44,PHI 26,844,1140,38,27,Home,-11,65,3.5,54.5,1,outdoors,grass,41,9,Chip Kelly,Jason Garrett,PHI00,Lincoln Financial Field,0,1,T.Romo,9,NA,NA,C.Beasley,11,1,0,1,0,1,00-0021678,NA,00-0029000,T.Romo,9,00-0021678,C.Beasley,00-0029000,C.Beasley,00-0029000,0,1,1.5192797936033458,0.5985276823641346,3.390313971496653,2,0.9803021387779154,0.2943626181804575,0.7497243881225586,25.02756118774414,2014,Go for it,NA,NA,NA,NA,NA,NA,NA,NA,NA,NA,Punt
893,2014_15_DAL_PHI,2014121413,PHI,DAL,REG,15,DAL,away,PHI,PHI,44,2014-12-14,18,918,2718,Half1,0,5,0,1,1,0,00:18,PHI 44,10,56,(:18) (Shotgun) 9-T.Romo pass incomplete deep left.,pass,0,1,0,1,0,0,0,deep,left,20,NA,NA,NA,NA,NA,NA,NA,3,3,0,NA,NA,NA,NA,3,3,0,14,14,0,14,14,0,14,0.029030760750174522,0.08110297471284866,0.0012279219226911664,0.13395196199417114,0.3278285264968872,0.0033852802589535713,0.42347252368927,0,0,2.7711353038903326,-0.4628903460688889,-19.243710478341534,19.243710478341534,-1.137170230213087,1.137170230213087,-12.775511105079204,12.775511105079204,1.4521851079771295,-1.9150754540460184,0,0,-5.867655632318929,5.867655632318929,-6.168113202787936,6.168113202787936,-9.69443116162438,9.69443116162438,-1.0060881859390065,1.0060881859390065,0.889178991317749,0.11082100868225098,0.11082100868225098,0.889178991317749,-0.006332278251647949,-0.009464561939239502,0.009464561939239502,0.11715328693389893,0.8828467130661011,0.8183209300041199,0.18167906999588013,-0.09190816671511204,0.09190816671511204,-0.2620147718582194,0.2620147718582194,0,-0.006332278251647949,0,0,-0.022709737578396116,0.022709737578396116,-0.24017933011054993,0.24017933011054993,-0.022709737578396116,0.022709737578396116,-0.20852917432785034,0.20852917432785034,0,0,0,0,0,0,0,0,1,0,0,0,0,0,0,0,0,0,0,0,0,0,0,0,0,0,0,0,0,0,0,0,0,1,0,0,0,0,0,0,0,0,0,0,0,0,0,0,0,0,0,00-0021678,T.Romo,NA,NA,NA,NA,NA,NA,NA,NA,NA,NA,NA,NA,NA,NA,NA,NA,NA,NA,NA,NA,NA,NA,NA,NA,NA,NA,NA,NA,NA,NA,NA,NA,NA,NA,NA,NA,NA,NA,NA,NA,NA,NA,NA,NA,NA,NA,NA,NA,NA,NA,NA,NA,NA,NA,NA,NA,NA,NA,NA,NA,NA,NA,NA,NA,NA,NA,NA,0,NA,NA,NA,NA,NA,NA,NA,NA,NA,NA,NA,NA,NA,NA,NA,NA,NA,NA,NA,NA,NA,NA,NA,NA,NA,NA,NA,NA,NA,NA,NA,0,NA,NA,NA,NA,0,NA,NA,0,0,0,0,NA,NA,2014,NA,NA,14,1,First down,893,"12/14/14, 20:31:25",2014-12-15T02:08:28Z,Lincoln Financial Field,"Partly Cloudy Temp: 41° F, Humidity: 69%, Wind: NW 9 mph",10012014-1214-1333-37d5-82ac89e7c001,0,0,PASS,0,NA,NA,NA,6,Touchdown,2014-12-15T02:07:07Z,8,4:42,4,0,1,1,2,-10,PUNT,TOUCHDOWN,01:38,11:56,DAL 44,PHI 26,844,1140,38,27,Home,-11,65,3.5,54.5,1,outdoors,grass,41,9,Chip Kelly,Jason Garrett,PHI00,Lincoln Financial Field,0,0,T.Romo,9,NA,NA,NA,NA,1,0,0,0,1,00-0021678,NA,NA,T.Romo,9,00-0021678,NA,NA,NA,NA,0,1,-0.4628903460688889,NA,NA,NA,NA,NA,0.44145911931991577,55.85408806800842,2014,Go for it,NA,NA,NA,NA,NA,NA,NA,NA,NA,NA,Punt
915,2014_15_DAL_PHI,2014121413,PHI,DAL,REG,15,DAL,away,PHI,PHI,44,2014-12-14,13,913,2713,Half1,0,5,0,1,2,0,00:13,PHI 44,10,56,(:13) 21-J.Randle left end to PHI 30 for 14 yards (51-E.Acho).,run,14,0,0,0,0,0,0,NA,NA,NA,NA,left,end,NA,NA,NA,NA,3,3,0,NA,NA,NA,NA,3,3,0,14,14,0,14,14,0,14,0.03016507811844349,0.09612707793712616,0.001295326859690249,0.15780554711818695,0.31989842653274536,0.0037599115166813135,0.39094865322113037,0,0,2.3082449578214437,1.4788535836851224,-20.722564062026656,20.722564062026656,-2.6160238138982095,2.6160238138982095,-12.775511105079204,12.775511105079204,NA,NA,0,0,-5.867655632318929,5.867655632318929,-6.168113202787936,6.168113202787936,-9.69443116162438,9.69443116162438,-1.0060881859390065,1.0060881859390065,0.8828467130661011,0.11715328693389893,0.11715328693389893,0.8828467130661011,0.006800413131713867,0.02596426010131836,-0.02596426010131836,0.11035287380218506,0.8896471261978149,0.8088563680648804,0.19114363193511963,-0.0987085798468259,0.0987085798468259,-0.2620147718582194,0.2620147718582194,NA,NA,0,0,-0.022709737578396116,0.022709737578396116,-0.24017933011054993,0.24017933011054993,-0.022709737578396116,0.022709737578396116,-0.20852917432785034,0.20852917432785034,0,1,0,0,0,0,0,0,0,0,0,0,0,0,0,0,0,0,0,0,0,0,0,0,1,0,0,0,0,0,0,0,1,0,0,0,0,0,0,0,0,0,0,0,0,0,0,0,0,0,0,NA,NA,NA,NA,NA,NA,00-0030388,J.Randle,14,NA,NA,NA,NA,NA,NA,NA,NA,NA,NA,NA,NA,NA,NA,NA,NA,NA,NA,NA,NA,NA,NA,NA,NA,NA,NA,NA,NA,NA,NA,NA,NA,NA,NA,NA,NA,NA,NA,NA,NA,NA,NA,PHI,NA,00-0029428,NA,E.Acho,NA,NA,NA,NA,NA,NA,NA,NA,NA,NA,NA,NA,NA,0,NA,NA,NA,NA,NA,NA,NA,NA,NA,NA,NA,NA,NA,NA,NA,NA,NA,NA,NA,NA,NA,NA,NA,NA,NA,NA,NA,NA,NA,NA,NA,0,NA,NA,NA,NA,0,NA,NA,0,0,0,0,NA,NA,2014,NA,NA,14,1,First down,915,"12/14/14, 20:31:25",2014-12-15T02:09:12Z,Lincoln Financial Field,"Partly Cloudy Temp: 41° F, Humidity: 69%, Wind: NW 9 mph",10012014-1214-1333-37d5-82ac89e7c001,0,0,RUSH,0,NA,NA,NA,6,Touchdown,2014-12-15T02:07:07Z,8,4:42,4,0,1,1,2,-10,PUNT,TOUCHDOWN,01:38,11:56,DAL 44,PHI 26,844,1140,38,27,Home,-11,65,3.5,54.5,1,outdoors,grass,41,9,Chip Kelly,Jason Garrett,PHI00,Lincoln Financial Field,0,1,NA,NA,J.Randle,21,NA,NA,0,1,1,0,1,NA,00-0030388,NA,J.Randle,21,00-0030388,J.Randle,00-0030388,J.Randle,00-0030388,0,1,1.4788535836851224,NA,NA,NA,NA,NA,0.5383145213127136,-53.83145213127136,2014,Go for it,NA,NA,NA,NA,NA,NA,NA,NA,NA,NA,Punt
936,2014_15_DAL_PHI,2014121413,PHI,DAL,REG,15,DAL,away,PHI,NA,NA,2014-12-14,0,900,2700,Half1,1,5,0,1,NA,0,00:00,PHI 30,0,56,END QUARTER 1,NA,NA,0,0,NA,0,0,0,NA,NA,NA,NA,NA,NA,NA,NA,NA,NA,3,3,NA,NA,NA,NA,NA,3,3,0,14,14,0,14,14,0,14,0,0,0,0,0,0,0,0,0,3.787098541506566,-0,-20.722564062026656,20.722564062026656,-2.6160238138982095,2.6160238138982095,-12.775511105079204,12.775511105079204,NA,NA,NA,NA,-5.867655632318929,5.867655632318929,-6.168113202787936,6.168113202787936,-9.69443116162438,9.69443116162438,-1.0060881859390065,1.0060881859390065,0.8896471261978149,0.11035287380218506,0.11035287380218506,0.8896471261978149,-0,-0,0,0.11035287380218506,0.8896471261978149,0.8348206281661987,0.16517937183380127,-0.0987085798468259,0.0987085798468259,-0.2620147718582194,0.2620147718582194,NA,NA,NA,NA,-0.022709737578396116,0.022709737578396116,-0.24017933011054993,0.24017933011054993,-0.022709737578396116,0.022709737578396116,-0.20852917432785034,0.20852917432785034,NA,NA,NA,NA,NA,NA,NA,NA,NA,0,NA,NA,NA,NA,NA,NA,NA,NA,NA,NA,NA,NA,NA,NA,NA,NA,NA,NA,NA,NA,NA,NA,NA,NA,NA,NA,NA,NA,NA,NA,NA,NA,NA,NA,NA,NA,NA,NA,NA,NA,NA,NA,NA,NA,NA,NA,NA,NA,NA,NA,NA,NA,NA,NA,NA,NA,NA,NA,NA,NA,NA,NA,NA,NA,NA,NA,NA,NA,NA,NA,NA,NA,NA,NA,NA,NA,NA,NA,NA,NA,NA,NA,NA,NA,NA,NA,NA,NA,NA,NA,NA,NA,NA,NA,NA,NA,NA,NA,NA,NA,NA,NA,NA,NA,NA,NA,NA,NA,NA,NA,NA,NA,NA,NA,NA,NA,NA,NA,NA,NA,NA,NA,NA,NA,NA,NA,NA,NA,NA,NA,NA,NA,NA,NA,NA,NA,NA,NA,NA,NA,NA,NA,NA,NA,NA,NA,NA,0,NA,NA,NA,NA,NA,NA,NA,NA,2014,NA,NA,15,1,First down,936,"12/14/14, 20:31:25",NA,Lincoln Financial Field,"Partly Cloudy Temp: 41° F, Humidity: 69%, Wind: NW 9 mph",10012014-1214-1333-37d5-82ac89e7c001,0,0,END_QUARTER,0,NA,NA,NA,6,Touchdown,2014-12-15T02:07:07Z,8,4:42,4,0,1,1,2,-10,PUNT,TOUCHDOWN,01:38,11:56,DAL 44,PHI 26,844,1140,38,27,Home,-11,65,3.5,54.5,1,outdoors,grass,41,9,Chip Kelly,Jason Garrett,PHI00,Lincoln Financial Field,0,0,NA,NA,NA,NA,NA,NA,0,0,NA,0,0,NA,NA,NA,NA,NA,NA,NA,NA,NA,NA,0,1,-0,NA,NA,NA,NA,NA,NA,NA,2014,Other,NA,NA,NA,NA,NA,NA,NA,NA,NA,NA,Punt
952,2014_15_DAL_PHI,2014121413,PHI,DAL,REG,15,DAL,away,PHI,PHI,30,2014-12-14,900,900,2700,Half1,0,5,0,2,1,0,15:00,PHI 30,10,56,(15:00) 29-D.Murray right end to PHI 25 for 5 yards (95-M.Kendricks).,run,5,0,0,0,0,0,0,NA,NA,NA,NA,right,end,NA,NA,NA,NA,3,3,0,NA,NA,NA,NA,3,3,0,14,14,0,14,14,0,14,0.01569395698606968,0.044049035757780075,6.248035351745784e-4,0.07722026854753494,0.3926161527633667,0.0010764631442725658,0.46871939301490784,0,0,3.787098541506566,0.12763947411440313,-20.85020353614106,20.85020353614106,-2.7436632880126126,2.7436632880126126,-12.775511105079204,12.775511105079204,NA,NA,0,0,-5.867655632318929,5.867655632318929,-6.168113202787936,6.168113202787936,-9.69443116162438,9.69443116162438,-1.0060881859390065,1.0060881859390065,0.8896471261978149,0.11035287380218506,0.11035287380218506,0.8896471261978149,0.002701401710510254,-0.007228493690490723,0.007228493690490723,0.1076514720916748,0.8923485279083252,0.8348206281661987,0.16517937183380127,-0.10140998155733616,0.10140998155733616,-0.2620147718582194,0.2620147718582194,NA,NA,0,0,-0.022709737578396116,0.022709737578396116,-0.24017933011054993,0.24017933011054993,-0.022709737578396116,0.022709737578396116,-0.20852917432785034,0.20852917432785034,0,0,0,0,0,0,0,0,0,0,0,0,0,0,0,0,0,0,0,0,0,0,0,0,1,0,0,0,0,0,0,0,1,0,0,0,0,0,0,0,0,0,0,0,0,0,0,0,0,0,0,NA,NA,NA,NA,NA,NA,00-0028009,D.Murray,5,NA,NA,NA,NA,NA,NA,NA,NA,NA,NA,NA,NA,NA,NA,NA,NA,NA,NA,NA,NA,NA,NA,NA,NA,NA,NA,NA,NA,NA,NA,NA,NA,NA,NA,NA,NA,NA,NA,NA,NA,NA,NA,PHI,NA,00-0029409,NA,M.Kendricks,NA,NA,NA,NA,NA,NA,NA,NA,NA,NA,NA,NA,NA,0,NA,NA,NA,NA,NA,NA,NA,NA,NA,NA,NA,NA,NA,NA,NA,NA,NA,NA,NA,NA,NA,NA,NA,NA,NA,NA,NA,NA,NA,NA,NA,0,NA,NA,NA,NA,0,NA,NA,0,0,0,0,NA,NA,2014,NA,NA,15,1,First down,952,"12/14/14, 20:31:25",2014-12-15T02:12:10Z,Lincoln Financial Field,"Partly Cloudy Temp: 41° F, Humidity: 69%, Wind: NW 9 mph",10012014-1214-1333-37d5-82ac89e7c001,0,0,RUSH,0,NA,NA,NA,6,Touchdown,2014-12-15T02:07:07Z,8,4:42,4,0,1,1,2,-10,PUNT,TOUCHDOWN,01:38,11:56,DAL 44,PHI 26,844,1140,38,27,Home,-11,65,3.5,54.5,1,outdoors,grass,41,9,Chip Kelly,Jason Garrett,PHI00,Lincoln Financial Field,0,1,NA,NA,D.Murray,29,NA,NA,0,1,0,0,1,NA,00-0028009,NA,D.Murray,29,00-0028009,D.Murray,00-0028009,D.Murray,00-0028009,0,1,0.12763947411440313,NA,NA,NA,NA,NA,0.41767242550849915,-41.767242550849915,2014,Go for it,NA,NA,NA,NA,NA,NA,NA,NA,NA,NA,Punt
973,2014_15_DAL_PHI,2014121413,PHI,DAL,REG,15,DAL,away,PHI,PHI,25,2014-12-14,866,866,2666,Half1,0,5,0,2,2,0,14:26,PHI 25,5,56,"(14:26) 29-D.Murray right end to PHI 26 for -1 yards (27-M.Jenkins). PENALTY on DAL-82-J.Witten, Offensive Holding, 10 yards, enforced at PHI 25 - No Play.",no_play,0,0,0,0,0,0,0,NA,NA,NA,NA,NA,NA,NA,NA,NA,NA,3,3,0,NA,NA,NA,NA,3,3,0,14,14,0,14,14,0,14,0.01377180591225624,0.036530591547489166,5.91943331528455e-4,0.06675118952989578,0.419598251581192,0.0010631633922457695,0.4616929888725281,0,0,3.9147380156209692,-1.2539672999409959,-19.596236236200063,19.596236236200063,-2.7436632880126126,2.7436632880126126,-12.775511105079204,12.775511105079204,NA,NA,0,0,-5.867655632318929,5.867655632318929,-6.168113202787936,6.168113202787936,-9.69443116162438,9.69443116162438,-1.0060881859390065,1.0060881859390065,0.8923485279083252,0.1076514720916748,0.1076514720916748,0.8923485279083252,-0.005147695541381836,-0.020229995250701904,0.020229995250701904,0.11279916763305664,0.8872008323669434,0.827592134475708,0.172407865524292,-0.10140998155733616,0.10140998155733616,-0.2620147718582194,0.2620147718582194,NA,NA,0,0,-0.022709737578396116,0.022709737578396116,-0.24017933011054993,0.24017933011054993,-0.022709737578396116,0.022709737578396116,-0.20852917432785034,0.20852917432785034,0,0,0,0,0,0,0,0,0,0,0,0,0,0,0,0,0,0,0,0,0,0,0,0,0,0,1,0,0,0,0,0,0,0,0,0,0,0,0,0,0,0,0,0,0,0,0,0,0,0,0,NA,NA,NA,NA,NA,NA,NA,NA,NA,NA,NA,NA,NA,NA,NA,NA,NA,NA,NA,NA,NA,NA,NA,NA,NA,NA,NA,NA,NA,NA,NA,NA,NA,NA,NA,NA,NA,NA,NA,NA,NA,NA,NA,NA,NA,NA,NA,NA,NA,NA,NA,NA,NA,NA,NA,NA,NA,NA,NA,NA,NA,NA,NA,NA,NA,NA,NA,NA,NA,0,NA,NA,NA,NA,NA,NA,NA,NA,NA,NA,NA,NA,NA,NA,NA,NA,NA,NA,NA,NA,NA,NA,NA,NA,NA,NA,NA,NA,NA,NA,NA,0,DAL,00-0022127,J.Witten,10,0,NA,Offensive Holding,0,0,0,0,NA,NA,2014,NA,NA,15,1,First down,973,"12/14/14, 20:31:25",2014-12-15T02:12:44Z,Lincoln Financial Field,"Partly Cloudy Temp: 41° F, Humidity: 69%, Wind: NW 9 mph",10012014-1214-1333-37d5-82ac89e7c001,0,0,PENALTY,0,NA,NA,NA,6,Touchdown,2014-12-15T02:07:07Z,8,4:42,4,0,1,1,2,-10,PUNT,TOUCHDOWN,01:38,11:56,DAL 44,PHI 26,844,1140,38,27,Home,-11,65,3.5,54.5,1,outdoors,grass,41,9,Chip Kelly,Jason Garrett,PHI00,Lincoln Financial Field,0,0,NA,NA,D.Murray,29,NA,NA,0,1,0,0,1,NA,00-0028009,NA,D.Murray,29,00-0028009,NA,NA,D.Murray,00-0028009,0,1,-1.2539672999409959,NA,NA,NA,NA,NA,0.4390050172805786,-43.90050172805786,2014,Other,NA,NA,NA,NA,NA,NA,NA,NA,NA,NA,Punt
1005,2014_15_DAL_PHI,2014121413,PHI,DAL,REG,15,DAL,away,PHI,PHI,35,2014-12-14,844,844,2644,Half1,0,5,0,2,2,0,14:04,PHI 35,15,56,(14:04) (Shotgun) 9-T.Romo pass short left to 11-C.Beasley to PHI 25 for 10 yards (22-B.Boykin).,pass,10,1,0,1,0,0,0,short,left,-2,12,NA,NA,NA,NA,NA,NA,3,3,0,NA,NA,NA,NA,3,3,0,14,14,0,14,14,0,14,0.029405219480395317,0.06901074945926666,0.0011062314733862877,0.11330334097146988,0.4587208032608032,0.0024398898240178823,0.32601380348205566,0,0,2.6607707156799734,0.6449063402833417,-20.241142576483405,20.241142576483405,-2.7436632880126126,2.7436632880126126,-13.420417445362546,13.420417445362546,-1.1285869418643415,1.7734932821476832,-1.1285869418643415,1.7734932821476832,-4.739068690454587,4.739068690454587,-7.941606484935619,7.941606484935619,-8.565844219760038,8.565844219760038,-2.7795814680866897,2.7795814680866897,0.8872008323669434,0.11279916763305664,0.11279916763305664,0.8872008323669434,0.002553403377532959,0.03052830696105957,-0.03052830696105957,0.11024576425552368,0.8897542357444763,0.8073621392250061,0.1926378607749939,-0.10140998155733616,0.10140998155733616,-0.2645681752357524,0.2645681752357524,0,0.002553403377532959,0,0.002553403377532959,-0.022709737578396116,0.022709737578396116,-0.24273273348808289,0.24273273348808289,-0.022709737578396116,0.022709737578396116,-0.2110825777053833,0.2110825777053833,0,0,0,0,0,0,0,0,0,0,0,0,0,0,0,0,0,0,0,0,0,0,0,0,1,0,0,0,0,0,0,0,0,1,0,0,0,0,0,0,0,0,0,0,0,1,0,0,0,0,0,00-0021678,T.Romo,10,00-0029000,C.Beasley,10,NA,NA,NA,NA,NA,NA,NA,NA,NA,NA,NA,NA,NA,NA,NA,NA,NA,NA,NA,NA,NA,NA,NA,NA,NA,NA,NA,NA,NA,NA,NA,NA,NA,NA,NA,NA,NA,NA,NA,NA,NA,NA,NA,NA,NA,PHI,NA,00-0029416,NA,B.Boykin,NA,NA,NA,NA,NA,NA,NA,NA,NA,NA,NA,NA,NA,0,NA,NA,NA,NA,NA,NA,NA,NA,NA,NA,NA,NA,NA,NA,NA,NA,NA,NA,NA,NA,NA,NA,NA,NA,NA,NA,NA,NA,NA,NA,NA,0,NA,NA,NA,NA,0,NA,NA,0,0,0,0,NA,NA,2014,0.8589874505996704,14.101254940032959,15,1,First down,1005,"12/14/14, 20:31:25",2014-12-15T02:13:39Z,Lincoln Financial Field,"Partly Cloudy Temp: 41° F, Humidity: 69%, Wind: NW 9 mph",10012014-1214-1333-37d5-82ac89e7c001,0,0,PASS,0,NA,NA,NA,6,Touchdown,2014-12-15T02:07:07Z,8,4:42,4,0,1,1,2,-10,PUNT,TOUCHDOWN,01:38,11:56,DAL 44,PHI 26,844,1140,38,27,Home,-11,65,3.5,54.5,1,outdoors,grass,41,9,Chip Kelly,Jason Garrett,PHI00,Lincoln Financial Field,0,1,T.Romo,9,NA,NA,C.Beasley,11,1,0,0,0,1,00-0021678,NA,00-0029000,T.Romo,9,00-0021678,C.Beasley,00-0029000,C.Beasley,00-0029000,0,1,0.6449063402833417,1.3536658318902368,8.870009924750775,7,0.5614253123058006,0.11960063397418708,0.7716341614723206,22.836583852767944,2014,Go for it,NA,NA,NA,NA,NA,NA,NA,NA,NA,NA,Punt
1029,2014_15_DAL_PHI,2014121413,PHI,DAL,REG,15,DAL,away,PHI,PHI,25,2014-12-14,802,802,2602,Half1,0,5,0,2,3,0,13:22,PHI 25,5,56,"(13:22) (Shotgun) PENALTY on DAL-77-T.Smith, False Start, 5 yards, enforced at PHI 25 - No Play.",no_play,0,1,0,0,0,0,0,NA,NA,NA,NA,NA,NA,NA,NA,NA,NA,3,3,0,NA,NA,NA,NA,3,3,0,14,14,0,14,14,0,14,0.01620066538453102,0.04290490224957466,5.92240656260401e-4,0.07697746157646179,0.5158833861351013,0.001064292504452169,0.34637710452079773,0,0,3.305677055963315,-0.5946343841496855,-19.64650819233372,19.64650819233372,-2.7436632880126126,2.7436632880126126,-13.420417445362546,13.420417445362546,NA,NA,0,0,-4.739068690454587,4.739068690454587,-7.941606484935619,7.941606484935619,-8.565844219760038,8.565844219760038,-2.7795814680866897,2.7795814680866897,0.8897542357444763,0.11024576425552368,0.11024576425552368,0.8897542357444763,-0.015449106693267822,-0.0063405632972717285,0.0063405632972717285,0.1256948709487915,0.8743051290512085,0.8378904461860657,0.16210955381393433,-0.10140998155733616,0.10140998155733616,-0.2645681752357524,0.2645681752357524,NA,NA,0,0,-0.022709737578396116,0.022709737578396116,-0.24273273348808289,0.24273273348808289,-0.022709737578396116,0.022709737578396116,-0.2110825777053833,0.2110825777053833,0,0,0,0,0,0,0,0,0,0,0,0,0,0,0,0,0,0,0,0,0,0,0,0,0,0,1,0,0,0,0,0,0,0,0,0,0,0,0,0,0,0,0,0,0,0,0,0,0,0,0,NA,NA,NA,NA,NA,NA,NA,NA,NA,NA,NA,NA,NA,NA,NA,NA,NA,NA,NA,NA,NA,NA,NA,NA,NA,NA,NA,NA,NA,NA,NA,NA,NA,NA,NA,NA,NA,NA,NA,NA,NA,NA,NA,NA,NA,NA,NA,NA,NA,NA,NA,NA,NA,NA,NA,NA,NA,NA,NA,NA,NA,NA,NA,NA,NA,NA,NA,NA,NA,0,NA,NA,NA,NA,NA,NA,NA,NA,NA,NA,NA,NA,NA,NA,NA,NA,NA,NA,NA,NA,NA,NA,NA,NA,NA,NA,NA,NA,NA,NA,NA,0,DAL,00-0027947,T.Smith,5,0,NA,False Start,0,0,0,0,NA,NA,2014,NA,NA,15,1,First down,1029,"12/14/14, 20:31:25",2014-12-15T02:14:21Z,Lincoln Financial Field,"Partly Cloudy Temp: 41° F, Humidity: 69%, Wind: NW 9 mph",10012014-1214-1333-37d5-82ac89e7c001,0,0,PENALTY,0,NA,NA,NA,6,Touchdown,2014-12-15T02:07:07Z,8,4:42,4,0,1,1,2,-10,PUNT,TOUCHDOWN,01:38,11:56,DAL 44,PHI 26,844,1140,38,27,Home,-11,65,3.5,54.5,1,outdoors,grass,41,9,Chip Kelly,Jason Garrett,PHI00,Lincoln Financial Field,0,0,NA,NA,NA,NA,NA,NA,0,0,0,0,1,NA,NA,NA,NA,NA,NA,NA,NA,NA,NA,0,1,-0.5946343841496855,NA,NA,NA,NA,NA,0.9546601176261902,NA,2014,Other,NA,NA,NA,NA,NA,NA,NA,NA,NA,NA,Punt
1052,2014_15_DAL_PHI,2014121413,PHI,DAL,REG,15,DAL,away,PHI,PHI,30,2014-12-14,778,778,2578,Half1,0,5,0,2,3,0,12:58,PHI 30,10,56,"(12:58) (Shotgun) 9-T.Romo sacked at PHI 38 for -8 yards (91-F.Cox). PENALTY on PHI-26-C.Williams, Illegal Contact, 5 yards, enforced at PHI 30 - No Play.",no_play,0,1,0,0,0,0,0,NA,NA,NA,NA,NA,NA,NA,NA,NA,NA,3,3,0,NA,NA,NA,NA,3,3,0,14,14,0,14,14,0,14,0.02434043399989605,0.06328486651182175,6.513137486763299e-4,0.10629469156265259,0.49652057886123657,0.0011311494745314121,0.30777695775032043,0,0,2.7110426718136296,1.366384339868091,-21.01289253220181,21.01289253220181,-2.7436632880126126,2.7436632880126126,-13.420417445362546,13.420417445362546,NA,NA,0,0,-4.739068690454587,4.739068690454587,-7.941606484935619,7.941606484935619,-8.565844219760038,8.565844219760038,-2.7795814680866897,2.7795814680866897,0.8743051290512085,0.1256948709487915,0.1256948709487915,0.8743051290512085,0.027799785137176514,0.026396095752716064,-0.026396095752716064,0.1256948709487915,0.8743051290512085,0.831549882888794,0.16845011711120605,-0.10140998155733616,0.10140998155733616,-0.2645681752357524,0.2645681752357524,NA,NA,0,0,-0.022709737578396116,0.022709737578396116,-0.24273273348808289,0.24273273348808289,-0.022709737578396116,0.022709737578396116,-0.2110825777053833,0.2110825777053833,0,0,0,1,0,0,0,0,0,0,0,0,0,0,0,0,0,0,0,0,0,0,0,0,0,0,1,0,0,0,0,0,0,0,0,0,0,0,0,0,0,0,0,0,0,0,0,0,0,0,0,NA,NA,NA,NA,NA,NA,NA,NA,NA,NA,NA,NA,NA,NA,NA,NA,NA,NA,NA,NA,NA,NA,NA,NA,NA,NA,NA,NA,NA,NA,NA,NA,NA,NA,NA,NA,NA,NA,NA,NA,NA,NA,NA,NA,NA,NA,NA,NA,NA,NA,NA,NA,NA,NA,NA,NA,NA,NA,NA,NA,NA,NA,NA,NA,NA,NA,NA,NA,NA,0,NA,NA,NA,NA,NA,NA,NA,NA,NA,NA,NA,NA,NA,NA,NA,NA,NA,NA,NA,NA,NA,NA,NA,NA,NA,NA,NA,NA,NA,NA,NA,0,PHI,00-0026369,C.Williams,5,0,NA,Illegal Contact,0,0,0,0,NA,NA,2014,NA,NA,15,1,First down,1052,"12/14/14, 20:31:25",2014-12-15T02:15:11Z,Lincoln Financial Field,"Partly Cloudy Temp: 41° F, Humidity: 69%, Wind: NW 9 mph",10012014-1214-1333-37d5-82ac89e7c001,0,0,PENALTY,0,NA,NA,NA,6,Touchdown,2014-12-15T02:07:07Z,8,4:42,4,0,1,1,2,-10,PUNT,TOUCHDOWN,01:38,11:56,DAL 44,PHI 26,844,1140,38,27,Home,-11,65,3.5,54.5,1,outdoors,grass,41,9,Chip Kelly,Jason Garrett,PHI00,Lincoln Financial Field,0,1,T.Romo,9,NA,NA,NA,NA,1,0,1,0,1,00-0021678,NA,NA,T.Romo,9,00-0021678,NA,NA,NA,NA,0,1,1.366384339868091,NA,NA,NA,NA,NA,0.9578353762626648,4.2164623737335205,2014,Other,NA,NA,NA,NA,NA,NA,NA,NA,NA,NA,Punt
1082,2014_15_DAL_PHI,2014121413,PHI,DAL,REG,15,DAL,away,PHI,PHI,25,2014-12-14,747,747,2547,Half1,0,5,0,2,1,0,12:27,PHI 25,10,56,(12:27) 29-D.Murray left end to PHI 26 for -1 yards (26-C.Williams).,run,-1,0,0,0,0,0,0,NA,NA,NA,NA,left,end,NA,NA,NA,NA,3,3,0,NA,NA,NA,NA,3,3,0,14,14,0,14,14,0,14,0.01955130510032177,0.03417818993330002,6.245371187105775e-4,0.06077263876795769,0.3955470323562622,0.0010611750185489655,0.48826509714126587,0,0,4.077427011681721,-0.7416672359686345,-20.271225296233176,20.271225296233176,-2.001996052043978,2.001996052043978,-13.420417445362546,13.420417445362546,NA,NA,0,0,-4.739068690454587,4.739068690454587,-7.941606484935619,7.941606484935619,-8.565844219760038,8.565844219760038,-2.7795814680866897,2.7795814680866897,0.902104914188385,0.09789508581161499,0.09789508581161499,0.902104914188385,-0.008538484573364258,-0.01339048147201538,0.01339048147201538,0.10643357038497925,0.8935664296150208,0.85794597864151,0.14205402135849,-0.0928714969839719,0.0928714969839719,-0.2645681752357524,0.2645681752357524,NA,NA,0,0,-0.022709737578396116,0.022709737578396116,-0.24273273348808289,0.24273273348808289,-0.022709737578396116,0.022709737578396116,-0.2110825777053833,0.2110825777053833,0,0,0,0,0,0,0,0,0,0,0,0,0,0,0,0,0,0,0,0,0,0,0,0,1,0,0,1,0,0,0,0,1,0,0,0,0,0,0,0,0,0,0,0,0,0,0,0,0,0,0,NA,NA,NA,NA,NA,NA,00-0028009,D.Murray,-1,NA,NA,NA,NA,NA,NA,NA,NA,NA,NA,NA,NA,NA,NA,NA,NA,NA,NA,NA,NA,NA,NA,NA,NA,NA,NA,NA,NA,00-0026369,C.Williams,NA,NA,NA,NA,NA,NA,NA,NA,NA,NA,NA,NA,PHI,NA,00-0026369,NA,C.Williams,NA,NA,NA,NA,NA,NA,NA,NA,NA,NA,NA,NA,NA,0,NA,NA,NA,NA,NA,NA,NA,NA,NA,NA,NA,NA,NA,NA,NA,NA,NA,NA,NA,NA,NA,NA,NA,NA,NA,NA,NA,NA,NA,NA,NA,0,NA,NA,NA,NA,0,NA,NA,0,0,0,0,NA,NA,2014,NA,NA,16,1,Touchdown,1082,"12/14/14, 20:31:25",2014-12-15T02:16:22Z,Lincoln Financial Field,"Partly Cloudy Temp: 41° F, Humidity: 69%, Wind: NW 9 mph",10012014-1214-1333-37d5-82ac89e7c001,0,0,RUSH,0,NA,NA,NA,6,Touchdown,2014-12-15T02:07:07Z,8,4:42,4,0,1,1,2,-10,PUNT,TOUCHDOWN,01:38,11:56,DAL 44,PHI 26,844,1140,38,27,Home,-11,65,3.5,54.5,1,outdoors,grass,41,9,Chip Kelly,Jason Garrett,PHI00,Lincoln Financial Field,0,0,NA,NA,D.Murray,29,NA,NA,0,1,0,0,1,NA,00-0028009,NA,D.Murray,29,00-0028009,D.Murray,00-0028009,D.Murray,00-0028009,0,1,-0.7416672359686345,NA,NA,NA,NA,NA,0.39199143648147583,-39.19914364814758,2014,Go for it,NA,NA,NA,NA,NA,NA,NA,NA,NA,NA,Punt
1103,2014_15_DAL_PHI,2014121413,PHI,DAL,REG,15,NA,NA,NA,NA,NA,2014-12-14,721,721,2521,Half1,0,5,0,2,NA,0,12:01,PHI 26,0,56,Timeout #1 by DAL at 12:01.,no_play,0,0,0,0,0,0,0,NA,NA,NA,NA,NA,NA,NA,NA,NA,NA,3,2,1,DAL,NA,NA,NA,NA,NA,0,14,NA,NA,NA,NA,NA,NA,0,0,0,0,0,0,0,0,0,3.335759775713086,-0,-20.271225296233176,20.271225296233176,-2.001996052043978,2.001996052043978,-13.420417445362546,13.420417445362546,NA,NA,0,0,-4.739068690454587,4.739068690454587,-7.941606484935619,7.941606484935619,-8.565844219760038,8.565844219760038,-2.7795814680866897,2.7795814680866897,0.8935664296150208,0.10643357038497925,0.10643357038497925,0.8935664296150208,-0,-0,0,NA,NA,0.8445554971694946,0.15544450283050537,-0.0928714969839719,0.0928714969839719,-0.2645681752357524,0.2645681752357524,NA,NA,0,0,-0.022709737578396116,0.022709737578396116,-0.24273273348808289,0.24273273348808289,-0.022709737578396116,0.022709737578396116,-0.2110825777053833,0.2110825777053833,0,0,0,0,0,0,0,0,0,0,0,0,0,0,0,0,0,0,0,0,0,0,0,0,0,0,0,0,0,0,0,0,0,0,0,0,0,0,0,0,0,0,0,0,0,0,0,0,0,0,0,NA,NA,NA,NA,NA,NA,NA,NA,NA,NA,NA,NA,NA,NA,NA,NA,NA,NA,NA,NA,NA,NA,NA,NA,NA,NA,NA,NA,NA,NA,NA,NA,NA,NA,NA,NA,NA,NA,NA,NA,NA,NA,NA,NA,NA,NA,NA,NA,NA,NA,NA,NA,NA,NA,NA,NA,NA,NA,NA,NA,NA,NA,NA,NA,NA,NA,NA,NA,NA,0,NA,NA,NA,NA,NA,NA,NA,NA,NA,NA,NA,NA,NA,NA,NA,NA,NA,NA,NA,NA,NA,NA,NA,NA,NA,NA,NA,NA,NA,NA,NA,0,NA,NA,NA,NA,0,NA,NA,0,0,0,0,NA,NA,2014,NA,NA,16,1,Touchdown,1103,"12/14/14, 20:31:25",2014-12-15T02:17:19Z,Lincoln Financial Field,"Partly Cloudy Temp: 41° F, Humidity: 69%, Wind: NW 9 mph",10012014-1214-1333-37d5-82ac89e7c001,0,0,TIMEOUT,0,NA,NA,NA,6,Touchdown,2014-12-15T02:07:07Z,8,4:42,4,0,1,1,2,-10,PUNT,TOUCHDOWN,01:38,11:56,DAL 44,PHI 26,844,1140,38,27,Home,-11,65,3.5,54.5,1,outdoors,grass,41,9,Chip Kelly,Jason Garrett,PHI00,Lincoln Financial Field,0,0,NA,NA,NA,NA,NA,NA,0,0,0,0,0,NA,NA,NA,NA,NA,NA,NA,NA,NA,NA,0,1,-0,NA,NA,NA,NA,NA,NA,NA,2014,Other,NA,NA,NA,NA,NA,NA,NA,NA,NA,NA,Punt
1120,2014_15_DAL_PHI,2014121413,PHI,DAL,REG,15,DAL,away,PHI,PHI,26,2014-12-14,721,721,2521,Half1,0,5,1,2,2,0,12:01,PHI 26,11,56,"(12:01) (Shotgun) 9-T.Romo pass deep right to 88-D.Bryant for 26 yards, TOUCHDOWN.",pass,26,1,0,1,0,0,0,deep,right,26,0,NA,NA,NA,NA,NA,NA,3,2,0,NA,DAL,D.Bryant,00-0027902,2,3,0,20,14,0,14,20,0,20,0.02579045109450817,0.04066343232989311,6.590713746845722e-4,0.06528978794813156,0.5379161238670349,0.0010839174501597881,0.32859721779823303,0,0,3.335759775713086,3.664240224286914,-23.93546552052009,23.93546552052009,-2.001996052043978,2.001996052043978,-17.08465766964946,17.08465766964946,3.664240224286914,0,3.664240224286914,0,-8.403308914741501,8.403308914741501,-7.941606484935619,7.941606484935619,-12.230084444046952,12.230084444046952,-2.7795814680866897,2.7795814680866897,0.8935664296150208,0.10643357038497925,0.10643357038497925,0.8935664296150208,0.02540082310933267,0.010392857976023517,-0.010392857976023517,0.08103274727564658,0.9189672527243534,0.8445554971694946,0.15544450283050537,-0.0928714969839719,0.0928714969839719,-0.28996899834508505,0.28996899834508505,0.02540082310933267,0,0.02540082310933267,0,-0.04811056068772879,0.04811056068772879,-0.24273273348808289,0.24273273348808289,-0.04811056068772879,0.04811056068772879,-0.2110825777053833,0.2110825777053833,0,0,1,0,0,0,0,0,0,0,0,0,0,0,0,0,0,0,0,0,0,0,0,0,0,0,0,0,0,0,0,0,0,1,0,1,1,0,0,0,0,0,0,0,0,1,0,0,0,0,0,00-0021678,T.Romo,26,00-0027902,D.Bryant,26,NA,NA,NA,NA,NA,NA,NA,NA,NA,NA,NA,NA,NA,NA,NA,NA,NA,NA,NA,NA,NA,NA,NA,NA,NA,NA,NA,NA,NA,NA,NA,NA,NA,NA,NA,NA,NA,NA,NA,NA,NA,NA,NA,NA,NA,NA,NA,NA,NA,NA,NA,NA,NA,NA,NA,NA,NA,NA,NA,NA,NA,NA,NA,0,NA,NA,NA,NA,NA,NA,NA,NA,NA,NA,NA,NA,NA,NA,NA,NA,NA,NA,NA,NA,NA,NA,NA,NA,NA,NA,NA,NA,NA,NA,NA,0,NA,NA,NA,NA,0,NA,NA,0,0,0,0,NA,NA,2014,0.25972816348075867,74.02718365192413,16,1,Touchdown,1120,"12/14/14, 20:31:25",2014-12-15T02:18:16Z,Lincoln Financial Field,"Partly Cloudy Temp: 41° F, Humidity: 69%, Wind: NW 9 mph",10012014-1214-1333-37d5-82ac89e7c001,0,0,PASS,0,NA,NA,NA,6,Touchdown,2014-12-15T02:07:07Z,8,4:42,4,0,1,1,2,-10,PUNT,TOUCHDOWN,01:38,11:56,DAL 44,PHI 26,844,1140,38,27,Home,-11,65,3.5,54.5,1,outdoors,grass,41,9,Chip Kelly,Jason Garrett,PHI00,Lincoln Financial Field,0,1,T.Romo,9,NA,NA,D.Bryant,88,1,0,1,0,1,00-0021678,NA,00-0027902,T.Romo,9,00-0021678,D.Bryant,00-0027902,D.Bryant,00-0027902,0,1,3.664240224286914,NA,NA,NA,NA,NA,0.778632640838623,22.136735916137695,2014,Go for it,NA,NA,NA,NA,NA,NA,NA,NA,NA,NA,Punt
1140,2014_15_DAL_PHI,2014121413,PHI,DAL,REG,15,DAL,away,PHI,PHI,2,2014-12-14,716,716,2516,Half1,0,5,1,2,NA,0,11:56,PHI 2,0,56,"5-D.Bailey extra point is GOOD, Center-91-L.Ladouceur, Holder-6-C.Jones.",extra_point,0,0,0,0,0,0,0,NA,NA,NA,NA,NA,NA,NA,20,good,NA,3,2,0,NA,NA,NA,NA,2,3,0,21,20,0,20,21,0,21,0,0,0,0,0,0,0,0.9892791668920077,0,0.9892791668920077,0.010720833107992322,-23.946186353628082,23.946186353628082,-2.001996052043978,2.001996052043978,-17.08465766964946,17.08465766964946,NA,NA,0,0,-8.403308914741501,8.403308914741501,-7.941606484935619,7.941606484935619,-12.230084444046952,12.230084444046952,-2.7795814680866897,2.7795814680866897,0.9189672527243534,0.08103274727564658,0.08103274727564658,0.9189672527243534,0.002254174895103822,0.001337202005322613,-0.001337202005322613,0.07877857238054276,0.9212214276194572,0.8549483551455181,0.14505164485448185,-0.0928714969839719,0.0928714969839719,-0.28996899834508505,0.28996899834508505,NA,NA,0,0,-0.04811056068772879,0.04811056068772879,-0.24273273348808289,0.24273273348808289,-0.04811056068772879,0.04811056068772879,-0.2110825777053833,0.2110825777053833,0,0,0,0,0,0,0,0,0,0,0,0,0,0,0,0,0,0,0,0,0,0,0,0,0,0,0,0,0,0,0,0,0,0,0,0,0,0,0,1,0,0,0,0,0,0,0,0,0,0,0,NA,NA,NA,NA,NA,NA,NA,NA,NA,NA,NA,NA,NA,NA,NA,NA,NA,NA,NA,NA,NA,NA,NA,NA,NA,NA,NA,NA,NA,NA,NA,D.Bailey,00-0028660,NA,NA,NA,NA,NA,NA,NA,NA,NA,NA,NA,NA,NA,NA,NA,NA,NA,NA,NA,NA,NA,NA,NA,NA,NA,NA,NA,NA,NA,NA,NA,NA,NA,NA,NA,NA,0,NA,NA,NA,NA,NA,NA,NA,NA,NA,NA,NA,NA,NA,NA,NA,NA,NA,NA,NA,NA,NA,NA,NA,NA,NA,NA,NA,NA,NA,NA,NA,0,NA,NA,NA,NA,0,NA,NA,0,0,0,0,NA,NA,2014,NA,NA,16,1,Touchdown,1140,"12/14/14, 20:31:25",2014-12-15T02:19:01Z,Lincoln Financial Field,"Partly Cloudy Temp: 41° F, Humidity: 69%, Wind: NW 9 mph",10012014-1214-1333-37d5-82ac89e7c001,0,0,XP_KICK,1,NA,NA,NA,6,Touchdown,2014-12-15T02:07:07Z,8,4:42,4,0,1,1,2,-10,PUNT,TOUCHDOWN,01:38,11:56,DAL 44,PHI 26,844,1140,38,27,Home,-11,65,3.5,54.5,1,outdoors,grass,41,9,Chip Kelly,Jason Garrett,PHI00,Lincoln Financial Field,0,1,NA,NA,NA,NA,NA,NA,0,0,0,1,0,NA,NA,NA,NA,NA,NA,NA,NA,NA,NA,0,1,0.010720833107992322,NA,NA,NA,NA,NA,NA,NA,2014,Other,NA,NA,NA,NA,NA,NA,NA,NA,NA,NA,Punt
1156,2014_15_DAL_PHI,2014121413,PHI,DAL,REG,15,PHI,home,DAL,DAL,35,2014-12-14,716,716,2516,Half1,0,6,0,2,NA,0,11:56,DAL 35,0,84,"5-D.Bailey kicks 65 yards from DAL 35 to PHI 0. 11-J.Huff pushed ob at PHI 26 for 26 yards (53-C.Lawrence). PENALTY on PHI-33-C.Prosinski, Offensive Holding, 10 yards, enforced at PHI 26.",kickoff,0,0,0,0,0,0,0,NA,NA,NA,NA,NA,NA,NA,65,NA,NA,3,2,0,NA,NA,NA,NA,3,2,0,21,0,21,-21,0,21,-21,0.09881426393985748,0.16066038608551025,0.003125822404399514,0.20051994919776917,0.20382599532604218,0.0027116748970001936,0.3303419351577759,0,0,1.0374224344268441,-0.267335909884423,-24.213522263512505,24.213522263512505,-2.001996052043978,2.001996052043978,-17.08465766964946,17.08465766964946,NA,NA,0,0,-8.403308914741501,8.403308914741501,-7.941606484935619,7.941606484935619,-12.230084444046952,12.230084444046952,-2.7795814680866897,2.7795814680866897,0.07877857238054276,0.9212214276194572,0.07877857238054276,0.9212214276194572,-0.0013914480805397034,-0.0028072893619537354,-0.0028072893619537354,0.07738712430000305,0.922612875699997,0.14371444284915924,0.14371444284915924,-0.0928714969839719,0.0928714969839719,-0.28996899834508505,0.28996899834508505,NA,NA,0,0,-0.04811056068772879,0.04811056068772879,-0.24273273348808289,0.24273273348808289,-0.04811056068772879,0.04811056068772879,-0.2110825777053833,0.2110825777053833,0,0,0,0,0,0,0,0,0,0,0,0,0,0,0,0,0,1,0,0,0,0,0,0,1,0,1,0,0,0,0,0,0,0,0,0,0,0,0,0,0,0,1,0,0,0,0,0,0,0,0,NA,NA,NA,NA,NA,NA,NA,NA,NA,NA,NA,NA,NA,NA,NA,NA,NA,NA,NA,NA,NA,NA,NA,NA,NA,J.Huff,00-0030990,NA,NA,NA,NA,D.Bailey,00-0028660,NA,NA,NA,NA,NA,NA,NA,NA,NA,NA,NA,NA,NA,NA,NA,NA,NA,NA,DAL,NA,00-0030198,NA,C.Lawrence,NA,NA,NA,NA,NA,NA,NA,NA,NA,NA,NA,NA,NA,0,NA,NA,NA,NA,NA,NA,NA,NA,NA,NA,NA,NA,NA,NA,NA,NA,NA,NA,NA,NA,NA,NA,NA,NA,NA,NA,NA,NA,NA,NA,PHI,26,PHI,00-0028059,C.Prosinski,10,0,NA,Offensive Holding,0,0,0,0,NA,NA,2014,NA,NA,17,1,First down,1156,"12/14/14, 20:31:25",2014-12-15T02:21:26Z,Lincoln Financial Field,"Partly Cloudy Temp: 41° F, Humidity: 69%, Wind: NW 9 mph",10012014-1214-1333-37d5-82ac89e7c001,0,0,KICK_OFF,1,NA,NA,NA,7,Touchdown,2014-12-15T02:21:26Z,11,3:24,5,1,1,2,2,0,KICKOFF,TOUCHDOWN,11:56,08:32,PHI 16,DAL 5,1156,1468,38,27,Home,-11,65,3.5,54.5,1,outdoors,grass,41,9,Chip Kelly,Jason Garrett,PHI00,Lincoln Financial Field,0,0,NA,NA,NA,NA,NA,NA,0,0,0,1,0,NA,NA,NA,NA,NA,NA,NA,NA,NA,NA,1,1,-0.267335909884423,NA,NA,NA,NA,NA,NA,NA,2014,Other,NA,NA,NA,NA,NA,NA,NA,NA,NA,NA,Punt
1195,2014_15_DAL_PHI,2014121413,PHI,DAL,REG,15,PHI,home,DAL,PHI,84,2014-12-14,708,708,2508,Half1,0,6,0,2,1,0,11:48,PHI 16,10,84,(11:48) (Shotgun) 3-M.Sanchez pass short left to 87-B.Celek to PHI 21 for 5 yards (55-R.McClain).,pass,5,1,0,1,0,0,0,short,left,1,4,NA,NA,NA,NA,NA,NA,3,2,0,NA,NA,NA,NA,3,2,0,21,0,21,-21,0,21,-21,0.11032215505838394,0.1703253835439682,0.004454740788787603,0.21027842164039612,0.18943139910697937,0.002537638181820512,0.31265023350715637,0,0,0.7700865245424211,-0.018345183692872524,-24.231867447205378,24.231867447205378,-2.001996052043978,2.001996052043978,-17.103002853342332,17.103002853342332,-0.49248644057661295,0.4741412568837404,-0.49248644057661295,0.4741412568837404,-8.895795355318114,8.895795355318114,-7.4674652280518785,7.4674652280518785,-12.722570884623565,12.722570884623565,-2.3054402112029493,2.3054402112029493,0.07738712430000305,0.922612875699997,0.07738712430000305,0.922612875699997,-0.0035819336771965027,-0.010375753045082092,-0.010375753045082092,0.07380519062280655,0.9261948093771935,0.1409071534872055,0.1409071534872055,-0.0928714969839719,0.0928714969839719,-0.29355093202228155,0.29355093202228155,0,-0.0035819336771965027,0,-0.0035819336771965027,-0.04811056068772879,0.04811056068772879,-0.2463146671652794,0.2463146671652794,-0.04811056068772879,0.04811056068772879,-0.2146645113825798,0.2146645113825798,0,0,0,0,0,0,0,0,0,0,0,0,0,0,0,0,0,0,0,0,0,0,0,0,1,0,0,0,0,0,0,0,0,1,0,0,0,0,0,0,0,0,0,0,0,1,0,0,0,0,0,00-0026898,M.Sanchez,5,00-0025549,B.Celek,5,NA,NA,NA,NA,NA,NA,NA,NA,NA,NA,NA,NA,NA,NA,NA,NA,NA,NA,NA,NA,NA,NA,NA,NA,NA,NA,NA,NA,NA,NA,NA,NA,NA,NA,NA,NA,NA,NA,NA,NA,NA,NA,NA,NA,NA,DAL,NA,00-0027904,NA,R.McClain,NA,NA,NA,NA,NA,NA,NA,NA,NA,NA,NA,NA,NA,0,NA,NA,NA,NA,NA,NA,NA,NA,NA,NA,NA,NA,NA,NA,NA,NA,NA,NA,NA,NA,NA,NA,NA,NA,NA,NA,NA,NA,NA,NA,NA,0,NA,NA,NA,NA,0,NA,NA,0,0,0,0,NA,NA,2014,0.8084058165550232,19.15941834449768,17,1,First down,1195,"12/14/14, 20:31:25",2014-12-15T02:22:29Z,Lincoln Financial Field,"Partly Cloudy Temp: 41° F, Humidity: 69%, Wind: NW 9 mph",10012014-1214-1333-37d5-82ac89e7c001,0,0,PASS,0,NA,NA,NA,7,Touchdown,2014-12-15T02:21:26Z,11,3:24,5,1,1,2,2,0,KICKOFF,TOUCHDOWN,11:56,08:32,PHI 16,DAL 5,1156,1468,38,27,Home,-11,65,3.5,54.5,1,outdoors,grass,41,9,Chip Kelly,Jason Garrett,PHI00,Lincoln Financial Field,0,0,M.Sanchez,3,NA,NA,B.Celek,87,1,0,0,0,1,00-0026898,NA,00-0025549,M.Sanchez,3,00-0026898,B.Celek,00-0025549,B.Celek,00-0025549,0,1,-0.018345183692872524,0.7055503897521778,6.187128560188285,5,0.5173816703027114,0.22873102349694818,0.5941795706748962,40.582042932510376,2014,Go for it,NA,NA,NA,NA,NA,NA,NA,NA,NA,NA,Punt
1219,2014_15_DAL_PHI,2014121413,PHI,DAL,REG,15,PHI,home,DAL,PHI,79,2014-12-14,689,689,2489,Half1,0,6,0,2,2,0,11:29,PHI 21,5,84,"(11:29) (No Huddle, Shotgun) 3-M.Sanchez pass incomplete short left to 14-R.Cooper (26-S.Moore).",pass,0,1,1,1,0,0,0,short,left,11,NA,NA,NA,NA,NA,NA,NA,3,2,0,NA,NA,NA,NA,3,2,0,21,0,21,-21,0,21,-21,0.10844147205352783,0.17177890241146088,0.003161292988806963,0.21135380864143372,0.19258010387420654,0.002730786567553878,0.30995362997055054,0,0,0.7517413408495486,-0.7675543231889606,-24.99942177039434,24.99942177039434,-2.001996052043978,2.001996052043978,-17.870557176531292,17.870557176531292,1.0994553251657635,-1.867009648354724,0,0,-8.895795355318114,8.895795355318114,-7.4674652280518785,7.4674652280518785,-11.623115559457801,11.623115559457801,-4.172449859557673,4.172449859557673,0.07380519062280655,0.9261948093771935,0.07380519062280655,0.9261948093771935,-0.002536006271839142,-0.005408048629760742,-0.005408048629760742,0.07126918435096741,0.9287308156490326,0.1305314004421234,0.1305314004421234,-0.0928714969839719,0.0928714969839719,-0.2960869382941207,0.2960869382941207,0,-0.002536006271839142,0,0,-0.04811056068772879,0.04811056068772879,-0.2463146671652794,0.2463146671652794,-0.04811056068772879,0.04811056068772879,-0.21720051765441895,0.21720051765441895,0,0,0,0,0,0,0,0,1,0,0,0,0,0,0,0,0,0,0,0,0,0,0,0,0,0,0,0,0,0,0,0,0,1,0,0,0,0,0,0,0,0,0,0,0,0,0,0,0,0,0,00-0026898,M.Sanchez,NA,00-0027758,R.Cooper,NA,NA,NA,NA,NA,NA,NA,NA,NA,NA,NA,NA,NA,NA,NA,NA,NA,NA,NA,NA,NA,NA,NA,NA,NA,NA,NA,NA,NA,NA,NA,NA,NA,NA,NA,NA,NA,NA,NA,NA,NA,NA,NA,NA,NA,NA,NA,NA,NA,NA,NA,NA,NA,NA,NA,NA,NA,NA,NA,NA,NA,NA,NA,NA,0,NA,NA,NA,NA,NA,NA,00-0028767,S.Moore,NA,NA,NA,NA,NA,NA,NA,NA,NA,NA,NA,NA,NA,NA,NA,NA,NA,NA,NA,NA,NA,NA,NA,0,NA,NA,NA,NA,0,NA,NA,0,0,0,0,NA,NA,2014,0.6178683042526245,-61.78683042526245,17,1,First down,1219,"12/14/14, 20:31:25",2014-12-15T02:22:49Z,Lincoln Financial Field,"Partly Cloudy Temp: 41° F, Humidity: 69%, Wind: NW 9 mph",10012014-1214-1333-37d5-82ac89e7c001,0,0,PASS,0,NA,NA,NA,7,Touchdown,2014-12-15T02:21:26Z,11,3:24,5,1,1,2,2,0,KICKOFF,TOUCHDOWN,11:56,08:32,PHI 16,DAL 5,1156,1468,38,27,Home,-11,65,3.5,54.5,1,outdoors,grass,41,9,Chip Kelly,Jason Garrett,PHI00,Lincoln Financial Field,0,0,M.Sanchez,3,NA,NA,R.Cooper,14,1,0,0,0,1,00-0026898,NA,00-0027758,M.Sanchez,3,00-0026898,R.Cooper,00-0027758,R.Cooper,00-0027758,0,1,-0.7675543231889606,0.17289412722224795,3.3916220040409826,1,1,1,0.6111994385719299,38.88005614280701,2014,Go for it,NA,NA,NA,NA,NA,NA,NA,NA,NA,NA,Punt
1241,2014_15_DAL_PHI,2014121413,PHI,DAL,REG,15,PHI,home,DAL,PHI,79,2014-12-14,681,681,2481,Half1,0,6,0,2,3,0,11:21,PHI 21,5,84,"(11:21) (No Huddle, Shotgun) 3-M.Sanchez pass short right to 43-D.Sproles to PHI 32 for 11 yards (59-A.Hitchens).",pass,11,1,1,1,0,0,0,short,right,4,7,NA,NA,NA,NA,NA,NA,3,2,0,NA,NA,NA,NA,3,2,0,21,0,21,-21,0,21,-21,0.10940392315387726,0.20198407769203186,0.0033912521321326494,0.24927689135074615,0.1740826517343521,0.0026832884177565575,0.25917792320251465,0,0,-0.015812982339411974,1.8502080659382045,-23.149213704456134,23.149213704456134,-2.001996052043978,2.001996052043978,-16.020349110593088,16.020349110593088,-0.5043912976980209,2.3545993636362255,-0.5043912976980209,2.3545993636362255,-9.400186653016135,9.400186653016135,-5.112865864415653,5.112865864415653,-12.127506857155822,12.127506857155822,-1.8178504959214479,1.8178504959214479,0.07126918435096741,0.9287308156490326,0.07126918435096741,0.9287308156490326,0.00959824025630951,0.01680399477481842,0.01680399477481842,0.08086742460727692,0.9191325753927231,0.12512335181236267,0.12512335181236267,-0.0928714969839719,0.0928714969839719,-0.2864886980378112,0.2864886980378112,0,0.00959824025630951,0,0.00959824025630951,-0.04811056068772879,0.04811056068772879,-0.23671642690896988,0.23671642690896988,-0.04811056068772879,0.04811056068772879,-0.20760227739810944,0.20760227739810944,0,0,1,0,1,0,0,0,0,0,0,0,0,0,0,0,0,0,0,0,0,0,0,0,1,0,0,0,0,0,0,0,0,1,0,0,0,0,0,0,0,0,0,0,0,1,0,0,0,0,0,00-0026898,M.Sanchez,11,00-0023564,D.Sproles,11,NA,NA,NA,NA,NA,NA,NA,NA,NA,NA,NA,NA,NA,NA,NA,NA,NA,NA,NA,NA,NA,NA,NA,NA,NA,NA,NA,NA,NA,NA,NA,NA,NA,NA,NA,NA,NA,NA,NA,NA,NA,NA,NA,NA,NA,DAL,NA,00-0031348,NA,A.Hitchens,NA,NA,NA,NA,NA,NA,NA,NA,NA,NA,NA,NA,NA,0,NA,NA,NA,NA,NA,NA,NA,NA,NA,NA,NA,NA,NA,NA,NA,NA,NA,NA,NA,NA,NA,NA,NA,NA,NA,NA,NA,NA,NA,NA,NA,0,NA,NA,NA,NA,0,NA,NA,0,0,0,0,NA,NA,2014,0.6911671161651611,30.883288383483887,17,1,First down,1241,"12/14/14, 20:31:25",2014-12-15T02:23:27Z,Lincoln Financial Field,"Partly Cloudy Temp: 41° F, Humidity: 69%, Wind: NW 9 mph",10012014-1214-1333-37d5-82ac89e7c001,0,0,PASS,0,NA,NA,NA,7,Touchdown,2014-12-15T02:21:26Z,11,3:24,5,1,1,2,2,0,KICKOFF,TOUCHDOWN,11:56,08:32,PHI 16,DAL 5,1156,1468,38,27,Home,-11,65,3.5,54.5,1,outdoors,grass,41,9,Chip Kelly,Jason Garrett,PHI00,Lincoln Financial Field,0,1,M.Sanchez,3,NA,NA,D.Sproles,43,1,0,1,0,1,00-0026898,NA,00-0023564,M.Sanchez,3,00-0026898,D.Sproles,00-0023564,D.Sproles,00-0023564,0,1,1.8502080659382045,1.4653840637657645,4.0164298242816585,2,0.6508634317433462,0.6508634317433462,0.9771870970726013,2.281290292739868,2014,Go for it,NA,NA,NA,NA,NA,NA,NA,NA,NA,NA,Punt
1265,2014_15_DAL_PHI,2014121413,PHI,DAL,REG,15,PHI,home,DAL,PHI,68,2014-12-14,658,658,2458,Half1,0,6,0,2,1,0,10:58,PHI 32,10,84,(10:58) (No Huddle) 3-M.Sanchez pass incomplete deep left to 11-J.Huff.,pass,0,0,1,1,0,0,0,deep,left,18,NA,NA,NA,NA,NA,NA,NA,3,2,0,NA,NA,NA,NA,3,2,0,21,0,21,-21,0,21,-21,0.1128544807434082,0.12311366945505142,0.0019236912485212088,0.15960370004177094,0.21940986812114716,0.0030165102798491716,0.38007810711860657,0,0,1.8343950835987926,-0.4676968324929476,-23.61691053694908,23.61691053694908,-2.001996052043978,2.001996052043978,-16.488045943086036,16.488045943086036,1.0540689008776098,-1.5217657333705574,0,0,-9.400186653016135,9.400186653016135,-5.112865864415653,5.112865864415653,-11.073437956278212,11.073437956278212,-3.3396162292920053,3.3396162292920053,0.08086742460727692,0.9191325753927231,0.08086742460727692,0.9191325753927231,-0.007814474403858185,-0.00847083330154419,-0.00847083330154419,0.07305295020341873,0.9269470497965813,0.1419273465871811,0.1419273465871811,-0.0928714969839719,0.0928714969839719,-0.29430317244166937,0.29430317244166937,0,-0.007814474403858185,0,0,-0.04811056068772879,0.04811056068772879,-0.23671642690896988,0.23671642690896988,-0.04811056068772879,0.04811056068772879,-0.21541675180196762,0.21541675180196762,0,0,0,0,0,0,0,0,1,0,0,0,0,0,0,0,0,0,0,0,0,0,0,0,0,0,0,0,0,0,0,0,0,1,0,0,0,0,0,0,0,0,0,0,0,0,0,0,0,0,0,00-0026898,M.Sanchez,NA,00-0030990,J.Huff,NA,NA,NA,NA,NA,NA,NA,NA,NA,NA,NA,NA,NA,NA,NA,NA,NA,NA,NA,NA,NA,NA,NA,NA,NA,NA,NA,NA,NA,NA,NA,NA,NA,NA,NA,NA,NA,NA,NA,NA,NA,NA,NA,NA,NA,NA,NA,NA,NA,NA,NA,NA,NA,NA,NA,NA,NA,NA,NA,NA,NA,NA,NA,NA,0,NA,NA,NA,NA,NA,NA,NA,NA,NA,NA,NA,NA,NA,NA,NA,NA,NA,NA,NA,NA,NA,NA,NA,NA,NA,NA,NA,NA,NA,NA,NA,0,NA,NA,NA,NA,0,NA,NA,0,0,0,0,NA,NA,2014,0.5630736947059631,-56.30736947059631,18,1,First down,1265,"12/14/14, 20:31:25",2014-12-15T02:24:00Z,Lincoln Financial Field,"Partly Cloudy Temp: 41° F, Humidity: 69%, Wind: NW 9 mph",10012014-1214-1333-37d5-82ac89e7c001,0,0,PASS,0,NA,NA,NA,7,Touchdown,2014-12-15T02:21:26Z,11,3:24,5,1,1,2,2,0,KICKOFF,TOUCHDOWN,11:56,08:32,PHI 16,DAL 5,1156,1468,38,27,Home,-11,65,3.5,54.5,1,outdoors,grass,41,9,Chip Kelly,Jason Garrett,PHI00,Lincoln Financial Field,0,0,M.Sanchez,3,NA,NA,J.Huff,11,1,0,0,0,1,00-0026898,NA,00-0030990,M.Sanchez,3,00-0026898,J.Huff,00-0030990,J.Huff,00-0030990,0,1,-0.4676968324929476,0.2270581327848633,4.317764746723697,2,1,1,0.5985975861549377,40.140241384506226,2014,Go for it,NA,NA,NA,NA,NA,NA,NA,NA,NA,NA,Punt
1287,2014_15_DAL_PHI,2014121413,PHI,DAL,REG,15,PHI,home,DAL,PHI,68,2014-12-14,652,652,2452,Half1,0,6,0,2,2,0,10:52,PHI 32,10,84,"(10:52) (No Huddle, Shotgun) 43-D.Sproles right guard to PHI 35 for 3 yards (42-B.Church).",run,3,1,1,0,0,0,0,NA,NA,NA,NA,right,guard,NA,NA,NA,NA,3,2,0,NA,NA,NA,NA,3,2,0,21,0,21,-21,0,21,-21,0.11523541808128357,0.13995461165905,0.0022636305075138807,0.1843668669462204,0.20257285237312317,0.0030614316929131746,0.3525451421737671,0,0,1.366698251105845,-0.6454150900244713,-24.262325626973553,24.262325626973553,-2.6474111420684494,2.6474111420684494,-16.488045943086036,16.488045943086036,NA,NA,0,0,-9.400186653016135,9.400186653016135,-5.112865864415653,5.112865864415653,-11.073437956278212,11.073437956278212,-3.3396162292920053,3.3396162292920053,0.07305295020341873,0.9269470497965813,0.07305295020341873,0.9269470497965813,-0.0026036500930786133,-0.0047770291566848755,-0.0047770291566848755,0.07044930011034012,0.9295506998896599,0.1334565132856369,0.1334565132856369,-0.09547514707705052,0.09547514707705052,-0.29430317244166937,0.29430317244166937,NA,NA,0,0,-0.04811056068772879,0.04811056068772879,-0.23671642690896988,0.23671642690896988,-0.04811056068772879,0.04811056068772879,-0.21541675180196762,0.21541675180196762,0,0,0,0,0,0,0,0,0,0,0,0,0,0,0,0,0,0,0,0,0,0,0,0,1,0,0,0,0,0,0,0,1,0,0,0,0,0,0,0,0,0,0,0,0,0,0,0,0,0,0,NA,NA,NA,NA,NA,NA,00-0023564,D.Sproles,3,NA,NA,NA,NA,NA,NA,NA,NA,NA,NA,NA,NA,NA,NA,NA,NA,NA,NA,NA,NA,NA,NA,NA,NA,NA,NA,NA,NA,NA,NA,NA,NA,NA,NA,NA,NA,NA,NA,NA,NA,NA,NA,DAL,NA,00-0027416,NA,B.Church,NA,NA,NA,NA,NA,NA,NA,NA,NA,NA,NA,NA,NA,0,NA,NA,NA,NA,NA,NA,NA,NA,NA,NA,NA,NA,NA,NA,NA,NA,NA,NA,NA,NA,NA,NA,NA,NA,NA,NA,NA,NA,NA,NA,NA,0,NA,NA,NA,NA,0,NA,NA,0,0,0,0,NA,NA,2014,NA,NA,18,1,First down,1287,"12/14/14, 20:31:25",2014-12-15T02:24:24Z,Lincoln Financial Field,"Partly Cloudy Temp: 41° F, Humidity: 69%, Wind: NW 9 mph",10012014-1214-1333-37d5-82ac89e7c001,0,0,RUSH,0,NA,NA,NA,7,Touchdown,2014-12-15T02:21:26Z,11,3:24,5,1,1,2,2,0,KICKOFF,TOUCHDOWN,11:56,08:32,PHI 16,DAL 5,1156,1468,38,27,Home,-11,65,3.5,54.5,1,outdoors,grass,41,9,Chip Kelly,Jason Garrett,PHI00,Lincoln Financial Field,0,0,NA,NA,D.Sproles,43,NA,NA,0,1,0,0,1,NA,00-0023564,NA,D.Sproles,43,00-0023564,D.Sproles,00-0023564,D.Sproles,00-0023564,0,1,-0.6454150900244713,NA,NA,NA,NA,NA,0.6969808340072632,-69.69808340072632,2014,Go for it,NA,NA,NA,NA,NA,NA,NA,NA,NA,NA,Punt
1308,2014_15_DAL_PHI,2014121413,PHI,DAL,REG,15,PHI,home,DAL,PHI,65,2014-12-14,622,622,2422,Half1,0,6,0,2,3,0,10:22,PHI 35,7,84,"(10:22) (No Huddle, Shotgun) 3-M.Sanchez pass deep middle to 87-B.Celek to DAL 42 for 23 yards (42-B.Church). DAL-32-O.Scandrick was injured during the play.",pass,23,1,1,1,0,0,0,deep,middle,16,7,NA,NA,NA,NA,NA,NA,3,2,0,NA,NA,NA,NA,3,2,0,21,0,21,-21,0,21,-21,0.13593530654907227,0.16018296778202057,0.0021349405869841576,0.20801182091236115,0.19395485520362854,0.003628078382462263,0.2961519956588745,0,0,0.7212831610813737,2.530782186659053,-21.7315434403145,21.7315434403145,-2.6474111420684494,2.6474111420684494,-13.957263756426983,13.957263756426983,2.160118338651955,0.37066384800709784,2.160118338651955,0.37066384800709784,-7.24006831436418,7.24006831436418,-4.742202016408555,4.742202016408555,-8.913319617626257,8.913319617626257,-2.9689523812849075,2.9689523812849075,0.07044930011034012,0.9295506998896599,0.07044930011034012,0.9295506998896599,0.02318771928548813,0.03224940598011017,0.03224940598011017,0.09363701939582825,0.9063629806041718,0.12867948412895203,0.12867948412895203,-0.09547514707705052,0.09547514707705052,-0.27111545315618124,0.27111545315618124,0,0.02318771928548813,0,0.02318771928548813,-0.04811056068772879,0.04811056068772879,-0.21352870762348175,0.21352870762348175,-0.04811056068772879,0.04811056068772879,-0.1922290325164795,0.1922290325164795,0,0,1,0,1,0,0,0,0,0,0,0,0,0,0,0,0,0,0,0,0,0,0,0,1,0,0,0,0,0,0,0,0,1,0,0,0,0,0,0,0,0,0,0,0,1,0,0,0,0,0,00-0026898,M.Sanchez,23,00-0025549,B.Celek,23,NA,NA,NA,NA,NA,NA,NA,NA,NA,NA,NA,NA,NA,NA,NA,NA,NA,NA,NA,NA,NA,NA,NA,NA,NA,NA,NA,NA,NA,NA,NA,NA,NA,NA,NA,NA,NA,NA,NA,NA,NA,NA,NA,NA,NA,DAL,NA,00-0027416,NA,B.Church,NA,NA,NA,NA,NA,NA,NA,NA,NA,NA,NA,NA,NA,0,NA,NA,NA,NA,NA,NA,NA,NA,NA,NA,NA,NA,NA,NA,NA,NA,NA,NA,NA,NA,NA,NA,NA,NA,NA,NA,NA,NA,NA,NA,NA,0,NA,NA,NA,NA,0,NA,NA,0,0,0,0,NA,NA,2014,0.634591817855835,36.540818214416504,18,1,First down,1308,"12/14/14, 20:31:25",2014-12-15T02:24:54Z,Lincoln Financial Field,"Partly Cloudy Temp: 41° F, Humidity: 69%, Wind: NW 9 mph",10012014-1214-1333-37d5-82ac89e7c001,0,0,PASS,0,NA,NA,NA,7,Touchdown,2014-12-15T02:21:26Z,11,3:24,5,1,1,2,2,0,KICKOFF,TOUCHDOWN,11:56,08:32,PHI 16,DAL 5,1156,1468,38,27,Home,-11,65,3.5,54.5,1,outdoors,grass,41,9,Chip Kelly,Jason Garrett,PHI00,Lincoln Financial Field,0,1,M.Sanchez,3,NA,NA,B.Celek,87,1,0,1,0,1,00-0026898,NA,00-0025549,M.Sanchez,3,00-0026898,B.Celek,00-0025549,B.Celek,00-0025549,0,1,2.530782186659053,0.3013837986310044,5.090308203711174,2,1,1,0.9865642786026001,1.3435721397399902,2014,Go for it,NA,NA,NA,NA,NA,NA,NA,NA,NA,NA,Punt
1332,2014_15_DAL_PHI,2014121413,PHI,DAL,REG,15,PHI,home,DAL,DAL,42,2014-12-14,596,596,2396,Half1,0,6,0,2,1,0,09:56,DAL 42,10,84,(9:56) 25-L.McCoy left tackle to DAL 28 for 14 yards (27-J.Wilcox).,run,14,0,0,0,0,0,0,NA,NA,NA,NA,left,tackle,NA,NA,NA,NA,3,2,0,NA,NA,NA,NA,3,2,0,21,0,21,-21,0,21,-21,0.08278611302375793,0.07225111126899719,0.0011149096535518765,0.08697499334812164,0.300449401140213,0.0032878874335438013,0.4531356394290924,0,0,3.2520653477404267,0.862461891840212,-20.869081548474288,20.869081548474288,-1.7849492502282374,1.7849492502282374,-13.957263756426983,13.957263756426983,NA,NA,0,0,-7.24006831436418,7.24006831436418,-4.742202016408555,4.742202016408555,-8.913319617626257,8.913319617626257,-2.9689523812849075,2.9689523812849075,0.09363701939582825,0.9063629806041718,0.09363701939582825,0.9063629806041718,0.022466763854026794,0.013909146189689636,0.013909146189689636,0.11610378324985504,0.883896216750145,0.1609288901090622,0.1609288901090622,-0.07300838322302372,0.07300838322302372,-0.27111545315618124,0.27111545315618124,NA,NA,0,0,-0.04811056068772879,0.04811056068772879,-0.21352870762348175,0.21352870762348175,-0.04811056068772879,0.04811056068772879,-0.1922290325164795,0.1922290325164795,0,1,0,0,0,0,0,0,0,0,0,0,0,0,0,0,0,0,0,0,0,0,0,0,1,0,0,0,0,0,0,0,1,0,0,0,0,0,0,0,0,0,0,0,0,0,0,0,0,0,0,NA,NA,NA,NA,NA,NA,00-0027029,L.McCoy,14,NA,NA,NA,NA,NA,NA,NA,NA,NA,NA,NA,NA,NA,NA,NA,NA,NA,NA,NA,NA,NA,NA,NA,NA,NA,NA,NA,NA,NA,NA,NA,NA,NA,NA,NA,NA,NA,NA,NA,NA,NA,NA,DAL,NA,00-0030543,NA,J.Wilcox,NA,NA,NA,NA,NA,NA,NA,NA,NA,NA,NA,NA,NA,0,NA,NA,NA,NA,NA,NA,NA,NA,NA,NA,NA,NA,NA,NA,NA,NA,NA,NA,NA,NA,NA,NA,NA,NA,NA,NA,NA,NA,NA,NA,NA,0,NA,NA,NA,NA,0,NA,NA,0,0,0,0,NA,NA,2014,NA,NA,19,1,First down,1332,"12/14/14, 20:31:25",2014-12-15T02:26:12Z,Lincoln Financial Field,"Partly Cloudy Temp: 41° F, Humidity: 69%, Wind: NW 9 mph",10012014-1214-1333-37d5-82ac89e7c001,0,0,RUSH,0,NA,NA,NA,7,Touchdown,2014-12-15T02:21:26Z,11,3:24,5,1,1,2,2,0,KICKOFF,TOUCHDOWN,11:56,08:32,PHI 16,DAL 5,1156,1468,38,27,Home,-11,65,3.5,54.5,1,outdoors,grass,41,9,Chip Kelly,Jason Garrett,PHI00,Lincoln Financial Field,0,1,NA,NA,L.McCoy,25,NA,NA,0,1,1,0,1,NA,00-0027029,NA,L.McCoy,25,00-0027029,L.McCoy,00-0027029,L.McCoy,00-0027029,0,1,0.862461891840212,NA,NA,NA,NA,NA,0.5809442400932312,-58.09442400932312,2014,Go for it,NA,NA,NA,NA,NA,NA,NA,NA,NA,NA,Punt
1357,2014_15_DAL_PHI,2014121413,PHI,DAL,REG,15,PHI,home,DAL,DAL,28,2014-12-14,576,576,2376,Half1,0,6,0,2,1,0,09:36,DAL 28,10,84,"(9:36) (No Huddle, Shotgun) 25-L.McCoy up the middle to DAL 21 for 7 yards (42-B.Church).",run,7,1,1,0,0,0,0,NA,NA,NA,NA,middle,NA,NA,NA,NA,NA,3,2,0,NA,NA,NA,NA,3,2,0,21,0,21,-21,0,21,-21,0.051513854414224625,0.03579095005989075,6.050599622540176e-4,0.047375742346048355,0.3729901909828186,0.0012598668690770864,0.49046429991722107,0,0,4.114527239580639,0.33329833892639726,-20.53578320954789,20.53578320954789,-1.45165091130184,1.45165091130184,-13.957263756426983,13.957263756426983,NA,NA,0,0,-7.24006831436418,7.24006831436418,-4.742202016408555,4.742202016408555,-8.913319617626257,8.913319617626257,-2.9689523812849075,2.9689523812849075,0.11610378324985504,0.883896216750145,0.11610378324985504,0.883896216750145,6.427466869354248e-4,0.012549638748168945,0.012549638748168945,0.11674652993679047,0.8832534700632095,0.17483803629875183,0.17483803629875183,-0.0723656365360883,0.0723656365360883,-0.27111545315618124,0.27111545315618124,NA,NA,0,0,-0.04811056068772879,0.04811056068772879,-0.21352870762348175,0.21352870762348175,-0.04811056068772879,0.04811056068772879,-0.1922290325164795,0.1922290325164795,0,0,0,0,0,0,0,0,0,0,0,0,0,0,0,0,0,0,0,0,0,0,0,0,1,0,0,0,0,0,0,0,1,0,0,0,0,0,0,0,0,0,0,0,0,0,0,0,0,0,0,NA,NA,NA,NA,NA,NA,00-0027029,L.McCoy,7,NA,NA,NA,NA,NA,NA,NA,NA,NA,NA,NA,NA,NA,NA,NA,NA,NA,NA,NA,NA,NA,NA,NA,NA,NA,NA,NA,NA,NA,NA,NA,NA,NA,NA,NA,NA,NA,NA,NA,NA,NA,NA,DAL,NA,00-0027416,NA,B.Church,NA,NA,NA,NA,NA,NA,NA,NA,NA,NA,NA,NA,NA,0,NA,NA,NA,NA,NA,NA,NA,NA,NA,NA,NA,NA,NA,NA,NA,NA,NA,NA,NA,NA,NA,NA,NA,NA,NA,NA,NA,NA,NA,NA,NA,0,NA,NA,NA,NA,0,NA,NA,0,0,0,0,NA,NA,2014,NA,NA,20,1,First down,1357,"12/14/14, 20:31:25",2014-12-15T02:26:31Z,Lincoln Financial Field,"Partly Cloudy Temp: 41° F, Humidity: 69%, Wind: NW 9 mph",10012014-1214-1333-37d5-82ac89e7c001,0,0,RUSH,0,NA,NA,NA,7,Touchdown,2014-12-15T02:21:26Z,11,3:24,5,1,1,2,2,0,KICKOFF,TOUCHDOWN,11:56,08:32,PHI 16,DAL 5,1156,1468,38,27,Home,-11,65,3.5,54.5,1,outdoors,grass,41,9,Chip Kelly,Jason Garrett,PHI00,Lincoln Financial Field,0,1,NA,NA,L.McCoy,25,NA,NA,0,1,0,0,1,NA,00-0027029,NA,L.McCoy,25,00-0027029,L.McCoy,00-0027029,L.McCoy,00-0027029,0,1,0.33329833892639726,NA,NA,NA,NA,NA,0.5375102758407593,-53.75102758407593,2014,Go for it,NA,NA,NA,NA,NA,NA,NA,NA,NA,NA,Punt
1378,2014_15_DAL_PHI,2014121413,PHI,DAL,REG,15,PHI,home,DAL,DAL,21,2014-12-14,558,558,2358,Half1,0,6,0,2,2,0,09:18,DAL 21,3,84,"(9:18) (No Huddle, Shotgun) 25-L.McCoy up the middle to DAL 20 for 1 yard (37-C.Spillman). Penalty on PHI-18-J.Maclin, Unsportsmanlike Conduct, offsetting. Penalty on DAL-39-B.Carr, Unsportsmanlike Conduct, offsetting.",run,1,1,1,0,0,0,0,NA,NA,NA,NA,middle,NA,NA,NA,NA,NA,3,2,0,NA,NA,NA,NA,3,2,0,21,0,21,-21,0,21,-21,0.03494750335812569,0.02784791588783264,4.991177702322602e-4,0.03394794836640358,0.3858433961868286,0.0011851791059598327,0.5157289505004883,0,0,4.447825578507036,-0.4197720247320831,-20.955555234279974,20.955555234279974,-1.8714229360339232,1.8714229360339232,-13.957263756426983,13.957263756426983,NA,NA,0,0,-7.24006831436418,7.24006831436418,-4.742202016408555,4.742202016408555,-8.913319617626257,8.913319617626257,-2.9689523812849075,2.9689523812849075,0.11674652993679047,0.8832534700632095,0.11674652993679047,0.8832534700632095,-0.005343489348888397,0.007428154349327087,0.007428154349327087,0.11140304058790207,0.8885969594120979,0.18738767504692078,0.18738767504692078,-0.07770912588497669,0.07770912588497669,-0.27111545315618124,0.27111545315618124,NA,NA,0,0,-0.04811056068772879,0.04811056068772879,-0.21352870762348175,0.21352870762348175,-0.04811056068772879,0.04811056068772879,-0.1922290325164795,0.1922290325164795,0,0,0,0,0,0,0,0,0,0,0,0,0,0,0,0,0,0,0,0,0,0,0,0,1,0,0,0,0,0,0,0,1,0,0,0,0,0,0,0,0,0,0,0,0,0,0,0,0,0,0,NA,NA,NA,NA,NA,NA,00-0027029,L.McCoy,1,NA,NA,NA,NA,NA,NA,NA,NA,NA,NA,NA,NA,NA,NA,NA,NA,NA,NA,NA,NA,NA,NA,NA,NA,NA,NA,NA,NA,NA,NA,NA,NA,NA,NA,NA,NA,NA,NA,NA,NA,NA,NA,DAL,NA,00-0026758,NA,C.Spillman,NA,NA,NA,NA,NA,NA,NA,NA,NA,NA,NA,NA,NA,0,NA,NA,NA,NA,NA,NA,NA,NA,NA,NA,NA,NA,NA,NA,NA,NA,NA,NA,NA,NA,NA,NA,NA,NA,NA,NA,NA,NA,NA,NA,NA,0,NA,NA,NA,NA,0,NA,NA,0,0,0,0,NA,NA,2014,NA,NA,20,1,First down,1378,"12/14/14, 20:31:25",2014-12-15T02:26:49Z,Lincoln Financial Field,"Partly Cloudy Temp: 41° F, Humidity: 69%, Wind: NW 9 mph",10012014-1214-1333-37d5-82ac89e7c001,0,0,RUSH,0,NA,NA,NA,7,Touchdown,2014-12-15T02:21:26Z,11,3:24,5,1,1,2,2,0,KICKOFF,TOUCHDOWN,11:56,08:32,PHI 16,DAL 5,1156,1468,38,27,Home,-11,65,3.5,54.5,1,outdoors,grass,41,9,Chip Kelly,Jason Garrett,PHI00,Lincoln Financial Field,0,0,NA,NA,L.McCoy,25,NA,NA,0,1,0,0,1,NA,00-0027029,NA,L.McCoy,25,00-0027029,L.McCoy,00-0027029,L.McCoy,00-0027029,0,1,-0.4197720247320831,NA,NA,NA,NA,NA,0.3973694145679474,-39.73694145679474,2014,Go for it,NA,NA,NA,NA,NA,NA,NA,NA,NA,NA,Punt
1399,2014_15_DAL_PHI,2014121413,PHI,DAL,REG,15,PHI,home,DAL,DAL,20,2014-12-14,533,533,2333,Half1,0,6,0,2,3,0,08:53,DAL 20,2,84,"(8:53) (No Huddle, Shotgun) 3-M.Sanchez pass short left to 86-Z.Ertz to DAL 5 for 15 yards (54-B.Carter). Penalty on DAL-39-B.Carr, Defensive Holding, declined.",pass,15,1,1,1,0,0,0,short,left,4,11,NA,NA,NA,NA,NA,NA,3,2,0,NA,NA,NA,NA,3,2,0,21,0,21,-21,0,21,-21,0.03868944197893143,0.030668752267956734,4.932110896334052e-4,0.03903302177786827,0.45934972167015076,0.0012265251716598868,0.4305393099784851,0,0,4.028053553774953,1.7319197621545754,-19.223635472125398,19.223635472125398,-1.8714229360339232,1.8714229360339232,-12.225343994272407,12.225343994272407,0.7510197623632848,0.9808999997912906,0.7510197623632848,0.9808999997912906,-6.489048552000895,6.489048552000895,-3.7613020166172646,3.7613020166172646,-8.162299855262972,8.162299855262972,-1.9880523814936168,1.9880523814936168,0.11140304058790207,0.8885969594120979,0.11140304058790207,0.8885969594120979,0.015806831419467926,0.02379593253135681,0.02379593253135681,0.12720987200737,0.87279012799263,0.19481582939624786,0.19481582939624786,-0.07770912588497669,0.07770912588497669,-0.2553086217367133,0.2553086217367133,0,0.015806831419467926,0,0.015806831419467926,-0.04811056068772879,0.04811056068772879,-0.19772187620401382,0.19772187620401382,-0.04811056068772879,0.04811056068772879,-0.17642220109701157,0.17642220109701157,0,0,1,0,1,0,0,0,0,0,0,0,0,0,0,0,0,0,0,0,0,0,0,0,1,0,0,0,0,0,0,0,0,1,0,0,0,0,0,0,0,0,0,0,0,1,0,0,0,0,0,00-0026898,M.Sanchez,15,00-0030061,Z.Ertz,15,NA,NA,NA,NA,NA,NA,NA,NA,NA,NA,NA,NA,NA,NA,NA,NA,NA,NA,NA,NA,NA,NA,NA,NA,NA,NA,NA,NA,NA,NA,NA,NA,NA,NA,NA,NA,NA,NA,NA,NA,NA,NA,NA,NA,NA,DAL,NA,00-0027978,NA,B.Carter,NA,NA,NA,NA,NA,NA,NA,NA,NA,NA,NA,NA,NA,0,NA,NA,NA,NA,NA,NA,NA,NA,NA,NA,NA,NA,NA,NA,NA,NA,NA,NA,NA,NA,NA,NA,NA,NA,NA,NA,NA,NA,NA,NA,NA,0,NA,NA,NA,NA,0,NA,NA,0,0,0,0,NA,NA,2014,0.7044931650161743,29.55068349838257,20,1,First down,1399,"12/14/14, 20:31:25",2014-12-15T02:27:45Z,Lincoln Financial Field,"Partly Cloudy Temp: 41° F, Humidity: 69%, Wind: NW 9 mph",10012014-1214-1333-37d5-82ac89e7c001,0,0,PASS,0,NA,NA,NA,7,Touchdown,2014-12-15T02:21:26Z,11,3:24,5,1,1,2,2,0,KICKOFF,TOUCHDOWN,11:56,08:32,PHI 16,DAL 5,1156,1468,38,27,Home,-11,65,3.5,54.5,1,outdoors,grass,41,9,Chip Kelly,Jason Garrett,PHI00,Lincoln Financial Field,0,1,M.Sanchez,3,NA,NA,Z.Ertz,86,1,0,1,0,1,00-0026898,NA,00-0030061,M.Sanchez,3,00-0026898,Z.Ertz,00-0030061,Z.Ertz,00-0030061,0,1,1.7319197621545754,0.2829178788300306,3.2580626157287043,2,0.9985164518293459,0.9985164518293459,0.6784422993659973,32.15577006340027,2014,Go for it,NA,NA,NA,NA,NA,NA,NA,NA,NA,NA,Punt
1446,2014_15_DAL_PHI,2014121413,PHI,DAL,REG,15,PHI,home,DAL,DAL,5,2014-12-14,516,516,2316,Half1,0,6,1,2,1,1,08:36,DAL 5,5,84,"(8:36) (Shotgun) 32-C.Polk up the middle for 5 yards, TOUCHDOWN.",run,5,1,0,0,0,0,0,NA,NA,NA,NA,middle,NA,NA,NA,NA,NA,3,2,0,NA,PHI,C.Polk,00-0029438,3,2,6,21,0,21,-21,6,21,-15,0.0211295448243618,0.012212907895445824,3.312646003905684e-4,0.011884970590472221,0.19856154918670654,0.0012746657012030482,0.7546050548553467,0,0,5.759973315929528,1.2400266840704717,-17.983608788054926,17.983608788054926,-0.6313962519634515,0.6313962519634515,-12.225343994272407,12.225343994272407,NA,NA,0,0,-6.489048552000895,6.489048552000895,-3.7613020166172646,3.7613020166172646,-8.162299855262972,8.162299855262972,-1.9880523814936168,1.9880523814936168,0.12720987200737,0.87279012799263,0.12720987200737,0.87279012799263,0.004816397009062889,-0.043121323043240456,-0.043121323043240456,0.13202626901643288,0.8679737309835671,0.21861176192760468,0.21861176192760468,-0.0728927288759138,0.0728927288759138,-0.2553086217367133,0.2553086217367133,NA,NA,0,0,-0.04811056068772879,0.04811056068772879,-0.19772187620401382,0.19772187620401382,-0.04811056068772879,0.04811056068772879,-0.17642220109701157,0.17642220109701157,0,1,0,0,0,0,0,0,0,0,0,0,0,0,0,0,0,0,0,0,0,0,0,0,0,0,0,0,0,0,0,0,1,0,0,1,0,1,0,0,0,0,0,0,0,0,0,0,0,0,0,NA,NA,NA,NA,NA,NA,00-0029438,C.Polk,5,NA,NA,NA,NA,NA,NA,NA,NA,NA,NA,NA,NA,NA,NA,NA,NA,NA,NA,NA,NA,NA,NA,NA,NA,NA,NA,NA,NA,NA,NA,NA,NA,NA,NA,NA,NA,NA,NA,NA,NA,NA,NA,NA,NA,NA,NA,NA,NA,NA,NA,NA,NA,NA,NA,NA,NA,NA,NA,NA,NA,0,NA,NA,NA,NA,NA,NA,NA,NA,NA,NA,NA,NA,NA,NA,NA,NA,NA,NA,NA,NA,NA,NA,NA,NA,NA,NA,NA,NA,NA,NA,NA,0,NA,NA,NA,NA,0,NA,NA,0,0,0,0,NA,NA,2014,NA,NA,21,1,Touchdown,1446,"12/14/14, 20:31:25",2014-12-15T02:28:39Z,Lincoln Financial Field,"Partly Cloudy Temp: 41° F, Humidity: 69%, Wind: NW 9 mph",10012014-1214-1333-37d5-82ac89e7c001,0,0,RUSH,0,NA,NA,NA,7,Touchdown,2014-12-15T02:21:26Z,11,3:24,5,1,1,2,2,0,KICKOFF,TOUCHDOWN,11:56,08:32,PHI 16,DAL 5,1156,1468,38,27,Home,-11,65,3.5,54.5,1,outdoors,grass,41,9,Chip Kelly,Jason Garrett,PHI00,Lincoln Financial Field,0,1,NA,NA,C.Polk,32,NA,NA,0,1,1,0,1,NA,00-0029438,NA,C.Polk,32,00-0029438,C.Polk,00-0029438,C.Polk,00-0029438,0,1,1.2400266840704717,NA,NA,NA,NA,NA,0.42725297808647156,-42.725297808647156,2014,Go for it,NA,NA,NA,NA,NA,NA,NA,NA,NA,NA,Punt
1468,2014_15_DAL_PHI,2014121413,PHI,DAL,REG,15,PHI,home,DAL,DAL,2,2014-12-14,512,512,2312,Half1,0,6,1,2,NA,0,08:32,DAL 2,0,84,"1-C.Parkey extra point is GOOD, Center-46-J.Dorenbos, Holder-8-D.Jones.",extra_point,0,0,0,0,0,0,0,NA,NA,NA,NA,NA,NA,NA,20,good,NA,3,2,0,NA,NA,NA,NA,3,2,7,21,6,21,-15,7,21,-14,0,0,0,0,0,0,0,0.9892791668920077,0,0.9892791668920077,0.010720833107992322,-17.972887954946934,17.972887954946934,-0.6313962519634515,0.6313962519634515,-12.225343994272407,12.225343994272407,NA,NA,0,0,-6.489048552000895,6.489048552000895,-3.7613020166172646,3.7613020166172646,-8.162299855262972,8.162299855262972,-1.9880523814936168,1.9880523814936168,0.13202626901643288,0.8679737309835671,0.13202626901643288,0.8679737309835671,0.0076613883398293225,0.007155895286930947,0.007155895286930947,0.1396876573562622,0.8603123426437378,0.17549043888436422,0.17549043888436422,-0.0728927288759138,0.0728927288759138,-0.2553086217367133,0.2553086217367133,NA,NA,0,0,-0.04811056068772879,0.04811056068772879,-0.19772187620401382,0.19772187620401382,-0.04811056068772879,0.04811056068772879,-0.17642220109701157,0.17642220109701157,0,0,0,0,0,0,0,0,0,0,0,0,0,0,0,0,0,0,0,0,0,0,0,0,0,0,0,0,0,0,0,0,0,0,0,0,0,0,0,1,0,0,0,0,0,0,0,0,0,0,0,NA,NA,NA,NA,NA,NA,NA,NA,NA,NA,NA,NA,NA,NA,NA,NA,NA,NA,NA,NA,NA,NA,NA,NA,NA,NA,NA,NA,NA,NA,NA,C.Parkey,00-0030850,NA,NA,NA,NA,NA,NA,NA,NA,NA,NA,NA,NA,NA,NA,NA,NA,NA,NA,NA,NA,NA,NA,NA,NA,NA,NA,NA,NA,NA,NA,NA,NA,NA,NA,NA,NA,0,NA,NA,NA,NA,NA,NA,NA,NA,NA,NA,NA,NA,NA,NA,NA,NA,NA,NA,NA,NA,NA,NA,NA,NA,NA,NA,NA,NA,NA,NA,NA,0,NA,NA,NA,NA,0,NA,NA,0,0,0,0,NA,NA,2014,NA,NA,21,1,Touchdown,1468,"12/14/14, 20:31:25",2014-12-15T02:29:20Z,Lincoln Financial Field,"Partly Cloudy Temp: 41° F, Humidity: 69%, Wind: NW 9 mph",10012014-1214-1333-37d5-82ac89e7c001,0,0,XP_KICK,1,NA,NA,NA,7,Touchdown,2014-12-15T02:21:26Z,11,3:24,5,1,1,2,2,0,KICKOFF,TOUCHDOWN,11:56,08:32,PHI 16,DAL 5,1156,1468,38,27,Home,-11,65,3.5,54.5,1,outdoors,grass,41,9,Chip Kelly,Jason Garrett,PHI00,Lincoln Financial Field,0,1,NA,NA,NA,NA,NA,NA,0,0,0,1,0,NA,NA,NA,NA,NA,NA,NA,NA,NA,NA,0,1,0.010720833107992322,NA,NA,NA,NA,NA,NA,NA,2014,Other,NA,NA,NA,NA,NA,NA,NA,NA,NA,NA,Punt
1484,2014_15_DAL_PHI,2014121413,PHI,DAL,REG,15,DAL,away,PHI,PHI,35,2014-12-14,512,512,2312,Half1,0,7,0,2,NA,0,08:32,PHI 35,0,16,1-C.Parkey kicks 68 yards from PHI 35 to DAL -3. 17-D.Harris to DAL 27 for 30 yards (11-J.Huff).,kickoff,0,0,0,0,0,0,0,NA,NA,NA,NA,NA,NA,NA,68,NA,NA,3,2,0,NA,NA,NA,NA,2,3,7,21,21,7,14,21,7,14,0.17587722837924957,0.13525348901748657,0.002746418584138155,0.20777128636837006,0.2015034258365631,0.0023545012809336185,0.27449366450309753,0,0,0.6650226227939129,0.3435908001847565,-18.31647875513169,18.31647875513169,-0.6313962519634515,0.6313962519634515,-12.225343994272407,12.225343994272407,NA,NA,0,0,-6.489048552000895,6.489048552000895,-3.7613020166172646,3.7613020166172646,-8.162299855262972,8.162299855262972,-1.9880523814936168,1.9880523814936168,0.8603123426437378,0.1396876573562622,0.1396876573562622,0.8603123426437378,0.007322371006011963,0.006247222423553467,-0.006247222423553467,0.13236528635025024,0.8676347136497498,0.8173536658287048,0.18264633417129517,-0.0728927288759138,0.0728927288759138,-0.2553086217367133,0.2553086217367133,NA,NA,0,0,-0.04811056068772879,0.04811056068772879,-0.19772187620401382,0.19772187620401382,-0.04811056068772879,0.04811056068772879,-0.17642220109701157,0.17642220109701157,0,0,0,0,0,0,0,0,0,0,0,0,0,0,0,0,0,1,0,0,0,0,0,0,1,0,0,0,0,0,0,0,0,0,0,0,0,0,0,0,0,0,1,0,0,0,0,0,0,0,0,NA,NA,NA,NA,NA,NA,NA,NA,NA,NA,NA,NA,NA,NA,NA,NA,NA,NA,NA,NA,NA,NA,NA,NA,NA,D.Harris,00-0028114,NA,NA,NA,NA,C.Parkey,00-0030850,NA,NA,NA,NA,NA,NA,NA,NA,NA,NA,NA,NA,NA,NA,NA,NA,NA,NA,PHI,NA,00-0030990,NA,J.Huff,NA,NA,NA,NA,NA,NA,NA,NA,NA,NA,NA,NA,NA,0,NA,NA,NA,NA,NA,NA,NA,NA,NA,NA,NA,NA,NA,NA,NA,NA,NA,NA,NA,NA,NA,NA,NA,NA,NA,NA,NA,NA,NA,NA,DAL,30,NA,NA,NA,NA,0,NA,NA,0,0,0,0,NA,NA,2014,NA,NA,22,1,First down,1484,"12/14/14, 20:31:25",2014-12-15T02:31:42Z,Lincoln Financial Field,"Partly Cloudy Temp: 41° F, Humidity: 69%, Wind: NW 9 mph",10012014-1214-1333-37d5-82ac89e7c001,0,0,KICK_OFF,1,NA,NA,NA,8,Punt,2014-12-15T02:31:42Z,5,3:46,1,0,0,2,2,0,KICKOFF,PUNT,08:32,04:46,DAL 27,DAL 43,1484,1629,38,27,Home,-11,65,3.5,54.5,1,outdoors,grass,41,9,Chip Kelly,Jason Garrett,PHI00,Lincoln Financial Field,0,1,NA,NA,NA,NA,NA,NA,0,0,0,1,0,NA,NA,NA,NA,NA,NA,NA,NA,NA,NA,0,1,0.3435908001847565,NA,NA,NA,NA,NA,NA,NA,2014,Other,NA,NA,NA,NA,NA,NA,NA,NA,NA,NA,Punt
1506,2014_15_DAL_PHI,2014121413,PHI,DAL,REG,15,DAL,away,PHI,DAL,73,2014-12-14,506,506,2306,Half1,0,7,0,2,1,0,08:26,DAL 27,10,16,(8:26) 29-D.Murray left end to DAL 29 for 2 yards (72-C.Thornton).,run,2,0,0,0,0,0,0,NA,NA,NA,NA,left,end,NA,NA,NA,NA,3,2,0,NA,NA,NA,NA,2,3,7,21,21,7,14,21,7,14,0.17397339642047882,0.11938685923814774,0.0023321695625782013,0.1889171451330185,0.22532284259796143,0.002516672248020768,0.2875509262084961,0,0,1.0086134229786694,-0.17364094872027636,-18.142837806411414,18.142837806411414,-0.45775530324317515,0.45775530324317515,-12.225343994272407,12.225343994272407,NA,NA,0,0,-6.489048552000895,6.489048552000895,-3.7613020166172646,3.7613020166172646,-8.162299855262972,8.162299855262972,-1.9880523814936168,1.9880523814936168,0.8676347136497498,0.13236528635025024,0.13236528635025024,0.8676347136497498,-0.011002838611602783,-0.002527952194213867,0.002527952194213867,0.14336812496185303,0.856631875038147,0.8236008882522583,0.1763991117477417,-0.06188989026431102,0.06188989026431102,-0.2553086217367133,0.2553086217367133,NA,NA,0,0,-0.04811056068772879,0.04811056068772879,-0.19772187620401382,0.19772187620401382,-0.04811056068772879,0.04811056068772879,-0.17642220109701157,0.17642220109701157,0,0,0,0,0,0,0,0,0,0,0,0,0,0,0,0,0,0,0,0,0,0,0,0,1,0,0,0,0,0,0,0,1,0,0,0,0,0,0,0,0,0,0,0,0,0,0,0,0,0,0,NA,NA,NA,NA,NA,NA,00-0028009,D.Murray,2,NA,NA,NA,NA,NA,NA,NA,NA,NA,NA,NA,NA,NA,NA,NA,NA,NA,NA,NA,NA,NA,NA,NA,NA,NA,NA,NA,NA,NA,NA,NA,NA,NA,NA,NA,NA,NA,NA,NA,NA,NA,NA,PHI,NA,00-0028424,NA,C.Thornton,NA,NA,NA,NA,NA,NA,NA,NA,NA,NA,NA,NA,NA,0,NA,NA,NA,NA,NA,NA,NA,NA,NA,NA,NA,NA,NA,NA,NA,NA,NA,NA,NA,NA,NA,NA,NA,NA,NA,NA,NA,NA,NA,NA,NA,0,NA,NA,NA,NA,0,NA,NA,0,0,0,0,NA,NA,2014,NA,NA,22,1,First down,1506,"12/14/14, 20:31:25",2014-12-15T02:32:45Z,Lincoln Financial Field,"Partly Cloudy Temp: 41° F, Humidity: 69%, Wind: NW 9 mph",10012014-1214-1333-37d5-82ac89e7c001,0,0,RUSH,0,NA,NA,NA,8,Punt,2014-12-15T02:31:42Z,5,3:46,1,0,0,2,2,0,KICKOFF,PUNT,08:32,04:46,DAL 27,DAL 43,1484,1629,38,27,Home,-11,65,3.5,54.5,1,outdoors,grass,41,9,Chip Kelly,Jason Garrett,PHI00,Lincoln Financial Field,0,0,NA,NA,D.Murray,29,NA,NA,0,1,0,0,1,NA,00-0028009,NA,D.Murray,29,00-0028009,D.Murray,00-0028009,D.Murray,00-0028009,0,1,-0.17364094872027636,NA,NA,NA,NA,NA,0.44233933091163635,-44.233933091163635,2014,Go for it,NA,NA,NA,NA,NA,NA,NA,NA,NA,NA,Punt
1527,2014_15_DAL_PHI,2014121413,PHI,DAL,REG,15,DAL,away,PHI,DAL,71,2014-12-14,461,461,2261,Half1,0,7,0,2,2,0,07:41,DAL 29,8,16,(7:41) (Shotgun) 9-T.Romo pass short right to 82-J.Witten to DAL 38 for 9 yards (50-C.Matthews).,pass,9,1,0,1,0,0,0,short,right,7,2,NA,NA,NA,NA,NA,NA,3,2,0,NA,NA,NA,NA,2,3,7,21,21,7,14,21,7,14,0.20273655652999878,0.12367568165063858,0.002446236554533243,0.18783700466156006,0.21111851930618286,0.002581343287602067,0.2696046829223633,0,0,0.834972474258393,0.9069854142144322,-19.049823220625846,19.049823220625846,-0.45775530324317515,0.45775530324317515,-13.13232940848684,13.13232940848684,0.6028851484879851,0.3041002657264471,0.6028851484879851,0.3041002657264471,-7.09193370048888,7.09193370048888,-4.065402282343712,4.065402282343712,-8.765185003750958,8.765185003750958,-2.292152647220064,2.292152647220064,0.856631875038147,0.14336812496185303,0.14336812496185303,0.856631875038147,0.03574788570404053,0.02919185161590576,-0.02919185161590576,0.1076202392578125,0.8923797607421875,0.8210729360580444,0.17892706394195557,-0.06188989026431102,0.06188989026431102,-0.29105650744075384,0.29105650744075384,0,0.03574788570404053,0,0.03574788570404053,-0.04811056068772879,0.04811056068772879,-0.23346976190805435,0.23346976190805435,-0.04811056068772879,0.04811056068772879,-0.2121700868010521,0.2121700868010521,0,0,1,0,0,0,0,0,0,0,0,0,0,0,0,0,0,0,0,0,0,0,0,0,1,0,0,0,0,0,0,0,0,1,0,0,0,0,0,0,0,0,0,0,0,1,0,0,0,0,0,00-0021678,T.Romo,9,00-0022127,J.Witten,9,NA,NA,NA,NA,NA,NA,NA,NA,NA,NA,NA,NA,NA,NA,NA,NA,NA,NA,NA,NA,NA,NA,NA,NA,NA,NA,NA,NA,NA,NA,NA,NA,NA,NA,NA,NA,NA,NA,NA,NA,NA,NA,NA,NA,NA,PHI,NA,00-0028054,NA,C.Matthews,NA,NA,NA,NA,NA,NA,NA,NA,NA,NA,NA,NA,NA,0,NA,NA,NA,NA,NA,NA,NA,NA,NA,NA,NA,NA,NA,NA,NA,NA,NA,NA,NA,NA,NA,NA,NA,NA,NA,NA,NA,NA,NA,NA,NA,0,NA,NA,NA,NA,0,NA,NA,0,0,0,0,NA,NA,2014,0.6808403134346008,31.915968656539917,22,1,First down,1527,"12/14/14, 20:31:25",2014-12-15T02:33:30Z,Lincoln Financial Field,"Partly Cloudy Temp: 41° F, Humidity: 69%, Wind: NW 9 mph",10012014-1214-1333-37d5-82ac89e7c001,0,0,PASS,0,NA,NA,NA,8,Punt,2014-12-15T02:31:42Z,5,3:46,1,0,0,2,2,0,KICKOFF,PUNT,08:32,04:46,DAL 27,DAL 43,1484,1629,38,27,Home,-11,65,3.5,54.5,1,outdoors,grass,41,9,Chip Kelly,Jason Garrett,PHI00,Lincoln Financial Field,0,1,T.Romo,9,NA,NA,J.Witten,82,1,0,1,0,1,00-0021678,NA,00-0022127,T.Romo,9,00-0021678,J.Witten,00-0022127,J.Witten,00-0022127,0,1,0.9069854142144322,0.3178455700060001,3.1838598403483047,1,0.9959721636259928,0.564960090094246,0.6864099502563477,31.359004974365234,2014,Go for it,NA,NA,NA,NA,NA,NA,NA,NA,NA,NA,Punt
1551,2014_15_DAL_PHI,2014121413,PHI,DAL,REG,15,DAL,away,PHI,DAL,62,2014-12-14,418,418,2218,Half1,0,7,0,2,1,0,06:58,DAL 38,10,16,(6:58) 29-D.Murray left end to DAL 42 for 4 yards (95-M.Kendricks).,run,4,0,0,0,0,0,0,NA,NA,NA,NA,left,end,NA,NA,NA,NA,3,2,0,NA,NA,NA,NA,2,3,7,21,21,7,14,21,7,14,0.2122046947479248,0.08783917129039764,0.0017049543093889952,0.13452592492103577,0.24479714035987854,0.0032643312588334084,0.31566381454467773,0,0,1.7419578884728253,-0.11184576526284218,-18.937977455363004,18.937977455363004,-0.34590953798033297,0.34590953798033297,-13.13232940848684,13.13232940848684,NA,NA,0,0,-7.09193370048888,7.09193370048888,-4.065402282343712,4.065402282343712,-8.765185003750958,8.765185003750958,-2.292152647220064,2.292152647220064,0.8923797607421875,0.1076202392578125,0.1076202392578125,0.8923797607421875,-6.400346755981445e-4,0.004691600799560547,-0.004691600799560547,0.10826027393341064,0.8917397260665894,0.8502647876739502,0.1497352123260498,-0.061249855588712876,0.061249855588712876,-0.29105650744075384,0.29105650744075384,NA,NA,0,0,-0.04811056068772879,0.04811056068772879,-0.23346976190805435,0.23346976190805435,-0.04811056068772879,0.04811056068772879,-0.2121700868010521,0.2121700868010521,0,0,0,0,0,0,0,0,0,0,0,0,0,0,0,0,0,0,0,0,0,0,0,0,1,0,0,0,0,0,0,0,1,0,0,0,0,0,0,0,0,0,0,0,0,0,0,0,0,0,0,NA,NA,NA,NA,NA,NA,00-0028009,D.Murray,4,NA,NA,NA,NA,NA,NA,NA,NA,NA,NA,NA,NA,NA,NA,NA,NA,NA,NA,NA,NA,NA,NA,NA,NA,NA,NA,NA,NA,NA,NA,NA,NA,NA,NA,NA,NA,NA,NA,NA,NA,NA,NA,PHI,NA,00-0029409,NA,M.Kendricks,NA,NA,NA,NA,NA,NA,NA,NA,NA,NA,NA,NA,NA,0,NA,NA,NA,NA,NA,NA,NA,NA,NA,NA,NA,NA,NA,NA,NA,NA,NA,NA,NA,NA,NA,NA,NA,NA,NA,NA,NA,NA,NA,NA,NA,0,NA,NA,NA,NA,0,NA,NA,0,0,0,0,NA,NA,2014,NA,NA,23,0,Punt,1551,"12/14/14, 20:31:25",2014-12-15T02:34:13Z,Lincoln Financial Field,"Partly Cloudy Temp: 41° F, Humidity: 69%, Wind: NW 9 mph",10012014-1214-1333-37d5-82ac89e7c001,0,0,RUSH,0,NA,NA,NA,8,Punt,2014-12-15T02:31:42Z,5,3:46,1,0,0,2,2,0,KICKOFF,PUNT,08:32,04:46,DAL 27,DAL 43,1484,1629,38,27,Home,-11,65,3.5,54.5,1,outdoors,grass,41,9,Chip Kelly,Jason Garrett,PHI00,Lincoln Financial Field,0,0,NA,NA,D.Murray,29,NA,NA,0,1,0,0,1,NA,00-0028009,NA,D.Murray,29,00-0028009,D.Murray,00-0028009,D.Murray,00-0028009,0,1,-0.11184576526284218,NA,NA,NA,NA,NA,0.4211675524711609,-42.11675524711609,2014,Go for it,NA,NA,NA,NA,NA,NA,NA,NA,NA,NA,Punt
1572,2014_15_DAL_PHI,2014121413,PHI,DAL,REG,15,DAL,away,PHI,DAL,58,2014-12-14,376,376,2176,Half1,0,7,0,2,2,0,06:16,DAL 42,6,16,(6:16) (Shotgun) 25-L.Dunbar up the middle to DAL 47 for 5 yards (98-C.Barwin).,run,5,1,0,0,0,0,0,NA,NA,NA,NA,middle,NA,NA,NA,NA,NA,3,2,0,NA,NA,NA,NA,2,3,7,21,21,7,14,21,7,14,0.22913262248039246,0.08899806439876556,0.0016659877728670835,0.1367570459842682,0.23147989809513092,0.004093318246304989,0.30787304043769836,0,0,1.630112123209983,0.33623434766195714,-19.27421180302496,19.27421180302496,-0.6821438856422901,0.6821438856422901,-13.13232940848684,13.13232940848684,NA,NA,0,0,-7.09193370048888,7.09193370048888,-4.065402282343712,4.065402282343712,-8.765185003750958,8.765185003750958,-2.292152647220064,2.292152647220064,0.8917397260665894,0.10826027393341064,0.10826027393341064,0.8917397260665894,-0.014926671981811523,0.003013908863067627,-0.003013908863067627,0.12318694591522217,0.8768130540847778,0.8549563884735107,0.14504361152648926,-0.04632318360690135,0.04632318360690135,-0.29105650744075384,0.29105650744075384,NA,NA,0,0,-0.04811056068772879,0.04811056068772879,-0.23346976190805435,0.23346976190805435,-0.04811056068772879,0.04811056068772879,-0.2121700868010521,0.2121700868010521,0,0,0,0,0,0,0,0,0,0,0,0,0,0,0,0,0,0,0,0,0,0,0,0,1,0,0,0,0,0,0,0,1,0,0,0,0,0,0,0,0,0,0,0,0,0,0,0,0,0,0,NA,NA,NA,NA,NA,NA,00-0029004,L.Dunbar,5,NA,NA,NA,NA,NA,NA,NA,NA,NA,NA,NA,NA,NA,NA,NA,NA,NA,NA,NA,NA,NA,NA,NA,NA,NA,NA,NA,NA,NA,NA,NA,NA,NA,NA,NA,NA,NA,NA,NA,NA,NA,NA,PHI,NA,00-0027022,NA,C.Barwin,NA,NA,NA,NA,NA,NA,NA,NA,NA,NA,NA,NA,NA,0,NA,NA,NA,NA,NA,NA,NA,NA,NA,NA,NA,NA,NA,NA,NA,NA,NA,NA,NA,NA,NA,NA,NA,NA,NA,NA,NA,NA,NA,NA,NA,0,NA,NA,NA,NA,0,NA,NA,0,0,0,0,NA,NA,2014,NA,NA,23,0,Punt,1572,"12/14/14, 20:31:25",2014-12-15T02:34:56Z,Lincoln Financial Field,"Partly Cloudy Temp: 41° F, Humidity: 69%, Wind: NW 9 mph",10012014-1214-1333-37d5-82ac89e7c001,0,0,RUSH,0,NA,NA,NA,8,Punt,2014-12-15T02:31:42Z,5,3:46,1,0,0,2,2,0,KICKOFF,PUNT,08:32,04:46,DAL 27,DAL 43,1484,1629,38,27,Home,-11,65,3.5,54.5,1,outdoors,grass,41,9,Chip Kelly,Jason Garrett,PHI00,Lincoln Financial Field,0,1,NA,NA,L.Dunbar,25,NA,NA,0,1,0,0,1,NA,00-0029004,NA,L.Dunbar,25,00-0029004,L.Dunbar,00-0029004,L.Dunbar,00-0029004,0,1,0.33623434766195714,NA,NA,NA,NA,NA,0.5331555604934692,-53.315556049346924,2014,Go for it,NA,NA,NA,NA,NA,NA,NA,NA,NA,NA,Punt
1593,2014_15_DAL_PHI,2014121413,PHI,DAL,REG,15,NA,NA,NA,NA,NA,2014-12-14,329,329,2129,Half1,0,7,0,2,NA,0,05:29,DAL 47,0,16,Timeout #2 by DAL at 05:29.,no_play,0,0,0,0,0,0,0,NA,NA,NA,NA,NA,NA,NA,NA,NA,NA,3,1,1,DAL,NA,NA,NA,NA,NA,7,21,NA,NA,NA,NA,NA,NA,0,0,0,0,0,0,0,0,0,1.9663464708719403,-0,-19.27421180302496,19.27421180302496,-0.6821438856422901,0.6821438856422901,-13.13232940848684,13.13232940848684,NA,NA,0,0,-7.09193370048888,7.09193370048888,-4.065402282343712,4.065402282343712,-8.765185003750958,8.765185003750958,-2.292152647220064,2.292152647220064,0.8768130540847778,0.12318694591522217,0.12318694591522217,0.8768130540847778,-0,-0,0,NA,NA,0.8579702973365784,0.14202970266342163,-0.04632318360690135,0.04632318360690135,-0.29105650744075384,0.29105650744075384,NA,NA,0,0,-0.04811056068772879,0.04811056068772879,-0.23346976190805435,0.23346976190805435,-0.04811056068772879,0.04811056068772879,-0.2121700868010521,0.2121700868010521,0,0,0,0,0,0,0,0,0,0,0,0,0,0,0,0,0,0,0,0,0,0,0,0,0,0,0,0,0,0,0,0,0,0,0,0,0,0,0,0,0,0,0,0,0,0,0,0,0,0,0,NA,NA,NA,NA,NA,NA,NA,NA,NA,NA,NA,NA,NA,NA,NA,NA,NA,NA,NA,NA,NA,NA,NA,NA,NA,NA,NA,NA,NA,NA,NA,NA,NA,NA,NA,NA,NA,NA,NA,NA,NA,NA,NA,NA,NA,NA,NA,NA,NA,NA,NA,NA,NA,NA,NA,NA,NA,NA,NA,NA,NA,NA,NA,NA,NA,NA,NA,NA,NA,0,NA,NA,NA,NA,NA,NA,NA,NA,NA,NA,NA,NA,NA,NA,NA,NA,NA,NA,NA,NA,NA,NA,NA,NA,NA,NA,NA,NA,NA,NA,NA,0,NA,NA,NA,NA,0,NA,NA,0,0,0,0,NA,NA,2014,NA,NA,23,0,Punt,1593,"12/14/14, 20:31:25",2014-12-15T02:35:53Z,Lincoln Financial Field,"Partly Cloudy Temp: 41° F, Humidity: 69%, Wind: NW 9 mph",10012014-1214-1333-37d5-82ac89e7c001,0,0,TIMEOUT,0,NA,NA,NA,8,Punt,2014-12-15T02:31:42Z,5,3:46,1,0,0,2,2,0,KICKOFF,PUNT,08:32,04:46,DAL 27,DAL 43,1484,1629,38,27,Home,-11,65,3.5,54.5,1,outdoors,grass,41,9,Chip Kelly,Jason Garrett,PHI00,Lincoln Financial Field,0,0,NA,NA,NA,NA,NA,NA,0,0,0,0,0,NA,NA,NA,NA,NA,NA,NA,NA,NA,NA,0,1,-0,NA,NA,NA,NA,NA,NA,NA,2014,Other,NA,NA,NA,NA,NA,NA,NA,NA,NA,NA,Punt
1610,2014_15_DAL_PHI,2014121413,PHI,DAL,REG,15,DAL,away,PHI,DAL,53,2014-12-14,329,329,2129,Half1,0,7,0,2,3,0,05:29,DAL 47,1,16,(5:29) 9-T.Romo sacked at DAL 43 for -4 yards (98-C.Barwin).,pass,-4,0,0,1,0,0,0,NA,NA,NA,NA,NA,NA,NA,NA,NA,NA,3,1,0,NA,NA,NA,NA,1,3,7,21,21,7,14,21,7,14,0.25290942192077637,0.07284620404243469,0.0014268154045566916,0.11238036304712296,0.2323758751153946,0.0038311355747282505,0.3242301940917969,0,0,1.9663464708719403,-2.3015863185282797,-16.97262548449668,16.97262548449668,-0.6821438856422901,0.6821438856422901,-10.83074308995856,10.83074308995856,NA,NA,0,0,-7.09193370048888,7.09193370048888,-4.065402282343712,4.065402282343712,-8.765185003750958,8.765185003750958,-2.292152647220064,2.292152647220064,0.8768130540847778,0.12318694591522217,0.12318694591522217,0.8768130540847778,-0.0210343599319458,-0.030734777450561523,0.030734777450561523,0.14422130584716797,0.855778694152832,0.8579702973365784,0.14202970266342163,-0.04632318360690135,0.04632318360690135,-0.27002214750880804,0.27002214750880804,NA,NA,0,0,-0.04811056068772879,0.04811056068772879,-0.23346976190805435,0.23346976190805435,-0.04811056068772879,0.04811056068772879,-0.2121700868010521,0.2121700868010521,0,0,0,0,0,1,0,0,0,0,0,0,0,0,0,0,0,0,0,0,0,0,0,0,1,0,0,0,0,0,0,1,0,1,1,0,0,0,0,0,0,0,0,0,0,0,0,0,0,0,0,00-0021678,T.Romo,NA,NA,NA,NA,NA,NA,NA,NA,NA,NA,NA,NA,NA,NA,NA,NA,NA,NA,NA,NA,NA,NA,NA,NA,NA,NA,NA,NA,NA,NA,NA,NA,NA,NA,NA,00-0027022,C.Barwin,NA,NA,00-0027022,C.Barwin,NA,NA,NA,NA,NA,NA,NA,NA,PHI,NA,00-0027022,NA,C.Barwin,NA,NA,NA,NA,NA,NA,NA,NA,NA,NA,NA,NA,NA,0,NA,NA,NA,NA,NA,NA,NA,NA,NA,NA,NA,NA,NA,NA,NA,NA,NA,NA,NA,NA,NA,NA,NA,NA,00-0027022,C.Barwin,NA,NA,NA,NA,NA,0,NA,NA,NA,NA,0,NA,NA,0,0,0,0,NA,NA,2014,NA,NA,23,0,Punt,1610,"12/14/14, 20:31:25",2014-12-15T02:38:08Z,Lincoln Financial Field,"Partly Cloudy Temp: 41° F, Humidity: 69%, Wind: NW 9 mph",10012014-1214-1333-37d5-82ac89e7c001,0,0,SACK,0,NA,NA,NA,8,Punt,2014-12-15T02:31:42Z,5,3:46,1,0,0,2,2,0,KICKOFF,PUNT,08:32,04:46,DAL 27,DAL 43,1484,1629,38,27,Home,-11,65,3.5,54.5,1,outdoors,grass,41,9,Chip Kelly,Jason Garrett,PHI00,Lincoln Financial Field,0,0,T.Romo,9,NA,NA,NA,NA,1,0,0,0,1,00-0021678,NA,NA,T.Romo,9,00-0021678,NA,NA,NA,NA,0,1,-2.3015863185282797,NA,NA,NA,NA,NA,0.29244765639305115,70.75523436069489,2014,Go for it,NA,NA,NA,NA,NA,NA,NA,NA,NA,NA,Punt
1629,2014_15_DAL_PHI,2014121413,PHI,DAL,REG,15,DAL,away,PHI,DAL,57,2014-12-14,294,294,2094,Half1,0,7,0,2,4,0,04:54,DAL 43,5,16,"(4:54) 6-C.Jones punts 29 yards to PHI 28, Center-91-L.Ladouceur, out of bounds.",punt,0,0,0,0,0,0,0,NA,NA,NA,NA,NA,NA,NA,29,NA,NA,3,1,0,NA,NA,NA,NA,1,3,7,21,21,7,14,21,7,14,0.38486453890800476,0.11836595088243484,0.0011679551098495722,0.20923340320587158,0.12128250300884247,0.006523932795971632,0.15856176614761353,0,0,-0.3352398476563394,-0.8867130524013191,-16.085912432095363,16.085912432095363,-0.6821438856422901,0.6821438856422901,-10.83074308995856,10.83074308995856,NA,NA,0,0,-7.09193370048888,7.09193370048888,-4.065402282343712,4.065402282343712,-8.765185003750958,8.765185003750958,-2.292152647220064,2.292152647220064,0.855778694152832,0.14422130584716797,0.14422130584716797,0.855778694152832,-0.007983803749084473,-0.028879627585411072,0.028879627585411072,0.15220510959625244,0.8477948904037476,0.8272355198860168,0.17276448011398315,-0.04632318360690135,0.04632318360690135,-0.27002214750880804,0.27002214750880804,NA,NA,0,0,-0.04811056068772879,0.04811056068772879,-0.23346976190805435,0.23346976190805435,-0.04811056068772879,0.04811056068772879,-0.2121700868010521,0.2121700868010521,0,0,0,0,0,0,0,0,0,0,0,0,0,1,0,0,0,0,0,0,0,0,0,0,0,0,0,0,0,0,0,0,0,0,0,0,0,0,0,0,0,0,0,1,0,0,0,0,0,0,0,NA,NA,NA,NA,NA,NA,NA,NA,NA,NA,NA,NA,NA,NA,NA,NA,NA,NA,NA,NA,NA,NA,NA,NA,NA,NA,NA,NA,NA,00-0028664,C.Jones,NA,NA,NA,NA,NA,NA,NA,NA,NA,NA,NA,NA,NA,NA,NA,NA,NA,NA,NA,NA,NA,NA,NA,NA,NA,NA,NA,NA,NA,NA,NA,NA,NA,NA,NA,NA,NA,NA,0,NA,NA,NA,NA,NA,NA,NA,NA,NA,NA,NA,NA,NA,NA,NA,NA,NA,NA,NA,NA,NA,NA,NA,NA,NA,NA,NA,NA,NA,NA,PHI,0,NA,NA,NA,NA,0,NA,NA,0,0,0,0,NA,NA,2014,NA,NA,23,0,Punt,1629,"12/14/14, 20:31:25",2014-12-15T02:38:43Z,Lincoln Financial Field,"Partly Cloudy Temp: 41° F, Humidity: 69%, Wind: NW 9 mph",10012014-1214-1333-37d5-82ac89e7c001,0,0,PUNT,1,NA,NA,NA,8,Punt,2014-12-15T02:31:42Z,5,3:46,1,0,0,2,2,0,KICKOFF,PUNT,08:32,04:46,DAL 27,DAL 43,1484,1629,38,27,Home,-11,65,3.5,54.5,1,outdoors,grass,41,9,Chip Kelly,Jason Garrett,PHI00,Lincoln Financial Field,0,0,NA,NA,NA,NA,NA,NA,0,0,0,1,0,NA,NA,NA,NA,NA,NA,NA,NA,NA,NA,0,1,-0.8867130524013191,NA,NA,NA,NA,NA,NA,NA,2014,Punt,-0.8283920284037016,0.47701349280396244,0.7495723271327411,0.8573110887803171,0.8009651996910732,0,0.7410228550434113,0.8251027166843414,0.7410228550434113,0.8092491199751102,Punt
1647,2014_15_DAL_PHI,2014121413,PHI,DAL,REG,15,PHI,home,DAL,PHI,72,2014-12-14,286,286,2086,Half1,0,8,0,2,1,0,04:46,PHI 28,10,43,(4:46) (Shotgun) 3-M.Sanchez pass short right to 25-L.McCoy to PHI 29 for 1 yard (42-B.Church).,pass,1,1,0,1,0,0,0,short,right,-2,3,NA,NA,NA,NA,NA,NA,3,1,0,NA,NA,NA,NA,3,1,7,21,7,21,-14,7,21,-14,0.35473108291625977,0.087714783847332,8.355883182957768e-4,0.1247023269534111,0.1625269651412964,0.002864142879843712,0.2666250765323639,0,0,1.2219529000576586,-0.2779069122625515,-16.363819344357914,16.363819344357914,-0.6821438856422901,0.6821438856422901,-11.108650002221111,11.108650002221111,-0.7737779470626265,0.495871034800075,-0.7737779470626265,0.495871034800075,-7.865711647551507,7.865711647551507,-3.5695312475436367,3.5695312475436367,-9.538962950813584,9.538962950813584,-1.796281612419989,1.796281612419989,0.15220510959625244,0.8477948904037476,0.15220510959625244,0.8477948904037476,-0.0136689692735672,-0.00897902250289917,-0.00897902250289917,0.13853614032268524,0.8614638596773148,0.20164410769939423,0.20164410769939423,-0.04632318360690135,0.04632318360690135,-0.28369111678237524,0.28369111678237524,0,-0.0136689692735672,0,-0.0136689692735672,-0.04811056068772879,0.04811056068772879,-0.24713873118162155,0.24713873118162155,-0.04811056068772879,0.04811056068772879,-0.2258390560746193,0.2258390560746193,0,0,0,0,0,0,0,0,0,0,0,0,0,0,0,0,0,0,0,0,0,0,0,0,1,0,0,0,0,0,0,0,0,1,0,0,0,0,0,0,0,0,0,0,0,1,0,0,0,0,0,00-0026898,M.Sanchez,1,00-0027029,L.McCoy,1,NA,NA,NA,NA,NA,NA,NA,NA,NA,NA,NA,NA,NA,NA,NA,NA,NA,NA,NA,NA,NA,NA,NA,NA,NA,NA,NA,NA,NA,NA,NA,NA,NA,NA,NA,NA,NA,NA,NA,NA,NA,NA,NA,NA,NA,DAL,NA,00-0027416,NA,B.Church,NA,NA,NA,NA,NA,NA,NA,NA,NA,NA,NA,NA,NA,0,NA,NA,NA,NA,NA,NA,NA,NA,NA,NA,NA,NA,NA,NA,NA,NA,NA,NA,NA,NA,NA,NA,NA,NA,NA,NA,NA,NA,NA,NA,NA,0,NA,NA,NA,NA,0,NA,NA,0,0,0,0,NA,NA,2014,0.8625140190124512,13.748598098754883,24,1,First down,1647,"12/14/14, 20:31:25",2014-12-15T02:41:24Z,Lincoln Financial Field,"Partly Cloudy Temp: 41° F, Humidity: 69%, Wind: NW 9 mph",10012014-1214-1333-37d5-82ac89e7c001,0,0,PASS,0,NA,NA,NA,9,Field goal,2014-12-15T02:41:24Z,11,2:58,4,0,1,2,2,0,PUNT,FIELD_GOAL,04:46,01:48,PHI 28,DAL 29,1647,1901,38,27,Home,-11,65,3.5,54.5,1,outdoors,grass,41,9,Chip Kelly,Jason Garrett,PHI00,Lincoln Financial Field,0,0,M.Sanchez,3,NA,NA,L.McCoy,25,1,0,0,0,1,00-0026898,NA,00-0027029,M.Sanchez,3,00-0026898,L.McCoy,00-0027029,L.McCoy,00-0027029,0,1,-0.2779069122625515,1.0042634495521752,8.782442641750094,7,0.6457025369163603,0.23065784922800958,0.6260932683944702,37.39067316055298,2014,Go for it,NA,NA,NA,NA,NA,NA,NA,NA,NA,NA,Punt
1671,2014_15_DAL_PHI,2014121413,PHI,DAL,REG,15,PHI,home,DAL,PHI,71,2014-12-14,263,263,2063,Half1,0,8,0,2,2,0,04:23,PHI 29,9,43,"(4:23) (No Huddle, Shotgun) 3-M.Sanchez pass short right to 86-Z.Ertz pushed ob at PHI 40 for 11 yards (32-O.Scandrick).",pass,11,1,1,1,0,0,0,short,right,1,10,NA,NA,NA,NA,NA,NA,3,1,0,NA,NA,NA,NA,3,1,7,21,7,21,-14,7,21,-14,0.37352195382118225,0.09799282252788544,7.936037727631629e-4,0.13047370314598083,0.1532515436410904,0.002918291836977005,0.24104805290699005,0,0,0.9440459877951071,0.872607977478765,-15.49121136687915,15.49121136687915,-0.6821438856422901,0.6821438856422901,-10.236042024742346,10.236042024742346,-0.5007615272188559,1.3733695046976209,-0.5007615272188559,1.3733695046976209,-8.366473174770363,8.366473174770363,-2.196161742846016,2.196161742846016,-10.03972447803244,10.03972447803244,-0.4229121077223681,0.4229121077223681,0.13853614032268524,0.8614638596773148,0.13853614032268524,0.8614638596773148,0.023953929543495178,0.034077733755111694,0.034077733755111694,0.16249006986618042,0.8375099301338196,0.19266508519649506,0.19266508519649506,-0.04632318360690135,0.04632318360690135,-0.25973718723888006,0.25973718723888006,0,0.023953929543495178,0,0.023953929543495178,-0.04811056068772879,0.04811056068772879,-0.22318480163812637,0.22318480163812637,-0.04811056068772879,0.04811056068772879,-0.20188512653112411,0.20188512653112411,0,0,1,0,0,0,0,0,0,0,0,0,0,0,0,0,0,0,0,0,0,0,0,0,1,0,0,0,0,0,0,0,0,1,0,0,0,0,0,0,0,0,0,0,0,1,0,0,0,0,0,00-0026898,M.Sanchez,11,00-0030061,Z.Ertz,11,NA,NA,NA,NA,NA,NA,NA,NA,NA,NA,NA,NA,NA,NA,NA,NA,NA,NA,NA,NA,NA,NA,NA,NA,NA,NA,NA,NA,NA,NA,NA,NA,NA,NA,NA,NA,NA,NA,NA,NA,NA,NA,NA,NA,NA,DAL,NA,00-0026283,NA,O.Scandrick,NA,NA,NA,NA,NA,NA,NA,NA,NA,NA,NA,NA,NA,0,NA,NA,NA,NA,NA,NA,NA,NA,NA,NA,NA,NA,NA,NA,NA,NA,NA,NA,NA,NA,NA,NA,NA,NA,NA,NA,NA,NA,NA,NA,NA,0,NA,NA,NA,NA,0,NA,NA,0,0,0,0,NA,NA,2014,0.7996473908424377,20.035260915756226,24,1,First down,1671,"12/14/14, 20:31:25",2014-12-15T02:41:47Z,Lincoln Financial Field,"Partly Cloudy Temp: 41° F, Humidity: 69%, Wind: NW 9 mph",10012014-1214-1333-37d5-82ac89e7c001,0,0,PASS,0,NA,NA,NA,9,Field goal,2014-12-15T02:41:24Z,11,2:58,4,0,1,2,2,0,PUNT,FIELD_GOAL,04:46,01:48,PHI 28,DAL 29,1647,1901,38,27,Home,-11,65,3.5,54.5,1,outdoors,grass,41,9,Chip Kelly,Jason Garrett,PHI00,Lincoln Financial Field,0,1,M.Sanchez,3,NA,NA,Z.Ertz,86,1,0,1,0,1,00-0026898,NA,00-0030061,M.Sanchez,3,00-0026898,Z.Ertz,00-0030061,Z.Ertz,00-0030061,1,1,0.872607977478765,0.7736344531945321,6.068877207682817,5,0.5016880529583432,0.26898527616867796,0.8000048995018005,19.999510049819946,2014,Go for it,NA,NA,NA,NA,NA,NA,NA,NA,NA,NA,Punt
1700,2014_15_DAL_PHI,2014121413,PHI,DAL,REG,15,PHI,home,DAL,PHI,60,2014-12-14,245,245,2045,Half1,0,8,0,2,1,0,04:05,PHI 40,10,43,"(4:05) (No Huddle, Shotgun) 3-M.Sanchez pass short right to 18-J.Maclin ran ob at DAL 49 for 11 yards.",pass,11,1,1,1,0,0,0,short,right,10,1,NA,NA,NA,NA,NA,NA,3,1,0,NA,NA,NA,NA,3,1,7,21,7,21,-14,7,21,-14,0.36181819438934326,0.065624237060546875,4.73171123303473e-4,0.08859801292419434,0.18296904861927032,0.0035738858859986067,0.29694345593452454,0,0,1.816653965273872,0.6714444911922328,-14.819766875686916,14.819766875686916,-0.6821438856422901,0.6821438856422901,-9.564597533550113,9.564597533550113,0.6391767901368439,0.0322677010553889,0.6391767901368439,0.0322677010553889,-7.727296384633519,7.727296384633519,-2.163894041790627,2.163894041790627,-9.400547687895596,9.400547687895596,-0.3906444066669792,0.3906444066669792,0.16249006986618042,0.8375099301338196,0.16249006986618042,0.8375099301338196,0.01125916838645935,0.014346018433570862,0.014346018433570862,0.17374923825263977,0.8262507617473602,0.22674281895160675,0.22674281895160675,-0.04632318360690135,0.04632318360690135,-0.2484780188524207,0.2484780188524207,0,0.01125916838645935,0,0.01125916838645935,-0.04811056068772879,0.04811056068772879,-0.21192563325166702,0.21192563325166702,-0.04811056068772879,0.04811056068772879,-0.19062595814466476,0.19062595814466476,0,0,1,0,0,0,0,0,0,0,0,0,0,0,0,0,0,0,0,0,0,0,0,0,0,0,0,0,0,0,0,0,0,1,0,0,0,0,0,0,0,0,0,0,0,1,0,0,0,0,0,00-0026898,M.Sanchez,11,00-0026995,J.Maclin,11,NA,NA,NA,NA,NA,NA,NA,NA,NA,NA,NA,NA,NA,NA,NA,NA,NA,NA,NA,NA,NA,NA,NA,NA,NA,NA,NA,NA,NA,NA,NA,NA,NA,NA,NA,NA,NA,NA,NA,NA,NA,NA,NA,NA,NA,NA,NA,NA,NA,NA,NA,NA,NA,NA,NA,NA,NA,NA,NA,NA,NA,NA,NA,0,NA,NA,NA,NA,NA,NA,NA,NA,NA,NA,NA,NA,NA,NA,NA,NA,NA,NA,NA,NA,NA,NA,NA,NA,NA,NA,NA,NA,NA,NA,NA,0,NA,NA,NA,NA,0,NA,NA,0,0,0,0,NA,NA,2014,0.581496000289917,41.8503999710083,25,1,First down,1700,"12/14/14, 20:31:25",2014-12-15T02:42:12Z,Lincoln Financial Field,"Partly Cloudy Temp: 41° F, Humidity: 69%, Wind: NW 9 mph",10012014-1214-1333-37d5-82ac89e7c001,0,0,PASS,0,NA,NA,NA,9,Field goal,2014-12-15T02:41:24Z,11,2:58,4,0,1,2,2,0,PUNT,FIELD_GOAL,04:46,01:48,PHI 28,DAL 29,1647,1901,38,27,Home,-11,65,3.5,54.5,1,outdoors,grass,41,9,Chip Kelly,Jason Garrett,PHI00,Lincoln Financial Field,0,1,M.Sanchez,3,NA,NA,J.Maclin,18,1,0,1,0,1,00-0026898,NA,00-0026995,M.Sanchez,3,00-0026898,J.Maclin,00-0026995,J.Maclin,00-0026995,1,1,0.6714444911922328,0.2403337726803766,3.6613704519550083,2,0.9995056540356018,0.9617621549405158,0.6477805376052856,35.221946239471436,2014,Go for it,NA,NA,NA,NA,NA,NA,NA,NA,NA,NA,Punt
1724,2014_15_DAL_PHI,2014121413,PHI,DAL,REG,15,PHI,home,DAL,DAL,49,2014-12-14,233,233,2033,Half1,0,8,0,2,1,0,03:53,DAL 49,10,43,"(3:53) (No Huddle, Shotgun) 25-L.McCoy left tackle to DAL 42 for 7 yards (27-J.Wilcox).",run,7,1,1,0,0,0,0,NA,NA,NA,NA,left,tackle,NA,NA,NA,NA,3,1,0,NA,NA,NA,NA,3,1,7,21,7,21,-14,7,21,-14,0.3373430371284485,0.0470455102622509,3.465174522716552e-4,0.0589059442281723,0.20895233750343323,0.003286741441115737,0.3441198766231537,0,0,2.488098456466105,0.18390238052234054,-14.635864495164576,14.635864495164576,-0.4982415051199496,0.4982415051199496,-9.564597533550113,9.564597533550113,NA,NA,0,0,-7.727296384633519,7.727296384633519,-2.163894041790627,2.163894041790627,-9.400547687895596,9.400547687895596,-0.3906444066669792,0.3906444066669792,0.17374923825263977,0.8262507617473602,0.17374923825263977,0.8262507617473602,-0.004258796572685242,0.01442265510559082,0.01442265510559082,0.16949044167995453,0.8305095583200455,0.2410888373851776,0.2410888373851776,-0.050581980179586594,0.050581980179586594,-0.2484780188524207,0.2484780188524207,NA,NA,0,0,-0.04811056068772879,0.04811056068772879,-0.21192563325166702,0.21192563325166702,-0.04811056068772879,0.04811056068772879,-0.19062595814466476,0.19062595814466476,0,0,0,0,0,0,0,0,0,0,0,0,0,0,0,0,0,0,0,0,0,0,0,0,1,0,0,0,0,0,0,0,1,0,0,0,0,0,0,0,0,0,0,0,0,0,0,0,0,0,0,NA,NA,NA,NA,NA,NA,00-0027029,L.McCoy,7,NA,NA,NA,NA,NA,NA,NA,NA,NA,NA,NA,NA,NA,NA,NA,NA,NA,NA,NA,NA,NA,NA,NA,NA,NA,NA,NA,NA,NA,NA,NA,NA,NA,NA,NA,NA,NA,NA,NA,NA,NA,NA,DAL,NA,00-0030543,NA,J.Wilcox,NA,NA,NA,NA,NA,NA,NA,NA,NA,NA,NA,NA,NA,0,NA,NA,NA,NA,NA,NA,NA,NA,NA,NA,NA,NA,NA,NA,NA,NA,NA,NA,NA,NA,NA,NA,NA,NA,NA,NA,NA,NA,NA,NA,NA,0,NA,NA,NA,NA,0,NA,NA,0,0,0,0,NA,NA,2014,NA,NA,26,1,First down,1724,"12/14/14, 20:31:25",2014-12-15T02:42:31Z,Lincoln Financial Field,"Partly Cloudy Temp: 41° F, Humidity: 69%, Wind: NW 9 mph",10012014-1214-1333-37d5-82ac89e7c001,0,0,RUSH,0,NA,NA,NA,9,Field goal,2014-12-15T02:41:24Z,11,2:58,4,0,1,2,2,0,PUNT,FIELD_GOAL,04:46,01:48,PHI 28,DAL 29,1647,1901,38,27,Home,-11,65,3.5,54.5,1,outdoors,grass,41,9,Chip Kelly,Jason Garrett,PHI00,Lincoln Financial Field,0,1,NA,NA,L.McCoy,25,NA,NA,0,1,0,0,1,NA,00-0027029,NA,L.McCoy,25,00-0027029,L.McCoy,00-0027029,L.McCoy,00-0027029,0,1,0.18390238052234054,NA,NA,NA,NA,NA,0.6435487866401672,-64.35487866401672,2014,Go for it,NA,NA,NA,NA,NA,NA,NA,NA,NA,NA,Punt
1745,2014_15_DAL_PHI,2014121413,PHI,DAL,REG,15,PHI,home,DAL,DAL,42,2014-12-14,207,207,2007,Half1,0,8,0,2,2,0,03:27,DAL 42,3,43,"(3:27) (No Huddle, Shotgun) 25-L.McCoy right end ran ob at DAL 37 for 5 yards (39-B.Carr).",run,5,1,1,0,0,0,0,NA,NA,NA,NA,right,end,NA,NA,NA,NA,3,1,0,NA,NA,NA,NA,3,1,7,21,7,21,-14,7,21,-14,0.318706214427948,0.045730870217084885,3.026947670150548e-4,0.05126022547483444,0.2253272831439972,0.0036141464952379465,0.35505861043930054,0,0,2.6720008369884454,0.3712811762234196,-14.264583318941156,14.264583318941156,-0.12696032889652997,0.12696032889652997,-9.564597533550113,9.564597533550113,NA,NA,0,0,-7.727296384633519,7.727296384633519,-2.163894041790627,2.163894041790627,-9.400547687895596,9.400547687895596,-0.3906444066669792,0.3906444066669792,0.16949044167995453,0.8305095583200455,0.16949044167995453,0.8305095583200455,0.004258796572685242,3.002285957336426e-4,3.002285957336426e-4,0.17374923825263977,0.8262507617473602,0.25551149249076843,0.25551149249076843,-0.04632318360690135,0.04632318360690135,-0.2484780188524207,0.2484780188524207,NA,NA,0,0,-0.04811056068772879,0.04811056068772879,-0.21192563325166702,0.21192563325166702,-0.04811056068772879,0.04811056068772879,-0.19062595814466476,0.19062595814466476,0,1,0,0,0,0,0,0,0,0,0,0,0,0,0,0,0,0,0,0,0,0,0,0,1,0,0,0,0,0,0,0,1,0,0,0,0,0,0,0,0,0,0,0,0,0,0,0,0,0,0,NA,NA,NA,NA,NA,NA,00-0027029,L.McCoy,5,NA,NA,NA,NA,NA,NA,NA,NA,NA,NA,NA,NA,NA,NA,NA,NA,NA,NA,NA,NA,NA,NA,NA,NA,NA,NA,NA,NA,NA,NA,NA,NA,NA,NA,NA,NA,NA,NA,NA,NA,NA,NA,DAL,NA,00-0026280,NA,B.Carr,NA,NA,NA,NA,NA,NA,NA,NA,NA,NA,NA,NA,NA,0,NA,NA,NA,NA,NA,NA,NA,NA,NA,NA,NA,NA,NA,NA,NA,NA,NA,NA,NA,NA,NA,NA,NA,NA,NA,NA,NA,NA,NA,NA,NA,0,NA,NA,NA,NA,0,NA,NA,0,0,0,0,NA,NA,2014,NA,NA,26,1,First down,1745,"12/14/14, 20:31:25",2014-12-15T02:42:57Z,Lincoln Financial Field,"Partly Cloudy Temp: 41° F, Humidity: 69%, Wind: NW 9 mph",10012014-1214-1333-37d5-82ac89e7c001,0,0,RUSH,0,NA,NA,NA,9,Field goal,2014-12-15T02:41:24Z,11,2:58,4,0,1,2,2,0,PUNT,FIELD_GOAL,04:46,01:48,PHI 28,DAL 29,1647,1901,38,27,Home,-11,65,3.5,54.5,1,outdoors,grass,41,9,Chip Kelly,Jason Garrett,PHI00,Lincoln Financial Field,0,1,NA,NA,L.McCoy,25,NA,NA,0,1,1,0,1,NA,00-0027029,NA,L.McCoy,25,00-0027029,L.McCoy,00-0027029,L.McCoy,00-0027029,1,1,0.3712811762234196,NA,NA,NA,NA,NA,0.47853219509124756,-47.853219509124756,2014,Go for it,NA,NA,NA,NA,NA,NA,NA,NA,NA,NA,Punt
1771,2014_15_DAL_PHI,2014121413,PHI,DAL,REG,15,PHI,home,DAL,DAL,37,2014-12-14,188,188,1988,Half1,0,8,0,2,1,0,03:08,DAL 37,10,43,"(3:08) (No Huddle, Shotgun) 43-D.Sproles up the middle to DAL 36 for 1 yard (97-T.McClain).",run,1,1,1,0,0,0,0,NA,NA,NA,NA,middle,NA,NA,NA,NA,NA,3,1,0,NA,NA,NA,NA,3,1,7,21,7,21,-14,7,21,-14,0.292194128036499,0.035370778292417526,2.713204303290695e-4,0.03336280211806297,0.26812461018562317,0.00312633253633976,0.3675500154495239,0,0,3.043282013211865,-0.6518838570336811,-14.916467175974837,14.916467175974837,-0.7788441859302111,0.7788441859302111,-9.564597533550113,9.564597533550113,NA,NA,0,0,-7.727296384633519,7.727296384633519,-2.163894041790627,2.163894041790627,-9.400547687895596,9.400547687895596,-0.3906444066669792,0.3906444066669792,0.17374923825263977,0.8262507617473602,0.17374923825263977,0.8262507617473602,-0.011517703533172607,-0.013887539505958557,-0.013887539505958557,0.16223153471946716,0.8377684652805328,0.2558117210865021,0.2558117210865021,-0.05784088714007396,0.05784088714007396,-0.2484780188524207,0.2484780188524207,NA,NA,0,0,-0.04811056068772879,0.04811056068772879,-0.21192563325166702,0.21192563325166702,-0.04811056068772879,0.04811056068772879,-0.19062595814466476,0.19062595814466476,0,0,0,0,0,0,0,0,0,0,0,0,0,0,0,0,0,0,0,0,0,0,0,0,1,0,0,0,0,0,0,0,1,0,0,0,0,0,0,0,0,0,0,0,0,0,0,0,0,0,0,NA,NA,NA,NA,NA,NA,00-0023564,D.Sproles,1,NA,NA,NA,NA,NA,NA,NA,NA,NA,NA,NA,NA,NA,NA,NA,NA,NA,NA,NA,NA,NA,NA,NA,NA,NA,NA,NA,NA,NA,NA,NA,NA,NA,NA,NA,NA,NA,NA,NA,NA,NA,NA,DAL,NA,00-0028003,NA,T.McClain,NA,NA,NA,NA,NA,NA,NA,NA,NA,NA,NA,NA,NA,0,NA,NA,NA,NA,NA,NA,NA,NA,NA,NA,NA,NA,NA,NA,NA,NA,NA,NA,NA,NA,NA,NA,NA,NA,NA,NA,NA,NA,NA,NA,NA,0,NA,NA,NA,NA,0,NA,NA,0,0,0,0,NA,NA,2014,NA,NA,27,1,First down,1771,"12/14/14, 20:31:25",2014-12-15T02:43:23Z,Lincoln Financial Field,"Partly Cloudy Temp: 41° F, Humidity: 69%, Wind: NW 9 mph",10012014-1214-1333-37d5-82ac89e7c001,0,0,RUSH,0,NA,NA,NA,9,Field goal,2014-12-15T02:41:24Z,11,2:58,4,0,1,2,2,0,PUNT,FIELD_GOAL,04:46,01:48,PHI 28,DAL 29,1647,1901,38,27,Home,-11,65,3.5,54.5,1,outdoors,grass,41,9,Chip Kelly,Jason Garrett,PHI00,Lincoln Financial Field,0,0,NA,NA,D.Sproles,43,NA,NA,0,1,0,0,1,NA,00-0023564,NA,D.Sproles,43,00-0023564,D.Sproles,00-0023564,D.Sproles,00-0023564,0,1,-0.6518838570336811,NA,NA,NA,NA,NA,0.6458544135093689,-64.58544135093689,2014,Go for it,NA,NA,NA,NA,NA,NA,NA,NA,NA,NA,Punt
1792,2014_15_DAL_PHI,2014121413,PHI,DAL,REG,15,PHI,home,DAL,DAL,36,2014-12-14,168,168,1968,Half1,0,8,0,2,2,0,02:48,DAL 36,9,43,"(2:48) (No Huddle, Shotgun) 3-M.Sanchez pass short middle to 87-B.Celek to DAL 26 for 10 yards (54-B.Carter).",pass,10,1,1,1,0,0,0,short,middle,9,1,NA,NA,NA,NA,NA,NA,3,1,0,NA,NA,NA,NA,3,1,7,21,7,21,-14,7,21,-14,0.3553772568702698,0.040166452527046204,2.634557313285768e-4,0.037155043333768845,0.295592337846756,0.0028770738281309605,0.26856836676597595,0,0,2.391398156178184,1.2253551026224159,-13.691112073352421,13.691112073352421,-0.7788441859302111,0.7788441859302111,-8.339242430927698,8.339242430927698,1.1703970720409416,0.054958030581474304,1.1703970720409416,0.054958030581474304,-6.556899312592577,6.556899312592577,-2.1089360112091526,2.1089360112091526,-8.230150615854654,8.230150615854654,-0.3356863760855049,0.3356863760855049,0.16223153471946716,0.8377684652805328,0.16223153471946716,0.8377684652805328,0.04600910842418671,0.03823016583919525,0.03823016583919525,0.20824064314365387,0.7917593568563461,0.24192418158054352,0.24192418158054352,-0.05784088714007396,0.05784088714007396,-0.202468910428234,0.202468910428234,0,0.04600910842418671,0,0.04600910842418671,-0.04811056068772879,0.04811056068772879,-0.16591652482748032,0.16591652482748032,-0.04811056068772879,0.04811056068772879,-0.14461684972047806,0.14461684972047806,0,0,1,0,0,0,0,0,0,0,0,0,0,0,0,0,0,0,0,0,0,0,0,0,1,0,0,0,0,0,0,0,0,1,0,0,0,0,0,0,0,0,0,0,0,1,0,0,0,0,0,00-0026898,M.Sanchez,10,00-0025549,B.Celek,10,NA,NA,NA,NA,NA,NA,NA,NA,NA,NA,NA,NA,NA,NA,NA,NA,NA,NA,NA,NA,NA,NA,NA,NA,NA,NA,NA,NA,NA,NA,NA,NA,NA,NA,NA,NA,NA,NA,NA,NA,NA,NA,NA,NA,NA,DAL,NA,00-0027978,NA,B.Carter,NA,NA,NA,NA,NA,NA,NA,NA,NA,NA,NA,NA,NA,0,NA,NA,NA,NA,NA,NA,NA,NA,NA,NA,NA,NA,NA,NA,NA,NA,NA,NA,NA,NA,NA,NA,NA,NA,NA,NA,NA,NA,NA,NA,NA,0,NA,NA,NA,NA,0,NA,NA,0,0,0,0,NA,NA,2014,0.6794105768203735,32.05894231796265,27,1,First down,1792,"12/14/14, 20:31:25",2014-12-15T02:43:43Z,Lincoln Financial Field,"Partly Cloudy Temp: 41° F, Humidity: 69%, Wind: NW 9 mph",10012014-1214-1333-37d5-82ac89e7c001,0,0,PASS,0,NA,NA,NA,9,Field goal,2014-12-15T02:41:24Z,11,2:58,4,0,1,2,2,0,PUNT,FIELD_GOAL,04:46,01:48,PHI 28,DAL 29,1647,1901,38,27,Home,-11,65,3.5,54.5,1,outdoors,grass,41,9,Chip Kelly,Jason Garrett,PHI00,Lincoln Financial Field,0,1,M.Sanchez,3,NA,NA,B.Celek,87,1,0,1,0,1,00-0026898,NA,00-0025549,M.Sanchez,3,00-0026898,B.Celek,00-0025549,B.Celek,00-0025549,0,1,1.2253551026224159,0.3400185219888219,4.140632301045116,2,1,0.981433380395174,0.824530839920044,17.546916007995605,2014,Go for it,NA,NA,NA,NA,NA,NA,NA,NA,NA,NA,Punt
1816,2014_15_DAL_PHI,2014121413,PHI,DAL,REG,15,PHI,home,DAL,DAL,26,2014-12-14,145,145,1945,Half1,0,8,0,2,1,0,02:25,DAL 26,10,43,"(2:25) (No Huddle, Shotgun) 3-M.Sanchez pass incomplete short right to 81-J.Matthews.",pass,0,1,1,1,0,0,0,short,right,14,NA,NA,NA,NA,NA,NA,NA,3,1,0,NA,NA,NA,NA,3,1,7,21,7,21,-14,7,21,-14,0.2210237979888916,0.02306443266570568,2.602592285256833e-4,0.020831426605582237,0.3253280818462372,0.0020282508339732885,0.40746375918388367,0,0,3.6167532588005997,-0.3460454312735237,-14.037157504625945,14.037157504625945,-0.7788441859302111,0.7788441859302111,-8.685287862201221,8.685287862201221,1.1380951381288469,-1.4841405694023706,0,0,-6.556899312592577,6.556899312592577,-2.1089360112091526,2.1089360112091526,-7.092055477725808,7.092055477725808,-1.8198269454878755,1.8198269454878755,0.20824064314365387,0.7917593568563461,0.20824064314365387,0.7917593568563461,-0.01237080991268158,-0.02616986632347107,-0.02616986632347107,0.1958698332309723,0.8041301667690277,0.28015434741973877,0.28015434741973877,-0.05784088714007396,0.05784088714007396,-0.21483972034091559,0.21483972034091559,-0.0016016364097595215,-0.010769173502922058,0,0,-0.04811056068772879,0.04811056068772879,-0.16591652482748032,0.16591652482748032,-0.04971219709748831,0.04971219709748831,-0.15538602322340012,0.15538602322340012,0,0,0,0,0,0,0,0,1,0,0,0,0,0,0,0,0,0,0,0,0,0,0,0,0,0,0,0,0,0,0,0,0,1,0,0,0,0,0,0,0,0,0,0,0,0,0,0,0,0,0,00-0026898,M.Sanchez,NA,00-0031299,J.Matthews,NA,NA,NA,NA,NA,NA,NA,NA,NA,NA,NA,NA,NA,NA,NA,NA,NA,NA,NA,NA,NA,NA,NA,NA,NA,NA,NA,NA,NA,NA,NA,NA,NA,NA,NA,NA,NA,NA,NA,NA,NA,NA,NA,NA,NA,NA,NA,NA,NA,NA,NA,NA,NA,NA,NA,NA,NA,NA,NA,NA,NA,NA,NA,NA,0,NA,NA,NA,NA,NA,NA,NA,NA,NA,NA,NA,NA,NA,NA,NA,NA,NA,NA,NA,NA,NA,NA,NA,NA,NA,NA,NA,NA,NA,NA,NA,0,NA,NA,NA,NA,0,NA,NA,0,0,0,0,NA,NA,2014,0.5350044965744019,-53.500449657440186,28,0,Field goal,1816,"12/14/14, 20:31:25",2014-12-15T02:44:06Z,Lincoln Financial Field,"Partly Cloudy Temp: 41° F, Humidity: 69%, Wind: NW 9 mph",10012014-1214-1333-37d5-82ac89e7c001,0,0,PASS,0,NA,NA,NA,9,Field goal,2014-12-15T02:41:24Z,11,2:58,4,0,1,2,2,0,PUNT,FIELD_GOAL,04:46,01:48,PHI 28,DAL 29,1647,1901,38,27,Home,-11,65,3.5,54.5,1,outdoors,grass,41,9,Chip Kelly,Jason Garrett,PHI00,Lincoln Financial Field,0,0,M.Sanchez,3,NA,NA,J.Matthews,81,1,0,0,0,1,00-0026898,NA,00-0031299,M.Sanchez,3,00-0026898,J.Matthews,00-0031299,J.Matthews,00-0031299,0,1,-0.3460454312735237,0.3241565653151339,2.722134098294191,1,1,0.9994904397753999,0.6121957898139954,38.780421018600464,2014,Go for it,NA,NA,NA,NA,NA,NA,NA,NA,NA,NA,Punt
1838,2014_15_DAL_PHI,2014121413,PHI,DAL,REG,15,PHI,home,DAL,DAL,26,2014-12-14,139,139,1939,Half1,0,8,0,2,2,0,02:19,DAL 26,10,43,"(2:19) (No Huddle, Shotgun) 3-M.Sanchez pass short right to 43-D.Sproles to DAL 29 for -3 yards (54-B.Carter).",pass,-3,1,1,1,0,0,0,short,right,-4,1,NA,NA,NA,NA,NA,NA,3,1,0,NA,NA,NA,NA,3,1,7,21,7,21,-14,7,21,-14,0.23111899197101593,0.02714221552014351,2.6350258849561214e-4,0.024102220311760902,0.37244370579719543,0.0020919712260365486,0.3428374230861664,0,0,3.270707827527076,-0.8478849280509166,-14.885042432676862,14.885042432676862,-0.7788441859302111,0.7788441859302111,-9.533172790252138,9.533172790252138,-0.99056554940762,0.14268062135670334,-0.99056554940762,0.14268062135670334,-7.547464862000197,7.547464862000197,-1.9662553898524493,1.9662553898524493,-8.082621027133428,8.082621027133428,-1.6771463241311722,1.6771463241311722,0.1958698332309723,0.8041301667690277,0.1958698332309723,0.8041301667690277,-0.04610578715801239,-0.033876627683639526,-0.033876627683639526,0.1497640460729599,0.8502359539270401,0.2539844810962677,0.2539844810962677,-0.05784088714007396,0.05784088714007396,-0.260945507498928,0.260945507498928,0,-0.04610578715801239,0,-0.04610578715801239,-0.04811056068772879,0.04811056068772879,-0.2120223119854927,0.2120223119854927,-0.04971219709748831,0.04971219709748831,-0.2014918103814125,0.2014918103814125,0,0,0,0,0,0,0,0,0,0,0,0,0,0,0,0,0,0,0,0,0,0,0,0,1,0,0,0,0,0,0,0,0,1,0,0,0,0,0,0,0,0,0,0,0,1,0,0,0,0,0,00-0026898,M.Sanchez,-3,00-0023564,D.Sproles,-3,NA,NA,NA,NA,NA,NA,NA,NA,NA,NA,NA,NA,NA,NA,NA,NA,NA,NA,NA,NA,NA,NA,NA,NA,NA,NA,NA,NA,NA,NA,NA,00-0027978,B.Carter,NA,NA,NA,NA,NA,NA,NA,NA,NA,NA,NA,NA,DAL,NA,00-0027978,NA,B.Carter,NA,NA,NA,NA,NA,NA,NA,NA,NA,NA,NA,NA,NA,0,NA,NA,NA,NA,NA,NA,NA,NA,NA,NA,NA,NA,NA,NA,NA,NA,NA,NA,NA,NA,NA,NA,NA,NA,NA,NA,NA,NA,NA,NA,NA,0,NA,NA,NA,NA,0,NA,NA,0,0,0,0,NA,NA,2014,0.8585363030433655,14.146369695663452,28,0,Field goal,1838,"12/14/14, 20:31:25",2014-12-15T02:44:43Z,Lincoln Financial Field,"Partly Cloudy Temp: 41° F, Humidity: 69%, Wind: NW 9 mph",10012014-1214-1333-37d5-82ac89e7c001,0,0,PASS,0,NA,NA,NA,9,Field goal,2014-12-15T02:41:24Z,11,2:58,4,0,1,2,2,0,PUNT,FIELD_GOAL,04:46,01:48,PHI 28,DAL 29,1647,1901,38,27,Home,-11,65,3.5,54.5,1,outdoors,grass,41,9,Chip Kelly,Jason Garrett,PHI00,Lincoln Financial Field,0,0,M.Sanchez,3,NA,NA,D.Sproles,43,1,0,0,0,1,00-0026898,NA,00-0023564,M.Sanchez,3,00-0026898,D.Sproles,00-0023564,D.Sproles,00-0023564,0,1,-0.8478849280509166,1.325847727644505,9.974556801142171,9,0.5180916300159879,0.24455971998395398,0.7195361256599426,28.046387434005737,2014,Go for it,NA,NA,NA,NA,NA,NA,NA,NA,NA,NA,Punt
1879,2014_15_DAL_PHI,2014121413,PHI,DAL,REG,15,PHI,home,DAL,DAL,29,2014-12-14,120,120,1920,Half1,0,8,0,2,3,0,02:00,DAL 29,13,43,(2:00) 3-M.Sanchez pass incomplete short right.,pass,0,0,0,1,0,0,0,short,right,14,NA,NA,NA,NA,NA,NA,NA,3,1,0,NA,NA,NA,NA,3,1,7,21,7,21,-14,7,21,-14,0.22934862971305847,0.043023910373449326,3.2714250846765935e-4,0.03284065052866936,0.5164441466331482,0.0026015809271484613,0.17541398108005524,0,0,2.4228228994761594,-0.6428056480389059,-15.527848080715767,15.527848080715767,-0.7788441859302111,0.7788441859302111,-10.175978438291043,10.175978438291043,2.141950001940131,-2.7847556499790374,0,0,-7.547464862000197,7.547464862000197,-1.9662553898524493,1.9662553898524493,-5.940671025193296,5.940671025193296,-4.4619019741102095,4.4619019741102095,0.1497640460729599,0.8502359539270401,0.1497640460729599,0.8502359539270401,-0.017046332359313965,-0.03153704106807709,-0.03153704106807709,0.13271771371364594,0.8672822862863541,0.22010785341262817,0.22010785341262817,-0.05784088714007396,0.05784088714007396,-0.27799183985824194,0.27799183985824194,0,-0.017046332359313965,0,0,-0.04811056068772879,0.04811056068772879,-0.2120223119854927,0.2120223119854927,-0.04971219709748831,0.04971219709748831,-0.21853814274072647,0.21853814274072647,0,0,0,0,0,1,0,0,1,0,0,0,0,0,0,0,0,0,0,0,0,0,0,0,0,0,0,0,0,0,0,0,0,1,0,0,0,0,0,0,0,0,0,0,0,0,0,0,0,0,0,00-0026898,M.Sanchez,NA,NA,NA,NA,NA,NA,NA,NA,NA,NA,NA,NA,NA,NA,NA,NA,NA,NA,NA,NA,NA,NA,NA,NA,NA,NA,NA,NA,NA,NA,NA,NA,NA,NA,NA,NA,NA,NA,NA,NA,NA,NA,NA,NA,NA,NA,NA,NA,NA,NA,NA,NA,NA,NA,NA,NA,NA,NA,NA,NA,NA,NA,NA,NA,NA,NA,NA,0,NA,NA,NA,NA,NA,NA,NA,NA,NA,NA,NA,NA,NA,NA,NA,NA,NA,NA,NA,NA,NA,NA,NA,NA,NA,NA,NA,NA,NA,NA,NA,0,NA,NA,NA,NA,0,NA,NA,0,0,0,0,NA,NA,2014,NA,NA,28,0,Field goal,1879,"12/14/14, 20:31:25",2014-12-15T02:47:48Z,Lincoln Financial Field,"Partly Cloudy Temp: 41° F, Humidity: 69%, Wind: NW 9 mph",10012014-1214-1333-37d5-82ac89e7c001,0,0,PASS,0,NA,NA,NA,9,Field goal,2014-12-15T02:41:24Z,11,2:58,4,0,1,2,2,0,PUNT,FIELD_GOAL,04:46,01:48,PHI 28,DAL 29,1647,1901,38,27,Home,-11,65,3.5,54.5,1,outdoors,grass,41,9,Chip Kelly,Jason Garrett,PHI00,Lincoln Financial Field,0,0,M.Sanchez,3,NA,NA,NA,NA,1,0,0,0,1,00-0026898,NA,NA,M.Sanchez,3,00-0026898,NA,NA,NA,NA,0,1,-0.6428056480389059,NA,NA,NA,NA,NA,0.9752858281135559,2.471417188644409,2014,Go for it,NA,NA,NA,NA,NA,NA,NA,NA,NA,NA,Punt
1901,2014_15_DAL_PHI,2014121413,PHI,DAL,REG,15,PHI,home,DAL,DAL,29,2014-12-14,113,113,1913,Half1,0,8,1,2,4,0,01:53,DAL 29,13,43,"(1:53) 1-C.Parkey 47 yard field goal is GOOD, Center-46-J.Dorenbos, Holder-8-D.Jones.",field_goal,0,0,0,0,0,0,0,NA,NA,NA,NA,NA,NA,made,47,NA,NA,3,1,0,NA,NA,NA,NA,3,1,10,21,7,21,-14,10,21,-11,0.14668737242537364,0.04998731347795744,3.152829018221045e-4,0.05255641306369329,0.7385076584185721,1.2799771881398905e-4,0.011817954061039847,0,0,1.7800172514372534,1.2199827485627466,-14.307865332153021,14.307865332153021,-0.7788441859302111,0.7788441859302111,-10.175978438291043,10.175978438291043,NA,NA,0,0,-7.547464862000197,7.547464862000197,-1.9662553898524493,1.9662553898524493,-5.940671025193296,5.940671025193296,-4.4619019741102095,4.4619019741102095,0.13271771371364594,0.8672822862863541,0.13271771371364594,0.8672822862863541,0.021997228264808655,0.020820781588554382,0.020820781588554382,0.1547149419784546,0.8452850580215454,0.1885708123445511,0.1885708123445511,-0.05784088714007396,0.05784088714007396,-0.27799183985824194,0.27799183985824194,NA,NA,0,0,-0.04811056068772879,0.04811056068772879,-0.2120223119854927,0.2120223119854927,-0.04971219709748831,0.04971219709748831,-0.21853814274072647,0.21853814274072647,0,0,0,0,0,0,0,0,0,0,0,0,0,0,0,0,0,0,0,0,0,0,0,0,0,0,0,0,0,0,0,0,0,0,0,0,0,0,0,0,0,1,0,0,0,0,0,0,0,0,0,NA,NA,NA,NA,NA,NA,NA,NA,NA,NA,NA,NA,NA,NA,NA,NA,NA,NA,NA,NA,NA,NA,NA,NA,NA,NA,NA,NA,NA,NA,NA,C.Parkey,00-0030850,NA,NA,NA,NA,NA,NA,NA,NA,NA,NA,NA,NA,NA,NA,NA,NA,NA,NA,NA,NA,NA,NA,NA,NA,NA,NA,NA,NA,NA,NA,NA,NA,NA,NA,NA,NA,0,NA,NA,NA,NA,NA,NA,NA,NA,NA,NA,NA,NA,NA,NA,NA,NA,NA,NA,NA,NA,NA,NA,NA,NA,NA,NA,NA,NA,NA,NA,NA,0,NA,NA,NA,NA,0,NA,NA,0,0,0,0,NA,NA,2014,NA,NA,28,0,Field goal,1901,"12/14/14, 20:31:25",2014-12-15T02:48:29Z,Lincoln Financial Field,"Partly Cloudy Temp: 41° F, Humidity: 69%, Wind: NW 9 mph",10012014-1214-1333-37d5-82ac89e7c001,0,0,FIELD_GOAL,0,NA,NA,NA,9,Field goal,2014-12-15T02:41:24Z,11,2:58,4,0,1,2,2,0,PUNT,FIELD_GOAL,04:46,01:48,PHI 28,DAL 29,1647,1901,38,27,Home,-11,65,3.5,54.5,1,outdoors,grass,41,9,Chip Kelly,Jason Garrett,PHI00,Lincoln Financial Field,0,1,NA,NA,NA,NA,NA,NA,0,0,0,1,0,NA,NA,NA,NA,NA,NA,NA,NA,NA,NA,0,1,1.2199827485627466,NA,NA,NA,NA,NA,NA,NA,2014,Field Goal,-0.8554119589504083,0.22649977367836982,0.14929666779759512,0.2755950016098916,0.17790320961472217,0.7257434009322135,0.13856172561645508,0.20455695688724518,0.18645732920422625,NA,Punt
1920,2014_15_DAL_PHI,2014121413,PHI,DAL,REG,15,DAL,away,PHI,PHI,35,2014-12-14,108,108,1908,Half1,0,9,0,2,NA,0,01:48,PHI 35,0,26,1-C.Parkey kicks 60 yards from PHI 35 to DAL 5. 17-D.Harris to DAL 11 for 6 yards (33-C.Prosinski).,kickoff,0,0,0,0,0,0,0,NA,NA,NA,NA,NA,NA,NA,60,NA,NA,3,1,0,NA,NA,NA,NA,1,3,10,21,21,10,11,21,10,11,0.5569321513175964,0.07652098685503006,0.001771570648998022,0.07819782942533493,0.16418464481830597,9.701389935798943e-4,0.1214226707816124,0,0,0.5639620000729337,-0.3267987616127357,-13.981066570540285,13.981066570540285,-0.7788441859302111,0.7788441859302111,-10.175978438291043,10.175978438291043,NA,NA,0,0,-7.547464862000197,7.547464862000197,-1.9662553898524493,1.9662553898524493,-5.940671025193296,5.940671025193296,-4.4619019741102095,4.4619019741102095,0.8452850580215454,0.1547149419784546,0.1547149419784546,0.8452850580215454,-0.012640953063964844,-0.01984637975692749,0.01984637975692749,0.16735589504241943,0.8326441049575806,0.7906084060668945,0.20939159393310547,-0.05784088714007396,0.05784088714007396,-0.27799183985824194,0.27799183985824194,NA,NA,0,0,-0.04811056068772879,0.04811056068772879,-0.2120223119854927,0.2120223119854927,-0.04971219709748831,0.04971219709748831,-0.21853814274072647,0.21853814274072647,0,0,0,0,0,0,0,0,0,0,0,0,0,0,0,0,1,0,0,0,0,0,0,0,1,0,0,0,0,0,0,0,0,0,0,0,0,0,0,0,0,0,1,0,0,0,0,0,0,0,0,NA,NA,NA,NA,NA,NA,NA,NA,NA,NA,NA,NA,NA,NA,NA,NA,NA,NA,NA,NA,NA,NA,NA,NA,NA,D.Harris,00-0028114,NA,NA,NA,NA,C.Parkey,00-0030850,NA,NA,NA,NA,NA,NA,NA,NA,NA,NA,NA,NA,NA,NA,NA,NA,NA,NA,PHI,NA,00-0028059,NA,C.Prosinski,NA,NA,NA,NA,NA,NA,NA,NA,NA,NA,NA,NA,NA,0,NA,NA,NA,NA,NA,NA,NA,NA,NA,NA,NA,NA,NA,NA,NA,NA,NA,NA,NA,NA,NA,NA,NA,NA,NA,NA,NA,NA,NA,NA,DAL,6,NA,NA,NA,NA,0,NA,NA,0,0,0,0,NA,NA,2014,NA,NA,29,1,First down,1920,"12/14/14, 20:31:25",2014-12-15T02:49:43Z,Lincoln Financial Field,"Partly Cloudy Temp: 41° F, Humidity: 69%, Wind: NW 9 mph",10012014-1214-1333-37d5-82ac89e7c001,0,0,KICK_OFF,1,NA,NA,NA,10,Punt,2014-12-15T02:49:43Z,7,1:48,2,0,0,2,2,-15,KICKOFF,PUNT,01:48,00:00,DAL 11,DAL 37,1920,2165,38,27,Home,-11,65,3.5,54.5,1,outdoors,grass,41,9,Chip Kelly,Jason Garrett,PHI00,Lincoln Financial Field,0,0,NA,NA,NA,NA,NA,NA,0,0,0,1,0,NA,NA,NA,NA,NA,NA,NA,NA,NA,NA,0,1,-0.3267987616127357,NA,NA,NA,NA,NA,NA,NA,2014,Other,NA,NA,NA,NA,NA,NA,NA,NA,NA,NA,Punt
1942,2014_15_DAL_PHI,2014121413,PHI,DAL,REG,15,DAL,away,PHI,DAL,89,2014-12-14,103,103,1903,Half1,0,9,0,2,1,0,01:43,DAL 11,10,26,(1:43) (Shotgun) 25-L.Dunbar right end to DAL 18 for 7 yards (27-M.Jenkins).,run,7,1,0,0,0,0,0,NA,NA,NA,NA,right,end,NA,NA,NA,NA,3,1,0,NA,NA,NA,NA,1,3,10,21,21,10,11,21,10,11,0.5907179117202759,0.09153944998979568,0.008501973934471607,0.07617440819740295,0.14132225513458252,8.33657686598599e-4,0.09091033041477203,0,0,0.23716323846019804,0.11149016488343477,-14.09255673542372,14.09255673542372,-0.8903343508136459,0.8903343508136459,-10.175978438291043,10.175978438291043,NA,NA,0,0,-7.547464862000197,7.547464862000197,-1.9662553898524493,1.9662553898524493,-5.940671025193296,5.940671025193296,-4.4619019741102095,4.4619019741102095,0.8326441049575806,0.16735589504241943,0.16735589504241943,0.8326441049575806,0.011252164840698242,0.017297863960266113,-0.017297863960266113,0.1561037302017212,0.8438962697982788,0.770762026309967,0.22923797369003296,-0.0690930519807722,0.0690930519807722,-0.27799183985824194,0.27799183985824194,NA,NA,0,0,-0.04811056068772879,0.04811056068772879,-0.2120223119854927,0.2120223119854927,-0.04971219709748831,0.04971219709748831,-0.21853814274072647,0.21853814274072647,0,0,0,0,0,0,0,0,0,0,0,0,0,0,0,0,0,0,0,0,0,0,0,0,1,0,0,0,0,0,0,0,1,0,0,0,0,0,0,0,0,0,0,0,0,0,0,0,0,0,0,NA,NA,NA,NA,NA,NA,00-0029004,L.Dunbar,7,NA,NA,NA,NA,NA,NA,NA,NA,NA,NA,NA,NA,NA,NA,NA,NA,NA,NA,NA,NA,NA,NA,NA,NA,NA,NA,NA,NA,NA,NA,NA,NA,NA,NA,NA,NA,NA,NA,NA,NA,NA,NA,PHI,NA,00-0026990,NA,M.Jenkins,NA,NA,NA,NA,NA,NA,NA,NA,NA,NA,NA,NA,NA,0,NA,NA,NA,NA,NA,NA,NA,NA,NA,NA,NA,NA,NA,NA,NA,NA,NA,NA,NA,NA,NA,NA,NA,NA,NA,NA,NA,NA,NA,NA,NA,0,NA,NA,NA,NA,0,NA,NA,0,0,0,0,NA,NA,2014,NA,NA,29,1,First down,1942,"12/14/14, 20:31:25",2014-12-15T02:50:44Z,Lincoln Financial Field,"Partly Cloudy Temp: 41° F, Humidity: 69%, Wind: NW 9 mph",10012014-1214-1333-37d5-82ac89e7c001,0,0,RUSH,0,NA,NA,NA,10,Punt,2014-12-15T02:49:43Z,7,1:48,2,0,0,2,2,-15,KICKOFF,PUNT,01:48,00:00,DAL 11,DAL 37,1920,2165,38,27,Home,-11,65,3.5,54.5,1,outdoors,grass,41,9,Chip Kelly,Jason Garrett,PHI00,Lincoln Financial Field,0,1,NA,NA,L.Dunbar,25,NA,NA,0,1,0,0,1,NA,00-0029004,NA,L.Dunbar,25,00-0029004,L.Dunbar,00-0029004,L.Dunbar,00-0029004,0,1,0.11149016488343477,NA,NA,NA,NA,NA,0.4029092788696289,-40.29092788696289,2014,Go for it,NA,NA,NA,NA,NA,NA,NA,NA,NA,NA,Punt
1963,2014_15_DAL_PHI,2014121413,PHI,DAL,REG,15,DAL,away,PHI,DAL,82,2014-12-14,82,82,1882,Half1,0,9,0,2,2,0,01:22,DAL 18,3,26,"(1:22) (No Huddle, Shotgun) 9-T.Romo pass short middle to 83-T.Williams to DAL 29 for 11 yards (24-B.Fletcher).",pass,11,1,1,1,0,0,0,short,middle,7,4,NA,NA,NA,NA,NA,NA,3,1,0,NA,NA,NA,NA,1,3,10,21,21,10,11,21,10,11,0.617082953453064,0.08438698947429657,0.002474838402122259,0.061081480234861374,0.15143528580665588,9.481330635026097e-4,0.08259032666683197,0,0,0.3486534033436328,0.3640678160591051,-14.456624551482825,14.456624551482825,-0.8903343508136459,0.8903343508136459,-10.540046254350148,10.540046254350148,0.3722062621964142,-0.008138446137309074,0.3722062621964142,-0.008138446137309074,-7.919671124196611,7.919671124196611,-1.9581169437151402,1.9581169437151402,-6.3128772873897105,6.3128772873897105,-4.4537635279729,4.4537635279729,0.8438962697982788,0.1561037302017212,0.1561037302017212,0.8438962697982788,0.010419726371765137,0.02215510606765747,-0.02215510606765747,0.14568400382995605,0.854315996170044,0.7880598902702332,0.21194010972976685,-0.0690930519807722,0.0690930519807722,-0.2884115662300071,0.2884115662300071,0,0.010419726371765137,0,0.010419726371765137,-0.04811056068772879,0.04811056068772879,-0.22244203835725784,0.22244203835725784,-0.04971219709748831,0.04971219709748831,-0.2289578691124916,0.2289578691124916,0,0,1,0,0,0,0,0,0,0,0,0,0,0,0,0,0,0,0,0,0,0,0,0,1,0,0,0,0,0,0,0,0,1,0,0,0,0,0,0,0,0,0,0,0,1,0,0,0,0,0,00-0021678,T.Romo,11,00-0030542,T.Williams,11,NA,NA,NA,NA,NA,NA,NA,NA,NA,NA,NA,NA,NA,NA,NA,NA,NA,NA,NA,NA,NA,NA,NA,NA,NA,NA,NA,NA,NA,NA,NA,NA,NA,NA,NA,NA,NA,NA,NA,NA,NA,NA,NA,NA,NA,PHI,NA,00-0027041,NA,B.Fletcher,NA,NA,NA,NA,NA,NA,NA,NA,NA,NA,NA,NA,NA,0,NA,NA,NA,NA,NA,NA,NA,NA,NA,NA,NA,NA,NA,NA,NA,NA,NA,NA,NA,NA,NA,NA,NA,NA,NA,NA,NA,NA,NA,NA,NA,0,NA,NA,NA,NA,0,NA,NA,0,0,0,0,NA,NA,2014,0.721971333026886,27.8028666973114,29,1,First down,1963,"12/14/14, 20:31:25",2014-12-15T02:51:06Z,Lincoln Financial Field,"Partly Cloudy Temp: 41° F, Humidity: 69%, Wind: NW 9 mph",10012014-1214-1333-37d5-82ac89e7c001,0,0,PASS,0,NA,NA,NA,10,Punt,2014-12-15T02:49:43Z,7,1:48,2,0,0,2,2,-15,KICKOFF,PUNT,01:48,00:00,DAL 11,DAL 37,1920,2165,38,27,Home,-11,65,3.5,54.5,1,outdoors,grass,41,9,Chip Kelly,Jason Garrett,PHI00,Lincoln Financial Field,0,1,T.Romo,9,NA,NA,T.Williams,83,1,0,1,0,1,00-0021678,NA,00-0030542,T.Romo,9,00-0021678,T.Williams,00-0030542,T.Williams,00-0030542,0,1,0.3640678160591051,0.15684672650229625,4.366559154645074,2,1,0.9994003705214709,0.6324951648712158,36.75048351287842,2014,Go for it,NA,NA,NA,NA,NA,NA,NA,NA,NA,NA,Punt
1987,2014_15_DAL_PHI,2014121413,PHI,DAL,REG,15,DAL,away,PHI,DAL,71,2014-12-14,60,60,1860,Half1,0,9,0,2,1,0,01:00,DAL 29,10,26,"(1:00) (No Huddle, Shotgun) 9-T.Romo pass short left to 25-L.Dunbar to DAL 35 for 6 yards (98-C.Barwin).",pass,6,1,1,1,0,0,0,short,left,1,5,NA,NA,NA,NA,NA,NA,3,1,0,NA,NA,NA,NA,1,3,10,21,21,10,11,21,10,11,0.6581341624259949,0.04598277807235718,8.629433577880263e-4,0.03319526091217995,0.1863316297531128,5.369851714931428e-4,0.07495620101690292,0,0,0.7127212194027379,-0.07143295084824786,-14.385191600634577,14.385191600634577,-0.8903343508136459,0.8903343508136459,-10.4686133035019,10.4686133035019,-0.18646513612475246,0.1150321852765046,-0.18646513612475246,0.1150321852765046,-7.733205988071859,7.733205988071859,-2.073149128991645,2.073149128991645,-6.126412151264958,6.126412151264958,-4.568795713249405,4.568795713249405,0.854315996170044,0.14568400382995605,0.14568400382995605,0.854315996170044,0.0018660426139831543,7.538199424743652e-4,-7.538199424743652e-4,0.1438179612159729,0.8561820387840271,0.8102149963378906,0.18978500366210938,-0.0690930519807722,0.0690930519807722,-0.29027760884399023,0.29027760884399023,0,0.0018660426139831543,0,0.0018660426139831543,-0.04811056068772879,0.04811056068772879,-0.224308080971241,0.224308080971241,-0.04971219709748831,0.04971219709748831,-0.23082391172647476,0.23082391172647476,0,0,0,0,0,0,0,0,0,0,0,0,0,0,0,0,0,0,0,0,0,0,0,0,1,0,0,0,0,0,0,0,0,1,0,0,0,0,0,0,0,0,0,0,0,1,0,0,0,0,0,00-0021678,T.Romo,6,00-0029004,L.Dunbar,6,NA,NA,NA,NA,NA,NA,NA,NA,NA,NA,NA,NA,NA,NA,NA,NA,NA,NA,NA,NA,NA,NA,NA,NA,NA,NA,NA,NA,NA,NA,NA,NA,NA,NA,NA,NA,NA,NA,NA,NA,NA,NA,NA,NA,NA,PHI,NA,00-0027022,NA,C.Barwin,NA,NA,NA,NA,NA,NA,NA,NA,NA,NA,NA,NA,NA,0,NA,NA,NA,NA,NA,NA,NA,NA,NA,NA,NA,NA,NA,NA,NA,NA,NA,NA,NA,NA,NA,NA,NA,NA,NA,NA,NA,NA,NA,NA,NA,0,NA,NA,NA,NA,0,NA,NA,0,0,0,0,NA,NA,2014,0.8013874292373657,19.861257076263428,30,1,First down,1987,"12/14/14, 20:31:25",2014-12-15T02:51:27Z,Lincoln Financial Field,"Partly Cloudy Temp: 41° F, Humidity: 69%, Wind: NW 9 mph",10012014-1214-1333-37d5-82ac89e7c001,0,0,PASS,0,NA,NA,NA,10,Punt,2014-12-15T02:49:43Z,7,1:48,2,0,0,2,2,-15,KICKOFF,PUNT,01:48,00:00,DAL 11,DAL 37,1920,2165,38,27,Home,-11,65,3.5,54.5,1,outdoors,grass,41,9,Chip Kelly,Jason Garrett,PHI00,Lincoln Financial Field,0,0,T.Romo,9,NA,NA,L.Dunbar,25,1,0,0,0,1,00-0021678,NA,00-0029004,T.Romo,9,00-0021678,L.Dunbar,00-0029004,L.Dunbar,00-0029004,0,1,-0.07143295084824786,0.44954433223698176,6.250999434661935,5,0.595745149475988,0.22909467987483367,0.8219793438911438,17.80206561088562,2014,Go for it,NA,NA,NA,NA,NA,NA,NA,NA,NA,NA,Punt
2011,2014_15_DAL_PHI,2014121413,PHI,DAL,REG,15,DAL,away,PHI,DAL,65,2014-12-14,39,39,1839,Half1,0,9,0,2,2,0,00:39,DAL 35,4,26,"(:39) (No Huddle, Shotgun) 9-T.Romo pass short right to 11-C.Beasley ran ob at DAL 47 for 12 yards.",pass,12,1,1,1,0,0,0,short,right,5,7,NA,NA,NA,NA,NA,NA,3,1,0,NA,NA,NA,NA,1,3,10,21,21,10,11,21,10,11,0.6932044625282288,0.04021225497126579,6.692487513646483e-4,0.022680848836898804,0.19462889432907104,4.1748580406419933e-4,0.048186831176280975,0,0,0.6412882685544901,0.7756222386378795,-15.160813839272457,15.160813839272457,-0.8903343508136459,0.8903343508136459,-11.24423554213978,11.24423554213978,0.32878871221328154,0.44683352642459795,0.32878871221328154,0.44683352642459795,-8.06199470028514,8.06199470028514,-2.5199826554162428,2.5199826554162428,-6.45520086347824,6.45520086347824,-5.015629239674003,5.015629239674003,0.8561820387840271,0.1438179612159729,0.1438179612159729,0.8561820387840271,0.01207667589187622,0.010191202163696289,-0.010191202163696289,0.13174128532409668,0.8682587146759033,0.810968816280365,0.189031183719635,-0.0690930519807722,0.0690930519807722,-0.30235428473586645,0.30235428473586645,0,0.01207667589187622,0,0.01207667589187622,-0.04811056068772879,0.04811056068772879,-0.23638475686311722,0.23638475686311722,-0.04971219709748831,0.04971219709748831,-0.24290058761835098,0.24290058761835098,0,0,1,0,0,0,0,0,0,0,0,0,0,0,0,0,0,0,0,0,0,0,0,0,0,0,0,0,0,0,0,0,0,1,0,0,0,0,0,0,0,0,0,0,0,1,0,0,0,0,0,00-0021678,T.Romo,12,00-0029000,C.Beasley,12,NA,NA,NA,NA,NA,NA,NA,NA,NA,NA,NA,NA,NA,NA,NA,NA,NA,NA,NA,NA,NA,NA,NA,NA,NA,NA,NA,NA,NA,NA,NA,NA,NA,NA,NA,NA,NA,NA,NA,NA,NA,NA,NA,NA,NA,NA,NA,NA,NA,NA,NA,NA,NA,NA,NA,NA,NA,NA,NA,NA,NA,NA,NA,0,NA,NA,NA,NA,NA,NA,NA,NA,NA,NA,NA,NA,NA,NA,NA,NA,NA,NA,NA,NA,NA,NA,NA,NA,NA,NA,NA,NA,NA,NA,NA,0,NA,NA,NA,NA,0,NA,NA,0,0,0,0,NA,NA,2014,0.7178149223327637,28.218507766723633,30,1,First down,2011,"12/14/14, 20:31:25",2014-12-15T02:51:49Z,Lincoln Financial Field,"Partly Cloudy Temp: 41° F, Humidity: 69%, Wind: NW 9 mph",10012014-1214-1333-37d5-82ac89e7c001,0,0,PASS,0,NA,NA,NA,10,Punt,2014-12-15T02:49:43Z,7,1:48,2,0,0,2,2,-15,KICKOFF,PUNT,01:48,00:00,DAL 11,DAL 37,1920,2165,38,27,Home,-11,65,3.5,54.5,1,outdoors,grass,41,9,Chip Kelly,Jason Garrett,PHI00,Lincoln Financial Field,0,1,T.Romo,9,NA,NA,C.Beasley,11,1,0,1,0,1,00-0021678,NA,00-0029000,T.Romo,9,00-0021678,C.Beasley,00-0029000,C.Beasley,00-0029000,1,1,0.7756222386378795,0.23299239702598906,3.649410551035544,2,0.9978588679805398,0.9962312644347548,0.8883414268493652,11.165857315063477,2014,Go for it,NA,NA,NA,NA,NA,NA,NA,NA,NA,NA,Punt
2035,2014_15_DAL_PHI,2014121413,PHI,DAL,REG,15,DAL,away,PHI,DAL,53,2014-12-14,33,33,1833,Half1,0,9,0,2,1,0,00:33,DAL 47,10,26,(:33) (Shotgun) 9-T.Romo pass short right to 82-J.Witten pushed ob at 50 for 3 yards (98-C.Barwin).,pass,3,1,0,1,0,0,0,short,right,3,0,NA,NA,NA,NA,NA,NA,3,1,0,NA,NA,NA,NA,1,3,10,21,21,10,11,21,10,11,0.5516147017478943,0.023502850905060768,3.935872809961438e-4,0.010668040253221989,0.33297693729400635,3.910789673682302e-4,0.08045279234647751,0,0,1.4169105071923696,-0.0013589474256150424,-15.159454891846842,15.159454891846842,-0.8903343508136459,0.8903343508136459,-11.242876594714165,11.242876594714165,-0.0013589474256150424,0,-0.0013589474256150424,0,-8.060635752859525,8.060635752859525,-2.5199826554162428,2.5199826554162428,-6.453841916052625,6.453841916052625,-5.015629239674003,5.015629239674003,0.8682587146759033,0.13174128532409668,0.13174128532409668,0.8682587146759033,-0.0038695931434631348,4.912018775939941e-4,-4.912018775939941e-4,0.13561087846755981,0.8643891215324402,0.8211600184440613,0.17883998155593872,-0.0690930519807722,0.0690930519807722,-0.2984846915924033,0.2984846915924033,-0.0038695931434631348,0,-0.0038695931434631348,0,-0.04424096754426565,0.04424096754426565,-0.23638475686311722,0.23638475686311722,-0.045842603954025174,0.045842603954025174,-0.24290058761835098,0.24290058761835098,0,0,0,0,0,0,0,0,0,0,0,0,0,0,0,0,0,0,0,0,0,0,0,0,1,0,0,0,0,0,0,0,0,1,0,0,0,0,0,0,0,0,0,0,0,1,0,0,0,0,0,00-0021678,T.Romo,3,00-0022127,J.Witten,3,NA,NA,NA,NA,NA,NA,NA,NA,NA,NA,NA,NA,NA,NA,NA,NA,NA,NA,NA,NA,NA,NA,NA,NA,NA,NA,NA,NA,NA,NA,NA,NA,NA,NA,NA,NA,NA,NA,NA,NA,NA,NA,NA,NA,NA,PHI,NA,00-0027022,NA,C.Barwin,NA,NA,NA,NA,NA,NA,NA,NA,NA,NA,NA,NA,NA,0,NA,NA,NA,NA,NA,NA,NA,NA,NA,NA,NA,NA,NA,NA,NA,NA,NA,NA,NA,NA,NA,NA,NA,NA,NA,NA,NA,NA,NA,NA,NA,0,NA,NA,NA,NA,0,NA,NA,0,0,0,0,NA,NA,2014,0.7600653767585754,23.993462324142456,31,0,Punt,2035,"12/14/14, 20:31:25",2014-12-15T02:52:34Z,Lincoln Financial Field,"Partly Cloudy Temp: 41° F, Humidity: 69%, Wind: NW 9 mph",10012014-1214-1333-37d5-82ac89e7c001,0,0,PASS,0,NA,NA,NA,10,Punt,2014-12-15T02:49:43Z,7,1:48,2,0,0,2,2,-15,KICKOFF,PUNT,01:48,00:00,DAL 11,DAL 37,1920,2165,38,27,Home,-11,65,3.5,54.5,1,outdoors,grass,41,9,Chip Kelly,Jason Garrett,PHI00,Lincoln Financial Field,0,0,T.Romo,9,NA,NA,J.Witten,82,1,0,0,0,1,00-0021678,NA,00-0022127,T.Romo,9,00-0021678,J.Witten,00-0022127,J.Witten,00-0022127,1,1,-0.0013589474256150424,0.27666339160984116,4.649772184769972,3,0.6617067984188907,0.23199272219790146,0.9439138770103455,5.608612298965454,2014,Go for it,NA,NA,NA,NA,NA,NA,NA,NA,NA,NA,Punt
2059,2014_15_DAL_PHI,2014121413,PHI,DAL,REG,15,DAL,away,PHI,50,50,2014-12-14,29,29,1829,Half1,0,9,0,2,2,0,00:29,MID 50,7,26,"(:29) (Shotgun) 9-T.Romo pass short middle to 11-C.Beasley to PHI 45 for 5 yards (23-N.Carroll). PENALTY on DAL-68-D.Free, Offensive Holding, 10 yards, enforced at 50 - No Play.",no_play,0,1,0,0,0,0,0,NA,NA,NA,NA,NA,NA,NA,NA,NA,NA,3,1,0,NA,NA,NA,NA,1,3,10,21,21,10,11,21,10,11,0.5623209476470947,0.024271119385957718,4.0055770659819245e-4,0.010455317795276642,0.31334877014160156,4.232623032294214e-4,0.08878006041049957,0,0,1.4155515597667545,-0.8513566096080467,-14.308098282238795,14.308098282238795,-0.8903343508136459,0.8903343508136459,-11.242876594714165,11.242876594714165,NA,NA,0,0,-8.060635752859525,8.060635752859525,-2.5199826554162428,2.5199826554162428,-6.453841916052625,6.453841916052625,-5.015629239674003,5.015629239674003,0.8643891215324402,0.13561087846755981,0.13561087846755981,0.8643891215324402,-0.003660738468170166,-0.019665002822875977,0.019665002822875977,0.13927161693572998,0.86072838306427,0.8216512203216553,0.17834877967834473,-0.0690930519807722,0.0690930519807722,-0.2984846915924033,0.2984846915924033,NA,NA,0,0,-0.04424096754426565,0.04424096754426565,-0.23638475686311722,0.23638475686311722,-0.045842603954025174,0.045842603954025174,-0.24290058761835098,0.24290058761835098,0,0,0,0,0,0,0,0,0,0,0,0,0,0,0,0,0,0,0,0,0,0,0,0,0,0,1,0,0,0,0,0,0,0,0,0,0,0,0,0,0,0,0,0,0,0,0,0,0,0,0,NA,NA,NA,NA,NA,NA,NA,NA,NA,NA,NA,NA,NA,NA,NA,NA,NA,NA,NA,NA,NA,NA,NA,NA,NA,NA,NA,NA,NA,NA,NA,NA,NA,NA,NA,NA,NA,NA,NA,NA,NA,NA,NA,NA,NA,NA,NA,NA,NA,NA,NA,NA,NA,NA,NA,NA,NA,NA,NA,NA,NA,NA,NA,NA,NA,NA,NA,NA,NA,0,NA,NA,NA,NA,NA,NA,NA,NA,NA,NA,NA,NA,NA,NA,NA,NA,NA,NA,NA,NA,NA,NA,NA,NA,NA,NA,NA,NA,NA,NA,NA,0,DAL,00-0025509,D.Free,10,0,NA,Offensive Holding,0,0,0,0,NA,NA,2014,NA,NA,31,0,Punt,2059,"12/14/14, 20:31:25",2014-12-15T02:53:16Z,Lincoln Financial Field,"Partly Cloudy Temp: 41° F, Humidity: 69%, Wind: NW 9 mph",10012014-1214-1333-37d5-82ac89e7c001,0,0,PENALTY,0,NA,NA,NA,10,Punt,2014-12-15T02:49:43Z,7,1:48,2,0,0,2,2,-15,KICKOFF,PUNT,01:48,00:00,DAL 11,DAL 37,1920,2165,38,27,Home,-11,65,3.5,54.5,1,outdoors,grass,41,9,Chip Kelly,Jason Garrett,PHI00,Lincoln Financial Field,0,0,T.Romo,9,NA,NA,C.Beasley,11,1,0,0,0,1,00-0021678,NA,00-0029000,T.Romo,9,00-0021678,NA,NA,C.Beasley,00-0029000,0,1,-0.8513566096080467,NA,NA,NA,NA,NA,0.9442273378372192,5.577266216278076,2014,Other,NA,NA,NA,NA,NA,NA,NA,NA,NA,NA,Punt
2094,2014_15_DAL_PHI,2014121413,PHI,DAL,REG,15,DAL,away,PHI,DAL,60,2014-12-14,22,22,1822,Half1,0,9,0,2,2,0,00:22,DAL 40,17,26,(:22) (Shotgun) 9-T.Romo pass incomplete deep left to 82-J.Witten.,pass,0,1,0,1,0,0,0,deep,left,35,NA,NA,NA,NA,NA,NA,NA,3,1,0,NA,NA,NA,NA,1,3,10,21,21,10,11,21,10,11,0.7654684782028198,0.01802077703177929,5.710821133106947e-4,0.013959206640720367,0.17359839379787445,4.711357760243118e-4,0.02791091986000538,0,0,0.5641949501587078,-0.23375670483801514,-14.07434157740078,14.07434157740078,-0.8903343508136459,0.8903343508136459,-11.00911988987615,11.00911988987615,2.0459942728630267,-2.279750977701042,0,0,-8.060635752859525,8.060635752859525,-2.5199826554162428,2.5199826554162428,-8.499836188915651,8.499836188915651,-2.735878261972961,2.735878261972961,0.86072838306427,0.13927161693572998,0.13927161693572998,0.86072838306427,-0.018629372119903564,-0.0013287663459777832,0.0013287663459777832,0.15790098905563354,0.8420990109443665,0.8019862174987793,0.1980137825012207,-0.0690930519807722,0.0690930519807722,-0.27985531947249975,0.27985531947249975,0,-0.018629372119903564,0,0,-0.04424096754426565,0.04424096754426565,-0.23638475686311722,0.23638475686311722,-0.045842603954025174,0.045842603954025174,-0.22427121549844742,0.22427121549844742,0,0,0,0,0,0,0,0,1,0,0,0,0,0,0,0,0,0,0,0,0,0,0,0,0,0,0,0,0,0,0,0,0,1,0,0,0,0,0,0,0,0,0,0,0,0,0,0,0,0,0,00-0021678,T.Romo,NA,00-0022127,J.Witten,NA,NA,NA,NA,NA,NA,NA,NA,NA,NA,NA,NA,NA,NA,NA,NA,NA,NA,NA,NA,NA,NA,NA,NA,NA,NA,NA,NA,NA,NA,NA,NA,NA,NA,NA,NA,NA,NA,NA,NA,NA,NA,NA,NA,NA,NA,NA,NA,NA,NA,NA,NA,NA,NA,NA,NA,NA,NA,NA,NA,NA,NA,NA,NA,0,NA,NA,NA,NA,NA,NA,NA,NA,NA,NA,NA,NA,NA,NA,NA,NA,NA,NA,NA,NA,NA,NA,NA,NA,NA,NA,NA,NA,NA,NA,NA,0,NA,NA,NA,NA,0,NA,NA,0,0,0,0,NA,NA,2014,0.26355794072151184,-26.355794072151184,31,0,Punt,2094,"12/14/14, 20:31:25",2014-12-15T02:54:09Z,Lincoln Financial Field,"Partly Cloudy Temp: 41° F, Humidity: 69%, Wind: NW 9 mph",10012014-1214-1333-37d5-82ac89e7c001,0,0,PASS,0,NA,NA,NA,10,Punt,2014-12-15T02:49:43Z,7,1:48,2,0,0,2,2,-15,KICKOFF,PUNT,01:48,00:00,DAL 11,DAL 37,1920,2165,38,27,Home,-11,65,3.5,54.5,1,outdoors,grass,41,9,Chip Kelly,Jason Garrett,PHI00,Lincoln Financial Field,0,0,T.Romo,9,NA,NA,J.Witten,82,1,0,0,0,1,00-0021678,NA,00-0022127,T.Romo,9,00-0021678,J.Witten,00-0022127,J.Witten,00-0022127,0,1,-0.23375670483801514,0.9256479506319746,7.396571730758296,4,1,1,0.8868926763534546,11.310732364654541,2014,Go for it,NA,NA,NA,NA,NA,NA,NA,NA,NA,NA,Punt
2116,2014_15_DAL_PHI,2014121413,PHI,DAL,REG,15,DAL,away,PHI,DAL,60,2014-12-14,15,15,1815,Half1,0,9,0,2,3,0,00:15,DAL 40,17,26,"(:15) (Shotgun) 9-T.Romo scrambles right end to DAL 42 for 2 yards. 9-T.Romo pass incomplete deep right to 83-T.Williams. PENALTY on DAL-9-T.Romo, Illegal Forward Pass, 5 yards, enforced at DAL 42.",run,2,1,0,1,0,0,1,NA,NA,NA,NA,right,end,NA,NA,NA,NA,3,1,0,NA,NA,NA,NA,1,3,10,21,21,10,11,21,10,11,0.848242461681366,0.012596214190125465,5.378083442337811e-4,0.012271745130419731,0.10676223784685135,4.4178072130307555e-4,0.019147777929902077,0,0,0.33043824532069266,-0.3348729907302186,-13.739468586670561,13.739468586670561,-0.5554613600834273,0.5554613600834273,-11.00911988987615,11.00911988987615,NA,NA,0,0,-8.060635752859525,8.060635752859525,-2.5199826554162428,2.5199826554162428,-8.499836188915651,8.499836188915651,-2.735878261972961,2.735878261972961,0.8420990109443665,0.15790098905563354,0.15790098905563354,0.8420990109443665,-0.010421335697174072,-0.008807837963104248,0.008807837963104248,0.16832232475280762,0.8316776752471924,0.8006574511528015,0.1993425488471985,-0.05867171628359813,0.05867171628359813,-0.27985531947249975,0.27985531947249975,NA,NA,0,0,-0.04424096754426565,0.04424096754426565,-0.23638475686311722,0.23638475686311722,-0.045842603954025174,0.045842603954025174,-0.22427121549844742,0.22427121549844742,0,0,0,0,0,1,0,0,0,0,0,0,0,0,0,0,0,0,0,0,0,0,0,0,0,0,1,0,0,0,0,0,1,0,0,0,0,0,0,0,0,0,0,0,0,0,0,0,0,0,0,NA,NA,NA,NA,NA,NA,00-0021678,T.Romo,2,NA,NA,NA,NA,NA,NA,NA,NA,NA,NA,NA,NA,NA,NA,NA,NA,NA,NA,NA,NA,NA,NA,NA,NA,NA,NA,NA,NA,NA,NA,NA,NA,NA,NA,NA,NA,NA,NA,NA,NA,NA,NA,NA,NA,NA,NA,NA,NA,NA,NA,NA,NA,NA,NA,NA,NA,NA,NA,NA,NA,0,NA,NA,NA,NA,NA,NA,NA,NA,NA,NA,NA,NA,NA,NA,NA,NA,NA,NA,NA,NA,NA,NA,NA,NA,NA,NA,NA,NA,NA,NA,NA,0,DAL,00-0021678,T.Romo,5,0,NA,Illegal Forward Pass,0,0,0,0,NA,NA,2014,NA,NA,31,0,Punt,2116,"12/14/14, 20:31:25",2014-12-15T02:54:56Z,Lincoln Financial Field,"Partly Cloudy Temp: 41° F, Humidity: 69%, Wind: NW 9 mph",10012014-1214-1333-37d5-82ac89e7c001,0,0,RUSH,0,NA,NA,NA,10,Punt,2014-12-15T02:49:43Z,7,1:48,2,0,0,2,2,-15,KICKOFF,PUNT,01:48,00:00,DAL 11,DAL 37,1920,2165,38,27,Home,-11,65,3.5,54.5,1,outdoors,grass,41,9,Chip Kelly,Jason Garrett,PHI00,Lincoln Financial Field,0,0,T.Romo,9,NA,9,T.Williams,83,1,0,0,0,1,00-0021678,NA,00-0030542,T.Romo,9,00-0021678,T.Romo,00-0021678,T.Williams,00-0030542,0,1,-0.3348729907302186,NA,NA,NA,NA,NA,0.8272714018821716,17.272859811782837,2014,Go for it,NA,NA,NA,NA,NA,NA,NA,NA,NA,NA,Punt
2165,2014_15_DAL_PHI,2014121413,PHI,DAL,REG,15,DAL,away,PHI,DAL,63,2014-12-14,3,3,1803,Half1,0,9,0,2,4,0,00:03,DAL 37,20,26,"(:03) 6-C.Jones punts 52 yards to PHI 11, Center-91-L.Ladouceur, out of bounds.",punt,0,0,0,0,0,0,0,NA,NA,NA,NA,NA,NA,NA,52,NA,NA,3,1,0,NA,NA,NA,NA,1,3,10,21,21,10,11,21,10,11,0.9439642429351807,0.003683460643514991,0.0019829245284199715,0.017838789150118828,0.022623492404818535,3.534409333951771e-4,0.009553664363920689,0,0,-0.004434745409525931,0.004434745409525931,-13.743903332080087,13.743903332080087,-0.5554613600834273,0.5554613600834273,-11.00911988987615,11.00911988987615,NA,NA,0,0,-8.060635752859525,8.060635752859525,-2.5199826554162428,2.5199826554162428,-8.499836188915651,8.499836188915651,-2.735878261972961,2.735878261972961,0.8316776752471924,0.16832232475280762,0.16832232475280762,0.8316776752471924,0.014819622039794922,-0.016321539878845215,0.016321539878845215,0.1535027027130127,0.8464972972869873,0.7918496131896973,0.20815038681030273,-0.05867171628359813,0.05867171628359813,-0.27985531947249975,0.27985531947249975,NA,NA,0,0,-0.04424096754426565,0.04424096754426565,-0.23638475686311722,0.23638475686311722,-0.045842603954025174,0.045842603954025174,-0.22427121549844742,0.22427121549844742,0,0,0,0,0,0,0,0,0,0,0,1,0,1,0,0,0,0,0,0,0,0,0,0,0,0,0,0,0,0,0,0,0,0,0,0,0,0,0,0,0,0,0,1,0,0,0,0,0,0,0,NA,NA,NA,NA,NA,NA,NA,NA,NA,NA,NA,NA,NA,NA,NA,NA,NA,NA,NA,NA,NA,NA,NA,NA,NA,NA,NA,NA,NA,00-0028664,C.Jones,NA,NA,NA,NA,NA,NA,NA,NA,NA,NA,NA,NA,NA,NA,NA,NA,NA,NA,NA,NA,NA,NA,NA,NA,NA,NA,NA,NA,NA,NA,NA,NA,NA,NA,NA,NA,NA,NA,0,NA,NA,NA,NA,NA,NA,NA,NA,NA,NA,NA,NA,NA,NA,NA,NA,NA,NA,NA,NA,NA,NA,NA,NA,NA,NA,NA,NA,NA,NA,PHI,0,NA,NA,NA,NA,0,NA,NA,0,0,0,0,NA,NA,2014,NA,NA,31,0,Punt,2165,"12/14/14, 20:31:25",2014-12-15T02:56:48Z,Lincoln Financial Field,"Partly Cloudy Temp: 41° F, Humidity: 69%, Wind: NW 9 mph",10012014-1214-1333-37d5-82ac89e7c001,0,0,PUNT,1,NA,NA,NA,10,Punt,2014-12-15T02:49:43Z,7,1:48,2,0,0,2,2,-15,KICKOFF,PUNT,01:48,00:00,DAL 11,DAL 37,1920,2165,38,27,Home,-11,65,3.5,54.5,1,outdoors,grass,41,9,Chip Kelly,Jason Garrett,PHI00,Lincoln Financial Field,0,1,NA,NA,NA,NA,NA,NA,0,0,0,1,0,NA,NA,NA,NA,NA,NA,NA,NA,NA,NA,0,1,0.004434745409525931,NA,NA,NA,NA,NA,NA,NA,2014,Punt,0.03471273744909409,0.10263551125535741,0.7833859026432038,0.7867680784356086,0.7837330300176947,0,0.7833859026432037,0.8445029780268669,0.7833859026432037,0.7820484795210162,Go for it
2183,2014_15_DAL_PHI,2014121413,PHI,DAL,REG,15,NA,NA,NA,NA,NA,2014-12-14,0,0,1800,Half1,1,NA,0,2,NA,0,00:00,PHI 35,0,NA,END QUARTER 2,NA,NA,0,0,NA,0,0,0,NA,NA,NA,NA,NA,NA,NA,NA,NA,NA,3,1,NA,NA,NA,NA,NA,NA,NA,10,21,NA,NA,NA,NA,NA,NA,0,0,0,0,0,0,0,0,0,NA,NA,-13.743903332080087,13.743903332080087,-0.5554613600834273,0.5554613600834273,-11.00911988987615,11.00911988987615,NA,NA,NA,NA,-8.060635752859525,8.060635752859525,-2.5199826554162428,2.5199826554162428,-8.499836188915651,8.499836188915651,-2.735878261972961,2.735878261972961,0.8464972972869873,0.1535027027130127,0.1535027027130127,0.8464972972869873,-0,-0,0,NA,NA,0.775528073310852,0.22447192668914795,-0.05867171628359813,0.05867171628359813,-0.27985531947249975,0.27985531947249975,NA,NA,NA,NA,-0.04424096754426565,0.04424096754426565,-0.23638475686311722,0.23638475686311722,-0.045842603954025174,0.045842603954025174,-0.22427121549844742,0.22427121549844742,NA,NA,NA,NA,NA,NA,NA,NA,NA,0,NA,NA,NA,NA,NA,NA,NA,NA,NA,NA,NA,NA,NA,NA,NA,NA,NA,NA,NA,NA,NA,NA,NA,NA,NA,NA,NA,NA,NA,NA,NA,NA,NA,NA,NA,NA,NA,NA,NA,NA,NA,NA,NA,NA,NA,NA,NA,NA,NA,NA,NA,NA,NA,NA,NA,NA,NA,NA,NA,NA,NA,NA,NA,NA,NA,NA,NA,NA,NA,NA,NA,NA,NA,NA,NA,NA,NA,NA,NA,NA,NA,NA,NA,NA,NA,NA,NA,NA,NA,NA,NA,NA,NA,NA,NA,NA,NA,NA,NA,NA,NA,NA,NA,NA,NA,NA,NA,NA,NA,NA,NA,NA,NA,NA,NA,NA,NA,NA,NA,NA,NA,NA,NA,NA,NA,NA,NA,NA,NA,NA,NA,NA,NA,NA,NA,NA,NA,NA,NA,NA,NA,NA,NA,NA,NA,NA,NA,0,NA,NA,NA,NA,NA,NA,NA,NA,2014,NA,NA,31,0,Punt,2183,"12/14/14, 20:31:25",NA,Lincoln Financial Field,"Partly Cloudy Temp: 41° F, Humidity: 69%, Wind: NW 9 mph",10012014-1214-1333-37d5-82ac89e7c001,0,0,END_QUARTER,0,NA,NA,NA,10,Punt,NA,NA,NA,NA,NA,NA,NA,NA,NA,NA,NA,NA,NA,NA,NA,NA,NA,38,27,Home,-11,65,3.5,54.5,1,outdoors,grass,41,9,Chip Kelly,Jason Garrett,PHI00,Lincoln Financial Field,0,NA,NA,NA,NA,NA,NA,NA,0,0,NA,0,0,NA,NA,NA,NA,NA,NA,NA,NA,NA,NA,0,1,NA,NA,NA,NA,NA,NA,NA,NA,2014,Other,NA,NA,NA,NA,NA,NA,NA,NA,NA,NA,Punt
2212,2014_15_DAL_PHI,2014121413,PHI,DAL,REG,15,DAL,away,PHI,PHI,35,2014-12-14,900,1800,1800,Half2,0,10,0,3,NA,0,15:00,PHI 35,0,30,"1-C.Parkey kicks 65 yards from PHI 35 to end zone, Touchback.",kickoff,0,0,0,0,0,0,0,NA,NA,NA,NA,NA,NA,NA,65,NA,NA,3,3,0,NA,NA,NA,NA,3,3,10,21,21,10,11,21,10,11,0.00417708232998848,0.17573890089988708,0.005095958709716797,0.2893655598163605,0.2150644212961197,0.0032694682013243437,0.30728858709335327,0,0,0.2397847711108625,-0,-13.743903332080087,13.743903332080087,-0.5554613600834273,0.5554613600834273,-11.00911988987615,11.00911988987615,NA,NA,0,0,-8.060635752859525,8.060635752859525,-2.5199826554162428,2.5199826554162428,-8.499836188915651,8.499836188915651,-2.735878261972961,2.735878261972961,0.8464972972869873,0.1535027027130127,0.1535027027130127,0.8464972972869873,-0,-0,0,0.1535027027130127,0.8464972972869873,0.775528073310852,0.22447192668914795,-0.05867171628359813,0.05867171628359813,-0.27985531947249975,0.27985531947249975,NA,NA,0,0,-0.04424096754426565,0.04424096754426565,-0.23638475686311722,0.23638475686311722,-0.045842603954025174,0.045842603954025174,-0.22427121549844742,0.22427121549844742,0,0,0,0,0,0,0,0,0,1,0,0,0,0,0,0,0,0,0,0,0,0,0,0,0,0,0,0,0,0,0,0,0,0,0,0,0,0,0,0,0,0,1,0,0,0,0,0,0,0,0,NA,NA,NA,NA,NA,NA,NA,NA,NA,NA,NA,NA,NA,NA,NA,NA,NA,NA,NA,NA,NA,NA,NA,NA,NA,NA,NA,NA,NA,NA,NA,C.Parkey,00-0030850,NA,NA,NA,NA,NA,NA,NA,NA,NA,NA,NA,NA,NA,NA,NA,NA,NA,NA,NA,NA,NA,NA,NA,NA,NA,NA,NA,NA,NA,NA,NA,NA,NA,NA,NA,NA,0,NA,NA,NA,NA,NA,NA,NA,NA,NA,NA,NA,NA,NA,NA,NA,NA,NA,NA,NA,NA,NA,NA,NA,NA,NA,NA,NA,NA,NA,NA,DAL,0,NA,NA,NA,NA,0,NA,NA,0,0,0,0,NA,NA,2014,NA,NA,32,1,First down,2212,"12/14/14, 20:31:25",2014-12-15T03:10:21Z,Lincoln Financial Field,"Partly Cloudy Temp: 41° F, Humidity: 69%, Wind: NW 9 mph",10012014-1214-1333-37d5-82ac89e7c001,0,0,KICK_OFF,1,NA,NA,NA,11,Punt,2014-12-15T03:10:21Z,5,3:26,1,0,0,3,3,35,KICKOFF,PUNT,15:00,11:34,DAL 20,50,2212,2402,38,27,Home,-11,65,3.5,54.5,1,outdoors,grass,41,9,Chip Kelly,Jason Garrett,PHI00,Lincoln Financial Field,0,0,NA,NA,NA,NA,NA,NA,0,0,0,1,0,NA,NA,NA,NA,NA,NA,NA,NA,NA,NA,0,1,-0,NA,NA,NA,NA,NA,NA,NA,2014,Other,NA,NA,NA,NA,NA,NA,NA,NA,NA,NA,Punt
2231,2014_15_DAL_PHI,2014121413,PHI,DAL,REG,15,DAL,away,PHI,DAL,80,2014-12-14,900,1800,1800,Half2,0,10,0,3,1,0,15:00,DAL 20,10,30,(15:00) 29-D.Murray right end to DAL 24 for 4 yards (50-C.Matthews; 91-F.Cox).,run,4,0,0,0,0,0,0,NA,NA,NA,NA,right,end,NA,NA,NA,NA,3,3,0,NA,NA,NA,NA,3,3,10,21,21,10,11,21,10,11,0.00417708232998848,0.17573890089988708,0.005095958709716797,0.2893655598163605,0.2150644212961197,0.0032694682013243437,0.30728858709335327,0,0,0.2397847711108625,-0.12783140735700727,-13.61607192472308,13.61607192472308,-0.42762995272642,0.42762995272642,-11.00911988987615,11.00911988987615,NA,NA,0,0,-8.060635752859525,8.060635752859525,-2.5199826554162428,2.5199826554162428,-8.499836188915651,8.499836188915651,-2.735878261972961,2.735878261972961,0.8464972972869873,0.1535027027130127,0.1535027027130127,0.8464972972869873,-3.528594970703125e-5,0.010248243808746338,-0.010248243808746338,0.15353798866271973,0.8464620113372803,0.775528073310852,0.22447192668914795,-0.0586364303338911,0.0586364303338911,-0.27985531947249975,0.27985531947249975,NA,NA,0,0,-0.04424096754426565,0.04424096754426565,-0.23638475686311722,0.23638475686311722,-0.045842603954025174,0.045842603954025174,-0.22427121549844742,0.22427121549844742,0,0,0,0,0,0,0,0,0,0,0,0,0,0,0,0,0,0,0,0,0,0,0,0,0,0,0,0,0,0,0,0,1,0,0,0,0,0,0,0,0,0,0,0,0,0,1,0,0,0,0,NA,NA,NA,NA,NA,NA,00-0028009,D.Murray,4,NA,NA,NA,NA,NA,NA,NA,NA,NA,NA,NA,NA,NA,NA,NA,NA,NA,NA,NA,NA,NA,NA,NA,NA,NA,NA,NA,NA,NA,NA,NA,NA,NA,NA,NA,NA,NA,NA,NA,NA,NA,NA,NA,NA,NA,NA,NA,NA,00-0028054,C.Matthews,PHI,00-0029653,F.Cox,PHI,NA,NA,NA,NA,NA,NA,0,NA,NA,NA,NA,NA,NA,NA,NA,NA,NA,NA,NA,NA,NA,NA,NA,NA,NA,NA,NA,NA,NA,NA,NA,NA,NA,NA,NA,NA,NA,NA,0,NA,NA,NA,NA,0,NA,NA,0,0,0,0,NA,NA,2014,NA,NA,32,1,First down,2231,"12/14/14, 20:31:25",2014-12-15T03:11:06Z,Lincoln Financial Field,"Partly Cloudy Temp: 41° F, Humidity: 69%, Wind: NW 9 mph",10012014-1214-1333-37d5-82ac89e7c001,0,0,RUSH,0,NA,NA,NA,11,Punt,2014-12-15T03:10:21Z,5,3:26,1,0,0,3,3,35,KICKOFF,PUNT,15:00,11:34,DAL 20,50,2212,2402,38,27,Home,-11,65,3.5,54.5,1,outdoors,grass,41,9,Chip Kelly,Jason Garrett,PHI00,Lincoln Financial Field,0,0,NA,NA,D.Murray,29,NA,NA,0,1,0,0,1,NA,00-0028009,NA,D.Murray,29,00-0028009,D.Murray,00-0028009,D.Murray,00-0028009,0,1,-0.12783140735700727,NA,NA,NA,NA,NA,0.4393708109855652,-43.93708109855652,2014,Go for it,NA,NA,NA,NA,NA,NA,NA,NA,NA,NA,Punt
2252,2014_15_DAL_PHI,2014121413,PHI,DAL,REG,15,DAL,away,PHI,DAL,76,2014-12-14,862,1762,1762,Half2,0,10,0,3,2,0,14:22,DAL 24,6,30,(14:22) 29-D.Murray right end to DAL 24 for no gain (96-B.Logan; 98-C.Barwin).,run,0,0,0,0,0,0,0,NA,NA,NA,NA,right,end,NA,NA,NA,NA,3,3,0,NA,NA,NA,NA,3,3,10,21,21,10,11,21,10,11,0.004166413564234972,0.17613889276981354,0.0048795766197144985,0.29622066020965576,0.2222985029220581,0.003458632156252861,0.2928372919559479,0,0,0.11195336375385523,-0.7483026008121669,-12.867769323910913,12.867769323910913,0.3206726480857469,-0.3206726480857469,-11.00911988987615,11.00911988987615,NA,NA,0,0,-8.060635752859525,8.060635752859525,-2.5199826554162428,2.5199826554162428,-8.499836188915651,8.499836188915651,-2.735878261972961,2.735878261972961,0.8464620113372803,0.15353798866271973,0.15353798866271973,0.8464620113372803,0.0031422972679138184,0.0024057626724243164,-0.0024057626724243164,0.1503956913948059,0.8496043086051941,0.7857763171195984,0.2142236828804016,-0.06177872760180492,0.06177872760180492,-0.27985531947249975,0.27985531947249975,NA,NA,0,0,-0.04424096754426565,0.04424096754426565,-0.23638475686311722,0.23638475686311722,-0.045842603954025174,0.045842603954025174,-0.22427121549844742,0.22427121549844742,0,0,0,0,0,0,0,0,0,0,0,0,0,0,0,0,0,0,0,0,0,0,0,0,0,0,0,0,0,0,0,0,1,0,0,0,0,0,0,0,0,0,0,0,0,0,1,0,0,0,0,NA,NA,NA,NA,NA,NA,00-0028009,D.Murray,0,NA,NA,NA,NA,NA,NA,NA,NA,NA,NA,NA,NA,NA,NA,NA,NA,NA,NA,NA,NA,NA,NA,NA,NA,NA,NA,NA,NA,NA,NA,NA,NA,NA,NA,NA,NA,NA,NA,NA,NA,NA,NA,NA,NA,NA,NA,NA,NA,00-0030507,B.Logan,PHI,00-0027022,C.Barwin,PHI,NA,NA,NA,NA,NA,NA,0,NA,NA,NA,NA,NA,NA,NA,NA,NA,NA,NA,NA,NA,NA,NA,NA,NA,NA,NA,NA,NA,NA,NA,NA,NA,NA,NA,NA,NA,NA,NA,0,NA,NA,NA,NA,0,NA,NA,0,0,0,0,NA,NA,2014,NA,NA,32,1,First down,2252,"12/14/14, 20:31:25",2014-12-15T03:11:45Z,Lincoln Financial Field,"Partly Cloudy Temp: 41° F, Humidity: 69%, Wind: NW 9 mph",10012014-1214-1333-37d5-82ac89e7c001,0,0,RUSH,0,NA,NA,NA,11,Punt,2014-12-15T03:10:21Z,5,3:26,1,0,0,3,3,35,KICKOFF,PUNT,15:00,11:34,DAL 20,50,2212,2402,38,27,Home,-11,65,3.5,54.5,1,outdoors,grass,41,9,Chip Kelly,Jason Garrett,PHI00,Lincoln Financial Field,0,0,NA,NA,D.Murray,29,NA,NA,0,1,0,0,1,NA,00-0028009,NA,D.Murray,29,00-0028009,D.Murray,00-0028009,D.Murray,00-0028009,0,1,-0.7483026008121669,NA,NA,NA,NA,NA,0.49949923157691956,-49.949923157691956,2014,Go for it,NA,NA,NA,NA,NA,NA,NA,NA,NA,NA,Punt
2273,2014_15_DAL_PHI,2014121413,PHI,DAL,REG,15,DAL,away,PHI,DAL,76,2014-12-14,824,1724,1724,Half2,0,10,0,3,3,0,13:44,DAL 24,6,30,"(13:44) (Shotgun) PENALTY on DAL-83-T.Williams, False Start, 5 yards, enforced at DAL 24 - No Play.",no_play,0,1,0,0,0,0,0,NA,NA,NA,NA,NA,NA,NA,NA,NA,NA,3,3,0,NA,NA,NA,NA,3,3,10,21,21,10,11,21,10,11,0.004357947967946529,0.19916455447673798,0.005038632545620203,0.33896711468696594,0.20146717131137848,0.00348844681866467,0.24751615524291992,0,0,-0.6363492370583117,-0.6197461867704988,-12.248023137140414,12.248023137140414,0.3206726480857469,-0.3206726480857469,-11.00911988987615,11.00911988987615,NA,NA,0,0,-8.060635752859525,8.060635752859525,-2.5199826554162428,2.5199826554162428,-8.499836188915651,8.499836188915651,-2.735878261972961,2.735878261972961,0.8496043086051941,0.1503956913948059,0.1503956913948059,0.8496043086051941,-0.020802855491638184,-0.01395106315612793,0.01395106315612793,0.1711985468864441,0.8288014531135559,0.7881820797920227,0.2118179202079773,-0.06177872760180492,0.06177872760180492,-0.27985531947249975,0.27985531947249975,NA,NA,0,0,-0.04424096754426565,0.04424096754426565,-0.23638475686311722,0.23638475686311722,-0.045842603954025174,0.045842603954025174,-0.22427121549844742,0.22427121549844742,0,0,0,0,0,0,0,0,0,0,0,0,0,0,0,0,0,0,0,0,0,0,0,0,0,0,1,0,0,0,0,0,0,0,0,0,0,0,0,0,0,0,0,0,0,0,0,0,0,0,0,NA,NA,NA,NA,NA,NA,NA,NA,NA,NA,NA,NA,NA,NA,NA,NA,NA,NA,NA,NA,NA,NA,NA,NA,NA,NA,NA,NA,NA,NA,NA,NA,NA,NA,NA,NA,NA,NA,NA,NA,NA,NA,NA,NA,NA,NA,NA,NA,NA,NA,NA,NA,NA,NA,NA,NA,NA,NA,NA,NA,NA,NA,NA,NA,NA,NA,NA,NA,NA,0,NA,NA,NA,NA,NA,NA,NA,NA,NA,NA,NA,NA,NA,NA,NA,NA,NA,NA,NA,NA,NA,NA,NA,NA,NA,NA,NA,NA,NA,NA,NA,0,DAL,00-0030542,T.Williams,5,0,NA,False Start,0,0,0,0,NA,NA,2014,NA,NA,32,1,First down,2273,"12/14/14, 20:31:25",2014-12-15T03:12:22Z,Lincoln Financial Field,"Partly Cloudy Temp: 41° F, Humidity: 69%, Wind: NW 9 mph",10012014-1214-1333-37d5-82ac89e7c001,0,0,PENALTY,0,NA,NA,NA,11,Punt,2014-12-15T03:10:21Z,5,3:26,1,0,0,3,3,35,KICKOFF,PUNT,15:00,11:34,DAL 20,50,2212,2402,38,27,Home,-11,65,3.5,54.5,1,outdoors,grass,41,9,Chip Kelly,Jason Garrett,PHI00,Lincoln Financial Field,0,0,NA,NA,NA,NA,NA,NA,0,0,0,0,1,NA,NA,NA,NA,NA,NA,NA,NA,NA,NA,0,1,-0.6197461867704988,NA,NA,NA,NA,NA,0.9730393290519714,NA,2014,Other,NA,NA,NA,NA,NA,NA,NA,NA,NA,NA,Punt
2296,2014_15_DAL_PHI,2014121413,PHI,DAL,REG,15,DAL,away,PHI,DAL,81,2014-12-14,806,1706,1706,Half2,0,10,0,3,3,0,13:26,DAL 19,11,30,"(13:26) (Shotgun) 9-T.Romo pass incomplete deep left to 83-T.Williams (26-C.Williams). PENALTY on PHI-26-C.Williams, Defensive Pass Interference, 40 yards, enforced at DAL 19 - No Play. Penalty on PHI-23-N.Carroll, Defensive Holding, declined.",no_play,0,1,0,0,0,0,0,NA,NA,NA,NA,NA,NA,NA,NA,NA,NA,3,3,0,NA,NA,NA,NA,3,3,10,21,21,10,11,21,10,11,0.004400027450174093,0.2356267124414444,0.007960240356624126,0.36477792263031006,0.16837657988071442,0.0033977359998971224,0.21546077728271484,0,0,-1.2560954238288105,4.397843823069707,-16.64586696021012,16.64586696021012,0.3206726480857469,-0.3206726480857469,-11.00911988987615,11.00911988987615,NA,NA,0,0,-8.060635752859525,8.060635752859525,-2.5199826554162428,2.5199826554162428,-8.499836188915651,8.499836188915651,-2.735878261972961,2.735878261972961,0.8288014531135559,0.1711985468864441,0.1711985468864441,0.8288014531135559,0.05637180805206299,0.06653082370758057,-0.06653082370758057,0.1711985468864441,0.8288014531135559,0.7742310166358948,0.22576898336410522,-0.06177872760180492,0.06177872760180492,-0.27985531947249975,0.27985531947249975,NA,NA,0,0,-0.04424096754426565,0.04424096754426565,-0.23638475686311722,0.23638475686311722,-0.045842603954025174,0.045842603954025174,-0.22427121549844742,0.22427121549844742,0,0,0,1,0,0,0,0,0,0,0,0,0,0,0,0,0,0,0,0,0,0,0,0,0,0,1,0,0,0,0,0,0,0,0,0,0,0,0,0,0,0,0,0,0,0,0,0,0,0,0,NA,NA,NA,NA,NA,NA,NA,NA,NA,NA,NA,NA,NA,NA,NA,NA,NA,NA,NA,NA,NA,NA,NA,NA,NA,NA,NA,NA,NA,NA,NA,NA,NA,NA,NA,NA,NA,NA,NA,NA,NA,NA,NA,NA,NA,NA,NA,NA,NA,NA,NA,NA,NA,NA,NA,NA,NA,NA,NA,NA,NA,NA,NA,NA,NA,NA,NA,NA,NA,0,NA,NA,NA,NA,NA,NA,NA,NA,NA,NA,NA,NA,NA,NA,NA,NA,NA,NA,NA,NA,NA,NA,NA,NA,NA,NA,NA,NA,NA,NA,NA,0,PHI,00-0026369,C.Williams,40,0,NA,Defensive Pass Interference,0,0,0,0,NA,NA,2014,NA,NA,32,1,First down,2296,"12/14/14, 20:31:25",2014-12-15T03:13:09Z,Lincoln Financial Field,"Partly Cloudy Temp: 41° F, Humidity: 69%, Wind: NW 9 mph",10012014-1214-1333-37d5-82ac89e7c001,0,0,PENALTY,0,NA,NA,NA,11,Punt,2014-12-15T03:10:21Z,5,3:26,1,0,0,3,3,35,KICKOFF,PUNT,15:00,11:34,DAL 20,50,2212,2402,38,27,Home,-11,65,3.5,54.5,1,outdoors,grass,41,9,Chip Kelly,Jason Garrett,PHI00,Lincoln Financial Field,0,1,T.Romo,9,NA,NA,T.Williams,83,1,0,1,0,1,00-0021678,NA,00-0030542,T.Romo,9,00-0021678,NA,NA,T.Williams,00-0030542,0,1,4.397843823069707,NA,NA,NA,NA,NA,0.9633299708366394,3.6670029163360596,2014,Other,NA,NA,NA,NA,NA,NA,NA,NA,NA,NA,Punt
2329,2014_15_DAL_PHI,2014121413,PHI,DAL,REG,15,DAL,away,PHI,PHI,41,2014-12-14,797,1697,1697,Half2,0,10,0,3,1,0,13:17,PHI 41,10,30,(13:17) 29-D.Murray right end to PHI 42 for -1 yards (98-C.Barwin; 72-C.Thornton).,run,-1,0,0,0,0,0,0,NA,NA,NA,NA,right,end,NA,NA,NA,NA,3,3,0,NA,NA,NA,NA,3,3,10,21,21,10,11,21,10,11,0.0038071204908192158,0.07489103078842163,0.0014237217837944627,0.11696750670671463,0.3528878688812256,0.00415620394051075,0.44586649537086487,0,0,3.141748399240896,-0.9325695668812841,-15.713297393328837,15.713297393328837,1.253242214967031,-1.253242214967031,-11.00911988987615,11.00911988987615,NA,NA,0,0,-8.060635752859525,8.060635752859525,-2.5199826554162428,2.5199826554162428,-8.499836188915651,8.499836188915651,-2.735878261972961,2.735878261972961,0.8851732611656189,0.1148267388343811,0.1148267388343811,0.8851732611656189,-0.01449805498123169,-0.0075958967208862305,0.0075958967208862305,0.1293247938156128,0.8706752061843872,0.8407618403434753,0.15923815965652466,-0.04728067262057323,0.04728067262057323,-0.27985531947249975,0.27985531947249975,NA,NA,0,0,-0.04424096754426565,0.04424096754426565,-0.23638475686311722,0.23638475686311722,-0.045842603954025174,0.045842603954025174,-0.22427121549844742,0.22427121549844742,0,0,0,0,0,0,0,0,0,0,0,0,0,0,0,0,0,0,0,0,0,0,0,0,0,0,0,1,0,0,0,0,1,0,0,0,0,0,0,0,0,0,0,0,0,0,1,0,0,0,0,NA,NA,NA,NA,NA,NA,00-0028009,D.Murray,-1,NA,NA,NA,NA,NA,NA,NA,NA,NA,NA,NA,NA,NA,NA,NA,NA,NA,NA,NA,NA,NA,NA,NA,NA,NA,NA,NA,NA,NA,NA,NA,NA,NA,NA,NA,NA,NA,NA,NA,NA,NA,NA,NA,NA,NA,NA,NA,NA,00-0027022,C.Barwin,PHI,00-0028424,C.Thornton,PHI,NA,NA,NA,NA,NA,NA,0,NA,NA,NA,NA,NA,NA,NA,NA,NA,NA,NA,NA,NA,NA,NA,NA,NA,NA,NA,NA,NA,NA,NA,NA,NA,NA,NA,NA,NA,NA,NA,0,NA,NA,NA,NA,0,NA,NA,0,0,0,0,NA,NA,2014,NA,NA,33,0,Punt,2329,"12/14/14, 20:31:25",2014-12-15T03:14:16Z,Lincoln Financial Field,"Partly Cloudy Temp: 41° F, Humidity: 69%, Wind: NW 9 mph",10012014-1214-1333-37d5-82ac89e7c001,0,0,RUSH,0,NA,NA,NA,11,Punt,2014-12-15T03:10:21Z,5,3:26,1,0,0,3,3,35,KICKOFF,PUNT,15:00,11:34,DAL 20,50,2212,2402,38,27,Home,-11,65,3.5,54.5,1,outdoors,grass,41,9,Chip Kelly,Jason Garrett,PHI00,Lincoln Financial Field,0,0,NA,NA,D.Murray,29,NA,NA,0,1,0,0,1,NA,00-0028009,NA,D.Murray,29,00-0028009,D.Murray,00-0028009,D.Murray,00-0028009,0,1,-0.9325695668812841,NA,NA,NA,NA,NA,0.3841325342655182,-38.41325342655182,2014,Go for it,NA,NA,NA,NA,NA,NA,NA,NA,NA,NA,Punt
2350,2014_15_DAL_PHI,2014121413,PHI,DAL,REG,15,DAL,away,PHI,PHI,42,2014-12-14,753,1653,1653,Half2,0,10,0,3,2,0,12:33,PHI 42,11,30,(12:33) (Shotgun) 9-T.Romo sacked at 50 for -8 yards (72-C.Thornton).,pass,-8,1,0,1,0,0,0,NA,NA,NA,NA,NA,NA,NA,NA,NA,NA,3,3,0,NA,NA,NA,NA,3,3,10,21,21,10,11,21,10,11,0.0043547628447413445,0.10464411973953247,0.0020040045492351055,0.16034333407878876,0.35655102133750916,0.004969997331500053,0.3671327829360962,0,0,2.209178832359612,-1.651435452979058,-14.061861940349779,14.061861940349779,1.253242214967031,-1.253242214967031,-9.357684436897092,9.357684436897092,NA,NA,0,0,-8.060635752859525,8.060635752859525,-2.5199826554162428,2.5199826554162428,-8.499836188915651,8.499836188915651,-2.735878261972961,2.735878261972961,0.8706752061843872,0.1293247938156128,0.1293247938156128,0.8706752061843872,-0.023248791694641113,-0.029014647006988525,0.029014647006988525,0.1525735855102539,0.8474264144897461,0.8331659436225891,0.1668340563774109,-0.04728067262057323,0.04728067262057323,-0.25660652777785864,0.25660652777785864,NA,NA,0,0,-0.04424096754426565,0.04424096754426565,-0.23638475686311722,0.23638475686311722,-0.045842603954025174,0.045842603954025174,-0.22427121549844742,0.22427121549844742,0,0,0,0,0,0,0,0,0,0,0,0,0,0,0,0,0,0,0,0,0,0,0,0,1,0,0,0,0,0,0,1,0,1,1,0,0,0,0,0,0,0,0,0,0,0,0,0,0,0,0,00-0021678,T.Romo,NA,NA,NA,NA,NA,NA,NA,NA,NA,NA,NA,NA,NA,NA,NA,NA,NA,NA,NA,NA,NA,NA,NA,NA,NA,NA,NA,NA,NA,NA,NA,NA,NA,NA,NA,00-0028424,C.Thornton,NA,NA,00-0028424,C.Thornton,NA,NA,NA,NA,NA,NA,NA,NA,PHI,NA,00-0028424,NA,C.Thornton,NA,NA,NA,NA,NA,NA,NA,NA,NA,NA,NA,NA,NA,0,NA,NA,NA,NA,NA,NA,NA,NA,NA,NA,NA,NA,NA,NA,NA,NA,NA,NA,NA,NA,NA,NA,NA,NA,00-0028424,C.Thornton,NA,NA,NA,NA,NA,0,NA,NA,NA,NA,0,NA,NA,0,0,0,0,NA,NA,2014,NA,NA,33,0,Punt,2350,"12/14/14, 20:31:25",2014-12-15T03:15:00Z,Lincoln Financial Field,"Partly Cloudy Temp: 41° F, Humidity: 69%, Wind: NW 9 mph",10012014-1214-1333-37d5-82ac89e7c001,0,0,SACK,0,NA,NA,NA,11,Punt,2014-12-15T03:10:21Z,5,3:26,1,0,0,3,3,35,KICKOFF,PUNT,15:00,11:34,DAL 20,50,2212,2402,38,27,Home,-11,65,3.5,54.5,1,outdoors,grass,41,9,Chip Kelly,Jason Garrett,PHI00,Lincoln Financial Field,0,0,T.Romo,9,NA,NA,NA,NA,1,0,0,0,1,00-0021678,NA,NA,T.Romo,9,00-0021678,NA,NA,NA,NA,0,1,-1.651435452979058,NA,NA,NA,NA,NA,0.7793905735015869,22.06094264984131,2014,Go for it,NA,NA,NA,NA,NA,NA,NA,NA,NA,NA,Punt
2369,2014_15_DAL_PHI,2014121413,PHI,DAL,REG,15,DAL,away,PHI,50,50,2014-12-14,709,1609,1609,Half2,0,10,0,3,3,0,11:49,MID 50,19,30,"(11:49) (Shotgun) 9-T.Romo pass incomplete deep left to 83-T.Williams. Penalty on DAL-83-T.Williams, Offensive Pass Interference, declined.",pass,0,1,0,1,0,0,0,deep,left,35,NA,NA,NA,NA,NA,NA,NA,3,3,0,NA,NA,NA,NA,3,3,10,21,21,10,11,21,10,11,0.005971929989755154,0.17299780249595642,0.002295035170391202,0.2516355812549591,0.2714792490005493,0.008200950920581818,0.28741946816444397,0,0,0.557743379380554,-1.34990224102512,-12.711959699324659,12.711959699324659,1.253242214967031,-1.253242214967031,-8.007782195871972,8.007782195871972,4.266209409688599,-5.616111650713719,0,0,-8.060635752859525,8.060635752859525,-2.5199826554162428,2.5199826554162428,-12.76604559860425,12.76604559860425,2.8802333887407583,-2.8802333887407583,0.8474264144897461,0.1525735855102539,0.1525735855102539,0.8474264144897461,-0.021060407161712646,-0.022112369537353516,0.022112369537353516,0.17363399267196655,0.8263660073280334,0.8041512966156006,0.19584870338439941,-0.04728067262057323,0.04728067262057323,-0.235546120616146,0.235546120616146,0,-0.021060407161712646,0,0,-0.04424096754426565,0.04424096754426565,-0.23638475686311722,0.23638475686311722,-0.045842603954025174,0.045842603954025174,-0.20321080833673477,0.20321080833673477,0,0,0,0,0,1,0,0,1,0,0,0,0,0,0,0,0,0,0,0,0,0,0,0,0,0,0,0,0,0,0,0,0,1,0,0,0,0,0,0,0,0,0,0,0,0,0,0,0,0,0,00-0021678,T.Romo,NA,00-0030542,T.Williams,NA,NA,NA,NA,NA,NA,NA,NA,NA,NA,NA,NA,NA,NA,NA,NA,NA,NA,NA,NA,NA,NA,NA,NA,NA,NA,NA,NA,NA,NA,NA,NA,NA,NA,NA,NA,NA,NA,NA,NA,NA,NA,NA,NA,NA,NA,NA,NA,NA,NA,NA,NA,NA,NA,NA,NA,NA,NA,NA,NA,NA,NA,NA,NA,0,NA,NA,NA,NA,NA,NA,NA,NA,NA,NA,NA,NA,NA,NA,NA,NA,NA,NA,NA,NA,NA,NA,NA,NA,NA,NA,NA,NA,NA,NA,NA,0,NA,NA,NA,NA,0,NA,NA,0,0,0,0,NA,NA,2014,0.27202877402305603,-27.202877402305603,33,0,Punt,2369,"12/14/14, 20:31:25",2014-12-15T03:15:44Z,Lincoln Financial Field,"Partly Cloudy Temp: 41° F, Humidity: 69%, Wind: NW 9 mph",10012014-1214-1333-37d5-82ac89e7c001,0,0,PASS,0,NA,NA,NA,11,Punt,2014-12-15T03:10:21Z,5,3:26,1,0,0,3,3,35,KICKOFF,PUNT,15:00,11:34,DAL 20,50,2212,2402,38,27,Home,-11,65,3.5,54.5,1,outdoors,grass,41,9,Chip Kelly,Jason Garrett,PHI00,Lincoln Financial Field,0,0,T.Romo,9,NA,NA,T.Williams,83,1,0,0,0,1,00-0021678,NA,00-0030542,T.Romo,9,00-0021678,T.Williams,00-0030542,T.Williams,00-0030542,0,1,-1.34990224102512,0.9272060313343715,7.5438323405978736,6,1,1,0.9284082651138306,7.159173488616943,2014,Go for it,NA,NA,NA,NA,NA,NA,NA,NA,NA,NA,Punt
2402,2014_15_DAL_PHI,2014121413,PHI,DAL,REG,15,DAL,away,PHI,50,50,2014-12-14,702,1602,1602,Half2,0,10,0,3,4,0,11:42,MID 50,19,30,"(11:42) 6-C.Jones punts 36 yards to PHI 14, Center-91-L.Ladouceur, fair catch by 43-D.Sproles.",punt,0,0,0,0,0,0,0,NA,NA,NA,NA,NA,NA,NA,36,NA,NA,3,3,0,NA,NA,NA,NA,3,3,10,21,21,10,11,21,10,11,0.006385901011526585,0.2253229320049286,0.0028236438520252705,0.333011656999588,0.18777714669704437,0.011108709499239922,0.23356999456882477,0,0,-0.7921588616445661,0.2757398830726743,-12.987699582397333,12.987699582397333,1.253242214967031,-1.253242214967031,-8.007782195871972,8.007782195871972,NA,NA,0,0,-8.060635752859525,8.060635752859525,-2.5199826554162428,2.5199826554162428,-12.76604559860425,12.76604559860425,2.8802333887407583,-2.8802333887407583,0.8263660073280334,0.17363399267196655,0.17363399267196655,0.8263660073280334,0.0034822821617126465,-0.01146523654460907,0.01146523654460907,0.1701517105102539,0.8298482894897461,0.7820389270782471,0.21796107292175293,-0.04728067262057323,0.04728067262057323,-0.235546120616146,0.235546120616146,NA,NA,0,0,-0.04424096754426565,0.04424096754426565,-0.23638475686311722,0.23638475686311722,-0.045842603954025174,0.045842603954025174,-0.20321080833673477,0.20321080833673477,0,0,0,0,0,0,0,0,0,0,0,1,0,0,0,1,0,0,0,0,0,0,0,0,0,0,0,0,0,0,0,0,0,0,0,0,0,0,0,0,0,0,0,1,0,0,0,0,0,0,0,NA,NA,NA,NA,NA,NA,NA,NA,NA,NA,NA,NA,NA,NA,NA,NA,NA,NA,NA,NA,NA,00-0023564,D.Sproles,NA,NA,NA,NA,NA,NA,00-0028664,C.Jones,NA,NA,NA,NA,NA,NA,NA,NA,NA,NA,NA,NA,NA,NA,NA,NA,NA,NA,NA,NA,NA,NA,NA,NA,NA,NA,NA,NA,NA,NA,NA,NA,NA,NA,NA,NA,NA,NA,0,NA,NA,NA,NA,NA,NA,NA,NA,NA,NA,NA,NA,NA,NA,NA,NA,NA,NA,NA,NA,NA,NA,NA,NA,NA,NA,NA,NA,NA,NA,PHI,0,NA,NA,NA,NA,0,NA,NA,0,0,0,0,NA,NA,2014,NA,NA,33,0,Punt,2402,"12/14/14, 20:31:25",2014-12-15T03:16:42Z,Lincoln Financial Field,"Partly Cloudy Temp: 41° F, Humidity: 69%, Wind: NW 9 mph",10012014-1214-1333-37d5-82ac89e7c001,0,0,PUNT,1,NA,NA,NA,11,Punt,2014-12-15T03:10:21Z,5,3:26,1,0,0,3,3,35,KICKOFF,PUNT,15:00,11:34,DAL 20,50,2212,2402,38,27,Home,-11,65,3.5,54.5,1,outdoors,grass,41,9,Chip Kelly,Jason Garrett,PHI00,Lincoln Financial Field,0,1,NA,NA,NA,NA,NA,NA,0,0,0,1,0,NA,NA,NA,NA,NA,NA,NA,NA,NA,NA,0,1,0.2757398830726743,NA,NA,NA,NA,NA,NA,NA,2014,Punt,-4.245317449569718,0.12086421334242914,0.7207874931709127,0.8713741845083831,0.738988055056582,0,0.6988132745027542,0.8363508209586143,0.6988132745027542,0.7814412295522792,Punt
2421,2014_15_DAL_PHI,2014121413,PHI,DAL,REG,15,PHI,home,DAL,PHI,86,2014-12-14,694,1594,1594,Half2,0,11,0,3,1,0,11:34,PHI 14,10,86,(11:34) (Shotgun) 25-L.McCoy left tackle to PHI 16 for 2 yards (59-A.Hitchens).,run,2,1,0,0,0,0,0,NA,NA,NA,NA,left,tackle,NA,NA,NA,NA,3,3,0,NA,NA,NA,NA,3,3,10,21,10,21,-11,10,21,-11,0.0050816540606319904,0.18776875734329224,0.005042060278356075,0.25963184237480164,0.2178386002779007,0.003748624585568905,0.3208884596824646,0,0,0.5164189785718918,-0.3404755061492324,-13.328175088546566,13.328175088546566,0.9127667088177986,-0.9127667088177986,-8.007782195871972,8.007782195871972,NA,NA,0,0,-8.060635752859525,8.060635752859525,-2.5199826554162428,2.5199826554162428,-12.76604559860425,12.76604559860425,2.8802333887407583,-2.8802333887407583,0.1701517105102539,0.8298482894897461,0.1701517105102539,0.8298482894897461,-0.011902272701263428,-0.005487263202667236,-0.005487263202667236,0.15824943780899048,0.8417505621910095,0.229426309466362,0.229426309466362,-0.059182945321836655,0.059182945321836655,-0.235546120616146,0.235546120616146,NA,NA,0,0,-0.04424096754426565,0.04424096754426565,-0.23638475686311722,0.23638475686311722,-0.045842603954025174,0.045842603954025174,-0.20321080833673477,0.20321080833673477,0,0,0,0,0,0,0,0,0,0,0,0,0,0,0,0,0,0,0,0,0,0,0,0,1,0,0,0,0,0,0,0,1,0,0,0,0,0,0,0,0,0,0,0,0,0,0,0,0,0,0,NA,NA,NA,NA,NA,NA,00-0027029,L.McCoy,2,NA,NA,NA,NA,NA,NA,NA,NA,NA,NA,NA,NA,NA,NA,NA,NA,NA,NA,NA,NA,NA,NA,NA,NA,NA,NA,NA,NA,NA,NA,NA,NA,NA,NA,NA,NA,NA,NA,NA,NA,NA,NA,DAL,NA,00-0031348,NA,A.Hitchens,NA,NA,NA,NA,NA,NA,NA,NA,NA,NA,NA,NA,NA,0,NA,NA,NA,NA,NA,NA,NA,NA,NA,NA,NA,NA,NA,NA,NA,NA,NA,NA,NA,NA,NA,NA,NA,NA,NA,NA,NA,NA,NA,NA,NA,0,NA,NA,NA,NA,0,NA,NA,0,0,0,0,NA,NA,2014,NA,NA,34,1,First down,2421,"12/14/14, 20:31:25",2014-12-15T03:19:40Z,Lincoln Financial Field,"Partly Cloudy Temp: 41° F, Humidity: 69%, Wind: NW 9 mph",10012014-1214-1333-37d5-82ac89e7c001,0,0,RUSH,0,NA,NA,NA,12,Touchdown,2014-12-15T03:19:40Z,7,2:46,4,1,1,3,3,5,PUNT,TOUCHDOWN,11:34,08:48,PHI 14,DAL 1,2421,2625,38,27,Home,-11,65,3.5,54.5,1,outdoors,grass,41,9,Chip Kelly,Jason Garrett,PHI00,Lincoln Financial Field,0,0,NA,NA,L.McCoy,25,NA,NA,0,1,0,0,1,NA,00-0027029,NA,L.McCoy,25,00-0027029,L.McCoy,00-0027029,L.McCoy,00-0027029,0,1,-0.3404755061492324,NA,NA,NA,NA,NA,0.4937172830104828,-49.37172830104828,2014,Go for it,NA,NA,NA,NA,NA,NA,NA,NA,NA,NA,Punt
2442,2014_15_DAL_PHI,2014121413,PHI,DAL,REG,15,PHI,home,DAL,PHI,84,2014-12-14,677,1577,1577,Half2,0,11,0,3,2,0,11:17,PHI 16,8,86,"(11:17) (No Huddle, Shotgun) 25-L.McCoy right end to PHI 19 for 3 yards (54-B.Carter).",run,3,1,1,0,0,0,0,NA,NA,NA,NA,right,end,NA,NA,NA,NA,3,3,0,NA,NA,NA,NA,3,3,10,21,10,21,-11,10,21,-11,0.005211313255131245,0.20267228782176971,0.005636925809085369,0.2772423028945923,0.20248404145240784,0.0037586907856166363,0.30299440026283264,0,0,0.1759434724226594,-0.42032570904120803,-13.748500797587774,13.748500797587774,0.4924409997765906,-0.4924409997765906,-8.007782195871972,8.007782195871972,NA,NA,0,0,-8.060635752859525,8.060635752859525,-2.5199826554162428,2.5199826554162428,-12.76604559860425,12.76604559860425,2.8802333887407583,-2.8802333887407583,0.15824943780899048,0.8417505621910095,0.15824943780899048,0.8417505621910095,0.0015516877174377441,-0.014372467994689941,-0.014372467994689941,0.15980112552642822,0.8401988744735718,0.22393904626369476,0.22393904626369476,-0.05763125760439891,0.05763125760439891,-0.235546120616146,0.235546120616146,NA,NA,0,0,-0.04424096754426565,0.04424096754426565,-0.23638475686311722,0.23638475686311722,-0.045842603954025174,0.045842603954025174,-0.20321080833673477,0.20321080833673477,0,0,0,0,0,0,0,0,0,0,0,0,0,0,0,0,0,0,0,0,0,0,0,0,1,0,0,0,0,0,0,0,1,0,0,0,0,0,0,0,0,0,0,0,0,0,0,0,0,0,0,NA,NA,NA,NA,NA,NA,00-0027029,L.McCoy,3,NA,NA,NA,NA,NA,NA,NA,NA,NA,NA,NA,NA,NA,NA,NA,NA,NA,NA,NA,NA,NA,NA,NA,NA,NA,NA,NA,NA,NA,NA,NA,NA,NA,NA,NA,NA,NA,NA,NA,NA,NA,NA,DAL,NA,00-0027978,NA,B.Carter,NA,NA,NA,NA,NA,NA,NA,NA,NA,NA,NA,NA,NA,0,NA,NA,NA,NA,NA,NA,NA,NA,NA,NA,NA,NA,NA,NA,NA,NA,NA,NA,NA,NA,NA,NA,NA,NA,NA,NA,NA,NA,NA,NA,NA,0,NA,NA,NA,NA,0,NA,NA,0,0,0,0,NA,NA,2014,NA,NA,34,1,First down,2442,"12/14/14, 20:31:25",2014-12-15T03:19:57Z,Lincoln Financial Field,"Partly Cloudy Temp: 41° F, Humidity: 69%, Wind: NW 9 mph",10012014-1214-1333-37d5-82ac89e7c001,0,0,RUSH,0,NA,NA,NA,12,Touchdown,2014-12-15T03:19:40Z,7,2:46,4,1,1,3,3,5,PUNT,TOUCHDOWN,11:34,08:48,PHI 14,DAL 1,2421,2625,38,27,Home,-11,65,3.5,54.5,1,outdoors,grass,41,9,Chip Kelly,Jason Garrett,PHI00,Lincoln Financial Field,0,0,NA,NA,L.McCoy,25,NA,NA,0,1,0,0,1,NA,00-0027029,NA,L.McCoy,25,00-0027029,L.McCoy,00-0027029,L.McCoy,00-0027029,0,1,-0.42032570904120803,NA,NA,NA,NA,NA,0.7466608881950378,-74.66608881950378,2014,Go for it,NA,NA,NA,NA,NA,NA,NA,NA,NA,NA,Punt
2463,2014_15_DAL_PHI,2014121413,PHI,DAL,REG,15,PHI,home,DAL,PHI,81,2014-12-14,644,1544,1544,Half2,0,11,0,3,3,0,10:44,PHI 19,5,86,"(10:44) (No Huddle, Shotgun) 3-M.Sanchez pass short right to 18-J.Maclin to PHI 24 for 5 yards (54-B.Carter).",pass,5,1,1,1,0,0,0,short,right,6,-1,NA,NA,NA,NA,NA,NA,3,3,0,NA,NA,NA,NA,3,3,10,21,10,21,-11,10,21,-11,0.005101382732391357,0.212149977684021,0.004536764230579138,0.30380967259407043,0.193886861205101,0.003491840558126569,0.2770235240459442,0,0,-0.24438223661854863,1.3932693796232343,-12.35523141796454,12.35523141796454,0.4924409997765906,-0.4924409997765906,-6.614512816248738,6.614512816248738,1.6982994307763875,-0.3050300511531532,1.6982994307763875,-0.3050300511531532,-6.362336322083138,6.362336322083138,-2.825012706569396,2.825012706569396,-11.067746167827863,11.067746167827863,2.575203337587605,-2.575203337587605,0.15980112552642822,0.8401988744735718,0.15980112552642822,0.8401988744735718,0.026513129472732544,0.008085891604423523,0.008085891604423523,0.18631425499916077,0.8136857450008392,0.20956657826900482,0.20956657826900482,-0.05763125760439891,0.05763125760439891,-0.20903299114341345,0.20903299114341345,0,0.026513129472732544,0,0.026513129472732544,-0.04424096754426565,0.04424096754426565,-0.20987162739038467,0.20987162739038467,-0.045842603954025174,0.045842603954025174,-0.17669767886400223,0.17669767886400223,0,0,1,0,1,0,0,0,0,0,0,0,0,0,0,0,0,0,0,0,0,0,0,0,1,0,0,0,0,0,0,0,0,1,0,0,0,0,0,0,0,0,0,0,0,1,0,0,0,0,0,00-0026898,M.Sanchez,5,00-0026995,J.Maclin,5,NA,NA,NA,NA,NA,NA,NA,NA,NA,NA,NA,NA,NA,NA,NA,NA,NA,NA,NA,NA,NA,NA,NA,NA,NA,NA,NA,NA,NA,NA,NA,NA,NA,NA,NA,NA,NA,NA,NA,NA,NA,NA,NA,NA,NA,DAL,NA,00-0027978,NA,B.Carter,NA,NA,NA,NA,NA,NA,NA,NA,NA,NA,NA,NA,NA,0,NA,NA,NA,NA,NA,NA,NA,NA,NA,NA,NA,NA,NA,NA,NA,NA,NA,NA,NA,NA,NA,NA,NA,NA,NA,NA,NA,NA,NA,NA,NA,0,NA,NA,NA,NA,0,NA,NA,0,0,0,0,NA,NA,2014,0.6686426997184753,33.135730028152466,34,1,First down,2463,"12/14/14, 20:31:25",2014-12-15T03:20:30Z,Lincoln Financial Field,"Partly Cloudy Temp: 41° F, Humidity: 69%, Wind: NW 9 mph",10012014-1214-1333-37d5-82ac89e7c001,0,0,PASS,0,NA,NA,NA,12,Touchdown,2014-12-15T03:19:40Z,7,2:46,4,1,1,3,3,5,PUNT,TOUCHDOWN,11:34,08:48,PHI 14,DAL 1,2421,2625,38,27,Home,-11,65,3.5,54.5,1,outdoors,grass,41,9,Chip Kelly,Jason Garrett,PHI00,Lincoln Financial Field,0,1,M.Sanchez,3,NA,NA,J.Maclin,18,1,0,1,0,1,00-0026898,NA,00-0026995,M.Sanchez,3,00-0026898,J.Maclin,00-0026995,J.Maclin,00-0026995,0,1,1.3932693796232343,0.20984485502240857,3.662772021954879,1,0.9969394337094855,0.9969394337094855,0.974876880645752,2.5123119354248047,2014,Go for it,NA,NA,NA,NA,NA,NA,NA,NA,NA,NA,Punt
2487,2014_15_DAL_PHI,2014121413,PHI,DAL,REG,15,PHI,home,DAL,PHI,76,2014-12-14,615,1515,1515,Half2,0,11,0,3,1,0,10:15,PHI 24,10,86,"(10:15) (No Huddle, Shotgun) 3-M.Sanchez pass incomplete short left to 18-J.Maclin. PENALTY on DAL-42-B.Church, Defensive Holding, 5 yards, enforced at PHI 24 - No Play.",no_play,0,1,1,0,0,0,0,NA,NA,NA,NA,NA,NA,NA,NA,NA,NA,3,3,0,NA,NA,NA,NA,3,3,10,21,10,21,-11,10,21,-11,0.005320556927472353,0.15247081220149994,0.0030003536958247423,0.23395892977714539,0.24152009189128876,0.004130510147660971,0.3595987856388092,0,0,1.1488871430046856,0.6002739458344877,-11.754957472130052,11.754957472130052,0.4924409997765906,-0.4924409997765906,-6.614512816248738,6.614512816248738,NA,NA,0,0,-6.362336322083138,6.362336322083138,-2.825012706569396,2.825012706569396,-11.067746167827863,11.067746167827863,2.575203337587605,-2.575203337587605,0.18631425499916077,0.8136857450008392,0.18631425499916077,0.8136857450008392,0.00422532856464386,0.006805628538131714,0.006805628538131714,0.19053958356380463,0.8094604164361954,0.21765246987342834,0.21765246987342834,-0.05763125760439891,0.05763125760439891,-0.20903299114341345,0.20903299114341345,NA,NA,0,0,-0.04424096754426565,0.04424096754426565,-0.20987162739038467,0.20987162739038467,-0.045842603954025174,0.045842603954025174,-0.17669767886400223,0.17669767886400223,0,0,0,1,0,0,0,0,0,0,0,0,0,0,0,0,0,0,0,0,0,0,0,0,0,0,1,0,0,0,0,0,0,0,0,0,0,0,0,0,0,0,0,0,0,0,0,0,0,0,0,NA,NA,NA,NA,NA,NA,NA,NA,NA,NA,NA,NA,NA,NA,NA,NA,NA,NA,NA,NA,NA,NA,NA,NA,NA,NA,NA,NA,NA,NA,NA,NA,NA,NA,NA,NA,NA,NA,NA,NA,NA,NA,NA,NA,NA,NA,NA,NA,NA,NA,NA,NA,NA,NA,NA,NA,NA,NA,NA,NA,NA,NA,NA,NA,NA,NA,NA,NA,NA,0,NA,NA,NA,NA,NA,NA,NA,NA,NA,NA,NA,NA,NA,NA,NA,NA,NA,NA,NA,NA,NA,NA,NA,NA,NA,NA,NA,NA,NA,NA,NA,0,DAL,00-0027416,B.Church,5,0,NA,Defensive Holding,0,0,0,0,NA,NA,2014,NA,NA,35,1,First down,2487,"12/14/14, 20:31:25",2014-12-15T03:21:00Z,Lincoln Financial Field,"Partly Cloudy Temp: 41° F, Humidity: 69%, Wind: NW 9 mph",10012014-1214-1333-37d5-82ac89e7c001,0,0,PENALTY,0,NA,NA,NA,12,Touchdown,2014-12-15T03:19:40Z,7,2:46,4,1,1,3,3,5,PUNT,TOUCHDOWN,11:34,08:48,PHI 14,DAL 1,2421,2625,38,27,Home,-11,65,3.5,54.5,1,outdoors,grass,41,9,Chip Kelly,Jason Garrett,PHI00,Lincoln Financial Field,0,1,M.Sanchez,3,NA,NA,J.Maclin,18,1,0,1,0,1,00-0026898,NA,00-0026995,M.Sanchez,3,00-0026898,NA,NA,J.Maclin,00-0026995,0,1,0.6002739458344877,NA,NA,NA,NA,NA,0.5223400592803955,47.76599407196045,2014,Other,NA,NA,NA,NA,NA,NA,NA,NA,NA,NA,Punt
2520,2014_15_DAL_PHI,2014121413,PHI,DAL,REG,15,PHI,home,DAL,PHI,71,2014-12-14,609,1509,1509,Half2,0,11,0,3,1,0,10:09,PHI 29,10,86,(10:09) (No Huddle) 25-L.McCoy up the middle to PHI 27 for -2 yards (97-T.McClain).,run,-2,0,1,0,0,0,0,NA,NA,NA,NA,middle,NA,NA,NA,NA,NA,3,3,0,NA,NA,NA,NA,3,3,10,21,10,21,-11,10,21,-11,0.005701881367713213,0.13756892085075378,0.0023919250816106796,0.2002490907907486,0.24756452441215515,0.003992806188762188,0.40253087878227234,0,0,1.7491610888391733,-1.0266317664645612,-12.781589238594613,12.781589238594613,-0.5341907666879706,0.5341907666879706,-6.614512816248738,6.614512816248738,NA,NA,0,0,-6.362336322083138,6.362336322083138,-2.825012706569396,2.825012706569396,-11.067746167827863,11.067746167827863,2.575203337587605,-2.575203337587605,0.19053958356380463,0.8094604164361954,0.19053958356380463,0.8094604164361954,-0.024628356099128723,-0.024728715419769287,-0.024728715419769287,0.1659112274646759,0.8340887725353241,0.22445809841156006,0.22445809841156006,-0.08225961370352763,0.08225961370352763,-0.20903299114341345,0.20903299114341345,NA,NA,0,0,-0.04424096754426565,0.04424096754426565,-0.20987162739038467,0.20987162739038467,-0.045842603954025174,0.045842603954025174,-0.17669767886400223,0.17669767886400223,0,0,0,0,0,0,0,0,0,0,0,0,0,0,0,0,0,0,0,0,0,0,0,0,1,0,0,1,0,0,0,0,1,0,0,0,0,0,0,0,0,0,0,0,0,0,0,0,0,0,0,NA,NA,NA,NA,NA,NA,00-0027029,L.McCoy,-2,NA,NA,NA,NA,NA,NA,NA,NA,NA,NA,NA,NA,NA,NA,NA,NA,NA,NA,NA,NA,NA,NA,NA,NA,NA,NA,NA,NA,00-0028003,T.McClain,NA,NA,NA,NA,NA,NA,NA,NA,NA,NA,NA,NA,DAL,NA,00-0028003,NA,T.McClain,NA,NA,NA,NA,NA,NA,NA,NA,NA,NA,NA,NA,NA,0,NA,NA,NA,NA,NA,NA,NA,NA,NA,NA,NA,NA,NA,NA,NA,NA,NA,NA,NA,NA,NA,NA,NA,NA,NA,NA,NA,NA,NA,NA,NA,0,NA,NA,NA,NA,0,NA,NA,0,0,0,0,NA,NA,2014,NA,NA,36,1,First down,2520,"12/14/14, 20:31:25",2014-12-15T03:21:38Z,Lincoln Financial Field,"Partly Cloudy Temp: 41° F, Humidity: 69%, Wind: NW 9 mph",10012014-1214-1333-37d5-82ac89e7c001,0,0,RUSH,0,NA,NA,NA,12,Touchdown,2014-12-15T03:19:40Z,7,2:46,4,1,1,3,3,5,PUNT,TOUCHDOWN,11:34,08:48,PHI 14,DAL 1,2421,2625,38,27,Home,-11,65,3.5,54.5,1,outdoors,grass,41,9,Chip Kelly,Jason Garrett,PHI00,Lincoln Financial Field,0,0,NA,NA,L.McCoy,25,NA,NA,0,1,0,0,1,NA,00-0027029,NA,L.McCoy,25,00-0027029,L.McCoy,00-0027029,L.McCoy,00-0027029,0,1,-1.0266317664645612,NA,NA,NA,NA,NA,0.5144113302230835,-51.44113302230835,2014,Go for it,NA,NA,NA,NA,NA,NA,NA,NA,NA,NA,Punt
2541,2014_15_DAL_PHI,2014121413,PHI,DAL,REG,15,PHI,home,DAL,PHI,73,2014-12-14,578,1478,1478,Half2,0,11,0,3,2,0,09:38,PHI 27,12,86,"(9:38) (No Huddle, Shotgun) 3-M.Sanchez pass incomplete short left to 18-J.Maclin.",pass,0,1,1,1,0,0,0,short,left,13,NA,NA,NA,NA,NA,NA,NA,3,3,0,NA,NA,NA,NA,3,3,10,21,10,21,-11,10,21,-11,0.006572549697011709,0.17580163478851318,0.003569310298189521,0.25850075483322144,0.20001986622810364,0.004446512088179588,0.35108935832977295,0,0,0.7225293223746121,-0.7937357011251152,-13.575324939719728,13.575324939719728,-0.5341907666879706,0.5341907666879706,-7.4082485173738535,7.4082485173738535,1.6350236721336842,-2.4287593732587993,0,0,-6.362336322083138,6.362336322083138,-2.825012706569396,2.825012706569396,-9.432722495694179,9.432722495694179,0.1464439643288058,-0.1464439643288058,0.1659112274646759,0.8340887725353241,0.1659112274646759,0.8340887725353241,-0.014497950673103333,-0.024422675371170044,-0.024422675371170044,0.15141327679157257,0.8485867232084274,0.19972938299179077,0.19972938299179077,-0.08225961370352763,0.08225961370352763,-0.22353094181651678,0.22353094181651678,0,-0.014497950673103333,0,0,-0.04424096754426565,0.04424096754426565,-0.20987162739038467,0.20987162739038467,-0.045842603954025174,0.045842603954025174,-0.19119562953710556,0.19119562953710556,0,0,0,0,0,0,0,0,1,0,0,0,0,0,0,0,0,0,0,0,0,0,0,0,0,0,0,0,0,0,0,0,0,1,0,0,0,0,0,0,0,0,0,0,0,0,0,0,0,0,0,00-0026898,M.Sanchez,NA,00-0026995,J.Maclin,NA,NA,NA,NA,NA,NA,NA,NA,NA,NA,NA,NA,NA,NA,NA,NA,NA,NA,NA,NA,NA,NA,NA,NA,NA,NA,NA,NA,NA,NA,NA,NA,NA,NA,NA,NA,NA,NA,NA,NA,NA,NA,NA,NA,NA,NA,NA,NA,NA,NA,NA,NA,NA,NA,NA,NA,NA,NA,NA,NA,NA,NA,NA,NA,0,NA,NA,NA,NA,NA,NA,NA,NA,NA,NA,NA,NA,NA,NA,NA,NA,NA,NA,NA,NA,NA,NA,NA,NA,NA,NA,NA,NA,NA,NA,NA,0,NA,NA,NA,NA,0,NA,NA,0,0,0,0,NA,NA,2014,0.6010966300964355,-60.109663009643555,36,1,First down,2541,"12/14/14, 20:31:25",2014-12-15T03:22:09Z,Lincoln Financial Field,"Partly Cloudy Temp: 41° F, Humidity: 69%, Wind: NW 9 mph",10012014-1214-1333-37d5-82ac89e7c001,0,0,PASS,0,NA,NA,NA,12,Touchdown,2014-12-15T03:19:40Z,7,2:46,4,1,1,3,3,5,PUNT,TOUCHDOWN,11:34,08:48,PHI 14,DAL 1,2421,2625,38,27,Home,-11,65,3.5,54.5,1,outdoors,grass,41,9,Chip Kelly,Jason Garrett,PHI00,Lincoln Financial Field,0,0,M.Sanchez,3,NA,NA,J.Maclin,18,1,0,0,0,1,00-0026898,NA,00-0026995,M.Sanchez,3,00-0026898,J.Maclin,00-0026995,J.Maclin,00-0026995,0,1,-0.7937357011251152,0.20261746367101052,3.1063364302535774,1,1,0.9934167841856834,0.8550301790237427,14.496982097625732,2014,Go for it,NA,NA,NA,NA,NA,NA,NA,NA,NA,NA,Punt
2563,2014_15_DAL_PHI,2014121413,PHI,DAL,REG,15,PHI,home,DAL,PHI,73,2014-12-14,572,1472,1472,Half2,0,11,0,3,3,0,09:32,PHI 27,12,86,"(9:32) (No Huddle, Shotgun) 3-M.Sanchez pass deep right to 18-J.Maclin to DAL 1 for 72 yards (27-J.Wilcox). Dallas challenged the runner was down by contact ruling, and the play was Upheld. The ruling on the field was confirmed. (Timeout #1.)",pass,72,1,1,1,0,0,0,deep,right,18,54,NA,NA,NA,NA,NA,NA,3,2,1,DAL,NA,NA,NA,3,2,10,21,10,21,-11,10,21,-11,0.007951952517032623,0.21582725644111633,0.003944604191929102,0.293171763420105,0.17344944179058075,0.00471323449164629,0.30094173550605774,0,0,-0.07120637875050306,6.530120281386189,-7.045204658333539,7.045204658333539,-0.5341907666879706,0.5341907666879706,-0.8781282359876641,0.8781282359876641,2.772319606039673,3.757800675346516,2.772319606039673,3.757800675346516,-3.590016716043465,3.590016716043465,0.9327879687771201,-0.9327879687771201,-6.660402889654506,6.660402889654506,3.904244639675322,-3.904244639675322,0.15141327679157257,0.8485867232084274,0.15141327679157257,0.8485867232084274,0.165584996342659,0.22640517354011536,0.22640517354011536,0.31699827313423157,0.6830017268657684,0.17530670762062073,0.17530670762062073,-0.08225961370352763,0.08225961370352763,-0.057945945473857785,0.057945945473857785,0,0.165584996342659,0,0.165584996342659,-0.04424096754426565,0.04424096754426565,-0.04428663104772568,0.04428663104772568,-0.045842603954025174,0.045842603954025174,-0.025610633194446564,0.025610633194446564,0,0,1,0,1,0,0,0,0,0,0,0,0,0,0,0,0,0,0,0,0,0,0,0,1,0,0,0,0,0,0,0,0,1,0,0,0,0,0,0,0,0,0,0,0,1,0,0,0,0,0,00-0026898,M.Sanchez,72,00-0026995,J.Maclin,72,NA,NA,NA,NA,NA,NA,NA,NA,NA,NA,NA,NA,NA,NA,NA,NA,NA,NA,NA,NA,NA,NA,NA,NA,NA,NA,NA,NA,NA,NA,NA,NA,NA,NA,NA,NA,NA,NA,NA,NA,NA,NA,NA,NA,NA,DAL,NA,00-0030543,NA,J.Wilcox,NA,NA,NA,NA,NA,NA,NA,NA,NA,NA,NA,NA,NA,0,NA,NA,NA,NA,NA,NA,NA,NA,NA,NA,NA,NA,NA,NA,NA,NA,NA,NA,NA,NA,NA,NA,NA,NA,NA,NA,NA,NA,NA,NA,NA,0,NA,NA,NA,NA,1,upheld,NA,0,0,0,0,NA,NA,2014,0.4722178280353546,52.77821719646454,36,1,First down,2563,"12/14/14, 20:31:25",2014-12-15T03:22:38Z,Lincoln Financial Field,"Partly Cloudy Temp: 41° F, Humidity: 69%, Wind: NW 9 mph",10012014-1214-1333-37d5-82ac89e7c001,0,0,PASS,0,NA,NA,NA,12,Touchdown,2014-12-15T03:19:40Z,7,2:46,4,1,1,3,3,5,PUNT,TOUCHDOWN,11:34,08:48,PHI 14,DAL 1,2421,2625,38,27,Home,-11,65,3.5,54.5,1,outdoors,grass,41,9,Chip Kelly,Jason Garrett,PHI00,Lincoln Financial Field,0,1,M.Sanchez,3,NA,NA,J.Maclin,18,1,0,1,0,1,00-0026898,NA,00-0026995,M.Sanchez,3,00-0026898,J.Maclin,00-0026995,J.Maclin,00-0026995,0,1,6.530120281386189,0.2607742141060543,4.218008730298607,1,1,1,0.984067440032959,1.5932559967041016,2014,Go for it,NA,NA,NA,NA,NA,NA,NA,NA,NA,NA,Punt
2608,2014_15_DAL_PHI,2014121413,PHI,DAL,REG,15,PHI,home,DAL,DAL,1,2014-12-14,531,1431,1431,Half2,0,11,1,3,1,1,08:51,DAL 1,1,86,"(8:51) 32-C.Polk up the middle for 1 yard, TOUCHDOWN.",run,1,0,0,0,0,0,0,NA,NA,NA,NA,middle,NA,NA,NA,NA,NA,3,2,0,NA,PHI,C.Polk,00-0029438,3,2,16,21,10,21,-11,16,21,-5,9.758393280208111e-4,0.009461818262934685,2.3765681544318795e-4,0.009519441053271294,0.07446300238370895,0.0012747771106660366,0.9040674567222595,0,0,6.458913902635686,0.5410860973643139,-6.504118560969225,6.504118560969225,0.006895330676343292,-0.006895330676343292,-0.8781282359876641,0.8781282359876641,NA,NA,0,0,-3.590016716043465,3.590016716043465,0.9327879687771201,-0.9327879687771201,-6.660402889654506,6.660402889654506,3.904244639675322,-3.904244639675322,0.31699827313423157,0.6830017268657684,0.31699827313423157,0.6830017268657684,0.02770179065623224,-0.02056509752543456,-0.02056509752543456,0.3447000637904638,0.6552999362095362,0.4017118811607361,0.4017118811607361,-0.054557823047295395,0.054557823047295395,-0.057945945473857785,0.057945945473857785,NA,NA,0,0,-0.04424096754426565,0.04424096754426565,-0.04428663104772568,0.04428663104772568,-0.045842603954025174,0.045842603954025174,-0.025610633194446564,0.025610633194446564,0,1,0,0,0,0,0,0,0,0,0,0,0,0,0,0,0,0,0,0,0,0,0,0,0,0,0,0,0,0,0,0,1,0,0,1,0,1,0,0,0,0,0,0,0,0,0,0,0,0,0,NA,NA,NA,NA,NA,NA,00-0029438,C.Polk,1,NA,NA,NA,NA,NA,NA,NA,NA,NA,NA,NA,NA,NA,NA,NA,NA,NA,NA,NA,NA,NA,NA,NA,NA,NA,NA,NA,NA,NA,NA,NA,NA,NA,NA,NA,NA,NA,NA,NA,NA,NA,NA,NA,NA,NA,NA,NA,NA,NA,NA,NA,NA,NA,NA,NA,NA,NA,NA,NA,NA,0,NA,NA,NA,NA,NA,NA,NA,NA,NA,NA,NA,NA,NA,NA,NA,NA,NA,NA,NA,NA,NA,NA,NA,NA,NA,NA,NA,NA,NA,NA,NA,0,NA,NA,NA,NA,0,NA,NA,0,0,0,0,NA,NA,2014,NA,NA,37,1,Touchdown,2608,"12/14/14, 20:31:25",2014-12-15T03:26:40Z,Lincoln Financial Field,"Partly Cloudy Temp: 41° F, Humidity: 69%, Wind: NW 9 mph",10012014-1214-1333-37d5-82ac89e7c001,0,0,RUSH,0,NA,NA,NA,12,Touchdown,2014-12-15T03:19:40Z,7,2:46,4,1,1,3,3,5,PUNT,TOUCHDOWN,11:34,08:48,PHI 14,DAL 1,2421,2625,38,27,Home,-11,65,3.5,54.5,1,outdoors,grass,41,9,Chip Kelly,Jason Garrett,PHI00,Lincoln Financial Field,0,1,NA,NA,C.Polk,32,NA,NA,0,1,1,0,1,NA,00-0029438,NA,C.Polk,32,00-0029438,C.Polk,00-0029438,C.Polk,00-0029438,0,1,0.5410860973643139,NA,NA,NA,NA,NA,0.23590950667858124,-23.590950667858124,2014,Go for it,NA,NA,NA,NA,NA,NA,NA,NA,NA,NA,Punt
2625,2014_15_DAL_PHI,2014121413,PHI,DAL,REG,15,PHI,home,DAL,DAL,2,2014-12-14,528,1428,1428,Half2,0,11,1,3,NA,0,08:48,DAL 2,0,86,"1-C.Parkey extra point is GOOD, Center-46-J.Dorenbos, Holder-8-D.Jones.",extra_point,0,0,0,0,0,0,0,NA,NA,NA,NA,NA,NA,NA,20,good,NA,3,2,0,NA,NA,NA,NA,3,2,17,21,16,21,-5,17,21,-4,0,0,0,0,0,0,0,0.9892791668920077,0,0.9892791668920077,0.010720833107992322,-6.4933977278612325,6.4933977278612325,0.006895330676343292,-0.006895330676343292,-0.8781282359876641,0.8781282359876641,NA,NA,0,0,-3.590016716043465,3.590016716043465,0.9327879687771201,-0.9327879687771201,-6.660402889654506,6.660402889654506,3.904244639675322,-3.904244639675322,0.3447000637904638,0.6552999362095362,0.3447000637904638,0.6552999362095362,0.01460203972897589,0.01139212150843627,0.01139212150843627,0.3593021035194397,0.6406978964805603,0.3811467836353015,0.3811467836353015,-0.054557823047295395,0.054557823047295395,-0.057945945473857785,0.057945945473857785,NA,NA,0,0,-0.04424096754426565,0.04424096754426565,-0.04428663104772568,0.04428663104772568,-0.045842603954025174,0.045842603954025174,-0.025610633194446564,0.025610633194446564,0,0,0,0,0,0,0,0,0,0,0,0,0,0,0,0,0,0,0,0,0,0,0,0,0,0,0,0,0,0,0,0,0,0,0,0,0,0,0,1,0,0,0,0,0,0,0,0,0,0,0,NA,NA,NA,NA,NA,NA,NA,NA,NA,NA,NA,NA,NA,NA,NA,NA,NA,NA,NA,NA,NA,NA,NA,NA,NA,NA,NA,NA,NA,NA,NA,C.Parkey,00-0030850,NA,NA,NA,NA,NA,NA,NA,NA,NA,NA,NA,NA,NA,NA,NA,NA,NA,NA,NA,NA,NA,NA,NA,NA,NA,NA,NA,NA,NA,NA,NA,NA,NA,NA,NA,NA,0,NA,NA,NA,NA,NA,NA,NA,NA,NA,NA,NA,NA,NA,NA,NA,NA,NA,NA,NA,NA,NA,NA,NA,NA,NA,NA,NA,NA,NA,NA,NA,0,NA,NA,NA,NA,0,NA,NA,0,0,0,0,NA,NA,2014,NA,NA,37,1,Touchdown,2625,"12/14/14, 20:31:25",2014-12-15T03:27:19Z,Lincoln Financial Field,"Partly Cloudy Temp: 41° F, Humidity: 69%, Wind: NW 9 mph",10012014-1214-1333-37d5-82ac89e7c001,0,0,XP_KICK,1,NA,NA,NA,12,Touchdown,2014-12-15T03:19:40Z,7,2:46,4,1,1,3,3,5,PUNT,TOUCHDOWN,11:34,08:48,PHI 14,DAL 1,2421,2625,38,27,Home,-11,65,3.5,54.5,1,outdoors,grass,41,9,Chip Kelly,Jason Garrett,PHI00,Lincoln Financial Field,0,1,NA,NA,NA,NA,NA,NA,0,0,0,1,0,NA,NA,NA,NA,NA,NA,NA,NA,NA,NA,0,1,0.010720833107992322,NA,NA,NA,NA,NA,NA,NA,2014,Other,NA,NA,NA,NA,NA,NA,NA,NA,NA,NA,Punt
2642,2014_15_DAL_PHI,2014121413,PHI,DAL,REG,15,DAL,away,PHI,PHI,35,2014-12-14,528,1428,1428,Half2,0,12,0,3,NA,0,08:48,PHI 35,0,-1,1-C.Parkey kicks 66 yards from PHI 35 to DAL -1. 17-D.Harris to DAL 15 for 16 yards (56-B.Braman).,kickoff,0,0,0,0,0,0,0,NA,NA,NA,NA,NA,NA,NA,66,NA,NA,3,2,0,NA,NA,NA,NA,2,3,17,21,21,17,4,21,17,4,0.009808515198528767,0.16464221477508545,0.004743516910821199,0.2887055575847626,0.22375530004501343,0.004088584333658218,0.3042563498020172,0,0,0.28488493617624044,-0.3781123636290431,-6.115285364232189,6.115285364232189,0.006895330676343292,-0.006895330676343292,-0.8781282359876641,0.8781282359876641,NA,NA,0,0,-3.590016716043465,3.590016716043465,0.9327879687771201,-0.9327879687771201,-6.660402889654506,6.660402889654506,3.904244639675322,-3.904244639675322,0.6406978964805603,0.3593021035194397,0.3593021035194397,0.6406978964805603,-0.0021712779998779297,-0.006086230278015137,0.006086230278015137,0.3614733815193176,0.6385266184806824,0.6074610948562622,0.3925389051437378,-0.054557823047295395,0.054557823047295395,-0.057945945473857785,0.057945945473857785,NA,NA,0,0,-0.04424096754426565,0.04424096754426565,-0.04428663104772568,0.04428663104772568,-0.045842603954025174,0.045842603954025174,-0.025610633194446564,0.025610633194446564,0,0,0,0,0,0,0,0,0,0,0,0,0,0,0,0,1,1,0,0,0,0,0,0,1,0,0,0,0,0,0,0,0,0,0,0,0,0,0,0,0,0,1,0,0,0,0,0,0,0,0,NA,NA,NA,NA,NA,NA,NA,NA,NA,NA,NA,NA,NA,NA,NA,NA,NA,NA,NA,NA,NA,NA,NA,NA,NA,D.Harris,00-0028114,NA,NA,NA,NA,C.Parkey,00-0030850,NA,NA,NA,NA,NA,NA,NA,NA,NA,NA,NA,NA,NA,NA,NA,NA,NA,NA,PHI,NA,00-0028536,NA,B.Braman,NA,NA,NA,NA,NA,NA,NA,NA,NA,NA,NA,NA,NA,0,NA,NA,NA,NA,NA,NA,NA,NA,NA,NA,NA,NA,NA,NA,NA,NA,NA,NA,NA,NA,NA,NA,NA,NA,NA,NA,NA,NA,NA,NA,DAL,16,NA,NA,NA,NA,0,NA,NA,0,0,0,0,NA,NA,2014,NA,NA,38,1,First down,2642,"12/14/14, 20:31:25",2014-12-15T03:29:36Z,Lincoln Financial Field,"Partly Cloudy Temp: 41° F, Humidity: 69%, Wind: NW 9 mph",10012014-1214-1333-37d5-82ac89e7c001,0,0,KICK_OFF,1,NA,NA,NA,13,Turnover,2014-12-15T03:29:36Z,4,2:02,1,0,0,3,3,-5,KICKOFF,FUMBLE,08:48,06:46,DAL 15,DAL 18,2642,2754,38,27,Home,-11,65,3.5,54.5,1,outdoors,grass,41,9,Chip Kelly,Jason Garrett,PHI00,Lincoln Financial Field,0,0,NA,NA,NA,NA,NA,NA,0,0,0,1,0,NA,NA,NA,NA,NA,NA,NA,NA,NA,NA,0,1,-0.3781123636290431,NA,NA,NA,NA,NA,NA,NA,2014,Other,NA,NA,NA,NA,NA,NA,NA,NA,NA,NA,Punt
2664,2014_15_DAL_PHI,2014121413,PHI,DAL,REG,15,DAL,away,PHI,DAL,85,2014-12-14,523,1423,1423,Half2,0,12,0,3,1,0,08:43,DAL 15,10,-1,(8:43) 9-T.Romo pass short left to 84-J.Hanna to DAL 27 for 12 yards (58-T.Cole).,pass,12,0,0,1,0,0,0,short,left,5,7,NA,NA,NA,NA,NA,NA,3,2,0,NA,NA,NA,NA,2,3,17,21,21,17,4,21,17,4,0.010306491516530514,0.18095381557941437,0.007404118310660124,0.3065338432788849,0.20810168981552124,0.004205198492854834,0.28249481320381165,0,0,-0.09322742745280266,0.8461083127185702,-6.96139367695076,6.96139367695076,0.006895330676343292,-0.006895330676343292,-1.7242365487062343,1.7242365487062343,0.14950239937752485,0.6966059133410454,0.14950239937752485,0.6966059133410454,-3.7395191154209897,3.7395191154209897,0.23618205543607473,-0.23618205543607473,-6.809905289032031,6.809905289032031,3.2076387263342765,-3.2076387263342765,0.6385266184806824,0.3614733815193176,0.3614733815193176,0.6385266184806824,0.01638782024383545,0.0171128511428833,-0.0171128511428833,0.3450855612754822,0.6549144387245178,0.6013748645782471,0.39862513542175293,-0.054557823047295395,0.054557823047295395,-0.07433376571769323,0.07433376571769323,0,0.01638782024383545,0,0.01638782024383545,-0.04424096754426565,0.04424096754426565,-0.06067445129156113,0.06067445129156113,-0.045842603954025174,0.045842603954025174,-0.04199845343828201,0.04199845343828201,0,0,1,0,0,0,0,0,0,0,0,0,0,0,0,0,0,0,0,0,0,0,0,0,1,0,0,0,0,0,0,0,0,1,0,0,0,0,0,0,0,0,0,0,0,1,0,0,0,0,0,00-0021678,T.Romo,12,00-0029634,J.Hanna,12,NA,NA,NA,NA,NA,NA,NA,NA,NA,NA,NA,NA,NA,NA,NA,NA,NA,NA,NA,NA,NA,NA,NA,NA,NA,NA,NA,NA,NA,NA,NA,NA,NA,NA,NA,NA,NA,NA,NA,NA,NA,NA,NA,NA,NA,PHI,NA,00-0023579,NA,T.Cole,NA,NA,NA,NA,NA,NA,NA,NA,NA,NA,NA,NA,NA,0,NA,NA,NA,NA,NA,NA,NA,NA,NA,NA,NA,NA,NA,NA,NA,NA,NA,NA,NA,NA,NA,NA,NA,NA,NA,NA,NA,NA,NA,NA,NA,0,NA,NA,NA,NA,0,NA,NA,0,0,0,0,NA,NA,2014,0.7410614490509033,25.893855094909668,38,1,First down,2664,"12/14/14, 20:31:25",2014-12-15T03:30:32Z,Lincoln Financial Field,"Partly Cloudy Temp: 41° F, Humidity: 69%, Wind: NW 9 mph",10012014-1214-1333-37d5-82ac89e7c001,0,0,PASS,0,NA,NA,NA,13,Turnover,2014-12-15T03:29:36Z,4,2:02,1,0,0,3,3,-5,KICKOFF,FUMBLE,08:48,06:46,DAL 15,DAL 18,2642,2754,38,27,Home,-11,65,3.5,54.5,1,outdoors,grass,41,9,Chip Kelly,Jason Garrett,PHI00,Lincoln Financial Field,0,1,T.Romo,9,NA,NA,J.Hanna,84,1,0,1,0,1,00-0021678,NA,00-0029634,T.Romo,9,00-0021678,J.Hanna,00-0029634,J.Hanna,00-0029634,0,1,0.8461083127185702,0.40214199600826817,3.8588468965972424,2,0.9916473395423964,0.25566294707823545,0.4230455756187439,57.69544243812561,2014,Go for it,NA,NA,NA,NA,NA,NA,NA,NA,NA,NA,Punt
2688,2014_15_DAL_PHI,2014121413,PHI,DAL,REG,15,DAL,away,PHI,DAL,73,2014-12-14,485,1385,1385,Half2,0,12,0,3,1,0,08:05,DAL 27,10,-1,"(8:05) PENALTY on DAL-9-T.Romo, False Start, 5 yards, enforced at DAL 27 - No Play.",no_play,0,0,0,0,0,0,0,NA,NA,NA,NA,NA,NA,NA,NA,NA,NA,3,2,0,NA,NA,NA,NA,2,3,17,21,21,17,4,21,17,4,0.011622489430010319,0.14508217573165894,0.003808220848441124,0.2617438733577728,0.24873356521129608,0.004263465758413076,0.32474619150161743,0,0,0.7528808852657676,-0.7948390040546656,-6.166554672896094,6.166554672896094,0.006895330676343292,-0.006895330676343292,-1.7242365487062343,1.7242365487062343,NA,NA,0,0,-3.7395191154209897,3.7395191154209897,0.23618205543607473,-0.23618205543607473,-6.809905289032031,6.809905289032031,3.2076387263342765,-3.2076387263342765,0.6549144387245178,0.3450855612754822,0.3450855612754822,0.6549144387245178,-0.017891228199005127,-0.02053821086883545,0.02053821086883545,0.3629767894744873,0.6370232105255127,0.6184877157211304,0.38151228427886963,-0.054557823047295395,0.054557823047295395,-0.07433376571769323,0.07433376571769323,NA,NA,0,0,-0.04424096754426565,0.04424096754426565,-0.06067445129156113,0.06067445129156113,-0.045842603954025174,0.045842603954025174,-0.04199845343828201,0.04199845343828201,0,0,0,0,0,0,0,0,0,0,0,0,0,0,0,0,0,0,0,0,0,0,0,0,0,0,1,0,0,0,0,0,0,0,0,0,0,0,0,0,0,0,0,0,0,0,0,0,0,0,0,NA,NA,NA,NA,NA,NA,NA,NA,NA,NA,NA,NA,NA,NA,NA,NA,NA,NA,NA,NA,NA,NA,NA,NA,NA,NA,NA,NA,NA,NA,NA,NA,NA,NA,NA,NA,NA,NA,NA,NA,NA,NA,NA,NA,NA,NA,NA,NA,NA,NA,NA,NA,NA,NA,NA,NA,NA,NA,NA,NA,NA,NA,NA,NA,NA,NA,NA,NA,NA,0,NA,NA,NA,NA,NA,NA,NA,NA,NA,NA,NA,NA,NA,NA,NA,NA,NA,NA,NA,NA,NA,NA,NA,NA,NA,NA,NA,NA,NA,NA,NA,0,DAL,00-0021678,T.Romo,5,0,NA,False Start,0,0,0,0,NA,NA,2014,NA,NA,39,0,Turnover,2688,"12/14/14, 20:31:25",2014-12-15T03:31:10Z,Lincoln Financial Field,"Partly Cloudy Temp: 41° F, Humidity: 69%, Wind: NW 9 mph",10012014-1214-1333-37d5-82ac89e7c001,0,0,PENALTY,0,NA,NA,NA,13,Turnover,2014-12-15T03:29:36Z,4,2:02,1,0,0,3,3,-5,KICKOFF,FUMBLE,08:48,06:46,DAL 15,DAL 18,2642,2754,38,27,Home,-11,65,3.5,54.5,1,outdoors,grass,41,9,Chip Kelly,Jason Garrett,PHI00,Lincoln Financial Field,0,0,NA,NA,NA,NA,NA,NA,0,0,0,0,1,NA,NA,NA,NA,NA,NA,NA,NA,NA,NA,0,1,-0.7948390040546656,NA,NA,NA,NA,NA,0.45060303807258606,NA,2014,Other,NA,NA,NA,NA,NA,NA,NA,NA,NA,NA,Punt
2711,2014_15_DAL_PHI,2014121413,PHI,DAL,REG,15,DAL,away,PHI,DAL,78,2014-12-14,467,1367,1367,Half2,0,12,0,3,1,0,07:47,DAL 22,15,-1,(7:47) 29-D.Murray right end to DAL 18 for -4 yards (27-M.Jenkins).,run,-4,0,0,0,0,0,0,NA,NA,NA,NA,right,end,NA,NA,NA,NA,3,2,0,NA,NA,NA,NA,2,3,17,21,21,17,4,21,17,4,0.013412164524197578,0.17407359182834625,0.004886026028543711,0.3080846667289734,0.20641876757144928,0.004900452680885792,0.28822430968284607,0,0,-0.04195811878889799,-0.7610346795991063,-5.405519993296988,5.405519993296988,0.7679300102754496,-0.7679300102754496,-1.7242365487062343,1.7242365487062343,NA,NA,0,0,-3.7395191154209897,3.7395191154209897,0.23618205543607473,-0.23618205543607473,-6.809905289032031,6.809905289032031,3.2076387263342765,-3.2076387263342765,0.6370232105255127,0.3629767894744873,0.3629767894744873,0.6370232105255127,-0.026280999183654785,-0.01762944459915161,0.01762944459915161,0.3892577886581421,0.6107422113418579,0.5979495048522949,0.4020504951477051,-0.02827682386364061,0.02827682386364061,-0.07433376571769323,0.07433376571769323,NA,NA,0,0,-0.04424096754426565,0.04424096754426565,-0.06067445129156113,0.06067445129156113,-0.045842603954025174,0.045842603954025174,-0.04199845343828201,0.04199845343828201,0,0,0,0,0,0,0,0,0,0,0,0,0,0,0,0,0,0,0,0,0,0,0,0,1,0,0,1,0,0,0,0,1,0,0,0,0,0,0,0,0,0,0,0,0,0,0,0,0,0,0,NA,NA,NA,NA,NA,NA,00-0028009,D.Murray,-4,NA,NA,NA,NA,NA,NA,NA,NA,NA,NA,NA,NA,NA,NA,NA,NA,NA,NA,NA,NA,NA,NA,NA,NA,NA,NA,NA,NA,00-0026990,M.Jenkins,NA,NA,NA,NA,NA,NA,NA,NA,NA,NA,NA,NA,PHI,NA,00-0026990,NA,M.Jenkins,NA,NA,NA,NA,NA,NA,NA,NA,NA,NA,NA,NA,NA,0,NA,NA,NA,NA,NA,NA,NA,NA,NA,NA,NA,NA,NA,NA,NA,NA,NA,NA,NA,NA,NA,NA,NA,NA,NA,NA,NA,NA,NA,NA,NA,0,NA,NA,NA,NA,0,NA,NA,0,0,0,0,NA,NA,2014,NA,NA,39,0,Turnover,2711,"12/14/14, 20:31:25",2014-12-15T03:31:54Z,Lincoln Financial Field,"Partly Cloudy Temp: 41° F, Humidity: 69%, Wind: NW 9 mph",10012014-1214-1333-37d5-82ac89e7c001,0,0,RUSH,0,NA,NA,NA,13,Turnover,2014-12-15T03:29:36Z,4,2:02,1,0,0,3,3,-5,KICKOFF,FUMBLE,08:48,06:46,DAL 15,DAL 18,2642,2754,38,27,Home,-11,65,3.5,54.5,1,outdoors,grass,41,9,Chip Kelly,Jason Garrett,PHI00,Lincoln Financial Field,0,0,NA,NA,D.Murray,29,NA,NA,0,1,0,0,1,NA,00-0028009,NA,D.Murray,29,00-0028009,D.Murray,00-0028009,D.Murray,00-0028009,0,1,-0.7610346795991063,NA,NA,NA,NA,NA,0.633007287979126,-63.3007287979126,2014,Go for it,NA,NA,NA,NA,NA,NA,NA,NA,NA,NA,Punt
2732,2014_15_DAL_PHI,2014121413,PHI,DAL,REG,15,DAL,away,PHI,DAL,82,2014-12-14,426,1326,1326,Half2,0,12,0,3,2,0,07:06,DAL 18,19,-1,(7:06) (Shotgun) 9-T.Romo pass incomplete short left to 83-T.Williams (26-C.Williams).,pass,0,1,0,1,0,0,0,short,left,7,NA,NA,NA,NA,NA,NA,NA,3,2,0,NA,NA,NA,NA,2,3,17,21,21,17,4,21,17,4,0.01354620698839426,0.1995762586593628,0.00589503301307559,0.3513439893722534,0.17998762428760529,0.0041170078329741955,0.24553386867046356,0,0,-0.8029927983880043,-0.7741013150662184,-4.631418678230769,4.631418678230769,0.7679300102754496,-0.7679300102754496,-0.950135233640016,0.950135233640016,-0.1574859181419015,-0.6166153969243169,0,0,-3.7395191154209897,3.7395191154209897,0.23618205543607473,-0.23618205543607473,-6.652419370890129,6.652419370890129,3.8242541232585934,-3.8242541232585934,0.6107422113418579,0.3892577886581421,0.3892577886581421,0.6107422113418579,-0.0261114239692688,-0.02916473150253296,0.02916473150253296,0.4153692126274109,0.5846307873725891,0.5803200602531433,0.4196799397468567,-0.02827682386364061,0.02827682386364061,-0.048222341748424435,0.048222341748424435,0,-0.0261114239692688,0,0,-0.04424096754426565,0.04424096754426565,-0.06067445129156113,0.06067445129156113,-0.045842603954025174,0.045842603954025174,-0.015887029469013214,0.015887029469013214,0,0,0,0,0,0,0,0,1,0,0,0,0,0,0,0,0,0,0,0,0,0,0,0,0,0,0,0,0,0,0,0,0,1,0,0,0,0,0,0,0,0,0,0,0,0,0,0,0,0,0,00-0021678,T.Romo,NA,00-0030542,T.Williams,NA,NA,NA,NA,NA,NA,NA,NA,NA,NA,NA,NA,NA,NA,NA,NA,NA,NA,NA,NA,NA,NA,NA,NA,NA,NA,NA,NA,NA,NA,NA,NA,NA,NA,NA,NA,NA,NA,NA,NA,NA,NA,NA,NA,NA,NA,NA,NA,NA,NA,NA,NA,NA,NA,NA,NA,NA,NA,NA,NA,NA,NA,NA,NA,0,NA,NA,NA,NA,NA,NA,00-0026369,C.Williams,NA,NA,NA,NA,NA,NA,NA,NA,NA,NA,NA,NA,NA,NA,NA,NA,NA,NA,NA,NA,NA,NA,NA,0,NA,NA,NA,NA,0,NA,NA,0,0,0,0,NA,NA,2014,0.7279031872749329,-72.79031872749329,39,0,Turnover,2732,"12/14/14, 20:31:25",2014-12-15T03:32:35Z,Lincoln Financial Field,"Partly Cloudy Temp: 41° F, Humidity: 69%, Wind: NW 9 mph",10012014-1214-1333-37d5-82ac89e7c001,0,0,PASS,0,NA,NA,NA,13,Turnover,2014-12-15T03:29:36Z,4,2:02,1,0,0,3,3,-5,KICKOFF,FUMBLE,08:48,06:46,DAL 15,DAL 18,2642,2754,38,27,Home,-11,65,3.5,54.5,1,outdoors,grass,41,9,Chip Kelly,Jason Garrett,PHI00,Lincoln Financial Field,0,0,T.Romo,9,NA,NA,T.Williams,83,1,0,0,0,1,00-0021678,NA,00-0030542,T.Romo,9,00-0021678,T.Williams,00-0030542,T.Williams,00-0030542,0,1,-0.7741013150662184,0.5274555746381607,3.5554374972125515,2,0.6966078505502082,0.05586718308040872,0.7707340717315674,22.92659282684326,2014,Go for it,NA,NA,NA,NA,NA,NA,NA,NA,NA,NA,Punt
2754,2014_15_DAL_PHI,2014121413,PHI,DAL,REG,15,DAL,away,PHI,DAL,82,2014-12-14,419,1319,1319,Half2,0,12,0,3,3,0,06:59,DAL 18,19,-1,"(6:59) (Shotgun) 9-T.Romo sacked at DAL 12 for -6 yards (75-V.Curry). FUMBLES (75-V.Curry), RECOVERED by PHI-91-F.Cox at DAL 14. 91-F.Cox to DAL 14 for no gain (65-R.Leary).",pass,-4,1,0,1,0,0,0,NA,NA,NA,NA,NA,NA,NA,NA,NA,NA,3,2,0,NA,NA,NA,NA,2,3,17,21,21,17,4,21,17,4,0.01523376815021038,0.2258237898349762,0.0060105579905211926,0.39438846707344055,0.15447041392326355,0.0037609790451824665,0.2003120630979538,0,0,-1.5770941134542227,-3.4503556540585123,-1.181063024172257,1.181063024172257,0.7679300102754496,-0.7679300102754496,2.500220420418496,-2.500220420418496,NA,NA,0,0,-3.7395191154209897,3.7395191154209897,0.23618205543607473,-0.23618205543607473,-6.652419370890129,6.652419370890129,3.8242541232585934,-3.8242541232585934,0.5846307873725891,0.4153692126274109,0.4153692126274109,0.5846307873725891,-0.14457112550735474,-0.13458722829818726,0.13458722829818726,0.5599403381347656,0.4400596618652344,0.5511553287506104,0.44884467124938965,-0.02827682386364061,0.02827682386364061,0.0963487837589303,-0.0963487837589303,NA,NA,0,0,-0.04424096754426565,0.04424096754426565,-0.06067445129156113,0.06067445129156113,-0.045842603954025174,0.045842603954025174,-0.015887029469013214,0.015887029469013214,0,0,0,0,0,1,0,0,0,0,0,0,0,0,0,0,0,0,0,0,0,1,0,0,1,0,0,0,1,0,0,0,0,1,1,0,0,0,0,0,0,0,0,0,1,0,0,0,0,0,0,00-0021678,T.Romo,NA,NA,NA,NA,NA,NA,NA,NA,NA,NA,NA,NA,NA,NA,NA,NA,NA,NA,NA,NA,NA,NA,NA,NA,NA,NA,NA,NA,NA,NA,NA,NA,NA,NA,NA,NA,NA,NA,NA,NA,NA,NA,NA,PHI,00-0029412,V.Curry,NA,NA,NA,PHI,DAL,00-0029412,00-0029010,V.Curry,R.Leary,NA,NA,NA,NA,NA,NA,NA,NA,NA,NA,NA,NA,0,NA,NA,NA,NA,NA,NA,NA,NA,NA,NA,DAL,00-0021678,T.Romo,NA,NA,NA,PHI,0,00-0029653,F.Cox,NA,NA,NA,NA,00-0029412,V.Curry,NA,NA,NA,NA,NA,0,NA,NA,NA,NA,0,NA,NA,0,0,0,0,NA,NA,2014,NA,NA,39,0,Turnover,2754,"12/14/14, 20:31:25",2014-12-15T03:33:24Z,Lincoln Financial Field,"Partly Cloudy Temp: 41° F, Humidity: 69%, Wind: NW 9 mph",10012014-1214-1333-37d5-82ac89e7c001,0,0,SACK,0,NA,NA,NA,13,Turnover,2014-12-15T03:29:36Z,4,2:02,1,0,0,3,3,-5,KICKOFF,FUMBLE,08:48,06:46,DAL 15,DAL 18,2642,2754,38,27,Home,-11,65,3.5,54.5,1,outdoors,grass,41,9,Chip Kelly,Jason Garrett,PHI00,Lincoln Financial Field,0,0,T.Romo,9,NA,NA,NA,NA,1,0,0,0,1,00-0021678,NA,NA,T.Romo,9,00-0021678,NA,NA,NA,NA,0,1,-3.4503556540585123,NA,NA,NA,NA,NA,0.8492376208305359,15.076237916946411,2014,Go for it,NA,NA,NA,NA,NA,NA,NA,NA,NA,NA,Punt
2790,2014_15_DAL_PHI,2014121413,PHI,DAL,REG,15,PHI,home,DAL,DAL,14,2014-12-14,406,1306,1306,Half2,0,13,0,3,1,0,06:46,DAL 14,10,14,"(6:46) (Shotgun) 25-L.McCoy right end to DAL 8 for 6 yards (59-A.Hitchens). PENALTY on DAL-97-T.McClain, Unnecessary Roughness, 4 yards, enforced at DAL 8.",run,6,1,0,0,0,0,0,NA,NA,NA,NA,right,end,NA,NA,NA,NA,3,2,0,NA,NA,NA,NA,3,2,17,21,17,21,-4,17,21,-4,0.0025108540430665016,0.01839093677699566,4.6669357107020915e-4,0.026103779673576355,0.3488495647907257,0.0012027389602735639,0.6024754643440247,0,0,5.027449767512735,0.9650684295920655,-0.21599459458019143,0.21599459458019143,1.7329984398675151,-1.7329984398675151,2.500220420418496,-2.500220420418496,NA,NA,0,0,-3.7395191154209897,3.7395191154209897,0.23618205543607473,-0.23618205543607473,-6.652419370890129,6.652419370890129,3.8242541232585934,-3.8242541232585934,0.5599403381347656,0.4400596618652344,0.5599403381347656,0.4400596618652344,0.030555129051208496,0.04599881172180176,0.04599881172180176,0.5904954671859741,0.4095045328140259,0.5834318995475769,0.5834318995475769,0.002278305187567886,-0.002278305187567886,0.0963487837589303,-0.0963487837589303,NA,NA,0,0,-0.04424096754426565,0.04424096754426565,-0.06067445129156113,0.06067445129156113,-0.045842603954025174,0.045842603954025174,-0.015887029469013214,0.015887029469013214,0,0,0,1,0,0,0,0,0,0,0,0,0,0,0,0,0,0,0,0,0,0,0,0,1,0,1,0,0,0,0,0,1,0,0,0,0,0,0,0,0,0,0,0,0,0,0,0,0,0,0,NA,NA,NA,NA,NA,NA,00-0027029,L.McCoy,6,NA,NA,NA,NA,NA,NA,NA,NA,NA,NA,NA,NA,NA,NA,NA,NA,NA,NA,NA,NA,NA,NA,NA,NA,NA,NA,NA,NA,NA,NA,NA,NA,NA,NA,NA,NA,NA,NA,NA,NA,NA,NA,DAL,NA,00-0031348,NA,A.Hitchens,NA,NA,NA,NA,NA,NA,NA,NA,NA,NA,NA,NA,NA,0,NA,NA,NA,NA,NA,NA,NA,NA,NA,NA,NA,NA,NA,NA,NA,NA,NA,NA,NA,NA,NA,NA,NA,NA,NA,NA,NA,NA,NA,NA,NA,0,DAL,00-0028003,T.McClain,4,0,NA,Unnecessary Roughness,0,0,0,0,NA,NA,2014,NA,NA,40,1,First down,2790,"12/14/14, 20:31:25",2014-12-15T03:34:37Z,Lincoln Financial Field,"Partly Cloudy Temp: 41° F, Humidity: 69%, Wind: NW 9 mph",10012014-1214-1333-37d5-82ac89e7c001,0,0,RUSH,0,NA,NA,NA,14,Touchdown,2014-12-15T03:34:37Z,3,1:04,2,1,1,3,3,4,FUMBLE,TOUCHDOWN,06:46,05:42,DAL 14,DAL 1,2790,2866,38,27,Home,-11,65,3.5,54.5,1,outdoors,grass,41,9,Chip Kelly,Jason Garrett,PHI00,Lincoln Financial Field,0,1,NA,NA,L.McCoy,25,NA,NA,0,1,1,0,1,NA,00-0027029,NA,L.McCoy,25,00-0027029,L.McCoy,00-0027029,L.McCoy,00-0027029,0,1,0.9650684295920655,NA,NA,NA,NA,NA,0.41513416171073914,-41.513416171073914,2014,Go for it,NA,NA,NA,NA,NA,NA,NA,NA,NA,NA,Punt
2822,2014_15_DAL_PHI,2014121413,PHI,DAL,REG,15,PHI,home,DAL,DAL,4,2014-12-14,381,1281,1281,Half2,0,13,0,3,1,1,06:21,DAL 4,4,14,(6:21) (Shotgun) 25-L.McCoy left end pushed ob at DAL 1 for 3 yards (42-B.Church).,run,3,1,0,0,0,0,0,NA,NA,NA,NA,left,end,NA,NA,NA,NA,3,2,0,NA,NA,NA,NA,3,2,17,21,17,21,-4,17,21,-4,0.0017202835297212005,0.013334288261830807,3.282993275206536e-4,0.011684872210025787,0.17147287726402283,0.00193252123426646,0.7995268702507019,0,0,5.9925181971048005,0.18858257622923702,-0.027412018350954415,0.027412018350954415,1.9215810160967521,-1.9215810160967521,2.500220420418496,-2.500220420418496,NA,NA,0,0,-3.7395191154209897,3.7395191154209897,0.23618205543607473,-0.23618205543607473,-6.652419370890129,6.652419370890129,3.8242541232585934,-3.8242541232585934,0.5904954671859741,0.4095045328140259,0.5904954671859741,0.4095045328140259,0.018824517726898193,0.01588648557662964,0.01588648557662964,0.6093199849128723,0.3906800150871277,0.6294307112693787,0.6294307112693787,0.02110282291446608,-0.02110282291446608,0.0963487837589303,-0.0963487837589303,NA,NA,0,0,-0.04424096754426565,0.04424096754426565,-0.06067445129156113,0.06067445129156113,-0.045842603954025174,0.045842603954025174,-0.015887029469013214,0.015887029469013214,0,0,0,0,0,0,0,0,0,0,0,0,0,0,0,0,0,0,0,0,0,0,0,0,1,0,0,0,0,0,0,0,1,0,0,0,0,0,0,0,0,0,0,0,0,0,0,0,0,0,0,NA,NA,NA,NA,NA,NA,00-0027029,L.McCoy,3,NA,NA,NA,NA,NA,NA,NA,NA,NA,NA,NA,NA,NA,NA,NA,NA,NA,NA,NA,NA,NA,NA,NA,NA,NA,NA,NA,NA,NA,NA,NA,NA,NA,NA,NA,NA,NA,NA,NA,NA,NA,NA,DAL,NA,00-0027416,NA,B.Church,NA,NA,NA,NA,NA,NA,NA,NA,NA,NA,NA,NA,NA,0,NA,NA,NA,NA,NA,NA,NA,NA,NA,NA,NA,NA,NA,NA,NA,NA,NA,NA,NA,NA,NA,NA,NA,NA,NA,NA,NA,NA,NA,NA,NA,0,NA,NA,NA,NA,0,NA,NA,0,0,0,0,NA,NA,2014,NA,NA,41,1,Touchdown,2822,"12/14/14, 20:31:25",2014-12-15T03:35:33Z,Lincoln Financial Field,"Partly Cloudy Temp: 41° F, Humidity: 69%, Wind: NW 9 mph",10012014-1214-1333-37d5-82ac89e7c001,0,0,RUSH,0,NA,NA,NA,14,Touchdown,2014-12-15T03:34:37Z,3,1:04,2,1,1,3,3,4,FUMBLE,TOUCHDOWN,06:46,05:42,DAL 14,DAL 1,2790,2866,38,27,Home,-11,65,3.5,54.5,1,outdoors,grass,41,9,Chip Kelly,Jason Garrett,PHI00,Lincoln Financial Field,0,1,NA,NA,L.McCoy,25,NA,NA,0,1,0,0,1,NA,00-0027029,NA,L.McCoy,25,00-0027029,L.McCoy,00-0027029,L.McCoy,00-0027029,1,1,0.18858257622923702,NA,NA,NA,NA,NA,0.38947945833206177,-38.94794583320618,2014,Go for it,NA,NA,NA,NA,NA,NA,NA,NA,NA,NA,Punt
2843,2014_15_DAL_PHI,2014121413,PHI,DAL,REG,15,PHI,home,DAL,DAL,1,2014-12-14,347,1247,1247,Half2,0,13,1,3,2,1,05:47,DAL 1,1,14,"(5:47) (No Huddle, Shotgun) 43-D.Sproles right end for 1 yard, TOUCHDOWN.",run,1,1,1,0,0,0,0,NA,NA,NA,NA,right,end,NA,NA,NA,NA,3,2,0,NA,PHI,D.Sproles,00-0023564,3,2,23,21,17,21,-4,23,21,2,0.001671542995609343,0.01246847864240408,3.0665184021927416e-4,0.01294921338558197,0.12231883406639099,0.0018379136454313993,0.8484473824501038,0,0,6.1811007733340375,0.8188992266659625,0.7914872083150081,-0.7914872083150081,2.7404802427627146,-2.7404802427627146,2.500220420418496,-2.500220420418496,NA,NA,0,0,-3.7395191154209897,3.7395191154209897,0.23618205543607473,-0.23618205543607473,-6.652419370890129,6.652419370890129,3.8242541232585934,-3.8242541232585934,0.6093199849128723,0.3906800150871277,0.6093199849128723,0.3906800150871277,0.03205285232053301,0.012635337852850537,0.012635337852850537,0.6413728372334053,0.3586271627665947,0.6453171968460083,0.6453171968460083,0.05315567523499909,-0.05315567523499909,0.0963487837589303,-0.0963487837589303,NA,NA,0,0,-0.04424096754426565,0.04424096754426565,-0.06067445129156113,0.06067445129156113,-0.045842603954025174,0.045842603954025174,-0.015887029469013214,0.015887029469013214,0,1,0,0,0,0,0,0,0,0,0,0,0,0,0,0,0,0,0,0,0,0,0,0,0,0,0,0,0,0,0,0,1,0,0,1,0,1,0,0,0,0,0,0,0,0,0,0,0,0,0,NA,NA,NA,NA,NA,NA,00-0023564,D.Sproles,1,NA,NA,NA,NA,NA,NA,NA,NA,NA,NA,NA,NA,NA,NA,NA,NA,NA,NA,NA,NA,NA,NA,NA,NA,NA,NA,NA,NA,NA,NA,NA,NA,NA,NA,NA,NA,NA,NA,NA,NA,NA,NA,NA,NA,NA,NA,NA,NA,NA,NA,NA,NA,NA,NA,NA,NA,NA,NA,NA,NA,0,NA,NA,NA,NA,NA,NA,NA,NA,NA,NA,NA,NA,NA,NA,NA,NA,NA,NA,NA,NA,NA,NA,NA,NA,NA,NA,NA,NA,NA,NA,NA,0,NA,NA,NA,NA,0,NA,NA,0,0,0,0,NA,NA,2014,NA,NA,41,1,Touchdown,2843,"12/14/14, 20:31:25",2014-12-15T03:36:15Z,Lincoln Financial Field,"Partly Cloudy Temp: 41° F, Humidity: 69%, Wind: NW 9 mph",10012014-1214-1333-37d5-82ac89e7c001,0,0,RUSH,0,NA,NA,NA,14,Touchdown,2014-12-15T03:34:37Z,3,1:04,2,1,1,3,3,4,FUMBLE,TOUCHDOWN,06:46,05:42,DAL 14,DAL 1,2790,2866,38,27,Home,-11,65,3.5,54.5,1,outdoors,grass,41,9,Chip Kelly,Jason Garrett,PHI00,Lincoln Financial Field,0,1,NA,NA,D.Sproles,43,NA,NA,0,1,1,0,1,NA,00-0023564,NA,D.Sproles,43,00-0023564,D.Sproles,00-0023564,D.Sproles,00-0023564,0,1,0.8188992266659625,NA,NA,NA,NA,NA,0.2913573384284973,-29.13573384284973,2014,Go for it,NA,NA,NA,NA,NA,NA,NA,NA,NA,NA,Punt
2866,2014_15_DAL_PHI,2014121413,PHI,DAL,REG,15,PHI,home,DAL,DAL,2,2014-12-14,342,1242,1242,Half2,0,13,1,3,NA,0,05:42,DAL 2,0,14,"1-C.Parkey extra point is GOOD, Center-46-J.Dorenbos, Holder-8-D.Jones.",extra_point,0,0,0,0,0,0,0,NA,NA,NA,NA,NA,NA,NA,20,good,NA,3,2,0,NA,NA,NA,NA,3,2,24,21,23,21,2,24,21,3,0,0,0,0,0,0,0,0.9892791668920077,0,0.9892791668920077,0.010720833107992322,0.8022080414230004,-0.8022080414230004,2.7404802427627146,-2.7404802427627146,2.500220420418496,-2.500220420418496,NA,NA,0,0,-3.7395191154209897,3.7395191154209897,0.23618205543607473,-0.23618205543607473,-6.652419370890129,6.652419370890129,3.8242541232585934,-3.8242541232585934,0.6413728372334053,0.3586271627665947,0.6413728372334053,0.3586271627665947,0.01141219575418928,0.01042164609490337,0.01042164609490337,0.6527850329875946,0.3472149670124054,0.6579525346988588,0.6579525346988588,0.05315567523499909,-0.05315567523499909,0.0963487837589303,-0.0963487837589303,NA,NA,0,0,-0.04424096754426565,0.04424096754426565,-0.06067445129156113,0.06067445129156113,-0.045842603954025174,0.045842603954025174,-0.015887029469013214,0.015887029469013214,0,0,0,0,0,0,0,0,0,0,0,0,0,0,0,0,0,0,0,0,0,0,0,0,0,0,0,0,0,0,0,0,0,0,0,0,0,0,0,1,0,0,0,0,0,0,0,0,0,0,0,NA,NA,NA,NA,NA,NA,NA,NA,NA,NA,NA,NA,NA,NA,NA,NA,NA,NA,NA,NA,NA,NA,NA,NA,NA,NA,NA,NA,NA,NA,NA,C.Parkey,00-0030850,NA,NA,NA,NA,NA,NA,NA,NA,NA,NA,NA,NA,NA,NA,NA,NA,NA,NA,NA,NA,NA,NA,NA,NA,NA,NA,NA,NA,NA,NA,NA,NA,NA,NA,NA,NA,0,NA,NA,NA,NA,NA,NA,NA,NA,NA,NA,NA,NA,NA,NA,NA,NA,NA,NA,NA,NA,NA,NA,NA,NA,NA,NA,NA,NA,NA,NA,NA,0,NA,NA,NA,NA,0,NA,NA,0,0,0,0,NA,NA,2014,NA,NA,41,1,Touchdown,2866,"12/14/14, 20:31:25",2014-12-15T03:36:57Z,Lincoln Financial Field,"Partly Cloudy Temp: 41° F, Humidity: 69%, Wind: NW 9 mph",10012014-1214-1333-37d5-82ac89e7c001,0,0,XP_KICK,1,NA,NA,NA,14,Touchdown,2014-12-15T03:34:37Z,3,1:04,2,1,1,3,3,4,FUMBLE,TOUCHDOWN,06:46,05:42,DAL 14,DAL 1,2790,2866,38,27,Home,-11,65,3.5,54.5,1,outdoors,grass,41,9,Chip Kelly,Jason Garrett,PHI00,Lincoln Financial Field,0,1,NA,NA,NA,NA,NA,NA,0,0,0,1,0,NA,NA,NA,NA,NA,NA,NA,NA,NA,NA,0,1,0.010720833107992322,NA,NA,NA,NA,NA,NA,NA,2014,Other,NA,NA,NA,NA,NA,NA,NA,NA,NA,NA,Punt
2882,2014_15_DAL_PHI,2014121413,PHI,DAL,REG,15,DAL,away,PHI,PHI,35,2014-12-14,342,1242,1242,Half2,0,14,0,3,NA,0,05:42,PHI 35,0,78,1-C.Parkey kicks 66 yards from PHI 35 to DAL -1. 17-D.Harris to DAL 22 for 23 yards (27-M.Jenkins).,kickoff,0,0,0,0,0,0,0,NA,NA,NA,NA,NA,NA,NA,66,NA,NA,3,2,0,NA,NA,NA,NA,2,3,24,21,21,24,-3,21,24,-3,0.02176308073103428,0.1627230942249298,0.0042800563387572765,0.28550517559051514,0.21815353631973267,0.003400461981073022,0.3041745722293854,0,0,0.29521791404113173,0.025733635760843754,0.7764744056621566,-0.7764744056621566,2.7404802427627146,-2.7404802427627146,2.500220420418496,-2.500220420418496,NA,NA,0,0,-3.7395191154209897,3.7395191154209897,0.23618205543607473,-0.23618205543607473,-6.652419370890129,6.652419370890129,3.8242541232585934,-3.8242541232585934,0.3472149670124054,0.6527850329875946,0.6527850329875946,0.3472149670124054,0.011083900928497314,0.009316354990005493,-0.009316354990005493,0.6417011320590973,0.3582988679409027,0.3316258192062378,0.6683741807937622,0.05315567523499909,-0.05315567523499909,0.0963487837589303,-0.0963487837589303,NA,NA,0,0,-0.04424096754426565,0.04424096754426565,-0.06067445129156113,0.06067445129156113,-0.045842603954025174,0.045842603954025174,-0.015887029469013214,0.015887029469013214,0,0,0,0,0,0,0,0,0,0,0,0,0,0,0,0,0,1,0,0,0,0,0,0,1,0,0,0,0,0,0,0,0,0,0,0,0,0,0,0,0,0,1,0,0,0,0,0,0,0,0,NA,NA,NA,NA,NA,NA,NA,NA,NA,NA,NA,NA,NA,NA,NA,NA,NA,NA,NA,NA,NA,NA,NA,NA,NA,D.Harris,00-0028114,NA,NA,NA,NA,C.Parkey,00-0030850,NA,NA,NA,NA,NA,NA,NA,NA,NA,NA,NA,NA,NA,NA,NA,NA,NA,NA,PHI,NA,00-0026990,NA,M.Jenkins,NA,NA,NA,NA,NA,NA,NA,NA,NA,NA,NA,NA,NA,0,NA,NA,NA,NA,NA,NA,NA,NA,NA,NA,NA,NA,NA,NA,NA,NA,NA,NA,NA,NA,NA,NA,NA,NA,NA,NA,NA,NA,NA,NA,DAL,23,NA,NA,NA,NA,0,NA,NA,0,0,0,0,NA,NA,2014,NA,NA,42,1,First down,2882,"12/14/14, 20:31:25",2014-12-15T03:39:15Z,Lincoln Financial Field,"Partly Cloudy Temp: 41° F, Humidity: 69%, Wind: NW 9 mph",10012014-1214-1333-37d5-82ac89e7c001,0,0,KICK_OFF,1,NA,NA,NA,15,Touchdown,2014-12-15T03:39:15Z,8,5:03,5,1,1,3,3,0,KICKOFF,TOUCHDOWN,05:42,00:39,DAL 22,PHI 2,2882,3077,38,27,Home,-11,65,3.5,54.5,1,outdoors,grass,41,9,Chip Kelly,Jason Garrett,PHI00,Lincoln Financial Field,0,1,NA,NA,NA,NA,NA,NA,0,0,0,1,0,NA,NA,NA,NA,NA,NA,NA,NA,NA,NA,0,1,0.025733635760843754,NA,NA,NA,NA,NA,NA,NA,2014,Other,NA,NA,NA,NA,NA,NA,NA,NA,NA,NA,Punt
2904,2014_15_DAL_PHI,2014121413,PHI,DAL,REG,15,DAL,away,PHI,DAL,78,2014-12-14,336,1236,1236,Half2,0,14,0,3,1,0,05:36,DAL 22,10,78,(5:36) 29-D.Murray right tackle to DAL 23 for 1 yard (93-B.Bair).,run,1,0,0,0,0,0,0,NA,NA,NA,NA,right,tackle,NA,NA,NA,NA,3,2,0,NA,NA,NA,NA,2,3,24,21,21,24,-3,21,24,-3,0.022419802844524384,0.15774734318256378,0.0044027529656887054,0.28575336933135986,0.2212565839290619,0.003887611674144864,0.304532527923584,0,0,0.3209515498019755,-0.46432255720719695,1.2407969628693536,-1.2407969628693536,3.2048027999699116,-3.2048027999699116,2.500220420418496,-2.500220420418496,NA,NA,0,0,-3.7395191154209897,3.7395191154209897,0.23618205543607473,-0.23618205543607473,-6.652419370890129,6.652419370890129,3.8242541232585934,-3.8242541232585934,0.3582988679409027,0.6417011320590973,0.6417011320590973,0.3582988679409027,-0.020278245210647583,-0.035624295473098755,0.035624295473098755,0.6619793772697449,0.3380206227302551,0.3409421741962433,0.6590578258037567,0.07343392044564667,-0.07343392044564667,0.0963487837589303,-0.0963487837589303,NA,NA,0,0,-0.04424096754426565,0.04424096754426565,-0.06067445129156113,0.06067445129156113,-0.045842603954025174,0.045842603954025174,-0.015887029469013214,0.015887029469013214,0,0,0,0,0,0,0,0,0,0,0,0,0,0,0,0,0,0,0,0,0,0,0,0,1,0,0,0,0,0,0,0,1,0,0,0,0,0,0,0,0,0,0,0,0,0,0,0,0,0,0,NA,NA,NA,NA,NA,NA,00-0028009,D.Murray,1,NA,NA,NA,NA,NA,NA,NA,NA,NA,NA,NA,NA,NA,NA,NA,NA,NA,NA,NA,NA,NA,NA,NA,NA,NA,NA,NA,NA,NA,NA,NA,NA,NA,NA,NA,NA,NA,NA,NA,NA,NA,NA,PHI,NA,00-0028311,NA,B.Bair,NA,NA,NA,NA,NA,NA,NA,NA,NA,NA,NA,NA,NA,0,NA,NA,NA,NA,NA,NA,NA,NA,NA,NA,NA,NA,NA,NA,NA,NA,NA,NA,NA,NA,NA,NA,NA,NA,NA,NA,NA,NA,NA,NA,NA,0,NA,NA,NA,NA,0,NA,NA,0,0,0,0,NA,NA,2014,NA,NA,42,1,First down,2904,"12/14/14, 20:31:25",2014-12-15T03:40:06Z,Lincoln Financial Field,"Partly Cloudy Temp: 41° F, Humidity: 69%, Wind: NW 9 mph",10012014-1214-1333-37d5-82ac89e7c001,0,0,RUSH,0,NA,NA,NA,15,Touchdown,2014-12-15T03:39:15Z,8,5:03,5,1,1,3,3,0,KICKOFF,TOUCHDOWN,05:42,00:39,DAL 22,PHI 2,2882,3077,38,27,Home,-11,65,3.5,54.5,1,outdoors,grass,41,9,Chip Kelly,Jason Garrett,PHI00,Lincoln Financial Field,0,0,NA,NA,D.Murray,29,NA,NA,0,1,0,0,1,NA,00-0028009,NA,D.Murray,29,00-0028009,D.Murray,00-0028009,D.Murray,00-0028009,0,1,-0.46432255720719695,NA,NA,NA,NA,NA,0.4968600869178772,-49.68600869178772,2014,Go for it,NA,NA,NA,NA,NA,NA,NA,NA,NA,NA,Punt
2925,2014_15_DAL_PHI,2014121413,PHI,DAL,REG,15,DAL,away,PHI,DAL,77,2014-12-14,294,1194,1194,Half2,0,14,0,3,2,0,04:54,DAL 23,9,78,(4:54) (Shotgun) 9-T.Romo pass deep right to 88-D.Bryant to DAL 45 for 22 yards (24-B.Fletcher).,pass,22,1,0,1,0,0,0,deep,right,17,5,NA,NA,NA,NA,NA,NA,3,2,0,NA,NA,NA,NA,2,3,24,21,21,24,-3,21,24,-3,0.023202618584036827,0.1668887883424759,0.004715638235211372,0.31562814116477966,0.20783750712871552,0.0038960487581789494,0.2778312861919403,0,0,-0.14337100740522146,2.0985560743138194,-0.8577591114444658,0.8577591114444658,3.2048027999699116,-3.2048027999699116,0.40166434610467694,-0.40166434610467694,1.6939980364404619,0.40455803787335753,1.6939980364404619,0.40455803787335753,-5.433517151861452,5.433517151861452,-0.1683759824372828,0.1683759824372828,-8.346417407330591,8.346417407330591,3.419696085385236,-3.419696085385236,0.3380206227302551,0.6619793772697449,0.6619793772697449,0.3380206227302551,0.06496042013168335,0.0466841459274292,-0.0466841459274292,0.5970189571380615,0.4029810428619385,0.30531787872314453,0.6946821212768555,0.07343392044564667,-0.07343392044564667,0.03138836362724695,-0.03138836362724695,0,0.06496042013168335,0,0.06496042013168335,-0.04424096754426565,0.04424096754426565,-0.12563487142324448,0.12563487142324448,-0.045842603954025174,0.045842603954025174,-0.08084744960069656,0.08084744960069656,0,0,1,0,0,0,0,0,0,0,0,0,0,0,0,0,0,0,0,0,0,0,0,0,1,0,0,0,0,0,0,0,0,1,0,0,0,0,0,0,0,0,0,0,0,1,0,0,0,0,0,00-0021678,T.Romo,22,00-0027902,D.Bryant,22,NA,NA,NA,NA,NA,NA,NA,NA,NA,NA,NA,NA,NA,NA,NA,NA,NA,NA,NA,NA,NA,NA,NA,NA,NA,NA,NA,NA,NA,NA,NA,NA,NA,NA,NA,NA,NA,NA,NA,NA,NA,NA,NA,NA,NA,PHI,NA,00-0027041,NA,B.Fletcher,NA,NA,NA,NA,NA,NA,NA,NA,NA,NA,NA,NA,NA,0,NA,NA,NA,NA,NA,NA,NA,NA,NA,NA,NA,NA,NA,NA,NA,NA,NA,NA,NA,NA,NA,NA,NA,NA,NA,NA,NA,NA,NA,NA,NA,0,NA,NA,NA,NA,0,NA,NA,0,0,0,0,NA,NA,2014,0.5504835247993469,44.95164752006531,42,1,First down,2925,"12/14/14, 20:31:25",2014-12-15T03:40:48Z,Lincoln Financial Field,"Partly Cloudy Temp: 41° F, Humidity: 69%, Wind: NW 9 mph",10012014-1214-1333-37d5-82ac89e7c001,0,0,PASS,0,NA,NA,NA,15,Touchdown,2014-12-15T03:39:15Z,8,5:03,5,1,1,3,3,0,KICKOFF,TOUCHDOWN,05:42,00:39,DAL 22,PHI 2,2882,3077,38,27,Home,-11,65,3.5,54.5,1,outdoors,grass,41,9,Chip Kelly,Jason Garrett,PHI00,Lincoln Financial Field,0,1,T.Romo,9,NA,NA,D.Bryant,88,1,0,1,0,1,00-0021678,NA,00-0027902,T.Romo,9,00-0021678,D.Bryant,00-0027902,D.Bryant,00-0027902,0,1,2.0985560743138194,0.3284271536531702,4.0416639063478215,2,1,1,0.7542861104011536,24.571388959884644,2014,Go for it,NA,NA,NA,NA,NA,NA,NA,NA,NA,NA,Punt
2949,2014_15_DAL_PHI,2014121413,PHI,DAL,REG,15,DAL,away,PHI,DAL,55,2014-12-14,250,1150,1150,Half2,0,14,0,3,1,0,04:10,DAL 45,10,78,(4:10) (Shotgun) 9-T.Romo pass short right to 82-J.Witten ran ob at PHI 44 for 11 yards (98-C.Barwin) [95-M.Kendricks].,pass,11,1,0,1,0,0,0,short,right,4,7,NA,NA,NA,NA,NA,NA,3,2,0,NA,NA,NA,NA,2,3,24,21,21,24,-3,21,24,-3,0.023258699104189873,0.1038784384727478,0.0017024697735905647,0.18831728398799896,0.29225921630859375,0.004483724944293499,0.386100172996521,0,0,1.955185066908598,0.78737732488662,-1.6451364363310859,1.6451364363310859,3.2048027999699116,-3.2048027999699116,-0.3857129787819431,0.3857129787819431,-0.001673492370173335,0.7890508172567934,-0.001673492370173335,0.7890508172567934,-5.431843659491278,5.431843659491278,-0.9574267996940762,0.9574267996940762,-8.344743914960418,8.344743914960418,2.6306452681284425,-2.6306452681284425,0.4029810428619385,0.5970189571380615,0.5970189571380615,0.4029810428619385,0.0571456253528595,0.03492787480354309,-0.03492787480354309,0.539873331785202,0.460126668214798,0.35200202465057373,0.6479979753494263,0.07343392044564667,-0.07343392044564667,-0.025757261725612546,0.025757261725612546,0,0.0571456253528595,0,0.0571456253528595,-0.04424096754426565,0.04424096754426565,-0.18278049677610397,0.18278049677610397,-0.045842603954025174,0.045842603954025174,-0.13799307495355606,0.13799307495355606,0,0,1,0,0,0,0,0,0,0,0,0,0,0,0,0,0,0,0,0,0,0,0,0,1,0,0,0,0,0,0,1,0,1,0,0,0,0,0,0,0,0,0,0,0,1,0,0,0,0,0,00-0021678,T.Romo,11,00-0022127,J.Witten,11,NA,NA,NA,NA,NA,NA,NA,NA,NA,NA,NA,NA,NA,NA,NA,NA,NA,NA,NA,NA,NA,NA,NA,NA,NA,NA,NA,NA,NA,NA,NA,NA,NA,NA,NA,00-0029409,M.Kendricks,NA,NA,NA,NA,NA,NA,NA,NA,PHI,NA,00-0027022,NA,C.Barwin,NA,NA,NA,NA,NA,NA,NA,NA,NA,NA,NA,NA,NA,0,NA,NA,NA,NA,NA,NA,NA,NA,NA,NA,NA,NA,NA,NA,NA,NA,NA,NA,NA,NA,NA,NA,NA,NA,NA,NA,NA,NA,NA,NA,NA,0,NA,NA,NA,NA,0,NA,NA,0,0,0,0,NA,NA,2014,0.5016272664070129,49.837273359298706,43,1,First down,2949,"12/14/14, 20:31:25",2014-12-15T03:41:32Z,Lincoln Financial Field,"Partly Cloudy Temp: 41° F, Humidity: 69%, Wind: NW 9 mph",10012014-1214-1333-37d5-82ac89e7c001,0,0,PASS,0,NA,NA,NA,15,Touchdown,2014-12-15T03:39:15Z,8,5:03,5,1,1,3,3,0,KICKOFF,TOUCHDOWN,05:42,00:39,DAL 22,PHI 2,2882,3077,38,27,Home,-11,65,3.5,54.5,1,outdoors,grass,41,9,Chip Kelly,Jason Garrett,PHI00,Lincoln Financial Field,0,1,T.Romo,9,NA,NA,J.Witten,82,1,0,1,0,1,00-0021678,NA,00-0022127,T.Romo,9,00-0021678,J.Witten,00-0022127,J.Witten,00-0022127,1,1,0.78737732488662,0.4826370688751781,4.129933409160003,2,0.7405660519725643,0.24284802324837074,0.49372005462646484,50.627994537353516,2014,Go for it,NA,NA,NA,NA,NA,NA,NA,NA,NA,NA,Punt
2973,2014_15_DAL_PHI,2014121413,PHI,DAL,REG,15,DAL,away,PHI,PHI,44,2014-12-14,222,1122,1122,Half2,0,14,0,3,1,0,03:42,PHI 44,10,78,(3:42) 29-D.Murray up the middle to PHI 44 for no gain (51-E.Acho).,run,0,0,0,0,0,0,0,NA,NA,NA,NA,middle,NA,NA,NA,NA,NA,3,2,0,NA,NA,NA,NA,2,3,24,21,21,24,-3,21,24,-3,0.018009912222623825,0.07832983881235123,0.001245519146323204,0.137690007686615,0.34717854857444763,0.004097214434295893,0.4134489893913269,0,0,2.742562391795218,-0.4826801468152553,-1.1624562895158306,1.1624562895158306,3.687482946785167,-3.687482946785167,-0.3857129787819431,0.3857129787819431,NA,NA,0,0,-5.431843659491278,5.431843659491278,-0.9574267996940762,0.9574267996940762,-8.344743914960418,8.344743914960418,2.6306452681284425,-2.6306452681284425,0.460126668214798,0.539873331785202,0.539873331785202,0.460126668214798,-0.01883968710899353,-0.019446372985839844,0.019446372985839844,0.5587130188941956,0.44128698110580444,0.3869298994541168,0.6130701005458832,0.0922736075546402,-0.0922736075546402,-0.025757261725612546,0.025757261725612546,NA,NA,0,0,-0.04424096754426565,0.04424096754426565,-0.18278049677610397,0.18278049677610397,-0.045842603954025174,0.045842603954025174,-0.13799307495355606,0.13799307495355606,0,0,0,0,0,0,0,0,0,0,0,0,0,0,0,0,0,0,0,0,0,0,0,0,1,0,0,0,0,0,0,0,1,0,0,0,0,0,0,0,0,0,0,0,0,0,0,0,0,0,0,NA,NA,NA,NA,NA,NA,00-0028009,D.Murray,0,NA,NA,NA,NA,NA,NA,NA,NA,NA,NA,NA,NA,NA,NA,NA,NA,NA,NA,NA,NA,NA,NA,NA,NA,NA,NA,NA,NA,NA,NA,NA,NA,NA,NA,NA,NA,NA,NA,NA,NA,NA,NA,PHI,NA,00-0029428,NA,E.Acho,NA,NA,NA,NA,NA,NA,NA,NA,NA,NA,NA,NA,NA,0,NA,NA,NA,NA,NA,NA,NA,NA,NA,NA,NA,NA,NA,NA,NA,NA,NA,NA,NA,NA,NA,NA,NA,NA,NA,NA,NA,NA,NA,NA,NA,0,NA,NA,NA,NA,0,NA,NA,0,0,0,0,NA,NA,2014,NA,NA,44,1,First down,2973,"12/14/14, 20:31:25",2014-12-15T03:42:15Z,Lincoln Financial Field,"Partly Cloudy Temp: 41° F, Humidity: 69%, Wind: NW 9 mph",10012014-1214-1333-37d5-82ac89e7c001,0,0,RUSH,0,NA,NA,NA,15,Touchdown,2014-12-15T03:39:15Z,8,5:03,5,1,1,3,3,0,KICKOFF,TOUCHDOWN,05:42,00:39,DAL 22,PHI 2,2882,3077,38,27,Home,-11,65,3.5,54.5,1,outdoors,grass,41,9,Chip Kelly,Jason Garrett,PHI00,Lincoln Financial Field,0,0,NA,NA,D.Murray,29,NA,NA,0,1,0,0,1,NA,00-0028009,NA,D.Murray,29,00-0028009,D.Murray,00-0028009,D.Murray,00-0028009,0,1,-0.4826801468152553,NA,NA,NA,NA,NA,0.48320919275283813,-48.32091927528381,2014,Go for it,NA,NA,NA,NA,NA,NA,NA,NA,NA,NA,Punt
2994,2014_15_DAL_PHI,2014121413,PHI,DAL,REG,15,DAL,away,PHI,PHI,44,2014-12-14,181,1081,1081,Half2,0,14,0,3,2,0,03:01,PHI 44,10,78,(3:01) 29-D.Murray left guard to PHI 23 for 21 yards (27-M.Jenkins).,run,21,0,0,0,0,0,0,NA,NA,NA,NA,left,guard,NA,NA,NA,NA,3,2,0,NA,NA,NA,NA,2,3,24,21,21,24,-3,21,24,-3,0.023392057046294212,0.0938677042722702,0.0013028235407546163,0.16155461966991425,0.3353792428970337,0.004537882283329964,0.3799656927585602,0,0,2.2598822449799627,1.935549222980626,-3.0980055124964565,3.0980055124964565,1.751933723804541,-1.751933723804541,-0.3857129787819431,0.3857129787819431,NA,NA,0,0,-5.431843659491278,5.431843659491278,-0.9574267996940762,0.9574267996940762,-8.344743914960418,8.344743914960418,2.6306452681284425,-2.6306452681284425,0.44128698110580444,0.5587130188941956,0.5587130188941956,0.44128698110580444,0.09329879283905029,0.08019772171974182,-0.08019772171974182,0.46541422605514526,0.5345857739448547,0.367483526468277,0.632516473531723,-0.0010251852844100906,0.0010251852844100906,-0.025757261725612546,0.025757261725612546,NA,NA,0,0,-0.04424096754426565,0.04424096754426565,-0.18278049677610397,0.18278049677610397,-0.045842603954025174,0.045842603954025174,-0.13799307495355606,0.13799307495355606,0,1,0,0,0,0,0,0,0,0,0,0,0,0,0,0,0,0,0,0,0,0,0,0,1,0,0,0,0,0,0,0,1,0,0,0,0,0,0,0,0,0,0,0,0,0,0,0,0,0,0,NA,NA,NA,NA,NA,NA,00-0028009,D.Murray,21,NA,NA,NA,NA,NA,NA,NA,NA,NA,NA,NA,NA,NA,NA,NA,NA,NA,NA,NA,NA,NA,NA,NA,NA,NA,NA,NA,NA,NA,NA,NA,NA,NA,NA,NA,NA,NA,NA,NA,NA,NA,NA,PHI,NA,00-0026990,NA,M.Jenkins,NA,NA,NA,NA,NA,NA,NA,NA,NA,NA,NA,NA,NA,0,NA,NA,NA,NA,NA,NA,NA,NA,NA,NA,NA,NA,NA,NA,NA,NA,NA,NA,NA,NA,NA,NA,NA,NA,NA,NA,NA,NA,NA,NA,NA,0,NA,NA,NA,NA,0,NA,NA,0,0,0,0,NA,NA,2014,NA,NA,44,1,First down,2994,"12/14/14, 20:31:25",2014-12-15T03:42:55Z,Lincoln Financial Field,"Partly Cloudy Temp: 41° F, Humidity: 69%, Wind: NW 9 mph",10012014-1214-1333-37d5-82ac89e7c001,0,0,RUSH,0,NA,NA,NA,15,Touchdown,2014-12-15T03:39:15Z,8,5:03,5,1,1,3,3,0,KICKOFF,TOUCHDOWN,05:42,00:39,DAL 22,PHI 2,2882,3077,38,27,Home,-11,65,3.5,54.5,1,outdoors,grass,41,9,Chip Kelly,Jason Garrett,PHI00,Lincoln Financial Field,0,1,NA,NA,D.Murray,29,NA,NA,0,1,1,0,1,NA,00-0028009,NA,D.Murray,29,00-0028009,D.Murray,00-0028009,D.Murray,00-0028009,0,1,1.935549222980626,NA,NA,NA,NA,NA,0.6055182814598083,-60.551828145980835,2014,Go for it,NA,NA,NA,NA,NA,NA,NA,NA,NA,NA,Punt
3015,2014_15_DAL_PHI,2014121413,PHI,DAL,REG,15,DAL,away,PHI,PHI,23,2014-12-14,135,1035,1035,Half2,0,14,0,3,1,0,02:15,PHI 23,10,78,(2:15) 29-D.Murray right guard to PHI 24 for -1 yards (96-B.Logan).,run,-1,0,0,0,0,0,0,NA,NA,NA,NA,right,guard,NA,NA,NA,NA,3,2,0,NA,NA,NA,NA,2,3,24,21,21,24,-3,21,24,-3,0.009805846959352493,0.03208049386739731,5.833347677253187e-4,0.050738994032144547,0.42354723811149597,0.0010676378151401877,0.4821765124797821,0,0,4.195431467960589,-0.6495481422170997,-2.448457370279357,2.448457370279357,2.4014818660216406,-2.4014818660216406,-0.3857129787819431,0.3857129787819431,NA,NA,0,0,-5.431843659491278,5.431843659491278,-0.9574267996940762,0.9574267996940762,-8.344743914960418,8.344743914960418,2.6306452681284425,-2.6306452681284425,0.5345857739448547,0.46541422605514526,0.46541422605514526,0.5345857739448547,-0.052451372146606445,-0.022920578718185425,0.022920578718185425,0.5178655982017517,0.4821344017982483,0.4476812481880188,0.5523187518119812,0.051426186862196355,-0.051426186862196355,-0.025757261725612546,0.025757261725612546,NA,NA,0,0,-0.04424096754426565,0.04424096754426565,-0.18278049677610397,0.18278049677610397,-0.045842603954025174,0.045842603954025174,-0.13799307495355606,0.13799307495355606,0,0,0,0,0,0,0,0,0,0,0,0,0,0,0,0,0,0,0,0,0,0,0,0,1,0,0,1,0,0,0,0,1,0,0,0,0,0,0,0,0,0,0,0,0,0,0,0,0,0,0,NA,NA,NA,NA,NA,NA,00-0028009,D.Murray,-1,NA,NA,NA,NA,NA,NA,NA,NA,NA,NA,NA,NA,NA,NA,NA,NA,NA,NA,NA,NA,NA,NA,NA,NA,NA,NA,NA,NA,00-0030507,B.Logan,NA,NA,NA,NA,NA,NA,NA,NA,NA,NA,NA,NA,PHI,NA,00-0030507,NA,B.Logan,NA,NA,NA,NA,NA,NA,NA,NA,NA,NA,NA,NA,NA,0,NA,NA,NA,NA,NA,NA,NA,NA,NA,NA,NA,NA,NA,NA,NA,NA,NA,NA,NA,NA,NA,NA,NA,NA,NA,NA,NA,NA,NA,NA,NA,0,NA,NA,NA,NA,0,NA,NA,0,0,0,0,NA,NA,2014,NA,NA,45,1,First down,3015,"12/14/14, 20:31:25",2014-12-15T03:43:42Z,Lincoln Financial Field,"Partly Cloudy Temp: 41° F, Humidity: 69%, Wind: NW 9 mph",10012014-1214-1333-37d5-82ac89e7c001,0,0,RUSH,0,NA,NA,NA,15,Touchdown,2014-12-15T03:39:15Z,8,5:03,5,1,1,3,3,0,KICKOFF,TOUCHDOWN,05:42,00:39,DAL 22,PHI 2,2882,3077,38,27,Home,-11,65,3.5,54.5,1,outdoors,grass,41,9,Chip Kelly,Jason Garrett,PHI00,Lincoln Financial Field,0,0,NA,NA,D.Murray,29,NA,NA,0,1,0,0,1,NA,00-0028009,NA,D.Murray,29,00-0028009,D.Murray,00-0028009,D.Murray,00-0028009,0,1,-0.6495481422170997,NA,NA,NA,NA,NA,0.4371420443058014,-43.71420443058014,2014,Go for it,NA,NA,NA,NA,NA,NA,NA,NA,NA,NA,Punt
3036,2014_15_DAL_PHI,2014121413,PHI,DAL,REG,15,DAL,away,PHI,PHI,24,2014-12-14,97,997,997,Half2,0,14,0,3,2,0,01:37,PHI 24,11,78,(1:37) (Shotgun) 9-T.Romo pass short right to 88-D.Bryant to PHI 2 for 22 yards (27-M.Jenkins).,pass,22,1,0,1,0,0,0,short,right,14,8,NA,NA,NA,NA,NA,NA,3,2,0,NA,NA,NA,NA,2,3,24,21,21,24,-3,21,24,-3,0.010422910563647747,0.03354820981621742,7.807973888702691e-4,0.05643145367503166,0.5608206987380981,0.0010647231247276068,0.33693116903305054,0,0,3.545883325743489,2.6528553731623106,-5.101312743441667,5.101312743441667,2.4014818660216406,-2.4014818660216406,-3.038568351944254,3.038568351944254,1.4089155729161575,1.243939800246153,1.4089155729161575,1.243939800246153,-6.840759232407436,6.840759232407436,-2.201366599940229,2.201366599940229,-9.753659487876575,9.753659487876575,1.3867054678822894,-1.3867054678822894,0.4821344017982483,0.5178655982017517,0.5178655982017517,0.4821344017982483,0.10440921783447266,0.12332668900489807,-0.12332668900489807,0.41345638036727905,0.586543619632721,0.4247606694698334,0.5752393305301666,0.051426186862196355,-0.051426186862196355,-0.1301664795600852,0.1301664795600852,0,0.10440921783447266,0,0.10440921783447266,-0.04424096754426565,0.04424096754426565,-0.28718971461057663,0.28718971461057663,-0.045842603954025174,0.045842603954025174,-0.24240229278802872,0.24240229278802872,0,0,1,0,0,0,0,0,0,0,0,0,0,0,0,0,0,0,0,0,0,0,0,0,1,0,0,0,0,0,0,0,0,1,0,0,0,0,0,0,0,0,0,0,0,1,0,0,0,0,0,00-0021678,T.Romo,22,00-0027902,D.Bryant,22,NA,NA,NA,NA,NA,NA,NA,NA,NA,NA,NA,NA,NA,NA,NA,NA,NA,NA,NA,NA,NA,NA,NA,NA,NA,NA,NA,NA,NA,NA,NA,NA,NA,NA,NA,NA,NA,NA,NA,NA,NA,NA,NA,NA,NA,PHI,NA,00-0026990,NA,M.Jenkins,NA,NA,NA,NA,NA,NA,NA,NA,NA,NA,NA,NA,NA,0,NA,NA,NA,NA,NA,NA,NA,NA,NA,NA,NA,NA,NA,NA,NA,NA,NA,NA,NA,NA,NA,NA,NA,NA,NA,NA,NA,NA,NA,NA,NA,0,NA,NA,NA,NA,0,NA,NA,0,0,0,0,NA,NA,2014,0.48494040966033936,51.505959033966064,45,1,First down,3036,"12/14/14, 20:31:25",2014-12-15T03:44:19Z,Lincoln Financial Field,"Partly Cloudy Temp: 41° F, Humidity: 69%, Wind: NW 9 mph",10012014-1214-1333-37d5-82ac89e7c001,0,0,PASS,0,NA,NA,NA,15,Touchdown,2014-12-15T03:39:15Z,8,5:03,5,1,1,3,3,0,KICKOFF,TOUCHDOWN,05:42,00:39,DAL 22,PHI 2,2882,3077,38,27,Home,-11,65,3.5,54.5,1,outdoors,grass,41,9,Chip Kelly,Jason Garrett,PHI00,Lincoln Financial Field,0,1,T.Romo,9,NA,NA,D.Bryant,88,1,0,1,0,1,00-0021678,NA,00-0027902,T.Romo,9,00-0021678,D.Bryant,00-0027902,D.Bryant,00-0027902,0,1,2.6528553731623106,0.43977810281195295,2.5895881104515865,1,1,0.9990314384631347,0.8332575559616089,16.67424440383911,2014,Go for it,NA,NA,NA,NA,NA,NA,NA,NA,NA,NA,Punt
3060,2014_15_DAL_PHI,2014121413,PHI,DAL,REG,15,DAL,away,PHI,PHI,2,2014-12-14,50,950,950,Half2,0,14,1,3,1,1,00:50,PHI 2,2,78,"(:50) 29-D.Murray up the middle for 2 yards, TOUCHDOWN.",run,2,0,0,0,0,0,0,NA,NA,NA,NA,middle,NA,NA,NA,NA,NA,3,2,0,NA,DAL,D.Murray,00-0028009,2,3,24,27,21,24,-3,27,24,3,0.0057907444424927235,0.010233726352453232,2.6254550903104246e-4,0.013562172651290894,0.1149524673819542,0.0012691119918599725,0.8539292216300964,0,0,6.1987386989057995,0.8012613010942005,-5.902574044535868,5.902574044535868,1.6002205649274401,-1.6002205649274401,-3.038568351944254,3.038568351944254,NA,NA,0,0,-6.840759232407436,6.840759232407436,-2.201366599940229,2.201366599940229,-9.753659487876575,9.753659487876575,1.3867054678822894,-1.3867054678822894,0.586543619632721,0.41345638036727905,0.41345638036727905,0.586543619632721,0.04601863727027766,0.040499271412432036,-0.040499271412432036,0.3674377430970014,0.6325622569029986,0.5480873584747314,0.45191264152526855,0.005407549591918692,-0.005407549591918692,-0.1301664795600852,0.1301664795600852,NA,NA,0,0,-0.04424096754426565,0.04424096754426565,-0.28718971461057663,0.28718971461057663,-0.045842603954025174,0.045842603954025174,-0.24240229278802872,0.24240229278802872,0,1,0,0,0,0,0,0,0,0,0,0,0,0,0,0,0,0,0,0,0,0,0,0,0,0,0,0,0,0,0,0,1,0,0,1,0,1,0,0,0,0,0,0,0,0,0,0,0,0,0,NA,NA,NA,NA,NA,NA,00-0028009,D.Murray,2,NA,NA,NA,NA,NA,NA,NA,NA,NA,NA,NA,NA,NA,NA,NA,NA,NA,NA,NA,NA,NA,NA,NA,NA,NA,NA,NA,NA,NA,NA,NA,NA,NA,NA,NA,NA,NA,NA,NA,NA,NA,NA,NA,NA,NA,NA,NA,NA,NA,NA,NA,NA,NA,NA,NA,NA,NA,NA,NA,NA,0,NA,NA,NA,NA,NA,NA,NA,NA,NA,NA,NA,NA,NA,NA,NA,NA,NA,NA,NA,NA,NA,NA,NA,NA,NA,NA,NA,NA,NA,NA,NA,0,NA,NA,NA,NA,0,NA,NA,0,0,0,0,NA,NA,2014,NA,NA,46,1,Touchdown,3060,"12/14/14, 20:31:25",2014-12-15T03:45:06Z,Lincoln Financial Field,"Partly Cloudy Temp: 41° F, Humidity: 69%, Wind: NW 9 mph",10012014-1214-1333-37d5-82ac89e7c001,0,0,RUSH,0,NA,NA,NA,15,Touchdown,2014-12-15T03:39:15Z,8,5:03,5,1,1,3,3,0,KICKOFF,TOUCHDOWN,05:42,00:39,DAL 22,PHI 2,2882,3077,38,27,Home,-11,65,3.5,54.5,1,outdoors,grass,41,9,Chip Kelly,Jason Garrett,PHI00,Lincoln Financial Field,0,1,NA,NA,D.Murray,29,NA,NA,0,1,1,0,1,NA,00-0028009,NA,D.Murray,29,00-0028009,D.Murray,00-0028009,D.Murray,00-0028009,0,1,0.8012613010942005,NA,NA,NA,NA,NA,0.342844158411026,-34.2844158411026,2014,Go for it,NA,NA,NA,NA,NA,NA,NA,NA,NA,NA,Punt
3077,2014_15_DAL_PHI,2014121413,PHI,DAL,REG,15,DAL,away,PHI,PHI,2,2014-12-14,39,939,939,Half2,0,14,1,3,NA,0,00:39,PHI 2,0,78,"5-D.Bailey extra point is GOOD, Center-91-L.Ladouceur, Holder-6-C.Jones. PENALTY on PHI-23-N.Carroll, Unnecessary Roughness, 15 yards, enforced between downs.",extra_point,0,0,0,0,0,0,0,NA,NA,NA,NA,NA,NA,NA,20,good,NA,3,2,0,NA,NA,NA,NA,2,3,24,28,27,24,3,28,24,4,0,0,0,0,0,0,0,0.9892791668920077,0,0.9892791668920077,0.010720833107992322,-5.91329487764386,5.91329487764386,1.6002205649274401,-1.6002205649274401,-3.038568351944254,3.038568351944254,NA,NA,0,0,-6.840759232407436,6.840759232407436,-2.201366599940229,2.201366599940229,-9.753659487876575,9.753659487876575,1.3867054678822894,-1.3867054678822894,0.6325622569029986,0.3674377430970014,0.3674377430970014,0.6325622569029986,0.007122092395478563,0.003942011336743989,-0.003942011336743989,0.3603156507015228,0.6396843492984772,0.5885866298871635,0.4114133701128365,0.005407549591918692,-0.005407549591918692,-0.1301664795600852,0.1301664795600852,NA,NA,0,0,-0.04424096754426565,0.04424096754426565,-0.28718971461057663,0.28718971461057663,-0.045842603954025174,0.045842603954025174,-0.24240229278802872,0.24240229278802872,0,0,0,0,0,0,0,0,0,0,0,0,0,0,0,0,0,0,0,0,0,0,0,0,0,0,1,0,0,0,0,0,0,0,0,0,0,0,0,1,0,0,0,0,0,0,0,0,0,0,0,NA,NA,NA,NA,NA,NA,NA,NA,NA,NA,NA,NA,NA,NA,NA,NA,NA,NA,NA,NA,NA,NA,NA,NA,NA,NA,NA,NA,NA,NA,NA,D.Bailey,00-0028660,NA,NA,NA,NA,NA,NA,NA,NA,NA,NA,NA,NA,NA,NA,NA,NA,NA,NA,NA,NA,NA,NA,NA,NA,NA,NA,NA,NA,NA,NA,NA,NA,NA,NA,NA,NA,0,NA,NA,NA,NA,NA,NA,NA,NA,NA,NA,NA,NA,NA,NA,NA,NA,NA,NA,NA,NA,NA,NA,NA,NA,NA,NA,NA,NA,NA,NA,NA,0,PHI,00-0027744,N.Carroll,15,0,NA,Unnecessary Roughness,0,0,0,0,NA,NA,2014,NA,NA,46,1,Touchdown,3077,"12/14/14, 20:31:25",2014-12-15T03:46:01Z,Lincoln Financial Field,"Partly Cloudy Temp: 41° F, Humidity: 69%, Wind: NW 9 mph",10012014-1214-1333-37d5-82ac89e7c001,0,0,XP_KICK,1,NA,NA,NA,15,Touchdown,2014-12-15T03:39:15Z,8,5:03,5,1,1,3,3,0,KICKOFF,TOUCHDOWN,05:42,00:39,DAL 22,PHI 2,2882,3077,38,27,Home,-11,65,3.5,54.5,1,outdoors,grass,41,9,Chip Kelly,Jason Garrett,PHI00,Lincoln Financial Field,0,1,NA,NA,NA,NA,NA,NA,0,0,0,1,0,NA,NA,NA,NA,NA,NA,NA,NA,NA,NA,0,1,0.010720833107992322,NA,NA,NA,NA,NA,NA,NA,2014,Other,NA,NA,NA,NA,NA,NA,NA,NA,NA,NA,Punt
3093,2014_15_DAL_PHI,2014121413,PHI,DAL,REG,15,PHI,home,DAL,50,50,2014-12-14,39,939,939,Half2,0,15,0,3,NA,0,00:39,MID 50,0,3,5-D.Bailey kicks 44 yards from 50 to PHI 6. 11-J.Huff to PHI 21 for 15 yards (42-B.Church).,kickoff,0,0,0,0,0,0,0,NA,NA,NA,NA,NA,NA,NA,44,NA,NA,3,2,0,NA,NA,NA,NA,3,2,24,28,24,28,-4,24,28,-4,0.04750188812613487,0.17718495428562164,0.0034631735179573298,0.21672430634498596,0.2093932330608368,0.00278324238024652,0.3429492115974426,0,0,0.9788393108174205,0.007741497363895178,-5.905553380279965,5.905553380279965,1.6002205649274401,-1.6002205649274401,-3.038568351944254,3.038568351944254,NA,NA,0,0,-6.840759232407436,6.840759232407436,-2.201366599940229,2.201366599940229,-9.753659487876575,9.753659487876575,1.3867054678822894,-1.3867054678822894,0.3603156507015228,0.6396843492984772,0.3603156507015228,0.6396843492984772,0,-0.00555536150932312,-0.00555536150932312,0.3603156507015228,0.6396843492984772,0.40747135877609253,0.40747135877609253,0.005407549591918692,-0.005407549591918692,-0.1301664795600852,0.1301664795600852,NA,NA,0,0,-0.04424096754426565,0.04424096754426565,-0.28718971461057663,0.28718971461057663,-0.045842603954025174,0.045842603954025174,-0.24240229278802872,0.24240229278802872,0,0,0,0,0,0,0,0,0,0,0,0,0,0,0,0,0,0,0,0,0,0,0,0,1,0,0,0,0,0,0,0,0,0,0,0,0,0,0,0,0,0,1,0,0,0,0,0,0,0,0,NA,NA,NA,NA,NA,NA,NA,NA,NA,NA,NA,NA,NA,NA,NA,NA,NA,NA,NA,NA,NA,NA,NA,NA,NA,J.Huff,00-0030990,NA,NA,NA,NA,D.Bailey,00-0028660,NA,NA,NA,NA,NA,NA,NA,NA,NA,NA,NA,NA,NA,NA,NA,NA,NA,NA,DAL,NA,00-0027416,NA,B.Church,NA,NA,NA,NA,NA,NA,NA,NA,NA,NA,NA,NA,NA,0,NA,NA,NA,NA,NA,NA,NA,NA,NA,NA,NA,NA,NA,NA,NA,NA,NA,NA,NA,NA,NA,NA,NA,NA,NA,NA,NA,NA,NA,NA,PHI,15,NA,NA,NA,NA,0,NA,NA,0,0,0,0,NA,NA,2014,NA,NA,47,0,Turnover,3093,"12/14/14, 20:31:25",2014-12-15T03:48:50Z,Lincoln Financial Field,"Partly Cloudy Temp: 41° F, Humidity: 69%, Wind: NW 9 mph",10012014-1214-1333-37d5-82ac89e7c001,0,0,KICK_OFF,1,NA,NA,NA,16,Turnover,2014-12-15T03:48:50Z,3,0:39,0,0,0,3,3,0,KICKOFF,INTERCEPTION,00:39,00:00,PHI 21,PHI 24,3093,3170,38,27,Home,-11,65,3.5,54.5,1,outdoors,grass,41,9,Chip Kelly,Jason Garrett,PHI00,Lincoln Financial Field,0,1,NA,NA,NA,NA,NA,NA,0,0,0,1,0,NA,NA,NA,NA,NA,NA,NA,NA,NA,NA,0,1,0.007741497363895178,NA,NA,NA,NA,NA,NA,NA,2014,Other,NA,NA,NA,NA,NA,NA,NA,NA,NA,NA,Punt
3127,2014_15_DAL_PHI,2014121413,PHI,DAL,REG,15,PHI,home,DAL,PHI,79,2014-12-14,34,934,934,Half2,0,15,0,3,1,0,00:34,PHI 21,10,3,(:34) (No Huddle) 25-L.McCoy right end to PHI 24 for 3 yards (99-G.Selvie).,run,3,0,1,0,0,0,0,NA,NA,NA,NA,right,end,NA,NA,NA,NA,3,2,0,NA,NA,NA,NA,3,2,24,28,24,28,-4,24,28,-4,0.04771695286035538,0.1757952868938446,0.0032003745436668396,0.21678327023983002,0.21077457070350647,0.002916077384725213,0.34281349182128906,0,0,0.9865808081813157,-0.3014566940255463,-6.207010074305511,6.207010074305511,1.2987638709018938,-1.2987638709018938,-3.038568351944254,3.038568351944254,NA,NA,0,0,-6.840759232407436,6.840759232407436,-2.201366599940229,2.201366599940229,-9.753659487876575,9.753659487876575,1.3867054678822894,-1.3867054678822894,0.3603156507015228,0.6396843492984772,0.3603156507015228,0.6396843492984772,-0.015191853046417236,-0.005897730588912964,-0.005897730588912964,0.3451237976551056,0.6548762023448944,0.4019159972667694,0.4019159972667694,-0.009784303454498544,0.009784303454498544,-0.1301664795600852,0.1301664795600852,NA,NA,0,0,-0.04424096754426565,0.04424096754426565,-0.28718971461057663,0.28718971461057663,-0.045842603954025174,0.045842603954025174,-0.24240229278802872,0.24240229278802872,0,0,0,0,0,0,0,0,0,0,0,0,0,0,0,0,0,0,0,0,0,0,0,0,1,0,0,0,0,0,0,0,1,0,0,0,0,0,0,0,0,0,0,0,0,0,0,0,0,0,0,NA,NA,NA,NA,NA,NA,00-0027029,L.McCoy,3,NA,NA,NA,NA,NA,NA,NA,NA,NA,NA,NA,NA,NA,NA,NA,NA,NA,NA,NA,NA,NA,NA,NA,NA,NA,NA,NA,NA,NA,NA,NA,NA,NA,NA,NA,NA,NA,NA,NA,NA,NA,NA,DAL,NA,00-0027818,NA,G.Selvie,NA,NA,NA,NA,NA,NA,NA,NA,NA,NA,NA,NA,NA,0,NA,NA,NA,NA,NA,NA,NA,NA,NA,NA,NA,NA,NA,NA,NA,NA,NA,NA,NA,NA,NA,NA,NA,NA,NA,NA,NA,NA,NA,NA,NA,0,NA,NA,NA,NA,0,NA,NA,0,0,0,0,NA,NA,2014,NA,NA,47,0,Turnover,3127,"12/14/14, 20:31:25",2014-12-15T03:49:37Z,Lincoln Financial Field,"Partly Cloudy Temp: 41° F, Humidity: 69%, Wind: NW 9 mph",10012014-1214-1333-37d5-82ac89e7c001,0,0,RUSH,0,NA,NA,NA,16,Turnover,2014-12-15T03:48:50Z,3,0:39,0,0,0,3,3,0,KICKOFF,INTERCEPTION,00:39,00:00,PHI 21,PHI 24,3093,3170,38,27,Home,-11,65,3.5,54.5,1,outdoors,grass,41,9,Chip Kelly,Jason Garrett,PHI00,Lincoln Financial Field,0,0,NA,NA,L.McCoy,25,NA,NA,0,1,0,0,1,NA,00-0027029,NA,L.McCoy,25,00-0027029,L.McCoy,00-0027029,L.McCoy,00-0027029,0,1,-0.3014566940255463,NA,NA,NA,NA,NA,0.5371699929237366,-53.71699929237366,2014,Go for it,NA,NA,NA,NA,NA,NA,NA,NA,NA,NA,Punt
3148,2014_15_DAL_PHI,2014121413,PHI,DAL,REG,15,PHI,home,DAL,PHI,76,2014-12-14,12,912,912,Half2,0,15,0,3,2,0,00:12,PHI 24,7,3,"(:12) (No Huddle, Shotgun) 3-M.Sanchez pass incomplete short right to 87-B.Celek.",pass,0,1,1,1,0,0,0,short,right,6,NA,NA,NA,NA,NA,NA,NA,3,2,0,NA,NA,NA,NA,3,2,24,28,24,28,-4,24,28,-4,0.04629933089017868,0.17718026041984558,0.0031012841500341892,0.23880122601985931,0.20785008370876312,0.0032897465862333775,0.3234780430793762,0,0,0.6851241141557693,-0.720492993015796,-6.927503067321307,6.927503067321307,1.2987638709018938,-1.2987638709018938,-3.75906134496005,3.75906134496005,0.8192004775628448,-1.5396934705786407,0,0,-6.840759232407436,6.840759232407436,-2.201366599940229,2.201366599940229,-8.93445901031373,8.93445901031373,-0.15298800269635127,0.15298800269635127,0.3451237976551056,0.6548762023448944,0.3451237976551056,0.6548762023448944,-0.02715924382209778,-0.029997646808624268,-0.029997646808624268,0.3179645538330078,0.6820354461669922,0.39601826667785645,0.39601826667785645,-0.009784303454498544,0.009784303454498544,-0.15732572338218298,0.15732572338218298,0,-0.02715924382209778,0,0,-0.04424096754426565,0.04424096754426565,-0.28718971461057663,0.28718971461057663,-0.045842603954025174,0.045842603954025174,-0.2695615366101265,0.2695615366101265,0,0,0,0,0,0,0,0,1,0,0,0,0,0,0,0,0,0,0,0,0,0,0,0,0,0,0,0,0,0,0,0,0,1,0,0,0,0,0,0,0,0,0,0,0,0,0,0,0,0,0,00-0026898,M.Sanchez,NA,00-0025549,B.Celek,NA,NA,NA,NA,NA,NA,NA,NA,NA,NA,NA,NA,NA,NA,NA,NA,NA,NA,NA,NA,NA,NA,NA,NA,NA,NA,NA,NA,NA,NA,NA,NA,NA,NA,NA,NA,NA,NA,NA,NA,NA,NA,NA,NA,NA,NA,NA,NA,NA,NA,NA,NA,NA,NA,NA,NA,NA,NA,NA,NA,NA,NA,NA,NA,0,NA,NA,NA,NA,NA,NA,NA,NA,NA,NA,NA,NA,NA,NA,NA,NA,NA,NA,NA,NA,NA,NA,NA,NA,NA,NA,NA,NA,NA,NA,NA,0,NA,NA,NA,NA,0,NA,NA,0,0,0,0,NA,NA,2014,0.7194177508354187,-71.94177508354187,47,0,Turnover,3148,"12/14/14, 20:31:25",2014-12-15T03:50:00Z,Lincoln Financial Field,"Partly Cloudy Temp: 41° F, Humidity: 69%, Wind: NW 9 mph",10012014-1214-1333-37d5-82ac89e7c001,0,0,PASS,0,NA,NA,NA,16,Turnover,2014-12-15T03:48:50Z,3,0:39,0,0,0,3,3,0,KICKOFF,INTERCEPTION,00:39,00:00,PHI 21,PHI 24,3093,3170,38,27,Home,-11,65,3.5,54.5,1,outdoors,grass,41,9,Chip Kelly,Jason Garrett,PHI00,Lincoln Financial Field,0,0,M.Sanchez,3,NA,NA,B.Celek,87,1,0,0,0,1,00-0026898,NA,00-0025549,M.Sanchez,3,00-0026898,B.Celek,00-0025549,B.Celek,00-0025549,0,1,-0.720492993015796,0.2930396713145975,3.2887126369023463,1,0.9967021509364713,0.5845643375359941,0.7157989144325256,28.420108556747437,2014,Go for it,NA,NA,NA,NA,NA,NA,NA,NA,NA,NA,Punt
3170,2014_15_DAL_PHI,2014121413,PHI,DAL,REG,15,PHI,home,DAL,PHI,76,2014-12-14,4,904,904,Half2,0,15,0,3,3,0,00:04,PHI 24,7,3,"(:04) (No Huddle, Shotgun) 3-M.Sanchez pass deep middle intended for 86-Z.Ertz INTERCEPTED by 27-J.Wilcox at PHI 42. 27-J.Wilcox to PHI 42 for no gain (69-E.Mathis).",pass,0,1,1,1,0,0,0,deep,middle,18,NA,NA,NA,NA,NA,NA,NA,3,2,0,NA,NA,NA,NA,3,2,24,28,24,28,-4,24,28,-4,0.05187011882662773,0.20817726850509644,0.003182839835062623,0.2716892659664154,0.1853916198015213,0.0033287648111581802,0.2763601541519165,0,0,-0.0353688788600266,-2.8135748929344118,-9.74107796025572,9.74107796025572,1.2987638709018938,-1.2987638709018938,-6.572636237894462,6.572636237894462,2.429275520145893,-5.242850413080305,0,0,-6.840759232407436,6.840759232407436,-2.201366599940229,2.201366599940229,-6.505183490167838,6.505183490167838,-5.395838415776656,5.395838415776656,0.3179645538330078,0.6820354461669922,0.3179645538330078,0.6820354461669922,-0.06597167253494263,-0.06983786821365356,-0.06983786821365356,0.2519928812980652,0.7480071187019348,0.3660206198692322,0.3660206198692322,-0.009784303454498544,0.009784303454498544,-0.2232973959171256,0.2232973959171256,0,-0.06597167253494263,0,0,-0.04424096754426565,0.04424096754426565,-0.28718971461057663,0.28718971461057663,-0.045842603954025174,0.045842603954025174,-0.3355332091450691,0.3355332091450691,0,0,0,0,0,1,0,0,0,0,1,0,0,0,0,0,0,0,0,0,0,0,0,0,1,0,0,0,0,0,0,0,0,1,0,0,0,0,0,0,0,0,0,0,0,0,0,0,0,0,0,00-0026898,M.Sanchez,NA,00-0030061,Z.Ertz,NA,NA,NA,NA,NA,NA,NA,NA,NA,NA,NA,NA,00-0030543,J.Wilcox,NA,NA,NA,NA,NA,NA,NA,NA,NA,NA,NA,NA,NA,NA,NA,NA,NA,NA,NA,NA,NA,NA,NA,NA,NA,NA,NA,NA,NA,NA,NA,NA,PHI,NA,00-0023514,NA,E.Mathis,NA,NA,NA,NA,NA,NA,NA,NA,NA,NA,NA,NA,NA,0,NA,NA,NA,NA,NA,NA,00-0030543,J.Wilcox,NA,NA,NA,NA,NA,NA,NA,NA,NA,NA,NA,NA,NA,NA,NA,NA,NA,NA,NA,NA,NA,NA,DAL,0,NA,NA,NA,NA,0,NA,NA,0,0,0,0,NA,NA,2014,0.6199750304222107,-61.99750304222107,47,0,Turnover,3170,"12/14/14, 20:31:25",2014-12-15T03:50:40Z,Lincoln Financial Field,"Partly Cloudy Temp: 41° F, Humidity: 69%, Wind: NW 9 mph",10012014-1214-1333-37d5-82ac89e7c001,0,0,INTERCEPTION,0,NA,NA,NA,16,Turnover,2014-12-15T03:48:50Z,3,0:39,0,0,0,3,3,0,KICKOFF,INTERCEPTION,00:39,00:00,PHI 21,PHI 24,3093,3170,38,27,Home,-11,65,3.5,54.5,1,outdoors,grass,41,9,Chip Kelly,Jason Garrett,PHI00,Lincoln Financial Field,0,0,M.Sanchez,3,NA,NA,Z.Ertz,86,1,0,0,0,1,00-0026898,NA,00-0030061,M.Sanchez,3,00-0026898,Z.Ertz,00-0030061,Z.Ertz,00-0030061,0,1,-2.8135748929344118,0.3394754095238097,5.151368925406132,2,1,1,0.9871184825897217,1.288151741027832,2014,Go for it,NA,NA,NA,NA,NA,NA,NA,NA,NA,NA,Punt
3206,2014_15_DAL_PHI,2014121413,PHI,DAL,REG,15,DAL,away,PHI,NA,NA,2014-12-14,0,900,900,Half2,1,NA,0,3,NA,0,00:00,PHI 42,0,NA,END QUARTER 3,NA,NA,0,0,NA,0,0,0,NA,NA,NA,NA,NA,NA,NA,NA,NA,NA,3,2,NA,NA,NA,NA,NA,2,3,24,28,28,24,4,28,24,4,0,0,0,0,0,0,0,0,0,2.8489437717944384,-0,-9.74107796025572,9.74107796025572,1.2987638709018938,-1.2987638709018938,-6.572636237894462,6.572636237894462,NA,NA,NA,NA,-6.840759232407436,6.840759232407436,-2.201366599940229,2.201366599940229,-6.505183490167838,6.505183490167838,-5.395838415776656,5.395838415776656,0.7480071187019348,0.2519928812980652,0.2519928812980652,0.7480071187019348,-0,-0,0,0.2519928812980652,0.7480071187019348,0.7038172483444214,0.2961827516555786,-0.009784303454498544,0.009784303454498544,-0.2232973959171256,0.2232973959171256,NA,NA,NA,NA,-0.04424096754426565,0.04424096754426565,-0.28718971461057663,0.28718971461057663,-0.045842603954025174,0.045842603954025174,-0.3355332091450691,0.3355332091450691,NA,NA,NA,NA,NA,NA,NA,NA,NA,0,NA,NA,NA,NA,NA,NA,NA,NA,NA,NA,NA,NA,NA,NA,NA,NA,NA,NA,NA,NA,NA,NA,NA,NA,NA,NA,NA,NA,NA,NA,NA,NA,NA,NA,NA,NA,NA,NA,NA,NA,NA,NA,NA,NA,NA,NA,NA,NA,NA,NA,NA,NA,NA,NA,NA,NA,NA,NA,NA,NA,NA,NA,NA,NA,NA,NA,NA,NA,NA,NA,NA,NA,NA,NA,NA,NA,NA,NA,NA,NA,NA,NA,NA,NA,NA,NA,NA,NA,NA,NA,NA,NA,NA,NA,NA,NA,NA,NA,NA,NA,NA,NA,NA,NA,NA,NA,NA,NA,NA,NA,NA,NA,NA,NA,NA,NA,NA,NA,NA,NA,NA,NA,NA,NA,NA,NA,NA,NA,NA,NA,NA,NA,NA,NA,NA,NA,NA,NA,NA,NA,NA,NA,NA,NA,NA,NA,NA,0,NA,NA,NA,NA,NA,NA,NA,NA,2014,NA,NA,48,1,First down,3206,"12/14/14, 20:31:25",NA,Lincoln Financial Field,"Partly Cloudy Temp: 41° F, Humidity: 69%, Wind: NW 9 mph",10012014-1214-1333-37d5-82ac89e7c001,0,0,END_QUARTER,0,NA,NA,NA,17,Touchdown,NA,NA,NA,NA,NA,NA,NA,NA,NA,NA,NA,NA,NA,NA,NA,NA,NA,38,27,Home,-11,65,3.5,54.5,1,outdoors,grass,41,9,Chip Kelly,Jason Garrett,PHI00,Lincoln Financial Field,0,0,NA,NA,NA,NA,NA,NA,0,0,NA,0,0,NA,NA,NA,NA,NA,NA,NA,NA,NA,NA,0,1,-0,NA,NA,NA,NA,NA,NA,NA,2014,Other,NA,NA,NA,NA,NA,NA,NA,NA,NA,NA,Punt
3222,2014_15_DAL_PHI,2014121413,PHI,DAL,REG,15,DAL,away,PHI,PHI,42,2014-12-14,900,900,900,Half2,0,16,0,4,1,0,15:00,PHI 42,10,42,(15:00) 29-D.Murray right end to PHI 28 for 14 yards (27-M.Jenkins).,run,14,0,0,0,0,0,0,NA,NA,NA,NA,right,end,NA,NA,NA,NA,3,2,0,NA,NA,NA,NA,2,3,24,28,28,24,4,28,24,4,0.03776916489005089,0.07458935678005219,0.0011662731412798166,0.12572255730628967,0.33830633759498596,0.0033882383722811937,0.4190581142902374,0,0,2.8489437717944384,1.0276892812689766,-10.768767241524696,10.768767241524696,0.2710745896329172,-0.2710745896329172,-6.572636237894462,6.572636237894462,NA,NA,0,0,-6.840759232407436,6.840759232407436,-2.201366599940229,2.201366599940229,-6.505183490167838,6.505183490167838,-5.395838415776656,5.395838415776656,0.7480071187019348,0.2519928812980652,0.2519928812980652,0.7480071187019348,0.03554612398147583,0.050564706325531006,-0.050564706325531006,0.21644675731658936,0.7835532426834106,0.7038172483444214,0.2961827516555786,-0.045330427435974374,0.045330427435974374,-0.2232973959171256,0.2232973959171256,NA,NA,0,0,-0.04424096754426565,0.04424096754426565,-0.28718971461057663,0.28718971461057663,-0.045842603954025174,0.045842603954025174,-0.3355332091450691,0.3355332091450691,0,1,0,0,0,0,0,0,0,0,0,0,0,0,0,0,0,0,0,0,0,0,0,0,1,0,0,0,0,0,0,0,1,0,0,0,0,0,0,0,0,0,0,0,0,0,0,0,0,0,0,NA,NA,NA,NA,NA,NA,00-0028009,D.Murray,14,NA,NA,NA,NA,NA,NA,NA,NA,NA,NA,NA,NA,NA,NA,NA,NA,NA,NA,NA,NA,NA,NA,NA,NA,NA,NA,NA,NA,NA,NA,NA,NA,NA,NA,NA,NA,NA,NA,NA,NA,NA,NA,PHI,NA,00-0026990,NA,M.Jenkins,NA,NA,NA,NA,NA,NA,NA,NA,NA,NA,NA,NA,NA,0,NA,NA,NA,NA,NA,NA,NA,NA,NA,NA,NA,NA,NA,NA,NA,NA,NA,NA,NA,NA,NA,NA,NA,NA,NA,NA,NA,NA,NA,NA,NA,0,NA,NA,NA,NA,0,NA,NA,0,0,0,0,NA,NA,2014,NA,NA,48,1,First down,3222,"12/14/14, 20:31:25",2014-12-15T03:53:36Z,Lincoln Financial Field,"Partly Cloudy Temp: 41° F, Humidity: 69%, Wind: NW 9 mph",10012014-1214-1333-37d5-82ac89e7c001,0,0,RUSH,0,NA,NA,NA,17,Touchdown,2014-12-15T03:53:36Z,4,2:12,2,0,1,4,4,0,INTERCEPTION,TOUCHDOWN,15:00,12:48,PHI 42,PHI 25,3222,3308,38,27,Home,-11,65,3.5,54.5,1,outdoors,grass,41,9,Chip Kelly,Jason Garrett,PHI00,Lincoln Financial Field,0,1,NA,NA,D.Murray,29,NA,NA,0,1,1,0,1,NA,00-0028009,NA,D.Murray,29,00-0028009,D.Murray,00-0028009,D.Murray,00-0028009,0,1,1.0276892812689766,NA,NA,NA,NA,NA,0.4004316031932831,-40.04316031932831,2014,Go for it,NA,NA,NA,NA,NA,NA,NA,NA,NA,NA,Punt
3243,2014_15_DAL_PHI,2014121413,PHI,DAL,REG,15,DAL,away,PHI,PHI,28,2014-12-14,859,859,859,Half2,0,16,0,4,1,0,14:19,PHI 28,10,42,(14:19) 29-D.Murray right end to PHI 28 for no gain (72-C.Thornton; 50-C.Matthews).,run,0,0,0,0,0,0,0,NA,NA,NA,NA,right,end,NA,NA,NA,NA,3,2,0,NA,NA,NA,NA,2,3,24,28,28,24,4,28,24,4,0.021197540685534477,0.038375239819288254,6.136441952548921e-4,0.06499148160219193,0.41750940680503845,0.0011580587597563863,0.45615458488464355,0,0,3.876633053063415,-0.3550056734820828,-10.413761568042613,10.413761568042613,0.626080263115,-0.626080263115,-6.572636237894462,6.572636237894462,NA,NA,0,0,-6.840759232407436,6.840759232407436,-2.201366599940229,2.201366599940229,-6.505183490167838,6.505183490167838,-5.395838415776656,5.395838415776656,0.7835532426834106,0.21644675731658936,0.21644675731658936,0.7835532426834106,-0.003974437713623047,8.051395416259766e-4,-8.051395416259766e-4,0.2204211950302124,0.7795788049697876,0.7543819546699524,0.2456180453300476,-0.04135598972235133,0.04135598972235133,-0.2232973959171256,0.2232973959171256,NA,NA,0,0,-0.04424096754426565,0.04424096754426565,-0.28718971461057663,0.28718971461057663,-0.045842603954025174,0.045842603954025174,-0.3355332091450691,0.3355332091450691,0,0,0,0,0,0,0,0,0,0,0,0,0,0,0,0,0,0,0,0,0,0,0,0,0,0,0,0,0,0,0,0,1,0,0,0,0,0,0,0,0,0,0,0,0,0,1,0,0,0,0,NA,NA,NA,NA,NA,NA,00-0028009,D.Murray,0,NA,NA,NA,NA,NA,NA,NA,NA,NA,NA,NA,NA,NA,NA,NA,NA,NA,NA,NA,NA,NA,NA,NA,NA,NA,NA,NA,NA,NA,NA,NA,NA,NA,NA,NA,NA,NA,NA,NA,NA,NA,NA,NA,NA,NA,NA,NA,NA,00-0028424,C.Thornton,PHI,00-0028054,C.Matthews,PHI,NA,NA,NA,NA,NA,NA,0,NA,NA,NA,NA,NA,NA,NA,NA,NA,NA,NA,NA,NA,NA,NA,NA,NA,NA,NA,NA,NA,NA,NA,NA,NA,NA,NA,NA,NA,NA,NA,0,NA,NA,NA,NA,0,NA,NA,0,0,0,0,NA,NA,2014,NA,NA,49,1,Touchdown,3243,"12/14/14, 20:31:25",2014-12-15T03:54:17Z,Lincoln Financial Field,"Partly Cloudy Temp: 41° F, Humidity: 69%, Wind: NW 9 mph",10012014-1214-1333-37d5-82ac89e7c001,0,0,RUSH,0,NA,NA,NA,17,Touchdown,2014-12-15T03:53:36Z,4,2:12,2,0,1,4,4,0,INTERCEPTION,TOUCHDOWN,15:00,12:48,PHI 42,PHI 25,3222,3308,38,27,Home,-11,65,3.5,54.5,1,outdoors,grass,41,9,Chip Kelly,Jason Garrett,PHI00,Lincoln Financial Field,0,0,NA,NA,D.Murray,29,NA,NA,0,1,0,0,1,NA,00-0028009,NA,D.Murray,29,00-0028009,D.Murray,00-0028009,D.Murray,00-0028009,0,1,-0.3550056734820828,NA,NA,NA,NA,NA,0.33482781052589417,-33.48278105258942,2014,Go for it,NA,NA,NA,NA,NA,NA,NA,NA,NA,NA,Punt
3264,2014_15_DAL_PHI,2014121413,PHI,DAL,REG,15,DAL,away,PHI,PHI,28,2014-12-14,816,816,816,Half2,0,16,0,4,2,0,13:36,PHI 28,10,42,(13:36) (Shotgun) 9-T.Romo pass short middle to 29-D.Murray to PHI 25 for 3 yards (50-C.Matthews).,pass,3,1,0,1,0,0,0,short,middle,-2,5,NA,NA,NA,NA,NA,NA,3,2,0,NA,NA,NA,NA,2,3,24,28,28,24,4,28,24,4,0.024887919425964355,0.044163331389427185,6.235347827896476e-4,0.07241541892290115,0.45931240916252136,0.0011693447595462203,0.39742806553840637,0,0,3.521627379581332,-0.41237927600741386,-10.0013822920352,10.0013822920352,0.626080263115,-0.626080263115,-6.160256961887048,6.160256961887048,-1.1300370178651065,0.7176577418576926,-1.1300370178651065,0.7176577418576926,-5.710722214542329,5.710722214542329,-2.919024341797922,2.919024341797922,-5.375146472302731,5.375146472302731,-6.113496157634349,6.113496157634349,0.7795788049697876,0.2204211950302124,0.2204211950302124,0.7795788049697876,0.0018053054809570312,0.0027709603309631348,-0.0027709603309631348,0.21861588954925537,0.7813841104507446,0.7551870942115784,0.24481290578842163,-0.04135598972235133,0.04135598972235133,-0.22510270139808264,0.22510270139808264,0,0.0018053054809570312,0,0.0018053054809570312,-0.04424096754426565,0.04424096754426565,-0.28899502009153366,0.28899502009153366,-0.045842603954025174,0.045842603954025174,-0.33733851462602615,0.33733851462602615,0,0,0,0,0,0,0,0,0,0,0,0,0,0,0,0,0,0,0,0,0,0,0,0,1,0,0,0,0,0,0,0,0,1,0,0,0,0,0,0,0,0,0,0,0,1,0,0,0,0,0,00-0021678,T.Romo,3,00-0028009,D.Murray,3,NA,NA,NA,NA,NA,NA,NA,NA,NA,NA,NA,NA,NA,NA,NA,NA,NA,NA,NA,NA,NA,NA,NA,NA,NA,NA,NA,NA,NA,NA,NA,NA,NA,NA,NA,NA,NA,NA,NA,NA,NA,NA,NA,NA,NA,PHI,NA,00-0028054,NA,C.Matthews,NA,NA,NA,NA,NA,NA,NA,NA,NA,NA,NA,NA,NA,0,NA,NA,NA,NA,NA,NA,NA,NA,NA,NA,NA,NA,NA,NA,NA,NA,NA,NA,NA,NA,NA,NA,NA,NA,NA,NA,NA,NA,NA,NA,NA,0,NA,NA,NA,NA,0,NA,NA,0,0,0,0,NA,NA,2014,0.7933503985404968,20.664960145950317,49,1,Touchdown,3264,"12/14/14, 20:31:25",2014-12-15T03:54:59Z,Lincoln Financial Field,"Partly Cloudy Temp: 41° F, Humidity: 69%, Wind: NW 9 mph",10012014-1214-1333-37d5-82ac89e7c001,0,0,PASS,0,NA,NA,NA,17,Touchdown,2014-12-15T03:53:36Z,4,2:12,2,0,1,4,4,0,INTERCEPTION,TOUCHDOWN,15:00,12:48,PHI 42,PHI 25,3222,3308,38,27,Home,-11,65,3.5,54.5,1,outdoors,grass,41,9,Chip Kelly,Jason Garrett,PHI00,Lincoln Financial Field,0,0,T.Romo,9,NA,NA,D.Murray,29,1,0,0,0,1,00-0021678,NA,00-0028009,T.Romo,9,00-0021678,D.Murray,00-0028009,D.Murray,00-0028009,0,1,-0.41237927600741386,1.3125596431799604,8.758289806370158,7,0.4882250925293192,0.24647783616092056,0.5450471639633179,45.49528360366821,2014,Go for it,NA,NA,NA,NA,NA,NA,NA,NA,NA,NA,Punt
3288,2014_15_DAL_PHI,2014121413,PHI,DAL,REG,15,DAL,away,PHI,PHI,25,2014-12-14,775,775,775,Half2,0,16,1,4,3,0,12:55,PHI 25,7,42,"(12:55) (Shotgun) 9-T.Romo pass deep right to 88-D.Bryant for 25 yards, TOUCHDOWN.",pass,25,1,0,1,0,0,0,deep,right,25,0,NA,NA,NA,NA,NA,NA,3,2,0,NA,DAL,D.Bryant,00-0027902,2,3,24,34,28,24,4,34,24,10,0.01939423382282257,0.042407844215631485,6.05808338150382e-4,0.07747575640678406,0.5587852001190186,0.0011320493649691343,0.30019912123680115,0,0,3.1092481035739183,3.8907518964260817,-13.89213418846128,13.89213418846128,0.626080263115,-0.626080263115,-10.051008858313129,10.051008858313129,3.8907518964260817,0,3.8907518964260817,0,-9.601474110968411,9.601474110968411,-2.919024341797922,2.919024341797922,-9.265898368728813,9.265898368728813,-6.113496157634349,6.113496157634349,0.7813841104507446,0.21861588954925537,0.21861588954925537,0.7813841104507446,0.09911964341879653,0.09254167308855288,-0.09254167308855288,0.11949624613045884,0.8805037538695412,0.7579580545425415,0.2420419454574585,-0.04135598972235133,0.04135598972235133,-0.32422234481687917,0.32422234481687917,0.09911964341879653,0,0.09911964341879653,0,-0.14336061096306218,0.14336061096306218,-0.28899502009153366,0.28899502009153366,-0.1449622473728217,0.1449622473728217,-0.33733851462602615,0.33733851462602615,0,0,1,0,1,0,0,0,0,0,0,0,0,0,0,0,0,0,0,0,0,0,0,0,0,0,0,0,0,0,0,0,0,1,0,1,1,0,0,0,0,0,0,0,0,1,0,0,0,0,0,00-0021678,T.Romo,25,00-0027902,D.Bryant,25,NA,NA,NA,NA,NA,NA,NA,NA,NA,NA,NA,NA,NA,NA,NA,NA,NA,NA,NA,NA,NA,NA,NA,NA,NA,NA,NA,NA,NA,NA,NA,NA,NA,NA,NA,NA,NA,NA,NA,NA,NA,NA,NA,NA,NA,NA,NA,NA,NA,NA,NA,NA,NA,NA,NA,NA,NA,NA,NA,NA,NA,NA,NA,0,NA,NA,NA,NA,NA,NA,NA,NA,NA,NA,NA,NA,NA,NA,NA,NA,NA,NA,NA,NA,NA,NA,NA,NA,NA,NA,NA,NA,NA,NA,NA,0,NA,NA,NA,NA,0,NA,NA,0,0,0,0,NA,NA,2014,0.27354395389556885,72.64560461044312,49,1,Touchdown,3288,"12/14/14, 20:31:25",2014-12-15T03:55:41Z,Lincoln Financial Field,"Partly Cloudy Temp: 41° F, Humidity: 69%, Wind: NW 9 mph",10012014-1214-1333-37d5-82ac89e7c001,0,0,PASS,0,NA,NA,NA,17,Touchdown,2014-12-15T03:53:36Z,4,2:12,2,0,1,4,4,0,INTERCEPTION,TOUCHDOWN,15:00,12:48,PHI 42,PHI 25,3222,3308,38,27,Home,-11,65,3.5,54.5,1,outdoors,grass,41,9,Chip Kelly,Jason Garrett,PHI00,Lincoln Financial Field,0,1,T.Romo,9,NA,NA,D.Bryant,88,1,0,1,0,1,00-0021678,NA,00-0027902,T.Romo,9,00-0021678,D.Bryant,00-0027902,D.Bryant,00-0027902,0,1,3.8907518964260817,NA,NA,NA,NA,NA,0.954500675201416,4.549932479858398,2014,Go for it,NA,NA,NA,NA,NA,NA,NA,NA,NA,NA,Punt
3308,2014_15_DAL_PHI,2014121413,PHI,DAL,REG,15,DAL,away,PHI,PHI,2,2014-12-14,768,768,768,Half2,0,16,1,4,NA,0,12:48,PHI 2,0,42,"5-D.Bailey extra point is GOOD, Center-91-L.Ladouceur, Holder-6-C.Jones.",extra_point,0,0,0,0,0,0,0,NA,NA,NA,NA,NA,NA,NA,20,good,NA,3,2,0,NA,NA,NA,NA,2,3,24,35,34,24,10,35,24,11,0,0,0,0,0,0,0,0.9892791668920077,0,0.9892791668920077,0.010720833107992322,-13.902855021569273,13.902855021569273,0.626080263115,-0.626080263115,-10.051008858313129,10.051008858313129,NA,NA,0,0,-9.601474110968411,9.601474110968411,-2.919024341797922,2.919024341797922,-9.265898368728813,9.265898368728813,-6.113496157634349,6.113496157634349,0.8805037538695412,0.11949624613045884,0.11949624613045884,0.8805037538695412,0.00963906690596772,0.002604878639695718,-0.002604878639695718,0.10985717922449112,0.8901428207755089,0.8504997276310944,0.14950027236890562,-0.04135598972235133,0.04135598972235133,-0.32422234481687917,0.32422234481687917,NA,NA,0,0,-0.14336061096306218,0.14336061096306218,-0.28899502009153366,0.28899502009153366,-0.1449622473728217,0.1449622473728217,-0.33733851462602615,0.33733851462602615,0,0,0,0,0,0,0,0,0,0,0,0,0,0,0,0,0,0,0,0,0,0,0,0,0,0,0,0,0,0,0,0,0,0,0,0,0,0,0,1,0,0,0,0,0,0,0,0,0,0,0,NA,NA,NA,NA,NA,NA,NA,NA,NA,NA,NA,NA,NA,NA,NA,NA,NA,NA,NA,NA,NA,NA,NA,NA,NA,NA,NA,NA,NA,NA,NA,D.Bailey,00-0028660,NA,NA,NA,NA,NA,NA,NA,NA,NA,NA,NA,NA,NA,NA,NA,NA,NA,NA,NA,NA,NA,NA,NA,NA,NA,NA,NA,NA,NA,NA,NA,NA,NA,NA,NA,NA,0,NA,NA,NA,NA,NA,NA,NA,NA,NA,NA,NA,NA,NA,NA,NA,NA,NA,NA,NA,NA,NA,NA,NA,NA,NA,NA,NA,NA,NA,NA,NA,0,NA,NA,NA,NA,0,NA,NA,0,0,0,0,NA,NA,2014,NA,NA,49,1,Touchdown,3308,"12/14/14, 20:31:25",2014-12-15T03:56:31Z,Lincoln Financial Field,"Partly Cloudy Temp: 41° F, Humidity: 69%, Wind: NW 9 mph",10012014-1214-1333-37d5-82ac89e7c001,0,0,XP_KICK,1,NA,NA,NA,17,Touchdown,2014-12-15T03:53:36Z,4,2:12,2,0,1,4,4,0,INTERCEPTION,TOUCHDOWN,15:00,12:48,PHI 42,PHI 25,3222,3308,38,27,Home,-11,65,3.5,54.5,1,outdoors,grass,41,9,Chip Kelly,Jason Garrett,PHI00,Lincoln Financial Field,0,1,NA,NA,NA,NA,NA,NA,0,0,0,1,0,NA,NA,NA,NA,NA,NA,NA,NA,NA,NA,0,1,0.010720833107992322,NA,NA,NA,NA,NA,NA,NA,2014,Other,NA,NA,NA,NA,NA,NA,NA,NA,NA,NA,Punt
3324,2014_15_DAL_PHI,2014121413,PHI,DAL,REG,15,PHI,home,DAL,DAL,35,2014-12-14,768,768,768,Half2,0,17,0,4,NA,0,12:48,DAL 35,0,55,"5-D.Bailey kicks 65 yards from DAL 35 to end zone, Touchback.",kickoff,0,0,0,0,0,0,0,NA,NA,NA,NA,NA,NA,NA,65,NA,NA,3,2,0,NA,NA,NA,NA,3,2,24,35,24,35,-11,24,35,-11,0.08463986963033676,0.1646932065486908,0.0034095551818609238,0.20253154635429382,0.20642715692520142,0.00275781424716115,0.33554086089134216,0,0,1.0549635710194707,0,-13.902855021569273,13.902855021569273,0.626080263115,-0.626080263115,-10.051008858313129,10.051008858313129,NA,NA,0,0,-9.601474110968411,9.601474110968411,-2.919024341797922,2.919024341797922,-9.265898368728813,9.265898368728813,-6.113496157634349,6.113496157634349,0.10985717922449112,0.8901428207755089,0.10985717922449112,0.8901428207755089,0,0,0,0.10985717922449112,0.8901428207755089,0.1468953937292099,0.1468953937292099,-0.04135598972235133,0.04135598972235133,-0.32422234481687917,0.32422234481687917,NA,NA,0,0,-0.14336061096306218,0.14336061096306218,-0.28899502009153366,0.28899502009153366,-0.1449622473728217,0.1449622473728217,-0.33733851462602615,0.33733851462602615,0,0,0,0,0,0,0,0,0,1,0,0,0,0,0,0,0,0,0,0,0,0,0,0,0,0,0,0,0,0,0,0,0,0,0,0,0,0,0,0,0,0,1,0,0,0,0,0,0,0,0,NA,NA,NA,NA,NA,NA,NA,NA,NA,NA,NA,NA,NA,NA,NA,NA,NA,NA,NA,NA,NA,NA,NA,NA,NA,NA,NA,NA,NA,NA,NA,D.Bailey,00-0028660,NA,NA,NA,NA,NA,NA,NA,NA,NA,NA,NA,NA,NA,NA,NA,NA,NA,NA,NA,NA,NA,NA,NA,NA,NA,NA,NA,NA,NA,NA,NA,NA,NA,NA,NA,NA,0,NA,NA,NA,NA,NA,NA,NA,NA,NA,NA,NA,NA,NA,NA,NA,NA,NA,NA,NA,NA,NA,NA,NA,NA,NA,NA,NA,NA,NA,NA,PHI,0,NA,NA,NA,NA,0,NA,NA,0,0,0,0,NA,NA,2014,NA,NA,50,1,First down,3324,"12/14/14, 20:31:25",2014-12-15T03:58:55Z,Lincoln Financial Field,"Partly Cloudy Temp: 41° F, Humidity: 69%, Wind: NW 9 mph",10012014-1214-1333-37d5-82ac89e7c001,0,0,KICK_OFF,1,NA,NA,NA,18,Field goal,2014-12-15T03:58:55Z,6,2:03,2,0,1,4,4,15,KICKOFF,FIELD_GOAL,12:48,10:45,PHI 20,DAL 25,3324,3478,38,27,Home,-11,65,3.5,54.5,1,outdoors,grass,41,9,Chip Kelly,Jason Garrett,PHI00,Lincoln Financial Field,0,0,NA,NA,NA,NA,NA,NA,0,0,0,1,0,NA,NA,NA,NA,NA,NA,NA,NA,NA,NA,0,1,0,NA,NA,NA,NA,NA,NA,NA,2014,Other,NA,NA,NA,NA,NA,NA,NA,NA,NA,NA,Punt
3339,2014_15_DAL_PHI,2014121413,PHI,DAL,REG,15,PHI,home,DAL,PHI,80,2014-12-14,768,768,768,Half2,0,17,0,4,1,0,12:48,PHI 20,10,55,(12:48) 3-M.Sanchez sacked at PHI 9 for -11 yards (98-T.Crawford).,pass,-11,0,0,1,0,0,0,NA,NA,NA,NA,NA,NA,NA,NA,NA,NA,3,2,0,NA,NA,NA,NA,3,2,24,35,24,35,-11,24,35,-11,0.08463986963033676,0.1646932065486908,0.0034095551818609238,0.20253154635429382,0.20642715692520142,0.00275781424716115,0.33554086089134216,0,0,1.0549635710194707,-1.8055074766743928,-15.708362498243666,15.708362498243666,0.626080263115,-0.626080263115,-11.856516334987521,11.856516334987521,NA,NA,0,0,-9.601474110968411,9.601474110968411,-2.919024341797922,2.919024341797922,-9.265898368728813,9.265898368728813,-6.113496157634349,6.113496157634349,0.10985717922449112,0.8901428207755089,0.10985717922449112,0.8901428207755089,-0.019744038581848145,-0.0418928787112236,-0.0418928787112236,0.09011314064264297,0.909886859357357,0.1468953937292099,0.1468953937292099,-0.04135598972235133,0.04135598972235133,-0.3439663833987273,0.3439663833987273,NA,NA,0,0,-0.14336061096306218,0.14336061096306218,-0.28899502009153366,0.28899502009153366,-0.1449622473728217,0.1449622473728217,-0.33733851462602615,0.33733851462602615,0,0,0,0,0,0,0,0,0,0,0,0,0,0,0,0,0,0,0,0,0,0,0,0,1,0,0,0,0,0,0,1,0,1,1,0,0,0,0,0,0,0,0,0,0,0,0,0,0,0,0,00-0026898,M.Sanchez,NA,NA,NA,NA,NA,NA,NA,NA,NA,NA,NA,NA,NA,NA,NA,NA,NA,NA,NA,NA,NA,NA,NA,NA,NA,NA,NA,NA,NA,NA,NA,NA,NA,NA,NA,00-0029641,T.Crawford,NA,NA,00-0029641,T.Crawford,NA,NA,NA,NA,NA,NA,NA,NA,DAL,NA,00-0029641,NA,T.Crawford,NA,NA,NA,NA,NA,NA,NA,NA,NA,NA,NA,NA,NA,0,NA,NA,NA,NA,NA,NA,NA,NA,NA,NA,NA,NA,NA,NA,NA,NA,NA,NA,NA,NA,NA,NA,NA,NA,00-0029641,T.Crawford,NA,NA,NA,NA,NA,0,NA,NA,NA,NA,0,NA,NA,0,0,0,0,NA,NA,2014,NA,NA,50,1,First down,3339,"12/14/14, 20:31:25",2014-12-15T03:59:39Z,Lincoln Financial Field,"Partly Cloudy Temp: 41° F, Humidity: 69%, Wind: NW 9 mph",10012014-1214-1333-37d5-82ac89e7c001,0,0,SACK,0,NA,NA,NA,18,Field goal,2014-12-15T03:58:55Z,6,2:03,2,0,1,4,4,15,KICKOFF,FIELD_GOAL,12:48,10:45,PHI 20,DAL 25,3324,3478,38,27,Home,-11,65,3.5,54.5,1,outdoors,grass,41,9,Chip Kelly,Jason Garrett,PHI00,Lincoln Financial Field,0,0,M.Sanchez,3,NA,NA,NA,NA,1,0,0,0,1,00-0026898,NA,NA,M.Sanchez,3,00-0026898,NA,NA,NA,NA,0,1,-1.8055074766743928,NA,NA,NA,NA,NA,0.7447469830513,25.525301694869995,2014,Go for it,NA,NA,NA,NA,NA,NA,NA,NA,NA,NA,Punt
3358,2014_15_DAL_PHI,2014121413,PHI,DAL,REG,15,PHI,home,DAL,PHI,91,2014-12-14,735,735,735,Half2,0,17,0,4,2,0,12:15,PHI 9,21,55,"(12:15) (No Huddle, Shotgun) 3-M.Sanchez pass short middle to 11-J.Huff pushed ob at DAL 47 for 44 yards (39-B.Carr). PENALTY on DAL-55-R.McClain, Unsportsmanlike Conduct, 15 yards, enforced at DAL 47. McClain wasn't on the field for this play but blocked a sideline official by being in the white.",pass,44,1,1,1,0,0,0,short,middle,6,38,NA,NA,NA,NA,NA,NA,3,2,0,NA,NA,NA,NA,3,2,24,35,24,35,-11,24,35,-11,0.09199392050504684,0.23054388165473938,0.018900910392403603,0.28959599137306213,0.14279530942440033,0.0011029046727344394,0.2250671088695526,0,0,-0.7505439056549221,4.602874817326665,-11.105487680917001,11.105487680917001,0.626080263115,-0.626080263115,-7.253641517660857,7.253641517660857,-0.28450525528751314,4.887380072614178,-0.28450525528751314,4.887380072614178,-9.885979366255924,9.885979366255924,1.9683557308162563,-1.9683557308162563,-9.550403624016326,9.550403624016326,-1.2261160850201707,1.2261160850201707,0.09011314064264297,0.909886859357357,0.09011314064264297,0.909886859357357,0.07646917551755905,0.08721087127923965,0.08721087127923965,0.16658231616020203,0.833417683839798,0.1050025150179863,0.1050025150179863,-0.04135598972235133,0.04135598972235133,-0.26749720788116826,0.26749720788116826,0,0.07646917551755905,0,0.07646917551755905,-0.14336061096306218,0.14336061096306218,-0.2125258445739746,0.2125258445739746,-0.1449622473728217,0.1449622473728217,-0.2608693391084671,0.2608693391084671,0,0,1,1,0,0,0,0,0,0,0,0,0,0,0,0,0,0,0,0,0,0,0,0,1,0,1,0,0,0,0,0,0,1,0,0,0,0,0,0,0,0,0,0,0,1,0,0,0,0,0,00-0026898,M.Sanchez,44,00-0030990,J.Huff,44,NA,NA,NA,NA,NA,NA,NA,NA,NA,NA,NA,NA,NA,NA,NA,NA,NA,NA,NA,NA,NA,NA,NA,NA,NA,NA,NA,NA,NA,NA,NA,NA,NA,NA,NA,NA,NA,NA,NA,NA,NA,NA,NA,NA,NA,DAL,NA,00-0026280,NA,B.Carr,NA,NA,NA,NA,NA,NA,NA,NA,NA,NA,NA,NA,NA,0,NA,NA,NA,NA,NA,NA,NA,NA,NA,NA,NA,NA,NA,NA,NA,NA,NA,NA,NA,NA,NA,NA,NA,NA,NA,NA,NA,NA,NA,NA,NA,0,DAL,00-0027904,R.McClain,15,0,NA,Unsportsmanlike Conduct,0,0,0,0,NA,NA,2014,0.8062142133712769,19.378578662872314,50,1,First down,3358,"12/14/14, 20:31:25",2014-12-15T04:00:12Z,Lincoln Financial Field,"Partly Cloudy Temp: 41° F, Humidity: 69%, Wind: NW 9 mph",10012014-1214-1333-37d5-82ac89e7c001,0,0,PASS,0,NA,NA,NA,18,Field goal,2014-12-15T03:58:55Z,6,2:03,2,0,1,4,4,15,KICKOFF,FIELD_GOAL,12:48,10:45,PHI 20,DAL 25,3324,3478,38,27,Home,-11,65,3.5,54.5,1,outdoors,grass,41,9,Chip Kelly,Jason Garrett,PHI00,Lincoln Financial Field,0,1,M.Sanchez,3,NA,NA,J.Huff,11,1,0,1,0,1,00-0026898,NA,00-0030990,M.Sanchez,3,00-0026898,J.Huff,00-0030990,J.Huff,00-0030990,1,1,4.602874817326665,0.6179878935824167,4.530233242025133,3,0.540211042331066,0.0447030509239994,0.8562118411064148,14.37881588935852,2014,Go for it,NA,NA,NA,NA,NA,NA,NA,NA,NA,NA,Punt
3393,2014_15_DAL_PHI,2014121413,PHI,DAL,REG,15,PHI,home,DAL,DAL,32,2014-12-14,710,710,710,Half2,0,17,0,4,1,0,11:50,DAL 32,10,55,(11:50) 25-L.McCoy left end to DAL 31 for 1 yard (55-R.McClain).,run,1,0,0,0,0,0,0,NA,NA,NA,NA,left,end,NA,NA,NA,NA,3,2,0,NA,NA,NA,NA,3,2,24,35,24,35,-11,24,35,-11,0.038973256945610046,0.04955323785543442,6.032931851223111e-4,0.06313928961753845,0.37011390924453735,0.0018977997824549675,0.47571927309036255,0,0,3.852330911671743,-0.3830776459071785,-11.48856532682418,11.48856532682418,0.24300261720782146,-0.24300261720782146,-7.253641517660857,7.253641517660857,NA,NA,0,0,-9.885979366255924,9.885979366255924,1.9683557308162563,-1.9683557308162563,-9.550403624016326,9.550403624016326,-1.2261160850201707,1.2261160850201707,0.16658231616020203,0.833417683839798,0.16658231616020203,0.833417683839798,-0.01631087064743042,-7.219612598419189e-4,-7.219612598419189e-4,0.1502714455127716,0.8497285544872284,0.19221338629722595,0.19221338629722595,-0.05766686036978175,0.05766686036978175,-0.26749720788116826,0.26749720788116826,NA,NA,0,0,-0.14336061096306218,0.14336061096306218,-0.2125258445739746,0.2125258445739746,-0.1449622473728217,0.1449622473728217,-0.2608693391084671,0.2608693391084671,0,0,0,0,0,0,0,0,0,0,0,0,0,0,0,0,0,0,0,0,0,0,0,0,1,0,0,0,0,0,0,0,1,0,0,0,0,0,0,0,0,0,0,0,0,0,0,0,0,0,0,NA,NA,NA,NA,NA,NA,00-0027029,L.McCoy,1,NA,NA,NA,NA,NA,NA,NA,NA,NA,NA,NA,NA,NA,NA,NA,NA,NA,NA,NA,NA,NA,NA,NA,NA,NA,NA,NA,NA,NA,NA,NA,NA,NA,NA,NA,NA,NA,NA,NA,NA,NA,NA,DAL,NA,00-0027904,NA,R.McClain,NA,NA,NA,NA,NA,NA,NA,NA,NA,NA,NA,NA,NA,0,NA,NA,NA,NA,NA,NA,NA,NA,NA,NA,NA,NA,NA,NA,NA,NA,NA,NA,NA,NA,NA,NA,NA,NA,NA,NA,NA,NA,NA,NA,NA,0,NA,NA,NA,NA,0,NA,NA,0,0,0,0,NA,NA,2014,NA,NA,51,0,Field goal,3393,"12/14/14, 20:31:25",2014-12-15T04:01:36Z,Lincoln Financial Field,"Partly Cloudy Temp: 41° F, Humidity: 69%, Wind: NW 9 mph",10012014-1214-1333-37d5-82ac89e7c001,0,0,RUSH,0,NA,NA,NA,18,Field goal,2014-12-15T03:58:55Z,6,2:03,2,0,1,4,4,15,KICKOFF,FIELD_GOAL,12:48,10:45,PHI 20,DAL 25,3324,3478,38,27,Home,-11,65,3.5,54.5,1,outdoors,grass,41,9,Chip Kelly,Jason Garrett,PHI00,Lincoln Financial Field,0,0,NA,NA,L.McCoy,25,NA,NA,0,1,0,0,1,NA,00-0027029,NA,L.McCoy,25,00-0027029,L.McCoy,00-0027029,L.McCoy,00-0027029,0,1,-0.3830776459071785,NA,NA,NA,NA,NA,0.6419848203659058,-64.19848203659058,2014,Go for it,NA,NA,NA,NA,NA,NA,NA,NA,NA,NA,Punt
3414,2014_15_DAL_PHI,2014121413,PHI,DAL,REG,15,PHI,home,DAL,DAL,31,2014-12-14,686,686,686,Half2,0,17,0,4,2,0,11:26,DAL 31,9,55,(11:26) (Shotgun) 3-M.Sanchez pass incomplete deep right to 87-B.Celek.,pass,0,1,0,1,0,0,0,deep,right,16,NA,NA,NA,NA,NA,NA,NA,3,2,0,NA,NA,NA,NA,3,2,24,35,24,35,-11,24,35,-11,0.04183664917945862,0.05596818029880524,6.145635852590203e-4,0.07191892713308334,0.4147460162639618,0.0013656200608238578,0.4135500192642212,0,0,3.4692532657645643,-0.7296966213034466,-12.218261948127626,12.218261948127626,0.24300261720782146,-0.24300261720782146,-7.983338138964304,7.983338138964304,1.477350581146311,-2.2070472024497576,0,0,-9.885979366255924,9.885979366255924,1.9683557308162563,-1.9683557308162563,-8.073053042870015,8.073053042870015,-3.4331632874699283,3.4331632874699283,0.1502714455127716,0.8497285544872284,0.1502714455127716,0.8497285544872284,-0.02160380780696869,-0.019226789474487305,-0.019226789474487305,0.12866763770580292,0.8713323622941971,0.19149142503738403,0.19149142503738403,-0.05766686036978175,0.05766686036978175,-0.28910101568813695,0.28910101568813695,0,-0.02160380780696869,0,0,-0.14336061096306218,0.14336061096306218,-0.2125258445739746,0.2125258445739746,-0.1449622473728217,0.1449622473728217,-0.2824731469154358,0.2824731469154358,0,0,0,0,0,0,0,0,1,0,0,0,0,0,0,0,0,0,0,0,0,0,0,0,0,0,0,0,0,0,0,0,0,1,0,0,0,0,0,0,0,0,0,0,0,0,0,0,0,0,0,00-0026898,M.Sanchez,NA,00-0025549,B.Celek,NA,NA,NA,NA,NA,NA,NA,NA,NA,NA,NA,NA,NA,NA,NA,NA,NA,NA,NA,NA,NA,NA,NA,NA,NA,NA,NA,NA,NA,NA,NA,NA,NA,NA,NA,NA,NA,NA,NA,NA,NA,NA,NA,NA,NA,NA,NA,NA,NA,NA,NA,NA,NA,NA,NA,NA,NA,NA,NA,NA,NA,NA,NA,NA,0,NA,NA,NA,NA,NA,NA,NA,NA,NA,NA,NA,NA,NA,NA,NA,NA,NA,NA,NA,NA,NA,NA,NA,NA,NA,NA,NA,NA,NA,NA,NA,0,NA,NA,NA,NA,0,NA,NA,0,0,0,0,NA,NA,2014,0.528213620185852,-52.821362018585205,51,0,Field goal,3414,"12/14/14, 20:31:25",2014-12-15T04:02:00Z,Lincoln Financial Field,"Partly Cloudy Temp: 41° F, Humidity: 69%, Wind: NW 9 mph",10012014-1214-1333-37d5-82ac89e7c001,0,0,PASS,0,NA,NA,NA,18,Field goal,2014-12-15T03:58:55Z,6,2:03,2,0,1,4,4,15,KICKOFF,FIELD_GOAL,12:48,10:45,PHI 20,DAL 25,3324,3478,38,27,Home,-11,65,3.5,54.5,1,outdoors,grass,41,9,Chip Kelly,Jason Garrett,PHI00,Lincoln Financial Field,0,0,M.Sanchez,3,NA,NA,B.Celek,87,1,0,0,0,1,00-0026898,NA,00-0025549,M.Sanchez,3,00-0026898,B.Celek,00-0025549,B.Celek,00-0025549,0,1,-0.7296966213034466,0.27736083389776023,3.2770943195791915,1,1,1,0.8480362296104431,15.196377038955688,2014,Go for it,NA,NA,NA,NA,NA,NA,NA,NA,NA,NA,Punt
3436,2014_15_DAL_PHI,2014121413,PHI,DAL,REG,15,NA,NA,NA,NA,NA,2014-12-14,685,685,685,Half2,0,17,0,4,NA,0,11:25,DAL 31,0,55,Timeout #1 by PHI at 11:25.,no_play,0,0,0,0,0,0,0,NA,NA,NA,NA,NA,NA,NA,NA,NA,NA,2,2,1,PHI,NA,NA,NA,NA,NA,24,35,NA,NA,NA,NA,NA,NA,0,0,0,0,0,0,0,0,0,2.7395566444611177,0,-12.218261948127626,12.218261948127626,0.24300261720782146,-0.24300261720782146,-7.983338138964304,7.983338138964304,NA,NA,0,0,-9.885979366255924,9.885979366255924,1.9683557308162563,-1.9683557308162563,-8.073053042870015,8.073053042870015,-3.4331632874699283,3.4331632874699283,0.12866763770580292,0.8713323622941971,0.12866763770580292,0.8713323622941971,0,0,0,NA,NA,0.17226463556289673,0.17226463556289673,-0.05766686036978175,0.05766686036978175,-0.28910101568813695,0.28910101568813695,NA,NA,0,0,-0.14336061096306218,0.14336061096306218,-0.2125258445739746,0.2125258445739746,-0.1449622473728217,0.1449622473728217,-0.2824731469154358,0.2824731469154358,0,0,0,0,0,0,0,0,0,0,0,0,0,0,0,0,0,0,0,0,0,0,0,0,0,0,0,0,0,0,0,0,0,0,0,0,0,0,0,0,0,0,0,0,0,0,0,0,0,0,0,NA,NA,NA,NA,NA,NA,NA,NA,NA,NA,NA,NA,NA,NA,NA,NA,NA,NA,NA,NA,NA,NA,NA,NA,NA,NA,NA,NA,NA,NA,NA,NA,NA,NA,NA,NA,NA,NA,NA,NA,NA,NA,NA,NA,NA,NA,NA,NA,NA,NA,NA,NA,NA,NA,NA,NA,NA,NA,NA,NA,NA,NA,NA,NA,NA,NA,NA,NA,NA,0,NA,NA,NA,NA,NA,NA,NA,NA,NA,NA,NA,NA,NA,NA,NA,NA,NA,NA,NA,NA,NA,NA,NA,NA,NA,NA,NA,NA,NA,NA,NA,0,NA,NA,NA,NA,0,NA,NA,0,0,0,0,NA,NA,2014,NA,NA,51,0,Field goal,3436,"12/14/14, 20:31:25",2014-12-15T04:02:38Z,Lincoln Financial Field,"Partly Cloudy Temp: 41° F, Humidity: 69%, Wind: NW 9 mph",10012014-1214-1333-37d5-82ac89e7c001,0,0,TIMEOUT,0,NA,NA,NA,18,Field goal,2014-12-15T03:58:55Z,6,2:03,2,0,1,4,4,15,KICKOFF,FIELD_GOAL,12:48,10:45,PHI 20,DAL 25,3324,3478,38,27,Home,-11,65,3.5,54.5,1,outdoors,grass,41,9,Chip Kelly,Jason Garrett,PHI00,Lincoln Financial Field,0,0,NA,NA,NA,NA,NA,NA,0,0,0,0,0,NA,NA,NA,NA,NA,NA,NA,NA,NA,NA,0,1,0,NA,NA,NA,NA,NA,NA,NA,2014,Other,NA,NA,NA,NA,NA,NA,NA,NA,NA,NA,Punt
3453,2014_15_DAL_PHI,2014121413,PHI,DAL,REG,15,PHI,home,DAL,DAL,31,2014-12-14,685,685,685,Half2,0,17,0,4,3,0,11:25,DAL 31,9,55,(11:25) (Shotgun) 3-M.Sanchez pass short right to 86-Z.Ertz to DAL 25 for 6 yards (42-B.Church).,pass,6,1,0,1,0,0,0,short,right,6,0,NA,NA,NA,NA,NA,NA,2,2,0,NA,NA,NA,NA,2,2,24,35,24,35,-11,24,35,-11,0.04991836100816727,0.07029344886541367,5.497541860677302e-4,0.088843934237957,0.48722854256629944,0.0020806791726499796,0.30108529329299927,0,0,2.7395566444611177,-0.6636162159785277,-12.881878164106153,12.881878164106153,0.24300261720782146,-0.24300261720782146,-8.646954354942832,8.646954354942832,-0.6636162159785277,0,-0.6636162159785277,0,-10.549595582234453,10.549595582234453,1.9683557308162563,-1.9683557308162563,-8.736669258848544,8.736669258848544,-3.4331632874699283,3.4331632874699283,0.12866763770580292,0.8713323622941971,0.12866763770580292,0.8713323622941971,-0.010585233569145203,-0.01708158850669861,-0.01708158850669861,0.11808240413665771,0.8819175958633423,0.17226463556289673,0.17226463556289673,-0.05766686036978175,0.05766686036978175,-0.29968624925728216,0.29968624925728216,-0.010585233569145203,0,-0.010585233569145203,0,-0.1539458445322074,0.1539458445322074,-0.2125258445739746,0.2125258445739746,-0.1555474809419669,0.1555474809419669,-0.2824731469154358,0.2824731469154358,0,0,0,0,0,1,0,0,0,0,0,0,0,0,0,0,0,0,0,0,0,0,0,0,1,0,0,0,0,0,0,0,0,1,0,0,0,0,0,0,0,0,0,0,0,1,0,0,0,0,0,00-0026898,M.Sanchez,6,00-0030061,Z.Ertz,6,NA,NA,NA,NA,NA,NA,NA,NA,NA,NA,NA,NA,NA,NA,NA,NA,NA,NA,NA,NA,NA,NA,NA,NA,NA,NA,NA,NA,NA,NA,NA,NA,NA,NA,NA,NA,NA,NA,NA,NA,NA,NA,NA,NA,NA,DAL,NA,00-0027416,NA,B.Church,NA,NA,NA,NA,NA,NA,NA,NA,NA,NA,NA,NA,NA,0,NA,NA,NA,NA,NA,NA,NA,NA,NA,NA,NA,NA,NA,NA,NA,NA,NA,NA,NA,NA,NA,NA,NA,NA,NA,NA,NA,NA,NA,NA,NA,0,NA,NA,NA,NA,0,NA,NA,0,0,0,0,NA,NA,2014,0.6794320940971375,32.056790590286255,51,0,Field goal,3453,"12/14/14, 20:31:25",2014-12-15T04:03:27Z,Lincoln Financial Field,"Partly Cloudy Temp: 41° F, Humidity: 69%, Wind: NW 9 mph",10012014-1214-1333-37d5-82ac89e7c001,0,0,PASS,0,NA,NA,NA,18,Field goal,2014-12-15T03:58:55Z,6,2:03,2,0,1,4,4,15,KICKOFF,FIELD_GOAL,12:48,10:45,PHI 20,DAL 25,3324,3478,38,27,Home,-11,65,3.5,54.5,1,outdoors,grass,41,9,Chip Kelly,Jason Garrett,PHI00,Lincoln Financial Field,0,0,M.Sanchez,3,NA,NA,Z.Ertz,86,1,0,0,0,1,00-0026898,NA,00-0030061,M.Sanchez,3,00-0026898,Z.Ertz,00-0030061,Z.Ertz,00-0030061,0,1,-0.6636162159785277,1.3275449690300292,3.511579959304072,2,0.5437311894493178,0.3993298477726057,0.9837697744369507,1.6230225563049316,2014,Go for it,NA,NA,NA,NA,NA,NA,NA,NA,NA,NA,Punt
3478,2014_15_DAL_PHI,2014121413,PHI,DAL,REG,15,PHI,home,DAL,DAL,25,2014-12-14,650,650,650,Half2,0,17,1,4,4,0,10:50,DAL 25,3,55,"(10:50) 1-C.Parkey 43 yard field goal is GOOD, Center-46-J.Dorenbos, Holder-8-D.Jones.",field_goal,0,0,0,0,0,0,0,NA,NA,NA,NA,NA,NA,made,43,NA,NA,2,2,0,NA,NA,NA,NA,2,2,27,35,24,35,-11,27,35,-8,0.02591424518293236,0.04743707017779151,0.0010433057286966636,0.06838050474510558,0.8250400020077626,2.824617696457748e-4,0.031902407732359604,0,0,2.07594042848259,0.92405957151741,-11.957818592588744,11.957818592588744,0.24300261720782146,-0.24300261720782146,-8.646954354942832,8.646954354942832,NA,NA,0,0,-10.549595582234453,10.549595582234453,1.9683557308162563,-1.9683557308162563,-8.736669258848544,8.736669258848544,-3.4331632874699283,3.4331632874699283,0.11808240413665771,0.8819175958633423,0.11808240413665771,0.8819175958633423,-0.004841148853302002,-0.02663835883140564,-0.02663835883140564,0.11324125528335571,0.8867587447166443,0.15518304705619812,0.15518304705619812,-0.05766686036978175,0.05766686036978175,-0.29968624925728216,0.29968624925728216,NA,NA,0,0,-0.1539458445322074,0.1539458445322074,-0.2125258445739746,0.2125258445739746,-0.1555474809419669,0.1555474809419669,-0.2824731469154358,0.2824731469154358,0,0,0,0,0,0,0,0,0,0,0,0,0,0,0,0,0,0,0,0,0,0,0,0,0,0,0,0,0,0,0,0,0,0,0,0,0,0,0,0,0,1,0,0,0,0,0,0,0,0,0,NA,NA,NA,NA,NA,NA,NA,NA,NA,NA,NA,NA,NA,NA,NA,NA,NA,NA,NA,NA,NA,NA,NA,NA,NA,NA,NA,NA,NA,NA,NA,C.Parkey,00-0030850,NA,NA,NA,NA,NA,NA,NA,NA,NA,NA,NA,NA,NA,NA,NA,NA,NA,NA,NA,NA,NA,NA,NA,NA,NA,NA,NA,NA,NA,NA,NA,NA,NA,NA,NA,NA,0,NA,NA,NA,NA,NA,NA,NA,NA,NA,NA,NA,NA,NA,NA,NA,NA,NA,NA,NA,NA,NA,NA,NA,NA,NA,NA,NA,NA,NA,NA,NA,0,NA,NA,NA,NA,0,NA,NA,0,0,0,0,NA,NA,2014,NA,NA,51,0,Field goal,3478,"12/14/14, 20:31:25",2014-12-15T04:04:03Z,Lincoln Financial Field,"Partly Cloudy Temp: 41° F, Humidity: 69%, Wind: NW 9 mph",10012014-1214-1333-37d5-82ac89e7c001,0,0,FIELD_GOAL,0,NA,NA,NA,18,Field goal,2014-12-15T03:58:55Z,6,2:03,2,0,1,4,4,15,KICKOFF,FIELD_GOAL,12:48,10:45,PHI 20,DAL 25,3324,3478,38,27,Home,-11,65,3.5,54.5,1,outdoors,grass,41,9,Chip Kelly,Jason Garrett,PHI00,Lincoln Financial Field,0,1,NA,NA,NA,NA,NA,NA,0,0,0,1,0,NA,NA,NA,NA,NA,NA,NA,NA,NA,NA,0,1,0.92405957151741,NA,NA,NA,NA,NA,NA,NA,2014,Field Goal,3.962763207859217,0.565409832430305,0.06408323772974903,0.21106927502153752,0.14719058883429287,0.8014288408191178,0.061699919402599335,0.1189265064895153,0.1075629567557007,NA,Punt
3501,2014_15_DAL_PHI,2014121413,PHI,DAL,REG,15,DAL,away,PHI,PHI,35,2014-12-14,645,645,645,Half2,0,18,0,4,NA,0,10:45,PHI 35,0,9,"1-C.Parkey kicks 64 yards from PHI 35 to DAL 1. 17-D.Harris MUFFS catch, and recovers at DAL 1. 17-D.Harris to DAL 20 for 19 yards (16-B.Smith).",kickoff,0,0,0,0,0,0,0,NA,NA,NA,NA,NA,NA,NA,64,NA,NA,2,2,0,NA,NA,NA,NA,2,2,27,35,35,27,8,35,27,8,0.13248535990715027,0.15392136573791504,0.004154229070991278,0.21441344916820526,0.21809309720993042,0.0016092525329440832,0.2753232717514038,0,0,0.6137939994223416,0.024665922624990344,-11.982484515213734,11.982484515213734,0.24300261720782146,-0.24300261720782146,-8.646954354942832,8.646954354942832,NA,NA,0,0,-10.549595582234453,10.549595582234453,1.9683557308162563,-1.9683557308162563,-8.736669258848544,8.736669258848544,-3.4331632874699283,3.4331632874699283,0.8867587447166443,0.11324125528335571,0.11324125528335571,0.8867587447166443,-0,-0.00183182954788208,0.00183182954788208,0.11324125528335571,0.8867587447166443,0.8714553117752075,0.12854468822479248,-0.05766686036978175,0.05766686036978175,-0.29968624925728216,0.29968624925728216,NA,NA,0,0,-0.1539458445322074,0.1539458445322074,-0.2125258445739746,0.2125258445739746,-0.1555474809419669,0.1555474809419669,-0.2824731469154358,0.2824731469154358,0,0,0,0,0,0,0,0,0,0,0,0,0,0,0,0,0,0,0,0,0,0,0,0,1,0,0,0,0,0,0,0,0,0,0,0,0,0,0,0,0,0,1,0,0,0,0,0,0,0,0,NA,NA,NA,NA,NA,NA,NA,NA,NA,NA,NA,NA,NA,NA,NA,NA,NA,NA,NA,NA,NA,NA,NA,NA,NA,D.Harris,00-0028114,NA,NA,NA,NA,C.Parkey,00-0030850,NA,NA,NA,NA,NA,NA,NA,NA,NA,NA,NA,NA,NA,NA,NA,NA,NA,NA,PHI,NA,00-0024318,NA,B.Smith,NA,NA,NA,NA,NA,NA,NA,NA,NA,NA,NA,NA,NA,0,NA,NA,NA,NA,NA,NA,NA,NA,NA,NA,NA,NA,NA,NA,NA,NA,NA,NA,NA,NA,NA,NA,NA,NA,NA,NA,NA,NA,NA,NA,DAL,19,NA,NA,NA,NA,0,NA,NA,0,0,0,0,NA,NA,2014,NA,NA,52,0,Punt,3501,"12/14/14, 20:31:25",2014-12-15T04:06:24Z,Lincoln Financial Field,"Partly Cloudy Temp: 41° F, Humidity: 69%, Wind: NW 9 mph",10012014-1214-1333-37d5-82ac89e7c001,0,0,KICK_OFF,1,NA,NA,NA,19,Punt,2014-12-15T04:06:24Z,3,2:18,0,0,0,4,4,0,KICKOFF,PUNT,10:45,08:27,DAL 20,DAL 29,3501,3594,38,27,Home,-11,65,3.5,54.5,1,outdoors,grass,41,9,Chip Kelly,Jason Garrett,PHI00,Lincoln Financial Field,0,1,NA,NA,NA,NA,NA,NA,0,0,0,1,0,NA,NA,NA,NA,NA,NA,NA,NA,NA,NA,0,1,0.024665922624990344,NA,NA,NA,NA,NA,NA,NA,2014,Other,NA,NA,NA,NA,NA,NA,NA,NA,NA,NA,Punt
3523,2014_15_DAL_PHI,2014121413,PHI,DAL,REG,15,DAL,away,PHI,DAL,80,2014-12-14,641,641,641,Half2,0,18,0,4,1,0,10:41,DAL 20,10,9,(10:41) 29-D.Murray right end to DAL 25 for 5 yards (55-B.Graham).,run,5,0,0,0,0,0,0,NA,NA,NA,NA,right,end,NA,NA,NA,NA,2,2,0,NA,NA,NA,NA,2,2,27,35,35,27,8,35,27,8,0.13310514390468597,0.15464143455028534,0.004173662979155779,0.21183361113071442,0.21801812946796417,0.0016167807625606656,0.2766112685203552,0,0,0.6384599220473319,0.07749401009641588,-12.05997852531015,12.05997852531015,0.16550860711140558,-0.16550860711140558,-8.646954354942832,8.646954354942832,NA,NA,0,0,-10.549595582234453,10.549595582234453,1.9683557308162563,-1.9683557308162563,-8.736669258848544,8.736669258848544,-3.4331632874699283,3.4331632874699283,0.8867587447166443,0.11324125528335571,0.11324125528335571,0.8867587447166443,0.0017482638359069824,0.002828538417816162,-0.002828538417816162,0.11149299144744873,0.8885070085525513,0.8696234822273254,0.13037651777267456,-0.05941512420568873,0.05941512420568873,-0.29968624925728216,0.29968624925728216,NA,NA,0,0,-0.1539458445322074,0.1539458445322074,-0.2125258445739746,0.2125258445739746,-0.1555474809419669,0.1555474809419669,-0.2824731469154358,0.2824731469154358,0,0,0,0,0,0,0,0,0,0,0,0,0,0,0,0,0,0,0,0,0,0,0,0,1,0,0,0,0,0,0,0,1,0,0,0,0,0,0,0,0,0,0,0,0,0,0,0,0,0,0,NA,NA,NA,NA,NA,NA,00-0028009,D.Murray,5,NA,NA,NA,NA,NA,NA,NA,NA,NA,NA,NA,NA,NA,NA,NA,NA,NA,NA,NA,NA,NA,NA,NA,NA,NA,NA,NA,NA,NA,NA,NA,NA,NA,NA,NA,NA,NA,NA,NA,NA,NA,NA,PHI,NA,00-0027865,NA,B.Graham,NA,NA,NA,NA,NA,NA,NA,NA,NA,NA,NA,NA,NA,0,NA,NA,NA,NA,NA,NA,NA,NA,NA,NA,NA,NA,NA,NA,NA,NA,NA,NA,NA,NA,NA,NA,NA,NA,NA,NA,NA,NA,NA,NA,NA,0,NA,NA,NA,NA,0,NA,NA,0,0,0,0,NA,NA,2014,NA,NA,52,0,Punt,3523,"12/14/14, 20:31:25",2014-12-15T04:07:27Z,Lincoln Financial Field,"Partly Cloudy Temp: 41° F, Humidity: 69%, Wind: NW 9 mph",10012014-1214-1333-37d5-82ac89e7c001,0,0,RUSH,0,NA,NA,NA,19,Punt,2014-12-15T04:06:24Z,3,2:18,0,0,0,4,4,0,KICKOFF,PUNT,10:45,08:27,DAL 20,DAL 29,3501,3594,38,27,Home,-11,65,3.5,54.5,1,outdoors,grass,41,9,Chip Kelly,Jason Garrett,PHI00,Lincoln Financial Field,0,1,NA,NA,D.Murray,29,NA,NA,0,1,0,0,1,NA,00-0028009,NA,D.Murray,29,00-0028009,D.Murray,00-0028009,D.Murray,00-0028009,0,1,0.07749401009641588,NA,NA,NA,NA,NA,0.3472744822502136,-34.72744822502136,2014,Go for it,NA,NA,NA,NA,NA,NA,NA,NA,NA,NA,Punt
3544,2014_15_DAL_PHI,2014121413,PHI,DAL,REG,15,DAL,away,PHI,DAL,75,2014-12-14,598,598,598,Half2,0,18,0,4,2,0,09:58,DAL 25,5,9,(9:58) (Shotgun) 25-L.Dunbar left end to DAL 29 for 4 yards (51-E.Acho).,run,4,1,0,0,0,0,0,NA,NA,NA,NA,left,end,NA,NA,NA,NA,2,2,0,NA,NA,NA,NA,2,2,27,35,35,27,8,35,27,8,0.15688768029212952,0.14978504180908203,0.003377908142283559,0.19755613803863525,0.22098331153392792,0.001572290202602744,0.2698376178741455,0,0,0.7159539321437478,0.18645812338218093,-12.246436648692331,12.246436648692331,-0.020949516270775348,0.020949516270775348,-8.646954354942832,8.646954354942832,NA,NA,0,0,-10.549595582234453,10.549595582234453,1.9683557308162563,-1.9683557308162563,-8.736669258848544,8.736669258848544,-3.4331632874699283,3.4331632874699283,0.8885070085525513,0.11149299144744873,0.11149299144744873,0.8885070085525513,0.0067327022552490234,0.0016234517097473145,-0.0016234517097473145,0.10476028919219971,0.8952397108078003,0.8724520206451416,0.1275479793548584,-0.06614782646093775,0.06614782646093775,-0.29968624925728216,0.29968624925728216,NA,NA,0,0,-0.1539458445322074,0.1539458445322074,-0.2125258445739746,0.2125258445739746,-0.1555474809419669,0.1555474809419669,-0.2824731469154358,0.2824731469154358,0,0,0,0,0,0,0,0,0,0,0,0,0,0,0,0,0,0,0,0,0,0,0,0,1,0,0,0,0,0,0,0,1,0,0,0,0,0,0,0,0,0,0,0,0,0,0,0,0,0,0,NA,NA,NA,NA,NA,NA,00-0029004,L.Dunbar,4,NA,NA,NA,NA,NA,NA,NA,NA,NA,NA,NA,NA,NA,NA,NA,NA,NA,NA,NA,NA,NA,NA,NA,NA,NA,NA,NA,NA,NA,NA,NA,NA,NA,NA,NA,NA,NA,NA,NA,NA,NA,NA,PHI,NA,00-0029428,NA,E.Acho,NA,NA,NA,NA,NA,NA,NA,NA,NA,NA,NA,NA,NA,0,NA,NA,NA,NA,NA,NA,NA,NA,NA,NA,NA,NA,NA,NA,NA,NA,NA,NA,NA,NA,NA,NA,NA,NA,NA,NA,NA,NA,NA,NA,NA,0,NA,NA,NA,NA,0,NA,NA,0,0,0,0,NA,NA,2014,NA,NA,52,0,Punt,3544,"12/14/14, 20:31:25",2014-12-15T04:08:10Z,Lincoln Financial Field,"Partly Cloudy Temp: 41° F, Humidity: 69%, Wind: NW 9 mph",10012014-1214-1333-37d5-82ac89e7c001,0,0,RUSH,0,NA,NA,NA,19,Punt,2014-12-15T04:06:24Z,3,2:18,0,0,0,4,4,0,KICKOFF,PUNT,10:45,08:27,DAL 20,DAL 29,3501,3594,38,27,Home,-11,65,3.5,54.5,1,outdoors,grass,41,9,Chip Kelly,Jason Garrett,PHI00,Lincoln Financial Field,0,1,NA,NA,L.Dunbar,25,NA,NA,0,1,0,0,1,NA,00-0029004,NA,L.Dunbar,25,00-0029004,L.Dunbar,00-0029004,L.Dunbar,00-0029004,0,1,0.18645812338218093,NA,NA,NA,NA,NA,0.38268324732780457,-38.26832473278046,2014,Go for it,NA,NA,NA,NA,NA,NA,NA,NA,NA,NA,Punt
3565,2014_15_DAL_PHI,2014121413,PHI,DAL,REG,15,DAL,away,PHI,DAL,71,2014-12-14,553,553,553,Half2,0,18,0,4,3,0,09:13,DAL 29,1,9,(9:13) 29-D.Murray up the middle to DAL 29 for no gain (98-C.Barwin; 96-B.Logan).,run,0,0,0,0,0,0,0,NA,NA,NA,NA,middle,NA,NA,NA,NA,NA,2,2,0,NA,NA,NA,NA,2,2,27,35,35,27,8,35,27,8,0.172851100564003,0.15226130187511444,0.003159210318699479,0.17865537106990814,0.20688481628894806,0.0015739421360194683,0.284614235162735,0,0,0.9024120555259287,-1.4740193444304168,-10.772417304261914,10.772417304261914,1.4530698281596415,-1.4530698281596415,-8.646954354942832,8.646954354942832,NA,NA,0,0,-10.549595582234453,10.549595582234453,1.9683557308162563,-1.9683557308162563,-8.736669258848544,8.736669258848544,-3.4331632874699283,3.4331632874699283,0.8952397108078003,0.10476028919219971,0.10476028919219971,0.8952397108078003,-0.02244126796722412,-0.028462886810302734,0.028462886810302734,0.12720155715942383,0.8727984428405762,0.8740754723548889,0.12592452764511108,-0.04370655849371363,0.04370655849371363,-0.29968624925728216,0.29968624925728216,NA,NA,0,0,-0.1539458445322074,0.1539458445322074,-0.2125258445739746,0.2125258445739746,-0.1555474809419669,0.1555474809419669,-0.2824731469154358,0.2824731469154358,0,0,0,0,0,1,0,0,0,0,0,0,0,0,0,0,0,0,0,0,0,0,0,0,0,0,0,0,0,0,0,0,1,0,0,0,0,0,0,0,0,0,0,0,0,0,1,0,0,0,0,NA,NA,NA,NA,NA,NA,00-0028009,D.Murray,0,NA,NA,NA,NA,NA,NA,NA,NA,NA,NA,NA,NA,NA,NA,NA,NA,NA,NA,NA,NA,NA,NA,NA,NA,NA,NA,NA,NA,NA,NA,NA,NA,NA,NA,NA,NA,NA,NA,NA,NA,NA,NA,NA,NA,NA,NA,NA,NA,00-0027022,C.Barwin,PHI,00-0030507,B.Logan,PHI,NA,NA,NA,NA,NA,NA,0,NA,NA,NA,NA,NA,NA,NA,NA,NA,NA,NA,NA,NA,NA,NA,NA,NA,NA,NA,NA,NA,NA,NA,NA,NA,NA,NA,NA,NA,NA,NA,0,NA,NA,NA,NA,0,NA,NA,0,0,0,0,NA,NA,2014,NA,NA,52,0,Punt,3565,"12/14/14, 20:31:25",2014-12-15T04:08:55Z,Lincoln Financial Field,"Partly Cloudy Temp: 41° F, Humidity: 69%, Wind: NW 9 mph",10012014-1214-1333-37d5-82ac89e7c001,0,0,RUSH,0,NA,NA,NA,19,Punt,2014-12-15T04:06:24Z,3,2:18,0,0,0,4,4,0,KICKOFF,PUNT,10:45,08:27,DAL 20,DAL 29,3501,3594,38,27,Home,-11,65,3.5,54.5,1,outdoors,grass,41,9,Chip Kelly,Jason Garrett,PHI00,Lincoln Financial Field,0,0,NA,NA,D.Murray,29,NA,NA,0,1,0,0,1,NA,00-0028009,NA,D.Murray,29,00-0028009,D.Murray,00-0028009,D.Murray,00-0028009,0,1,-1.4740193444304168,NA,NA,NA,NA,NA,0.26565152406692505,-26.565152406692505,2014,Go for it,NA,NA,NA,NA,NA,NA,NA,NA,NA,NA,Punt
3594,2014_15_DAL_PHI,2014121413,PHI,DAL,REG,15,DAL,away,PHI,DAL,71,2014-12-14,513,513,513,Half2,0,18,0,4,4,0,08:33,DAL 29,1,9,"(8:33) 6-C.Jones punts 48 yards to PHI 23, Center-91-L.Ladouceur, fair catch by 43-D.Sproles.",punt,0,0,0,0,0,0,0,NA,NA,NA,NA,NA,NA,NA,48,NA,NA,2,2,0,NA,NA,NA,NA,2,2,27,35,35,27,8,35,27,8,0.19912639260292053,0.20804980397224426,0.0035071643069386482,0.24853730201721191,0.14445750415325165,0.0016615078784525394,0.19466029107570648,0,0,-0.5716072889044881,-0.4660021730232984,-10.306415131238616,10.306415131238616,1.4530698281596415,-1.4530698281596415,-8.646954354942832,8.646954354942832,NA,NA,0,0,-10.549595582234453,10.549595582234453,1.9683557308162563,-1.9683557308162563,-8.736669258848544,8.736669258848544,-3.4331632874699283,3.4331632874699283,0.8727984428405762,0.12720155715942383,0.12720155715942383,0.8727984428405762,-0.02221730351448059,-0.010839208960533142,0.010839208960533142,0.14941886067390442,0.8505811393260956,0.8456125855445862,0.15438741445541382,-0.04370655849371363,0.04370655849371363,-0.29968624925728216,0.29968624925728216,NA,NA,0,0,-0.1539458445322074,0.1539458445322074,-0.2125258445739746,0.2125258445739746,-0.1555474809419669,0.1555474809419669,-0.2824731469154358,0.2824731469154358,0,0,0,0,0,0,0,0,0,0,0,0,0,0,0,1,0,0,0,0,0,0,0,0,0,0,0,0,0,0,0,0,0,0,0,0,0,0,0,0,0,0,0,1,0,0,0,0,0,0,0,NA,NA,NA,NA,NA,NA,NA,NA,NA,NA,NA,NA,NA,NA,NA,NA,NA,NA,NA,NA,NA,00-0023564,D.Sproles,NA,NA,NA,NA,NA,NA,00-0028664,C.Jones,NA,NA,NA,NA,NA,NA,NA,NA,NA,NA,NA,NA,NA,NA,NA,NA,NA,NA,NA,NA,NA,NA,NA,NA,NA,NA,NA,NA,NA,NA,NA,NA,NA,NA,NA,NA,NA,NA,0,NA,NA,NA,NA,NA,NA,NA,NA,NA,NA,NA,NA,NA,NA,NA,NA,NA,NA,NA,NA,NA,NA,NA,NA,NA,NA,NA,NA,NA,NA,PHI,0,NA,NA,NA,NA,0,NA,NA,0,0,0,0,NA,NA,2014,NA,NA,52,0,Punt,3594,"12/14/14, 20:31:25",2014-12-15T04:09:34Z,Lincoln Financial Field,"Partly Cloudy Temp: 41° F, Humidity: 69%, Wind: NW 9 mph",10012014-1214-1333-37d5-82ac89e7c001,0,0,PUNT,1,NA,NA,NA,19,Punt,2014-12-15T04:06:24Z,3,2:18,0,0,0,4,4,0,KICKOFF,PUNT,10:45,08:27,DAL 20,DAL 29,3501,3594,38,27,Home,-11,65,3.5,54.5,1,outdoors,grass,41,9,Chip Kelly,Jason Garrett,PHI00,Lincoln Financial Field,0,0,NA,NA,NA,NA,NA,NA,0,0,0,1,0,NA,NA,NA,NA,NA,NA,NA,NA,NA,NA,0,1,-0.4660021730232984,NA,NA,NA,NA,NA,NA,NA,2014,Punt,2.6858198500353203,0.7246063923375914,0.7418526757323144,0.901464326492362,0.8575083046526217,0,0.7264741808176041,0.9169532246887684,0.7264741808176041,0.8306501061522685,Go for it
3614,2014_15_DAL_PHI,2014121413,PHI,DAL,REG,15,PHI,home,DAL,PHI,77,2014-12-14,507,507,507,Half2,0,19,0,4,1,0,08:27,PHI 23,10,11,(8:27) (Shotgun) 25-L.McCoy left end to PHI 30 for 7 yards (54-B.Carter; 59-A.Hitchens).,run,7,1,0,0,0,0,0,NA,NA,NA,NA,left,end,NA,NA,NA,NA,2,2,0,NA,NA,NA,NA,2,2,27,35,27,35,-8,27,35,-8,0.19279301166534424,0.13276949524879456,0.0017733018612489104,0.1736488789319992,0.2040560096502304,0.004375240299850702,0.2905840277671814,0,0,1.0376094619277865,0.32536149001680315,-9.981053641221813,9.981053641221813,1.7784313181764446,-1.7784313181764446,-8.646954354942832,8.646954354942832,NA,NA,0,0,-10.549595582234453,10.549595582234453,1.9683557308162563,-1.9683557308162563,-8.736669258848544,8.736669258848544,-3.4331632874699283,3.4331632874699283,0.14941886067390442,0.8505811393260956,0.14941886067390442,0.8505811393260956,0.016659870743751526,0.0026935935020446777,0.0026935935020446777,0.16607873141765594,0.833921268582344,0.16522662341594696,0.16522662341594696,-0.027046687749962106,0.027046687749962106,-0.29968624925728216,0.29968624925728216,NA,NA,0,0,-0.1539458445322074,0.1539458445322074,-0.2125258445739746,0.2125258445739746,-0.1555474809419669,0.1555474809419669,-0.2824731469154358,0.2824731469154358,0,0,0,0,0,0,0,0,0,0,0,0,0,0,0,0,0,0,0,0,0,0,0,0,0,0,0,0,0,0,0,0,1,0,0,0,0,0,0,0,0,0,0,0,0,0,1,0,0,0,0,NA,NA,NA,NA,NA,NA,00-0027029,L.McCoy,7,NA,NA,NA,NA,NA,NA,NA,NA,NA,NA,NA,NA,NA,NA,NA,NA,NA,NA,NA,NA,NA,NA,NA,NA,NA,NA,NA,NA,NA,NA,NA,NA,NA,NA,NA,NA,NA,NA,NA,NA,NA,NA,NA,NA,NA,NA,NA,NA,00-0027978,B.Carter,DAL,00-0031348,A.Hitchens,DAL,NA,NA,NA,NA,NA,NA,0,NA,NA,NA,NA,NA,NA,NA,NA,NA,NA,NA,NA,NA,NA,NA,NA,NA,NA,NA,NA,NA,NA,NA,NA,NA,NA,NA,NA,NA,NA,NA,0,NA,NA,NA,NA,0,NA,NA,0,0,0,0,NA,NA,2014,NA,NA,53,0,Turnover,3614,"12/14/14, 20:31:25",2014-12-15T04:11:57Z,Lincoln Financial Field,"Partly Cloudy Temp: 41° F, Humidity: 69%, Wind: NW 9 mph",10012014-1214-1333-37d5-82ac89e7c001,0,0,RUSH,0,NA,NA,NA,20,Turnover,2014-12-15T04:11:57Z,2,0:39,0,0,0,4,4,-10,PUNT,FUMBLE,08:27,07:48,PHI 23,PHI 20,3614,3667,38,27,Home,-11,65,3.5,54.5,1,outdoors,grass,41,9,Chip Kelly,Jason Garrett,PHI00,Lincoln Financial Field,0,1,NA,NA,L.McCoy,25,NA,NA,0,1,0,0,1,NA,00-0027029,NA,L.McCoy,25,00-0027029,L.McCoy,00-0027029,L.McCoy,00-0027029,0,1,0.32536149001680315,NA,NA,NA,NA,NA,0.7120169997215271,-71.20169997215271,2014,Go for it,NA,NA,NA,NA,NA,NA,NA,NA,NA,NA,Punt
3635,2014_15_DAL_PHI,2014121413,PHI,DAL,REG,15,PHI,home,DAL,PHI,70,2014-12-14,488,488,488,Half2,0,19,0,4,2,0,08:08,PHI 30,3,11,"(8:08) (No Huddle, Shotgun) 25-L.McCoy right end to PHI 35 for 5 yards (96-N.Hayden). PENALTY on PHI-62-J.Kelce, Offensive Holding, 10 yards, enforced at PHI 30 - No Play.",no_play,0,1,1,0,0,0,0,NA,NA,NA,NA,NA,NA,NA,NA,NA,NA,2,2,0,NA,NA,NA,NA,2,2,27,35,27,35,-8,27,35,-8,0.20549502968788147,0.1267445981502533,0.0016210991889238358,0.1479470133781433,0.20590642094612122,0.0043288059532642365,0.3079570233821869,0,0,1.3629709519445896,-1.1997733344323933,-11.180826975654206,11.180826975654206,1.7784313181764446,-1.7784313181764446,-8.646954354942832,8.646954354942832,NA,NA,0,0,-10.549595582234453,10.549595582234453,1.9683557308162563,-1.9683557308162563,-8.736669258848544,8.736669258848544,-3.4331632874699283,3.4331632874699283,0.16607873141765594,0.833921268582344,0.16607873141765594,0.833921268582344,-0.04244568198919296,-0.04015617072582245,-0.04015617072582245,0.12363304942846298,0.876366950571537,0.16792021691799164,0.16792021691799164,-0.027046687749962106,0.027046687749962106,-0.29968624925728216,0.29968624925728216,NA,NA,0,0,-0.1539458445322074,0.1539458445322074,-0.2125258445739746,0.2125258445739746,-0.1555474809419669,0.1555474809419669,-0.2824731469154358,0.2824731469154358,0,0,0,0,0,0,0,0,0,0,0,0,0,0,0,0,0,0,0,0,0,0,0,0,0,0,1,0,0,0,0,0,0,0,0,0,0,0,0,0,0,0,0,0,0,0,0,0,0,0,0,NA,NA,NA,NA,NA,NA,NA,NA,NA,NA,NA,NA,NA,NA,NA,NA,NA,NA,NA,NA,NA,NA,NA,NA,NA,NA,NA,NA,NA,NA,NA,NA,NA,NA,NA,NA,NA,NA,NA,NA,NA,NA,NA,NA,NA,NA,NA,NA,NA,NA,NA,NA,NA,NA,NA,NA,NA,NA,NA,NA,NA,NA,NA,NA,NA,NA,NA,NA,NA,0,NA,NA,NA,NA,NA,NA,NA,NA,NA,NA,NA,NA,NA,NA,NA,NA,NA,NA,NA,NA,NA,NA,NA,NA,NA,NA,NA,NA,NA,NA,NA,0,PHI,00-0028129,J.Kelce,10,0,NA,Offensive Holding,0,0,0,0,NA,NA,2014,NA,NA,53,0,Turnover,3635,"12/14/14, 20:31:25",2014-12-15T04:12:16Z,Lincoln Financial Field,"Partly Cloudy Temp: 41° F, Humidity: 69%, Wind: NW 9 mph",10012014-1214-1333-37d5-82ac89e7c001,0,0,PENALTY,0,NA,NA,NA,20,Turnover,2014-12-15T04:11:57Z,2,0:39,0,0,0,4,4,-10,PUNT,FUMBLE,08:27,07:48,PHI 23,PHI 20,3614,3667,38,27,Home,-11,65,3.5,54.5,1,outdoors,grass,41,9,Chip Kelly,Jason Garrett,PHI00,Lincoln Financial Field,0,0,NA,NA,L.McCoy,25,NA,NA,0,1,0,0,1,NA,00-0027029,NA,L.McCoy,25,00-0027029,NA,NA,L.McCoy,00-0027029,0,1,-1.1997733344323933,NA,NA,NA,NA,NA,0.5258955955505371,-52.58955955505371,2014,Other,NA,NA,NA,NA,NA,NA,NA,NA,NA,NA,Punt
3667,2014_15_DAL_PHI,2014121413,PHI,DAL,REG,15,PHI,home,DAL,PHI,80,2014-12-14,473,473,473,Half2,0,19,0,4,2,0,07:53,PHI 20,13,11,"(7:53) (No Huddle, Shotgun) 3-M.Sanchez pass short middle to 87-B.Celek to PHI 34 for 14 yards (51-K.Wilber; 27-J.Wilcox). Dallas challenged the runner was down by contact ruling, and the play was REVERSED. (No Huddle, Shotgun) 3-M.Sanchez pass short middle to 87-B.Celek to PHI 34 for 14 yards (27-J.Wilcox). FUMBLES (27-J.Wilcox), RECOVERED by DAL-51-K.Wilber at PHI 34. 51-K.Wilber to PHI 34 for no gain (87-B.Celek).",pass,14,1,1,1,0,0,0,short,middle,11,3,NA,NA,NA,NA,NA,NA,2,2,0,NA,NA,NA,NA,2,2,27,35,27,35,-8,27,35,-8,0.214944526553154,0.1626337617635727,0.0026945052668452263,0.2126655876636505,0.17138196527957916,0.0037511892151087523,0.23192839324474335,0,0,0.1631976175121963,-3.6333221326349303,-14.814149108289136,14.814149108289136,1.7784313181764446,-1.7784313181764446,-12.280276487577762,12.280276487577762,0.852594883646816,-4.485917016281746,0.852594883646816,-4.485917016281746,-9.697000698587637,9.697000698587637,-2.51756128546549,2.51756128546549,-7.884074375201727,7.884074375201727,-7.919080303751675,7.919080303751675,0.12363304942846298,0.876366950571537,0.12363304942846298,0.876366950571537,-0.06531938165426254,-0.055725812911987305,-0.055725812911987305,0.05831366777420044,0.9416863322257996,0.1277640461921692,0.1277640461921692,-0.027046687749962106,0.027046687749962106,-0.3650056309115447,0.3650056309115447,0,-0.06531938165426254,0,-0.06531938165426254,-0.1539458445322074,0.1539458445322074,-0.27784522622823715,0.27784522622823715,-0.1555474809419669,0.1555474809419669,-0.34779252856969833,0.34779252856969833,0,0,0,0,0,0,0,0,0,0,0,0,0,0,0,0,0,0,0,0,0,1,0,0,1,0,0,0,1,0,0,0,0,1,0,0,0,0,0,0,0,0,0,0,1,1,0,0,0,0,0,00-0026898,M.Sanchez,14,00-0025549,B.Celek,14,NA,NA,NA,NA,NA,NA,NA,NA,NA,NA,NA,NA,NA,NA,NA,NA,NA,NA,NA,NA,NA,NA,NA,NA,NA,NA,NA,NA,NA,NA,NA,NA,NA,NA,NA,NA,NA,NA,NA,DAL,00-0030543,J.Wilcox,NA,NA,NA,DAL,PHI,00-0030543,00-0025549,J.Wilcox,B.Celek,NA,NA,NA,NA,NA,NA,NA,NA,NA,NA,NA,NA,0,NA,NA,NA,NA,NA,NA,NA,NA,NA,NA,PHI,00-0025549,B.Celek,NA,NA,NA,DAL,0,00-0029647,K.Wilber,NA,NA,NA,NA,NA,NA,NA,NA,NA,NA,NA,0,NA,NA,NA,NA,1,reversed,NA,0,0,0,0,NA,NA,2014,0.6985882520675659,30.141174793243408,53,0,Turnover,3667,"12/14/14, 20:31:25",2014-12-15T04:12:56Z,Lincoln Financial Field,"Partly Cloudy Temp: 41° F, Humidity: 69%, Wind: NW 9 mph",10012014-1214-1333-37d5-82ac89e7c001,0,0,PASS,0,NA,NA,NA,20,Turnover,2014-12-15T04:11:57Z,2,0:39,0,0,0,4,4,-10,PUNT,FUMBLE,08:27,07:48,PHI 23,PHI 20,3614,3667,38,27,Home,-11,65,3.5,54.5,1,outdoors,grass,41,9,Chip Kelly,Jason Garrett,PHI00,Lincoln Financial Field,0,0,M.Sanchez,3,NA,NA,B.Celek,87,1,0,0,0,1,00-0026898,NA,00-0025549,M.Sanchez,3,00-0026898,B.Celek,00-0025549,B.Celek,00-0025549,0,1,1.5311468343716115,0.5863394868429552,3.9130253351904685,2,1,0.5522256976109929,0.9082456827163696,9.175431728363037,2014,Go for it,NA,NA,NA,NA,NA,NA,NA,NA,NA,NA,Punt
3691,2014_15_DAL_PHI,2014121413,PHI,DAL,REG,15,DAL,away,PHI,PHI,34,2014-12-14,468,468,468,Half2,0,20,0,4,1,0,07:48,PHI 34,10,3,(7:48) 29-D.Murray left end to PHI 36 for -2 yards (55-B.Graham).,run,-2,0,0,0,0,0,0,NA,NA,NA,NA,left,end,NA,NA,NA,NA,2,2,0,NA,NA,NA,NA,2,2,27,35,35,27,8,35,27,8,0.08958569914102554,0.0436873733997345,8.762754150666296e-4,0.06274715811014175,0.3934928774833679,0.0011167626362293959,0.40849387645721436,0,0,3.470124515122734,-0.7853133138269186,-14.028835794462218,14.028835794462218,2.5637446320033632,-2.5637446320033632,-12.280276487577762,12.280276487577762,NA,NA,0,0,-9.697000698587637,9.697000698587637,-2.51756128546549,2.51756128546549,-7.884074375201727,7.884074375201727,-7.919080303751675,7.919080303751675,0.9416863322257996,0.05831366777420044,0.05831366777420044,0.9416863322257996,-0.009411811828613281,-0.006749272346496582,0.006749272346496582,0.06772547960281372,0.9322745203971863,0.9279617667198181,0.07203823328018188,-0.017634875921348825,0.017634875921348825,-0.3650056309115447,0.3650056309115447,NA,NA,0,0,-0.1539458445322074,0.1539458445322074,-0.27784522622823715,0.27784522622823715,-0.1555474809419669,0.1555474809419669,-0.34779252856969833,0.34779252856969833,0,0,0,0,0,0,0,0,0,0,0,0,0,0,0,0,0,0,0,0,0,0,0,0,1,0,0,1,0,0,0,0,1,0,0,0,0,0,0,0,0,0,0,0,0,0,0,0,0,0,0,NA,NA,NA,NA,NA,NA,00-0028009,D.Murray,-2,NA,NA,NA,NA,NA,NA,NA,NA,NA,NA,NA,NA,NA,NA,NA,NA,NA,NA,NA,NA,NA,NA,NA,NA,NA,NA,NA,NA,00-0027865,B.Graham,NA,NA,NA,NA,NA,NA,NA,NA,NA,NA,NA,NA,PHI,NA,00-0027865,NA,B.Graham,NA,NA,NA,NA,NA,NA,NA,NA,NA,NA,NA,NA,NA,0,NA,NA,NA,NA,NA,NA,NA,NA,NA,NA,NA,NA,NA,NA,NA,NA,NA,NA,NA,NA,NA,NA,NA,NA,NA,NA,NA,NA,NA,NA,NA,0,NA,NA,NA,NA,0,NA,NA,0,0,0,0,NA,NA,2014,NA,NA,54,1,First down,3691,"12/14/14, 20:31:25",2014-12-15T04:16:52Z,Lincoln Financial Field,"Partly Cloudy Temp: 41° F, Humidity: 69%, Wind: NW 9 mph",10012014-1214-1333-37d5-82ac89e7c001,0,0,RUSH,0,NA,NA,NA,21,Field goal,2014-12-15T04:16:52Z,6,3:11,1,0,1,4,4,-10,FUMBLE,FIELD_GOAL,07:48,04:37,PHI 34,PHI 31,3691,3881,38,27,Home,-11,65,3.5,54.5,1,outdoors,grass,41,9,Chip Kelly,Jason Garrett,PHI00,Lincoln Financial Field,0,0,NA,NA,D.Murray,29,NA,NA,0,1,0,0,1,NA,00-0028009,NA,D.Murray,29,00-0028009,D.Murray,00-0028009,D.Murray,00-0028009,0,1,-0.7853133138269186,NA,NA,NA,NA,NA,0.23792102932929993,-23.792102932929993,2014,Go for it,NA,NA,NA,NA,NA,NA,NA,NA,NA,NA,Punt
3757,2014_15_DAL_PHI,2014121413,PHI,DAL,REG,15,DAL,away,PHI,PHI,36,2014-12-14,425,425,425,Half2,0,20,0,4,2,0,07:05,PHI 36,12,3,(7:05) (Shotgun) 9-T.Romo pass short right to 88-D.Bryant to PHI 21 for 15 yards (26-C.Williams).,pass,15,1,0,1,0,0,0,short,right,7,8,NA,NA,NA,NA,NA,NA,2,2,0,NA,NA,NA,NA,2,2,27,35,35,27,8,35,27,8,0.12453075498342514,0.05760837718844414,9.321006364189088e-4,0.08099594712257385,0.4291660189628601,0.0016786936903372407,0.3050881028175354,0,0,2.6848112012958154,1.5701981000602245,-15.599033894522442,15.599033894522442,2.5637446320033632,-2.5637446320033632,-13.850474587637986,13.850474587637986,0.3750477193389088,1.1951503807213157,0.3750477193389088,1.1951503807213157,-10.072048417926545,10.072048417926545,-3.712711666186806,3.712711666186806,-8.259122094540636,8.259122094540636,-9.11423068447299,9.11423068447299,0.9322745203971863,0.06772547960281372,0.06772547960281372,0.9322745203971863,0.02852189540863037,0.03598630428314209,-0.03598630428314209,0.03920358419418335,0.9607964158058167,0.9212124943733215,0.07878750562667847,-0.017634875921348825,0.017634875921348825,-0.39352752632017507,0.39352752632017507,0,0.02852189540863037,0,0.02852189540863037,-0.1539458445322074,0.1539458445322074,-0.3063671216368675,0.3063671216368675,-0.1555474809419669,0.1555474809419669,-0.3763144239783287,0.3763144239783287,0,0,1,0,0,0,0,0,0,0,0,0,0,0,0,0,0,0,0,0,0,0,0,0,1,0,0,0,0,0,0,0,0,1,0,0,0,0,0,0,0,0,0,0,0,1,0,0,0,0,0,00-0021678,T.Romo,15,00-0027902,D.Bryant,15,NA,NA,NA,NA,NA,NA,NA,NA,NA,NA,NA,NA,NA,NA,NA,NA,NA,NA,NA,NA,NA,NA,NA,NA,NA,NA,NA,NA,NA,NA,NA,NA,NA,NA,NA,NA,NA,NA,NA,NA,NA,NA,NA,NA,NA,PHI,NA,00-0026369,NA,C.Williams,NA,NA,NA,NA,NA,NA,NA,NA,NA,NA,NA,NA,NA,0,NA,NA,NA,NA,NA,NA,NA,NA,NA,NA,NA,NA,NA,NA,NA,NA,NA,NA,NA,NA,NA,NA,NA,NA,NA,NA,NA,NA,NA,NA,NA,0,NA,NA,NA,NA,0,NA,NA,0,0,0,0,NA,NA,2014,0.6888130903244019,31.118690967559814,54,1,First down,3757,"12/14/14, 20:31:25",2014-12-15T04:17:34Z,Lincoln Financial Field,"Partly Cloudy Temp: 41° F, Humidity: 69%, Wind: NW 9 mph",10012014-1214-1333-37d5-82ac89e7c001,0,0,PASS,0,NA,NA,NA,21,Field goal,2014-12-15T04:16:52Z,6,3:11,1,0,1,4,4,-10,FUMBLE,FIELD_GOAL,07:48,04:37,PHI 34,PHI 31,3691,3881,38,27,Home,-11,65,3.5,54.5,1,outdoors,grass,41,9,Chip Kelly,Jason Garrett,PHI00,Lincoln Financial Field,0,1,T.Romo,9,NA,NA,D.Bryant,88,1,0,1,0,1,00-0021678,NA,00-0027902,T.Romo,9,00-0021678,D.Bryant,00-0027902,D.Bryant,00-0027902,0,1,1.5701981000602245,0.4462750388565462,3.1820076167350635,2,0.9979430218227208,0.22337265266105533,0.7234299778938293,27.657002210617065,2014,Go for it,NA,NA,NA,NA,NA,NA,NA,NA,NA,NA,Punt
3781,2014_15_DAL_PHI,2014121413,PHI,DAL,REG,15,DAL,away,PHI,PHI,21,2014-12-14,377,377,377,Half2,0,20,0,4,1,0,06:17,PHI 21,10,3,(6:17) 29-D.Murray right end to PHI 25 for -4 yards (55-B.Graham).,run,-4,0,0,0,0,0,0,NA,NA,NA,NA,right,end,NA,NA,NA,NA,2,2,0,NA,NA,NA,NA,2,2,27,35,35,27,8,35,27,8,0.07230766117572784,0.022147448733448982,4.060716019012034e-4,0.03331311419606209,0.3858207166194916,8.083407301455736e-4,0.48519667983055115,0,0,4.25500930135604,-0.9829867773223668,-14.616047117200075,14.616047117200075,3.54673140932573,-3.54673140932573,-13.850474587637986,13.850474587637986,NA,NA,0,0,-10.072048417926545,10.072048417926545,-3.712711666186806,3.712711666186806,-8.259122094540636,8.259122094540636,-9.11423068447299,9.11423068447299,0.9607964158058167,0.03920358419418335,0.03920358419418335,0.9607964158058167,-0.014430105686187744,-0.01435244083404541,0.01435244083404541,0.053633689880371094,0.9463663101196289,0.9571987986564636,0.04280120134353638,-0.0032047702351610807,0.0032047702351610807,-0.39352752632017507,0.39352752632017507,NA,NA,0,0,-0.1539458445322074,0.1539458445322074,-0.3063671216368675,0.3063671216368675,-0.1555474809419669,0.1555474809419669,-0.3763144239783287,0.3763144239783287,0,0,0,0,0,0,0,0,0,0,0,0,0,0,0,0,0,0,0,0,0,0,0,0,1,0,0,1,0,0,0,0,1,0,0,0,0,0,0,0,0,0,0,0,0,0,0,0,0,0,0,NA,NA,NA,NA,NA,NA,00-0028009,D.Murray,-4,NA,NA,NA,NA,NA,NA,NA,NA,NA,NA,NA,NA,NA,NA,NA,NA,NA,NA,NA,NA,NA,NA,NA,NA,NA,NA,NA,NA,00-0027865,B.Graham,NA,NA,NA,NA,NA,NA,NA,NA,NA,NA,NA,NA,PHI,NA,00-0027865,NA,B.Graham,NA,NA,NA,NA,NA,NA,NA,NA,NA,NA,NA,NA,NA,0,NA,NA,NA,NA,NA,NA,NA,NA,NA,NA,NA,NA,NA,NA,NA,NA,NA,NA,NA,NA,NA,NA,NA,NA,NA,NA,NA,NA,NA,NA,NA,0,NA,NA,NA,NA,0,NA,NA,0,0,0,0,NA,NA,2014,NA,NA,55,0,Field goal,3781,"12/14/14, 20:31:25",2014-12-15T04:18:22Z,Lincoln Financial Field,"Partly Cloudy Temp: 41° F, Humidity: 69%, Wind: NW 9 mph",10012014-1214-1333-37d5-82ac89e7c001,0,0,RUSH,0,NA,NA,NA,21,Field goal,2014-12-15T04:16:52Z,6,3:11,1,0,1,4,4,-10,FUMBLE,FIELD_GOAL,07:48,04:37,PHI 34,PHI 31,3691,3881,38,27,Home,-11,65,3.5,54.5,1,outdoors,grass,41,9,Chip Kelly,Jason Garrett,PHI00,Lincoln Financial Field,0,0,NA,NA,D.Murray,29,NA,NA,0,1,0,0,1,NA,00-0028009,NA,D.Murray,29,00-0028009,D.Murray,00-0028009,D.Murray,00-0028009,0,1,-0.9829867773223668,NA,NA,NA,NA,NA,0.16104654967784882,-16.10465496778488,2014,Go for it,NA,NA,NA,NA,NA,NA,NA,NA,NA,NA,Punt
3802,2014_15_DAL_PHI,2014121413,PHI,DAL,REG,15,DAL,away,PHI,PHI,25,2014-12-14,335,335,335,Half2,0,20,0,4,2,0,05:35,PHI 25,14,3,"(5:35) (Shotgun) 9-T.Romo pass incomplete short right to 82-J.Witten. PENALTY on DAL-29-D.Murray, Offensive Holding, 10 yards, enforced at PHI 25 - No Play.",no_play,0,1,0,0,0,0,0,NA,NA,NA,NA,NA,NA,NA,NA,NA,NA,2,2,0,NA,NA,NA,NA,2,2,27,35,35,27,8,35,27,8,0.09157009422779083,0.02752220630645752,5.336041213013232e-4,0.045793741941452026,0.5403960943222046,8.531190687790513e-4,0.2933311462402344,0,0,3.272022524033673,-0.759777040570043,-13.856270076630032,13.856270076630032,3.54673140932573,-3.54673140932573,-13.850474587637986,13.850474587637986,NA,NA,0,0,-10.072048417926545,10.072048417926545,-3.712711666186806,3.712711666186806,-8.259122094540636,8.259122094540636,-9.11423068447299,9.11423068447299,0.9463663101196289,0.053633689880371094,0.053633689880371094,0.9463663101196289,-2.4205446243286133e-4,-0.00605696439743042,0.00605696439743042,0.053875744342803955,0.946124255657196,0.9428463578224182,0.05715364217758179,-0.0032047702351610807,0.0032047702351610807,-0.39352752632017507,0.39352752632017507,NA,NA,0,0,-0.1539458445322074,0.1539458445322074,-0.3063671216368675,0.3063671216368675,-0.1555474809419669,0.1555474809419669,-0.3763144239783287,0.3763144239783287,0,0,0,0,0,0,0,0,0,0,0,0,0,0,0,0,0,0,0,0,0,0,0,0,0,0,1,0,0,0,0,0,0,0,0,0,0,0,0,0,0,0,0,0,0,0,0,0,0,0,0,NA,NA,NA,NA,NA,NA,NA,NA,NA,NA,NA,NA,NA,NA,NA,NA,NA,NA,NA,NA,NA,NA,NA,NA,NA,NA,NA,NA,NA,NA,NA,NA,NA,NA,NA,NA,NA,NA,NA,NA,NA,NA,NA,NA,NA,NA,NA,NA,NA,NA,NA,NA,NA,NA,NA,NA,NA,NA,NA,NA,NA,NA,NA,NA,NA,NA,NA,NA,NA,0,NA,NA,NA,NA,NA,NA,NA,NA,NA,NA,NA,NA,NA,NA,NA,NA,NA,NA,NA,NA,NA,NA,NA,NA,NA,NA,NA,NA,NA,NA,NA,0,DAL,00-0028009,D.Murray,10,0,NA,Offensive Holding,0,0,0,0,NA,NA,2014,NA,NA,55,0,Field goal,3802,"12/14/14, 20:31:25",2014-12-15T04:19:04Z,Lincoln Financial Field,"Partly Cloudy Temp: 41° F, Humidity: 69%, Wind: NW 9 mph",10012014-1214-1333-37d5-82ac89e7c001,0,0,PENALTY,0,NA,NA,NA,21,Field goal,2014-12-15T04:16:52Z,6,3:11,1,0,1,4,4,-10,FUMBLE,FIELD_GOAL,07:48,04:37,PHI 34,PHI 31,3691,3881,38,27,Home,-11,65,3.5,54.5,1,outdoors,grass,41,9,Chip Kelly,Jason Garrett,PHI00,Lincoln Financial Field,0,0,T.Romo,9,NA,NA,J.Witten,82,1,0,0,0,1,00-0021678,NA,00-0022127,T.Romo,9,00-0021678,NA,NA,J.Witten,00-0022127,0,1,-0.759777040570043,NA,NA,NA,NA,NA,0.657280683517456,34.271931648254395,2014,Other,NA,NA,NA,NA,NA,NA,NA,NA,NA,NA,Punt
3835,2014_15_DAL_PHI,2014121413,PHI,DAL,REG,15,DAL,away,PHI,PHI,35,2014-12-14,330,330,330,Half2,0,20,0,4,2,0,05:30,PHI 35,24,3,(5:30) (Shotgun) 9-T.Romo pass incomplete short right to 88-D.Bryant.,pass,0,1,0,1,0,0,0,short,right,10,NA,NA,NA,NA,NA,NA,NA,2,2,0,NA,NA,NA,NA,2,2,27,35,35,27,8,35,27,8,0.1513236165046692,0.05199311301112175,9.184007067233324e-4,0.06324273347854614,0.5019900798797607,0.00138674967456609,0.22914528846740723,0,0,2.51224548346363,-0.534740672679618,-13.321529403950414,13.321529403950414,3.54673140932573,-3.54673140932573,-13.315733914958368,13.315733914958368,0.2256547660799697,-0.7603954387595877,0,0,-10.072048417926545,10.072048417926545,-3.712711666186806,3.712711666186806,-8.484776860620606,8.484776860620606,-8.353835245713402,8.353835245713402,0.946124255657196,0.053875744342803955,0.053875744342803955,0.946124255657196,-0.005938172340393066,-0.012864470481872559,0.012864470481872559,0.05981391668319702,0.940186083316803,0.9367893934249878,0.06321060657501221,-0.0032047702351610807,0.0032047702351610807,-0.387589353979782,0.387589353979782,0,-0.005938172340393066,0,0,-0.1539458445322074,0.1539458445322074,-0.3063671216368675,0.3063671216368675,-0.1555474809419669,0.1555474809419669,-0.37037625163793564,0.37037625163793564,0,0,0,0,0,0,0,0,1,0,0,0,0,0,0,0,0,0,0,0,0,0,0,0,0,0,0,0,0,0,0,0,0,1,0,0,0,0,0,0,0,0,0,0,0,0,0,0,0,0,0,00-0021678,T.Romo,NA,00-0027902,D.Bryant,NA,NA,NA,NA,NA,NA,NA,NA,NA,NA,NA,NA,NA,NA,NA,NA,NA,NA,NA,NA,NA,NA,NA,NA,NA,NA,NA,NA,NA,NA,NA,NA,NA,NA,NA,NA,NA,NA,NA,NA,NA,NA,NA,NA,NA,NA,NA,NA,NA,NA,NA,NA,NA,NA,NA,NA,NA,NA,NA,NA,NA,NA,NA,NA,0,NA,NA,NA,NA,NA,NA,NA,NA,NA,NA,NA,NA,NA,NA,NA,NA,NA,NA,NA,NA,NA,NA,NA,NA,NA,NA,NA,NA,NA,NA,NA,0,NA,NA,NA,NA,0,NA,NA,0,0,0,0,NA,NA,2014,0.6515469551086426,-65.15469551086426,55,0,Field goal,3835,"12/14/14, 20:31:25",2014-12-15T04:19:59Z,Lincoln Financial Field,"Partly Cloudy Temp: 41° F, Humidity: 69%, Wind: NW 9 mph",10012014-1214-1333-37d5-82ac89e7c001,0,0,PASS,0,NA,NA,NA,21,Field goal,2014-12-15T04:16:52Z,6,3:11,1,0,1,4,4,-10,FUMBLE,FIELD_GOAL,07:48,04:37,PHI 34,PHI 31,3691,3881,38,27,Home,-11,65,3.5,54.5,1,outdoors,grass,41,9,Chip Kelly,Jason Garrett,PHI00,Lincoln Financial Field,0,0,T.Romo,9,NA,NA,D.Bryant,88,1,0,0,0,1,00-0021678,NA,00-0027902,T.Romo,9,00-0021678,D.Bryant,00-0027902,D.Bryant,00-0027902,0,1,-0.534740672679618,0.4088030103915654,3.1341532467049547,1,0.9987792682950385,0.0433020755299367,0.6644158959388733,33.55841040611267,2014,Go for it,NA,NA,NA,NA,NA,NA,NA,NA,NA,NA,Punt
3857,2014_15_DAL_PHI,2014121413,PHI,DAL,REG,15,DAL,away,PHI,PHI,35,2014-12-14,326,326,326,Half2,0,20,0,4,3,0,05:26,PHI 35,24,3,(5:26) (Shotgun) 9-T.Romo pass short right to 82-J.Witten to PHI 31 for 4 yards (23-N.Carroll).,pass,4,1,0,1,0,0,0,short,right,2,2,NA,NA,NA,NA,NA,NA,2,2,0,NA,NA,NA,NA,2,2,27,35,35,27,8,35,27,8,0.16197139024734497,0.06335418671369553,9.280347730964422e-4,0.08157070726156235,0.524343729019165,0.0014873528853058815,0.16634464263916016,0,0,1.977504810784012,-0.4625994046443265,-12.858929999306088,12.858929999306088,3.54673140932573,-3.54673140932573,-12.853134510314042,12.853134510314042,-0.4465314677217975,-0.016067936922528947,-0.4465314677217975,-0.016067936922528947,-9.625516950204748,9.625516950204748,-3.696643729264277,3.696643729264277,-8.038245392898808,8.038245392898808,-8.337767308790873,8.337767308790873,0.940186083316803,0.05981391668319702,0.05981391668319702,0.940186083316803,-0.012308597564697266,-0.009828329086303711,0.009828329086303711,0.07212251424789429,0.9278774857521057,0.9239249229431152,0.07607507705688477,-0.0032047702351610807,0.0032047702351610807,-0.37528075641508474,0.37528075641508474,0,-0.012308597564697266,0,-0.012308597564697266,-0.1539458445322074,0.1539458445322074,-0.29405852407217026,0.29405852407217026,-0.1555474809419669,0.1555474809419669,-0.3580676540732384,0.3580676540732384,0,0,0,0,0,1,0,0,0,0,0,0,0,0,0,0,0,0,0,0,0,0,0,0,1,0,0,0,0,0,0,0,0,1,0,0,0,0,0,0,0,0,0,0,0,1,0,0,0,0,0,00-0021678,T.Romo,4,00-0022127,J.Witten,4,NA,NA,NA,NA,NA,NA,NA,NA,NA,NA,NA,NA,NA,NA,NA,NA,NA,NA,NA,NA,NA,NA,NA,NA,NA,NA,NA,NA,NA,NA,NA,NA,NA,NA,NA,NA,NA,NA,NA,NA,NA,NA,NA,NA,NA,PHI,NA,00-0027744,NA,N.Carroll,NA,NA,NA,NA,NA,NA,NA,NA,NA,NA,NA,NA,NA,0,NA,NA,NA,NA,NA,NA,NA,NA,NA,NA,NA,NA,NA,NA,NA,NA,NA,NA,NA,NA,NA,NA,NA,NA,NA,NA,NA,NA,NA,NA,NA,0,NA,NA,NA,NA,0,NA,NA,0,0,0,0,NA,NA,2014,0.8474063277244568,15.259367227554321,55,0,Field goal,3857,"12/14/14, 20:31:25",2014-12-15T04:20:41Z,Lincoln Financial Field,"Partly Cloudy Temp: 41° F, Humidity: 69%, Wind: NW 9 mph",10012014-1214-1333-37d5-82ac89e7c001,0,0,PASS,0,NA,NA,NA,21,Field goal,2014-12-15T04:16:52Z,6,3:11,1,0,1,4,4,-10,FUMBLE,FIELD_GOAL,07:48,04:37,PHI 34,PHI 31,3691,3881,38,27,Home,-11,65,3.5,54.5,1,outdoors,grass,41,9,Chip Kelly,Jason Garrett,PHI00,Lincoln Financial Field,0,0,T.Romo,9,NA,NA,J.Witten,82,1,0,0,0,1,00-0021678,NA,00-0022127,T.Romo,9,00-0021678,J.Witten,00-0022127,J.Witten,00-0022127,0,1,-0.4625994046443265,0.5326522391263536,6.303754084859975,5,0.4839675891562365,0.024392763094510883,0.7028392553329468,29.716074466705322,2014,Go for it,NA,NA,NA,NA,NA,NA,NA,NA,NA,NA,Punt
3881,2014_15_DAL_PHI,2014121413,PHI,DAL,REG,15,DAL,away,PHI,PHI,31,2014-12-14,282,282,282,Half2,0,20,1,4,4,0,04:42,PHI 31,20,3,"(4:42) 5-D.Bailey 49 yard field goal is GOOD, Center-91-L.Ladouceur, Holder-6-C.Jones.",field_goal,0,0,0,0,0,0,0,NA,NA,NA,NA,NA,NA,made,49,NA,NA,2,2,0,NA,NA,NA,NA,2,2,27,38,35,27,8,38,27,11,0.10584866634015114,0.07039223582016063,7.913154108912246e-4,0.08674456605232089,0.7043627918091856,2.469205711492344e-4,0.03161349860262008,0,0,1.5149054061396856,1.4850945938603144,-14.344024593166402,14.344024593166402,3.54673140932573,-3.54673140932573,-12.853134510314042,12.853134510314042,NA,NA,0,0,-9.625516950204748,9.625516950204748,-3.696643729264277,3.696643729264277,-8.038245392898808,8.038245392898808,-8.337767308790873,8.337767308790873,0.9278774857521057,0.07212251424789429,0.07212251424789429,0.9278774857521057,0.0221327506005764,0.0219411700963974,-0.0219411700963974,0.049989763647317886,0.9500102363526821,0.9140965938568115,0.08590340614318848,-0.0032047702351610807,0.0032047702351610807,-0.37528075641508474,0.37528075641508474,NA,NA,0,0,-0.1539458445322074,0.1539458445322074,-0.29405852407217026,0.29405852407217026,-0.1555474809419669,0.1555474809419669,-0.3580676540732384,0.3580676540732384,0,0,0,0,0,0,0,0,0,0,0,0,0,0,0,0,0,0,0,0,0,0,0,0,0,0,0,0,0,0,0,0,0,0,0,0,0,0,0,0,0,1,0,0,0,0,0,0,0,0,0,NA,NA,NA,NA,NA,NA,NA,NA,NA,NA,NA,NA,NA,NA,NA,NA,NA,NA,NA,NA,NA,NA,NA,NA,NA,NA,NA,NA,NA,NA,NA,D.Bailey,00-0028660,NA,NA,NA,NA,NA,NA,NA,NA,NA,NA,NA,NA,NA,NA,NA,NA,NA,NA,NA,NA,NA,NA,NA,NA,NA,NA,NA,NA,NA,NA,NA,NA,NA,NA,NA,NA,0,NA,NA,NA,NA,NA,NA,NA,NA,NA,NA,NA,NA,NA,NA,NA,NA,NA,NA,NA,NA,NA,NA,NA,NA,NA,NA,NA,NA,NA,NA,NA,0,NA,NA,NA,NA,0,NA,NA,0,0,0,0,NA,NA,2014,NA,NA,55,0,Field goal,3881,"12/14/14, 20:31:25",2014-12-15T04:21:25Z,Lincoln Financial Field,"Partly Cloudy Temp: 41° F, Humidity: 69%, Wind: NW 9 mph",10012014-1214-1333-37d5-82ac89e7c001,0,0,FIELD_GOAL,0,NA,NA,NA,21,Field goal,2014-12-15T04:16:52Z,6,3:11,1,0,1,4,4,-10,FUMBLE,FIELD_GOAL,07:48,04:37,PHI 34,PHI 31,3691,3881,38,27,Home,-11,65,3.5,54.5,1,outdoors,grass,41,9,Chip Kelly,Jason Garrett,PHI00,Lincoln Financial Field,0,1,NA,NA,NA,NA,NA,NA,0,0,0,1,0,NA,NA,NA,NA,NA,NA,NA,NA,NA,NA,0,1,1.4850945938603144,NA,NA,NA,NA,NA,NA,NA,2014,Field Goal,-3.512503588657312,0.0840050189071917,0.8769975236713936,0.9708811682270334,0.8848842040402958,0.6843368290468425,0.8524491339921951,0.9511726032942533,0.9200092399268689,0.9109108271129827,Field Goal
3900,2014_15_DAL_PHI,2014121413,PHI,DAL,REG,15,PHI,home,DAL,DAL,35,2014-12-14,277,277,277,Half2,0,21,0,4,NA,0,04:37,DAL 35,0,-5,"5-D.Bailey kicks 65 yards from DAL 35 to end zone, Touchback.",kickoff,0,0,0,0,0,0,0,NA,NA,NA,NA,NA,NA,NA,65,NA,NA,2,2,0,NA,NA,NA,NA,2,2,27,38,27,38,-11,27,38,-11,0.37813231348991394,0.11175406724214554,0.001535029150545597,0.1407942920923233,0.1534324735403061,0.0035959118977189064,0.21075597405433655,0,0,0.618888758122921,0,-14.344024593166402,14.344024593166402,3.54673140932573,-3.54673140932573,-12.853134510314042,12.853134510314042,NA,NA,0,0,-9.625516950204748,9.625516950204748,-3.696643729264277,3.696643729264277,-8.038245392898808,8.038245392898808,-8.337767308790873,8.337767308790873,0.049989763647317886,0.9500102363526821,0.049989763647317886,0.9500102363526821,0,0,0,0.049989763647317886,0.9500102363526821,0.06396223604679108,0.06396223604679108,-0.0032047702351610807,0.0032047702351610807,-0.37528075641508474,0.37528075641508474,NA,NA,0,0,-0.1539458445322074,0.1539458445322074,-0.29405852407217026,0.29405852407217026,-0.1555474809419669,0.1555474809419669,-0.3580676540732384,0.3580676540732384,0,0,0,0,0,0,0,0,0,1,0,0,0,0,0,0,0,0,0,0,0,0,0,0,0,0,0,0,0,0,0,0,0,0,0,0,0,0,0,0,0,0,1,0,0,0,0,0,0,0,0,NA,NA,NA,NA,NA,NA,NA,NA,NA,NA,NA,NA,NA,NA,NA,NA,NA,NA,NA,NA,NA,NA,NA,NA,NA,NA,NA,NA,NA,NA,NA,D.Bailey,00-0028660,NA,NA,NA,NA,NA,NA,NA,NA,NA,NA,NA,NA,NA,NA,NA,NA,NA,NA,NA,NA,NA,NA,NA,NA,NA,NA,NA,NA,NA,NA,NA,NA,NA,NA,NA,NA,0,NA,NA,NA,NA,NA,NA,NA,NA,NA,NA,NA,NA,NA,NA,NA,NA,NA,NA,NA,NA,NA,NA,NA,NA,NA,NA,NA,NA,NA,NA,PHI,0,NA,NA,NA,NA,0,NA,NA,0,0,0,0,NA,NA,2014,NA,NA,56,1,First down,3900,"12/14/14, 20:31:25",2014-12-15T04:23:53Z,Lincoln Financial Field,"Partly Cloudy Temp: 41° F, Humidity: 69%, Wind: NW 9 mph",10012014-1214-1333-37d5-82ac89e7c001,0,0,KICK_OFF,1,NA,NA,NA,22,Punt,2014-12-15T04:23:53Z,4,1:28,1,0,0,4,4,0,KICKOFF,PUNT,04:37,03:09,PHI 20,PHI 15,3900,4010,38,27,Home,-11,65,3.5,54.5,1,outdoors,grass,41,9,Chip Kelly,Jason Garrett,PHI00,Lincoln Financial Field,0,0,NA,NA,NA,NA,NA,NA,0,0,0,1,0,NA,NA,NA,NA,NA,NA,NA,NA,NA,NA,0,1,0,NA,NA,NA,NA,NA,NA,NA,2014,Other,NA,NA,NA,NA,NA,NA,NA,NA,NA,NA,Punt
3915,2014_15_DAL_PHI,2014121413,PHI,DAL,REG,15,PHI,home,DAL,PHI,80,2014-12-14,277,277,277,Half2,0,21,0,4,1,0,04:37,PHI 20,10,-5,(4:37) (Shotgun) 3-M.Sanchez pass short right to 18-J.Maclin ran ob at PHI 30 for 10 yards (39-B.Carr).,pass,10,1,0,1,0,0,0,short,right,8,2,NA,NA,NA,NA,NA,NA,2,2,0,NA,NA,NA,NA,2,2,27,38,27,38,-11,27,38,-11,0.37813231348991394,0.11175406724214554,0.001535029150545597,0.1407942920923233,0.1534324735403061,0.0035959118977189064,0.21075597405433655,0,0,0.618888758122921,0.589098694268614,-13.754925898897788,13.754925898897788,3.54673140932573,-3.54673140932573,-12.264035816045428,12.264035816045428,0.2965746574336663,0.29252403683494776,0.2965746574336663,0.29252403683494776,-9.328942292771082,9.328942292771082,-3.404119692429329,3.404119692429329,-7.741670735465141,7.741670735465141,-8.045243271955925,8.045243271955925,0.049989763647317886,0.9500102363526821,0.049989763647317886,0.9500102363526821,0.004562776535749435,-0.007552195340394974,-0.007552195340394974,0.05455254018306732,0.9454474598169327,0.06396223604679108,0.06396223604679108,-0.0032047702351610807,0.0032047702351610807,-0.3707179798793353,0.3707179798793353,0,0.004562776535749435,0,0.004562776535749435,-0.1539458445322074,0.1539458445322074,-0.2894957475364208,0.2894957475364208,-0.1555474809419669,0.1555474809419669,-0.35350487753748894,0.35350487753748894,0,0,1,0,0,0,0,0,0,0,0,0,0,0,0,0,0,0,0,0,0,0,0,0,1,0,0,0,0,0,0,0,0,1,0,0,0,0,0,0,0,0,0,0,0,1,0,0,0,0,0,00-0026898,M.Sanchez,10,00-0026995,J.Maclin,10,NA,NA,NA,NA,NA,NA,NA,NA,NA,NA,NA,NA,NA,NA,NA,NA,NA,NA,NA,NA,NA,NA,NA,NA,NA,NA,NA,NA,NA,NA,NA,NA,NA,NA,NA,NA,NA,NA,NA,NA,NA,NA,NA,NA,NA,DAL,NA,00-0026280,NA,B.Carr,NA,NA,NA,NA,NA,NA,NA,NA,NA,NA,NA,NA,NA,0,NA,NA,NA,NA,NA,NA,NA,NA,NA,NA,NA,NA,NA,NA,NA,NA,NA,NA,NA,NA,NA,NA,NA,NA,NA,NA,NA,NA,NA,NA,NA,0,NA,NA,NA,NA,0,NA,NA,0,0,0,0,NA,NA,2014,0.6736541390419006,32.63458609580994,56,1,First down,3915,"12/14/14, 20:31:25",2014-12-15T04:24:39Z,Lincoln Financial Field,"Partly Cloudy Temp: 41° F, Humidity: 69%, Wind: NW 9 mph",10012014-1214-1333-37d5-82ac89e7c001,0,0,PASS,0,NA,NA,NA,22,Punt,2014-12-15T04:23:53Z,4,1:28,1,0,0,4,4,0,KICKOFF,PUNT,04:37,03:09,PHI 20,PHI 15,3900,4010,38,27,Home,-11,65,3.5,54.5,1,outdoors,grass,41,9,Chip Kelly,Jason Garrett,PHI00,Lincoln Financial Field,0,1,M.Sanchez,3,NA,NA,J.Maclin,18,1,0,1,0,1,00-0026898,NA,00-0026995,M.Sanchez,3,00-0026898,J.Maclin,00-0026995,J.Maclin,00-0026995,1,1,0.589098694268614,0.3323726670931427,3.4467466707137646,1,0.9969558777520433,0.48455606040079147,0.9554858803749084,4.451411962509155,2014,Go for it,NA,NA,NA,NA,NA,NA,NA,NA,NA,NA,Punt
3939,2014_15_DAL_PHI,2014121413,PHI,DAL,REG,15,PHI,home,DAL,PHI,70,2014-12-14,271,271,271,Half2,0,21,0,4,1,0,04:31,PHI 30,10,-5,"(4:31) (No Huddle, Shotgun) 3-M.Sanchez pass incomplete deep left to 14-R.Cooper. DAL-42-B.Church was injured during the play. DAL-26-S.Moore was injured during the play.",pass,0,1,1,1,0,0,0,deep,left,22,NA,NA,NA,NA,NA,NA,NA,2,2,0,NA,NA,NA,NA,2,2,27,38,27,38,-11,27,38,-11,0.3698318302631378,0.09352181106805801,7.23276985809207e-4,0.11149612814188004,0.17002902925014496,0.004079969599843025,0.25031790137290955,0,0,1.207987452391535,-0.4008591753663495,-14.155785074264138,14.155785074264138,3.54673140932573,-3.54673140932573,-12.664894991411778,12.664894991411778,1.3632557261153124,-1.764114901481662,0,0,-9.328942292771082,9.328942292771082,-3.404119692429329,3.404119692429329,-6.378415009349829,6.378415009349829,-9.809358173437587,9.809358173437587,0.05455254018306732,0.9454474598169327,0.05455254018306732,0.9454474598169327,-0.007816866040229797,-0.010001540184020996,-0.010001540184020996,0.046735674142837524,0.9532643258571625,0.0564100407063961,0.0564100407063961,-0.0032047702351610807,0.0032047702351610807,-0.3785348459195651,0.3785348459195651,0,-0.007816866040229797,0,0,-0.1539458445322074,0.1539458445322074,-0.2894957475364208,0.2894957475364208,-0.1555474809419669,0.1555474809419669,-0.36132174357771873,0.36132174357771873,0,0,0,0,0,0,0,0,1,0,0,0,0,0,0,0,0,0,0,0,0,0,0,0,0,0,0,0,0,0,0,0,0,1,0,0,0,0,0,0,0,0,0,0,0,0,0,0,0,0,0,00-0026898,M.Sanchez,NA,00-0027758,R.Cooper,NA,NA,NA,NA,NA,NA,NA,NA,NA,NA,NA,NA,NA,NA,NA,NA,NA,NA,NA,NA,NA,NA,NA,NA,NA,NA,NA,NA,NA,NA,NA,NA,NA,NA,NA,NA,NA,NA,NA,NA,NA,NA,NA,NA,NA,NA,NA,NA,NA,NA,NA,NA,NA,NA,NA,NA,NA,NA,NA,NA,NA,NA,NA,NA,0,NA,NA,NA,NA,NA,NA,NA,NA,NA,NA,NA,NA,NA,NA,NA,NA,NA,NA,NA,NA,NA,NA,NA,NA,NA,NA,NA,NA,NA,NA,NA,0,NA,NA,NA,NA,0,NA,NA,0,0,0,0,NA,NA,2014,0.45887234807014465,-45.887234807014465,57,0,Punt,3939,"12/14/14, 20:31:25",2014-12-15T04:25:04Z,Lincoln Financial Field,"Partly Cloudy Temp: 41° F, Humidity: 69%, Wind: NW 9 mph",10012014-1214-1333-37d5-82ac89e7c001,0,0,PASS,0,NA,NA,NA,22,Punt,2014-12-15T04:23:53Z,4,1:28,1,0,0,4,4,0,KICKOFF,PUNT,04:37,03:09,PHI 20,PHI 15,3900,4010,38,27,Home,-11,65,3.5,54.5,1,outdoors,grass,41,9,Chip Kelly,Jason Garrett,PHI00,Lincoln Financial Field,0,0,M.Sanchez,3,NA,NA,R.Cooper,14,1,0,0,0,1,00-0026898,NA,00-0027758,M.Sanchez,3,00-0026898,R.Cooper,00-0027758,R.Cooper,00-0027758,0,1,-0.4008591753663495,0.372174465572098,5.332984687120188,3,1,1,0.9463847875595093,5.361521244049072,2014,Go for it,NA,NA,NA,NA,NA,NA,NA,NA,NA,NA,Punt
3961,2014_15_DAL_PHI,2014121413,PHI,DAL,REG,15,PHI,home,DAL,PHI,70,2014-12-14,261,261,261,Half2,0,21,0,4,2,0,04:21,PHI 30,10,-5,(4:21) (Shotgun) 3-M.Sanchez sacked at PHI 26 for -4 yards (98-T.Crawford).,pass,-4,1,0,1,0,0,0,NA,NA,NA,NA,NA,NA,NA,NA,NA,NA,2,2,0,NA,NA,NA,NA,2,2,27,38,27,38,-11,27,38,-11,0.3873180150985718,0.10331947356462479,7.85966229159385e-4,0.1296727955341339,0.1512615829706192,0.004182389937341213,0.22345981001853943,0,0,0.8071282770251855,-1.1870681348955259,-15.342853209159664,15.342853209159664,3.54673140932573,-3.54673140932573,-13.851963126307304,13.851963126307304,NA,NA,0,0,-9.328942292771082,9.328942292771082,-3.404119692429329,3.404119692429329,-6.378415009349829,6.378415009349829,-9.809358173437587,9.809358173437587,0.046735674142837524,0.9532643258571625,0.046735674142837524,0.9532643258571625,-0.015565566718578339,-0.016354680061340332,-0.016354680061340332,0.031170107424259186,0.9688298925757408,0.04640850052237511,0.04640850052237511,-0.0032047702351610807,0.0032047702351610807,-0.39410041263814344,0.39410041263814344,NA,NA,0,0,-0.1539458445322074,0.1539458445322074,-0.2894957475364208,0.2894957475364208,-0.1555474809419669,0.1555474809419669,-0.36132174357771873,0.36132174357771873,0,0,0,0,0,0,0,0,0,0,0,0,0,0,0,0,0,0,0,0,0,0,0,0,1,0,0,0,0,0,0,1,0,1,1,0,0,0,0,0,0,0,0,0,0,0,0,0,0,0,0,00-0026898,M.Sanchez,NA,NA,NA,NA,NA,NA,NA,NA,NA,NA,NA,NA,NA,NA,NA,NA,NA,NA,NA,NA,NA,NA,NA,NA,NA,NA,NA,NA,NA,NA,NA,NA,NA,NA,NA,00-0029641,T.Crawford,NA,NA,00-0029641,T.Crawford,NA,NA,NA,NA,NA,NA,NA,NA,DAL,NA,00-0029641,NA,T.Crawford,NA,NA,NA,NA,NA,NA,NA,NA,NA,NA,NA,NA,NA,0,NA,NA,NA,NA,NA,NA,NA,NA,NA,NA,NA,NA,NA,NA,NA,NA,NA,NA,NA,NA,NA,NA,NA,NA,00-0029641,T.Crawford,NA,NA,NA,NA,NA,0,NA,NA,NA,NA,0,NA,NA,0,0,0,0,NA,NA,2014,NA,NA,57,0,Punt,3961,"12/14/14, 20:31:25",2014-12-15T04:27:36Z,Lincoln Financial Field,"Partly Cloudy Temp: 41° F, Humidity: 69%, Wind: NW 9 mph",10012014-1214-1333-37d5-82ac89e7c001,0,0,SACK,0,NA,NA,NA,22,Punt,2014-12-15T04:23:53Z,4,1:28,1,0,0,4,4,0,KICKOFF,PUNT,04:37,03:09,PHI 20,PHI 15,3900,4010,38,27,Home,-11,65,3.5,54.5,1,outdoors,grass,41,9,Chip Kelly,Jason Garrett,PHI00,Lincoln Financial Field,0,0,M.Sanchez,3,NA,NA,NA,NA,1,0,0,0,1,00-0026898,NA,NA,M.Sanchez,3,00-0026898,NA,NA,NA,NA,0,1,-1.1870681348955259,NA,NA,NA,NA,NA,0.9604060649871826,3.9593935012817383,2014,Go for it,NA,NA,NA,NA,NA,NA,NA,NA,NA,NA,Punt
3987,2014_15_DAL_PHI,2014121413,PHI,DAL,REG,15,PHI,home,DAL,PHI,74,2014-12-14,230,230,230,Half2,0,21,0,4,3,0,03:50,PHI 26,14,-5,"(3:50) (No Huddle, Shotgun) 3-M.Sanchez sacked at PHI 15 for -11 yards (92-J.Mincey).",pass,-11,1,1,1,0,0,0,NA,NA,NA,NA,NA,NA,NA,NA,NA,NA,2,2,0,NA,NA,NA,NA,2,2,27,38,27,38,-11,27,38,-11,0.42888161540031433,0.14011843502521515,0.0012719896622002125,0.17850486934185028,0.11189701408147812,0.0036959336139261723,0.13563008606433868,0,0,-0.37993985787034035,-1.1393120638094842,-16.482165272969148,16.482165272969148,3.54673140932573,-3.54673140932573,-14.991275190116788,14.991275190116788,NA,NA,0,0,-9.328942292771082,9.328942292771082,-3.404119692429329,3.404119692429329,-6.378415009349829,6.378415009349829,-9.809358173437587,9.809358173437587,0.031170107424259186,0.9688298925757408,0.031170107424259186,0.9688298925757408,-0.012979026883840561,-0.01219908706843853,-0.01219908706843853,0.018191080540418625,0.9818089194595814,0.030053820461034775,0.030053820461034775,-0.0032047702351610807,0.0032047702351610807,-0.407079439521984,0.407079439521984,NA,NA,0,0,-0.1539458445322074,0.1539458445322074,-0.2894957475364208,0.2894957475364208,-0.1555474809419669,0.1555474809419669,-0.36132174357771873,0.36132174357771873,0,0,0,0,0,1,0,0,0,0,0,0,0,0,0,0,0,0,0,0,0,0,0,0,1,0,0,0,0,0,0,1,0,1,1,0,0,0,0,0,0,0,0,0,0,0,0,0,0,0,0,00-0026898,M.Sanchez,NA,NA,NA,NA,NA,NA,NA,NA,NA,NA,NA,NA,NA,NA,NA,NA,NA,NA,NA,NA,NA,NA,NA,NA,NA,NA,NA,NA,NA,NA,NA,NA,NA,NA,NA,00-0024405,J.Mincey,NA,NA,00-0024405,J.Mincey,NA,NA,NA,NA,NA,NA,NA,NA,DAL,NA,00-0024405,NA,J.Mincey,NA,NA,NA,NA,NA,NA,NA,NA,NA,NA,NA,NA,NA,0,NA,NA,NA,NA,NA,NA,NA,NA,NA,NA,NA,NA,NA,NA,NA,NA,NA,NA,NA,NA,NA,NA,NA,NA,00-0024405,J.Mincey,NA,NA,NA,NA,NA,0,NA,NA,NA,NA,0,NA,NA,0,0,0,0,NA,NA,2014,NA,NA,57,0,Punt,3987,"12/14/14, 20:31:25",2014-12-15T04:28:07Z,Lincoln Financial Field,"Partly Cloudy Temp: 41° F, Humidity: 69%, Wind: NW 9 mph",10012014-1214-1333-37d5-82ac89e7c001,0,0,SACK,0,NA,NA,NA,22,Punt,2014-12-15T04:23:53Z,4,1:28,1,0,0,4,4,0,KICKOFF,PUNT,04:37,03:09,PHI 20,PHI 15,3900,4010,38,27,Home,-11,65,3.5,54.5,1,outdoors,grass,41,9,Chip Kelly,Jason Garrett,PHI00,Lincoln Financial Field,0,0,M.Sanchez,3,NA,NA,NA,NA,1,0,0,0,1,00-0026898,NA,NA,M.Sanchez,3,00-0026898,NA,NA,NA,NA,0,1,-1.1393120638094842,NA,NA,NA,NA,NA,0.990964412689209,0.9035587310791016,2014,Go for it,NA,NA,NA,NA,NA,NA,NA,NA,NA,NA,Punt
4010,2014_15_DAL_PHI,2014121413,PHI,DAL,REG,15,PHI,home,DAL,PHI,85,2014-12-14,197,197,197,Half2,0,21,0,4,4,0,03:17,PHI 15,25,-5,"(3:17) 8-D.Jones punts 45 yards to DAL 40, Center-46-J.Dorenbos, fair catch by 17-D.Harris.",punt,0,0,0,0,0,0,0,NA,NA,NA,NA,NA,NA,NA,45,NA,NA,2,2,0,NA,NA,NA,NA,2,2,27,38,27,38,-11,27,38,-11,0.4433048367500305,0.18802562355995178,0.0048912689089775085,0.2325715273618698,0.05479694902896881,0.00333016668446362,0.07307957112789154,0,0,-1.5192519216798246,-0.0386445902986452,-16.520809863267793,16.520809863267793,3.54673140932573,-3.54673140932573,-14.991275190116788,14.991275190116788,NA,NA,0,0,-9.328942292771082,9.328942292771082,-3.404119692429329,3.404119692429329,-6.378415009349829,6.378415009349829,-9.809358173437587,9.809358173437587,0.018191080540418625,0.9818089194595814,0.018191080540418625,0.9818089194595814,-0.012645523995161057,-0.01027737371623516,-0.01027737371623516,0.005545556545257568,0.9944544434547424,0.017854733392596245,0.017854733392596245,-0.0032047702351610807,0.0032047702351610807,-0.407079439521984,0.407079439521984,NA,NA,0,0,-0.1539458445322074,0.1539458445322074,-0.2894957475364208,0.2894957475364208,-0.1555474809419669,0.1555474809419669,-0.36132174357771873,0.36132174357771873,0,0,0,0,0,0,0,0,0,0,0,0,0,0,0,1,0,0,0,0,0,0,0,0,0,0,0,0,0,0,0,0,0,0,0,0,0,0,0,0,0,0,0,1,0,0,0,0,0,0,0,NA,NA,NA,NA,NA,NA,NA,NA,NA,NA,NA,NA,NA,NA,NA,NA,NA,NA,NA,NA,NA,00-0028114,D.Harris,NA,NA,NA,NA,NA,NA,00-0022684,D.Jones,NA,NA,NA,NA,NA,NA,NA,NA,NA,NA,NA,NA,NA,NA,NA,NA,NA,NA,NA,NA,NA,NA,NA,NA,NA,NA,NA,NA,NA,NA,NA,NA,NA,NA,NA,NA,NA,NA,0,NA,NA,NA,NA,NA,NA,NA,NA,NA,NA,NA,NA,NA,NA,NA,NA,NA,NA,NA,NA,NA,NA,NA,NA,NA,NA,NA,NA,NA,NA,DAL,0,NA,NA,NA,NA,0,NA,NA,0,0,0,0,NA,NA,2014,NA,NA,57,0,Punt,4010,"12/14/14, 20:31:25",2014-12-15T04:28:40Z,Lincoln Financial Field,"Partly Cloudy Temp: 41° F, Humidity: 69%, Wind: NW 9 mph",10012014-1214-1333-37d5-82ac89e7c001,0,0,PUNT,1,NA,NA,NA,22,Punt,2014-12-15T04:23:53Z,4,1:28,1,0,0,4,4,0,KICKOFF,PUNT,04:37,03:09,PHI 20,PHI 15,3900,4010,38,27,Home,-11,65,3.5,54.5,1,outdoors,grass,41,9,Chip Kelly,Jason Garrett,PHI00,Lincoln Financial Field,0,0,NA,NA,NA,NA,NA,NA,0,0,0,1,0,NA,NA,NA,NA,NA,NA,NA,NA,NA,NA,0,1,-0.0386445902986452,NA,NA,NA,NA,NA,NA,NA,2014,Punt,-0.13548177104415748,0.06679956070001936,0.008043040910602452,0.06693383464259282,0.011976919987380102,0,0.007226781453937292,0.0531750675290823,0.007226781453937292,0.013331737697821677,Punt
4029,2014_15_DAL_PHI,2014121413,PHI,DAL,REG,15,DAL,away,PHI,DAL,60,2014-12-14,189,189,189,Half2,0,22,0,4,1,0,03:09,DAL 40,10,-3,(3:09) 29-D.Murray left end to DAL 40 for no gain (91-F.Cox).,run,0,0,0,0,0,0,0,NA,NA,NA,NA,left,end,NA,NA,NA,NA,2,2,0,NA,NA,NA,NA,2,2,27,38,38,27,11,38,27,11,0.40386962890625,0.07042699307203293,7.062689983285964e-4,0.07743026316165924,0.20149841904640198,0.002874519443139434,0.24319393932819366,0,0,1.5578965119784698,-0.5480406108545139,-15.97276925241328,15.97276925241328,4.094772020180244,-4.094772020180244,-14.991275190116788,14.991275190116788,NA,NA,0,0,-9.328942292771082,9.328942292771082,-3.404119692429329,3.404119692429329,-6.378415009349829,6.378415009349829,-9.809358173437587,9.809358173437587,0.9944544434547424,0.005545556545257568,0.005545556545257568,0.9944544434547424,-0.0017518401145935059,-6.946921348571777e-4,6.946921348571777e-4,0.007297396659851074,0.9927026033401489,0.9924226403236389,0.007577359676361084,-0.0014529301205675749,0.0014529301205675749,-0.407079439521984,0.407079439521984,NA,NA,0,0,-0.1539458445322074,0.1539458445322074,-0.2894957475364208,0.2894957475364208,-0.1555474809419669,0.1555474809419669,-0.36132174357771873,0.36132174357771873,0,0,0,0,0,0,0,0,0,0,0,0,0,0,0,0,0,0,0,0,0,0,0,0,1,0,0,0,0,0,0,0,1,0,0,0,0,0,0,0,0,0,0,0,0,0,0,0,0,0,0,NA,NA,NA,NA,NA,NA,00-0028009,D.Murray,0,NA,NA,NA,NA,NA,NA,NA,NA,NA,NA,NA,NA,NA,NA,NA,NA,NA,NA,NA,NA,NA,NA,NA,NA,NA,NA,NA,NA,NA,NA,NA,NA,NA,NA,NA,NA,NA,NA,NA,NA,NA,NA,PHI,NA,00-0029653,NA,F.Cox,NA,NA,NA,NA,NA,NA,NA,NA,NA,NA,NA,NA,NA,0,NA,NA,NA,NA,NA,NA,NA,NA,NA,NA,NA,NA,NA,NA,NA,NA,NA,NA,NA,NA,NA,NA,NA,NA,NA,NA,NA,NA,NA,NA,NA,0,NA,NA,NA,NA,0,NA,NA,0,0,0,0,NA,NA,2014,NA,NA,58,0,Punt,4029,"12/14/14, 20:31:25",2014-12-15T04:29:43Z,Lincoln Financial Field,"Partly Cloudy Temp: 41° F, Humidity: 69%, Wind: NW 9 mph",10012014-1214-1333-37d5-82ac89e7c001,0,0,RUSH,0,NA,NA,NA,23,Punt,2014-12-15T04:29:43Z,3,1:07,0,0,0,4,4,-5,PUNT,PUNT,03:09,02:02,DAL 40,DAL 37,4029,4185,38,27,Home,-11,65,3.5,54.5,1,outdoors,grass,41,9,Chip Kelly,Jason Garrett,PHI00,Lincoln Financial Field,0,0,NA,NA,D.Murray,29,NA,NA,0,1,0,0,1,NA,00-0028009,NA,D.Murray,29,00-0028009,D.Murray,00-0028009,D.Murray,00-0028009,0,1,-0.5480406108545139,NA,NA,NA,NA,NA,0.03884151577949524,-3.884151577949524,2014,Go for it,NA,NA,NA,NA,NA,NA,NA,NA,NA,NA,Punt
4050,2014_15_DAL_PHI,2014121413,PHI,DAL,REG,15,NA,NA,NA,NA,NA,2014-12-14,185,185,185,Half2,0,22,0,4,NA,0,03:05,DAL 40,0,-3,Timeout #2 by PHI at 03:05.,no_play,0,0,0,0,0,0,0,NA,NA,NA,NA,NA,NA,NA,NA,NA,NA,1,2,1,PHI,NA,NA,NA,NA,NA,27,38,NA,NA,NA,NA,NA,NA,0,0,0,0,0,0,0,0,0,1.0098559011239558,-0,-15.97276925241328,15.97276925241328,4.094772020180244,-4.094772020180244,-14.991275190116788,14.991275190116788,NA,NA,0,0,-9.328942292771082,9.328942292771082,-3.404119692429329,3.404119692429329,-6.378415009349829,6.378415009349829,-9.809358173437587,9.809358173437587,0.9927026033401489,0.007297396659851074,0.007297396659851074,0.9927026033401489,-0,-0,0,NA,NA,0.9917279481887817,0.008272051811218262,-0.0014529301205675749,0.0014529301205675749,-0.407079439521984,0.407079439521984,NA,NA,0,0,-0.1539458445322074,0.1539458445322074,-0.2894957475364208,0.2894957475364208,-0.1555474809419669,0.1555474809419669,-0.36132174357771873,0.36132174357771873,0,0,0,0,0,0,0,0,0,0,0,0,0,0,0,0,0,0,0,0,0,0,0,0,0,0,0,0,0,0,0,0,0,0,0,0,0,0,0,0,0,0,0,0,0,0,0,0,0,0,0,NA,NA,NA,NA,NA,NA,NA,NA,NA,NA,NA,NA,NA,NA,NA,NA,NA,NA,NA,NA,NA,NA,NA,NA,NA,NA,NA,NA,NA,NA,NA,NA,NA,NA,NA,NA,NA,NA,NA,NA,NA,NA,NA,NA,NA,NA,NA,NA,NA,NA,NA,NA,NA,NA,NA,NA,NA,NA,NA,NA,NA,NA,NA,NA,NA,NA,NA,NA,NA,0,NA,NA,NA,NA,NA,NA,NA,NA,NA,NA,NA,NA,NA,NA,NA,NA,NA,NA,NA,NA,NA,NA,NA,NA,NA,NA,NA,NA,NA,NA,NA,0,NA,NA,NA,NA,0,NA,NA,0,0,0,0,NA,NA,2014,NA,NA,58,0,Punt,4050,"12/14/14, 20:31:25",2014-12-15T04:30:04Z,Lincoln Financial Field,"Partly Cloudy Temp: 41° F, Humidity: 69%, Wind: NW 9 mph",10012014-1214-1333-37d5-82ac89e7c001,0,0,TIMEOUT,0,NA,NA,NA,23,Punt,2014-12-15T04:29:43Z,3,1:07,0,0,0,4,4,-5,PUNT,PUNT,03:09,02:02,DAL 40,DAL 37,4029,4185,38,27,Home,-11,65,3.5,54.5,1,outdoors,grass,41,9,Chip Kelly,Jason Garrett,PHI00,Lincoln Financial Field,0,0,NA,NA,NA,NA,NA,NA,0,0,0,0,0,NA,NA,NA,NA,NA,NA,NA,NA,NA,NA,0,1,-0,NA,NA,NA,NA,NA,NA,NA,2014,Other,NA,NA,NA,NA,NA,NA,NA,NA,NA,NA,Punt
4067,2014_15_DAL_PHI,2014121413,PHI,DAL,REG,15,DAL,away,PHI,DAL,60,2014-12-14,185,185,185,Half2,0,22,0,4,2,0,03:05,DAL 40,10,-3,(3:05) 29-D.Murray right end to DAL 39 for -1 yards (96-B.Logan).,run,-1,0,0,0,0,0,0,NA,NA,NA,NA,right,end,NA,NA,NA,NA,1,2,0,NA,NA,NA,NA,2,1,27,38,38,27,11,38,27,11,0.4666488766670227,0.0711914598941803,8.371468866243958e-4,0.09277604520320892,0.17308035492897034,0.0025933480355888605,0.19287273287773132,0,0,1.0098559011239558,-1.1048559399787337,-14.867913312434546,14.867913312434546,5.199627960158978,-5.199627960158978,-14.991275190116788,14.991275190116788,NA,NA,0,0,-9.328942292771082,9.328942292771082,-3.404119692429329,3.404119692429329,-6.378415009349829,6.378415009349829,-9.809358173437587,9.809358173437587,0.9927026033401489,0.007297396659851074,0.007297396659851074,0.9927026033401489,-8.544921875e-4,-8.983612060546875e-4,8.983612060546875e-4,0.008151888847351074,0.9918481111526489,0.9917279481887817,0.008272051811218262,-5.984379330675749e-4,5.984379330675749e-4,-0.407079439521984,0.407079439521984,NA,NA,0,0,-0.1539458445322074,0.1539458445322074,-0.2894957475364208,0.2894957475364208,-0.1555474809419669,0.1555474809419669,-0.36132174357771873,0.36132174357771873,0,0,0,0,0,0,0,0,0,0,0,0,0,0,0,0,0,0,0,0,0,0,0,0,1,0,0,1,0,0,0,0,1,0,0,0,0,0,0,0,0,0,0,0,0,0,0,0,0,0,0,NA,NA,NA,NA,NA,NA,00-0028009,D.Murray,-1,NA,NA,NA,NA,NA,NA,NA,NA,NA,NA,NA,NA,NA,NA,NA,NA,NA,NA,NA,NA,NA,NA,NA,NA,NA,NA,NA,NA,00-0030507,B.Logan,NA,NA,NA,NA,NA,NA,NA,NA,NA,NA,NA,NA,PHI,NA,00-0030507,NA,B.Logan,NA,NA,NA,NA,NA,NA,NA,NA,NA,NA,NA,NA,NA,0,NA,NA,NA,NA,NA,NA,NA,NA,NA,NA,NA,NA,NA,NA,NA,NA,NA,NA,NA,NA,NA,NA,NA,NA,NA,NA,NA,NA,NA,NA,NA,0,NA,NA,NA,NA,0,NA,NA,0,0,0,0,NA,NA,2014,NA,NA,58,0,Punt,4067,"12/14/14, 20:31:25",2014-12-15T04:31:17Z,Lincoln Financial Field,"Partly Cloudy Temp: 41° F, Humidity: 69%, Wind: NW 9 mph",10012014-1214-1333-37d5-82ac89e7c001,0,0,RUSH,0,NA,NA,NA,23,Punt,2014-12-15T04:29:43Z,3,1:07,0,0,0,4,4,-5,PUNT,PUNT,03:09,02:02,DAL 40,DAL 37,4029,4185,38,27,Home,-11,65,3.5,54.5,1,outdoors,grass,41,9,Chip Kelly,Jason Garrett,PHI00,Lincoln Financial Field,0,0,NA,NA,D.Murray,29,NA,NA,0,1,0,0,1,NA,00-0028009,NA,D.Murray,29,00-0028009,D.Murray,00-0028009,D.Murray,00-0028009,0,1,-1.1048559399787337,NA,NA,NA,NA,NA,0.10231681913137436,-10.231681913137436,2014,Go for it,NA,NA,NA,NA,NA,NA,NA,NA,NA,NA,Punt
4099,2014_15_DAL_PHI,2014121413,PHI,DAL,REG,15,NA,NA,NA,NA,NA,2014-12-14,180,180,180,Half2,0,22,0,4,NA,0,03:00,DAL 39,0,-3,Timeout #3 by PHI at 03:00.,no_play,0,0,0,0,0,0,0,NA,NA,NA,NA,NA,NA,NA,NA,NA,NA,0,2,1,PHI,NA,NA,NA,NA,NA,27,38,NA,NA,NA,NA,NA,NA,0,0,0,0,0,0,0,0,0,-0.09500003885477781,-0,-14.867913312434546,14.867913312434546,5.199627960158978,-5.199627960158978,-14.991275190116788,14.991275190116788,NA,NA,0,0,-9.328942292771082,9.328942292771082,-3.404119692429329,3.404119692429329,-6.378415009349829,6.378415009349829,-9.809358173437587,9.809358173437587,0.9918481111526489,0.008151888847351074,0.008151888847351074,0.9918481111526489,-0,-0,0,NA,NA,0.990829586982727,0.00917041301727295,-5.984379330675749e-4,5.984379330675749e-4,-0.407079439521984,0.407079439521984,NA,NA,0,0,-0.1539458445322074,0.1539458445322074,-0.2894957475364208,0.2894957475364208,-0.1555474809419669,0.1555474809419669,-0.36132174357771873,0.36132174357771873,0,0,0,0,0,0,0,0,0,0,0,0,0,0,0,0,0,0,0,0,0,0,0,0,0,0,0,0,0,0,0,0,0,0,0,0,0,0,0,0,0,0,0,0,0,0,0,0,0,0,0,NA,NA,NA,NA,NA,NA,NA,NA,NA,NA,NA,NA,NA,NA,NA,NA,NA,NA,NA,NA,NA,NA,NA,NA,NA,NA,NA,NA,NA,NA,NA,NA,NA,NA,NA,NA,NA,NA,NA,NA,NA,NA,NA,NA,NA,NA,NA,NA,NA,NA,NA,NA,NA,NA,NA,NA,NA,NA,NA,NA,NA,NA,NA,NA,NA,NA,NA,NA,NA,0,NA,NA,NA,NA,NA,NA,NA,NA,NA,NA,NA,NA,NA,NA,NA,NA,NA,NA,NA,NA,NA,NA,NA,NA,NA,NA,NA,NA,NA,NA,NA,0,NA,NA,NA,NA,0,NA,NA,0,0,0,0,NA,NA,2014,NA,NA,58,0,Punt,4099,"12/14/14, 20:31:25",2014-12-15T04:31:47Z,Lincoln Financial Field,"Partly Cloudy Temp: 41° F, Humidity: 69%, Wind: NW 9 mph",10012014-1214-1333-37d5-82ac89e7c001,0,0,TIMEOUT,0,NA,NA,NA,23,Punt,2014-12-15T04:29:43Z,3,1:07,0,0,0,4,4,-5,PUNT,PUNT,03:09,02:02,DAL 40,DAL 37,4029,4185,38,27,Home,-11,65,3.5,54.5,1,outdoors,grass,41,9,Chip Kelly,Jason Garrett,PHI00,Lincoln Financial Field,0,0,NA,NA,NA,NA,NA,NA,0,0,0,0,0,NA,NA,NA,NA,NA,NA,NA,NA,NA,NA,0,1,-0,NA,NA,NA,NA,NA,NA,NA,2014,Other,NA,NA,NA,NA,NA,NA,NA,NA,NA,NA,Punt
4116,2014_15_DAL_PHI,2014121413,PHI,DAL,REG,15,DAL,away,PHI,DAL,61,2014-12-14,180,180,180,Half2,0,22,0,4,3,0,03:00,DAL 39,11,-3,(3:00) (Shotgun) 25-L.Dunbar left end to DAL 42 for 3 yards (50-C.Matthews).,run,3,1,0,0,0,0,0,NA,NA,NA,NA,left,end,NA,NA,NA,NA,0,2,0,NA,NA,NA,NA,2,0,27,38,38,27,11,38,27,11,0.6030778288841248,0.07668112963438034,0.0017318612663075328,0.1237112283706665,0.08749579638242722,0.0018233380978927016,0.10547880083322525,0,0,-0.09500003885477781,-0.3905928593594581,-14.477320453075087,14.477320453075087,5.590220819518436,-5.590220819518436,-14.991275190116788,14.991275190116788,NA,NA,0,0,-9.328942292771082,9.328942292771082,-3.404119692429329,3.404119692429329,-6.378415009349829,6.378415009349829,-9.809358173437587,9.809358173437587,0.9918481111526489,0.008151888847351074,0.008151888847351074,0.9918481111526489,0.001967787742614746,0.00103074312210083,-0.00103074312210083,0.006184101104736328,0.9938158988952637,0.990829586982727,0.00917041301727295,-0.002566225675682321,0.002566225675682321,-0.407079439521984,0.407079439521984,NA,NA,0,0,-0.1539458445322074,0.1539458445322074,-0.2894957475364208,0.2894957475364208,-0.1555474809419669,0.1555474809419669,-0.36132174357771873,0.36132174357771873,0,0,0,0,0,1,0,0,0,0,0,0,0,0,0,0,0,0,0,0,0,0,0,0,1,0,0,0,0,0,0,0,1,0,0,0,0,0,0,0,0,0,0,0,0,0,0,0,0,0,0,NA,NA,NA,NA,NA,NA,00-0029004,L.Dunbar,3,NA,NA,NA,NA,NA,NA,NA,NA,NA,NA,NA,NA,NA,NA,NA,NA,NA,NA,NA,NA,NA,NA,NA,NA,NA,NA,NA,NA,NA,NA,NA,NA,NA,NA,NA,NA,NA,NA,NA,NA,NA,NA,PHI,NA,00-0028054,NA,C.Matthews,NA,NA,NA,NA,NA,NA,NA,NA,NA,NA,NA,NA,NA,0,NA,NA,NA,NA,NA,NA,NA,NA,NA,NA,NA,NA,NA,NA,NA,NA,NA,NA,NA,NA,NA,NA,NA,NA,NA,NA,NA,NA,NA,NA,NA,0,NA,NA,NA,NA,0,NA,NA,0,0,0,0,NA,NA,2014,NA,NA,58,0,Punt,4116,"12/14/14, 20:31:25",2014-12-15T04:31:55Z,Lincoln Financial Field,"Partly Cloudy Temp: 41° F, Humidity: 69%, Wind: NW 9 mph",10012014-1214-1333-37d5-82ac89e7c001,0,0,RUSH,0,NA,NA,NA,23,Punt,2014-12-15T04:29:43Z,3,1:07,0,0,0,4,4,-5,PUNT,PUNT,03:09,02:02,DAL 40,DAL 37,4029,4185,38,27,Home,-11,65,3.5,54.5,1,outdoors,grass,41,9,Chip Kelly,Jason Garrett,PHI00,Lincoln Financial Field,0,0,NA,NA,L.Dunbar,25,NA,NA,0,1,0,0,1,NA,00-0029004,NA,L.Dunbar,25,00-0029004,L.Dunbar,00-0029004,L.Dunbar,00-0029004,0,1,-0.3905928593594581,NA,NA,NA,NA,NA,0.26226118206977844,-26.226118206977844,2014,Go for it,NA,NA,NA,NA,NA,NA,NA,NA,NA,NA,Punt
4137,2014_15_DAL_PHI,2014121413,PHI,DAL,REG,15,NA,NA,NA,NA,NA,2014-12-14,135,135,135,Half2,0,22,0,4,NA,0,02:15,DAL 42,0,-3,Timeout #2 by DAL at 02:15.,no_play,0,0,0,0,0,0,0,NA,NA,NA,NA,NA,NA,NA,NA,NA,NA,0,1,1,DAL,NA,NA,NA,NA,NA,27,38,NA,NA,NA,NA,NA,NA,0,0,0,0,0,0,0,0,0,-0.4855928982142359,-0,-14.477320453075087,14.477320453075087,5.590220819518436,-5.590220819518436,-14.991275190116788,14.991275190116788,NA,NA,0,0,-9.328942292771082,9.328942292771082,-3.404119692429329,3.404119692429329,-6.378415009349829,6.378415009349829,-9.809358173437587,9.809358173437587,0.9938158988952637,0.006184101104736328,0.006184101104736328,0.9938158988952637,-0,-0,0,NA,NA,0.9918603301048279,0.00813966989517212,-0.002566225675682321,0.002566225675682321,-0.407079439521984,0.407079439521984,NA,NA,0,0,-0.1539458445322074,0.1539458445322074,-0.2894957475364208,0.2894957475364208,-0.1555474809419669,0.1555474809419669,-0.36132174357771873,0.36132174357771873,0,0,0,0,0,0,0,0,0,0,0,0,0,0,0,0,0,0,0,0,0,0,0,0,0,0,0,0,0,0,0,0,0,0,0,0,0,0,0,0,0,0,0,0,0,0,0,0,0,0,0,NA,NA,NA,NA,NA,NA,NA,NA,NA,NA,NA,NA,NA,NA,NA,NA,NA,NA,NA,NA,NA,NA,NA,NA,NA,NA,NA,NA,NA,NA,NA,NA,NA,NA,NA,NA,NA,NA,NA,NA,NA,NA,NA,NA,NA,NA,NA,NA,NA,NA,NA,NA,NA,NA,NA,NA,NA,NA,NA,NA,NA,NA,NA,NA,NA,NA,NA,NA,NA,0,NA,NA,NA,NA,NA,NA,NA,NA,NA,NA,NA,NA,NA,NA,NA,NA,NA,NA,NA,NA,NA,NA,NA,NA,NA,NA,NA,NA,NA,NA,NA,0,NA,NA,NA,NA,0,NA,NA,0,0,0,0,NA,NA,2014,NA,NA,58,0,Punt,4137,"12/14/14, 20:31:25",2014-12-15T04:32:52Z,Lincoln Financial Field,"Partly Cloudy Temp: 41° F, Humidity: 69%, Wind: NW 9 mph",10012014-1214-1333-37d5-82ac89e7c001,0,0,TIMEOUT,0,NA,NA,NA,23,Punt,2014-12-15T04:29:43Z,3,1:07,0,0,0,4,4,-5,PUNT,PUNT,03:09,02:02,DAL 40,DAL 37,4029,4185,38,27,Home,-11,65,3.5,54.5,1,outdoors,grass,41,9,Chip Kelly,Jason Garrett,PHI00,Lincoln Financial Field,0,0,NA,NA,NA,NA,NA,NA,0,0,0,0,0,NA,NA,NA,NA,NA,NA,NA,NA,NA,NA,0,1,-0,NA,NA,NA,NA,NA,NA,NA,2014,Other,NA,NA,NA,NA,NA,NA,NA,NA,NA,NA,Punt
4158,2014_15_DAL_PHI,2014121413,PHI,DAL,REG,15,DAL,away,PHI,DAL,58,2014-12-14,135,135,135,Half2,0,22,0,4,4,0,02:15,DAL 42,8,-3,"(2:15) (Punt formation) PENALTY on DAL-54-B.Carter, False Start, 5 yards, enforced at DAL 42 - No Play.",no_play,0,0,0,0,0,0,0,NA,NA,NA,NA,NA,NA,NA,NA,NA,NA,0,1,0,NA,NA,NA,NA,1,0,27,38,38,27,11,38,27,11,0.7001566290855408,0.06788951903581619,0.0019267237512394786,0.12302130460739136,0.038272127509117126,0.002574862679466605,0.06615887582302094,0,0,-0.4855928982142359,-0.174808070063591,-14.302512383011496,14.302512383011496,5.590220819518436,-5.590220819518436,-14.991275190116788,14.991275190116788,NA,NA,0,0,-9.328942292771082,9.328942292771082,-3.404119692429329,3.404119692429329,-6.378415009349829,6.378415009349829,-9.809358173437587,9.809358173437587,0.9938158988952637,0.006184101104736328,0.006184101104736328,0.9938158988952637,-4.870891571044922e-4,-0.0011520981788635254,0.0011520981788635254,NA,NA,0.9918603301048279,0.00813966989517212,-0.002566225675682321,0.002566225675682321,-0.407079439521984,0.407079439521984,NA,NA,0,0,-0.1539458445322074,0.1539458445322074,-0.2894957475364208,0.2894957475364208,-0.1555474809419669,0.1555474809419669,-0.36132174357771873,0.36132174357771873,0,0,0,0,0,0,0,0,0,0,0,0,0,0,0,0,0,0,0,0,0,0,0,0,0,0,1,0,0,0,0,0,0,0,0,0,0,0,0,0,0,0,0,0,0,0,0,0,0,0,0,NA,NA,NA,NA,NA,NA,NA,NA,NA,NA,NA,NA,NA,NA,NA,NA,NA,NA,NA,NA,NA,NA,NA,NA,NA,NA,NA,NA,NA,NA,NA,NA,NA,NA,NA,NA,NA,NA,NA,NA,NA,NA,NA,NA,NA,NA,NA,NA,NA,NA,NA,NA,NA,NA,NA,NA,NA,NA,NA,NA,NA,NA,NA,NA,NA,NA,NA,NA,NA,0,NA,NA,NA,NA,NA,NA,NA,NA,NA,NA,NA,NA,NA,NA,NA,NA,NA,NA,NA,NA,NA,NA,NA,NA,NA,NA,NA,NA,NA,NA,NA,0,DAL,00-0027978,B.Carter,5,0,NA,False Start,0,0,0,0,NA,NA,2014,NA,NA,58,0,Punt,4158,"12/14/14, 20:31:25",2014-12-15T04:33:28Z,Lincoln Financial Field,"Partly Cloudy Temp: 41° F, Humidity: 69%, Wind: NW 9 mph",10012014-1214-1333-37d5-82ac89e7c001,0,0,UNSPECIFIED,0,NA,NA,NA,23,Punt,2014-12-15T04:29:43Z,3,1:07,0,0,0,4,4,-5,PUNT,PUNT,03:09,02:02,DAL 40,DAL 37,4029,4185,38,27,Home,-11,65,3.5,54.5,1,outdoors,grass,41,9,Chip Kelly,Jason Garrett,PHI00,Lincoln Financial Field,0,0,NA,NA,NA,NA,NA,NA,0,0,0,0,1,NA,NA,NA,NA,NA,NA,NA,NA,NA,NA,0,1,-0.174808070063591,NA,NA,NA,NA,NA,0.39073213934898376,NA,2014,Other,-0.6472797909146344,0.39149369800725253,0.9676663265411909,0.9961552794400487,0.9788195742113326,0,0.963557867333293,0.9976622122339904,0.963557867333293,0.9852923721204789,Punt
4185,2014_15_DAL_PHI,2014121413,PHI,DAL,REG,15,DAL,away,PHI,DAL,63,2014-12-14,135,135,135,Half2,0,22,0,4,4,0,02:15,DAL 37,13,-3,"(2:15) 6-C.Jones punts 40 yards to PHI 23, Center-91-L.Ladouceur. 43-D.Sproles MUFFS catch, and recovers at PHI 23. 43-D.Sproles to PHI 24 for 1 yard (17-D.Harris).",punt,0,0,0,0,0,0,0,NA,NA,NA,NA,NA,NA,NA,40,NA,NA,0,1,0,NA,NA,NA,NA,1,0,27,38,38,27,11,38,27,11,0.6785644292831421,0.07671103626489639,0.002510298043489456,0.1404646784067154,0.037009309977293015,0.001240830752067268,0.06349941343069077,0,0,-0.6604009682778269,-0.3798435090575367,-13.92266887395396,13.92266887395396,5.590220819518436,-5.590220819518436,-14.991275190116788,14.991275190116788,NA,NA,0,0,-9.328942292771082,9.328942292771082,-3.404119692429329,3.404119692429329,-6.378415009349829,6.378415009349829,-9.809358173437587,9.809358173437587,0.9933288097381592,0.00667119026184082,0.00667119026184082,0.9933288097381592,-0.00684727355837822,-0.0051208678632974625,0.0051208678632974625,0.01351846382021904,0.986481536179781,0.9907082319259644,0.009291768074035645,-0.002566225675682321,0.002566225675682321,-0.407079439521984,0.407079439521984,NA,NA,0,0,-0.1539458445322074,0.1539458445322074,-0.2894957475364208,0.2894957475364208,-0.1555474809419669,0.1555474809419669,-0.36132174357771873,0.36132174357771873,0,0,0,0,0,0,0,0,0,0,0,0,0,0,0,0,0,0,0,0,0,0,1,0,1,0,0,0,0,0,0,0,0,0,0,0,0,0,0,0,0,0,0,1,1,0,0,0,0,0,0,NA,NA,NA,NA,NA,NA,NA,NA,NA,NA,NA,NA,NA,NA,NA,NA,NA,NA,NA,NA,NA,00-0023564,D.Sproles,NA,NA,NA,NA,NA,NA,00-0028664,C.Jones,NA,NA,NA,NA,NA,NA,NA,NA,NA,NA,NA,NA,NA,NA,NA,NA,NA,NA,NA,NA,DAL,NA,00-0028114,NA,D.Harris,NA,NA,NA,NA,NA,NA,NA,NA,NA,NA,NA,NA,NA,0,NA,NA,NA,NA,NA,NA,NA,NA,NA,NA,PHI,00-0023564,D.Sproles,NA,NA,NA,PHI,0,00-0023564,D.Sproles,NA,NA,NA,NA,NA,NA,NA,NA,NA,NA,PHI,1,NA,NA,NA,NA,0,NA,NA,0,0,0,0,NA,NA,2014,NA,NA,58,0,Punt,4185,"12/14/14, 20:31:25",2014-12-15T04:34:01Z,Lincoln Financial Field,"Partly Cloudy Temp: 41° F, Humidity: 69%, Wind: NW 9 mph",10012014-1214-1333-37d5-82ac89e7c001,0,0,PUNT,1,NA,NA,NA,23,Punt,2014-12-15T04:29:43Z,3,1:07,0,0,0,4,4,-5,PUNT,PUNT,03:09,02:02,DAL 40,DAL 37,4029,4185,38,27,Home,-11,65,3.5,54.5,1,outdoors,grass,41,9,Chip Kelly,Jason Garrett,PHI00,Lincoln Financial Field,0,0,NA,NA,NA,NA,NA,NA,0,0,0,1,0,NA,NA,NA,NA,NA,NA,NA,NA,NA,NA,0,1,-0.3798435090575367,NA,NA,NA,NA,NA,NA,NA,2014,Punt,-1.116481704691319,0.22320236557425233,0.9665560559594796,0.9962095211634098,0.9731747895619548,0,0.9623641204088926,0.9976622122339904,0.9623641204088926,0.984339606608868,Punt
4219,2014_15_DAL_PHI,2014121413,PHI,DAL,REG,15,PHI,home,DAL,PHI,76,2014-12-14,122,122,122,Half2,0,23,0,4,1,0,02:02,PHI 24,10,17,(2:02) (Shotgun) 3-M.Sanchez pass deep middle to 14-R.Cooper to PHI 41 for 17 yards (26-S.Moore).,pass,17,1,0,1,0,0,0,deep,middle,17,0,NA,NA,NA,NA,NA,NA,0,1,0,NA,NA,NA,NA,0,1,27,38,27,38,-11,27,38,-11,0.7006257772445679,0.028556818142533302,8.431890746578574e-4,0.033088963478803635,0.07236260920763016,0.001904448145069182,0.16261819005012512,0,0,1.0402444773353636,0.44696824555285275,-13.475700628401107,13.475700628401107,5.590220819518436,-5.590220819518436,-14.544306944563935,14.544306944563935,0.44696824555285275,0,0.44696824555285275,0,-8.881974047218229,8.881974047218229,-3.404119692429329,3.404119692429329,-5.931446763796976,5.931446763796976,-9.809358173437587,9.809358173437587,0.01351846382021904,0.986481536179781,0.01351846382021904,0.986481536179781,6.022835150361061e-4,0.0042007677257061005,0.0042007677257061005,0.014120747335255146,0.9858792526647449,0.014412635937333107,0.014412635937333107,-0.002566225675682321,0.002566225675682321,-0.4064771560069479,0.4064771560069479,6.022835150361061e-4,0,6.022835150361061e-4,0,-0.15334356101717128,0.15334356101717128,-0.2894957475364208,0.2894957475364208,-0.1549451974269308,0.1549451974269308,-0.36132174357771873,0.36132174357771873,0,0,1,0,0,0,0,0,0,0,0,0,0,0,0,0,0,0,0,0,0,0,0,0,1,0,0,0,0,0,0,0,0,1,0,0,0,0,0,0,0,0,0,0,0,1,0,0,0,0,0,00-0026898,M.Sanchez,17,00-0027758,R.Cooper,17,NA,NA,NA,NA,NA,NA,NA,NA,NA,NA,NA,NA,NA,NA,NA,NA,NA,NA,NA,NA,NA,NA,NA,NA,NA,NA,NA,NA,NA,NA,NA,NA,NA,NA,NA,NA,NA,NA,NA,NA,NA,NA,NA,NA,NA,DAL,NA,00-0028767,NA,S.Moore,NA,NA,NA,NA,NA,NA,NA,NA,NA,NA,NA,NA,NA,0,NA,NA,NA,NA,NA,NA,NA,NA,NA,NA,NA,NA,NA,NA,NA,NA,NA,NA,NA,NA,NA,NA,NA,NA,NA,NA,NA,NA,NA,NA,NA,0,NA,NA,NA,NA,0,NA,NA,0,0,0,0,NA,NA,2014,0.6906867027282715,30.93132972717285,59,1,First down,4219,"12/14/14, 20:31:25",2014-12-15T04:34:53Z,Lincoln Financial Field,"Partly Cloudy Temp: 41° F, Humidity: 69%, Wind: NW 9 mph",10012014-1214-1333-37d5-82ac89e7c001,0,0,PASS,0,NA,NA,NA,24,Turnover,2014-12-15T04:34:53Z,2,0:12,1,0,0,4,4,0,PUNT,INTERCEPTION,02:02,01:50,PHI 24,PHI 41,4219,4264,38,27,Home,-11,65,3.5,54.5,1,outdoors,grass,41,9,Chip Kelly,Jason Garrett,PHI00,Lincoln Financial Field,0,1,M.Sanchez,3,NA,NA,R.Cooper,14,1,0,1,0,1,00-0026898,NA,00-0027758,M.Sanchez,3,00-0026898,R.Cooper,00-0027758,R.Cooper,00-0027758,0,1,0.44696824555285275,0.23077979444863583,4.700315313486499,2,1,1,0.9870589375495911,1.2941062450408936,2014,Go for it,NA,NA,NA,NA,NA,NA,NA,NA,NA,NA,Punt
4264,2014_15_DAL_PHI,2014121413,PHI,DAL,REG,15,PHI,home,DAL,PHI,59,2014-12-14,117,117,117,Half2,0,23,0,4,1,0,01:57,PHI 41,10,17,(1:57) (Shotgun) 3-M.Sanchez pass short middle intended for 18-J.Maclin INTERCEPTED by 54-B.Carter at DAL 45. 54-B.Carter to PHI 47 for 8 yards (66-A.Gardner).,pass,0,1,0,1,0,0,0,short,middle,14,NA,NA,NA,NA,NA,NA,NA,0,1,0,NA,NA,NA,NA,0,1,27,38,27,38,-11,27,38,-11,0.6509435772895813,0.020622653886675835,4.121857928112149e-4,0.02257530763745308,0.1055801510810852,0.0015741316601634026,0.19829192757606506,0,0,1.4872127228882164,-2.971494788886048,-16.447195417287155,16.447195417287155,5.590220819518436,-5.590220819518436,-17.515801733449983,17.515801733449983,0.6318644846905954,-3.6033592735766433,0,0,-8.881974047218229,8.881974047218229,-3.404119692429329,3.404119692429329,-5.299582279106381,5.299582279106381,-13.41271744701423,13.41271744701423,0.014120747335255146,0.9858792526647449,0.014120747335255146,0.9858792526647449,-0.012089242227375507,-0.016823356971144676,-0.016823356971144676,0.0020315051078796387,0.9979684948921204,0.018613403663039207,0.018613403663039207,-0.002566225675682321,0.002566225675682321,-0.4185663982343234,0.4185663982343234,0,-0.012089242227375507,0,0,-0.15334356101717128,0.15334356101717128,-0.2894957475364208,0.2894957475364208,-0.1549451974269308,0.1549451974269308,-0.37341098580509424,0.37341098580509424,0,0,0,0,0,0,0,0,0,0,1,0,0,0,0,0,0,0,0,0,0,0,0,0,1,0,0,0,0,0,0,0,0,1,0,0,0,0,0,0,0,0,0,0,0,0,0,0,0,0,0,00-0026898,M.Sanchez,NA,00-0026995,J.Maclin,NA,NA,NA,NA,NA,NA,NA,NA,NA,NA,NA,NA,00-0027978,B.Carter,NA,NA,NA,NA,NA,NA,NA,NA,NA,NA,NA,NA,NA,NA,NA,NA,NA,NA,NA,NA,NA,NA,NA,NA,NA,NA,NA,NA,NA,NA,NA,NA,PHI,NA,00-0026929,NA,A.Gardner,NA,NA,NA,NA,NA,NA,NA,NA,NA,NA,NA,NA,NA,0,NA,NA,NA,NA,NA,NA,00-0027978,B.Carter,NA,NA,NA,NA,NA,NA,NA,NA,NA,NA,NA,NA,NA,NA,NA,NA,NA,NA,NA,NA,NA,NA,DAL,8,NA,NA,NA,NA,0,NA,NA,0,0,0,0,NA,NA,2014,0.6944946050643921,-69.44946050643921,60,0,Turnover,4264,"12/14/14, 20:31:25",2014-12-15T04:37:12Z,Lincoln Financial Field,"Partly Cloudy Temp: 41° F, Humidity: 69%, Wind: NW 9 mph",10012014-1214-1333-37d5-82ac89e7c001,0,0,INTERCEPTION,0,NA,NA,NA,24,Turnover,2014-12-15T04:34:53Z,2,0:12,1,0,0,4,4,0,PUNT,INTERCEPTION,02:02,01:50,PHI 24,PHI 41,4219,4264,38,27,Home,-11,65,3.5,54.5,1,outdoors,grass,41,9,Chip Kelly,Jason Garrett,PHI00,Lincoln Financial Field,0,0,M.Sanchez,3,NA,NA,J.Maclin,18,1,0,0,0,1,00-0026898,NA,00-0026995,M.Sanchez,3,00-0026898,J.Maclin,00-0026995,J.Maclin,00-0026995,0,1,-2.971494788886048,0.27902767051357913,4.449437793315155,2,1,0.9993884949944913,0.9899148941040039,1.0085105895996094,2014,Go for it,NA,NA,NA,NA,NA,NA,NA,NA,NA,NA,Punt
4290,2014_15_DAL_PHI,2014121413,PHI,DAL,REG,15,DAL,away,PHI,PHI,47,2014-12-14,110,110,110,Half2,0,24,0,4,1,0,01:50,PHI 47,10,-3,(1:50) 9-T.Romo kneels to PHI 48 for -1 yards.,qb_kneel,-1,0,0,0,1,0,0,NA,NA,NA,NA,NA,NA,NA,NA,NA,NA,0,1,0,NA,NA,NA,NA,1,0,27,38,38,27,11,38,27,11,0.615829586982727,0.029421081766486168,4.2650551768019795e-4,0.020111575722694397,0.15362173318862915,0.0021624865476042032,0.17842702567577362,0,0,1.4842820659978315,-0.5207543607102707,-15.926441056576884,15.926441056576884,5.590220819518436,-5.590220819518436,-17.515801733449983,17.515801733449983,NA,NA,0,0,-8.881974047218229,8.881974047218229,-3.404119692429329,3.404119692429329,-5.299582279106381,5.299582279106381,-13.41271744701423,13.41271744701423,0.9979684948921204,0.0020315051078796387,0.0020315051078796387,0.9979684948921204,NA,NA,-7.712244987487793e-4,NA,NA,0.9982099533081055,0.0017900466918945312,-0.002566225675682321,0.002566225675682321,-0.4185663982343234,0.4185663982343234,NA,NA,0,0,-0.15334356101717128,0.15334356101717128,-0.2894957475364208,0.2894957475364208,-0.1549451974269308,0.1549451974269308,-0.37341098580509424,0.37341098580509424,0,0,0,0,0,0,0,0,0,0,0,0,0,0,0,0,0,0,0,0,0,0,0,0,0,0,0,0,0,0,0,0,1,0,0,0,0,0,0,0,0,0,0,0,0,0,0,0,0,0,0,NA,NA,NA,NA,NA,NA,00-0021678,T.Romo,-1,NA,NA,NA,NA,NA,NA,NA,NA,NA,NA,NA,NA,NA,NA,NA,NA,NA,NA,NA,NA,NA,NA,NA,NA,NA,NA,NA,NA,NA,NA,NA,NA,NA,NA,NA,NA,NA,NA,NA,NA,NA,NA,NA,NA,NA,NA,NA,NA,NA,NA,NA,NA,NA,NA,NA,NA,NA,NA,NA,NA,0,NA,NA,NA,NA,NA,NA,NA,NA,NA,NA,NA,NA,NA,NA,NA,NA,NA,NA,NA,NA,NA,NA,NA,NA,NA,NA,NA,NA,NA,NA,NA,0,NA,NA,NA,NA,0,NA,NA,0,0,0,0,NA,NA,2014,NA,NA,61,0,QB kneel,4290,"12/14/14, 20:31:25",2014-12-15T04:38:13Z,Lincoln Financial Field,"Partly Cloudy Temp: 41° F, Humidity: 69%, Wind: NW 9 mph",10012014-1214-1333-37d5-82ac89e7c001,0,0,RUSH,0,NA,NA,NA,25,End of half,2014-12-15T04:38:13Z,3,1:50,0,0,0,4,4,0,INTERCEPTION,END_GAME,01:50,00:00,PHI 47,PHI 49,4290,4353,38,27,Home,-11,65,3.5,54.5,1,outdoors,grass,41,9,Chip Kelly,Jason Garrett,PHI00,Lincoln Financial Field,0,0,NA,NA,T.Romo,NA,NA,NA,0,0,0,0,0,NA,00-0021678,NA,T.Romo,NA,00-0021678,T.Romo,00-0021678,T.Romo,00-0021678,0,1,-0.5207543607102707,NA,NA,NA,NA,NA,NA,NA,2014,Other,NA,NA,NA,NA,NA,NA,NA,NA,NA,NA,Punt
4311,2014_15_DAL_PHI,2014121413,PHI,DAL,REG,15,DAL,away,PHI,PHI,48,2014-12-14,72,72,72,Half2,0,24,0,4,2,0,01:12,PHI 48,11,-3,(1:12) 9-T.Romo kneels to PHI 49 for -1 yards.,qb_kneel,-1,0,0,0,1,0,0,NA,NA,NA,NA,NA,NA,NA,NA,NA,NA,0,1,0,NA,NA,NA,NA,1,0,27,38,38,27,11,38,27,11,0.6881675720214844,0.030119100585579872,6.302883848547935e-4,0.016085371375083923,0.17015890777111053,0.001320972922258079,0.09351778775453568,0,0,0.9635277052875608,-0.28364821791183203,-15.642792838665052,15.642792838665052,5.590220819518436,-5.590220819518436,-17.515801733449983,17.515801733449983,NA,NA,0,0,-8.881974047218229,8.881974047218229,-3.404119692429329,3.404119692429329,-5.299582279106381,5.299582279106381,-13.41271744701423,13.41271744701423,0.9976646900177002,0.0023353099822998047,0.0023353099822998047,0.9976646900177002,NA,NA,-2.7632713317871094e-4,NA,NA,0.9989811778068542,0.001018822193145752,-0.002566225675682321,0.002566225675682321,-0.4185663982343234,0.4185663982343234,NA,NA,0,0,-0.15334356101717128,0.15334356101717128,-0.2894957475364208,0.2894957475364208,-0.1549451974269308,0.1549451974269308,-0.37341098580509424,0.37341098580509424,0,0,0,0,0,0,0,0,0,0,0,0,0,0,0,0,0,0,0,0,0,0,0,0,0,0,0,0,0,0,0,0,1,0,0,0,0,0,0,0,0,0,0,0,0,0,0,0,0,0,0,NA,NA,NA,NA,NA,NA,00-0021678,T.Romo,-1,NA,NA,NA,NA,NA,NA,NA,NA,NA,NA,NA,NA,NA,NA,NA,NA,NA,NA,NA,NA,NA,NA,NA,NA,NA,NA,NA,NA,NA,NA,NA,NA,NA,NA,NA,NA,NA,NA,NA,NA,NA,NA,NA,NA,NA,NA,NA,NA,NA,NA,NA,NA,NA,NA,NA,NA,NA,NA,NA,NA,0,NA,NA,NA,NA,NA,NA,NA,NA,NA,NA,NA,NA,NA,NA,NA,NA,NA,NA,NA,NA,NA,NA,NA,NA,NA,NA,NA,NA,NA,NA,NA,0,NA,NA,NA,NA,0,NA,NA,0,0,0,0,NA,NA,2014,NA,NA,61,0,QB kneel,4311,"12/14/14, 20:31:25",2014-12-15T04:38:51Z,Lincoln Financial Field,"Partly Cloudy Temp: 41° F, Humidity: 69%, Wind: NW 9 mph",10012014-1214-1333-37d5-82ac89e7c001,0,0,RUSH,0,NA,NA,NA,25,End of half,2014-12-15T04:38:13Z,3,1:50,0,0,0,4,4,0,INTERCEPTION,END_GAME,01:50,00:00,PHI 47,PHI 49,4290,4353,38,27,Home,-11,65,3.5,54.5,1,outdoors,grass,41,9,Chip Kelly,Jason Garrett,PHI00,Lincoln Financial Field,0,0,NA,NA,T.Romo,NA,NA,NA,0,0,0,0,0,NA,00-0021678,NA,T.Romo,NA,00-0021678,T.Romo,00-0021678,T.Romo,00-0021678,0,1,-0.28364821791183203,NA,NA,NA,NA,NA,NA,NA,2014,Other,NA,NA,NA,NA,NA,NA,NA,NA,NA,NA,Punt
4332,2014_15_DAL_PHI,2014121413,PHI,DAL,REG,15,DAL,away,PHI,PHI,49,2014-12-14,38,38,38,Half2,0,24,0,4,3,0,00:38,PHI 49,12,-3,(:38) 9-T.Romo kneels to 50 for -1 yards.,qb_kneel,-1,0,0,0,1,0,0,NA,NA,NA,NA,NA,NA,NA,NA,NA,NA,0,1,0,NA,NA,NA,NA,1,0,27,38,38,27,11,38,27,11,0.7502304911613464,0.022816091775894165,7.706457399763167e-4,0.010567002929747105,0.17050497233867645,6.904308684170246e-4,0.04442032799124718,0,0,0.6798794873757288,-0.6798794873757288,-14.962913351289323,14.962913351289323,5.590220819518436,-5.590220819518436,-17.515801733449983,17.515801733449983,NA,NA,0,0,-8.881974047218229,8.881974047218229,-3.404119692429329,3.404119692429329,-5.299582279106381,5.299582279106381,-13.41271744701423,13.41271744701423,0.99791020154953,0.0020897984504699707,0.0020897984504699707,0.99791020154953,NA,NA,-7.42495059967041e-4,NA,NA,0.999257504940033,7.42495059967041e-4,-0.002566225675682321,0.002566225675682321,-0.4185663982343234,0.4185663982343234,NA,NA,0,0,-0.15334356101717128,0.15334356101717128,-0.2894957475364208,0.2894957475364208,-0.1549451974269308,0.1549451974269308,-0.37341098580509424,0.37341098580509424,0,0,0,0,0,1,0,0,0,0,0,0,0,0,0,0,0,0,0,0,0,0,0,0,0,0,0,0,0,0,0,0,1,0,0,0,0,0,0,0,0,0,0,0,0,0,0,0,0,0,0,NA,NA,NA,NA,NA,NA,00-0021678,T.Romo,-1,NA,NA,NA,NA,NA,NA,NA,NA,NA,NA,NA,NA,NA,NA,NA,NA,NA,NA,NA,NA,NA,NA,NA,NA,NA,NA,NA,NA,NA,NA,NA,NA,NA,NA,NA,NA,NA,NA,NA,NA,NA,NA,NA,NA,NA,NA,NA,NA,NA,NA,NA,NA,NA,NA,NA,NA,NA,NA,NA,NA,0,NA,NA,NA,NA,NA,NA,NA,NA,NA,NA,NA,NA,NA,NA,NA,NA,NA,NA,NA,NA,NA,NA,NA,NA,NA,NA,NA,NA,NA,NA,NA,0,NA,NA,NA,NA,0,NA,NA,0,0,0,0,NA,NA,2014,NA,NA,61,0,QB kneel,4332,"12/14/14, 20:31:25",2014-12-15T04:39:25Z,Lincoln Financial Field,"Partly Cloudy Temp: 41° F, Humidity: 69%, Wind: NW 9 mph",10012014-1214-1333-37d5-82ac89e7c001,0,0,RUSH,0,NA,NA,NA,25,End of half,2014-12-15T04:38:13Z,3,1:50,0,0,0,4,4,0,INTERCEPTION,END_GAME,01:50,00:00,PHI 47,PHI 49,4290,4353,38,27,Home,-11,65,3.5,54.5,1,outdoors,grass,41,9,Chip Kelly,Jason Garrett,PHI00,Lincoln Financial Field,0,0,NA,NA,T.Romo,NA,NA,NA,0,0,0,0,0,NA,00-0021678,NA,T.Romo,NA,00-0021678,T.Romo,00-0021678,T.Romo,00-0021678,0,1,-0.6798794873757288,NA,NA,NA,NA,NA,NA,NA,2014,Other,NA,NA,NA,NA,NA,NA,NA,NA,NA,NA,Punt
4353,2014_15_DAL_PHI,2014121413,PHI,DAL,REG,15,DAL,away,PHI,NA,NA,2014-12-14,0,0,0,Half2,0,24,0,4,NA,0,00:00,NA,0,-3,END GAME,NA,NA,0,0,NA,0,0,0,NA,NA,NA,NA,NA,NA,NA,NA,NA,NA,0,1,NA,NA,NA,NA,NA,1,0,27,38,38,27,11,38,27,11,0,0,0,0,0,0,0,0,0,NA,NA,-14.962913351289323,14.962913351289323,5.590220819518436,-5.590220819518436,-17.515801733449983,17.515801733449983,NA,NA,NA,NA,-8.881974047218229,8.881974047218229,-3.404119692429329,3.404119692429329,-5.299582279106381,5.299582279106381,-13.41271744701423,13.41271744701423,NA,NA,0,1,NA,NA,NA,NA,NA,NA,0,-0.002566225675682321,0.002566225675682321,-0.4185663982343234,0.4185663982343234,NA,NA,NA,NA,-0.15334356101717128,0.15334356101717128,-0.2894957475364208,0.2894957475364208,-0.1549451974269308,0.1549451974269308,-0.37341098580509424,0.37341098580509424,NA,NA,NA,NA,NA,NA,NA,NA,NA,0,NA,NA,NA,NA,NA,NA,NA,NA,NA,NA,NA,NA,NA,NA,NA,NA,NA,NA,NA,NA,NA,NA,NA,NA,NA,NA,NA,NA,NA,NA,NA,NA,NA,NA,NA,NA,NA,NA,NA,NA,NA,NA,NA,NA,NA,NA,NA,NA,NA,NA,NA,NA,NA,NA,NA,NA,NA,NA,NA,NA,NA,NA,NA,NA,NA,NA,NA,NA,NA,NA,NA,NA,NA,NA,NA,NA,NA,NA,NA,NA,NA,NA,NA,NA,NA,NA,NA,NA,NA,NA,NA,NA,NA,NA,NA,NA,NA,NA,NA,NA,NA,NA,NA,NA,NA,NA,NA,NA,NA,NA,NA,NA,NA,NA,NA,NA,NA,NA,NA,NA,NA,NA,NA,NA,NA,NA,NA,NA,NA,NA,NA,NA,NA,NA,NA,NA,NA,NA,NA,NA,NA,NA,NA,NA,NA,NA,NA,0,NA,NA,NA,NA,NA,NA,NA,NA,2014,NA,NA,61,0,QB kneel,4353,"12/14/14, 20:31:25",NA,Lincoln Financial Field,"Partly Cloudy Temp: 41° F, Humidity: 69%, Wind: NW 9 mph",10012014-1214-1333-37d5-82ac89e7c001,0,0,END_GAME,0,NA,NA,NA,25,End of half,2014-12-15T04:38:13Z,3,1:50,0,0,0,4,4,0,INTERCEPTION,END_GAME,01:50,00:00,PHI 47,PHI 49,4290,4353,38,27,Home,-11,65,3.5,54.5,1,outdoors,grass,41,9,Chip Kelly,Jason Garrett,PHI00,Lincoln Financial Field,0,NA,NA,NA,NA,NA,NA,NA,0,0,NA,0,0,NA,NA,NA,NA,NA,NA,NA,NA,NA,NA,0,1,NA,NA,NA,NA,NA,NA,NA,NA,2014,Other,NA,NA,NA,NA,NA,NA,NA,NA,NA,NA,Punt
