play_id,game_id,old_game_id,home_team,away_team,season_type,week,posteam,posteam_type,defteam,side_of_field,yardline_100,game_date,quarter_seconds_remaining,half_seconds_remaining,game_seconds_remaining,game_half,quarter_end,drive,sp,qtr,down,goal_to_go,time,yrdln,ydstogo,ydsnet,desc,play_type,yards_gained,shotgun,no_huddle,qb_dropback,qb_kneel,qb_spike,qb_scramble,pass_length,pass_location,air_yards,yards_after_catch,run_location,run_gap,field_goal_result,kick_distance,extra_point_result,two_point_conv_result,home_timeouts_remaining,away_timeouts_remaining,timeout,timeout_team,td_team,td_player_name,td_player_id,posteam_timeouts_remaining,defteam_timeouts_remaining,total_home_score,total_away_score,posteam_score,defteam_score,score_differential,posteam_score_post,defteam_score_post,score_differential_post,no_score_prob,opp_fg_prob,opp_safety_prob,opp_td_prob,fg_prob,safety_prob,td_prob,extra_point_prob,two_point_conversion_prob,ep,epa,total_home_epa,total_away_epa,total_home_rush_epa,total_away_rush_epa,total_home_pass_epa,total_away_pass_epa,air_epa,yac_epa,comp_air_epa,comp_yac_epa,total_home_comp_air_epa,total_away_comp_air_epa,total_home_comp_yac_epa,total_away_comp_yac_epa,total_home_raw_air_epa,total_away_raw_air_epa,total_home_raw_yac_epa,total_away_raw_yac_epa,wp,def_wp,home_wp,away_wp,wpa,vegas_wpa,vegas_home_wpa,home_wp_post,away_wp_post,vegas_wp,vegas_home_wp,total_home_rush_wpa,total_away_rush_wpa,total_home_pass_wpa,total_away_pass_wpa,air_wpa,yac_wpa,comp_air_wpa,comp_yac_wpa,total_home_comp_air_wpa,total_away_comp_air_wpa,total_home_comp_yac_wpa,total_away_comp_yac_wpa,total_home_raw_air_wpa,total_away_raw_air_wpa,total_home_raw_yac_wpa,total_away_raw_yac_wpa,punt_blocked,first_down_rush,first_down_pass,first_down_penalty,third_down_converted,third_down_failed,fourth_down_converted,fourth_down_failed,incomplete_pass,touchback,interception,punt_inside_twenty,punt_in_endzone,punt_out_of_bounds,punt_downed,punt_fair_catch,kickoff_inside_twenty,kickoff_in_endzone,kickoff_out_of_bounds,kickoff_downed,kickoff_fair_catch,fumble_forced,fumble_not_forced,fumble_out_of_bounds,solo_tackle,safety,penalty,tackled_for_loss,fumble_lost,own_kickoff_recovery,own_kickoff_recovery_td,qb_hit,rush_attempt,pass_attempt,sack,touchdown,pass_touchdown,rush_touchdown,return_touchdown,extra_point_attempt,two_point_attempt,field_goal_attempt,kickoff_attempt,punt_attempt,fumble,complete_pass,assist_tackle,lateral_reception,lateral_rush,lateral_return,lateral_recovery,passer_player_id,passer_player_name,passing_yards,receiver_player_id,receiver_player_name,receiving_yards,rusher_player_id,rusher_player_name,rushing_yards,lateral_receiver_player_id,lateral_receiver_player_name,lateral_receiving_yards,lateral_rusher_player_id,lateral_rusher_player_name,lateral_rushing_yards,lateral_sack_player_id,lateral_sack_player_name,interception_player_id,interception_player_name,lateral_interception_player_id,lateral_interception_player_name,punt_returner_player_id,punt_returner_player_name,lateral_punt_returner_player_id,lateral_punt_returner_player_name,kickoff_returner_player_name,kickoff_returner_player_id,lateral_kickoff_returner_player_id,lateral_kickoff_returner_player_name,punter_player_id,punter_player_name,kicker_player_name,kicker_player_id,own_kickoff_recovery_player_id,own_kickoff_recovery_player_name,blocked_player_id,blocked_player_name,tackle_for_loss_1_player_id,tackle_for_loss_1_player_name,tackle_for_loss_2_player_id,tackle_for_loss_2_player_name,qb_hit_1_player_id,qb_hit_1_player_name,qb_hit_2_player_id,qb_hit_2_player_name,forced_fumble_player_1_team,forced_fumble_player_1_player_id,forced_fumble_player_1_player_name,forced_fumble_player_2_team,forced_fumble_player_2_player_id,forced_fumble_player_2_player_name,solo_tackle_1_team,solo_tackle_2_team,solo_tackle_1_player_id,solo_tackle_2_player_id,solo_tackle_1_player_name,solo_tackle_2_player_name,assist_tackle_1_player_id,assist_tackle_1_player_name,assist_tackle_1_team,assist_tackle_2_player_id,assist_tackle_2_player_name,assist_tackle_2_team,assist_tackle_3_player_id,assist_tackle_3_player_name,assist_tackle_3_team,assist_tackle_4_player_id,assist_tackle_4_player_name,assist_tackle_4_team,tackle_with_assist,tackle_with_assist_1_player_id,tackle_with_assist_1_player_name,tackle_with_assist_1_team,tackle_with_assist_2_player_id,tackle_with_assist_2_player_name,tackle_with_assist_2_team,pass_defense_1_player_id,pass_defense_1_player_name,pass_defense_2_player_id,pass_defense_2_player_name,fumbled_1_team,fumbled_1_player_id,fumbled_1_player_name,fumbled_2_player_id,fumbled_2_player_name,fumbled_2_team,fumble_recovery_1_team,fumble_recovery_1_yards,fumble_recovery_1_player_id,fumble_recovery_1_player_name,fumble_recovery_2_team,fumble_recovery_2_yards,fumble_recovery_2_player_id,fumble_recovery_2_player_name,sack_player_id,sack_player_name,half_sack_1_player_id,half_sack_1_player_name,half_sack_2_player_id,half_sack_2_player_name,return_team,return_yards,penalty_team,penalty_player_id,penalty_player_name,penalty_yards,replay_or_challenge,replay_or_challenge_result,penalty_type,defensive_two_point_attempt,defensive_two_point_conv,defensive_extra_point_attempt,defensive_extra_point_conv,safety_player_name,safety_player_id,season,cp,cpoe,series,series_success,series_result,order_sequence,start_time,time_of_day,stadium,weather,nfl_api_id,play_clock,play_deleted,play_type_nfl,special_teams_play,st_play_type,end_clock_time,end_yard_line,fixed_drive,fixed_drive_result,drive_real_start_time,drive_play_count,drive_time_of_possession,drive_first_downs,drive_inside20,drive_ended_with_score,drive_quarter_start,drive_quarter_end,drive_yards_penalized,drive_start_transition,drive_end_transition,drive_game_clock_start,drive_game_clock_end,drive_start_yard_line,drive_end_yard_line,drive_play_id_started,drive_play_id_ended,away_score,home_score,location,result,total,spread_line,total_line,div_game,roof,surface,temp,wind,home_coach,away_coach,stadium_id,game_stadium,aborted_play,success,passer,passer_jersey_number,rusher,rusher_jersey_number,receiver,receiver_jersey_number,pass,rush,first_down,special,play,passer_id,rusher_id,receiver_id,name,jersey_number,id,fantasy_player_name,fantasy_player_id,fantasy,fantasy_id,out_of_bounds,home_opening_kickoff,qb_epa,xyac_epa,xyac_mean_yardage,xyac_median_yardage,xyac_success,xyac_fd,xpass,pass_oe,season_orig,actual_decision,go_boost,first_down_prob,wp_fail,wp_succeed,go_wp,fg_make_prob,miss_fg_wp,make_fg_wp,fg_wp,punt_wp,model_recommendation,actual_decision_calculated,phi_coach,opp_coach,game_clock,fg_prob_calculated,fg_prob_calculated_pct,go_wp_pct,first_down_prob_pct,wp_fail_pct,wp_succeed_pct,punt_wp_pct,fg_wp_pct,make_fg_wp_pct,miss_fg_wp_pct
1,2007_10_PHI_WAS,2007111107,WAS,PHI,REG,10,NA,NA,NA,NA,NA,2007-11-11,900,1800,3600,Half1,0,NA,0,1,NA,0,15:00,WAS 30,0,NA,GAME,NA,NA,0,0,NA,0,0,0,NA,NA,NA,NA,NA,NA,NA,NA,NA,NA,3,3,NA,NA,NA,NA,NA,NA,NA,0,0,NA,NA,NA,NA,NA,NA,0,0,0,0,0,0,0,0,0,0.010358132421970367,-0,0,0,0,0,0,0,NA,NA,NA,NA,0,0,0,0,0,0,0,0,0.4220241606235504,0.5779758393764496,0.5779758393764496,0.4220241606235504,-0,-0,0,NA,NA,0.4113016128540039,0.5886983871459961,0,0,0,0,NA,NA,NA,NA,0,0,0,0,0,0,0,0,NA,NA,NA,NA,NA,NA,NA,NA,NA,0,NA,NA,NA,NA,NA,NA,NA,NA,NA,NA,NA,NA,NA,NA,NA,NA,NA,NA,NA,NA,NA,NA,NA,NA,NA,NA,NA,NA,NA,NA,NA,NA,NA,NA,NA,NA,NA,NA,NA,NA,NA,NA,NA,NA,NA,NA,NA,NA,NA,NA,NA,NA,NA,NA,NA,NA,NA,NA,NA,NA,NA,NA,NA,NA,NA,NA,NA,NA,NA,NA,NA,NA,NA,NA,NA,NA,NA,NA,NA,NA,NA,NA,NA,NA,NA,NA,NA,NA,NA,NA,NA,NA,NA,NA,NA,NA,NA,NA,NA,NA,NA,NA,NA,NA,NA,NA,NA,NA,NA,NA,NA,NA,NA,NA,NA,NA,NA,NA,NA,NA,NA,NA,NA,NA,NA,NA,NA,NA,NA,NA,NA,NA,NA,NA,NA,NA,NA,NA,NA,NA,NA,NA,NA,NA,NA,NA,NA,0,NA,NA,NA,NA,NA,NA,NA,NA,2007,NA,NA,1,1,First down,1,"11/11/07, 13:03:13",NA,Commanders Field,"Sunny Temp: 49° F, Humidity: 44%, Wind: 4 SE mph",10012007-1111-07c6-43e9-6366420b400f,0,0,GAME_START,0,NA,NA,NA,1,Touchdown,NA,NA,NA,NA,NA,NA,NA,NA,NA,NA,NA,NA,NA,NA,NA,NA,NA,33,25,Home,-8,58,3,37.5,1,outdoors,grass,49,0,Joe Gibbs,Andy Reid,WAS00,FedExField,0,0,NA,NA,NA,NA,NA,NA,0,0,NA,0,0,NA,NA,NA,NA,NA,NA,NA,NA,NA,NA,0,0,-0,NA,NA,NA,NA,NA,NA,NA,2007,Other,NA,NA,NA,NA,NA,NA,NA,NA,NA,NA,Toss Up,NA,Andy Reid,Joe Gibbs,15:00,NA,NA,NA,NA,NA,NA,NA,NA,NA,NA
47,2007_10_PHI_WAS,2007111107,WAS,PHI,REG,10,PHI,away,WAS,WAS,30,2007-11-11,900,1800,3600,Half1,0,1,0,1,NA,0,15:00,WAS 30,0,82,6-S.Suisham kicks 63 yards from WAS 30 to PHI 7. 30-J.Reed to PHI 14 for 7 yards. Lateral to 84-H.Baskett to PHI 18 for 4 yards (29-L.Torrence).,kickoff,0,0,0,0,0,0,0,NA,NA,NA,NA,NA,NA,NA,63,NA,NA,3,3,0,NA,NA,NA,NA,3,3,0,0,0,0,0,0,0,0,0.006326470989733934,0.18425367772579193,0.004791370593011379,0.3024062216281891,0.2025458663702011,0.0031653447076678276,0.2965110242366791,0,0,0.010358132421970367,-0.13645136402919888,0.13645136402919888,-0.13645136402919888,0,0,0,0,NA,NA,0,0,0,0,0,0,0,0,0,0,0.4220241606235504,0.5779758393764496,0.5779758393764496,0.4220241606235504,-0,-0.001975506544113159,0.001975506544113159,0.5779758393764496,0.4220241606235504,0.4113016128540039,0.5886983871459961,0,0,0,0,NA,NA,0,0,0,0,0,0,0,0,0,0,0,0,0,0,0,0,0,0,0,0,0,0,0,0,0,0,1,0,0,0,0,0,0,0,1,0,0,0,0,0,0,0,0,0,0,0,0,0,0,0,0,0,1,0,0,0,0,0,0,1,0,NA,NA,NA,NA,NA,NA,NA,NA,NA,NA,NA,NA,NA,NA,NA,NA,NA,NA,NA,NA,NA,NA,NA,NA,NA,J.Reed,00-0022791,00-0024013,H.Baskett,NA,NA,S.Suisham,00-0023001,NA,NA,NA,NA,NA,NA,NA,NA,NA,NA,NA,NA,NA,NA,NA,NA,NA,NA,WAS,NA,00-0023186,NA,L.Torrence,NA,NA,NA,NA,NA,NA,NA,NA,NA,NA,NA,NA,NA,0,NA,NA,NA,NA,NA,NA,NA,NA,NA,NA,NA,NA,NA,NA,NA,NA,NA,NA,NA,NA,NA,NA,NA,NA,NA,NA,NA,NA,NA,NA,PHI,4,NA,NA,NA,NA,0,NA,NA,0,0,0,0,NA,NA,2007,NA,NA,1,1,First down,47,"11/11/07, 13:03:13",2007-11-11T18:03:13Z,Commanders Field,"Sunny Temp: 49° F, Humidity: 44%, Wind: 4 SE mph",10012007-1111-07c6-43e9-6366420b400f,0,0,KICK_OFF,1,NA,NA,NA,1,Touchdown,2007-11-11T18:03:13Z,11,6:44,7,1,1,1,1,12,KICKOFF,TOUCHDOWN,15:00,08:16,PHI 18,WAS 4,47,460,33,25,Home,-8,58,3,37.5,1,outdoors,grass,49,0,Joe Gibbs,Andy Reid,WAS00,FedExField,0,0,NA,NA,NA,NA,NA,84,0,0,0,1,0,NA,NA,NA,NA,NA,NA,NA,NA,NA,NA,0,0,-0.13645136402919888,NA,NA,NA,NA,NA,NA,NA,2007,Other,NA,NA,NA,NA,NA,NA,NA,NA,NA,NA,Toss Up,Other,Andy Reid,Joe Gibbs,15:00,NA,NA,NA,NA,NA,NA,NA,NA,NA,NA
79,2007_10_PHI_WAS,2007111107,WAS,PHI,REG,10,PHI,away,WAS,PHI,82,2007-11-11,894,1794,3594,Half1,0,1,0,1,1,0,14:54,PHI 18,10,82,(14:54) 5-D.McNabb pass short middle to 80-K.Curtis to PHI 25 for 7 yards (27-F.Smoot).,pass,7,0,0,1,0,0,0,short,middle,6,1,NA,NA,NA,NA,NA,NA,3,3,0,NA,NA,NA,NA,3,3,0,0,0,0,0,0,0,0,0.006802842020988464,0.18729187548160553,0.00484805554151535,0.3097023367881775,0.20229096710681915,0.0033850630279630423,0.28567883372306824,0,0,-0.12609323160722852,0.5288827237673104,-0.3924313597381115,0.3924313597381115,0,0,-0.5288827237673104,0.5288827237673104,0.26874698558822274,0.26013573817908764,0.26874698558822274,0.26013573817908764,-0.26874698558822274,0.26874698558822274,-0.26013573817908764,0.26013573817908764,-0.26874698558822274,0.26874698558822274,-0.26013573817908764,0.26013573817908764,0.4220241606235504,0.5779758393764496,0.5779758393764496,0.4220241606235504,0.005805701017379761,0.01408722996711731,-0.01408722996711731,0.5721701383590698,0.4278298616409302,0.40932610630989075,0.5906738936901093,0,0,-0.005805701017379761,0.005805701017379761,0,0.005805701017379761,0,0.005805701017379761,0,0,-0.005805701017379761,0.005805701017379761,0,0,-0.005805701017379761,0.005805701017379761,0,0,0,0,0,0,0,0,0,0,0,0,0,0,0,0,0,0,0,0,0,0,0,0,1,0,0,0,0,0,0,0,0,1,0,0,0,0,0,0,0,0,0,0,0,1,0,0,0,0,0,00-0011022,D.McNabb,7,00-0022001,K.Curtis,7,NA,NA,NA,NA,NA,NA,NA,NA,NA,NA,NA,NA,NA,NA,NA,NA,NA,NA,NA,NA,NA,NA,NA,NA,NA,NA,NA,NA,NA,NA,NA,NA,NA,NA,NA,NA,NA,NA,NA,NA,NA,NA,NA,NA,NA,WAS,NA,00-0020522,NA,F.Smoot,NA,NA,NA,NA,NA,NA,NA,NA,NA,NA,NA,NA,NA,0,NA,NA,NA,NA,NA,NA,NA,NA,NA,NA,NA,NA,NA,NA,NA,NA,NA,NA,NA,NA,NA,NA,NA,NA,NA,NA,NA,NA,NA,NA,NA,0,NA,NA,NA,NA,0,NA,NA,0,0,0,0,NA,NA,2007,0.7590032815933228,24.099671840667725,1,1,First down,79,"11/11/07, 13:03:13",2007-11-11T18:04:12Z,Commanders Field,"Sunny Temp: 49° F, Humidity: 44%, Wind: 4 SE mph",10012007-1111-07c6-43e9-6366420b400f,0,0,PASS,0,NA,NA,NA,1,Touchdown,2007-11-11T18:03:13Z,11,6:44,7,1,1,1,1,12,KICKOFF,TOUCHDOWN,15:00,08:16,PHI 18,WAS 4,47,460,33,25,Home,-8,58,3,37.5,1,outdoors,grass,49,0,Joe Gibbs,Andy Reid,WAS00,FedExField,0,1,D.McNabb,5,NA,NA,K.Curtis,80,1,0,0,0,1,00-0011022,NA,00-0022001,D.McNabb,5,00-0011022,K.Curtis,00-0022001,K.Curtis,00-0022001,0,0,0.5288827237673104,0.5098118632468615,4.276124898860871,3,0.9951321730623022,0.3763143225805834,0.47964799404144287,52.03520059585571,2007,Go for it,NA,NA,NA,NA,NA,NA,NA,NA,NA,NA,Toss Up,Go for it,Andy Reid,Joe Gibbs,14:54,NA,NA,NA,NA,NA,NA,NA,NA,NA,NA
103,2007_10_PHI_WAS,2007111107,WAS,PHI,REG,10,PHI,away,WAS,PHI,75,2007-11-11,862,1762,3562,Half1,0,1,0,1,2,0,14:22,PHI 25,3,82,(14:22) 36-B.Westbrook left end to PHI 30 for 5 yards (93-P.Daniels).,run,5,0,0,0,0,0,0,NA,NA,NA,NA,left,end,NA,NA,NA,NA,3,3,0,NA,NA,NA,NA,3,3,0,0,0,0,0,0,0,0,0.006626105401664972,0.17095980048179626,0.004988846369087696,0.27978965640068054,0.21588338911533356,0.003148241899907589,0.31860393285751343,0,0,0.40278949216008186,0.363934732042253,-0.7563660917803645,0.7563660917803645,-0.363934732042253,0.363934732042253,-0.5288827237673104,0.5288827237673104,NA,NA,0,0,-0.26874698558822274,0.26874698558822274,-0.26013573817908764,0.26013573817908764,-0.26874698558822274,0.26874698558822274,-0.26013573817908764,0.26013573817908764,0.4278298616409302,0.5721701383590698,0.5721701383590698,0.4278298616409302,0.005716383457183838,0.01699012517929077,-0.01699012517929077,0.566453754901886,0.433546245098114,0.42341333627700806,0.5765866637229919,-0.005716383457183838,0.005716383457183838,-0.005805701017379761,0.005805701017379761,NA,NA,0,0,0,0,-0.005805701017379761,0.005805701017379761,0,0,-0.005805701017379761,0.005805701017379761,0,1,0,0,0,0,0,0,0,0,0,0,0,0,0,0,0,0,0,0,0,0,0,0,1,0,0,0,0,0,0,0,1,0,0,0,0,0,0,0,0,0,0,0,0,0,0,0,0,0,0,NA,NA,NA,NA,NA,NA,00-0021216,B.Westbrook,5,NA,NA,NA,NA,NA,NA,NA,NA,NA,NA,NA,NA,NA,NA,NA,NA,NA,NA,NA,NA,NA,NA,NA,NA,NA,NA,NA,NA,NA,NA,NA,NA,NA,NA,NA,NA,NA,NA,NA,NA,NA,NA,WAS,NA,00-0003874,NA,P.Daniels,NA,NA,NA,NA,NA,NA,NA,NA,NA,NA,NA,NA,NA,0,NA,NA,NA,NA,NA,NA,NA,NA,NA,NA,NA,NA,NA,NA,NA,NA,NA,NA,NA,NA,NA,NA,NA,NA,NA,NA,NA,NA,NA,NA,NA,0,NA,NA,NA,NA,0,NA,NA,0,0,0,0,NA,NA,2007,NA,NA,1,1,First down,103,"11/11/07, 13:03:13",2007-11-11T18:04:44Z,Commanders Field,"Sunny Temp: 49° F, Humidity: 44%, Wind: 4 SE mph",10012007-1111-07c6-43e9-6366420b400f,0,0,RUSH,0,NA,NA,NA,1,Touchdown,2007-11-11T18:03:13Z,11,6:44,7,1,1,1,1,12,KICKOFF,TOUCHDOWN,15:00,08:16,PHI 18,WAS 4,47,460,33,25,Home,-8,58,3,37.5,1,outdoors,grass,49,0,Joe Gibbs,Andy Reid,WAS00,FedExField,0,1,NA,NA,B.Westbrook,36,NA,NA,0,1,1,0,1,NA,00-0021216,NA,B.Westbrook,36,00-0021216,B.Westbrook,00-0021216,B.Westbrook,00-0021216,0,0,0.363934732042253,NA,NA,NA,NA,NA,0.3582109212875366,-35.82109212875366,2007,Go for it,NA,NA,NA,NA,NA,NA,NA,NA,NA,NA,Toss Up,Go for it,Andy Reid,Joe Gibbs,14:22,NA,NA,NA,NA,NA,NA,NA,NA,NA,NA
125,2007_10_PHI_WAS,2007111107,WAS,PHI,REG,10,PHI,away,WAS,PHI,70,2007-11-11,822,1722,3522,Half1,0,1,0,1,1,0,13:42,PHI 30,10,82,"(13:42) (Shotgun) 36-B.Westbrook right tackle to PHI 35 for 5 yards (52-R.McIntosh). PENALTY on PHI-67-J.Jackson, Offensive Holding, 10 yards, enforced at PHI 30 - No Play.",no_play,0,1,0,0,0,0,0,NA,NA,NA,NA,NA,NA,NA,NA,NA,NA,3,3,0,NA,NA,NA,NA,3,3,0,0,0,0,0,0,0,0,0.007313205860555172,0.15483778715133667,0.003825188847258687,0.2590559720993042,0.23889154195785522,0.0033857959788292646,0.3326905071735382,0,0,0.7667242242023349,-0.9627034161239862,0.20633732434362173,-0.20633732434362173,-0.363934732042253,0.363934732042253,-0.5288827237673104,0.5288827237673104,NA,NA,0,0,-0.26874698558822274,0.26874698558822274,-0.26013573817908764,0.26013573817908764,-0.26874698558822274,0.26874698558822274,-0.26013573817908764,0.26013573817908764,0.433546245098114,0.566453754901886,0.566453754901886,0.433546245098114,-0.022656023502349854,-0.05174800753593445,0.05174800753593445,0.5891097784042358,0.41089022159576416,0.44040346145629883,0.5595965385437012,-0.005716383457183838,0.005716383457183838,-0.005805701017379761,0.005805701017379761,NA,NA,0,0,0,0,-0.005805701017379761,0.005805701017379761,0,0,-0.005805701017379761,0.005805701017379761,0,0,0,0,0,0,0,0,0,0,0,0,0,0,0,0,0,0,0,0,0,0,0,0,0,0,1,0,0,0,0,0,0,0,0,0,0,0,0,0,0,0,0,0,0,0,0,0,0,0,0,NA,NA,NA,NA,NA,NA,NA,NA,NA,NA,NA,NA,NA,NA,NA,NA,NA,NA,NA,NA,NA,NA,NA,NA,NA,NA,NA,NA,NA,NA,NA,NA,NA,NA,NA,NA,NA,NA,NA,NA,NA,NA,NA,NA,NA,NA,NA,NA,NA,NA,NA,NA,NA,NA,NA,NA,NA,NA,NA,NA,NA,NA,NA,NA,NA,NA,NA,NA,NA,0,NA,NA,NA,NA,NA,NA,NA,NA,NA,NA,NA,NA,NA,NA,NA,NA,NA,NA,NA,NA,NA,NA,NA,NA,NA,NA,NA,NA,NA,NA,NA,0,PHI,00-0021504,J.Jackson,10,0,NA,Offensive Holding,0,0,0,0,NA,NA,2007,NA,NA,2,1,First down,125,"11/11/07, 13:03:13",2007-11-11T18:05:24Z,Commanders Field,"Sunny Temp: 49° F, Humidity: 44%, Wind: 4 SE mph",10012007-1111-07c6-43e9-6366420b400f,0,0,PENALTY,0,NA,NA,NA,1,Touchdown,2007-11-11T18:03:13Z,11,6:44,7,1,1,1,1,12,KICKOFF,TOUCHDOWN,15:00,08:16,PHI 18,WAS 4,47,460,33,25,Home,-8,58,3,37.5,1,outdoors,grass,49,0,Joe Gibbs,Andy Reid,WAS00,FedExField,0,0,NA,NA,B.Westbrook,36,NA,NA,0,1,0,0,1,NA,00-0021216,NA,B.Westbrook,36,00-0021216,NA,NA,B.Westbrook,00-0021216,0,0,-0.9627034161239862,NA,NA,NA,NA,NA,0.4598233997821808,-45.98233997821808,2007,Other,NA,NA,NA,NA,NA,NA,NA,NA,NA,NA,Toss Up,Go for it (Penalty),Andy Reid,Joe Gibbs,13:42,NA,NA,NA,NA,NA,NA,NA,NA,NA,NA
158,2007_10_PHI_WAS,2007111107,WAS,PHI,REG,10,PHI,away,WAS,PHI,80,2007-11-11,798,1698,3498,Half1,0,1,0,1,1,0,13:18,PHI 20,20,82,(13:18) 5-D.McNabb pass short left to 84-H.Baskett to PHI 27 for 7 yards (27-F.Smoot).,pass,7,0,0,1,0,0,0,short,left,0,7,NA,NA,NA,NA,NA,NA,3,3,0,NA,NA,NA,NA,3,3,0,0,0,0,0,0,0,0,0.006128967739641666,0.20598548650741577,0.005911841988563538,0.30551040172576904,0.18624980747699738,0.0035739843733608723,0.2866394817829132,0,0,-0.19597919192165136,0.0049572051502764225,0.2013801191933453,-0.2013801191933453,-0.363934732042253,0.363934732042253,-0.5338399289175868,0.5338399289175868,-0.5534050301648676,0.5583622353151441,-0.5534050301648676,0.5583622353151441,0.2846580445766449,-0.2846580445766449,-0.8184979734942317,0.8184979734942317,0.2846580445766449,-0.2846580445766449,-0.8184979734942317,0.8184979734942317,0.41089022159576416,0.5891097784042358,0.5891097784042358,0.41089022159576416,-0.006675034761428833,0.007263302803039551,-0.007263302803039551,0.5957848131656647,0.4042151868343353,0.3886554539203644,0.6113445460796356,-0.005716383457183838,0.005716383457183838,8.693337440490723e-4,-8.693337440490723e-4,0,-0.006675034761428833,0,-0.006675034761428833,0,0,8.693337440490723e-4,-8.693337440490723e-4,0,0,8.693337440490723e-4,-8.693337440490723e-4,0,0,0,0,0,0,0,0,0,0,0,0,0,0,0,0,0,0,0,0,0,0,0,0,1,0,0,0,0,0,0,0,0,1,0,0,0,0,0,0,0,0,0,0,0,1,0,0,0,0,0,00-0011022,D.McNabb,7,00-0024013,H.Baskett,7,NA,NA,NA,NA,NA,NA,NA,NA,NA,NA,NA,NA,NA,NA,NA,NA,NA,NA,NA,NA,NA,NA,NA,NA,NA,NA,NA,NA,NA,NA,NA,NA,NA,NA,NA,NA,NA,NA,NA,NA,NA,NA,NA,NA,NA,WAS,NA,00-0020522,NA,F.Smoot,NA,NA,NA,NA,NA,NA,NA,NA,NA,NA,NA,NA,NA,0,NA,NA,NA,NA,NA,NA,NA,NA,NA,NA,NA,NA,NA,NA,NA,NA,NA,NA,NA,NA,NA,NA,NA,NA,NA,NA,NA,NA,NA,NA,NA,0,NA,NA,NA,NA,0,NA,NA,0,0,0,0,NA,NA,2007,0.6970756649971008,30.292433500289917,2,1,First down,158,"11/11/07, 13:03:13",2007-11-11T18:06:17Z,Commanders Field,"Sunny Temp: 49° F, Humidity: 44%, Wind: 4 SE mph",10012007-1111-07c6-43e9-6366420b400f,0,0,PASS,0,NA,NA,NA,1,Touchdown,2007-11-11T18:03:13Z,11,6:44,7,1,1,1,1,12,KICKOFF,TOUCHDOWN,15:00,08:16,PHI 18,WAS 4,47,460,33,25,Home,-8,58,3,37.5,1,outdoors,grass,49,0,Joe Gibbs,Andy Reid,WAS00,FedExField,0,1,D.McNabb,5,NA,NA,H.Baskett,84,1,0,0,0,1,00-0011022,NA,00-0024013,D.McNabb,5,00-0011022,H.Baskett,00-0024013,H.Baskett,00-0024013,0,0,0.0049572051502764225,0.6695103922924119,7.498251639990485,6,0.4086436270736158,0.04094493016600609,0.5770630836486816,42.293691635131836,2007,Go for it,NA,NA,NA,NA,NA,NA,NA,NA,NA,NA,Toss Up,Go for it,Andy Reid,Joe Gibbs,13:18,NA,NA,NA,NA,NA,NA,NA,NA,NA,NA
182,2007_10_PHI_WAS,2007111107,WAS,PHI,REG,10,PHI,away,WAS,PHI,73,2007-11-11,772,1672,3472,Half1,0,1,0,1,2,0,12:52,PHI 27,13,82,(12:52) 36-B.Westbrook right tackle to PHI 29 for 2 yards (59-L.Fletcher).,run,2,0,0,0,0,0,0,NA,NA,NA,NA,right,tackle,NA,NA,NA,NA,3,3,0,NA,NA,NA,NA,3,3,0,0,0,0,0,0,0,0,0.007002844009548426,0.1888708919286728,0.006328352726995945,0.31491777300834656,0.1923987865447998,0.003578808857128024,0.2869025468826294,0,0,-0.19102198677137494,-0.43323627579957247,0.6346163949929178,-0.6346163949929178,0.06930154375731945,-0.06930154375731945,-0.5338399289175868,0.5338399289175868,NA,NA,0,0,0.2846580445766449,-0.2846580445766449,-0.8184979734942317,0.8184979734942317,0.2846580445766449,-0.2846580445766449,-0.8184979734942317,0.8184979734942317,0.4042151868343353,0.5957848131656647,0.5957848131656647,0.4042151868343353,-0.020027190446853638,-0.019011616706848145,0.019011616706848145,0.6158120036125183,0.3841879963874817,0.39591875672340393,0.6040812432765961,0.0143108069896698,-0.0143108069896698,8.693337440490723e-4,-8.693337440490723e-4,NA,NA,0,0,0,0,8.693337440490723e-4,-8.693337440490723e-4,0,0,8.693337440490723e-4,-8.693337440490723e-4,0,0,0,0,0,0,0,0,0,0,0,0,0,0,0,0,0,0,0,0,0,0,0,0,1,0,0,0,0,0,0,0,1,0,0,0,0,0,0,0,0,0,0,0,0,0,0,0,0,0,0,NA,NA,NA,NA,NA,NA,00-0021216,B.Westbrook,2,NA,NA,NA,NA,NA,NA,NA,NA,NA,NA,NA,NA,NA,NA,NA,NA,NA,NA,NA,NA,NA,NA,NA,NA,NA,NA,NA,NA,NA,NA,NA,NA,NA,NA,NA,NA,NA,NA,NA,NA,NA,NA,WAS,NA,00-0005322,NA,L.Fletcher,NA,NA,NA,NA,NA,NA,NA,NA,NA,NA,NA,NA,NA,0,NA,NA,NA,NA,NA,NA,NA,NA,NA,NA,NA,NA,NA,NA,NA,NA,NA,NA,NA,NA,NA,NA,NA,NA,NA,NA,NA,NA,NA,NA,NA,0,NA,NA,NA,NA,0,NA,NA,0,0,0,0,NA,NA,2007,NA,NA,2,1,First down,182,"11/11/07, 13:03:13",2007-11-11T18:06:57Z,Commanders Field,"Sunny Temp: 49° F, Humidity: 44%, Wind: 4 SE mph",10012007-1111-07c6-43e9-6366420b400f,0,0,RUSH,0,NA,NA,NA,1,Touchdown,2007-11-11T18:03:13Z,11,6:44,7,1,1,1,1,12,KICKOFF,TOUCHDOWN,15:00,08:16,PHI 18,WAS 4,47,460,33,25,Home,-8,58,3,37.5,1,outdoors,grass,49,0,Joe Gibbs,Andy Reid,WAS00,FedExField,0,0,NA,NA,B.Westbrook,36,NA,NA,0,1,0,0,1,NA,00-0021216,NA,B.Westbrook,36,00-0021216,B.Westbrook,00-0021216,B.Westbrook,00-0021216,0,0,-0.43323627579957247,NA,NA,NA,NA,NA,0.6602880358695984,-66.02880358695984,2007,Go for it,NA,NA,NA,NA,NA,NA,NA,NA,NA,NA,Toss Up,Go for it,Andy Reid,Joe Gibbs,12:52,NA,NA,NA,NA,NA,NA,NA,NA,NA,NA
204,2007_10_PHI_WAS,2007111107,WAS,PHI,REG,10,PHI,away,WAS,PHI,71,2007-11-11,733,1633,3433,Half1,0,1,0,1,3,0,12:13,PHI 29,11,82,"(12:13) (Shotgun) 5-D.McNabb pass incomplete short left to 38-T.Tapeh. PENALTY on WAS-27-F.Smoot, Illegal Contact, 5 yards, enforced at PHI 29 - No Play.",no_play,0,1,0,0,0,0,0,NA,NA,NA,NA,NA,NA,NA,NA,NA,NA,3,3,0,NA,NA,NA,NA,3,3,0,0,0,0,0,0,0,0,0.007471650838851929,0.2069985568523407,0.007741407956928015,0.3355146646499634,0.17938198149204254,0.0035130109172314405,0.25937870144844055,0,0,-0.6242582625709474,1.6779003823176026,-1.0432839873246849,1.0432839873246849,0.06930154375731945,-0.06930154375731945,-0.5338399289175868,0.5338399289175868,NA,NA,0,0,0.2846580445766449,-0.2846580445766449,-0.8184979734942317,0.8184979734942317,0.2846580445766449,-0.2846580445766449,-0.8184979734942317,0.8184979734942317,0.3841879963874817,0.6158120036125183,0.6158120036125183,0.3841879963874817,0.06446516513824463,0.06785425543785095,-0.06785425543785095,0.5513468384742737,0.4486531615257263,0.3769071400165558,0.6230928599834442,0.0143108069896698,-0.0143108069896698,8.693337440490723e-4,-8.693337440490723e-4,NA,NA,0,0,0,0,8.693337440490723e-4,-8.693337440490723e-4,0,0,8.693337440490723e-4,-8.693337440490723e-4,0,0,0,1,0,0,0,0,0,0,0,0,0,0,0,0,0,0,0,0,0,0,0,0,0,0,1,0,0,0,0,0,0,0,0,0,0,0,0,0,0,0,0,0,0,0,0,0,0,0,0,NA,NA,NA,NA,NA,NA,NA,NA,NA,NA,NA,NA,NA,NA,NA,NA,NA,NA,NA,NA,NA,NA,NA,NA,NA,NA,NA,NA,NA,NA,NA,NA,NA,NA,NA,NA,NA,NA,NA,NA,NA,NA,NA,NA,NA,NA,NA,NA,NA,NA,NA,NA,NA,NA,NA,NA,NA,NA,NA,NA,NA,NA,NA,NA,NA,NA,NA,NA,NA,0,NA,NA,NA,NA,NA,NA,NA,NA,NA,NA,NA,NA,NA,NA,NA,NA,NA,NA,NA,NA,NA,NA,NA,NA,NA,NA,NA,NA,NA,NA,NA,0,WAS,00-0020522,F.Smoot,5,0,NA,Illegal Contact,0,0,0,0,NA,NA,2007,NA,NA,2,1,First down,204,"11/11/07, 13:03:13",2007-11-11T18:07:35Z,Commanders Field,"Sunny Temp: 49° F, Humidity: 44%, Wind: 4 SE mph",10012007-1111-07c6-43e9-6366420b400f,0,0,PENALTY,0,NA,NA,NA,1,Touchdown,2007-11-11T18:03:13Z,11,6:44,7,1,1,1,1,12,KICKOFF,TOUCHDOWN,15:00,08:16,PHI 18,WAS 4,47,460,33,25,Home,-8,58,3,37.5,1,outdoors,grass,49,0,Joe Gibbs,Andy Reid,WAS00,FedExField,0,1,D.McNabb,5,NA,NA,T.Tapeh,38,1,0,1,0,1,00-0011022,NA,00-0022797,D.McNabb,5,00-0011022,NA,NA,T.Tapeh,00-0022797,0,0,1.6779003823176026,NA,NA,NA,NA,NA,0.9599643349647522,4.00356650352478,2007,Other,NA,NA,NA,NA,NA,NA,NA,NA,NA,NA,Toss Up,Go for it (Penalty),Andy Reid,Joe Gibbs,12:13,NA,NA,NA,NA,NA,NA,NA,NA,NA,NA
237,2007_10_PHI_WAS,2007111107,WAS,PHI,REG,10,PHI,away,WAS,PHI,66,2007-11-11,729,1629,3429,Half1,0,1,0,1,1,0,12:09,PHI 34,10,82,"(12:09) (Shotgun) 5-D.McNabb pass incomplete short left to 36-B.Westbrook (59-L.Fletcher). PENALTY on WAS-59-L.Fletcher, Defensive Pass Interference, 12 yards, enforced at PHI 34 - No Play.",no_play,0,1,0,0,0,0,0,NA,NA,NA,NA,NA,NA,NA,NA,NA,NA,3,3,0,NA,NA,NA,NA,3,3,0,0,0,0,0,0,0,0,0.007605282589793205,0.14530763030052185,0.0031713240314275026,0.2401110976934433,0.25692418217658997,0.004450161941349506,0.34243035316467285,0,0,1.0536421197466552,0.9177346893120557,-1.9610186766367406,1.9610186766367406,0.06930154375731945,-0.06930154375731945,-0.5338399289175868,0.5338399289175868,NA,NA,0,0,0.2846580445766449,-0.2846580445766449,-0.8184979734942317,0.8184979734942317,0.2846580445766449,-0.2846580445766449,-0.8184979734942317,0.8184979734942317,0.4486531615257263,0.5513468384742737,0.5513468384742737,0.4486531615257263,0.013773888349533081,0.014343857765197754,-0.014343857765197754,0.5513468384742737,0.4486531615257263,0.44476139545440674,0.5552386045455933,0.0143108069896698,-0.0143108069896698,8.693337440490723e-4,-8.693337440490723e-4,NA,NA,0,0,0,0,8.693337440490723e-4,-8.693337440490723e-4,0,0,8.693337440490723e-4,-8.693337440490723e-4,0,0,0,1,0,0,0,0,0,0,0,0,0,0,0,0,0,0,0,0,0,0,0,0,0,0,1,0,0,0,0,0,0,0,0,0,0,0,0,0,0,0,0,0,0,0,0,0,0,0,0,NA,NA,NA,NA,NA,NA,NA,NA,NA,NA,NA,NA,NA,NA,NA,NA,NA,NA,NA,NA,NA,NA,NA,NA,NA,NA,NA,NA,NA,NA,NA,NA,NA,NA,NA,NA,NA,NA,NA,NA,NA,NA,NA,NA,NA,NA,NA,NA,NA,NA,NA,NA,NA,NA,NA,NA,NA,NA,NA,NA,NA,NA,NA,NA,NA,NA,NA,NA,NA,0,NA,NA,NA,NA,NA,NA,NA,NA,NA,NA,NA,NA,NA,NA,NA,NA,NA,NA,NA,NA,NA,NA,NA,NA,NA,NA,NA,NA,NA,NA,NA,0,WAS,00-0005322,L.Fletcher,12,0,NA,Defensive Pass Interference,0,0,0,0,NA,NA,2007,NA,NA,3,1,First down,237,"11/11/07, 13:03:13",2007-11-11T18:08:33Z,Commanders Field,"Sunny Temp: 49° F, Humidity: 44%, Wind: 4 SE mph",10012007-1111-07c6-43e9-6366420b400f,0,0,PENALTY,0,NA,NA,NA,1,Touchdown,2007-11-11T18:03:13Z,11,6:44,7,1,1,1,1,12,KICKOFF,TOUCHDOWN,15:00,08:16,PHI 18,WAS 4,47,460,33,25,Home,-8,58,3,37.5,1,outdoors,grass,49,0,Joe Gibbs,Andy Reid,WAS00,FedExField,0,1,D.McNabb,5,NA,NA,B.Westbrook,36,1,0,1,0,1,00-0011022,NA,00-0021216,D.McNabb,5,00-0011022,NA,NA,B.Westbrook,00-0021216,0,0,0.9177346893120557,NA,NA,NA,NA,NA,0.45537981390953064,54.462018609046936,2007,Other,NA,NA,NA,NA,NA,NA,NA,NA,NA,NA,Toss Up,Go for it (Penalty),Andy Reid,Joe Gibbs,12:09,NA,NA,NA,NA,NA,NA,NA,NA,NA,NA
270,2007_10_PHI_WAS,2007111107,WAS,PHI,REG,10,PHI,away,WAS,PHI,54,2007-11-11,723,1623,3423,Half1,0,1,0,1,1,0,12:03,PHI 46,10,82,(12:03) 5-D.McNabb pass short middle to 81-J.Avant to WAS 46 for 8 yards (59-L.Fletcher).,pass,8,0,0,1,0,0,0,short,middle,6,2,NA,NA,NA,NA,NA,NA,3,3,0,NA,NA,NA,NA,3,3,0,0,0,0,0,0,0,0,0.007156267296522856,0.11608554422855377,0.0019276911625638604,0.18730677664279938,0.2880733013153076,0.005147282034158707,0.3943031132221222,0,0,1.971376809058711,0.568227008683607,-2.5292456853203475,2.5292456853203475,0.06930154375731945,-0.06930154375731945,-1.1020669376011938,1.1020669376011938,0.21680915169417858,0.3514178569894284,0.21680915169417858,0.3514178569894284,0.06784889288246632,-0.06784889288246632,-1.16991583048366,1.16991583048366,0.06784889288246632,-0.06784889288246632,-1.16991583048366,1.16991583048366,0.4624270498752594,0.5375729501247406,0.5375729501247406,0.4624270498752594,0.014720171689987183,0.0017199814319610596,-0.0017199814319610596,0.5228527784347534,0.4771472215652466,0.4591052532196045,0.5408947467803955,0.0143108069896698,-0.0143108069896698,-0.01385083794593811,0.01385083794593811,0,0.014720171689987183,0,0.014720171689987183,0,0,-0.01385083794593811,0.01385083794593811,0,0,-0.01385083794593811,0.01385083794593811,0,0,0,0,0,0,0,0,0,0,0,0,0,0,0,0,0,0,0,0,0,0,0,0,1,0,0,0,0,0,0,0,0,1,0,0,0,0,0,0,0,0,0,0,0,1,0,0,0,0,0,00-0011022,D.McNabb,8,00-0024324,J.Avant,8,NA,NA,NA,NA,NA,NA,NA,NA,NA,NA,NA,NA,NA,NA,NA,NA,NA,NA,NA,NA,NA,NA,NA,NA,NA,NA,NA,NA,NA,NA,NA,NA,NA,NA,NA,NA,NA,NA,NA,NA,NA,NA,NA,NA,NA,WAS,NA,00-0005322,NA,L.Fletcher,NA,NA,NA,NA,NA,NA,NA,NA,NA,NA,NA,NA,NA,0,NA,NA,NA,NA,NA,NA,NA,NA,NA,NA,NA,NA,NA,NA,NA,NA,NA,NA,NA,NA,NA,NA,NA,NA,NA,NA,NA,NA,NA,NA,NA,0,NA,NA,NA,NA,0,NA,NA,0,0,0,0,NA,NA,2007,0.7538214921951294,24.61785078048706,4,1,First down,270,"11/11/07, 13:03:13",2007-11-11T18:09:23Z,Commanders Field,"Sunny Temp: 49° F, Humidity: 44%, Wind: 4 SE mph",10012007-1111-07c6-43e9-6366420b400f,0,0,PASS,0,NA,NA,NA,1,Touchdown,2007-11-11T18:03:13Z,11,6:44,7,1,1,1,1,12,KICKOFF,TOUCHDOWN,15:00,08:16,PHI 18,WAS 4,47,460,33,25,Home,-8,58,3,37.5,1,outdoors,grass,49,0,Joe Gibbs,Andy Reid,WAS00,FedExField,0,1,D.McNabb,5,NA,NA,J.Avant,81,1,0,0,0,1,00-0011022,NA,00-0024324,D.McNabb,5,00-0011022,J.Avant,00-0024324,J.Avant,00-0024324,0,0,0.568227008683607,0.46714108008435495,4.261003950086888,3,0.995386163587682,0.3816439750371501,0.44458723068237305,55.541276931762695,2007,Go for it,NA,NA,NA,NA,NA,NA,NA,NA,NA,NA,Toss Up,Go for it,Andy Reid,Joe Gibbs,12:03,NA,NA,NA,NA,NA,NA,NA,NA,NA,NA
294,2007_10_PHI_WAS,2007111107,WAS,PHI,REG,10,PHI,away,WAS,WAS,46,2007-11-11,688,1588,3388,Half1,0,1,0,1,2,0,11:28,WAS 46,2,82,(11:28) 5-D.McNabb pass incomplete deep left to 80-K.Curtis.,pass,0,0,0,1,0,0,0,deep,left,30,NA,NA,NA,NA,NA,NA,NA,3,3,0,NA,NA,NA,NA,3,3,0,0,0,0,0,0,0,0,0.006860882975161076,0.09679998457431793,0.001445533474907279,0.15754733979701996,0.3010951578617096,0.004263307433575392,0.4319877326488495,0,0,2.539603817742318,-0.7477760601323098,-1.7814696251880378,1.7814696251880378,0.06930154375731945,-0.06930154375731945,-0.354290877468884,0.354290877468884,2.0344313667155802,-2.78220742684789,0,0,0.06784889288246632,-0.06784889288246632,-1.16991583048366,1.16991583048366,-1.966582473833114,1.966582473833114,1.61229159636423,-1.61229159636423,0.4771472215652466,0.5228527784347534,0.5228527784347534,0.4771472215652466,-0.028318822383880615,-0.025121212005615234,0.025121212005615234,0.551171600818634,0.44882839918136597,0.46082523465156555,0.5391747653484344,0.0143108069896698,-0.0143108069896698,0.014467984437942505,-0.014467984437942505,0,-0.028318822383880615,0,0,0,0,-0.01385083794593811,0.01385083794593811,0,0,0.014467984437942505,-0.014467984437942505,0,0,0,0,0,0,0,0,1,0,0,0,0,0,0,0,0,0,0,0,0,0,0,0,0,0,0,0,0,0,0,0,0,1,0,0,0,0,0,0,0,0,0,0,0,0,0,0,0,0,0,00-0011022,D.McNabb,NA,NA,NA,NA,NA,NA,NA,NA,NA,NA,NA,NA,NA,NA,NA,NA,NA,NA,NA,NA,NA,NA,NA,NA,NA,NA,NA,NA,NA,NA,NA,NA,NA,NA,NA,NA,NA,NA,NA,NA,NA,NA,NA,NA,NA,NA,NA,NA,NA,NA,NA,NA,NA,NA,NA,NA,NA,NA,NA,NA,NA,NA,NA,NA,NA,NA,NA,0,NA,NA,NA,NA,NA,NA,NA,NA,NA,NA,NA,NA,NA,NA,NA,NA,NA,NA,NA,NA,NA,NA,NA,NA,NA,NA,NA,NA,NA,NA,NA,0,NA,NA,NA,NA,0,NA,NA,0,0,0,0,NA,NA,2007,0.30698904395103455,-30.698904395103455,4,1,First down,294,"11/11/07, 13:03:13",2007-11-11T18:09:58Z,Commanders Field,"Sunny Temp: 49° F, Humidity: 44%, Wind: 4 SE mph",10012007-1111-07c6-43e9-6366420b400f,0,0,PASS,0,NA,NA,NA,1,Touchdown,2007-11-11T18:03:13Z,11,6:44,7,1,1,1,1,12,KICKOFF,TOUCHDOWN,15:00,08:16,PHI 18,WAS 4,47,460,33,25,Home,-8,58,3,37.5,1,outdoors,grass,49,0,Joe Gibbs,Andy Reid,WAS00,FedExField,0,0,D.McNabb,5,NA,NA,K.Curtis,80,1,0,0,0,1,00-0011022,NA,00-0022001,D.McNabb,5,00-0011022,NA,NA,K.Curtis,00-0022001,0,0,-0.7477760601323098,0.5373069726404252,5.236368812969886,4,1,1,0.28979066014289856,71.02093398571014,2007,Go for it,NA,NA,NA,NA,NA,NA,NA,NA,NA,NA,Toss Up,Go for it,Andy Reid,Joe Gibbs,11:28,NA,NA,NA,NA,NA,NA,NA,NA,NA,NA
316,2007_10_PHI_WAS,2007111107,WAS,PHI,REG,10,PHI,away,WAS,WAS,46,2007-11-11,679,1579,3379,Half1,0,1,0,1,3,0,11:19,WAS 46,2,82,(11:19) 36-B.Westbrook right end pushed ob at WAS 34 for 12 yards (92-D.Evans).,run,12,0,0,0,0,0,0,NA,NA,NA,NA,right,end,NA,NA,NA,NA,3,3,0,NA,NA,NA,NA,3,3,0,0,0,0,0,0,0,0,0.007561639416962862,0.12171277403831482,0.0015950222732499242,0.1985832303762436,0.27978506684303284,0.0048904758878052235,0.3858717978000641,0,0,1.7918277576100081,1.5240134950727224,-3.30548312026076,3.30548312026076,-1.454711951315403,1.454711951315403,-0.354290877468884,0.354290877468884,NA,NA,0,0,0.06784889288246632,-0.06784889288246632,-1.16991583048366,1.16991583048366,-1.966582473833114,1.966582473833114,1.61229159636423,-1.61229159636423,0.44882839918136597,0.551171600818634,0.551171600818634,0.44882839918136597,0.08158338069915771,0.060768961906433105,-0.060768961906433105,0.4695882201194763,0.5304117798805237,0.4357040226459503,0.5642959773540497,-0.06727257370948792,0.06727257370948792,0.014467984437942505,-0.014467984437942505,NA,NA,0,0,0,0,-0.01385083794593811,0.01385083794593811,0,0,0.014467984437942505,-0.014467984437942505,0,1,0,0,1,0,0,0,0,0,0,0,0,0,0,0,0,0,0,0,0,0,0,0,1,0,0,0,0,0,0,0,1,0,0,0,0,0,0,0,0,0,0,0,0,0,0,0,0,0,0,NA,NA,NA,NA,NA,NA,00-0021216,B.Westbrook,12,NA,NA,NA,NA,NA,NA,NA,NA,NA,NA,NA,NA,NA,NA,NA,NA,NA,NA,NA,NA,NA,NA,NA,NA,NA,NA,NA,NA,NA,NA,NA,NA,NA,NA,NA,NA,NA,NA,NA,NA,NA,NA,WAS,NA,00-0020055,NA,D.Evans,NA,NA,NA,NA,NA,NA,NA,NA,NA,NA,NA,NA,NA,0,NA,NA,NA,NA,NA,NA,NA,NA,NA,NA,NA,NA,NA,NA,NA,NA,NA,NA,NA,NA,NA,NA,NA,NA,NA,NA,NA,NA,NA,NA,NA,0,NA,NA,NA,NA,0,NA,NA,0,0,0,0,NA,NA,2007,NA,NA,4,1,First down,316,"11/11/07, 13:03:13",2007-11-11T18:10:44Z,Commanders Field,"Sunny Temp: 49° F, Humidity: 44%, Wind: 4 SE mph",10012007-1111-07c6-43e9-6366420b400f,0,0,RUSH,0,NA,NA,NA,1,Touchdown,2007-11-11T18:03:13Z,11,6:44,7,1,1,1,1,12,KICKOFF,TOUCHDOWN,15:00,08:16,PHI 18,WAS 4,47,460,33,25,Home,-8,58,3,37.5,1,outdoors,grass,49,0,Joe Gibbs,Andy Reid,WAS00,FedExField,0,1,NA,NA,B.Westbrook,36,NA,NA,0,1,1,0,1,NA,00-0021216,NA,B.Westbrook,36,00-0021216,B.Westbrook,00-0021216,B.Westbrook,00-0021216,1,0,1.5240134950727224,NA,NA,NA,NA,NA,0.693652331829071,-69.3652331829071,2007,Go for it,NA,NA,NA,NA,NA,NA,NA,NA,NA,NA,Toss Up,Go for it,Andy Reid,Joe Gibbs,11:19,NA,NA,NA,NA,NA,NA,NA,NA,NA,NA
343,2007_10_PHI_WAS,2007111107,WAS,PHI,REG,10,PHI,away,WAS,WAS,34,2007-11-11,643,1543,3343,Half1,0,1,0,1,1,0,10:43,WAS 34,10,82,(10:43) 5-D.McNabb pass short left to 84-H.Baskett to WAS 30 for 4 yards (27-F.Smoot).,pass,4,0,0,1,0,0,0,short,left,0,4,NA,NA,NA,NA,NA,NA,3,3,0,NA,NA,NA,NA,3,3,0,0,0,0,0,0,0,0,0.005449628457427025,0.060444753617048264,0.0010429752292111516,0.10391723364591599,0.39185723662376404,0.0019813342951238155,0.4353068172931671,0,0,3.3158412526827306,0.030533021548762918,-3.336016141809523,3.336016141809523,-1.454711951315403,1.454711951315403,-0.3848238990176469,0.3848238990176469,-0.46512305922806263,0.49565608077682555,-0.46512305922806263,0.49565608077682555,0.532971952110529,-0.532971952110529,-1.6655719112604856,1.6655719112604856,-1.5014594146050513,1.5014594146050513,1.1166355155874044,-1.1166355155874044,0.5304117798805237,0.4695882201194763,0.4695882201194763,0.5304117798805237,-0.011403381824493408,-0.02294895052909851,0.02294895052909851,0.4809916019439697,0.5190083980560303,0.4964729845523834,0.5035270154476166,-0.06727257370948792,0.06727257370948792,0.025871366262435913,-0.025871366262435913,0,-0.011403381824493408,0,-0.011403381824493408,0,0,-0.002447456121444702,0.002447456121444702,0,0,0.025871366262435913,-0.025871366262435913,0,0,0,0,0,0,0,0,0,0,0,0,0,0,0,0,0,0,0,0,0,0,0,0,1,0,0,0,0,0,0,0,0,1,0,0,0,0,0,0,0,0,0,0,0,1,0,0,0,0,0,00-0011022,D.McNabb,4,00-0024013,H.Baskett,4,NA,NA,NA,NA,NA,NA,NA,NA,NA,NA,NA,NA,NA,NA,NA,NA,NA,NA,NA,NA,NA,NA,NA,NA,NA,NA,NA,NA,NA,NA,NA,NA,NA,NA,NA,NA,NA,NA,NA,NA,NA,NA,NA,NA,NA,WAS,NA,00-0020522,NA,F.Smoot,NA,NA,NA,NA,NA,NA,NA,NA,NA,NA,NA,NA,NA,0,NA,NA,NA,NA,NA,NA,NA,NA,NA,NA,NA,NA,NA,NA,NA,NA,NA,NA,NA,NA,NA,NA,NA,NA,NA,NA,NA,NA,NA,NA,NA,0,NA,NA,NA,NA,0,NA,NA,0,0,0,0,NA,NA,2007,0.6664296984672546,33.357030153274536,5,1,First down,343,"11/11/07, 13:03:13",2007-11-11T18:11:31Z,Commanders Field,"Sunny Temp: 49° F, Humidity: 44%, Wind: 4 SE mph",10012007-1111-07c6-43e9-6366420b400f,0,0,PASS,0,NA,NA,NA,1,Touchdown,2007-11-11T18:03:13Z,11,6:44,7,1,1,1,1,12,KICKOFF,TOUCHDOWN,15:00,08:16,PHI 18,WAS 4,47,460,33,25,Home,-8,58,3,37.5,1,outdoors,grass,49,0,Joe Gibbs,Andy Reid,WAS00,FedExField,0,1,D.McNabb,5,NA,NA,H.Baskett,84,1,0,0,0,1,00-0011022,NA,00-0024013,D.McNabb,5,00-0011022,H.Baskett,00-0024013,H.Baskett,00-0024013,0,0,0.030533021548762918,0.8220021622213973,6.753481803403702,5,0.6689823280903511,0.2284077566000633,0.4237503707408905,57.62496292591095,2007,Go for it,NA,NA,NA,NA,NA,NA,NA,NA,NA,NA,Toss Up,Go for it,Andy Reid,Joe Gibbs,10:43,NA,NA,NA,NA,NA,NA,NA,NA,NA,NA
367,2007_10_PHI_WAS,2007111107,WAS,PHI,REG,10,PHI,away,WAS,WAS,30,2007-11-11,605,1505,3305,Half1,0,1,0,1,2,0,10:05,WAS 30,6,82,(10:05) 36-B.Westbrook left tackle to WAS 21 for 9 yards (92-D.Evans).,run,9,0,0,0,0,0,0,NA,NA,NA,NA,left,tackle,NA,NA,NA,NA,3,3,0,NA,NA,NA,NA,3,3,0,0,0,0,0,0,0,0,0.004786059260368347,0.05930059775710106,7.540187798440456e-4,0.09196262806653976,0.43163007497787476,0.0012668110430240631,0.41029980778694153,0,0,3.3463742742314935,0.9360587816918269,-4.27207492350135,4.27207492350135,-2.39077073300723,2.39077073300723,-0.3848238990176469,0.3848238990176469,NA,NA,0,0,0.532971952110529,-0.532971952110529,-1.6655719112604856,1.6655719112604856,-1.5014594146050513,1.5014594146050513,1.1166355155874044,-1.1166355155874044,0.5190083980560303,0.4809916019439697,0.4809916019439697,0.5190083980560303,0.04172009229660034,0.04629647731781006,-0.04629647731781006,0.4392715096473694,0.5607284903526306,0.4735240340232849,0.5264759659767151,-0.10899266600608826,0.10899266600608826,0.025871366262435913,-0.025871366262435913,NA,NA,0,0,0,0,-0.002447456121444702,0.002447456121444702,0,0,0.025871366262435913,-0.025871366262435913,0,1,0,0,0,0,0,0,0,0,0,0,0,0,0,0,0,0,0,0,0,0,0,0,1,0,0,0,0,0,0,0,1,0,0,0,0,0,0,0,0,0,0,0,0,0,0,0,0,0,0,NA,NA,NA,NA,NA,NA,00-0021216,B.Westbrook,9,NA,NA,NA,NA,NA,NA,NA,NA,NA,NA,NA,NA,NA,NA,NA,NA,NA,NA,NA,NA,NA,NA,NA,NA,NA,NA,NA,NA,NA,NA,NA,NA,NA,NA,NA,NA,NA,NA,NA,NA,NA,NA,WAS,NA,00-0020055,NA,D.Evans,NA,NA,NA,NA,NA,NA,NA,NA,NA,NA,NA,NA,NA,0,NA,NA,NA,NA,NA,NA,NA,NA,NA,NA,NA,NA,NA,NA,NA,NA,NA,NA,NA,NA,NA,NA,NA,NA,NA,NA,NA,NA,NA,NA,NA,0,NA,NA,NA,NA,0,NA,NA,0,0,0,0,NA,NA,2007,NA,NA,5,1,First down,367,"11/11/07, 13:03:13",2007-11-11T18:12:09Z,Commanders Field,"Sunny Temp: 49° F, Humidity: 44%, Wind: 4 SE mph",10012007-1111-07c6-43e9-6366420b400f,0,0,RUSH,0,NA,NA,NA,1,Touchdown,2007-11-11T18:03:13Z,11,6:44,7,1,1,1,1,12,KICKOFF,TOUCHDOWN,15:00,08:16,PHI 18,WAS 4,47,460,33,25,Home,-8,58,3,37.5,1,outdoors,grass,49,0,Joe Gibbs,Andy Reid,WAS00,FedExField,0,1,NA,NA,B.Westbrook,36,NA,NA,0,1,1,0,1,NA,00-0021216,NA,B.Westbrook,36,00-0021216,B.Westbrook,00-0021216,B.Westbrook,00-0021216,0,0,0.9360587816918269,NA,NA,NA,NA,NA,0.5179654955863953,-51.796549558639526,2007,Go for it,NA,NA,NA,NA,NA,NA,NA,NA,NA,NA,Toss Up,Go for it,Andy Reid,Joe Gibbs,10:05,NA,NA,NA,NA,NA,NA,NA,NA,NA,NA
389,2007_10_PHI_WAS,2007111107,WAS,PHI,REG,10,PHI,away,WAS,WAS,21,2007-11-11,567,1467,3267,Half1,0,1,0,1,1,0,09:27,WAS 21,10,82,(9:27) (Shotgun) 5-D.McNabb pass short middle to 36-B.Westbrook to WAS 9 for 12 yards (52-R.McIntosh; 21-S.Taylor).,pass,12,1,0,1,0,0,0,short,middle,4,8,NA,NA,NA,NA,NA,NA,3,3,0,NA,NA,NA,NA,3,3,0,0,0,0,0,0,0,0,0.003949988633394241,0.03279215469956398,6.433234666474164e-4,0.051466360688209534,0.4075222313404083,0.0011175923282280564,0.5025084018707275,0,0,4.28243305592332,0.6507580541074276,-4.922832977608778,4.922832977608778,-2.39077073300723,2.39077073300723,-1.0355819531250745,1.0355819531250745,-0.034854262485168874,0.6856123165925965,-0.034854262485168874,0.6856123165925965,0.5678262145956978,-0.5678262145956978,-2.351184227853082,2.351184227853082,-1.4666051521198824,1.4666051521198824,0.4310231989948079,-0.4310231989948079,0.5607284903526306,0.4392715096473694,0.4392715096473694,0.5607284903526306,0.026519477367401123,0.02946382761001587,-0.02946382761001587,0.41275203227996826,0.5872479677200317,0.519820511341095,0.48017948865890503,-0.10899266600608826,0.10899266600608826,-6.4811110496521e-4,6.4811110496521e-4,0,0.026519477367401123,0,0.026519477367401123,0,0,-0.028966933488845825,0.028966933488845825,0,0,-6.4811110496521e-4,6.4811110496521e-4,0,0,1,0,0,0,0,0,0,0,0,0,0,0,0,0,0,0,0,0,0,0,0,0,0,0,0,0,0,0,0,0,0,1,0,0,0,0,0,0,0,0,0,0,0,1,1,0,0,0,0,00-0011022,D.McNabb,12,00-0021216,B.Westbrook,12,NA,NA,NA,NA,NA,NA,NA,NA,NA,NA,NA,NA,NA,NA,NA,NA,NA,NA,NA,NA,NA,NA,NA,NA,NA,NA,NA,NA,NA,NA,NA,NA,NA,NA,NA,NA,NA,NA,NA,NA,NA,NA,NA,NA,NA,NA,NA,NA,NA,NA,NA,00-0024250,R.McIntosh,WAS,00-0022777,S.Taylor,WAS,NA,NA,NA,NA,NA,NA,0,NA,NA,NA,NA,NA,NA,NA,NA,NA,NA,NA,NA,NA,NA,NA,NA,NA,NA,NA,NA,NA,NA,NA,NA,NA,NA,NA,NA,NA,NA,NA,0,NA,NA,NA,NA,0,NA,NA,0,0,0,0,NA,NA,2007,0.7588642239570618,24.113577604293823,6,1,First down,389,"11/11/07, 13:03:13",2007-11-11T18:12:47Z,Commanders Field,"Sunny Temp: 49° F, Humidity: 44%, Wind: 4 SE mph",10012007-1111-07c6-43e9-6366420b400f,0,0,PASS,0,NA,NA,NA,1,Touchdown,2007-11-11T18:03:13Z,11,6:44,7,1,1,1,1,12,KICKOFF,TOUCHDOWN,15:00,08:16,PHI 18,WAS 4,47,460,33,25,Home,-8,58,3,37.5,1,outdoors,grass,49,0,Joe Gibbs,Andy Reid,WAS00,FedExField,0,1,D.McNabb,5,NA,NA,B.Westbrook,36,1,0,1,0,1,00-0011022,NA,00-0021216,D.McNabb,5,00-0011022,B.Westbrook,00-0021216,B.Westbrook,00-0021216,0,0,0.6507580541074276,0.5258121476472243,4.123701834119856,3,0.8200999906985089,0.26900598767679185,0.3987886309623718,60.12113690376282,2007,Go for it,NA,NA,NA,NA,NA,NA,NA,NA,NA,NA,Toss Up,Go for it,Andy Reid,Joe Gibbs,9:27,NA,NA,NA,NA,NA,NA,NA,NA,NA,NA
413,2007_10_PHI_WAS,2007111107,WAS,PHI,REG,10,PHI,away,WAS,WAS,9,2007-11-11,567,1467,3267,Half1,0,1,0,1,1,1,09:27,WAS 9,9,82,"(9:27) (Shotgun) PENALTY on WAS-64-K.Golston, Neutral Zone Infraction, 5 yards, enforced at WAS 9 - No Play.",no_play,0,1,0,0,0,0,0,NA,NA,NA,NA,NA,NA,NA,NA,NA,NA,3,3,0,NA,NA,NA,NA,3,3,0,0,0,0,0,0,0,0,0.001992378383874893,0.01676744781434536,4.995671915821731e-4,0.02963835932314396,0.364540159702301,0.001518723089247942,0.5850433111190796,0,0,4.933191110030748,0.7939101509400643,-5.716743128548842,5.716743128548842,-2.39077073300723,2.39077073300723,-1.0355819531250745,1.0355819531250745,NA,NA,0,0,0.5678262145956978,-0.5678262145956978,-2.351184227853082,2.351184227853082,-1.4666051521198824,1.4666051521198824,0.4310231989948079,-0.4310231989948079,0.5872479677200317,0.41275203227996826,0.41275203227996826,0.5872479677200317,0.006869494915008545,0.013810038566589355,-0.013810038566589355,0.4058825373649597,0.5941174626350403,0.5492843389511108,0.45071566104888916,-0.10899266600608826,0.10899266600608826,-6.4811110496521e-4,6.4811110496521e-4,NA,NA,0,0,0,0,-0.028966933488845825,0.028966933488845825,0,0,-6.4811110496521e-4,6.4811110496521e-4,0,0,0,0,0,0,0,0,0,0,0,0,0,0,0,0,0,0,0,0,0,0,0,0,0,0,1,0,0,0,0,0,0,0,0,0,0,0,0,0,0,0,0,0,0,0,0,0,0,0,0,NA,NA,NA,NA,NA,NA,NA,NA,NA,NA,NA,NA,NA,NA,NA,NA,NA,NA,NA,NA,NA,NA,NA,NA,NA,NA,NA,NA,NA,NA,NA,NA,NA,NA,NA,NA,NA,NA,NA,NA,NA,NA,NA,NA,NA,NA,NA,NA,NA,NA,NA,NA,NA,NA,NA,NA,NA,NA,NA,NA,NA,NA,NA,NA,NA,NA,NA,NA,NA,0,NA,NA,NA,NA,NA,NA,NA,NA,NA,NA,NA,NA,NA,NA,NA,NA,NA,NA,NA,NA,NA,NA,NA,NA,NA,NA,NA,NA,NA,NA,NA,0,WAS,00-0024410,K.Golston,5,0,NA,Neutral Zone Infraction,0,0,0,0,NA,NA,2007,NA,NA,7,1,Touchdown,413,"11/11/07, 13:03:13",NA,Commanders Field,"Sunny Temp: 49° F, Humidity: 44%, Wind: 4 SE mph",10012007-1111-07c6-43e9-6366420b400f,0,0,PENALTY,0,NA,NA,NA,1,Touchdown,2007-11-11T18:03:13Z,11,6:44,7,1,1,1,1,12,KICKOFF,TOUCHDOWN,15:00,08:16,PHI 18,WAS 4,47,460,33,25,Home,-8,58,3,37.5,1,outdoors,grass,49,0,Joe Gibbs,Andy Reid,WAS00,FedExField,0,1,NA,NA,NA,NA,NA,NA,0,0,0,0,1,NA,NA,NA,NA,NA,NA,NA,NA,NA,NA,0,0,0.7939101509400643,NA,NA,NA,NA,NA,0.3162434697151184,NA,2007,Other,NA,NA,NA,NA,NA,NA,NA,NA,NA,NA,Toss Up,Other (Penalty),Andy Reid,Joe Gibbs,9:27,NA,NA,NA,NA,NA,NA,NA,NA,NA,NA
436,2007_10_PHI_WAS,2007111107,WAS,PHI,REG,10,PHI,away,WAS,WAS,4,2007-11-11,501,1401,3201,Half1,0,1,1,1,1,1,08:21,WAS 4,4,82,"(8:21) 5-D.McNabb pass short middle to 36-B.Westbrook for 4 yards, TOUCHDOWN. Shovel pass",pass,4,0,0,1,0,0,0,short,middle,-2,6,NA,NA,NA,NA,NA,NA,3,3,0,NA,PHI,B.Westbrook,00-0021216,3,3,0,6,0,0,0,6,0,6,0.0017576719401404262,0.013848702423274517,4.1136136860586703e-4,0.02110518142580986,0.2008594423532486,0.0038990224711596966,0.7581185698509216,0,0,5.727101260970812,1.2728987390291877,-6.98964186757803,6.98964186757803,-2.39077073300723,2.39077073300723,-2.308480692154262,2.308480692154262,-0.8202872264082544,2.093185965437442,-0.8202872264082544,2.093185965437442,1.3881134410039522,-1.3881134410039522,-4.444370193290524,4.444370193290524,-0.646317925711628,0.646317925711628,-1.6621627664426342,1.6621627664426342,0.5941174626350403,0.4058825373649597,0.4058825373649597,0.5941174626350403,0.027042010430330166,0.024258433068967022,-0.024258433068967022,0.37884052693462955,0.6211594730653704,0.5630943775177002,0.4369056224822998,-0.10899266600608826,0.10899266600608826,-0.027690121535295376,0.027690121535295376,0,0.027042010430330166,0,0.027042010430330166,0,0,-0.05600894391917599,0.05600894391917599,0,0,-0.027690121535295376,0.027690121535295376,0,0,1,0,0,0,0,0,0,0,0,0,0,0,0,0,0,0,0,0,0,0,0,0,0,0,0,0,0,0,0,0,0,1,0,1,1,0,0,0,0,0,0,0,0,1,0,0,0,0,0,00-0011022,D.McNabb,4,00-0021216,B.Westbrook,4,NA,NA,NA,NA,NA,NA,NA,NA,NA,NA,NA,NA,NA,NA,NA,NA,NA,NA,NA,NA,NA,NA,NA,NA,NA,NA,NA,NA,NA,NA,NA,NA,NA,NA,NA,NA,NA,NA,NA,NA,NA,NA,NA,NA,NA,NA,NA,NA,NA,NA,NA,NA,NA,NA,NA,NA,NA,NA,NA,NA,NA,NA,NA,0,NA,NA,NA,NA,NA,NA,NA,NA,NA,NA,NA,NA,NA,NA,NA,NA,NA,NA,NA,NA,NA,NA,NA,NA,NA,NA,NA,NA,NA,NA,NA,0,NA,NA,NA,NA,0,NA,NA,0,0,0,0,NA,NA,2007,0.8187893033027649,18.12106966972351,7,1,Touchdown,436,"11/11/07, 13:03:13",2007-11-11T18:14:25Z,Commanders Field,"Sunny Temp: 49° F, Humidity: 44%, Wind: 4 SE mph",10012007-1111-07c6-43e9-6366420b400f,0,0,PASS,0,NA,NA,NA,1,Touchdown,2007-11-11T18:03:13Z,11,6:44,7,1,1,1,1,12,KICKOFF,TOUCHDOWN,15:00,08:16,PHI 18,WAS 4,47,460,33,25,Home,-8,58,3,37.5,1,outdoors,grass,49,0,Joe Gibbs,Andy Reid,WAS00,FedExField,0,1,D.McNabb,5,NA,NA,B.Westbrook,36,1,0,1,0,1,00-0011022,NA,00-0021216,D.McNabb,5,00-0011022,B.Westbrook,00-0021216,B.Westbrook,00-0021216,0,0,1.2728987390291877,1.128536044714475,3.8683283100253902,5,0.5130291679524817,0.4041178697370924,0.31683844327926636,68.31615567207336,2007,Go for it,NA,NA,NA,NA,NA,NA,NA,NA,NA,NA,Toss Up,Go for it,Andy Reid,Joe Gibbs,8:21,NA,NA,NA,NA,NA,NA,NA,NA,NA,NA
460,2007_10_PHI_WAS,2007111107,WAS,PHI,REG,10,PHI,away,WAS,WAS,2,2007-11-11,496,1396,3196,Half1,0,1,1,1,NA,0,08:16,WAS 2,0,82,"2-D.Akers extra point is GOOD, Center-46-J.Dorenbos, Holder-6-S.Rocca.",extra_point,0,0,0,0,0,0,0,NA,NA,NA,NA,NA,NA,NA,20,good,NA,3,3,0,NA,NA,NA,NA,3,3,0,7,6,0,6,7,0,7,0,0,0,0,0,0,0,0.982039258461783,0,0.982039258461783,0.01796074153821703,-7.007602609116247,7.007602609116247,-2.39077073300723,2.39077073300723,-2.308480692154262,2.308480692154262,NA,NA,0,0,1.3881134410039522,-1.3881134410039522,-4.444370193290524,4.444370193290524,-0.646317925711628,0.646317925711628,-1.6621627664426342,1.6621627664426342,0.6211594730653704,0.37884052693462955,0.37884052693462955,0.6211594730653704,0.0071350246629773295,0.0031599717486141543,-0.0031599717486141543,0.3717055022716522,0.6282944977283478,0.5873528105866672,0.4126471894133328,-0.10899266600608826,0.10899266600608826,-0.027690121535295376,0.027690121535295376,NA,NA,0,0,0,0,-0.05600894391917599,0.05600894391917599,0,0,-0.027690121535295376,0.027690121535295376,0,0,0,0,0,0,0,0,0,0,0,0,0,0,0,0,0,0,0,0,0,0,0,0,0,0,0,0,0,0,0,0,0,0,0,0,0,0,0,1,0,0,0,0,0,0,0,0,0,0,0,NA,NA,NA,NA,NA,NA,NA,NA,NA,NA,NA,NA,NA,NA,NA,NA,NA,NA,NA,NA,NA,NA,NA,NA,NA,NA,NA,NA,NA,NA,NA,D.Akers,00-0000108,NA,NA,NA,NA,NA,NA,NA,NA,NA,NA,NA,NA,NA,NA,NA,NA,NA,NA,NA,NA,NA,NA,NA,NA,NA,NA,NA,NA,NA,NA,NA,NA,NA,NA,NA,NA,0,NA,NA,NA,NA,NA,NA,NA,NA,NA,NA,NA,NA,NA,NA,NA,NA,NA,NA,NA,NA,NA,NA,NA,NA,NA,NA,NA,NA,NA,NA,NA,0,NA,NA,NA,NA,0,NA,NA,0,0,0,0,NA,NA,2007,NA,NA,7,1,Touchdown,460,"11/11/07, 13:03:13",2007-11-11T18:15:07Z,Commanders Field,"Sunny Temp: 49° F, Humidity: 44%, Wind: 4 SE mph",10012007-1111-07c6-43e9-6366420b400f,0,0,XP_KICK,1,NA,NA,NA,1,Touchdown,2007-11-11T18:03:13Z,11,6:44,7,1,1,1,1,12,KICKOFF,TOUCHDOWN,15:00,08:16,PHI 18,WAS 4,47,460,33,25,Home,-8,58,3,37.5,1,outdoors,grass,49,0,Joe Gibbs,Andy Reid,WAS00,FedExField,0,1,NA,NA,NA,NA,NA,NA,0,0,0,1,0,NA,NA,NA,NA,NA,NA,NA,NA,NA,NA,0,0,0.01796074153821703,NA,NA,NA,NA,NA,NA,NA,2007,Other,NA,NA,NA,NA,NA,NA,NA,NA,NA,NA,Toss Up,Other,Andy Reid,Joe Gibbs,8:16,NA,NA,NA,NA,NA,NA,NA,NA,NA,NA
476,2007_10_PHI_WAS,2007111107,WAS,PHI,REG,10,WAS,home,PHI,PHI,30,2007-11-11,496,1396,3196,Half1,0,2,0,1,NA,0,08:16,PHI 30,0,28,"2-D.Akers kicks 65 yards from PHI 30 to WAS 5. 31-R.Cartwright to WAS 25 for 20 yards (30-J.Reed, 57-C.Gocong).",kickoff,0,0,0,0,0,0,0,NA,NA,NA,NA,NA,NA,NA,65,NA,NA,3,3,0,NA,NA,NA,NA,3,3,0,7,0,7,-7,0,7,-7,0.013602854683995247,0.17270241677761078,0.003380934242159128,0.2413979023694992,0.2186805009841919,0.003987273667007685,0.3462481200695038,0,0,0.8730984553694725,0.43736963253468275,-6.570232976581564,6.570232976581564,-2.39077073300723,2.39077073300723,-2.308480692154262,2.308480692154262,NA,NA,0,0,1.3881134410039522,-1.3881134410039522,-4.444370193290524,4.444370193290524,-0.646317925711628,0.646317925711628,-1.6621627664426342,1.6621627664426342,0.3717055022716522,0.6282944977283478,0.3717055022716522,0.6282944977283478,0.013954848051071167,0.0017675459384918213,0.0017675459384918213,0.3856603503227234,0.6143396496772766,0.40948721766471863,0.40948721766471863,-0.10899266600608826,0.10899266600608826,-0.027690121535295376,0.027690121535295376,NA,NA,0,0,0,0,-0.05600894391917599,0.05600894391917599,0,0,-0.027690121535295376,0.027690121535295376,0,0,0,0,0,0,0,0,0,0,0,0,0,0,0,0,0,0,0,0,0,0,0,0,0,0,0,0,0,0,0,0,0,0,0,0,0,0,0,0,0,0,1,0,0,0,1,0,0,0,0,NA,NA,NA,NA,NA,NA,NA,NA,NA,NA,NA,NA,NA,NA,NA,NA,NA,NA,NA,NA,NA,NA,NA,NA,NA,R.Cartwright,00-0021357,NA,NA,NA,NA,D.Akers,00-0000108,NA,NA,NA,NA,NA,NA,NA,NA,NA,NA,NA,NA,NA,NA,NA,NA,NA,NA,NA,NA,NA,NA,NA,NA,00-0024286,C.Gocong,PHI,NA,NA,NA,NA,NA,NA,NA,NA,NA,1,00-0022791,J.Reed,PHI,NA,NA,NA,NA,NA,NA,NA,NA,NA,NA,NA,NA,NA,NA,NA,NA,NA,NA,NA,NA,NA,NA,NA,NA,NA,NA,NA,WAS,20,NA,NA,NA,NA,0,NA,NA,0,0,0,0,NA,NA,2007,NA,NA,8,1,First down,476,"11/11/07, 13:03:13",2007-11-11T18:17:40Z,Commanders Field,"Sunny Temp: 49° F, Humidity: 44%, Wind: 4 SE mph",10012007-1111-07c6-43e9-6366420b400f,0,0,KICK_OFF,1,NA,NA,NA,2,Punt,2007-11-11T18:17:40Z,6,3:33,2,0,0,1,1,0,KICKOFF,PUNT,08:16,04:43,WAS 25,PHI 47,476,639,33,25,Home,-8,58,3,37.5,1,outdoors,grass,49,0,Joe Gibbs,Andy Reid,WAS00,FedExField,0,1,NA,NA,NA,NA,NA,NA,0,0,0,1,0,NA,NA,NA,NA,NA,NA,NA,NA,NA,NA,0,0,0.43736963253468275,NA,NA,NA,NA,NA,NA,NA,2007,Other,NA,NA,NA,NA,NA,NA,NA,NA,NA,NA,Toss Up,Other,Andy Reid,Joe Gibbs,8:16,NA,NA,NA,NA,NA,NA,NA,NA,NA,NA
498,2007_10_PHI_WAS,2007111107,WAS,PHI,REG,10,WAS,home,PHI,WAS,75,2007-11-11,492,1392,3192,Half1,0,2,0,1,1,0,08:12,WAS 25,10,28,(8:12) 26-C.Portis left end to WAS 30 for 5 yards (58-T.Cole).,run,5,0,0,0,0,0,0,NA,NA,NA,NA,left,end,NA,NA,NA,NA,3,3,0,NA,NA,NA,NA,3,3,0,7,0,7,-7,0,7,-7,0.01352469902485609,0.14781811833381653,0.002820680383592844,0.22396719455718994,0.23404055833816528,0.003917768597602844,0.3739109933376312,0,0,1.3104680879041553,0.01156372344121337,-6.5586692531403505,6.5586692531403505,-2.3792070095660165,2.3792070095660165,-2.308480692154262,2.308480692154262,NA,NA,0,0,1.3881134410039522,-1.3881134410039522,-4.444370193290524,4.444370193290524,-0.646317925711628,0.646317925711628,-1.6621627664426342,1.6621627664426342,0.3856603503227234,0.6143396496772766,0.3856603503227234,0.6143396496772766,-0.001084446907043457,-0.005359739065170288,-0.005359739065170288,0.38457590341567993,0.6154240965843201,0.41125476360321045,0.41125476360321045,-0.11007711291313171,0.11007711291313171,-0.027690121535295376,0.027690121535295376,NA,NA,0,0,0,0,-0.05600894391917599,0.05600894391917599,0,0,-0.027690121535295376,0.027690121535295376,0,0,0,0,0,0,0,0,0,0,0,0,0,0,0,0,0,0,0,0,0,0,0,0,1,0,0,0,0,0,0,0,1,0,0,0,0,0,0,0,0,0,0,0,0,0,0,0,0,0,0,NA,NA,NA,NA,NA,NA,00-0021179,C.Portis,5,NA,NA,NA,NA,NA,NA,NA,NA,NA,NA,NA,NA,NA,NA,NA,NA,NA,NA,NA,NA,NA,NA,NA,NA,NA,NA,NA,NA,NA,NA,NA,NA,NA,NA,NA,NA,NA,NA,NA,NA,NA,NA,PHI,NA,00-0023579,NA,T.Cole,NA,NA,NA,NA,NA,NA,NA,NA,NA,NA,NA,NA,NA,0,NA,NA,NA,NA,NA,NA,NA,NA,NA,NA,NA,NA,NA,NA,NA,NA,NA,NA,NA,NA,NA,NA,NA,NA,NA,NA,NA,NA,NA,NA,NA,0,NA,NA,NA,NA,0,NA,NA,0,0,0,0,NA,NA,2007,NA,NA,8,1,First down,498,"11/11/07, 13:03:13",2007-11-11T18:20:10Z,Commanders Field,"Sunny Temp: 49° F, Humidity: 44%, Wind: 4 SE mph",10012007-1111-07c6-43e9-6366420b400f,0,0,RUSH,0,NA,NA,NA,2,Punt,2007-11-11T18:17:40Z,6,3:33,2,0,0,1,1,0,KICKOFF,PUNT,08:16,04:43,WAS 25,PHI 47,476,639,33,25,Home,-8,58,3,37.5,1,outdoors,grass,49,0,Joe Gibbs,Andy Reid,WAS00,FedExField,0,1,NA,NA,C.Portis,26,NA,NA,0,1,0,0,1,NA,00-0021179,NA,C.Portis,26,00-0021179,C.Portis,00-0021179,C.Portis,00-0021179,0,0,0.01156372344121337,NA,NA,NA,NA,NA,0.4687485694885254,-46.87485694885254,2007,Go for it,NA,NA,NA,NA,NA,NA,NA,NA,NA,NA,Toss Up,Go for it,Andy Reid,Joe Gibbs,8:12,NA,NA,NA,NA,NA,NA,NA,NA,NA,NA
527,2007_10_PHI_WAS,2007111107,WAS,PHI,REG,10,WAS,home,PHI,WAS,70,2007-11-11,453,1353,3153,Half1,0,2,0,1,2,0,07:33,WAS 30,5,28,(7:33) 26-C.Portis left guard to WAS 36 for 6 yards (20-B.Dawkins; 58-T.Cole).,run,6,0,0,0,0,0,0,NA,NA,NA,NA,left,guard,NA,NA,NA,NA,3,3,0,NA,NA,NA,NA,3,3,0,7,0,7,-7,0,7,-7,0.01596836932003498,0.15073315799236298,0.0027335111517459154,0.22364987432956696,0.22074879705905914,0.004032594617456198,0.38213369250297546,0,0,1.3220318113453686,0.6995453890413046,-5.859123864099046,5.859123864099046,-1.679661620524712,1.679661620524712,-2.308480692154262,2.308480692154262,NA,NA,0,0,1.3881134410039522,-1.3881134410039522,-4.444370193290524,4.444370193290524,-0.646317925711628,0.646317925711628,-1.6621627664426342,1.6621627664426342,0.38457590341567993,0.6154240965843201,0.38457590341567993,0.6154240965843201,0.029544472694396973,0.03673568367958069,0.03673568367958069,0.4141203761100769,0.5858796238899231,0.40589502453804016,0.40589502453804016,-0.08053264021873474,0.08053264021873474,-0.027690121535295376,0.027690121535295376,NA,NA,0,0,0,0,-0.05600894391917599,0.05600894391917599,0,0,-0.027690121535295376,0.027690121535295376,0,1,0,0,0,0,0,0,0,0,0,0,0,0,0,0,0,0,0,0,0,0,0,0,0,0,0,0,0,0,0,0,1,0,0,0,0,0,0,0,0,0,0,0,0,0,1,0,0,0,0,NA,NA,NA,NA,NA,NA,00-0021179,C.Portis,6,NA,NA,NA,NA,NA,NA,NA,NA,NA,NA,NA,NA,NA,NA,NA,NA,NA,NA,NA,NA,NA,NA,NA,NA,NA,NA,NA,NA,NA,NA,NA,NA,NA,NA,NA,NA,NA,NA,NA,NA,NA,NA,NA,NA,NA,NA,NA,NA,00-0004073,B.Dawkins,PHI,00-0023579,T.Cole,PHI,NA,NA,NA,NA,NA,NA,0,NA,NA,NA,NA,NA,NA,NA,NA,NA,NA,NA,NA,NA,NA,NA,NA,NA,NA,NA,NA,NA,NA,NA,NA,NA,NA,NA,NA,NA,NA,NA,0,NA,NA,NA,NA,0,NA,NA,0,0,0,0,NA,NA,2007,NA,NA,8,1,First down,527,"11/11/07, 13:03:13",2007-11-11T18:20:49Z,Commanders Field,"Sunny Temp: 49° F, Humidity: 44%, Wind: 4 SE mph",10012007-1111-07c6-43e9-6366420b400f,0,0,RUSH,0,NA,NA,NA,2,Punt,2007-11-11T18:17:40Z,6,3:33,2,0,0,1,1,0,KICKOFF,PUNT,08:16,04:43,WAS 25,PHI 47,476,639,33,25,Home,-8,58,3,37.5,1,outdoors,grass,49,0,Joe Gibbs,Andy Reid,WAS00,FedExField,0,1,NA,NA,C.Portis,26,NA,NA,0,1,1,0,1,NA,00-0021179,NA,C.Portis,26,00-0021179,C.Portis,00-0021179,C.Portis,00-0021179,0,0,0.6995453890413046,NA,NA,NA,NA,NA,0.44553160667419434,-44.553160667419434,2007,Go for it,NA,NA,NA,NA,NA,NA,NA,NA,NA,NA,Toss Up,Go for it,Andy Reid,Joe Gibbs,7:33,NA,NA,NA,NA,NA,NA,NA,NA,NA,NA
549,2007_10_PHI_WAS,2007111107,WAS,PHI,REG,10,WAS,home,PHI,WAS,64,2007-11-11,415,1315,3115,Half1,0,2,0,1,1,0,06:55,WAS 36,10,28,(6:55) 17-J.Campbell pass short right to 82-A.Randle El to WAS 46 for 10 yards (20-B.Dawkins).,pass,10,0,0,1,0,0,0,short,right,10,0,NA,NA,NA,NA,NA,NA,3,3,0,NA,NA,NA,NA,3,3,0,7,0,7,-7,0,7,-7,0.016648216173052788,0.12265599519014359,0.001929629361256957,0.1855309009552002,0.249689519405365,0.004353518597781658,0.4191921651363373,0,0,2.021577200386673,0.6219815697986633,-5.237142294300383,5.237142294300383,-1.679661620524712,1.679661620524712,-1.686499122355599,1.686499122355599,0.6219815697986633,0,0.6219815697986633,0,2.0100950108026154,-2.0100950108026154,-4.444370193290524,4.444370193290524,-0.02433635591296479,0.02433635591296479,-1.6621627664426342,1.6621627664426342,0.4141203761100769,0.5858796238899231,0.4141203761100769,0.5858796238899231,0.013034969568252563,0.015250295400619507,0.015250295400619507,0.42715534567832947,0.5728446543216705,0.44263070821762085,0.44263070821762085,-0.08053264021873474,0.08053264021873474,-0.014655151967042812,0.014655151967042812,0.013034969568252563,0,0.013034969568252563,0,0.013034969568252563,-0.013034969568252563,-0.05600894391917599,0.05600894391917599,0.013034969568252563,-0.013034969568252563,-0.027690121535295376,0.027690121535295376,0,0,1,0,0,0,0,0,0,0,0,0,0,0,0,0,0,0,0,0,0,0,0,0,1,0,0,0,0,0,0,0,0,1,0,0,0,0,0,0,0,0,0,0,0,1,0,0,0,0,0,00-0023460,J.Campbell,10,00-0021190,A.Randle El,10,NA,NA,NA,NA,NA,NA,NA,NA,NA,NA,NA,NA,NA,NA,NA,NA,NA,NA,NA,NA,NA,NA,NA,NA,NA,NA,NA,NA,NA,NA,NA,NA,NA,NA,NA,NA,NA,NA,NA,NA,NA,NA,NA,NA,NA,PHI,NA,00-0004073,NA,B.Dawkins,NA,NA,NA,NA,NA,NA,NA,NA,NA,NA,NA,NA,NA,0,NA,NA,NA,NA,NA,NA,NA,NA,NA,NA,NA,NA,NA,NA,NA,NA,NA,NA,NA,NA,NA,NA,NA,NA,NA,NA,NA,NA,NA,NA,NA,0,NA,NA,NA,NA,0,NA,NA,0,0,0,0,NA,NA,2007,0.5745344161987305,42.54655838012695,9,1,First down,549,"11/11/07, 13:03:13",2007-11-11T18:21:27Z,Commanders Field,"Sunny Temp: 49° F, Humidity: 44%, Wind: 4 SE mph",10012007-1111-07c6-43e9-6366420b400f,0,0,PASS,0,NA,NA,NA,2,Punt,2007-11-11T18:17:40Z,6,3:33,2,0,0,1,1,0,KICKOFF,PUNT,08:16,04:43,WAS 25,PHI 47,476,639,33,25,Home,-8,58,3,37.5,1,outdoors,grass,49,0,Joe Gibbs,Andy Reid,WAS00,FedExField,0,1,J.Campbell,17,NA,NA,A.Randle,82,1,0,1,0,1,00-0023460,NA,00-0021190,J.Campbell,17,00-0023460,A.Randle El,00-0021190,A.Randle,00-0021190,0,0,0.6219815697986633,0.20405800441103306,3.620044584473362,2,0.9988925330108032,0.959618226333987,0.4851720333099365,51.48279666900635,2007,Go for it,NA,NA,NA,NA,NA,NA,NA,NA,NA,NA,Toss Up,Go for it,Andy Reid,Joe Gibbs,6:55,NA,NA,NA,NA,NA,NA,NA,NA,NA,NA
573,2007_10_PHI_WAS,2007111107,WAS,PHI,REG,10,WAS,home,PHI,WAS,54,2007-11-11,373,1273,3073,Half1,0,2,0,1,1,0,06:13,WAS 46,10,28,(6:13) 26-C.Portis up the middle to WAS 46 for no gain (57-C.Gocong).,run,0,0,0,0,0,0,0,NA,NA,NA,NA,middle,NA,NA,NA,NA,NA,3,3,0,NA,NA,NA,NA,3,3,0,7,0,7,-7,0,7,-7,0.015331505797803402,0.10267218947410583,0.0015605605440214276,0.1492379754781723,0.2743785083293915,0.004301681183278561,0.45251762866973877,0,0,2.6435587701853365,-0.47693999065086246,-5.714082284951245,5.714082284951245,-2.1566016111755744,2.1566016111755744,-1.686499122355599,1.686499122355599,NA,NA,0,0,2.0100950108026154,-2.0100950108026154,-4.444370193290524,4.444370193290524,-0.02433635591296479,0.02433635591296479,-1.6621627664426342,1.6621627664426342,0.42715534567832947,0.5728446543216705,0.42715534567832947,0.5728446543216705,-0.01642632484436035,-0.004762470722198486,-0.004762470722198486,0.4107290208339691,0.5892709791660309,0.45788100361824036,0.45788100361824036,-0.09695896506309509,0.09695896506309509,-0.014655151967042812,0.014655151967042812,NA,NA,0,0,0.013034969568252563,-0.013034969568252563,-0.05600894391917599,0.05600894391917599,0.013034969568252563,-0.013034969568252563,-0.027690121535295376,0.027690121535295376,0,0,0,0,0,0,0,0,0,0,0,0,0,0,0,0,0,0,0,0,0,0,0,0,1,0,0,0,0,0,0,0,1,0,0,0,0,0,0,0,0,0,0,0,0,0,0,0,0,0,0,NA,NA,NA,NA,NA,NA,00-0021179,C.Portis,0,NA,NA,NA,NA,NA,NA,NA,NA,NA,NA,NA,NA,NA,NA,NA,NA,NA,NA,NA,NA,NA,NA,NA,NA,NA,NA,NA,NA,NA,NA,NA,NA,NA,NA,NA,NA,NA,NA,NA,NA,NA,NA,PHI,NA,00-0024286,NA,C.Gocong,NA,NA,NA,NA,NA,NA,NA,NA,NA,NA,NA,NA,NA,0,NA,NA,NA,NA,NA,NA,NA,NA,NA,NA,NA,NA,NA,NA,NA,NA,NA,NA,NA,NA,NA,NA,NA,NA,NA,NA,NA,NA,NA,NA,NA,0,NA,NA,NA,NA,0,NA,NA,0,0,0,0,NA,NA,2007,NA,NA,10,0,Punt,573,"11/11/07, 13:03:13",2007-11-11T18:22:08Z,Commanders Field,"Sunny Temp: 49° F, Humidity: 44%, Wind: 4 SE mph",10012007-1111-07c6-43e9-6366420b400f,0,0,RUSH,0,NA,NA,NA,2,Punt,2007-11-11T18:17:40Z,6,3:33,2,0,0,1,1,0,KICKOFF,PUNT,08:16,04:43,WAS 25,PHI 47,476,639,33,25,Home,-8,58,3,37.5,1,outdoors,grass,49,0,Joe Gibbs,Andy Reid,WAS00,FedExField,0,0,NA,NA,C.Portis,26,NA,NA,0,1,0,0,1,NA,00-0021179,NA,C.Portis,26,00-0021179,C.Portis,00-0021179,C.Portis,00-0021179,0,0,-0.47693999065086246,NA,NA,NA,NA,NA,0.48447784781455994,-48.447784781455994,2007,Go for it,NA,NA,NA,NA,NA,NA,NA,NA,NA,NA,Toss Up,Go for it,Andy Reid,Joe Gibbs,6:13,NA,NA,NA,NA,NA,NA,NA,NA,NA,NA
595,2007_10_PHI_WAS,2007111107,WAS,PHI,REG,10,WAS,home,PHI,WAS,54,2007-11-11,336,1236,3036,Half1,0,2,0,1,2,0,05:36,WAS 46,10,28,(5:36) (Shotgun) 17-J.Campbell pass incomplete deep right to 80-K.McCardell.,pass,0,1,0,1,0,0,0,deep,right,25,NA,NA,NA,NA,NA,NA,NA,3,3,0,NA,NA,NA,NA,3,3,0,7,0,7,-7,0,7,-7,0.017449820414185524,0.11849401146173477,0.0016408025985583663,0.1748388111591339,0.26002392172813416,0.004737223032861948,0.4228154122829437,0,0,2.166618779534474,-0.8461507733445615,-6.560233058295807,6.560233058295807,-2.1566016111755744,2.1566016111755744,-2.5326498957001604,2.5326498957001604,1.9241226543672383,-2.7702734277117997,0,0,2.0100950108026154,-2.0100950108026154,-4.444370193290524,4.444370193290524,1.8997862984542735,-1.8997862984542735,-4.432436194154434,4.432436194154434,0.4107290208339691,0.5892709791660309,0.4107290208339691,0.5892709791660309,-0.022635310888290405,-0.022821933031082153,-0.022821933031082153,0.3880937099456787,0.6119062900543213,0.45311853289604187,0.45311853289604187,-0.09695896506309509,0.09695896506309509,-0.03729046285533322,0.03729046285533322,0,-0.022635310888290405,0,0,0.013034969568252563,-0.013034969568252563,-0.05600894391917599,0.05600894391917599,0.013034969568252563,-0.013034969568252563,-0.05032543242358578,0.05032543242358578,0,0,0,0,0,0,0,0,1,0,0,0,0,0,0,0,0,0,0,0,0,0,0,0,0,0,0,0,0,0,0,0,0,1,0,0,0,0,0,0,0,0,0,0,0,0,0,0,0,0,0,00-0023460,J.Campbell,NA,NA,NA,NA,NA,NA,NA,NA,NA,NA,NA,NA,NA,NA,NA,NA,NA,NA,NA,NA,NA,NA,NA,NA,NA,NA,NA,NA,NA,NA,NA,NA,NA,NA,NA,NA,NA,NA,NA,NA,NA,NA,NA,NA,NA,NA,NA,NA,NA,NA,NA,NA,NA,NA,NA,NA,NA,NA,NA,NA,NA,NA,NA,NA,NA,NA,NA,0,NA,NA,NA,NA,NA,NA,NA,NA,NA,NA,NA,NA,NA,NA,NA,NA,NA,NA,NA,NA,NA,NA,NA,NA,NA,NA,NA,NA,NA,NA,NA,0,NA,NA,NA,NA,0,NA,NA,0,0,0,0,NA,NA,2007,0.349271297454834,-34.9271297454834,10,0,Punt,595,"11/11/07, 13:03:13",2007-11-11T18:22:46Z,Commanders Field,"Sunny Temp: 49° F, Humidity: 44%, Wind: 4 SE mph",10012007-1111-07c6-43e9-6366420b400f,0,0,PASS,0,NA,NA,NA,2,Punt,2007-11-11T18:17:40Z,6,3:33,2,0,0,1,1,0,KICKOFF,PUNT,08:16,04:43,WAS 25,PHI 47,476,639,33,25,Home,-8,58,3,37.5,1,outdoors,grass,49,0,Joe Gibbs,Andy Reid,WAS00,FedExField,0,0,J.Campbell,17,NA,NA,K.McCardell,80,1,0,0,0,1,00-0023460,NA,00-0010668,J.Campbell,17,00-0023460,NA,NA,K.McCardell,00-0010668,0,0,-0.8461507733445615,0.4118762324938654,5.971124051313382,3,1,1,0.5221987962722778,47.78012037277222,2007,Go for it,NA,NA,NA,NA,NA,NA,NA,NA,NA,NA,Toss Up,Go for it,Andy Reid,Joe Gibbs,5:36,NA,NA,NA,NA,NA,NA,NA,NA,NA,NA
617,2007_10_PHI_WAS,2007111107,WAS,PHI,REG,10,WAS,home,PHI,WAS,54,2007-11-11,330,1230,3030,Half1,0,2,0,1,3,0,05:30,WAS 46,10,28,(5:30) (Shotgun) 17-J.Campbell scrambles left end to PHI 47 for 7 yards (51-T.Spikes).,run,7,1,0,1,0,0,1,NA,NA,NA,NA,left,end,NA,NA,NA,NA,3,3,0,NA,NA,NA,NA,3,3,0,7,0,7,-7,0,7,-7,0.019116753712296486,0.1501724123954773,0.0017960455734282732,0.22014901041984558,0.2298358827829361,0.00527934730052948,0.37365058064460754,0,0,1.3204680061899126,-0.8396589460317045,-7.399892004327511,7.399892004327511,-2.996260557207279,2.996260557207279,-2.5326498957001604,2.5326498957001604,NA,NA,0,0,2.0100950108026154,-2.0100950108026154,-4.444370193290524,4.444370193290524,1.8997862984542735,-1.8997862984542735,-4.432436194154434,4.432436194154434,0.3880937099456787,0.6119062900543213,0.3880937099456787,0.6119062900543213,-0.024413734674453735,-0.019778311252593994,-0.019778311252593994,0.363679975271225,0.636320024728775,0.4302965998649597,0.4302965998649597,-0.12137269973754883,0.12137269973754883,-0.03729046285533322,0.03729046285533322,NA,NA,0,0,0.013034969568252563,-0.013034969568252563,-0.05600894391917599,0.05600894391917599,0.013034969568252563,-0.013034969568252563,-0.05032543242358578,0.05032543242358578,0,0,0,0,0,1,0,0,0,0,0,0,0,0,0,0,0,0,0,0,0,0,0,0,1,0,0,0,0,0,0,0,1,0,0,0,0,0,0,0,0,0,0,0,0,0,0,0,0,0,0,NA,NA,NA,NA,NA,NA,00-0023460,J.Campbell,7,NA,NA,NA,NA,NA,NA,NA,NA,NA,NA,NA,NA,NA,NA,NA,NA,NA,NA,NA,NA,NA,NA,NA,NA,NA,NA,NA,NA,NA,NA,NA,NA,NA,NA,NA,NA,NA,NA,NA,NA,NA,NA,PHI,NA,00-0015474,NA,T.Spikes,NA,NA,NA,NA,NA,NA,NA,NA,NA,NA,NA,NA,NA,0,NA,NA,NA,NA,NA,NA,NA,NA,NA,NA,NA,NA,NA,NA,NA,NA,NA,NA,NA,NA,NA,NA,NA,NA,NA,NA,NA,NA,NA,NA,NA,0,NA,NA,NA,NA,0,NA,NA,0,0,0,0,NA,NA,2007,NA,NA,10,0,Punt,617,"11/11/07, 13:03:13",2007-11-11T18:23:27Z,Commanders Field,"Sunny Temp: 49° F, Humidity: 44%, Wind: 4 SE mph",10012007-1111-07c6-43e9-6366420b400f,0,0,RUSH,0,NA,NA,NA,2,Punt,2007-11-11T18:17:40Z,6,3:33,2,0,0,1,1,0,KICKOFF,PUNT,08:16,04:43,WAS 25,PHI 47,476,639,33,25,Home,-8,58,3,37.5,1,outdoors,grass,49,0,Joe Gibbs,Andy Reid,WAS00,FedExField,0,0,J.Campbell,17,NA,17,NA,NA,1,0,0,0,1,00-0023460,NA,NA,J.Campbell,17,00-0023460,J.Campbell,00-0023460,J.Campbell,00-0023460,0,0,-0.8396589460317045,NA,NA,NA,NA,NA,0.9728843569755554,2.711564302444458,2007,Go for it,NA,NA,NA,NA,NA,NA,NA,NA,NA,NA,Toss Up,Go for it,Andy Reid,Joe Gibbs,5:30,NA,NA,NA,NA,NA,NA,NA,NA,NA,NA
639,2007_10_PHI_WAS,2007111107,WAS,PHI,REG,10,WAS,home,PHI,PHI,47,2007-11-11,291,1191,2991,Half1,0,2,0,1,4,0,04:51,PHI 47,3,28,"(4:51) 4-D.Frost punts 33 yards to PHI 14, Center-67-E.Albright, fair catch by 25-R.Mahe.",punt,0,0,0,0,0,0,0,NA,NA,NA,NA,NA,NA,NA,33,NA,NA,3,3,0,NA,NA,NA,NA,3,3,0,7,0,7,-7,0,7,-7,0.02067757584154606,0.18755143880844116,0.0019052441930398345,0.2600070536136627,0.19917644560337067,0.008996370248496532,0.32168588042259216,0,0,0.480809060158208,-0.17936449288390577,-7.579256497211417,7.579256497211417,-2.996260557207279,2.996260557207279,-2.5326498957001604,2.5326498957001604,NA,NA,0,0,2.0100950108026154,-2.0100950108026154,-4.444370193290524,4.444370193290524,1.8997862984542735,-1.8997862984542735,-4.432436194154434,4.432436194154434,0.363679975271225,0.636320024728775,0.363679975271225,0.636320024728775,-0.008525639772415161,-0.04454773664474487,-0.04454773664474487,0.3551543354988098,0.6448456645011902,0.4105182886123657,0.4105182886123657,-0.12137269973754883,0.12137269973754883,-0.03729046285533322,0.03729046285533322,NA,NA,0,0,0.013034969568252563,-0.013034969568252563,-0.05600894391917599,0.05600894391917599,0.013034969568252563,-0.013034969568252563,-0.05032543242358578,0.05032543242358578,0,0,0,0,0,0,0,0,0,0,0,1,0,0,0,1,0,0,0,0,0,0,0,0,0,0,0,0,0,0,0,0,0,0,0,0,0,0,0,0,0,0,0,1,0,0,0,0,0,0,0,NA,NA,NA,NA,NA,NA,NA,NA,NA,NA,NA,NA,NA,NA,NA,NA,NA,NA,NA,NA,NA,00-0021509,R.Mahe,NA,NA,NA,NA,NA,NA,00-0021500,D.Frost,NA,NA,NA,NA,NA,NA,NA,NA,NA,NA,NA,NA,NA,NA,NA,NA,NA,NA,NA,NA,NA,NA,NA,NA,NA,NA,NA,NA,NA,NA,NA,NA,NA,NA,NA,NA,NA,NA,0,NA,NA,NA,NA,NA,NA,NA,NA,NA,NA,NA,NA,NA,NA,NA,NA,NA,NA,NA,NA,NA,NA,NA,NA,NA,NA,NA,NA,NA,NA,PHI,0,NA,NA,NA,NA,0,NA,NA,0,0,0,0,NA,NA,2007,NA,NA,10,0,Punt,639,"11/11/07, 13:03:13",2007-11-11T18:24:07Z,Commanders Field,"Sunny Temp: 49° F, Humidity: 44%, Wind: 4 SE mph",10012007-1111-07c6-43e9-6366420b400f,0,0,PUNT,1,NA,NA,NA,2,Punt,2007-11-11T18:17:40Z,6,3:33,2,0,0,1,1,0,KICKOFF,PUNT,08:16,04:43,WAS 25,PHI 47,476,639,33,25,Home,-8,58,3,37.5,1,outdoors,grass,49,0,Joe Gibbs,Andy Reid,WAS00,FedExField,0,0,NA,NA,NA,NA,NA,NA,0,0,0,1,0,NA,NA,NA,NA,NA,NA,NA,NA,NA,NA,0,0,-0.17936449288390577,NA,NA,NA,NA,NA,NA,NA,2007,Punt,NA,0.39138440331589663,0.42728522351036097,NA,NA,0,0.4169143605977297,0.5070974454283714,0.4169143605977297,0.4784949606096686,Punt,Punt,Andy Reid,Joe Gibbs,4:51,0,0,NA,39,43,NA,48,42,51,42
662,2007_10_PHI_WAS,2007111107,WAS,PHI,REG,10,PHI,away,WAS,PHI,86,2007-11-11,283,1183,2983,Half1,0,3,0,1,1,0,04:43,PHI 14,10,22,(4:43) 36-B.Westbrook right end to PHI 19 for 5 yards (93-P.Daniels).,run,5,0,0,0,0,0,0,NA,NA,NA,NA,right,end,NA,NA,NA,NA,3,3,0,NA,NA,NA,NA,3,3,0,7,7,0,7,7,0,7,0.02655157633125782,0.19198735058307648,0.005853467620909214,0.3119068443775177,0.19045110046863556,0.0029057611245661974,0.27034392952919006,0,0,-0.30144456727430224,0.052970627788454294,-7.632227124999871,7.632227124999871,-3.049231184995733,3.049231184995733,-2.5326498957001604,2.5326498957001604,NA,NA,0,0,2.0100950108026154,-2.0100950108026154,-4.444370193290524,4.444370193290524,1.8997862984542735,-1.8997862984542735,-4.432436194154434,4.432436194154434,0.6448456645011902,0.3551543354988098,0.3551543354988098,0.6448456645011902,-9.067058563232422e-4,-2.703070640563965e-4,2.703070640563965e-4,0.35606104135513306,0.6439389586448669,0.6340294480323792,0.36597055196762085,-0.12046599388122559,0.12046599388122559,-0.03729046285533322,0.03729046285533322,NA,NA,0,0,0.013034969568252563,-0.013034969568252563,-0.05600894391917599,0.05600894391917599,0.013034969568252563,-0.013034969568252563,-0.05032543242358578,0.05032543242358578,0,0,0,0,0,0,0,0,0,0,0,0,0,0,0,0,0,0,0,0,0,0,0,0,1,0,0,0,0,0,0,0,1,0,0,0,0,0,0,0,0,0,0,0,0,0,0,0,0,0,0,NA,NA,NA,NA,NA,NA,00-0021216,B.Westbrook,5,NA,NA,NA,NA,NA,NA,NA,NA,NA,NA,NA,NA,NA,NA,NA,NA,NA,NA,NA,NA,NA,NA,NA,NA,NA,NA,NA,NA,NA,NA,NA,NA,NA,NA,NA,NA,NA,NA,NA,NA,NA,NA,WAS,NA,00-0003874,NA,P.Daniels,NA,NA,NA,NA,NA,NA,NA,NA,NA,NA,NA,NA,NA,0,NA,NA,NA,NA,NA,NA,NA,NA,NA,NA,NA,NA,NA,NA,NA,NA,NA,NA,NA,NA,NA,NA,NA,NA,NA,NA,NA,NA,NA,NA,NA,0,NA,NA,NA,NA,0,NA,NA,0,0,0,0,NA,NA,2007,NA,NA,11,1,First down,662,"11/11/07, 13:03:13",2007-11-11T18:26:37Z,Commanders Field,"Sunny Temp: 49° F, Humidity: 44%, Wind: 4 SE mph",10012007-1111-07c6-43e9-6366420b400f,0,0,RUSH,0,NA,NA,NA,3,Turnover,2007-11-11T18:26:37Z,4,2:16,1,0,0,1,1,0,PUNT,FUMBLE,04:43,02:27,PHI 14,PHI 28,662,728,33,25,Home,-8,58,3,37.5,1,outdoors,grass,49,0,Joe Gibbs,Andy Reid,WAS00,FedExField,0,1,NA,NA,B.Westbrook,36,NA,NA,0,1,0,0,1,NA,00-0021216,NA,B.Westbrook,36,00-0021216,B.Westbrook,00-0021216,B.Westbrook,00-0021216,0,0,0.052970627788454294,NA,NA,NA,NA,NA,0.38357558846473694,-38.357558846473694,2007,Go for it,NA,NA,NA,NA,NA,NA,NA,NA,NA,NA,Toss Up,Go for it,Andy Reid,Joe Gibbs,4:43,NA,NA,NA,NA,NA,NA,NA,NA,NA,NA
684,2007_10_PHI_WAS,2007111107,WAS,PHI,REG,10,PHI,away,WAS,PHI,81,2007-11-11,243,1143,2943,Half1,0,3,0,1,2,0,04:03,PHI 19,5,22,(4:03) 5-D.McNabb scrambles up the middle to PHI 28 for 9 yards (59-L.Fletcher).,run,9,0,0,1,0,0,1,NA,NA,NA,NA,middle,NA,NA,NA,NA,NA,3,3,0,NA,NA,NA,NA,3,3,0,7,7,0,7,7,0,7,0.028293078765273094,0.18962718546390533,0.004924195818603039,0.3103342354297638,0.1881900131702423,0.002478670794516802,0.2761526107788086,0,0,-0.24847393948584795,0.8538922369480133,-8.486119361947885,8.486119361947885,-3.9031234219437465,3.9031234219437465,-2.5326498957001604,2.5326498957001604,NA,NA,0,0,2.0100950108026154,-2.0100950108026154,-4.444370193290524,4.444370193290524,1.8997862984542735,-1.8997862984542735,-4.432436194154434,4.432436194154434,0.6439389586448669,0.35606104135513306,0.35606104135513306,0.6439389586448669,0.02312183380126953,0.015241146087646484,-0.015241146087646484,0.3329392075538635,0.6670607924461365,0.6337591409683228,0.36624085903167725,-0.14358782768249512,0.14358782768249512,-0.03729046285533322,0.03729046285533322,NA,NA,0,0,0.013034969568252563,-0.013034969568252563,-0.05600894391917599,0.05600894391917599,0.013034969568252563,-0.013034969568252563,-0.05032543242358578,0.05032543242358578,0,1,0,0,0,0,0,0,0,0,0,0,0,0,0,0,0,0,0,0,0,0,0,0,1,0,0,0,0,0,0,0,1,0,0,0,0,0,0,0,0,0,0,0,0,0,0,0,0,0,0,NA,NA,NA,NA,NA,NA,00-0011022,D.McNabb,9,NA,NA,NA,NA,NA,NA,NA,NA,NA,NA,NA,NA,NA,NA,NA,NA,NA,NA,NA,NA,NA,NA,NA,NA,NA,NA,NA,NA,NA,NA,NA,NA,NA,NA,NA,NA,NA,NA,NA,NA,NA,NA,WAS,NA,00-0005322,NA,L.Fletcher,NA,NA,NA,NA,NA,NA,NA,NA,NA,NA,NA,NA,NA,0,NA,NA,NA,NA,NA,NA,NA,NA,NA,NA,NA,NA,NA,NA,NA,NA,NA,NA,NA,NA,NA,NA,NA,NA,NA,NA,NA,NA,NA,NA,NA,0,NA,NA,NA,NA,0,NA,NA,0,0,0,0,NA,NA,2007,NA,NA,11,1,First down,684,"11/11/07, 13:03:13",2007-11-11T18:27:17Z,Commanders Field,"Sunny Temp: 49° F, Humidity: 44%, Wind: 4 SE mph",10012007-1111-07c6-43e9-6366420b400f,0,0,RUSH,0,NA,NA,NA,3,Turnover,2007-11-11T18:26:37Z,4,2:16,1,0,0,1,1,0,PUNT,FUMBLE,04:43,02:27,PHI 14,PHI 28,662,728,33,25,Home,-8,58,3,37.5,1,outdoors,grass,49,0,Joe Gibbs,Andy Reid,WAS00,FedExField,0,1,D.McNabb,5,NA,5,NA,NA,1,0,1,0,1,00-0011022,NA,NA,D.McNabb,5,00-0011022,D.McNabb,00-0011022,D.McNabb,00-0011022,0,0,0.8538922369480133,NA,NA,NA,NA,NA,0.4186963438987732,58.13036561012268,2007,Go for it,NA,NA,NA,NA,NA,NA,NA,NA,NA,NA,Toss Up,Go for it,Andy Reid,Joe Gibbs,4:03,NA,NA,NA,NA,NA,NA,NA,NA,NA,NA
706,2007_10_PHI_WAS,2007111107,WAS,PHI,REG,10,PHI,away,WAS,PHI,72,2007-11-11,199,1099,2899,Half1,0,3,0,1,1,0,03:19,PHI 28,10,22,"(3:19) 36-B.Westbrook right end to PHI 28 for no gain (99-A.Carter, 96-C.Griffin).",run,0,0,0,0,0,0,0,NA,NA,NA,NA,right,end,NA,NA,NA,NA,3,3,0,NA,NA,NA,NA,3,3,0,7,7,0,7,7,0,7,0.03572116792201996,0.1519402116537094,0.0034218053333461285,0.2646707594394684,0.21870900690555573,0.0028217220678925514,0.3227153420448303,0,0,0.6054182974621654,-0.5180529560893774,-7.968066405858507,7.968066405858507,-3.385070465854369,3.385070465854369,-2.5326498957001604,2.5326498957001604,NA,NA,0,0,2.0100950108026154,-2.0100950108026154,-4.444370193290524,4.444370193290524,1.8997862984542735,-1.8997862984542735,-4.432436194154434,4.432436194154434,0.6670607924461365,0.3329392075538635,0.3329392075538635,0.6670607924461365,-0.016482830047607422,-0.012073159217834473,0.012073159217834473,0.34942203760147095,0.650577962398529,0.6490002870559692,0.35099971294403076,-0.1271049976348877,0.1271049976348877,-0.03729046285533322,0.03729046285533322,NA,NA,0,0,0.013034969568252563,-0.013034969568252563,-0.05600894391917599,0.05600894391917599,0.013034969568252563,-0.013034969568252563,-0.05032543242358578,0.05032543242358578,0,0,0,0,0,0,0,0,0,0,0,0,0,0,0,0,0,0,0,0,0,0,0,0,0,0,0,0,0,0,0,0,1,0,0,0,0,0,0,0,0,0,0,0,0,0,1,0,0,0,0,NA,NA,NA,NA,NA,NA,00-0021216,B.Westbrook,0,NA,NA,NA,NA,NA,NA,NA,NA,NA,NA,NA,NA,NA,NA,NA,NA,NA,NA,NA,NA,NA,NA,NA,NA,NA,NA,NA,NA,NA,NA,NA,NA,NA,NA,NA,NA,NA,NA,NA,NA,NA,NA,NA,NA,NA,NA,NA,NA,00-0019700,C.Griffin,WAS,NA,NA,NA,NA,NA,NA,NA,NA,NA,1,00-0020489,A.Carter,WAS,NA,NA,NA,NA,NA,NA,NA,NA,NA,NA,NA,NA,NA,NA,NA,NA,NA,NA,NA,NA,NA,NA,NA,NA,NA,NA,NA,NA,0,NA,NA,NA,NA,0,NA,NA,0,0,0,0,NA,NA,2007,NA,NA,12,0,Turnover,706,"11/11/07, 13:03:13",2007-11-11T18:28:01Z,Commanders Field,"Sunny Temp: 49° F, Humidity: 44%, Wind: 4 SE mph",10012007-1111-07c6-43e9-6366420b400f,0,0,RUSH,0,NA,NA,NA,3,Turnover,2007-11-11T18:26:37Z,4,2:16,1,0,0,1,1,0,PUNT,FUMBLE,04:43,02:27,PHI 14,PHI 28,662,728,33,25,Home,-8,58,3,37.5,1,outdoors,grass,49,0,Joe Gibbs,Andy Reid,WAS00,FedExField,0,0,NA,NA,B.Westbrook,36,NA,NA,0,1,0,0,1,NA,00-0021216,NA,B.Westbrook,36,00-0021216,B.Westbrook,00-0021216,B.Westbrook,00-0021216,0,0,-0.5180529560893774,NA,NA,NA,NA,NA,0.4536310136318207,-45.36310136318207,2007,Go for it,NA,NA,NA,NA,NA,NA,NA,NA,NA,NA,Toss Up,Go for it,Andy Reid,Joe Gibbs,3:19,NA,NA,NA,NA,NA,NA,NA,NA,NA,NA
728,2007_10_PHI_WAS,2007111107,WAS,PHI,REG,10,PHI,away,WAS,PHI,72,2007-11-11,157,1057,2857,Half1,0,3,0,1,2,0,02:37,PHI 28,10,22,"(2:37) (Shotgun) 5-D.McNabb pass short right to 82-L.Smith to PHI 36 for 8 yards (92-D.Evans). FUMBLES (92-D.Evans), RECOVERED by WAS-52-R.McIntosh at PHI 36. 52-R.McIntosh to PHI 36 for no gain (36-B.Westbrook).",pass,8,1,0,1,0,0,0,short,right,1,7,NA,NA,NA,NA,NA,NA,3,3,0,NA,NA,NA,NA,3,3,0,7,7,0,7,7,0,7,0.03532814979553223,0.1652199774980545,0.004079826641827822,0.29788947105407715,0.1980116367340088,0.0027840500697493553,0.29668688774108887,0,0,0.08736534137278795,-3.7746078743366525,-4.193458531521855,4.193458531521855,-3.385070465854369,3.385070465854369,1.241957978636492,-1.241957978636492,-0.4869023449718952,-3.2877055293647572,-0.4869023449718952,-3.2877055293647572,2.4969973557745107,-2.4969973557745107,-1.156664663925767,1.156664663925767,2.3866886434261687,-2.3866886434261687,-1.1447306647896767,1.1447306647896767,0.650577962398529,0.34942203760147095,0.34942203760147095,0.650577962398529,-0.09504961967468262,-0.11542120575904846,0.11542120575904846,0.44447165727615356,0.5555283427238464,0.6369271278381348,0.36307287216186523,-0.1271049976348877,0.1271049976348877,0.0577591568193494,-0.0577591568193494,0,-0.09504961967468262,0,-0.09504961967468262,0.013034969568252563,-0.013034969568252563,0.039040675755506626,-0.039040675755506626,0.013034969568252563,-0.013034969568252563,0.044724187251096836,-0.044724187251096836,0,0,0,0,0,0,0,0,0,0,0,0,0,0,0,0,0,0,0,0,0,1,0,0,1,0,0,0,1,0,0,0,0,1,0,0,0,0,0,0,0,0,0,0,1,1,0,0,0,0,0,00-0011022,D.McNabb,8,00-0022126,L.Smith,8,NA,NA,NA,NA,NA,NA,NA,NA,NA,NA,NA,NA,NA,NA,NA,NA,NA,NA,NA,NA,NA,NA,NA,NA,NA,NA,NA,NA,NA,NA,NA,NA,NA,NA,NA,NA,NA,NA,NA,WAS,00-0020055,D.Evans,NA,NA,NA,WAS,PHI,00-0020055,00-0021216,D.Evans,B.Westbrook,NA,NA,NA,NA,NA,NA,NA,NA,NA,NA,NA,NA,0,NA,NA,NA,NA,NA,NA,NA,NA,NA,NA,PHI,00-0022126,L.Smith,NA,NA,NA,WAS,0,00-0024250,R.McIntosh,NA,NA,NA,NA,NA,NA,NA,NA,NA,NA,NA,0,NA,NA,NA,NA,0,NA,NA,0,0,0,0,NA,NA,2007,0.7787841558456421,22.12158441543579,12,0,Turnover,728,"11/11/07, 13:03:13",2007-11-11T18:28:42Z,Commanders Field,"Sunny Temp: 49° F, Humidity: 44%, Wind: 4 SE mph",10012007-1111-07c6-43e9-6366420b400f,0,0,PASS,0,NA,NA,NA,3,Turnover,2007-11-11T18:26:37Z,4,2:16,1,0,0,1,1,0,PUNT,FUMBLE,04:43,02:27,PHI 14,PHI 28,662,728,33,25,Home,-8,58,3,37.5,1,outdoors,grass,49,0,Joe Gibbs,Andy Reid,WAS00,FedExField,0,0,D.McNabb,5,NA,NA,L.Smith,82,1,0,0,0,1,00-0011022,NA,00-0022126,D.McNabb,5,00-0011022,L.Smith,00-0022126,L.Smith,00-0022126,0,0,0.4955496652983129,0.7862424424663006,6.01409827376483,4,0.49922732287086546,0.22035726183094084,0.49858537316322327,50.14146268367767,2007,Go for it,NA,NA,NA,NA,NA,NA,NA,NA,NA,NA,Toss Up,Go for it,Andy Reid,Joe Gibbs,2:37,NA,NA,NA,NA,NA,NA,NA,NA,NA,NA
763,2007_10_PHI_WAS,2007111107,WAS,PHI,REG,10,WAS,home,PHI,PHI,35,2007-11-11,147,1047,2847,Half1,0,4,0,1,1,0,02:27,PHI 35,10,35,(2:27) 26-C.Portis right guard to PHI 31 for 4 yards (96-O.Gaither; 97-B.Bunkley). Line of scrimmage on change of possesion at PHI 35.,run,4,0,0,0,0,0,0,NA,NA,NA,NA,right,guard,NA,NA,NA,NA,3,3,0,NA,NA,NA,NA,3,3,0,7,0,7,-7,0,7,-7,0.018699539825320244,0.051190927624702454,9.042006568051875e-4,0.08512839674949646,0.36441221833229065,0.0024733725003898144,0.477191299200058,0,0,3.6872425329638645,-0.08284802036359906,-4.276306551885454,4.276306551885454,-3.467918486217968,3.467918486217968,1.241957978636492,-1.241957978636492,NA,NA,0,0,2.4969973557745107,-2.4969973557745107,-1.156664663925767,1.156664663925767,2.3866886434261687,-2.3866886434261687,-1.1447306647896767,1.1447306647896767,0.44447165727615356,0.5555283427238464,0.44447165727615356,0.5555283427238464,0.0016272366046905518,-0.007473021745681763,-0.007473021745681763,0.4460988938808441,0.5539011061191559,0.4784940779209137,0.4784940779209137,-0.12547776103019714,0.12547776103019714,0.0577591568193494,-0.0577591568193494,NA,NA,0,0,0.013034969568252563,-0.013034969568252563,0.039040675755506626,-0.039040675755506626,0.013034969568252563,-0.013034969568252563,0.044724187251096836,-0.044724187251096836,0,0,0,0,0,0,0,0,0,0,0,0,0,0,0,0,0,0,0,0,0,0,0,0,0,0,0,0,0,0,0,0,1,0,0,0,0,0,0,0,0,0,0,0,0,0,1,0,0,0,0,NA,NA,NA,NA,NA,NA,00-0021179,C.Portis,4,NA,NA,NA,NA,NA,NA,NA,NA,NA,NA,NA,NA,NA,NA,NA,NA,NA,NA,NA,NA,NA,NA,NA,NA,NA,NA,NA,NA,NA,NA,NA,NA,NA,NA,NA,NA,NA,NA,NA,NA,NA,NA,NA,NA,NA,NA,NA,NA,00-0024382,O.Gaither,PHI,00-0024229,B.Bunkley,PHI,NA,NA,NA,NA,NA,NA,0,NA,NA,NA,NA,NA,NA,NA,NA,NA,NA,NA,NA,NA,NA,NA,NA,NA,NA,NA,NA,NA,NA,NA,NA,NA,NA,NA,NA,NA,NA,NA,0,NA,NA,NA,NA,0,NA,NA,0,0,0,0,NA,NA,2007,NA,NA,13,1,First down,763,"11/11/07, 13:03:13",2007-11-11T18:30:05Z,Commanders Field,"Sunny Temp: 49° F, Humidity: 44%, Wind: 4 SE mph",10012007-1111-07c6-43e9-6366420b400f,0,0,RUSH,0,NA,NA,NA,4,Touchdown,2007-11-11T18:30:05Z,8,4:11,3,1,1,1,2,-5,FUMBLE,TOUCHDOWN,02:27,13:16,PHI 35,PHI 4,763,987,33,25,Home,-8,58,3,37.5,1,outdoors,grass,49,0,Joe Gibbs,Andy Reid,WAS00,FedExField,0,0,NA,NA,C.Portis,26,NA,NA,0,1,0,0,1,NA,00-0021179,NA,C.Portis,26,00-0021179,C.Portis,00-0021179,C.Portis,00-0021179,0,0,-0.08284802036359906,NA,NA,NA,NA,NA,0.4737469553947449,-47.37469553947449,2007,Go for it,NA,NA,NA,NA,NA,NA,NA,NA,NA,NA,Toss Up,Go for it,Andy Reid,Joe Gibbs,2:27,NA,NA,NA,NA,NA,NA,NA,NA,NA,NA
785,2007_10_PHI_WAS,2007111107,WAS,PHI,REG,10,WAS,home,PHI,PHI,31,2007-11-11,108,1008,2808,Half1,0,4,0,1,2,0,01:48,PHI 31,6,35,(1:48) 17-J.Campbell pass short middle to 80-K.McCardell to PHI 26 for 5 yards (26-L.Sheppard).,pass,5,0,0,1,0,0,0,short,middle,4,1,NA,NA,NA,NA,NA,NA,3,3,0,NA,NA,NA,NA,3,3,0,7,0,7,-7,0,7,-7,0.018248766660690308,0.053039759397506714,7.083904347382486e-4,0.078342534601688385,0.40652066469192505,0.0016425192588940263,0.4414973258972168,0,0,3.6043945126002654,0.17246002983301878,-4.103846522052435,4.103846522052435,-3.467918486217968,3.467918486217968,1.4144180084695108,-1.4144180084695108,-0.022667475510388613,0.1951275053434074,-0.022667475510388613,0.1951275053434074,2.474329880264122,-2.474329880264122,-0.9615371585823596,0.9615371585823596,2.36402116791578,-2.36402116791578,-0.9496031594462693,0.9496031594462693,0.4460988938808441,0.5539011061191559,0.4460988938808441,0.5539011061191559,0.007605910301208496,0.01593765616416931,0.01593765616416931,0.4537048041820526,0.5462951958179474,0.47102105617523193,0.47102105617523193,-0.12547776103019714,0.12547776103019714,0.0653650671205579,-0.0653650671205579,0,0.007605910301208496,0,0.007605910301208496,0.013034969568252563,-0.013034969568252563,0.04664658605671512,-0.04664658605671512,0.013034969568252563,-0.013034969568252563,0.05233009755230533,-0.05233009755230533,0,0,0,0,0,0,0,0,0,0,0,0,0,0,0,0,0,0,0,0,0,0,0,0,1,0,0,0,0,0,0,0,0,1,0,0,0,0,0,0,0,0,0,0,0,1,0,0,0,0,0,00-0023460,J.Campbell,5,00-0010668,K.McCardell,5,NA,NA,NA,NA,NA,NA,NA,NA,NA,NA,NA,NA,NA,NA,NA,NA,NA,NA,NA,NA,NA,NA,NA,NA,NA,NA,NA,NA,NA,NA,NA,NA,NA,NA,NA,NA,NA,NA,NA,NA,NA,NA,NA,NA,NA,PHI,NA,00-0021157,NA,L.Sheppard,NA,NA,NA,NA,NA,NA,NA,NA,NA,NA,NA,NA,NA,0,NA,NA,NA,NA,NA,NA,NA,NA,NA,NA,NA,NA,NA,NA,NA,NA,NA,NA,NA,NA,NA,NA,NA,NA,NA,NA,NA,NA,NA,NA,NA,0,NA,NA,NA,NA,0,NA,NA,0,0,0,0,NA,NA,2007,0.7463922500610352,25.360774993896484,13,1,First down,785,"11/11/07, 13:03:13",2007-11-11T18:30:44Z,Commanders Field,"Sunny Temp: 49° F, Humidity: 44%, Wind: 4 SE mph",10012007-1111-07c6-43e9-6366420b400f,0,0,PASS,0,NA,NA,NA,4,Touchdown,2007-11-11T18:30:05Z,8,4:11,3,1,1,1,2,-5,FUMBLE,TOUCHDOWN,02:27,13:16,PHI 35,PHI 4,763,987,33,25,Home,-8,58,3,37.5,1,outdoors,grass,49,0,Joe Gibbs,Andy Reid,WAS00,FedExField,0,1,J.Campbell,17,NA,NA,K.McCardell,80,1,0,0,0,1,00-0023460,NA,00-0010668,J.Campbell,17,00-0023460,K.McCardell,00-0010668,K.McCardell,00-0010668,0,0,0.17246002983301878,0.6836155097721376,4.37253478099592,3,0.8274556752294302,0.6459130998700857,0.5529395341873169,44.70604658126831,2007,Go for it,NA,NA,NA,NA,NA,NA,NA,NA,NA,NA,Toss Up,Go for it,Andy Reid,Joe Gibbs,1:48,NA,NA,NA,NA,NA,NA,NA,NA,NA,NA
809,2007_10_PHI_WAS,2007111107,WAS,PHI,REG,10,WAS,home,PHI,PHI,26,2007-11-11,72,972,2772,Half1,0,4,0,1,3,0,01:12,PHI 26,1,35,(1:12) 26-C.Portis left end to PHI 15 for 11 yards (24-S.Brown; 27-Q.Mikell).,run,11,0,0,0,0,0,0,NA,NA,NA,NA,left,end,NA,NA,NA,NA,3,3,0,NA,NA,NA,NA,3,3,0,7,0,7,-7,0,7,-7,0.015570629388093948,0.04907778277993202,6.933041731826961e-4,0.06620683521032333,0.42063620686531067,0.0015385359292849898,0.4462766647338867,0,0,3.7768545424332842,1.0951199849369004,-3.0087265371155345,3.0087265371155345,-2.3727985012810677,2.3727985012810677,1.4144180084695108,-1.4144180084695108,NA,NA,0,0,2.474329880264122,-2.474329880264122,-0.9615371585823596,0.9615371585823596,2.36402116791578,-2.36402116791578,-0.9496031594462693,0.9496031594462693,0.4537048041820526,0.5462951958179474,0.4537048041820526,0.5462951958179474,0.021825850009918213,0.012519687414169312,0.012519687414169312,0.4755306541919708,0.5244693458080292,0.48695871233940125,0.48695871233940125,-0.10365191102027893,0.10365191102027893,0.0653650671205579,-0.0653650671205579,NA,NA,0,0,0.013034969568252563,-0.013034969568252563,0.04664658605671512,-0.04664658605671512,0.013034969568252563,-0.013034969568252563,0.05233009755230533,-0.05233009755230533,0,1,0,0,1,0,0,0,0,0,0,0,0,0,0,0,0,0,0,0,0,0,0,0,0,0,0,0,0,0,0,0,1,0,0,0,0,0,0,0,0,0,0,0,0,0,1,0,0,0,0,NA,NA,NA,NA,NA,NA,00-0021179,C.Portis,11,NA,NA,NA,NA,NA,NA,NA,NA,NA,NA,NA,NA,NA,NA,NA,NA,NA,NA,NA,NA,NA,NA,NA,NA,NA,NA,NA,NA,NA,NA,NA,NA,NA,NA,NA,NA,NA,NA,NA,NA,NA,NA,NA,NA,NA,NA,NA,NA,00-0021186,S.Brown,PHI,00-0021512,Q.Mikell,PHI,NA,NA,NA,NA,NA,NA,0,NA,NA,NA,NA,NA,NA,NA,NA,NA,NA,NA,NA,NA,NA,NA,NA,NA,NA,NA,NA,NA,NA,NA,NA,NA,NA,NA,NA,NA,NA,NA,0,NA,NA,NA,NA,0,NA,NA,0,0,0,0,NA,NA,2007,NA,NA,13,1,First down,809,"11/11/07, 13:03:13",2007-11-11T18:31:20Z,Commanders Field,"Sunny Temp: 49° F, Humidity: 44%, Wind: 4 SE mph",10012007-1111-07c6-43e9-6366420b400f,0,0,RUSH,0,NA,NA,NA,4,Touchdown,2007-11-11T18:30:05Z,8,4:11,3,1,1,1,2,-5,FUMBLE,TOUCHDOWN,02:27,13:16,PHI 35,PHI 4,763,987,33,25,Home,-8,58,3,37.5,1,outdoors,grass,49,0,Joe Gibbs,Andy Reid,WAS00,FedExField,0,1,NA,NA,C.Portis,26,NA,NA,0,1,1,0,1,NA,00-0021179,NA,C.Portis,26,00-0021179,C.Portis,00-0021179,C.Portis,00-0021179,0,0,1.0951199849369004,NA,NA,NA,NA,NA,0.19267576932907104,-19.267576932907104,2007,Go for it,NA,NA,NA,NA,NA,NA,NA,NA,NA,NA,Toss Up,Go for it,Andy Reid,Joe Gibbs,1:12,NA,NA,NA,NA,NA,NA,NA,NA,NA,NA
831,2007_10_PHI_WAS,2007111107,WAS,PHI,REG,10,WAS,home,PHI,PHI,15,2007-11-11,28,928,2728,Half1,0,4,0,1,1,0,00:28,PHI 15,10,35,(:28) 26-C.Portis right end to PHI 13 for 2 yards (98-M.Patterson).,run,2,0,0,0,0,0,0,NA,NA,NA,NA,right,end,NA,NA,NA,NA,3,3,0,NA,NA,NA,NA,3,3,0,7,0,7,-7,0,7,-7,0.010121321305632591,0.017406169325113297,4.8488215543329716e-4,0.03208523988723755,0.3556228578090668,0.001413155347108841,0.582866370677948,0,0,4.871974527370185,-0.36489179416093975,-3.3736183312764743,3.3736183312764743,-2.7376902954420075,2.7376902954420075,1.4144180084695108,-1.4144180084695108,NA,NA,0,0,2.474329880264122,-2.474329880264122,-0.9615371585823596,0.9615371585823596,2.36402116791578,-2.36402116791578,-0.9496031594462693,0.9496031594462693,0.4755306541919708,0.5244693458080292,0.4755306541919708,0.5244693458080292,-0.014037877321243286,-0.0074166953563690186,-0.0074166953563690186,0.46149277687072754,0.5385072231292725,0.49947839975357056,0.49947839975357056,-0.11768978834152222,0.11768978834152222,0.0653650671205579,-0.0653650671205579,NA,NA,0,0,0.013034969568252563,-0.013034969568252563,0.04664658605671512,-0.04664658605671512,0.013034969568252563,-0.013034969568252563,0.05233009755230533,-0.05233009755230533,0,0,0,0,0,0,0,0,0,0,0,0,0,0,0,0,0,0,0,0,0,0,0,0,1,0,0,0,0,0,0,0,1,0,0,0,0,0,0,0,0,0,0,0,0,0,0,0,0,0,0,NA,NA,NA,NA,NA,NA,00-0021179,C.Portis,2,NA,NA,NA,NA,NA,NA,NA,NA,NA,NA,NA,NA,NA,NA,NA,NA,NA,NA,NA,NA,NA,NA,NA,NA,NA,NA,NA,NA,NA,NA,NA,NA,NA,NA,NA,NA,NA,NA,NA,NA,NA,NA,PHI,NA,00-0023466,NA,M.Patterson,NA,NA,NA,NA,NA,NA,NA,NA,NA,NA,NA,NA,NA,0,NA,NA,NA,NA,NA,NA,NA,NA,NA,NA,NA,NA,NA,NA,NA,NA,NA,NA,NA,NA,NA,NA,NA,NA,NA,NA,NA,NA,NA,NA,NA,0,NA,NA,NA,NA,0,NA,NA,0,0,0,0,NA,NA,2007,NA,NA,14,1,First down,831,"11/11/07, 13:03:13",2007-11-11T18:32:03Z,Commanders Field,"Sunny Temp: 49° F, Humidity: 44%, Wind: 4 SE mph",10012007-1111-07c6-43e9-6366420b400f,0,0,RUSH,0,NA,NA,NA,4,Touchdown,2007-11-11T18:30:05Z,8,4:11,3,1,1,1,2,-5,FUMBLE,TOUCHDOWN,02:27,13:16,PHI 35,PHI 4,763,987,33,25,Home,-8,58,3,37.5,1,outdoors,grass,49,0,Joe Gibbs,Andy Reid,WAS00,FedExField,0,0,NA,NA,C.Portis,26,NA,NA,0,1,0,0,1,NA,00-0021179,NA,C.Portis,26,00-0021179,C.Portis,00-0021179,C.Portis,00-0021179,0,0,-0.36489179416093975,NA,NA,NA,NA,NA,0.3906199038028717,-39.06199038028717,2007,Go for it,NA,NA,NA,NA,NA,NA,NA,NA,NA,NA,Toss Up,Go for it,Andy Reid,Joe Gibbs,0:28,NA,NA,NA,NA,NA,NA,NA,NA,NA,NA
853,2007_10_PHI_WAS,2007111107,WAS,PHI,REG,10,WAS,home,PHI,NA,NA,2007-11-11,0,900,2700,Half1,1,4,0,1,NA,0,00:00,PHI 13,0,35,END QUARTER 1,NA,NA,0,0,NA,0,0,0,NA,NA,NA,NA,NA,NA,NA,NA,NA,NA,3,3,NA,NA,NA,NA,NA,3,3,0,7,0,7,-7,0,7,-7,0,0,0,0,0,0,0,0,0,4.507082733209245,0,-3.3736183312764743,3.3736183312764743,-2.7376902954420075,2.7376902954420075,1.4144180084695108,-1.4144180084695108,NA,NA,NA,NA,2.474329880264122,-2.474329880264122,-0.9615371585823596,0.9615371585823596,2.36402116791578,-2.36402116791578,-0.9496031594462693,0.9496031594462693,0.46149277687072754,0.5385072231292725,0.46149277687072754,0.5385072231292725,0,0,0,0.46149277687072754,0.5385072231292725,0.49206170439720154,0.49206170439720154,-0.11768978834152222,0.11768978834152222,0.0653650671205579,-0.0653650671205579,NA,NA,NA,NA,0.013034969568252563,-0.013034969568252563,0.04664658605671512,-0.04664658605671512,0.013034969568252563,-0.013034969568252563,0.05233009755230533,-0.05233009755230533,NA,NA,NA,NA,NA,NA,NA,NA,NA,0,NA,NA,NA,NA,NA,NA,NA,NA,NA,NA,NA,NA,NA,NA,NA,NA,NA,NA,NA,NA,NA,NA,NA,NA,NA,NA,NA,NA,NA,NA,NA,NA,NA,NA,NA,NA,NA,NA,NA,NA,NA,NA,NA,NA,NA,NA,NA,NA,NA,NA,NA,NA,NA,NA,NA,NA,NA,NA,NA,NA,NA,NA,NA,NA,NA,NA,NA,NA,NA,NA,NA,NA,NA,NA,NA,NA,NA,NA,NA,NA,NA,NA,NA,NA,NA,NA,NA,NA,NA,NA,NA,NA,NA,NA,NA,NA,NA,NA,NA,NA,NA,NA,NA,NA,NA,NA,NA,NA,NA,NA,NA,NA,NA,NA,NA,NA,NA,NA,NA,NA,NA,NA,NA,NA,NA,NA,NA,NA,NA,NA,NA,NA,NA,NA,NA,NA,NA,NA,NA,NA,NA,NA,NA,NA,NA,NA,NA,0,NA,NA,NA,NA,NA,NA,NA,NA,2007,NA,NA,14,1,First down,853,"11/11/07, 13:03:13",NA,Commanders Field,"Sunny Temp: 49° F, Humidity: 44%, Wind: 4 SE mph",10012007-1111-07c6-43e9-6366420b400f,0,0,END_QUARTER,0,NA,NA,NA,4,Touchdown,2007-11-11T18:30:05Z,8,4:11,3,1,1,1,2,-5,FUMBLE,TOUCHDOWN,02:27,13:16,PHI 35,PHI 4,763,987,33,25,Home,-8,58,3,37.5,1,outdoors,grass,49,0,Joe Gibbs,Andy Reid,WAS00,FedExField,0,0,NA,NA,NA,NA,NA,NA,0,0,NA,0,0,NA,NA,NA,NA,NA,NA,NA,NA,NA,NA,0,0,0,NA,NA,NA,NA,NA,NA,NA,2007,Other,NA,NA,NA,NA,NA,NA,NA,NA,NA,NA,Toss Up,NA,Andy Reid,Joe Gibbs,0:00,NA,NA,NA,NA,NA,NA,NA,NA,NA,NA
869,2007_10_PHI_WAS,2007111107,WAS,PHI,REG,10,WAS,home,PHI,PHI,13,2007-11-11,900,900,2700,Half1,0,4,0,2,2,0,15:00,PHI 13,8,35,(15:00) 17-J.Campbell scrambles up the middle to PHI 2 for 11 yards (96-O.Gaither).,run,11,0,0,1,0,0,1,NA,NA,NA,NA,middle,NA,NA,NA,NA,NA,3,3,0,NA,NA,NA,NA,3,3,0,7,0,7,-7,0,7,-7,0.00982343778014183,0.016896672546863556,4.6457030111923814e-4,0.03270905837416649,0.44623318314552307,0.0016291700303554535,0.4922439157962799,0,0,4.507082733209245,1.682068084483035,-1.6915502467934393,1.6915502467934393,-1.0556222109589726,1.0556222109589726,1.4144180084695108,-1.4144180084695108,NA,NA,0,0,2.474329880264122,-2.474329880264122,-0.9615371585823596,0.9615371585823596,2.36402116791578,-2.36402116791578,-0.9496031594462693,0.9496031594462693,0.46149277687072754,0.5385072231292725,0.46149277687072754,0.5385072231292725,0.05114680528640747,0.04754111170768738,0.04754111170768738,0.512639582157135,0.487360417842865,0.49206170439720154,0.49206170439720154,-0.06654298305511475,0.06654298305511475,0.0653650671205579,-0.0653650671205579,NA,NA,0,0,0.013034969568252563,-0.013034969568252563,0.04664658605671512,-0.04664658605671512,0.013034969568252563,-0.013034969568252563,0.05233009755230533,-0.05233009755230533,0,1,0,0,0,0,0,0,0,0,0,0,0,0,0,0,0,0,0,0,0,0,0,0,1,0,0,0,0,0,0,0,1,0,0,0,0,0,0,0,0,0,0,0,0,0,0,0,0,0,0,NA,NA,NA,NA,NA,NA,00-0023460,J.Campbell,11,NA,NA,NA,NA,NA,NA,NA,NA,NA,NA,NA,NA,NA,NA,NA,NA,NA,NA,NA,NA,NA,NA,NA,NA,NA,NA,NA,NA,NA,NA,NA,NA,NA,NA,NA,NA,NA,NA,NA,NA,NA,NA,PHI,NA,00-0024382,NA,O.Gaither,NA,NA,NA,NA,NA,NA,NA,NA,NA,NA,NA,NA,NA,0,NA,NA,NA,NA,NA,NA,NA,NA,NA,NA,NA,NA,NA,NA,NA,NA,NA,NA,NA,NA,NA,NA,NA,NA,NA,NA,NA,NA,NA,NA,NA,0,NA,NA,NA,NA,0,NA,NA,0,0,0,0,NA,NA,2007,NA,NA,14,1,First down,869,"11/11/07, 13:03:13",2007-11-11T18:35:24Z,Commanders Field,"Sunny Temp: 49° F, Humidity: 44%, Wind: 4 SE mph",10012007-1111-07c6-43e9-6366420b400f,0,0,RUSH,0,NA,NA,NA,4,Touchdown,2007-11-11T18:30:05Z,8,4:11,3,1,1,1,2,-5,FUMBLE,TOUCHDOWN,02:27,13:16,PHI 35,PHI 4,763,987,33,25,Home,-8,58,3,37.5,1,outdoors,grass,49,0,Joe Gibbs,Andy Reid,WAS00,FedExField,0,1,J.Campbell,17,NA,17,NA,NA,1,0,1,0,1,00-0023460,NA,NA,J.Campbell,17,00-0023460,J.Campbell,00-0023460,J.Campbell,00-0023460,0,0,1.682068084483035,NA,NA,NA,NA,NA,0.7153360843658447,28.466391563415527,2007,Go for it,NA,NA,NA,NA,NA,NA,NA,NA,NA,NA,Toss Up,Go for it,Andy Reid,Joe Gibbs,15:00,NA,NA,NA,NA,NA,NA,NA,NA,NA,NA
895,2007_10_PHI_WAS,2007111107,WAS,PHI,REG,10,WAS,home,PHI,PHI,2,2007-11-11,859,859,2659,Half1,0,4,0,2,1,1,14:19,PHI 2,2,35,"(14:19) PENALTY on WAS-87-T.Yoder, False Start, 5 yards, enforced at PHI 2 - No Play.",no_play,0,0,0,0,0,0,0,NA,NA,NA,NA,NA,NA,NA,NA,NA,NA,3,3,0,NA,NA,NA,NA,3,3,0,7,0,7,-7,0,7,-7,0.0069625889882445335,0.009239924140274525,2.8369808569550514e-4,0.01412939466536045,0.1142595186829567,0.0024617472663521767,0.8526630997657776,0,0,6.18915081769228,-0.8245690250769258,-2.516119271870365,2.516119271870365,-1.0556222109589726,1.0556222109589726,1.4144180084695108,-1.4144180084695108,NA,NA,0,0,2.474329880264122,-2.474329880264122,-0.9615371585823596,0.9615371585823596,2.36402116791578,-2.36402116791578,-0.9496031594462693,0.9496031594462693,0.512639582157135,0.487360417842865,0.512639582157135,0.487360417842865,-0.02177262306213379,-0.019844472408294678,-0.019844472408294678,0.4908669590950012,0.5091330409049988,0.5396028161048889,0.5396028161048889,-0.06654298305511475,0.06654298305511475,0.0653650671205579,-0.0653650671205579,NA,NA,0,0,0.013034969568252563,-0.013034969568252563,0.04664658605671512,-0.04664658605671512,0.013034969568252563,-0.013034969568252563,0.05233009755230533,-0.05233009755230533,0,0,0,0,0,0,0,0,0,0,0,0,0,0,0,0,0,0,0,0,0,0,0,0,0,0,1,0,0,0,0,0,0,0,0,0,0,0,0,0,0,0,0,0,0,0,0,0,0,0,0,NA,NA,NA,NA,NA,NA,NA,NA,NA,NA,NA,NA,NA,NA,NA,NA,NA,NA,NA,NA,NA,NA,NA,NA,NA,NA,NA,NA,NA,NA,NA,NA,NA,NA,NA,NA,NA,NA,NA,NA,NA,NA,NA,NA,NA,NA,NA,NA,NA,NA,NA,NA,NA,NA,NA,NA,NA,NA,NA,NA,NA,NA,NA,NA,NA,NA,NA,NA,NA,0,NA,NA,NA,NA,NA,NA,NA,NA,NA,NA,NA,NA,NA,NA,NA,NA,NA,NA,NA,NA,NA,NA,NA,NA,NA,NA,NA,NA,NA,NA,NA,0,WAS,00-0019127,T.Yoder,5,0,NA,False Start,0,0,0,0,NA,NA,2007,NA,NA,15,1,Touchdown,895,"11/11/07, 13:03:13",2007-11-11T18:36:06Z,Commanders Field,"Sunny Temp: 49° F, Humidity: 44%, Wind: 4 SE mph",10012007-1111-07c6-43e9-6366420b400f,0,0,PENALTY,0,NA,NA,NA,4,Touchdown,2007-11-11T18:30:05Z,8,4:11,3,1,1,1,2,-5,FUMBLE,TOUCHDOWN,02:27,13:16,PHI 35,PHI 4,763,987,33,25,Home,-8,58,3,37.5,1,outdoors,grass,49,0,Joe Gibbs,Andy Reid,WAS00,FedExField,0,0,NA,NA,NA,NA,NA,NA,0,0,0,0,1,NA,NA,NA,NA,NA,NA,NA,NA,NA,NA,0,0,-0.8245690250769258,NA,NA,NA,NA,NA,0.29157328605651855,NA,2007,Other,NA,NA,NA,NA,NA,NA,NA,NA,NA,NA,Toss Up,Other (Penalty),Andy Reid,Joe Gibbs,14:19,NA,NA,NA,NA,NA,NA,NA,NA,NA,NA
918,2007_10_PHI_WAS,2007111107,WAS,PHI,REG,10,WAS,home,PHI,PHI,7,2007-11-11,841,841,2641,Half1,0,4,0,2,1,1,14:01,PHI 7,7,35,(14:01) 26-C.Portis left end pushed ob at PHI 4 for 3 yards (96-O.Gaither).,run,3,0,0,0,0,0,0,NA,NA,NA,NA,left,end,NA,NA,NA,NA,3,3,0,NA,NA,NA,NA,3,3,0,7,0,7,-7,0,7,-7,0.011362154968082905,0.014048075303435326,3.8401270285248756e-4,0.019858554005622864,0.28122496604919434,0.0018052859231829643,0.671316921710968,0,0,5.364581792615354,0.015149782469961792,-2.5009694894004033,2.5009694894004033,-1.0404724284890108,1.0404724284890108,1.4144180084695108,-1.4144180084695108,NA,NA,0,0,2.474329880264122,-2.474329880264122,-0.9615371585823596,0.9615371585823596,2.36402116791578,-2.36402116791578,-0.9496031594462693,0.9496031594462693,0.4908669590950012,0.5091330409049988,0.4908669590950012,0.5091330409049988,-0.013869881629943848,-0.0142592191696167,-0.0142592191696167,0.4769970774650574,0.5230029225349426,0.5197583436965942,0.5197583436965942,-0.0804128646850586,0.0804128646850586,0.0653650671205579,-0.0653650671205579,NA,NA,0,0,0.013034969568252563,-0.013034969568252563,0.04664658605671512,-0.04664658605671512,0.013034969568252563,-0.013034969568252563,0.05233009755230533,-0.05233009755230533,0,0,0,0,0,0,0,0,0,0,0,0,0,0,0,0,0,0,0,0,0,0,0,0,1,0,0,0,0,0,0,0,1,0,0,0,0,0,0,0,0,0,0,0,0,0,0,0,0,0,0,NA,NA,NA,NA,NA,NA,00-0021179,C.Portis,3,NA,NA,NA,NA,NA,NA,NA,NA,NA,NA,NA,NA,NA,NA,NA,NA,NA,NA,NA,NA,NA,NA,NA,NA,NA,NA,NA,NA,NA,NA,NA,NA,NA,NA,NA,NA,NA,NA,NA,NA,NA,NA,PHI,NA,00-0024382,NA,O.Gaither,NA,NA,NA,NA,NA,NA,NA,NA,NA,NA,NA,NA,NA,0,NA,NA,NA,NA,NA,NA,NA,NA,NA,NA,NA,NA,NA,NA,NA,NA,NA,NA,NA,NA,NA,NA,NA,NA,NA,NA,NA,NA,NA,NA,NA,0,NA,NA,NA,NA,0,NA,NA,0,0,0,0,NA,NA,2007,NA,NA,15,1,Touchdown,918,"11/11/07, 13:03:13",2007-11-11T18:36:54Z,Commanders Field,"Sunny Temp: 49° F, Humidity: 44%, Wind: 4 SE mph",10012007-1111-07c6-43e9-6366420b400f,0,0,RUSH,0,NA,NA,NA,4,Touchdown,2007-11-11T18:30:05Z,8,4:11,3,1,1,1,2,-5,FUMBLE,TOUCHDOWN,02:27,13:16,PHI 35,PHI 4,763,987,33,25,Home,-8,58,3,37.5,1,outdoors,grass,49,0,Joe Gibbs,Andy Reid,WAS00,FedExField,0,1,NA,NA,C.Portis,26,NA,NA,0,1,0,0,1,NA,00-0021179,NA,C.Portis,26,00-0021179,C.Portis,00-0021179,C.Portis,00-0021179,1,0,0.015149782469961792,NA,NA,NA,NA,NA,0.3407278060913086,-34.07278060913086,2007,Go for it,NA,NA,NA,NA,NA,NA,NA,NA,NA,NA,Toss Up,Go for it,Andy Reid,Joe Gibbs,14:01,NA,NA,NA,NA,NA,NA,NA,NA,NA,NA
945,2007_10_PHI_WAS,2007111107,WAS,PHI,REG,10,WAS,home,PHI,PHI,4,2007-11-11,808,808,2608,Half1,0,4,0,2,2,1,13:28,PHI 4,4,35,(13:28) 17-J.Campbell pass incomplete short right to 47-C.Cooley [77-L.Ramsey].,pass,0,0,0,1,0,0,0,short,right,4,NA,NA,NA,NA,NA,NA,NA,3,3,0,NA,NA,NA,NA,3,3,0,7,0,7,-7,0,7,-7,0.011306745000183582,0.013982999138534069,3.751003823708743e-4,0.020151963457465172,0.27503812313079834,0.0031270752660930157,0.6760179996490479,0,0,5.379731575085316,-0.9981503372546285,-3.499119826655032,3.499119826655032,-1.0404724284890108,1.0404724284890108,0.4162676712148823,-0.4162676712148823,1.6202684249146841,-2.6184187621693127,0,0,2.474329880264122,-2.474329880264122,-0.9615371585823596,0.9615371585823596,3.9842895928304642,-3.9842895928304642,-3.568021921615582,3.568021921615582,0.4769970774650574,0.5230029225349426,0.4769970774650574,0.5230029225349426,-0.02384108304977417,-0.027008086442947388,-0.027008086442947388,0.4531559944152832,0.5468440055847168,0.5054991245269775,0.5054991245269775,-0.0804128646850586,0.0804128646850586,0.041523984070783726,-0.041523984070783726,0,-0.02384108304977417,0,0,0.013034969568252563,-0.013034969568252563,0.04664658605671512,-0.04664658605671512,0.013034969568252563,-0.013034969568252563,0.028489014502531163,-0.028489014502531163,0,0,0,0,0,0,0,0,1,0,0,0,0,0,0,0,0,0,0,0,0,0,0,0,0,0,0,0,0,0,0,1,0,1,0,0,0,0,0,0,0,0,0,0,0,0,0,0,0,0,0,00-0023460,J.Campbell,NA,NA,NA,NA,NA,NA,NA,NA,NA,NA,NA,NA,NA,NA,NA,NA,NA,NA,NA,NA,NA,NA,NA,NA,NA,NA,NA,NA,NA,NA,NA,NA,NA,NA,NA,NA,NA,NA,NA,00-0024418,L.Ramsey,NA,NA,NA,NA,NA,NA,NA,NA,NA,NA,NA,NA,NA,NA,NA,NA,NA,NA,NA,NA,NA,NA,NA,NA,NA,NA,0,NA,NA,NA,NA,NA,NA,NA,NA,NA,NA,NA,NA,NA,NA,NA,NA,NA,NA,NA,NA,NA,NA,NA,NA,NA,NA,NA,NA,NA,NA,NA,0,NA,NA,NA,NA,0,NA,NA,0,0,0,0,NA,NA,2007,0.22867456078529358,-22.867456078529358,15,1,Touchdown,945,"11/11/07, 13:03:13",2007-11-11T18:37:39Z,Commanders Field,"Sunny Temp: 49° F, Humidity: 44%, Wind: 4 SE mph",10012007-1111-07c6-43e9-6366420b400f,0,0,PASS,0,NA,NA,NA,4,Touchdown,2007-11-11T18:30:05Z,8,4:11,3,1,1,1,2,-5,FUMBLE,TOUCHDOWN,02:27,13:16,PHI 35,PHI 4,763,987,33,25,Home,-8,58,3,37.5,1,outdoors,grass,49,0,Joe Gibbs,Andy Reid,WAS00,FedExField,0,0,J.Campbell,17,NA,NA,C.Cooley,47,1,0,0,0,1,00-0023460,NA,00-0022738,J.Campbell,17,00-0023460,NA,NA,C.Cooley,00-0022738,0,0,-0.9981503372546285,NA,NA,NA,NA,NA,0.4809119701385498,51.90880298614502,2007,Go for it,NA,NA,NA,NA,NA,NA,NA,NA,NA,NA,Toss Up,Go for it,Andy Reid,Joe Gibbs,13:28,NA,NA,NA,NA,NA,NA,NA,NA,NA,NA
967,2007_10_PHI_WAS,2007111107,WAS,PHI,REG,10,WAS,home,PHI,PHI,4,2007-11-11,801,801,2601,Half1,0,4,1,2,3,1,13:21,PHI 4,4,35,"(13:21) 17-J.Campbell pass short right to 83-J.Thrash for 4 yards, TOUCHDOWN.",pass,4,0,0,1,0,0,0,short,right,4,0,NA,NA,NA,NA,NA,NA,3,3,0,NA,WAS,J.Thrash,00-0016440,3,3,6,7,0,7,-7,6,7,-1,0.013499905355274677,0.017050668597221375,4.4009098201058805e-4,0.02493036910891533,0.4956294000148773,0.0035817448515444994,0.4448677599430084,0,0,4.381581237830687,2.6184187621693127,-0.8807010644857192,0.8807010644857192,-1.0404724284890108,1.0404724284890108,3.034686433384195,-3.034686433384195,2.6184187621693127,0,2.6184187621693127,0,5.092748642433435,-5.092748642433435,-0.9615371585823596,0.9615371585823596,6.602708354999777,-6.602708354999777,-3.568021921615582,3.568021921615582,0.4531559944152832,0.5468440055847168,0.4531559944152832,0.5468440055847168,0.1064278147041422,0.0981934373459391,0.0981934373459391,0.5595838091194254,0.4404161908805746,0.47849103808403015,0.47849103808403015,-0.0804128646850586,0.0804128646850586,0.14795179877492592,-0.14795179877492592,0.1064278147041422,0,0.1064278147041422,0,0.11946278427239476,-0.11946278427239476,0.04664658605671512,-0.04664658605671512,0.11946278427239476,-0.11946278427239476,0.028489014502531163,-0.028489014502531163,0,0,1,0,1,0,0,0,0,0,0,0,0,0,0,0,0,0,0,0,0,0,0,0,0,0,0,0,0,0,0,0,0,1,0,1,1,0,0,0,0,0,0,0,0,1,0,0,0,0,0,00-0023460,J.Campbell,4,00-0016440,J.Thrash,4,NA,NA,NA,NA,NA,NA,NA,NA,NA,NA,NA,NA,NA,NA,NA,NA,NA,NA,NA,NA,NA,NA,NA,NA,NA,NA,NA,NA,NA,NA,NA,NA,NA,NA,NA,NA,NA,NA,NA,NA,NA,NA,NA,NA,NA,NA,NA,NA,NA,NA,NA,NA,NA,NA,NA,NA,NA,NA,NA,NA,NA,NA,NA,0,NA,NA,NA,NA,NA,NA,NA,NA,NA,NA,NA,NA,NA,NA,NA,NA,NA,NA,NA,NA,NA,NA,NA,NA,NA,NA,NA,NA,NA,NA,NA,0,NA,NA,NA,NA,0,NA,NA,0,0,0,0,NA,NA,2007,0.39923903346061707,60.07609665393829,15,1,Touchdown,967,"11/11/07, 13:03:13",2007-11-11T18:38:26Z,Commanders Field,"Sunny Temp: 49° F, Humidity: 44%, Wind: 4 SE mph",10012007-1111-07c6-43e9-6366420b400f,0,0,PASS,0,NA,NA,NA,4,Touchdown,2007-11-11T18:30:05Z,8,4:11,3,1,1,1,2,-5,FUMBLE,TOUCHDOWN,02:27,13:16,PHI 35,PHI 4,763,987,33,25,Home,-8,58,3,37.5,1,outdoors,grass,49,0,Joe Gibbs,Andy Reid,WAS00,FedExField,0,1,J.Campbell,17,NA,NA,J.Thrash,83,1,0,1,0,1,00-0023460,NA,00-0016440,J.Campbell,17,00-0023460,J.Thrash,00-0016440,J.Thrash,00-0016440,0,0,2.6184187621693127,NA,NA,NA,NA,NA,0.8905671238899231,10.94328761100769,2007,Go for it,NA,NA,NA,NA,NA,NA,NA,NA,NA,NA,Toss Up,Go for it,Andy Reid,Joe Gibbs,13:21,NA,NA,NA,NA,NA,NA,NA,NA,NA,NA
987,2007_10_PHI_WAS,2007111107,WAS,PHI,REG,10,WAS,home,PHI,PHI,2,2007-11-11,796,796,2596,Half1,0,4,0,2,NA,0,13:16,PHI 2,0,35,"6-S.Suisham extra point is No Good, Wide Left, Center-67-E.Albright, Holder-4-D.Frost. Penalty on WAS-92-D.Evans, Illegal Formation, declined.",extra_point,0,0,0,0,0,0,0,NA,NA,NA,NA,NA,NA,NA,20,failed,NA,3,3,0,NA,NA,NA,NA,3,3,6,7,6,7,-1,6,7,-1,0,0,0,0,0,0,0,0.982039258461783,0,0.982039258461783,-0.982039258461783,-1.8627403229475021,1.8627403229475021,-1.0404724284890108,1.0404724284890108,3.034686433384195,-3.034686433384195,NA,NA,0,0,5.092748642433435,-5.092748642433435,-0.9615371585823596,0.9615371585823596,6.602708354999777,-6.602708354999777,-3.568021921615582,3.568021921615582,0.5595838091194254,0.4404161908805746,0.5595838091194254,0.4404161908805746,-0.05852734659310399,-0.04981094647260231,-0.04981094647260231,0.5010564625263214,0.4989435374736786,0.5766844754299693,0.5766844754299693,-0.0804128646850586,0.0804128646850586,0.14795179877492592,-0.14795179877492592,NA,NA,0,0,0.11946278427239476,-0.11946278427239476,0.04664658605671512,-0.04664658605671512,0.11946278427239476,-0.11946278427239476,0.028489014502531163,-0.028489014502531163,0,0,0,0,0,0,0,0,0,0,0,0,0,0,0,0,0,0,0,0,0,0,0,0,0,0,0,0,0,0,0,0,0,0,0,0,0,0,0,1,0,0,0,0,0,0,0,0,0,0,0,NA,NA,NA,NA,NA,NA,NA,NA,NA,NA,NA,NA,NA,NA,NA,NA,NA,NA,NA,NA,NA,NA,NA,NA,NA,NA,NA,NA,NA,NA,NA,S.Suisham,00-0023001,NA,NA,NA,NA,NA,NA,NA,NA,NA,NA,NA,NA,NA,NA,NA,NA,NA,NA,NA,NA,NA,NA,NA,NA,NA,NA,NA,NA,NA,NA,NA,NA,NA,NA,NA,NA,0,NA,NA,NA,NA,NA,NA,NA,NA,NA,NA,NA,NA,NA,NA,NA,NA,NA,NA,NA,NA,NA,NA,NA,NA,NA,NA,NA,NA,NA,NA,NA,0,NA,NA,NA,NA,0,NA,NA,0,0,0,0,NA,NA,2007,NA,NA,15,1,Touchdown,987,"11/11/07, 13:03:13",2007-11-11T18:39:07Z,Commanders Field,"Sunny Temp: 49° F, Humidity: 44%, Wind: 4 SE mph",10012007-1111-07c6-43e9-6366420b400f,0,0,XP_KICK,1,NA,NA,NA,4,Touchdown,2007-11-11T18:30:05Z,8,4:11,3,1,1,1,2,-5,FUMBLE,TOUCHDOWN,02:27,13:16,PHI 35,PHI 4,763,987,33,25,Home,-8,58,3,37.5,1,outdoors,grass,49,0,Joe Gibbs,Andy Reid,WAS00,FedExField,0,0,NA,NA,NA,NA,NA,NA,0,0,0,1,0,NA,NA,NA,NA,NA,NA,NA,NA,NA,NA,0,0,-0.982039258461783,NA,NA,NA,NA,NA,NA,NA,2007,Other,NA,NA,NA,NA,NA,NA,NA,NA,NA,NA,Toss Up,Other (Penalty),Andy Reid,Joe Gibbs,13:16,NA,NA,NA,NA,NA,NA,NA,NA,NA,NA
1014,2007_10_PHI_WAS,2007111107,WAS,PHI,REG,10,PHI,away,WAS,WAS,30,2007-11-11,796,796,2596,Half1,0,5,0,2,NA,0,13:16,WAS 30,0,31,6-S.Suisham kicks 54 yards from WAS 30 to PHI 16. 30-J.Reed to PHI 29 for 13 yards (31-R.Cartwright).,kickoff,0,0,0,0,0,0,0,NA,NA,NA,NA,NA,NA,NA,54,NA,NA,3,3,0,NA,NA,NA,NA,3,3,6,7,7,6,1,7,6,1,0.07932809740304947,0.17177659273147583,0.0038453359156847,0.26306799054145813,0.18937711417675018,0.002587878843769431,0.2900170087814331,0,0,0.23892977787181735,0.5918956333771348,-2.454635956324637,2.454635956324637,-1.0404724284890108,1.0404724284890108,3.034686433384195,-3.034686433384195,NA,NA,0,0,5.092748642433435,-5.092748642433435,-0.9615371585823596,0.9615371585823596,6.602708354999777,-6.602708354999777,-3.568021921615582,3.568021921615582,0.4989435374736786,0.5010564625263214,0.5010564625263214,0.4989435374736786,0.0161115825176239,0.013320565223693848,-0.013320565223693848,0.4849448800086975,0.5150551199913025,0.47312647104263306,0.5268735289573669,-0.0804128646850586,0.0804128646850586,0.14795179877492592,-0.14795179877492592,NA,NA,0,0,0.11946278427239476,-0.11946278427239476,0.04664658605671512,-0.04664658605671512,0.11946278427239476,-0.11946278427239476,0.028489014502531163,-0.028489014502531163,0,0,0,0,0,0,0,0,0,0,0,0,0,0,0,0,0,0,0,0,0,0,0,0,1,0,0,0,0,0,0,0,0,0,0,0,0,0,0,0,0,0,1,0,0,0,0,0,0,0,0,NA,NA,NA,NA,NA,NA,NA,NA,NA,NA,NA,NA,NA,NA,NA,NA,NA,NA,NA,NA,NA,NA,NA,NA,NA,J.Reed,00-0022791,NA,NA,NA,NA,S.Suisham,00-0023001,NA,NA,NA,NA,NA,NA,NA,NA,NA,NA,NA,NA,NA,NA,NA,NA,NA,NA,WAS,NA,00-0021357,NA,R.Cartwright,NA,NA,NA,NA,NA,NA,NA,NA,NA,NA,NA,NA,NA,0,NA,NA,NA,NA,NA,NA,NA,NA,NA,NA,NA,NA,NA,NA,NA,NA,NA,NA,NA,NA,NA,NA,NA,NA,NA,NA,NA,NA,NA,NA,PHI,13,NA,NA,NA,NA,0,NA,NA,0,0,0,0,NA,NA,2007,NA,NA,16,1,First down,1014,"11/11/07, 13:03:13",2007-11-11T18:42:12Z,Commanders Field,"Sunny Temp: 49° F, Humidity: 44%, Wind: 4 SE mph",10012007-1111-07c6-43e9-6366420b400f,0,0,KICK_OFF,1,NA,NA,NA,5,Punt,2007-11-11T18:42:12Z,9,5:31,2,0,0,2,2,0,KICKOFF,PUNT,13:16,07:45,PHI 29,WAS 40,1014,1238,33,25,Home,-8,58,3,37.5,1,outdoors,grass,49,0,Joe Gibbs,Andy Reid,WAS00,FedExField,0,1,NA,NA,NA,NA,NA,NA,0,0,0,1,0,NA,NA,NA,NA,NA,NA,NA,NA,NA,NA,0,0,0.5918956333771348,NA,NA,NA,NA,NA,NA,NA,2007,Other,NA,NA,NA,NA,NA,NA,NA,NA,NA,NA,Toss Up,Other,Andy Reid,Joe Gibbs,13:16,NA,NA,NA,NA,NA,NA,NA,NA,NA,NA
1036,2007_10_PHI_WAS,2007111107,WAS,PHI,REG,10,PHI,away,WAS,PHI,71,2007-11-11,789,789,2589,Half1,0,5,0,2,1,0,13:09,PHI 29,10,31,(13:09) 36-B.Westbrook right end to PHI 33 for 4 yards (59-L.Fletcher).,run,4,0,0,0,0,0,0,NA,NA,NA,NA,right,end,NA,NA,NA,NA,3,3,0,NA,NA,NA,NA,3,3,6,7,7,6,1,7,6,1,0.0784618929028511,0.1474749743938446,0.0031509639229625463,0.23188096284866333,0.2140846848487854,0.002832150086760521,0.32211437821388245,0,0,0.8308254112489522,-0.08665712317451835,-2.3679788331501186,2.3679788331501186,-0.9538153053144924,0.9538153053144924,3.034686433384195,-3.034686433384195,NA,NA,0,0,5.092748642433435,-5.092748642433435,-0.9615371585823596,0.9615371585823596,6.602708354999777,-6.602708354999777,-3.568021921615582,3.568021921615582,0.5150551199913025,0.4849448800086975,0.4849448800086975,0.5150551199913025,-0.008651256561279297,-0.01628333330154419,0.01628333330154419,0.4935961365699768,0.5064038634300232,0.4864470362663269,0.5135529637336731,-0.0717616081237793,0.0717616081237793,0.14795179877492592,-0.14795179877492592,NA,NA,0,0,0.11946278427239476,-0.11946278427239476,0.04664658605671512,-0.04664658605671512,0.11946278427239476,-0.11946278427239476,0.028489014502531163,-0.028489014502531163,0,0,0,0,0,0,0,0,0,0,0,0,0,0,0,0,0,0,0,0,0,0,0,0,1,0,0,0,0,0,0,0,1,0,0,0,0,0,0,0,0,0,0,0,0,0,0,0,0,0,0,NA,NA,NA,NA,NA,NA,00-0021216,B.Westbrook,4,NA,NA,NA,NA,NA,NA,NA,NA,NA,NA,NA,NA,NA,NA,NA,NA,NA,NA,NA,NA,NA,NA,NA,NA,NA,NA,NA,NA,NA,NA,NA,NA,NA,NA,NA,NA,NA,NA,NA,NA,NA,NA,WAS,NA,00-0005322,NA,L.Fletcher,NA,NA,NA,NA,NA,NA,NA,NA,NA,NA,NA,NA,NA,0,NA,NA,NA,NA,NA,NA,NA,NA,NA,NA,NA,NA,NA,NA,NA,NA,NA,NA,NA,NA,NA,NA,NA,NA,NA,NA,NA,NA,NA,NA,NA,0,NA,NA,NA,NA,0,NA,NA,0,0,0,0,NA,NA,2007,NA,NA,16,1,First down,1036,"11/11/07, 13:03:13",2007-11-11T18:44:37Z,Commanders Field,"Sunny Temp: 49° F, Humidity: 44%, Wind: 4 SE mph",10012007-1111-07c6-43e9-6366420b400f,0,0,RUSH,0,NA,NA,NA,5,Punt,2007-11-11T18:42:12Z,9,5:31,2,0,0,2,2,0,KICKOFF,PUNT,13:16,07:45,PHI 29,WAS 40,1014,1238,33,25,Home,-8,58,3,37.5,1,outdoors,grass,49,0,Joe Gibbs,Andy Reid,WAS00,FedExField,0,0,NA,NA,B.Westbrook,36,NA,NA,0,1,0,0,1,NA,00-0021216,NA,B.Westbrook,36,00-0021216,B.Westbrook,00-0021216,B.Westbrook,00-0021216,0,0,-0.08665712317451835,NA,NA,NA,NA,NA,0.4485800266265869,-44.85800266265869,2007,Go for it,NA,NA,NA,NA,NA,NA,NA,NA,NA,NA,Toss Up,Go for it,Andy Reid,Joe Gibbs,13:09,NA,NA,NA,NA,NA,NA,NA,NA,NA,NA
1058,2007_10_PHI_WAS,2007111107,WAS,PHI,REG,10,PHI,away,WAS,PHI,67,2007-11-11,748,748,2548,Half1,0,5,0,2,2,0,12:28,PHI 33,6,31,"(12:28) 36-B.Westbrook right end to PHI 37 for 4 yards (57-R.Godfrey, 93-P.Daniels).",run,4,0,0,0,0,0,0,NA,NA,NA,NA,right,end,NA,NA,NA,NA,3,3,0,NA,NA,NA,NA,3,3,6,7,7,6,1,7,6,1,0.09178119897842407,0.1436166763305664,0.0032163101714104414,0.23385141789913177,0.21457161009311676,0.003208654234185815,0.3097541034221649,0,0,0.7441682880744338,-0.018316068220883608,-2.349662764929235,2.349662764929235,-0.9354992370936088,0.9354992370936088,3.034686433384195,-3.034686433384195,NA,NA,0,0,5.092748642433435,-5.092748642433435,-0.9615371585823596,0.9615371585823596,6.602708354999777,-6.602708354999777,-3.568021921615582,3.568021921615582,0.5064038634300232,0.4935961365699768,0.4935961365699768,0.5064038634300232,-1.0305643081665039e-4,-0.024997055530548096,0.024997055530548096,0.49369919300079346,0.5063008069992065,0.4701637029647827,0.5298362970352173,-0.07165855169296265,0.07165855169296265,0.14795179877492592,-0.14795179877492592,NA,NA,0,0,0.11946278427239476,-0.11946278427239476,0.04664658605671512,-0.04664658605671512,0.11946278427239476,-0.11946278427239476,0.028489014502531163,-0.028489014502531163,0,0,0,0,0,0,0,0,0,0,0,0,0,0,0,0,0,0,0,0,0,0,0,0,0,0,0,0,0,0,0,0,1,0,0,0,0,0,0,0,0,0,0,0,0,0,1,0,0,0,0,NA,NA,NA,NA,NA,NA,00-0021216,B.Westbrook,4,NA,NA,NA,NA,NA,NA,NA,NA,NA,NA,NA,NA,NA,NA,NA,NA,NA,NA,NA,NA,NA,NA,NA,NA,NA,NA,NA,NA,NA,NA,NA,NA,NA,NA,NA,NA,NA,NA,NA,NA,NA,NA,NA,NA,NA,NA,NA,NA,00-0003874,P.Daniels,WAS,NA,NA,NA,NA,NA,NA,NA,NA,NA,1,00-0006063,R.Godfrey,WAS,NA,NA,NA,NA,NA,NA,NA,NA,NA,NA,NA,NA,NA,NA,NA,NA,NA,NA,NA,NA,NA,NA,NA,NA,NA,NA,NA,NA,0,NA,NA,NA,NA,0,NA,NA,0,0,0,0,NA,NA,2007,NA,NA,16,1,First down,1058,"11/11/07, 13:03:13",2007-11-11T18:45:18Z,Commanders Field,"Sunny Temp: 49° F, Humidity: 44%, Wind: 4 SE mph",10012007-1111-07c6-43e9-6366420b400f,0,0,RUSH,0,NA,NA,NA,5,Punt,2007-11-11T18:42:12Z,9,5:31,2,0,0,2,2,0,KICKOFF,PUNT,13:16,07:45,PHI 29,WAS 40,1014,1238,33,25,Home,-8,58,3,37.5,1,outdoors,grass,49,0,Joe Gibbs,Andy Reid,WAS00,FedExField,0,0,NA,NA,B.Westbrook,36,NA,NA,0,1,0,0,1,NA,00-0021216,NA,B.Westbrook,36,00-0021216,B.Westbrook,00-0021216,B.Westbrook,00-0021216,0,0,-0.018316068220883608,NA,NA,NA,NA,NA,0.5412050485610962,-54.12050485610962,2007,Go for it,NA,NA,NA,NA,NA,NA,NA,NA,NA,NA,Toss Up,Go for it,Andy Reid,Joe Gibbs,12:28,NA,NA,NA,NA,NA,NA,NA,NA,NA,NA
1080,2007_10_PHI_WAS,2007111107,WAS,PHI,REG,10,PHI,away,WAS,PHI,63,2007-11-11,708,708,2508,Half1,0,5,0,2,3,0,11:48,PHI 37,2,31,(11:48) (Shotgun) 5-D.McNabb scrambles up the middle to PHI 41 for 4 yards (59-L.Fletcher).,run,4,1,0,1,0,0,1,NA,NA,NA,NA,middle,NA,NA,NA,NA,NA,3,3,0,NA,NA,NA,NA,3,3,6,7,7,6,1,7,6,1,0.10995344817638397,0.14456337690353394,0.002224717056378722,0.22954869270324707,0.20206588506698608,0.003374445252120495,0.3082694411277771,0,0,0.7258522198535502,0.8599522716831416,-3.2096150366123766,3.2096150366123766,-1.7954515087767504,1.7954515087767504,3.034686433384195,-3.034686433384195,NA,NA,0,0,5.092748642433435,-5.092748642433435,-0.9615371585823596,0.9615371585823596,6.602708354999777,-6.602708354999777,-3.568021921615582,3.568021921615582,0.5063008069992065,0.49369919300079346,0.49369919300079346,0.5063008069992065,0.02855890989303589,0.05071273446083069,-0.05071273446083069,0.46514028310775757,0.5348597168922424,0.4451666474342346,0.5548333525657654,-0.10021746158599854,0.10021746158599854,0.14795179877492592,-0.14795179877492592,NA,NA,0,0,0.11946278427239476,-0.11946278427239476,0.04664658605671512,-0.04664658605671512,0.11946278427239476,-0.11946278427239476,0.028489014502531163,-0.028489014502531163,0,1,0,0,1,0,0,0,0,0,0,0,0,0,0,0,0,0,0,0,0,0,0,0,1,0,0,0,0,0,0,0,1,0,0,0,0,0,0,0,0,0,0,0,0,0,0,0,0,0,0,NA,NA,NA,NA,NA,NA,00-0011022,D.McNabb,4,NA,NA,NA,NA,NA,NA,NA,NA,NA,NA,NA,NA,NA,NA,NA,NA,NA,NA,NA,NA,NA,NA,NA,NA,NA,NA,NA,NA,NA,NA,NA,NA,NA,NA,NA,NA,NA,NA,NA,NA,NA,NA,WAS,NA,00-0005322,NA,L.Fletcher,NA,NA,NA,NA,NA,NA,NA,NA,NA,NA,NA,NA,NA,0,NA,NA,NA,NA,NA,NA,NA,NA,NA,NA,NA,NA,NA,NA,NA,NA,NA,NA,NA,NA,NA,NA,NA,NA,NA,NA,NA,NA,NA,NA,NA,0,NA,NA,NA,NA,0,NA,NA,0,0,0,0,NA,NA,2007,NA,NA,16,1,First down,1080,"11/11/07, 13:03:13",2007-11-11T18:45:58Z,Commanders Field,"Sunny Temp: 49° F, Humidity: 44%, Wind: 4 SE mph",10012007-1111-07c6-43e9-6366420b400f,0,0,RUSH,0,NA,NA,NA,5,Punt,2007-11-11T18:42:12Z,9,5:31,2,0,0,2,2,0,KICKOFF,PUNT,13:16,07:45,PHI 29,WAS 40,1014,1238,33,25,Home,-8,58,3,37.5,1,outdoors,grass,49,0,Joe Gibbs,Andy Reid,WAS00,FedExField,0,1,D.McNabb,5,NA,5,NA,NA,1,0,1,0,1,00-0011022,NA,NA,D.McNabb,5,00-0011022,D.McNabb,00-0011022,D.McNabb,00-0011022,0,0,0.8599522716831416,NA,NA,NA,NA,NA,0.7209787368774414,27.90212631225586,2007,Go for it,NA,NA,NA,NA,NA,NA,NA,NA,NA,NA,Toss Up,Go for it,Andy Reid,Joe Gibbs,11:48,NA,NA,NA,NA,NA,NA,NA,NA,NA,NA
1102,2007_10_PHI_WAS,2007111107,WAS,PHI,REG,10,PHI,away,WAS,PHI,59,2007-11-11,665,665,2465,Half1,0,5,0,2,1,0,11:05,PHI 41,10,31,(11:05) (Shotgun) 5-D.McNabb pass short left to 84-H.Baskett pushed ob at PHI 47 for 6 yards (29-L.Torrence).,pass,6,1,0,1,0,0,0,short,left,-3,9,NA,NA,NA,NA,NA,NA,3,3,0,NA,NA,NA,NA,3,3,6,7,7,6,1,7,6,1,0.10471433401107788,0.11390434205532074,0.0019507113611325622,0.17955291271209717,0.2482379823923111,0.0035805702209472656,0.34805917739868164,0,0,1.5858044915366918,0.33720457600429654,-3.546819612616673,3.546819612616673,-1.7954515087767504,1.7954515087767504,2.6974818573798984,-2.6974818573798984,-0.915528733516112,1.2527333095204085,-0.915528733516112,1.2527333095204085,6.008277375949547,-6.008277375949547,-2.214270468102768,2.214270468102768,7.518237088515889,-7.518237088515889,-4.8207552311359905,4.8207552311359905,0.5348597168922424,0.46514028310775757,0.46514028310775757,0.5348597168922424,-0.0047383904457092285,-0.004555940628051758,0.004555940628051758,0.4698786735534668,0.5301213264465332,0.4958793818950653,0.5041206181049347,-0.10021746158599854,0.10021746158599854,0.15269018922063515,-0.15269018922063515,0,-0.0047383904457092285,0,-0.0047383904457092285,0.11946278427239476,-0.11946278427239476,0.05138497650242435,-0.05138497650242435,0.11946278427239476,-0.11946278427239476,0.03322740494824039,-0.03322740494824039,0,0,0,0,0,0,0,0,0,0,0,0,0,0,0,0,0,0,0,0,0,0,0,0,1,0,0,0,0,0,0,0,0,1,0,0,0,0,0,0,0,0,0,0,0,1,0,0,0,0,0,00-0011022,D.McNabb,6,00-0024013,H.Baskett,6,NA,NA,NA,NA,NA,NA,NA,NA,NA,NA,NA,NA,NA,NA,NA,NA,NA,NA,NA,NA,NA,NA,NA,NA,NA,NA,NA,NA,NA,NA,NA,NA,NA,NA,NA,NA,NA,NA,NA,NA,NA,NA,NA,NA,NA,WAS,NA,00-0023186,NA,L.Torrence,NA,NA,NA,NA,NA,NA,NA,NA,NA,NA,NA,NA,NA,0,NA,NA,NA,NA,NA,NA,NA,NA,NA,NA,NA,NA,NA,NA,NA,NA,NA,NA,NA,NA,NA,NA,NA,NA,NA,NA,NA,NA,NA,NA,NA,0,NA,NA,NA,NA,0,NA,NA,0,0,0,0,NA,NA,2007,0.8405832648277283,15.941673517227173,17,1,First down,1102,"11/11/07, 13:03:13",2007-11-11T18:46:40Z,Commanders Field,"Sunny Temp: 49° F, Humidity: 44%, Wind: 4 SE mph",10012007-1111-07c6-43e9-6366420b400f,0,0,PASS,0,NA,NA,NA,5,Punt,2007-11-11T18:42:12Z,9,5:31,2,0,0,2,2,0,KICKOFF,PUNT,13:16,07:45,PHI 29,WAS 40,1014,1238,33,25,Home,-8,58,3,37.5,1,outdoors,grass,49,0,Joe Gibbs,Andy Reid,WAS00,FedExField,0,1,D.McNabb,5,NA,NA,H.Baskett,84,1,0,0,0,1,00-0011022,NA,00-0024013,D.McNabb,5,00-0011022,H.Baskett,00-0024013,H.Baskett,00-0024013,1,0,0.33720457600429654,1.1452083280954315,9.63741671522439,8,0.5464652045047842,0.24728627636795864,0.4442756175994873,55.57243824005127,2007,Go for it,NA,NA,NA,NA,NA,NA,NA,NA,NA,NA,Toss Up,Go for it,Andy Reid,Joe Gibbs,11:05,NA,NA,NA,NA,NA,NA,NA,NA,NA,NA
1126,2007_10_PHI_WAS,2007111107,WAS,PHI,REG,10,PHI,away,WAS,PHI,53,2007-11-11,645,645,2445,Half1,0,5,0,2,2,0,10:45,PHI 47,4,31,(10:45) 36-B.Westbrook left guard to 50 for 3 yards (52-R.McIntosh).,run,3,0,0,0,0,0,0,NA,NA,NA,NA,left,guard,NA,NA,NA,NA,3,3,0,NA,NA,NA,NA,3,3,6,7,7,6,1,7,6,1,0.09796197712421417,0.10483015328645706,0.0015320155071094632,0.1621478945016861,0.2601272761821747,0.0037175873294472694,0.3696831166744232,0,0,1.9230090675409883,-0.06887284340336919,-3.477946769213304,3.477946769213304,-1.7265786653733812,1.7265786653733812,2.6974818573798984,-2.6974818573798984,NA,NA,0,0,6.008277375949547,-6.008277375949547,-2.214270468102768,2.214270468102768,7.518237088515889,-7.518237088515889,-4.8207552311359905,4.8207552311359905,0.5301213264465332,0.4698786735534668,0.4698786735534668,0.5301213264465332,0.017465651035308838,-0.01453256607055664,0.01453256607055664,0.45241302251815796,0.547586977481842,0.49132344126701355,0.5086765587329865,-0.11768311262130737,0.11768311262130737,0.15269018922063515,-0.15269018922063515,NA,NA,0,0,0.11946278427239476,-0.11946278427239476,0.05138497650242435,-0.05138497650242435,0.11946278427239476,-0.11946278427239476,0.03322740494824039,-0.03322740494824039,0,0,0,0,0,0,0,0,0,0,0,0,0,0,0,0,0,0,0,0,0,0,0,0,1,0,0,0,0,0,0,0,1,0,0,0,0,0,0,0,0,0,0,0,0,0,0,0,0,0,0,NA,NA,NA,NA,NA,NA,00-0021216,B.Westbrook,3,NA,NA,NA,NA,NA,NA,NA,NA,NA,NA,NA,NA,NA,NA,NA,NA,NA,NA,NA,NA,NA,NA,NA,NA,NA,NA,NA,NA,NA,NA,NA,NA,NA,NA,NA,NA,NA,NA,NA,NA,NA,NA,WAS,NA,00-0024250,NA,R.McIntosh,NA,NA,NA,NA,NA,NA,NA,NA,NA,NA,NA,NA,NA,0,NA,NA,NA,NA,NA,NA,NA,NA,NA,NA,NA,NA,NA,NA,NA,NA,NA,NA,NA,NA,NA,NA,NA,NA,NA,NA,NA,NA,NA,NA,NA,0,NA,NA,NA,NA,0,NA,NA,0,0,0,0,NA,NA,2007,NA,NA,17,1,First down,1126,"11/11/07, 13:03:13",2007-11-11T18:47:17Z,Commanders Field,"Sunny Temp: 49° F, Humidity: 44%, Wind: 4 SE mph",10012007-1111-07c6-43e9-6366420b400f,0,0,RUSH,0,NA,NA,NA,5,Punt,2007-11-11T18:42:12Z,9,5:31,2,0,0,2,2,0,KICKOFF,PUNT,13:16,07:45,PHI 29,WAS 40,1014,1238,33,25,Home,-8,58,3,37.5,1,outdoors,grass,49,0,Joe Gibbs,Andy Reid,WAS00,FedExField,0,0,NA,NA,B.Westbrook,36,NA,NA,0,1,0,0,1,NA,00-0021216,NA,B.Westbrook,36,00-0021216,B.Westbrook,00-0021216,B.Westbrook,00-0021216,0,0,-0.06887284340336919,NA,NA,NA,NA,NA,0.37418073415756226,-37.418073415756226,2007,Go for it,NA,NA,NA,NA,NA,NA,NA,NA,NA,NA,Toss Up,Go for it,Andy Reid,Joe Gibbs,10:45,NA,NA,NA,NA,NA,NA,NA,NA,NA,NA
1148,2007_10_PHI_WAS,2007111107,WAS,PHI,REG,10,PHI,away,WAS,50,50,2007-11-11,605,605,2405,Half1,0,5,0,2,3,0,10:05,MID 50,1,31,(10:05) 36-B.Westbrook right end to WAS 48 for 2 yards (92-D.Evans).,run,2,0,0,0,0,0,0,NA,NA,NA,NA,right,end,NA,NA,NA,NA,3,3,0,NA,NA,NA,NA,3,3,6,7,7,6,1,7,6,1,0.11960091441869736,0.11613182723522186,0.0013953669695183635,0.15290367603302002,0.24396033585071564,0.0036575845442712307,0.3623502850532532,0,0,1.8541362241376191,0.47509855800308287,-3.953045327216387,3.953045327216387,-2.201677223376464,2.201677223376464,2.6974818573798984,-2.6974818573798984,NA,NA,0,0,6.008277375949547,-6.008277375949547,-2.214270468102768,2.214270468102768,7.518237088515889,-7.518237088515889,-4.8207552311359905,4.8207552311359905,0.547586977481842,0.45241302251815796,0.45241302251815796,0.547586977481842,0.02576005458831787,0.024444490671157837,-0.024444490671157837,0.4266529679298401,0.5733470320701599,0.4767908751964569,0.5232091248035431,-0.14344316720962524,0.14344316720962524,0.15269018922063515,-0.15269018922063515,NA,NA,0,0,0.11946278427239476,-0.11946278427239476,0.05138497650242435,-0.05138497650242435,0.11946278427239476,-0.11946278427239476,0.03322740494824039,-0.03322740494824039,0,1,0,0,1,0,0,0,0,0,0,0,0,0,0,0,0,0,0,0,0,0,0,0,1,0,0,0,0,0,0,0,1,0,0,0,0,0,0,0,0,0,0,0,0,0,0,0,0,0,0,NA,NA,NA,NA,NA,NA,00-0021216,B.Westbrook,2,NA,NA,NA,NA,NA,NA,NA,NA,NA,NA,NA,NA,NA,NA,NA,NA,NA,NA,NA,NA,NA,NA,NA,NA,NA,NA,NA,NA,NA,NA,NA,NA,NA,NA,NA,NA,NA,NA,NA,NA,NA,NA,WAS,NA,00-0020055,NA,D.Evans,NA,NA,NA,NA,NA,NA,NA,NA,NA,NA,NA,NA,NA,0,NA,NA,NA,NA,NA,NA,NA,NA,NA,NA,NA,NA,NA,NA,NA,NA,NA,NA,NA,NA,NA,NA,NA,NA,NA,NA,NA,NA,NA,NA,NA,0,NA,NA,NA,NA,0,NA,NA,0,0,0,0,NA,NA,2007,NA,NA,17,1,First down,1148,"11/11/07, 13:03:13",2007-11-11T18:47:56Z,Commanders Field,"Sunny Temp: 49° F, Humidity: 44%, Wind: 4 SE mph",10012007-1111-07c6-43e9-6366420b400f,0,0,RUSH,0,NA,NA,NA,5,Punt,2007-11-11T18:42:12Z,9,5:31,2,0,0,2,2,0,KICKOFF,PUNT,13:16,07:45,PHI 29,WAS 40,1014,1238,33,25,Home,-8,58,3,37.5,1,outdoors,grass,49,0,Joe Gibbs,Andy Reid,WAS00,FedExField,0,1,NA,NA,B.Westbrook,36,NA,NA,0,1,1,0,1,NA,00-0021216,NA,B.Westbrook,36,00-0021216,B.Westbrook,00-0021216,B.Westbrook,00-0021216,0,0,0.47509855800308287,NA,NA,NA,NA,NA,0.2476017326116562,-24.76017326116562,2007,Go for it,NA,NA,NA,NA,NA,NA,NA,NA,NA,NA,Toss Up,Go for it,Andy Reid,Joe Gibbs,10:05,NA,NA,NA,NA,NA,NA,NA,NA,NA,NA
1170,2007_10_PHI_WAS,2007111107,WAS,PHI,REG,10,PHI,away,WAS,WAS,48,2007-11-11,563,563,2363,Half1,0,5,0,2,1,0,09:23,WAS 48,10,31,(9:23) 29-T.Hunt up the middle to WAS 46 for 2 yards (59-L.Fletcher).,run,2,0,0,0,0,0,0,NA,NA,NA,NA,middle,NA,NA,NA,NA,NA,3,3,0,NA,NA,NA,NA,3,3,6,7,7,6,1,7,6,1,0.12147064507007599,0.08650775253772736,0.001289872219786048,0.13164085149765015,0.2710527181625366,0.003320313524454832,0.3847178518772125,0,0,2.329234782140702,-0.27999672922305763,-3.673048597993329,3.673048597993329,-1.9216804941534065,1.9216804941534065,2.6974818573798984,-2.6974818573798984,NA,NA,0,0,6.008277375949547,-6.008277375949547,-2.214270468102768,2.214270468102768,7.518237088515889,-7.518237088515889,-4.8207552311359905,4.8207552311359905,0.5733470320701599,0.4266529679298401,0.4266529679298401,0.5733470320701599,-0.01802957057952881,-0.007000714540481567,0.007000714540481567,0.4446825385093689,0.5553174614906311,0.5012353658676147,0.49876463413238525,-0.12541359663009644,0.12541359663009644,0.15269018922063515,-0.15269018922063515,NA,NA,0,0,0.11946278427239476,-0.11946278427239476,0.05138497650242435,-0.05138497650242435,0.11946278427239476,-0.11946278427239476,0.03322740494824039,-0.03322740494824039,0,0,0,0,0,0,0,0,0,0,0,0,0,0,0,0,0,0,0,0,0,0,0,0,1,0,0,0,0,0,0,0,1,0,0,0,0,0,0,0,0,0,0,0,0,0,0,0,0,0,0,NA,NA,NA,NA,NA,NA,00-0025477,T.Hunt,2,NA,NA,NA,NA,NA,NA,NA,NA,NA,NA,NA,NA,NA,NA,NA,NA,NA,NA,NA,NA,NA,NA,NA,NA,NA,NA,NA,NA,NA,NA,NA,NA,NA,NA,NA,NA,NA,NA,NA,NA,NA,NA,WAS,NA,00-0005322,NA,L.Fletcher,NA,NA,NA,NA,NA,NA,NA,NA,NA,NA,NA,NA,NA,0,NA,NA,NA,NA,NA,NA,NA,NA,NA,NA,NA,NA,NA,NA,NA,NA,NA,NA,NA,NA,NA,NA,NA,NA,NA,NA,NA,NA,NA,NA,NA,0,NA,NA,NA,NA,0,NA,NA,0,0,0,0,NA,NA,2007,NA,NA,18,0,Punt,1170,"11/11/07, 13:03:13",2007-11-11T18:48:38Z,Commanders Field,"Sunny Temp: 49° F, Humidity: 44%, Wind: 4 SE mph",10012007-1111-07c6-43e9-6366420b400f,0,0,RUSH,0,NA,NA,NA,5,Punt,2007-11-11T18:42:12Z,9,5:31,2,0,0,2,2,0,KICKOFF,PUNT,13:16,07:45,PHI 29,WAS 40,1014,1238,33,25,Home,-8,58,3,37.5,1,outdoors,grass,49,0,Joe Gibbs,Andy Reid,WAS00,FedExField,0,0,NA,NA,T.Hunt,29,NA,NA,0,1,0,0,1,NA,00-0025477,NA,T.Hunt,29,00-0025477,T.Hunt,00-0025477,T.Hunt,00-0025477,0,0,-0.27999672922305763,NA,NA,NA,NA,NA,0.4428883492946625,-44.28883492946625,2007,Go for it,NA,NA,NA,NA,NA,NA,NA,NA,NA,NA,Toss Up,Go for it,Andy Reid,Joe Gibbs,9:23,NA,NA,NA,NA,NA,NA,NA,NA,NA,NA
1192,2007_10_PHI_WAS,2007111107,WAS,PHI,REG,10,PHI,away,WAS,WAS,46,2007-11-11,526,526,2326,Half1,0,5,0,2,2,0,08:46,WAS 46,8,31,"(8:46) 5-D.McNabb pass short right to 36-B.Westbrook to WAS 40 for 6 yards (57-R.Godfrey, 92-D.Evans).",pass,6,0,0,1,0,0,0,short,right,-2,8,NA,NA,NA,NA,NA,NA,3,3,0,NA,NA,NA,NA,3,3,6,7,7,6,1,7,6,1,0.13818608224391937,0.08456840366125107,0.0013409905368462205,0.1448880136013031,0.26980364322662354,0.0036119595170021057,0.3576009273529053,0,0,2.0492380529176444,0.23288447526283562,-3.905933073256165,3.905933073256165,-1.9216804941534065,1.9216804941534065,2.464597382117063,-2.464597382117063,-0.913351267343387,1.1462357426062226,-0.913351267343387,1.1462357426062226,6.921628643292934,-6.921628643292934,-3.3605062107089907,3.3605062107089907,8.431588355859276,-8.431588355859276,-5.966990973742213,5.966990973742213,0.5553174614906311,0.4446825385093689,0.4446825385093689,0.5553174614906311,0.011039316654205322,0.030255109071731567,-0.030255109071731567,0.4336432218551636,0.5663567781448364,0.4942346513271332,0.5057653486728668,-0.12541359663009644,0.12541359663009644,0.14165087256642983,-0.14165087256642983,0,0.011039316654205322,0,0.011039316654205322,0.11946278427239476,-0.11946278427239476,0.04034565984821903,-0.04034565984821903,0.11946278427239476,-0.11946278427239476,0.02218808829403507,-0.02218808829403507,0,0,0,0,0,0,0,0,0,0,0,0,0,0,0,0,0,0,0,0,0,0,0,0,0,0,0,0,0,0,0,0,0,1,0,0,0,0,0,0,0,0,0,0,0,1,1,0,0,0,0,00-0011022,D.McNabb,6,00-0021216,B.Westbrook,6,NA,NA,NA,NA,NA,NA,NA,NA,NA,NA,NA,NA,NA,NA,NA,NA,NA,NA,NA,NA,NA,NA,NA,NA,NA,NA,NA,NA,NA,NA,NA,NA,NA,NA,NA,NA,NA,NA,NA,NA,NA,NA,NA,NA,NA,NA,NA,NA,NA,NA,NA,00-0020055,D.Evans,WAS,NA,NA,NA,NA,NA,NA,NA,NA,NA,1,00-0006063,R.Godfrey,WAS,NA,NA,NA,NA,NA,NA,NA,NA,NA,NA,NA,NA,NA,NA,NA,NA,NA,NA,NA,NA,NA,NA,NA,NA,NA,NA,NA,NA,0,NA,NA,NA,NA,0,NA,NA,0,0,0,0,NA,NA,2007,0.8304989337921143,16.950106620788574,18,0,Punt,1192,"11/11/07, 13:03:13",2007-11-11T18:49:15Z,Commanders Field,"Sunny Temp: 49° F, Humidity: 44%, Wind: 4 SE mph",10012007-1111-07c6-43e9-6366420b400f,0,0,PASS,0,NA,NA,NA,5,Punt,2007-11-11T18:42:12Z,9,5:31,2,0,0,2,2,0,KICKOFF,PUNT,13:16,07:45,PHI 29,WAS 40,1014,1238,33,25,Home,-8,58,3,37.5,1,outdoors,grass,49,0,Joe Gibbs,Andy Reid,WAS00,FedExField,0,1,D.McNabb,5,NA,NA,B.Westbrook,36,1,0,0,0,1,00-0011022,NA,00-0021216,D.McNabb,5,00-0011022,B.Westbrook,00-0021216,B.Westbrook,00-0021216,0,0,0.23288447526283562,1.1506676800695368,8.070400823664386,7,0.5156785551225767,0.3023675981676206,0.6705150604248047,32.94849395751953,2007,Go for it,NA,NA,NA,NA,NA,NA,NA,NA,NA,NA,Toss Up,Go for it,Andy Reid,Joe Gibbs,8:46,NA,NA,NA,NA,NA,NA,NA,NA,NA,NA
1216,2007_10_PHI_WAS,2007111107,WAS,PHI,REG,10,PHI,away,WAS,WAS,40,2007-11-11,477,477,2277,Half1,0,5,0,2,3,0,07:57,WAS 40,2,31,(7:57) 5-D.McNabb pass incomplete short right to 87-B.Celek.,pass,0,0,0,1,0,0,0,short,right,14,NA,NA,NA,NA,NA,NA,NA,3,3,0,NA,NA,NA,NA,3,3,6,7,7,6,1,7,6,1,0.13947981595993042,0.07856737077236176,0.0011094938963651657,0.13151121139526367,0.27157145738601685,0.0036833519116044044,0.37407729029655457,0,0,2.28212252818048,-1.8126874305307865,-2.0932456427253783,2.0932456427253783,-1.9216804941534065,1.9216804941534065,4.277284812647849,-4.277284812647849,1.6542134403716773,-3.466900870902464,0,0,6.921628643292934,-6.921628643292934,-3.3605062107089907,3.3605062107089907,6.777374915487599,-6.777374915487599,-2.5000901028397493,2.5000901028397493,0.5663567781448364,0.4336432218551636,0.4336432218551636,0.5663567781448364,-0.04626697301864624,-0.03950268030166626,0.03950268030166626,0.4799101948738098,0.5200898051261902,0.5244897603988647,0.47551023960113525,-0.12541359663009644,0.12541359663009644,0.18791784558507607,-0.18791784558507607,0,-0.04626697301864624,0,0,0.11946278427239476,-0.11946278427239476,0.04034565984821903,-0.04034565984821903,0.11946278427239476,-0.11946278427239476,0.06845506131268131,-0.06845506131268131,0,0,0,0,0,1,0,0,1,0,0,0,0,0,0,0,0,0,0,0,0,0,0,0,0,0,0,0,0,0,0,0,0,1,0,0,0,0,0,0,0,0,0,0,0,0,0,0,0,0,0,00-0011022,D.McNabb,NA,NA,NA,NA,NA,NA,NA,NA,NA,NA,NA,NA,NA,NA,NA,NA,NA,NA,NA,NA,NA,NA,NA,NA,NA,NA,NA,NA,NA,NA,NA,NA,NA,NA,NA,NA,NA,NA,NA,NA,NA,NA,NA,NA,NA,NA,NA,NA,NA,NA,NA,NA,NA,NA,NA,NA,NA,NA,NA,NA,NA,NA,NA,NA,NA,NA,NA,0,NA,NA,NA,NA,NA,NA,NA,NA,NA,NA,NA,NA,NA,NA,NA,NA,NA,NA,NA,NA,NA,NA,NA,NA,NA,NA,NA,NA,NA,NA,NA,0,NA,NA,NA,NA,0,NA,NA,0,0,0,0,NA,NA,2007,0.5052459836006165,-50.524598360061646,18,0,Punt,1216,"11/11/07, 13:03:13",2007-11-11T18:50:04Z,Commanders Field,"Sunny Temp: 49° F, Humidity: 44%, Wind: 4 SE mph",10012007-1111-07c6-43e9-6366420b400f,0,0,PASS,0,NA,NA,NA,5,Punt,2007-11-11T18:42:12Z,9,5:31,2,0,0,2,2,0,KICKOFF,PUNT,13:16,07:45,PHI 29,WAS 40,1014,1238,33,25,Home,-8,58,3,37.5,1,outdoors,grass,49,0,Joe Gibbs,Andy Reid,WAS00,FedExField,0,0,D.McNabb,5,NA,NA,B.Celek,87,1,0,0,0,1,00-0011022,NA,00-0025549,D.McNabb,5,00-0011022,NA,NA,B.Celek,00-0025549,0,0,-1.8126874305307865,0.27985078476740255,3.783862740325276,2,1,1,0.6349161863327026,36.508381366729736,2007,Go for it,NA,NA,NA,NA,NA,NA,NA,NA,NA,NA,Toss Up,Go for it,Andy Reid,Joe Gibbs,7:57,NA,NA,NA,NA,NA,NA,NA,NA,NA,NA
1238,2007_10_PHI_WAS,2007111107,WAS,PHI,REG,10,PHI,away,WAS,WAS,40,2007-11-11,472,472,2272,Half1,0,5,0,2,4,0,07:52,WAS 40,2,31,"(7:52) 6-S.Rocca punts 32 yards to WAS 8, Center-46-J.Dorenbos, fair catch by 82-A.Randle El.",punt,0,0,0,0,0,0,0,NA,NA,NA,NA,NA,NA,NA,32,NA,NA,3,3,0,NA,NA,NA,NA,3,3,6,7,7,6,1,7,6,1,0.1899559199810028,0.1322789490222931,0.0015620565973222256,0.224840447306633,0.17047119140625,0.006874850485473871,0.2740165591239929,0,0,0.4694350976496935,-0.4620722949039191,-1.6311733478214592,1.6311733478214592,-1.9216804941534065,1.9216804941534065,4.277284812647849,-4.277284812647849,NA,NA,0,0,6.921628643292934,-6.921628643292934,-3.3605062107089907,3.3605062107089907,6.777374915487599,-6.777374915487599,-2.5000901028397493,2.5000901028397493,0.5200898051261902,0.4799101948738098,0.4799101948738098,0.5200898051261902,-0.07273823022842407,-0.02742159366607666,0.02742159366607666,0.5526484251022339,0.4473515748977661,0.4849870800971985,0.5150129199028015,-0.12541359663009644,0.12541359663009644,0.18791784558507607,-0.18791784558507607,NA,NA,0,0,0.11946278427239476,-0.11946278427239476,0.04034565984821903,-0.04034565984821903,0.11946278427239476,-0.11946278427239476,0.06845506131268131,-0.06845506131268131,0,0,0,0,0,0,0,0,0,0,0,1,0,0,0,1,0,0,0,0,0,0,0,0,0,0,0,0,0,0,0,0,0,0,0,0,0,0,0,0,0,0,0,1,0,0,0,0,0,0,0,NA,NA,NA,NA,NA,NA,NA,NA,NA,NA,NA,NA,NA,NA,NA,NA,NA,NA,NA,NA,NA,00-0021190,A.Randle El,NA,NA,NA,NA,NA,NA,00-0024515,S.Rocca,NA,NA,NA,NA,NA,NA,NA,NA,NA,NA,NA,NA,NA,NA,NA,NA,NA,NA,NA,NA,NA,NA,NA,NA,NA,NA,NA,NA,NA,NA,NA,NA,NA,NA,NA,NA,NA,NA,0,NA,NA,NA,NA,NA,NA,NA,NA,NA,NA,NA,NA,NA,NA,NA,NA,NA,NA,NA,NA,NA,NA,NA,NA,NA,NA,NA,NA,NA,NA,WAS,0,NA,NA,NA,NA,0,NA,NA,0,0,0,0,NA,NA,2007,NA,NA,18,0,Punt,1238,"11/11/07, 13:03:13",2007-11-11T18:50:38Z,Commanders Field,"Sunny Temp: 49° F, Humidity: 44%, Wind: 4 SE mph",10012007-1111-07c6-43e9-6366420b400f,0,0,PUNT,1,NA,NA,NA,5,Punt,2007-11-11T18:42:12Z,9,5:31,2,0,0,2,2,0,KICKOFF,PUNT,13:16,07:45,PHI 29,WAS 40,1014,1238,33,25,Home,-8,58,3,37.5,1,outdoors,grass,49,0,Joe Gibbs,Andy Reid,WAS00,FedExField,0,0,NA,NA,NA,NA,NA,NA,0,0,0,1,0,NA,NA,NA,NA,NA,NA,NA,NA,NA,NA,0,0,-0.4620722949039191,NA,NA,NA,NA,NA,NA,NA,2007,Punt,NA,0.3896379310572229,0.8998197962244727,NA,NA,NA,0.8963623866438866,0.9506034967489541,NA,0.9200272368772148,Punt,Punt,Andy Reid,Joe Gibbs,7:52,NA,NA,NA,39,90,NA,92,NA,95,90
1261,2007_10_PHI_WAS,2007111107,WAS,PHI,REG,10,WAS,home,PHI,WAS,92,2007-11-11,465,465,2265,Half1,0,6,0,2,1,0,07:45,WAS 8,10,92,(7:45) 26-C.Portis right tackle to WAS 10 for 2 yards (51-T.Spikes).,run,2,0,0,0,0,0,0,NA,NA,NA,NA,right,tackle,NA,NA,NA,NA,3,3,0,NA,NA,NA,NA,3,3,6,7,6,7,-1,6,7,-1,0.21931575238704681,0.15511460602283478,0.01337913516908884,0.2304304987192154,0.14218801259994507,0.0011630862718448043,0.23840893805027008,0,0,-0.007362802745774388,-0.4546709512360394,-2.0858442990574986,2.0858442990574986,-2.376351445389446,2.376351445389446,4.277284812647849,-4.277284812647849,NA,NA,0,0,6.921628643292934,-6.921628643292934,-3.3605062107089907,3.3605062107089907,6.777374915487599,-6.777374915487599,-2.5000901028397493,2.5000901028397493,0.5526484251022339,0.4473515748977661,0.5526484251022339,0.4473515748977661,-0.010034739971160889,-0.013682305812835693,-0.013682305812835693,0.542613685131073,0.457386314868927,0.5424345135688782,0.5424345135688782,-0.13544833660125732,0.13544833660125732,0.18791784558507607,-0.18791784558507607,NA,NA,0,0,0.11946278427239476,-0.11946278427239476,0.04034565984821903,-0.04034565984821903,0.11946278427239476,-0.11946278427239476,0.06845506131268131,-0.06845506131268131,0,0,0,0,0,0,0,0,0,0,0,0,0,0,0,0,0,0,0,0,0,0,0,0,1,0,0,0,0,0,0,0,1,0,0,0,0,0,0,0,0,0,0,0,0,0,0,0,0,0,0,NA,NA,NA,NA,NA,NA,00-0021179,C.Portis,2,NA,NA,NA,NA,NA,NA,NA,NA,NA,NA,NA,NA,NA,NA,NA,NA,NA,NA,NA,NA,NA,NA,NA,NA,NA,NA,NA,NA,NA,NA,NA,NA,NA,NA,NA,NA,NA,NA,NA,NA,NA,NA,PHI,NA,00-0015474,NA,T.Spikes,NA,NA,NA,NA,NA,NA,NA,NA,NA,NA,NA,NA,NA,0,NA,NA,NA,NA,NA,NA,NA,NA,NA,NA,NA,NA,NA,NA,NA,NA,NA,NA,NA,NA,NA,NA,NA,NA,NA,NA,NA,NA,NA,NA,NA,0,NA,NA,NA,NA,0,NA,NA,0,0,0,0,NA,NA,2007,NA,NA,19,1,First down,1261,"11/11/07, 13:03:13",2007-11-11T18:53:03Z,Commanders Field,"Sunny Temp: 49° F, Humidity: 44%, Wind: 4 SE mph",10012007-1111-07c6-43e9-6366420b400f,0,0,RUSH,0,NA,NA,NA,6,Touchdown,2007-11-11T18:53:03Z,10,4:40,4,1,1,2,2,-5,PUNT,TOUCHDOWN,07:45,03:05,WAS 8,PHI 12,1261,1533,33,25,Home,-8,58,3,37.5,1,outdoors,grass,49,0,Joe Gibbs,Andy Reid,WAS00,FedExField,0,0,NA,NA,C.Portis,26,NA,NA,0,1,0,0,1,NA,00-0021179,NA,C.Portis,26,00-0021179,C.Portis,00-0021179,C.Portis,00-0021179,0,0,-0.4546709512360394,NA,NA,NA,NA,NA,0.33986425399780273,-33.98642539978027,2007,Go for it,NA,NA,NA,NA,NA,NA,NA,NA,NA,NA,Toss Up,Go for it,Andy Reid,Joe Gibbs,7:45,NA,NA,NA,NA,NA,NA,NA,NA,NA,NA
1283,2007_10_PHI_WAS,2007111107,WAS,PHI,REG,10,WAS,home,PHI,WAS,90,2007-11-11,428,428,2228,Half1,0,6,0,2,2,0,07:08,WAS 10,8,92,(7:08) 26-C.Portis left tackle to WAS 15 for 5 yards (98-M.Patterson).,run,5,0,0,0,0,0,0,NA,NA,NA,NA,left,tackle,NA,NA,NA,NA,3,3,0,NA,NA,NA,NA,3,3,6,7,6,7,-1,6,7,-1,0.23668277263641357,0.18164516985416412,0.01059726718813181,0.24132798612117767,0.12665955722332,0.0016395134152844548,0.20144778490066528,0,0,-0.4620337539818138,-0.004582761554047465,-2.090427060611546,2.090427060611546,-2.3809342069434933,2.3809342069434933,4.277284812647849,-4.277284812647849,NA,NA,0,0,6.921628643292934,-6.921628643292934,-3.3605062107089907,3.3605062107089907,6.777374915487599,-6.777374915487599,-2.5000901028397493,2.5000901028397493,0.542613685131073,0.457386314868927,0.542613685131073,0.457386314868927,0.008094847202301025,0.00854569673538208,0.00854569673538208,0.550708532333374,0.449291467666626,0.5287522077560425,0.5287522077560425,-0.1273534893989563,0.1273534893989563,0.18791784558507607,-0.18791784558507607,NA,NA,0,0,0.11946278427239476,-0.11946278427239476,0.04034565984821903,-0.04034565984821903,0.11946278427239476,-0.11946278427239476,0.06845506131268131,-0.06845506131268131,0,0,0,0,0,0,0,0,0,0,0,0,0,0,0,0,0,0,0,0,0,0,0,0,1,0,0,0,0,0,0,0,1,0,0,0,0,0,0,0,0,0,0,0,0,0,0,0,0,0,0,NA,NA,NA,NA,NA,NA,00-0021179,C.Portis,5,NA,NA,NA,NA,NA,NA,NA,NA,NA,NA,NA,NA,NA,NA,NA,NA,NA,NA,NA,NA,NA,NA,NA,NA,NA,NA,NA,NA,NA,NA,NA,NA,NA,NA,NA,NA,NA,NA,NA,NA,NA,NA,PHI,NA,00-0023466,NA,M.Patterson,NA,NA,NA,NA,NA,NA,NA,NA,NA,NA,NA,NA,NA,0,NA,NA,NA,NA,NA,NA,NA,NA,NA,NA,NA,NA,NA,NA,NA,NA,NA,NA,NA,NA,NA,NA,NA,NA,NA,NA,NA,NA,NA,NA,NA,0,NA,NA,NA,NA,0,NA,NA,0,0,0,0,NA,NA,2007,NA,NA,19,1,First down,1283,"11/11/07, 13:03:13",2007-11-11T18:53:41Z,Commanders Field,"Sunny Temp: 49° F, Humidity: 44%, Wind: 4 SE mph",10012007-1111-07c6-43e9-6366420b400f,0,0,RUSH,0,NA,NA,NA,6,Touchdown,2007-11-11T18:53:03Z,10,4:40,4,1,1,2,2,-5,PUNT,TOUCHDOWN,07:45,03:05,WAS 8,PHI 12,1261,1533,33,25,Home,-8,58,3,37.5,1,outdoors,grass,49,0,Joe Gibbs,Andy Reid,WAS00,FedExField,0,0,NA,NA,C.Portis,26,NA,NA,0,1,0,0,1,NA,00-0021179,NA,C.Portis,26,00-0021179,C.Portis,00-0021179,C.Portis,00-0021179,0,0,-0.004582761554047465,NA,NA,NA,NA,NA,0.6239885091781616,-62.39885091781616,2007,Go for it,NA,NA,NA,NA,NA,NA,NA,NA,NA,NA,Toss Up,Go for it,Andy Reid,Joe Gibbs,7:08,NA,NA,NA,NA,NA,NA,NA,NA,NA,NA
1305,2007_10_PHI_WAS,2007111107,WAS,PHI,REG,10,WAS,home,PHI,WAS,85,2007-11-11,386,386,2186,Half1,0,6,0,2,3,0,06:26,WAS 15,3,92,(6:26) 17-J.Campbell pass deep left to 83-J.Thrash pushed ob at WAS 46 for 31 yards (20-B.Dawkins).,pass,31,0,0,1,0,0,0,deep,left,25,6,NA,NA,NA,NA,NA,NA,3,3,0,NA,NA,NA,NA,3,3,6,7,6,7,-1,6,7,-1,0.25060245394706726,0.18707171082496643,0.004227144178003073,0.23422065377235413,0.1283259093761444,0.002249050186946988,0.19330309331417084,0,0,-0.46661651553586125,2.5839396349620074,0.49351257435046136,-0.49351257435046136,-2.3809342069434933,2.3809342069434933,6.861224447609857,-6.861224447609857,2.4223883154336363,0.1615513195283711,2.4223883154336363,0.1615513195283711,9.34401695872657,-9.34401695872657,-3.1989548911806196,3.1989548911806196,9.199763230921235,-9.199763230921235,-2.338538783311378,2.338538783311378,0.550708532333374,0.449291467666626,0.550708532333374,0.449291467666626,0.06404668092727661,0.05740076303482056,0.05740076303482056,0.6147552132606506,0.38524478673934937,0.5372979044914246,0.5372979044914246,-0.1273534893989563,0.1273534893989563,0.2519645265123527,-0.2519645265123527,0,0.06404668092727661,0,0.06404668092727661,0.11946278427239476,-0.11946278427239476,0.10439234077549564,-0.10439234077549564,0.11946278427239476,-0.11946278427239476,0.13250174223995792,-0.13250174223995792,0,0,1,0,1,0,0,0,0,0,0,0,0,0,0,0,0,0,0,0,0,0,0,0,1,0,0,0,0,0,0,0,0,1,0,0,0,0,0,0,0,0,0,0,0,1,0,0,0,0,0,00-0023460,J.Campbell,31,00-0016440,J.Thrash,31,NA,NA,NA,NA,NA,NA,NA,NA,NA,NA,NA,NA,NA,NA,NA,NA,NA,NA,NA,NA,NA,NA,NA,NA,NA,NA,NA,NA,NA,NA,NA,NA,NA,NA,NA,NA,NA,NA,NA,NA,NA,NA,NA,NA,NA,PHI,NA,00-0004073,NA,B.Dawkins,NA,NA,NA,NA,NA,NA,NA,NA,NA,NA,NA,NA,NA,0,NA,NA,NA,NA,NA,NA,NA,NA,NA,NA,NA,NA,NA,NA,NA,NA,NA,NA,NA,NA,NA,NA,NA,NA,NA,NA,NA,NA,NA,NA,NA,0,NA,NA,NA,NA,0,NA,NA,0,0,0,0,NA,NA,2007,0.35559776425361633,64.44022357463837,19,1,First down,1305,"11/11/07, 13:03:13",2007-11-11T18:54:23Z,Commanders Field,"Sunny Temp: 49° F, Humidity: 44%, Wind: 4 SE mph",10012007-1111-07c6-43e9-6366420b400f,0,0,PASS,0,NA,NA,NA,6,Touchdown,2007-11-11T18:53:03Z,10,4:40,4,1,1,2,2,-5,PUNT,TOUCHDOWN,07:45,03:05,WAS 8,PHI 12,1261,1533,33,25,Home,-8,58,3,37.5,1,outdoors,grass,49,0,Joe Gibbs,Andy Reid,WAS00,FedExField,0,1,J.Campbell,17,NA,NA,J.Thrash,83,1,0,1,0,1,00-0023460,NA,00-0016440,J.Campbell,17,00-0023460,J.Thrash,00-0016440,J.Thrash,00-0016440,1,0,2.5839396349620074,0.5899723401223373,8.483390275127022,4,1,1,0.8828940987586975,11.710590124130249,2007,Go for it,NA,NA,NA,NA,NA,NA,NA,NA,NA,NA,Toss Up,Go for it,Andy Reid,Joe Gibbs,6:26,NA,NA,NA,NA,NA,NA,NA,NA,NA,NA
1329,2007_10_PHI_WAS,2007111107,WAS,PHI,REG,10,NA,NA,NA,NA,NA,2007-11-11,352,352,2152,Half1,0,6,0,2,NA,0,05:52,WAS 46,0,92,Timeout #1 by WAS at 05:52.,no_play,0,0,0,0,0,0,0,NA,NA,NA,NA,NA,NA,NA,NA,NA,NA,2,3,1,WAS,NA,NA,NA,NA,NA,6,7,NA,NA,NA,NA,NA,NA,0,0,0,0,0,0,0,0,0,2.117323119426146,0,0.49351257435046136,-0.49351257435046136,-2.3809342069434933,2.3809342069434933,6.861224447609857,-6.861224447609857,NA,NA,0,0,9.34401695872657,-9.34401695872657,-3.1989548911806196,3.1989548911806196,9.199763230921235,-9.199763230921235,-2.338538783311378,2.338538783311378,0.6147552132606506,0.38524478673934937,0.6147552132606506,0.38524478673934937,0,0,0,NA,NA,0.5946986675262451,0.5946986675262451,-0.1273534893989563,0.1273534893989563,0.2519645265123527,-0.2519645265123527,NA,NA,0,0,0.11946278427239476,-0.11946278427239476,0.10439234077549564,-0.10439234077549564,0.11946278427239476,-0.11946278427239476,0.13250174223995792,-0.13250174223995792,0,0,0,0,0,0,0,0,0,0,0,0,0,0,0,0,0,0,0,0,0,0,0,0,0,0,0,0,0,0,0,0,0,0,0,0,0,0,0,0,0,0,0,0,0,0,0,0,0,0,0,NA,NA,NA,NA,NA,NA,NA,NA,NA,NA,NA,NA,NA,NA,NA,NA,NA,NA,NA,NA,NA,NA,NA,NA,NA,NA,NA,NA,NA,NA,NA,NA,NA,NA,NA,NA,NA,NA,NA,NA,NA,NA,NA,NA,NA,NA,NA,NA,NA,NA,NA,NA,NA,NA,NA,NA,NA,NA,NA,NA,NA,NA,NA,NA,NA,NA,NA,NA,NA,0,NA,NA,NA,NA,NA,NA,NA,NA,NA,NA,NA,NA,NA,NA,NA,NA,NA,NA,NA,NA,NA,NA,NA,NA,NA,NA,NA,NA,NA,NA,NA,0,NA,NA,NA,NA,0,NA,NA,0,0,0,0,NA,NA,2007,NA,NA,20,1,First down,1329,"11/11/07, 13:03:13",2007-11-11T18:55:18Z,Commanders Field,"Sunny Temp: 49° F, Humidity: 44%, Wind: 4 SE mph",10012007-1111-07c6-43e9-6366420b400f,0,0,TIMEOUT,0,NA,NA,NA,6,Touchdown,2007-11-11T18:53:03Z,10,4:40,4,1,1,2,2,-5,PUNT,TOUCHDOWN,07:45,03:05,WAS 8,PHI 12,1261,1533,33,25,Home,-8,58,3,37.5,1,outdoors,grass,49,0,Joe Gibbs,Andy Reid,WAS00,FedExField,0,0,NA,NA,NA,NA,NA,NA,0,0,0,0,0,NA,NA,NA,NA,NA,NA,NA,NA,NA,NA,0,0,0,NA,NA,NA,NA,NA,NA,NA,2007,Other,NA,NA,NA,NA,NA,NA,NA,NA,NA,NA,Toss Up,Other (Penalty),Andy Reid,Joe Gibbs,5:52,NA,NA,NA,NA,NA,NA,NA,NA,NA,NA
1346,2007_10_PHI_WAS,2007111107,WAS,PHI,REG,10,WAS,home,PHI,WAS,54,2007-11-11,352,352,2152,Half1,0,6,0,2,1,0,05:52,WAS 46,10,92,"(5:52) PENALTY on WAS-71-T.Wade, False Start, 5 yards, enforced at WAS 46 - No Play.",no_play,0,0,0,0,0,0,0,NA,NA,NA,NA,NA,NA,NA,NA,NA,NA,2,3,0,NA,NA,NA,NA,2,3,6,7,6,7,-1,6,7,-1,0.25931763648986816,0.067165806889534,0.0010980003280565143,0.1059785932302475,0.21795420348644257,0.006079251877963543,0.3424065113067627,0,0,2.117323119426146,-0.6759141758084297,-0.18240160145796835,0.18240160145796835,-2.3809342069434933,2.3809342069434933,6.861224447609857,-6.861224447609857,NA,NA,0,0,9.34401695872657,-9.34401695872657,-3.1989548911806196,3.1989548911806196,9.199763230921235,-9.199763230921235,-2.338538783311378,2.338538783311378,0.6147552132606506,0.38524478673934937,0.6147552132606506,0.38524478673934937,-0.012261688709259033,-0.014275014400482178,-0.014275014400482178,NA,NA,0.5946986675262451,0.5946986675262451,-0.1273534893989563,0.1273534893989563,0.2519645265123527,-0.2519645265123527,NA,NA,0,0,0.11946278427239476,-0.11946278427239476,0.10439234077549564,-0.10439234077549564,0.11946278427239476,-0.11946278427239476,0.13250174223995792,-0.13250174223995792,0,0,0,0,0,0,0,0,0,0,0,0,0,0,0,0,0,0,0,0,0,0,0,0,0,0,1,0,0,0,0,0,0,0,0,0,0,0,0,0,0,0,0,0,0,0,0,0,0,0,0,NA,NA,NA,NA,NA,NA,NA,NA,NA,NA,NA,NA,NA,NA,NA,NA,NA,NA,NA,NA,NA,NA,NA,NA,NA,NA,NA,NA,NA,NA,NA,NA,NA,NA,NA,NA,NA,NA,NA,NA,NA,NA,NA,NA,NA,NA,NA,NA,NA,NA,NA,NA,NA,NA,NA,NA,NA,NA,NA,NA,NA,NA,NA,NA,NA,NA,NA,NA,NA,0,NA,NA,NA,NA,NA,NA,NA,NA,NA,NA,NA,NA,NA,NA,NA,NA,NA,NA,NA,NA,NA,NA,NA,NA,NA,NA,NA,NA,NA,NA,NA,0,WAS,00-0019705,T.Wade,5,0,NA,False Start,0,0,0,0,NA,NA,2007,NA,NA,20,1,First down,1346,"11/11/07, 13:03:13",2007-11-11T18:57:33Z,Commanders Field,"Sunny Temp: 49° F, Humidity: 44%, Wind: 4 SE mph",10012007-1111-07c6-43e9-6366420b400f,0,0,PENALTY,0,NA,NA,NA,6,Touchdown,2007-11-11T18:53:03Z,10,4:40,4,1,1,2,2,-5,PUNT,TOUCHDOWN,07:45,03:05,WAS 8,PHI 12,1261,1533,33,25,Home,-8,58,3,37.5,1,outdoors,grass,49,0,Joe Gibbs,Andy Reid,WAS00,FedExField,0,0,NA,NA,NA,NA,NA,NA,0,0,0,0,1,NA,NA,NA,NA,NA,NA,NA,NA,NA,NA,0,0,-0.6759141758084297,NA,NA,NA,NA,NA,0.4823426306247711,NA,2007,Other,NA,NA,NA,NA,NA,NA,NA,NA,NA,NA,Toss Up,Other (Penalty),Andy Reid,Joe Gibbs,5:52,NA,NA,NA,NA,NA,NA,NA,NA,NA,NA
1369,2007_10_PHI_WAS,2007111107,WAS,PHI,REG,10,WAS,home,PHI,WAS,59,2007-11-11,352,352,2152,Half1,0,6,0,2,1,0,05:52,WAS 41,15,92,"(5:52) 26-C.Portis right tackle to WAS 47 for 6 yards (96-O.Gaither, 51-T.Spikes).",run,6,0,0,0,0,0,0,NA,NA,NA,NA,right,tackle,NA,NA,NA,NA,2,3,0,NA,NA,NA,NA,2,3,6,7,6,7,-1,6,7,-1,0.28586432337760925,0.08430926501750946,0.0016152419848367572,0.13091742992401123,0.20750436186790466,0.007409899495542049,0.28237947821617126,0,0,1.4414089436177164,0.17964666755869985,-0.002754933899268508,0.002754933899268508,-2.2012875393847935,2.2012875393847935,6.861224447609857,-6.861224447609857,NA,NA,0,0,9.34401695872657,-9.34401695872657,-3.1989548911806196,3.1989548911806196,9.199763230921235,-9.199763230921235,-2.338538783311378,2.338538783311378,0.6024935245513916,0.3975064754486084,0.6024935245513916,0.3975064754486084,-0.003839552402496338,6.702542304992676e-4,6.702542304992676e-4,0.5986539721488953,0.40134602785110474,0.5804236531257629,0.5804236531257629,-0.13119304180145264,0.13119304180145264,0.2519645265123527,-0.2519645265123527,NA,NA,0,0,0.11946278427239476,-0.11946278427239476,0.10439234077549564,-0.10439234077549564,0.11946278427239476,-0.11946278427239476,0.13250174223995792,-0.13250174223995792,0,0,0,0,0,0,0,0,0,0,0,0,0,0,0,0,0,0,0,0,0,0,0,0,0,0,0,0,0,0,0,0,1,0,0,0,0,0,0,0,0,0,0,0,0,0,1,0,0,0,0,NA,NA,NA,NA,NA,NA,00-0021179,C.Portis,6,NA,NA,NA,NA,NA,NA,NA,NA,NA,NA,NA,NA,NA,NA,NA,NA,NA,NA,NA,NA,NA,NA,NA,NA,NA,NA,NA,NA,NA,NA,NA,NA,NA,NA,NA,NA,NA,NA,NA,NA,NA,NA,NA,NA,NA,NA,NA,NA,00-0015474,T.Spikes,PHI,NA,NA,NA,NA,NA,NA,NA,NA,NA,1,00-0024382,O.Gaither,PHI,NA,NA,NA,NA,NA,NA,NA,NA,NA,NA,NA,NA,NA,NA,NA,NA,NA,NA,NA,NA,NA,NA,NA,NA,NA,NA,NA,NA,0,NA,NA,NA,NA,0,NA,NA,0,0,0,0,NA,NA,2007,NA,NA,20,1,First down,1369,"11/11/07, 13:03:13",2007-11-11T18:58:11Z,Commanders Field,"Sunny Temp: 49° F, Humidity: 44%, Wind: 4 SE mph",10012007-1111-07c6-43e9-6366420b400f,0,0,RUSH,0,NA,NA,NA,6,Touchdown,2007-11-11T18:53:03Z,10,4:40,4,1,1,2,2,-5,PUNT,TOUCHDOWN,07:45,03:05,WAS 8,PHI 12,1261,1533,33,25,Home,-8,58,3,37.5,1,outdoors,grass,49,0,Joe Gibbs,Andy Reid,WAS00,FedExField,0,1,NA,NA,C.Portis,26,NA,NA,0,1,0,0,1,NA,00-0021179,NA,C.Portis,26,00-0021179,C.Portis,00-0021179,C.Portis,00-0021179,0,0,0.17964666755869985,NA,NA,NA,NA,NA,0.6211619973182678,-62.11619973182678,2007,Go for it,NA,NA,NA,NA,NA,NA,NA,NA,NA,NA,Toss Up,Go for it,Andy Reid,Joe Gibbs,5:52,NA,NA,NA,NA,NA,NA,NA,NA,NA,NA
1391,2007_10_PHI_WAS,2007111107,WAS,PHI,REG,10,WAS,home,PHI,WAS,53,2007-11-11,321,321,2121,Half1,0,6,0,2,2,0,05:21,WAS 47,9,92,(5:21) (Shotgun) 17-J.Campbell pass short right to 80-K.McCardell to PHI 46 for 7 yards (26-L.Sheppard).,pass,7,1,0,1,0,0,0,short,right,6,1,NA,NA,NA,NA,NA,NA,2,3,0,NA,NA,NA,NA,2,3,6,7,6,7,-1,6,7,-1,0.28298529982566833,0.07272070646286011,0.0011245269561186433,0.12486224621534348,0.21953170001506805,0.006904225796461105,0.2918712794780731,0,0,1.6210556111764163,0.3984814713476226,0.39572653744835407,-0.39572653744835407,-2.2012875393847935,2.2012875393847935,7.259705918957479,-7.259705918957479,0.25693130283616483,0.14155016851145774,0.25693130283616483,0.14155016851145774,9.600948261562735,-9.600948261562735,-3.057404722669162,3.057404722669162,9.4566945337574,-9.4566945337574,-2.1969886147999205,2.1969886147999205,0.5986539721488953,0.40134602785110474,0.5986539721488953,0.40134602785110474,0.022288978099822998,0.006724417209625244,0.006724417209625244,0.6209429502487183,0.37905704975128174,0.5810939073562622,0.5810939073562622,-0.13119304180145264,0.13119304180145264,0.2742535046121757,-0.2742535046121757,0,0.022288978099822998,0,0.022288978099822998,0.11946278427239476,-0.11946278427239476,0.12668131887531864,-0.12668131887531864,0.11946278427239476,-0.11946278427239476,0.15479072033978092,-0.15479072033978092,0,0,0,0,0,0,0,0,0,0,0,0,0,0,0,0,0,0,0,0,0,0,0,0,1,0,0,0,0,0,0,0,0,1,0,0,0,0,0,0,0,0,0,0,0,1,0,0,0,0,0,00-0023460,J.Campbell,7,00-0010668,K.McCardell,7,NA,NA,NA,NA,NA,NA,NA,NA,NA,NA,NA,NA,NA,NA,NA,NA,NA,NA,NA,NA,NA,NA,NA,NA,NA,NA,NA,NA,NA,NA,NA,NA,NA,NA,NA,NA,NA,NA,NA,NA,NA,NA,NA,NA,NA,PHI,NA,00-0021157,NA,L.Sheppard,NA,NA,NA,NA,NA,NA,NA,NA,NA,NA,NA,NA,NA,0,NA,NA,NA,NA,NA,NA,NA,NA,NA,NA,NA,NA,NA,NA,NA,NA,NA,NA,NA,NA,NA,NA,NA,NA,NA,NA,NA,NA,NA,NA,NA,0,NA,NA,NA,NA,0,NA,NA,0,0,0,0,NA,NA,2007,0.7097758054733276,29.022419452667236,20,1,First down,1391,"11/11/07, 13:03:13",2007-11-11T18:58:43Z,Commanders Field,"Sunny Temp: 49° F, Humidity: 44%, Wind: 4 SE mph",10012007-1111-07c6-43e9-6366420b400f,0,0,PASS,0,NA,NA,NA,6,Touchdown,2007-11-11T18:53:03Z,10,4:40,4,1,1,2,2,-5,PUNT,TOUCHDOWN,07:45,03:05,WAS 8,PHI 12,1261,1533,33,25,Home,-8,58,3,37.5,1,outdoors,grass,49,0,Joe Gibbs,Andy Reid,WAS00,FedExField,0,1,J.Campbell,17,NA,NA,K.McCardell,80,1,0,0,0,1,00-0023460,NA,00-0010668,J.Campbell,17,00-0023460,K.McCardell,00-0010668,K.McCardell,00-0010668,0,0,0.3984814713476226,0.6029643289066534,3.5769065227359533,2,0.9951284548733383,0.3944310175720602,0.7160261273384094,28.397387266159058,2007,Go for it,NA,NA,NA,NA,NA,NA,NA,NA,NA,NA,Toss Up,Go for it,Andy Reid,Joe Gibbs,5:21,NA,NA,NA,NA,NA,NA,NA,NA,NA,NA
1415,2007_10_PHI_WAS,2007111107,WAS,PHI,REG,10,WAS,home,PHI,PHI,46,2007-11-11,293,293,2093,Half1,0,6,0,2,3,0,04:53,PHI 46,2,92,(4:53) (Shotgun) 17-J.Campbell pass short right to 82-A.Randle El to PHI 42 for 4 yards (26-L.Sheppard).,pass,4,1,0,1,0,0,0,short,right,4,0,NA,NA,NA,NA,NA,NA,2,3,0,NA,NA,NA,NA,2,3,6,7,6,7,-1,6,7,-1,0.29015448689460754,0.06497170776128769,4.4322729809209704e-4,0.10408828407526016,0.20074781775474548,0.007089662365615368,0.33250483870506287,0,0,2.019537082524039,0.801171682018321,1.196898219466675,-1.196898219466675,-2.2012875393847935,2.2012875393847935,8.0608776009758,-8.0608776009758,0.801171682018321,0,0.801171682018321,0,10.402119943581056,-10.402119943581056,-3.057404722669162,3.057404722669162,10.25786621577572,-10.25786621577572,-2.1969886147999205,2.1969886147999205,0.6209429502487183,0.37905704975128174,0.6209429502487183,0.37905704975128174,0.021479010581970215,0.02763998508453369,0.02763998508453369,0.6424219608306885,0.3575780391693115,0.5878183245658875,0.5878183245658875,-0.13119304180145264,0.13119304180145264,0.2957325151941459,-0.2957325151941459,0.021479010581970215,0,0.021479010581970215,0,0.14094179485436498,-0.14094179485436498,0.12668131887531864,-0.12668131887531864,0.14094179485436498,-0.14094179485436498,0.15479072033978092,-0.15479072033978092,0,0,1,0,1,0,0,0,0,0,0,0,0,0,0,0,0,0,0,0,0,0,0,0,1,0,0,0,0,0,0,0,0,1,0,0,0,0,0,0,0,0,0,0,0,1,0,0,0,0,0,00-0023460,J.Campbell,4,00-0021190,A.Randle El,4,NA,NA,NA,NA,NA,NA,NA,NA,NA,NA,NA,NA,NA,NA,NA,NA,NA,NA,NA,NA,NA,NA,NA,NA,NA,NA,NA,NA,NA,NA,NA,NA,NA,NA,NA,NA,NA,NA,NA,NA,NA,NA,NA,NA,NA,PHI,NA,00-0021157,NA,L.Sheppard,NA,NA,NA,NA,NA,NA,NA,NA,NA,NA,NA,NA,NA,0,NA,NA,NA,NA,NA,NA,NA,NA,NA,NA,NA,NA,NA,NA,NA,NA,NA,NA,NA,NA,NA,NA,NA,NA,NA,NA,NA,NA,NA,NA,NA,0,NA,NA,NA,NA,0,NA,NA,0,0,0,0,NA,NA,2007,0.6937335133552551,30.626648664474487,20,1,First down,1415,"11/11/07, 13:03:13",2007-11-11T18:59:11Z,Commanders Field,"Sunny Temp: 49° F, Humidity: 44%, Wind: 4 SE mph",10012007-1111-07c6-43e9-6366420b400f,0,0,PASS,0,NA,NA,NA,6,Touchdown,2007-11-11T18:53:03Z,10,4:40,4,1,1,2,2,-5,PUNT,TOUCHDOWN,07:45,03:05,WAS 8,PHI 12,1261,1533,33,25,Home,-8,58,3,37.5,1,outdoors,grass,49,0,Joe Gibbs,Andy Reid,WAS00,FedExField,0,1,J.Campbell,17,NA,NA,A.Randle,82,1,0,1,0,1,00-0023460,NA,00-0021190,J.Campbell,17,00-0023460,A.Randle El,00-0021190,A.Randle,00-0021190,0,0,0.801171682018321,0.32821073694839664,4.105734473792836,2,0.9979791886871681,0.9979791886871681,0.6498851776123047,35.01148223876953,2007,Go for it,NA,NA,NA,NA,NA,NA,NA,NA,NA,NA,Toss Up,Go for it,Andy Reid,Joe Gibbs,4:53,NA,NA,NA,NA,NA,NA,NA,NA,NA,NA
1439,2007_10_PHI_WAS,2007111107,WAS,PHI,REG,10,WAS,home,PHI,PHI,42,2007-11-11,265,265,2065,Half1,0,6,0,2,1,0,04:25,PHI 42,10,92,"(4:25) (No Huddle, Shotgun) 17-J.Campbell pass incomplete deep left to 85-B.Lloyd.",pass,0,1,1,1,0,0,0,deep,left,17,NA,NA,NA,NA,NA,NA,NA,2,3,0,NA,NA,NA,NA,2,3,6,7,6,7,-1,6,7,-1,0.26137930154800415,0.046379443258047104,3.4081804915331304e-4,0.06488301604986191,0.23638024926185608,0.005778166931122541,0.38485896587371826,0,0,2.82070876454236,-0.41954273759620264,0.7773554818704724,-0.7773554818704724,-2.2012875393847935,2.2012875393847935,7.641334863379598,-7.641334863379598,1.0851906669558957,-1.5047334045520984,0,0,10.402119943581056,-10.402119943581056,-3.057404722669162,3.057404722669162,11.343056882731616,-11.343056882731616,-3.701722019352019,3.701722019352019,0.6424219608306885,0.3575780391693115,0.6424219608306885,0.3575780391693115,-0.01564699411392212,-0.03452777862548828,-0.03452777862548828,0.6267749667167664,0.37322503328323364,0.6154583096504211,0.6154583096504211,-0.13119304180145264,0.13119304180145264,0.2800855210802238,-0.2800855210802238,0,-0.01564699411392212,0,0,0.14094179485436498,-0.14094179485436498,0.12668131887531864,-0.12668131887531864,0.14094179485436498,-0.14094179485436498,0.1391437262258588,-0.1391437262258588,0,0,0,0,0,0,0,0,1,0,0,0,0,0,0,0,0,0,0,0,0,0,0,0,0,0,0,0,0,0,0,0,0,1,0,0,0,0,0,0,0,0,0,0,0,0,0,0,0,0,0,00-0023460,J.Campbell,NA,NA,NA,NA,NA,NA,NA,NA,NA,NA,NA,NA,NA,NA,NA,NA,NA,NA,NA,NA,NA,NA,NA,NA,NA,NA,NA,NA,NA,NA,NA,NA,NA,NA,NA,NA,NA,NA,NA,NA,NA,NA,NA,NA,NA,NA,NA,NA,NA,NA,NA,NA,NA,NA,NA,NA,NA,NA,NA,NA,NA,NA,NA,NA,NA,NA,NA,0,NA,NA,NA,NA,NA,NA,NA,NA,NA,NA,NA,NA,NA,NA,NA,NA,NA,NA,NA,NA,NA,NA,NA,NA,NA,NA,NA,NA,NA,NA,NA,0,NA,NA,NA,NA,0,NA,NA,0,0,0,0,NA,NA,2007,0.5513731241226196,-55.13731241226196,21,1,First down,1439,"11/11/07, 13:03:13",2007-11-11T18:59:39Z,Commanders Field,"Sunny Temp: 49° F, Humidity: 44%, Wind: 4 SE mph",10012007-1111-07c6-43e9-6366420b400f,0,0,PASS,0,NA,NA,NA,6,Touchdown,2007-11-11T18:53:03Z,10,4:40,4,1,1,2,2,-5,PUNT,TOUCHDOWN,07:45,03:05,WAS 8,PHI 12,1261,1533,33,25,Home,-8,58,3,37.5,1,outdoors,grass,49,0,Joe Gibbs,Andy Reid,WAS00,FedExField,0,0,J.Campbell,17,NA,NA,B.Lloyd,85,1,0,0,0,1,00-0023460,NA,00-0022097,J.Campbell,17,00-0023460,NA,NA,B.Lloyd,00-0022097,0,0,-0.41954273759620264,0.32063663463004266,3.7645556473871693,2,1,1,0.4703315496444702,52.96684503555298,2007,Go for it,NA,NA,NA,NA,NA,NA,NA,NA,NA,NA,Toss Up,Go for it,Andy Reid,Joe Gibbs,4:25,NA,NA,NA,NA,NA,NA,NA,NA,NA,NA
1461,2007_10_PHI_WAS,2007111107,WAS,PHI,REG,10,WAS,home,PHI,PHI,42,2007-11-11,259,259,2059,Half1,0,6,0,2,2,0,04:19,PHI 42,10,92,(4:19) (No Huddle) 17-J.Campbell pass deep left to 83-J.Thrash pushed ob at PHI 11 for 31 yards (21-W.James).,pass,31,0,1,1,0,0,0,deep,left,24,7,NA,NA,NA,NA,NA,NA,2,3,0,NA,NA,NA,NA,2,3,6,7,6,7,-1,6,7,-1,0.2796989977359772,0.05415197089314461,3.729111049324274e-4,0.08150199800729752,0.2304479479789734,0.006649038754403591,0.347177118062973,0,0,2.401166026946157,2.403634801041335,3.1809902829118073,-3.1809902829118073,-2.2012875393847935,2.2012875393847935,10.044969664420933,-10.044969664420933,2.0558707920718007,0.3477640089695342,2.0558707920718007,0.3477640089695342,12.457990735652857,-12.457990735652857,-2.7096407136996277,2.7096407136996277,13.398927674803417,-13.398927674803417,-3.3539580103824846,3.3539580103824846,0.6267749667167664,0.37322503328323364,0.6267749667167664,0.37322503328323364,0.07529109716415405,0.10528731346130371,0.10528731346130371,0.7020660638809204,0.2979339361190796,0.5809305310249329,0.5809305310249329,-0.13119304180145264,0.13119304180145264,0.35537661824437783,-0.35537661824437783,0,0.07529109716415405,0,0.07529109716415405,0.14094179485436498,-0.14094179485436498,0.2019724160394727,-0.2019724160394727,0.14094179485436498,-0.14094179485436498,0.21443482339001285,-0.21443482339001285,0,0,1,0,0,0,0,0,0,0,0,0,0,0,0,0,0,0,0,0,0,0,0,0,1,0,0,0,0,0,0,0,0,1,0,0,0,0,0,0,0,0,0,0,0,1,0,0,0,0,0,00-0023460,J.Campbell,31,00-0016440,J.Thrash,31,NA,NA,NA,NA,NA,NA,NA,NA,NA,NA,NA,NA,NA,NA,NA,NA,NA,NA,NA,NA,NA,NA,NA,NA,NA,NA,NA,NA,NA,NA,NA,NA,NA,NA,NA,NA,NA,NA,NA,NA,NA,NA,NA,NA,NA,PHI,NA,00-0020384,NA,W.James,NA,NA,NA,NA,NA,NA,NA,NA,NA,NA,NA,NA,NA,0,NA,NA,NA,NA,NA,NA,NA,NA,NA,NA,NA,NA,NA,NA,NA,NA,NA,NA,NA,NA,NA,NA,NA,NA,NA,NA,NA,NA,NA,NA,NA,0,NA,NA,NA,NA,0,NA,NA,0,0,0,0,NA,NA,2007,0.3670772612094879,63.29227387905121,21,1,First down,1461,"11/11/07, 13:03:13",2007-11-11T19:00:13Z,Commanders Field,"Sunny Temp: 49° F, Humidity: 44%, Wind: 4 SE mph",10012007-1111-07c6-43e9-6366420b400f,0,0,PASS,0,NA,NA,NA,6,Touchdown,2007-11-11T18:53:03Z,10,4:40,4,1,1,2,2,-5,PUNT,TOUCHDOWN,07:45,03:05,WAS 8,PHI 12,1261,1533,33,25,Home,-8,58,3,37.5,1,outdoors,grass,49,0,Joe Gibbs,Andy Reid,WAS00,FedExField,0,1,J.Campbell,17,NA,NA,J.Thrash,83,1,0,1,0,1,00-0023460,NA,00-0016440,J.Campbell,17,00-0023460,J.Thrash,00-0016440,J.Thrash,00-0016440,1,0,2.403634801041335,0.49141356133985914,5.240076762798708,3,1,1,0.5649595260620117,43.50404739379883,2007,Go for it,NA,NA,NA,NA,NA,NA,NA,NA,NA,NA,Toss Up,Go for it,Andy Reid,Joe Gibbs,4:19,NA,NA,NA,NA,NA,NA,NA,NA,NA,NA
1491,2007_10_PHI_WAS,2007111107,WAS,PHI,REG,10,WAS,home,PHI,PHI,11,2007-11-11,229,229,2029,Half1,0,6,0,2,1,0,03:49,PHI 11,10,92,(3:49) 26-C.Portis left end to PHI 12 for -1 yards (27-Q.Mikell).,run,-1,0,0,0,0,0,0,NA,NA,NA,NA,left,end,NA,NA,NA,NA,2,3,0,NA,NA,NA,NA,2,3,6,7,6,7,-1,6,7,-1,0.08680712431669235,0.009298164397478104,2.510382328182459e-4,0.01877622678875923,0.30457890033721924,0.0022251426707953215,0.578063428401947,0,0,4.804800827987492,-0.70993151597213,2.4710587669396773,-2.4710587669396773,-2.9112190553569235,2.9112190553569235,10.044969664420933,-10.044969664420933,NA,NA,0,0,12.457990735652857,-12.457990735652857,-2.7096407136996277,2.7096407136996277,13.398927674803417,-13.398927674803417,-3.3539580103824846,3.3539580103824846,0.7020660638809204,0.2979339361190796,0.7020660638809204,0.2979339361190796,-0.016468822956085205,-0.02615189552307129,-0.02615189552307129,0.6855972409248352,0.3144027590751648,0.6862178444862366,0.6862178444862366,-0.14766186475753784,0.14766186475753784,0.35537661824437783,-0.35537661824437783,NA,NA,0,0,0.14094179485436498,-0.14094179485436498,0.2019724160394727,-0.2019724160394727,0.14094179485436498,-0.14094179485436498,0.21443482339001285,-0.21443482339001285,0,0,0,0,0,0,0,0,0,0,0,0,0,0,0,0,0,0,0,0,0,0,0,0,1,0,0,1,0,0,0,0,1,0,0,0,0,0,0,0,0,0,0,0,0,0,0,0,0,0,0,NA,NA,NA,NA,NA,NA,00-0021179,C.Portis,-1,NA,NA,NA,NA,NA,NA,NA,NA,NA,NA,NA,NA,NA,NA,NA,NA,NA,NA,NA,NA,NA,NA,NA,NA,NA,NA,NA,NA,NA,NA,NA,NA,NA,NA,NA,NA,NA,NA,NA,NA,NA,NA,PHI,NA,00-0021512,NA,Q.Mikell,NA,NA,NA,NA,NA,NA,NA,NA,NA,NA,NA,NA,NA,0,NA,NA,NA,NA,NA,NA,NA,NA,NA,NA,NA,NA,NA,NA,NA,NA,NA,NA,NA,NA,NA,NA,NA,NA,NA,NA,NA,NA,NA,NA,NA,0,NA,NA,NA,NA,0,NA,NA,0,0,0,0,NA,NA,2007,NA,NA,22,1,Touchdown,1491,"11/11/07, 13:03:13",2007-11-11T19:00:59Z,Commanders Field,"Sunny Temp: 49° F, Humidity: 44%, Wind: 4 SE mph",10012007-1111-07c6-43e9-6366420b400f,0,0,RUSH,0,NA,NA,NA,6,Touchdown,2007-11-11T18:53:03Z,10,4:40,4,1,1,2,2,-5,PUNT,TOUCHDOWN,07:45,03:05,WAS 8,PHI 12,1261,1533,33,25,Home,-8,58,3,37.5,1,outdoors,grass,49,0,Joe Gibbs,Andy Reid,WAS00,FedExField,0,0,NA,NA,C.Portis,26,NA,NA,0,1,0,0,1,NA,00-0021179,NA,C.Portis,26,00-0021179,C.Portis,00-0021179,C.Portis,00-0021179,0,0,-0.70993151597213,NA,NA,NA,NA,NA,0.346676230430603,-34.6676230430603,2007,Go for it,NA,NA,NA,NA,NA,NA,NA,NA,NA,NA,Toss Up,Go for it,Andy Reid,Joe Gibbs,3:49,NA,NA,NA,NA,NA,NA,NA,NA,NA,NA
1513,2007_10_PHI_WAS,2007111107,WAS,PHI,REG,10,WAS,home,PHI,PHI,12,2007-11-11,191,191,1991,Half1,0,6,1,2,2,0,03:11,PHI 12,11,92,"(3:11) 17-J.Campbell pass short middle to 83-J.Thrash for 12 yards, TOUCHDOWN.",pass,12,0,0,1,0,0,0,short,middle,12,0,NA,NA,NA,NA,NA,NA,2,3,0,NA,WAS,J.Thrash,00-0016440,2,3,12,7,6,7,-1,12,7,5,0.10258749127388,0.010239936411380768,2.8555368771776557e-4,0.020069094374775887,0.44713419675827026,0.0025090016424655914,0.417174756526947,0,0,4.094869312015362,2.905130687984638,5.376189454924315,-5.376189454924315,-2.9112190553569235,2.9112190553569235,12.95010035240557,-12.95010035240557,2.905130687984638,0,2.905130687984638,0,15.363121423637494,-15.363121423637494,-2.7096407136996277,2.7096407136996277,16.304058362788055,-16.304058362788055,-3.3539580103824846,3.3539580103824846,0.6855972409248352,0.3144027590751648,0.6855972409248352,0.3144027590751648,0.048869661308825085,0.08794081005454069,0.08794081005454069,0.7344669022336603,0.2655330977663397,0.6600659489631653,0.6600659489631653,-0.14766186475753784,0.14766186475753784,0.4042462795532029,-0.4042462795532029,0.048869661308825085,0,0.048869661308825085,0,0.18981145616319006,-0.18981145616319006,0.2019724160394727,-0.2019724160394727,0.18981145616319006,-0.18981145616319006,0.21443482339001285,-0.21443482339001285,0,0,1,0,0,0,0,0,0,0,0,0,0,0,0,0,0,0,0,0,0,0,0,0,0,0,0,0,0,0,0,0,0,1,0,1,1,0,0,0,0,0,0,0,0,1,0,0,0,0,0,00-0023460,J.Campbell,12,00-0016440,J.Thrash,12,NA,NA,NA,NA,NA,NA,NA,NA,NA,NA,NA,NA,NA,NA,NA,NA,NA,NA,NA,NA,NA,NA,NA,NA,NA,NA,NA,NA,NA,NA,NA,NA,NA,NA,NA,NA,NA,NA,NA,NA,NA,NA,NA,NA,NA,NA,NA,NA,NA,NA,NA,NA,NA,NA,NA,NA,NA,NA,NA,NA,NA,NA,NA,0,NA,NA,NA,NA,NA,NA,NA,NA,NA,NA,NA,NA,NA,NA,NA,NA,NA,NA,NA,NA,NA,NA,NA,NA,NA,NA,NA,NA,NA,NA,NA,0,NA,NA,NA,NA,0,NA,NA,0,0,0,0,NA,NA,2007,0.4396304190158844,56.03695809841156,22,1,Touchdown,1513,"11/11/07, 13:03:13",2007-11-11T19:01:37Z,Commanders Field,"Sunny Temp: 49° F, Humidity: 44%, Wind: 4 SE mph",10012007-1111-07c6-43e9-6366420b400f,0,0,PASS,0,NA,NA,NA,6,Touchdown,2007-11-11T18:53:03Z,10,4:40,4,1,1,2,2,-5,PUNT,TOUCHDOWN,07:45,03:05,WAS 8,PHI 12,1261,1533,33,25,Home,-8,58,3,37.5,1,outdoors,grass,49,0,Joe Gibbs,Andy Reid,WAS00,FedExField,0,1,J.Campbell,17,NA,NA,J.Thrash,83,1,0,1,0,1,00-0023460,NA,00-0016440,J.Campbell,17,00-0023460,J.Thrash,00-0016440,J.Thrash,00-0016440,0,0,2.905130687984638,NA,NA,NA,NA,NA,0.7450776696205139,25.49223303794861,2007,Go for it,NA,NA,NA,NA,NA,NA,NA,NA,NA,NA,Toss Up,Go for it,Andy Reid,Joe Gibbs,3:11,NA,NA,NA,NA,NA,NA,NA,NA,NA,NA
1533,2007_10_PHI_WAS,2007111107,WAS,PHI,REG,10,WAS,home,PHI,PHI,2,2007-11-11,185,185,1985,Half1,0,6,0,2,NA,0,03:05,PHI 2,0,92,(Run formation) TWO-POINT CONVERSION ATTEMPT. 17-J.Campbell pass to 82-A.Randle El is incomplete. ATTEMPT FAILS.,pass,0,0,0,1,0,0,0,NA,NA,NA,NA,NA,NA,NA,NA,NA,failure,2,3,0,NA,NA,NA,NA,2,3,12,7,12,7,5,12,7,5,0,0,0,0,0,0,0,0,0.4735,0.947,-0.947,4.429189454924315,-4.429189454924315,-2.9112190553569235,2.9112190553569235,12.003100352405571,-12.003100352405571,NA,NA,0,0,15.363121423637494,-15.363121423637494,-2.7096407136996277,2.7096407136996277,16.304058362788055,-16.304058362788055,-3.3539580103824846,3.3539580103824846,0.7344669022336603,0.2655330977663397,0.7344669022336603,0.2655330977663397,-0.013288758017122815,-0.01984956654906278,-0.01984956654906278,0.7211781442165375,0.2788218557834625,0.748006759017706,0.748006759017706,-0.14766186475753784,0.14766186475753784,0.3909575215360801,-0.3909575215360801,NA,NA,0,0,0.18981145616319006,-0.18981145616319006,0.2019724160394727,-0.2019724160394727,0.18981145616319006,-0.18981145616319006,0.21443482339001285,-0.21443482339001285,0,0,0,0,0,0,0,0,0,0,0,0,0,0,0,0,0,0,0,0,0,0,0,0,0,0,0,0,0,0,0,0,0,1,0,0,0,0,0,0,1,0,0,0,0,0,0,0,0,0,0,00-0023460,J.Campbell,NA,00-0021190,A.Randle El,NA,NA,NA,NA,NA,NA,NA,NA,NA,NA,NA,NA,NA,NA,NA,NA,NA,NA,NA,NA,NA,NA,NA,NA,NA,NA,NA,NA,NA,NA,NA,NA,NA,NA,NA,NA,NA,NA,NA,NA,NA,NA,NA,NA,NA,NA,NA,NA,NA,NA,NA,NA,NA,NA,NA,NA,NA,NA,NA,NA,NA,NA,NA,NA,0,NA,NA,NA,NA,NA,NA,NA,NA,NA,NA,NA,NA,NA,NA,NA,NA,NA,NA,NA,NA,NA,NA,NA,NA,NA,NA,NA,NA,NA,NA,NA,0,NA,NA,NA,NA,0,NA,NA,0,0,0,0,NA,NA,2007,NA,NA,22,1,Touchdown,1533,"11/11/07, 13:03:13",2007-11-11T19:02:37Z,Commanders Field,"Sunny Temp: 49° F, Humidity: 44%, Wind: 4 SE mph",10012007-1111-07c6-43e9-6366420b400f,0,0,PAT2,0,NA,NA,NA,6,Touchdown,2007-11-11T18:53:03Z,10,4:40,4,1,1,2,2,-5,PUNT,TOUCHDOWN,07:45,03:05,WAS 8,PHI 12,1261,1533,33,25,Home,-8,58,3,37.5,1,outdoors,grass,49,0,Joe Gibbs,Andy Reid,WAS00,FedExField,0,0,J.Campbell,17,NA,NA,A.Randle,82,1,0,0,0,1,00-0023460,NA,00-0021190,J.Campbell,17,00-0023460,A.Randle El,00-0021190,A.Randle,00-0021190,0,0,-0.947,NA,NA,NA,NA,NA,NA,NA,2007,Go for it,NA,NA,NA,NA,NA,NA,NA,NA,NA,NA,Toss Up,Go for it,Andy Reid,Joe Gibbs,3:05,NA,NA,NA,NA,NA,NA,NA,NA,NA,NA
1561,2007_10_PHI_WAS,2007111107,WAS,PHI,REG,10,PHI,away,WAS,WAS,30,2007-11-11,185,185,1985,Half1,0,7,0,2,NA,0,03:05,WAS 30,0,7,6-S.Suisham kicks 59 yards from WAS 30 to PHI 11. 30-J.Reed to PHI 24 for 13 yards (37-R.Doughty).,kickoff,0,0,0,0,0,0,0,NA,NA,NA,NA,NA,NA,NA,59,NA,NA,2,3,0,NA,NA,NA,NA,3,2,12,7,7,12,-5,7,12,-5,0.4647042155265808,0.10082844644784927,0.0024163408670574427,0.11896735429763794,0.1205507442355156,0.001700836350210011,0.19083209335803986,0,0,0.5607890577521175,0.12840204034000635,4.300787414584309,-4.300787414584309,-2.9112190553569235,2.9112190553569235,12.003100352405571,-12.003100352405571,NA,NA,0,0,15.363121423637494,-15.363121423637494,-2.7096407136996277,2.7096407136996277,16.304058362788055,-16.304058362788055,-3.3539580103824846,3.3539580103824846,0.2788218557834625,0.7211781442165375,0.7211781442165375,0.2788218557834625,0.011400878429412842,0.00850483775138855,-0.00850483775138855,0.7097772657871246,0.29022273421287537,0.2718428075313568,0.7281571924686432,-0.14766186475753784,0.14766186475753784,0.3909575215360801,-0.3909575215360801,NA,NA,0,0,0.18981145616319006,-0.18981145616319006,0.2019724160394727,-0.2019724160394727,0.18981145616319006,-0.18981145616319006,0.21443482339001285,-0.21443482339001285,0,0,0,0,0,0,0,0,0,0,0,0,0,0,0,0,0,0,0,0,0,0,0,0,1,0,0,0,0,0,0,0,0,0,0,0,0,0,0,0,0,0,1,0,0,0,0,0,0,0,0,NA,NA,NA,NA,NA,NA,NA,NA,NA,NA,NA,NA,NA,NA,NA,NA,NA,NA,NA,NA,NA,NA,NA,NA,NA,J.Reed,00-0022791,NA,NA,NA,NA,S.Suisham,00-0023001,NA,NA,NA,NA,NA,NA,NA,NA,NA,NA,NA,NA,NA,NA,NA,NA,NA,NA,WAS,NA,00-0024387,NA,R.Doughty,NA,NA,NA,NA,NA,NA,NA,NA,NA,NA,NA,NA,NA,0,NA,NA,NA,NA,NA,NA,NA,NA,NA,NA,NA,NA,NA,NA,NA,NA,NA,NA,NA,NA,NA,NA,NA,NA,NA,NA,NA,NA,NA,NA,PHI,13,NA,NA,NA,NA,0,NA,NA,0,0,0,0,NA,NA,2007,NA,NA,23,0,Punt,1561,"11/11/07, 13:03:13",2007-11-11T19:05:11Z,Commanders Field,"Sunny Temp: 49° F, Humidity: 44%, Wind: 4 SE mph",10012007-1111-07c6-43e9-6366420b400f,0,0,KICK_OFF,1,NA,NA,NA,7,Punt,2007-11-11T19:05:11Z,3,1:08,0,0,0,2,2,0,KICKOFF,PUNT,03:05,01:57,PHI 24,PHI 31,1561,1676,33,25,Home,-8,58,3,37.5,1,outdoors,grass,49,0,Joe Gibbs,Andy Reid,WAS00,FedExField,0,1,NA,NA,NA,NA,NA,NA,0,0,0,1,0,NA,NA,NA,NA,NA,NA,NA,NA,NA,NA,0,0,0.12840204034000635,NA,NA,NA,NA,NA,NA,NA,2007,Other,NA,NA,NA,NA,NA,NA,NA,NA,NA,NA,Toss Up,Other,Andy Reid,Joe Gibbs,3:05,NA,NA,NA,NA,NA,NA,NA,NA,NA,NA
1583,2007_10_PHI_WAS,2007111107,WAS,PHI,REG,10,PHI,away,WAS,PHI,76,2007-11-11,180,180,1980,Half1,0,7,0,2,1,0,03:00,PHI 24,10,7,(3:00) 5-D.McNabb pass incomplete deep middle to 80-K.Curtis.,pass,0,0,0,1,0,0,0,deep,middle,18,NA,NA,NA,NA,NA,NA,NA,2,3,0,NA,NA,NA,NA,3,2,12,7,7,12,-5,7,12,-5,0.4589497447013855,0.09705150872468948,0.001559799537062645,0.114357590675354,0.12599796056747437,0.0017218658467754722,0.20036153495311737,0,0,0.6891910980921239,-0.38549204054288566,4.6862794551271945,-4.6862794551271945,-2.9112190553569235,2.9112190553569235,12.388592392948457,-12.388592392948457,0.8920407529221848,-1.2775327934650704,0,0,15.363121423637494,-15.363121423637494,-2.7096407136996277,2.7096407136996277,15.41201760986587,-15.41201760986587,-2.076425216917414,2.076425216917414,0.29022273421287537,0.7097772657871246,0.7097772657871246,0.29022273421287537,-0.01888415217399597,-0.017580479383468628,0.017580479383468628,0.7286614179611206,0.2713385820388794,0.28034764528274536,0.7196523547172546,-0.14766186475753784,0.14766186475753784,0.40984167371007607,-0.40984167371007607,-0.00316736102104187,-0.0157167911529541,0,0,0.18981145616319006,-0.18981145616319006,0.2019724160394727,-0.2019724160394727,0.19297881718423193,-0.19297881718423193,0.23015161454296695,-0.23015161454296695,0,0,0,0,0,0,0,0,1,0,0,0,0,0,0,0,0,0,0,0,0,0,0,0,0,0,0,0,0,0,0,0,0,1,0,0,0,0,0,0,0,0,0,0,0,0,0,0,0,0,0,00-0011022,D.McNabb,NA,NA,NA,NA,NA,NA,NA,NA,NA,NA,NA,NA,NA,NA,NA,NA,NA,NA,NA,NA,NA,NA,NA,NA,NA,NA,NA,NA,NA,NA,NA,NA,NA,NA,NA,NA,NA,NA,NA,NA,NA,NA,NA,NA,NA,NA,NA,NA,NA,NA,NA,NA,NA,NA,NA,NA,NA,NA,NA,NA,NA,NA,NA,NA,NA,NA,NA,0,NA,NA,NA,NA,NA,NA,NA,NA,NA,NA,NA,NA,NA,NA,NA,NA,NA,NA,NA,NA,NA,NA,NA,NA,NA,NA,NA,NA,NA,NA,NA,0,NA,NA,NA,NA,0,NA,NA,0,0,0,0,NA,NA,2007,0.6628768444061279,-66.2876844406128,23,0,Punt,1583,"11/11/07, 13:03:13",2007-11-11T19:07:43Z,Commanders Field,"Sunny Temp: 49° F, Humidity: 44%, Wind: 4 SE mph",10012007-1111-07c6-43e9-6366420b400f,0,0,PASS,0,NA,NA,NA,7,Punt,2007-11-11T19:05:11Z,3,1:08,0,0,0,2,2,0,KICKOFF,PUNT,03:05,01:57,PHI 24,PHI 31,1561,1676,33,25,Home,-8,58,3,37.5,1,outdoors,grass,49,0,Joe Gibbs,Andy Reid,WAS00,FedExField,0,0,D.McNabb,5,NA,NA,K.Curtis,80,1,0,0,0,1,00-0011022,NA,00-0022001,D.McNabb,5,00-0011022,NA,NA,K.Curtis,00-0022001,0,0,-0.38549204054288566,0.2655475009977888,4.5864349994808435,2,1,1,0.5975015759468079,40.249842405319214,2007,Go for it,NA,NA,NA,NA,NA,NA,NA,NA,NA,NA,Toss Up,Go for it,Andy Reid,Joe Gibbs,3:00,NA,NA,NA,NA,NA,NA,NA,NA,NA,NA
1605,2007_10_PHI_WAS,2007111107,WAS,PHI,REG,10,PHI,away,WAS,PHI,76,2007-11-11,175,175,1975,Half1,0,7,0,2,2,0,02:55,PHI 24,10,7,(2:55) 36-B.Westbrook left tackle to PHI 27 for 3 yards (99-A.Carter).,run,3,0,0,0,0,0,0,NA,NA,NA,NA,left,tackle,NA,NA,NA,NA,2,3,0,NA,NA,NA,NA,3,2,12,7,7,12,-5,7,12,-5,0.48236083984375,0.10782650858163834,0.0017031563911587,0.12658163905143738,0.11147233843803406,0.0016299562994390726,0.16842563450336456,0,0,0.3036990575492382,-0.2604183405637741,4.946697795690969,-4.946697795690969,-2.6508007147931494,2.6508007147931494,12.388592392948457,-12.388592392948457,NA,NA,0,0,15.363121423637494,-15.363121423637494,-2.7096407136996277,2.7096407136996277,15.41201760986587,-15.41201760986587,-2.076425216917414,2.076425216917414,0.2713385820388794,0.7286614179611206,0.7286614179611206,0.2713385820388794,-0.010720640420913696,-0.006301134824752808,0.006301134824752808,0.7393820583820343,0.2606179416179657,0.26276716589927673,0.7372328341007233,-0.13694122433662415,0.13694122433662415,0.40984167371007607,-0.40984167371007607,NA,NA,0,0,0.18981145616319006,-0.18981145616319006,0.2019724160394727,-0.2019724160394727,0.19297881718423193,-0.19297881718423193,0.23015161454296695,-0.23015161454296695,0,0,0,0,0,0,0,0,0,0,0,0,0,0,0,0,0,0,0,0,0,0,0,0,1,0,0,0,0,0,0,0,1,0,0,0,0,0,0,0,0,0,0,0,0,0,0,0,0,0,0,NA,NA,NA,NA,NA,NA,00-0021216,B.Westbrook,3,NA,NA,NA,NA,NA,NA,NA,NA,NA,NA,NA,NA,NA,NA,NA,NA,NA,NA,NA,NA,NA,NA,NA,NA,NA,NA,NA,NA,NA,NA,NA,NA,NA,NA,NA,NA,NA,NA,NA,NA,NA,NA,WAS,NA,00-0020489,NA,A.Carter,NA,NA,NA,NA,NA,NA,NA,NA,NA,NA,NA,NA,NA,0,NA,NA,NA,NA,NA,NA,NA,NA,NA,NA,NA,NA,NA,NA,NA,NA,NA,NA,NA,NA,NA,NA,NA,NA,NA,NA,NA,NA,NA,NA,NA,0,NA,NA,NA,NA,0,NA,NA,0,0,0,0,NA,NA,2007,NA,NA,23,0,Punt,1605,"11/11/07, 13:03:13",2007-11-11T19:08:19Z,Commanders Field,"Sunny Temp: 49° F, Humidity: 44%, Wind: 4 SE mph",10012007-1111-07c6-43e9-6366420b400f,0,0,RUSH,0,NA,NA,NA,7,Punt,2007-11-11T19:05:11Z,3,1:08,0,0,0,2,2,0,KICKOFF,PUNT,03:05,01:57,PHI 24,PHI 31,1561,1676,33,25,Home,-8,58,3,37.5,1,outdoors,grass,49,0,Joe Gibbs,Andy Reid,WAS00,FedExField,0,0,NA,NA,B.Westbrook,36,NA,NA,0,1,0,0,1,NA,00-0021216,NA,B.Westbrook,36,00-0021216,B.Westbrook,00-0021216,B.Westbrook,00-0021216,0,0,-0.2604183405637741,NA,NA,NA,NA,NA,0.6739479899406433,-67.39479899406433,2007,Go for it,NA,NA,NA,NA,NA,NA,NA,NA,NA,NA,Toss Up,Go for it,Andy Reid,Joe Gibbs,2:55,NA,NA,NA,NA,NA,NA,NA,NA,NA,NA
1627,2007_10_PHI_WAS,2007111107,WAS,PHI,REG,10,PHI,away,WAS,PHI,73,2007-11-11,138,138,1938,Half1,0,7,0,2,3,0,02:18,PHI 27,7,7,"(2:18) (Shotgun) 5-D.McNabb pass short left to 36-B.Westbrook to PHI 31 for 4 yards (59-L.Fletcher, 20-P.Prioleau).",pass,4,1,0,1,0,0,0,short,left,-1,5,NA,NA,NA,NA,NA,NA,2,3,0,NA,NA,NA,NA,3,2,12,7,7,12,-5,7,12,-5,0.49393442273139954,0.12184043973684311,0.0016211795154958963,0.1309349089860916,0.10658431053161621,0.0013515448663383722,0.14373324811458588,0,0,0.043280716985464096,-0.5954224031884223,5.542120198879391,-5.542120198879391,-2.6508007147931494,2.6508007147931494,12.98401479613688,-12.98401479613688,-0.9804199251811951,0.3849975219927728,-0.9804199251811951,0.3849975219927728,16.34354134881869,-16.34354134881869,-3.0946382356924005,3.0946382356924005,16.392437535047065,-16.392437535047065,-2.461422738910187,2.461422738910187,0.2606179416179657,0.7393820583820343,0.7393820583820343,0.2606179416179657,-0.02004256844520569,-0.023726999759674072,0.023726999759674072,0.75942462682724,0.24057537317276,0.2564660310745239,0.7435339689254761,-0.13694122433662415,0.13694122433662415,0.42988424215528176,-0.42988424215528176,0,-0.02004256844520569,0,-0.02004256844520569,0.18981145616319006,-0.18981145616319006,0.22201498448467838,-0.22201498448467838,0.19297881718423193,-0.19297881718423193,0.25019418298817264,-0.25019418298817264,0,0,0,0,0,1,0,0,0,0,0,0,0,0,0,0,0,0,0,0,0,0,0,0,0,0,0,0,0,0,0,0,0,1,0,0,0,0,0,0,0,0,0,0,0,1,1,0,0,0,0,00-0011022,D.McNabb,4,00-0021216,B.Westbrook,4,NA,NA,NA,NA,NA,NA,NA,NA,NA,NA,NA,NA,NA,NA,NA,NA,NA,NA,NA,NA,NA,NA,NA,NA,NA,NA,NA,NA,NA,NA,NA,NA,NA,NA,NA,NA,NA,NA,NA,NA,NA,NA,NA,NA,NA,NA,NA,NA,NA,NA,NA,00-0013255,P.Prioleau,WAS,NA,NA,NA,NA,NA,NA,NA,NA,NA,1,00-0005322,L.Fletcher,WAS,NA,NA,NA,NA,NA,NA,NA,NA,NA,NA,NA,NA,NA,NA,NA,NA,NA,NA,NA,NA,NA,NA,NA,NA,NA,NA,NA,NA,0,NA,NA,NA,NA,0,NA,NA,0,0,0,0,NA,NA,2007,0.8036860227584839,19.63139772415161,23,0,Punt,1627,"11/11/07, 13:03:13",2007-11-11T19:08:56Z,Commanders Field,"Sunny Temp: 49° F, Humidity: 44%, Wind: 4 SE mph",10012007-1111-07c6-43e9-6366420b400f,0,0,PASS,0,NA,NA,NA,7,Punt,2007-11-11T19:05:11Z,3,1:08,0,0,0,2,2,0,KICKOFF,PUNT,03:05,01:57,PHI 24,PHI 31,1561,1676,33,25,Home,-8,58,3,37.5,1,outdoors,grass,49,0,Joe Gibbs,Andy Reid,WAS00,FedExField,0,0,D.McNabb,5,NA,NA,B.Westbrook,36,1,0,0,0,1,00-0011022,NA,00-0021216,D.McNabb,5,00-0011022,B.Westbrook,00-0021216,B.Westbrook,00-0021216,0,0,-0.5954224031884223,1.1673788605393043,7.7978727579902625,6,0.3940658140054438,0.3940658140054438,0.9740622043609619,2.5937795639038086,2007,Go for it,NA,NA,NA,NA,NA,NA,NA,NA,NA,NA,Toss Up,Go for it,Andy Reid,Joe Gibbs,2:18,NA,NA,NA,NA,NA,NA,NA,NA,NA,NA
1651,2007_10_PHI_WAS,2007111107,WAS,PHI,REG,10,NA,NA,NA,NA,NA,2007-11-11,128,128,1928,Half1,0,7,0,2,NA,0,02:08,PHI 31,0,7,Timeout #2 by WAS at 02:08.,no_play,0,0,0,0,0,0,0,NA,NA,NA,NA,NA,NA,NA,NA,NA,NA,1,3,1,WAS,NA,NA,NA,NA,NA,12,7,NA,NA,NA,NA,NA,NA,0,0,0,0,0,0,0,0,0,-0.5521416862029582,-0,5.542120198879391,-5.542120198879391,-2.6508007147931494,2.6508007147931494,12.98401479613688,-12.98401479613688,NA,NA,0,0,16.34354134881869,-16.34354134881869,-3.0946382356924005,3.0946382356924005,16.392437535047065,-16.392437535047065,-2.461422738910187,2.461422738910187,0.24057537317276,0.75942462682724,0.75942462682724,0.24057537317276,-0,-0,0,NA,NA,0.23273903131484985,0.7672609686851501,-0.13694122433662415,0.13694122433662415,0.42988424215528176,-0.42988424215528176,NA,NA,0,0,0.18981145616319006,-0.18981145616319006,0.22201498448467838,-0.22201498448467838,0.19297881718423193,-0.19297881718423193,0.25019418298817264,-0.25019418298817264,0,0,0,0,0,0,0,0,0,0,0,0,0,0,0,0,0,0,0,0,0,0,0,0,0,0,0,0,0,0,0,0,0,0,0,0,0,0,0,0,0,0,0,0,0,0,0,0,0,0,0,NA,NA,NA,NA,NA,NA,NA,NA,NA,NA,NA,NA,NA,NA,NA,NA,NA,NA,NA,NA,NA,NA,NA,NA,NA,NA,NA,NA,NA,NA,NA,NA,NA,NA,NA,NA,NA,NA,NA,NA,NA,NA,NA,NA,NA,NA,NA,NA,NA,NA,NA,NA,NA,NA,NA,NA,NA,NA,NA,NA,NA,NA,NA,NA,NA,NA,NA,NA,NA,0,NA,NA,NA,NA,NA,NA,NA,NA,NA,NA,NA,NA,NA,NA,NA,NA,NA,NA,NA,NA,NA,NA,NA,NA,NA,NA,NA,NA,NA,NA,NA,0,NA,NA,NA,NA,0,NA,NA,0,0,0,0,NA,NA,2007,NA,NA,23,0,Punt,1651,"11/11/07, 13:03:13",2007-11-11T19:09:36Z,Commanders Field,"Sunny Temp: 49° F, Humidity: 44%, Wind: 4 SE mph",10012007-1111-07c6-43e9-6366420b400f,0,0,TIMEOUT,0,NA,NA,NA,7,Punt,2007-11-11T19:05:11Z,3,1:08,0,0,0,2,2,0,KICKOFF,PUNT,03:05,01:57,PHI 24,PHI 31,1561,1676,33,25,Home,-8,58,3,37.5,1,outdoors,grass,49,0,Joe Gibbs,Andy Reid,WAS00,FedExField,0,0,NA,NA,NA,NA,NA,NA,0,0,0,0,0,NA,NA,NA,NA,NA,NA,NA,NA,NA,NA,0,0,-0,NA,NA,NA,NA,NA,NA,NA,2007,Other,NA,NA,NA,NA,NA,NA,NA,NA,NA,NA,Toss Up,Other (Penalty),Andy Reid,Joe Gibbs,2:08,NA,NA,NA,NA,NA,NA,NA,NA,NA,NA
1676,2007_10_PHI_WAS,2007111107,WAS,PHI,REG,10,PHI,away,WAS,PHI,69,2007-11-11,128,128,1928,Half1,0,7,0,2,4,0,02:08,PHI 31,3,7,"(2:08) 6-S.Rocca punts 47 yards to WAS 22, Center-46-J.Dorenbos. 82-A.Randle El pushed ob at WAS 28 for 6 yards (56-A.Jordan).",punt,0,0,0,0,0,0,0,NA,NA,NA,NA,NA,NA,NA,47,NA,NA,1,3,0,NA,NA,NA,NA,3,1,12,7,7,12,-5,7,12,-5,0.5838457345962524,0.10999883711338043,0.0013982714153826237,0.15057992935180664,0.05976347625255585,0.001095186802558601,0.09331858158111572,0,0,-0.5521416862029582,-0.3790574054000899,5.921177604279481,-5.921177604279481,-2.6508007147931494,2.6508007147931494,12.98401479613688,-12.98401479613688,NA,NA,0,0,16.34354134881869,-16.34354134881869,-3.0946382356924005,3.0946382356924005,16.392437535047065,-16.392437535047065,-2.461422738910187,2.461422738910187,0.24057537317276,0.75942462682724,0.75942462682724,0.24057537317276,-0.012847065925598145,0.02037060260772705,-0.02037060260772705,0.7722716927528381,0.22772830724716187,0.23273903131484985,0.7672609686851501,-0.13694122433662415,0.13694122433662415,0.42988424215528176,-0.42988424215528176,NA,NA,0,0,0.18981145616319006,-0.18981145616319006,0.22201498448467838,-0.22201498448467838,0.19297881718423193,-0.19297881718423193,0.25019418298817264,-0.25019418298817264,0,0,0,0,0,0,0,0,0,0,0,0,0,0,0,0,0,0,0,0,0,0,0,0,1,0,0,0,0,0,0,0,0,0,0,0,0,0,0,0,0,0,0,1,0,0,0,0,0,0,0,NA,NA,NA,NA,NA,NA,NA,NA,NA,NA,NA,NA,NA,NA,NA,NA,NA,NA,NA,NA,NA,00-0021190,A.Randle El,NA,NA,NA,NA,NA,NA,00-0024515,S.Rocca,NA,NA,NA,NA,NA,NA,NA,NA,NA,NA,NA,NA,NA,NA,NA,NA,NA,NA,NA,NA,PHI,NA,00-0025719,NA,A.Jordan,NA,NA,NA,NA,NA,NA,NA,NA,NA,NA,NA,NA,NA,0,NA,NA,NA,NA,NA,NA,NA,NA,NA,NA,NA,NA,NA,NA,NA,NA,NA,NA,NA,NA,NA,NA,NA,NA,NA,NA,NA,NA,NA,NA,WAS,6,NA,NA,NA,NA,0,NA,NA,0,0,0,0,NA,NA,2007,NA,NA,23,0,Punt,1676,"11/11/07, 13:03:13",2007-11-11T19:09:58Z,Commanders Field,"Sunny Temp: 49° F, Humidity: 44%, Wind: 4 SE mph",10012007-1111-07c6-43e9-6366420b400f,0,0,PUNT,1,NA,NA,NA,7,Punt,2007-11-11T19:05:11Z,3,1:08,0,0,0,2,2,0,KICKOFF,PUNT,03:05,01:57,PHI 24,PHI 31,1561,1676,33,25,Home,-8,58,3,37.5,1,outdoors,grass,49,0,Joe Gibbs,Andy Reid,WAS00,FedExField,0,0,NA,NA,NA,NA,NA,NA,0,0,0,1,0,NA,NA,NA,NA,NA,NA,NA,NA,NA,NA,1,0,-0.3790574054000899,NA,NA,NA,NA,NA,NA,NA,2007,Punt,-20.609369987641003,0.40348323249054374,0.7701521661894466,0.42541898341883466,0.6310581221471577,0,0.7523061782121658,0.8944324851036072,0.7523061782121658,0.8371518220235677,Punt,Punt,Andy Reid,Joe Gibbs,2:08,0,0,63,40,77,43,84,75,89,75
1723,2007_10_PHI_WAS,2007111107,WAS,PHI,REG,10,WAS,home,PHI,WAS,72,2007-11-11,117,117,1917,Half1,0,8,0,2,1,0,01:57,WAS 28,10,9,(1:57) 17-J.Campbell pass incomplete deep middle to 85-B.Lloyd.,pass,0,0,0,1,0,0,0,deep,middle,52,NA,NA,NA,NA,NA,NA,NA,1,3,0,NA,NA,NA,NA,1,3,12,7,12,7,5,12,7,5,0.5637863278388977,0.06555215269327164,8.051376207731664e-4,0.06110594421625137,0.14875324070453644,0.0018066237680613995,0.15819063782691956,0,0,0.9311990916030481,-0.3551522127818316,5.566025391497649,-5.566025391497649,-2.6508007147931494,2.6508007147931494,12.628862583355048,-12.628862583355048,3.0138455256819725,-3.368997738463804,0,0,16.34354134881869,-16.34354134881869,-3.0946382356924005,3.0946382356924005,19.406283060729038,-19.406283060729038,-5.830420477373991,5.830420477373991,0.7722716927528381,0.22772830724716187,0.7722716927528381,0.22772830724716187,-0.011217176914215088,-0.01255732774734497,-0.01255732774734497,0.761054515838623,0.23894548416137695,0.7468903660774231,0.7468903660774231,-0.13694122433662415,0.13694122433662415,0.41866706524106667,-0.41866706524106667,0,-0.011217176914215088,0,0,0.18981145616319006,-0.18981145616319006,0.22201498448467838,-0.22201498448467838,0.19297881718423193,-0.19297881718423193,0.23897700607395755,-0.23897700607395755,0,0,0,0,0,0,0,0,1,0,0,0,0,0,0,0,0,0,0,0,0,0,0,0,0,0,0,0,0,0,0,0,0,1,0,0,0,0,0,0,0,0,0,0,0,0,0,0,0,0,0,00-0023460,J.Campbell,NA,NA,NA,NA,NA,NA,NA,NA,NA,NA,NA,NA,NA,NA,NA,NA,NA,NA,NA,NA,NA,NA,NA,NA,NA,NA,NA,NA,NA,NA,NA,NA,NA,NA,NA,NA,NA,NA,NA,NA,NA,NA,NA,NA,NA,NA,NA,NA,NA,NA,NA,NA,NA,NA,NA,NA,NA,NA,NA,NA,NA,NA,NA,NA,NA,NA,NA,0,NA,NA,NA,NA,NA,NA,NA,NA,NA,NA,NA,NA,NA,NA,NA,NA,NA,NA,NA,NA,NA,NA,NA,NA,NA,NA,NA,NA,NA,NA,NA,0,NA,NA,NA,NA,0,NA,NA,0,0,0,0,NA,NA,2007,0.2986724376678467,-29.867243766784668,24,0,Punt,1723,"11/11/07, 13:03:13",2007-11-11T19:12:59Z,Commanders Field,"Sunny Temp: 49° F, Humidity: 44%, Wind: 4 SE mph",10012007-1111-07c6-43e9-6366420b400f,0,0,PASS,0,NA,NA,NA,8,Punt,2007-11-11T19:12:59Z,3,1:01,0,0,0,2,2,0,PUNT,PUNT,01:57,00:56,WAS 28,WAS 37,1723,1806,33,25,Home,-8,58,3,37.5,1,outdoors,grass,49,0,Joe Gibbs,Andy Reid,WAS00,FedExField,0,0,J.Campbell,17,NA,NA,B.Lloyd,85,1,0,0,0,1,00-0023460,NA,00-0022097,J.Campbell,17,00-0023460,NA,NA,B.Lloyd,00-0022097,0,0,-0.3551522127818316,1.0784154457939188,8.436655694211368,5,1,1,0.7253867983818054,27.461320161819458,2007,Go for it,NA,NA,NA,NA,NA,NA,NA,NA,NA,NA,Toss Up,Go for it,Andy Reid,Joe Gibbs,1:57,NA,NA,NA,NA,NA,NA,NA,NA,NA,NA
1745,2007_10_PHI_WAS,2007111107,WAS,PHI,REG,10,WAS,home,PHI,WAS,72,2007-11-11,110,110,1910,Half1,0,8,0,2,2,0,01:50,WAS 28,10,9,(1:50) 26-C.Portis left tackle to WAS 35 for 7 yards (22-J.Hanson).,run,7,0,0,0,0,0,0,NA,NA,NA,NA,left,tackle,NA,NA,NA,NA,1,3,0,NA,NA,NA,NA,1,3,12,7,12,7,5,12,7,5,0.578704297542572,0.07627430558204651,8.453435148112476e-4,0.07442606985569,0.13822975754737854,0.0015576164005324244,0.12996263802051544,0,0,0.5760468788212165,-0.04540095548145473,5.5206244360161945,-5.5206244360161945,-2.696201670274604,2.696201670274604,12.628862583355048,-12.628862583355048,NA,NA,0,0,16.34354134881869,-16.34354134881869,-3.0946382356924005,3.0946382356924005,19.406283060729038,-19.406283060729038,-5.830420477373991,5.830420477373991,0.761054515838623,0.23894548416137695,0.761054515838623,0.23894548416137695,0.009658515453338623,0.013263583183288574,0.013263583183288574,0.7707130312919617,0.22928696870803833,0.7343330383300781,0.7343330383300781,-0.12728270888328552,0.12728270888328552,0.41866706524106667,-0.41866706524106667,NA,NA,0,0,0.18981145616319006,-0.18981145616319006,0.22201498448467838,-0.22201498448467838,0.19297881718423193,-0.19297881718423193,0.23897700607395755,-0.23897700607395755,0,0,0,0,0,0,0,0,0,0,0,0,0,0,0,0,0,0,0,0,0,0,0,0,1,0,0,0,0,0,0,0,1,0,0,0,0,0,0,0,0,0,0,0,0,0,0,0,0,0,0,NA,NA,NA,NA,NA,NA,00-0021179,C.Portis,7,NA,NA,NA,NA,NA,NA,NA,NA,NA,NA,NA,NA,NA,NA,NA,NA,NA,NA,NA,NA,NA,NA,NA,NA,NA,NA,NA,NA,NA,NA,NA,NA,NA,NA,NA,NA,NA,NA,NA,NA,NA,NA,PHI,NA,00-0021654,NA,J.Hanson,NA,NA,NA,NA,NA,NA,NA,NA,NA,NA,NA,NA,NA,0,NA,NA,NA,NA,NA,NA,NA,NA,NA,NA,NA,NA,NA,NA,NA,NA,NA,NA,NA,NA,NA,NA,NA,NA,NA,NA,NA,NA,NA,NA,NA,0,NA,NA,NA,NA,0,NA,NA,0,0,0,0,NA,NA,2007,NA,NA,24,0,Punt,1745,"11/11/07, 13:03:13",2007-11-11T19:13:44Z,Commanders Field,"Sunny Temp: 49° F, Humidity: 44%, Wind: 4 SE mph",10012007-1111-07c6-43e9-6366420b400f,0,0,RUSH,0,NA,NA,NA,8,Punt,2007-11-11T19:12:59Z,3,1:01,0,0,0,2,2,0,PUNT,PUNT,01:57,00:56,WAS 28,WAS 37,1723,1806,33,25,Home,-8,58,3,37.5,1,outdoors,grass,49,0,Joe Gibbs,Andy Reid,WAS00,FedExField,0,0,NA,NA,C.Portis,26,NA,NA,0,1,0,0,1,NA,00-0021179,NA,C.Portis,26,00-0021179,C.Portis,00-0021179,C.Portis,00-0021179,0,0,-0.04540095548145473,NA,NA,NA,NA,NA,0.7461650967597961,-74.61650967597961,2007,Go for it,NA,NA,NA,NA,NA,NA,NA,NA,NA,NA,Toss Up,Go for it,Andy Reid,Joe Gibbs,1:50,NA,NA,NA,NA,NA,NA,NA,NA,NA,NA
1767,2007_10_PHI_WAS,2007111107,WAS,PHI,REG,10,WAS,home,PHI,WAS,65,2007-11-11,77,77,1877,Half1,0,8,0,2,3,0,01:17,WAS 35,3,9,(1:17) (Shotgun) 26-C.Portis left guard to WAS 37 for 2 yards (97-B.Bunkley).,run,2,1,0,0,0,0,0,NA,NA,NA,NA,left,guard,NA,NA,NA,NA,1,3,0,NA,NA,NA,NA,1,3,12,7,12,7,5,12,7,5,0.6363787055015564,0.05691923573613167,6.674844189547002e-4,0.05792231857776642,0.15528565645217896,0.0014896027278155088,0.09133695065975189,0,0,0.5306459233397618,-0.4863994981860742,5.03422493783012,-5.03422493783012,-3.1826011684606783,3.1826011684606783,12.628862583355048,-12.628862583355048,NA,NA,0,0,16.34354134881869,-16.34354134881869,-3.0946382356924005,3.0946382356924005,19.406283060729038,-19.406283060729038,-5.830420477373991,5.830420477373991,0.7707130312919617,0.22928696870803833,0.7707130312919617,0.22928696870803833,-0.0166589617729187,-0.013850569725036621,-0.013850569725036621,0.754054069519043,0.24594593048095703,0.7475966215133667,0.7475966215133667,-0.14394167065620422,0.14394167065620422,0.41866706524106667,-0.41866706524106667,NA,NA,0,0,0.18981145616319006,-0.18981145616319006,0.22201498448467838,-0.22201498448467838,0.19297881718423193,-0.19297881718423193,0.23897700607395755,-0.23897700607395755,0,0,0,0,0,1,0,0,0,0,0,0,0,0,0,0,0,0,0,0,0,0,0,0,1,0,0,0,0,0,0,0,1,0,0,0,0,0,0,0,0,0,0,0,0,0,0,0,0,0,0,NA,NA,NA,NA,NA,NA,00-0021179,C.Portis,2,NA,NA,NA,NA,NA,NA,NA,NA,NA,NA,NA,NA,NA,NA,NA,NA,NA,NA,NA,NA,NA,NA,NA,NA,NA,NA,NA,NA,NA,NA,NA,NA,NA,NA,NA,NA,NA,NA,NA,NA,NA,NA,PHI,NA,00-0024229,NA,B.Bunkley,NA,NA,NA,NA,NA,NA,NA,NA,NA,NA,NA,NA,NA,0,NA,NA,NA,NA,NA,NA,NA,NA,NA,NA,NA,NA,NA,NA,NA,NA,NA,NA,NA,NA,NA,NA,NA,NA,NA,NA,NA,NA,NA,NA,NA,0,NA,NA,NA,NA,0,NA,NA,0,0,0,0,NA,NA,2007,NA,NA,24,0,Punt,1767,"11/11/07, 13:03:13",2007-11-11T19:14:17Z,Commanders Field,"Sunny Temp: 49° F, Humidity: 44%, Wind: 4 SE mph",10012007-1111-07c6-43e9-6366420b400f,0,0,RUSH,0,NA,NA,NA,8,Punt,2007-11-11T19:12:59Z,3,1:01,0,0,0,2,2,0,PUNT,PUNT,01:57,00:56,WAS 28,WAS 37,1723,1806,33,25,Home,-8,58,3,37.5,1,outdoors,grass,49,0,Joe Gibbs,Andy Reid,WAS00,FedExField,0,0,NA,NA,C.Portis,26,NA,NA,0,1,0,0,1,NA,00-0021179,NA,C.Portis,26,00-0021179,C.Portis,00-0021179,C.Portis,00-0021179,0,0,-0.4863994981860742,NA,NA,NA,NA,NA,0.8644469380378723,-86.44469380378723,2007,Go for it,NA,NA,NA,NA,NA,NA,NA,NA,NA,NA,Toss Up,Go for it,Andy Reid,Joe Gibbs,1:17,NA,NA,NA,NA,NA,NA,NA,NA,NA,NA
1789,2007_10_PHI_WAS,2007111107,WAS,PHI,REG,10,NA,NA,NA,NA,NA,2007-11-11,64,64,1864,Half1,0,8,0,2,NA,0,01:04,WAS 37,0,9,Timeout #1 by PHI at 01:04.,no_play,0,0,0,0,0,0,0,NA,NA,NA,NA,NA,NA,NA,NA,NA,NA,1,2,1,PHI,NA,NA,NA,NA,NA,12,7,NA,NA,NA,NA,NA,NA,0,0,0,0,0,0,0,0,0,0.044246425153687596,0,5.03422493783012,-5.03422493783012,-3.1826011684606783,3.1826011684606783,12.628862583355048,-12.628862583355048,NA,NA,0,0,16.34354134881869,-16.34354134881869,-3.0946382356924005,3.0946382356924005,19.406283060729038,-19.406283060729038,-5.830420477373991,5.830420477373991,0.754054069519043,0.24594593048095703,0.754054069519043,0.24594593048095703,0,0,0,NA,NA,0.7337460517883301,0.7337460517883301,-0.14394167065620422,0.14394167065620422,0.41866706524106667,-0.41866706524106667,NA,NA,0,0,0.18981145616319006,-0.18981145616319006,0.22201498448467838,-0.22201498448467838,0.19297881718423193,-0.19297881718423193,0.23897700607395755,-0.23897700607395755,0,0,0,0,0,0,0,0,0,0,0,0,0,0,0,0,0,0,0,0,0,0,0,0,0,0,0,0,0,0,0,0,0,0,0,0,0,0,0,0,0,0,0,0,0,0,0,0,0,0,0,NA,NA,NA,NA,NA,NA,NA,NA,NA,NA,NA,NA,NA,NA,NA,NA,NA,NA,NA,NA,NA,NA,NA,NA,NA,NA,NA,NA,NA,NA,NA,NA,NA,NA,NA,NA,NA,NA,NA,NA,NA,NA,NA,NA,NA,NA,NA,NA,NA,NA,NA,NA,NA,NA,NA,NA,NA,NA,NA,NA,NA,NA,NA,NA,NA,NA,NA,NA,NA,0,NA,NA,NA,NA,NA,NA,NA,NA,NA,NA,NA,NA,NA,NA,NA,NA,NA,NA,NA,NA,NA,NA,NA,NA,NA,NA,NA,NA,NA,NA,NA,0,NA,NA,NA,NA,0,NA,NA,0,0,0,0,NA,NA,2007,NA,NA,24,0,Punt,1789,"11/11/07, 13:03:13",2007-11-11T19:14:44Z,Commanders Field,"Sunny Temp: 49° F, Humidity: 44%, Wind: 4 SE mph",10012007-1111-07c6-43e9-6366420b400f,0,0,TIMEOUT,0,NA,NA,NA,8,Punt,2007-11-11T19:12:59Z,3,1:01,0,0,0,2,2,0,PUNT,PUNT,01:57,00:56,WAS 28,WAS 37,1723,1806,33,25,Home,-8,58,3,37.5,1,outdoors,grass,49,0,Joe Gibbs,Andy Reid,WAS00,FedExField,0,0,NA,NA,NA,NA,NA,NA,0,0,0,0,0,NA,NA,NA,NA,NA,NA,NA,NA,NA,NA,0,0,0,NA,NA,NA,NA,NA,NA,NA,2007,Other,NA,NA,NA,NA,NA,NA,NA,NA,NA,NA,Toss Up,Other (Penalty),Andy Reid,Joe Gibbs,1:04,NA,NA,NA,NA,NA,NA,NA,NA,NA,NA
1806,2007_10_PHI_WAS,2007111107,WAS,PHI,REG,10,WAS,home,PHI,WAS,63,2007-11-11,64,64,1864,Half1,0,8,0,2,4,0,01:04,WAS 37,1,9,"(1:04) 4-D.Frost punts 46 yards to PHI 17, Center-67-E.Albright. 25-R.Mahe to PHI 17 for no gain (83-J.Thrash).",punt,0,0,0,0,0,0,0,NA,NA,NA,NA,NA,NA,NA,46,NA,NA,1,2,0,NA,NA,NA,NA,1,2,12,7,12,7,5,12,7,5,0.7832896113395691,0.059876635670661926,5.760284257121384e-4,0.04691315442323685,0.051951076835393906,8.374065509997308e-4,0.056556060910224915,0,0,0.044246425153687596,-0.3050187412882224,4.729206196541898,-4.729206196541898,-3.1826011684606783,3.1826011684606783,12.628862583355048,-12.628862583355048,NA,NA,0,0,16.34354134881869,-16.34354134881869,-3.0946382356924005,3.0946382356924005,19.406283060729038,-19.406283060729038,-5.830420477373991,5.830420477373991,0.754054069519043,0.24594593048095703,0.754054069519043,0.24594593048095703,-0.02526479959487915,-0.019340872764587402,-0.019340872764587402,0.7287892699241638,0.2712107300758362,0.7337460517883301,0.7337460517883301,-0.14394167065620422,0.14394167065620422,0.41866706524106667,-0.41866706524106667,NA,NA,0,0,0.18981145616319006,-0.18981145616319006,0.22201498448467838,-0.22201498448467838,0.19297881718423193,-0.19297881718423193,0.23897700607395755,-0.23897700607395755,0,0,0,0,0,0,0,0,0,0,0,1,0,0,0,0,0,0,0,0,0,0,0,0,1,0,0,0,0,0,0,0,0,0,0,0,0,0,0,0,0,0,0,1,0,0,0,0,0,0,0,NA,NA,NA,NA,NA,NA,NA,NA,NA,NA,NA,NA,NA,NA,NA,NA,NA,NA,NA,NA,NA,00-0021509,R.Mahe,NA,NA,NA,NA,NA,NA,00-0021500,D.Frost,NA,NA,NA,NA,NA,NA,NA,NA,NA,NA,NA,NA,NA,NA,NA,NA,NA,NA,NA,NA,WAS,NA,00-0016440,NA,J.Thrash,NA,NA,NA,NA,NA,NA,NA,NA,NA,NA,NA,NA,NA,0,NA,NA,NA,NA,NA,NA,NA,NA,NA,NA,NA,NA,NA,NA,NA,NA,NA,NA,NA,NA,NA,NA,NA,NA,NA,NA,NA,NA,NA,NA,PHI,0,NA,NA,NA,NA,0,NA,NA,0,0,0,0,NA,NA,2007,NA,NA,24,0,Punt,1806,"11/11/07, 13:03:13",2007-11-11T19:16:08Z,Commanders Field,"Sunny Temp: 49° F, Humidity: 44%, Wind: 4 SE mph",10012007-1111-07c6-43e9-6366420b400f,0,0,PUNT,1,NA,NA,NA,8,Punt,2007-11-11T19:12:59Z,3,1:01,0,0,0,2,2,0,PUNT,PUNT,01:57,00:56,WAS 28,WAS 37,1723,1806,33,25,Home,-8,58,3,37.5,1,outdoors,grass,49,0,Joe Gibbs,Andy Reid,WAS00,FedExField,0,0,NA,NA,NA,NA,NA,NA,0,0,0,1,0,NA,NA,NA,NA,NA,NA,NA,NA,NA,NA,0,0,-0.3050187412882224,NA,NA,NA,NA,NA,NA,NA,2007,Punt,NA,0.6506181420918438,0.5670637041186343,NA,NA,0,0.5626997235231102,0.6447003207867965,0.5626997235231102,0.5880340977356506,Punt,Punt,Andy Reid,Joe Gibbs,1:04,0,0,NA,65,57,NA,59,56,64,56
1831,2007_10_PHI_WAS,2007111107,WAS,PHI,REG,10,PHI,away,WAS,PHI,83,2007-11-11,56,56,1856,Half1,0,9,0,2,1,0,00:56,PHI 17,10,47,(:56) (Shotgun) 36-B.Westbrook up the middle to PHI 24 for 7 yards (20-P.Prioleau).,run,7,1,0,0,0,0,0,NA,NA,NA,NA,middle,NA,NA,NA,NA,NA,1,2,0,NA,NA,NA,NA,2,1,12,7,7,12,-5,7,12,-5,0.7651088237762451,0.04871678352355957,0.004016266670078039,0.028770621865987778,0.11379566788673401,4.3601420475170016e-4,0.03915578871965408,0,0,0.2607723161345348,0.008474798814859241,4.720731397727039,-4.720731397727039,-3.1910759672755376,3.1910759672755376,12.628862583355048,-12.628862583355048,NA,NA,0,0,16.34354134881869,-16.34354134881869,-3.0946382356924005,3.0946382356924005,19.406283060729038,-19.406283060729038,-5.830420477373991,5.830420477373991,0.2712107300758362,0.7287892699241638,0.7287892699241638,0.2712107300758362,-0.0021253228187561035,0.001269996166229248,-0.001269996166229248,0.7309145927429199,0.2690854072570801,0.2855948209762573,0.7144051790237427,-0.14181634783744812,0.14181634783744812,0.41866706524106667,-0.41866706524106667,NA,NA,0,0,0.18981145616319006,-0.18981145616319006,0.22201498448467838,-0.22201498448467838,0.19297881718423193,-0.19297881718423193,0.23897700607395755,-0.23897700607395755,0,0,0,0,0,0,0,0,0,0,0,0,0,0,0,0,0,0,0,0,0,0,0,0,1,0,0,0,0,0,0,0,1,0,0,0,0,0,0,0,0,0,0,0,0,0,0,0,0,0,0,NA,NA,NA,NA,NA,NA,00-0021216,B.Westbrook,7,NA,NA,NA,NA,NA,NA,NA,NA,NA,NA,NA,NA,NA,NA,NA,NA,NA,NA,NA,NA,NA,NA,NA,NA,NA,NA,NA,NA,NA,NA,NA,NA,NA,NA,NA,NA,NA,NA,NA,NA,NA,NA,WAS,NA,00-0013255,NA,P.Prioleau,NA,NA,NA,NA,NA,NA,NA,NA,NA,NA,NA,NA,NA,0,NA,NA,NA,NA,NA,NA,NA,NA,NA,NA,NA,NA,NA,NA,NA,NA,NA,NA,NA,NA,NA,NA,NA,NA,NA,NA,NA,NA,NA,NA,NA,0,NA,NA,NA,NA,0,NA,NA,0,0,0,0,NA,NA,2007,NA,NA,25,1,First down,1831,"11/11/07, 13:03:13",2007-11-11T19:17:05Z,Commanders Field,"Sunny Temp: 49° F, Humidity: 44%, Wind: 4 SE mph",10012007-1111-07c6-43e9-6366420b400f,0,0,RUSH,0,NA,NA,NA,9,Missed field goal,2007-11-11T19:17:05Z,9,0:51,2,0,0,2,2,5,PUNT,MISSED_FG,00:56,00:05,PHI 17,WAS 36,1831,2078,33,25,Home,-8,58,3,37.5,1,outdoors,grass,49,0,Joe Gibbs,Andy Reid,WAS00,FedExField,0,1,NA,NA,B.Westbrook,36,NA,NA,0,1,0,0,1,NA,00-0021216,NA,B.Westbrook,36,00-0021216,B.Westbrook,00-0021216,B.Westbrook,00-0021216,0,0,0.008474798814859241,NA,NA,NA,NA,NA,0.7866075038909912,-78.66075038909912,2007,Go for it,NA,NA,NA,NA,NA,NA,NA,NA,NA,NA,Toss Up,Go for it,Andy Reid,Joe Gibbs,0:56,NA,NA,NA,NA,NA,NA,NA,NA,NA,NA
1853,2007_10_PHI_WAS,2007111107,WAS,PHI,REG,10,NA,NA,NA,NA,NA,2007-11-11,49,49,1849,Half1,0,9,0,2,NA,0,00:49,PHI 24,0,47,Timeout #2 by PHI at 00:49.,no_play,0,0,0,0,0,0,0,NA,NA,NA,NA,NA,NA,NA,NA,NA,NA,1,1,1,PHI,NA,NA,NA,NA,NA,12,7,NA,NA,NA,NA,NA,NA,0,0,0,0,0,0,0,0,0,0.269247114949394,-0,4.720731397727039,-4.720731397727039,-3.1910759672755376,3.1910759672755376,12.628862583355048,-12.628862583355048,NA,NA,0,0,16.34354134881869,-16.34354134881869,-3.0946382356924005,3.0946382356924005,19.406283060729038,-19.406283060729038,-5.830420477373991,5.830420477373991,0.2690854072570801,0.7309145927429199,0.7309145927429199,0.2690854072570801,-0,-0,0,NA,NA,0.28686481714248657,0.7131351828575134,-0.14181634783744812,0.14181634783744812,0.41866706524106667,-0.41866706524106667,NA,NA,0,0,0.18981145616319006,-0.18981145616319006,0.22201498448467838,-0.22201498448467838,0.19297881718423193,-0.19297881718423193,0.23897700607395755,-0.23897700607395755,0,0,0,0,0,0,0,0,0,0,0,0,0,0,0,0,0,0,0,0,0,0,0,0,0,0,0,0,0,0,0,0,0,0,0,0,0,0,0,0,0,0,0,0,0,0,0,0,0,0,0,NA,NA,NA,NA,NA,NA,NA,NA,NA,NA,NA,NA,NA,NA,NA,NA,NA,NA,NA,NA,NA,NA,NA,NA,NA,NA,NA,NA,NA,NA,NA,NA,NA,NA,NA,NA,NA,NA,NA,NA,NA,NA,NA,NA,NA,NA,NA,NA,NA,NA,NA,NA,NA,NA,NA,NA,NA,NA,NA,NA,NA,NA,NA,NA,NA,NA,NA,NA,NA,0,NA,NA,NA,NA,NA,NA,NA,NA,NA,NA,NA,NA,NA,NA,NA,NA,NA,NA,NA,NA,NA,NA,NA,NA,NA,NA,NA,NA,NA,NA,NA,0,NA,NA,NA,NA,0,NA,NA,0,0,0,0,NA,NA,2007,NA,NA,25,1,First down,1853,"11/11/07, 13:03:13",2007-11-11T19:17:39Z,Commanders Field,"Sunny Temp: 49° F, Humidity: 44%, Wind: 4 SE mph",10012007-1111-07c6-43e9-6366420b400f,0,0,TIMEOUT,0,NA,NA,NA,9,Missed field goal,2007-11-11T19:17:05Z,9,0:51,2,0,0,2,2,5,PUNT,MISSED_FG,00:56,00:05,PHI 17,WAS 36,1831,2078,33,25,Home,-8,58,3,37.5,1,outdoors,grass,49,0,Joe Gibbs,Andy Reid,WAS00,FedExField,0,0,NA,NA,NA,NA,NA,NA,0,0,0,0,0,NA,NA,NA,NA,NA,NA,NA,NA,NA,NA,0,0,-0,NA,NA,NA,NA,NA,NA,NA,2007,Other,NA,NA,NA,NA,NA,NA,NA,NA,NA,NA,Toss Up,Other (Penalty),Andy Reid,Joe Gibbs,0:49,NA,NA,NA,NA,NA,NA,NA,NA,NA,NA
1870,2007_10_PHI_WAS,2007111107,WAS,PHI,REG,10,PHI,away,WAS,PHI,76,2007-11-11,49,49,1849,Half1,0,9,0,2,2,0,00:49,PHI 24,3,47,(:49) (Shotgun) 5-D.McNabb pass short right to 80-K.Curtis pushed ob at PHI 33 for 9 yards (24-S.Springs).,pass,9,1,0,1,0,0,0,short,right,7,2,NA,NA,NA,NA,NA,NA,1,1,0,NA,NA,NA,NA,1,1,12,7,7,12,-5,7,12,-5,0.7809751033782959,0.04609702154994011,0.0015040793223306537,0.02363245189189911,0.1142420545220375,3.195060708094388e-4,0.033229760825634,0,0,0.269247114949394,0.29431616846704856,4.42641522925999,-4.42641522925999,-3.1910759672755376,3.1910759672755376,12.334546414887999,-12.334546414887999,0.2499660195899196,0.04435014887712896,0.2499660195899196,0.04435014887712896,16.09357532922877,-16.09357532922877,-3.1389883845695294,3.1389883845695294,19.15631704113912,-19.15631704113912,-5.87477062625112,5.87477062625112,0.2690854072570801,0.7309145927429199,0.7309145927429199,0.2690854072570801,0.004509717226028442,0.008000820875167847,-0.008000820875167847,0.7264048755168915,0.2735951244831085,0.28686481714248657,0.7131351828575134,-0.14181634783744812,0.14181634783744812,0.41415734801503823,-0.41415734801503823,0,0.004509717226028442,0,0.004509717226028442,0.18981145616319006,-0.18981145616319006,0.21750526725864994,-0.21750526725864994,0.19297881718423193,-0.19297881718423193,0.2344672888479291,-0.2344672888479291,0,0,1,0,0,0,0,0,0,0,0,0,0,0,0,0,0,0,0,0,0,0,0,0,1,0,0,0,0,0,0,0,0,1,0,0,0,0,0,0,0,0,0,0,0,1,0,0,0,0,0,00-0011022,D.McNabb,9,00-0022001,K.Curtis,9,NA,NA,NA,NA,NA,NA,NA,NA,NA,NA,NA,NA,NA,NA,NA,NA,NA,NA,NA,NA,NA,NA,NA,NA,NA,NA,NA,NA,NA,NA,NA,NA,NA,NA,NA,NA,NA,NA,NA,NA,NA,NA,NA,NA,NA,WAS,NA,00-0015495,NA,S.Springs,NA,NA,NA,NA,NA,NA,NA,NA,NA,NA,NA,NA,NA,0,NA,NA,NA,NA,NA,NA,NA,NA,NA,NA,NA,NA,NA,NA,NA,NA,NA,NA,NA,NA,NA,NA,NA,NA,NA,NA,NA,NA,NA,NA,NA,0,NA,NA,NA,NA,0,NA,NA,0,0,0,0,NA,NA,2007,0.6553669571876526,34.46330428123474,25,1,First down,1870,"11/11/07, 13:03:13",2007-11-11T19:18:21Z,Commanders Field,"Sunny Temp: 49° F, Humidity: 44%, Wind: 4 SE mph",10012007-1111-07c6-43e9-6366420b400f,0,0,PASS,0,NA,NA,NA,9,Missed field goal,2007-11-11T19:17:05Z,9,0:51,2,0,0,2,2,5,PUNT,MISSED_FG,00:56,00:05,PHI 17,WAS 36,1831,2078,33,25,Home,-8,58,3,37.5,1,outdoors,grass,49,0,Joe Gibbs,Andy Reid,WAS00,FedExField,0,1,D.McNabb,5,NA,NA,K.Curtis,80,1,0,1,0,1,00-0011022,NA,00-0022001,D.McNabb,5,00-0011022,K.Curtis,00-0022001,K.Curtis,00-0022001,1,0,0.29431616846704856,0.16087461064084002,3.4883048650808632,1,0.9990621316828765,0.9990621316828765,0.8613302111625671,13.866978883743286,2007,Go for it,NA,NA,NA,NA,NA,NA,NA,NA,NA,NA,Toss Up,Go for it,Andy Reid,Joe Gibbs,0:49,NA,NA,NA,NA,NA,NA,NA,NA,NA,NA
1899,2007_10_PHI_WAS,2007111107,WAS,PHI,REG,10,PHI,away,WAS,PHI,67,2007-11-11,43,43,1843,Half1,0,9,0,2,1,0,00:43,PHI 33,10,47,(:43) (Shotgun) 5-D.McNabb scrambles right end pushed ob at PHI 42 for 9 yards (20-P.Prioleau).,run,9,1,0,1,0,0,1,NA,NA,NA,NA,right,end,NA,NA,NA,NA,1,1,0,NA,NA,NA,NA,1,1,12,7,7,12,-5,7,12,-5,0.7400712370872498,0.02771735191345215,8.712300914339721e-4,0.01970074325799942,0.17340141534805298,3.0151952523738146e-4,0.037936531007289886,0,0,0.5635632834164426,0.31467251339927316,4.111742715860717,-4.111742715860717,-3.5057484806748107,3.5057484806748107,12.334546414887999,-12.334546414887999,NA,NA,0,0,16.09357532922877,-16.09357532922877,-3.1389883845695294,3.1389883845695294,19.15631704113912,-19.15631704113912,-5.87477062625112,5.87477062625112,0.2735951244831085,0.7264048755168915,0.7264048755168915,0.2735951244831085,0.026923686265945435,0.02395114302635193,-0.02395114302635193,0.699481189250946,0.30051881074905396,0.2948656380176544,0.7051343619823456,-0.16874003410339355,0.16874003410339355,0.41415734801503823,-0.41415734801503823,NA,NA,0,0,0.18981145616319006,-0.18981145616319006,0.21750526725864994,-0.21750526725864994,0.19297881718423193,-0.19297881718423193,0.2344672888479291,-0.2344672888479291,0,0,0,0,0,0,0,0,0,0,0,0,0,0,0,0,0,0,0,0,0,0,0,0,1,0,0,0,0,0,0,0,1,0,0,0,0,0,0,0,0,0,0,0,0,0,0,0,0,0,0,NA,NA,NA,NA,NA,NA,00-0011022,D.McNabb,9,NA,NA,NA,NA,NA,NA,NA,NA,NA,NA,NA,NA,NA,NA,NA,NA,NA,NA,NA,NA,NA,NA,NA,NA,NA,NA,NA,NA,NA,NA,NA,NA,NA,NA,NA,NA,NA,NA,NA,NA,NA,NA,WAS,NA,00-0013255,NA,P.Prioleau,NA,NA,NA,NA,NA,NA,NA,NA,NA,NA,NA,NA,NA,0,NA,NA,NA,NA,NA,NA,NA,NA,NA,NA,NA,NA,NA,NA,NA,NA,NA,NA,NA,NA,NA,NA,NA,NA,NA,NA,NA,NA,NA,NA,NA,0,NA,NA,NA,NA,0,NA,NA,0,0,0,0,NA,NA,2007,NA,NA,26,1,First down,1899,"11/11/07, 13:03:13",2007-11-11T19:18:59Z,Commanders Field,"Sunny Temp: 49° F, Humidity: 44%, Wind: 4 SE mph",10012007-1111-07c6-43e9-6366420b400f,0,0,RUSH,0,NA,NA,NA,9,Missed field goal,2007-11-11T19:17:05Z,9,0:51,2,0,0,2,2,5,PUNT,MISSED_FG,00:56,00:05,PHI 17,WAS 36,1831,2078,33,25,Home,-8,58,3,37.5,1,outdoors,grass,49,0,Joe Gibbs,Andy Reid,WAS00,FedExField,0,1,D.McNabb,5,NA,5,NA,NA,1,0,0,0,1,00-0011022,NA,NA,D.McNabb,5,00-0011022,D.McNabb,00-0011022,D.McNabb,00-0011022,1,0,0.31467251339927316,NA,NA,NA,NA,NA,0.9172549843788147,8.27450156211853,2007,Go for it,NA,NA,NA,NA,NA,NA,NA,NA,NA,NA,Toss Up,Go for it,Andy Reid,Joe Gibbs,0:43,NA,NA,NA,NA,NA,NA,NA,NA,NA,NA
1926,2007_10_PHI_WAS,2007111107,WAS,PHI,REG,10,PHI,away,WAS,PHI,58,2007-11-11,35,35,1835,Half1,0,9,0,2,2,0,00:35,PHI 42,1,47,(:35) (Shotgun) 5-D.McNabb pass incomplete deep right to 80-K.Curtis (24-S.Springs).,pass,0,1,0,1,0,0,0,deep,right,43,NA,NA,NA,NA,NA,NA,NA,1,1,0,NA,NA,NA,NA,1,1,12,7,7,12,-5,7,12,-5,0.7013660669326782,0.021416915580630302,5.966078024357557e-4,0.010572338476777077,0.2107563614845276,3.250091685913503e-4,0.05496671795845032,0,0,0.8782357968157157,-0.26964938861783594,4.381392104478553,-4.381392104478553,-3.5057484806748107,3.5057484806748107,12.604195803505835,-12.604195803505835,3.0860119170392863,-3.3556613056571223,0,0,16.09357532922877,-16.09357532922877,-3.1389883845695294,3.1389883845695294,16.070305124099832,-16.070305124099832,-2.519109320593998,2.519109320593998,0.30051881074905396,0.699481189250946,0.699481189250946,0.30051881074905396,-0.03880065679550171,-0.033958613872528076,0.033958613872528076,0.7382818460464478,0.26171815395355225,0.31881678104400635,0.6811832189559937,-0.16874003410339355,0.16874003410339355,0.45295800481053994,-0.45295800481053994,0,-0.03880065679550171,0,0,0.18981145616319006,-0.18981145616319006,0.21750526725864994,-0.21750526725864994,0.19297881718423193,-0.19297881718423193,0.2732679456434308,-0.2732679456434308,0,0,0,0,0,0,0,0,1,0,0,0,0,0,0,0,0,0,0,0,0,0,0,0,0,0,0,0,0,0,0,0,0,1,0,0,0,0,0,0,0,0,0,0,0,0,0,0,0,0,0,00-0011022,D.McNabb,NA,NA,NA,NA,NA,NA,NA,NA,NA,NA,NA,NA,NA,NA,NA,NA,NA,NA,NA,NA,NA,NA,NA,NA,NA,NA,NA,NA,NA,NA,NA,NA,NA,NA,NA,NA,NA,NA,NA,NA,NA,NA,NA,NA,NA,NA,NA,NA,NA,NA,NA,NA,NA,NA,NA,NA,NA,NA,NA,NA,NA,NA,NA,NA,NA,NA,NA,0,NA,NA,NA,NA,NA,NA,00-0015495,S.Springs,NA,NA,NA,NA,NA,NA,NA,NA,NA,NA,NA,NA,NA,NA,NA,NA,NA,NA,NA,NA,NA,NA,NA,0,NA,NA,NA,NA,0,NA,NA,0,0,0,0,NA,NA,2007,0.25161251425743103,-25.161251425743103,26,1,First down,1926,"11/11/07, 13:03:13",2007-11-11T19:19:43Z,Commanders Field,"Sunny Temp: 49° F, Humidity: 44%, Wind: 4 SE mph",10012007-1111-07c6-43e9-6366420b400f,0,0,PASS,0,NA,NA,NA,9,Missed field goal,2007-11-11T19:17:05Z,9,0:51,2,0,0,2,2,5,PUNT,MISSED_FG,00:56,00:05,PHI 17,WAS 36,1831,2078,33,25,Home,-8,58,3,37.5,1,outdoors,grass,49,0,Joe Gibbs,Andy Reid,WAS00,FedExField,0,0,D.McNabb,5,NA,NA,K.Curtis,80,1,0,0,0,1,00-0011022,NA,00-0022001,D.McNabb,5,00-0011022,NA,NA,K.Curtis,00-0022001,0,0,-0.26964938861783594,1.089701557959641,6.71445501621929,5,1,1,0.9230820536613464,7.6917946338653564,2007,Go for it,NA,NA,NA,NA,NA,NA,NA,NA,NA,NA,Toss Up,Go for it,Andy Reid,Joe Gibbs,0:35,NA,NA,NA,NA,NA,NA,NA,NA,NA,NA
1948,2007_10_PHI_WAS,2007111107,WAS,PHI,REG,10,PHI,away,WAS,PHI,58,2007-11-11,28,28,1828,Half1,0,9,0,2,3,0,00:28,PHI 42,1,47,(:28) (Shotgun) 36-B.Westbrook right tackle to WAS 45 for 13 yards (24-S.Springs).,run,13,1,0,0,0,0,0,NA,NA,NA,NA,right,tackle,NA,NA,NA,NA,1,1,0,NA,NA,NA,NA,1,1,12,7,7,12,-5,7,12,-5,0.7745139002799988,0.019431842491030693,5.496299127116799e-4,0.010663732886314392,0.15494565665721893,2.9532203916460276e-4,0.039599958807229996,0,0,0.6085864081978798,0.4711784636019729,3.91021364087658,-3.91021364087658,-3.9769269442767836,3.9769269442767836,12.604195803505835,-12.604195803505835,NA,NA,0,0,16.09357532922877,-16.09357532922877,-3.1389883845695294,3.1389883845695294,16.070305124099832,-16.070305124099832,-2.519109320593998,2.519109320593998,0.26171815395355225,0.7382818460464478,0.7382818460464478,0.26171815395355225,0.04043552279472351,0.028262436389923096,-0.028262436389923096,0.6978463232517242,0.30215367674827576,0.28485816717147827,0.7151418328285217,-0.20917555689811707,0.20917555689811707,0.45295800481053994,-0.45295800481053994,NA,NA,0,0,0.18981145616319006,-0.18981145616319006,0.21750526725864994,-0.21750526725864994,0.19297881718423193,-0.19297881718423193,0.2732679456434308,-0.2732679456434308,0,1,0,0,1,0,0,0,0,0,0,0,0,0,0,0,0,0,0,0,0,0,0,0,1,0,0,0,0,0,0,0,1,0,0,0,0,0,0,0,0,0,0,0,0,0,0,0,0,0,0,NA,NA,NA,NA,NA,NA,00-0021216,B.Westbrook,13,NA,NA,NA,NA,NA,NA,NA,NA,NA,NA,NA,NA,NA,NA,NA,NA,NA,NA,NA,NA,NA,NA,NA,NA,NA,NA,NA,NA,NA,NA,NA,NA,NA,NA,NA,NA,NA,NA,NA,NA,NA,NA,WAS,NA,00-0015495,NA,S.Springs,NA,NA,NA,NA,NA,NA,NA,NA,NA,NA,NA,NA,NA,0,NA,NA,NA,NA,NA,NA,NA,NA,NA,NA,NA,NA,NA,NA,NA,NA,NA,NA,NA,NA,NA,NA,NA,NA,NA,NA,NA,NA,NA,NA,NA,0,NA,NA,NA,NA,0,NA,NA,0,0,0,0,NA,NA,2007,NA,NA,26,1,First down,1948,"11/11/07, 13:03:13",2007-11-11T19:20:28Z,Commanders Field,"Sunny Temp: 49° F, Humidity: 44%, Wind: 4 SE mph",10012007-1111-07c6-43e9-6366420b400f,0,0,RUSH,0,NA,NA,NA,9,Missed field goal,2007-11-11T19:17:05Z,9,0:51,2,0,0,2,2,5,PUNT,MISSED_FG,00:56,00:05,PHI 17,WAS 36,1831,2078,33,25,Home,-8,58,3,37.5,1,outdoors,grass,49,0,Joe Gibbs,Andy Reid,WAS00,FedExField,0,1,NA,NA,B.Westbrook,36,NA,NA,0,1,1,0,1,NA,00-0021216,NA,B.Westbrook,36,00-0021216,B.Westbrook,00-0021216,B.Westbrook,00-0021216,0,0,0.4711784636019729,NA,NA,NA,NA,NA,0.695834755897522,-69.5834755897522,2007,Go for it,NA,NA,NA,NA,NA,NA,NA,NA,NA,NA,Toss Up,Go for it,Andy Reid,Joe Gibbs,0:28,NA,NA,NA,NA,NA,NA,NA,NA,NA,NA
1970,2007_10_PHI_WAS,2007111107,WAS,PHI,REG,10,NA,NA,NA,NA,NA,2007-11-11,23,23,1823,Half1,0,9,0,2,NA,0,00:23,WAS 45,0,47,Timeout #3 by PHI at 00:23.,no_play,0,0,0,0,0,0,0,NA,NA,NA,NA,NA,NA,NA,NA,NA,NA,1,0,1,PHI,NA,NA,NA,NA,NA,12,7,NA,NA,NA,NA,NA,NA,0,0,0,0,0,0,0,0,0,1.0797648717998527,-0,3.91021364087658,-3.91021364087658,-3.9769269442767836,3.9769269442767836,12.604195803505835,-12.604195803505835,NA,NA,0,0,16.09357532922877,-16.09357532922877,-3.1389883845695294,3.1389883845695294,16.070305124099832,-16.070305124099832,-2.519109320593998,2.519109320593998,0.30215367674827576,0.6978463232517242,0.6978463232517242,0.30215367674827576,-0,-0,0,NA,NA,0.31312060356140137,0.6868793964385986,-0.20917555689811707,0.20917555689811707,0.45295800481053994,-0.45295800481053994,NA,NA,0,0,0.18981145616319006,-0.18981145616319006,0.21750526725864994,-0.21750526725864994,0.19297881718423193,-0.19297881718423193,0.2732679456434308,-0.2732679456434308,0,0,0,0,0,0,0,0,0,0,0,0,0,0,0,0,0,0,0,0,0,0,0,0,0,0,0,0,0,0,0,0,0,0,0,0,0,0,0,0,0,0,0,0,0,0,0,0,0,0,0,NA,NA,NA,NA,NA,NA,NA,NA,NA,NA,NA,NA,NA,NA,NA,NA,NA,NA,NA,NA,NA,NA,NA,NA,NA,NA,NA,NA,NA,NA,NA,NA,NA,NA,NA,NA,NA,NA,NA,NA,NA,NA,NA,NA,NA,NA,NA,NA,NA,NA,NA,NA,NA,NA,NA,NA,NA,NA,NA,NA,NA,NA,NA,NA,NA,NA,NA,NA,NA,0,NA,NA,NA,NA,NA,NA,NA,NA,NA,NA,NA,NA,NA,NA,NA,NA,NA,NA,NA,NA,NA,NA,NA,NA,NA,NA,NA,NA,NA,NA,NA,0,NA,NA,NA,NA,0,NA,NA,0,0,0,0,NA,NA,2007,NA,NA,27,0,Missed field goal,1970,"11/11/07, 13:03:13",2007-11-11T19:20:52Z,Commanders Field,"Sunny Temp: 49° F, Humidity: 44%, Wind: 4 SE mph",10012007-1111-07c6-43e9-6366420b400f,0,0,TIMEOUT,0,NA,NA,NA,9,Missed field goal,2007-11-11T19:17:05Z,9,0:51,2,0,0,2,2,5,PUNT,MISSED_FG,00:56,00:05,PHI 17,WAS 36,1831,2078,33,25,Home,-8,58,3,37.5,1,outdoors,grass,49,0,Joe Gibbs,Andy Reid,WAS00,FedExField,0,0,NA,NA,NA,NA,NA,NA,0,0,0,0,0,NA,NA,NA,NA,NA,NA,NA,NA,NA,NA,0,0,-0,NA,NA,NA,NA,NA,NA,NA,2007,Other,NA,NA,NA,NA,NA,NA,NA,NA,NA,NA,Toss Up,Other (Penalty),Andy Reid,Joe Gibbs,0:23,NA,NA,NA,NA,NA,NA,NA,NA,NA,NA
1987,2007_10_PHI_WAS,2007111107,WAS,PHI,REG,10,PHI,away,WAS,WAS,45,2007-11-11,23,23,1823,Half1,0,9,0,2,1,0,00:23,WAS 45,10,47,"(:23) (Shotgun) PENALTY on WAS-96-C.Griffin, Defensive Offside, 5 yards, enforced at WAS 45 - No Play.",no_play,0,1,0,0,0,0,0,NA,NA,NA,NA,NA,NA,NA,NA,NA,NA,1,0,0,NA,NA,NA,NA,0,1,12,7,7,12,-5,7,12,-5,0.6842966079711914,0.006217470392584801,3.487912763375789e-4,0.007689531426876783,0.23893511295318604,2.902490086853504e-4,0.06222224980592728,0,0,1.0797648717998527,0.37240229512099177,3.537811345755588,-3.537811345755588,-3.9769269442767836,3.9769269442767836,12.604195803505835,-12.604195803505835,NA,NA,0,0,16.09357532922877,-16.09357532922877,-3.1389883845695294,3.1389883845695294,16.070305124099832,-16.070305124099832,-2.519109320593998,2.519109320593998,0.30215367674827576,0.6978463232517242,0.6978463232517242,0.30215367674827576,0.009600251913070679,0.03267356753349304,-0.03267356753349304,NA,NA,0.31312060356140137,0.6868793964385986,-0.20917555689811707,0.20917555689811707,0.45295800481053994,-0.45295800481053994,NA,NA,0,0,0.18981145616319006,-0.18981145616319006,0.21750526725864994,-0.21750526725864994,0.19297881718423193,-0.19297881718423193,0.2732679456434308,-0.2732679456434308,0,0,0,0,0,0,0,0,0,0,0,0,0,0,0,0,0,0,0,0,0,0,0,0,0,0,1,0,0,0,0,0,0,0,0,0,0,0,0,0,0,0,0,0,0,0,0,0,0,0,0,NA,NA,NA,NA,NA,NA,NA,NA,NA,NA,NA,NA,NA,NA,NA,NA,NA,NA,NA,NA,NA,NA,NA,NA,NA,NA,NA,NA,NA,NA,NA,NA,NA,NA,NA,NA,NA,NA,NA,NA,NA,NA,NA,NA,NA,NA,NA,NA,NA,NA,NA,NA,NA,NA,NA,NA,NA,NA,NA,NA,NA,NA,NA,NA,NA,NA,NA,NA,NA,0,NA,NA,NA,NA,NA,NA,NA,NA,NA,NA,NA,NA,NA,NA,NA,NA,NA,NA,NA,NA,NA,NA,NA,NA,NA,NA,NA,NA,NA,NA,NA,0,WAS,00-0019700,C.Griffin,5,0,NA,Defensive Offside,0,0,0,0,NA,NA,2007,NA,NA,27,0,Missed field goal,1987,"11/11/07, 13:03:13",2007-11-11T19:21:32Z,Commanders Field,"Sunny Temp: 49° F, Humidity: 44%, Wind: 4 SE mph",10012007-1111-07c6-43e9-6366420b400f,0,0,PENALTY,0,NA,NA,NA,9,Missed field goal,2007-11-11T19:17:05Z,9,0:51,2,0,0,2,2,5,PUNT,MISSED_FG,00:56,00:05,PHI 17,WAS 36,1831,2078,33,25,Home,-8,58,3,37.5,1,outdoors,grass,49,0,Joe Gibbs,Andy Reid,WAS00,FedExField,0,1,NA,NA,NA,NA,NA,NA,0,0,0,0,1,NA,NA,NA,NA,NA,NA,NA,NA,NA,NA,0,0,0.37240229512099177,NA,NA,NA,NA,NA,0.9591660499572754,NA,2007,Other,NA,NA,NA,NA,NA,NA,NA,NA,NA,NA,Toss Up,Other (Penalty),Andy Reid,Joe Gibbs,0:23,NA,NA,NA,NA,NA,NA,NA,NA,NA,NA
2010,2007_10_PHI_WAS,2007111107,WAS,PHI,REG,10,PHI,away,WAS,WAS,40,2007-11-11,23,23,1823,Half1,0,9,0,2,1,0,00:23,WAS 40,5,47,(:23) (Shotgun) 5-D.McNabb pass incomplete short right to 86-R.Brown [30-L.Landry].,pass,0,1,0,1,0,0,0,short,right,5,NA,NA,NA,NA,NA,NA,NA,1,0,0,NA,NA,NA,NA,0,1,12,7,7,12,-5,7,12,-5,0.6036957502365112,0.008726093918085098,3.3084797905758023e-4,0.007759665139019489,0.28036490082740784,3.25754372170195e-4,0.098796941339969635,0,0,1.4521671669208445,-0.26913299749139696,3.806944343246985,-3.806944343246985,-3.9769269442767836,3.9769269442767836,12.873328800997232,-12.873328800997232,0.02194959914777428,-0.29108259663917124,0,0,16.09357532922877,-16.09357532922877,-3.1389883845695294,3.1389883845695294,16.048355524952058,-16.048355524952058,-2.2280267239548266,2.2280267239548266,0.31175392866134644,0.6882460713386536,0.6882460713386536,0.31175392866134644,-0.011630743741989136,-0.021829217672348022,0.021829217672348022,0.6998768150806427,0.3001231849193573,0.3457941710948944,0.6542058289051056,-0.20917555689811707,0.20917555689811707,0.4645887485525291,-0.4645887485525291,0,-0.011630743741989136,0,0,0.18981145616319006,-0.18981145616319006,0.21750526725864994,-0.21750526725864994,0.19297881718423193,-0.19297881718423193,0.28489868938541996,-0.28489868938541996,0,0,0,0,0,0,0,0,1,0,0,0,0,0,0,0,0,0,0,0,0,0,0,0,0,0,0,0,0,0,0,1,0,1,0,0,0,0,0,0,0,0,0,0,0,0,0,0,0,0,0,00-0011022,D.McNabb,NA,NA,NA,NA,NA,NA,NA,NA,NA,NA,NA,NA,NA,NA,NA,NA,NA,NA,NA,NA,NA,NA,NA,NA,NA,NA,NA,NA,NA,NA,NA,NA,NA,NA,NA,NA,NA,NA,NA,00-0025393,L.Landry,NA,NA,NA,NA,NA,NA,NA,NA,NA,NA,NA,NA,NA,NA,NA,NA,NA,NA,NA,NA,NA,NA,NA,NA,NA,NA,0,NA,NA,NA,NA,NA,NA,NA,NA,NA,NA,NA,NA,NA,NA,NA,NA,NA,NA,NA,NA,NA,NA,NA,NA,NA,NA,NA,NA,NA,NA,NA,0,NA,NA,NA,NA,0,NA,NA,0,0,0,0,NA,NA,2007,0.3840949237346649,-38.40949237346649,27,0,Missed field goal,2010,"11/11/07, 13:03:13",2007-11-11T19:22:11Z,Commanders Field,"Sunny Temp: 49° F, Humidity: 44%, Wind: 4 SE mph",10012007-1111-07c6-43e9-6366420b400f,0,0,PASS,0,NA,NA,NA,9,Missed field goal,2007-11-11T19:17:05Z,9,0:51,2,0,0,2,2,5,PUNT,MISSED_FG,00:56,00:05,PHI 17,WAS 36,1831,2078,33,25,Home,-8,58,3,37.5,1,outdoors,grass,49,0,Joe Gibbs,Andy Reid,WAS00,FedExField,0,0,D.McNabb,5,NA,NA,R.Brown,86,1,0,0,0,1,00-0011022,NA,00-0023470,D.McNabb,5,00-0011022,NA,NA,R.Brown,00-0023470,0,0,-0.26913299749139696,0.3507127437732126,3.990103738498874,2,0.995111808355432,0.9729668723302893,0.9677267670631409,3.227323293685913,2007,Go for it,NA,NA,NA,NA,NA,NA,NA,NA,NA,NA,Toss Up,Go for it,Andy Reid,Joe Gibbs,0:23,NA,NA,NA,NA,NA,NA,NA,NA,NA,NA
2032,2007_10_PHI_WAS,2007111107,WAS,PHI,REG,10,PHI,away,WAS,WAS,40,2007-11-11,19,19,1819,Half1,0,9,0,2,2,0,00:19,WAS 40,5,47,(:19) (Shotgun) 5-D.McNabb pass incomplete short right to 86-R.Brown.,pass,0,1,0,1,0,0,0,short,right,10,NA,NA,NA,NA,NA,NA,NA,1,0,0,NA,NA,NA,NA,0,1,12,7,7,12,-5,7,12,-5,0.6542624235153198,0.006636819802224636,3.3026604796759784e-4,0.005488399416208267,0.27232250571250916,3.3214729046449065e-4,0.06062744930386543,0,0,1.1830341694294475,-0.27440523373661563,4.081349576983601,-4.081349576983601,-3.9769269442767836,3.9769269442767836,13.147734034733848,-13.147734034733848,0.5217955164262094,-0.796200750162825,0,0,16.09357532922877,-16.09357532922877,-3.1389883845695294,3.1389883845695294,15.526560008525848,-15.526560008525848,-1.4318259737920016,1.4318259737920016,0.3001231849193573,0.6998768150806427,0.6998768150806427,0.3001231849193573,-0.017454862594604492,-0.02210208773612976,0.02210208773612976,0.7173316776752472,0.2826683223247528,0.3239649534225464,0.6760350465774536,-0.20917555689811707,0.20917555689811707,0.48204361114713357,-0.48204361114713357,0,-0.017454862594604492,0,0,0.18981145616319006,-0.18981145616319006,0.21750526725864994,-0.21750526725864994,0.19297881718423193,-0.19297881718423193,0.30235355198002445,-0.30235355198002445,0,0,0,0,0,0,0,0,1,0,0,0,0,0,0,0,0,0,0,0,0,0,0,0,0,0,0,0,0,0,0,0,0,1,0,0,0,0,0,0,0,0,0,0,0,0,0,0,0,0,0,00-0011022,D.McNabb,NA,NA,NA,NA,NA,NA,NA,NA,NA,NA,NA,NA,NA,NA,NA,NA,NA,NA,NA,NA,NA,NA,NA,NA,NA,NA,NA,NA,NA,NA,NA,NA,NA,NA,NA,NA,NA,NA,NA,NA,NA,NA,NA,NA,NA,NA,NA,NA,NA,NA,NA,NA,NA,NA,NA,NA,NA,NA,NA,NA,NA,NA,NA,NA,NA,NA,NA,0,NA,NA,NA,NA,NA,NA,NA,NA,NA,NA,NA,NA,NA,NA,NA,NA,NA,NA,NA,NA,NA,NA,NA,NA,NA,NA,NA,NA,NA,NA,NA,0,NA,NA,NA,NA,0,NA,NA,0,0,0,0,NA,NA,2007,0.596564531326294,-59.656453132629395,27,0,Missed field goal,2032,"11/11/07, 13:03:13",2007-11-11T19:22:54Z,Commanders Field,"Sunny Temp: 49° F, Humidity: 44%, Wind: 4 SE mph",10012007-1111-07c6-43e9-6366420b400f,0,0,PASS,0,NA,NA,NA,9,Missed field goal,2007-11-11T19:17:05Z,9,0:51,2,0,0,2,2,5,PUNT,MISSED_FG,00:56,00:05,PHI 17,WAS 36,1831,2078,33,25,Home,-8,58,3,37.5,1,outdoors,grass,49,0,Joe Gibbs,Andy Reid,WAS00,FedExField,0,0,D.McNabb,5,NA,NA,R.Brown,86,1,0,0,0,1,00-0011022,NA,00-0023470,D.McNabb,5,00-0011022,NA,NA,R.Brown,00-0023470,0,0,-0.27440523373661563,0.2708671456745201,3.464891008392442,1,1,1,0.9699989557266235,3.0001044273376465,2007,Go for it,NA,NA,NA,NA,NA,NA,NA,NA,NA,NA,Toss Up,Go for it,Andy Reid,Joe Gibbs,0:19,NA,NA,NA,NA,NA,NA,NA,NA,NA,NA
2054,2007_10_PHI_WAS,2007111107,WAS,PHI,REG,10,PHI,away,WAS,WAS,40,2007-11-11,14,14,1814,Half1,0,9,0,2,3,0,00:14,WAS 40,5,47,(:14) (Shotgun) 5-D.McNabb pass short left to 80-K.Curtis pushed ob at WAS 36 for 4 yards (27-F.Smoot).,pass,4,1,0,1,0,0,0,short,left,4,0,NA,NA,NA,NA,NA,NA,1,0,0,NA,NA,NA,NA,0,1,12,7,7,12,-5,7,12,-5,0.7201904058456421,0.005147208925336599,3.3298166817985475e-4,0.006102653220295906,0.22709903120994568,3.4722776035778224e-4,0.040780507028102875,0,0,0.9086289356928319,0.6577443715605213,3.4236052054230797,-3.4236052054230797,-3.9769269442767836,3.9769269442767836,12.489989663173326,-12.489989663173326,0.6577443715605213,0,0.6577443715605213,0,15.435830957668248,-15.435830957668248,-3.1389883845695294,3.1389883845695294,14.868815636965326,-14.868815636965326,-1.4318259737920016,1.4318259737920016,0.2826683223247528,0.7173316776752472,0.7173316776752472,0.2826683223247528,-0.01079648733139038,-0.02385812997817993,0.02385812997817993,0.7281281650066376,0.2718718349933624,0.3018628656864166,0.6981371343135834,-0.20917555689811707,0.20917555689811707,0.49284009847852395,-0.49284009847852395,-0.01079648733139038,0,-0.01079648733139038,0,0.20060794349458044,-0.20060794349458044,0.21750526725864994,-0.21750526725864994,0.2037753045156223,-0.2037753045156223,0.30235355198002445,-0.30235355198002445,0,0,0,0,0,1,0,0,0,0,0,0,0,0,0,0,0,0,0,0,0,0,0,0,1,0,0,0,0,0,0,0,0,1,0,0,0,0,0,0,0,0,0,0,0,1,0,0,0,0,0,00-0011022,D.McNabb,4,00-0022001,K.Curtis,4,NA,NA,NA,NA,NA,NA,NA,NA,NA,NA,NA,NA,NA,NA,NA,NA,NA,NA,NA,NA,NA,NA,NA,NA,NA,NA,NA,NA,NA,NA,NA,NA,NA,NA,NA,NA,NA,NA,NA,NA,NA,NA,NA,NA,NA,WAS,NA,00-0020522,NA,F.Smoot,NA,NA,NA,NA,NA,NA,NA,NA,NA,NA,NA,NA,NA,0,NA,NA,NA,NA,NA,NA,NA,NA,NA,NA,NA,NA,NA,NA,NA,NA,NA,NA,NA,NA,NA,NA,NA,NA,NA,NA,NA,NA,NA,NA,NA,0,NA,NA,NA,NA,0,NA,NA,0,0,0,0,NA,NA,2007,0.6683236956596375,33.167630434036255,27,0,Missed field goal,2054,"11/11/07, 13:03:13",2007-11-11T19:23:34Z,Commanders Field,"Sunny Temp: 49° F, Humidity: 44%, Wind: 4 SE mph",10012007-1111-07c6-43e9-6366420b400f,0,0,PASS,0,NA,NA,NA,9,Missed field goal,2007-11-11T19:17:05Z,9,0:51,2,0,0,2,2,5,PUNT,MISSED_FG,00:56,00:05,PHI 17,WAS 36,1831,2078,33,25,Home,-8,58,3,37.5,1,outdoors,grass,49,0,Joe Gibbs,Andy Reid,WAS00,FedExField,0,1,D.McNabb,5,NA,NA,K.Curtis,80,1,0,0,0,1,00-0011022,NA,00-0022001,D.McNabb,5,00-0011022,K.Curtis,00-0022001,K.Curtis,00-0022001,1,0,0.6577443715605213,-0.16757927213027346,3.82033466512803,2,0.9867719252652023,0.6483514745777939,0.9721001386642456,2.7899861335754395,2007,Go for it,NA,NA,NA,NA,NA,NA,NA,NA,NA,NA,Toss Up,Go for it,Andy Reid,Joe Gibbs,0:14,NA,NA,NA,NA,NA,NA,NA,NA,NA,NA
2078,2007_10_PHI_WAS,2007111107,WAS,PHI,REG,10,PHI,away,WAS,WAS,36,2007-11-11,10,10,1810,Half1,0,9,0,2,4,0,00:10,WAS 36,1,47,"(:10) 2-D.Akers 53 yard field goal is No Good, Short, Center-46-J.Dorenbos, Holder-6-S.Rocca.",field_goal,0,0,0,0,0,0,0,NA,NA,NA,NA,NA,NA,missed,53,NA,NA,1,0,0,NA,NA,NA,NA,0,1,12,7,7,12,-5,7,12,-5,0.4428232560587919,0.012749733149476828,8.683487196304729e-5,0.003780167016196936,0.5379422316788327,1.787467952156928e-4,0.00243902241887985,0,0,1.5663733072533532,-1.5663733072533532,4.989978512676433,-4.989978512676433,-3.9769269442767836,3.9769269442767836,12.489989663173326,-12.489989663173326,NA,NA,0,0,15.435830957668248,-15.435830957668248,-3.1389883845695294,3.1389883845695294,14.868815636965326,-14.868815636965326,-1.4318259737920016,1.4318259737920016,0.2718718349933624,0.7281281650066376,0.7281281650066376,0.2718718349933624,-0.07295003533363342,-0.0681893527507782,0.0681893527507782,0.801078200340271,0.198921799659729,0.2780047357082367,0.7219952642917633,-0.20917555689811707,0.20917555689811707,0.49284009847852395,-0.49284009847852395,NA,NA,0,0,0.20060794349458044,-0.20060794349458044,0.21750526725864994,-0.21750526725864994,0.2037753045156223,-0.2037753045156223,0.30235355198002445,-0.30235355198002445,0,0,0,0,0,0,0,0,0,0,0,0,0,0,0,0,0,0,0,0,0,0,0,0,0,0,0,0,0,0,0,0,0,0,0,0,0,0,0,0,0,1,0,0,0,0,0,0,0,0,0,NA,NA,NA,NA,NA,NA,NA,NA,NA,NA,NA,NA,NA,NA,NA,NA,NA,NA,NA,NA,NA,NA,NA,NA,NA,NA,NA,NA,NA,NA,NA,D.Akers,00-0000108,NA,NA,NA,NA,NA,NA,NA,NA,NA,NA,NA,NA,NA,NA,NA,NA,NA,NA,NA,NA,NA,NA,NA,NA,NA,NA,NA,NA,NA,NA,NA,NA,NA,NA,NA,NA,0,NA,NA,NA,NA,NA,NA,NA,NA,NA,NA,NA,NA,NA,NA,NA,NA,NA,NA,NA,NA,NA,NA,NA,NA,NA,NA,NA,NA,NA,NA,NA,0,NA,NA,NA,NA,0,NA,NA,0,0,0,0,NA,NA,2007,NA,NA,27,0,Missed field goal,2078,"11/11/07, 13:03:13",2007-11-11T19:24:20Z,Commanders Field,"Sunny Temp: 49° F, Humidity: 44%, Wind: 4 SE mph",10012007-1111-07c6-43e9-6366420b400f,0,0,FIELD_GOAL,0,NA,NA,NA,9,Missed field goal,2007-11-11T19:17:05Z,9,0:51,2,0,0,2,2,5,PUNT,MISSED_FG,00:56,00:05,PHI 17,WAS 36,1831,2078,33,25,Home,-8,58,3,37.5,1,outdoors,grass,49,0,Joe Gibbs,Andy Reid,WAS00,FedExField,0,0,NA,NA,NA,NA,NA,NA,0,0,0,1,0,NA,NA,NA,NA,NA,NA,NA,NA,NA,NA,0,0,-1.5663733072533532,NA,NA,NA,NA,NA,NA,NA,2007,Field Goal,NA,0.6509750529803568,0.8081038890535195,NA,NA,NA,0.7970187366008759,0.8821805827319622,NA,0.8369360286569668,Punt,Field Goal,Andy Reid,Joe Gibbs,0:10,0.5379422316788327,54,NA,65,81,NA,84,NA,88,80
2098,2007_10_PHI_WAS,2007111107,WAS,PHI,REG,10,WAS,home,PHI,WAS,57,2007-11-11,5,5,1805,Half1,0,10,0,2,1,0,00:05,WAS 43,10,-2,(:05) 17-J.Campbell kneels to WAS 41 for -2 yards.,qb_kneel,-2,0,0,0,1,0,0,NA,NA,NA,NA,NA,NA,NA,NA,NA,NA,1,0,0,NA,NA,NA,NA,1,0,12,7,12,7,5,12,7,5,1,0,0,0,0,0,0,0,0,0,0,4.989978512676433,-4.989978512676433,-3.9769269442767836,3.9769269442767836,12.489989663173326,-12.489989663173326,NA,NA,0,0,15.435830957668248,-15.435830957668248,-3.1389883845695294,3.1389883845695294,14.868815636965326,-14.868815636965326,-1.4318259737920016,1.4318259737920016,0.801078200340271,0.198921799659729,0.801078200340271,0.198921799659729,NA,NA,-0.04510676860809326,NA,NA,0.7901846170425415,0.7901846170425415,-0.20917555689811707,0.20917555689811707,0.49284009847852395,-0.49284009847852395,NA,NA,0,0,0.20060794349458044,-0.20060794349458044,0.21750526725864994,-0.21750526725864994,0.2037753045156223,-0.2037753045156223,0.30235355198002445,-0.30235355198002445,0,0,0,0,0,0,0,0,0,0,0,0,0,0,0,0,0,0,0,0,0,0,0,0,0,0,0,0,0,0,0,0,1,0,0,0,0,0,0,0,0,0,0,0,0,0,0,0,0,0,0,NA,NA,NA,NA,NA,NA,00-0023460,J.Campbell,-2,NA,NA,NA,NA,NA,NA,NA,NA,NA,NA,NA,NA,NA,NA,NA,NA,NA,NA,NA,NA,NA,NA,NA,NA,NA,NA,NA,NA,NA,NA,NA,NA,NA,NA,NA,NA,NA,NA,NA,NA,NA,NA,NA,NA,NA,NA,NA,NA,NA,NA,NA,NA,NA,NA,NA,NA,NA,NA,NA,NA,0,NA,NA,NA,NA,NA,NA,NA,NA,NA,NA,NA,NA,NA,NA,NA,NA,NA,NA,NA,NA,NA,NA,NA,NA,NA,NA,NA,NA,NA,NA,NA,0,NA,NA,NA,NA,0,NA,NA,0,0,0,0,NA,NA,2007,NA,NA,28,0,QB kneel,2098,"11/11/07, 13:03:13",2007-11-11T19:25:10Z,Commanders Field,"Sunny Temp: 49° F, Humidity: 44%, Wind: 4 SE mph",10012007-1111-07c6-43e9-6366420b400f,0,0,RUSH,0,NA,NA,NA,10,End of half,2007-11-11T19:25:10Z,1,0:05,0,0,0,2,2,0,MISSED_FG,END_HALF,00:05,00:00,WAS 43,WAS 43,2098,2120,33,25,Home,-8,58,3,37.5,1,outdoors,grass,49,0,Joe Gibbs,Andy Reid,WAS00,FedExField,0,0,NA,NA,J.Campbell,NA,NA,NA,0,0,0,0,0,NA,00-0023460,NA,J.Campbell,NA,00-0023460,J.Campbell,00-0023460,J.Campbell,00-0023460,0,0,0,NA,NA,NA,NA,NA,NA,NA,2007,Other,NA,NA,NA,NA,NA,NA,NA,NA,NA,NA,Toss Up,Other,Andy Reid,Joe Gibbs,0:05,NA,NA,NA,NA,NA,NA,NA,NA,NA,NA
2120,2007_10_PHI_WAS,2007111107,WAS,PHI,REG,10,NA,NA,NA,NA,NA,2007-11-11,0,0,1800,Half1,1,10,0,2,NA,0,00:00,PHI 30,0,-2,END QUARTER 2,NA,NA,0,0,NA,0,0,0,NA,NA,NA,NA,NA,NA,NA,NA,NA,NA,1,0,NA,NA,NA,NA,NA,NA,NA,12,7,NA,NA,NA,NA,NA,NA,0,0,0,0,0,0,0,0,0,NA,NA,4.989978512676433,-4.989978512676433,-3.9769269442767836,3.9769269442767836,12.489989663173326,-12.489989663173326,NA,NA,NA,NA,15.435830957668248,-15.435830957668248,-3.1389883845695294,3.1389883845695294,14.868815636965326,-14.868815636965326,-1.4318259737920016,1.4318259737920016,0.714966893196106,0.28503310680389404,0.714966893196106,0.28503310680389404,0,0,0,NA,NA,0.7450778484344482,0.7450778484344482,-0.20917555689811707,0.20917555689811707,0.49284009847852395,-0.49284009847852395,NA,NA,NA,NA,0.20060794349458044,-0.20060794349458044,0.21750526725864994,-0.21750526725864994,0.2037753045156223,-0.2037753045156223,0.30235355198002445,-0.30235355198002445,NA,NA,NA,NA,NA,NA,NA,NA,NA,0,NA,NA,NA,NA,NA,NA,NA,NA,NA,NA,NA,NA,NA,NA,NA,NA,NA,NA,NA,NA,NA,NA,NA,NA,NA,NA,NA,NA,NA,NA,NA,NA,NA,NA,NA,NA,NA,NA,NA,NA,NA,NA,NA,NA,NA,NA,NA,NA,NA,NA,NA,NA,NA,NA,NA,NA,NA,NA,NA,NA,NA,NA,NA,NA,NA,NA,NA,NA,NA,NA,NA,NA,NA,NA,NA,NA,NA,NA,NA,NA,NA,NA,NA,NA,NA,NA,NA,NA,NA,NA,NA,NA,NA,NA,NA,NA,NA,NA,NA,NA,NA,NA,NA,NA,NA,NA,NA,NA,NA,NA,NA,NA,NA,NA,NA,NA,NA,NA,NA,NA,NA,NA,NA,NA,NA,NA,NA,NA,NA,NA,NA,NA,NA,NA,NA,NA,NA,NA,NA,NA,NA,NA,NA,NA,NA,NA,NA,0,NA,NA,NA,NA,NA,NA,NA,NA,2007,NA,NA,28,0,QB kneel,2120,"11/11/07, 13:03:13",NA,Commanders Field,"Sunny Temp: 49° F, Humidity: 44%, Wind: 4 SE mph",10012007-1111-07c6-43e9-6366420b400f,0,0,END_QUARTER,0,NA,NA,NA,10,End of half,2007-11-11T19:25:10Z,1,0:05,0,0,0,2,2,0,MISSED_FG,END_HALF,00:05,00:00,WAS 43,WAS 43,2098,2120,33,25,Home,-8,58,3,37.5,1,outdoors,grass,49,0,Joe Gibbs,Andy Reid,WAS00,FedExField,0,NA,NA,NA,NA,NA,NA,NA,0,0,NA,0,0,NA,NA,NA,NA,NA,NA,NA,NA,NA,NA,0,0,NA,NA,NA,NA,NA,NA,NA,NA,2007,Other,NA,NA,NA,NA,NA,NA,NA,NA,NA,NA,Toss Up,NA,Andy Reid,Joe Gibbs,0:00,NA,NA,NA,NA,NA,NA,NA,NA,NA,NA
2136,2007_10_PHI_WAS,2007111107,WAS,PHI,REG,10,WAS,home,PHI,PHI,30,2007-11-11,900,1800,1800,Half2,0,11,0,3,NA,0,15:00,PHI 30,0,54,"2-D.Akers kicks 55 yards from PHI 30 to WAS 15. 31-R.Cartwright to WAS 41 for 26 yards (21-W.James, 35-N.Graham).",kickoff,0,0,0,0,0,0,0,NA,NA,NA,NA,NA,NA,NA,55,NA,NA,3,3,0,NA,NA,NA,NA,3,3,12,7,12,7,5,12,7,5,0.0065009030513465405,0.18159790337085724,0.003347427351400256,0.24346135556697845,0.21659548580646515,0.003985862247645855,0.3445110619068146,0,0,0.8136175614781678,1.444732966599986,6.434711479276419,-6.434711479276419,-3.9769269442767836,3.9769269442767836,12.489989663173326,-12.489989663173326,NA,NA,0,0,15.435830957668248,-15.435830957668248,-3.1389883845695294,3.1389883845695294,14.868815636965326,-14.868815636965326,-1.4318259737920016,1.4318259737920016,0.714966893196106,0.28503310680389404,0.714966893196106,0.28503310680389404,0.03256458044052124,0.01708054542541504,0.01708054542541504,0.7475314736366272,0.2524685263633728,0.7450778484344482,0.7450778484344482,-0.20917555689811707,0.20917555689811707,0.49284009847852395,-0.49284009847852395,NA,NA,0,0,0.20060794349458044,-0.20060794349458044,0.21750526725864994,-0.21750526725864994,0.2037753045156223,-0.2037753045156223,0.30235355198002445,-0.30235355198002445,0,0,0,0,0,0,0,0,0,0,0,0,0,0,0,0,0,0,0,0,0,0,0,0,0,0,0,0,0,0,0,0,0,0,0,0,0,0,0,0,0,0,1,0,0,0,1,0,0,0,0,NA,NA,NA,NA,NA,NA,NA,NA,NA,NA,NA,NA,NA,NA,NA,NA,NA,NA,NA,NA,NA,NA,NA,NA,NA,R.Cartwright,00-0021357,NA,NA,NA,NA,D.Akers,00-0000108,NA,NA,NA,NA,NA,NA,NA,NA,NA,NA,NA,NA,NA,NA,NA,NA,NA,NA,NA,NA,NA,NA,NA,NA,00-0025717,N.Graham,PHI,NA,NA,NA,NA,NA,NA,NA,NA,NA,1,00-0020384,W.James,PHI,NA,NA,NA,NA,NA,NA,NA,NA,NA,NA,NA,NA,NA,NA,NA,NA,NA,NA,NA,NA,NA,NA,NA,NA,NA,NA,NA,WAS,26,NA,NA,NA,NA,0,NA,NA,0,0,0,0,NA,NA,2007,NA,NA,29,1,First down,2136,"11/11/07, 13:03:13",2007-11-11T19:39:18Z,Commanders Field,"Sunny Temp: 49° F, Humidity: 44%, Wind: 4 SE mph",10012007-1111-07c6-43e9-6366420b400f,0,0,KICK_OFF,1,NA,NA,NA,11,Field goal,2007-11-11T19:39:18Z,9,5:42,3,1,1,3,3,5,KICKOFF,FIELD_GOAL,15:00,09:18,WAS 41,PHI 5,2136,2403,33,25,Home,-8,58,3,37.5,1,outdoors,grass,49,0,Joe Gibbs,Andy Reid,WAS00,FedExField,0,1,NA,NA,NA,NA,NA,NA,0,0,0,1,0,NA,NA,NA,NA,NA,NA,NA,NA,NA,NA,0,0,1.444732966599986,NA,NA,NA,NA,NA,NA,NA,2007,Other,NA,NA,NA,NA,NA,NA,NA,NA,NA,NA,Toss Up,Other,Andy Reid,Joe Gibbs,15:00,NA,NA,NA,NA,NA,NA,NA,NA,NA,NA
2158,2007_10_PHI_WAS,2007111107,WAS,PHI,REG,10,WAS,home,PHI,WAS,59,2007-11-11,894,1794,1794,Half2,0,11,0,3,1,0,14:54,WAS 41,10,54,(14:54) 17-J.Campbell pass short left to 26-C.Portis pushed ob at WAS 47 for 6 yards (20-B.Dawkins).,pass,6,0,0,1,0,0,0,short,left,3,3,NA,NA,NA,NA,NA,NA,3,3,0,NA,NA,NA,NA,3,3,12,7,12,7,5,12,7,5,0.006142227444797754,0.12296023964881897,0.0017378231277689338,0.16680596768856049,0.2730514407157898,0.005184338428080082,0.42411795258522034,0,0,2.2583505280781537,0.30843737651593983,6.7431488557923585,-6.7431488557923585,-3.9769269442767836,3.9769269442767836,12.798427039689265,-12.798427039689265,-0.14695570734329522,0.45539308385923505,-0.14695570734329522,0.45539308385923505,15.288875250324953,-15.288875250324953,-2.6835953007102944,2.6835953007102944,14.721859929622031,-14.721859929622031,-0.9764328899327666,0.9764328899327666,0.7475314736366272,0.2524685263633728,0.7475314736366272,0.2524685263633728,0.0019168257713317871,0.0012015700340270996,0.0012015700340270996,0.749448299407959,0.250551700592041,0.7621583938598633,0.7621583938598633,-0.20917555689811707,0.20917555689811707,0.49475692424985573,-0.49475692424985573,0,0.0019168257713317871,0,0.0019168257713317871,0.20060794349458044,-0.20060794349458044,0.21942209302998172,-0.21942209302998172,0.2037753045156223,-0.2037753045156223,0.30427037775135624,-0.30427037775135624,0,0,0,0,0,0,0,0,0,0,0,0,0,0,0,0,0,0,0,0,0,0,0,0,1,0,0,0,0,0,0,0,0,1,0,0,0,0,0,0,0,0,0,0,0,1,0,0,0,0,0,00-0023460,J.Campbell,6,00-0021179,C.Portis,6,NA,NA,NA,NA,NA,NA,NA,NA,NA,NA,NA,NA,NA,NA,NA,NA,NA,NA,NA,NA,NA,NA,NA,NA,NA,NA,NA,NA,NA,NA,NA,NA,NA,NA,NA,NA,NA,NA,NA,NA,NA,NA,NA,NA,NA,PHI,NA,00-0004073,NA,B.Dawkins,NA,NA,NA,NA,NA,NA,NA,NA,NA,NA,NA,NA,NA,0,NA,NA,NA,NA,NA,NA,NA,NA,NA,NA,NA,NA,NA,NA,NA,NA,NA,NA,NA,NA,NA,NA,NA,NA,NA,NA,NA,NA,NA,NA,NA,0,NA,NA,NA,NA,0,NA,NA,0,0,0,0,NA,NA,2007,0.7494685649871826,25.05314350128174,29,1,First down,2158,"11/11/07, 13:03:13",2007-11-11T19:40:33Z,Commanders Field,"Sunny Temp: 49° F, Humidity: 44%, Wind: 4 SE mph",10012007-1111-07c6-43e9-6366420b400f,0,0,PASS,0,NA,NA,NA,11,Field goal,2007-11-11T19:39:18Z,9,5:42,3,1,1,3,3,5,KICKOFF,FIELD_GOAL,15:00,09:18,WAS 41,PHI 5,2136,2403,33,25,Home,-8,58,3,37.5,1,outdoors,grass,49,0,Joe Gibbs,Andy Reid,WAS00,FedExField,0,1,J.Campbell,17,NA,NA,C.Portis,26,1,0,0,0,1,00-0023460,NA,00-0021179,J.Campbell,17,00-0023460,C.Portis,00-0021179,C.Portis,00-0021179,1,0,0.30843737651593983,0.5263696654803429,4.756514929889818,3,0.6735373840783723,0.2338196815107949,0.40452027320861816,59.547972679138184,2007,Go for it,NA,NA,NA,NA,NA,NA,NA,NA,NA,NA,Toss Up,Go for it,Andy Reid,Joe Gibbs,14:54,NA,NA,NA,NA,NA,NA,NA,NA,NA,NA
2187,2007_10_PHI_WAS,2007111107,WAS,PHI,REG,10,WAS,home,PHI,WAS,53,2007-11-11,866,1766,1766,Half2,0,11,0,3,2,0,14:26,WAS 47,4,54,(14:26) 26-C.Portis up the middle to PHI 41 for 12 yards (27-Q.Mikell).,run,12,0,0,0,0,0,0,NA,NA,NA,NA,middle,NA,NA,NA,NA,NA,3,3,0,NA,NA,NA,NA,3,3,12,7,12,7,5,12,7,5,0.005844375118613243,0.11114687472581863,0.001533685950562358,0.15147249400615692,0.2800147235393524,0.005271067842841148,0.4447167217731476,0,0,2.5667879045940936,0.8580060284584761,7.6011548842508345,-7.6011548842508345,-3.1189209158183075,3.1189209158183075,12.798427039689265,-12.798427039689265,NA,NA,0,0,15.288875250324953,-15.288875250324953,-2.6835953007102944,2.6835953007102944,14.721859929622031,-14.721859929622031,-0.9764328899327666,0.9764328899327666,0.749448299407959,0.250551700592041,0.749448299407959,0.250551700592041,0.02883446216583252,0.021702706813812256,0.021702706813812256,0.7782827615737915,0.2217172384262085,0.7633599638938904,0.7633599638938904,-0.18034109473228455,0.18034109473228455,0.49475692424985573,-0.49475692424985573,NA,NA,0,0,0.20060794349458044,-0.20060794349458044,0.21942209302998172,-0.21942209302998172,0.2037753045156223,-0.2037753045156223,0.30427037775135624,-0.30427037775135624,0,1,0,0,0,0,0,0,0,0,0,0,0,0,0,0,0,0,0,0,0,0,0,0,1,0,0,0,0,0,0,0,1,0,0,0,0,0,0,0,0,0,0,0,0,0,0,0,0,0,0,NA,NA,NA,NA,NA,NA,00-0021179,C.Portis,12,NA,NA,NA,NA,NA,NA,NA,NA,NA,NA,NA,NA,NA,NA,NA,NA,NA,NA,NA,NA,NA,NA,NA,NA,NA,NA,NA,NA,NA,NA,NA,NA,NA,NA,NA,NA,NA,NA,NA,NA,NA,NA,PHI,NA,00-0021512,NA,Q.Mikell,NA,NA,NA,NA,NA,NA,NA,NA,NA,NA,NA,NA,NA,0,NA,NA,NA,NA,NA,NA,NA,NA,NA,NA,NA,NA,NA,NA,NA,NA,NA,NA,NA,NA,NA,NA,NA,NA,NA,NA,NA,NA,NA,NA,NA,0,NA,NA,NA,NA,0,NA,NA,0,0,0,0,NA,NA,2007,NA,NA,29,1,First down,2187,"11/11/07, 13:03:13",2007-11-11T19:41:19Z,Commanders Field,"Sunny Temp: 49° F, Humidity: 44%, Wind: 4 SE mph",10012007-1111-07c6-43e9-6366420b400f,0,0,RUSH,0,NA,NA,NA,11,Field goal,2007-11-11T19:39:18Z,9,5:42,3,1,1,3,3,5,KICKOFF,FIELD_GOAL,15:00,09:18,WAS 41,PHI 5,2136,2403,33,25,Home,-8,58,3,37.5,1,outdoors,grass,49,0,Joe Gibbs,Andy Reid,WAS00,FedExField,0,1,NA,NA,C.Portis,26,NA,NA,0,1,1,0,1,NA,00-0021179,NA,C.Portis,26,00-0021179,C.Portis,00-0021179,C.Portis,00-0021179,0,0,0.8580060284584761,NA,NA,NA,NA,NA,0.2920886278152466,-29.208862781524658,2007,Go for it,NA,NA,NA,NA,NA,NA,NA,NA,NA,NA,Toss Up,Go for it,Andy Reid,Joe Gibbs,14:26,NA,NA,NA,NA,NA,NA,NA,NA,NA,NA
2209,2007_10_PHI_WAS,2007111107,WAS,PHI,REG,10,WAS,home,PHI,PHI,41,2007-11-11,827,1727,1727,Half2,0,11,0,3,1,0,13:47,PHI 41,10,54,"(13:47) 26-C.Portis left end to PHI 32 for 9 yards (24-S.Brown, 22-J.Hanson).",run,9,0,0,0,0,0,0,NA,NA,NA,NA,left,end,NA,NA,NA,NA,3,3,0,NA,NA,NA,NA,3,3,12,7,12,7,5,12,7,5,0.0055035632103681564,0.07589573413133621,0.001215191325172782,0.10067020356655121,0.3332774043083191,0.004858918488025665,0.47857898473739624,0,0,3.4247939330525696,0.7075710011413321,8.308725885392167,-8.308725885392167,-2.4113499146769755,2.4113499146769755,12.798427039689265,-12.798427039689265,NA,NA,0,0,15.288875250324953,-15.288875250324953,-2.6835953007102944,2.6835953007102944,14.721859929622031,-14.721859929622031,-0.9764328899327666,0.9764328899327666,0.7782827615737915,0.2217172384262085,0.7782827615737915,0.2217172384262085,0.03430056571960449,0.022505104541778564,0.022505104541778564,0.812583327293396,0.187416672706604,0.7850626707077026,0.7850626707077026,-0.14604052901268005,0.14604052901268005,0.49475692424985573,-0.49475692424985573,NA,NA,0,0,0.20060794349458044,-0.20060794349458044,0.21942209302998172,-0.21942209302998172,0.2037753045156223,-0.2037753045156223,0.30427037775135624,-0.30427037775135624,0,0,0,0,0,0,0,0,0,0,0,0,0,0,0,0,0,0,0,0,0,0,0,0,0,0,0,0,0,0,0,0,1,0,0,0,0,0,0,0,0,0,0,0,0,0,1,0,0,0,0,NA,NA,NA,NA,NA,NA,00-0021179,C.Portis,9,NA,NA,NA,NA,NA,NA,NA,NA,NA,NA,NA,NA,NA,NA,NA,NA,NA,NA,NA,NA,NA,NA,NA,NA,NA,NA,NA,NA,NA,NA,NA,NA,NA,NA,NA,NA,NA,NA,NA,NA,NA,NA,NA,NA,NA,NA,NA,NA,00-0021654,J.Hanson,PHI,NA,NA,NA,NA,NA,NA,NA,NA,NA,1,00-0021186,S.Brown,PHI,NA,NA,NA,NA,NA,NA,NA,NA,NA,NA,NA,NA,NA,NA,NA,NA,NA,NA,NA,NA,NA,NA,NA,NA,NA,NA,NA,NA,0,NA,NA,NA,NA,0,NA,NA,0,0,0,0,NA,NA,2007,NA,NA,30,1,First down,2209,"11/11/07, 13:03:13",2007-11-11T19:41:58Z,Commanders Field,"Sunny Temp: 49° F, Humidity: 44%, Wind: 4 SE mph",10012007-1111-07c6-43e9-6366420b400f,0,0,RUSH,0,NA,NA,NA,11,Field goal,2007-11-11T19:39:18Z,9,5:42,3,1,1,3,3,5,KICKOFF,FIELD_GOAL,15:00,09:18,WAS 41,PHI 5,2136,2403,33,25,Home,-8,58,3,37.5,1,outdoors,grass,49,0,Joe Gibbs,Andy Reid,WAS00,FedExField,0,1,NA,NA,C.Portis,26,NA,NA,0,1,0,0,1,NA,00-0021179,NA,C.Portis,26,00-0021179,C.Portis,00-0021179,C.Portis,00-0021179,0,0,0.7075710011413321,NA,NA,NA,NA,NA,0.3620191514492035,-36.20191514492035,2007,Go for it,NA,NA,NA,NA,NA,NA,NA,NA,NA,NA,Toss Up,Go for it,Andy Reid,Joe Gibbs,13:47,NA,NA,NA,NA,NA,NA,NA,NA,NA,NA
2231,2007_10_PHI_WAS,2007111107,WAS,PHI,REG,10,WAS,home,PHI,PHI,32,2007-11-11,784,1684,1684,Half2,0,11,0,3,2,0,13:04,PHI 32,1,54,(13:04) 17-J.Campbell pass short right to 47-C.Cooley to PHI 29 for 3 yards (51-T.Spikes).,pass,3,0,0,1,0,0,0,short,right,1,2,NA,NA,NA,NA,NA,NA,3,3,0,NA,NA,NA,NA,3,3,12,7,12,7,5,12,7,5,0.0032798389438539743,0.05354757234454155,7.126189884729683e-4,0.06132376566529274,0.3576319217681885,0.00274528912268579,0.5207589864730835,0,0,4.132364934193902,4.1693286038935184e-4,8.309142818252557,-8.309142818252557,-2.4113499146769755,2.4113499146769755,12.798843972549655,-12.798843972549655,-0.07595215702895075,0.0763690898893401,-0.07595215702895075,0.0763690898893401,15.212923093296002,-15.212923093296002,-2.6072262108209543,2.6072262108209543,14.64590777259308,-14.64590777259308,-0.9000638000434265,0.9000638000434265,0.812583327293396,0.187416672706604,0.812583327293396,0.187416672706604,-0.011946678161621094,0.0037717223167419434,0.0037717223167419434,0.8006366491317749,0.1993633508682251,0.8075677752494812,0.8075677752494812,-0.14604052901268005,0.14604052901268005,0.48281024608823464,-0.48281024608823464,0.0035094618797302246,-0.015456140041351318,0.0035094618797302246,-0.015456140041351318,0.20411740537431067,-0.20411740537431067,0.2039659529886304,-0.2039659529886304,0.20728476639535254,-0.20728476639535254,0.2888142377100049,-0.2888142377100049,0,0,1,0,0,0,0,0,0,0,0,0,0,0,0,0,0,0,0,0,0,0,0,0,1,0,0,0,0,0,0,0,0,1,0,0,0,0,0,0,0,0,0,0,0,1,0,0,0,0,0,00-0023460,J.Campbell,3,00-0022738,C.Cooley,3,NA,NA,NA,NA,NA,NA,NA,NA,NA,NA,NA,NA,NA,NA,NA,NA,NA,NA,NA,NA,NA,NA,NA,NA,NA,NA,NA,NA,NA,NA,NA,NA,NA,NA,NA,NA,NA,NA,NA,NA,NA,NA,NA,NA,NA,PHI,NA,00-0015474,NA,T.Spikes,NA,NA,NA,NA,NA,NA,NA,NA,NA,NA,NA,NA,NA,0,NA,NA,NA,NA,NA,NA,NA,NA,NA,NA,NA,NA,NA,NA,NA,NA,NA,NA,NA,NA,NA,NA,NA,NA,NA,NA,NA,NA,NA,NA,NA,0,NA,NA,NA,NA,0,NA,NA,0,0,0,0,NA,NA,2007,0.7353172302246094,26.468276977539062,30,1,First down,2231,"11/11/07, 13:03:13",2007-11-11T19:42:41Z,Commanders Field,"Sunny Temp: 49° F, Humidity: 44%, Wind: 4 SE mph",10012007-1111-07c6-43e9-6366420b400f,0,0,PASS,0,NA,NA,NA,11,Field goal,2007-11-11T19:39:18Z,9,5:42,3,1,1,3,3,5,KICKOFF,FIELD_GOAL,15:00,09:18,WAS 41,PHI 5,2136,2403,33,25,Home,-8,58,3,37.5,1,outdoors,grass,49,0,Joe Gibbs,Andy Reid,WAS00,FedExField,0,1,J.Campbell,17,NA,NA,C.Cooley,47,1,0,1,0,1,00-0023460,NA,00-0022738,J.Campbell,17,00-0023460,C.Cooley,00-0022738,C.Cooley,00-0022738,0,0,4.1693286038935184e-4,0.34362897745605314,5.895896078902297,4,0.7585754800820723,0.982217263081111,0.19237512350082397,80.7624876499176,2007,Go for it,NA,NA,NA,NA,NA,NA,NA,NA,NA,NA,Toss Up,Go for it,Andy Reid,Joe Gibbs,13:04,NA,NA,NA,NA,NA,NA,NA,NA,NA,NA
2255,2007_10_PHI_WAS,2007111107,WAS,PHI,REG,10,WAS,home,PHI,PHI,29,2007-11-11,744,1644,1644,Half2,0,11,0,3,1,0,12:24,PHI 29,10,54,"(12:24) 26-C.Portis left guard to PHI 28 for 1 yard (20-B.Dawkins). PENALTY on PHI-78-V.Abiamiri, Neutral Zone Infraction, 5 yards, enforced at PHI 29 - No Play.",no_play,0,0,0,0,0,0,0,NA,NA,NA,NA,NA,NA,NA,NA,NA,NA,3,3,0,NA,NA,NA,NA,3,3,12,7,12,7,5,12,7,5,0.0031935698352754116,0.0430791936814785,6.737005314789712e-4,0.058496616780757904,0.39487066864967346,0.0019145947881042957,0.4977717101573944,0,0,4.132781867054291,0.5247481690021232,8.83389098725468,-8.83389098725468,-2.4113499146769755,2.4113499146769755,12.798843972549655,-12.798843972549655,NA,NA,0,0,15.212923093296002,-15.212923093296002,-2.6072262108209543,2.6072262108209543,14.64590777259308,-14.64590777259308,-0.9000638000434265,0.9000638000434265,0.8006366491317749,0.1993633508682251,0.8006366491317749,0.1993633508682251,0.012101709842681885,0.02268683910369873,0.02268683910369873,0.8127383589744568,0.1872616410255432,0.8113394975662231,0.8113394975662231,-0.14604052901268005,0.14604052901268005,0.48281024608823464,-0.48281024608823464,NA,NA,0,0,0.20411740537431067,-0.20411740537431067,0.2039659529886304,-0.2039659529886304,0.20728476639535254,-0.20728476639535254,0.2888142377100049,-0.2888142377100049,0,0,0,0,0,0,0,0,0,0,0,0,0,0,0,0,0,0,0,0,0,0,0,0,0,0,1,0,0,0,0,0,0,0,0,0,0,0,0,0,0,0,0,0,0,0,0,0,0,0,0,NA,NA,NA,NA,NA,NA,NA,NA,NA,NA,NA,NA,NA,NA,NA,NA,NA,NA,NA,NA,NA,NA,NA,NA,NA,NA,NA,NA,NA,NA,NA,NA,NA,NA,NA,NA,NA,NA,NA,NA,NA,NA,NA,NA,NA,NA,NA,NA,NA,NA,NA,NA,NA,NA,NA,NA,NA,NA,NA,NA,NA,NA,NA,NA,NA,NA,NA,NA,NA,0,NA,NA,NA,NA,NA,NA,NA,NA,NA,NA,NA,NA,NA,NA,NA,NA,NA,NA,NA,NA,NA,NA,NA,NA,NA,NA,NA,NA,NA,NA,NA,0,PHI,00-0025444,V.Abiamiri,5,0,NA,Neutral Zone Infraction,0,0,0,0,NA,NA,2007,NA,NA,31,1,First down,2255,"11/11/07, 13:03:13",2007-11-11T19:43:21Z,Commanders Field,"Sunny Temp: 49° F, Humidity: 44%, Wind: 4 SE mph",10012007-1111-07c6-43e9-6366420b400f,0,0,PENALTY,0,NA,NA,NA,11,Field goal,2007-11-11T19:39:18Z,9,5:42,3,1,1,3,3,5,KICKOFF,FIELD_GOAL,15:00,09:18,WAS 41,PHI 5,2136,2403,33,25,Home,-8,58,3,37.5,1,outdoors,grass,49,0,Joe Gibbs,Andy Reid,WAS00,FedExField,0,1,NA,NA,C.Portis,26,NA,NA,0,1,0,0,1,NA,00-0021179,NA,C.Portis,26,00-0021179,NA,NA,C.Portis,00-0021179,0,0,0.5247481690021232,NA,NA,NA,NA,NA,0.39579516649246216,-39.579516649246216,2007,Other,NA,NA,NA,NA,NA,NA,NA,NA,NA,NA,Toss Up,Go for it (Penalty),Andy Reid,Joe Gibbs,12:24,NA,NA,NA,NA,NA,NA,NA,NA,NA,NA
2288,2007_10_PHI_WAS,2007111107,WAS,PHI,REG,10,WAS,home,PHI,PHI,24,2007-11-11,728,1628,1628,Half2,0,11,0,3,1,0,12:08,PHI 24,5,54,"(12:08) 17-J.Campbell pass short middle to 47-C.Cooley to PHI 14 for 10 yards (22-J.Hanson, 20-B.Dawkins).",pass,10,0,0,1,0,0,0,short,middle,5,5,NA,NA,NA,NA,NA,NA,3,3,0,NA,NA,NA,NA,3,3,12,7,12,7,5,12,7,5,0.00236835447140038,0.027653982862830162,6.804410368204117e-4,0.03550949692726135,0.38434186577796936,0.0017454560147598386,0.5477004051208496,0,0,4.657530036056414,0.32555234571918845,9.159443332973868,-9.159443332973868,-2.4113499146769755,2.4113499146769755,13.124396318268843,-13.124396318268843,0.0355211062123999,0.29003123950678855,0.0355211062123999,0.29003123950678855,15.248444199508402,-15.248444199508402,-2.3171949713141657,2.3171949713141657,14.68142887880548,-14.68142887880548,-0.6100325605366379,0.6100325605366379,0.8127383589744568,0.1872616410255432,0.8127383589744568,0.1872616410255432,0.017448902130126953,0.005692660808563232,0.005692660808563232,0.8301872611045837,0.16981273889541626,0.8340263366699219,0.8340263366699219,-0.14604052901268005,0.14604052901268005,0.5002591482183616,-0.5002591482183616,0,0.017448902130126953,0,0.017448902130126953,0.20411740537431067,-0.20411740537431067,0.22141485511875736,-0.22141485511875736,0.20728476639535254,-0.20728476639535254,0.30626313984013187,-0.30626313984013187,0,0,1,0,0,0,0,0,0,0,0,0,0,0,0,0,0,0,0,0,0,0,0,0,0,0,0,0,0,0,0,0,0,1,0,0,0,0,0,0,0,0,0,0,0,1,1,0,0,0,0,00-0023460,J.Campbell,10,00-0022738,C.Cooley,10,NA,NA,NA,NA,NA,NA,NA,NA,NA,NA,NA,NA,NA,NA,NA,NA,NA,NA,NA,NA,NA,NA,NA,NA,NA,NA,NA,NA,NA,NA,NA,NA,NA,NA,NA,NA,NA,NA,NA,NA,NA,NA,NA,NA,NA,NA,NA,NA,NA,NA,NA,00-0004073,B.Dawkins,PHI,NA,NA,NA,NA,NA,NA,NA,NA,NA,1,00-0021654,J.Hanson,PHI,NA,NA,NA,NA,NA,NA,NA,NA,NA,NA,NA,NA,NA,NA,NA,NA,NA,NA,NA,NA,NA,NA,NA,NA,NA,NA,NA,NA,0,NA,NA,NA,NA,0,NA,NA,0,0,0,0,NA,NA,2007,0.7099034190177917,29.009658098220825,31,1,First down,2288,"11/11/07, 13:03:13",2007-11-11T19:44:08Z,Commanders Field,"Sunny Temp: 49° F, Humidity: 44%, Wind: 4 SE mph",10012007-1111-07c6-43e9-6366420b400f,0,0,PASS,0,NA,NA,NA,11,Field goal,2007-11-11T19:39:18Z,9,5:42,3,1,1,3,3,5,KICKOFF,FIELD_GOAL,15:00,09:18,WAS 41,PHI 5,2136,2403,33,25,Home,-8,58,3,37.5,1,outdoors,grass,49,0,Joe Gibbs,Andy Reid,WAS00,FedExField,0,1,J.Campbell,17,NA,NA,C.Cooley,47,1,0,1,0,1,00-0023460,NA,00-0022738,J.Campbell,17,00-0023460,C.Cooley,00-0022738,C.Cooley,00-0022738,0,0,0.32555234571918845,0.2743631150970006,4.146844637929462,3,0.9954982527415268,0.9825751163880341,0.35815906524658203,64.1840934753418,2007,Go for it,NA,NA,NA,NA,NA,NA,NA,NA,NA,NA,Toss Up,Go for it,Andy Reid,Joe Gibbs,12:08,NA,NA,NA,NA,NA,NA,NA,NA,NA,NA
2312,2007_10_PHI_WAS,2007111107,WAS,PHI,REG,10,WAS,home,PHI,PHI,14,2007-11-11,691,1591,1591,Half2,0,11,0,3,1,0,11:31,PHI 14,10,54,(11:31) 17-J.Campbell pass short left to 83-J.Thrash to PHI 7 for 7 yards (96-O.Gaither).,pass,7,0,0,1,0,0,0,short,left,2,5,NA,NA,NA,NA,NA,NA,3,3,0,NA,NA,NA,NA,3,3,12,7,12,7,5,12,7,5,0.0017559188418090343,0.01673271507024765,4.988082218915224e-4,0.029269354417920113,0.35357874631881714,0.0017447705613449216,0.5964196920394897,0,0,4.983082381775603,0.315818888368085,9.475262221341954,-9.475262221341954,-2.4113499146769755,2.4113499146769755,13.440215206636928,-13.440215206636928,-0.3835837804945186,0.6994026688626036,-0.3835837804945186,0.6994026688626036,14.864860419013883,-14.864860419013883,-1.6177923024515621,1.6177923024515621,14.297845098310962,-14.297845098310962,0.0893701083259657,-0.0893701083259657,0.8301872611045837,0.16981273889541626,0.8301872611045837,0.16981273889541626,0.02001851797103882,0.01465141773223877,0.01465141773223877,0.8502057790756226,0.14979422092437744,0.8397189974784851,0.8397189974784851,-0.14604052901268005,0.14604052901268005,0.5202776661894004,-0.5202776661894004,0,0.02001851797103882,0,0.02001851797103882,0.20411740537431067,-0.20411740537431067,0.24143337308979618,-0.24143337308979618,0.20728476639535254,-0.20728476639535254,0.3262816578111707,-0.3262816578111707,0,0,0,0,0,0,0,0,0,0,0,0,0,0,0,0,0,0,0,0,0,0,0,0,1,0,0,0,0,0,0,0,0,1,0,0,0,0,0,0,0,0,0,0,0,1,0,0,0,0,0,00-0023460,J.Campbell,7,00-0016440,J.Thrash,7,NA,NA,NA,NA,NA,NA,NA,NA,NA,NA,NA,NA,NA,NA,NA,NA,NA,NA,NA,NA,NA,NA,NA,NA,NA,NA,NA,NA,NA,NA,NA,NA,NA,NA,NA,NA,NA,NA,NA,NA,NA,NA,NA,NA,NA,PHI,NA,00-0024382,NA,O.Gaither,NA,NA,NA,NA,NA,NA,NA,NA,NA,NA,NA,NA,NA,0,NA,NA,NA,NA,NA,NA,NA,NA,NA,NA,NA,NA,NA,NA,NA,NA,NA,NA,NA,NA,NA,NA,NA,NA,NA,NA,NA,NA,NA,NA,NA,0,NA,NA,NA,NA,0,NA,NA,0,0,0,0,NA,NA,2007,0.7512157559394836,24.878424406051636,32,0,Field goal,2312,"11/11/07, 13:03:13",2007-11-11T19:44:46Z,Commanders Field,"Sunny Temp: 49° F, Humidity: 44%, Wind: 4 SE mph",10012007-1111-07c6-43e9-6366420b400f,0,0,PASS,0,NA,NA,NA,11,Field goal,2007-11-11T19:39:18Z,9,5:42,3,1,1,3,3,5,KICKOFF,FIELD_GOAL,15:00,09:18,WAS 41,PHI 5,2136,2403,33,25,Home,-8,58,3,37.5,1,outdoors,grass,49,0,Joe Gibbs,Andy Reid,WAS00,FedExField,0,1,J.Campbell,17,NA,NA,J.Thrash,83,1,0,0,0,1,00-0023460,NA,00-0016440,J.Campbell,17,00-0023460,J.Thrash,00-0016440,J.Thrash,00-0016440,0,0,0.315818888368085,0.7241896278114863,4.471300822333433,4,0.5098868445493281,0.21529464283958077,0.32527217268943787,67.47278273105621,2007,Go for it,NA,NA,NA,NA,NA,NA,NA,NA,NA,NA,Toss Up,Go for it,Andy Reid,Joe Gibbs,11:31,NA,NA,NA,NA,NA,NA,NA,NA,NA,NA
2336,2007_10_PHI_WAS,2007111107,WAS,PHI,REG,10,WAS,home,PHI,PHI,7,2007-11-11,650,1550,1550,Half2,0,11,0,3,2,0,10:50,PHI 7,3,54,"(10:50) 26-C.Portis left tackle to PHI 5 for 2 yards (58-T.Cole, 57-C.Gocong).",run,2,0,0,0,0,0,0,NA,NA,NA,NA,left,tackle,NA,NA,NA,NA,3,3,0,NA,NA,NA,NA,3,3,12,7,12,7,5,12,7,5,0.0014157840050756931,0.014079048298299313,4.0067231748253107e-4,0.019102808088064194,0.3175992965698242,0.001791053102351725,0.6456113457679749,0,0,5.298901270143688,-0.15945430047577247,9.315807920866181,-9.315807920866181,-2.570804215152748,2.570804215152748,13.440215206636928,-13.440215206636928,NA,NA,0,0,14.864860419013883,-14.864860419013883,-1.6177923024515621,1.6177923024515621,14.297845098310962,-14.297845098310962,0.0893701083259657,-0.0893701083259657,0.8502057790756226,0.14979422092437744,0.8502057790756226,0.14979422092437744,-0.0024102330207824707,-0.009670436382293701,-0.009670436382293701,0.8477955460548401,0.1522044539451599,0.8543704152107239,0.8543704152107239,-0.14845076203346252,0.14845076203346252,0.5202776661894004,-0.5202776661894004,NA,NA,0,0,0.20411740537431067,-0.20411740537431067,0.24143337308979618,-0.24143337308979618,0.20728476639535254,-0.20728476639535254,0.3262816578111707,-0.3262816578111707,0,0,0,0,0,0,0,0,0,0,0,0,0,0,0,0,0,0,0,0,0,0,0,0,0,0,0,0,0,0,0,0,1,0,0,0,0,0,0,0,0,0,0,0,0,0,1,0,0,0,0,NA,NA,NA,NA,NA,NA,00-0021179,C.Portis,2,NA,NA,NA,NA,NA,NA,NA,NA,NA,NA,NA,NA,NA,NA,NA,NA,NA,NA,NA,NA,NA,NA,NA,NA,NA,NA,NA,NA,NA,NA,NA,NA,NA,NA,NA,NA,NA,NA,NA,NA,NA,NA,NA,NA,NA,NA,NA,NA,00-0024286,C.Gocong,PHI,NA,NA,NA,NA,NA,NA,NA,NA,NA,1,00-0023579,T.Cole,PHI,NA,NA,NA,NA,NA,NA,NA,NA,NA,NA,NA,NA,NA,NA,NA,NA,NA,NA,NA,NA,NA,NA,NA,NA,NA,NA,NA,NA,0,NA,NA,NA,NA,0,NA,NA,0,0,0,0,NA,NA,2007,NA,NA,32,0,Field goal,2336,"11/11/07, 13:03:13",2007-11-11T19:45:27Z,Commanders Field,"Sunny Temp: 49° F, Humidity: 44%, Wind: 4 SE mph",10012007-1111-07c6-43e9-6366420b400f,0,0,RUSH,0,NA,NA,NA,11,Field goal,2007-11-11T19:39:18Z,9,5:42,3,1,1,3,3,5,KICKOFF,FIELD_GOAL,15:00,09:18,WAS 41,PHI 5,2136,2403,33,25,Home,-8,58,3,37.5,1,outdoors,grass,49,0,Joe Gibbs,Andy Reid,WAS00,FedExField,0,0,NA,NA,C.Portis,26,NA,NA,0,1,0,0,1,NA,00-0021179,NA,C.Portis,26,00-0021179,C.Portis,00-0021179,C.Portis,00-0021179,0,0,-0.15945430047577247,NA,NA,NA,NA,NA,0.2465100884437561,-24.65100884437561,2007,Go for it,NA,NA,NA,NA,NA,NA,NA,NA,NA,NA,Toss Up,Go for it,Andy Reid,Joe Gibbs,10:50,NA,NA,NA,NA,NA,NA,NA,NA,NA,NA
2358,2007_10_PHI_WAS,2007111107,WAS,PHI,REG,10,WAS,home,PHI,PHI,5,2007-11-11,607,1507,1507,Half2,0,11,0,3,3,0,10:07,PHI 5,1,54,(10:07) 45-M.Sellers up the middle to PHI 5 for no gain (98-M.Patterson).,run,0,0,0,0,0,0,0,NA,NA,NA,NA,middle,NA,NA,NA,NA,NA,3,3,0,NA,NA,NA,NA,3,3,12,7,12,7,5,12,7,5,0.0016095263417810202,0.01588963344693184,4.2283229413442314e-4,0.025156909599900246,0.3310259282588959,0.0020567807368934155,0.6238383650779724,0,0,5.139446969667915,-2.2293685814834157,7.086439339382765,-7.086439339382765,-4.800172796636163,4.800172796636163,13.440215206636928,-13.440215206636928,NA,NA,0,0,14.864860419013883,-14.864860419013883,-1.6177923024515621,1.6177923024515621,14.297845098310962,-14.297845098310962,0.0893701083259657,-0.0893701083259657,0.8477955460548401,0.1522044539451599,0.8477955460548401,0.1522044539451599,-0.02693122625350952,-0.024515509605407715,-0.024515509605407715,0.8208643198013306,0.17913568019866943,0.8446999788284302,0.8446999788284302,-0.17538198828697205,0.17538198828697205,0.5202776661894004,-0.5202776661894004,NA,NA,0,0,0.20411740537431067,-0.20411740537431067,0.24143337308979618,-0.24143337308979618,0.20728476639535254,-0.20728476639535254,0.3262816578111707,-0.3262816578111707,0,0,0,0,0,1,0,0,0,0,0,0,0,0,0,0,0,0,0,0,0,0,0,0,1,0,0,0,0,0,0,0,1,0,0,0,0,0,0,0,0,0,0,0,0,0,0,0,0,0,0,NA,NA,NA,NA,NA,NA,00-0014655,M.Sellers,0,NA,NA,NA,NA,NA,NA,NA,NA,NA,NA,NA,NA,NA,NA,NA,NA,NA,NA,NA,NA,NA,NA,NA,NA,NA,NA,NA,NA,NA,NA,NA,NA,NA,NA,NA,NA,NA,NA,NA,NA,NA,NA,PHI,NA,00-0023466,NA,M.Patterson,NA,NA,NA,NA,NA,NA,NA,NA,NA,NA,NA,NA,NA,0,NA,NA,NA,NA,NA,NA,NA,NA,NA,NA,NA,NA,NA,NA,NA,NA,NA,NA,NA,NA,NA,NA,NA,NA,NA,NA,NA,NA,NA,NA,NA,0,NA,NA,NA,NA,0,NA,NA,0,0,0,0,NA,NA,2007,NA,NA,32,0,Field goal,2358,"11/11/07, 13:03:13",2007-11-11T19:46:09Z,Commanders Field,"Sunny Temp: 49° F, Humidity: 44%, Wind: 4 SE mph",10012007-1111-07c6-43e9-6366420b400f,0,0,RUSH,0,NA,NA,NA,11,Field goal,2007-11-11T19:39:18Z,9,5:42,3,1,1,3,3,5,KICKOFF,FIELD_GOAL,15:00,09:18,WAS 41,PHI 5,2136,2403,33,25,Home,-8,58,3,37.5,1,outdoors,grass,49,0,Joe Gibbs,Andy Reid,WAS00,FedExField,0,0,NA,NA,M.Sellers,45,NA,NA,0,1,0,0,1,NA,00-0014655,NA,M.Sellers,45,00-0014655,M.Sellers,00-0014655,M.Sellers,00-0014655,0,0,-2.2293685814834157,NA,NA,NA,NA,NA,0.15542949736118317,-15.542949736118317,2007,Go for it,NA,NA,NA,NA,NA,NA,NA,NA,NA,NA,Toss Up,Go for it,Andy Reid,Joe Gibbs,10:07,NA,NA,NA,NA,NA,NA,NA,NA,NA,NA
2380,2007_10_PHI_WAS,2007111107,WAS,PHI,REG,10,NA,NA,NA,NA,NA,2007-11-11,563,1463,1463,Half2,0,11,0,3,NA,0,09:23,PHI 5,0,54,Timeout #1 by WAS at 09:23.,no_play,0,0,0,0,0,0,0,NA,NA,NA,NA,NA,NA,NA,NA,NA,NA,2,3,1,WAS,NA,NA,NA,NA,NA,12,7,NA,NA,NA,NA,NA,NA,0,0,0,0,0,0,0,0,0,2.9100783881844996,0,7.086439339382765,-7.086439339382765,-4.800172796636163,4.800172796636163,13.440215206636928,-13.440215206636928,NA,NA,0,0,14.864860419013883,-14.864860419013883,-1.6177923024515621,1.6177923024515621,14.297845098310962,-14.297845098310962,0.0893701083259657,-0.0893701083259657,0.8208643198013306,0.17913568019866943,0.8208643198013306,0.17913568019866943,0,0,0,NA,NA,0.8201844692230225,0.8201844692230225,-0.17538198828697205,0.17538198828697205,0.5202776661894004,-0.5202776661894004,NA,NA,0,0,0.20411740537431067,-0.20411740537431067,0.24143337308979618,-0.24143337308979618,0.20728476639535254,-0.20728476639535254,0.3262816578111707,-0.3262816578111707,0,0,0,0,0,0,0,0,0,0,0,0,0,0,0,0,0,0,0,0,0,0,0,0,0,0,0,0,0,0,0,0,0,0,0,0,0,0,0,0,0,0,0,0,0,0,0,0,0,0,0,NA,NA,NA,NA,NA,NA,NA,NA,NA,NA,NA,NA,NA,NA,NA,NA,NA,NA,NA,NA,NA,NA,NA,NA,NA,NA,NA,NA,NA,NA,NA,NA,NA,NA,NA,NA,NA,NA,NA,NA,NA,NA,NA,NA,NA,NA,NA,NA,NA,NA,NA,NA,NA,NA,NA,NA,NA,NA,NA,NA,NA,NA,NA,NA,NA,NA,NA,NA,NA,0,NA,NA,NA,NA,NA,NA,NA,NA,NA,NA,NA,NA,NA,NA,NA,NA,NA,NA,NA,NA,NA,NA,NA,NA,NA,NA,NA,NA,NA,NA,NA,0,NA,NA,NA,NA,0,NA,NA,0,0,0,0,NA,NA,2007,NA,NA,32,0,Field goal,2380,"11/11/07, 13:03:13",2007-11-11T19:47:03Z,Commanders Field,"Sunny Temp: 49° F, Humidity: 44%, Wind: 4 SE mph",10012007-1111-07c6-43e9-6366420b400f,0,0,TIMEOUT,0,NA,NA,NA,11,Field goal,2007-11-11T19:39:18Z,9,5:42,3,1,1,3,3,5,KICKOFF,FIELD_GOAL,15:00,09:18,WAS 41,PHI 5,2136,2403,33,25,Home,-8,58,3,37.5,1,outdoors,grass,49,0,Joe Gibbs,Andy Reid,WAS00,FedExField,0,0,NA,NA,NA,NA,NA,NA,0,0,0,0,0,NA,NA,NA,NA,NA,NA,NA,NA,NA,NA,0,0,0,NA,NA,NA,NA,NA,NA,NA,2007,Other,NA,NA,NA,NA,NA,NA,NA,NA,NA,NA,Toss Up,Other (Penalty),Andy Reid,Joe Gibbs,9:23,NA,NA,NA,NA,NA,NA,NA,NA,NA,NA
2403,2007_10_PHI_WAS,2007111107,WAS,PHI,REG,10,WAS,home,PHI,PHI,5,2007-11-11,563,1463,1463,Half2,0,11,1,3,4,0,09:23,PHI 5,1,54,"(9:23) 6-S.Suisham 23 yard field goal is GOOD, Center-67-E.Albright, Holder-4-D.Frost.",field_goal,0,0,0,0,0,0,0,NA,NA,NA,NA,NA,NA,made,23,NA,NA,2,3,0,NA,NA,NA,NA,2,3,15,7,12,7,5,15,7,8,3.8444788170425404e-4,0.005661694495411801,1.811062346353298e-4,0.008462368415962016,0.97749650453575,1.0488147193544392e-4,0.007708998071516973,0,0,2.9100783881844996,0.0899216118155004,7.176360951198265,-7.176360951198265,-4.800172796636163,4.800172796636163,13.440215206636928,-13.440215206636928,NA,NA,0,0,14.864860419013883,-14.864860419013883,-1.6177923024515621,1.6177923024515621,14.297845098310962,-14.297845098310962,0.0893701083259657,-0.0893701083259657,0.8208643198013306,0.17913568019866943,0.8208643198013306,0.17913568019866943,-0.012127906084060669,0.01469355821609497,0.01469355821609497,0.8087364137172699,0.1912635862827301,0.8201844692230225,0.8201844692230225,-0.17538198828697205,0.17538198828697205,0.5202776661894004,-0.5202776661894004,NA,NA,0,0,0.20411740537431067,-0.20411740537431067,0.24143337308979618,-0.24143337308979618,0.20728476639535254,-0.20728476639535254,0.3262816578111707,-0.3262816578111707,0,0,0,0,0,0,0,0,0,0,0,0,0,0,0,0,0,0,0,0,0,0,0,0,0,0,0,0,0,0,0,0,0,0,0,0,0,0,0,0,0,1,0,0,0,0,0,0,0,0,0,NA,NA,NA,NA,NA,NA,NA,NA,NA,NA,NA,NA,NA,NA,NA,NA,NA,NA,NA,NA,NA,NA,NA,NA,NA,NA,NA,NA,NA,NA,NA,S.Suisham,00-0023001,NA,NA,NA,NA,NA,NA,NA,NA,NA,NA,NA,NA,NA,NA,NA,NA,NA,NA,NA,NA,NA,NA,NA,NA,NA,NA,NA,NA,NA,NA,NA,NA,NA,NA,NA,NA,0,NA,NA,NA,NA,NA,NA,NA,NA,NA,NA,NA,NA,NA,NA,NA,NA,NA,NA,NA,NA,NA,NA,NA,NA,NA,NA,NA,NA,NA,NA,NA,0,NA,NA,NA,NA,0,NA,NA,0,0,0,0,NA,NA,2007,NA,NA,32,0,Field goal,2403,"11/11/07, 13:03:13",2007-11-11T19:49:06Z,Commanders Field,"Sunny Temp: 49° F, Humidity: 44%, Wind: 4 SE mph",10012007-1111-07c6-43e9-6366420b400f,0,0,FIELD_GOAL,0,NA,NA,NA,11,Field goal,2007-11-11T19:39:18Z,9,5:42,3,1,1,3,3,5,KICKOFF,FIELD_GOAL,15:00,09:18,WAS 41,PHI 5,2136,2403,33,25,Home,-8,58,3,37.5,1,outdoors,grass,49,0,Joe Gibbs,Andy Reid,WAS00,FedExField,0,1,NA,NA,NA,NA,NA,NA,0,0,0,1,0,NA,NA,NA,NA,NA,NA,NA,NA,NA,NA,0,0,0.0899216118155004,NA,NA,NA,NA,NA,NA,NA,2007,Field Goal,NA,0.5838067425393092,0.5978611227965962,NA,NA,NA,0.5925203508231789,0.6458210576092824,NA,NA,Toss Up,Field Goal,Andy Reid,Joe Gibbs,9:23,0.97749650453575,98,NA,58,60,NA,NA,NA,65,59
2422,2007_10_PHI_WAS,2007111107,WAS,PHI,REG,10,PHI,away,WAS,WAS,30,2007-11-11,558,1458,1458,Half2,0,12,0,3,NA,0,09:18,WAS 30,0,70,6-S.Suisham kicks 59 yards from WAS 30 to PHI 11. 30-J.Reed to PHI 30 for 19 yards (20-P.Prioleau).,kickoff,0,0,0,0,0,0,0,NA,NA,NA,NA,NA,NA,NA,59,NA,NA,2,3,0,NA,NA,NA,NA,3,2,15,7,7,15,-8,7,15,-8,0.0138782924041152,0.18462806940078735,0.00958931166678667,0.27521398663520813,0.21100513637065887,0.0018711870070546865,0.30381402373313904,0,0,0.26389521127566695,0.6508732929360121,6.525487658262253,-6.525487658262253,-4.800172796636163,4.800172796636163,13.440215206636928,-13.440215206636928,NA,NA,0,0,14.864860419013883,-14.864860419013883,-1.6177923024515621,1.6177923024515621,14.297845098310962,-14.297845098310962,0.0893701083259657,-0.0893701083259657,0.1912635862827301,0.8087364137172699,0.8087364137172699,0.1912635862827301,0.01267784833908081,0.012814998626708984,-0.012814998626708984,0.7960585653781891,0.2039414346218109,0.16512197256088257,0.8348780274391174,-0.17538198828697205,0.17538198828697205,0.5202776661894004,-0.5202776661894004,NA,NA,0,0,0.20411740537431067,-0.20411740537431067,0.24143337308979618,-0.24143337308979618,0.20728476639535254,-0.20728476639535254,0.3262816578111707,-0.3262816578111707,0,0,0,0,0,0,0,0,0,0,0,0,0,0,0,0,0,0,0,0,0,0,0,0,1,0,0,0,0,0,0,0,0,0,0,0,0,0,0,0,0,0,1,0,0,0,0,0,0,0,0,NA,NA,NA,NA,NA,NA,NA,NA,NA,NA,NA,NA,NA,NA,NA,NA,NA,NA,NA,NA,NA,NA,NA,NA,NA,J.Reed,00-0022791,NA,NA,NA,NA,S.Suisham,00-0023001,NA,NA,NA,NA,NA,NA,NA,NA,NA,NA,NA,NA,NA,NA,NA,NA,NA,NA,WAS,NA,00-0013255,NA,P.Prioleau,NA,NA,NA,NA,NA,NA,NA,NA,NA,NA,NA,NA,NA,0,NA,NA,NA,NA,NA,NA,NA,NA,NA,NA,NA,NA,NA,NA,NA,NA,NA,NA,NA,NA,NA,NA,NA,NA,NA,NA,NA,NA,NA,NA,PHI,19,NA,NA,NA,NA,0,NA,NA,0,0,0,0,NA,NA,2007,NA,NA,33,1,First down,2422,"11/11/07, 13:03:13",2007-11-11T19:51:41Z,Commanders Field,"Sunny Temp: 49° F, Humidity: 44%, Wind: 4 SE mph",10012007-1111-07c6-43e9-6366420b400f,0,0,KICK_OFF,1,NA,NA,NA,12,Touchdown,2007-11-11T19:51:41Z,12,6:22,5,1,1,3,3,11,KICKOFF,TOUCHDOWN,09:18,02:56,PHI 30,WAS 8,2422,2735,33,25,Home,-8,58,3,37.5,1,outdoors,grass,49,0,Joe Gibbs,Andy Reid,WAS00,FedExField,0,1,NA,NA,NA,NA,NA,NA,0,0,0,1,0,NA,NA,NA,NA,NA,NA,NA,NA,NA,NA,0,0,0.6508732929360121,NA,NA,NA,NA,NA,NA,NA,2007,Other,NA,NA,NA,NA,NA,NA,NA,NA,NA,NA,Toss Up,Other,Andy Reid,Joe Gibbs,9:18,NA,NA,NA,NA,NA,NA,NA,NA,NA,NA
2444,2007_10_PHI_WAS,2007111107,WAS,PHI,REG,10,PHI,away,WAS,PHI,70,2007-11-11,552,1452,1452,Half2,0,12,0,3,1,0,09:12,PHI 30,10,70,(9:12) 36-B.Westbrook left end to PHI 30 for no gain (96-C.Griffin).,run,0,0,0,0,0,0,0,NA,NA,NA,NA,left,end,NA,NA,NA,NA,2,3,0,NA,NA,NA,NA,3,2,15,7,7,15,-8,7,15,-8,0.013749138452112675,0.15814313292503357,0.005584313068538904,0.24254252016544342,0.2381523996591568,0.0018185299122706056,0.34000998735427856,0,0,0.9147685042116791,-0.47120011900551617,6.996687777267769,-6.996687777267769,-4.328972677630647,4.328972677630647,13.440215206636928,-13.440215206636928,NA,NA,0,0,14.864860419013883,-14.864860419013883,-1.6177923024515621,1.6177923024515621,14.297845098310962,-14.297845098310962,0.0893701083259657,-0.0893701083259657,0.2039414346218109,0.7960585653781891,0.7960585653781891,0.2039414346218109,-0.017292290925979614,-0.008292213082313538,0.008292213082313538,0.8133508563041687,0.1866491436958313,0.17793697118759155,0.8220630288124084,-0.15808969736099243,0.15808969736099243,0.5202776661894004,-0.5202776661894004,NA,NA,0,0,0.20411740537431067,-0.20411740537431067,0.24143337308979618,-0.24143337308979618,0.20728476639535254,-0.20728476639535254,0.3262816578111707,-0.3262816578111707,0,0,0,0,0,0,0,0,0,0,0,0,0,0,0,0,0,0,0,0,0,0,0,0,1,0,0,0,0,0,0,0,1,0,0,0,0,0,0,0,0,0,0,0,0,0,0,0,0,0,0,NA,NA,NA,NA,NA,NA,00-0021216,B.Westbrook,0,NA,NA,NA,NA,NA,NA,NA,NA,NA,NA,NA,NA,NA,NA,NA,NA,NA,NA,NA,NA,NA,NA,NA,NA,NA,NA,NA,NA,NA,NA,NA,NA,NA,NA,NA,NA,NA,NA,NA,NA,NA,NA,WAS,NA,00-0019700,NA,C.Griffin,NA,NA,NA,NA,NA,NA,NA,NA,NA,NA,NA,NA,NA,0,NA,NA,NA,NA,NA,NA,NA,NA,NA,NA,NA,NA,NA,NA,NA,NA,NA,NA,NA,NA,NA,NA,NA,NA,NA,NA,NA,NA,NA,NA,NA,0,NA,NA,NA,NA,0,NA,NA,0,0,0,0,NA,NA,2007,NA,NA,33,1,First down,2444,"11/11/07, 13:03:13",2007-11-11T19:52:29Z,Commanders Field,"Sunny Temp: 49° F, Humidity: 44%, Wind: 4 SE mph",10012007-1111-07c6-43e9-6366420b400f,0,0,RUSH,0,NA,NA,NA,12,Touchdown,2007-11-11T19:51:41Z,12,6:22,5,1,1,3,3,11,KICKOFF,TOUCHDOWN,09:18,02:56,PHI 30,WAS 8,2422,2735,33,25,Home,-8,58,3,37.5,1,outdoors,grass,49,0,Joe Gibbs,Andy Reid,WAS00,FedExField,0,0,NA,NA,B.Westbrook,36,NA,NA,0,1,0,0,1,NA,00-0021216,NA,B.Westbrook,36,00-0021216,B.Westbrook,00-0021216,B.Westbrook,00-0021216,0,0,-0.47120011900551617,NA,NA,NA,NA,NA,0.490933358669281,-49.0933358669281,2007,Go for it,NA,NA,NA,NA,NA,NA,NA,NA,NA,NA,Toss Up,Go for it,Andy Reid,Joe Gibbs,9:12,NA,NA,NA,NA,NA,NA,NA,NA,NA,NA
2466,2007_10_PHI_WAS,2007111107,WAS,PHI,REG,10,PHI,away,WAS,PHI,70,2007-11-11,517,1417,1417,Half2,0,12,0,3,2,0,08:37,PHI 30,10,70,(8:37) 5-D.McNabb sacked at PHI 20 for -10 yards (96-C.Griffin).,pass,-10,0,0,1,0,0,0,NA,NA,NA,NA,NA,NA,NA,NA,NA,NA,2,3,0,NA,NA,NA,NA,3,2,15,7,7,15,-8,7,15,-8,0.01616744138300419,0.17162543535232544,0.0066354419104754925,0.27084746956825256,0.21656396985054016,0.0018331436440348625,0.3163270950317383,0,0,0.44356838520616293,-1.7689314051531255,8.765619182420895,-8.765619182420895,-4.328972677630647,4.328972677630647,15.209146611790054,-15.209146611790054,NA,NA,0,0,14.864860419013883,-14.864860419013883,-1.6177923024515621,1.6177923024515621,14.297845098310962,-14.297845098310962,0.0893701083259657,-0.0893701083259657,0.1866491436958313,0.8133508563041687,0.8133508563041687,0.1866491436958313,-0.03574872016906738,-0.03576742112636566,0.03576742112636566,0.8490995764732361,0.15090042352676392,0.16964475810527802,0.830355241894722,-0.15808969736099243,0.15808969736099243,0.5560263863584678,-0.5560263863584678,NA,NA,0,0,0.20411740537431067,-0.20411740537431067,0.24143337308979618,-0.24143337308979618,0.20728476639535254,-0.20728476639535254,0.3262816578111707,-0.3262816578111707,0,0,0,0,0,0,0,0,0,0,0,0,0,0,0,0,0,0,0,0,0,0,0,0,1,0,0,0,0,0,0,1,0,1,1,0,0,0,0,0,0,0,0,0,0,0,0,0,0,0,0,00-0011022,D.McNabb,NA,NA,NA,NA,NA,NA,NA,NA,NA,NA,NA,NA,NA,NA,NA,NA,NA,NA,NA,NA,NA,NA,NA,NA,NA,NA,NA,NA,NA,NA,NA,NA,NA,NA,NA,NA,NA,NA,NA,00-0019700,C.Griffin,NA,NA,NA,NA,NA,NA,NA,NA,WAS,NA,00-0019700,NA,C.Griffin,NA,NA,NA,NA,NA,NA,NA,NA,NA,NA,NA,NA,NA,0,NA,NA,NA,NA,NA,NA,NA,NA,NA,NA,NA,NA,NA,NA,NA,NA,NA,NA,NA,NA,NA,NA,NA,NA,00-0019700,C.Griffin,NA,NA,NA,NA,NA,0,NA,NA,NA,NA,0,NA,NA,0,0,0,0,NA,NA,2007,NA,NA,33,1,First down,2466,"11/11/07, 13:03:13",2007-11-11T19:53:05Z,Commanders Field,"Sunny Temp: 49° F, Humidity: 44%, Wind: 4 SE mph",10012007-1111-07c6-43e9-6366420b400f,0,0,SACK,0,NA,NA,NA,12,Touchdown,2007-11-11T19:51:41Z,12,6:22,5,1,1,3,3,11,KICKOFF,TOUCHDOWN,09:18,02:56,PHI 30,WAS 8,2422,2735,33,25,Home,-8,58,3,37.5,1,outdoors,grass,49,0,Joe Gibbs,Andy Reid,WAS00,FedExField,0,0,D.McNabb,5,NA,NA,NA,NA,1,0,0,0,1,00-0011022,NA,NA,D.McNabb,5,00-0011022,NA,NA,NA,NA,0,0,-1.7689314051531255,NA,NA,NA,NA,NA,0.6012468338012695,39.87531661987305,2007,Go for it,NA,NA,NA,NA,NA,NA,NA,NA,NA,NA,Toss Up,Go for it,Andy Reid,Joe Gibbs,8:37,NA,NA,NA,NA,NA,NA,NA,NA,NA,NA
2485,2007_10_PHI_WAS,2007111107,WAS,PHI,REG,10,PHI,away,WAS,PHI,80,2007-11-11,483,1383,1383,Half2,0,12,0,3,3,0,08:03,PHI 20,20,70,(8:03) (Shotgun) 5-D.McNabb pass deep middle to 81-J.Avant to PHI 39 for 19 yards (21-S.Taylor).,pass,19,1,0,1,0,0,0,deep,middle,19,0,NA,NA,NA,NA,NA,NA,2,3,0,NA,NA,NA,NA,3,2,15,7,7,15,-8,7,15,-8,0.015241440385580063,0.2497701346874237,0.012148192152380943,0.35790500044822693,0.1475798338651657,0.0021297491621226072,0.2152256816625595,0,0,-1.3253630199469626,0.896955304313451,7.868663878107443,-7.868663878107443,-4.328972677630647,4.328972677630647,14.312191307476603,-14.312191307476603,0.896955304313451,0,0.896955304313451,0,13.967905114700432,-13.967905114700432,-1.6177923024515621,1.6177923024515621,13.40088979399751,-13.40088979399751,0.0893701083259657,-0.0893701083259657,0.15090042352676392,0.8490995764732361,0.8490995764732361,0.15090042352676392,0.016596615314483643,0.026548027992248535,-0.026548027992248535,0.8325029611587524,0.16749703884124756,0.13387733697891235,0.8661226630210876,-0.15808969736099243,0.15808969736099243,0.5394297710439842,-0.5394297710439842,0.016596615314483643,0,0.016596615314483643,0,0.18752079005982702,-0.18752079005982702,0.24143337308979618,-0.24143337308979618,0.1906881510808689,-0.1906881510808689,0.3262816578111707,-0.3262816578111707,0,0,0,0,0,1,0,0,0,0,0,0,0,0,0,0,0,0,0,0,0,0,0,0,1,0,0,0,0,0,0,0,0,1,0,0,0,0,0,0,0,0,0,0,0,1,0,0,0,0,0,00-0011022,D.McNabb,19,00-0024324,J.Avant,19,NA,NA,NA,NA,NA,NA,NA,NA,NA,NA,NA,NA,NA,NA,NA,NA,NA,NA,NA,NA,NA,NA,NA,NA,NA,NA,NA,NA,NA,NA,NA,NA,NA,NA,NA,NA,NA,NA,NA,NA,NA,NA,NA,NA,NA,WAS,NA,00-0022777,NA,S.Taylor,NA,NA,NA,NA,NA,NA,NA,NA,NA,NA,NA,NA,NA,0,NA,NA,NA,NA,NA,NA,NA,NA,NA,NA,NA,NA,NA,NA,NA,NA,NA,NA,NA,NA,NA,NA,NA,NA,NA,NA,NA,NA,NA,NA,NA,0,NA,NA,NA,NA,0,NA,NA,0,0,0,0,NA,NA,2007,0.5664747357368469,43.35252642631531,33,1,First down,2485,"11/11/07, 13:03:13",2007-11-11T19:53:51Z,Commanders Field,"Sunny Temp: 49° F, Humidity: 44%, Wind: 4 SE mph",10012007-1111-07c6-43e9-6366420b400f,0,0,PASS,0,NA,NA,NA,12,Touchdown,2007-11-11T19:51:41Z,12,6:22,5,1,1,3,3,11,KICKOFF,TOUCHDOWN,09:18,02:56,PHI 30,WAS 8,2422,2735,33,25,Home,-8,58,3,37.5,1,outdoors,grass,49,0,Joe Gibbs,Andy Reid,WAS00,FedExField,0,1,D.McNabb,5,NA,NA,J.Avant,81,1,0,0,0,1,00-0011022,NA,00-0024324,D.McNabb,5,00-0011022,J.Avant,00-0024324,J.Avant,00-0024324,0,0,0.896955304313451,1.343437722613066,3.459989233640954,1,1,0.5673766894033179,0.9265483021736145,7.34516978263855,2007,Go for it,NA,NA,NA,NA,NA,NA,NA,NA,NA,NA,Toss Up,Go for it,Andy Reid,Joe Gibbs,8:03,NA,NA,NA,NA,NA,NA,NA,NA,NA,NA
2509,2007_10_PHI_WAS,2007111107,WAS,PHI,REG,10,PHI,away,WAS,PHI,61,2007-11-11,456,1356,1356,Half2,0,12,0,3,4,0,07:36,PHI 39,1,70,(7:36) 5-D.McNabb up the middle to PHI 40 for 1 yard (59-L.Fletcher). QB sneak,run,1,0,0,0,0,0,0,NA,NA,NA,NA,middle,NA,NA,NA,NA,NA,2,3,0,NA,NA,NA,NA,3,2,15,7,7,15,-8,7,15,-8,0.020546698942780495,0.21180155873298645,0.004575501196086407,0.3155610263347626,0.1731225997209549,0.0030082110315561295,0.27138441801071167,0,0,-0.42840771563351154,1.978841750882566,5.889822127224877,-5.889822127224877,-6.307814428513213,6.307814428513213,14.312191307476603,-14.312191307476603,NA,NA,0,0,13.967905114700432,-13.967905114700432,-1.6177923024515621,1.6177923024515621,13.40088979399751,-13.40088979399751,0.0893701083259657,-0.0893701083259657,0.16749703884124756,0.8325029611587524,0.8325029611587524,0.16749703884124756,0.033105239272117615,0.033982425928115845,-0.033982425928115845,0.7993977218866348,0.20060227811336517,0.1604253649711609,0.8395746350288391,-0.19119493663311005,0.19119493663311005,0.5394297710439842,-0.5394297710439842,NA,NA,0,0,0.18752079005982702,-0.18752079005982702,0.24143337308979618,-0.24143337308979618,0.1906881510808689,-0.1906881510808689,0.3262816578111707,-0.3262816578111707,0,1,0,0,0,0,1,0,0,0,0,0,0,0,0,0,0,0,0,0,0,0,0,0,1,0,0,0,0,0,0,0,1,0,0,0,0,0,0,0,0,0,0,0,0,0,0,0,0,0,0,NA,NA,NA,NA,NA,NA,00-0011022,D.McNabb,1,NA,NA,NA,NA,NA,NA,NA,NA,NA,NA,NA,NA,NA,NA,NA,NA,NA,NA,NA,NA,NA,NA,NA,NA,NA,NA,NA,NA,NA,NA,NA,NA,NA,NA,NA,NA,NA,NA,NA,NA,NA,NA,WAS,NA,00-0005322,NA,L.Fletcher,NA,NA,NA,NA,NA,NA,NA,NA,NA,NA,NA,NA,NA,0,NA,NA,NA,NA,NA,NA,NA,NA,NA,NA,NA,NA,NA,NA,NA,NA,NA,NA,NA,NA,NA,NA,NA,NA,NA,NA,NA,NA,NA,NA,NA,0,NA,NA,NA,NA,0,NA,NA,0,0,0,0,NA,NA,2007,NA,NA,33,1,First down,2509,"11/11/07, 13:03:13",2007-11-11T19:55:38Z,Commanders Field,"Sunny Temp: 49° F, Humidity: 44%, Wind: 4 SE mph",10012007-1111-07c6-43e9-6366420b400f,0,0,RUSH,0,NA,NA,NA,12,Touchdown,2007-11-11T19:51:41Z,12,6:22,5,1,1,3,3,11,KICKOFF,TOUCHDOWN,09:18,02:56,PHI 30,WAS 8,2422,2735,33,25,Home,-8,58,3,37.5,1,outdoors,grass,49,0,Joe Gibbs,Andy Reid,WAS00,FedExField,0,1,NA,NA,D.McNabb,5,NA,NA,0,1,1,0,1,NA,00-0011022,NA,D.McNabb,5,00-0011022,D.McNabb,00-0011022,D.McNabb,00-0011022,0,0,1.978841750882566,NA,NA,NA,NA,NA,0.09088262915611267,-9.088262915611267,2007,Go for it,NA,0.6494447469922306,0.6499651709011305,NA,NA,0,0.6393582671880722,0.8505299091339111,0.6393582671880722,0.7511570469455875,Punt,Go for it,Andy Reid,Joe Gibbs,7:36,0,0,NA,65,65,NA,75,64,85,64
2535,2007_10_PHI_WAS,2007111107,WAS,PHI,REG,10,PHI,away,WAS,PHI,60,2007-11-11,416,1316,1316,Half2,0,12,0,3,1,0,06:56,PHI 40,10,70,"(6:56) 36-B.Westbrook left tackle to PHI 48 for 8 yards (52-R.McIntosh, 21-S.Taylor).",run,8,0,0,0,0,0,0,NA,NA,NA,NA,left,tackle,NA,NA,NA,NA,2,3,0,NA,NA,NA,NA,3,2,15,7,7,15,-8,7,15,-8,0.01966560073196888,0.1304289847612381,0.003227937500923872,0.20577338337898254,0.27157557010650635,0.00228719599545002,0.36704134941101074,0,0,1.5504340352490544,0.7332387156784534,5.156583411546424,-5.156583411546424,-7.041053144191666,7.041053144191666,14.312191307476603,-14.312191307476603,NA,NA,0,0,13.967905114700432,-13.967905114700432,-1.6177923024515621,1.6177923024515621,13.40088979399751,-13.40088979399751,0.0893701083259657,-0.0893701083259657,0.20060227811336517,0.7993977218866348,0.7993977218866348,0.20060227811336517,0.008243203163146973,0.010515406727790833,-0.010515406727790833,0.7911545187234879,0.20884548127651215,0.19440779089927673,0.8055922091007233,-0.19943813979625702,0.19943813979625702,0.5394297710439842,-0.5394297710439842,NA,NA,0,0,0.18752079005982702,-0.18752079005982702,0.24143337308979618,-0.24143337308979618,0.1906881510808689,-0.1906881510808689,0.3262816578111707,-0.3262816578111707,0,0,0,0,0,0,0,0,0,0,0,0,0,0,0,0,0,0,0,0,0,0,0,0,0,0,0,0,0,0,0,0,1,0,0,0,0,0,0,0,0,0,0,0,0,0,1,0,0,0,0,NA,NA,NA,NA,NA,NA,00-0021216,B.Westbrook,8,NA,NA,NA,NA,NA,NA,NA,NA,NA,NA,NA,NA,NA,NA,NA,NA,NA,NA,NA,NA,NA,NA,NA,NA,NA,NA,NA,NA,NA,NA,NA,NA,NA,NA,NA,NA,NA,NA,NA,NA,NA,NA,NA,NA,NA,NA,NA,NA,00-0022777,S.Taylor,WAS,NA,NA,NA,NA,NA,NA,NA,NA,NA,1,00-0024250,R.McIntosh,WAS,NA,NA,NA,NA,NA,NA,NA,NA,NA,NA,NA,NA,NA,NA,NA,NA,NA,NA,NA,NA,NA,NA,NA,NA,NA,NA,NA,NA,0,NA,NA,NA,NA,0,NA,NA,0,0,0,0,NA,NA,2007,NA,NA,34,1,First down,2535,"11/11/07, 13:03:13",2007-11-11T19:56:19Z,Commanders Field,"Sunny Temp: 49° F, Humidity: 44%, Wind: 4 SE mph",10012007-1111-07c6-43e9-6366420b400f,0,0,RUSH,0,NA,NA,NA,12,Touchdown,2007-11-11T19:51:41Z,12,6:22,5,1,1,3,3,11,KICKOFF,TOUCHDOWN,09:18,02:56,PHI 30,WAS 8,2422,2735,33,25,Home,-8,58,3,37.5,1,outdoors,grass,49,0,Joe Gibbs,Andy Reid,WAS00,FedExField,0,1,NA,NA,B.Westbrook,36,NA,NA,0,1,0,0,1,NA,00-0021216,NA,B.Westbrook,36,00-0021216,B.Westbrook,00-0021216,B.Westbrook,00-0021216,0,0,0.7332387156784534,NA,NA,NA,NA,NA,0.5392886996269226,-53.92886996269226,2007,Go for it,NA,NA,NA,NA,NA,NA,NA,NA,NA,NA,Toss Up,Go for it,Andy Reid,Joe Gibbs,6:56,NA,NA,NA,NA,NA,NA,NA,NA,NA,NA
2557,2007_10_PHI_WAS,2007111107,WAS,PHI,REG,10,PHI,away,WAS,PHI,52,2007-11-11,372,1272,1272,Half2,0,12,0,3,2,0,06:12,PHI 48,2,70,(6:12) (Shotgun) 5-D.McNabb scrambles up the middle to WAS 36 for 16 yards (59-L.Fletcher).,run,16,1,0,1,0,0,1,NA,NA,NA,NA,middle,NA,NA,NA,NA,NA,2,3,0,NA,NA,NA,NA,3,2,15,7,7,15,-8,7,15,-8,0.0166730135679245,0.11183028668165207,0.002335952827706933,0.1647544652223587,0.28557518124580383,0.00228528562001884,0.4165458083152771,0,0,2.283672750927508,1.0293643800541759,4.127219031492248,-4.127219031492248,-8.070417524245842,8.070417524245842,14.312191307476603,-14.312191307476603,NA,NA,0,0,13.967905114700432,-13.967905114700432,-1.6177923024515621,1.6177923024515621,13.40088979399751,-13.40088979399751,0.0893701083259657,-0.0893701083259657,0.20884548127651215,0.7911545187234879,0.7911545187234879,0.20884548127651215,0.022750481963157654,0.041057243943214417,-0.041057243943214417,0.7684040367603302,0.2315959632396698,0.20492319762706757,0.7950768023729324,-0.22218862175941467,0.22218862175941467,0.5394297710439842,-0.5394297710439842,NA,NA,0,0,0.18752079005982702,-0.18752079005982702,0.24143337308979618,-0.24143337308979618,0.1906881510808689,-0.1906881510808689,0.3262816578111707,-0.3262816578111707,0,1,0,0,0,0,0,0,0,0,0,0,0,0,0,0,0,0,0,0,0,0,0,0,1,0,0,0,0,0,0,0,1,0,0,0,0,0,0,0,0,0,0,0,0,0,0,0,0,0,0,NA,NA,NA,NA,NA,NA,00-0011022,D.McNabb,16,NA,NA,NA,NA,NA,NA,NA,NA,NA,NA,NA,NA,NA,NA,NA,NA,NA,NA,NA,NA,NA,NA,NA,NA,NA,NA,NA,NA,NA,NA,NA,NA,NA,NA,NA,NA,NA,NA,NA,NA,NA,NA,WAS,NA,00-0005322,NA,L.Fletcher,NA,NA,NA,NA,NA,NA,NA,NA,NA,NA,NA,NA,NA,0,NA,NA,NA,NA,NA,NA,NA,NA,NA,NA,NA,NA,NA,NA,NA,NA,NA,NA,NA,NA,NA,NA,NA,NA,NA,NA,NA,NA,NA,NA,NA,0,NA,NA,NA,NA,0,NA,NA,0,0,0,0,NA,NA,2007,NA,NA,34,1,First down,2557,"11/11/07, 13:03:13",2007-11-11T19:57:03Z,Commanders Field,"Sunny Temp: 49° F, Humidity: 44%, Wind: 4 SE mph",10012007-1111-07c6-43e9-6366420b400f,0,0,RUSH,0,NA,NA,NA,12,Touchdown,2007-11-11T19:51:41Z,12,6:22,5,1,1,3,3,11,KICKOFF,TOUCHDOWN,09:18,02:56,PHI 30,WAS 8,2422,2735,33,25,Home,-8,58,3,37.5,1,outdoors,grass,49,0,Joe Gibbs,Andy Reid,WAS00,FedExField,0,1,D.McNabb,5,NA,5,NA,NA,1,0,1,0,1,00-0011022,NA,NA,D.McNabb,5,00-0011022,D.McNabb,00-0011022,D.McNabb,00-0011022,0,0,1.0293643800541759,NA,NA,NA,NA,NA,0.32426512241363525,67.57348775863647,2007,Go for it,NA,NA,NA,NA,NA,NA,NA,NA,NA,NA,Toss Up,Go for it,Andy Reid,Joe Gibbs,6:12,NA,NA,NA,NA,NA,NA,NA,NA,NA,NA
2579,2007_10_PHI_WAS,2007111107,WAS,PHI,REG,10,PHI,away,WAS,WAS,36,2007-11-11,336,1236,1236,Half2,0,12,0,3,1,0,05:36,WAS 36,10,70,(5:36) 36-B.Westbrook up the middle to WAS 33 for 3 yards (94-A.Montgomery).,run,3,0,0,0,0,0,0,NA,NA,NA,NA,middle,NA,NA,NA,NA,NA,2,3,0,NA,NA,NA,NA,3,2,15,7,7,15,-8,7,15,-8,0.011568867601454258,0.0654408261179924,0.001547399559058249,0.1029851883649826,0.37192103266716003,0.0016337797278538346,0.44490286707878113,0,0,3.3130371309816837,-0.1460877088829875,4.273306740375236,-4.273306740375236,-7.924329815362855,7.924329815362855,14.312191307476603,-14.312191307476603,NA,NA,0,0,13.967905114700432,-13.967905114700432,-1.6177923024515621,1.6177923024515621,13.40088979399751,-13.40088979399751,0.0893701083259657,-0.0893701083259657,0.2315959632396698,0.7684040367603302,0.7684040367603302,0.2315959632396698,-0.0062896013259887695,-0.02641896903514862,0.02641896903514862,0.774693638086319,0.22530636191368103,0.24598044157028198,0.754019558429718,-0.2158990204334259,0.2158990204334259,0.5394297710439842,-0.5394297710439842,NA,NA,0,0,0.18752079005982702,-0.18752079005982702,0.24143337308979618,-0.24143337308979618,0.1906881510808689,-0.1906881510808689,0.3262816578111707,-0.3262816578111707,0,0,0,0,0,0,0,0,0,0,0,0,0,0,0,0,0,0,0,0,0,0,0,0,1,0,0,0,0,0,0,0,1,0,0,0,0,0,0,0,0,0,0,0,0,0,0,0,0,0,0,NA,NA,NA,NA,NA,NA,00-0021216,B.Westbrook,3,NA,NA,NA,NA,NA,NA,NA,NA,NA,NA,NA,NA,NA,NA,NA,NA,NA,NA,NA,NA,NA,NA,NA,NA,NA,NA,NA,NA,NA,NA,NA,NA,NA,NA,NA,NA,NA,NA,NA,NA,NA,NA,WAS,NA,00-0024367,NA,A.Montgomery,NA,NA,NA,NA,NA,NA,NA,NA,NA,NA,NA,NA,NA,0,NA,NA,NA,NA,NA,NA,NA,NA,NA,NA,NA,NA,NA,NA,NA,NA,NA,NA,NA,NA,NA,NA,NA,NA,NA,NA,NA,NA,NA,NA,NA,0,NA,NA,NA,NA,0,NA,NA,0,0,0,0,NA,NA,2007,NA,NA,35,1,First down,2579,"11/11/07, 13:03:13",2007-11-11T19:57:39Z,Commanders Field,"Sunny Temp: 49° F, Humidity: 44%, Wind: 4 SE mph",10012007-1111-07c6-43e9-6366420b400f,0,0,RUSH,0,NA,NA,NA,12,Touchdown,2007-11-11T19:51:41Z,12,6:22,5,1,1,3,3,11,KICKOFF,TOUCHDOWN,09:18,02:56,PHI 30,WAS 8,2422,2735,33,25,Home,-8,58,3,37.5,1,outdoors,grass,49,0,Joe Gibbs,Andy Reid,WAS00,FedExField,0,0,NA,NA,B.Westbrook,36,NA,NA,0,1,0,0,1,NA,00-0021216,NA,B.Westbrook,36,00-0021216,B.Westbrook,00-0021216,B.Westbrook,00-0021216,0,0,-0.1460877088829875,NA,NA,NA,NA,NA,0.5051310062408447,-50.51310062408447,2007,Go for it,NA,NA,NA,NA,NA,NA,NA,NA,NA,NA,Toss Up,Go for it,Andy Reid,Joe Gibbs,5:36,NA,NA,NA,NA,NA,NA,NA,NA,NA,NA
2601,2007_10_PHI_WAS,2007111107,WAS,PHI,REG,10,PHI,away,WAS,WAS,33,2007-11-11,299,1199,1199,Half2,0,12,0,3,2,0,04:59,WAS 33,7,70,"(4:59) 5-D.McNabb pass short middle to 86-R.Brown to WAS 29 for 4 yards (57-R.Godfrey, 59-L.Fletcher).",pass,4,0,0,1,0,0,0,short,middle,3,1,NA,NA,NA,NA,NA,NA,2,3,0,NA,NA,NA,NA,3,2,15,7,7,15,-8,7,15,-8,0.01096210815012455,0.06545030325651169,0.0014209805522114038,0.1032024621963501,0.40941572189331055,0.0013053666334599257,0.4082430899143219,0,0,3.1669494220986962,-0.06901405705139041,4.342320797426626,-4.342320797426626,-7.924329815362855,7.924329815362855,14.381205364527993,-14.381205364527993,-0.250530282384716,0.18151622533332556,-0.250530282384716,0.18151622533332556,14.218435397085148,-14.218435397085148,-1.7993085277848877,1.7993085277848877,13.651420076382227,-13.651420076382227,-0.09214611700735986,0.09214611700735986,0.22530636191368103,0.774693638086319,0.774693638086319,0.22530636191368103,0.0017399638891220093,-0.00483626127243042,0.00483626127243042,0.772953674197197,0.22704632580280304,0.21956147253513336,0.7804385274648666,-0.2158990204334259,0.2158990204334259,0.5376898071548621,-0.5376898071548621,0,0.0017399638891220093,0,0.0017399638891220093,0.18752079005982702,-0.18752079005982702,0.23969340920067417,-0.23969340920067417,0.1906881510808689,-0.1906881510808689,0.3245416939220487,-0.3245416939220487,0,0,0,0,0,0,0,0,0,0,0,0,0,0,0,0,0,0,0,0,0,0,0,0,0,0,0,0,0,0,0,0,0,1,0,0,0,0,0,0,0,0,0,0,0,1,1,0,0,0,0,00-0011022,D.McNabb,4,00-0023470,R.Brown,4,NA,NA,NA,NA,NA,NA,NA,NA,NA,NA,NA,NA,NA,NA,NA,NA,NA,NA,NA,NA,NA,NA,NA,NA,NA,NA,NA,NA,NA,NA,NA,NA,NA,NA,NA,NA,NA,NA,NA,NA,NA,NA,NA,NA,NA,NA,NA,NA,NA,NA,NA,00-0005322,L.Fletcher,WAS,NA,NA,NA,NA,NA,NA,NA,NA,NA,1,00-0006063,R.Godfrey,WAS,NA,NA,NA,NA,NA,NA,NA,NA,NA,NA,NA,NA,NA,NA,NA,NA,NA,NA,NA,NA,NA,NA,NA,NA,NA,NA,NA,NA,0,NA,NA,NA,NA,0,NA,NA,0,0,0,0,NA,NA,2007,0.7593902945518494,24.060970544815063,35,1,First down,2601,"11/11/07, 13:03:13",2007-11-11T19:58:15Z,Commanders Field,"Sunny Temp: 49° F, Humidity: 44%, Wind: 4 SE mph",10012007-1111-07c6-43e9-6366420b400f,0,0,PASS,0,NA,NA,NA,12,Touchdown,2007-11-11T19:51:41Z,12,6:22,5,1,1,3,3,11,KICKOFF,TOUCHDOWN,09:18,02:56,PHI 30,WAS 8,2422,2735,33,25,Home,-8,58,3,37.5,1,outdoors,grass,49,0,Joe Gibbs,Andy Reid,WAS00,FedExField,0,0,D.McNabb,5,NA,NA,R.Brown,86,1,0,0,0,1,00-0011022,NA,00-0023470,D.McNabb,5,00-0011022,R.Brown,00-0023470,R.Brown,00-0023470,0,0,-0.06901405705139041,0.821716760193082,5.023912484000903,3,0.7051039873040281,0.46874966606264934,0.7008835077285767,29.911649227142334,2007,Go for it,NA,NA,NA,NA,NA,NA,NA,NA,NA,NA,Toss Up,Go for it,Andy Reid,Joe Gibbs,4:59,NA,NA,NA,NA,NA,NA,NA,NA,NA,NA
2625,2007_10_PHI_WAS,2007111107,WAS,PHI,REG,10,PHI,away,WAS,WAS,29,2007-11-11,255,1155,1155,Half2,0,12,0,3,3,0,04:15,WAS 29,3,70,"(4:15) (Shotgun) 5-D.McNabb pass short middle to 82-L.Smith to WAS 22 for 7 yards (21-S.Taylor) [52-R.McIntosh]. PENALTY on WAS-21-S.Taylor, Face Mask (15 Yards), 11 yards, enforced at WAS 22.",pass,7,1,0,1,0,0,0,short,middle,7,0,NA,NA,NA,NA,NA,NA,2,3,0,NA,NA,NA,NA,3,2,15,7,7,15,-8,7,15,-8,0.010130607523024082,0.06242099404335022,0.001030982588417828,0.0914747565984726,0.47809839248657227,9.242611704394221e-4,0.3559199869632721,0,0,3.097935365047306,1.7308005060767755,2.6115202913498505,-2.6115202913498505,-7.924329815362855,7.924329815362855,12.650404858451218,-12.650404858451218,1.1713201478123665,0.559480358264409,1.1713201478123665,0.559480358264409,13.047115249272782,-13.047115249272782,-2.3587888860492967,2.3587888860492967,12.48009992856986,-12.48009992856986,-0.6516264752717689,0.6516264752717689,0.22704632580280304,0.772953674197197,0.772953674197197,0.22704632580280304,0.05091710388660431,0.0684380978345871,-0.0684380978345871,0.7220365703105927,0.27796342968940735,0.21472521126270294,0.7852747887372971,-0.2158990204334259,0.2158990204334259,0.48677270326825783,-0.48677270326825783,0,0.05091710388660431,0,0.05091710388660431,0.18752079005982702,-0.18752079005982702,0.18877630531406986,-0.18877630531406986,0.1906881510808689,-0.1906881510808689,0.27362459003544437,-0.27362459003544437,0,0,1,1,1,0,0,0,0,0,0,0,0,0,0,0,0,0,0,0,0,0,0,0,1,0,1,0,0,0,0,1,0,1,0,0,0,0,0,0,0,0,0,0,0,1,0,0,0,0,0,00-0011022,D.McNabb,7,00-0022126,L.Smith,7,NA,NA,NA,NA,NA,NA,NA,NA,NA,NA,NA,NA,NA,NA,NA,NA,NA,NA,NA,NA,NA,NA,NA,NA,NA,NA,NA,NA,NA,NA,NA,NA,NA,NA,NA,00-0024250,R.McIntosh,NA,NA,NA,NA,NA,NA,NA,NA,WAS,NA,00-0022777,NA,S.Taylor,NA,NA,NA,NA,NA,NA,NA,NA,NA,NA,NA,NA,NA,0,NA,NA,NA,NA,NA,NA,NA,NA,NA,NA,NA,NA,NA,NA,NA,NA,NA,NA,NA,NA,NA,NA,NA,NA,NA,NA,NA,NA,NA,NA,NA,0,WAS,00-0022777,S.Taylor,11,0,NA,Face Mask,0,0,0,0,NA,NA,2007,0.429115891456604,57.0884108543396,35,1,First down,2625,"11/11/07, 13:03:13",2007-11-11T19:58:59Z,Commanders Field,"Sunny Temp: 49° F, Humidity: 44%, Wind: 4 SE mph",10012007-1111-07c6-43e9-6366420b400f,0,0,PASS,0,NA,NA,NA,12,Touchdown,2007-11-11T19:51:41Z,12,6:22,5,1,1,3,3,11,KICKOFF,TOUCHDOWN,09:18,02:56,PHI 30,WAS 8,2422,2735,33,25,Home,-8,58,3,37.5,1,outdoors,grass,49,0,Joe Gibbs,Andy Reid,WAS00,FedExField,0,1,D.McNabb,5,NA,NA,L.Smith,82,1,0,1,0,1,00-0011022,NA,00-0022126,D.McNabb,5,00-0011022,L.Smith,00-0022126,L.Smith,00-0022126,0,0,1.7308005060767755,0.21518947240420472,3.580262460047379,2,0.9993208774831146,0.9993208774831146,0.8196141123771667,18.038588762283325,2007,Go for it,NA,NA,NA,NA,NA,NA,NA,NA,NA,NA,Toss Up,Go for it (Penalty),Andy Reid,Joe Gibbs,4:15,NA,NA,NA,NA,NA,NA,NA,NA,NA,NA
2671,2007_10_PHI_WAS,2007111107,WAS,PHI,REG,10,PHI,away,WAS,WAS,11,2007-11-11,227,1127,1127,Half2,0,12,0,3,1,0,03:47,WAS 11,10,70,(3:47) 5-D.McNabb pass incomplete short middle to 86-R.Brown (57-R.Godfrey).,pass,0,0,0,1,0,0,0,short,middle,4,NA,NA,NA,NA,NA,NA,NA,2,3,0,NA,NA,NA,NA,3,2,15,7,7,15,-8,7,15,-8,0.004814265761524439,0.01787572354078293,7.164602866396308e-4,0.03340975567698479,0.37003079056739807,8.998534758575261e-4,0.5722531676292419,0,0,4.828735871124081,-0.4155405330238864,3.027060824373737,-3.027060824373737,-7.924329815362855,7.924329815362855,13.065945391475104,-13.065945391475104,-0.020342229050584137,-0.39519830397330225,0,0,13.047115249272782,-13.047115249272782,-2.3587888860492967,2.3587888860492967,12.500442157620444,-12.500442157620444,-0.2564281712984666,0.2564281712984666,0.27796342968940735,0.7220365703105927,0.7220365703105927,0.27796342968940735,-0.01543167233467102,-0.015334069728851318,0.015334069728851318,0.7374682426452637,0.26253175735473633,0.28316330909729004,0.71683669090271,-0.2158990204334259,0.2158990204334259,0.5022043756029289,-0.5022043756029289,0,-0.01543167233467102,0,0,0.18752079005982702,-0.18752079005982702,0.18877630531406986,-0.18877630531406986,0.1906881510808689,-0.1906881510808689,0.2890562623701154,-0.2890562623701154,0,0,0,0,0,0,0,0,1,0,0,0,0,0,0,0,0,0,0,0,0,0,0,0,0,0,0,0,0,0,0,0,0,1,0,0,0,0,0,0,0,0,0,0,0,0,0,0,0,0,0,00-0011022,D.McNabb,NA,NA,NA,NA,NA,NA,NA,NA,NA,NA,NA,NA,NA,NA,NA,NA,NA,NA,NA,NA,NA,NA,NA,NA,NA,NA,NA,NA,NA,NA,NA,NA,NA,NA,NA,NA,NA,NA,NA,NA,NA,NA,NA,NA,NA,NA,NA,NA,NA,NA,NA,NA,NA,NA,NA,NA,NA,NA,NA,NA,NA,NA,NA,NA,NA,NA,NA,0,NA,NA,NA,NA,NA,NA,00-0006063,R.Godfrey,NA,NA,NA,NA,NA,NA,NA,NA,NA,NA,NA,NA,NA,NA,NA,NA,NA,NA,NA,NA,NA,NA,NA,0,NA,NA,NA,NA,0,NA,NA,0,0,0,0,NA,NA,2007,0.7297210693359375,-72.97210693359375,36,1,Touchdown,2671,"11/11/07, 13:03:13",2007-11-11T20:00:14Z,Commanders Field,"Sunny Temp: 49° F, Humidity: 44%, Wind: 4 SE mph",10012007-1111-07c6-43e9-6366420b400f,0,0,PASS,0,NA,NA,NA,12,Touchdown,2007-11-11T19:51:41Z,12,6:22,5,1,1,3,3,11,KICKOFF,TOUCHDOWN,09:18,02:56,PHI 30,WAS 8,2422,2735,33,25,Home,-8,58,3,37.5,1,outdoors,grass,49,0,Joe Gibbs,Andy Reid,WAS00,FedExField,0,0,D.McNabb,5,NA,NA,R.Brown,86,1,0,0,0,1,00-0011022,NA,00-0023470,D.McNabb,5,00-0011022,NA,NA,R.Brown,00-0023470,0,0,-0.4155405330238864,0.7628555625599092,3.0445481539936736,3,0.8051742066745646,0.22311114269541577,0.41027069091796875,58.972930908203125,2007,Go for it,NA,NA,NA,NA,NA,NA,NA,NA,NA,NA,Toss Up,Go for it,Andy Reid,Joe Gibbs,3:47,NA,NA,NA,NA,NA,NA,NA,NA,NA,NA
2693,2007_10_PHI_WAS,2007111107,WAS,PHI,REG,10,PHI,away,WAS,WAS,11,2007-11-11,223,1123,1123,Half2,0,12,0,3,2,0,03:43,WAS 11,10,70,"(3:43) (Shotgun) 36-B.Westbrook left tackle to WAS 8 for 3 yards (99-A.Carter, 96-C.Griffin).",run,3,1,0,0,0,0,0,NA,NA,NA,NA,left,tackle,NA,NA,NA,NA,2,3,0,NA,NA,NA,NA,3,2,15,7,7,15,-8,7,15,-8,0.005024764221161604,0.019027989357709885,7.883971557021141e-4,0.036303263157606125,0.4603163003921509,9.489962831139565e-4,0.47759029269218445,0,0,4.413195338100195,-0.4456586193991825,3.4727194437729194,-3.4727194437729194,-7.478671195963672,7.478671195963672,13.065945391475104,-13.065945391475104,NA,NA,0,0,13.047115249272782,-13.047115249272782,-2.3587888860492967,2.3587888860492967,12.500442157620444,-12.500442157620444,-0.2564281712984666,0.2564281712984666,0.26253175735473633,0.7374682426452637,0.7374682426452637,0.26253175735473633,-0.005847632884979248,-0.024364158511161804,0.024364158511161804,0.7433158755302429,0.2566841244697571,0.2678292393684387,0.7321707606315613,-0.21005138754844666,0.21005138754844666,0.5022043756029289,-0.5022043756029289,NA,NA,0,0,0.18752079005982702,-0.18752079005982702,0.18877630531406986,-0.18877630531406986,0.1906881510808689,-0.1906881510808689,0.2890562623701154,-0.2890562623701154,0,0,0,0,0,0,0,0,0,0,0,0,0,0,0,0,0,0,0,0,0,0,0,0,0,0,0,0,0,0,0,0,1,0,0,0,0,0,0,0,0,0,0,0,0,0,1,0,0,0,0,NA,NA,NA,NA,NA,NA,00-0021216,B.Westbrook,3,NA,NA,NA,NA,NA,NA,NA,NA,NA,NA,NA,NA,NA,NA,NA,NA,NA,NA,NA,NA,NA,NA,NA,NA,NA,NA,NA,NA,NA,NA,NA,NA,NA,NA,NA,NA,NA,NA,NA,NA,NA,NA,NA,NA,NA,NA,NA,NA,00-0019700,C.Griffin,WAS,NA,NA,NA,NA,NA,NA,NA,NA,NA,1,00-0020489,A.Carter,WAS,NA,NA,NA,NA,NA,NA,NA,NA,NA,NA,NA,NA,NA,NA,NA,NA,NA,NA,NA,NA,NA,NA,NA,NA,NA,NA,NA,NA,0,NA,NA,NA,NA,0,NA,NA,0,0,0,0,NA,NA,2007,NA,NA,36,1,Touchdown,2693,"11/11/07, 13:03:13",2007-11-11T20:00:50Z,Commanders Field,"Sunny Temp: 49° F, Humidity: 44%, Wind: 4 SE mph",10012007-1111-07c6-43e9-6366420b400f,0,0,RUSH,0,NA,NA,NA,12,Touchdown,2007-11-11T19:51:41Z,12,6:22,5,1,1,3,3,11,KICKOFF,TOUCHDOWN,09:18,02:56,PHI 30,WAS 8,2422,2735,33,25,Home,-8,58,3,37.5,1,outdoors,grass,49,0,Joe Gibbs,Andy Reid,WAS00,FedExField,0,0,NA,NA,B.Westbrook,36,NA,NA,0,1,0,0,1,NA,00-0021216,NA,B.Westbrook,36,00-0021216,B.Westbrook,00-0021216,B.Westbrook,00-0021216,0,0,-0.4456586193991825,NA,NA,NA,NA,NA,0.6033697724342346,-60.33697724342346,2007,Go for it,NA,NA,NA,NA,NA,NA,NA,NA,NA,NA,Toss Up,Go for it,Andy Reid,Joe Gibbs,3:43,NA,NA,NA,NA,NA,NA,NA,NA,NA,NA
2715,2007_10_PHI_WAS,2007111107,WAS,PHI,REG,10,PHI,away,WAS,WAS,8,2007-11-11,181,1081,1081,Half2,0,12,1,3,3,0,03:01,WAS 8,7,70,"(3:01) 5-D.McNabb pass short middle to 82-L.Smith for 8 yards, TOUCHDOWN.",pass,8,0,0,1,0,0,0,short,middle,8,0,NA,NA,NA,NA,NA,NA,2,3,0,NA,PHI,L.Smith,00-0022126,3,2,15,13,7,15,-8,13,15,-2,0.005911185871809721,0.01997372694313526,6.970179383642972e-4,0.03143830969929695,0.5846621990203857,0.0012579065514728427,0.3560596704483032,0,0,3.9675367187010124,3.0324632812989876,0.44025616247393196,-0.44025616247393196,-7.478671195963672,7.478671195963672,10.033482110176116,-10.033482110176116,3.0324632812989876,0,3.0324632812989876,0,10.014651967973794,-10.014651967973794,-2.3587888860492967,2.3587888860492967,9.467978876321457,-9.467978876321457,-0.2564281712984666,0.2564281712984666,0.2566841244697571,0.7433158755302429,0.7433158755302429,0.2566841244697571,0.10951869010925297,0.11276803591847417,-0.11276803591847417,0.63379718542099,0.36620281457901005,0.24346508085727692,0.7565349191427231,-0.21005138754844666,0.21005138754844666,0.3926856854936759,-0.3926856854936759,0.10951869010925297,0,0.10951869010925297,0,0.07800209995057406,-0.07800209995057406,0.18877630531406986,-0.18877630531406986,0.08116946097161593,-0.08116946097161593,0.2890562623701154,-0.2890562623701154,0,0,1,0,1,0,0,0,0,0,0,0,0,0,0,0,0,0,0,0,0,0,0,0,0,0,0,0,0,0,0,0,0,1,0,1,1,0,0,0,0,0,0,0,0,1,0,0,0,0,0,00-0011022,D.McNabb,8,00-0022126,L.Smith,8,NA,NA,NA,NA,NA,NA,NA,NA,NA,NA,NA,NA,NA,NA,NA,NA,NA,NA,NA,NA,NA,NA,NA,NA,NA,NA,NA,NA,NA,NA,NA,NA,NA,NA,NA,NA,NA,NA,NA,NA,NA,NA,NA,NA,NA,NA,NA,NA,NA,NA,NA,NA,NA,NA,NA,NA,NA,NA,NA,NA,NA,NA,NA,0,NA,NA,NA,NA,NA,NA,NA,NA,NA,NA,NA,NA,NA,NA,NA,NA,NA,NA,NA,NA,NA,NA,NA,NA,NA,NA,NA,NA,NA,NA,NA,0,NA,NA,NA,NA,0,NA,NA,0,0,0,0,NA,NA,2007,0.45666706562042236,54.333293437957764,36,1,Touchdown,2715,"11/11/07, 13:03:13",2007-11-11T20:01:35Z,Commanders Field,"Sunny Temp: 49° F, Humidity: 44%, Wind: 4 SE mph",10012007-1111-07c6-43e9-6366420b400f,0,0,PASS,0,NA,NA,NA,12,Touchdown,2007-11-11T19:51:41Z,12,6:22,5,1,1,3,3,11,KICKOFF,TOUCHDOWN,09:18,02:56,PHI 30,WAS 8,2422,2735,33,25,Home,-8,58,3,37.5,1,outdoors,grass,49,0,Joe Gibbs,Andy Reid,WAS00,FedExField,0,1,D.McNabb,5,NA,NA,L.Smith,82,1,0,1,0,1,00-0011022,NA,00-0022126,D.McNabb,5,00-0011022,L.Smith,00-0022126,L.Smith,00-0022126,0,0,3.0324632812989876,NA,NA,NA,NA,NA,0.9574279189109802,4.2572081089019775,2007,Go for it,NA,NA,NA,NA,NA,NA,NA,NA,NA,NA,Toss Up,Go for it,Andy Reid,Joe Gibbs,3:01,NA,NA,NA,NA,NA,NA,NA,NA,NA,NA
2735,2007_10_PHI_WAS,2007111107,WAS,PHI,REG,10,PHI,away,WAS,WAS,2,2007-11-11,176,1076,1076,Half2,0,12,0,3,NA,0,02:56,WAS 2,0,70,(Run formation) TWO-POINT CONVERSION ATTEMPT. 5-D.McNabb pass to 84-H.Baskett is incomplete. ATTEMPT FAILS.,pass,0,0,0,1,0,0,0,NA,NA,NA,NA,NA,NA,NA,NA,NA,failure,2,3,0,NA,NA,NA,NA,3,2,15,13,13,15,-2,13,15,-2,0,0,0,0,0,0,0,0,0.4735,0.947,-0.947,1.387256162473932,-1.387256162473932,-7.478671195963672,7.478671195963672,10.980482110176116,-10.980482110176116,NA,NA,0,0,10.014651967973794,-10.014651967973794,-2.3587888860492967,2.3587888860492967,9.467978876321457,-9.467978876321457,-0.2564281712984666,0.2564281712984666,0.36620281457901005,0.63379718542099,0.63379718542099,0.36620281457901005,-0.06354681968688969,-0.04580771604180334,0.04580771604180334,0.6973440051078796,0.30265599489212036,0.3562331167757511,0.6437668832242489,-0.21005138754844666,0.21005138754844666,0.4562325051805656,-0.4562325051805656,NA,NA,0,0,0.07800209995057406,-0.07800209995057406,0.18877630531406986,-0.18877630531406986,0.08116946097161593,-0.08116946097161593,0.2890562623701154,-0.2890562623701154,0,0,0,0,0,0,0,0,0,0,0,0,0,0,0,0,0,0,0,0,0,0,0,0,0,0,0,0,0,0,0,0,0,1,0,0,0,0,0,0,1,0,0,0,0,0,0,0,0,0,0,00-0011022,D.McNabb,NA,00-0024013,H.Baskett,NA,NA,NA,NA,NA,NA,NA,NA,NA,NA,NA,NA,NA,NA,NA,NA,NA,NA,NA,NA,NA,NA,NA,NA,NA,NA,NA,NA,NA,NA,NA,NA,NA,NA,NA,NA,NA,NA,NA,NA,NA,NA,NA,NA,NA,NA,NA,NA,NA,NA,NA,NA,NA,NA,NA,NA,NA,NA,NA,NA,NA,NA,NA,NA,0,NA,NA,NA,NA,NA,NA,NA,NA,NA,NA,NA,NA,NA,NA,NA,NA,NA,NA,NA,NA,NA,NA,NA,NA,NA,NA,NA,NA,NA,NA,NA,0,NA,NA,NA,NA,0,NA,NA,0,0,0,0,NA,NA,2007,NA,NA,36,1,Touchdown,2735,"11/11/07, 13:03:13",2007-11-11T20:02:26Z,Commanders Field,"Sunny Temp: 49° F, Humidity: 44%, Wind: 4 SE mph",10012007-1111-07c6-43e9-6366420b400f,0,0,PAT2,0,NA,NA,NA,12,Touchdown,2007-11-11T19:51:41Z,12,6:22,5,1,1,3,3,11,KICKOFF,TOUCHDOWN,09:18,02:56,PHI 30,WAS 8,2422,2735,33,25,Home,-8,58,3,37.5,1,outdoors,grass,49,0,Joe Gibbs,Andy Reid,WAS00,FedExField,0,0,D.McNabb,5,NA,NA,H.Baskett,84,1,0,0,0,1,00-0011022,NA,00-0024013,D.McNabb,5,00-0011022,H.Baskett,00-0024013,H.Baskett,00-0024013,0,0,-0.947,NA,NA,NA,NA,NA,NA,NA,2007,Go for it,NA,NA,NA,NA,NA,NA,NA,NA,NA,NA,Toss Up,Go for it,Andy Reid,Joe Gibbs,2:56,NA,NA,NA,NA,NA,NA,NA,NA,NA,NA
2749,2007_10_PHI_WAS,2007111107,WAS,PHI,REG,10,WAS,home,PHI,PHI,30,2007-11-11,176,1076,1076,Half2,0,13,0,3,NA,0,02:56,PHI 30,0,68,2-D.Akers kicks 67 yards from PHI 30 to WAS 3. 31-R.Cartwright to WAS 32 for 29 yards (57-C.Gocong).,kickoff,0,0,0,0,0,0,0,NA,NA,NA,NA,NA,NA,NA,67,NA,NA,2,3,0,NA,NA,NA,NA,2,3,15,13,15,13,2,15,13,2,0.04217381775379181,0.16909575462341309,0.0020297567825764418,0.2471931278705597,0.2131580263376236,0.00546350097283721,0.3208859860897064,0,0,0.6549043110571802,0.8849766796920449,2.2722328421659768,-2.2722328421659768,-7.478671195963672,7.478671195963672,10.980482110176116,-10.980482110176116,NA,NA,0,0,10.014651967973794,-10.014651967973794,-2.3587888860492967,2.3587888860492967,9.467978876321457,-9.467978876321457,-0.2564281712984666,0.2564281712984666,0.6973440051078796,0.30265599489212036,0.6973440051078796,0.30265599489212036,0.015908420085906982,0.012122750282287598,0.012122750282287598,0.7132524251937866,0.2867475748062134,0.6895745992660522,0.6895745992660522,-0.21005138754844666,0.21005138754844666,0.4562325051805656,-0.4562325051805656,NA,NA,0,0,0.07800209995057406,-0.07800209995057406,0.18877630531406986,-0.18877630531406986,0.08116946097161593,-0.08116946097161593,0.2890562623701154,-0.2890562623701154,0,0,0,0,0,0,0,0,0,0,0,0,0,0,0,0,0,0,0,0,0,0,0,0,1,0,0,0,0,0,0,0,0,0,0,0,0,0,0,0,0,0,1,0,0,0,0,0,0,0,0,NA,NA,NA,NA,NA,NA,NA,NA,NA,NA,NA,NA,NA,NA,NA,NA,NA,NA,NA,NA,NA,NA,NA,NA,NA,R.Cartwright,00-0021357,NA,NA,NA,NA,D.Akers,00-0000108,NA,NA,NA,NA,NA,NA,NA,NA,NA,NA,NA,NA,NA,NA,NA,NA,NA,NA,PHI,NA,00-0024286,NA,C.Gocong,NA,NA,NA,NA,NA,NA,NA,NA,NA,NA,NA,NA,NA,0,NA,NA,NA,NA,NA,NA,NA,NA,NA,NA,NA,NA,NA,NA,NA,NA,NA,NA,NA,NA,NA,NA,NA,NA,NA,NA,NA,NA,NA,NA,WAS,29,NA,NA,NA,NA,0,NA,NA,0,0,0,0,NA,NA,2007,NA,NA,37,1,First down,2749,"11/11/07, 13:03:13",2007-11-11T20:05:07Z,Commanders Field,"Sunny Temp: 49° F, Humidity: 44%, Wind: 4 SE mph",10012007-1111-07c6-43e9-6366420b400f,0,0,KICK_OFF,1,NA,NA,NA,13,Touchdown,2007-11-11T20:05:07Z,12,5:20,6,1,1,3,4,6,KICKOFF,TOUCHDOWN,02:56,12:36,WAS 32,PHI 6,2749,3095,33,25,Home,-8,58,3,37.5,1,outdoors,grass,49,0,Joe Gibbs,Andy Reid,WAS00,FedExField,0,1,NA,NA,NA,NA,NA,NA,0,0,0,1,0,NA,NA,NA,NA,NA,NA,NA,NA,NA,NA,0,0,0.8849766796920449,NA,NA,NA,NA,NA,NA,NA,2007,Other,NA,NA,NA,NA,NA,NA,NA,NA,NA,NA,Toss Up,Other,Andy Reid,Joe Gibbs,2:56,NA,NA,NA,NA,NA,NA,NA,NA,NA,NA
2771,2007_10_PHI_WAS,2007111107,WAS,PHI,REG,10,WAS,home,PHI,WAS,68,2007-11-11,171,1071,1071,Half2,0,13,0,3,1,0,02:51,WAS 32,10,68,(2:51) 26-C.Portis left end to WAS 36 for 4 yards (97-B.Bunkley).,run,4,0,0,0,0,0,0,NA,NA,NA,NA,left,end,NA,NA,NA,NA,2,3,0,NA,NA,NA,NA,2,3,15,13,15,13,2,15,13,2,0.04133133590221405,0.13405637443065643,0.0015566266374662519,0.20110470056533813,0.24256734549999237,0.006098276935517788,0.3732853829860687,0,0,1.539880990749225,-0.07316569960676134,2.1990671425592154,-2.1990671425592154,-7.551836895570434,7.551836895570434,10.980482110176116,-10.980482110176116,NA,NA,0,0,10.014651967973794,-10.014651967973794,-2.3587888860492967,2.3587888860492967,9.467978876321457,-9.467978876321457,-0.2564281712984666,0.2564281712984666,0.7132524251937866,0.2867475748062134,0.7132524251937866,0.2867475748062134,-0.004711270332336426,0.00621187686920166,0.00621187686920166,0.7085411548614502,0.2914588451385498,0.7016973495483398,0.7016973495483398,-0.21476265788078308,0.21476265788078308,0.4562325051805656,-0.4562325051805656,NA,NA,0,0,0.07800209995057406,-0.07800209995057406,0.18877630531406986,-0.18877630531406986,0.08116946097161593,-0.08116946097161593,0.2890562623701154,-0.2890562623701154,0,0,0,0,0,0,0,0,0,0,0,0,0,0,0,0,0,0,0,0,0,0,0,0,1,0,0,0,0,0,0,0,1,0,0,0,0,0,0,0,0,0,0,0,0,0,0,0,0,0,0,NA,NA,NA,NA,NA,NA,00-0021179,C.Portis,4,NA,NA,NA,NA,NA,NA,NA,NA,NA,NA,NA,NA,NA,NA,NA,NA,NA,NA,NA,NA,NA,NA,NA,NA,NA,NA,NA,NA,NA,NA,NA,NA,NA,NA,NA,NA,NA,NA,NA,NA,NA,NA,PHI,NA,00-0024229,NA,B.Bunkley,NA,NA,NA,NA,NA,NA,NA,NA,NA,NA,NA,NA,NA,0,NA,NA,NA,NA,NA,NA,NA,NA,NA,NA,NA,NA,NA,NA,NA,NA,NA,NA,NA,NA,NA,NA,NA,NA,NA,NA,NA,NA,NA,NA,NA,0,NA,NA,NA,NA,0,NA,NA,0,0,0,0,NA,NA,2007,NA,NA,37,1,First down,2771,"11/11/07, 13:03:13",2007-11-11T20:07:37Z,Commanders Field,"Sunny Temp: 49° F, Humidity: 44%, Wind: 4 SE mph",10012007-1111-07c6-43e9-6366420b400f,0,0,RUSH,0,NA,NA,NA,13,Touchdown,2007-11-11T20:05:07Z,12,5:20,6,1,1,3,4,6,KICKOFF,TOUCHDOWN,02:56,12:36,WAS 32,PHI 6,2749,3095,33,25,Home,-8,58,3,37.5,1,outdoors,grass,49,0,Joe Gibbs,Andy Reid,WAS00,FedExField,0,0,NA,NA,C.Portis,26,NA,NA,0,1,0,0,1,NA,00-0021179,NA,C.Portis,26,00-0021179,C.Portis,00-0021179,C.Portis,00-0021179,0,0,-0.07316569960676134,NA,NA,NA,NA,NA,0.46357762813568115,-46.357762813568115,2007,Go for it,NA,NA,NA,NA,NA,NA,NA,NA,NA,NA,Toss Up,Go for it,Andy Reid,Joe Gibbs,2:51,NA,NA,NA,NA,NA,NA,NA,NA,NA,NA
2793,2007_10_PHI_WAS,2007111107,WAS,PHI,REG,10,WAS,home,PHI,WAS,64,2007-11-11,143,1043,1043,Half2,0,13,0,3,2,0,02:23,WAS 36,6,68,"(2:23) (No Huddle, Shotgun) 17-J.Campbell pass short middle to 26-C.Portis to WAS 41 for 5 yards (51-T.Spikes).",pass,5,1,1,1,0,0,0,short,middle,3,2,NA,NA,NA,NA,NA,NA,2,3,0,NA,NA,NA,NA,2,3,15,13,15,13,2,15,13,2,0.040608614683151245,0.13133347034454346,0.0013347202911973,0.20769324898719788,0.24372029304504395,0.008218125440180302,0.3670915365219116,0,0,1.4667152911424637,0.24088231311179698,2.4399494556710124,-2.4399494556710124,-7.551836895570434,7.551836895570434,11.221364423287913,-11.221364423287913,-0.4105247335974127,0.6514070467092097,-0.4105247335974127,0.6514070467092097,9.604127234376381,-9.604127234376381,-1.707381839340087,1.707381839340087,9.057454142724044,-9.057454142724044,0.39497887541074306,-0.39497887541074306,0.7085411548614502,0.2914588451385498,0.7085411548614502,0.2914588451385498,-0.017108440399169922,-0.0019870400428771973,-0.0019870400428771973,0.6914327144622803,0.3085672855377197,0.7079092264175415,0.7079092264175415,-0.21476265788078308,0.21476265788078308,0.43912406478139565,-0.43912406478139565,0,-0.017108440399169922,0,-0.017108440399169922,0.07800209995057406,-0.07800209995057406,0.17166786491489994,-0.17166786491489994,0.08116946097161593,-0.08116946097161593,0.27194782197094547,-0.27194782197094547,0,0,0,0,0,0,0,0,0,0,0,0,0,0,0,0,0,0,0,0,0,0,0,0,1,0,0,0,0,0,0,0,0,1,0,0,0,0,0,0,0,0,0,0,0,1,0,0,0,0,0,00-0023460,J.Campbell,5,00-0021179,C.Portis,5,NA,NA,NA,NA,NA,NA,NA,NA,NA,NA,NA,NA,NA,NA,NA,NA,NA,NA,NA,NA,NA,NA,NA,NA,NA,NA,NA,NA,NA,NA,NA,NA,NA,NA,NA,NA,NA,NA,NA,NA,NA,NA,NA,NA,NA,PHI,NA,00-0015474,NA,T.Spikes,NA,NA,NA,NA,NA,NA,NA,NA,NA,NA,NA,NA,NA,0,NA,NA,NA,NA,NA,NA,NA,NA,NA,NA,NA,NA,NA,NA,NA,NA,NA,NA,NA,NA,NA,NA,NA,NA,NA,NA,NA,NA,NA,NA,NA,0,NA,NA,NA,NA,0,NA,NA,0,0,0,0,NA,NA,2007,0.7531082034111023,24.68917965888977,37,1,First down,2793,"11/11/07, 13:03:13",2007-11-11T20:08:06Z,Commanders Field,"Sunny Temp: 49° F, Humidity: 44%, Wind: 4 SE mph",10012007-1111-07c6-43e9-6366420b400f,0,0,PASS,0,NA,NA,NA,13,Touchdown,2007-11-11T20:05:07Z,12,5:20,6,1,1,3,4,6,KICKOFF,TOUCHDOWN,02:56,12:36,WAS 32,PHI 6,2749,3095,33,25,Home,-8,58,3,37.5,1,outdoors,grass,49,0,Joe Gibbs,Andy Reid,WAS00,FedExField,0,1,J.Campbell,17,NA,NA,C.Portis,26,1,0,0,0,1,00-0023460,NA,00-0021179,J.Campbell,17,00-0023460,C.Portis,00-0021179,C.Portis,00-0021179,0,0,0.24088231311179698,0.9514334494866368,5.0981367513595615,3,0.7131864093826152,0.5630619191215374,0.5409280061721802,45.90719938278198,2007,Go for it,NA,NA,NA,NA,NA,NA,NA,NA,NA,NA,Toss Up,Go for it,Andy Reid,Joe Gibbs,2:23,NA,NA,NA,NA,NA,NA,NA,NA,NA,NA
2817,2007_10_PHI_WAS,2007111107,WAS,PHI,REG,10,WAS,home,PHI,WAS,59,2007-11-11,116,1016,1016,Half2,0,13,0,3,3,0,01:56,WAS 41,1,68,"(1:56) (No Huddle) 26-C.Portis up the middle to WAS 47 for 6 yards (22-J.Hanson, 51-T.Spikes).",run,6,0,1,0,0,0,0,NA,NA,NA,NA,middle,NA,NA,NA,NA,NA,2,3,0,NA,NA,NA,NA,2,3,15,13,15,13,2,15,13,2,0.04987016320228577,0.133253812789917,0.0013638547388836741,0.183967724442482,0.24220478534698486,0.01082624401897192,0.3785134255886078,0,0,1.7075976042542607,0.7899710435885936,3.229920499259606,-3.229920499259606,-6.76186585198184,6.76186585198184,11.221364423287913,-11.221364423287913,NA,NA,0,0,9.604127234376381,-9.604127234376381,-1.707381839340087,1.707381839340087,9.057454142724044,-9.057454142724044,0.39497887541074306,-0.39497887541074306,0.6914327144622803,0.3085672855377197,0.6914327144622803,0.3085672855377197,0.04760497808456421,0.023010849952697754,0.023010849952697754,0.7390376925468445,0.2609623074531555,0.7059221863746643,0.7059221863746643,-0.16715767979621887,0.16715767979621887,0.43912406478139565,-0.43912406478139565,NA,NA,0,0,0.07800209995057406,-0.07800209995057406,0.17166786491489994,-0.17166786491489994,0.08116946097161593,-0.08116946097161593,0.27194782197094547,-0.27194782197094547,0,1,0,0,1,0,0,0,0,0,0,0,0,0,0,0,0,0,0,0,0,0,0,0,0,0,0,0,0,0,0,0,1,0,0,0,0,0,0,0,0,0,0,0,0,0,1,0,0,0,0,NA,NA,NA,NA,NA,NA,00-0021179,C.Portis,6,NA,NA,NA,NA,NA,NA,NA,NA,NA,NA,NA,NA,NA,NA,NA,NA,NA,NA,NA,NA,NA,NA,NA,NA,NA,NA,NA,NA,NA,NA,NA,NA,NA,NA,NA,NA,NA,NA,NA,NA,NA,NA,NA,NA,NA,NA,NA,NA,00-0015474,T.Spikes,PHI,NA,NA,NA,NA,NA,NA,NA,NA,NA,1,00-0021654,J.Hanson,PHI,NA,NA,NA,NA,NA,NA,NA,NA,NA,NA,NA,NA,NA,NA,NA,NA,NA,NA,NA,NA,NA,NA,NA,NA,NA,NA,NA,NA,0,NA,NA,NA,NA,0,NA,NA,0,0,0,0,NA,NA,2007,NA,NA,37,1,First down,2817,"11/11/07, 13:03:13",2007-11-11T20:08:33Z,Commanders Field,"Sunny Temp: 49° F, Humidity: 44%, Wind: 4 SE mph",10012007-1111-07c6-43e9-6366420b400f,0,0,RUSH,0,NA,NA,NA,13,Touchdown,2007-11-11T20:05:07Z,12,5:20,6,1,1,3,4,6,KICKOFF,TOUCHDOWN,02:56,12:36,WAS 32,PHI 6,2749,3095,33,25,Home,-8,58,3,37.5,1,outdoors,grass,49,0,Joe Gibbs,Andy Reid,WAS00,FedExField,0,1,NA,NA,C.Portis,26,NA,NA,0,1,1,0,1,NA,00-0021179,NA,C.Portis,26,00-0021179,C.Portis,00-0021179,C.Portis,00-0021179,0,0,0.7899710435885936,NA,NA,NA,NA,NA,0.25127631425857544,-25.127631425857544,2007,Go for it,NA,NA,NA,NA,NA,NA,NA,NA,NA,NA,Toss Up,Go for it,Andy Reid,Joe Gibbs,1:56,NA,NA,NA,NA,NA,NA,NA,NA,NA,NA
2839,2007_10_PHI_WAS,2007111107,WAS,PHI,REG,10,WAS,home,PHI,WAS,53,2007-11-11,89,989,989,Half2,0,13,0,3,1,0,01:29,WAS 47,10,68,"(1:29) (No Huddle, Shotgun) 17-J.Campbell pass short middle to 47-C.Cooley to PHI 41 for 12 yards (51-T.Spikes, 27-Q.Mikell).",pass,12,1,1,1,0,0,0,short,middle,9,3,NA,NA,NA,NA,NA,NA,2,3,0,NA,NA,NA,NA,2,3,15,13,15,13,2,15,13,2,0.04485637694597244,0.0965878963470459,0.0010449851397424936,0.14286360144615173,0.29309743642807007,0.008134530857205391,0.41341516375541687,0,0,2.4975686478428543,0.7025843419833109,3.932504841242917,-3.932504841242917,-6.76186585198184,6.76186585198184,11.923948765271223,-11.923948765271223,0.6276398421032354,0.07494449988007545,0.6276398421032354,0.07494449988007545,10.231767076479617,-10.231767076479617,-1.6324373394600116,1.6324373394600116,9.68509398482728,-9.68509398482728,0.4699233752908185,-0.4699233752908185,0.7390376925468445,0.2609623074531555,0.7390376925468445,0.2609623074531555,0.015756428241729736,0.024318277835845947,0.024318277835845947,0.7547941207885742,0.24520587921142578,0.7289330363273621,0.7289330363273621,-0.16715767979621887,0.16715767979621887,0.4548804930231254,-0.4548804930231254,0,0.015756428241729736,0,0.015756428241729736,0.07800209995057406,-0.07800209995057406,0.18742429315662967,-0.18742429315662967,0.08116946097161593,-0.08116946097161593,0.2877042502126752,-0.2877042502126752,0,0,1,0,0,0,0,0,0,0,0,0,0,0,0,0,0,0,0,0,0,0,0,0,0,0,0,0,0,0,0,0,0,1,0,0,0,0,0,0,0,0,0,0,0,1,1,0,0,0,0,00-0023460,J.Campbell,12,00-0022738,C.Cooley,12,NA,NA,NA,NA,NA,NA,NA,NA,NA,NA,NA,NA,NA,NA,NA,NA,NA,NA,NA,NA,NA,NA,NA,NA,NA,NA,NA,NA,NA,NA,NA,NA,NA,NA,NA,NA,NA,NA,NA,NA,NA,NA,NA,NA,NA,NA,NA,NA,NA,NA,NA,00-0021512,Q.Mikell,PHI,NA,NA,NA,NA,NA,NA,NA,NA,NA,1,00-0015474,T.Spikes,PHI,NA,NA,NA,NA,NA,NA,NA,NA,NA,NA,NA,NA,NA,NA,NA,NA,NA,NA,NA,NA,NA,NA,NA,NA,NA,NA,NA,NA,0,NA,NA,NA,NA,0,NA,NA,0,0,0,0,NA,NA,2007,0.7154200077056885,28.457999229431152,38,1,First down,2839,"11/11/07, 13:03:13",2007-11-11T20:08:59Z,Commanders Field,"Sunny Temp: 49° F, Humidity: 44%, Wind: 4 SE mph",10012007-1111-07c6-43e9-6366420b400f,0,0,PASS,0,NA,NA,NA,13,Touchdown,2007-11-11T20:05:07Z,12,5:20,6,1,1,3,4,6,KICKOFF,TOUCHDOWN,02:56,12:36,WAS 32,PHI 6,2749,3095,33,25,Home,-8,58,3,37.5,1,outdoors,grass,49,0,Joe Gibbs,Andy Reid,WAS00,FedExField,0,1,J.Campbell,17,NA,NA,C.Cooley,47,1,0,1,0,1,00-0023460,NA,00-0022738,J.Campbell,17,00-0023460,C.Cooley,00-0022738,C.Cooley,00-0022738,0,0,0.7025843419833109,0.15412365220675583,3.814627874060534,2,0.9984234104049392,0.6538059929735027,0.4406379461288452,55.93620538711548,2007,Go for it,NA,NA,NA,NA,NA,NA,NA,NA,NA,NA,Toss Up,Go for it,Andy Reid,Joe Gibbs,1:29,NA,NA,NA,NA,NA,NA,NA,NA,NA,NA
2863,2007_10_PHI_WAS,2007111107,WAS,PHI,REG,10,WAS,home,PHI,PHI,41,2007-11-11,52,952,952,Half2,0,13,0,3,1,0,00:52,PHI 41,10,68,"(:52) (No Huddle, Shotgun) 17-J.Campbell pass short left to 47-C.Cooley to PHI 35 for 6 yards (20-B.Dawkins).",pass,6,1,1,1,0,0,0,short,left,4,2,NA,NA,NA,NA,NA,NA,2,3,0,NA,NA,NA,NA,2,3,15,13,15,13,2,15,13,2,0.04791603237390518,0.06920837610960007,9.535162826068699e-4,0.10266180336475372,0.32251909375190735,0.00728558050468564,0.4494556188583374,0,0,3.200152989826165,0.17258375755045563,4.1050885987933725,-4.1050885987933725,-6.76186585198184,6.76186585198184,12.09653252282168,-12.09653252282168,-0.15748464583884925,0.3300684033893049,-0.15748464583884925,0.3300684033893049,10.074282430640768,-10.074282430640768,-1.3023689360707067,1.3023689360707067,9.52760933898843,-9.52760933898843,0.7999917786801234,-0.7999917786801234,0.7547941207885742,0.24520587921142578,0.7547941207885742,0.24520587921142578,0.005163729190826416,0.012566447257995605,0.012566447257995605,0.7599578499794006,0.24004215002059937,0.753251314163208,0.753251314163208,-0.16715767979621887,0.16715767979621887,0.4600442222139518,-0.4600442222139518,0,0.005163729190826416,0,0.005163729190826416,0.07800209995057406,-0.07800209995057406,0.1925880223474561,-0.1925880223474561,0.08116946097161593,-0.08116946097161593,0.2928679794035016,-0.2928679794035016,0,0,0,0,0,0,0,0,0,0,0,0,0,0,0,0,0,0,0,0,0,0,0,0,1,0,0,0,0,0,0,0,0,1,0,0,0,0,0,0,0,0,0,0,0,1,0,0,0,0,0,00-0023460,J.Campbell,6,00-0022738,C.Cooley,6,NA,NA,NA,NA,NA,NA,NA,NA,NA,NA,NA,NA,NA,NA,NA,NA,NA,NA,NA,NA,NA,NA,NA,NA,NA,NA,NA,NA,NA,NA,NA,NA,NA,NA,NA,NA,NA,NA,NA,NA,NA,NA,NA,NA,NA,PHI,NA,00-0004073,NA,B.Dawkins,NA,NA,NA,NA,NA,NA,NA,NA,NA,NA,NA,NA,NA,0,NA,NA,NA,NA,NA,NA,NA,NA,NA,NA,NA,NA,NA,NA,NA,NA,NA,NA,NA,NA,NA,NA,NA,NA,NA,NA,NA,NA,NA,NA,NA,0,NA,NA,NA,NA,0,NA,NA,0,0,0,0,NA,NA,2007,0.7390896081924438,26.091039180755615,39,1,First down,2863,"11/11/07, 13:03:13",2007-11-11T20:09:36Z,Commanders Field,"Sunny Temp: 49° F, Humidity: 44%, Wind: 4 SE mph",10012007-1111-07c6-43e9-6366420b400f,0,0,PASS,0,NA,NA,NA,13,Touchdown,2007-11-11T20:05:07Z,12,5:20,6,1,1,3,4,6,KICKOFF,TOUCHDOWN,02:56,12:36,WAS 32,PHI 6,2749,3095,33,25,Home,-8,58,3,37.5,1,outdoors,grass,49,0,Joe Gibbs,Andy Reid,WAS00,FedExField,0,1,J.Campbell,17,NA,NA,C.Cooley,47,1,0,0,0,1,00-0023460,NA,00-0022738,J.Campbell,17,00-0023460,C.Cooley,00-0022738,C.Cooley,00-0022738,0,0,0.17258375755045563,0.490779363975076,4.084500483091688,3,0.7602851483388804,0.24266059132060036,0.4131847023963928,58.68152976036072,2007,Go for it,NA,NA,NA,NA,NA,NA,NA,NA,NA,NA,Toss Up,Go for it,Andy Reid,Joe Gibbs,0:52,NA,NA,NA,NA,NA,NA,NA,NA,NA,NA
2887,2007_10_PHI_WAS,2007111107,WAS,PHI,REG,10,WAS,home,PHI,PHI,35,2007-11-11,16,916,916,Half2,0,13,0,3,2,0,00:16,PHI 35,4,68,"(:16) (No Huddle, Shotgun) 17-J.Campbell pass short right to 82-A.Randle El to PHI 30 for 5 yards (27-Q.Mikell).",pass,5,1,1,1,0,0,0,short,right,4,1,NA,NA,NA,NA,NA,NA,2,3,0,NA,NA,NA,NA,2,3,15,13,15,13,2,15,13,2,0.03396505489945412,0.05469977483153343,7.462073117494583e-4,0.09745021164417267,0.36220797896385193,0.004531921353191137,0.44639888405799866,0,0,3.3727367473766208,0.4454340598313138,4.550522658624686,-4.550522658624686,-6.76186585198184,6.76186585198184,12.541966582652993,-12.541966582652993,0.40363503573462367,0.04179902409669012,0.40363503573462367,0.04179902409669012,10.477917466375391,-10.477917466375391,-1.2605699119740166,1.2605699119740166,9.931244374723054,-9.931244374723054,0.8417908027768135,-0.8417908027768135,0.7599578499794006,0.24004215002059937,0.7599578499794006,0.24004215002059937,0.00730520486831665,0.007719814777374268,0.007719814777374268,0.7672630548477173,0.23273694515228271,0.7658177614212036,0.7658177614212036,-0.16715767979621887,0.16715767979621887,0.46734942708226845,-0.46734942708226845,0,0.00730520486831665,0,0.00730520486831665,0.07800209995057406,-0.07800209995057406,0.19989322721577274,-0.19989322721577274,0.08116946097161593,-0.08116946097161593,0.30017318427181827,-0.30017318427181827,0,0,1,0,0,0,0,0,0,0,0,0,0,0,0,0,0,0,0,0,0,0,0,0,1,0,0,0,0,0,0,0,0,1,0,0,0,0,0,0,0,0,0,0,0,1,0,0,0,0,0,00-0023460,J.Campbell,5,00-0021190,A.Randle El,5,NA,NA,NA,NA,NA,NA,NA,NA,NA,NA,NA,NA,NA,NA,NA,NA,NA,NA,NA,NA,NA,NA,NA,NA,NA,NA,NA,NA,NA,NA,NA,NA,NA,NA,NA,NA,NA,NA,NA,NA,NA,NA,NA,NA,NA,PHI,NA,00-0021512,NA,Q.Mikell,NA,NA,NA,NA,NA,NA,NA,NA,NA,NA,NA,NA,NA,0,NA,NA,NA,NA,NA,NA,NA,NA,NA,NA,NA,NA,NA,NA,NA,NA,NA,NA,NA,NA,NA,NA,NA,NA,NA,NA,NA,NA,NA,NA,NA,0,NA,NA,NA,NA,0,NA,NA,0,0,0,0,NA,NA,2007,0.6838907599449158,31.610924005508423,39,1,First down,2887,"11/11/07, 13:03:13",2007-11-11T20:10:13Z,Commanders Field,"Sunny Temp: 49° F, Humidity: 44%, Wind: 4 SE mph",10012007-1111-07c6-43e9-6366420b400f,0,0,PASS,0,NA,NA,NA,13,Touchdown,2007-11-11T20:05:07Z,12,5:20,6,1,1,3,4,6,KICKOFF,TOUCHDOWN,02:56,12:36,WAS 32,PHI 6,2749,3095,33,25,Home,-8,58,3,37.5,1,outdoors,grass,49,0,Joe Gibbs,Andy Reid,WAS00,FedExField,0,1,J.Campbell,17,NA,NA,A.Randle,82,1,0,1,0,1,00-0023460,NA,00-0021190,J.Campbell,17,00-0023460,A.Randle El,00-0021190,A.Randle,00-0021190,0,0,0.4454340598313138,0.27615579214149844,4.198480989172822,2,0.9791213111311663,0.9791213111311663,0.3547804057598114,64.52195942401886,2007,Go for it,NA,NA,NA,NA,NA,NA,NA,NA,NA,NA,Toss Up,Go for it,Andy Reid,Joe Gibbs,0:16,NA,NA,NA,NA,NA,NA,NA,NA,NA,NA
2911,2007_10_PHI_WAS,2007111107,WAS,PHI,REG,10,WAS,home,PHI,NA,NA,2007-11-11,0,900,900,Half2,1,13,0,3,NA,0,00:00,PHI 30,0,68,END QUARTER 3,NA,NA,0,0,NA,0,0,0,NA,NA,NA,NA,NA,NA,NA,NA,NA,NA,2,3,NA,NA,NA,NA,NA,2,3,15,13,15,13,2,15,13,2,0,0,0,0,0,0,0,0,0,3.8181708072079346,0,4.550522658624686,-4.550522658624686,-6.76186585198184,6.76186585198184,12.541966582652993,-12.541966582652993,NA,NA,NA,NA,10.477917466375391,-10.477917466375391,-1.2605699119740166,1.2605699119740166,9.931244374723054,-9.931244374723054,0.8417908027768135,-0.8417908027768135,0.7672630548477173,0.23273694515228271,0.7672630548477173,0.23273694515228271,0,0,0,0.7672630548477173,0.23273694515228271,0.7735375761985779,0.7735375761985779,-0.16715767979621887,0.16715767979621887,0.46734942708226845,-0.46734942708226845,NA,NA,NA,NA,0.07800209995057406,-0.07800209995057406,0.19989322721577274,-0.19989322721577274,0.08116946097161593,-0.08116946097161593,0.30017318427181827,-0.30017318427181827,NA,NA,NA,NA,NA,NA,NA,NA,NA,0,NA,NA,NA,NA,NA,NA,NA,NA,NA,NA,NA,NA,NA,NA,NA,NA,NA,NA,NA,NA,NA,NA,NA,NA,NA,NA,NA,NA,NA,NA,NA,NA,NA,NA,NA,NA,NA,NA,NA,NA,NA,NA,NA,NA,NA,NA,NA,NA,NA,NA,NA,NA,NA,NA,NA,NA,NA,NA,NA,NA,NA,NA,NA,NA,NA,NA,NA,NA,NA,NA,NA,NA,NA,NA,NA,NA,NA,NA,NA,NA,NA,NA,NA,NA,NA,NA,NA,NA,NA,NA,NA,NA,NA,NA,NA,NA,NA,NA,NA,NA,NA,NA,NA,NA,NA,NA,NA,NA,NA,NA,NA,NA,NA,NA,NA,NA,NA,NA,NA,NA,NA,NA,NA,NA,NA,NA,NA,NA,NA,NA,NA,NA,NA,NA,NA,NA,NA,NA,NA,NA,NA,NA,NA,NA,NA,NA,NA,0,NA,NA,NA,NA,NA,NA,NA,NA,2007,NA,NA,40,1,First down,2911,"11/11/07, 13:03:13",NA,Commanders Field,"Sunny Temp: 49° F, Humidity: 44%, Wind: 4 SE mph",10012007-1111-07c6-43e9-6366420b400f,0,0,END_QUARTER,0,NA,NA,NA,13,Touchdown,2007-11-11T20:05:07Z,12,5:20,6,1,1,3,4,6,KICKOFF,TOUCHDOWN,02:56,12:36,WAS 32,PHI 6,2749,3095,33,25,Home,-8,58,3,37.5,1,outdoors,grass,49,0,Joe Gibbs,Andy Reid,WAS00,FedExField,0,0,NA,NA,NA,NA,NA,NA,0,0,NA,0,0,NA,NA,NA,NA,NA,NA,NA,NA,NA,NA,0,0,0,NA,NA,NA,NA,NA,NA,NA,2007,Other,NA,NA,NA,NA,NA,NA,NA,NA,NA,NA,Toss Up,NA,Andy Reid,Joe Gibbs,0:00,NA,NA,NA,NA,NA,NA,NA,NA,NA,NA
2927,2007_10_PHI_WAS,2007111107,WAS,PHI,REG,10,WAS,home,PHI,PHI,30,2007-11-11,900,900,900,Half2,0,13,0,4,1,0,15:00,PHI 30,10,68,(15:00) 26-C.Portis up the middle to PHI 19 for 11 yards (51-T.Spikes).,run,11,0,0,0,0,0,0,NA,NA,NA,NA,middle,NA,NA,NA,NA,NA,2,3,0,NA,NA,NA,NA,2,3,15,13,15,13,2,15,13,2,0.025587109848856926,0.04101996123790741,5.195243866182864e-4,0.0717410072684288,0.3925013244152069,0.0026928805746138096,0.46593815088272095,0,0,3.8181708072079346,0.6923615519772284,5.242884210601915,-5.242884210601915,-6.069504300004612,6.069504300004612,12.541966582652993,-12.541966582652993,NA,NA,0,0,10.477917466375391,-10.477917466375391,-1.2605699119740166,1.2605699119740166,9.931244374723054,-9.931244374723054,0.8417908027768135,-0.8417908027768135,0.7672630548477173,0.23273694515228271,0.7672630548477173,0.23273694515228271,0.038947999477386475,0.02035576105117798,0.02035576105117798,0.8062110543251038,0.19378894567489624,0.7735375761985779,0.7735375761985779,-0.1282096803188324,0.1282096803188324,0.46734942708226845,-0.46734942708226845,NA,NA,0,0,0.07800209995057406,-0.07800209995057406,0.19989322721577274,-0.19989322721577274,0.08116946097161593,-0.08116946097161593,0.30017318427181827,-0.30017318427181827,0,1,0,0,0,0,0,0,0,0,0,0,0,0,0,0,0,0,0,0,0,0,0,0,1,0,0,0,0,0,0,0,1,0,0,0,0,0,0,0,0,0,0,0,0,0,0,0,0,0,0,NA,NA,NA,NA,NA,NA,00-0021179,C.Portis,11,NA,NA,NA,NA,NA,NA,NA,NA,NA,NA,NA,NA,NA,NA,NA,NA,NA,NA,NA,NA,NA,NA,NA,NA,NA,NA,NA,NA,NA,NA,NA,NA,NA,NA,NA,NA,NA,NA,NA,NA,NA,NA,PHI,NA,00-0015474,NA,T.Spikes,NA,NA,NA,NA,NA,NA,NA,NA,NA,NA,NA,NA,NA,0,NA,NA,NA,NA,NA,NA,NA,NA,NA,NA,NA,NA,NA,NA,NA,NA,NA,NA,NA,NA,NA,NA,NA,NA,NA,NA,NA,NA,NA,NA,NA,0,NA,NA,NA,NA,0,NA,NA,0,0,0,0,NA,NA,2007,NA,NA,40,1,First down,2927,"11/11/07, 13:03:13",2007-11-11T20:12:53Z,Commanders Field,"Sunny Temp: 49° F, Humidity: 44%, Wind: 4 SE mph",10012007-1111-07c6-43e9-6366420b400f,0,0,RUSH,0,NA,NA,NA,13,Touchdown,2007-11-11T20:05:07Z,12,5:20,6,1,1,3,4,6,KICKOFF,TOUCHDOWN,02:56,12:36,WAS 32,PHI 6,2749,3095,33,25,Home,-8,58,3,37.5,1,outdoors,grass,49,0,Joe Gibbs,Andy Reid,WAS00,FedExField,0,1,NA,NA,C.Portis,26,NA,NA,0,1,1,0,1,NA,00-0021179,NA,C.Portis,26,00-0021179,C.Portis,00-0021179,C.Portis,00-0021179,0,0,0.6923615519772284,NA,NA,NA,NA,NA,0.36818134784698486,-36.818134784698486,2007,Go for it,NA,NA,NA,NA,NA,NA,NA,NA,NA,NA,Toss Up,Go for it,Andy Reid,Joe Gibbs,15:00,NA,NA,NA,NA,NA,NA,NA,NA,NA,NA
2949,2007_10_PHI_WAS,2007111107,WAS,PHI,REG,10,WAS,home,PHI,PHI,19,2007-11-11,872,872,872,Half2,0,13,0,4,1,0,14:32,PHI 19,10,68,(14:32) (No Huddle) 26-C.Portis left tackle to PHI 13 for 6 yards (98-M.Patterson).,run,6,0,1,0,0,0,0,NA,NA,NA,NA,left,tackle,NA,NA,NA,NA,2,3,0,NA,NA,NA,NA,2,3,15,13,15,13,2,15,13,2,0.017833702266216278,0.0248643197119236,4.0740237454883754e-4,0.03893888741731644,0.38889217376708984,0.002321806037798524,0.5267417430877686,0,0,4.510532359185163,0.2760149836540222,5.518899194255937,-5.518899194255937,-5.793489316350589,5.793489316350589,12.541966582652993,-12.541966582652993,NA,NA,0,0,10.477917466375391,-10.477917466375391,-1.2605699119740166,1.2605699119740166,9.931244374723054,-9.931244374723054,0.8417908027768135,-0.8417908027768135,0.8062110543251038,0.19378894567489624,0.8062110543251038,0.19378894567489624,-0.005640685558319092,0.00990229845046997,0.00990229845046997,0.8005703687667847,0.19942963123321533,0.7938933372497559,0.7938933372497559,-0.1338503658771515,0.1338503658771515,0.46734942708226845,-0.46734942708226845,NA,NA,0,0,0.07800209995057406,-0.07800209995057406,0.19989322721577274,-0.19989322721577274,0.08116946097161593,-0.08116946097161593,0.30017318427181827,-0.30017318427181827,0,0,0,0,0,0,0,0,0,0,0,0,0,0,0,0,0,0,0,0,0,0,0,0,1,0,0,0,0,0,0,0,1,0,0,0,0,0,0,0,0,0,0,0,0,0,0,0,0,0,0,NA,NA,NA,NA,NA,NA,00-0021179,C.Portis,6,NA,NA,NA,NA,NA,NA,NA,NA,NA,NA,NA,NA,NA,NA,NA,NA,NA,NA,NA,NA,NA,NA,NA,NA,NA,NA,NA,NA,NA,NA,NA,NA,NA,NA,NA,NA,NA,NA,NA,NA,NA,NA,PHI,NA,00-0023466,NA,M.Patterson,NA,NA,NA,NA,NA,NA,NA,NA,NA,NA,NA,NA,NA,0,NA,NA,NA,NA,NA,NA,NA,NA,NA,NA,NA,NA,NA,NA,NA,NA,NA,NA,NA,NA,NA,NA,NA,NA,NA,NA,NA,NA,NA,NA,NA,0,NA,NA,NA,NA,0,NA,NA,0,0,0,0,NA,NA,2007,NA,NA,41,1,First down,2949,"11/11/07, 13:03:13",2007-11-11T20:13:22Z,Commanders Field,"Sunny Temp: 49° F, Humidity: 44%, Wind: 4 SE mph",10012007-1111-07c6-43e9-6366420b400f,0,0,RUSH,0,NA,NA,NA,13,Touchdown,2007-11-11T20:05:07Z,12,5:20,6,1,1,3,4,6,KICKOFF,TOUCHDOWN,02:56,12:36,WAS 32,PHI 6,2749,3095,33,25,Home,-8,58,3,37.5,1,outdoors,grass,49,0,Joe Gibbs,Andy Reid,WAS00,FedExField,0,1,NA,NA,C.Portis,26,NA,NA,0,1,0,0,1,NA,00-0021179,NA,C.Portis,26,00-0021179,C.Portis,00-0021179,C.Portis,00-0021179,0,0,0.2760149836540222,NA,NA,NA,NA,NA,0.3036717176437378,-30.36717176437378,2007,Go for it,NA,NA,NA,NA,NA,NA,NA,NA,NA,NA,Toss Up,Go for it,Andy Reid,Joe Gibbs,14:32,NA,NA,NA,NA,NA,NA,NA,NA,NA,NA
2971,2007_10_PHI_WAS,2007111107,WAS,PHI,REG,10,WAS,home,PHI,PHI,13,2007-11-11,842,842,842,Half2,0,13,0,4,2,0,14:02,PHI 13,4,68,"(14:02) (No Huddle) 26-C.Portis left end to PHI 14 for -1 yards (77-L.Ramsey, 58-T.Cole).",run,-1,0,1,0,0,0,0,NA,NA,NA,NA,left,end,NA,NA,NA,NA,2,3,0,NA,NA,NA,NA,2,3,15,13,15,13,2,15,13,2,0.015131930820643902,0.015218162909150124,3.458570863585919e-4,0.02922317013144493,0.38271626830101013,0.0024490500800311565,0.5549155473709106,0,0,4.786547342839185,-0.8404609253047965,4.67843826895114,-4.67843826895114,-6.633950241655386,6.633950241655386,12.541966582652993,-12.541966582652993,NA,NA,0,0,10.477917466375391,-10.477917466375391,-1.2605699119740166,1.2605699119740166,9.931244374723054,-9.931244374723054,0.8417908027768135,-0.8417908027768135,0.8005703687667847,0.19942963123321533,0.8005703687667847,0.19942963123321533,-0.01725393533706665,-0.018712282180786133,-0.018712282180786133,0.783316433429718,0.21668356657028198,0.8037956357002258,0.8037956357002258,-0.15110430121421814,0.15110430121421814,0.46734942708226845,-0.46734942708226845,NA,NA,0,0,0.07800209995057406,-0.07800209995057406,0.19989322721577274,-0.19989322721577274,0.08116946097161593,-0.08116946097161593,0.30017318427181827,-0.30017318427181827,0,0,0,0,0,0,0,0,0,0,0,0,0,0,0,0,0,0,0,0,0,0,0,0,0,0,0,1,0,0,0,0,1,0,0,0,0,0,0,0,0,0,0,0,0,0,1,0,0,0,0,NA,NA,NA,NA,NA,NA,00-0021179,C.Portis,-1,NA,NA,NA,NA,NA,NA,NA,NA,NA,NA,NA,NA,NA,NA,NA,NA,NA,NA,NA,NA,NA,NA,NA,NA,NA,NA,NA,NA,NA,NA,NA,NA,NA,NA,NA,NA,NA,NA,NA,NA,NA,NA,NA,NA,NA,NA,NA,NA,00-0023579,T.Cole,PHI,NA,NA,NA,NA,NA,NA,NA,NA,NA,1,00-0024418,L.Ramsey,PHI,NA,NA,NA,NA,NA,NA,NA,NA,NA,NA,NA,NA,NA,NA,NA,NA,NA,NA,NA,NA,NA,NA,NA,NA,NA,NA,NA,NA,0,NA,NA,NA,NA,0,NA,NA,0,0,0,0,NA,NA,2007,NA,NA,41,1,First down,2971,"11/11/07, 13:03:13",2007-11-11T20:13:52Z,Commanders Field,"Sunny Temp: 49° F, Humidity: 44%, Wind: 4 SE mph",10012007-1111-07c6-43e9-6366420b400f,0,0,RUSH,0,NA,NA,NA,13,Touchdown,2007-11-11T20:05:07Z,12,5:20,6,1,1,3,4,6,KICKOFF,TOUCHDOWN,02:56,12:36,WAS 32,PHI 6,2749,3095,33,25,Home,-8,58,3,37.5,1,outdoors,grass,49,0,Joe Gibbs,Andy Reid,WAS00,FedExField,0,0,NA,NA,C.Portis,26,NA,NA,0,1,0,0,1,NA,00-0021179,NA,C.Portis,26,00-0021179,C.Portis,00-0021179,C.Portis,00-0021179,0,0,-0.8404609253047965,NA,NA,NA,NA,NA,0.3223528563976288,-32.23528563976288,2007,Go for it,NA,NA,NA,NA,NA,NA,NA,NA,NA,NA,Toss Up,Go for it,Andy Reid,Joe Gibbs,14:02,NA,NA,NA,NA,NA,NA,NA,NA,NA,NA
2993,2007_10_PHI_WAS,2007111107,WAS,PHI,REG,10,WAS,home,PHI,PHI,14,2007-11-11,811,811,811,Half2,0,13,0,4,3,0,13:31,PHI 14,5,68,"(13:31) (No Huddle) 17-J.Campbell pass incomplete short middle to 83-J.Thrash. PENALTY on PHI-24-S.Brown, Defensive Pass Interference, 6 yards, enforced at PHI 14 - No Play.",no_play,0,0,1,0,0,0,0,NA,NA,NA,NA,NA,NA,NA,NA,NA,NA,2,3,0,NA,NA,NA,NA,2,3,15,13,15,13,2,15,13,2,0.01876365952193737,0.018521158024668694,3.921046736650169e-4,0.03859983757138252,0.5450170040130615,0.0026723183691501617,0.3760339021682739,0,0,3.9460864175343886,1.263804039626848,5.942242308577988,-5.942242308577988,-6.633950241655386,6.633950241655386,12.541966582652993,-12.541966582652993,NA,NA,0,0,10.477917466375391,-10.477917466375391,-1.2605699119740166,1.2605699119740166,9.931244374723054,-9.931244374723054,0.8417908027768135,-0.8417908027768135,0.783316433429718,0.21668356657028198,0.783316433429718,0.21668356657028198,0.037547409534454346,0.04419112205505371,0.04419112205505371,0.8208638429641724,0.17913615703582764,0.7850833535194397,0.7850833535194397,-0.15110430121421814,0.15110430121421814,0.46734942708226845,-0.46734942708226845,NA,NA,0,0,0.07800209995057406,-0.07800209995057406,0.19989322721577274,-0.19989322721577274,0.08116946097161593,-0.08116946097161593,0.30017318427181827,-0.30017318427181827,0,0,0,1,0,0,0,0,0,0,0,0,0,0,0,0,0,0,0,0,0,0,0,0,0,0,1,0,0,0,0,0,0,0,0,0,0,0,0,0,0,0,0,0,0,0,0,0,0,0,0,NA,NA,NA,NA,NA,NA,NA,NA,NA,NA,NA,NA,NA,NA,NA,NA,NA,NA,NA,NA,NA,NA,NA,NA,NA,NA,NA,NA,NA,NA,NA,NA,NA,NA,NA,NA,NA,NA,NA,NA,NA,NA,NA,NA,NA,NA,NA,NA,NA,NA,NA,NA,NA,NA,NA,NA,NA,NA,NA,NA,NA,NA,NA,NA,NA,NA,NA,NA,NA,0,NA,NA,NA,NA,NA,NA,NA,NA,NA,NA,NA,NA,NA,NA,NA,NA,NA,NA,NA,NA,NA,NA,NA,NA,NA,NA,NA,NA,NA,NA,NA,0,PHI,00-0021186,S.Brown,6,0,NA,Defensive Pass Interference,0,0,0,0,NA,NA,2007,NA,NA,41,1,First down,2993,"11/11/07, 13:03:13",2007-11-11T20:14:23Z,Commanders Field,"Sunny Temp: 49° F, Humidity: 44%, Wind: 4 SE mph",10012007-1111-07c6-43e9-6366420b400f,0,0,PENALTY,0,NA,NA,NA,13,Touchdown,2007-11-11T20:05:07Z,12,5:20,6,1,1,3,4,6,KICKOFF,TOUCHDOWN,02:56,12:36,WAS 32,PHI 6,2749,3095,33,25,Home,-8,58,3,37.5,1,outdoors,grass,49,0,Joe Gibbs,Andy Reid,WAS00,FedExField,0,1,J.Campbell,17,NA,NA,J.Thrash,83,1,0,1,0,1,00-0023460,NA,00-0016440,J.Campbell,17,00-0023460,NA,NA,J.Thrash,00-0016440,0,0,1.263804039626848,NA,NA,NA,NA,NA,0.8836566209793091,11.634337902069092,2007,Other,NA,NA,NA,NA,NA,NA,NA,NA,NA,NA,Toss Up,Go for it (Penalty),Andy Reid,Joe Gibbs,13:31,NA,NA,NA,NA,NA,NA,NA,NA,NA,NA
3026,2007_10_PHI_WAS,2007111107,WAS,PHI,REG,10,WAS,home,PHI,PHI,8,2007-11-11,809,809,809,Half2,0,13,0,4,1,1,13:29,PHI 8,8,68,(13:29) 26-C.Portis right end to PHI 6 for 2 yards (57-C.Gocong).,run,2,0,0,0,0,0,0,NA,NA,NA,NA,right,end,NA,NA,NA,NA,2,3,0,NA,NA,NA,NA,2,3,15,13,15,13,2,15,13,2,0.013844330795109272,0.014175370335578918,3.2072499743662775e-4,0.01989978365600109,0.31389543414115906,0.002876022830605507,0.6349883079528809,0,0,5.2098904571612366,-0.2501018270268105,5.692140481551178,-5.692140481551178,-6.884052068682196,6.884052068682196,12.541966582652993,-12.541966582652993,NA,NA,0,0,10.477917466375391,-10.477917466375391,-1.2605699119740166,1.2605699119740166,9.931244374723054,-9.931244374723054,0.8417908027768135,-0.8417908027768135,0.8208638429641724,0.17913615703582764,0.8208638429641724,0.17913615703582764,-0.0032705068588256836,-0.008486628532409668,-0.008486628532409668,0.8175933361053467,0.18240666389465332,0.8292744755744934,0.8292744755744934,-0.15437480807304382,0.15437480807304382,0.46734942708226845,-0.46734942708226845,NA,NA,0,0,0.07800209995057406,-0.07800209995057406,0.19989322721577274,-0.19989322721577274,0.08116946097161593,-0.08116946097161593,0.30017318427181827,-0.30017318427181827,0,0,0,0,0,0,0,0,0,0,0,0,0,0,0,0,0,0,0,0,0,0,0,0,1,0,0,0,0,0,0,0,1,0,0,0,0,0,0,0,0,0,0,0,0,0,0,0,0,0,0,NA,NA,NA,NA,NA,NA,00-0021179,C.Portis,2,NA,NA,NA,NA,NA,NA,NA,NA,NA,NA,NA,NA,NA,NA,NA,NA,NA,NA,NA,NA,NA,NA,NA,NA,NA,NA,NA,NA,NA,NA,NA,NA,NA,NA,NA,NA,NA,NA,NA,NA,NA,NA,PHI,NA,00-0024286,NA,C.Gocong,NA,NA,NA,NA,NA,NA,NA,NA,NA,NA,NA,NA,NA,0,NA,NA,NA,NA,NA,NA,NA,NA,NA,NA,NA,NA,NA,NA,NA,NA,NA,NA,NA,NA,NA,NA,NA,NA,NA,NA,NA,NA,NA,NA,NA,0,NA,NA,NA,NA,0,NA,NA,0,0,0,0,NA,NA,2007,NA,NA,42,1,Touchdown,3026,"11/11/07, 13:03:13",2007-11-11T20:15:22Z,Commanders Field,"Sunny Temp: 49° F, Humidity: 44%, Wind: 4 SE mph",10012007-1111-07c6-43e9-6366420b400f,0,0,RUSH,0,NA,NA,NA,13,Touchdown,2007-11-11T20:05:07Z,12,5:20,6,1,1,3,4,6,KICKOFF,TOUCHDOWN,02:56,12:36,WAS 32,PHI 6,2749,3095,33,25,Home,-8,58,3,37.5,1,outdoors,grass,49,0,Joe Gibbs,Andy Reid,WAS00,FedExField,0,0,NA,NA,C.Portis,26,NA,NA,0,1,0,0,1,NA,00-0021179,NA,C.Portis,26,00-0021179,C.Portis,00-0021179,C.Portis,00-0021179,0,0,-0.2501018270268105,NA,NA,NA,NA,NA,0.28566041588783264,-28.566041588783264,2007,Go for it,NA,NA,NA,NA,NA,NA,NA,NA,NA,NA,Toss Up,Go for it,Andy Reid,Joe Gibbs,13:29,NA,NA,NA,NA,NA,NA,NA,NA,NA,NA
3048,2007_10_PHI_WAS,2007111107,WAS,PHI,REG,10,WAS,home,PHI,PHI,6,2007-11-11,767,767,767,Half2,0,13,0,4,2,1,12:47,PHI 6,6,68,(12:47) 17-J.Campbell pass incomplete short right to 47-C.Cooley.,pass,0,0,0,1,0,0,0,short,right,6,NA,NA,NA,NA,NA,NA,NA,2,3,0,NA,NA,NA,NA,2,3,15,13,15,13,2,15,13,2,0.01624043844640255,0.014986400492489338,3.36534867528826e-4,0.022887781262397766,0.3594742715358734,0.003061827505007386,0.5830127000808716,0,0,4.959788630134426,-0.9241963509120978,4.76794413063908,-4.76794413063908,-6.884052068682196,6.884052068682196,11.617770231740895,-11.617770231740895,2.040211369865574,-2.964407720777672,0,0,10.477917466375391,-10.477917466375391,-1.2605699119740166,1.2605699119740166,11.971455744588628,-11.971455744588628,-2.1226169180008583,2.1226169180008583,0.8175933361053467,0.18240666389465332,0.8175933361053467,0.18240666389465332,-0.011799275875091553,-0.021892666816711426,-0.021892666816711426,0.8057940602302551,0.19420593976974487,0.8207878470420837,0.8207878470420837,-0.15437480807304382,0.15437480807304382,0.4555501512071769,-0.4555501512071769,0,-0.011799275875091553,0,0,0.07800209995057406,-0.07800209995057406,0.19989322721577274,-0.19989322721577274,0.08116946097161593,-0.08116946097161593,0.2883739083967267,-0.2883739083967267,0,0,0,0,0,0,0,0,1,0,0,0,0,0,0,0,0,0,0,0,0,0,0,0,0,0,0,0,0,0,0,0,0,1,0,0,0,0,0,0,0,0,0,0,0,0,0,0,0,0,0,00-0023460,J.Campbell,NA,NA,NA,NA,NA,NA,NA,NA,NA,NA,NA,NA,NA,NA,NA,NA,NA,NA,NA,NA,NA,NA,NA,NA,NA,NA,NA,NA,NA,NA,NA,NA,NA,NA,NA,NA,NA,NA,NA,NA,NA,NA,NA,NA,NA,NA,NA,NA,NA,NA,NA,NA,NA,NA,NA,NA,NA,NA,NA,NA,NA,NA,NA,NA,NA,NA,NA,0,NA,NA,NA,NA,NA,NA,NA,NA,NA,NA,NA,NA,NA,NA,NA,NA,NA,NA,NA,NA,NA,NA,NA,NA,NA,NA,NA,NA,NA,NA,NA,0,NA,NA,NA,NA,0,NA,NA,0,0,0,0,NA,NA,2007,0.36134275794029236,-36.134275794029236,42,1,Touchdown,3048,"11/11/07, 13:03:13",2007-11-11T20:16:04Z,Commanders Field,"Sunny Temp: 49° F, Humidity: 44%, Wind: 4 SE mph",10012007-1111-07c6-43e9-6366420b400f,0,0,PASS,0,NA,NA,NA,13,Touchdown,2007-11-11T20:05:07Z,12,5:20,6,1,1,3,4,6,KICKOFF,TOUCHDOWN,02:56,12:36,WAS 32,PHI 6,2749,3095,33,25,Home,-8,58,3,37.5,1,outdoors,grass,49,0,Joe Gibbs,Andy Reid,WAS00,FedExField,0,0,J.Campbell,17,NA,NA,C.Cooley,47,1,0,0,0,1,00-0023460,NA,00-0022738,J.Campbell,17,00-0023460,NA,NA,C.Cooley,00-0022738,0,0,-0.9241963509120978,NA,NA,NA,NA,NA,0.5221079587936401,47.789204120635986,2007,Go for it,NA,NA,NA,NA,NA,NA,NA,NA,NA,NA,Toss Up,Go for it,Andy Reid,Joe Gibbs,12:47,NA,NA,NA,NA,NA,NA,NA,NA,NA,NA
3070,2007_10_PHI_WAS,2007111107,WAS,PHI,REG,10,WAS,home,PHI,PHI,6,2007-11-11,761,761,761,Half2,0,13,1,4,3,1,12:41,PHI 6,6,68,"(12:41) 17-J.Campbell pass short right to 80-K.McCardell for 6 yards, TOUCHDOWN.",pass,6,0,0,1,0,0,0,short,right,6,0,NA,NA,NA,NA,NA,NA,2,3,0,NA,WAS,K.McCardell,00-0010668,2,3,21,13,15,13,2,21,13,8,0.020564842969179153,0.017540575936436653,3.796430246438831e-4,0.027123888954520226,0.5611565709114075,0.0034540314227342606,0.36978039145469666,0,0,4.035592279222328,2.964407720777672,7.732351851416752,-7.732351851416752,-6.884052068682196,6.884052068682196,14.582177952518567,-14.582177952518567,2.964407720777672,0,2.964407720777672,0,13.442325187153063,-13.442325187153063,-1.2605699119740166,1.2605699119740166,14.9358634653663,-14.9358634653663,-2.1226169180008583,2.1226169180008583,0.8057940602302551,0.19420593976974487,0.8057940602302551,0.19420593976974487,0.04633917493934114,0.0680002382839533,0.0680002382839533,0.8521332351695963,0.14786676483040373,0.7988951802253723,0.7988951802253723,-0.15437480807304382,0.15437480807304382,0.501889326146518,-0.501889326146518,0.04633917493934114,0,0.04633917493934114,0,0.1243412748899152,-0.1243412748899152,0.19989322721577274,-0.19989322721577274,0.12750863591095707,-0.12750863591095707,0.2883739083967267,-0.2883739083967267,0,0,1,0,1,0,0,0,0,0,0,0,0,0,0,0,0,0,0,0,0,0,0,0,0,0,0,0,0,0,0,0,0,1,0,1,1,0,0,0,0,0,0,0,0,1,0,0,0,0,0,00-0023460,J.Campbell,6,00-0010668,K.McCardell,6,NA,NA,NA,NA,NA,NA,NA,NA,NA,NA,NA,NA,NA,NA,NA,NA,NA,NA,NA,NA,NA,NA,NA,NA,NA,NA,NA,NA,NA,NA,NA,NA,NA,NA,NA,NA,NA,NA,NA,NA,NA,NA,NA,NA,NA,NA,NA,NA,NA,NA,NA,NA,NA,NA,NA,NA,NA,NA,NA,NA,NA,NA,NA,0,NA,NA,NA,NA,NA,NA,NA,NA,NA,NA,NA,NA,NA,NA,NA,NA,NA,NA,NA,NA,NA,NA,NA,NA,NA,NA,NA,NA,NA,NA,NA,0,NA,NA,NA,NA,0,NA,NA,0,0,0,0,NA,NA,2007,0.350861132144928,64.9138867855072,42,1,Touchdown,3070,"11/11/07, 13:03:13",2007-11-11T20:16:50Z,Commanders Field,"Sunny Temp: 49° F, Humidity: 44%, Wind: 4 SE mph",10012007-1111-07c6-43e9-6366420b400f,0,0,PASS,0,NA,NA,NA,13,Touchdown,2007-11-11T20:05:07Z,12,5:20,6,1,1,3,4,6,KICKOFF,TOUCHDOWN,02:56,12:36,WAS 32,PHI 6,2749,3095,33,25,Home,-8,58,3,37.5,1,outdoors,grass,49,0,Joe Gibbs,Andy Reid,WAS00,FedExField,0,1,J.Campbell,17,NA,NA,K.McCardell,80,1,0,1,0,1,00-0023460,NA,00-0010668,J.Campbell,17,00-0023460,K.McCardell,00-0010668,K.McCardell,00-0010668,0,0,2.964407720777672,NA,NA,NA,NA,NA,0.9073029160499573,9.269708395004272,2007,Go for it,NA,NA,NA,NA,NA,NA,NA,NA,NA,NA,Toss Up,Go for it,Andy Reid,Joe Gibbs,12:41,NA,NA,NA,NA,NA,NA,NA,NA,NA,NA
3095,2007_10_PHI_WAS,2007111107,WAS,PHI,REG,10,WAS,home,PHI,PHI,2,2007-11-11,756,756,756,Half2,0,13,1,4,NA,0,12:36,PHI 2,0,68,"6-S.Suisham extra point is GOOD, Center-67-E.Albright, Holder-4-D.Frost.",extra_point,0,0,0,0,0,0,0,NA,NA,NA,NA,NA,NA,NA,20,good,NA,2,3,0,NA,NA,NA,NA,2,3,22,13,21,13,8,22,13,9,0,0,0,0,0,0,0,0.982039258461783,0,0.982039258461783,0.01796074153821703,7.750312592954969,-7.750312592954969,-6.884052068682196,6.884052068682196,14.582177952518567,-14.582177952518567,NA,NA,0,0,13.442325187153063,-13.442325187153063,-1.2605699119740166,1.2605699119740166,14.9358634653663,-14.9358634653663,-2.1226169180008583,2.1226169180008583,0.8521332351695963,0.14786676483040373,0.8521332351695963,0.14786676483040373,0.007320055531316205,0.0074571707402852905,0.0074571707402852905,0.8594532907009125,0.14054670929908752,0.8668954185093256,0.8668954185093256,-0.15437480807304382,0.15437480807304382,0.501889326146518,-0.501889326146518,NA,NA,0,0,0.1243412748899152,-0.1243412748899152,0.19989322721577274,-0.19989322721577274,0.12750863591095707,-0.12750863591095707,0.2883739083967267,-0.2883739083967267,0,0,0,0,0,0,0,0,0,0,0,0,0,0,0,0,0,0,0,0,0,0,0,0,0,0,0,0,0,0,0,0,0,0,0,0,0,0,0,1,0,0,0,0,0,0,0,0,0,0,0,NA,NA,NA,NA,NA,NA,NA,NA,NA,NA,NA,NA,NA,NA,NA,NA,NA,NA,NA,NA,NA,NA,NA,NA,NA,NA,NA,NA,NA,NA,NA,S.Suisham,00-0023001,NA,NA,NA,NA,NA,NA,NA,NA,NA,NA,NA,NA,NA,NA,NA,NA,NA,NA,NA,NA,NA,NA,NA,NA,NA,NA,NA,NA,NA,NA,NA,NA,NA,NA,NA,NA,0,NA,NA,NA,NA,NA,NA,NA,NA,NA,NA,NA,NA,NA,NA,NA,NA,NA,NA,NA,NA,NA,NA,NA,NA,NA,NA,NA,NA,NA,NA,NA,0,NA,NA,NA,NA,0,NA,NA,0,0,0,0,NA,NA,2007,NA,NA,42,1,Touchdown,3095,"11/11/07, 13:03:13",2007-11-11T20:17:33Z,Commanders Field,"Sunny Temp: 49° F, Humidity: 44%, Wind: 4 SE mph",10012007-1111-07c6-43e9-6366420b400f,0,0,XP_KICK,1,NA,NA,NA,13,Touchdown,2007-11-11T20:05:07Z,12,5:20,6,1,1,3,4,6,KICKOFF,TOUCHDOWN,02:56,12:36,WAS 32,PHI 6,2749,3095,33,25,Home,-8,58,3,37.5,1,outdoors,grass,49,0,Joe Gibbs,Andy Reid,WAS00,FedExField,0,1,NA,NA,NA,NA,NA,NA,0,0,0,1,0,NA,NA,NA,NA,NA,NA,NA,NA,NA,NA,0,0,0.01796074153821703,NA,NA,NA,NA,NA,NA,NA,2007,Other,NA,NA,NA,NA,NA,NA,NA,NA,NA,NA,Toss Up,Other,Andy Reid,Joe Gibbs,12:36,NA,NA,NA,NA,NA,NA,NA,NA,NA,NA
3111,2007_10_PHI_WAS,2007111107,WAS,PHI,REG,10,PHI,away,WAS,WAS,30,2007-11-11,756,756,756,Half2,0,14,0,4,NA,0,12:36,WAS 30,0,72,6-S.Suisham kicks 63 yards from WAS 30 to PHI 7. 30-J.Reed to PHI 28 for 21 yards (29-L.Torrence).,kickoff,0,0,0,0,0,0,0,NA,NA,NA,NA,NA,NA,NA,63,NA,NA,2,3,0,NA,NA,NA,NA,3,2,22,13,13,22,-9,13,22,-9,0.10437604784965515,0.16404321789741516,0.005992760881781578,0.24001263082027435,0.19124014675617218,0.001563158119097352,0.2927720248699188,0,0,0.4420473393984139,0.4121311653871089,7.33818142756786,-7.33818142756786,-6.884052068682196,6.884052068682196,14.582177952518567,-14.582177952518567,NA,NA,0,0,13.442325187153063,-13.442325187153063,-1.2605699119740166,1.2605699119740166,14.9358634653663,-14.9358634653663,-2.1226169180008583,2.1226169180008583,0.14054670929908752,0.8594532907009125,0.8594532907009125,0.14054670929908752,0.016855672001838684,0.004294678568840027,-0.004294678568840027,0.8425976186990738,0.1574023813009262,0.1256474107503891,0.8743525892496109,-0.15437480807304382,0.15437480807304382,0.501889326146518,-0.501889326146518,NA,NA,0,0,0.1243412748899152,-0.1243412748899152,0.19989322721577274,-0.19989322721577274,0.12750863591095707,-0.12750863591095707,0.2883739083967267,-0.2883739083967267,0,0,0,0,0,0,0,0,0,0,0,0,0,0,0,0,0,0,0,0,0,0,0,0,1,0,0,0,0,0,0,0,0,0,0,0,0,0,0,0,0,0,1,0,0,0,0,0,0,0,0,NA,NA,NA,NA,NA,NA,NA,NA,NA,NA,NA,NA,NA,NA,NA,NA,NA,NA,NA,NA,NA,NA,NA,NA,NA,J.Reed,00-0022791,NA,NA,NA,NA,S.Suisham,00-0023001,NA,NA,NA,NA,NA,NA,NA,NA,NA,NA,NA,NA,NA,NA,NA,NA,NA,NA,WAS,NA,00-0023186,NA,L.Torrence,NA,NA,NA,NA,NA,NA,NA,NA,NA,NA,NA,NA,NA,0,NA,NA,NA,NA,NA,NA,NA,NA,NA,NA,NA,NA,NA,NA,NA,NA,NA,NA,NA,NA,NA,NA,NA,NA,NA,NA,NA,NA,NA,NA,PHI,21,NA,NA,NA,NA,0,NA,NA,0,0,0,0,NA,NA,2007,NA,NA,43,1,First down,3111,"11/11/07, 13:03:13",2007-11-11T20:20:01Z,Commanders Field,"Sunny Temp: 49° F, Humidity: 44%, Wind: 4 SE mph",10012007-1111-07c6-43e9-6366420b400f,0,0,KICK_OFF,1,NA,NA,NA,14,Touchdown,2007-11-11T20:20:01Z,5,2:01,3,0,1,4,4,-10,KICKOFF,TOUCHDOWN,12:36,10:35,PHI 28,WAS 45,3111,3291,33,25,Home,-8,58,3,37.5,1,outdoors,grass,49,0,Joe Gibbs,Andy Reid,WAS00,FedExField,0,1,NA,NA,NA,NA,NA,NA,0,0,0,1,0,NA,NA,NA,NA,NA,NA,NA,NA,NA,NA,0,0,0.4121311653871089,NA,NA,NA,NA,NA,NA,NA,2007,Other,NA,NA,NA,NA,NA,NA,NA,NA,NA,NA,Toss Up,Other,Andy Reid,Joe Gibbs,12:36,NA,NA,NA,NA,NA,NA,NA,NA,NA,NA
3133,2007_10_PHI_WAS,2007111107,WAS,PHI,REG,10,PHI,away,WAS,PHI,72,2007-11-11,751,751,751,Half2,0,14,0,4,1,0,12:31,PHI 28,10,72,(12:31) 5-D.McNabb pass short middle to 86-R.Brown to PHI 34 for 6 yards (57-R.Godfrey).,pass,6,0,0,1,0,0,0,short,middle,5,1,NA,NA,NA,NA,NA,NA,2,3,0,NA,NA,NA,NA,3,2,22,13,13,22,-9,13,22,-9,0.10343104600906372,0.14278747141361237,0.004579368978738785,0.22174912691116333,0.20999182760715485,0.0016520739300176501,0.31580913066864014,0,0,0.8541785047855228,0.2818446713499725,7.056336756217887,-7.056336756217887,-6.884052068682196,6.884052068682196,14.300333281168594,-14.300333281168594,0.10757762985303998,0.1742670414969325,0.10757762985303998,0.1742670414969325,13.334747557300023,-13.334747557300023,-1.434836953470949,1.434836953470949,14.82828583551326,-14.82828583551326,-2.296883959497791,2.296883959497791,0.1574023813009262,0.8425976186990738,0.8425976186990738,0.1574023813009262,-0.009334832429885864,0.008698135614395142,-0.008698135614395142,0.8519324511289597,0.14806754887104034,0.12994208931922913,0.8700579106807709,-0.15437480807304382,0.15437480807304382,0.5112241585764039,-0.5112241585764039,0,-0.009334832429885864,0,-0.009334832429885864,0.1243412748899152,-0.1243412748899152,0.2092280596456586,-0.2092280596456586,0.12750863591095707,-0.12750863591095707,0.2977087408266126,-0.2977087408266126,0,0,0,0,0,0,0,0,0,0,0,0,0,0,0,0,0,0,0,0,0,0,0,0,1,0,0,0,0,0,0,0,0,1,0,0,0,0,0,0,0,0,0,0,0,1,0,0,0,0,0,00-0011022,D.McNabb,6,00-0023470,R.Brown,6,NA,NA,NA,NA,NA,NA,NA,NA,NA,NA,NA,NA,NA,NA,NA,NA,NA,NA,NA,NA,NA,NA,NA,NA,NA,NA,NA,NA,NA,NA,NA,NA,NA,NA,NA,NA,NA,NA,NA,NA,NA,NA,NA,NA,NA,WAS,NA,00-0006063,NA,R.Godfrey,NA,NA,NA,NA,NA,NA,NA,NA,NA,NA,NA,NA,NA,0,NA,NA,NA,NA,NA,NA,NA,NA,NA,NA,NA,NA,NA,NA,NA,NA,NA,NA,NA,NA,NA,NA,NA,NA,NA,NA,NA,NA,NA,NA,NA,0,NA,NA,NA,NA,0,NA,NA,0,0,0,0,NA,NA,2007,0.7585591077804565,24.144089221954346,43,1,First down,3133,"11/11/07, 13:03:13",2007-11-11T20:22:27Z,Commanders Field,"Sunny Temp: 49° F, Humidity: 44%, Wind: 4 SE mph",10012007-1111-07c6-43e9-6366420b400f,0,0,PASS,0,NA,NA,NA,14,Touchdown,2007-11-11T20:20:01Z,5,2:01,3,0,1,4,4,-10,KICKOFF,TOUCHDOWN,12:36,10:35,PHI 28,WAS 45,3111,3291,33,25,Home,-8,58,3,37.5,1,outdoors,grass,49,0,Joe Gibbs,Andy Reid,WAS00,FedExField,0,1,D.McNabb,5,NA,NA,R.Brown,86,1,0,0,0,1,00-0011022,NA,00-0023470,D.McNabb,5,00-0011022,R.Brown,00-0023470,R.Brown,00-0023470,0,0,0.2818446713499725,0.45368024405849994,4.312865843792679,3,0.9956388607388362,0.2976669197669253,0.6491750478744507,35.08249521255493,2007,Go for it,NA,NA,NA,NA,NA,NA,NA,NA,NA,NA,Toss Up,Go for it,Andy Reid,Joe Gibbs,12:31,NA,NA,NA,NA,NA,NA,NA,NA,NA,NA
3157,2007_10_PHI_WAS,2007111107,WAS,PHI,REG,10,PHI,away,WAS,PHI,66,2007-11-11,721,721,721,Half2,0,14,0,4,2,0,12:01,PHI 34,4,72,(12:01) 5-D.McNabb pass deep middle to 82-L.Smith to WAS 40 for 26 yards (20-P.Prioleau).,pass,26,0,0,1,0,0,0,deep,middle,21,5,NA,NA,NA,NA,NA,NA,2,3,0,NA,NA,NA,NA,3,2,22,13,13,22,-9,13,22,-9,0.11114706844091415,0.1377619057893753,0.003300139680504799,0.19886285066604614,0.22127938270568848,0.0018858691910281777,0.3257627487182617,0,0,1.1360231761354953,1.841675654053688,5.214661102164199,-5.214661102164199,-6.884052068682196,6.884052068682196,12.458657627114906,-12.458657627114906,1.5070700817741454,0.3346055722795427,1.5070700817741454,0.3346055722795427,11.827677475525878,-11.827677475525878,-1.7694425257504918,1.7694425257504918,13.321215753739114,-13.321215753739114,-2.6314895317773335,2.6314895317773335,0.14806754887104034,0.8519324511289597,0.8519324511289597,0.14806754887104034,0.04321517050266266,0.0402144193649292,-0.0402144193649292,0.808717280626297,0.191282719373703,0.13864022493362427,0.8613597750663757,-0.15437480807304382,0.15437480807304382,0.46800898807374125,-0.46800898807374125,0,0.04321517050266266,0,0.04321517050266266,0.1243412748899152,-0.1243412748899152,0.16601288914299595,-0.16601288914299595,0.12750863591095707,-0.12750863591095707,0.2544935703239499,-0.2544935703239499,0,0,1,0,0,0,0,0,0,0,0,0,0,0,0,0,0,0,0,0,0,0,0,0,1,0,0,0,0,0,0,0,0,1,0,0,0,0,0,0,0,0,0,0,0,1,0,0,0,0,0,00-0011022,D.McNabb,26,00-0022126,L.Smith,26,NA,NA,NA,NA,NA,NA,NA,NA,NA,NA,NA,NA,NA,NA,NA,NA,NA,NA,NA,NA,NA,NA,NA,NA,NA,NA,NA,NA,NA,NA,NA,NA,NA,NA,NA,NA,NA,NA,NA,NA,NA,NA,NA,NA,NA,WAS,NA,00-0013255,NA,P.Prioleau,NA,NA,NA,NA,NA,NA,NA,NA,NA,NA,NA,NA,NA,0,NA,NA,NA,NA,NA,NA,NA,NA,NA,NA,NA,NA,NA,NA,NA,NA,NA,NA,NA,NA,NA,NA,NA,NA,NA,NA,NA,NA,NA,NA,NA,0,NA,NA,NA,NA,0,NA,NA,0,0,0,0,NA,NA,2007,0.5351966619491577,46.48033380508423,43,1,First down,3157,"11/11/07, 13:03:13",2007-11-11T20:22:58Z,Commanders Field,"Sunny Temp: 49° F, Humidity: 44%, Wind: 4 SE mph",10012007-1111-07c6-43e9-6366420b400f,0,0,PASS,0,NA,NA,NA,14,Touchdown,2007-11-11T20:20:01Z,5,2:01,3,0,1,4,4,-10,KICKOFF,TOUCHDOWN,12:36,10:35,PHI 28,WAS 45,3111,3291,33,25,Home,-8,58,3,37.5,1,outdoors,grass,49,0,Joe Gibbs,Andy Reid,WAS00,FedExField,0,1,D.McNabb,5,NA,NA,L.Smith,82,1,0,1,0,1,00-0011022,NA,00-0022126,D.McNabb,5,00-0011022,L.Smith,00-0022126,L.Smith,00-0022126,0,0,1.841675654053688,0.4914601107752625,7.013573789095972,3,1,1,0.6089910268783569,39.10089731216431,2007,Go for it,NA,NA,NA,NA,NA,NA,NA,NA,NA,NA,Toss Up,Go for it,Andy Reid,Joe Gibbs,12:01,NA,NA,NA,NA,NA,NA,NA,NA,NA,NA
3181,2007_10_PHI_WAS,2007111107,WAS,PHI,REG,10,PHI,away,WAS,WAS,40,2007-11-11,687,687,687,Half2,0,14,0,4,1,0,11:27,WAS 40,10,72,(11:27) 5-D.McNabb pass incomplete deep middle to 82-L.Smith (57-R.Godfrey).,pass,0,0,0,1,0,0,0,deep,middle,27,NA,NA,NA,NA,NA,NA,NA,2,3,0,NA,NA,NA,NA,3,2,22,13,13,22,-9,13,22,-9,0.0792335495352745,0.07221775501966476,0.001220516161993146,0.10417278856039047,0.3168342113494873,0.0017496029613539577,0.42457154393196106,0,0,2.9776988301891834,-0.49176437966525555,5.706425481829455,-5.706425481829455,-6.884052068682196,6.884052068682196,12.950422006780162,-12.950422006780162,1.789020272088237,-2.2807846517534927,0,0,11.827677475525878,-11.827677475525878,-1.7694425257504918,1.7694425257504918,11.532195481650877,-11.532195481650877,-0.3507048800238408,0.3507048800238408,0.191282719373703,0.808717280626297,0.808717280626297,0.191282719373703,-0.014139905571937561,-0.013706237077713013,0.013706237077713013,0.8228571861982346,0.17714281380176544,0.17885464429855347,0.8211453557014465,-0.15437480807304382,0.15437480807304382,0.4821488936456788,-0.4821488936456788,0,-0.014139905571937561,0,0,0.1243412748899152,-0.1243412748899152,0.16601288914299595,-0.16601288914299595,0.12750863591095707,-0.12750863591095707,0.2686334758958875,-0.2686334758958875,0,0,0,0,0,0,0,0,1,0,0,0,0,0,0,0,0,0,0,0,0,0,0,0,0,0,0,0,0,0,0,0,0,1,0,0,0,0,0,0,0,0,0,0,0,0,0,0,0,0,0,00-0011022,D.McNabb,NA,NA,NA,NA,NA,NA,NA,NA,NA,NA,NA,NA,NA,NA,NA,NA,NA,NA,NA,NA,NA,NA,NA,NA,NA,NA,NA,NA,NA,NA,NA,NA,NA,NA,NA,NA,NA,NA,NA,NA,NA,NA,NA,NA,NA,NA,NA,NA,NA,NA,NA,NA,NA,NA,NA,NA,NA,NA,NA,NA,NA,NA,NA,NA,NA,NA,NA,0,NA,NA,NA,NA,NA,NA,00-0006063,R.Godfrey,NA,NA,NA,NA,NA,NA,NA,NA,NA,NA,NA,NA,NA,NA,NA,NA,NA,NA,NA,NA,NA,NA,NA,0,NA,NA,NA,NA,0,NA,NA,0,0,0,0,NA,NA,2007,0.36688095331192017,-36.68809533119202,44,1,First down,3181,"11/11/07, 13:03:13",2007-11-11T20:23:32Z,Commanders Field,"Sunny Temp: 49° F, Humidity: 44%, Wind: 4 SE mph",10012007-1111-07c6-43e9-6366420b400f,0,0,PASS,0,NA,NA,NA,14,Touchdown,2007-11-11T20:20:01Z,5,2:01,3,0,1,4,4,-10,KICKOFF,TOUCHDOWN,12:36,10:35,PHI 28,WAS 45,3111,3291,33,25,Home,-8,58,3,37.5,1,outdoors,grass,49,0,Joe Gibbs,Andy Reid,WAS00,FedExField,0,0,D.McNabb,5,NA,NA,L.Smith,82,1,0,0,0,1,00-0011022,NA,00-0022126,D.McNabb,5,00-0011022,NA,NA,L.Smith,00-0022126,0,0,-0.49176437966525555,0.6372286999187877,5.308564516890328,4,1,1,0.5986449122428894,40.13550877571106,2007,Go for it,NA,NA,NA,NA,NA,NA,NA,NA,NA,NA,Toss Up,Go for it,Andy Reid,Joe Gibbs,11:27,NA,NA,NA,NA,NA,NA,NA,NA,NA,NA
3203,2007_10_PHI_WAS,2007111107,WAS,PHI,REG,10,PHI,away,WAS,WAS,40,2007-11-11,681,681,681,Half2,0,14,0,4,2,0,11:21,WAS 40,10,72,"(11:21) 36-B.Westbrook up the middle to WAS 35 for 5 yards (20-P.Prioleau, 30-L.Landry). PENALTY on PHI-83-G.Lewis, Illegal Crackback, 15 yards, enforced at WAS 35.",run,5,0,0,0,0,0,0,NA,NA,NA,NA,middle,NA,NA,NA,NA,NA,2,3,0,NA,NA,NA,NA,3,2,22,13,13,22,-9,13,22,-9,0.08381284028291702,0.0873904824256897,0.0013269553892314434,0.12661530077457428,0.31481659412384033,0.0019294983940199018,0.384108304977417,0,0,2.485934450523928,-0.9483107149135321,6.654736196742987,-6.654736196742987,-5.935741353768664,5.935741353768664,12.950422006780162,-12.950422006780162,NA,NA,0,0,11.827677475525878,-11.827677475525878,-1.7694425257504918,1.7694425257504918,11.532195481650877,-11.532195481650877,-0.3507048800238408,0.3507048800238408,0.17714281380176544,0.8228571861982346,0.8228571861982346,0.17714281380176544,-0.03093215823173523,-0.02239401638507843,0.02239401638507843,0.8537893444299698,0.1462106555700302,0.16514840722084045,0.8348515927791595,-0.1234426498413086,0.1234426498413086,0.4821488936456788,-0.4821488936456788,NA,NA,0,0,0.1243412748899152,-0.1243412748899152,0.16601288914299595,-0.16601288914299595,0.12750863591095707,-0.12750863591095707,0.2686334758958875,-0.2686334758958875,0,0,0,0,0,0,0,0,0,0,0,0,0,0,0,0,0,0,0,0,0,0,0,0,0,0,1,0,0,0,0,0,1,0,0,0,0,0,0,0,0,0,0,0,0,0,1,0,0,0,0,NA,NA,NA,NA,NA,NA,00-0021216,B.Westbrook,5,NA,NA,NA,NA,NA,NA,NA,NA,NA,NA,NA,NA,NA,NA,NA,NA,NA,NA,NA,NA,NA,NA,NA,NA,NA,NA,NA,NA,NA,NA,NA,NA,NA,NA,NA,NA,NA,NA,NA,NA,NA,NA,NA,NA,NA,NA,NA,NA,00-0025393,L.Landry,WAS,NA,NA,NA,NA,NA,NA,NA,NA,NA,1,00-0013255,P.Prioleau,WAS,NA,NA,NA,NA,NA,NA,NA,NA,NA,NA,NA,NA,NA,NA,NA,NA,NA,NA,NA,NA,NA,NA,NA,NA,NA,NA,NA,NA,0,PHI,00-0021508,G.Lewis,15,0,NA,Illegal Crackback,0,0,0,0,NA,NA,2007,NA,NA,44,1,First down,3203,"11/11/07, 13:03:13",2007-11-11T20:24:12Z,Commanders Field,"Sunny Temp: 49° F, Humidity: 44%, Wind: 4 SE mph",10012007-1111-07c6-43e9-6366420b400f,0,0,RUSH,0,NA,NA,NA,14,Touchdown,2007-11-11T20:20:01Z,5,2:01,3,0,1,4,4,-10,KICKOFF,TOUCHDOWN,12:36,10:35,PHI 28,WAS 45,3111,3291,33,25,Home,-8,58,3,37.5,1,outdoors,grass,49,0,Joe Gibbs,Andy Reid,WAS00,FedExField,0,0,NA,NA,B.Westbrook,36,NA,NA,0,1,0,0,1,NA,00-0021216,NA,B.Westbrook,36,00-0021216,B.Westbrook,00-0021216,B.Westbrook,00-0021216,0,0,-0.9483107149135321,NA,NA,NA,NA,NA,0.7026801705360413,-70.26801705360413,2007,Go for it,NA,NA,NA,NA,NA,NA,NA,NA,NA,NA,Toss Up,Go for it (Penalty),Andy Reid,Joe Gibbs,11:21,NA,NA,NA,NA,NA,NA,NA,NA,NA,NA
3236,2007_10_PHI_WAS,2007111107,WAS,PHI,REG,10,PHI,away,WAS,50,50,2007-11-11,668,668,668,Half2,0,14,0,4,2,0,11:08,MID 50,20,72,"(11:08) 5-D.McNabb pass short right to 36-B.Westbrook to WAS 46 for 4 yards (24-S.Springs). PENALTY on WAS-24-S.Springs, Illegal Contact, 5 yards, enforced at 50 - No Play.",no_play,0,0,0,0,0,0,0,NA,NA,NA,NA,NA,NA,NA,NA,NA,NA,2,3,0,NA,NA,NA,NA,3,2,22,13,13,22,-9,13,22,-9,0.10529182106256485,0.124656543135643,0.0020578305702656507,0.17135334014892578,0.26225897669792175,0.002453017979860306,0.3319284915924072,0,0,1.5376237356103957,1.1265880756545812,5.528148121088406,-5.528148121088406,-5.935741353768664,5.935741353768664,12.950422006780162,-12.950422006780162,NA,NA,0,0,11.827677475525878,-11.827677475525878,-1.7694425257504918,1.7694425257504918,11.532195481650877,-11.532195481650877,-0.3507048800238408,0.3507048800238408,0.1462106555700302,0.8537893444299698,0.8537893444299698,0.1462106555700302,0.04221858084201813,0.029281824827194214,-0.029281824827194214,0.8115707635879517,0.18842923641204834,0.14275439083576202,0.857245609164238,-0.1234426498413086,0.1234426498413086,0.4821488936456788,-0.4821488936456788,NA,NA,0,0,0.1243412748899152,-0.1243412748899152,0.16601288914299595,-0.16601288914299595,0.12750863591095707,-0.12750863591095707,0.2686334758958875,-0.2686334758958875,0,0,0,1,0,0,0,0,0,0,0,0,0,0,0,0,0,0,0,0,0,0,0,0,0,0,1,0,0,0,0,0,0,0,0,0,0,0,0,0,0,0,0,0,0,0,0,0,0,0,0,NA,NA,NA,NA,NA,NA,NA,NA,NA,NA,NA,NA,NA,NA,NA,NA,NA,NA,NA,NA,NA,NA,NA,NA,NA,NA,NA,NA,NA,NA,NA,NA,NA,NA,NA,NA,NA,NA,NA,NA,NA,NA,NA,NA,NA,NA,NA,NA,NA,NA,NA,NA,NA,NA,NA,NA,NA,NA,NA,NA,NA,NA,NA,NA,NA,NA,NA,NA,NA,0,NA,NA,NA,NA,NA,NA,NA,NA,NA,NA,NA,NA,NA,NA,NA,NA,NA,NA,NA,NA,NA,NA,NA,NA,NA,NA,NA,NA,NA,NA,NA,0,WAS,00-0015495,S.Springs,5,0,NA,Illegal Contact,0,0,0,0,NA,NA,2007,NA,NA,44,1,First down,3236,"11/11/07, 13:03:13",2007-11-11T20:25:31Z,Commanders Field,"Sunny Temp: 49° F, Humidity: 44%, Wind: 4 SE mph",10012007-1111-07c6-43e9-6366420b400f,0,0,PENALTY,0,NA,NA,NA,14,Touchdown,2007-11-11T20:20:01Z,5,2:01,3,0,1,4,4,-10,KICKOFF,TOUCHDOWN,12:36,10:35,PHI 28,WAS 45,3111,3291,33,25,Home,-8,58,3,37.5,1,outdoors,grass,49,0,Joe Gibbs,Andy Reid,WAS00,FedExField,0,1,D.McNabb,5,NA,NA,B.Westbrook,36,1,0,1,0,1,00-0011022,NA,00-0021216,D.McNabb,5,00-0011022,NA,NA,B.Westbrook,00-0021216,0,0,1.1265880756545812,NA,NA,NA,NA,NA,0.8936347961425781,10.636520385742188,2007,Other,NA,NA,NA,NA,NA,NA,NA,NA,NA,NA,Toss Up,Go for it (Penalty),Andy Reid,Joe Gibbs,11:08,NA,NA,NA,NA,NA,NA,NA,NA,NA,NA
3271,2007_10_PHI_WAS,2007111107,WAS,PHI,REG,10,PHI,away,WAS,WAS,45,2007-11-11,652,652,652,Half2,0,14,1,4,1,0,10:52,WAS 45,10,72,"(10:52) (Shotgun) 5-D.McNabb pass deep middle to 86-R.Brown for 45 yards, TOUCHDOWN.",pass,45,1,0,1,0,0,0,deep,middle,42,3,NA,NA,NA,NA,NA,NA,2,3,0,NA,PHI,R.Brown,00-0023470,3,2,22,19,13,22,-9,19,22,-3,0.0879279300570488,0.08261489123106003,0.0014291269471868873,0.11864463239908218,0.30280613899230957,0.001806395361199975,0.4047708511352539,0,0,2.664211811264977,4.335788188735023,1.1923599323533827,-1.1923599323533827,-5.935741353768664,5.935741353768664,8.614633818045139,-8.614633818045139,2.9193711982807145,1.4164169904543087,2.9193711982807145,1.4164169904543087,8.908306277245163,-8.908306277245163,-3.1858595162048005,3.1858595162048005,8.612824283370163,-8.612824283370163,-1.7671218704781495,1.7671218704781495,0.18842923641204834,0.8115707635879517,0.8115707635879517,0.18842923641204834,0.09470787969435202,0.11942516039384432,-0.11942516039384432,0.7168628838935996,0.28313711610640035,0.17203621566295624,0.8279637843370438,-0.1234426498413086,0.1234426498413086,0.3874410139513268,-0.3874410139513268,0,0.09470787969435202,0,0.09470787969435202,0.1243412748899152,-0.1243412748899152,0.07130500944864393,-0.07130500944864393,0.12750863591095707,-0.12750863591095707,0.17392559620153547,-0.17392559620153547,0,0,1,0,0,0,0,0,0,0,0,0,0,0,0,0,0,0,0,0,0,0,0,0,0,0,0,0,0,0,0,0,0,1,0,1,1,0,0,0,0,0,0,0,0,1,0,0,0,0,0,00-0011022,D.McNabb,45,00-0023470,R.Brown,45,NA,NA,NA,NA,NA,NA,NA,NA,NA,NA,NA,NA,NA,NA,NA,NA,NA,NA,NA,NA,NA,NA,NA,NA,NA,NA,NA,NA,NA,NA,NA,NA,NA,NA,NA,NA,NA,NA,NA,NA,NA,NA,NA,NA,NA,NA,NA,NA,NA,NA,NA,NA,NA,NA,NA,NA,NA,NA,NA,NA,NA,NA,NA,0,NA,NA,NA,NA,NA,NA,NA,NA,NA,NA,NA,NA,NA,NA,NA,NA,NA,NA,NA,NA,NA,NA,NA,NA,NA,NA,NA,NA,NA,NA,NA,0,NA,NA,NA,NA,0,NA,NA,0,0,0,0,NA,NA,2007,0.3093065023422241,69.06934976577759,45,1,Touchdown,3271,"11/11/07, 13:03:13",2007-11-11T20:26:51Z,Commanders Field,"Sunny Temp: 49° F, Humidity: 44%, Wind: 4 SE mph",10012007-1111-07c6-43e9-6366420b400f,0,0,PASS,0,NA,NA,NA,14,Touchdown,2007-11-11T20:20:01Z,5,2:01,3,0,1,4,4,-10,KICKOFF,TOUCHDOWN,12:36,10:35,PHI 28,WAS 45,3111,3291,33,25,Home,-8,58,3,37.5,1,outdoors,grass,49,0,Joe Gibbs,Andy Reid,WAS00,FedExField,0,1,D.McNabb,5,NA,NA,R.Brown,86,1,0,1,0,1,00-0011022,NA,00-0023470,D.McNabb,5,00-0011022,R.Brown,00-0023470,R.Brown,00-0023470,0,0,4.335788188735023,1.06755612539359,2.2544552411709446,3,1,1,0.619830846786499,38.0169153213501,2007,Go for it,NA,NA,NA,NA,NA,NA,NA,NA,NA,NA,Toss Up,Go for it,Andy Reid,Joe Gibbs,10:52,NA,NA,NA,NA,NA,NA,NA,NA,NA,NA
3291,2007_10_PHI_WAS,2007111107,WAS,PHI,REG,10,PHI,away,WAS,WAS,2,2007-11-11,635,635,635,Half2,0,14,1,4,NA,0,10:35,WAS 2,0,72,"2-D.Akers extra point is GOOD, Center-46-J.Dorenbos, Holder-6-S.Rocca.",extra_point,0,0,0,0,0,0,0,NA,NA,NA,NA,NA,NA,NA,20,good,NA,2,3,0,NA,NA,NA,NA,3,2,22,20,19,22,-3,20,22,-2,0,0,0,0,0,0,0,0.982039258461783,0,0.982039258461783,0.01796074153821703,1.1743991908151656,-1.1743991908151656,-5.935741353768664,5.935741353768664,8.614633818045139,-8.614633818045139,NA,NA,0,0,8.908306277245163,-8.908306277245163,-3.1858595162048005,3.1858595162048005,8.612824283370163,-8.612824283370163,-1.7671218704781495,1.7671218704781495,0.28313711610640035,0.7168628838935996,0.7168628838935996,0.28313711610640035,0.00671347650681986,0.0044280611418383575,-0.0044280611418383575,0.7101494073867798,0.2898505926132202,0.29146137605680056,0.7085386239431994,-0.1234426498413086,0.1234426498413086,0.3874410139513268,-0.3874410139513268,NA,NA,0,0,0.1243412748899152,-0.1243412748899152,0.07130500944864393,-0.07130500944864393,0.12750863591095707,-0.12750863591095707,0.17392559620153547,-0.17392559620153547,0,0,0,0,0,0,0,0,0,0,0,0,0,0,0,0,0,0,0,0,0,0,0,0,0,0,0,0,0,0,0,0,0,0,0,0,0,0,0,1,0,0,0,0,0,0,0,0,0,0,0,NA,NA,NA,NA,NA,NA,NA,NA,NA,NA,NA,NA,NA,NA,NA,NA,NA,NA,NA,NA,NA,NA,NA,NA,NA,NA,NA,NA,NA,NA,NA,D.Akers,00-0000108,NA,NA,NA,NA,NA,NA,NA,NA,NA,NA,NA,NA,NA,NA,NA,NA,NA,NA,NA,NA,NA,NA,NA,NA,NA,NA,NA,NA,NA,NA,NA,NA,NA,NA,NA,NA,0,NA,NA,NA,NA,NA,NA,NA,NA,NA,NA,NA,NA,NA,NA,NA,NA,NA,NA,NA,NA,NA,NA,NA,NA,NA,NA,NA,NA,NA,NA,NA,0,NA,NA,NA,NA,0,NA,NA,0,0,0,0,NA,NA,2007,NA,NA,45,1,Touchdown,3291,"11/11/07, 13:03:13",2007-11-11T20:27:20Z,Commanders Field,"Sunny Temp: 49° F, Humidity: 44%, Wind: 4 SE mph",10012007-1111-07c6-43e9-6366420b400f,0,0,XP_KICK,1,NA,NA,NA,14,Touchdown,2007-11-11T20:20:01Z,5,2:01,3,0,1,4,4,-10,KICKOFF,TOUCHDOWN,12:36,10:35,PHI 28,WAS 45,3111,3291,33,25,Home,-8,58,3,37.5,1,outdoors,grass,49,0,Joe Gibbs,Andy Reid,WAS00,FedExField,0,1,NA,NA,NA,NA,NA,NA,0,0,0,1,0,NA,NA,NA,NA,NA,NA,NA,NA,NA,NA,0,0,0.01796074153821703,NA,NA,NA,NA,NA,NA,NA,2007,Other,NA,NA,NA,NA,NA,NA,NA,NA,NA,NA,Toss Up,Other,Andy Reid,Joe Gibbs,10:35,NA,NA,NA,NA,NA,NA,NA,NA,NA,NA
3307,2007_10_PHI_WAS,2007111107,WAS,PHI,REG,10,WAS,home,PHI,PHI,30,2007-11-11,635,635,635,Half2,0,15,0,4,NA,0,10:35,PHI 30,0,52,"2-D.Akers kicks 59 yards from PHI 30 to WAS 11. 31-R.Cartwright to WAS 34 for 23 yards (56-A.Jordan; 81-J.Avant). PENALTY on WAS-79-L.Alexander, Offensive Holding, 10 yards, enforced at WAS 34.",kickoff,0,0,0,0,0,0,0,NA,NA,NA,NA,NA,NA,NA,59,NA,NA,2,3,0,NA,NA,NA,NA,2,3,22,20,22,20,2,22,20,2,0.14827507734298706,0.14704330265522003,0.002025154884904623,0.21610921621322632,0.19132281839847565,0.004391750320792198,0.2908327281475067,0,0,0.6606363216415048,0.19097929168492556,1.3653784825000912,-1.3653784825000912,-5.935741353768664,5.935741353768664,8.614633818045139,-8.614633818045139,NA,NA,0,0,8.908306277245163,-8.908306277245163,-3.1858595162048005,3.1858595162048005,8.612824283370163,-8.612824283370163,-1.7671218704781495,1.7671218704781495,0.7101494073867798,0.2898505926132202,0.7101494073867798,0.2898505926132202,0.005961716175079346,7.77900218963623e-4,7.77900218963623e-4,0.7161111235618591,0.28388887643814087,0.7041105628013611,0.7041105628013611,-0.1234426498413086,0.1234426498413086,0.3874410139513268,-0.3874410139513268,NA,NA,0,0,0.1243412748899152,-0.1243412748899152,0.07130500944864393,-0.07130500944864393,0.12750863591095707,-0.12750863591095707,0.17392559620153547,-0.17392559620153547,0,0,0,0,0,0,0,0,0,0,0,0,0,0,0,0,0,0,0,0,0,0,0,0,0,0,1,0,0,0,0,0,0,0,0,0,0,0,0,0,0,0,1,0,0,0,1,0,0,0,0,NA,NA,NA,NA,NA,NA,NA,NA,NA,NA,NA,NA,NA,NA,NA,NA,NA,NA,NA,NA,NA,NA,NA,NA,NA,R.Cartwright,00-0021357,NA,NA,NA,NA,D.Akers,00-0000108,NA,NA,NA,NA,NA,NA,NA,NA,NA,NA,NA,NA,NA,NA,NA,NA,NA,NA,NA,NA,NA,NA,NA,NA,00-0025719,A.Jordan,PHI,00-0024324,J.Avant,PHI,NA,NA,NA,NA,NA,NA,0,NA,NA,NA,NA,NA,NA,NA,NA,NA,NA,NA,NA,NA,NA,NA,NA,NA,NA,NA,NA,NA,NA,NA,NA,NA,NA,NA,NA,NA,NA,WAS,23,WAS,00-0023259,L.Alexander,10,0,NA,Offensive Holding,0,0,0,0,NA,NA,2007,NA,NA,46,1,First down,3307,"11/11/07, 13:03:13",2007-11-11T20:29:59Z,Commanders Field,"Sunny Temp: 49° F, Humidity: 44%, Wind: 4 SE mph",10012007-1111-07c6-43e9-6366420b400f,0,0,KICK_OFF,1,NA,NA,NA,15,Turnover,2007-11-11T20:29:59Z,6,2:27,4,0,0,4,4,0,KICKOFF,FUMBLE,10:35,08:08,WAS 24,PHI 29,3307,3484,33,25,Home,-8,58,3,37.5,1,outdoors,grass,49,0,Joe Gibbs,Andy Reid,WAS00,FedExField,0,1,NA,NA,NA,NA,NA,NA,0,0,0,1,0,NA,NA,NA,NA,NA,NA,NA,NA,NA,NA,0,0,0.19097929168492556,NA,NA,NA,NA,NA,NA,NA,2007,Other,NA,NA,NA,NA,NA,NA,NA,NA,NA,NA,Toss Up,Other (Penalty),Andy Reid,Joe Gibbs,10:35,NA,NA,NA,NA,NA,NA,NA,NA,NA,NA
3340,2007_10_PHI_WAS,2007111107,WAS,PHI,REG,10,WAS,home,PHI,WAS,76,2007-11-11,629,629,629,Half2,0,15,0,4,1,0,10:29,WAS 24,10,52,(10:29) 17-J.Campbell pass short middle to 82-A.Randle El to WAS 38 for 14 yards (20-B.Dawkins).,pass,14,0,0,1,0,0,0,short,middle,13,1,NA,NA,NA,NA,NA,NA,2,3,0,NA,NA,NA,NA,2,3,22,20,22,20,2,22,20,2,0.14774847030639648,0.13435712456703186,0.0018682652153074741,0.2073507159948349,0.206410750746727,0.005041276570409536,0.29722338914871216,0,0,0.8516156133264303,0.9127002218738198,2.278078704373911,-2.278078704373911,-5.935741353768664,5.935741353768664,9.527334039918959,-9.527334039918959,0.8456914597190917,0.06700876215472817,0.8456914597190917,0.06700876215472817,9.753997736964255,-9.753997736964255,-3.1188507540500723,3.1188507540500723,9.458515743089254,-9.458515743089254,-1.7001131083234213,1.7001131083234213,0.7161111235618591,0.28388887643814087,0.7161111235618591,0.28388887643814087,0.022620797157287598,0.039703965187072754,0.039703965187072754,0.7387319207191467,0.26126807928085327,0.7048884630203247,0.7048884630203247,-0.1234426498413086,0.1234426498413086,0.4100618111086144,-0.4100618111086144,0,0.022620797157287598,0,0.022620797157287598,0.1243412748899152,-0.1243412748899152,0.09392580660593153,-0.09392580660593153,0.12750863591095707,-0.12750863591095707,0.19654639335882307,-0.19654639335882307,0,0,1,0,0,0,0,0,0,0,0,0,0,0,0,0,0,0,0,0,0,0,0,0,1,0,0,0,0,0,0,0,0,1,0,0,0,0,0,0,0,0,0,0,0,1,0,0,0,0,0,00-0023460,J.Campbell,14,00-0021190,A.Randle El,14,NA,NA,NA,NA,NA,NA,NA,NA,NA,NA,NA,NA,NA,NA,NA,NA,NA,NA,NA,NA,NA,NA,NA,NA,NA,NA,NA,NA,NA,NA,NA,NA,NA,NA,NA,NA,NA,NA,NA,NA,NA,NA,NA,NA,NA,PHI,NA,00-0004073,NA,B.Dawkins,NA,NA,NA,NA,NA,NA,NA,NA,NA,NA,NA,NA,NA,0,NA,NA,NA,NA,NA,NA,NA,NA,NA,NA,NA,NA,NA,NA,NA,NA,NA,NA,NA,NA,NA,NA,NA,NA,NA,NA,NA,NA,NA,NA,NA,0,NA,NA,NA,NA,0,NA,NA,0,0,0,0,NA,NA,2007,0.6954967379570007,30.450326204299927,46,1,First down,3340,"11/11/07, 13:03:13",2007-11-11T20:31:17Z,Commanders Field,"Sunny Temp: 49° F, Humidity: 44%, Wind: 4 SE mph",10012007-1111-07c6-43e9-6366420b400f,0,0,PASS,0,NA,NA,NA,15,Turnover,2007-11-11T20:29:59Z,6,2:27,4,0,0,4,4,0,KICKOFF,FUMBLE,10:35,08:08,WAS 24,PHI 29,3307,3484,33,25,Home,-8,58,3,37.5,1,outdoors,grass,49,0,Joe Gibbs,Andy Reid,WAS00,FedExField,0,1,J.Campbell,17,NA,NA,A.Randle,82,1,0,1,0,1,00-0023460,NA,00-0021190,J.Campbell,17,00-0023460,A.Randle El,00-0021190,A.Randle,00-0021190,0,0,0.9127002218738198,0.2548834449970796,4.340646172509878,2,1,0.9975882957223803,0.39714282751083374,60.285717248916626,2007,Go for it,NA,NA,NA,NA,NA,NA,NA,NA,NA,NA,Toss Up,Go for it,Andy Reid,Joe Gibbs,10:29,NA,NA,NA,NA,NA,NA,NA,NA,NA,NA
3364,2007_10_PHI_WAS,2007111107,WAS,PHI,REG,10,NA,NA,NA,NA,NA,2007-11-11,595,595,595,Half2,0,15,0,4,NA,0,09:55,WAS 38,0,52,Timeout #2 by WAS at 09:55.,no_play,0,0,0,0,0,0,0,NA,NA,NA,NA,NA,NA,NA,NA,NA,NA,1,3,1,WAS,NA,NA,NA,NA,NA,22,20,NA,NA,NA,NA,NA,NA,0,0,0,0,0,0,0,0,0,1.7643158352002501,0,2.278078704373911,-2.278078704373911,-5.935741353768664,5.935741353768664,9.527334039918959,-9.527334039918959,NA,NA,0,0,9.753997736964255,-9.753997736964255,-3.1188507540500723,3.1188507540500723,9.458515743089254,-9.458515743089254,-1.7001131083234213,1.7001131083234213,0.7387319207191467,0.26126807928085327,0.7387319207191467,0.26126807928085327,0,0,0,NA,NA,0.7445924282073975,0.7445924282073975,-0.1234426498413086,0.1234426498413086,0.4100618111086144,-0.4100618111086144,NA,NA,0,0,0.1243412748899152,-0.1243412748899152,0.09392580660593153,-0.09392580660593153,0.12750863591095707,-0.12750863591095707,0.19654639335882307,-0.19654639335882307,0,0,0,0,0,0,0,0,0,0,0,0,0,0,0,0,0,0,0,0,0,0,0,0,0,0,0,0,0,0,0,0,0,0,0,0,0,0,0,0,0,0,0,0,0,0,0,0,0,0,0,NA,NA,NA,NA,NA,NA,NA,NA,NA,NA,NA,NA,NA,NA,NA,NA,NA,NA,NA,NA,NA,NA,NA,NA,NA,NA,NA,NA,NA,NA,NA,NA,NA,NA,NA,NA,NA,NA,NA,NA,NA,NA,NA,NA,NA,NA,NA,NA,NA,NA,NA,NA,NA,NA,NA,NA,NA,NA,NA,NA,NA,NA,NA,NA,NA,NA,NA,NA,NA,0,NA,NA,NA,NA,NA,NA,NA,NA,NA,NA,NA,NA,NA,NA,NA,NA,NA,NA,NA,NA,NA,NA,NA,NA,NA,NA,NA,NA,NA,NA,NA,0,NA,NA,NA,NA,0,NA,NA,0,0,0,0,NA,NA,2007,NA,NA,47,1,First down,3364,"11/11/07, 13:03:13",2007-11-11T20:32:03Z,Commanders Field,"Sunny Temp: 49° F, Humidity: 44%, Wind: 4 SE mph",10012007-1111-07c6-43e9-6366420b400f,0,0,TIMEOUT,0,NA,NA,NA,15,Turnover,2007-11-11T20:29:59Z,6,2:27,4,0,0,4,4,0,KICKOFF,FUMBLE,10:35,08:08,WAS 24,PHI 29,3307,3484,33,25,Home,-8,58,3,37.5,1,outdoors,grass,49,0,Joe Gibbs,Andy Reid,WAS00,FedExField,0,0,NA,NA,NA,NA,NA,NA,0,0,0,0,0,NA,NA,NA,NA,NA,NA,NA,NA,NA,NA,0,0,0,NA,NA,NA,NA,NA,NA,NA,2007,Other,NA,NA,NA,NA,NA,NA,NA,NA,NA,NA,Toss Up,Other (Penalty),Andy Reid,Joe Gibbs,9:55,NA,NA,NA,NA,NA,NA,NA,NA,NA,NA
3381,2007_10_PHI_WAS,2007111107,WAS,PHI,REG,10,WAS,home,PHI,WAS,62,2007-11-11,595,595,595,Half2,0,15,0,4,1,0,09:55,WAS 38,10,52,(9:55) 26-C.Portis left end pushed ob at WAS 48 for 10 yards (51-T.Spikes).,run,10,0,0,0,0,0,0,NA,NA,NA,NA,left,end,NA,NA,NA,NA,1,3,0,NA,NA,NA,NA,1,3,22,20,22,20,2,22,20,2,0.1592428982257843,0.09360348433256149,0.0011896444484591484,0.15808886289596558,0.23349718749523163,0.005401866976171732,0.3489760458469391,0,0,1.7643158352002501,0.5946376277133822,2.8727163320872933,-2.8727163320872933,-5.341103726055282,5.341103726055282,9.527334039918959,-9.527334039918959,NA,NA,0,0,9.753997736964255,-9.753997736964255,-3.1188507540500723,3.1188507540500723,9.458515743089254,-9.458515743089254,-1.7001131083234213,1.7001131083234213,0.7387319207191467,0.26126807928085327,0.7387319207191467,0.26126807928085327,0.022650718688964844,0.008041918277740479,0.008041918277740479,0.7613826394081116,0.23861736059188843,0.7445924282073975,0.7445924282073975,-0.10079193115234375,0.10079193115234375,0.4100618111086144,-0.4100618111086144,NA,NA,0,0,0.1243412748899152,-0.1243412748899152,0.09392580660593153,-0.09392580660593153,0.12750863591095707,-0.12750863591095707,0.19654639335882307,-0.19654639335882307,0,1,0,0,0,0,0,0,0,0,0,0,0,0,0,0,0,0,0,0,0,0,0,0,1,0,0,0,0,0,0,0,1,0,0,0,0,0,0,0,0,0,0,0,0,0,0,0,0,0,0,NA,NA,NA,NA,NA,NA,00-0021179,C.Portis,10,NA,NA,NA,NA,NA,NA,NA,NA,NA,NA,NA,NA,NA,NA,NA,NA,NA,NA,NA,NA,NA,NA,NA,NA,NA,NA,NA,NA,NA,NA,NA,NA,NA,NA,NA,NA,NA,NA,NA,NA,NA,NA,PHI,NA,00-0015474,NA,T.Spikes,NA,NA,NA,NA,NA,NA,NA,NA,NA,NA,NA,NA,NA,0,NA,NA,NA,NA,NA,NA,NA,NA,NA,NA,NA,NA,NA,NA,NA,NA,NA,NA,NA,NA,NA,NA,NA,NA,NA,NA,NA,NA,NA,NA,NA,0,NA,NA,NA,NA,0,NA,NA,0,0,0,0,NA,NA,2007,NA,NA,47,1,First down,3381,"11/11/07, 13:03:13",2007-11-11T20:34:17Z,Commanders Field,"Sunny Temp: 49° F, Humidity: 44%, Wind: 4 SE mph",10012007-1111-07c6-43e9-6366420b400f,0,0,RUSH,0,NA,NA,NA,15,Turnover,2007-11-11T20:29:59Z,6,2:27,4,0,0,4,4,0,KICKOFF,FUMBLE,10:35,08:08,WAS 24,PHI 29,3307,3484,33,25,Home,-8,58,3,37.5,1,outdoors,grass,49,0,Joe Gibbs,Andy Reid,WAS00,FedExField,0,1,NA,NA,C.Portis,26,NA,NA,0,1,1,0,1,NA,00-0021179,NA,C.Portis,26,00-0021179,C.Portis,00-0021179,C.Portis,00-0021179,1,0,0.5946376277133822,NA,NA,NA,NA,NA,0.38433459401130676,-38.433459401130676,2007,Go for it,NA,NA,NA,NA,NA,NA,NA,NA,NA,NA,Toss Up,Go for it,Andy Reid,Joe Gibbs,9:55,NA,NA,NA,NA,NA,NA,NA,NA,NA,NA
3403,2007_10_PHI_WAS,2007111107,WAS,PHI,REG,10,WAS,home,PHI,WAS,52,2007-11-11,578,578,578,Half2,0,15,0,4,1,0,09:38,WAS 48,10,52,"(9:38) (No Huddle, Shotgun) 17-J.Campbell pass incomplete deep right to 82-A.Randle El.",pass,0,1,1,1,0,0,0,deep,right,30,NA,NA,NA,NA,NA,NA,NA,1,3,0,NA,NA,NA,NA,1,3,22,20,22,20,2,22,20,2,0.14652013778686523,0.075966015458107,0.0010527740232646465,0.1233908012509346,0.27220654487609863,0.005994637031108141,0.37486910820007324,0,0,2.3589534629136324,-0.42428469425067306,2.44843163783662,-2.44843163783662,-5.341103726055282,5.341103726055282,9.103049345668285,-9.103049345668285,1.9334294493310153,-2.3577141435816884,0,0,9.753997736964255,-9.753997736964255,-3.1188507540500723,3.1188507540500723,11.39194519242027,-11.39194519242027,-4.05782725190511,4.05782725190511,0.7613826394081116,0.23861736059188843,0.7613826394081116,0.23861736059188843,-0.020792007446289062,-0.013495564460754395,-0.013495564460754395,0.7405906319618225,0.2594093680381775,0.7526343464851379,0.7526343464851379,-0.10079193115234375,0.10079193115234375,0.38926980366232533,-0.38926980366232533,0,-0.020792007446289062,0,0,0.1243412748899152,-0.1243412748899152,0.09392580660593153,-0.09392580660593153,0.12750863591095707,-0.12750863591095707,0.175754385912534,-0.175754385912534,0,0,0,0,0,0,0,0,1,0,0,0,0,0,0,0,0,0,0,0,0,0,0,0,0,0,0,0,0,0,0,0,0,1,0,0,0,0,0,0,0,0,0,0,0,0,0,0,0,0,0,00-0023460,J.Campbell,NA,NA,NA,NA,NA,NA,NA,NA,NA,NA,NA,NA,NA,NA,NA,NA,NA,NA,NA,NA,NA,NA,NA,NA,NA,NA,NA,NA,NA,NA,NA,NA,NA,NA,NA,NA,NA,NA,NA,NA,NA,NA,NA,NA,NA,NA,NA,NA,NA,NA,NA,NA,NA,NA,NA,NA,NA,NA,NA,NA,NA,NA,NA,NA,NA,NA,NA,0,NA,NA,NA,NA,NA,NA,NA,NA,NA,NA,NA,NA,NA,NA,NA,NA,NA,NA,NA,NA,NA,NA,NA,NA,NA,NA,NA,NA,NA,NA,NA,0,NA,NA,NA,NA,0,NA,NA,0,0,0,0,NA,NA,2007,0.30713531374931335,-30.713531374931335,48,1,First down,3403,"11/11/07, 13:03:13",2007-11-11T20:34:51Z,Commanders Field,"Sunny Temp: 49° F, Humidity: 44%, Wind: 4 SE mph",10012007-1111-07c6-43e9-6366420b400f,0,0,PASS,0,NA,NA,NA,15,Turnover,2007-11-11T20:29:59Z,6,2:27,4,0,0,4,4,0,KICKOFF,FUMBLE,10:35,08:08,WAS 24,PHI 29,3307,3484,33,25,Home,-8,58,3,37.5,1,outdoors,grass,49,0,Joe Gibbs,Andy Reid,WAS00,FedExField,0,0,J.Campbell,17,NA,NA,A.Randle,82,1,0,0,0,1,00-0023460,NA,00-0021190,J.Campbell,17,00-0023460,NA,NA,A.Randle,00-0021190,0,0,-0.42428469425067306,0.6040295601174579,7.248964377678931,4,1,1,0.35227176547050476,64.77282345294952,2007,Go for it,NA,NA,NA,NA,NA,NA,NA,NA,NA,NA,Toss Up,Go for it,Andy Reid,Joe Gibbs,9:38,NA,NA,NA,NA,NA,NA,NA,NA,NA,NA
3425,2007_10_PHI_WAS,2007111107,WAS,PHI,REG,10,WAS,home,PHI,WAS,52,2007-11-11,569,569,569,Half2,0,15,0,4,2,0,09:29,WAS 48,10,52,"(9:29) (No Huddle, Shotgun) 17-J.Campbell pass short right to 26-C.Portis to PHI 40 for 12 yards (26-L.Sheppard).",pass,12,1,1,1,0,0,0,short,right,2,10,NA,NA,NA,NA,NA,NA,1,3,0,NA,NA,NA,NA,1,3,22,20,22,20,2,22,20,2,0.15718147158622742,0.09019113332033157,0.0011240218300372362,0.14214861392974854,0.25739753246307373,0.00667250482365489,0.34528470039367676,0,0,1.9346687686629593,1.1207587093813345,3.5691903472179547,-3.5691903472179547,-5.341103726055282,5.341103726055282,10.22380805504962,-10.22380805504962,-0.619591505266726,1.7403502146480605,-0.619591505266726,1.7403502146480605,9.134406231697529,-9.134406231697529,-1.3785005394020118,1.3785005394020118,10.772353687153544,-10.772353687153544,-2.3174770372570492,2.3174770372570492,0.7405906319618225,0.2594093680381775,0.7405906319618225,0.2594093680381775,0.04526960849761963,0.049509286880493164,0.049509286880493164,0.7858602404594421,0.21413975954055786,0.7391387820243835,0.7391387820243835,-0.10079193115234375,0.10079193115234375,0.43453941215994496,-0.43453941215994496,0,0.04526960849761963,0,0.04526960849761963,0.1243412748899152,-0.1243412748899152,0.13919541510355116,-0.13919541510355116,0.12750863591095707,-0.12750863591095707,0.22102399441015363,-0.22102399441015363,0,0,1,0,0,0,0,0,0,0,0,0,0,0,0,0,0,0,0,0,0,0,0,0,1,0,0,0,0,0,0,0,0,1,0,0,0,0,0,0,0,0,0,0,0,1,0,0,0,0,0,00-0023460,J.Campbell,12,00-0021179,C.Portis,12,NA,NA,NA,NA,NA,NA,NA,NA,NA,NA,NA,NA,NA,NA,NA,NA,NA,NA,NA,NA,NA,NA,NA,NA,NA,NA,NA,NA,NA,NA,NA,NA,NA,NA,NA,NA,NA,NA,NA,NA,NA,NA,NA,NA,NA,PHI,NA,00-0021157,NA,L.Sheppard,NA,NA,NA,NA,NA,NA,NA,NA,NA,NA,NA,NA,NA,0,NA,NA,NA,NA,NA,NA,NA,NA,NA,NA,NA,NA,NA,NA,NA,NA,NA,NA,NA,NA,NA,NA,NA,NA,NA,NA,NA,NA,NA,NA,NA,0,NA,NA,NA,NA,0,NA,NA,0,0,0,0,NA,NA,2007,0.7588818073272705,24.11181926727295,48,1,First down,3425,"11/11/07, 13:03:13",2007-11-11T20:35:32Z,Commanders Field,"Sunny Temp: 49° F, Humidity: 44%, Wind: 4 SE mph",10012007-1111-07c6-43e9-6366420b400f,0,0,PASS,0,NA,NA,NA,15,Turnover,2007-11-11T20:29:59Z,6,2:27,4,0,0,4,4,0,KICKOFF,FUMBLE,10:35,08:08,WAS 24,PHI 29,3307,3484,33,25,Home,-8,58,3,37.5,1,outdoors,grass,49,0,Joe Gibbs,Andy Reid,WAS00,FedExField,0,1,J.Campbell,17,NA,NA,C.Portis,26,1,0,1,0,1,00-0023460,NA,00-0021179,J.Campbell,17,00-0023460,C.Portis,00-0021179,C.Portis,00-0021179,0,0,1.1207587093813345,0.7892775233006215,5.320879599195905,4,0.4468793418491259,0.2272141348803416,0.5430212020874023,45.697879791259766,2007,Go for it,NA,NA,NA,NA,NA,NA,NA,NA,NA,NA,Toss Up,Go for it,Andy Reid,Joe Gibbs,9:29,NA,NA,NA,NA,NA,NA,NA,NA,NA,NA
3460,2007_10_PHI_WAS,2007111107,WAS,PHI,REG,10,WAS,home,PHI,PHI,40,2007-11-11,535,535,535,Half2,0,15,0,4,1,0,08:55,PHI 40,10,52,"(8:55) (No Huddle, Shotgun) 17-J.Campbell pass short right to 82-A.Randle El to PHI 29 for 11 yards (26-L.Sheppard).",pass,11,1,1,1,0,0,0,short,right,7,4,NA,NA,NA,NA,NA,NA,1,3,0,NA,NA,NA,NA,1,3,22,20,22,20,2,22,20,2,0.12492267042398453,0.05586264654994011,9.119462338276207e-4,0.08728897571563721,0.31348946690559387,0.0054552904330194,0.41206902265548706,0,0,3.055427478044294,0.7833997621200979,4.352590109338053,-4.352590109338053,-5.341103726055282,5.341103726055282,11.007207817169718,-11.007207817169718,0.4271482035983354,0.3562515585217625,0.4271482035983354,0.3562515585217625,9.561554435295864,-9.561554435295864,-1.0222489808802493,1.0222489808802493,11.199501890751879,-11.199501890751879,-1.9612254787352867,1.9612254787352867,0.7858602404594421,0.21413975954055786,0.7858602404594421,0.21413975954055786,0.004870951175689697,-0.007540881633758545,-0.007540881633758545,0.7907311916351318,0.20926880836486816,0.7886480689048767,0.7886480689048767,-0.10079193115234375,0.10079193115234375,0.43941036333563466,-0.43941036333563466,0,0.004870951175689697,0,0.004870951175689697,0.1243412748899152,-0.1243412748899152,0.14406636627924085,-0.14406636627924085,0.12750863591095707,-0.12750863591095707,0.22589494558584333,-0.22589494558584333,0,0,1,0,0,0,0,0,0,0,0,0,0,0,0,0,0,0,0,0,0,0,0,0,1,0,0,0,0,0,0,0,0,1,0,0,0,0,0,0,0,0,0,0,0,1,0,0,0,0,0,00-0023460,J.Campbell,11,00-0021190,A.Randle El,11,NA,NA,NA,NA,NA,NA,NA,NA,NA,NA,NA,NA,NA,NA,NA,NA,NA,NA,NA,NA,NA,NA,NA,NA,NA,NA,NA,NA,NA,NA,NA,NA,NA,NA,NA,NA,NA,NA,NA,NA,NA,NA,NA,NA,NA,PHI,NA,00-0021157,NA,L.Sheppard,NA,NA,NA,NA,NA,NA,NA,NA,NA,NA,NA,NA,NA,0,NA,NA,NA,NA,NA,NA,NA,NA,NA,NA,NA,NA,NA,NA,NA,NA,NA,NA,NA,NA,NA,NA,NA,NA,NA,NA,NA,NA,NA,NA,NA,0,NA,NA,NA,NA,0,NA,NA,0,0,0,0,NA,NA,2007,0.6821169853210449,31.788301467895508,49,1,First down,3460,"11/11/07, 13:03:13",2007-11-11T20:36:07Z,Commanders Field,"Sunny Temp: 49° F, Humidity: 44%, Wind: 4 SE mph",10012007-1111-07c6-43e9-6366420b400f,0,0,PASS,0,NA,NA,NA,15,Turnover,2007-11-11T20:29:59Z,6,2:27,4,0,0,4,4,0,KICKOFF,FUMBLE,10:35,08:08,WAS 24,PHI 29,3307,3484,33,25,Home,-8,58,3,37.5,1,outdoors,grass,49,0,Joe Gibbs,Andy Reid,WAS00,FedExField,0,1,J.Campbell,17,NA,NA,A.Randle,82,1,0,1,0,1,00-0023460,NA,00-0021190,J.Campbell,17,00-0023460,A.Randle El,00-0021190,A.Randle,00-0021190,0,0,0.7833997621200979,0.26376498669712145,3.3633847958990373,2,0.9976609668228775,0.37994067929685116,0.323281854391098,67.6718145608902,2007,Go for it,NA,NA,NA,NA,NA,NA,NA,NA,NA,NA,Toss Up,Go for it,Andy Reid,Joe Gibbs,8:55,NA,NA,NA,NA,NA,NA,NA,NA,NA,NA
3484,2007_10_PHI_WAS,2007111107,WAS,PHI,REG,10,WAS,home,PHI,PHI,29,2007-11-11,503,503,503,Half2,0,15,0,4,1,0,08:23,PHI 29,10,52,"(8:23) (No Huddle) 46-L.Betts right tackle to PHI 24 for 5 yards (27-Q.Mikell; 20-B.Dawkins). FUMBLES (27-Q.Mikell), RECOVERED by PHI-22-J.Hanson at PHI 24. 22-J.Hanson to PHI 24 for no gain (20-P.Prioleau). Washington challenged the fumble ruling, and the play was Upheld. (Timeout #3 at 08:09.)",run,5,0,1,0,0,0,0,NA,NA,NA,NA,right,tackle,NA,NA,NA,NA,0,3,1,WAS,NA,NA,NA,0,3,22,20,22,20,2,22,20,2,0.10022156685590744,0.021262988448143005,5.428505246527493e-4,0.05252555385231972,0.37359750270843506,0.002471715910360217,0.4493778347969055,0,0,3.8388272401643917,-4.916701635229401,-0.5641115258913487,0.5641115258913487,-10.257805361284683,10.257805361284683,11.007207817169718,-11.007207817169718,NA,NA,0,0,9.561554435295864,-9.561554435295864,-1.0222489808802493,1.0222489808802493,11.199501890751879,-11.199501890751879,-1.9612254787352867,1.9612254787352867,0.7907311916351318,0.20926880836486816,0.7907311916351318,0.20926880836486816,-0.21039500832557678,-0.21699586510658264,-0.21699586510658264,0.580336183309555,0.41966381669044495,0.7811071872711182,0.7811071872711182,-0.31118693947792053,0.31118693947792053,0.43941036333563466,-0.43941036333563466,NA,NA,0,0,0.1243412748899152,-0.1243412748899152,0.14406636627924085,-0.14406636627924085,0.12750863591095707,-0.12750863591095707,0.22589494558584333,-0.22589494558584333,0,0,0,0,0,0,0,0,0,0,0,0,0,0,0,0,0,0,0,0,0,1,0,0,1,0,0,0,1,0,0,0,1,0,0,0,0,0,0,0,0,0,0,0,1,0,1,0,0,0,0,NA,NA,NA,NA,NA,NA,00-0021184,L.Betts,5,NA,NA,NA,NA,NA,NA,NA,NA,NA,NA,NA,NA,NA,NA,NA,NA,NA,NA,NA,NA,NA,NA,NA,NA,NA,NA,NA,NA,NA,NA,NA,NA,NA,NA,NA,NA,PHI,00-0021512,Q.Mikell,NA,NA,NA,WAS,NA,00-0013255,NA,P.Prioleau,NA,00-0021512,Q.Mikell,PHI,00-0004073,B.Dawkins,PHI,NA,NA,NA,NA,NA,NA,0,NA,NA,NA,NA,NA,NA,NA,NA,NA,NA,WAS,00-0021184,L.Betts,NA,NA,NA,PHI,0,00-0021654,J.Hanson,NA,NA,NA,NA,NA,NA,NA,NA,NA,NA,NA,0,NA,NA,NA,NA,1,upheld,NA,0,0,0,0,NA,NA,2007,NA,NA,50,0,Turnover,3484,"11/11/07, 13:03:13",2007-11-11T20:36:39Z,Commanders Field,"Sunny Temp: 49° F, Humidity: 44%, Wind: 4 SE mph",10012007-1111-07c6-43e9-6366420b400f,0,0,RUSH,0,NA,NA,NA,15,Turnover,2007-11-11T20:29:59Z,6,2:27,4,0,0,4,4,0,KICKOFF,FUMBLE,10:35,08:08,WAS 24,PHI 29,3307,3484,33,25,Home,-8,58,3,37.5,1,outdoors,grass,49,0,Joe Gibbs,Andy Reid,WAS00,FedExField,0,0,NA,NA,L.Betts,46,NA,NA,0,1,0,0,1,NA,00-0021184,NA,L.Betts,46,00-0021184,L.Betts,00-0021184,L.Betts,00-0021184,0,0,-4.916701635229401,NA,NA,NA,NA,NA,0.2917240858078003,-29.17240858078003,2007,Go for it,NA,NA,NA,NA,NA,NA,NA,NA,NA,NA,Toss Up,Go for it,Andy Reid,Joe Gibbs,8:23,NA,NA,NA,NA,NA,NA,NA,NA,NA,NA
3563,2007_10_PHI_WAS,2007111107,WAS,PHI,REG,10,PHI,away,WAS,PHI,75,2007-11-11,488,488,488,Half2,0,16,0,4,1,0,08:08,PHI 25,10,-1,"(8:08) (Shotgun) 5-D.McNabb sacked at PHI 22 for -3 yards (99-A.Carter). FUMBLES (99-A.Carter), RECOVERED by WAS-94-A.Montgomery at PHI 24. 94-A.Montgomery to PHI 24 for no gain (67-J.Jackson).",pass,-1,1,0,1,0,0,0,NA,NA,NA,NA,NA,NA,NA,NA,NA,NA,0,3,0,NA,NA,NA,NA,3,0,22,20,20,22,-2,20,22,-2,0.30778005719184875,0.09008908271789551,0.006500970106571913,0.16121579706668854,0.1361282467842102,0.0013462798669934273,0.29693955183029175,0,0,1.0778743950650096,-5.317782346624881,4.753670820733532,-4.753670820733532,-10.257805361284683,10.257805361284683,16.3249901637946,-16.3249901637946,NA,NA,0,0,9.561554435295864,-9.561554435295864,-1.0222489808802493,1.0222489808802493,11.199501890751879,-11.199501890751879,-1.9612254787352867,1.9612254787352867,0.41966381669044495,0.580336183309555,0.580336183309555,0.41966381669044495,-0.2424505650997162,-0.24570080637931824,0.24570080637931824,0.8227867484092712,0.17721325159072876,0.4358886778354645,0.5641113221645355,-0.31118693947792053,0.31118693947792053,0.6818609284353508,-0.6818609284353508,NA,NA,0,0,0.1243412748899152,-0.1243412748899152,0.14406636627924085,-0.14406636627924085,0.12750863591095707,-0.12750863591095707,0.22589494558584333,-0.22589494558584333,0,0,0,0,0,0,0,0,0,0,0,0,0,0,0,0,0,0,0,0,0,1,0,0,1,0,0,0,1,0,0,0,0,1,1,0,0,0,0,0,0,0,0,0,1,0,0,0,0,0,0,00-0011022,D.McNabb,NA,NA,NA,NA,NA,NA,NA,NA,NA,NA,NA,NA,NA,NA,NA,NA,NA,NA,NA,NA,NA,NA,NA,NA,NA,NA,NA,NA,NA,NA,NA,NA,NA,NA,NA,NA,NA,NA,NA,NA,NA,NA,NA,WAS,00-0020489,A.Carter,NA,NA,NA,WAS,PHI,00-0020489,00-0021504,A.Carter,J.Jackson,NA,NA,NA,NA,NA,NA,NA,NA,NA,NA,NA,NA,0,NA,NA,NA,NA,NA,NA,NA,NA,NA,NA,PHI,00-0011022,D.McNabb,NA,NA,NA,WAS,0,00-0024367,A.Montgomery,NA,NA,NA,NA,00-0020489,A.Carter,NA,NA,NA,NA,NA,0,NA,NA,NA,NA,0,NA,NA,0,0,0,0,NA,NA,2007,NA,NA,51,0,Turnover,3563,"11/11/07, 13:03:13",2007-11-11T20:40:53Z,Commanders Field,"Sunny Temp: 49° F, Humidity: 44%, Wind: 4 SE mph",10012007-1111-07c6-43e9-6366420b400f,0,0,SACK,0,NA,NA,NA,16,Turnover,2007-11-11T20:40:53Z,1,0:05,0,0,0,4,4,0,FUMBLE,FUMBLE,08:08,08:03,PHI 25,PHI 25,3563,3563,33,25,Home,-8,58,3,37.5,1,outdoors,grass,49,0,Joe Gibbs,Andy Reid,WAS00,FedExField,0,0,D.McNabb,5,NA,NA,NA,NA,1,0,0,0,1,00-0011022,NA,NA,D.McNabb,5,00-0011022,NA,NA,NA,NA,0,0,-5.317782346624881,NA,NA,NA,NA,NA,0.5647880434989929,43.52119565010071,2007,Go for it,NA,NA,NA,NA,NA,NA,NA,NA,NA,NA,Toss Up,Go for it,Andy Reid,Joe Gibbs,8:08,NA,NA,NA,NA,NA,NA,NA,NA,NA,NA
3592,2007_10_PHI_WAS,2007111107,WAS,PHI,REG,10,WAS,home,PHI,PHI,24,2007-11-11,483,483,483,Half2,0,17,0,4,1,0,08:03,PHI 24,10,21,(8:03) 26-C.Portis right end to PHI 15 for 9 yards (27-Q.Mikell).,run,9,0,0,0,0,0,0,NA,NA,NA,NA,right,end,NA,NA,NA,NA,0,3,0,NA,NA,NA,NA,0,3,22,20,22,20,2,22,20,2,0.07871481776237488,0.013930292800068855,5.695272702723742e-4,0.03641333803534508,0.38571077585220337,0.002405981533229351,0.4822552800178528,0,0,4.239907951559871,0.5489967107423581,5.30266753147589,-5.30266753147589,-9.708808650542325,9.708808650542325,16.3249901637946,-16.3249901637946,NA,NA,0,0,9.561554435295864,-9.561554435295864,-1.0222489808802493,1.0222489808802493,11.199501890751879,-11.199501890751879,-1.9612254787352867,1.9612254787352867,0.8227867484092712,0.17721325159072876,0.8227867484092712,0.17721325159072876,0.026528894901275635,0.03496897220611572,0.03496897220611572,0.8493156433105469,0.15068435668945312,0.8098121285438538,0.8098121285438538,-0.2846580445766449,0.2846580445766449,0.6818609284353508,-0.6818609284353508,NA,NA,0,0,0.1243412748899152,-0.1243412748899152,0.14406636627924085,-0.14406636627924085,0.12750863591095707,-0.12750863591095707,0.22589494558584333,-0.22589494558584333,0,0,0,0,0,0,0,0,0,0,0,0,0,0,0,0,0,0,0,0,0,0,0,0,1,0,0,0,0,0,0,0,1,0,0,0,0,0,0,0,0,0,0,0,0,0,0,0,0,0,0,NA,NA,NA,NA,NA,NA,00-0021179,C.Portis,9,NA,NA,NA,NA,NA,NA,NA,NA,NA,NA,NA,NA,NA,NA,NA,NA,NA,NA,NA,NA,NA,NA,NA,NA,NA,NA,NA,NA,NA,NA,NA,NA,NA,NA,NA,NA,NA,NA,NA,NA,NA,NA,PHI,NA,00-0021512,NA,Q.Mikell,NA,NA,NA,NA,NA,NA,NA,NA,NA,NA,NA,NA,NA,0,NA,NA,NA,NA,NA,NA,NA,NA,NA,NA,NA,NA,NA,NA,NA,NA,NA,NA,NA,NA,NA,NA,NA,NA,NA,NA,NA,NA,NA,NA,NA,0,NA,NA,NA,NA,0,NA,NA,0,0,0,0,NA,NA,2007,NA,NA,52,1,First down,3592,"11/11/07, 13:03:13",2007-11-11T20:41:53Z,Commanders Field,"Sunny Temp: 49° F, Humidity: 44%, Wind: 4 SE mph",10012007-1111-07c6-43e9-6366420b400f,0,0,RUSH,0,NA,NA,NA,17,Field goal,2007-11-11T20:41:53Z,8,3:48,2,1,1,4,4,-3,FUMBLE,FIELD_GOAL,08:03,04:15,PHI 24,PHI 3,3592,3849,33,25,Home,-8,58,3,37.5,1,outdoors,grass,49,0,Joe Gibbs,Andy Reid,WAS00,FedExField,0,1,NA,NA,C.Portis,26,NA,NA,0,1,0,0,1,NA,00-0021179,NA,C.Portis,26,00-0021179,C.Portis,00-0021179,C.Portis,00-0021179,0,0,0.5489967107423581,NA,NA,NA,NA,NA,0.26569652557373047,-26.569652557373047,2007,Go for it,NA,NA,NA,NA,NA,NA,NA,NA,NA,NA,Toss Up,Go for it,Andy Reid,Joe Gibbs,8:03,NA,NA,NA,NA,NA,NA,NA,NA,NA,NA
3614,2007_10_PHI_WAS,2007111107,WAS,PHI,REG,10,WAS,home,PHI,PHI,15,2007-11-11,440,440,440,Half2,0,17,0,4,2,0,07:20,PHI 15,1,21,"(7:20) 26-C.Portis left tackle to PHI 7 for 8 yards (51-T.Spikes, 26-L.Sheppard). WAS-45-M.Sellers was injured during the play.",run,8,0,0,0,0,0,0,NA,NA,NA,NA,left,tackle,NA,NA,NA,NA,0,3,0,NA,NA,NA,NA,0,3,22,20,22,20,2,22,20,2,0.06636661291122437,0.009224780835211277,3.17757687298581e-4,0.022315530106425285,0.33157095313072205,0.0025440247263759375,0.5676603317260742,0,0,4.7889046623022296,0.3833883897168562,5.686055921192747,-5.686055921192747,-9.325420260825469,9.325420260825469,16.3249901637946,-16.3249901637946,NA,NA,0,0,9.561554435295864,-9.561554435295864,-1.0222489808802493,1.0222489808802493,11.199501890751879,-11.199501890751879,-1.9612254787352867,1.9612254787352867,0.8493156433105469,0.15068435668945312,0.8493156433105469,0.15068435668945312,-0.0015653371810913086,0.019755065441131592,0.019755065441131592,0.8477503061294556,0.15224969387054443,0.8447811007499695,0.8447811007499695,-0.2862233817577362,0.2862233817577362,0.6818609284353508,-0.6818609284353508,NA,NA,0,0,0.1243412748899152,-0.1243412748899152,0.14406636627924085,-0.14406636627924085,0.12750863591095707,-0.12750863591095707,0.22589494558584333,-0.22589494558584333,0,1,0,0,0,0,0,0,0,0,0,0,0,0,0,0,0,0,0,0,0,0,0,0,0,0,0,0,0,0,0,0,1,0,0,0,0,0,0,0,0,0,0,0,0,0,1,0,0,0,0,NA,NA,NA,NA,NA,NA,00-0021179,C.Portis,8,NA,NA,NA,NA,NA,NA,NA,NA,NA,NA,NA,NA,NA,NA,NA,NA,NA,NA,NA,NA,NA,NA,NA,NA,NA,NA,NA,NA,NA,NA,NA,NA,NA,NA,NA,NA,NA,NA,NA,NA,NA,NA,NA,NA,NA,NA,NA,NA,00-0021157,L.Sheppard,PHI,NA,NA,NA,NA,NA,NA,NA,NA,NA,1,00-0015474,T.Spikes,PHI,NA,NA,NA,NA,NA,NA,NA,NA,NA,NA,NA,NA,NA,NA,NA,NA,NA,NA,NA,NA,NA,NA,NA,NA,NA,NA,NA,NA,0,NA,NA,NA,NA,0,NA,NA,0,0,0,0,NA,NA,2007,NA,NA,52,1,First down,3614,"11/11/07, 13:03:13",2007-11-11T20:42:35Z,Commanders Field,"Sunny Temp: 49° F, Humidity: 44%, Wind: 4 SE mph",10012007-1111-07c6-43e9-6366420b400f,0,0,RUSH,0,NA,NA,NA,17,Field goal,2007-11-11T20:41:53Z,8,3:48,2,1,1,4,4,-3,FUMBLE,FIELD_GOAL,08:03,04:15,PHI 24,PHI 3,3592,3849,33,25,Home,-8,58,3,37.5,1,outdoors,grass,49,0,Joe Gibbs,Andy Reid,WAS00,FedExField,0,1,NA,NA,C.Portis,26,NA,NA,0,1,1,0,1,NA,00-0021179,NA,C.Portis,26,00-0021179,C.Portis,00-0021179,C.Portis,00-0021179,0,0,0.3833883897168562,NA,NA,NA,NA,NA,0.10589572787284851,-10.589572787284851,2007,Go for it,NA,NA,NA,NA,NA,NA,NA,NA,NA,NA,Toss Up,Go for it,Andy Reid,Joe Gibbs,7:20,NA,NA,NA,NA,NA,NA,NA,NA,NA,NA
3640,2007_10_PHI_WAS,2007111107,WAS,PHI,REG,10,WAS,home,PHI,PHI,7,2007-11-11,399,399,399,Half2,0,17,0,4,1,1,06:39,PHI 7,7,21,(6:39) 26-C.Portis left end to PHI 6 for 1 yard (98-M.Patterson).,run,1,0,0,0,0,0,0,NA,NA,NA,NA,left,end,NA,NA,NA,NA,0,3,0,NA,NA,NA,NA,0,3,22,20,22,20,2,22,20,2,0.0608794279396534,0.00868972297757864,3.0075202812440693e-4,0.019342869520187378,0.2568531334400177,0.002746861893683672,0.6511872410774231,0,0,5.172293052019086,-0.35222479555523023,5.333831125637516,-5.333831125637516,-9.6776450563807,9.6776450563807,16.3249901637946,-16.3249901637946,NA,NA,0,0,9.561554435295864,-9.561554435295864,-1.0222489808802493,1.0222489808802493,11.199501890751879,-11.199501890751879,-1.9612254787352867,1.9612254787352867,0.8477503061294556,0.15224969387054443,0.8477503061294556,0.15224969387054443,0.010796606540679932,-0.013299763202667236,-0.013299763202667236,0.8585469126701355,0.1414530873298645,0.8645361661911011,0.8645361661911011,-0.2754267752170563,0.2754267752170563,0.6818609284353508,-0.6818609284353508,NA,NA,0,0,0.1243412748899152,-0.1243412748899152,0.14406636627924085,-0.14406636627924085,0.12750863591095707,-0.12750863591095707,0.22589494558584333,-0.22589494558584333,0,0,0,0,0,0,0,0,0,0,0,0,0,0,0,0,0,0,0,0,0,0,0,0,1,0,0,0,0,0,0,0,1,0,0,0,0,0,0,0,0,0,0,0,0,0,0,0,0,0,0,NA,NA,NA,NA,NA,NA,00-0021179,C.Portis,1,NA,NA,NA,NA,NA,NA,NA,NA,NA,NA,NA,NA,NA,NA,NA,NA,NA,NA,NA,NA,NA,NA,NA,NA,NA,NA,NA,NA,NA,NA,NA,NA,NA,NA,NA,NA,NA,NA,NA,NA,NA,NA,PHI,NA,00-0023466,NA,M.Patterson,NA,NA,NA,NA,NA,NA,NA,NA,NA,NA,NA,NA,NA,0,NA,NA,NA,NA,NA,NA,NA,NA,NA,NA,NA,NA,NA,NA,NA,NA,NA,NA,NA,NA,NA,NA,NA,NA,NA,NA,NA,NA,NA,NA,NA,0,NA,NA,NA,NA,0,NA,NA,0,0,0,0,NA,NA,2007,NA,NA,53,1,First down,3640,"11/11/07, 13:03:13",2007-11-11T20:44:34Z,Commanders Field,"Sunny Temp: 49° F, Humidity: 44%, Wind: 4 SE mph",10012007-1111-07c6-43e9-6366420b400f,0,0,RUSH,0,NA,NA,NA,17,Field goal,2007-11-11T20:41:53Z,8,3:48,2,1,1,4,4,-3,FUMBLE,FIELD_GOAL,08:03,04:15,PHI 24,PHI 3,3592,3849,33,25,Home,-8,58,3,37.5,1,outdoors,grass,49,0,Joe Gibbs,Andy Reid,WAS00,FedExField,0,0,NA,NA,C.Portis,26,NA,NA,0,1,0,0,1,NA,00-0021179,NA,C.Portis,26,00-0021179,C.Portis,00-0021179,C.Portis,00-0021179,0,0,-0.35222479555523023,NA,NA,NA,NA,NA,0.24817048013210297,-24.817048013210297,2007,Go for it,NA,NA,NA,NA,NA,NA,NA,NA,NA,NA,Toss Up,Go for it,Andy Reid,Joe Gibbs,6:39,NA,NA,NA,NA,NA,NA,NA,NA,NA,NA
3662,2007_10_PHI_WAS,2007111107,WAS,PHI,REG,10,WAS,home,PHI,PHI,6,2007-11-11,355,355,355,Half2,0,17,0,4,2,1,05:55,PHI 6,6,21,(5:55) 26-C.Portis right tackle to PHI 5 for 1 yard (58-T.Cole; 97-B.Bunkley).,run,1,0,0,0,0,0,0,NA,NA,NA,NA,right,tackle,NA,NA,NA,NA,0,3,0,NA,NA,NA,NA,0,3,22,20,22,20,2,22,20,2,0.08093730360269547,0.00701818848028779,3.010542131960392e-4,0.022406714037060738,0.303049236536026,0.002917630597949028,0.5833698511123657,0,0,4.8200682564638555,-0.7713942558621056,4.562436869775411,-4.562436869775411,-10.449039312242805,10.449039312242805,16.3249901637946,-16.3249901637946,NA,NA,0,0,9.561554435295864,-9.561554435295864,-1.0222489808802493,1.0222489808802493,11.199501890751879,-11.199501890751879,-1.9612254787352867,1.9612254787352867,0.8585469126701355,0.1414530873298645,0.8585469126701355,0.1414530873298645,-0.012611210346221924,-0.01817774772644043,-0.01817774772644043,0.8459357023239136,0.15406429767608643,0.8512364029884338,0.8512364029884338,-0.2880379855632782,0.2880379855632782,0.6818609284353508,-0.6818609284353508,NA,NA,0,0,0.1243412748899152,-0.1243412748899152,0.14406636627924085,-0.14406636627924085,0.12750863591095707,-0.12750863591095707,0.22589494558584333,-0.22589494558584333,0,0,0,0,0,0,0,0,0,0,0,0,0,0,0,0,0,0,0,0,0,0,0,0,0,0,0,0,0,0,0,0,1,0,0,0,0,0,0,0,0,0,0,0,0,0,1,0,0,0,0,NA,NA,NA,NA,NA,NA,00-0021179,C.Portis,1,NA,NA,NA,NA,NA,NA,NA,NA,NA,NA,NA,NA,NA,NA,NA,NA,NA,NA,NA,NA,NA,NA,NA,NA,NA,NA,NA,NA,NA,NA,NA,NA,NA,NA,NA,NA,NA,NA,NA,NA,NA,NA,NA,NA,NA,NA,NA,NA,00-0023579,T.Cole,PHI,00-0024229,B.Bunkley,PHI,NA,NA,NA,NA,NA,NA,0,NA,NA,NA,NA,NA,NA,NA,NA,NA,NA,NA,NA,NA,NA,NA,NA,NA,NA,NA,NA,NA,NA,NA,NA,NA,NA,NA,NA,NA,NA,NA,0,NA,NA,NA,NA,0,NA,NA,0,0,0,0,NA,NA,2007,NA,NA,53,1,First down,3662,"11/11/07, 13:03:13",2007-11-11T20:45:19Z,Commanders Field,"Sunny Temp: 49° F, Humidity: 44%, Wind: 4 SE mph",10012007-1111-07c6-43e9-6366420b400f,0,0,RUSH,0,NA,NA,NA,17,Field goal,2007-11-11T20:41:53Z,8,3:48,2,1,1,4,4,-3,FUMBLE,FIELD_GOAL,08:03,04:15,PHI 24,PHI 3,3592,3849,33,25,Home,-8,58,3,37.5,1,outdoors,grass,49,0,Joe Gibbs,Andy Reid,WAS00,FedExField,0,0,NA,NA,C.Portis,26,NA,NA,0,1,0,0,1,NA,00-0021179,NA,C.Portis,26,00-0021179,C.Portis,00-0021179,C.Portis,00-0021179,0,0,-0.7713942558621056,NA,NA,NA,NA,NA,0.41296863555908203,-41.2968635559082,2007,Go for it,NA,NA,NA,NA,NA,NA,NA,NA,NA,NA,Toss Up,Go for it,Andy Reid,Joe Gibbs,5:55,NA,NA,NA,NA,NA,NA,NA,NA,NA,NA
3684,2007_10_PHI_WAS,2007111107,WAS,PHI,REG,10,WAS,home,PHI,PHI,5,2007-11-11,312,312,312,Half2,0,17,0,4,3,1,05:12,PHI 5,5,21,"(5:12) 17-J.Campbell pass short middle to 87-T.Yoder to PHI 1 for 4 yards (77-L.Ramsey, 30-J.Reed). PENALTY on PHI, Defensive Holding, 2 yards, enforced at PHI 5 - No Play.",no_play,0,0,0,0,0,0,0,NA,NA,NA,NA,NA,NA,NA,NA,NA,NA,0,3,0,NA,NA,NA,NA,0,3,22,20,22,20,2,22,20,2,0.09677351266145706,0.006312844343483448,3.178409824613482e-4,0.024104297161102295,0.46349087357521057,0.0032997147645801306,0.4057008922100067,0,0,4.04867400060175,1.7781508338812273,6.340587703656638,-6.340587703656638,-10.449039312242805,10.449039312242805,16.3249901637946,-16.3249901637946,NA,NA,0,0,9.561554435295864,-9.561554435295864,-1.0222489808802493,1.0222489808802493,11.199501890751879,-11.199501890751879,-1.9612254787352867,1.9612254787352867,0.8459357023239136,0.15406429767608643,0.8459357023239136,0.15406429767608643,0.04030567407608032,0.05976027250289917,0.05976027250289917,0.8862413763999939,0.1137586236000061,0.8330586552619934,0.8330586552619934,-0.2880379855632782,0.2880379855632782,0.6818609284353508,-0.6818609284353508,NA,NA,0,0,0.1243412748899152,-0.1243412748899152,0.14406636627924085,-0.14406636627924085,0.12750863591095707,-0.12750863591095707,0.22589494558584333,-0.22589494558584333,0,0,0,1,0,0,0,0,0,0,0,0,0,0,0,0,0,0,0,0,0,0,0,0,0,0,1,0,0,0,0,0,0,0,0,0,0,0,0,0,0,0,0,0,0,0,0,0,0,0,0,NA,NA,NA,NA,NA,NA,NA,NA,NA,NA,NA,NA,NA,NA,NA,NA,NA,NA,NA,NA,NA,NA,NA,NA,NA,NA,NA,NA,NA,NA,NA,NA,NA,NA,NA,NA,NA,NA,NA,NA,NA,NA,NA,NA,NA,NA,NA,NA,NA,NA,NA,NA,NA,NA,NA,NA,NA,NA,NA,NA,NA,NA,NA,NA,NA,NA,NA,NA,NA,0,NA,NA,NA,NA,NA,NA,NA,NA,NA,NA,NA,NA,NA,NA,NA,NA,NA,NA,NA,NA,NA,NA,NA,NA,NA,NA,NA,NA,NA,NA,NA,0,PHI,NA,NA,2,0,NA,Defensive Holding,0,0,0,0,NA,NA,2007,NA,NA,53,1,First down,3684,"11/11/07, 13:03:13",2007-11-11T20:46:02Z,Commanders Field,"Sunny Temp: 49° F, Humidity: 44%, Wind: 4 SE mph",10012007-1111-07c6-43e9-6366420b400f,0,0,PENALTY,0,NA,NA,NA,17,Field goal,2007-11-11T20:41:53Z,8,3:48,2,1,1,4,4,-3,FUMBLE,FIELD_GOAL,08:03,04:15,PHI 24,PHI 3,3592,3849,33,25,Home,-8,58,3,37.5,1,outdoors,grass,49,0,Joe Gibbs,Andy Reid,WAS00,FedExField,0,1,J.Campbell,17,NA,NA,T.Yoder,87,1,0,1,0,1,00-0023460,NA,00-0019127,J.Campbell,17,00-0023460,NA,NA,T.Yoder,00-0019127,0,0,1.7781508338812273,NA,NA,NA,NA,NA,0.8460777401924133,15.392225980758667,2007,Other,NA,NA,NA,NA,NA,NA,NA,NA,NA,NA,Toss Up,Go for it (Penalty),Andy Reid,Joe Gibbs,5:12,NA,NA,NA,NA,NA,NA,NA,NA,NA,NA
3719,2007_10_PHI_WAS,2007111107,WAS,PHI,REG,10,WAS,home,PHI,PHI,3,2007-11-11,283,283,283,Half2,0,17,0,4,1,1,04:43,PHI 3,3,21,"(4:43) 26-C.Portis left tackle to PHI 1 for 2 yards (51-T.Spikes, 90-D.Howard).",run,2,0,0,0,0,0,0,NA,NA,NA,NA,left,tackle,NA,NA,NA,NA,0,3,0,NA,NA,NA,NA,0,3,22,20,22,20,2,22,20,2,0.06254417449235916,0.0036495865788310766,1.793929113773629e-4,0.010766301304101944,0.13216039538383484,0.0035770658869296312,0.7871230244636536,0,0,5.826824834482977,0.06327515249722637,6.403862856153864,-6.403862856153864,-10.385764159745579,10.385764159745579,16.3249901637946,-16.3249901637946,NA,NA,0,0,9.561554435295864,-9.561554435295864,-1.0222489808802493,1.0222489808802493,11.199501890751879,-11.199501890751879,-1.9612254787352867,1.9612254787352867,0.8862413763999939,0.1137586236000061,0.8862413763999939,0.1137586236000061,0.025255143642425537,0.008543312549591064,0.008543312549591064,0.9114965200424194,0.08850347995758057,0.8928189277648926,0.8928189277648926,-0.26278284192085266,0.26278284192085266,0.6818609284353508,-0.6818609284353508,NA,NA,0,0,0.1243412748899152,-0.1243412748899152,0.14406636627924085,-0.14406636627924085,0.12750863591095707,-0.12750863591095707,0.22589494558584333,-0.22589494558584333,0,0,0,0,0,0,0,0,0,0,0,0,0,0,0,0,0,0,0,0,0,0,0,0,0,0,0,0,0,0,0,0,1,0,0,0,0,0,0,0,0,0,0,0,0,0,1,0,0,0,0,NA,NA,NA,NA,NA,NA,00-0021179,C.Portis,2,NA,NA,NA,NA,NA,NA,NA,NA,NA,NA,NA,NA,NA,NA,NA,NA,NA,NA,NA,NA,NA,NA,NA,NA,NA,NA,NA,NA,NA,NA,NA,NA,NA,NA,NA,NA,NA,NA,NA,NA,NA,NA,NA,NA,NA,NA,NA,NA,00-0019605,D.Howard,PHI,NA,NA,NA,NA,NA,NA,NA,NA,NA,1,00-0015474,T.Spikes,PHI,NA,NA,NA,NA,NA,NA,NA,NA,NA,NA,NA,NA,NA,NA,NA,NA,NA,NA,NA,NA,NA,NA,NA,NA,NA,NA,NA,NA,0,NA,NA,NA,NA,0,NA,NA,0,0,0,0,NA,NA,2007,NA,NA,54,0,Field goal,3719,"11/11/07, 13:03:13",2007-11-11T20:47:31Z,Commanders Field,"Sunny Temp: 49° F, Humidity: 44%, Wind: 4 SE mph",10012007-1111-07c6-43e9-6366420b400f,0,0,RUSH,0,NA,NA,NA,17,Field goal,2007-11-11T20:41:53Z,8,3:48,2,1,1,4,4,-3,FUMBLE,FIELD_GOAL,08:03,04:15,PHI 24,PHI 3,3592,3849,33,25,Home,-8,58,3,37.5,1,outdoors,grass,49,0,Joe Gibbs,Andy Reid,WAS00,FedExField,0,1,NA,NA,C.Portis,26,NA,NA,0,1,0,0,1,NA,00-0021179,NA,C.Portis,26,00-0021179,C.Portis,00-0021179,C.Portis,00-0021179,0,0,0.06327515249722637,NA,NA,NA,NA,NA,0.17263928055763245,-17.263928055763245,2007,Go for it,NA,NA,NA,NA,NA,NA,NA,NA,NA,NA,Toss Up,Go for it,Andy Reid,Joe Gibbs,4:43,NA,NA,NA,NA,NA,NA,NA,NA,NA,NA
3791,2007_10_PHI_WAS,2007111107,WAS,PHI,REG,10,NA,NA,NA,NA,NA,2007-11-11,271,271,271,Half2,0,17,0,4,NA,0,04:31,PHI 1,0,21,Timeout #1 by PHI at 04:31.,no_play,0,0,0,0,0,0,0,NA,NA,NA,NA,NA,NA,NA,NA,NA,NA,0,2,1,PHI,NA,NA,NA,NA,NA,22,20,NA,NA,NA,NA,NA,NA,0,0,0,0,0,0,0,0,0,5.8900999869802035,0,6.403862856153864,-6.403862856153864,-10.385764159745579,10.385764159745579,16.3249901637946,-16.3249901637946,NA,NA,0,0,9.561554435295864,-9.561554435295864,-1.0222489808802493,1.0222489808802493,11.199501890751879,-11.199501890751879,-1.9612254787352867,1.9612254787352867,0.9114965200424194,0.08850347995758057,0.9114965200424194,0.08850347995758057,0,0,0,NA,NA,0.9013622403144836,0.9013622403144836,-0.26278284192085266,0.26278284192085266,0.6818609284353508,-0.6818609284353508,NA,NA,0,0,0.1243412748899152,-0.1243412748899152,0.14406636627924085,-0.14406636627924085,0.12750863591095707,-0.12750863591095707,0.22589494558584333,-0.22589494558584333,0,0,0,0,0,0,0,0,0,0,0,0,0,0,0,0,0,0,0,0,0,0,0,0,0,0,0,0,0,0,0,0,0,0,0,0,0,0,0,0,0,0,0,0,0,0,0,0,0,0,0,NA,NA,NA,NA,NA,NA,NA,NA,NA,NA,NA,NA,NA,NA,NA,NA,NA,NA,NA,NA,NA,NA,NA,NA,NA,NA,NA,NA,NA,NA,NA,NA,NA,NA,NA,NA,NA,NA,NA,NA,NA,NA,NA,NA,NA,NA,NA,NA,NA,NA,NA,NA,NA,NA,NA,NA,NA,NA,NA,NA,NA,NA,NA,NA,NA,NA,NA,NA,NA,0,NA,NA,NA,NA,NA,NA,NA,NA,NA,NA,NA,NA,NA,NA,NA,NA,NA,NA,NA,NA,NA,NA,NA,NA,NA,NA,NA,NA,NA,NA,NA,0,NA,NA,NA,NA,0,NA,NA,0,0,0,0,NA,NA,2007,NA,NA,54,0,Field goal,3730,"11/11/07, 13:03:13",NA,Commanders Field,"Sunny Temp: 49° F, Humidity: 44%, Wind: 4 SE mph",10012007-1111-07c6-43e9-6366420b400f,0,0,TIMEOUT,0,NA,NA,NA,17,Field goal,2007-11-11T20:41:53Z,8,3:48,2,1,1,4,4,-3,FUMBLE,FIELD_GOAL,08:03,04:15,PHI 24,PHI 3,3592,3849,33,25,Home,-8,58,3,37.5,1,outdoors,grass,49,0,Joe Gibbs,Andy Reid,WAS00,FedExField,0,0,NA,NA,NA,NA,NA,NA,0,0,0,0,0,NA,NA,NA,NA,NA,NA,NA,NA,NA,NA,0,0,0,NA,NA,NA,NA,NA,NA,NA,2007,Other,NA,NA,NA,NA,NA,NA,NA,NA,NA,NA,Toss Up,Other (Penalty),Andy Reid,Joe Gibbs,4:31,NA,NA,NA,NA,NA,NA,NA,NA,NA,NA
3741,2007_10_PHI_WAS,2007111107,WAS,PHI,REG,10,WAS,home,PHI,PHI,1,2007-11-11,271,271,271,Half2,0,17,0,4,2,1,04:31,PHI 1,1,21,"(4:31) 26-C.Portis right guard to PHI 2 for -1 yards (90-D.Howard, 93-J.Kearse).",run,-1,0,0,0,0,0,0,NA,NA,NA,NA,right,guard,NA,NA,NA,NA,0,2,0,NA,NA,NA,NA,0,2,22,20,22,20,2,22,20,2,0.06597492098808289,0.0038120984099805355,1.7083107377402484e-4,0.011183589696884155,0.1036052480340004,0.0074850828386843204,0.8077681660652161,0,0,5.8900999869802035,-1.2082556110690348,5.19560724508483,-5.19560724508483,-11.594019770814613,11.594019770814613,16.3249901637946,-16.3249901637946,NA,NA,0,0,9.561554435295864,-9.561554435295864,-1.0222489808802493,1.0222489808802493,11.199501890751879,-11.199501890751879,-1.9612254787352867,1.9612254787352867,0.9114965200424194,0.08850347995758057,0.9114965200424194,0.08850347995758057,-0.0092754364013671875,-0.025235116481781006,-0.025235116481781006,0.9022210836410522,0.09777891635894775,0.9013622403144836,0.9013622403144836,-0.27205827832221985,0.27205827832221985,0.6818609284353508,-0.6818609284353508,NA,NA,0,0,0.1243412748899152,-0.1243412748899152,0.14406636627924085,-0.14406636627924085,0.12750863591095707,-0.12750863591095707,0.22589494558584333,-0.22589494558584333,0,0,0,0,0,0,0,0,0,0,0,0,0,0,0,0,0,0,0,0,0,0,0,0,0,0,0,1,0,0,0,0,1,0,0,0,0,0,0,0,0,0,0,0,0,0,1,0,0,0,0,NA,NA,NA,NA,NA,NA,00-0021179,C.Portis,-1,NA,NA,NA,NA,NA,NA,NA,NA,NA,NA,NA,NA,NA,NA,NA,NA,NA,NA,NA,NA,NA,NA,NA,NA,NA,NA,NA,NA,NA,NA,NA,NA,NA,NA,NA,NA,NA,NA,NA,NA,NA,NA,NA,NA,NA,NA,NA,NA,00-0009056,J.Kearse,PHI,NA,NA,NA,NA,NA,NA,NA,NA,NA,1,00-0019605,D.Howard,PHI,NA,NA,NA,NA,NA,NA,NA,NA,NA,NA,NA,NA,NA,NA,NA,NA,NA,NA,NA,NA,NA,NA,NA,NA,NA,NA,NA,NA,0,NA,NA,NA,NA,0,NA,NA,0,0,0,0,NA,NA,2007,NA,NA,54,0,Field goal,3741,"11/11/07, 13:03:13",2007-11-11T20:48:49Z,Commanders Field,"Sunny Temp: 49° F, Humidity: 44%, Wind: 4 SE mph",10012007-1111-07c6-43e9-6366420b400f,0,0,RUSH,0,NA,NA,NA,17,Field goal,2007-11-11T20:41:53Z,8,3:48,2,1,1,4,4,-3,FUMBLE,FIELD_GOAL,08:03,04:15,PHI 24,PHI 3,3592,3849,33,25,Home,-8,58,3,37.5,1,outdoors,grass,49,0,Joe Gibbs,Andy Reid,WAS00,FedExField,0,0,NA,NA,C.Portis,26,NA,NA,0,1,0,0,1,NA,00-0021179,NA,C.Portis,26,00-0021179,C.Portis,00-0021179,C.Portis,00-0021179,0,0,-1.2082556110690348,NA,NA,NA,NA,NA,0.11528212577104568,-11.528212577104568,2007,Go for it,NA,NA,NA,NA,NA,NA,NA,NA,NA,NA,Toss Up,Go for it,Andy Reid,Joe Gibbs,4:31,NA,NA,NA,NA,NA,NA,NA,NA,NA,NA
3763,2007_10_PHI_WAS,2007111107,WAS,PHI,REG,10,NA,NA,NA,NA,NA,2007-11-11,267,267,267,Half2,0,17,0,4,NA,0,04:27,PHI 2,0,21,Timeout #1 by PHI at 04:27.,no_play,0,0,0,0,0,0,0,NA,NA,NA,NA,NA,NA,NA,NA,NA,NA,0,1,1,PHI,NA,NA,NA,NA,NA,22,20,NA,NA,NA,NA,NA,NA,0,0,0,0,0,0,0,0,0,4.681844375911169,0,5.19560724508483,-5.19560724508483,-11.594019770814613,11.594019770814613,16.3249901637946,-16.3249901637946,NA,NA,0,0,9.561554435295864,-9.561554435295864,-1.0222489808802493,1.0222489808802493,11.199501890751879,-11.199501890751879,-1.9612254787352867,1.9612254787352867,0.9022210836410522,0.09777891635894775,0.9022210836410522,0.09777891635894775,0,0,0,NA,NA,0.8761271238327026,0.8761271238327026,-0.27205827832221985,0.27205827832221985,0.6818609284353508,-0.6818609284353508,NA,NA,0,0,0.1243412748899152,-0.1243412748899152,0.14406636627924085,-0.14406636627924085,0.12750863591095707,-0.12750863591095707,0.22589494558584333,-0.22589494558584333,0,0,0,0,0,0,0,0,0,0,0,0,0,0,0,0,0,0,0,0,0,0,0,0,0,0,0,0,0,0,0,0,0,0,0,0,0,0,0,0,0,0,0,0,0,0,0,0,0,0,0,NA,NA,NA,NA,NA,NA,NA,NA,NA,NA,NA,NA,NA,NA,NA,NA,NA,NA,NA,NA,NA,NA,NA,NA,NA,NA,NA,NA,NA,NA,NA,NA,NA,NA,NA,NA,NA,NA,NA,NA,NA,NA,NA,NA,NA,NA,NA,NA,NA,NA,NA,NA,NA,NA,NA,NA,NA,NA,NA,NA,NA,NA,NA,NA,NA,NA,NA,NA,NA,0,NA,NA,NA,NA,NA,NA,NA,NA,NA,NA,NA,NA,NA,NA,NA,NA,NA,NA,NA,NA,NA,NA,NA,NA,NA,NA,NA,NA,NA,NA,NA,0,NA,NA,NA,NA,0,NA,NA,0,0,0,0,NA,NA,2007,NA,NA,54,0,Field goal,3763,"11/11/07, 13:03:13",2007-11-11T20:49:41Z,Commanders Field,"Sunny Temp: 49° F, Humidity: 44%, Wind: 4 SE mph",10012007-1111-07c6-43e9-6366420b400f,0,0,TIMEOUT,0,NA,NA,NA,17,Field goal,2007-11-11T20:41:53Z,8,3:48,2,1,1,4,4,-3,FUMBLE,FIELD_GOAL,08:03,04:15,PHI 24,PHI 3,3592,3849,33,25,Home,-8,58,3,37.5,1,outdoors,grass,49,0,Joe Gibbs,Andy Reid,WAS00,FedExField,0,0,NA,NA,NA,NA,NA,NA,0,0,0,0,0,NA,NA,NA,NA,NA,NA,NA,NA,NA,NA,0,0,0,NA,NA,NA,NA,NA,NA,NA,2007,Other,NA,NA,NA,NA,NA,NA,NA,NA,NA,NA,Toss Up,Other (Penalty),Andy Reid,Joe Gibbs,4:27,NA,NA,NA,NA,NA,NA,NA,NA,NA,NA
3780,2007_10_PHI_WAS,2007111107,WAS,PHI,REG,10,WAS,home,PHI,PHI,2,2007-11-11,267,267,267,Half2,0,17,0,4,3,1,04:27,PHI 2,2,21,"(4:27) (Shotgun) PENALTY on WAS-47-C.Cooley, False Start, 5 yards, enforced at PHI 2 - No Play.",no_play,0,1,0,0,0,0,0,NA,NA,NA,NA,NA,NA,NA,NA,NA,NA,0,1,0,NA,NA,NA,NA,0,1,22,20,22,20,2,22,20,2,0.09946441650390625,0.005919727496802807,2.5378685677424073e-4,0.017450911924242973,0.3207457959651947,0.006625539623200893,0.5495398640632629,0,0,4.681844375911169,-0.8573717875988223,4.338235457486007,-4.338235457486007,-11.594019770814613,11.594019770814613,16.3249901637946,-16.3249901637946,NA,NA,0,0,9.561554435295864,-9.561554435295864,-1.0222489808802493,1.0222489808802493,11.199501890751879,-11.199501890751879,-1.9612254787352867,1.9612254787352867,0.9022210836410522,0.09777891635894775,0.9022210836410522,0.09777891635894775,-0.023759067058563232,-0.01893860101699829,-0.01893860101699829,NA,NA,0.8761271238327026,0.8761271238327026,-0.27205827832221985,0.27205827832221985,0.6818609284353508,-0.6818609284353508,NA,NA,0,0,0.1243412748899152,-0.1243412748899152,0.14406636627924085,-0.14406636627924085,0.12750863591095707,-0.12750863591095707,0.22589494558584333,-0.22589494558584333,0,0,0,0,0,0,0,0,0,0,0,0,0,0,0,0,0,0,0,0,0,0,0,0,0,0,1,0,0,0,0,0,0,0,0,0,0,0,0,0,0,0,0,0,0,0,0,0,0,0,0,NA,NA,NA,NA,NA,NA,NA,NA,NA,NA,NA,NA,NA,NA,NA,NA,NA,NA,NA,NA,NA,NA,NA,NA,NA,NA,NA,NA,NA,NA,NA,NA,NA,NA,NA,NA,NA,NA,NA,NA,NA,NA,NA,NA,NA,NA,NA,NA,NA,NA,NA,NA,NA,NA,NA,NA,NA,NA,NA,NA,NA,NA,NA,NA,NA,NA,NA,NA,NA,0,NA,NA,NA,NA,NA,NA,NA,NA,NA,NA,NA,NA,NA,NA,NA,NA,NA,NA,NA,NA,NA,NA,NA,NA,NA,NA,NA,NA,NA,NA,NA,0,WAS,00-0022738,C.Cooley,5,0,NA,False Start,0,0,0,0,NA,NA,2007,NA,NA,54,0,Field goal,3780,"11/11/07, 13:03:13",2007-11-11T20:50:06Z,Commanders Field,"Sunny Temp: 49° F, Humidity: 44%, Wind: 4 SE mph",10012007-1111-07c6-43e9-6366420b400f,0,0,PENALTY,0,NA,NA,NA,17,Field goal,2007-11-11T20:41:53Z,8,3:48,2,1,1,4,4,-3,FUMBLE,FIELD_GOAL,08:03,04:15,PHI 24,PHI 3,3592,3849,33,25,Home,-8,58,3,37.5,1,outdoors,grass,49,0,Joe Gibbs,Andy Reid,WAS00,FedExField,0,0,NA,NA,NA,NA,NA,NA,0,0,0,0,1,NA,NA,NA,NA,NA,NA,NA,NA,NA,NA,0,0,-0.8573717875988223,NA,NA,NA,NA,NA,0.4228805899620056,NA,2007,Other,NA,NA,NA,NA,NA,NA,NA,NA,NA,NA,Toss Up,Other (Penalty),Andy Reid,Joe Gibbs,4:27,NA,NA,NA,NA,NA,NA,NA,NA,NA,NA
3810,2007_10_PHI_WAS,2007111107,WAS,PHI,REG,10,WAS,home,PHI,PHI,7,2007-11-11,267,267,267,Half2,0,17,0,4,3,1,04:27,PHI 7,7,21,"(4:27) 26-C.Portis right tackle to PHI 3 for 4 yards (22-J.Hanson, 51-T.Spikes).",run,4,0,0,0,0,0,0,NA,NA,NA,NA,right,tackle,NA,NA,NA,NA,0,1,0,NA,NA,NA,NA,0,1,22,20,22,20,2,22,20,2,0.12976856529712677,0.007253142073750496,3.0305571272037923e-4,0.02382991649210453,0.4600561559200287,0.00360899418592453,0.3751801550388336,0,0,3.8244725883123465,-0.8913841936712403,3.446851263814767,-3.446851263814767,-12.485403964485855,12.485403964485855,16.3249901637946,-16.3249901637946,NA,NA,0,0,9.561554435295864,-9.561554435295864,-1.0222489808802493,1.0222489808802493,11.199501890751879,-11.199501890751879,-1.9612254787352867,1.9612254787352867,0.878462016582489,0.12153798341751099,0.878462016582489,0.12153798341751099,0.0105513334274292,-0.011102735996246338,-0.011102735996246338,0.8890133500099182,0.11098664999008179,0.8571885228157043,0.8571885228157043,-0.26150694489479065,0.26150694489479065,0.6818609284353508,-0.6818609284353508,NA,NA,0,0,0.1243412748899152,-0.1243412748899152,0.14406636627924085,-0.14406636627924085,0.12750863591095707,-0.12750863591095707,0.22589494558584333,-0.22589494558584333,0,0,0,0,0,1,0,0,0,0,0,0,0,0,0,0,0,0,0,0,0,0,0,0,0,0,0,0,0,0,0,0,1,0,0,0,0,0,0,0,0,0,0,0,0,0,1,0,0,0,0,NA,NA,NA,NA,NA,NA,00-0021179,C.Portis,4,NA,NA,NA,NA,NA,NA,NA,NA,NA,NA,NA,NA,NA,NA,NA,NA,NA,NA,NA,NA,NA,NA,NA,NA,NA,NA,NA,NA,NA,NA,NA,NA,NA,NA,NA,NA,NA,NA,NA,NA,NA,NA,NA,NA,NA,NA,NA,NA,00-0015474,T.Spikes,PHI,NA,NA,NA,NA,NA,NA,NA,NA,NA,1,00-0021654,J.Hanson,PHI,NA,NA,NA,NA,NA,NA,NA,NA,NA,NA,NA,NA,NA,NA,NA,NA,NA,NA,NA,NA,NA,NA,NA,NA,NA,NA,NA,NA,0,NA,NA,NA,NA,0,NA,NA,0,0,0,0,NA,NA,2007,NA,NA,54,0,Field goal,3810,"11/11/07, 13:03:13",2007-11-11T20:50:55Z,Commanders Field,"Sunny Temp: 49° F, Humidity: 44%, Wind: 4 SE mph",10012007-1111-07c6-43e9-6366420b400f,0,0,RUSH,0,NA,NA,NA,17,Field goal,2007-11-11T20:41:53Z,8,3:48,2,1,1,4,4,-3,FUMBLE,FIELD_GOAL,08:03,04:15,PHI 24,PHI 3,3592,3849,33,25,Home,-8,58,3,37.5,1,outdoors,grass,49,0,Joe Gibbs,Andy Reid,WAS00,FedExField,0,0,NA,NA,C.Portis,26,NA,NA,0,1,0,0,1,NA,00-0021179,NA,C.Portis,26,00-0021179,C.Portis,00-0021179,C.Portis,00-0021179,0,0,-0.8913841936712403,NA,NA,NA,NA,NA,0.7952746748924255,-79.52746748924255,2007,Go for it,NA,NA,NA,NA,NA,NA,NA,NA,NA,NA,Toss Up,Go for it,Andy Reid,Joe Gibbs,4:27,NA,NA,NA,NA,NA,NA,NA,NA,NA,NA
3832,2007_10_PHI_WAS,2007111107,WAS,PHI,REG,10,NA,NA,NA,NA,NA,2007-11-11,260,260,260,Half2,0,17,0,4,NA,0,04:20,PHI 3,0,21,Timeout #3 by PHI at 04:20.,no_play,0,0,0,0,0,0,0,NA,NA,NA,NA,NA,NA,NA,NA,NA,NA,0,0,1,PHI,NA,NA,NA,NA,NA,22,20,NA,NA,NA,NA,NA,NA,0,0,0,0,0,0,0,0,0,2.933088394641106,0,3.446851263814767,-3.446851263814767,-12.485403964485855,12.485403964485855,16.3249901637946,-16.3249901637946,NA,NA,0,0,9.561554435295864,-9.561554435295864,-1.0222489808802493,1.0222489808802493,11.199501890751879,-11.199501890751879,-1.9612254787352867,1.9612254787352867,0.8890133500099182,0.11098664999008179,0.8890133500099182,0.11098664999008179,0,0,0,NA,NA,0.846085786819458,0.846085786819458,-0.26150694489479065,0.26150694489479065,0.6818609284353508,-0.6818609284353508,NA,NA,0,0,0.1243412748899152,-0.1243412748899152,0.14406636627924085,-0.14406636627924085,0.12750863591095707,-0.12750863591095707,0.22589494558584333,-0.22589494558584333,0,0,0,0,0,0,0,0,0,0,0,0,0,0,0,0,0,0,0,0,0,0,0,0,0,0,0,0,0,0,0,0,0,0,0,0,0,0,0,0,0,0,0,0,0,0,0,0,0,0,0,NA,NA,NA,NA,NA,NA,NA,NA,NA,NA,NA,NA,NA,NA,NA,NA,NA,NA,NA,NA,NA,NA,NA,NA,NA,NA,NA,NA,NA,NA,NA,NA,NA,NA,NA,NA,NA,NA,NA,NA,NA,NA,NA,NA,NA,NA,NA,NA,NA,NA,NA,NA,NA,NA,NA,NA,NA,NA,NA,NA,NA,NA,NA,NA,NA,NA,NA,NA,NA,0,NA,NA,NA,NA,NA,NA,NA,NA,NA,NA,NA,NA,NA,NA,NA,NA,NA,NA,NA,NA,NA,NA,NA,NA,NA,NA,NA,NA,NA,NA,NA,0,NA,NA,NA,NA,0,NA,NA,0,0,0,0,NA,NA,2007,NA,NA,54,0,Field goal,3832,"11/11/07, 13:03:13",2007-11-11T20:51:40Z,Commanders Field,"Sunny Temp: 49° F, Humidity: 44%, Wind: 4 SE mph",10012007-1111-07c6-43e9-6366420b400f,0,0,TIMEOUT,0,NA,NA,NA,17,Field goal,2007-11-11T20:41:53Z,8,3:48,2,1,1,4,4,-3,FUMBLE,FIELD_GOAL,08:03,04:15,PHI 24,PHI 3,3592,3849,33,25,Home,-8,58,3,37.5,1,outdoors,grass,49,0,Joe Gibbs,Andy Reid,WAS00,FedExField,0,0,NA,NA,NA,NA,NA,NA,0,0,0,0,0,NA,NA,NA,NA,NA,NA,NA,NA,NA,NA,0,0,0,NA,NA,NA,NA,NA,NA,NA,2007,Other,NA,NA,NA,NA,NA,NA,NA,NA,NA,NA,Toss Up,Other (Penalty),Andy Reid,Joe Gibbs,4:20,NA,NA,NA,NA,NA,NA,NA,NA,NA,NA
3849,2007_10_PHI_WAS,2007111107,WAS,PHI,REG,10,WAS,home,PHI,PHI,3,2007-11-11,260,260,260,Half2,0,17,1,4,4,1,04:20,PHI 3,3,21,"(4:20) 6-S.Suisham 21 yard field goal is GOOD, Center-67-E.Albright, Holder-4-D.Frost.",field_goal,0,0,0,0,0,0,0,NA,NA,NA,NA,NA,NA,made,21,NA,NA,0,0,0,NA,NA,NA,NA,0,0,25,20,22,20,2,25,20,5,0.012191268269942377,0.001109060940773128,1.676029222995571e-4,0.0032814755366774033,0.9806048631455359,1.22715558722597e-4,0.002523013072959061,0,0,2.933088394641106,0.06691160535889384,3.513762869173661,-3.513762869173661,-12.485403964485855,12.485403964485855,16.3249901637946,-16.3249901637946,NA,NA,0,0,9.561554435295864,-9.561554435295864,-1.0222489808802493,1.0222489808802493,11.199501890751879,-11.199501890751879,-1.9612254787352867,1.9612254787352867,0.8890133500099182,0.11098664999008179,0.8890133500099182,0.11098664999008179,-0.10228699445724487,-0.051671192049980164,-0.051671192049980164,0.7867263555526733,0.21327364444732666,0.846085786819458,0.846085786819458,-0.26150694489479065,0.26150694489479065,0.6818609284353508,-0.6818609284353508,NA,NA,0,0,0.1243412748899152,-0.1243412748899152,0.14406636627924085,-0.14406636627924085,0.12750863591095707,-0.12750863591095707,0.22589494558584333,-0.22589494558584333,0,0,0,0,0,0,0,0,0,0,0,0,0,0,0,0,0,0,0,0,0,0,0,0,0,0,0,0,0,0,0,0,0,0,0,0,0,0,0,0,0,1,0,0,0,0,0,0,0,0,0,NA,NA,NA,NA,NA,NA,NA,NA,NA,NA,NA,NA,NA,NA,NA,NA,NA,NA,NA,NA,NA,NA,NA,NA,NA,NA,NA,NA,NA,NA,NA,S.Suisham,00-0023001,NA,NA,NA,NA,NA,NA,NA,NA,NA,NA,NA,NA,NA,NA,NA,NA,NA,NA,NA,NA,NA,NA,NA,NA,NA,NA,NA,NA,NA,NA,NA,NA,NA,NA,NA,NA,0,NA,NA,NA,NA,NA,NA,NA,NA,NA,NA,NA,NA,NA,NA,NA,NA,NA,NA,NA,NA,NA,NA,NA,NA,NA,NA,NA,NA,NA,NA,NA,0,NA,NA,NA,NA,0,NA,NA,0,0,0,0,NA,NA,2007,NA,NA,54,0,Field goal,3849,"11/11/07, 13:03:13",2007-11-11T20:52:06Z,Commanders Field,"Sunny Temp: 49° F, Humidity: 44%, Wind: 4 SE mph",10012007-1111-07c6-43e9-6366420b400f,0,0,FIELD_GOAL,0,NA,NA,NA,17,Field goal,2007-11-11T20:41:53Z,8,3:48,2,1,1,4,4,-3,FUMBLE,FIELD_GOAL,08:03,04:15,PHI 24,PHI 3,3592,3849,33,25,Home,-8,58,3,37.5,1,outdoors,grass,49,0,Joe Gibbs,Andy Reid,WAS00,FedExField,0,1,NA,NA,NA,NA,NA,NA,0,0,0,1,0,NA,NA,NA,NA,NA,NA,NA,NA,NA,NA,0,0,0.06691160535889384,NA,NA,NA,NA,NA,NA,NA,2007,Field Goal,NA,0.30621118923590984,0.5726839054337438,NA,NA,NA,0.5621617780998349,0.6103848641505465,NA,NA,Toss Up,Field Goal,Andy Reid,Joe Gibbs,4:20,0.9806048631455359,98,NA,31,57,NA,NA,NA,61,56
3868,2007_10_PHI_WAS,2007111107,WAS,PHI,REG,10,PHI,away,WAS,WAS,30,2007-11-11,255,255,255,Half2,0,18,0,4,NA,0,04:15,WAS 30,0,65,6-S.Suisham kicks 56 yards from WAS 30 to PHI 14. 30-J.Reed to PHI 35 for 21 yards (20-P.Prioleau).,kickoff,0,0,0,0,0,0,0,NA,NA,NA,NA,NA,NA,NA,56,NA,NA,0,0,0,NA,NA,NA,NA,0,0,25,20,20,25,-5,20,25,-5,0.5872837901115417,0.058981265872716904,0.004891812335699797,0.08873571455478668,0.06852027028799057,0.0042227995581924915,0.18736432492733002,0,0,0.7176792602986097,0.48088256316259503,3.032880306011066,-3.032880306011066,-12.485403964485855,12.485403964485855,16.3249901637946,-16.3249901637946,NA,NA,0,0,9.561554435295864,-9.561554435295864,-1.0222489808802493,1.0222489808802493,11.199501890751879,-11.199501890751879,-1.9612254787352867,1.9612254787352867,0.21327364444732666,0.7867263555526733,0.7867263555526733,0.21327364444732666,0.04175695776939392,0.0463472455739975,-0.0463472455739975,0.7449693977832794,0.2550306022167206,0.20558540523052216,0.7944145947694778,-0.26150694489479065,0.26150694489479065,0.6818609284353508,-0.6818609284353508,NA,NA,0,0,0.1243412748899152,-0.1243412748899152,0.14406636627924085,-0.14406636627924085,0.12750863591095707,-0.12750863591095707,0.22589494558584333,-0.22589494558584333,0,0,0,0,0,0,0,0,0,0,0,0,0,0,0,0,0,0,0,0,0,0,0,0,1,0,0,0,0,0,0,0,0,0,0,0,0,0,0,0,0,0,1,0,0,0,0,0,0,0,0,NA,NA,NA,NA,NA,NA,NA,NA,NA,NA,NA,NA,NA,NA,NA,NA,NA,NA,NA,NA,NA,NA,NA,NA,NA,J.Reed,00-0022791,NA,NA,NA,NA,S.Suisham,00-0023001,NA,NA,NA,NA,NA,NA,NA,NA,NA,NA,NA,NA,NA,NA,NA,NA,NA,NA,WAS,NA,00-0013255,NA,P.Prioleau,NA,NA,NA,NA,NA,NA,NA,NA,NA,NA,NA,NA,NA,0,NA,NA,NA,NA,NA,NA,NA,NA,NA,NA,NA,NA,NA,NA,NA,NA,NA,NA,NA,NA,NA,NA,NA,NA,NA,NA,NA,NA,NA,NA,PHI,21,NA,NA,NA,NA,0,NA,NA,0,0,0,0,NA,NA,2007,NA,NA,55,1,Touchdown,3868,"11/11/07, 13:03:13",2007-11-11T20:54:28Z,Commanders Field,"Sunny Temp: 49° F, Humidity: 44%, Wind: 4 SE mph",10012007-1111-07c6-43e9-6366420b400f,0,0,KICK_OFF,1,NA,NA,NA,18,Touchdown,2007-11-11T20:54:28Z,2,0:59,1,0,1,4,4,6,KICKOFF,TOUCHDOWN,04:15,03:16,PHI 35,PHI 43,3868,3979,33,25,Home,-8,58,3,37.5,1,outdoors,grass,49,0,Joe Gibbs,Andy Reid,WAS00,FedExField,0,1,NA,NA,NA,NA,NA,NA,0,0,0,1,0,NA,NA,NA,NA,NA,NA,NA,NA,NA,NA,0,0,0.48088256316259503,NA,NA,NA,NA,NA,NA,NA,2007,Other,NA,NA,NA,NA,NA,NA,NA,NA,NA,NA,Toss Up,Other,Andy Reid,Joe Gibbs,4:15,NA,NA,NA,NA,NA,NA,NA,NA,NA,NA
3890,2007_10_PHI_WAS,2007111107,WAS,PHI,REG,10,PHI,away,WAS,PHI,65,2007-11-11,249,249,249,Half2,0,18,0,4,1,0,04:09,PHI 35,10,65,(4:09) 36-B.Westbrook left end to PHI 37 for 2 yards (57-R.Godfrey).,run,2,0,0,0,0,0,0,NA,NA,NA,NA,left,end,NA,NA,NA,NA,0,0,0,NA,NA,NA,NA,0,0,25,20,20,25,-5,20,25,-5,0.5857545733451843,0.038678526878356934,0.0018431444186717272,0.06569705158472061,0.09010109305381775,0.0035239127464592457,0.2144017070531845,0,0,1.1985618234612048,-0.5863991030491889,3.6192794090602547,-3.6192794090602547,-11.899004861436666,11.899004861436666,16.3249901637946,-16.3249901637946,NA,NA,0,0,9.561554435295864,-9.561554435295864,-1.0222489808802493,1.0222489808802493,11.199501890751879,-11.199501890751879,-1.9612254787352867,1.9612254787352867,0.2550306022167206,0.7449693977832794,0.7449693977832794,0.2550306022167206,-0.03887954354286194,-0.020364195108413696,0.020364195108413696,0.7838489413261414,0.21615105867385864,0.25193265080451965,0.7480673491954803,-0.2226274013519287,0.2226274013519287,0.6818609284353508,-0.6818609284353508,NA,NA,0,0,0.1243412748899152,-0.1243412748899152,0.14406636627924085,-0.14406636627924085,0.12750863591095707,-0.12750863591095707,0.22589494558584333,-0.22589494558584333,0,0,0,0,0,0,0,0,0,0,0,0,0,0,0,0,0,0,0,0,0,0,0,0,1,0,0,0,0,0,0,0,1,0,0,0,0,0,0,0,0,0,0,0,0,0,0,0,0,0,0,NA,NA,NA,NA,NA,NA,00-0021216,B.Westbrook,2,NA,NA,NA,NA,NA,NA,NA,NA,NA,NA,NA,NA,NA,NA,NA,NA,NA,NA,NA,NA,NA,NA,NA,NA,NA,NA,NA,NA,NA,NA,NA,NA,NA,NA,NA,NA,NA,NA,NA,NA,NA,NA,WAS,NA,00-0006063,NA,R.Godfrey,NA,NA,NA,NA,NA,NA,NA,NA,NA,NA,NA,NA,NA,0,NA,NA,NA,NA,NA,NA,NA,NA,NA,NA,NA,NA,NA,NA,NA,NA,NA,NA,NA,NA,NA,NA,NA,NA,NA,NA,NA,NA,NA,NA,NA,0,NA,NA,NA,NA,0,NA,NA,0,0,0,0,NA,NA,2007,NA,NA,55,1,Touchdown,3890,"11/11/07, 13:03:13",2007-11-11T20:55:15Z,Commanders Field,"Sunny Temp: 49° F, Humidity: 44%, Wind: 4 SE mph",10012007-1111-07c6-43e9-6366420b400f,0,0,RUSH,0,NA,NA,NA,18,Touchdown,2007-11-11T20:54:28Z,2,0:59,1,0,1,4,4,6,KICKOFF,TOUCHDOWN,04:15,03:16,PHI 35,PHI 43,3868,3979,33,25,Home,-8,58,3,37.5,1,outdoors,grass,49,0,Joe Gibbs,Andy Reid,WAS00,FedExField,0,0,NA,NA,B.Westbrook,36,NA,NA,0,1,0,0,1,NA,00-0021216,NA,B.Westbrook,36,00-0021216,B.Westbrook,00-0021216,B.Westbrook,00-0021216,0,0,-0.5863991030491889,NA,NA,NA,NA,NA,0.8134165406227112,-81.34165406227112,2007,Go for it,NA,NA,NA,NA,NA,NA,NA,NA,NA,NA,Toss Up,Go for it,Andy Reid,Joe Gibbs,4:09,NA,NA,NA,NA,NA,NA,NA,NA,NA,NA
3912,2007_10_PHI_WAS,2007111107,WAS,PHI,REG,10,PHI,away,WAS,PHI,63,2007-11-11,216,216,216,Half2,0,18,0,4,2,0,03:36,PHI 37,8,65,"(3:36) (Shotgun) 5-D.McNabb pass short right to 84-H.Baskett pushed ob at PHI 42 for 5 yards (24-S.Springs). PENALTY on WAS, Illegal Substitution, 6 yards, enforced at PHI 37 - No Play.",no_play,0,1,0,0,0,0,0,NA,NA,NA,NA,NA,NA,NA,NA,NA,NA,0,0,0,NA,NA,NA,NA,0,0,25,20,20,25,-5,20,25,-5,0.6771393418312073,0.03901290521025658,0.001680148532614112,0.06780003756284714,0.07093079388141632,0.0019375847186893225,0.14149920642375946,0,0,0.6121627204120159,0.3964229042176157,3.222856504842639,-3.222856504842639,-11.899004861436666,11.899004861436666,16.3249901637946,-16.3249901637946,NA,NA,0,0,9.561554435295864,-9.561554435295864,-1.0222489808802493,1.0222489808802493,11.199501890751879,-11.199501890751879,-1.9612254787352867,1.9612254787352867,0.21615105867385864,0.7838489413261414,0.7838489413261414,0.21615105867385864,0.037274956703186035,0.046018749475479126,-0.046018749475479126,0.7465739846229553,0.2534260153770447,0.23156845569610596,0.768431544303894,-0.2226274013519287,0.2226274013519287,0.6818609284353508,-0.6818609284353508,NA,NA,0,0,0.1243412748899152,-0.1243412748899152,0.14406636627924085,-0.14406636627924085,0.12750863591095707,-0.12750863591095707,0.22589494558584333,-0.22589494558584333,0,0,0,0,0,0,0,0,0,0,0,0,0,0,0,0,0,0,0,0,0,0,0,0,0,0,1,0,0,0,0,0,0,0,0,0,0,0,0,0,0,0,0,0,0,0,0,0,0,0,0,NA,NA,NA,NA,NA,NA,NA,NA,NA,NA,NA,NA,NA,NA,NA,NA,NA,NA,NA,NA,NA,NA,NA,NA,NA,NA,NA,NA,NA,NA,NA,NA,NA,NA,NA,NA,NA,NA,NA,NA,NA,NA,NA,NA,NA,NA,NA,NA,NA,NA,NA,NA,NA,NA,NA,NA,NA,NA,NA,NA,NA,NA,NA,NA,NA,NA,NA,NA,NA,0,NA,NA,NA,NA,NA,NA,NA,NA,NA,NA,NA,NA,NA,NA,NA,NA,NA,NA,NA,NA,NA,NA,NA,NA,NA,NA,NA,NA,NA,NA,NA,0,WAS,NA,NA,6,0,NA,Illegal Substitution,0,0,0,0,NA,NA,2007,NA,NA,55,1,Touchdown,3912,"11/11/07, 13:03:13",2007-11-11T20:55:48Z,Commanders Field,"Sunny Temp: 49° F, Humidity: 44%, Wind: 4 SE mph",10012007-1111-07c6-43e9-6366420b400f,0,0,PENALTY,0,NA,NA,NA,18,Touchdown,2007-11-11T20:54:28Z,2,0:59,1,0,1,4,4,6,KICKOFF,TOUCHDOWN,04:15,03:16,PHI 35,PHI 43,3868,3979,33,25,Home,-8,58,3,37.5,1,outdoors,grass,49,0,Joe Gibbs,Andy Reid,WAS00,FedExField,0,1,D.McNabb,5,NA,NA,H.Baskett,84,1,0,0,0,1,00-0011022,NA,00-0024013,D.McNabb,5,00-0011022,NA,NA,H.Baskett,00-0024013,1,0,0.3964229042176157,NA,NA,NA,NA,NA,0.8963942527770996,10.360574722290039,2007,Other,NA,NA,NA,NA,NA,NA,NA,NA,NA,NA,Toss Up,Go for it (Penalty),Andy Reid,Joe Gibbs,3:36,NA,NA,NA,NA,NA,NA,NA,NA,NA,NA
3959,2007_10_PHI_WAS,2007111107,WAS,PHI,REG,10,PHI,away,WAS,PHI,57,2007-11-11,209,209,209,Half2,0,18,1,4,2,0,03:29,PHI 43,2,65,"(3:29) 5-D.McNabb pass short middle to 36-B.Westbrook for 57 yards, TOUCHDOWN.",pass,57,0,0,1,0,0,0,short,middle,-3,60,NA,NA,NA,NA,NA,NA,0,0,0,NA,PHI,B.Westbrook,00-0021216,0,0,25,26,20,25,-5,26,25,1,0.6572086811065674,0.03319086879491806,0.0015987342922016978,0.05065922066569328,0.08046947419643402,0.002709893509745598,0.17416314780712128,0,0,1.0085856246296316,5.991414375370368,-2.7685578705277294,2.7685578705277294,-11.899004861436666,11.899004861436666,10.33357578842423,-10.33357578842423,-0.6514148598071188,6.642829235177487,-0.6514148598071188,6.642829235177487,10.212969295102983,-10.212969295102983,-7.665078216057736,7.665078216057736,11.850916750558998,-11.850916750558998,-8.604054713912774,8.604054713912774,0.2534260153770447,0.7465739846229553,0.7465739846229553,0.2534260153770447,0.36172978889942176,0.3313005746006966,-0.3313005746006966,0.38484419572353357,0.6151558042764664,0.2775872051715851,0.7224127948284149,-0.2226274013519287,0.2226274013519287,0.3201311395359291,-0.3201311395359291,0,0.36172978889942176,0,0.36172978889942176,0.1243412748899152,-0.1243412748899152,-0.2176634226201809,0.2176634226201809,0.12750863591095707,-0.12750863591095707,-0.13583484331357842,0.13583484331357842,0,0,1,0,0,0,0,0,0,0,0,0,0,0,0,0,0,0,0,0,0,0,0,0,0,0,0,0,0,0,0,0,0,1,0,1,1,0,0,0,0,0,0,0,0,1,0,0,0,0,0,00-0011022,D.McNabb,57,00-0021216,B.Westbrook,57,NA,NA,NA,NA,NA,NA,NA,NA,NA,NA,NA,NA,NA,NA,NA,NA,NA,NA,NA,NA,NA,NA,NA,NA,NA,NA,NA,NA,NA,NA,NA,NA,NA,NA,NA,NA,NA,NA,NA,NA,NA,NA,NA,NA,NA,NA,NA,NA,NA,NA,NA,NA,NA,NA,NA,NA,NA,NA,NA,NA,NA,NA,NA,0,NA,NA,NA,NA,NA,NA,NA,NA,NA,NA,NA,NA,NA,NA,NA,NA,NA,NA,NA,NA,NA,NA,NA,NA,NA,NA,NA,NA,NA,NA,NA,0,NA,NA,NA,NA,0,NA,NA,0,0,0,0,NA,NA,2007,0.7873517870903015,21.26482129096985,55,1,Touchdown,3959,"11/11/07, 13:03:13",2007-11-11T20:56:53Z,Commanders Field,"Sunny Temp: 49° F, Humidity: 44%, Wind: 4 SE mph",10012007-1111-07c6-43e9-6366420b400f,0,0,PASS,0,NA,NA,NA,18,Touchdown,2007-11-11T20:54:28Z,2,0:59,1,0,1,4,4,6,KICKOFF,TOUCHDOWN,04:15,03:16,PHI 35,PHI 43,3868,3979,33,25,Home,-8,58,3,37.5,1,outdoors,grass,49,0,Joe Gibbs,Andy Reid,WAS00,FedExField,0,1,D.McNabb,5,NA,NA,B.Westbrook,36,1,0,1,0,1,00-0011022,NA,00-0021216,D.McNabb,5,00-0011022,B.Westbrook,00-0021216,B.Westbrook,00-0021216,0,0,5.991414375370368,0.974246761938935,9.245646964787738,7,0.6636515833670273,0.6636515833670273,0.6715987920761108,32.840120792388916,2007,Go for it,NA,NA,NA,NA,NA,NA,NA,NA,NA,NA,Toss Up,Go for it,Andy Reid,Joe Gibbs,3:29,NA,NA,NA,NA,NA,NA,NA,NA,NA,NA
3979,2007_10_PHI_WAS,2007111107,WAS,PHI,REG,10,PHI,away,WAS,WAS,2,2007-11-11,196,196,196,Half2,0,18,0,4,NA,0,03:16,WAS 2,0,65,(Pass formation) TWO-POINT CONVERSION ATTEMPT. 5-D.McNabb pass to 89-M.Schobel is incomplete. ATTEMPT FAILS.,pass,0,0,0,1,0,0,0,NA,NA,NA,NA,NA,NA,NA,NA,NA,failure,0,0,0,NA,NA,NA,NA,0,0,25,26,26,25,1,26,25,1,0,0,0,0,0,0,0,0,0.4735,0.947,-0.947,-1.8215578705277293,1.8215578705277293,-11.899004861436666,11.899004861436666,11.280575788424231,-11.280575788424231,NA,NA,0,0,10.212969295102983,-10.212969295102983,-7.665078216057736,7.665078216057736,11.850916750558998,-11.850916750558998,-8.604054713912774,8.604054713912774,0.6151558042764664,0.38484419572353357,0.38484419572353357,0.6151558042764664,-0.05337737810611731,-0.06035782700777059,0.06035782700777059,0.4382215738296509,0.5617784261703491,0.6088877797722817,0.3911122202277183,-0.2226274013519287,0.2226274013519287,0.3735085176420464,-0.3735085176420464,NA,NA,0,0,0.1243412748899152,-0.1243412748899152,-0.2176634226201809,0.2176634226201809,0.12750863591095707,-0.12750863591095707,-0.13583484331357842,0.13583484331357842,0,0,0,0,0,0,0,0,0,0,0,0,0,0,0,0,0,0,0,0,0,0,0,0,0,0,0,0,0,0,0,0,0,1,0,0,0,0,0,0,1,0,0,0,0,0,0,0,0,0,0,00-0011022,D.McNabb,NA,00-0021084,M.Schobel,NA,NA,NA,NA,NA,NA,NA,NA,NA,NA,NA,NA,NA,NA,NA,NA,NA,NA,NA,NA,NA,NA,NA,NA,NA,NA,NA,NA,NA,NA,NA,NA,NA,NA,NA,NA,NA,NA,NA,NA,NA,NA,NA,NA,NA,NA,NA,NA,NA,NA,NA,NA,NA,NA,NA,NA,NA,NA,NA,NA,NA,NA,NA,NA,0,NA,NA,NA,NA,NA,NA,NA,NA,NA,NA,NA,NA,NA,NA,NA,NA,NA,NA,NA,NA,NA,NA,NA,NA,NA,NA,NA,NA,NA,NA,NA,0,NA,NA,NA,NA,0,NA,NA,0,0,0,0,NA,NA,2007,NA,NA,55,1,Touchdown,3979,"11/11/07, 13:03:13",2007-11-11T20:58:05Z,Commanders Field,"Sunny Temp: 49° F, Humidity: 44%, Wind: 4 SE mph",10012007-1111-07c6-43e9-6366420b400f,0,0,PAT2,0,NA,NA,NA,18,Touchdown,2007-11-11T20:54:28Z,2,0:59,1,0,1,4,4,6,KICKOFF,TOUCHDOWN,04:15,03:16,PHI 35,PHI 43,3868,3979,33,25,Home,-8,58,3,37.5,1,outdoors,grass,49,0,Joe Gibbs,Andy Reid,WAS00,FedExField,0,0,D.McNabb,5,NA,NA,M.Schobel,89,1,0,0,0,1,00-0011022,NA,00-0021084,D.McNabb,5,00-0011022,M.Schobel,00-0021084,M.Schobel,00-0021084,0,0,-0.947,NA,NA,NA,NA,NA,NA,NA,2007,Go for it,NA,NA,NA,NA,NA,NA,NA,NA,NA,NA,Toss Up,Go for it,Andy Reid,Joe Gibbs,3:16,NA,NA,NA,NA,NA,NA,NA,NA,NA,NA
3993,2007_10_PHI_WAS,2007111107,WAS,PHI,REG,10,WAS,home,PHI,PHI,30,2007-11-11,196,196,196,Half2,0,19,0,4,NA,0,03:16,PHI 30,0,-15,"2-D.Akers kicks 65 yards from PHI 30 to WAS 5. 31-R.Cartwright to WAS 25 for 20 yards (57-C.Gocong, 81-J.Avant). WAS-83-J.Thrash was injured during the play.",kickoff,0,0,0,0,0,0,0,NA,NA,NA,NA,NA,NA,NA,65,NA,NA,0,0,0,NA,NA,NA,NA,0,0,25,26,25,26,-1,25,26,-1,0.6687160134315491,0.04474795609712601,0.0017938236705958843,0.06380627304315567,0.05554475635290146,0.004219272639602423,0.16117189824581146,0,0,0.71880067512393,0.114071597578004,-1.7074862729497253,1.7074862729497253,-11.899004861436666,11.899004861436666,11.280575788424231,-11.280575788424231,NA,NA,0,0,10.212969295102983,-10.212969295102983,-7.665078216057736,7.665078216057736,11.850916750558998,-11.850916750558998,-8.604054713912774,8.604054713912774,0.4382215738296509,0.5617784261703491,0.4382215738296509,0.5617784261703491,0.007186830043792725,6.949901580810547e-5,6.949901580810547e-5,0.4454084038734436,0.5545915961265564,0.4514700472354889,0.4514700472354889,-0.2226274013519287,0.2226274013519287,0.3735085176420464,-0.3735085176420464,NA,NA,0,0,0.1243412748899152,-0.1243412748899152,-0.2176634226201809,0.2176634226201809,0.12750863591095707,-0.12750863591095707,-0.13583484331357842,0.13583484331357842,0,0,0,0,0,0,0,0,0,0,0,0,0,0,0,0,0,0,0,0,0,0,0,0,0,0,0,0,0,0,0,0,0,0,0,0,0,0,0,0,0,0,1,0,0,0,1,0,0,0,0,NA,NA,NA,NA,NA,NA,NA,NA,NA,NA,NA,NA,NA,NA,NA,NA,NA,NA,NA,NA,NA,NA,NA,NA,NA,R.Cartwright,00-0021357,NA,NA,NA,NA,D.Akers,00-0000108,NA,NA,NA,NA,NA,NA,NA,NA,NA,NA,NA,NA,NA,NA,NA,NA,NA,NA,NA,NA,NA,NA,NA,NA,00-0024324,J.Avant,PHI,NA,NA,NA,NA,NA,NA,NA,NA,NA,1,00-0024286,C.Gocong,PHI,NA,NA,NA,NA,NA,NA,NA,NA,NA,NA,NA,NA,NA,NA,NA,NA,NA,NA,NA,NA,NA,NA,NA,NA,NA,NA,NA,WAS,20,NA,NA,NA,NA,0,NA,NA,0,0,0,0,NA,NA,2007,NA,NA,56,0,Turnover,3993,"11/11/07, 13:03:13",2007-11-11T20:59:47Z,Commanders Field,"Sunny Temp: 49° F, Humidity: 44%, Wind: 4 SE mph",10012007-1111-07c6-43e9-6366420b400f,0,0,KICK_OFF,1,NA,NA,NA,19,Turnover,2007-11-11T20:59:47Z,4,0:52,0,0,0,4,4,0,KICKOFF,FUMBLE,03:16,02:24,WAS 25,WAS 22,3993,4087,33,25,Home,-8,58,3,37.5,1,outdoors,grass,49,0,Joe Gibbs,Andy Reid,WAS00,FedExField,0,1,NA,NA,NA,NA,NA,NA,0,0,0,1,0,NA,NA,NA,NA,NA,NA,NA,NA,NA,NA,0,0,0.114071597578004,NA,NA,NA,NA,NA,NA,NA,2007,Other,NA,NA,NA,NA,NA,NA,NA,NA,NA,NA,Toss Up,Other,Andy Reid,Joe Gibbs,3:16,NA,NA,NA,NA,NA,NA,NA,NA,NA,NA
4015,2007_10_PHI_WAS,2007111107,WAS,PHI,REG,10,WAS,home,PHI,WAS,75,2007-11-11,190,190,190,Half2,0,19,0,4,1,0,03:10,WAS 25,10,-15,(3:10) (Shotgun) 17-J.Campbell pass short middle to 26-C.Portis to WAS 22 for -3 yards (75-J.Thomas).,pass,-3,1,0,1,0,0,0,short,middle,-7,4,NA,NA,NA,NA,NA,NA,0,0,0,NA,NA,NA,NA,0,0,25,26,25,26,-1,25,26,-1,0.6652832627296448,0.04021945968270302,0.0011219809530302882,0.05993848294019699,0.058609627187252045,0.00485502602532506,0.16997215151786804,0,0,0.832872272701934,-0.6163687773514539,-2.3238550503011792,2.3238550503011792,-11.899004861436666,11.899004861436666,10.664207011072778,-10.664207011072778,-0.7336575032677501,0.11728872591629624,-0.7336575032677501,0.11728872591629624,9.479311791835233,-9.479311791835233,-7.54778949014144,7.54778949014144,11.117259247291248,-11.117259247291248,-8.486765987996478,8.486765987996478,0.4454084038734436,0.5545915961265564,0.4454084038734436,0.5545915961265564,-0.05074387788772583,-0.07199174165725708,-0.07199174165725708,0.3946645259857178,0.6053354740142822,0.451539546251297,0.451539546251297,-0.2226274013519287,0.2226274013519287,0.32276463975432057,-0.32276463975432057,0,-0.05074387788772583,0,-0.05074387788772583,0.1243412748899152,-0.1243412748899152,-0.26840730050790673,0.26840730050790673,0.12750863591095707,-0.12750863591095707,-0.18657872120130425,0.18657872120130425,0,0,0,0,0,0,0,0,0,0,0,0,0,0,0,0,0,0,0,0,0,0,0,0,1,0,0,0,0,0,0,0,0,1,0,0,0,0,0,0,0,0,0,0,0,1,0,0,0,0,0,00-0023460,J.Campbell,-3,00-0021179,C.Portis,-3,NA,NA,NA,NA,NA,NA,NA,NA,NA,NA,NA,NA,NA,NA,NA,NA,NA,NA,NA,NA,NA,NA,NA,NA,NA,NA,NA,NA,NA,NA,NA,NA,NA,NA,NA,NA,NA,NA,NA,NA,NA,NA,NA,NA,NA,PHI,NA,00-0019986,NA,J.Thomas,NA,NA,NA,NA,NA,NA,NA,NA,NA,NA,NA,NA,NA,0,NA,NA,NA,NA,NA,NA,NA,NA,NA,NA,NA,NA,NA,NA,NA,NA,NA,NA,NA,NA,NA,NA,NA,NA,NA,NA,NA,NA,NA,NA,NA,0,NA,NA,NA,NA,0,NA,NA,0,0,0,0,NA,NA,2007,0.5874728560447693,41.25271439552307,56,0,Turnover,4015,"11/11/07, 13:03:13",2007-11-11T21:02:11Z,Commanders Field,"Sunny Temp: 49° F, Humidity: 44%, Wind: 4 SE mph",10012007-1111-07c6-43e9-6366420b400f,0,0,PASS,0,NA,NA,NA,19,Turnover,2007-11-11T20:59:47Z,4,0:52,0,0,0,4,4,0,KICKOFF,FUMBLE,03:16,02:24,WAS 25,WAS 22,3993,4087,33,25,Home,-8,58,3,37.5,1,outdoors,grass,49,0,Joe Gibbs,Andy Reid,WAS00,FedExField,0,0,J.Campbell,17,NA,NA,C.Portis,26,1,0,0,0,1,00-0023460,NA,00-0021179,J.Campbell,17,00-0023460,C.Portis,00-0021179,C.Portis,00-0021179,0,0,-0.6163687773514539,0.6076586698033078,11.609048770049412,10,0.37801794172264636,0.21864017308689654,0.7341119647026062,26.58880352973938,2007,Go for it,NA,NA,NA,NA,NA,NA,NA,NA,NA,NA,Toss Up,Go for it,Andy Reid,Joe Gibbs,3:10,NA,NA,NA,NA,NA,NA,NA,NA,NA,NA
4043,2007_10_PHI_WAS,2007111107,WAS,PHI,REG,10,WAS,home,PHI,WAS,78,2007-11-11,164,164,164,Half2,0,19,0,4,2,0,02:44,WAS 22,13,-15,"(2:44) (No Huddle, Shotgun) 17-J.Campbell pass incomplete deep right to 80-K.McCardell.",pass,0,1,1,1,0,0,0,deep,right,22,NA,NA,NA,NA,NA,NA,NA,0,0,0,NA,NA,NA,NA,0,0,25,26,25,26,-1,25,26,-1,0.7414776086807251,0.04878859966993332,0.002432504203170538,0.06476673483848572,0.041010770946741104,0.002519522327929735,0.09900429844856262,0,0,0.21650349535048008,-0.39741140650585294,-2.721266456807032,2.721266456807032,-11.899004861436666,11.899004861436666,10.266795604566925,-10.266795604566925,0.9149502931977622,-1.3123616997036152,0,0,9.479311791835233,-9.479311791835233,-7.54778949014144,7.54778949014144,12.03220954048901,-12.03220954048901,-9.799127687700093,9.799127687700093,0.3946645259857178,0.6053354740142822,0.3946645259857178,0.6053354740142822,-0.02285701036453247,-0.0411379337310791,-0.0411379337310791,0.3718075156211853,0.6281924843788147,0.3795478045940399,0.3795478045940399,-0.2226274013519287,0.2226274013519287,0.2999076293897881,-0.2999076293897881,0.020352452993392944,-0.043209463357925415,0,0,0.1243412748899152,-0.1243412748899152,-0.26840730050790673,0.26840730050790673,0.14786108890435,-0.14786108890435,-0.22978818455922967,0.22978818455922967,0,0,0,0,0,0,0,0,1,0,0,0,0,0,0,0,0,0,0,0,0,0,0,0,0,0,0,0,0,0,0,0,0,1,0,0,0,0,0,0,0,0,0,0,0,0,0,0,0,0,0,00-0023460,J.Campbell,NA,NA,NA,NA,NA,NA,NA,NA,NA,NA,NA,NA,NA,NA,NA,NA,NA,NA,NA,NA,NA,NA,NA,NA,NA,NA,NA,NA,NA,NA,NA,NA,NA,NA,NA,NA,NA,NA,NA,NA,NA,NA,NA,NA,NA,NA,NA,NA,NA,NA,NA,NA,NA,NA,NA,NA,NA,NA,NA,NA,NA,NA,NA,NA,NA,NA,NA,0,NA,NA,NA,NA,NA,NA,NA,NA,NA,NA,NA,NA,NA,NA,NA,NA,NA,NA,NA,NA,NA,NA,NA,NA,NA,NA,NA,NA,NA,NA,NA,0,NA,NA,NA,NA,0,NA,NA,0,0,0,0,NA,NA,2007,0.4038802683353424,-40.38802683353424,56,0,Turnover,4043,"11/11/07, 13:03:13",2007-11-11T21:02:37Z,Commanders Field,"Sunny Temp: 49° F, Humidity: 44%, Wind: 4 SE mph",10012007-1111-07c6-43e9-6366420b400f,0,0,PASS,0,NA,NA,NA,19,Turnover,2007-11-11T20:59:47Z,4,0:52,0,0,0,4,4,0,KICKOFF,FUMBLE,03:16,02:24,WAS 25,WAS 22,3993,4087,33,25,Home,-8,58,3,37.5,1,outdoors,grass,49,0,Joe Gibbs,Andy Reid,WAS00,FedExField,0,0,J.Campbell,17,NA,NA,K.McCardell,80,1,0,0,0,1,00-0023460,NA,00-0010668,J.Campbell,17,00-0023460,NA,NA,K.McCardell,00-0010668,0,0,-0.39741140650585294,0.2299822093328514,4.605436357058352,2,1,1,0.8784535527229309,12.15464472770691,2007,Go for it,NA,NA,NA,NA,NA,NA,NA,NA,NA,NA,Toss Up,Go for it,Andy Reid,Joe Gibbs,2:44,NA,NA,NA,NA,NA,NA,NA,NA,NA,NA
4065,2007_10_PHI_WAS,2007111107,WAS,PHI,REG,10,WAS,home,PHI,WAS,78,2007-11-11,156,156,156,Half2,0,19,0,4,3,0,02:36,WAS 22,13,-15,"(2:36) (No Huddle, Shotgun) 17-J.Campbell pass incomplete short middle to 82-A.Randle El.",pass,0,1,1,1,0,0,0,short,middle,4,NA,NA,NA,NA,NA,NA,NA,0,0,0,NA,NA,NA,NA,0,0,25,26,25,26,-1,25,26,-1,0.7417767643928528,0.05715721473097801,0.002692831913009286,0.08917757868766785,0.03294234722852707,0.0024814391508698463,0.07377178966999054,0,0,-0.18090791115537286,-0.49898701859638095,-3.220253475403413,3.220253475403413,-11.899004861436666,11.899004861436666,9.767808585970544,-9.767808585970544,-0.29663870949298143,-0.20234830910339952,0,0,9.479311791835233,-9.479311791835233,-7.54778949014144,7.54778949014144,11.735570830996028,-11.735570830996028,-10.001475996803492,10.001475996803492,0.3718075156211853,0.6281924843788147,0.3718075156211853,0.6281924843788147,-0.046569883823394775,-0.06251519918441772,-0.06251519918441772,0.3252376317977905,0.6747623682022095,0.3384098708629608,0.3384098708629608,-0.2226274013519287,0.2226274013519287,0.2533377455663933,-0.2533377455663933,0,-0.046569883823394775,0,0,0.1243412748899152,-0.1243412748899152,-0.26840730050790673,0.26840730050790673,0.14786108890435,-0.14786108890435,-0.27635806838262444,0.27635806838262444,0,0,0,0,0,1,0,0,1,0,0,0,0,0,0,0,0,0,0,0,0,0,0,0,0,0,0,0,0,0,0,0,0,1,0,0,0,0,0,0,0,0,0,0,0,0,0,0,0,0,0,00-0023460,J.Campbell,NA,NA,NA,NA,NA,NA,NA,NA,NA,NA,NA,NA,NA,NA,NA,NA,NA,NA,NA,NA,NA,NA,NA,NA,NA,NA,NA,NA,NA,NA,NA,NA,NA,NA,NA,NA,NA,NA,NA,NA,NA,NA,NA,NA,NA,NA,NA,NA,NA,NA,NA,NA,NA,NA,NA,NA,NA,NA,NA,NA,NA,NA,NA,NA,NA,NA,NA,0,NA,NA,NA,NA,NA,NA,NA,NA,NA,NA,NA,NA,NA,NA,NA,NA,NA,NA,NA,NA,NA,NA,NA,NA,NA,NA,NA,NA,NA,NA,NA,0,NA,NA,NA,NA,0,NA,NA,0,0,0,0,NA,NA,2007,0.7611825466156006,-76.11825466156006,56,0,Turnover,4065,"11/11/07, 13:03:13",2007-11-11T21:03:19Z,Commanders Field,"Sunny Temp: 49° F, Humidity: 44%, Wind: 4 SE mph",10012007-1111-07c6-43e9-6366420b400f,0,0,PASS,0,NA,NA,NA,19,Turnover,2007-11-11T20:59:47Z,4,0:52,0,0,0,4,4,0,KICKOFF,FUMBLE,03:16,02:24,WAS 25,WAS 22,3993,4087,33,25,Home,-8,58,3,37.5,1,outdoors,grass,49,0,Joe Gibbs,Andy Reid,WAS00,FedExField,0,0,J.Campbell,17,NA,NA,A.Randle,82,1,0,0,0,1,00-0023460,NA,00-0021190,J.Campbell,17,00-0023460,NA,NA,A.Randle,00-0021190,0,0,-0.49898701859638095,0.32674839616696505,5.078886876748584,4,0.20508181990589947,0.15393661649432033,0.9552119374275208,4.478806257247925,2007,Go for it,NA,NA,NA,NA,NA,NA,NA,NA,NA,NA,Toss Up,Go for it,Andy Reid,Joe Gibbs,2:36,NA,NA,NA,NA,NA,NA,NA,NA,NA,NA
4087,2007_10_PHI_WAS,2007111107,WAS,PHI,REG,10,WAS,home,PHI,WAS,78,2007-11-11,153,153,153,Half2,0,19,0,4,4,0,02:33,WAS 22,13,-15,"(2:33) (No Huddle, Shotgun) 17-J.Campbell sacked at WAS 12 for -10 yards (98-M.Patterson). FUMBLES (98-M.Patterson), RECOVERED by PHI-58-T.Cole at WAS 10. 58-T.Cole to WAS 10 for no gain (71-T.Wade).",pass,-12,1,1,1,0,0,0,NA,NA,NA,NA,NA,NA,NA,NA,NA,NA,0,0,0,NA,NA,NA,NA,0,0,25,26,25,26,-1,25,26,-1,0.7023605704307556,0.07906194776296616,0.0035650022327899933,0.1311018019914627,0.023100797086954117,0.0025675250217318535,0.058242298662662506,0,0,-0.6798949297517538,-3.2612851905287243,-6.4815386659321375,6.4815386659321375,-11.899004861436666,11.899004861436666,6.506523395441819,-6.506523395441819,NA,NA,0,0,9.479311791835233,-9.479311791835233,-7.54778949014144,7.54778949014144,11.735570830996028,-11.735570830996028,-10.001475996803492,10.001475996803492,0.3252376317977905,0.6747623682022095,0.3252376317977905,0.6747623682022095,-0.20584160089492798,-0.1431698501110077,-0.1431698501110077,0.11939603090286255,0.8806039690971375,0.2758946716785431,0.2758946716785431,-0.2226274013519287,0.2226274013519287,0.047496144671465346,-0.047496144671465346,NA,NA,0,0,0.1243412748899152,-0.1243412748899152,-0.26840730050790673,0.26840730050790673,0.14786108890435,-0.14786108890435,-0.27635806838262444,0.27635806838262444,0,0,0,0,0,0,0,1,0,0,0,0,0,0,0,0,0,0,0,0,0,1,0,0,1,0,0,0,1,0,0,0,0,1,1,0,0,0,0,0,0,0,0,0,1,0,0,0,0,0,0,00-0023460,J.Campbell,NA,NA,NA,NA,NA,NA,NA,NA,NA,NA,NA,NA,NA,NA,NA,NA,NA,NA,NA,NA,NA,NA,NA,NA,NA,NA,NA,NA,NA,NA,NA,NA,NA,NA,NA,NA,NA,NA,NA,NA,NA,NA,NA,PHI,00-0023466,M.Patterson,NA,NA,NA,PHI,WAS,00-0023466,00-0019705,M.Patterson,T.Wade,NA,NA,NA,NA,NA,NA,NA,NA,NA,NA,NA,NA,0,NA,NA,NA,NA,NA,NA,NA,NA,NA,NA,WAS,00-0023460,J.Campbell,NA,NA,NA,PHI,0,00-0023579,T.Cole,NA,NA,NA,NA,00-0023466,M.Patterson,NA,NA,NA,NA,NA,0,NA,NA,NA,NA,0,NA,NA,0,0,0,0,NA,NA,2007,NA,NA,56,0,Turnover,4087,"11/11/07, 13:03:13",2007-11-11T21:04:03Z,Commanders Field,"Sunny Temp: 49° F, Humidity: 44%, Wind: 4 SE mph",10012007-1111-07c6-43e9-6366420b400f,0,0,SACK,0,NA,NA,NA,19,Turnover,2007-11-11T20:59:47Z,4,0:52,0,0,0,4,4,0,KICKOFF,FUMBLE,03:16,02:24,WAS 25,WAS 22,3993,4087,33,25,Home,-8,58,3,37.5,1,outdoors,grass,49,0,Joe Gibbs,Andy Reid,WAS00,FedExField,0,0,J.Campbell,17,NA,NA,NA,NA,1,0,0,0,1,00-0023460,NA,NA,J.Campbell,17,00-0023460,NA,NA,NA,NA,0,0,-3.2612851905287243,NA,NA,NA,NA,NA,0.9605545997619629,3.944540023803711,2007,Go for it,-10.293718805560609,0.13888820316060446,0.420658120430083,0.0360233638493785,0.36723690278878995,0,0.40108030615374446,0.564148101489991,0.40108030615374446,0.47017409084439604,Punt,Go for it,Andy Reid,Joe Gibbs,2:33,0,0,37,14,42,4,47,40,56,40
4125,2007_10_PHI_WAS,2007111107,WAS,PHI,REG,10,PHI,away,WAS,WAS,10,2007-11-11,144,144,144,Half2,0,20,1,4,1,1,02:24,WAS 10,10,10,"(2:24) 36-B.Westbrook right guard for 10 yards, TOUCHDOWN.",run,10,0,0,0,0,0,0,NA,NA,NA,NA,right,guard,NA,NA,NA,NA,0,0,0,NA,PHI,B.Westbrook,00-0021216,0,0,25,32,26,25,1,32,25,7,0.2831788957118988,0.0034055013675242662,4.009984841104597e-4,0.011478915810585022,0.21731391549110413,0.001788651803508401,0.48243314027786255,0,0,3.941180120280478,3.058819879719522,-9.54035854565166,9.54035854565166,-14.957824741156188,14.957824741156188,6.506523395441819,-6.506523395441819,NA,NA,0,0,9.479311791835233,-9.479311791835233,-7.54778949014144,7.54778949014144,11.735570830996028,-11.735570830996028,-10.001475996803492,10.001475996803492,0.8806039690971375,0.11939603090286255,0.11939603090286255,0.8806039690971375,0.06976914756040697,0.06178133629864879,-0.06178133629864879,0.049626883342455574,0.9503731166575444,0.8672751784324646,0.1327248215675354,-0.2923965489123357,0.2923965489123357,0.047496144671465346,-0.047496144671465346,NA,NA,0,0,0.1243412748899152,-0.1243412748899152,-0.26840730050790673,0.26840730050790673,0.14786108890435,-0.14786108890435,-0.27635806838262444,0.27635806838262444,0,1,0,0,0,0,0,0,0,0,0,0,0,0,0,0,0,0,0,0,0,0,0,0,0,0,0,0,0,0,0,0,1,0,0,1,0,1,0,0,0,0,0,0,0,0,0,0,0,0,0,NA,NA,NA,NA,NA,NA,00-0021216,B.Westbrook,10,NA,NA,NA,NA,NA,NA,NA,NA,NA,NA,NA,NA,NA,NA,NA,NA,NA,NA,NA,NA,NA,NA,NA,NA,NA,NA,NA,NA,NA,NA,NA,NA,NA,NA,NA,NA,NA,NA,NA,NA,NA,NA,NA,NA,NA,NA,NA,NA,NA,NA,NA,NA,NA,NA,NA,NA,NA,NA,NA,NA,0,NA,NA,NA,NA,NA,NA,NA,NA,NA,NA,NA,NA,NA,NA,NA,NA,NA,NA,NA,NA,NA,NA,NA,NA,NA,NA,NA,NA,NA,NA,NA,0,NA,NA,NA,NA,0,NA,NA,0,0,0,0,NA,NA,2007,NA,NA,57,1,Touchdown,4125,"11/11/07, 13:03:13",2007-11-11T21:05:11Z,Commanders Field,"Sunny Temp: 49° F, Humidity: 44%, Wind: 4 SE mph",10012007-1111-07c6-43e9-6366420b400f,0,0,RUSH,0,NA,NA,NA,20,Touchdown,2007-11-11T21:05:11Z,1,0:06,1,1,1,4,4,0,FUMBLE,TOUCHDOWN,02:24,02:18,WAS 10,WAS 10,4125,4143,33,25,Home,-8,58,3,37.5,1,outdoors,grass,49,0,Joe Gibbs,Andy Reid,WAS00,FedExField,0,1,NA,NA,B.Westbrook,36,NA,NA,0,1,1,0,1,NA,00-0021216,NA,B.Westbrook,36,00-0021216,B.Westbrook,00-0021216,B.Westbrook,00-0021216,0,0,3.058819879719522,NA,NA,NA,NA,NA,0.05681409314274788,-5.681409314274788,2007,Go for it,NA,NA,NA,NA,NA,NA,NA,NA,NA,NA,Toss Up,Go for it,Andy Reid,Joe Gibbs,2:24,NA,NA,NA,NA,NA,NA,NA,NA,NA,NA
4143,2007_10_PHI_WAS,2007111107,WAS,PHI,REG,10,PHI,away,WAS,WAS,2,2007-11-11,138,138,138,Half2,0,20,1,4,NA,0,02:18,WAS 2,0,10,"2-D.Akers extra point is GOOD, Center-46-J.Dorenbos, Holder-6-S.Rocca.",extra_point,0,0,0,0,0,0,0,NA,NA,NA,NA,NA,NA,NA,20,good,NA,0,0,0,NA,NA,NA,NA,0,0,25,33,32,25,7,33,25,8,0,0,0,0,0,0,0,0.982039258461783,0,0.982039258461783,0.01796074153821703,-9.558319287189876,9.558319287189876,-14.957824741156188,14.957824741156188,6.506523395441819,-6.506523395441819,NA,NA,0,0,9.479311791835233,-9.479311791835233,-7.54778949014144,7.54778949014144,11.735570830996028,-11.735570830996028,-10.001475996803492,10.001475996803492,0.9503731166575444,0.049626883342455574,0.049626883342455574,0.9503731166575444,0.0023721235241400684,0.002119000324543041,-0.002119000324543041,0.047254759818315506,0.9527452401816845,0.9290565147311134,0.07094348526888661,-0.2923965489123357,0.2923965489123357,0.047496144671465346,-0.047496144671465346,NA,NA,0,0,0.1243412748899152,-0.1243412748899152,-0.26840730050790673,0.26840730050790673,0.14786108890435,-0.14786108890435,-0.27635806838262444,0.27635806838262444,0,0,0,0,0,0,0,0,0,0,0,0,0,0,0,0,0,0,0,0,0,0,0,0,0,0,0,0,0,0,0,0,0,0,0,0,0,0,0,1,0,0,0,0,0,0,0,0,0,0,0,NA,NA,NA,NA,NA,NA,NA,NA,NA,NA,NA,NA,NA,NA,NA,NA,NA,NA,NA,NA,NA,NA,NA,NA,NA,NA,NA,NA,NA,NA,NA,D.Akers,00-0000108,NA,NA,NA,NA,NA,NA,NA,NA,NA,NA,NA,NA,NA,NA,NA,NA,NA,NA,NA,NA,NA,NA,NA,NA,NA,NA,NA,NA,NA,NA,NA,NA,NA,NA,NA,NA,0,NA,NA,NA,NA,NA,NA,NA,NA,NA,NA,NA,NA,NA,NA,NA,NA,NA,NA,NA,NA,NA,NA,NA,NA,NA,NA,NA,NA,NA,NA,NA,0,NA,NA,NA,NA,0,NA,NA,0,0,0,0,NA,NA,2007,NA,NA,57,1,Touchdown,4143,"11/11/07, 13:03:13",2007-11-11T21:05:54Z,Commanders Field,"Sunny Temp: 49° F, Humidity: 44%, Wind: 4 SE mph",10012007-1111-07c6-43e9-6366420b400f,0,0,XP_KICK,1,NA,NA,NA,20,Touchdown,2007-11-11T21:05:11Z,1,0:06,1,1,1,4,4,0,FUMBLE,TOUCHDOWN,02:24,02:18,WAS 10,WAS 10,4125,4143,33,25,Home,-8,58,3,37.5,1,outdoors,grass,49,0,Joe Gibbs,Andy Reid,WAS00,FedExField,0,1,NA,NA,NA,NA,NA,NA,0,0,0,1,0,NA,NA,NA,NA,NA,NA,NA,NA,NA,NA,0,0,0.01796074153821703,NA,NA,NA,NA,NA,NA,NA,2007,Other,NA,NA,NA,NA,NA,NA,NA,NA,NA,NA,Toss Up,Other,Andy Reid,Joe Gibbs,2:18,NA,NA,NA,NA,NA,NA,NA,NA,NA,NA
4159,2007_10_PHI_WAS,2007111107,WAS,PHI,REG,10,WAS,home,PHI,PHI,30,2007-11-11,138,138,138,Half2,0,21,0,4,NA,0,02:18,PHI 30,0,10,2-D.Akers kicks 63 yards from PHI 30 to WAS 7. 31-R.Cartwright to WAS 30 for 23 yards (56-A.Jordan).,kickoff,0,0,0,0,0,0,0,NA,NA,NA,NA,NA,NA,NA,63,NA,NA,0,0,0,NA,NA,NA,NA,0,0,25,33,25,33,-8,25,33,-8,0.7497946619987488,0.02468196488916874,0.0016407058574259281,0.04202467203140259,0.05367264524102211,0.002063589636236429,0.12612174451351166,0,0,0.6764973159879446,0.2639823235804215,-9.294336963609455,9.294336963609455,-14.957824741156188,14.957824741156188,6.506523395441819,-6.506523395441819,NA,NA,0,0,9.479311791835233,-9.479311791835233,-7.54778949014144,7.54778949014144,11.735570830996028,-11.735570830996028,-10.001475996803492,10.001475996803492,0.047254759818315506,0.9527452401816845,0.047254759818315506,0.9527452401816845,0.007090829312801361,0.009157709777355194,0.009157709777355194,0.05434558913111687,0.9456544108688831,0.06882448494434357,0.06882448494434357,-0.2923965489123357,0.2923965489123357,0.047496144671465346,-0.047496144671465346,NA,NA,0,0,0.1243412748899152,-0.1243412748899152,-0.26840730050790673,0.26840730050790673,0.14786108890435,-0.14786108890435,-0.27635806838262444,0.27635806838262444,0,0,0,0,0,0,0,0,0,0,0,0,0,0,0,0,0,0,0,0,0,0,0,0,1,0,0,0,0,0,0,0,0,0,0,0,0,0,0,0,0,0,1,0,0,0,0,0,0,0,0,NA,NA,NA,NA,NA,NA,NA,NA,NA,NA,NA,NA,NA,NA,NA,NA,NA,NA,NA,NA,NA,NA,NA,NA,NA,R.Cartwright,00-0021357,NA,NA,NA,NA,D.Akers,00-0000108,NA,NA,NA,NA,NA,NA,NA,NA,NA,NA,NA,NA,NA,NA,NA,NA,NA,NA,PHI,NA,00-0025719,NA,A.Jordan,NA,NA,NA,NA,NA,NA,NA,NA,NA,NA,NA,NA,NA,0,NA,NA,NA,NA,NA,NA,NA,NA,NA,NA,NA,NA,NA,NA,NA,NA,NA,NA,NA,NA,NA,NA,NA,NA,NA,NA,NA,NA,NA,NA,WAS,23,NA,NA,NA,NA,0,NA,NA,0,0,0,0,NA,NA,2007,NA,NA,58,1,First down,4159,"11/11/07, 13:03:13",2007-11-11T21:07:58Z,Commanders Field,"Sunny Temp: 49° F, Humidity: 44%, Wind: 4 SE mph",10012007-1111-07c6-43e9-6366420b400f,0,0,KICK_OFF,1,NA,NA,NA,21,Turnover on downs,2007-11-11T21:07:58Z,6,0:56,1,0,0,4,4,0,KICKOFF,DOWNS,02:18,01:22,WAS 30,WAS 40,4159,4338,33,25,Home,-8,58,3,37.5,1,outdoors,grass,49,0,Joe Gibbs,Andy Reid,WAS00,FedExField,0,1,NA,NA,NA,NA,NA,NA,0,0,0,1,0,NA,NA,NA,NA,NA,NA,NA,NA,NA,NA,0,0,0.2639823235804215,NA,NA,NA,NA,NA,NA,NA,2007,Other,NA,NA,NA,NA,NA,NA,NA,NA,NA,NA,Toss Up,Other,Andy Reid,Joe Gibbs,2:18,NA,NA,NA,NA,NA,NA,NA,NA,NA,NA
4198,2007_10_PHI_WAS,2007111107,WAS,PHI,REG,10,WAS,home,PHI,WAS,70,2007-11-11,133,133,133,Half2,0,21,0,4,1,0,02:13,WAS 30,10,10,(2:13) (Shotgun) 17-J.Campbell pass incomplete short left to 26-C.Portis.,pass,0,1,0,1,0,0,0,short,left,2,NA,NA,NA,NA,NA,NA,NA,0,0,0,NA,NA,NA,NA,0,0,25,33,25,33,-8,25,33,-8,0.7319381833076477,0.02036351151764393,6.716203060932457e-4,0.034371234476566315,0.058838579803705215,0.001944353454746306,0.15187251567840576,0,0,0.9404796395683661,-0.31566091324202716,-9.609997876851482,9.609997876851482,-14.957824741156188,14.957824741156188,6.190862482199792,-6.190862482199792,-0.320361310034059,0.004700396792031825,0,0,9.479311791835233,-9.479311791835233,-7.54778949014144,7.54778949014144,11.41520952096197,-11.41520952096197,-9.99677560001146,9.99677560001146,0.05434558913111687,0.9456544108688831,0.05434558913111687,0.9456544108688831,-0.008406765758991241,-0.013170070946216583,-0.013170070946216583,0.045938823372125626,0.9540611766278744,0.07798219472169876,0.07798219472169876,-0.2923965489123357,0.2923965489123357,0.039089378912474104,-0.039089378912474104,0,-0.008406765758991241,0,0,0.1243412748899152,-0.1243412748899152,-0.26840730050790673,0.26840730050790673,0.14786108890435,-0.14786108890435,-0.2847648341416157,0.2847648341416157,0,0,0,0,0,0,0,0,1,0,0,0,0,0,0,0,0,0,0,0,0,0,0,0,0,0,0,0,0,0,0,0,0,1,0,0,0,0,0,0,0,0,0,0,0,0,0,0,0,0,0,00-0023460,J.Campbell,NA,NA,NA,NA,NA,NA,NA,NA,NA,NA,NA,NA,NA,NA,NA,NA,NA,NA,NA,NA,NA,NA,NA,NA,NA,NA,NA,NA,NA,NA,NA,NA,NA,NA,NA,NA,NA,NA,NA,NA,NA,NA,NA,NA,NA,NA,NA,NA,NA,NA,NA,NA,NA,NA,NA,NA,NA,NA,NA,NA,NA,NA,NA,NA,NA,NA,NA,0,NA,NA,NA,NA,NA,NA,NA,NA,NA,NA,NA,NA,NA,NA,NA,NA,NA,NA,NA,NA,NA,NA,NA,NA,NA,NA,NA,NA,NA,NA,NA,0,NA,NA,NA,NA,0,NA,NA,0,0,0,0,NA,NA,2007,0.7635154128074646,-76.35154128074646,58,1,First down,4198,"11/11/07, 13:03:13",2007-11-11T21:08:42Z,Commanders Field,"Sunny Temp: 49° F, Humidity: 44%, Wind: 4 SE mph",10012007-1111-07c6-43e9-6366420b400f,0,0,PASS,0,NA,NA,NA,21,Turnover on downs,2007-11-11T21:07:58Z,6,0:56,1,0,0,4,4,0,KICKOFF,DOWNS,02:18,01:22,WAS 30,WAS 40,4159,4338,33,25,Home,-8,58,3,37.5,1,outdoors,grass,49,0,Joe Gibbs,Andy Reid,WAS00,FedExField,0,0,J.Campbell,17,NA,NA,C.Portis,26,1,0,0,0,1,00-0023460,NA,00-0021179,J.Campbell,17,00-0023460,NA,NA,C.Portis,00-0021179,0,0,-0.31566091324202716,0.2807733332100293,5.455846751596255,4,0.3055867868824862,0.2284751701517962,0.9838786125183105,1.6121387481689453,2007,Go for it,NA,NA,NA,NA,NA,NA,NA,NA,NA,NA,Toss Up,Go for it,Andy Reid,Joe Gibbs,2:13,NA,NA,NA,NA,NA,NA,NA,NA,NA,NA
4220,2007_10_PHI_WAS,2007111107,WAS,PHI,REG,10,WAS,home,PHI,WAS,70,2007-11-11,128,128,128,Half2,0,21,0,4,2,0,02:08,WAS 30,10,10,(2:08) (Shotgun) 17-J.Campbell pass short middle to 80-K.McCardell to WAS 45 for 15 yards (27-Q.Mikell).,pass,15,1,0,1,0,0,0,short,middle,15,0,NA,NA,NA,NA,NA,NA,0,0,0,NA,NA,NA,NA,0,0,25,33,25,33,-8,25,33,-8,0.7661011815071106,0.025280386209487915,7.229949696920812e-4,0.03920436650514603,0.04878325015306473,0.0018335891654714942,0.1180742159485817,0,0,0.624818726326339,0.4953253522980958,-9.114672524553386,9.114672524553386,-14.957824741156188,14.957824741156188,6.686187834497888,-6.686187834497888,0.4953253522980958,0,0.4953253522980958,0,9.974637144133329,-9.974637144133329,-7.54778949014144,7.54778949014144,11.910534873260065,-11.910534873260065,-9.99677560001146,9.99677560001146,0.045938823372125626,0.9540611766278744,0.045938823372125626,0.9540611766278744,0.018447425216436386,0.029834523797035217,0.029834523797035217,0.06438624858856201,0.935613751411438,0.06481212377548218,0.06481212377548218,-0.2923965489123357,0.2923965489123357,0.05753680412891049,-0.05753680412891049,0.018447425216436386,0,0.018447425216436386,0,0.14278870010635158,-0.14278870010635158,-0.26840730050790673,0.26840730050790673,0.1663085141207864,-0.1663085141207864,-0.2847648341416157,0.2847648341416157,0,0,1,0,0,0,0,0,0,0,0,0,0,0,0,0,0,0,0,0,0,0,0,0,1,0,0,0,0,0,0,0,0,1,0,0,0,0,0,0,0,0,0,0,0,1,0,0,0,0,0,00-0023460,J.Campbell,15,00-0010668,K.McCardell,15,NA,NA,NA,NA,NA,NA,NA,NA,NA,NA,NA,NA,NA,NA,NA,NA,NA,NA,NA,NA,NA,NA,NA,NA,NA,NA,NA,NA,NA,NA,NA,NA,NA,NA,NA,NA,NA,NA,NA,NA,NA,NA,NA,NA,NA,PHI,NA,00-0021512,NA,Q.Mikell,NA,NA,NA,NA,NA,NA,NA,NA,NA,NA,NA,NA,NA,0,NA,NA,NA,NA,NA,NA,NA,NA,NA,NA,NA,NA,NA,NA,NA,NA,NA,NA,NA,NA,NA,NA,NA,NA,NA,NA,NA,NA,NA,NA,NA,0,NA,NA,NA,NA,0,NA,NA,0,0,0,0,NA,NA,2007,0.6487053036689758,35.12946963310242,58,1,First down,4220,"11/11/07, 13:03:13",2007-11-11T21:09:17Z,Commanders Field,"Sunny Temp: 49° F, Humidity: 44%, Wind: 4 SE mph",10012007-1111-07c6-43e9-6366420b400f,0,0,PASS,0,NA,NA,NA,21,Turnover on downs,2007-11-11T21:07:58Z,6,0:56,1,0,0,4,4,0,KICKOFF,DOWNS,02:18,01:22,WAS 30,WAS 40,4159,4338,33,25,Home,-8,58,3,37.5,1,outdoors,grass,49,0,Joe Gibbs,Andy Reid,WAS00,FedExField,0,1,J.Campbell,17,NA,NA,K.McCardell,80,1,0,1,0,1,00-0023460,NA,00-0010668,J.Campbell,17,00-0023460,K.McCardell,00-0010668,K.McCardell,00-0010668,0,0,0.4953253522980958,0.2786273165018822,4.411657180360635,2,1,1,0.9852554798126221,1.474452018737793,2007,Go for it,NA,NA,NA,NA,NA,NA,NA,NA,NA,NA,Toss Up,Go for it,Andy Reid,Joe Gibbs,2:08,NA,NA,NA,NA,NA,NA,NA,NA,NA,NA
4261,2007_10_PHI_WAS,2007111107,WAS,PHI,REG,10,WAS,home,PHI,WAS,55,2007-11-11,120,120,120,Half2,0,21,0,4,1,0,02:00,WAS 45,10,10,(2:00) (Shotgun) 17-J.Campbell pass short left to 47-C.Cooley pushed ob at WAS 47 for 2 yards (24-S.Brown).,pass,2,1,0,1,0,0,0,short,left,5,-3,NA,NA,NA,NA,NA,NA,0,0,0,NA,NA,NA,NA,0,0,25,33,25,33,-8,25,33,-8,0.731095552444458,0.013463040813803673,3.414020757190883e-4,0.021966610103845596,0.07691989839076996,0.0018543803598731756,0.1543591171503067,0,0,1.1201440786244348,-0.32613195216981694,-9.440804476723203,9.440804476723203,-14.957824741156188,14.957824741156188,6.360055882328071,-6.360055882328071,-0.04836543486453593,-0.277766517305281,-0.04836543486453593,-0.277766517305281,9.926271709268793,-9.926271709268793,-7.825556007446721,7.825556007446721,11.86216943839553,-11.86216943839553,-10.274542117316741,10.274542117316741,0.06438624858856201,0.935613751411438,0.06438624858856201,0.935613751411438,-0.00987042486667633,-0.009063750505447388,-0.009063750505447388,0.05451582372188568,0.9454841762781143,0.0946466475725174,0.0946466475725174,-0.2923965489123357,0.2923965489123357,0.04766637926223416,-0.04766637926223416,0,-0.00987042486667633,0,-0.00987042486667633,0.14278870010635158,-0.14278870010635158,-0.27827772537458306,0.27827772537458306,0.1663085141207864,-0.1663085141207864,-0.294635259008292,0.294635259008292,0,0,0,0,0,0,0,0,0,0,0,0,0,0,0,0,0,0,0,0,0,0,0,0,1,0,0,0,0,0,0,0,0,1,0,0,0,0,0,0,0,0,0,0,0,1,0,0,0,0,0,00-0023460,J.Campbell,2,00-0022738,C.Cooley,2,NA,NA,NA,NA,NA,NA,NA,NA,NA,NA,NA,NA,NA,NA,NA,NA,NA,NA,NA,NA,NA,NA,NA,NA,NA,NA,NA,NA,NA,NA,NA,NA,NA,NA,NA,NA,NA,NA,NA,NA,NA,NA,NA,NA,NA,PHI,NA,00-0021186,NA,S.Brown,NA,NA,NA,NA,NA,NA,NA,NA,NA,NA,NA,NA,NA,0,NA,NA,NA,NA,NA,NA,NA,NA,NA,NA,NA,NA,NA,NA,NA,NA,NA,NA,NA,NA,NA,NA,NA,NA,NA,NA,NA,NA,NA,NA,NA,0,NA,NA,NA,NA,0,NA,NA,0,0,0,0,NA,NA,2007,0.7278463244438171,27.215367555618286,59,0,Turnover on downs,4261,"11/11/07, 13:03:13",2007-11-11T21:11:47Z,Commanders Field,"Sunny Temp: 49° F, Humidity: 44%, Wind: 4 SE mph",10012007-1111-07c6-43e9-6366420b400f,0,0,PASS,0,NA,NA,NA,21,Turnover on downs,2007-11-11T21:07:58Z,6,0:56,1,0,0,4,4,0,KICKOFF,DOWNS,02:18,01:22,WAS 30,WAS 40,4159,4338,33,25,Home,-8,58,3,37.5,1,outdoors,grass,49,0,Joe Gibbs,Andy Reid,WAS00,FedExField,0,0,J.Campbell,17,NA,NA,C.Cooley,47,1,0,0,0,1,00-0023460,NA,00-0022738,J.Campbell,17,00-0023460,C.Cooley,00-0022738,C.Cooley,00-0022738,1,0,-0.32613195216981694,0.25601882680639354,3.8633802734693745,2,0.730365913361311,0.2688729874789715,0.9863404035568237,1.365959644317627,2007,Go for it,NA,NA,NA,NA,NA,NA,NA,NA,NA,NA,Toss Up,Go for it,Andy Reid,Joe Gibbs,2:00,NA,NA,NA,NA,NA,NA,NA,NA,NA,NA
4285,2007_10_PHI_WAS,2007111107,WAS,PHI,REG,10,WAS,home,PHI,WAS,53,2007-11-11,115,115,115,Half2,0,21,0,4,2,0,01:55,WAS 47,8,10,"(1:55) (Shotgun) 17-J.Campbell Aborted. 61-C.Rabach FUMBLES at WAS 40, recovered by WAS-17-J.Campbell at WAS 40. 17-J.Campbell to WAS 40 for no gain (58-T.Cole).",run,0,1,0,0,0,0,0,NA,NA,NA,NA,NA,NA,NA,NA,NA,NA,0,0,0,NA,NA,NA,NA,0,0,25,33,25,33,-8,25,33,-8,0.7667267918586731,0.016736449673771858,3.61652608262375e-4,0.02567227929830551,0.07497337460517883,0.0017951084300875664,0.11373434215784073,0,0,0.7940121264546178,-0.5160798973520286,-9.956884374075232,9.956884374075232,-15.473904638508216,15.473904638508216,6.360055882328071,-6.360055882328071,NA,NA,0,0,9.926271709268793,-9.926271709268793,-7.825556007446721,7.825556007446721,11.86216943839553,-11.86216943839553,-10.274542117316741,10.274542117316741,0.05451582372188568,0.9454841762781143,0.05451582372188568,0.9454841762781143,-0.011601969599723816,-0.029528815299272537,-0.029528815299272537,0.042913854122161865,0.9570861458778381,0.08558289706707001,0.08558289706707001,-0.3039985185120595,0.3039985185120595,0.04766637926223416,-0.04766637926223416,NA,NA,0,0,0.14278870010635158,-0.14278870010635158,-0.27827772537458306,0.27827772537458306,0.1663085141207864,-0.1663085141207864,-0.294635259008292,0.294635259008292,0,0,0,0,0,0,0,0,0,0,0,0,0,0,0,0,0,0,0,0,0,0,1,0,1,0,0,0,0,0,0,0,1,0,0,0,0,0,0,0,0,0,0,0,1,0,0,0,0,0,1,NA,NA,NA,NA,NA,NA,00-0023460,J.Campbell,0,NA,NA,NA,NA,NA,NA,NA,NA,NA,NA,NA,NA,NA,NA,NA,NA,NA,NA,NA,NA,NA,NA,NA,NA,NA,NA,NA,NA,NA,NA,NA,NA,NA,NA,NA,NA,NA,NA,NA,NA,NA,NA,PHI,NA,00-0023579,NA,T.Cole,NA,NA,NA,NA,NA,NA,NA,NA,NA,NA,NA,NA,NA,0,NA,NA,NA,NA,NA,NA,NA,NA,NA,NA,WAS,00-0020450,C.Rabach,NA,NA,NA,WAS,0,00-0023460,J.Campbell,NA,NA,NA,NA,NA,NA,NA,NA,NA,NA,NA,0,NA,NA,NA,NA,0,NA,NA,0,0,0,0,NA,NA,2007,NA,NA,59,0,Turnover on downs,4285,"11/11/07, 13:03:13",2007-11-11T21:12:22Z,Commanders Field,"Sunny Temp: 49° F, Humidity: 44%, Wind: 4 SE mph",10012007-1111-07c6-43e9-6366420b400f,0,0,RUSH,0,NA,NA,NA,21,Turnover on downs,2007-11-11T21:07:58Z,6,0:56,1,0,0,4,4,0,KICKOFF,DOWNS,02:18,01:22,WAS 30,WAS 40,4159,4338,33,25,Home,-8,58,3,37.5,1,outdoors,grass,49,0,Joe Gibbs,Andy Reid,WAS00,FedExField,1,0,NA,NA,C.Rabach,61,NA,NA,0,1,0,0,1,NA,00-0020450,NA,C.Rabach,61,00-0020450,J.Campbell,00-0023460,C.Rabach,00-0020450,0,0,-0.5160798973520286,NA,NA,NA,NA,NA,0.9851289987564087,-98.51289987564087,2007,Go for it,NA,NA,NA,NA,NA,NA,NA,NA,NA,NA,Toss Up,Go for it,Andy Reid,Joe Gibbs,1:55,NA,NA,NA,NA,NA,NA,NA,NA,NA,NA
4311,2007_10_PHI_WAS,2007111107,WAS,PHI,REG,10,WAS,home,PHI,WAS,60,2007-11-11,92,92,92,Half2,0,21,0,4,3,0,01:32,WAS 40,15,10,"(1:32) (No Huddle, Shotgun) 17-J.Campbell pass incomplete short middle to 87-T.Yoder [75-J.Thomas].",pass,0,1,1,1,0,0,0,short,middle,10,NA,NA,NA,NA,NA,NA,NA,0,0,0,NA,NA,NA,NA,0,0,25,33,25,33,-8,25,33,-8,0.8237721920013428,0.027323340997099876,6.809877813793719e-4,0.034694407135248184,0.045770496129989624,0.0014993151417002082,0.06625927984714508,0,0,0.2779322291025892,-0.3200821449281648,-10.276966519003397,10.276966519003397,-15.473904638508216,15.473904638508216,6.039973737399906,-6.039973737399906,-0.043244422937277704,-0.2768377219908871,0,0,9.926271709268793,-9.926271709268793,-7.825556007446721,7.825556007446721,11.818925015458252,-11.818925015458252,-10.551379839307629,10.551379839307629,0.042913854122161865,0.9570861458778381,0.042913854122161865,0.9570861458778381,-0.012425849214196205,-0.013554412871599197,-0.013554412871599197,0.03048800490796566,0.9695119950920343,0.05605408176779747,0.05605408176779747,-0.3039985185120595,0.3039985185120595,0.035240530048037955,-0.035240530048037955,0,-0.012425849214196205,0,0,0.14278870010635158,-0.14278870010635158,-0.27827772537458306,0.27827772537458306,0.1663085141207864,-0.1663085141207864,-0.3070611082224882,0.3070611082224882,0,0,0,0,0,1,0,0,1,0,0,0,0,0,0,0,0,0,0,0,0,0,0,0,0,0,0,0,0,0,0,1,0,1,0,0,0,0,0,0,0,0,0,0,0,0,0,0,0,0,0,00-0023460,J.Campbell,NA,NA,NA,NA,NA,NA,NA,NA,NA,NA,NA,NA,NA,NA,NA,NA,NA,NA,NA,NA,NA,NA,NA,NA,NA,NA,NA,NA,NA,NA,NA,NA,NA,NA,NA,NA,NA,NA,NA,00-0019986,J.Thomas,NA,NA,NA,NA,NA,NA,NA,NA,NA,NA,NA,NA,NA,NA,NA,NA,NA,NA,NA,NA,NA,NA,NA,NA,NA,NA,0,NA,NA,NA,NA,NA,NA,NA,NA,NA,NA,NA,NA,NA,NA,NA,NA,NA,NA,NA,NA,NA,NA,NA,NA,NA,NA,NA,NA,NA,NA,NA,0,NA,NA,NA,NA,0,NA,NA,0,0,0,0,NA,NA,2007,0.42723792791366577,-42.72379279136658,59,0,Turnover on downs,4311,"11/11/07, 13:03:13",2007-11-11T21:12:45Z,Commanders Field,"Sunny Temp: 49° F, Humidity: 44%, Wind: 4 SE mph",10012007-1111-07c6-43e9-6366420b400f,0,0,PASS,0,NA,NA,NA,21,Turnover on downs,2007-11-11T21:07:58Z,6,0:56,1,0,0,4,4,0,KICKOFF,DOWNS,02:18,01:22,WAS 30,WAS 40,4159,4338,33,25,Home,-8,58,3,37.5,1,outdoors,grass,49,0,Joe Gibbs,Andy Reid,WAS00,FedExField,0,0,J.Campbell,17,NA,NA,T.Yoder,87,1,0,0,0,1,00-0023460,NA,00-0019127,J.Campbell,17,00-0023460,NA,NA,T.Yoder,00-0019127,0,0,-0.3200821449281648,0.4796174091213121,4.29907399705553,2,0.5942934760532808,0.29063563884119503,0.9932575225830078,0.67424774169921875,2007,Go for it,NA,NA,NA,NA,NA,NA,NA,NA,NA,NA,Toss Up,Go for it,Andy Reid,Joe Gibbs,1:32,NA,NA,NA,NA,NA,NA,NA,NA,NA,NA
4338,2007_10_PHI_WAS,2007111107,WAS,PHI,REG,10,WAS,home,PHI,WAS,60,2007-11-11,89,89,89,Half2,0,21,0,4,4,0,01:29,WAS 40,15,10,(1:29) (Shotgun) 17-J.Campbell pass incomplete short left to 85-B.Lloyd (20-B.Dawkins).,pass,0,1,0,1,0,0,0,short,left,-17,NA,NA,NA,NA,NA,NA,NA,0,0,0,NA,NA,NA,NA,0,0,25,33,25,33,-8,25,33,-8,0.8510546088218689,0.039468444883823395,7.56637891754508e-4,0.04142442345619202,0.022787507623434067,0.0024362225085496902,0.042072098702192307,0,0,-0.04214991582557559,-1.445707320701331,-11.722673839704727,11.722673839704727,-15.473904638508216,15.473904638508216,4.594266416698575,-4.594266416698575,-2.729042780585587,1.2833354598842561,0,0,9.926271709268793,-9.926271709268793,-7.825556007446721,7.825556007446721,9.089882234872665,-9.089882234872665,-9.268044379423372,9.268044379423372,0.03048800490796566,0.9695119950920343,0.03048800490796566,0.9695119950920343,-0.023785164579749107,-0.039223261177539825,-0.039223261177539825,0.006702840328216553,0.9932971596717834,0.04249966889619827,0.04249966889619827,-0.3039985185120595,0.3039985185120595,0.011455365468288847,-0.011455365468288847,0.5359698925167322,-0.5597550570964813,0,0,0.14278870010635158,-0.14278870010635158,-0.27827772537458306,0.27827772537458306,0.7022784066375186,-0.7022784066375186,-0.8668161653189695,0.8668161653189695,0,0,0,0,0,0,0,1,1,0,0,0,0,0,0,0,0,0,0,0,0,0,0,0,0,0,0,0,0,0,0,0,0,1,0,0,0,0,0,0,0,0,0,0,0,0,0,0,0,0,0,00-0023460,J.Campbell,NA,NA,NA,NA,NA,NA,NA,NA,NA,NA,NA,NA,NA,NA,NA,NA,NA,NA,NA,NA,NA,NA,NA,NA,NA,NA,NA,NA,NA,NA,NA,NA,NA,NA,NA,NA,NA,NA,NA,NA,NA,NA,NA,NA,NA,NA,NA,NA,NA,NA,NA,NA,NA,NA,NA,NA,NA,NA,NA,NA,NA,NA,NA,NA,NA,NA,NA,0,NA,NA,NA,NA,NA,NA,00-0004073,B.Dawkins,NA,NA,NA,NA,NA,NA,NA,NA,NA,NA,NA,NA,NA,NA,NA,NA,NA,NA,NA,NA,NA,NA,NA,0,NA,NA,NA,NA,0,NA,NA,0,0,0,0,NA,NA,2007,NA,NA,59,0,Turnover on downs,4338,"11/11/07, 13:03:13",2007-11-11T21:13:27Z,Commanders Field,"Sunny Temp: 49° F, Humidity: 44%, Wind: 4 SE mph",10012007-1111-07c6-43e9-6366420b400f,0,0,PASS,0,NA,NA,NA,21,Turnover on downs,2007-11-11T21:07:58Z,6,0:56,1,0,0,4,4,0,KICKOFF,DOWNS,02:18,01:22,WAS 30,WAS 40,4159,4338,33,25,Home,-8,58,3,37.5,1,outdoors,grass,49,0,Joe Gibbs,Andy Reid,WAS00,FedExField,0,0,J.Campbell,17,NA,NA,B.Lloyd,85,1,0,0,0,1,00-0023460,NA,00-0022097,J.Campbell,17,00-0023460,NA,NA,B.Lloyd,00-0022097,0,0,-1.445707320701331,NA,NA,NA,NA,NA,0.9972848892211914,0.2715110778808594,2007,Go for it,NA,0.11114037368679419,0,NA,NA,0,0,0,0,7.337989019219137e-5,Punt,Go for it,Andy Reid,Joe Gibbs,1:29,0,0,NA,11,0,NA,0,0,0,0
4360,2007_10_PHI_WAS,2007111107,WAS,PHI,REG,10,PHI,away,WAS,WAS,40,2007-11-11,82,82,82,Half2,0,22,0,4,1,0,01:22,WAS 40,10,-2,(1:22) 5-D.McNabb kneels to WAS 41 for -1 yards.,qb_kneel,-1,0,0,0,1,0,0,NA,NA,NA,NA,NA,NA,NA,NA,NA,NA,0,0,0,NA,NA,NA,NA,0,0,25,33,33,25,8,33,25,8,0.6766753196716309,0.011344397440552711,4.295941907912493e-4,0.010893876664340496,0.12434109300374985,0.0016453436110168695,0.17467039823532104,0,0,1.4878572365269065,-0.5048934238729998,-11.217780415831728,11.217780415831728,-15.473904638508216,15.473904638508216,4.594266416698575,-4.594266416698575,NA,NA,0,0,9.926271709268793,-9.926271709268793,-7.825556007446721,7.825556007446721,9.089882234872665,-9.089882234872665,-9.268044379423372,9.268044379423372,0.9932971596717834,0.006702840328216553,0.006702840328216553,0.9932971596717834,NA,NA,-8.244514465332031e-4,NA,NA,0.9967235922813416,0.0032764077186584473,-0.3039985185120595,0.3039985185120595,0.011455365468288847,-0.011455365468288847,NA,NA,0,0,0.14278870010635158,-0.14278870010635158,-0.27827772537458306,0.27827772537458306,0.7022784066375186,-0.7022784066375186,-0.8668161653189695,0.8668161653189695,0,0,0,0,0,0,0,0,0,0,0,0,0,0,0,0,0,0,0,0,0,0,0,0,0,0,0,0,0,0,0,0,1,0,0,0,0,0,0,0,0,0,0,0,0,0,0,0,0,0,0,NA,NA,NA,NA,NA,NA,00-0011022,D.McNabb,-1,NA,NA,NA,NA,NA,NA,NA,NA,NA,NA,NA,NA,NA,NA,NA,NA,NA,NA,NA,NA,NA,NA,NA,NA,NA,NA,NA,NA,NA,NA,NA,NA,NA,NA,NA,NA,NA,NA,NA,NA,NA,NA,NA,NA,NA,NA,NA,NA,NA,NA,NA,NA,NA,NA,NA,NA,NA,NA,NA,NA,0,NA,NA,NA,NA,NA,NA,NA,NA,NA,NA,NA,NA,NA,NA,NA,NA,NA,NA,NA,NA,NA,NA,NA,NA,NA,NA,NA,NA,NA,NA,NA,0,NA,NA,NA,NA,0,NA,NA,0,0,0,0,NA,NA,2007,NA,NA,60,0,QB kneel,4360,"11/11/07, 13:03:13",2007-11-11T21:14:25Z,Commanders Field,"Sunny Temp: 49° F, Humidity: 44%, Wind: 4 SE mph",10012007-1111-07c6-43e9-6366420b400f,0,0,RUSH,0,NA,NA,NA,22,End of half,2007-11-11T21:14:25Z,2,1:22,0,0,0,4,4,0,DOWNS,END_GAME,01:22,00:00,WAS 40,WAS 41,4360,4404,33,25,Home,-8,58,3,37.5,1,outdoors,grass,49,0,Joe Gibbs,Andy Reid,WAS00,FedExField,0,0,NA,NA,D.McNabb,NA,NA,NA,0,0,0,0,0,NA,00-0011022,NA,D.McNabb,NA,00-0011022,D.McNabb,00-0011022,D.McNabb,00-0011022,0,0,-0.5048934238729998,NA,NA,NA,NA,NA,NA,NA,2007,Other,NA,NA,NA,NA,NA,NA,NA,NA,NA,NA,Toss Up,Other,Andy Reid,Joe Gibbs,1:22,NA,NA,NA,NA,NA,NA,NA,NA,NA,NA
4382,2007_10_PHI_WAS,2007111107,WAS,PHI,REG,10,PHI,away,WAS,WAS,41,2007-11-11,40,40,40,Half2,0,22,0,4,2,0,00:40,WAS 41,11,-2,(:40) 5-D.McNabb kneels to WAS 42 for -1 yards.,qb_kneel,-1,0,0,0,1,0,0,NA,NA,NA,NA,NA,NA,NA,NA,NA,NA,0,0,0,NA,NA,NA,NA,0,0,25,33,33,25,8,33,25,8,0.7237730622291565,0.010207731276750565,7.845232030376792e-4,0.009763535112142563,0.17539264261722565,6.452779634855688e-4,0.07943318784236908,0,0,0.9829638126539066,-0.9829638126539066,-10.234816603177821,10.234816603177821,-15.473904638508216,15.473904638508216,4.594266416698575,-4.594266416698575,NA,NA,0,0,9.926271709268793,-9.926271709268793,-7.825556007446721,7.825556007446721,9.089882234872665,-9.089882234872665,-9.268044379423372,9.268044379423372,0.9930983185768127,0.006901681423187256,0.006901681423187256,0.9930983185768127,NA,NA,-0.002451956272125244,NA,NA,0.9975480437278748,0.002451956272125244,-0.3039985185120595,0.3039985185120595,0.011455365468288847,-0.011455365468288847,NA,NA,0,0,0.14278870010635158,-0.14278870010635158,-0.27827772537458306,0.27827772537458306,0.7022784066375186,-0.7022784066375186,-0.8668161653189695,0.8668161653189695,0,0,0,0,0,0,0,0,0,0,0,0,0,0,0,0,0,0,0,0,0,0,0,0,0,0,0,0,0,0,0,0,1,0,0,0,0,0,0,0,0,0,0,0,0,0,0,0,0,0,0,NA,NA,NA,NA,NA,NA,00-0011022,D.McNabb,-1,NA,NA,NA,NA,NA,NA,NA,NA,NA,NA,NA,NA,NA,NA,NA,NA,NA,NA,NA,NA,NA,NA,NA,NA,NA,NA,NA,NA,NA,NA,NA,NA,NA,NA,NA,NA,NA,NA,NA,NA,NA,NA,NA,NA,NA,NA,NA,NA,NA,NA,NA,NA,NA,NA,NA,NA,NA,NA,NA,NA,0,NA,NA,NA,NA,NA,NA,NA,NA,NA,NA,NA,NA,NA,NA,NA,NA,NA,NA,NA,NA,NA,NA,NA,NA,NA,NA,NA,NA,NA,NA,NA,0,NA,NA,NA,NA,0,NA,NA,0,0,0,0,NA,NA,2007,NA,NA,60,0,QB kneel,4382,"11/11/07, 13:03:13",2007-11-11T21:15:07Z,Commanders Field,"Sunny Temp: 49° F, Humidity: 44%, Wind: 4 SE mph",10012007-1111-07c6-43e9-6366420b400f,0,0,RUSH,0,NA,NA,NA,22,End of half,2007-11-11T21:14:25Z,2,1:22,0,0,0,4,4,0,DOWNS,END_GAME,01:22,00:00,WAS 40,WAS 41,4360,4404,33,25,Home,-8,58,3,37.5,1,outdoors,grass,49,0,Joe Gibbs,Andy Reid,WAS00,FedExField,0,0,NA,NA,D.McNabb,NA,NA,NA,0,0,0,0,0,NA,00-0011022,NA,D.McNabb,NA,00-0011022,D.McNabb,00-0011022,D.McNabb,00-0011022,0,0,-0.9829638126539066,NA,NA,NA,NA,NA,NA,NA,2007,Other,NA,NA,NA,NA,NA,NA,NA,NA,NA,NA,Toss Up,Other,Andy Reid,Joe Gibbs,0:40,NA,NA,NA,NA,NA,NA,NA,NA,NA,NA
4404,2007_10_PHI_WAS,2007111107,WAS,PHI,REG,10,PHI,away,WAS,NA,NA,2007-11-11,0,0,0,Half2,0,22,0,4,NA,0,00:00,NA,0,-2,END GAME,NA,NA,0,0,NA,0,0,0,NA,NA,NA,NA,NA,NA,NA,NA,NA,NA,0,0,NA,NA,NA,NA,NA,0,0,25,33,33,25,8,33,25,8,0,0,0,0,0,0,0,0,0,NA,NA,-10.234816603177821,10.234816603177821,-15.473904638508216,15.473904638508216,4.594266416698575,-4.594266416698575,NA,NA,NA,NA,9.926271709268793,-9.926271709268793,-7.825556007446721,7.825556007446721,9.089882234872665,-9.089882234872665,-9.268044379423372,9.268044379423372,NA,NA,0,1,NA,NA,NA,NA,NA,NA,0,-0.3039985185120595,0.3039985185120595,0.011455365468288847,-0.011455365468288847,NA,NA,NA,NA,0.14278870010635158,-0.14278870010635158,-0.27827772537458306,0.27827772537458306,0.7022784066375186,-0.7022784066375186,-0.8668161653189695,0.8668161653189695,NA,NA,NA,NA,NA,NA,NA,NA,NA,0,NA,NA,NA,NA,NA,NA,NA,NA,NA,NA,NA,NA,NA,NA,NA,NA,NA,NA,NA,NA,NA,NA,NA,NA,NA,NA,NA,NA,NA,NA,NA,NA,NA,NA,NA,NA,NA,NA,NA,NA,NA,NA,NA,NA,NA,NA,NA,NA,NA,NA,NA,NA,NA,NA,NA,NA,NA,NA,NA,NA,NA,NA,NA,NA,NA,NA,NA,NA,NA,NA,NA,NA,NA,NA,NA,NA,NA,NA,NA,NA,NA,NA,NA,NA,NA,NA,NA,NA,NA,NA,NA,NA,NA,NA,NA,NA,NA,NA,NA,NA,NA,NA,NA,NA,NA,NA,NA,NA,NA,NA,NA,NA,NA,NA,NA,NA,NA,NA,NA,NA,NA,NA,NA,NA,NA,NA,NA,NA,NA,NA,NA,NA,NA,NA,NA,NA,NA,NA,NA,NA,NA,NA,NA,NA,NA,NA,NA,0,NA,NA,NA,NA,NA,NA,NA,NA,2007,NA,NA,60,0,QB kneel,4404,"11/11/07, 13:03:13",NA,Commanders Field,"Sunny Temp: 49° F, Humidity: 44%, Wind: 4 SE mph",10012007-1111-07c6-43e9-6366420b400f,0,0,END_GAME,0,NA,NA,NA,22,End of half,2007-11-11T21:14:25Z,2,1:22,0,0,0,4,4,0,DOWNS,END_GAME,01:22,00:00,WAS 40,WAS 41,4360,4404,33,25,Home,-8,58,3,37.5,1,outdoors,grass,49,0,Joe Gibbs,Andy Reid,WAS00,FedExField,0,NA,NA,NA,NA,NA,NA,NA,0,0,NA,0,0,NA,NA,NA,NA,NA,NA,NA,NA,NA,NA,0,0,NA,NA,NA,NA,NA,NA,NA,NA,2007,Other,NA,NA,NA,NA,NA,NA,NA,NA,NA,NA,Toss Up,NA,Andy Reid,Joe Gibbs,0:00,NA,NA,NA,NA,NA,NA,NA,NA,NA,NA
