play_id,game_id,old_game_id,home_team,away_team,season_type,week,posteam,posteam_type,defteam,side_of_field,yardline_100,game_date,quarter_seconds_remaining,half_seconds_remaining,game_seconds_remaining,game_half,quarter_end,drive,sp,qtr,down,goal_to_go,time,yrdln,ydstogo,ydsnet,desc,play_type,yards_gained,shotgun,no_huddle,qb_dropback,qb_kneel,qb_spike,qb_scramble,pass_length,pass_location,air_yards,yards_after_catch,run_location,run_gap,field_goal_result,kick_distance,extra_point_result,two_point_conv_result,home_timeouts_remaining,away_timeouts_remaining,timeout,timeout_team,td_team,td_player_name,td_player_id,posteam_timeouts_remaining,defteam_timeouts_remaining,total_home_score,total_away_score,posteam_score,defteam_score,score_differential,posteam_score_post,defteam_score_post,score_differential_post,no_score_prob,opp_fg_prob,opp_safety_prob,opp_td_prob,fg_prob,safety_prob,td_prob,extra_point_prob,two_point_conversion_prob,ep,epa,total_home_epa,total_away_epa,total_home_rush_epa,total_away_rush_epa,total_home_pass_epa,total_away_pass_epa,air_epa,yac_epa,comp_air_epa,comp_yac_epa,total_home_comp_air_epa,total_away_comp_air_epa,total_home_comp_yac_epa,total_away_comp_yac_epa,total_home_raw_air_epa,total_away_raw_air_epa,total_home_raw_yac_epa,total_away_raw_yac_epa,wp,def_wp,home_wp,away_wp,wpa,vegas_wpa,vegas_home_wpa,home_wp_post,away_wp_post,vegas_wp,vegas_home_wp,total_home_rush_wpa,total_away_rush_wpa,total_home_pass_wpa,total_away_pass_wpa,air_wpa,yac_wpa,comp_air_wpa,comp_yac_wpa,total_home_comp_air_wpa,total_away_comp_air_wpa,total_home_comp_yac_wpa,total_away_comp_yac_wpa,total_home_raw_air_wpa,total_away_raw_air_wpa,total_home_raw_yac_wpa,total_away_raw_yac_wpa,punt_blocked,first_down_rush,first_down_pass,first_down_penalty,third_down_converted,third_down_failed,fourth_down_converted,fourth_down_failed,incomplete_pass,touchback,interception,punt_inside_twenty,punt_in_endzone,punt_out_of_bounds,punt_downed,punt_fair_catch,kickoff_inside_twenty,kickoff_in_endzone,kickoff_out_of_bounds,kickoff_downed,kickoff_fair_catch,fumble_forced,fumble_not_forced,fumble_out_of_bounds,solo_tackle,safety,penalty,tackled_for_loss,fumble_lost,own_kickoff_recovery,own_kickoff_recovery_td,qb_hit,rush_attempt,pass_attempt,sack,touchdown,pass_touchdown,rush_touchdown,return_touchdown,extra_point_attempt,two_point_attempt,field_goal_attempt,kickoff_attempt,punt_attempt,fumble,complete_pass,assist_tackle,lateral_reception,lateral_rush,lateral_return,lateral_recovery,passer_player_id,passer_player_name,passing_yards,receiver_player_id,receiver_player_name,receiving_yards,rusher_player_id,rusher_player_name,rushing_yards,lateral_receiver_player_id,lateral_receiver_player_name,lateral_receiving_yards,lateral_rusher_player_id,lateral_rusher_player_name,lateral_rushing_yards,lateral_sack_player_id,lateral_sack_player_name,interception_player_id,interception_player_name,lateral_interception_player_id,lateral_interception_player_name,punt_returner_player_id,punt_returner_player_name,lateral_punt_returner_player_id,lateral_punt_returner_player_name,kickoff_returner_player_name,kickoff_returner_player_id,lateral_kickoff_returner_player_id,lateral_kickoff_returner_player_name,punter_player_id,punter_player_name,kicker_player_name,kicker_player_id,own_kickoff_recovery_player_id,own_kickoff_recovery_player_name,blocked_player_id,blocked_player_name,tackle_for_loss_1_player_id,tackle_for_loss_1_player_name,tackle_for_loss_2_player_id,tackle_for_loss_2_player_name,qb_hit_1_player_id,qb_hit_1_player_name,qb_hit_2_player_id,qb_hit_2_player_name,forced_fumble_player_1_team,forced_fumble_player_1_player_id,forced_fumble_player_1_player_name,forced_fumble_player_2_team,forced_fumble_player_2_player_id,forced_fumble_player_2_player_name,solo_tackle_1_team,solo_tackle_2_team,solo_tackle_1_player_id,solo_tackle_2_player_id,solo_tackle_1_player_name,solo_tackle_2_player_name,assist_tackle_1_player_id,assist_tackle_1_player_name,assist_tackle_1_team,assist_tackle_2_player_id,assist_tackle_2_player_name,assist_tackle_2_team,assist_tackle_3_player_id,assist_tackle_3_player_name,assist_tackle_3_team,assist_tackle_4_player_id,assist_tackle_4_player_name,assist_tackle_4_team,tackle_with_assist,tackle_with_assist_1_player_id,tackle_with_assist_1_player_name,tackle_with_assist_1_team,tackle_with_assist_2_player_id,tackle_with_assist_2_player_name,tackle_with_assist_2_team,pass_defense_1_player_id,pass_defense_1_player_name,pass_defense_2_player_id,pass_defense_2_player_name,fumbled_1_team,fumbled_1_player_id,fumbled_1_player_name,fumbled_2_player_id,fumbled_2_player_name,fumbled_2_team,fumble_recovery_1_team,fumble_recovery_1_yards,fumble_recovery_1_player_id,fumble_recovery_1_player_name,fumble_recovery_2_team,fumble_recovery_2_yards,fumble_recovery_2_player_id,fumble_recovery_2_player_name,sack_player_id,sack_player_name,half_sack_1_player_id,half_sack_1_player_name,half_sack_2_player_id,half_sack_2_player_name,return_team,return_yards,penalty_team,penalty_player_id,penalty_player_name,penalty_yards,replay_or_challenge,replay_or_challenge_result,penalty_type,defensive_two_point_attempt,defensive_two_point_conv,defensive_extra_point_attempt,defensive_extra_point_conv,safety_player_name,safety_player_id,season,cp,cpoe,series,series_success,series_result,order_sequence,start_time,time_of_day,stadium,weather,nfl_api_id,play_clock,play_deleted,play_type_nfl,special_teams_play,st_play_type,end_clock_time,end_yard_line,fixed_drive,fixed_drive_result,drive_real_start_time,drive_play_count,drive_time_of_possession,drive_first_downs,drive_inside20,drive_ended_with_score,drive_quarter_start,drive_quarter_end,drive_yards_penalized,drive_start_transition,drive_end_transition,drive_game_clock_start,drive_game_clock_end,drive_start_yard_line,drive_end_yard_line,drive_play_id_started,drive_play_id_ended,away_score,home_score,location,result,total,spread_line,total_line,div_game,roof,surface,temp,wind,home_coach,away_coach,stadium_id,game_stadium,aborted_play,success,passer,passer_jersey_number,rusher,rusher_jersey_number,receiver,receiver_jersey_number,pass,rush,first_down,special,play,passer_id,rusher_id,receiver_id,name,jersey_number,id,fantasy_player_name,fantasy_player_id,fantasy,fantasy_id,out_of_bounds,home_opening_kickoff,qb_epa,xyac_epa,xyac_mean_yardage,xyac_median_yardage,xyac_success,xyac_fd,xpass,pass_oe,season_orig,actual_decision,go_boost,first_down_prob,wp_fail,wp_succeed,go_wp,fg_make_prob,miss_fg_wp,make_fg_wp,fg_wp,punt_wp,model_recommendation,actual_decision_calculated,phi_coach,opp_coach,game_clock,fg_prob_calculated,fg_prob_calculated_pct,go_wp_pct,first_down_prob_pct,wp_fail_pct,wp_succeed_pct,punt_wp_pct,fg_wp_pct,make_fg_wp_pct,miss_fg_wp_pct
1,2012_03_PHI_ARI,2012092309,ARI,PHI,REG,3,NA,NA,NA,NA,NA,2012-09-23,900,1800,3600,Half1,0,NA,0,1,NA,0,15:00,ARI 35,0,NA,GAME,NA,NA,0,0,NA,0,0,0,NA,NA,NA,NA,NA,NA,NA,NA,NA,NA,3,3,NA,NA,NA,NA,NA,NA,NA,0,0,NA,NA,NA,NA,NA,NA,0,0,0,0,0,0,0,0,0,0.20740689849480987,-0,0,0,0,0,0,0,NA,NA,NA,NA,0,0,0,0,0,0,0,0,0.4220241606235504,0.5779758393764496,0.5779758393764496,0.4220241606235504,-0,-0,0,NA,NA,0.604065477848053,0.395934522151947,0,0,0,0,NA,NA,NA,NA,0,0,0,0,0,0,0,0,NA,NA,NA,NA,NA,NA,NA,NA,NA,0,NA,NA,NA,NA,NA,NA,NA,NA,NA,NA,NA,NA,NA,NA,NA,NA,NA,NA,NA,NA,NA,NA,NA,NA,NA,NA,NA,NA,NA,NA,NA,NA,NA,NA,NA,NA,NA,NA,NA,NA,NA,NA,NA,NA,NA,NA,NA,NA,NA,NA,NA,NA,NA,NA,NA,NA,NA,NA,NA,NA,NA,NA,NA,NA,NA,NA,NA,NA,NA,NA,NA,NA,NA,NA,NA,NA,NA,NA,NA,NA,NA,NA,NA,NA,NA,NA,NA,NA,NA,NA,NA,NA,NA,NA,NA,NA,NA,NA,NA,NA,NA,NA,NA,NA,NA,NA,NA,NA,NA,NA,NA,NA,NA,NA,NA,NA,NA,NA,NA,NA,NA,NA,NA,NA,NA,NA,NA,NA,NA,NA,NA,NA,NA,NA,NA,NA,NA,NA,NA,NA,NA,NA,NA,NA,NA,NA,NA,0,NA,NA,NA,NA,NA,NA,NA,NA,2012,NA,NA,1,0,Punt,1,"9/23/12, 16:05:33",NA,State Farm Stadium,"Temp: ° F, Wind: mph",10012012-0923-0983-16fc-87e5113fe1b7,0,0,GAME_START,0,NA,NA,NA,1,Punt,NA,NA,NA,NA,NA,NA,NA,NA,NA,NA,NA,NA,NA,NA,NA,NA,NA,6,27,Home,21,33,-3,42.5,0,closed,grass,NA,NA,Ken Whisenhunt,Andy Reid,PHO00,University of Phoenix Stadium,0,0,NA,NA,NA,NA,NA,NA,0,0,NA,0,0,NA,NA,NA,NA,NA,NA,NA,NA,NA,NA,0,0,-0,NA,NA,NA,NA,NA,NA,NA,2012,Other,NA,NA,NA,NA,NA,NA,NA,NA,NA,NA,Toss Up,NA,Andy Reid,Ken Whisenhunt,15:00,NA,NA,NA,NA,NA,NA,NA,NA,NA,NA
36,2012_03_PHI_ARI,2012092309,ARI,PHI,REG,3,PHI,away,ARI,ARI,35,2012-09-23,900,1800,3600,Half1,0,1,0,1,NA,0,15:00,ARI 35,0,3,3-J.Feely kicks 64 yards from ARI 35 to PHI 1. 22-B.Boykin to PHI 24 for 23 yards (27-M.Adams).,kickoff,0,0,0,0,0,0,0,NA,NA,NA,NA,NA,NA,NA,64,NA,NA,3,3,0,NA,NA,NA,NA,3,3,0,0,0,0,0,0,0,0,0.0024055265821516514,0.1747516542673111,0.005029871128499508,0.29747673869132996,0.20060589909553528,0.0031742022838443518,0.31655609607696533,0,0,0.20740689849480987,0.17338151624426246,-0.17338151624426246,0.17338151624426246,0,0,0,0,NA,NA,0,0,0,0,0,0,0,0,0,0,0.4220241606235504,0.5779758393764496,0.5779758393764496,0.4220241606235504,0.01118379831314087,0.008701026439666748,-0.008701026439666748,0.5667920410633087,0.4332079589366913,0.604065477848053,0.395934522151947,0,0,0,0,NA,NA,0,0,0,0,0,0,0,0,0,0,0,0,0,0,0,0,0,0,0,0,0,0,0,0,0,0,0,0,0,0,0,0,0,0,1,0,0,0,0,0,0,0,0,0,0,0,0,0,0,0,0,0,1,0,0,0,0,0,0,0,0,NA,NA,NA,NA,NA,NA,NA,NA,NA,NA,NA,NA,NA,NA,NA,NA,NA,NA,NA,NA,NA,NA,NA,NA,NA,B.Boykin,00-0029416,NA,NA,NA,NA,J.Feely,00-0019770,NA,NA,NA,NA,NA,NA,NA,NA,NA,NA,NA,NA,NA,NA,NA,NA,NA,NA,ARI,NA,00-0025668,NA,M.Adams,NA,NA,NA,NA,NA,NA,NA,NA,NA,NA,NA,NA,NA,0,NA,NA,NA,NA,NA,NA,NA,NA,NA,NA,NA,NA,NA,NA,NA,NA,NA,NA,NA,NA,NA,NA,NA,NA,NA,NA,NA,NA,NA,NA,PHI,23,NA,NA,NA,NA,0,NA,NA,0,0,0,0,NA,NA,2012,NA,NA,1,0,Punt,36,"9/23/12, 16:05:33",2012-09-23T20:05:33Z,State Farm Stadium,"Temp: ° F, Wind: mph",10012012-0923-0983-16fc-87e5113fe1b7,0,0,KICK_OFF,1,NA,NA,NA,1,Punt,2012-09-23T20:05:33Z,3,0:55,0,0,0,1,1,0,KICKOFF,PUNT,15:00,14:05,PHI 24,PHI 27,36,123,6,27,Home,21,33,-3,42.5,0,closed,grass,NA,NA,Ken Whisenhunt,Andy Reid,PHO00,University of Phoenix Stadium,0,1,NA,NA,NA,NA,NA,NA,0,0,0,1,0,NA,NA,NA,NA,NA,NA,NA,NA,NA,NA,0,0,0.17338151624426246,NA,NA,NA,NA,NA,NA,NA,2012,Other,NA,NA,NA,NA,NA,NA,NA,NA,NA,NA,Toss Up,Other,Andy Reid,Ken Whisenhunt,15:00,NA,NA,NA,NA,NA,NA,NA,NA,NA,NA
58,2012_03_PHI_ARI,2012092309,ARI,PHI,REG,3,PHI,away,ARI,PHI,76,2012-09-23,894,1794,3594,Half1,0,1,0,1,1,0,14:54,PHI 24,10,3,(14:54) 7-M.Vick scrambles left end pushed ob at PHI 27 for 3 yards (58-D.Washington).,run,3,0,0,1,0,0,1,NA,NA,NA,NA,left,end,NA,NA,NA,NA,3,3,0,NA,NA,NA,NA,3,3,0,0,0,0,0,0,0,0,0.0023905234411358833,0.1610395759344101,0.00457219872623682,0.2899705469608307,0.21853622794151306,0.003440000582486391,0.3200509548187256,0,0,0.3807884147390723,-0.12845142045989633,-0.04493009578436613,0.04493009578436613,0.12845142045989633,-0.12845142045989633,0,0,NA,NA,0,0,0,0,0,0,0,0,0,0,0.4332079589366913,0.5667920410633087,0.5667920410633087,0.4332079589366913,-0.013303905725479126,-0.006038308143615723,0.006038308143615723,0.5800959467887878,0.41990405321121216,0.6127665042877197,0.3872334957122803,0.013303905725479126,-0.013303905725479126,0,0,NA,NA,0,0,0,0,0,0,0,0,0,0,0,0,0,0,0,0,0,0,0,0,0,0,0,0,0,0,0,0,0,0,0,0,0,0,1,0,0,0,0,0,0,0,1,0,0,0,0,0,0,0,0,0,0,0,0,0,0,0,0,0,0,NA,NA,NA,NA,NA,NA,00-0020245,M.Vick,3,NA,NA,NA,NA,NA,NA,NA,NA,NA,NA,NA,NA,NA,NA,NA,NA,NA,NA,NA,NA,NA,NA,NA,NA,NA,NA,NA,NA,NA,NA,NA,NA,NA,NA,NA,NA,NA,NA,NA,NA,NA,NA,ARI,NA,00-0027886,NA,D.Washington,NA,NA,NA,NA,NA,NA,NA,NA,NA,NA,NA,NA,NA,0,NA,NA,NA,NA,NA,NA,NA,NA,NA,NA,NA,NA,NA,NA,NA,NA,NA,NA,NA,NA,NA,NA,NA,NA,NA,NA,NA,NA,NA,NA,NA,0,NA,NA,NA,NA,0,NA,NA,0,0,0,0,NA,NA,2012,NA,NA,1,0,Punt,58,"9/23/12, 16:05:33",2012-09-23T20:06:20Z,State Farm Stadium,"Temp: ° F, Wind: mph",10012012-0923-0983-16fc-87e5113fe1b7,0,0,RUSH,0,NA,NA,NA,1,Punt,2012-09-23T20:05:33Z,3,0:55,0,0,0,1,1,0,KICKOFF,PUNT,15:00,14:05,PHI 24,PHI 27,36,123,6,27,Home,21,33,-3,42.5,0,closed,grass,NA,NA,Ken Whisenhunt,Andy Reid,PHO00,University of Phoenix Stadium,0,0,M.Vick,7,NA,7,NA,NA,1,0,0,0,1,00-0020245,NA,NA,M.Vick,7,00-0020245,M.Vick,00-0020245,M.Vick,00-0020245,1,0,-0.12845142045989633,NA,NA,NA,NA,NA,0.5021956562995911,49.780434370040894,2012,Go for it,NA,NA,NA,NA,NA,NA,NA,NA,NA,NA,Toss Up,Go for it,Andy Reid,Ken Whisenhunt,14:54,NA,NA,NA,NA,NA,NA,NA,NA,NA,NA
79,2012_03_PHI_ARI,2012092309,ARI,PHI,REG,3,PHI,away,ARI,PHI,73,2012-09-23,870,1770,3570,Half1,0,1,0,1,2,0,14:30,PHI 27,7,3,(14:30) 7-M.Vick pass incomplete deep left to 13-D.Johnson [58-D.Washington].,pass,0,0,0,1,0,0,0,deep,left,23,NA,NA,NA,NA,NA,NA,NA,3,3,0,NA,NA,NA,NA,3,3,0,0,0,0,0,0,0,0,0.002410783665254712,0.16523624956607819,0.005072540137916803,0.2980504035949707,0.21093083918094635,0.0032685536425560713,0.315030574798584,0,0,0.252336994279176,-0.7283269008621573,0.6833968050777912,-0.6833968050777912,0.12845142045989633,-0.12845142045989633,0.7283269008621573,-0.7283269008621573,2.024878074415028,-2.7532049752771854,0,0,0,0,0,0,-2.024878074415028,2.024878074415028,2.7532049752771854,-2.7532049752771854,0.41990405321121216,0.5800959467887878,0.5800959467887878,0.41990405321121216,-0.025459647178649902,-0.02449744939804077,0.02449744939804077,0.6055555939674377,0.39444440603256226,0.606728196144104,0.393271803855896,0.013303905725479126,-0.013303905725479126,0.025459647178649902,-0.025459647178649902,0,-0.025459647178649902,0,0,0,0,0,0,0,0,0.025459647178649902,-0.025459647178649902,0,0,0,0,0,0,0,0,1,0,0,0,0,0,0,0,0,0,0,0,0,0,0,0,0,0,0,0,0,0,0,1,0,1,0,0,0,0,0,0,0,0,0,0,0,0,0,0,0,0,0,00-0020245,M.Vick,NA,00-0029435,D.Johnson,NA,NA,NA,NA,NA,NA,NA,NA,NA,NA,NA,NA,NA,NA,NA,NA,NA,NA,NA,NA,NA,NA,NA,NA,NA,NA,NA,NA,NA,NA,NA,NA,NA,NA,NA,NA,00-0027886,D.Washington,NA,NA,NA,NA,NA,NA,NA,NA,NA,NA,NA,NA,NA,NA,NA,NA,NA,NA,NA,NA,NA,NA,NA,NA,NA,NA,0,NA,NA,NA,NA,NA,NA,NA,NA,NA,NA,NA,NA,NA,NA,NA,NA,NA,NA,NA,NA,NA,NA,NA,NA,NA,NA,NA,NA,NA,NA,NA,0,NA,NA,NA,NA,0,NA,NA,0,0,0,0,NA,NA,2012,0.30101707577705383,-30.101707577705383,1,0,Punt,79,"9/23/12, 16:05:33",2012-09-23T20:07:02Z,State Farm Stadium,"Temp: ° F, Wind: mph",10012012-0923-0983-16fc-87e5113fe1b7,0,0,PASS,0,NA,NA,NA,1,Punt,2012-09-23T20:05:33Z,3,0:55,0,0,0,1,1,0,KICKOFF,PUNT,15:00,14:05,PHI 24,PHI 27,36,123,6,27,Home,21,33,-3,42.5,0,closed,grass,NA,NA,Ken Whisenhunt,Andy Reid,PHO00,University of Phoenix Stadium,0,0,M.Vick,7,NA,NA,D.Johnson,13,1,0,0,0,1,00-0020245,NA,00-0029435,M.Vick,7,00-0020245,D.Johnson,00-0029435,D.Johnson,00-0029435,0,0,-0.7283269008621573,0.6049322029767974,7.755697976303054,3,1,1,0.6048433184623718,39.51566815376282,2012,Go for it,NA,NA,NA,NA,NA,NA,NA,NA,NA,NA,Toss Up,Go for it,Andy Reid,Ken Whisenhunt,14:30,NA,NA,NA,NA,NA,NA,NA,NA,NA,NA
101,2012_03_PHI_ARI,2012092309,ARI,PHI,REG,3,PHI,away,ARI,PHI,73,2012-09-23,861,1761,3561,Half1,0,1,0,1,3,0,14:21,PHI 27,7,3,(14:21) (Shotgun) 7-M.Vick pass incomplete short left to 13-D.Johnson (25-K.Rhodes).,pass,0,1,0,1,0,0,0,short,left,10,NA,NA,NA,NA,NA,NA,NA,3,3,0,NA,NA,NA,NA,3,3,0,0,0,0,0,0,0,0,0.0024102041497826576,0.19060145318508148,0.0054450673051178455,0.33896100521087646,0.1855776309967041,0.0032667939085513353,0.2737378776073456,0,0,-0.47598990658298135,-1.3828209768980742,2.0662177819758654,-2.0662177819758654,0.12845142045989633,-0.12845142045989633,2.1111478777602315,-2.1111478777602315,1.8340966016985476,-3.2169175785966218,0,0,0,0,0,0,-3.8589746761135757,3.8589746761135757,5.970122553873807,-5.970122553873807,0.39444440603256226,0.6055555939674377,0.6055555939674377,0.39444440603256226,-0.03999641537666321,-0.04173201322555542,0.04173201322555542,0.645552009344101,0.35444799065589905,0.5822307467460632,0.41776925325393677,0.013303905725479126,-0.013303905725479126,0.06545606255531311,-0.06545606255531311,0,-0.03999641537666321,0,0,0,0,0,0,0,0,0.06545606255531311,-0.06545606255531311,0,0,0,0,0,1,0,0,1,0,0,0,0,0,0,0,0,0,0,0,0,0,0,0,0,0,0,0,0,0,0,0,0,1,0,0,0,0,0,0,0,0,0,0,0,0,0,0,0,0,0,00-0020245,M.Vick,NA,00-0029435,D.Johnson,NA,NA,NA,NA,NA,NA,NA,NA,NA,NA,NA,NA,NA,NA,NA,NA,NA,NA,NA,NA,NA,NA,NA,NA,NA,NA,NA,NA,NA,NA,NA,NA,NA,NA,NA,NA,NA,NA,NA,NA,NA,NA,NA,NA,NA,NA,NA,NA,NA,NA,NA,NA,NA,NA,NA,NA,NA,NA,NA,NA,NA,NA,NA,NA,0,NA,NA,NA,NA,NA,NA,00-0023557,K.Rhodes,NA,NA,NA,NA,NA,NA,NA,NA,NA,NA,NA,NA,NA,NA,NA,NA,NA,NA,NA,NA,NA,NA,NA,0,NA,NA,NA,NA,0,NA,NA,0,0,0,0,NA,NA,2012,0.5606570243835449,-56.06570243835449,1,0,Punt,101,"9/23/12, 16:05:33",2012-09-23T20:07:48Z,State Farm Stadium,"Temp: ° F, Wind: mph",10012012-0923-0983-16fc-87e5113fe1b7,0,0,PASS,0,NA,NA,NA,1,Punt,2012-09-23T20:05:33Z,3,0:55,0,0,0,1,1,0,KICKOFF,PUNT,15:00,14:05,PHI 24,PHI 27,36,123,6,27,Home,21,33,-3,42.5,0,closed,grass,NA,NA,Ken Whisenhunt,Andy Reid,PHO00,University of Phoenix Stadium,0,0,M.Vick,7,NA,NA,D.Johnson,13,1,0,0,0,1,00-0020245,NA,00-0029435,M.Vick,7,00-0020245,D.Johnson,00-0029435,D.Johnson,00-0029435,0,0,-1.3828209768980742,0.21263330430340632,3.457327948141028,1,0.9990748121053912,0.9990748121053912,0.9743027091026306,2.5697290897369385,2012,Go for it,NA,NA,NA,NA,NA,NA,NA,NA,NA,NA,Toss Up,Go for it,Andy Reid,Ken Whisenhunt,14:21,NA,NA,NA,NA,NA,NA,NA,NA,NA,NA
123,2012_03_PHI_ARI,2012092309,ARI,PHI,REG,3,PHI,away,ARI,PHI,73,2012-09-23,856,1756,3556,Half1,0,1,0,1,4,0,14:16,PHI 27,7,3,"(14:16) 8-C.Henry punts 52 yards to ARI 21, Center-46-J.Dorenbos. 21-P.Peterson ran ob at ARI 35 for 14 yards (29-N.Allen).",punt,0,0,0,0,0,0,0,NA,NA,NA,NA,NA,NA,NA,52,NA,NA,3,3,0,NA,NA,NA,NA,3,3,0,0,0,0,0,0,0,0,0.002488667843863368,0.24450327455997467,0.008281047455966473,0.4084952771663666,0.14656493067741394,0.0033268898259848356,0.18633991479873657,0,0,-1.8588108834810555,-0.07408106280490756,2.140298844780773,-2.140298844780773,0.12845142045989633,-0.12845142045989633,2.1111478777602315,-2.1111478777602315,NA,NA,0,0,0,0,0,0,-3.8589746761135757,3.8589746761135757,5.970122553873807,-5.970122553873807,0.35444799065589905,0.645552009344101,0.645552009344101,0.35444799065589905,0.010934680700302124,-0.009943455457687378,0.009943455457687378,0.6346173286437988,0.36538267135620117,0.5404987335205078,0.4595012664794922,0.013303905725479126,-0.013303905725479126,0.06545606255531311,-0.06545606255531311,NA,NA,0,0,0,0,0,0,0,0,0.06545606255531311,-0.06545606255531311,0,0,0,0,0,0,0,0,0,0,0,0,0,0,0,0,0,0,0,0,0,0,0,0,1,0,0,0,0,0,0,0,0,0,0,0,0,0,0,0,0,0,0,1,0,0,0,0,0,0,0,NA,NA,NA,NA,NA,NA,NA,NA,NA,NA,NA,NA,NA,NA,NA,NA,NA,NA,NA,NA,NA,00-0027943,P.Peterson,NA,NA,NA,NA,NA,NA,00-0028427,C.Henry,NA,NA,NA,NA,NA,NA,NA,NA,NA,NA,NA,NA,NA,NA,NA,NA,NA,NA,NA,NA,PHI,NA,00-0027652,NA,N.Allen,NA,NA,NA,NA,NA,NA,NA,NA,NA,NA,NA,NA,NA,0,NA,NA,NA,NA,NA,NA,NA,NA,NA,NA,NA,NA,NA,NA,NA,NA,NA,NA,NA,NA,NA,NA,NA,NA,NA,NA,NA,NA,NA,NA,ARI,14,NA,NA,NA,NA,0,NA,NA,0,0,0,0,NA,NA,2012,NA,NA,1,0,Punt,123,"9/23/12, 16:05:33",2012-09-23T20:08:25Z,State Farm Stadium,"Temp: ° F, Wind: mph",10012012-0923-0983-16fc-87e5113fe1b7,0,0,PUNT,1,NA,NA,NA,1,Punt,2012-09-23T20:05:33Z,3,0:55,0,0,0,1,1,0,KICKOFF,PUNT,15:00,14:05,PHI 24,PHI 27,36,123,6,27,Home,21,33,-3,42.5,0,closed,grass,NA,NA,Ken Whisenhunt,Andy Reid,PHO00,University of Phoenix Stadium,0,0,NA,NA,NA,NA,NA,NA,0,0,0,1,0,NA,NA,NA,NA,NA,NA,NA,NA,NA,NA,1,0,-0.07408106280490756,NA,NA,NA,NA,NA,NA,NA,2012,Punt,-14.815920296061735,0.27339425592072075,0.7411811153624801,0.4847632029833018,0.6710779265321968,0,0.7180624455213547,0.875331811606884,0.7180624455213547,0.8192371294928141,Punt,Punt,Andy Reid,Ken Whisenhunt,14:16,0,0,67,27,74,48,82,72,88,72
148,2012_03_PHI_ARI,2012092309,ARI,PHI,REG,3,ARI,home,PHI,ARI,65,2012-09-23,845,1745,3545,Half1,0,2,0,1,1,0,14:05,ARI 35,10,36,(14:05) 4-K.Kolb pass short left to 12-A.Roberts to ARI 49 for 14 yards (24-N.Asomugha).,pass,14,0,0,1,0,0,0,short,left,10,4,NA,NA,NA,NA,NA,NA,3,3,0,NA,NA,NA,NA,3,3,0,0,0,0,0,0,0,0,0.0023435833863914013,0.13284264504909515,0.0018665958195924759,0.18946702778339386,0.2565769851207733,0.005326204001903534,0.4115769863128662,0,0,1.932891946285963,0.9439192982390523,3.084218143019825,-3.084218143019825,0.12845142045989633,-0.12845142045989633,3.055067175999284,-3.055067175999284,0.6562167718075216,0.2877025264315307,0.6562167718075216,0.2877025264315307,0.6562167718075216,-0.6562167718075216,0.2877025264315307,-0.2877025264315307,-3.202757904306054,3.202757904306054,6.257825080305338,-6.257825080305338,0.6346173286437988,0.36538267135620117,0.6346173286437988,0.36538267135620117,0.01696312427520752,0.0122871994972229,0.0122871994972229,0.6515804529190063,0.34841954708099365,0.46944472193717957,0.46944472193717957,0.013303905725479126,-0.013303905725479126,0.08241918683052063,-0.08241918683052063,0,0.01696312427520752,0,0.01696312427520752,0,0,0.01696312427520752,-0.01696312427520752,0,0,0.08241918683052063,-0.08241918683052063,0,0,1,0,0,0,0,0,0,0,0,0,0,0,0,0,0,0,0,0,0,0,0,0,1,0,0,0,0,0,0,0,0,1,0,0,0,0,0,0,0,0,0,0,0,1,0,0,0,0,0,00-0025423,K.Kolb,14,00-0027691,A.Roberts,14,NA,NA,NA,NA,NA,NA,NA,NA,NA,NA,NA,NA,NA,NA,NA,NA,NA,NA,NA,NA,NA,NA,NA,NA,NA,NA,NA,NA,NA,NA,NA,NA,NA,NA,NA,NA,NA,NA,NA,NA,NA,NA,NA,NA,NA,PHI,NA,00-0022077,NA,N.Asomugha,NA,NA,NA,NA,NA,NA,NA,NA,NA,NA,NA,NA,NA,0,NA,NA,NA,NA,NA,NA,NA,NA,NA,NA,NA,NA,NA,NA,NA,NA,NA,NA,NA,NA,NA,NA,NA,NA,NA,NA,NA,NA,NA,NA,NA,0,NA,NA,NA,NA,0,NA,NA,0,0,0,0,NA,NA,2012,0.5924419164657593,40.75580835342407,2,1,First down,148,"9/23/12, 16:05:33",2012-09-23T20:09:13Z,State Farm Stadium,"Temp: ° F, Wind: mph",10012012-0923-0983-16fc-87e5113fe1b7,0,0,PASS,0,NA,NA,NA,2,Field goal,2012-09-23T20:09:13Z,8,3:47,3,1,1,1,1,0,PUNT,FIELD_GOAL,14:05,10:18,ARI 35,PHI 29,148,302,6,27,Home,21,33,-3,42.5,0,closed,grass,NA,NA,Ken Whisenhunt,Andy Reid,PHO00,University of Phoenix Stadium,0,1,K.Kolb,4,NA,NA,A.Roberts,12,1,0,1,0,1,00-0025423,NA,00-0027691,K.Kolb,4,00-0025423,A.Roberts,00-0027691,A.Roberts,00-0027691,0,0,0.9439192982390523,0.2522977485544007,3.776557384044281,2,1,0.9647137604188174,0.4644166827201843,53.55833172798157,2012,Go for it,NA,NA,NA,NA,NA,NA,NA,NA,NA,NA,Toss Up,Go for it,Andy Reid,Ken Whisenhunt,14:05,NA,NA,NA,NA,NA,NA,NA,NA,NA,NA
172,2012_03_PHI_ARI,2012092309,ARI,PHI,REG,3,ARI,home,PHI,ARI,51,2012-09-23,805,1705,3505,Half1,0,2,0,1,1,0,13:25,ARI 49,10,36,(13:25) (Shotgun) 4-K.Kolb pass short right to 11-L.Fitzgerald to PHI 35 for 16 yards (59-D.Ryans).,pass,16,1,0,1,0,0,0,short,right,9,7,NA,NA,NA,NA,NA,NA,3,3,0,NA,NA,NA,NA,3,3,0,0,0,0,0,0,0,0,0.002067127963528037,0.0975147932767868,0.001052827574312687,0.13528300821781158,0.3008846044540405,0.005318989511579275,0.45787864923477173,0,0,2.8768112445250154,1.0022570820292458,4.086475225049071,-4.086475225049071,0.12845142045989633,-0.12845142045989633,4.05732425802853,-4.05732425802853,0.6657316790660843,0.33652540296316147,0.6657316790660843,0.33652540296316147,1.321948450873606,-1.321948450873606,0.6242279293946922,-0.6242279293946922,-2.53702622523997,2.53702622523997,6.594350483268499,-6.594350483268499,0.6515804529190063,0.34841954708099365,0.6515804529190063,0.34841954708099365,0.04726004600524902,0.03465530276298523,0.03465530276298523,0.6988404989242554,0.30115950107574463,0.48173192143440247,0.48173192143440247,0.013303905725479126,-0.013303905725479126,0.12967923283576965,-0.12967923283576965,0,0.04726004600524902,0,0.04726004600524902,0,0,0.06422317028045654,-0.06422317028045654,0,0,0.12967923283576965,-0.12967923283576965,0,0,1,0,0,0,0,0,0,0,0,0,0,0,0,0,0,0,0,0,0,0,0,0,1,0,0,0,0,0,0,0,0,1,0,0,0,0,0,0,0,0,0,0,0,1,0,0,0,0,0,00-0025423,K.Kolb,16,00-0022921,L.Fitzgerald,16,NA,NA,NA,NA,NA,NA,NA,NA,NA,NA,NA,NA,NA,NA,NA,NA,NA,NA,NA,NA,NA,NA,NA,NA,NA,NA,NA,NA,NA,NA,NA,NA,NA,NA,NA,NA,NA,NA,NA,NA,NA,NA,NA,NA,NA,PHI,NA,00-0024248,NA,D.Ryans,NA,NA,NA,NA,NA,NA,NA,NA,NA,NA,NA,NA,NA,0,NA,NA,NA,NA,NA,NA,NA,NA,NA,NA,NA,NA,NA,NA,NA,NA,NA,NA,NA,NA,NA,NA,NA,NA,NA,NA,NA,NA,NA,NA,NA,0,NA,NA,NA,NA,0,NA,NA,0,0,0,0,NA,NA,2012,0.6715249419212341,32.84750580787659,3,1,First down,172,"9/23/12, 16:05:33",2012-09-23T20:09:54Z,State Farm Stadium,"Temp: ° F, Wind: mph",10012012-0923-0983-16fc-87e5113fe1b7,0,0,PASS,0,NA,NA,NA,2,Field goal,2012-09-23T20:09:13Z,8,3:47,3,1,1,1,1,0,PUNT,FIELD_GOAL,14:05,10:18,ARI 35,PHI 29,148,302,6,27,Home,21,33,-3,42.5,0,closed,grass,NA,NA,Ken Whisenhunt,Andy Reid,PHO00,University of Phoenix Stadium,0,1,K.Kolb,4,NA,NA,L.Fitzgerald,11,1,0,1,0,1,00-0025423,NA,00-0022921,K.Kolb,4,00-0025423,L.Fitzgerald,00-0022921,L.Fitzgerald,00-0022921,0,0,1.0022570820292458,0.14914791155755935,3.1654323370894417,1,0.9993763419333845,0.5470807124511339,0.4453553259372711,55.46446740627289,2012,Go for it,NA,NA,NA,NA,NA,NA,NA,NA,NA,NA,Toss Up,Go for it,Andy Reid,Ken Whisenhunt,13:25,NA,NA,NA,NA,NA,NA,NA,NA,NA,NA
196,2012_03_PHI_ARI,2012092309,ARI,PHI,REG,3,ARI,home,PHI,PHI,35,2012-09-23,766,1666,3466,Half1,0,2,0,1,1,0,12:46,PHI 35,10,36,(12:46) 26-C.Wells left tackle to PHI 33 for 2 yards (58-T.Cole).,run,2,0,0,0,0,0,0,NA,NA,NA,NA,left,tackle,NA,NA,NA,NA,3,3,0,NA,NA,NA,NA,3,3,0,0,0,0,0,0,0,0,0.0015967738581821322,0.05250052362680435,7.232814677990973e-4,0.07612748444080353,0.3741416037082672,0.003177720820531249,0.491732656955719,0,0,3.879068326554261,-0.3090905612334609,3.77738466381561,-3.77738466381561,-0.18063914077356458,0.18063914077356458,4.05732425802853,-4.05732425802853,NA,NA,0,0,1.321948450873606,-1.321948450873606,0.6242279293946922,-0.6242279293946922,-2.53702622523997,2.53702622523997,6.594350483268499,-6.594350483268499,0.6988404989242554,0.30115950107574463,0.6988404989242554,0.30115950107574463,-0.010971367359161377,-0.012242794036865234,-0.012242794036865234,0.687869131565094,0.312130868434906,0.5163872241973877,0.5163872241973877,0.002332538366317749,-0.002332538366317749,0.12967923283576965,-0.12967923283576965,NA,NA,0,0,0,0,0.06422317028045654,-0.06422317028045654,0,0,0.12967923283576965,-0.12967923283576965,0,0,0,0,0,0,0,0,0,0,0,0,0,0,0,0,0,0,0,0,0,0,0,0,1,0,0,0,0,0,0,0,1,0,0,0,0,0,0,0,0,0,0,0,0,0,0,0,0,0,0,NA,NA,NA,NA,NA,NA,00-0027007,C.Wells,2,NA,NA,NA,NA,NA,NA,NA,NA,NA,NA,NA,NA,NA,NA,NA,NA,NA,NA,NA,NA,NA,NA,NA,NA,NA,NA,NA,NA,NA,NA,NA,NA,NA,NA,NA,NA,NA,NA,NA,NA,NA,NA,PHI,NA,00-0023579,NA,T.Cole,NA,NA,NA,NA,NA,NA,NA,NA,NA,NA,NA,NA,NA,0,NA,NA,NA,NA,NA,NA,NA,NA,NA,NA,NA,NA,NA,NA,NA,NA,NA,NA,NA,NA,NA,NA,NA,NA,NA,NA,NA,NA,NA,NA,NA,0,NA,NA,NA,NA,0,NA,NA,0,0,0,0,NA,NA,2012,NA,NA,4,1,First down,196,"9/23/12, 16:05:33",2012-09-23T20:10:33Z,State Farm Stadium,"Temp: ° F, Wind: mph",10012012-0923-0983-16fc-87e5113fe1b7,0,0,RUSH,0,NA,NA,NA,2,Field goal,2012-09-23T20:09:13Z,8,3:47,3,1,1,1,1,0,PUNT,FIELD_GOAL,14:05,10:18,ARI 35,PHI 29,148,302,6,27,Home,21,33,-3,42.5,0,closed,grass,NA,NA,Ken Whisenhunt,Andy Reid,PHO00,University of Phoenix Stadium,0,0,NA,NA,C.Wells,26,NA,NA,0,1,0,0,1,NA,00-0027007,NA,C.Wells,26,00-0027007,C.Wells,00-0027007,C.Wells,00-0027007,0,0,-0.3090905612334609,NA,NA,NA,NA,NA,0.4386514127254486,-43.86514127254486,2012,Go for it,NA,NA,NA,NA,NA,NA,NA,NA,NA,NA,Toss Up,Go for it,Andy Reid,Ken Whisenhunt,12:46,NA,NA,NA,NA,NA,NA,NA,NA,NA,NA
217,2012_03_PHI_ARI,2012092309,ARI,PHI,REG,3,ARI,home,PHI,PHI,33,2012-09-23,725,1625,3425,Half1,0,2,0,1,2,0,12:05,PHI 33,8,36,(12:05) (Shotgun) 4-K.Kolb pass short left to 34-R.Williams pushed ob at PHI 21 for 12 yards (95-M.Kendricks).,pass,12,1,0,1,0,0,0,short,left,-1,13,NA,NA,NA,NA,NA,NA,3,3,0,NA,NA,NA,NA,3,3,0,0,0,0,0,0,0,0,0.0017063138075172901,0.05940966680645943,7.456711609847844e-4,0.08148631453514099,0.4157329201698303,0.002705994062125683,0.4382130801677704,0,0,3.5699777653208002,1.200515844160691,4.977900507976301,-4.977900507976301,-0.18063914077356458,0.18063914077356458,5.2578401021892205,-5.2578401021892205,-0.8912727672141045,2.0917886113747954,-0.8912727672141045,2.0917886113747954,0.4306756836595014,-0.4306756836595014,2.7160165407694876,-2.7160165407694876,-3.4282989924540743,3.4282989924540743,8.686139094643295,-8.686139094643295,0.687869131565094,0.312130868434906,0.687869131565094,0.312130868434906,0.028233051300048828,0.04521268606185913,0.04521268606185913,0.7161021828651428,0.2838978171348572,0.5041444301605225,0.5041444301605225,0.002332538366317749,-0.002332538366317749,0.15791228413581848,-0.15791228413581848,0,0.028233051300048828,0,0.028233051300048828,0,0,0.09245622158050537,-0.09245622158050537,0,0,0.15791228413581848,-0.15791228413581848,0,0,1,0,0,0,0,0,0,0,0,0,0,0,0,0,0,0,0,0,0,0,0,0,1,0,0,0,0,0,0,0,0,1,0,0,0,0,0,0,0,0,0,0,0,1,0,0,0,0,0,00-0025423,K.Kolb,12,00-0027976,R.Williams,12,NA,NA,NA,NA,NA,NA,NA,NA,NA,NA,NA,NA,NA,NA,NA,NA,NA,NA,NA,NA,NA,NA,NA,NA,NA,NA,NA,NA,NA,NA,NA,NA,NA,NA,NA,NA,NA,NA,NA,NA,NA,NA,NA,NA,NA,PHI,NA,00-0029409,NA,M.Kendricks,NA,NA,NA,NA,NA,NA,NA,NA,NA,NA,NA,NA,NA,0,NA,NA,NA,NA,NA,NA,NA,NA,NA,NA,NA,NA,NA,NA,NA,NA,NA,NA,NA,NA,NA,NA,NA,NA,NA,NA,NA,NA,NA,NA,NA,0,NA,NA,NA,NA,0,NA,NA,0,0,0,0,NA,NA,2012,0.8440399765968323,15.596002340316772,4,1,First down,217,"9/23/12, 16:05:33",2012-09-23T20:11:14Z,State Farm Stadium,"Temp: ° F, Wind: mph",10012012-0923-0983-16fc-87e5113fe1b7,0,0,PASS,0,NA,NA,NA,2,Field goal,2012-09-23T20:09:13Z,8,3:47,3,1,1,1,1,0,PUNT,FIELD_GOAL,14:05,10:18,ARI 35,PHI 29,148,302,6,27,Home,21,33,-3,42.5,0,closed,grass,NA,NA,Ken Whisenhunt,Andy Reid,PHO00,University of Phoenix Stadium,0,1,K.Kolb,4,NA,NA,R.Williams,34,1,0,1,0,1,00-0025423,NA,00-0027976,K.Kolb,4,00-0025423,R.Williams,00-0027976,R.Williams,00-0027976,1,0,1.200515844160691,1.195336219767297,7.560827565030195,6,0.5496523270849138,0.3291949371341616,0.6782882213592529,32.17117786407471,2012,Go for it,NA,NA,NA,NA,NA,NA,NA,NA,NA,NA,Toss Up,Go for it,Andy Reid,Ken Whisenhunt,12:05,NA,NA,NA,NA,NA,NA,NA,NA,NA,NA
241,2012_03_PHI_ARI,2012092309,ARI,PHI,REG,3,ARI,home,PHI,PHI,21,2012-09-23,712,1612,3412,Half1,0,2,0,1,1,0,11:52,PHI 21,10,36,(11:52) 26-C.Wells left tackle to PHI 17 for 4 yards (55-D.Tapp).,run,4,0,0,0,0,0,0,NA,NA,NA,NA,left,tackle,NA,NA,NA,NA,3,3,0,NA,NA,NA,NA,3,3,0,0,0,0,0,0,0,0,0.001257493975572288,0.027410797774791718,5.17833570484072e-4,0.030240753665566444,0.37764111161231995,0.0016000581672415137,0.5613319277763367,0,0,4.770493609481491,-0.08976419910322875,4.888136308873072,-4.888136308873072,-0.2704033398767933,0.2704033398767933,5.2578401021892205,-5.2578401021892205,NA,NA,0,0,0.4306756836595014,-0.4306756836595014,2.7160165407694876,-2.7160165407694876,-3.4282989924540743,3.4282989924540743,8.686139094643295,-8.686139094643295,0.7161021828651428,0.2838978171348572,0.7161021828651428,0.2838978171348572,-0.0040315985679626465,5.849599838256836e-4,5.849599838256836e-4,0.7120705842971802,0.2879294157028198,0.5493571162223816,0.5493571162223816,-0.0016990602016448975,0.0016990602016448975,0.15791228413581848,-0.15791228413581848,NA,NA,0,0,0,0,0.09245622158050537,-0.09245622158050537,0,0,0.15791228413581848,-0.15791228413581848,0,0,0,0,0,0,0,0,0,0,0,0,0,0,0,0,0,0,0,0,0,0,0,0,1,0,0,0,0,0,0,0,1,0,0,0,0,0,0,0,0,0,0,0,0,0,0,0,0,0,0,NA,NA,NA,NA,NA,NA,00-0027007,C.Wells,4,NA,NA,NA,NA,NA,NA,NA,NA,NA,NA,NA,NA,NA,NA,NA,NA,NA,NA,NA,NA,NA,NA,NA,NA,NA,NA,NA,NA,NA,NA,NA,NA,NA,NA,NA,NA,NA,NA,NA,NA,NA,NA,PHI,NA,00-0024278,NA,D.Tapp,NA,NA,NA,NA,NA,NA,NA,NA,NA,NA,NA,NA,NA,0,NA,NA,NA,NA,NA,NA,NA,NA,NA,NA,NA,NA,NA,NA,NA,NA,NA,NA,NA,NA,NA,NA,NA,NA,NA,NA,NA,NA,NA,NA,NA,0,NA,NA,NA,NA,0,NA,NA,0,0,0,0,NA,NA,2012,NA,NA,5,0,Field goal,241,"9/23/12, 16:05:33",2012-09-23T20:11:45Z,State Farm Stadium,"Temp: ° F, Wind: mph",10012012-0923-0983-16fc-87e5113fe1b7,0,0,RUSH,0,NA,NA,NA,2,Field goal,2012-09-23T20:09:13Z,8,3:47,3,1,1,1,1,0,PUNT,FIELD_GOAL,14:05,10:18,ARI 35,PHI 29,148,302,6,27,Home,21,33,-3,42.5,0,closed,grass,NA,NA,Ken Whisenhunt,Andy Reid,PHO00,University of Phoenix Stadium,0,0,NA,NA,C.Wells,26,NA,NA,0,1,0,0,1,NA,00-0027007,NA,C.Wells,26,00-0027007,C.Wells,00-0027007,C.Wells,00-0027007,0,0,-0.08976419910322875,NA,NA,NA,NA,NA,0.4028969705104828,-40.28969705104828,2012,Go for it,NA,NA,NA,NA,NA,NA,NA,NA,NA,NA,Toss Up,Go for it,Andy Reid,Ken Whisenhunt,11:52,NA,NA,NA,NA,NA,NA,NA,NA,NA,NA
262,2012_03_PHI_ARI,2012092309,ARI,PHI,REG,3,ARI,home,PHI,PHI,17,2012-09-23,674,1574,3374,Half1,0,2,0,1,2,0,11:14,PHI 17,6,36,(11:14) (Shotgun) 21-P.Peterson left end pushed ob at PHI 21 for -4 yards (24-N.Asomugha).,run,-4,1,0,0,0,0,0,NA,NA,NA,NA,left,end,NA,NA,NA,NA,3,3,0,NA,NA,NA,NA,3,3,0,0,0,0,0,0,0,0,0.0015217019245028496,0.026325276121497154,4.573642509058118e-4,0.02616962417960167,0.41673749685287476,0.0015849634073674679,0.5272035598754883,0,0,4.680729410378262,-0.9643276412971318,3.9238086675759405,-3.9238086675759405,-1.234730981173925,1.234730981173925,5.2578401021892205,-5.2578401021892205,NA,NA,0,0,0.4306756836595014,-0.4306756836595014,2.7160165407694876,-2.7160165407694876,-3.4282989924540743,3.4282989924540743,8.686139094643295,-8.686139094643295,0.7120705842971802,0.2879294157028198,0.7120705842971802,0.2879294157028198,-0.026558101177215576,-0.03705638647079468,-0.03705638647079468,0.6855124831199646,0.3144875168800354,0.5499420762062073,0.5499420762062073,-0.028257161378860474,0.028257161378860474,0.15791228413581848,-0.15791228413581848,NA,NA,0,0,0,0,0.09245622158050537,-0.09245622158050537,0,0,0.15791228413581848,-0.15791228413581848,0,0,0,0,0,0,0,0,0,0,0,0,0,0,0,0,0,0,0,0,0,0,0,0,1,0,0,1,0,0,0,0,1,0,0,0,0,0,0,0,0,0,0,0,0,0,0,0,0,0,0,NA,NA,NA,NA,NA,NA,00-0027943,P.Peterson,-4,NA,NA,NA,NA,NA,NA,NA,NA,NA,NA,NA,NA,NA,NA,NA,NA,NA,NA,NA,NA,NA,NA,NA,NA,NA,NA,NA,NA,00-0022077,N.Asomugha,NA,NA,NA,NA,NA,NA,NA,NA,NA,NA,NA,NA,PHI,NA,00-0022077,NA,N.Asomugha,NA,NA,NA,NA,NA,NA,NA,NA,NA,NA,NA,NA,NA,0,NA,NA,NA,NA,NA,NA,NA,NA,NA,NA,NA,NA,NA,NA,NA,NA,NA,NA,NA,NA,NA,NA,NA,NA,NA,NA,NA,NA,NA,NA,NA,0,NA,NA,NA,NA,0,NA,NA,0,0,0,0,NA,NA,2012,NA,NA,5,0,Field goal,262,"9/23/12, 16:05:33",2012-09-23T20:12:24Z,State Farm Stadium,"Temp: ° F, Wind: mph",10012012-0923-0983-16fc-87e5113fe1b7,0,0,RUSH,0,NA,NA,NA,2,Field goal,2012-09-23T20:09:13Z,8,3:47,3,1,1,1,1,0,PUNT,FIELD_GOAL,14:05,10:18,ARI 35,PHI 29,148,302,6,27,Home,21,33,-3,42.5,0,closed,grass,NA,NA,Ken Whisenhunt,Andy Reid,PHO00,University of Phoenix Stadium,0,0,NA,NA,P.Peterson,21,NA,NA,0,1,0,0,1,NA,00-0027943,NA,P.Peterson,21,00-0027943,P.Peterson,00-0027943,P.Peterson,00-0027943,1,0,-0.9643276412971318,NA,NA,NA,NA,NA,0.5487143993377686,-54.871439933776855,2012,Go for it,NA,NA,NA,NA,NA,NA,NA,NA,NA,NA,Toss Up,Go for it,Andy Reid,Ken Whisenhunt,11:14,NA,NA,NA,NA,NA,NA,NA,NA,NA,NA
283,2012_03_PHI_ARI,2012092309,ARI,PHI,REG,3,ARI,home,PHI,PHI,21,2012-09-23,643,1543,3343,Half1,0,2,0,1,3,0,10:43,PHI 21,10,36,(10:43) (Shotgun) 4-K.Kolb sacked at PHI 29 for -8 yards (sack split by 58-T.Cole and 93-J.Babin).,pass,-8,1,0,1,0,0,0,NA,NA,NA,NA,NA,NA,NA,NA,NA,NA,3,3,0,NA,NA,NA,NA,3,3,0,0,0,0,0,0,0,0,0.0016187771689146757,0.03783971443772316,5.617429269477725e-4,0.03910152241587639,0.5832120776176453,0.0017087962478399277,0.3359573185443878,0,0,3.7164017690811306,-1.9960500652512863,1.9277586023246542,-1.9277586023246542,-1.234730981173925,1.234730981173925,3.261790036937934,-3.261790036937934,NA,NA,0,0,0.4306756836595014,-0.4306756836595014,2.7160165407694876,-2.7160165407694876,-3.4282989924540743,3.4282989924540743,8.686139094643295,-8.686139094643295,0.6855124831199646,0.3144875168800354,0.6855124831199646,0.3144875168800354,-0.04023653268814087,-0.05819365382194519,-0.05819365382194519,0.6452759504318237,0.35472404956817627,0.5128856897354126,0.5128856897354126,-0.028257161378860474,0.028257161378860474,0.11767575144767761,-0.11767575144767761,NA,NA,0,0,0,0,0.09245622158050537,-0.09245622158050537,0,0,0.15791228413581848,-0.15791228413581848,0,0,0,0,0,1,0,0,0,0,0,0,0,0,0,0,0,0,0,0,0,0,0,0,0,0,0,0,0,0,0,1,0,1,1,0,0,0,0,0,0,0,0,0,0,0,1,0,0,0,0,00-0025423,K.Kolb,NA,NA,NA,NA,NA,NA,NA,NA,NA,NA,NA,NA,NA,NA,NA,NA,NA,NA,NA,NA,NA,NA,NA,NA,NA,NA,NA,NA,NA,NA,NA,NA,NA,NA,NA,NA,NA,NA,NA,00-0023579,T.Cole,00-0022695,J.Babin,NA,NA,NA,NA,NA,NA,NA,NA,NA,NA,NA,NA,00-0023579,T.Cole,PHI,00-0022695,J.Babin,PHI,NA,NA,NA,NA,NA,NA,0,NA,NA,NA,NA,NA,NA,NA,NA,NA,NA,NA,NA,NA,NA,NA,NA,NA,NA,NA,NA,NA,NA,NA,NA,NA,NA,00-0023579,T.Cole,00-0022695,J.Babin,NA,0,NA,NA,NA,NA,0,NA,NA,0,0,0,0,NA,NA,2012,NA,NA,5,0,Field goal,283,"9/23/12, 16:05:33",2012-09-23T20:13:07Z,State Farm Stadium,"Temp: ° F, Wind: mph",10012012-0923-0983-16fc-87e5113fe1b7,0,0,SACK,0,NA,NA,NA,2,Field goal,2012-09-23T20:09:13Z,8,3:47,3,1,1,1,1,0,PUNT,FIELD_GOAL,14:05,10:18,ARI 35,PHI 29,148,302,6,27,Home,21,33,-3,42.5,0,closed,grass,NA,NA,Ken Whisenhunt,Andy Reid,PHO00,University of Phoenix Stadium,0,0,K.Kolb,4,NA,NA,NA,NA,1,0,0,0,1,00-0025423,NA,NA,K.Kolb,4,00-0025423,NA,NA,NA,NA,0,0,-1.9960500652512863,NA,NA,NA,NA,NA,0.9507998824119568,4.920011758804321,2012,Go for it,NA,NA,NA,NA,NA,NA,NA,NA,NA,NA,Toss Up,Go for it,Andy Reid,Ken Whisenhunt,10:43,NA,NA,NA,NA,NA,NA,NA,NA,NA,NA
302,2012_03_PHI_ARI,2012092309,ARI,PHI,REG,3,ARI,home,PHI,PHI,29,2012-09-23,643,1543,3343,Half1,0,2,1,1,4,0,10:43,PHI 29,18,36,"(10:43) 3-J.Feely 47 yard field goal is GOOD, Center-82-M.Leach, Holder-9-D.Zastudil.",field_goal,0,0,0,0,0,0,0,NA,NA,NA,NA,NA,NA,made,47,NA,NA,3,3,0,NA,NA,NA,NA,3,3,3,0,0,0,0,3,0,3,6.903002479715961e-4,0.06386662298811166,0.0013562369406934416,0.10703078243167681,0.7808818337121456,3.97117056599881e-4,0.04577711263538104,0,0,1.7203517038298444,1.2796482961701556,3.20740689849481,-3.20740689849481,-1.234730981173925,1.234730981173925,3.261790036937934,-3.261790036937934,NA,NA,0,0,0.4306756836595014,-0.4306756836595014,2.7160165407694876,-2.7160165407694876,-3.4282989924540743,3.4282989924540743,8.686139094643295,-8.686139094643295,0.6452759504318237,0.35472404956817627,0.6452759504318237,0.35472404956817627,0.02172189950942993,0.03830251097679138,0.03830251097679138,0.6669978499412537,0.33300215005874634,0.4546920359134674,0.4546920359134674,-0.028257161378860474,0.028257161378860474,0.11767575144767761,-0.11767575144767761,NA,NA,0,0,0,0,0.09245622158050537,-0.09245622158050537,0,0,0.15791228413581848,-0.15791228413581848,0,0,0,0,0,0,0,0,0,0,0,0,0,0,0,0,0,0,0,0,0,0,0,0,0,0,0,0,0,0,0,0,0,0,0,0,0,0,0,0,0,1,0,0,0,0,0,0,0,0,0,NA,NA,NA,NA,NA,NA,NA,NA,NA,NA,NA,NA,NA,NA,NA,NA,NA,NA,NA,NA,NA,NA,NA,NA,NA,NA,NA,NA,NA,NA,NA,J.Feely,00-0019770,NA,NA,NA,NA,NA,NA,NA,NA,NA,NA,NA,NA,NA,NA,NA,NA,NA,NA,NA,NA,NA,NA,NA,NA,NA,NA,NA,NA,NA,NA,NA,NA,NA,NA,NA,NA,0,NA,NA,NA,NA,NA,NA,NA,NA,NA,NA,NA,NA,NA,NA,NA,NA,NA,NA,NA,NA,NA,NA,NA,NA,NA,NA,NA,NA,NA,NA,NA,0,NA,NA,NA,NA,0,NA,NA,0,0,0,0,NA,NA,2012,NA,NA,5,0,Field goal,302,"9/23/12, 16:05:33",NA,State Farm Stadium,"Temp: ° F, Wind: mph",10012012-0923-0983-16fc-87e5113fe1b7,0,0,FIELD_GOAL,0,NA,NA,NA,2,Field goal,2012-09-23T20:09:13Z,8,3:47,3,1,1,1,1,0,PUNT,FIELD_GOAL,14:05,10:18,ARI 35,PHI 29,148,302,6,27,Home,21,33,-3,42.5,0,closed,grass,NA,NA,Ken Whisenhunt,Andy Reid,PHO00,University of Phoenix Stadium,0,1,NA,NA,NA,NA,NA,NA,0,0,0,1,0,NA,NA,NA,NA,NA,NA,NA,NA,NA,NA,0,0,1.2796482961701556,NA,NA,NA,NA,NA,NA,NA,2012,Field Goal,NA,0.07044393105024938,0.5511325683268463,NA,NA,NA,0.5284931734204292,0.5841409284621477,NA,NA,Toss Up,Field Goal,Andy Reid,Ken Whisenhunt,10:43,0.7808818337121456,78,NA,7,55,NA,NA,NA,58,53
336,2012_03_PHI_ARI,2012092309,ARI,PHI,REG,3,PHI,away,ARI,ARI,35,2012-09-23,618,1518,3318,Half1,0,3,0,1,NA,0,10:18,ARI 35,0,16,3-J.Feely kicks 67 yards from ARI 35 to PHI -2. 22-B.Boykin ran ob at PHI 22 for 24 yards (39-J.Sanders).,kickoff,0,0,0,0,0,0,0,NA,NA,NA,NA,NA,NA,NA,67,NA,NA,3,3,0,NA,NA,NA,NA,3,3,3,0,0,3,-3,0,3,-3,0.002969858469441533,0.17133066058158875,0.005002177320420742,0.2854722738265991,0.20964446663856506,0.003332986729219556,0.32224756479263306,0,0,0.36903007375076413,-0.03556725662201643,3.2429741551168263,-3.2429741551168263,-1.234730981173925,1.234730981173925,3.261790036937934,-3.261790036937934,NA,NA,0,0,0.4306756836595014,-0.4306756836595014,2.7160165407694876,-2.7160165407694876,-3.4282989924540743,3.4282989924540743,8.686139094643295,-8.686139094643295,0.33300215005874634,0.6669978499412537,0.6669978499412537,0.33300215005874634,0.010869234800338745,5.77390193939209e-4,-5.77390193939209e-4,0.6561286151409149,0.3438713848590851,0.5070054531097412,0.4929945468902588,-0.028257161378860474,0.028257161378860474,0.11767575144767761,-0.11767575144767761,NA,NA,0,0,0,0,0.09245622158050537,-0.09245622158050537,0,0,0.15791228413581848,-0.15791228413581848,0,0,0,0,0,0,0,0,0,0,0,0,0,0,0,0,0,1,0,0,0,0,0,0,1,0,0,0,0,0,0,0,0,0,0,0,0,0,0,0,0,0,1,0,0,0,0,0,0,0,0,NA,NA,NA,NA,NA,NA,NA,NA,NA,NA,NA,NA,NA,NA,NA,NA,NA,NA,NA,NA,NA,NA,NA,NA,NA,B.Boykin,00-0029416,NA,NA,NA,NA,J.Feely,00-0019770,NA,NA,NA,NA,NA,NA,NA,NA,NA,NA,NA,NA,NA,NA,NA,NA,NA,NA,ARI,NA,00-0023567,NA,J.Sanders,NA,NA,NA,NA,NA,NA,NA,NA,NA,NA,NA,NA,NA,0,NA,NA,NA,NA,NA,NA,NA,NA,NA,NA,NA,NA,NA,NA,NA,NA,NA,NA,NA,NA,NA,NA,NA,NA,NA,NA,NA,NA,NA,NA,PHI,24,NA,NA,NA,NA,0,NA,NA,0,0,0,0,NA,NA,2012,NA,NA,6,1,First down,336,"9/23/12, 16:05:33",NA,State Farm Stadium,"Temp: ° F, Wind: mph",10012012-0923-0983-16fc-87e5113fe1b7,0,0,KICK_OFF,1,NA,NA,NA,3,Punt,NA,6,3:45,1,0,0,1,1,0,KICKOFF,PUNT,10:18,06:33,PHI 22,PHI 38,336,506,6,27,Home,21,33,-3,42.5,0,closed,grass,NA,NA,Ken Whisenhunt,Andy Reid,PHO00,University of Phoenix Stadium,0,0,NA,NA,NA,NA,NA,NA,0,0,0,1,0,NA,NA,NA,NA,NA,NA,NA,NA,NA,NA,1,0,-0.03556725662201643,NA,NA,NA,NA,NA,NA,NA,2012,Other,NA,NA,NA,NA,NA,NA,NA,NA,NA,NA,Toss Up,Other,Andy Reid,Ken Whisenhunt,10:18,NA,NA,NA,NA,NA,NA,NA,NA,NA,NA
375,2012_03_PHI_ARI,2012092309,ARI,PHI,REG,3,PHI,away,ARI,PHI,78,2012-09-23,613,1513,3313,Half1,0,3,0,1,1,0,10:13,PHI 22,10,16,(10:13) 25-L.McCoy right tackle to PHI 22 for no gain (92-D.Williams).,run,0,0,0,0,0,0,0,NA,NA,NA,NA,right,tackle,NA,NA,NA,NA,3,3,0,NA,NA,NA,NA,3,3,3,0,0,3,-3,0,3,-3,0.0031799953430891037,0.16352201998233795,0.0049674492329359055,0.2930969297885895,0.210943803191185,0.003443528665229678,0.3208462595939636,0,0,0.3334628171287477,-0.5084516350179911,3.7514257901348174,-3.7514257901348174,-0.726279346155934,0.726279346155934,3.261790036937934,-3.261790036937934,NA,NA,0,0,0.4306756836595014,-0.4306756836595014,2.7160165407694876,-2.7160165407694876,-3.4282989924540743,3.4282989924540743,8.686139094643295,-8.686139094643295,0.3438713848590851,0.6561286151409149,0.6561286151409149,0.3438713848590851,-0.021169006824493408,-0.020368218421936035,0.020368218421936035,0.6772976219654083,0.3227023780345917,0.5075828433036804,0.4924171566963196,-0.007088154554367065,0.007088154554367065,0.11767575144767761,-0.11767575144767761,NA,NA,0,0,0,0,0.09245622158050537,-0.09245622158050537,0,0,0.15791228413581848,-0.15791228413581848,0,0,0,0,0,0,0,0,0,0,0,0,0,0,0,0,0,0,0,0,0,0,0,0,1,0,0,0,0,0,0,0,1,0,0,0,0,0,0,0,0,0,0,0,0,0,0,0,0,0,0,NA,NA,NA,NA,NA,NA,00-0027029,L.McCoy,0,NA,NA,NA,NA,NA,NA,NA,NA,NA,NA,NA,NA,NA,NA,NA,NA,NA,NA,NA,NA,NA,NA,NA,NA,NA,NA,NA,NA,NA,NA,NA,NA,NA,NA,NA,NA,NA,NA,NA,NA,NA,NA,ARI,NA,00-0027877,NA,D.Williams,NA,NA,NA,NA,NA,NA,NA,NA,NA,NA,NA,NA,NA,0,NA,NA,NA,NA,NA,NA,NA,NA,NA,NA,NA,NA,NA,NA,NA,NA,NA,NA,NA,NA,NA,NA,NA,NA,NA,NA,NA,NA,NA,NA,NA,0,NA,NA,NA,NA,0,NA,NA,0,0,0,0,NA,NA,2012,NA,NA,6,1,First down,375,"9/23/12, 16:05:33",2012-09-23T20:18:48Z,State Farm Stadium,"Temp: ° F, Wind: mph",10012012-0923-0983-16fc-87e5113fe1b7,0,0,RUSH,0,NA,NA,NA,3,Punt,NA,6,3:45,1,0,0,1,1,0,KICKOFF,PUNT,10:18,06:33,PHI 22,PHI 38,336,506,6,27,Home,21,33,-3,42.5,0,closed,grass,NA,NA,Ken Whisenhunt,Andy Reid,PHO00,University of Phoenix Stadium,0,0,NA,NA,L.McCoy,25,NA,NA,0,1,0,0,1,NA,00-0027029,NA,L.McCoy,25,00-0027029,L.McCoy,00-0027029,L.McCoy,00-0027029,0,0,-0.5084516350179911,NA,NA,NA,NA,NA,0.4819054901599884,-48.19054901599884,2012,Go for it,NA,NA,NA,NA,NA,NA,NA,NA,NA,NA,Toss Up,Go for it,Andy Reid,Ken Whisenhunt,10:13,NA,NA,NA,NA,NA,NA,NA,NA,NA,NA
396,2012_03_PHI_ARI,2012092309,ARI,PHI,REG,3,PHI,away,ARI,PHI,78,2012-09-23,576,1476,3276,Half1,0,3,0,1,2,0,09:36,PHI 22,10,16,(9:36) 7-M.Vick pass short left to 25-L.McCoy to PHI 26 for 4 yards (94-S.Acho).,pass,4,0,0,1,0,0,0,short,left,-3,7,NA,NA,NA,NA,NA,NA,3,3,0,NA,NA,NA,NA,3,3,3,0,0,3,-3,0,3,-3,0.003910230007022619,0.18109583854675293,0.005508231930434704,0.3213993012905121,0.19254133105278015,0.0034657984506338835,0.29207924008369446,0,0,-0.17498881788924336,-0.13690993702039123,3.8883357271552086,-3.8883357271552086,-0.726279346155934,0.726279346155934,3.3986999739583252,-3.3986999739583252,-1.2084745997563004,1.0715646627359092,-1.2084745997563004,1.0715646627359092,1.6391502834158018,-1.6391502834158018,1.6444518780335784,-1.6444518780335784,-2.219824392697774,2.219824392697774,7.614574431907386,-7.614574431907386,0.3227023780345917,0.6772976219654083,0.6772976219654083,0.3227023780345917,-0.008837133646011353,-0.01330682635307312,0.01330682635307312,0.6861347556114197,0.3138652443885803,0.4872146248817444,0.5127853751182556,-0.007088154554367065,0.007088154554367065,0.12651288509368896,-0.12651288509368896,0,-0.008837133646011353,0,-0.008837133646011353,0,0,0.10129335522651672,-0.10129335522651672,0,0,0.16674941778182983,-0.16674941778182983,0,0,0,0,0,0,0,0,0,0,0,0,0,0,0,0,0,0,0,0,0,0,0,0,1,0,0,0,0,0,0,0,0,1,0,0,0,0,0,0,0,0,0,0,0,1,0,0,0,0,0,00-0020245,M.Vick,4,00-0027029,L.McCoy,4,NA,NA,NA,NA,NA,NA,NA,NA,NA,NA,NA,NA,NA,NA,NA,NA,NA,NA,NA,NA,NA,NA,NA,NA,NA,NA,NA,NA,NA,NA,NA,NA,NA,NA,NA,NA,NA,NA,NA,NA,NA,NA,NA,NA,NA,ARI,NA,00-0028041,NA,S.Acho,NA,NA,NA,NA,NA,NA,NA,NA,NA,NA,NA,NA,NA,0,NA,NA,NA,NA,NA,NA,NA,NA,NA,NA,NA,NA,NA,NA,NA,NA,NA,NA,NA,NA,NA,NA,NA,NA,NA,NA,NA,NA,NA,NA,NA,0,NA,NA,NA,NA,0,NA,NA,0,0,0,0,NA,NA,2012,0.8543611168861389,14.563888311386108,6,1,First down,396,"9/23/12, 16:05:33",2012-09-23T20:19:25Z,State Farm Stadium,"Temp: ° F, Wind: mph",10012012-0923-0983-16fc-87e5113fe1b7,0,0,PASS,0,NA,NA,NA,3,Punt,NA,6,3:45,1,0,0,1,1,0,KICKOFF,PUNT,10:18,06:33,PHI 22,PHI 38,336,506,6,27,Home,21,33,-3,42.5,0,closed,grass,NA,NA,Ken Whisenhunt,Andy Reid,PHO00,University of Phoenix Stadium,0,0,M.Vick,7,NA,NA,L.McCoy,25,1,0,0,0,1,00-0020245,NA,00-0027029,M.Vick,7,00-0020245,L.McCoy,00-0027029,L.McCoy,00-0027029,0,0,-0.13690993702039123,1.4182901621624093,9.437536777943023,8,0.47629747382598,0.2180707327206619,0.5080540180206299,49.19459819793701,2012,Go for it,NA,NA,NA,NA,NA,NA,NA,NA,NA,NA,Toss Up,Go for it,Andy Reid,Ken Whisenhunt,9:36,NA,NA,NA,NA,NA,NA,NA,NA,NA,NA
420,2012_03_PHI_ARI,2012092309,ARI,PHI,REG,3,PHI,away,ARI,PHI,74,2012-09-23,525,1425,3225,Half1,0,3,0,1,3,0,08:45,PHI 26,6,16,(8:45) (Shotgun) 7-M.Vick pass deep right to 13-D.Johnson to PHI 46 for 20 yards (39-J.Sanders) [93-C.Campbell].,pass,20,1,0,1,0,0,0,deep,right,20,0,NA,NA,NA,NA,NA,NA,3,3,0,NA,NA,NA,NA,3,3,3,0,0,3,-3,0,3,-3,0.005056873895227909,0.18436819314956665,0.005502090323716402,0.3281537592411041,0.19308267533779144,0.003363355528563261,0.28047308325767517,0,0,-0.3118987549096346,2.4058806556276977,1.4824550715275109,-1.4824550715275109,-0.726279346155934,0.726279346155934,0.9928193183306278,-0.9928193183306278,2.4058806556276977,0,2.4058806556276977,0,-0.7667303722118959,0.7667303722118959,1.6444518780335784,-1.6444518780335784,-4.625705048325472,4.625705048325472,7.614574431907386,-7.614574431907386,0.3138652443885803,0.6861347556114197,0.6861347556114197,0.3138652443885803,0.05409121513366699,0.0647365152835846,-0.0647365152835846,0.6320435404777527,0.3679564595222473,0.47390779852867126,0.5260922014713287,-0.007088154554367065,0.007088154554367065,0.07242166996002197,-0.07242166996002197,0.05409121513366699,0,0.05409121513366699,0,-0.05409121513366699,0.05409121513366699,0.10129335522651672,-0.10129335522651672,-0.05409121513366699,0.05409121513366699,0.16674941778182983,-0.16674941778182983,0,0,1,0,1,0,0,0,0,0,0,0,0,0,0,0,0,0,0,0,0,0,0,0,1,0,0,0,0,0,0,1,0,1,0,0,0,0,0,0,0,0,0,0,0,1,0,0,0,0,0,00-0020245,M.Vick,20,00-0029435,D.Johnson,20,NA,NA,NA,NA,NA,NA,NA,NA,NA,NA,NA,NA,NA,NA,NA,NA,NA,NA,NA,NA,NA,NA,NA,NA,NA,NA,NA,NA,NA,NA,NA,NA,NA,NA,NA,00-0026190,C.Campbell,NA,NA,NA,NA,NA,NA,NA,NA,ARI,NA,00-0023567,NA,J.Sanders,NA,NA,NA,NA,NA,NA,NA,NA,NA,NA,NA,NA,NA,0,NA,NA,NA,NA,NA,NA,NA,NA,NA,NA,NA,NA,NA,NA,NA,NA,NA,NA,NA,NA,NA,NA,NA,NA,NA,NA,NA,NA,NA,NA,NA,0,NA,NA,NA,NA,0,NA,NA,0,0,0,0,NA,NA,2012,0.3013582229614258,69.86417770385742,6,1,First down,420,"9/23/12, 16:05:33",2012-09-23T20:20:16Z,State Farm Stadium,"Temp: ° F, Wind: mph",10012012-0923-0983-16fc-87e5113fe1b7,0,0,PASS,0,NA,NA,NA,3,Punt,NA,6,3:45,1,0,0,1,1,0,KICKOFF,PUNT,10:18,06:33,PHI 22,PHI 38,336,506,6,27,Home,21,33,-3,42.5,0,closed,grass,NA,NA,Ken Whisenhunt,Andy Reid,PHO00,University of Phoenix Stadium,0,1,M.Vick,7,NA,NA,D.Johnson,13,1,0,1,0,1,00-0020245,NA,00-0029435,M.Vick,7,00-0020245,D.Johnson,00-0029435,D.Johnson,00-0029435,0,0,2.4058806556276977,0.39400983715768856,5.562931867461884,2,1,1,0.9741187691688538,2.588123083114624,2012,Go for it,NA,NA,NA,NA,NA,NA,NA,NA,NA,NA,Toss Up,Go for it,Andy Reid,Ken Whisenhunt,8:45,NA,NA,NA,NA,NA,NA,NA,NA,NA,NA
444,2012_03_PHI_ARI,2012092309,ARI,PHI,REG,3,PHI,away,ARI,PHI,54,2012-09-23,485,1385,3185,Half1,0,3,0,1,1,0,08:05,PHI 46,10,16,(8:05) 7-M.Vick sacked at PHI 35 for -11 yards (50-O.Schofield).,pass,-11,0,0,1,0,0,0,NA,NA,NA,NA,NA,NA,NA,NA,NA,NA,3,3,0,NA,NA,NA,NA,3,3,3,0,0,3,-3,0,3,-3,0.0046543339267373085,0.10713963210582733,0.001725121634081006,0.18674863874912262,0.2873575687408447,0.004520747810602188,0.407853901386261,0,0,2.093981900718063,-1.672664528246969,3.15511959977448,-3.15511959977448,-0.726279346155934,0.726279346155934,2.6654838465775965,-2.6654838465775965,NA,NA,0,0,-0.7667303722118959,0.7667303722118959,1.6444518780335784,-1.6444518780335784,-4.625705048325472,4.625705048325472,7.614574431907386,-7.614574431907386,0.3679564595222473,0.6320435404777527,0.6320435404777527,0.3679564595222473,-0.04458606243133545,-0.05267268419265747,0.05267268419265747,0.6766296029090881,0.32337039709091187,0.5386443138122559,0.46135568618774414,-0.007088154554367065,0.007088154554367065,0.11700773239135742,-0.11700773239135742,NA,NA,0,0,-0.05409121513366699,0.05409121513366699,0.10129335522651672,-0.10129335522651672,-0.05409121513366699,0.05409121513366699,0.16674941778182983,-0.16674941778182983,0,0,0,0,0,0,0,0,0,0,0,0,0,0,0,0,0,0,0,0,0,0,0,0,1,0,0,0,0,0,0,1,0,1,1,0,0,0,0,0,0,0,0,0,0,0,0,0,0,0,0,00-0020245,M.Vick,NA,NA,NA,NA,NA,NA,NA,NA,NA,NA,NA,NA,NA,NA,NA,NA,NA,NA,NA,NA,NA,NA,NA,NA,NA,NA,NA,NA,NA,NA,NA,NA,NA,NA,NA,00-0027730,O.Schofield,NA,NA,00-0027730,O.Schofield,NA,NA,NA,NA,NA,NA,NA,NA,ARI,NA,00-0027730,NA,O.Schofield,NA,NA,NA,NA,NA,NA,NA,NA,NA,NA,NA,NA,NA,0,NA,NA,NA,NA,NA,NA,NA,NA,NA,NA,NA,NA,NA,NA,NA,NA,NA,NA,NA,NA,NA,NA,NA,NA,00-0027730,O.Schofield,NA,NA,NA,NA,NA,0,NA,NA,NA,NA,0,NA,NA,0,0,0,0,NA,NA,2012,NA,NA,7,0,Punt,444,"9/23/12, 16:05:33",2012-09-23T20:20:56Z,State Farm Stadium,"Temp: ° F, Wind: mph",10012012-0923-0983-16fc-87e5113fe1b7,0,0,SACK,0,NA,NA,NA,3,Punt,NA,6,3:45,1,0,0,1,1,0,KICKOFF,PUNT,10:18,06:33,PHI 22,PHI 38,336,506,6,27,Home,21,33,-3,42.5,0,closed,grass,NA,NA,Ken Whisenhunt,Andy Reid,PHO00,University of Phoenix Stadium,0,0,M.Vick,7,NA,NA,NA,NA,1,0,0,0,1,00-0020245,NA,NA,M.Vick,7,00-0020245,NA,NA,NA,NA,0,0,-1.672664528246969,NA,NA,NA,NA,NA,0.48658111691474915,51.341888308525085,2012,Go for it,NA,NA,NA,NA,NA,NA,NA,NA,NA,NA,Toss Up,Go for it,Andy Reid,Ken Whisenhunt,8:05,NA,NA,NA,NA,NA,NA,NA,NA,NA,NA
463,2012_03_PHI_ARI,2012092309,ARI,PHI,REG,3,PHI,away,ARI,PHI,65,2012-09-23,452,1352,3152,Half1,0,3,0,1,2,0,07:32,PHI 35,21,16,"(7:32) 34-B.Brown left tackle to PHI 38 for 3 yards (51-P.Lenon, 94-S.Acho).",run,3,0,0,0,0,0,0,NA,NA,NA,NA,left,tackle,NA,NA,NA,NA,3,3,0,NA,NA,NA,NA,3,3,3,0,0,3,-3,0,3,-3,0.006588642485439777,0.16159303486347198,0.004589855205267668,0.2839757204055786,0.21722473204135895,0.006152780260890722,0.31987521052360535,0,0,0.42131737247109413,-0.6516569214873016,3.8067765212617815,-3.8067765212617815,-0.07462242466863245,0.07462242466863245,2.6654838465775965,-2.6654838465775965,NA,NA,0,0,-0.7667303722118959,0.7667303722118959,1.6444518780335784,-1.6444518780335784,-4.625705048325472,4.625705048325472,7.614574431907386,-7.614574431907386,0.32337039709091187,0.6766296029090881,0.6766296029090881,0.32337039709091187,-0.022640913724899292,-5.477666854858398e-4,5.477666854858398e-4,0.6992705166339874,0.3007294833660126,0.4859716296195984,0.5140283703804016,0.015552759170532227,-0.015552759170532227,0.11700773239135742,-0.11700773239135742,NA,NA,0,0,-0.05409121513366699,0.05409121513366699,0.10129335522651672,-0.10129335522651672,-0.05409121513366699,0.05409121513366699,0.16674941778182983,-0.16674941778182983,0,0,0,0,0,0,0,0,0,0,0,0,0,0,0,0,0,0,0,0,0,0,0,0,0,0,0,0,0,0,0,0,1,0,0,0,0,0,0,0,0,0,0,0,0,0,1,0,0,0,0,NA,NA,NA,NA,NA,NA,00-0029429,B.Brown,3,NA,NA,NA,NA,NA,NA,NA,NA,NA,NA,NA,NA,NA,NA,NA,NA,NA,NA,NA,NA,NA,NA,NA,NA,NA,NA,NA,NA,NA,NA,NA,NA,NA,NA,NA,NA,NA,NA,NA,NA,NA,NA,NA,NA,NA,NA,NA,NA,00-0028041,S.Acho,ARI,NA,NA,NA,NA,NA,NA,NA,NA,NA,1,00-0019104,P.Lenon,ARI,NA,NA,NA,NA,NA,NA,NA,NA,NA,NA,NA,NA,NA,NA,NA,NA,NA,NA,NA,NA,NA,NA,NA,NA,NA,NA,NA,NA,0,NA,NA,NA,NA,0,NA,NA,0,0,0,0,NA,NA,2012,NA,NA,7,0,Punt,463,"9/23/12, 16:05:33",2012-09-23T20:21:36Z,State Farm Stadium,"Temp: ° F, Wind: mph",10012012-0923-0983-16fc-87e5113fe1b7,0,0,RUSH,0,NA,NA,NA,3,Punt,NA,6,3:45,1,0,0,1,1,0,KICKOFF,PUNT,10:18,06:33,PHI 22,PHI 38,336,506,6,27,Home,21,33,-3,42.5,0,closed,grass,NA,NA,Ken Whisenhunt,Andy Reid,PHO00,University of Phoenix Stadium,0,0,NA,NA,B.Brown,34,NA,NA,0,1,0,0,1,NA,00-0029429,NA,B.Brown,34,00-0029429,B.Brown,00-0029429,B.Brown,00-0029429,0,0,-0.6516569214873016,NA,NA,NA,NA,NA,0.687656819820404,-68.7656819820404,2012,Go for it,NA,NA,NA,NA,NA,NA,NA,NA,NA,NA,Toss Up,Go for it,Andy Reid,Ken Whisenhunt,7:32,NA,NA,NA,NA,NA,NA,NA,NA,NA,NA
484,2012_03_PHI_ARI,2012092309,ARI,PHI,REG,3,PHI,away,ARI,PHI,62,2012-09-23,411,1311,3111,Half1,0,3,0,1,3,0,06:51,PHI 38,18,16,(6:51) (Shotgun) 7-M.Vick pass incomplete short left to 19-M.Gilyard (93-C.Campbell).,pass,0,1,0,1,0,0,0,short,left,0,NA,NA,NA,NA,NA,NA,NA,3,3,0,NA,NA,NA,NA,3,3,3,0,0,3,-3,0,3,-3,0.008224175311625004,0.182981938123703,0.0034946517553180456,0.32221025228500366,0.19219693541526794,0.006353592500090599,0.28453847765922546,0,0,-0.23033954901620746,-1.1272617117501795,4.934038233011961,-4.934038233011961,-0.07462242466863245,0.07462242466863245,3.792745558327776,-3.792745558327776,-1.1258237515576184,-0.0014379601925611496,0,0,-0.7667303722118959,0.7667303722118959,1.6444518780335784,-1.6444518780335784,-3.499881296767853,3.499881296767853,7.616012392099947,-7.616012392099947,0.3007294833660126,0.6992705166339874,0.6992705166339874,0.3007294833660126,-0.020514726638793945,-0.03547987341880798,0.03547987341880798,0.7197852432727814,0.28021475672721863,0.48542386293411255,0.5145761370658875,0.015552759170532227,-0.015552759170532227,0.13752245903015137,-0.13752245903015137,0,-0.020514726638793945,0,0,-0.05409121513366699,0.05409121513366699,0.10129335522651672,-0.10129335522651672,-0.05409121513366699,0.05409121513366699,0.18726414442062378,-0.18726414442062378,0,0,0,0,0,1,0,0,1,0,0,0,0,0,0,0,0,0,0,0,0,0,0,0,0,0,0,0,0,0,0,0,0,1,0,0,0,0,0,0,0,0,0,0,0,0,0,0,0,0,0,00-0020245,M.Vick,NA,00-0027700,M.Gilyard,NA,NA,NA,NA,NA,NA,NA,NA,NA,NA,NA,NA,NA,NA,NA,NA,NA,NA,NA,NA,NA,NA,NA,NA,NA,NA,NA,NA,NA,NA,NA,NA,NA,NA,NA,NA,NA,NA,NA,NA,NA,NA,NA,NA,NA,NA,NA,NA,NA,NA,NA,NA,NA,NA,NA,NA,NA,NA,NA,NA,NA,NA,NA,NA,0,NA,NA,NA,NA,NA,NA,00-0026190,C.Campbell,NA,NA,NA,NA,NA,NA,NA,NA,NA,NA,NA,NA,NA,NA,NA,NA,NA,NA,NA,NA,NA,NA,NA,0,NA,NA,NA,NA,0,NA,NA,0,0,0,0,NA,NA,2012,0.7200226783752441,-72.00226783752441,7,0,Punt,484,"9/23/12, 16:05:33",2012-09-23T20:22:16Z,State Farm Stadium,"Temp: ° F, Wind: mph",10012012-0923-0983-16fc-87e5113fe1b7,0,0,PASS,0,NA,NA,NA,3,Punt,NA,6,3:45,1,0,0,1,1,0,KICKOFF,PUNT,10:18,06:33,PHI 22,PHI 38,336,506,6,27,Home,21,33,-3,42.5,0,closed,grass,NA,NA,Ken Whisenhunt,Andy Reid,PHO00,University of Phoenix Stadium,0,0,M.Vick,7,NA,NA,M.Gilyard,19,1,0,0,0,1,00-0020245,NA,00-0027700,M.Vick,7,00-0020245,M.Gilyard,00-0027700,M.Gilyard,00-0027700,0,0,-1.1272617117501795,0.7108278979527721,8.184738530530012,7,0.107692526653409,0.06409332947805524,0.9163147807121277,8.368521928787231,2012,Go for it,NA,NA,NA,NA,NA,NA,NA,NA,NA,NA,Toss Up,Go for it,Andy Reid,Ken Whisenhunt,6:51,NA,NA,NA,NA,NA,NA,NA,NA,NA,NA
506,2012_03_PHI_ARI,2012092309,ARI,PHI,REG,3,PHI,away,ARI,PHI,62,2012-09-23,411,1311,3111,Half1,0,3,0,1,4,0,06:51,PHI 38,18,16,"(6:51) 8-C.Henry punts 54 yards to ARI 8, Center-46-J.Dorenbos. 21-P.Peterson to ARI 18 for 10 yards (76-P.Hunt).",punt,0,0,0,0,0,0,0,NA,NA,NA,NA,NA,NA,NA,54,NA,NA,3,3,0,NA,NA,NA,NA,3,3,3,0,0,3,-3,0,3,-3,0.008257978595793247,0.21939720213413239,0.004275173880159855,0.38892918825149536,0.1459885537624359,0.007676815614104271,0.22547510266304016,0,0,-1.357601260766387,0.5226952414959669,4.411342991515994,-4.411342991515994,-0.07462242466863245,0.07462242466863245,3.792745558327776,-3.792745558327776,NA,NA,0,0,-0.7667303722118959,0.7667303722118959,1.6444518780335784,-1.6444518780335784,-3.499881296767853,3.499881296767853,7.616012392099947,-7.616012392099947,0.28021475672721863,0.7197852432727814,0.7197852432727814,0.28021475672721863,0.0018572509288787842,-0.008516937494277954,0.008516937494277954,0.7179279923439026,0.2820720076560974,0.44994398951530457,0.5500560104846954,0.015552759170532227,-0.015552759170532227,0.13752245903015137,-0.13752245903015137,NA,NA,0,0,-0.05409121513366699,0.05409121513366699,0.10129335522651672,-0.10129335522651672,-0.05409121513366699,0.05409121513366699,0.18726414442062378,-0.18726414442062378,0,0,0,0,0,0,0,0,0,0,0,1,0,0,0,0,0,0,0,0,0,0,0,0,1,0,0,0,0,0,0,0,0,0,0,0,0,0,0,0,0,0,0,1,0,0,0,0,0,0,0,NA,NA,NA,NA,NA,NA,NA,NA,NA,NA,NA,NA,NA,NA,NA,NA,NA,NA,NA,NA,NA,00-0027943,P.Peterson,NA,NA,NA,NA,NA,NA,00-0028427,C.Henry,NA,NA,NA,NA,NA,NA,NA,NA,NA,NA,NA,NA,NA,NA,NA,NA,NA,NA,NA,NA,PHI,NA,00-0026759,NA,P.Hunt,NA,NA,NA,NA,NA,NA,NA,NA,NA,NA,NA,NA,NA,0,NA,NA,NA,NA,NA,NA,NA,NA,NA,NA,NA,NA,NA,NA,NA,NA,NA,NA,NA,NA,NA,NA,NA,NA,NA,NA,NA,NA,NA,NA,ARI,10,NA,NA,NA,NA,0,NA,NA,0,0,0,0,NA,NA,2012,NA,NA,7,0,Punt,506,"9/23/12, 16:05:33",NA,State Farm Stadium,"Temp: ° F, Wind: mph",10012012-0923-0983-16fc-87e5113fe1b7,0,0,PUNT,1,NA,NA,NA,3,Punt,NA,6,3:45,1,0,0,1,1,0,KICKOFF,PUNT,10:18,06:33,PHI 22,PHI 38,336,506,6,27,Home,21,33,-3,42.5,0,closed,grass,NA,NA,Ken Whisenhunt,Andy Reid,PHO00,University of Phoenix Stadium,0,1,NA,NA,NA,NA,NA,NA,0,0,0,1,0,NA,NA,NA,NA,NA,NA,NA,NA,NA,NA,0,0,0.5226952414959669,NA,NA,NA,NA,NA,NA,NA,2012,Punt,NA,0.07198204834276112,0.738934026654566,NA,NA,0,0.7187527865171432,0.8651053011417389,0.7187527865171432,0.8149458866109455,Punt,Punt,Andy Reid,Ken Whisenhunt,6:51,0,0,NA,7,74,NA,81,72,87,72
548,2012_03_PHI_ARI,2012092309,ARI,PHI,REG,3,ARI,home,PHI,ARI,82,2012-09-23,393,1293,3093,Half1,0,4,0,1,1,0,06:33,ARI 18,10,-2,(6:33) (Shotgun) 34-R.Williams up the middle to ARI 17 for -1 yards (94-D.Landri).,run,-1,1,0,0,0,0,0,NA,NA,NA,NA,middle,NA,NA,NA,NA,NA,3,3,0,NA,NA,NA,NA,3,3,3,0,3,0,3,3,0,3,0.009328562766313553,0.16727092862129211,0.0034794502425938845,0.2522498667240143,0.21153733134269714,0.0036243528593331575,0.35250943899154663,0,0,0.8349060192704201,-0.8128131362609565,3.5985298552550375,-3.5985298552550375,-0.887435560929589,0.887435560929589,3.792745558327776,-3.792745558327776,NA,NA,0,0,-0.7667303722118959,0.7667303722118959,1.6444518780335784,-1.6444518780335784,-3.499881296767853,3.499881296767853,7.616012392099947,-7.616012392099947,0.7179279923439026,0.2820720076560974,0.7179279923439026,0.2820720076560974,-0.010077893733978271,-0.009982109069824219,-0.009982109069824219,0.7078500986099243,0.2921499013900757,0.5585729479789734,0.5585729479789734,0.005474865436553955,-0.005474865436553955,0.13752245903015137,-0.13752245903015137,NA,NA,0,0,-0.05409121513366699,0.05409121513366699,0.10129335522651672,-0.10129335522651672,-0.05409121513366699,0.05409121513366699,0.18726414442062378,-0.18726414442062378,0,0,0,0,0,0,0,0,0,0,0,0,0,0,0,0,0,0,0,0,0,0,0,0,1,0,0,1,0,0,0,0,1,0,0,0,0,0,0,0,0,0,0,0,0,0,0,0,0,0,0,NA,NA,NA,NA,NA,NA,00-0027976,R.Williams,-1,NA,NA,NA,NA,NA,NA,NA,NA,NA,NA,NA,NA,NA,NA,NA,NA,NA,NA,NA,NA,NA,NA,NA,NA,NA,NA,NA,NA,00-0025553,D.Landri,NA,NA,NA,NA,NA,NA,NA,NA,NA,NA,NA,NA,PHI,NA,00-0025553,NA,D.Landri,NA,NA,NA,NA,NA,NA,NA,NA,NA,NA,NA,NA,NA,0,NA,NA,NA,NA,NA,NA,NA,NA,NA,NA,NA,NA,NA,NA,NA,NA,NA,NA,NA,NA,NA,NA,NA,NA,NA,NA,NA,NA,NA,NA,NA,0,NA,NA,NA,NA,0,NA,NA,0,0,0,0,NA,NA,2012,NA,NA,8,0,Punt,548,"9/23/12, 16:05:33",2012-09-23T20:25:29Z,State Farm Stadium,"Temp: ° F, Wind: mph",10012012-0923-0983-16fc-87e5113fe1b7,0,0,RUSH,0,NA,NA,NA,4,Punt,2012-09-23T20:25:29Z,3,1:57,0,0,0,1,1,-5,PUNT,PUNT,06:33,04:36,ARI 18,ARI 16,548,638,6,27,Home,21,33,-3,42.5,0,closed,grass,NA,NA,Ken Whisenhunt,Andy Reid,PHO00,University of Phoenix Stadium,0,0,NA,NA,R.Williams,34,NA,NA,0,1,0,0,1,NA,00-0027976,NA,R.Williams,34,00-0027976,R.Williams,00-0027976,R.Williams,00-0027976,0,0,-0.8128131362609565,NA,NA,NA,NA,NA,0.44749683141708374,-44.749683141708374,2012,Go for it,NA,NA,NA,NA,NA,NA,NA,NA,NA,NA,Toss Up,Go for it,Andy Reid,Ken Whisenhunt,6:33,NA,NA,NA,NA,NA,NA,NA,NA,NA,NA
569,2012_03_PHI_ARI,2012092309,ARI,PHI,REG,3,ARI,home,PHI,ARI,83,2012-09-23,350,1250,3050,Half1,0,4,0,1,2,0,05:50,ARI 17,11,-2,(5:50) 4-K.Kolb pass incomplete short right to 12-A.Roberts (23-D.Rodgers-Cromartie).,pass,0,0,0,1,0,0,0,short,right,10,NA,NA,NA,NA,NA,NA,NA,3,3,0,NA,NA,NA,NA,3,3,3,0,3,0,3,3,0,3,0.011745483614504337,0.19656862318515778,0.004744966048747301,0.2932565212249756,0.19094540178775787,0.003585017053410411,0.29915401339530945,0,0,0.02209288300946355,-0.7548663006164134,2.843663554638624,-2.843663554638624,-0.887435560929589,0.887435560929589,3.0378792577113627,-3.0378792577113627,1.1440541660413146,-1.898920466657728,0,0,-0.7667303722118959,0.7667303722118959,1.6444518780335784,-1.6444518780335784,-2.3558271307265386,2.3558271307265386,5.717091925442219,-5.717091925442219,0.7078500986099243,0.2921499013900757,0.7078500986099243,0.2921499013900757,-0.026788711547851562,-0.014518439769744873,-0.014518439769744873,0.6810613870620728,0.31893861293792725,0.5485908389091492,0.5485908389091492,0.005474865436553955,-0.005474865436553955,0.1107337474822998,-0.1107337474822998,0,-0.026788711547851562,0,0,-0.05409121513366699,0.05409121513366699,0.10129335522651672,-0.10129335522651672,-0.05409121513366699,0.05409121513366699,0.16047543287277222,-0.16047543287277222,0,0,0,0,0,0,0,0,1,0,0,0,0,0,0,0,0,0,0,0,0,0,0,0,0,0,0,0,0,0,0,0,0,1,0,0,0,0,0,0,0,0,0,0,0,0,0,0,0,0,0,00-0025423,K.Kolb,NA,00-0027691,A.Roberts,NA,NA,NA,NA,NA,NA,NA,NA,NA,NA,NA,NA,NA,NA,NA,NA,NA,NA,NA,NA,NA,NA,NA,NA,NA,NA,NA,NA,NA,NA,NA,NA,NA,NA,NA,NA,NA,NA,NA,NA,NA,NA,NA,NA,NA,NA,NA,NA,NA,NA,NA,NA,NA,NA,NA,NA,NA,NA,NA,NA,NA,NA,NA,NA,0,NA,NA,NA,NA,NA,NA,00-0026156,D.Rodgers-Cromartie,NA,NA,NA,NA,NA,NA,NA,NA,NA,NA,NA,NA,NA,NA,NA,NA,NA,NA,NA,NA,NA,NA,NA,0,NA,NA,NA,NA,0,NA,NA,0,0,0,0,NA,NA,2012,0.6248677968978882,-62.48677968978882,8,0,Punt,569,"9/23/12, 16:05:33",2012-09-23T20:26:12Z,State Farm Stadium,"Temp: ° F, Wind: mph",10012012-0923-0983-16fc-87e5113fe1b7,0,0,PASS,0,NA,NA,NA,4,Punt,2012-09-23T20:25:29Z,3,1:57,0,0,0,1,1,-5,PUNT,PUNT,06:33,04:36,ARI 18,ARI 16,548,638,6,27,Home,21,33,-3,42.5,0,closed,grass,NA,NA,Ken Whisenhunt,Andy Reid,PHO00,University of Phoenix Stadium,0,0,K.Kolb,4,NA,NA,A.Roberts,12,1,0,0,0,1,00-0025423,NA,00-0027691,K.Kolb,4,00-0025423,A.Roberts,00-0027691,A.Roberts,00-0027691,0,0,-0.7548663006164134,0.34702232260651056,2.9133267212455394,1,0.9986115442297887,0.5325865486811381,0.7041733264923096,29.582667350769043,2012,Go for it,NA,NA,NA,NA,NA,NA,NA,NA,NA,NA,Toss Up,Go for it,Andy Reid,Ken Whisenhunt,5:50,NA,NA,NA,NA,NA,NA,NA,NA,NA,NA
591,2012_03_PHI_ARI,2012092309,ARI,PHI,REG,3,ARI,home,PHI,ARI,83,2012-09-23,344,1244,3044,Half1,0,4,0,1,3,0,05:44,ARI 17,11,-2,"(5:44) (Shotgun) PENALTY on ARI-4-K.Kolb, Delay of Game, 5 yards, enforced at ARI 17 - No Play.",no_play,0,1,0,0,0,0,0,NA,NA,NA,NA,NA,NA,NA,NA,NA,NA,3,3,0,NA,NA,NA,NA,3,3,3,0,3,0,3,3,0,3,0.012270919978618622,0.22534289956092834,0.004815464373677969,0.332931250333786,0.1679058074951172,0.0034896214492619038,0.2532440423965454,0,0,-0.7327734176069498,-0.5510973664931953,2.292566188145429,-2.292566188145429,-0.887435560929589,0.887435560929589,3.0378792577113627,-3.0378792577113627,NA,NA,0,0,-0.7667303722118959,0.7667303722118959,1.6444518780335784,-1.6444518780335784,-2.3558271307265386,2.3558271307265386,5.717091925442219,-5.717091925442219,0.6810613870620728,0.31893861293792725,0.6810613870620728,0.31893861293792725,-0.007592737674713135,-0.03297501802444458,-0.03297501802444458,0.6734686493873596,0.3265313506126404,0.5340723991394043,0.5340723991394043,0.005474865436553955,-0.005474865436553955,0.1107337474822998,-0.1107337474822998,NA,NA,0,0,-0.05409121513366699,0.05409121513366699,0.10129335522651672,-0.10129335522651672,-0.05409121513366699,0.05409121513366699,0.16047543287277222,-0.16047543287277222,0,0,0,0,0,0,0,0,0,0,0,0,0,0,0,0,0,0,0,0,0,0,0,0,0,0,1,0,0,0,0,0,0,0,0,0,0,0,0,0,0,0,0,0,0,0,0,0,0,0,0,NA,NA,NA,NA,NA,NA,NA,NA,NA,NA,NA,NA,NA,NA,NA,NA,NA,NA,NA,NA,NA,NA,NA,NA,NA,NA,NA,NA,NA,NA,NA,NA,NA,NA,NA,NA,NA,NA,NA,NA,NA,NA,NA,NA,NA,NA,NA,NA,NA,NA,NA,NA,NA,NA,NA,NA,NA,NA,NA,NA,NA,NA,NA,NA,NA,NA,NA,NA,NA,0,NA,NA,NA,NA,NA,NA,NA,NA,NA,NA,NA,NA,NA,NA,NA,NA,NA,NA,NA,NA,NA,NA,NA,NA,NA,NA,NA,NA,NA,NA,NA,0,ARI,00-0025423,K.Kolb,5,0,NA,Delay of Game,0,0,0,0,NA,NA,2012,NA,NA,8,0,Punt,591,"9/23/12, 16:05:33",2012-09-23T20:27:00Z,State Farm Stadium,"Temp: ° F, Wind: mph",10012012-0923-0983-16fc-87e5113fe1b7,0,0,PENALTY,0,NA,NA,NA,4,Punt,2012-09-23T20:25:29Z,3,1:57,0,0,0,1,1,-5,PUNT,PUNT,06:33,04:36,ARI 18,ARI 16,548,638,6,27,Home,21,33,-3,42.5,0,closed,grass,NA,NA,Ken Whisenhunt,Andy Reid,PHO00,University of Phoenix Stadium,0,0,NA,NA,NA,NA,NA,NA,0,0,0,0,1,NA,NA,NA,NA,NA,NA,NA,NA,NA,NA,0,0,-0.5510973664931953,NA,NA,NA,NA,NA,0.9618291258811951,NA,2012,Other,NA,NA,NA,NA,NA,NA,NA,NA,NA,NA,Toss Up,Other (Penalty),Andy Reid,Ken Whisenhunt,5:44,NA,NA,NA,NA,NA,NA,NA,NA,NA,NA
614,2012_03_PHI_ARI,2012092309,ARI,PHI,REG,3,ARI,home,PHI,ARI,88,2012-09-23,341,1241,3041,Half1,0,4,0,1,3,0,05:41,ARI 12,16,-2,(5:41) (Shotgun) 4-K.Kolb pass short right to 11-L.Fitzgerald to ARI 16 for 4 yards (22-B.Boykin) [93-J.Babin].,pass,4,1,0,1,0,0,0,short,right,2,2,NA,NA,NA,NA,NA,NA,3,3,0,NA,NA,NA,NA,3,3,3,0,3,0,3,3,0,3,0.011957315728068352,0.26222100853919983,0.009219145402312279,0.35159075260162354,0.13978472352027893,0.0027155124116688967,0.22251151502132416,0,0,-1.283870784100145,-0.7152708019129932,1.5772953862324357,-1.5772953862324357,-0.887435560929589,0.887435560929589,2.3226084557983695,-2.3226084557983695,-0.9240103801712394,0.20873957825824618,-0.9240103801712394,0.20873957825824618,-1.6907407523831353,1.6907407523831353,1.8531914562918246,-1.8531914562918246,-3.279837510897778,3.279837510897778,5.925831503700465,-5.925831503700465,0.6734686493873596,0.3265313506126404,0.6734686493873596,0.3265313506126404,-0.018743932247161865,5.974173545837402e-4,5.974173545837402e-4,0.6547247171401978,0.34527528285980225,0.5010973811149597,0.5010973811149597,0.005474865436553955,-0.005474865436553955,0.09198981523513794,-0.09198981523513794,0,-0.018743932247161865,0,-0.018743932247161865,-0.05409121513366699,0.05409121513366699,0.08254942297935486,-0.08254942297935486,-0.05409121513366699,0.05409121513366699,0.14173150062561035,-0.14173150062561035,0,0,0,0,0,1,0,0,0,0,0,0,0,0,0,0,0,0,0,0,0,0,0,0,1,0,0,0,0,0,0,1,0,1,0,0,0,0,0,0,0,0,0,0,0,1,0,0,0,0,0,00-0025423,K.Kolb,4,00-0022921,L.Fitzgerald,4,NA,NA,NA,NA,NA,NA,NA,NA,NA,NA,NA,NA,NA,NA,NA,NA,NA,NA,NA,NA,NA,NA,NA,NA,NA,NA,NA,NA,NA,NA,NA,NA,NA,NA,NA,00-0022695,J.Babin,NA,NA,NA,NA,NA,NA,NA,NA,PHI,NA,00-0029416,NA,B.Boykin,NA,NA,NA,NA,NA,NA,NA,NA,NA,NA,NA,NA,NA,0,NA,NA,NA,NA,NA,NA,NA,NA,NA,NA,NA,NA,NA,NA,NA,NA,NA,NA,NA,NA,NA,NA,NA,NA,NA,NA,NA,NA,NA,NA,NA,0,NA,NA,NA,NA,0,NA,NA,0,0,0,0,NA,NA,2012,0.5319138765335083,46.80861234664917,8,0,Punt,614,"9/23/12, 16:05:33",2012-09-23T20:27:41Z,State Farm Stadium,"Temp: ° F, Wind: mph",10012012-0923-0983-16fc-87e5113fe1b7,0,0,PASS,0,NA,NA,NA,4,Punt,2012-09-23T20:25:29Z,3,1:57,0,0,0,1,1,-5,PUNT,PUNT,06:33,04:36,ARI 18,ARI 16,548,638,6,27,Home,21,33,-3,42.5,0,closed,grass,NA,NA,Ken Whisenhunt,Andy Reid,PHO00,University of Phoenix Stadium,0,0,K.Kolb,4,NA,NA,L.Fitzgerald,11,1,0,0,0,1,00-0025423,NA,00-0022921,K.Kolb,4,00-0025423,L.Fitzgerald,00-0022921,L.Fitzgerald,00-0022921,0,0,-0.7152708019129932,0.7331627991097266,6.338495363845141,5,0.15471846962464042,0.07687461355817504,0.860739529132843,13.926047086715698,2012,Go for it,NA,NA,NA,NA,NA,NA,NA,NA,NA,NA,Toss Up,Go for it,Andy Reid,Ken Whisenhunt,5:41,NA,NA,NA,NA,NA,NA,NA,NA,NA,NA
638,2012_03_PHI_ARI,2012092309,ARI,PHI,REG,3,ARI,home,PHI,ARI,84,2012-09-23,302,1202,3002,Half1,0,4,0,1,4,0,05:02,ARI 16,12,-2,"(5:02) 9-D.Zastudil punts 58 yards to PHI 26, Center-82-M.Leach. 13-D.Johnson to PHI 38 for 12 yards (35-A.Sherman). FUMBLES (35-A.Sherman), RECOVERED by ARI-82-M.Leach at PHI 38. 82-M.Leach to PHI 38 for no gain (13-D.Johnson).",punt,0,0,0,0,0,0,0,NA,NA,NA,NA,NA,NA,NA,58,NA,NA,3,3,0,NA,NA,NA,NA,3,3,3,0,3,0,3,3,0,3,0.01324927993118763,0.28778916597366333,0.006234992295503616,0.39294347167015076,0.11350677162408829,0.0034308372996747494,0.18284545838832855,0,0,-1.9991415860131383,5.636471329838969,7.2137667160714045,-7.2137667160714045,-0.887435560929589,0.887435560929589,2.3226084557983695,-2.3226084557983695,NA,NA,0,0,-1.6907407523831353,1.6907407523831353,1.8531914562918246,-1.8531914562918246,-3.279837510897778,3.279837510897778,5.925831503700465,-5.925831503700465,0.6547247171401978,0.34527528285980225,0.6547247171401978,0.34527528285980225,0.12150675058364868,0.13556301593780518,0.13556301593780518,0.7762314677238464,0.22376853227615356,0.5016947984695435,0.5016947984695435,0.005474865436553955,-0.005474865436553955,0.09198981523513794,-0.09198981523513794,NA,NA,0,0,-0.05409121513366699,0.05409121513366699,0.08254942297935486,-0.08254942297935486,-0.05409121513366699,0.05409121513366699,0.14173150062561035,-0.14173150062561035,0,0,0,0,0,0,0,0,0,0,0,0,0,0,0,0,0,0,0,0,0,1,0,0,1,0,0,0,1,0,0,0,0,0,0,0,0,0,0,0,0,0,0,1,1,0,0,0,0,0,0,NA,NA,NA,NA,NA,NA,NA,NA,NA,NA,NA,NA,NA,NA,NA,NA,NA,NA,NA,NA,NA,00-0029435,D.Johnson,NA,NA,NA,NA,NA,NA,00-0021235,D.Zastudil,NA,NA,NA,NA,NA,NA,NA,NA,NA,NA,NA,NA,NA,NA,ARI,00-0028074,A.Sherman,NA,NA,NA,ARI,PHI,00-0028074,00-0029435,A.Sherman,D.Johnson,NA,NA,NA,NA,NA,NA,NA,NA,NA,NA,NA,NA,0,NA,NA,NA,NA,NA,NA,NA,NA,NA,NA,PHI,00-0029435,D.Johnson,NA,NA,NA,ARI,0,00-0019435,M.Leach,NA,NA,NA,NA,NA,NA,NA,NA,NA,NA,PHI,12,NA,NA,NA,NA,0,NA,NA,0,0,0,0,NA,NA,2012,NA,NA,8,0,Punt,638,"9/23/12, 16:05:33",2012-09-23T20:28:21Z,State Farm Stadium,"Temp: ° F, Wind: mph",10012012-0923-0983-16fc-87e5113fe1b7,0,0,PUNT,1,NA,NA,NA,4,Punt,2012-09-23T20:25:29Z,3,1:57,0,0,0,1,1,-5,PUNT,PUNT,06:33,04:36,ARI 18,ARI 16,548,638,6,27,Home,21,33,-3,42.5,0,closed,grass,NA,NA,Ken Whisenhunt,Andy Reid,PHO00,University of Phoenix Stadium,0,1,NA,NA,NA,NA,NA,NA,0,0,0,1,0,NA,NA,NA,NA,NA,NA,NA,NA,NA,NA,0,0,5.636471329838969,NA,NA,NA,NA,NA,NA,NA,2012,Punt,-8.137820100681543,0.16049220273271203,0.5403549900395184,0.2039905634667002,0.4863711165106062,0,0.5374591313302517,0.6260055755265057,0.5374591313302517,0.5677493175174216,Punt,Punt,Andy Reid,Ken Whisenhunt,5:02,0,0,49,16,54,20,57,54,63,54
674,2012_03_PHI_ARI,2012092309,ARI,PHI,REG,3,ARI,home,PHI,PHI,38,2012-09-23,276,1176,2976,Half1,0,5,0,1,1,0,04:36,PHI 38,10,38,"(4:36) 26-C.Wells right tackle to PHI 36 for 2 yards (93-J.Babin, 42-K.Coleman).",run,2,0,0,0,0,0,0,NA,NA,NA,NA,right,tackle,NA,NA,NA,NA,3,3,0,NA,NA,NA,NA,3,3,3,0,3,0,3,3,0,3,0.009685959666967392,0.05900666117668152,8.438855293206871e-4,0.0927053838968277,0.3441636264324188,0.004535440355539322,0.48905906081199646,0,0,3.6373297438258305,-0.37747891433537006,6.8362878017360345,-6.8362878017360345,-1.264914475264959,1.264914475264959,2.3226084557983695,-2.3226084557983695,NA,NA,0,0,-1.6907407523831353,1.6907407523831353,1.8531914562918246,-1.8531914562918246,-3.279837510897778,3.279837510897778,5.925831503700465,-5.925831503700465,0.7762314677238464,0.22376853227615356,0.7762314677238464,0.22376853227615356,-0.009091377258300781,-0.00773245096206665,-0.00773245096206665,0.7671400904655457,0.23285990953445435,0.6372578144073486,0.6372578144073486,-0.003616511821746826,0.003616511821746826,0.09198981523513794,-0.09198981523513794,NA,NA,0,0,-0.05409121513366699,0.05409121513366699,0.08254942297935486,-0.08254942297935486,-0.05409121513366699,0.05409121513366699,0.14173150062561035,-0.14173150062561035,0,0,0,0,0,0,0,0,0,0,0,0,0,0,0,0,0,0,0,0,0,0,0,0,0,0,0,0,0,0,0,0,1,0,0,0,0,0,0,0,0,0,0,0,0,0,1,0,0,0,0,NA,NA,NA,NA,NA,NA,00-0027007,C.Wells,2,NA,NA,NA,NA,NA,NA,NA,NA,NA,NA,NA,NA,NA,NA,NA,NA,NA,NA,NA,NA,NA,NA,NA,NA,NA,NA,NA,NA,NA,NA,NA,NA,NA,NA,NA,NA,NA,NA,NA,NA,NA,NA,NA,NA,NA,NA,NA,NA,00-0027835,K.Coleman,PHI,NA,NA,NA,NA,NA,NA,NA,NA,NA,1,00-0022695,J.Babin,PHI,NA,NA,NA,NA,NA,NA,NA,NA,NA,NA,NA,NA,NA,NA,NA,NA,NA,NA,NA,NA,NA,NA,NA,NA,NA,NA,NA,NA,0,NA,NA,NA,NA,0,NA,NA,0,0,0,0,NA,NA,2012,NA,NA,9,1,First down,674,"9/23/12, 16:05:33",2012-09-23T20:30:10Z,State Farm Stadium,"Temp: ° F, Wind: mph",10012012-0923-0983-16fc-87e5113fe1b7,0,0,RUSH,0,NA,NA,NA,5,Touchdown,2012-09-23T20:30:10Z,8,3:32,3,1,1,1,1,0,FUMBLE,TOUCHDOWN,04:36,01:04,PHI 38,PHI 8,674,849,6,27,Home,21,33,-3,42.5,0,closed,grass,NA,NA,Ken Whisenhunt,Andy Reid,PHO00,University of Phoenix Stadium,0,0,NA,NA,C.Wells,26,NA,NA,0,1,0,0,1,NA,00-0027007,NA,C.Wells,26,00-0027007,C.Wells,00-0027007,C.Wells,00-0027007,0,0,-0.37747891433537006,NA,NA,NA,NA,NA,0.43244415521621704,-43.244415521621704,2012,Go for it,NA,NA,NA,NA,NA,NA,NA,NA,NA,NA,Toss Up,Go for it,Andy Reid,Ken Whisenhunt,4:36,NA,NA,NA,NA,NA,NA,NA,NA,NA,NA
695,2012_03_PHI_ARI,2012092309,ARI,PHI,REG,3,ARI,home,PHI,PHI,36,2012-09-23,246,1146,2946,Half1,0,5,0,1,2,0,04:06,PHI 36,8,38,(4:06) (Shotgun) 4-K.Kolb pass incomplete deep left to 12-A.Roberts.,pass,0,1,0,1,0,0,0,deep,left,17,NA,NA,NA,NA,NA,NA,NA,3,3,0,NA,NA,NA,NA,3,3,3,0,3,0,3,3,0,3,0.009748153388500214,0.06590192764997482,8.212224929593503e-4,0.10344279557466507,0.38460981845855713,0.0037727251183241606,0.4317033886909485,0,0,3.2598508294904605,-0.7078022715868428,6.128485530149192,-6.128485530149192,-1.264914475264959,1.264914475264959,1.6148061842115269,-1.6148061842115269,1.4996569072827697,-2.2074591788696125,0,0,-1.6907407523831353,1.6907407523831353,1.8531914562918246,-1.8531914562918246,-1.7801806036150083,1.7801806036150083,3.7183723248308524,-3.7183723248308524,0.7671400904655457,0.23285990953445435,0.7671400904655457,0.23285990953445435,-0.02815479040145874,-0.020803093910217285,-0.020803093910217285,0.7389853000640869,0.2610146999359131,0.629525363445282,0.629525363445282,-0.003616511821746826,0.003616511821746826,0.0638350248336792,-0.0638350248336792,0,-0.02815479040145874,0,0,-0.05409121513366699,0.05409121513366699,0.08254942297935486,-0.08254942297935486,-0.05409121513366699,0.05409121513366699,0.11357671022415161,-0.11357671022415161,0,0,0,0,0,0,0,0,1,0,0,0,0,0,0,0,0,0,0,0,0,0,0,0,0,0,0,0,0,0,0,0,0,1,0,0,0,0,0,0,0,0,0,0,0,0,0,0,0,0,0,00-0025423,K.Kolb,NA,00-0027691,A.Roberts,NA,NA,NA,NA,NA,NA,NA,NA,NA,NA,NA,NA,NA,NA,NA,NA,NA,NA,NA,NA,NA,NA,NA,NA,NA,NA,NA,NA,NA,NA,NA,NA,NA,NA,NA,NA,NA,NA,NA,NA,NA,NA,NA,NA,NA,NA,NA,NA,NA,NA,NA,NA,NA,NA,NA,NA,NA,NA,NA,NA,NA,NA,NA,NA,0,NA,NA,NA,NA,NA,NA,NA,NA,NA,NA,NA,NA,NA,NA,NA,NA,NA,NA,NA,NA,NA,NA,NA,NA,NA,NA,NA,NA,NA,NA,NA,0,NA,NA,NA,NA,0,NA,NA,0,0,0,0,NA,NA,2012,0.549921989440918,-54.9921989440918,9,1,First down,695,"9/23/12, 16:05:33",2012-09-23T20:30:40Z,State Farm Stadium,"Temp: ° F, Wind: mph",10012012-0923-0983-16fc-87e5113fe1b7,0,0,PASS,0,NA,NA,NA,5,Touchdown,2012-09-23T20:30:10Z,8,3:32,3,1,1,1,1,0,FUMBLE,TOUCHDOWN,04:36,01:04,PHI 38,PHI 8,674,849,6,27,Home,21,33,-3,42.5,0,closed,grass,NA,NA,Ken Whisenhunt,Andy Reid,PHO00,University of Phoenix Stadium,0,0,K.Kolb,4,NA,NA,A.Roberts,12,1,0,0,0,1,00-0025423,NA,00-0027691,K.Kolb,4,00-0025423,A.Roberts,00-0027691,A.Roberts,00-0027691,0,0,-0.7078022715868428,0.35846645268097754,4.2542491219355725,2,1,1,0.6910704374313354,30.892956256866455,2012,Go for it,NA,NA,NA,NA,NA,NA,NA,NA,NA,NA,Toss Up,Go for it,Andy Reid,Ken Whisenhunt,4:06,NA,NA,NA,NA,NA,NA,NA,NA,NA,NA
717,2012_03_PHI_ARI,2012092309,ARI,PHI,REG,3,ARI,home,PHI,PHI,36,2012-09-23,241,1141,2941,Half1,0,5,0,1,3,0,04:01,PHI 36,8,38,(4:01) (Shotgun) 4-K.Kolb pass short left to 12-A.Roberts to PHI 24 for 12 yards (22-B.Boykin).,pass,12,1,0,1,0,0,0,short,left,10,2,NA,NA,NA,NA,NA,NA,3,3,0,NA,NA,NA,NA,3,3,3,0,3,0,3,3,0,3,0.010934325866401196,0.08574516326189041,9.116262663155794e-4,0.13566817343235016,0.3962670564651489,0.00426642969250679,0.36620721220970154,0,0,2.5520485579036176,2.0015118770534173,8.129997407202609,-8.129997407202609,-1.264914475264959,1.264914475264959,3.616318061264944,-3.616318061264944,1.8513197813881561,0.15019209566526115,1.8513197813881561,0.15019209566526115,0.16057902900502086,-0.16057902900502086,2.0033835519570857,-2.0033835519570857,0.07113917777314782,-0.07113917777314782,3.8685644204961136,-3.8685644204961136,0.7389853000640869,0.2610146999359131,0.7389853000640869,0.2610146999359131,0.041722118854522705,0.050866007804870605,0.050866007804870605,0.7807074189186096,0.21929258108139038,0.6087222695350647,0.6087222695350647,-0.003616511821746826,0.003616511821746826,0.1055571436882019,-0.1055571436882019,0,0.041722118854522705,0,0.041722118854522705,-0.05409121513366699,0.05409121513366699,0.12427154183387756,-0.12427154183387756,-0.05409121513366699,0.05409121513366699,0.15529882907867432,-0.15529882907867432,0,0,1,0,1,0,0,0,0,0,0,0,0,0,0,0,0,0,0,0,0,0,0,0,1,0,0,0,0,0,0,0,0,1,0,0,0,0,0,0,0,0,0,0,0,1,0,0,0,0,0,00-0025423,K.Kolb,12,00-0027691,A.Roberts,12,NA,NA,NA,NA,NA,NA,NA,NA,NA,NA,NA,NA,NA,NA,NA,NA,NA,NA,NA,NA,NA,NA,NA,NA,NA,NA,NA,NA,NA,NA,NA,NA,NA,NA,NA,NA,NA,NA,NA,NA,NA,NA,NA,NA,NA,PHI,NA,00-0029416,NA,B.Boykin,NA,NA,NA,NA,NA,NA,NA,NA,NA,NA,NA,NA,NA,0,NA,NA,NA,NA,NA,NA,NA,NA,NA,NA,NA,NA,NA,NA,NA,NA,NA,NA,NA,NA,NA,NA,NA,NA,NA,NA,NA,NA,NA,NA,NA,0,NA,NA,NA,NA,0,NA,NA,0,0,0,0,NA,NA,2012,0.5722256898880005,42.77743101119995,9,1,First down,717,"9/23/12, 16:05:33",2012-09-23T20:31:24Z,State Farm Stadium,"Temp: ° F, Wind: mph",10012012-0923-0983-16fc-87e5113fe1b7,0,0,PASS,0,NA,NA,NA,5,Touchdown,2012-09-23T20:30:10Z,8,3:32,3,1,1,1,1,0,FUMBLE,TOUCHDOWN,04:36,01:04,PHI 38,PHI 8,674,849,6,27,Home,21,33,-3,42.5,0,closed,grass,NA,NA,Ken Whisenhunt,Andy Reid,PHO00,University of Phoenix Stadium,0,1,K.Kolb,4,NA,NA,A.Roberts,12,1,0,1,0,1,00-0025423,NA,00-0027691,K.Kolb,4,00-0025423,A.Roberts,00-0027691,A.Roberts,00-0027691,0,0,2.0015118770534173,0.18185010514644606,3.0055082946200855,1,0.9990277772594709,0.9976183960970957,0.9623855948448181,3.7614405155181885,2012,Go for it,NA,NA,NA,NA,NA,NA,NA,NA,NA,NA,Toss Up,Go for it,Andy Reid,Ken Whisenhunt,4:01,NA,NA,NA,NA,NA,NA,NA,NA,NA,NA
741,2012_03_PHI_ARI,2012092309,ARI,PHI,REG,3,ARI,home,PHI,PHI,24,2012-09-23,169,1069,2869,Half1,0,5,0,1,1,0,02:49,PHI 24,10,38,"(2:49) 26-C.Wells left tackle to PHI 24 for no gain (55-D.Tapp, 72-C.Thornton).",run,0,0,0,0,0,0,0,NA,NA,NA,NA,left,tackle,NA,NA,NA,NA,3,3,0,NA,NA,NA,NA,3,3,3,0,3,0,3,3,0,3,0.005788861308246851,0.029776347801089287,5.916354130022228e-4,0.03601182624697685,0.39777106046676636,0.0015158934984356165,0.5285443663597107,0,0,4.553560434957035,-0.3559352442389354,7.7740621629636735,-7.7740621629636735,-1.6208497195038944,1.6208497195038944,3.616318061264944,-3.616318061264944,NA,NA,0,0,0.16057902900502086,-0.16057902900502086,2.0033835519570857,-2.0033835519570857,0.07113917777314782,-0.07113917777314782,3.8685644204961136,-3.8685644204961136,0.7807074189186096,0.21929258108139038,0.7807074189186096,0.21929258108139038,-0.011466443538665771,-0.01542443037033081,-0.01542443037033081,0.7692409753799438,0.23075902462005615,0.6595882773399353,0.6595882773399353,-0.015082955360412598,0.015082955360412598,0.1055571436882019,-0.1055571436882019,NA,NA,0,0,-0.05409121513366699,0.05409121513366699,0.12427154183387756,-0.12427154183387756,-0.05409121513366699,0.05409121513366699,0.15529882907867432,-0.15529882907867432,0,0,0,0,0,0,0,0,0,0,0,0,0,0,0,0,0,0,0,0,0,0,0,0,0,0,0,0,0,0,0,0,1,0,0,0,0,0,0,0,0,0,0,0,0,0,1,0,0,0,0,NA,NA,NA,NA,NA,NA,00-0027007,C.Wells,0,NA,NA,NA,NA,NA,NA,NA,NA,NA,NA,NA,NA,NA,NA,NA,NA,NA,NA,NA,NA,NA,NA,NA,NA,NA,NA,NA,NA,NA,NA,NA,NA,NA,NA,NA,NA,NA,NA,NA,NA,NA,NA,NA,NA,NA,NA,NA,NA,00-0028424,C.Thornton,PHI,NA,NA,NA,NA,NA,NA,NA,NA,NA,1,00-0024278,D.Tapp,PHI,NA,NA,NA,NA,NA,NA,NA,NA,NA,NA,NA,NA,NA,NA,NA,NA,NA,NA,NA,NA,NA,NA,NA,NA,NA,NA,NA,NA,0,NA,NA,NA,NA,0,NA,NA,0,0,0,0,NA,NA,2012,NA,NA,10,1,First down,741,"9/23/12, 16:05:33",2012-09-23T20:32:35Z,State Farm Stadium,"Temp: ° F, Wind: mph",10012012-0923-0983-16fc-87e5113fe1b7,0,0,RUSH,0,NA,NA,NA,5,Touchdown,2012-09-23T20:30:10Z,8,3:32,3,1,1,1,1,0,FUMBLE,TOUCHDOWN,04:36,01:04,PHI 38,PHI 8,674,849,6,27,Home,21,33,-3,42.5,0,closed,grass,NA,NA,Ken Whisenhunt,Andy Reid,PHO00,University of Phoenix Stadium,0,0,NA,NA,C.Wells,26,NA,NA,0,1,0,0,1,NA,00-0027007,NA,C.Wells,26,00-0027007,C.Wells,00-0027007,C.Wells,00-0027007,0,0,-0.3559352442389354,NA,NA,NA,NA,NA,0.4071740508079529,-40.71740508079529,2012,Go for it,NA,NA,NA,NA,NA,NA,NA,NA,NA,NA,Toss Up,Go for it,Andy Reid,Ken Whisenhunt,2:49,NA,NA,NA,NA,NA,NA,NA,NA,NA,NA
762,2012_03_PHI_ARI,2012092309,ARI,PHI,REG,3,ARI,home,PHI,PHI,24,2012-09-23,159,1059,2859,Half1,0,5,0,1,2,0,02:39,PHI 24,10,38,(2:39) 4-K.Kolb pass short right to 11-L.Fitzgerald to PHI 13 for 11 yards (42-K.Coleman).,pass,11,0,0,1,0,0,0,short,right,1,10,NA,NA,NA,NA,NA,NA,3,3,0,NA,NA,NA,NA,3,3,3,0,3,0,3,3,0,3,0.006344616413116455,0.03149322420358658,6.018157582730055e-4,0.03988371044397354,0.46786823868751526,0.0015537991421297193,0.45225459337234497,0,0,4.1976251907180995,0.9155062001664191,8.689568363130093,-8.689568363130093,-1.6208497195038944,1.6208497195038944,4.531824261431363,-4.531824261431363,-0.5554863706929609,1.47099257085938,-0.5554863706929609,1.47099257085938,-0.39490734168794006,0.39490734168794006,3.474376122816466,-3.474376122816466,-0.4843471929198131,0.4843471929198131,5.339556991355494,-5.339556991355494,0.7692409753799438,0.23075902462005615,0.7692409753799438,0.23075902462005615,0.01723271608352661,0.018430352210998535,0.018430352210998535,0.7864736914634705,0.21352630853652954,0.6441638469696045,0.6441638469696045,-0.015082955360412598,0.015082955360412598,0.12278985977172852,-0.12278985977172852,0,0.01723271608352661,0,0.01723271608352661,-0.05409121513366699,0.05409121513366699,0.14150425791740417,-0.14150425791740417,-0.05409121513366699,0.05409121513366699,0.17253154516220093,-0.17253154516220093,0,0,1,0,0,0,0,0,0,0,0,0,0,0,0,0,0,0,0,0,0,0,0,0,1,0,0,0,0,0,0,0,0,1,0,0,0,0,0,0,0,0,0,0,0,1,0,0,0,0,0,00-0025423,K.Kolb,11,00-0022921,L.Fitzgerald,11,NA,NA,NA,NA,NA,NA,NA,NA,NA,NA,NA,NA,NA,NA,NA,NA,NA,NA,NA,NA,NA,NA,NA,NA,NA,NA,NA,NA,NA,NA,NA,NA,NA,NA,NA,NA,NA,NA,NA,NA,NA,NA,NA,NA,NA,PHI,NA,00-0027835,NA,K.Coleman,NA,NA,NA,NA,NA,NA,NA,NA,NA,NA,NA,NA,NA,0,NA,NA,NA,NA,NA,NA,NA,NA,NA,NA,NA,NA,NA,NA,NA,NA,NA,NA,NA,NA,NA,NA,NA,NA,NA,NA,NA,NA,NA,NA,NA,0,NA,NA,NA,NA,0,NA,NA,0,0,0,0,NA,NA,2012,0.7872176170349121,21.27823829650879,10,1,First down,762,"9/23/12, 16:05:33",2012-09-23T20:32:46Z,State Farm Stadium,"Temp: ° F, Wind: mph",10012012-0923-0983-16fc-87e5113fe1b7,0,0,PASS,0,NA,NA,NA,5,Touchdown,2012-09-23T20:30:10Z,8,3:32,3,1,1,1,1,0,FUMBLE,TOUCHDOWN,04:36,01:04,PHI 38,PHI 8,674,849,6,27,Home,21,33,-3,42.5,0,closed,grass,NA,NA,Ken Whisenhunt,Andy Reid,PHO00,University of Phoenix Stadium,0,1,K.Kolb,4,NA,NA,L.Fitzgerald,11,1,0,1,0,1,00-0025423,NA,00-0022921,K.Kolb,4,00-0025423,L.Fitzgerald,00-0022921,L.Fitzgerald,00-0022921,0,0,0.9155062001664191,0.6636344285109266,5.829280058038421,5,0.4268227149732411,0.23141175182536244,0.5235547423362732,47.64452576637268,2012,Go for it,NA,NA,NA,NA,NA,NA,NA,NA,NA,NA,Toss Up,Go for it,Andy Reid,Ken Whisenhunt,2:39,NA,NA,NA,NA,NA,NA,NA,NA,NA,NA
786,2012_03_PHI_ARI,2012092309,ARI,PHI,REG,3,ARI,home,PHI,PHI,13,2012-09-23,121,1021,2821,Half1,0,5,0,1,1,0,02:01,PHI 13,10,38,(2:01) 26-C.Wells up the middle to PHI 8 for 5 yards (59-D.Ryans).,run,5,0,0,0,0,0,0,NA,NA,NA,NA,middle,NA,NA,NA,NA,NA,3,3,0,NA,NA,NA,NA,3,3,3,0,3,0,3,3,0,3,0.004944774322211742,0.016708094626665115,4.4940575025975704e-4,0.021493105217814445,0.34330418705940247,0.0014018432702869177,0.611698567867279,0,0,5.113131390884519,0.08202217041980475,8.771590533549897,-8.771590533549897,-1.5388275490840897,1.5388275490840897,4.531824261431363,-4.531824261431363,NA,NA,0,0,-0.39490734168794006,0.39490734168794006,3.474376122816466,-3.474376122816466,-0.4843471929198131,0.4843471929198131,5.339556991355494,-5.339556991355494,0.7864736914634705,0.21352630853652954,0.7864736914634705,0.21352630853652954,-0.003625154495239258,-0.009411156177520752,-0.009411156177520752,0.7828485369682312,0.2171514630317688,0.662594199180603,0.662594199180603,-0.018708109855651855,0.018708109855651855,0.12278985977172852,-0.12278985977172852,NA,NA,0,0,-0.05409121513366699,0.05409121513366699,0.14150425791740417,-0.14150425791740417,-0.05409121513366699,0.05409121513366699,0.17253154516220093,-0.17253154516220093,0,0,0,0,0,0,0,0,0,0,0,0,0,0,0,0,0,0,0,0,0,0,0,0,1,0,0,0,0,0,0,0,1,0,0,0,0,0,0,0,0,0,0,0,0,0,0,0,0,0,0,NA,NA,NA,NA,NA,NA,00-0027007,C.Wells,5,NA,NA,NA,NA,NA,NA,NA,NA,NA,NA,NA,NA,NA,NA,NA,NA,NA,NA,NA,NA,NA,NA,NA,NA,NA,NA,NA,NA,NA,NA,NA,NA,NA,NA,NA,NA,NA,NA,NA,NA,NA,NA,PHI,NA,00-0024248,NA,D.Ryans,NA,NA,NA,NA,NA,NA,NA,NA,NA,NA,NA,NA,NA,0,NA,NA,NA,NA,NA,NA,NA,NA,NA,NA,NA,NA,NA,NA,NA,NA,NA,NA,NA,NA,NA,NA,NA,NA,NA,NA,NA,NA,NA,NA,NA,0,NA,NA,NA,NA,0,NA,NA,0,0,0,0,NA,NA,2012,NA,NA,11,1,Touchdown,786,"9/23/12, 16:05:33",2012-09-23T20:33:24Z,State Farm Stadium,"Temp: ° F, Wind: mph",10012012-0923-0983-16fc-87e5113fe1b7,0,0,RUSH,0,NA,NA,NA,5,Touchdown,2012-09-23T20:30:10Z,8,3:32,3,1,1,1,1,0,FUMBLE,TOUCHDOWN,04:36,01:04,PHI 38,PHI 8,674,849,6,27,Home,21,33,-3,42.5,0,closed,grass,NA,NA,Ken Whisenhunt,Andy Reid,PHO00,University of Phoenix Stadium,0,1,NA,NA,C.Wells,26,NA,NA,0,1,0,0,1,NA,00-0027007,NA,C.Wells,26,00-0027007,C.Wells,00-0027007,C.Wells,00-0027007,0,0,0.08202217041980475,NA,NA,NA,NA,NA,0.322741836309433,-32.2741836309433,2012,Go for it,NA,NA,NA,NA,NA,NA,NA,NA,NA,NA,Toss Up,Go for it,Andy Reid,Ken Whisenhunt,2:01,NA,NA,NA,NA,NA,NA,NA,NA,NA,NA
807,2012_03_PHI_ARI,2012092309,ARI,PHI,REG,3,ARI,home,PHI,PHI,8,2012-09-23,75,975,2775,Half1,0,5,0,1,2,0,01:15,PHI 8,5,38,(1:15) (Shotgun) 4-K.Kolb pass incomplete short left to 85-E.Doucet.,pass,0,1,0,1,0,0,0,short,left,3,NA,NA,NA,NA,NA,NA,NA,3,3,0,NA,NA,NA,NA,3,3,3,0,3,0,3,3,0,3,0.005306645762175322,0.015392420813441277,3.83072008844465e-4,0.015940304845571518,0.34495627880096436,0.0014677251456305385,0.616553544998169,0,0,5.195153561304323,-0.7956226989626884,7.975967834587209,-7.975967834587209,-1.5388275490840897,1.5388275490840897,3.7362015624686746,-3.7362015624686746,-0.31748763733776286,-0.4781350616249256,0,0,-0.39490734168794006,0.39490734168794006,3.474376122816466,-3.474376122816466,-0.801834830257576,0.801834830257576,4.861421929730568,-4.861421929730568,0.7828485369682312,0.2171514630317688,0.7828485369682312,0.2171514630317688,-0.016236066818237305,-0.02048969268798828,-0.02048969268798828,0.7666124701499939,0.2333875298500061,0.6531830430030823,0.6531830430030823,-0.018708109855651855,0.018708109855651855,0.10655379295349121,-0.10655379295349121,0,-0.016236066818237305,0,0,-0.05409121513366699,0.05409121513366699,0.14150425791740417,-0.14150425791740417,-0.05409121513366699,0.05409121513366699,0.15629547834396362,-0.15629547834396362,0,0,0,0,0,0,0,0,1,0,0,0,0,0,0,0,0,0,0,0,0,0,0,0,0,0,0,0,0,0,0,0,0,1,0,0,0,0,0,0,0,0,0,0,0,0,0,0,0,0,0,00-0025423,K.Kolb,NA,00-0026221,E.Doucet,NA,NA,NA,NA,NA,NA,NA,NA,NA,NA,NA,NA,NA,NA,NA,NA,NA,NA,NA,NA,NA,NA,NA,NA,NA,NA,NA,NA,NA,NA,NA,NA,NA,NA,NA,NA,NA,NA,NA,NA,NA,NA,NA,NA,NA,NA,NA,NA,NA,NA,NA,NA,NA,NA,NA,NA,NA,NA,NA,NA,NA,NA,NA,NA,0,NA,NA,NA,NA,NA,NA,NA,NA,NA,NA,NA,NA,NA,NA,NA,NA,NA,NA,NA,NA,NA,NA,NA,NA,NA,NA,NA,NA,NA,NA,NA,0,NA,NA,NA,NA,0,NA,NA,0,0,0,0,NA,NA,2012,0.6758761405944824,-67.58761405944824,11,1,Touchdown,807,"9/23/12, 16:05:33",2012-09-23T20:34:10Z,State Farm Stadium,"Temp: ° F, Wind: mph",10012012-0923-0983-16fc-87e5113fe1b7,0,0,PASS,0,NA,NA,NA,5,Touchdown,2012-09-23T20:30:10Z,8,3:32,3,1,1,1,1,0,FUMBLE,TOUCHDOWN,04:36,01:04,PHI 38,PHI 8,674,849,6,27,Home,21,33,-3,42.5,0,closed,grass,NA,NA,Ken Whisenhunt,Andy Reid,PHO00,University of Phoenix Stadium,0,0,K.Kolb,4,NA,NA,E.Doucet,85,1,0,0,0,1,00-0025423,NA,00-0026221,K.Kolb,4,00-0025423,E.Doucet,00-0026221,E.Doucet,00-0026221,0,0,-0.7956226989626884,1.1708399267660314,2.5852233540499583,3,0.8323442451073788,0.6288728527142666,0.4358603358268738,56.41396641731262,2012,Go for it,NA,NA,NA,NA,NA,NA,NA,NA,NA,NA,Toss Up,Go for it,Andy Reid,Ken Whisenhunt,1:15,NA,NA,NA,NA,NA,NA,NA,NA,NA,NA
829,2012_03_PHI_ARI,2012092309,ARI,PHI,REG,3,ARI,home,PHI,PHI,8,2012-09-23,70,970,2770,Half1,0,5,1,1,3,0,01:10,PHI 8,5,38,"(1:10) (Shotgun) 4-K.Kolb pass short right to 15-M.Floyd for 8 yards, TOUCHDOWN.",pass,8,1,0,1,0,0,0,short,right,5,3,NA,NA,NA,NA,NA,NA,3,3,0,NA,ARI,M.Floyd,00-0029638,3,3,9,0,3,0,3,9,0,9,0.0062874313443899155,0.018739260733127594,4.5104947639629245e-4,0.019716300070285797,0.5200839638710022,0.0017281781183555722,0.4329937994480133,0,0,4.399530862341635,2.600469137658365,10.576436972245574,-10.576436972245574,-1.5388275490840897,1.5388275490840897,6.33667070012704,-6.33667070012704,1.449693015019875,1.15077612263849,1.449693015019875,1.15077612263849,1.054785673331935,-1.054785673331935,4.625152245454956,-4.625152245454956,0.6478581847622991,-0.6478581847622991,6.012198052369058,-6.012198052369058,0.7666124701499939,0.2333875298500061,0.7666124701499939,0.2333875298500061,0.043936362051130606,0.06327447077392068,0.06327447077392068,0.8105488322011245,0.1894511677988755,0.632693350315094,0.632693350315094,-0.018708109855651855,0.018708109855651855,0.15049015500462182,-0.15049015500462182,0,0.043936362051130606,0,0.043936362051130606,-0.05409121513366699,0.05409121513366699,0.18544061996853478,-0.18544061996853478,-0.05409121513366699,0.05409121513366699,0.20023184039509423,-0.20023184039509423,0,0,1,0,1,0,0,0,0,0,0,0,0,0,0,0,0,0,0,0,0,0,0,0,0,0,0,0,0,0,0,0,0,1,0,1,1,0,0,0,0,0,0,0,0,1,0,0,0,0,0,00-0025423,K.Kolb,8,00-0029638,M.Floyd,8,NA,NA,NA,NA,NA,NA,NA,NA,NA,NA,NA,NA,NA,NA,NA,NA,NA,NA,NA,NA,NA,NA,NA,NA,NA,NA,NA,NA,NA,NA,NA,NA,NA,NA,NA,NA,NA,NA,NA,NA,NA,NA,NA,NA,NA,NA,NA,NA,NA,NA,NA,NA,NA,NA,NA,NA,NA,NA,NA,NA,NA,NA,NA,0,NA,NA,NA,NA,NA,NA,NA,NA,NA,NA,NA,NA,NA,NA,NA,NA,NA,NA,NA,NA,NA,NA,NA,NA,NA,NA,NA,NA,NA,NA,NA,0,NA,NA,NA,NA,0,NA,NA,0,0,0,0,NA,NA,2012,0.5110978484153748,48.890215158462524,11,1,Touchdown,829,"9/23/12, 16:05:33",2012-09-23T20:35:06Z,State Farm Stadium,"Temp: ° F, Wind: mph",10012012-0923-0983-16fc-87e5113fe1b7,0,0,PASS,0,NA,NA,NA,5,Touchdown,2012-09-23T20:30:10Z,8,3:32,3,1,1,1,1,0,FUMBLE,TOUCHDOWN,04:36,01:04,PHI 38,PHI 8,674,849,6,27,Home,21,33,-3,42.5,0,closed,grass,NA,NA,Ken Whisenhunt,Andy Reid,PHO00,University of Phoenix Stadium,0,1,K.Kolb,4,NA,NA,M.Floyd,15,1,0,1,0,1,00-0025423,NA,00-0029638,K.Kolb,4,00-0025423,M.Floyd,00-0029638,M.Floyd,00-0029638,0,0,2.600469137658365,0.7545223556611922,1.9491955486300867,2,0.9906302404706366,0.9906302404706366,0.923755407333374,7.624459266662598,2012,Go for it,NA,NA,NA,NA,NA,NA,NA,NA,NA,NA,Toss Up,Go for it,Andy Reid,Ken Whisenhunt,1:10,NA,NA,NA,NA,NA,NA,NA,NA,NA,NA
849,2012_03_PHI_ARI,2012092309,ARI,PHI,REG,3,ARI,home,PHI,PHI,2,2012-09-23,64,964,2764,Half1,0,5,1,1,NA,0,01:04,PHI 2,0,38,"3-J.Feely extra point is GOOD, Center-82-M.Leach, Holder-9-D.Zastudil.",extra_point,0,0,0,0,0,0,0,NA,NA,NA,NA,NA,NA,NA,20,good,NA,3,3,0,NA,NA,NA,NA,3,3,10,0,9,0,9,10,0,10,0,0,0,0,0,0,0,0.9693761136986161,0,0.9693761136986161,0.030623886301383907,10.607060858546959,-10.607060858546959,-1.5388275490840897,1.5388275490840897,6.33667070012704,-6.33667070012704,NA,NA,0,0,1.054785673331935,-1.054785673331935,4.625152245454956,-4.625152245454956,0.6478581847622991,-0.6478581847622991,6.012198052369058,-6.012198052369058,0.8105488322011245,0.1894511677988755,0.8105488322011245,0.1894511677988755,0.008697325802682565,0.00874188760162864,0.00874188760162864,0.8192461580038071,0.18075384199619293,0.6959678210890147,0.6959678210890147,-0.018708109855651855,0.018708109855651855,0.15049015500462182,-0.15049015500462182,NA,NA,0,0,-0.05409121513366699,0.05409121513366699,0.18544061996853478,-0.18544061996853478,-0.05409121513366699,0.05409121513366699,0.20023184039509423,-0.20023184039509423,0,0,0,0,0,0,0,0,0,0,0,0,0,0,0,0,0,0,0,0,0,0,0,0,0,0,0,0,0,0,0,0,0,0,0,0,0,0,0,1,0,0,0,0,0,0,0,0,0,0,0,NA,NA,NA,NA,NA,NA,NA,NA,NA,NA,NA,NA,NA,NA,NA,NA,NA,NA,NA,NA,NA,NA,NA,NA,NA,NA,NA,NA,NA,NA,NA,J.Feely,00-0019770,NA,NA,NA,NA,NA,NA,NA,NA,NA,NA,NA,NA,NA,NA,NA,NA,NA,NA,NA,NA,NA,NA,NA,NA,NA,NA,NA,NA,NA,NA,NA,NA,NA,NA,NA,NA,0,NA,NA,NA,NA,NA,NA,NA,NA,NA,NA,NA,NA,NA,NA,NA,NA,NA,NA,NA,NA,NA,NA,NA,NA,NA,NA,NA,NA,NA,NA,NA,0,NA,NA,NA,NA,0,NA,NA,0,0,0,0,NA,NA,2012,NA,NA,11,1,Touchdown,849,"9/23/12, 16:05:33",2012-09-23T20:35:50Z,State Farm Stadium,"Temp: ° F, Wind: mph",10012012-0923-0983-16fc-87e5113fe1b7,0,0,XP_KICK,1,NA,NA,NA,5,Touchdown,2012-09-23T20:30:10Z,8,3:32,3,1,1,1,1,0,FUMBLE,TOUCHDOWN,04:36,01:04,PHI 38,PHI 8,674,849,6,27,Home,21,33,-3,42.5,0,closed,grass,NA,NA,Ken Whisenhunt,Andy Reid,PHO00,University of Phoenix Stadium,0,1,NA,NA,NA,NA,NA,NA,0,0,0,1,0,NA,NA,NA,NA,NA,NA,NA,NA,NA,NA,0,0,0.030623886301383907,NA,NA,NA,NA,NA,NA,NA,2012,Other,NA,NA,NA,NA,NA,NA,NA,NA,NA,NA,Toss Up,Other,Andy Reid,Ken Whisenhunt,1:04,NA,NA,NA,NA,NA,NA,NA,NA,NA,NA
880,2012_03_PHI_ARI,2012092309,ARI,PHI,REG,3,PHI,away,ARI,ARI,35,2012-09-23,64,964,2764,Half1,0,6,0,1,NA,0,01:04,ARI 35,0,44,"3-J.Feely kicks 65 yards from ARI 35 to end zone, Touchback.",kickoff,0,0,0,0,0,0,0,NA,NA,NA,NA,NA,NA,NA,65,NA,NA,3,3,0,NA,NA,NA,NA,3,3,10,0,0,10,-10,0,10,-10,0.027754317969083786,0.17040830850601196,0.004239730536937714,0.27357035875320435,0.20315006375312805,0.0025872180704027414,0.3182900547981262,0,0,0.40795811312273145,-0,10.607060858546959,-10.607060858546959,-1.5388275490840897,1.5388275490840897,6.33667070012704,-6.33667070012704,NA,NA,0,0,1.054785673331935,-1.054785673331935,4.625152245454956,-4.625152245454956,0.6478581847622991,-0.6478581847622991,6.012198052369058,-6.012198052369058,0.18075384199619293,0.8192461580038071,0.8192461580038071,0.18075384199619293,-0,-0,0,0.8192461580038071,0.18075384199619293,0.2952902913093567,0.7047097086906433,-0.018708109855651855,0.018708109855651855,0.15049015500462182,-0.15049015500462182,NA,NA,0,0,-0.05409121513366699,0.05409121513366699,0.18544061996853478,-0.18544061996853478,-0.05409121513366699,0.05409121513366699,0.20023184039509423,-0.20023184039509423,0,0,0,0,0,0,0,0,0,1,0,0,0,0,0,0,0,0,0,0,0,0,0,0,0,0,0,0,0,0,0,0,0,0,0,0,0,0,0,0,0,0,1,0,0,0,0,0,0,0,0,NA,NA,NA,NA,NA,NA,NA,NA,NA,NA,NA,NA,NA,NA,NA,NA,NA,NA,NA,NA,NA,NA,NA,NA,NA,NA,NA,NA,NA,NA,NA,J.Feely,00-0019770,NA,NA,NA,NA,NA,NA,NA,NA,NA,NA,NA,NA,NA,NA,NA,NA,NA,NA,NA,NA,NA,NA,NA,NA,NA,NA,NA,NA,NA,NA,NA,NA,NA,NA,NA,NA,0,NA,NA,NA,NA,NA,NA,NA,NA,NA,NA,NA,NA,NA,NA,NA,NA,NA,NA,NA,NA,NA,NA,NA,NA,NA,NA,NA,NA,NA,NA,PHI,0,NA,NA,NA,NA,0,NA,NA,0,0,0,0,NA,NA,2012,NA,NA,12,1,First down,880,"9/23/12, 16:05:33",2012-09-23T20:38:19Z,State Farm Stadium,"Temp: ° F, Wind: mph",10012012-0923-0983-16fc-87e5113fe1b7,0,0,KICK_OFF,1,NA,NA,NA,6,Turnover,2012-09-23T20:38:19Z,4,1:42,1,0,0,1,2,-5,KICKOFF,FUMBLE,01:04,14:22,PHI 20,ARI 36,880,1033,6,27,Home,21,33,-3,42.5,0,closed,grass,NA,NA,Ken Whisenhunt,Andy Reid,PHO00,University of Phoenix Stadium,0,0,NA,NA,NA,NA,NA,NA,0,0,0,1,0,NA,NA,NA,NA,NA,NA,NA,NA,NA,NA,0,0,-0,NA,NA,NA,NA,NA,NA,NA,2012,Other,NA,NA,NA,NA,NA,NA,NA,NA,NA,NA,Toss Up,Other,Andy Reid,Ken Whisenhunt,1:04,NA,NA,NA,NA,NA,NA,NA,NA,NA,NA
911,2012_03_PHI_ARI,2012092309,ARI,PHI,REG,3,PHI,away,ARI,PHI,80,2012-09-23,64,964,2764,Half1,0,6,0,1,1,0,01:04,PHI 20,10,44,(1:04) 25-L.McCoy left tackle to PHI 28 for 8 yards (90-D.Dockett).,run,8,0,0,0,0,0,0,NA,NA,NA,NA,left,tackle,NA,NA,NA,NA,3,3,0,NA,NA,NA,NA,3,3,10,0,0,10,-10,0,10,-10,0.027754317969083786,0.17040830850601196,0.004239730536937714,0.27357035875320435,0.20315006375312805,0.0025872180704027414,0.3182900547981262,0,0,0.40795811312273145,0.4702308401465416,10.136830018400417,-10.136830018400417,-2.0090583892306313,2.0090583892306313,6.33667070012704,-6.33667070012704,NA,NA,0,0,1.054785673331935,-1.054785673331935,4.625152245454956,-4.625152245454956,0.6478581847622991,-0.6478581847622991,6.012198052369058,-6.012198052369058,0.18075384199619293,0.8192461580038071,0.8192461580038071,0.18075384199619293,0.006322875618934631,0.025683969259262085,-0.025683969259262085,0.8129232823848724,0.18707671761512756,0.2952902913093567,0.7047097086906433,-0.025030985474586487,0.025030985474586487,0.15049015500462182,-0.15049015500462182,NA,NA,0,0,-0.05409121513366699,0.05409121513366699,0.18544061996853478,-0.18544061996853478,-0.05409121513366699,0.05409121513366699,0.20023184039509423,-0.20023184039509423,0,0,0,0,0,0,0,0,0,0,0,0,0,0,0,0,0,0,0,0,0,0,0,0,1,0,0,0,0,0,0,0,1,0,0,0,0,0,0,0,0,0,0,0,0,0,0,0,0,0,0,NA,NA,NA,NA,NA,NA,00-0027029,L.McCoy,8,NA,NA,NA,NA,NA,NA,NA,NA,NA,NA,NA,NA,NA,NA,NA,NA,NA,NA,NA,NA,NA,NA,NA,NA,NA,NA,NA,NA,NA,NA,NA,NA,NA,NA,NA,NA,NA,NA,NA,NA,NA,NA,ARI,NA,00-0022930,NA,D.Dockett,NA,NA,NA,NA,NA,NA,NA,NA,NA,NA,NA,NA,NA,0,NA,NA,NA,NA,NA,NA,NA,NA,NA,NA,NA,NA,NA,NA,NA,NA,NA,NA,NA,NA,NA,NA,NA,NA,NA,NA,NA,NA,NA,NA,NA,0,NA,NA,NA,NA,0,NA,NA,0,0,0,0,NA,NA,2012,NA,NA,12,1,First down,911,"9/23/12, 16:05:33",2012-09-23T20:41:02Z,State Farm Stadium,"Temp: ° F, Wind: mph",10012012-0923-0983-16fc-87e5113fe1b7,0,0,RUSH,0,NA,NA,NA,6,Turnover,2012-09-23T20:38:19Z,4,1:42,1,0,0,1,2,-5,KICKOFF,FUMBLE,01:04,14:22,PHI 20,ARI 36,880,1033,6,27,Home,21,33,-3,42.5,0,closed,grass,NA,NA,Ken Whisenhunt,Andy Reid,PHO00,University of Phoenix Stadium,0,1,NA,NA,L.McCoy,25,NA,NA,0,1,0,0,1,NA,00-0027029,NA,L.McCoy,25,00-0027029,L.McCoy,00-0027029,L.McCoy,00-0027029,0,0,0.4702308401465416,NA,NA,NA,NA,NA,0.504066526889801,-50.4066526889801,2012,Go for it,NA,NA,NA,NA,NA,NA,NA,NA,NA,NA,Toss Up,Go for it,Andy Reid,Ken Whisenhunt,1:04,NA,NA,NA,NA,NA,NA,NA,NA,NA,NA
932,2012_03_PHI_ARI,2012092309,ARI,PHI,REG,3,PHI,away,ARI,PHI,72,2012-09-23,28,928,2728,Half1,0,6,0,1,2,0,00:28,PHI 28,2,44,(:28) (Shotgun) 7-M.Vick pass deep left to 87-B.Celek to ARI 38 for 34 yards (49-R.Johnson).,pass,34,1,0,1,0,0,0,deep,left,18,16,NA,NA,NA,NA,NA,NA,3,3,0,NA,NA,NA,NA,3,3,10,0,0,10,-10,0,10,-10,0.030426185578107834,0.15019869804382324,0.0043769110925495625,0.2509942054748535,0.20997360348701477,0.0027270622085779905,0.3513033390045166,0,0,0.878188953269273,2.2918590386398137,7.844970979760602,-7.844970979760602,-2.0090583892306313,2.0090583892306313,4.044811661487226,-4.044811661487226,1.1858050713781267,1.106053967261687,1.1858050713781267,1.106053967261687,-0.13101939804619178,0.13101939804619178,3.519098278193269,-3.519098278193269,-0.5379468866158277,0.5379468866158277,4.906144085107371,-4.906144085107371,0.18707671761512756,0.8129232823848724,0.8129232823848724,0.18707671761512756,0.026364415884017944,0.032084256410598755,-0.032084256410598755,0.7865588665008545,0.2134411334991455,0.3209742605686188,0.6790257394313812,-0.025030985474586487,0.025030985474586487,0.12412573912060387,-0.12412573912060387,0,0.026364415884017944,0,0.026364415884017944,-0.05409121513366699,0.05409121513366699,0.15907620408451684,-0.15907620408451684,-0.05409121513366699,0.05409121513366699,0.17386742451107629,-0.17386742451107629,0,0,1,0,0,0,0,0,0,0,0,0,0,0,0,0,0,0,0,0,0,0,0,0,1,0,0,0,0,0,0,0,0,1,0,0,0,0,0,0,0,0,0,0,0,1,0,0,0,0,0,00-0020245,M.Vick,34,00-0025549,B.Celek,34,NA,NA,NA,NA,NA,NA,NA,NA,NA,NA,NA,NA,NA,NA,NA,NA,NA,NA,NA,NA,NA,NA,NA,NA,NA,NA,NA,NA,NA,NA,NA,NA,NA,NA,NA,NA,NA,NA,NA,NA,NA,NA,NA,NA,NA,ARI,NA,00-0027067,NA,R.Johnson,NA,NA,NA,NA,NA,NA,NA,NA,NA,NA,NA,NA,NA,0,NA,NA,NA,NA,NA,NA,NA,NA,NA,NA,NA,NA,NA,NA,NA,NA,NA,NA,NA,NA,NA,NA,NA,NA,NA,NA,NA,NA,NA,NA,NA,0,NA,NA,NA,NA,0,NA,NA,0,0,0,0,NA,NA,2012,0.5261407494544983,47.38592505455017,12,1,First down,932,"9/23/12, 16:05:33",2012-09-23T20:41:38Z,State Farm Stadium,"Temp: ° F, Wind: mph",10012012-0923-0983-16fc-87e5113fe1b7,0,0,PASS,0,NA,NA,NA,6,Turnover,2012-09-23T20:38:19Z,4,1:42,1,0,0,1,2,-5,KICKOFF,FUMBLE,01:04,14:22,PHI 20,ARI 36,880,1033,6,27,Home,21,33,-3,42.5,0,closed,grass,NA,NA,Ken Whisenhunt,Andy Reid,PHO00,University of Phoenix Stadium,0,1,M.Vick,7,NA,NA,B.Celek,87,1,0,1,0,1,00-0020245,NA,00-0025549,M.Vick,7,00-0020245,B.Celek,00-0025549,B.Celek,00-0025549,0,0,2.2918590386398137,0.455163044293341,6.469229749156511,3,1,1,0.3431502878665924,65.68497121334076,2012,Go for it,NA,NA,NA,NA,NA,NA,NA,NA,NA,NA,Toss Up,Go for it,Andy Reid,Ken Whisenhunt,0:28,NA,NA,NA,NA,NA,NA,NA,NA,NA,NA
956,2012_03_PHI_ARI,2012092309,ARI,PHI,REG,3,NA,NA,NA,NA,NA,2012-09-23,0,900,2700,Half1,1,6,0,1,NA,0,00:00,NA,0,44,END QUARTER 1,NA,NA,0,0,NA,0,0,0,NA,NA,NA,NA,NA,NA,NA,NA,NA,NA,3,3,NA,NA,NA,NA,NA,NA,NA,10,0,NA,NA,NA,NA,NA,NA,0,0,0,0,0,0,0,0,0,3.1700479919090867,-0,7.844970979760602,-7.844970979760602,-2.0090583892306313,2.0090583892306313,4.044811661487226,-4.044811661487226,NA,NA,NA,NA,-0.13101939804619178,0.13101939804619178,3.519098278193269,-3.519098278193269,-0.5379468866158277,0.5379468866158277,4.906144085107371,-4.906144085107371,0.2134411334991455,0.7865588665008545,0.7865588665008545,0.2134411334991455,-0,-0,0,NA,NA,0.35305851697921753,0.6469414830207825,-0.025030985474586487,0.025030985474586487,0.12412573912060387,-0.12412573912060387,NA,NA,NA,NA,-0.05409121513366699,0.05409121513366699,0.15907620408451684,-0.15907620408451684,-0.05409121513366699,0.05409121513366699,0.17386742451107629,-0.17386742451107629,NA,NA,NA,NA,NA,NA,NA,NA,NA,0,NA,NA,NA,NA,NA,NA,NA,NA,NA,NA,NA,NA,NA,NA,NA,NA,NA,NA,NA,NA,NA,NA,NA,NA,NA,NA,NA,NA,NA,NA,NA,NA,NA,NA,NA,NA,NA,NA,NA,NA,NA,NA,NA,NA,NA,NA,NA,NA,NA,NA,NA,NA,NA,NA,NA,NA,NA,NA,NA,NA,NA,NA,NA,NA,NA,NA,NA,NA,NA,NA,NA,NA,NA,NA,NA,NA,NA,NA,NA,NA,NA,NA,NA,NA,NA,NA,NA,NA,NA,NA,NA,NA,NA,NA,NA,NA,NA,NA,NA,NA,NA,NA,NA,NA,NA,NA,NA,NA,NA,NA,NA,NA,NA,NA,NA,NA,NA,NA,NA,NA,NA,NA,NA,NA,NA,NA,NA,NA,NA,NA,NA,NA,NA,NA,NA,NA,NA,NA,NA,NA,NA,NA,NA,NA,NA,NA,NA,0,NA,NA,NA,NA,NA,NA,NA,NA,2012,NA,NA,13,0,Turnover,956,"9/23/12, 16:05:33",NA,State Farm Stadium,"Temp: ° F, Wind: mph",10012012-0923-0983-16fc-87e5113fe1b7,0,0,END_QUARTER,0,NA,NA,NA,6,Turnover,2012-09-23T20:38:19Z,4,1:42,1,0,0,1,2,-5,KICKOFF,FUMBLE,01:04,14:22,PHI 20,ARI 36,880,1033,6,27,Home,21,33,-3,42.5,0,closed,grass,NA,NA,Ken Whisenhunt,Andy Reid,PHO00,University of Phoenix Stadium,0,0,NA,NA,NA,NA,NA,NA,0,0,NA,0,0,NA,NA,NA,NA,NA,NA,NA,NA,NA,NA,0,0,-0,NA,NA,NA,NA,NA,NA,NA,2012,Other,NA,NA,NA,NA,NA,NA,NA,NA,NA,NA,Toss Up,NA,Andy Reid,Ken Whisenhunt,0:00,NA,NA,NA,NA,NA,NA,NA,NA,NA,NA
972,2012_03_PHI_ARI,2012092309,ARI,PHI,REG,3,NA,NA,NA,NA,NA,2012-09-23,900,900,2700,Half1,0,6,0,2,NA,0,15:00,ARI 38,0,44,Timeout #1 by PHI at 15:00.,no_play,0,0,0,0,0,0,0,NA,NA,NA,NA,NA,NA,NA,NA,NA,NA,3,2,1,PHI,NA,NA,NA,NA,NA,10,0,NA,NA,NA,NA,NA,NA,0,0,0,0,0,0,0,0,0,3.1700479919090867,-0,7.844970979760602,-7.844970979760602,-2.0090583892306313,2.0090583892306313,4.044811661487226,-4.044811661487226,NA,NA,0,0,-0.13101939804619178,0.13101939804619178,3.519098278193269,-3.519098278193269,-0.5379468866158277,0.5379468866158277,4.906144085107371,-4.906144085107371,0.2134411334991455,0.7865588665008545,0.7865588665008545,0.2134411334991455,-0,-0,0,NA,NA,0.35305851697921753,0.6469414830207825,-0.025030985474586487,0.025030985474586487,0.12412573912060387,-0.12412573912060387,NA,NA,0,0,-0.05409121513366699,0.05409121513366699,0.15907620408451684,-0.15907620408451684,-0.05409121513366699,0.05409121513366699,0.17386742451107629,-0.17386742451107629,0,0,0,0,0,0,0,0,0,0,0,0,0,0,0,0,0,0,0,0,0,0,0,0,0,0,0,0,0,0,0,0,0,0,0,0,0,0,0,0,0,0,0,0,0,0,0,0,0,0,0,NA,NA,NA,NA,NA,NA,NA,NA,NA,NA,NA,NA,NA,NA,NA,NA,NA,NA,NA,NA,NA,NA,NA,NA,NA,NA,NA,NA,NA,NA,NA,NA,NA,NA,NA,NA,NA,NA,NA,NA,NA,NA,NA,NA,NA,NA,NA,NA,NA,NA,NA,NA,NA,NA,NA,NA,NA,NA,NA,NA,NA,NA,NA,NA,NA,NA,NA,NA,NA,0,NA,NA,NA,NA,NA,NA,NA,NA,NA,NA,NA,NA,NA,NA,NA,NA,NA,NA,NA,NA,NA,NA,NA,NA,NA,NA,NA,NA,NA,NA,NA,0,NA,NA,NA,NA,0,NA,NA,0,0,0,0,NA,NA,2012,NA,NA,13,0,Turnover,972,"9/23/12, 16:05:33",2012-09-23T20:45:28Z,State Farm Stadium,"Temp: ° F, Wind: mph",10012012-0923-0983-16fc-87e5113fe1b7,0,0,TIMEOUT,0,NA,NA,NA,6,Turnover,2012-09-23T20:38:19Z,4,1:42,1,0,0,1,2,-5,KICKOFF,FUMBLE,01:04,14:22,PHI 20,ARI 36,880,1033,6,27,Home,21,33,-3,42.5,0,closed,grass,NA,NA,Ken Whisenhunt,Andy Reid,PHO00,University of Phoenix Stadium,0,0,NA,NA,NA,NA,NA,NA,0,0,0,0,0,NA,NA,NA,NA,NA,NA,NA,NA,NA,NA,0,0,-0,NA,NA,NA,NA,NA,NA,NA,2012,Other,NA,NA,NA,NA,NA,NA,NA,NA,NA,NA,Toss Up,Other,Andy Reid,Ken Whisenhunt,15:00,NA,NA,NA,NA,NA,NA,NA,NA,NA,NA
989,2012_03_PHI_ARI,2012092309,ARI,PHI,REG,3,PHI,away,ARI,ARI,38,2012-09-23,900,900,2700,Half1,0,6,0,2,1,0,15:00,ARI 38,10,44,"(15:00) PENALTY on PHI-77-D.Bell, False Start, 5 yards, enforced at ARI 38 - No Play.",no_play,0,0,0,0,0,0,0,NA,NA,NA,NA,NA,NA,NA,NA,NA,NA,3,2,0,NA,NA,NA,NA,2,3,10,0,0,10,-10,0,10,-10,0.027011394500732422,0.06523818522691727,8.811680600047112e-4,0.10845936089754105,0.36204463243484497,0.0027901153080165386,0.43357518315315247,0,0,3.1700479919090867,-0.8610292794182897,8.706000259178893,-8.706000259178893,-2.0090583892306313,2.0090583892306313,4.044811661487226,-4.044811661487226,NA,NA,0,0,-0.13101939804619178,0.13101939804619178,3.519098278193269,-3.519098278193269,-0.5379468866158277,0.5379468866158277,4.906144085107371,-4.906144085107371,0.2134411334991455,0.7865588665008545,0.7865588665008545,0.2134411334991455,-0.020587071776390076,-0.012771397829055786,0.012771397829055786,NA,NA,0.35305851697921753,0.6469414830207825,-0.025030985474586487,0.025030985474586487,0.12412573912060387,-0.12412573912060387,NA,NA,0,0,-0.05409121513366699,0.05409121513366699,0.15907620408451684,-0.15907620408451684,-0.05409121513366699,0.05409121513366699,0.17386742451107629,-0.17386742451107629,0,0,0,0,0,0,0,0,0,0,0,0,0,0,0,0,0,0,0,0,0,0,0,0,0,0,1,0,0,0,0,0,0,0,0,0,0,0,0,0,0,0,0,0,0,0,0,0,0,0,0,NA,NA,NA,NA,NA,NA,NA,NA,NA,NA,NA,NA,NA,NA,NA,NA,NA,NA,NA,NA,NA,NA,NA,NA,NA,NA,NA,NA,NA,NA,NA,NA,NA,NA,NA,NA,NA,NA,NA,NA,NA,NA,NA,NA,NA,NA,NA,NA,NA,NA,NA,NA,NA,NA,NA,NA,NA,NA,NA,NA,NA,NA,NA,NA,NA,NA,NA,NA,NA,0,NA,NA,NA,NA,NA,NA,NA,NA,NA,NA,NA,NA,NA,NA,NA,NA,NA,NA,NA,NA,NA,NA,NA,NA,NA,NA,NA,NA,NA,NA,NA,0,PHI,00-0026359,D.Bell,5,0,NA,False Start,0,0,0,0,NA,NA,2012,NA,NA,13,0,Turnover,989,"9/23/12, 16:05:33",NA,State Farm Stadium,"Temp: ° F, Wind: mph",10012012-0923-0983-16fc-87e5113fe1b7,0,0,PENALTY,0,NA,NA,NA,6,Turnover,2012-09-23T20:38:19Z,4,1:42,1,0,0,1,2,-5,KICKOFF,FUMBLE,01:04,14:22,PHI 20,ARI 36,880,1033,6,27,Home,21,33,-3,42.5,0,closed,grass,NA,NA,Ken Whisenhunt,Andy Reid,PHO00,University of Phoenix Stadium,0,0,NA,NA,NA,NA,NA,NA,0,0,0,0,1,NA,NA,NA,NA,NA,NA,NA,NA,NA,NA,0,0,-0.8610292794182897,NA,NA,NA,NA,NA,0.5036623477935791,NA,2012,Other,NA,NA,NA,NA,NA,NA,NA,NA,NA,NA,Toss Up,Other (Penalty),Andy Reid,Ken Whisenhunt,15:00,NA,NA,NA,NA,NA,NA,NA,NA,NA,NA
1012,2012_03_PHI_ARI,2012092309,ARI,PHI,REG,3,PHI,away,ARI,ARI,43,2012-09-23,900,900,2700,Half1,0,6,0,2,1,0,15:00,ARI 43,15,44,(15:00) 25-L.McCoy up the middle to ARI 36 for 7 yards (22-W.Gay; 50-O.Schofield).,run,7,0,0,0,0,0,0,NA,NA,NA,NA,middle,NA,NA,NA,NA,NA,3,2,0,NA,NA,NA,NA,2,3,10,0,0,10,-10,0,10,-10,0.03211241587996483,0.09577628970146179,0.0011693756096065044,0.14791126549243927,0.3518276512622833,0.0039677671156823635,0.3672352433204651,0,0,2.309018712490797,0.48312280303798616,8.222877456140907,-8.222877456140907,-2.4921811922686175,2.4921811922686175,4.044811661487226,-4.044811661487226,NA,NA,0,0,-0.13101939804619178,0.13101939804619178,3.519098278193269,-3.519098278193269,-0.5379468866158277,0.5379468866158277,4.906144085107371,-4.906144085107371,0.19285406172275543,0.8071459382772446,0.8071459382772446,0.19285406172275543,0.009553834795951843,-0.0021713972091674805,0.0021713972091674805,0.7975921034812927,0.20240789651870728,0.34028711915016174,0.6597128808498383,-0.03458482027053833,0.03458482027053833,0.12412573912060387,-0.12412573912060387,NA,NA,0,0,-0.05409121513366699,0.05409121513366699,0.15907620408451684,-0.15907620408451684,-0.05409121513366699,0.05409121513366699,0.17386742451107629,-0.17386742451107629,0,0,0,0,0,0,0,0,0,0,0,0,0,0,0,0,0,0,0,0,0,0,0,0,0,0,0,0,0,0,0,0,1,0,0,0,0,0,0,0,0,0,0,0,0,0,1,0,0,0,0,NA,NA,NA,NA,NA,NA,00-0027029,L.McCoy,7,NA,NA,NA,NA,NA,NA,NA,NA,NA,NA,NA,NA,NA,NA,NA,NA,NA,NA,NA,NA,NA,NA,NA,NA,NA,NA,NA,NA,NA,NA,NA,NA,NA,NA,NA,NA,NA,NA,NA,NA,NA,NA,NA,NA,NA,NA,NA,NA,00-0025557,W.Gay,ARI,00-0027730,O.Schofield,ARI,NA,NA,NA,NA,NA,NA,0,NA,NA,NA,NA,NA,NA,NA,NA,NA,NA,NA,NA,NA,NA,NA,NA,NA,NA,NA,NA,NA,NA,NA,NA,NA,NA,NA,NA,NA,NA,NA,0,NA,NA,NA,NA,0,NA,NA,0,0,0,0,NA,NA,2012,NA,NA,13,0,Turnover,1012,"9/23/12, 16:05:33",2012-09-23T20:46:42Z,State Farm Stadium,"Temp: ° F, Wind: mph",10012012-0923-0983-16fc-87e5113fe1b7,0,0,RUSH,0,NA,NA,NA,6,Turnover,2012-09-23T20:38:19Z,4,1:42,1,0,0,1,2,-5,KICKOFF,FUMBLE,01:04,14:22,PHI 20,ARI 36,880,1033,6,27,Home,21,33,-3,42.5,0,closed,grass,NA,NA,Ken Whisenhunt,Andy Reid,PHO00,University of Phoenix Stadium,0,1,NA,NA,L.McCoy,25,NA,NA,0,1,0,0,1,NA,00-0027029,NA,L.McCoy,25,00-0027029,L.McCoy,00-0027029,L.McCoy,00-0027029,0,0,0.48312280303798616,NA,NA,NA,NA,NA,0.7075688242912292,-70.75688242912292,2012,Go for it,NA,NA,NA,NA,NA,NA,NA,NA,NA,NA,Toss Up,Go for it,Andy Reid,Ken Whisenhunt,15:00,NA,NA,NA,NA,NA,NA,NA,NA,NA,NA
1033,2012_03_PHI_ARI,2012092309,ARI,PHI,REG,3,PHI,away,ARI,ARI,36,2012-09-23,870,870,2670,Half1,0,6,0,2,2,0,14:30,ARI 36,8,44,"(14:30) 7-M.Vick right end to ARI 35 for 1 yard (94-S.Acho). Arizona challenged the runner was down by contact ruling, and the play was REVERSED. 7-M.Vick sacked at ARI 36 for 0 yards (94-S.Acho). FUMBLES (94-S.Acho) [94-S.Acho], RECOVERED by ARI-92-D.Williams at ARI 35. 92-D.Williams to ARI 35 for no gain (66-D.Reynolds).",pass,0,0,0,1,0,0,0,NA,NA,NA,NA,NA,NA,NA,NA,NA,NA,3,2,0,NA,NA,NA,NA,2,3,10,0,0,10,-10,0,10,-10,0.029000695794820786,0.0716528370976448,8.481655968353152e-4,0.1190701276063919,0.40054425597190857,0.0023066296707838774,0.37657731771469116,0,0,2.792141515528783,-4.5653004250489175,12.788177881189824,-12.788177881189824,-2.4921811922686175,2.4921811922686175,8.610112086536144,-8.610112086536144,NA,NA,0,0,-0.13101939804619178,0.13101939804619178,3.519098278193269,-3.519098278193269,-0.5379468866158277,0.5379468866158277,4.906144085107371,-4.906144085107371,0.20240789651870728,0.7975921034812927,0.7975921034812927,0.20240789651870728,-0.052139222621917725,-0.07605782151222229,0.07605782151222229,0.8497313261032104,0.15026867389678955,0.33811572194099426,0.6618842780590057,-0.03458482027053833,0.03458482027053833,0.1762649617425216,-0.1762649617425216,NA,NA,0,0,-0.05409121513366699,0.05409121513366699,0.15907620408451684,-0.15907620408451684,-0.05409121513366699,0.05409121513366699,0.17386742451107629,-0.17386742451107629,0,0,0,0,0,0,0,0,0,0,0,0,0,0,0,0,0,0,0,0,0,1,0,0,1,0,0,0,1,0,0,1,0,1,1,0,0,0,0,0,0,0,0,0,1,0,0,0,0,0,0,00-0020245,M.Vick,NA,NA,NA,NA,NA,NA,NA,NA,NA,NA,NA,NA,NA,NA,NA,NA,NA,NA,NA,NA,NA,NA,NA,NA,NA,NA,NA,NA,NA,NA,NA,NA,NA,NA,NA,NA,NA,NA,NA,00-0028041,S.Acho,NA,NA,ARI,00-0028041,S.Acho,NA,NA,NA,ARI,PHI,00-0028041,00-0026574,S.Acho,D.Reynolds,NA,NA,NA,NA,NA,NA,NA,NA,NA,NA,NA,NA,0,NA,NA,NA,NA,NA,NA,NA,NA,NA,NA,PHI,00-0020245,M.Vick,NA,NA,NA,ARI,0,00-0027877,D.Williams,NA,NA,NA,NA,00-0028041,S.Acho,NA,NA,NA,NA,NA,0,NA,NA,NA,NA,1,reversed,NA,0,0,0,0,NA,NA,2012,NA,NA,13,0,Turnover,1033,"9/23/12, 16:05:33",2012-09-23T20:47:12Z,State Farm Stadium,"Temp: ° F, Wind: mph",10012012-0923-0983-16fc-87e5113fe1b7,0,0,SACK,0,NA,NA,NA,6,Turnover,2012-09-23T20:38:19Z,4,1:42,1,0,0,1,2,-5,KICKOFF,FUMBLE,01:04,14:22,PHI 20,ARI 36,880,1033,6,27,Home,21,33,-3,42.5,0,closed,grass,NA,NA,Ken Whisenhunt,Andy Reid,PHO00,University of Phoenix Stadium,0,0,M.Vick,7,NA,7,NA,NA,1,0,0,0,1,00-0020245,NA,NA,M.Vick,7,00-0020245,NA,NA,NA,NA,0,0,-4.5653004250489175,NA,NA,NA,NA,NA,0.708495020866394,29.150497913360596,2012,Go for it,NA,NA,NA,NA,NA,NA,NA,NA,NA,NA,Toss Up,Go for it,Andy Reid,Ken Whisenhunt,14:30,NA,NA,NA,NA,NA,NA,NA,NA,NA,NA
1095,2012_03_PHI_ARI,2012092309,ARI,PHI,REG,3,ARI,home,PHI,ARI,65,2012-09-23,862,862,2662,Half1,0,7,0,2,1,0,14:22,ARI 35,10,25,"(14:22) 34-R.Williams right tackle to ARI 39 for 4 yards (59-D.Ryans, 29-N.Allen).",run,4,0,0,0,0,0,0,NA,NA,NA,NA,right,tackle,NA,NA,NA,NA,3,2,0,NA,NA,NA,NA,3,2,10,0,10,0,10,10,0,10,0.04676644131541252,0.1289842277765274,0.0016409434610977769,0.18371284008026123,0.25025010108947754,0.00437701353803277,0.3842684328556061,0,0,1.7731589095201343,0.009161440655589104,12.797339321845413,-12.797339321845413,-2.4830197516130283,2.4830197516130283,8.610112086536144,-8.610112086536144,NA,NA,0,0,-0.13101939804619178,0.13101939804619178,3.519098278193269,-3.519098278193269,-0.5379468866158277,0.5379468866158277,4.906144085107371,-4.906144085107371,0.8497313261032104,0.15026867389678955,0.8497313261032104,0.15026867389678955,-6.192922592163086e-4,-0.011848390102386475,-0.011848390102386475,0.8491120338439941,0.15088796615600586,0.737942099571228,0.737942099571228,-0.03520411252975464,0.03520411252975464,0.1762649617425216,-0.1762649617425216,NA,NA,0,0,-0.05409121513366699,0.05409121513366699,0.15907620408451684,-0.15907620408451684,-0.05409121513366699,0.05409121513366699,0.17386742451107629,-0.17386742451107629,0,0,0,0,0,0,0,0,0,0,0,0,0,0,0,0,0,0,0,0,0,0,0,0,0,0,0,0,0,0,0,0,1,0,0,0,0,0,0,0,0,0,0,0,0,0,1,0,0,0,0,NA,NA,NA,NA,NA,NA,00-0027976,R.Williams,4,NA,NA,NA,NA,NA,NA,NA,NA,NA,NA,NA,NA,NA,NA,NA,NA,NA,NA,NA,NA,NA,NA,NA,NA,NA,NA,NA,NA,NA,NA,NA,NA,NA,NA,NA,NA,NA,NA,NA,NA,NA,NA,NA,NA,NA,NA,NA,NA,00-0027652,N.Allen,PHI,NA,NA,NA,NA,NA,NA,NA,NA,NA,1,00-0024248,D.Ryans,PHI,NA,NA,NA,NA,NA,NA,NA,NA,NA,NA,NA,NA,NA,NA,NA,NA,NA,NA,NA,NA,NA,NA,NA,NA,NA,NA,NA,NA,0,NA,NA,NA,NA,0,NA,NA,0,0,0,0,NA,NA,2012,NA,NA,14,1,First down,1095,"9/23/12, 16:05:33",2012-09-23T20:51:44Z,State Farm Stadium,"Temp: ° F, Wind: mph",10012012-0923-0983-16fc-87e5113fe1b7,0,0,RUSH,0,NA,NA,NA,7,Punt,2012-09-23T20:51:44Z,6,4:08,1,0,0,2,2,-25,FUMBLE,PUNT,14:22,10:14,ARI 35,PHI 40,1095,1269,6,27,Home,21,33,-3,42.5,0,closed,grass,NA,NA,Ken Whisenhunt,Andy Reid,PHO00,University of Phoenix Stadium,0,1,NA,NA,R.Williams,34,NA,NA,0,1,0,0,1,NA,00-0027976,NA,R.Williams,34,00-0027976,R.Williams,00-0027976,R.Williams,00-0027976,0,0,0.009161440655589104,NA,NA,NA,NA,NA,0.4643617570400238,-46.43617570400238,2012,Go for it,NA,NA,NA,NA,NA,NA,NA,NA,NA,NA,Toss Up,Go for it,Andy Reid,Ken Whisenhunt,14:22,NA,NA,NA,NA,NA,NA,NA,NA,NA,NA
1116,2012_03_PHI_ARI,2012092309,ARI,PHI,REG,3,ARI,home,PHI,ARI,61,2012-09-23,828,828,2628,Half1,0,7,0,2,2,0,13:48,ARI 39,6,25,(13:48) 34-R.Williams right tackle to ARI 43 for 4 yards (42-K.Coleman).,run,4,0,0,0,0,0,0,NA,NA,NA,NA,right,tackle,NA,NA,NA,NA,3,2,0,NA,NA,NA,NA,3,2,10,0,10,0,10,10,0,10,0.04979359358549118,0.12465205788612366,0.0014394131721928716,0.1837911605834961,0.2535475790500641,0.004476552829146385,0.38229966163635254,0,0,1.7823203501757234,-0.014682058477774262,12.78265726336764,-12.78265726336764,-2.4977018100908026,2.4977018100908026,8.610112086536144,-8.610112086536144,NA,NA,0,0,-0.13101939804619178,0.13101939804619178,3.519098278193269,-3.519098278193269,-0.5379468866158277,0.5379468866158277,4.906144085107371,-4.906144085107371,0.8491120338439941,0.15088796615600586,0.8491120338439941,0.15088796615600586,0.004484593868255615,0.01539379358291626,0.01539379358291626,0.8535966277122498,0.14640337228775024,0.7260937094688416,0.7260937094688416,-0.030719518661499023,0.030719518661499023,0.1762649617425216,-0.1762649617425216,NA,NA,0,0,-0.05409121513366699,0.05409121513366699,0.15907620408451684,-0.15907620408451684,-0.05409121513366699,0.05409121513366699,0.17386742451107629,-0.17386742451107629,0,0,0,0,0,0,0,0,0,0,0,0,0,0,0,0,0,0,0,0,0,0,0,0,1,0,0,0,0,0,0,0,1,0,0,0,0,0,0,0,0,0,0,0,0,0,0,0,0,0,0,NA,NA,NA,NA,NA,NA,00-0027976,R.Williams,4,NA,NA,NA,NA,NA,NA,NA,NA,NA,NA,NA,NA,NA,NA,NA,NA,NA,NA,NA,NA,NA,NA,NA,NA,NA,NA,NA,NA,NA,NA,NA,NA,NA,NA,NA,NA,NA,NA,NA,NA,NA,NA,PHI,NA,00-0027835,NA,K.Coleman,NA,NA,NA,NA,NA,NA,NA,NA,NA,NA,NA,NA,NA,0,NA,NA,NA,NA,NA,NA,NA,NA,NA,NA,NA,NA,NA,NA,NA,NA,NA,NA,NA,NA,NA,NA,NA,NA,NA,NA,NA,NA,NA,NA,NA,0,NA,NA,NA,NA,0,NA,NA,0,0,0,0,NA,NA,2012,NA,NA,14,1,First down,1116,"9/23/12, 16:05:33",2012-09-23T20:52:19Z,State Farm Stadium,"Temp: ° F, Wind: mph",10012012-0923-0983-16fc-87e5113fe1b7,0,0,RUSH,0,NA,NA,NA,7,Punt,2012-09-23T20:51:44Z,6,4:08,1,0,0,2,2,-25,FUMBLE,PUNT,14:22,10:14,ARI 35,PHI 40,1095,1269,6,27,Home,21,33,-3,42.5,0,closed,grass,NA,NA,Ken Whisenhunt,Andy Reid,PHO00,University of Phoenix Stadium,0,0,NA,NA,R.Williams,34,NA,NA,0,1,0,0,1,NA,00-0027976,NA,R.Williams,34,00-0027976,R.Williams,00-0027976,R.Williams,00-0027976,0,0,-0.014682058477774262,NA,NA,NA,NA,NA,0.5655156970024109,-56.55156970024109,2012,Go for it,NA,NA,NA,NA,NA,NA,NA,NA,NA,NA,Toss Up,Go for it,Andy Reid,Ken Whisenhunt,13:48,NA,NA,NA,NA,NA,NA,NA,NA,NA,NA
1137,2012_03_PHI_ARI,2012092309,ARI,PHI,REG,3,ARI,home,PHI,ARI,57,2012-09-23,787,787,2587,Half1,0,7,0,2,3,0,13:07,ARI 43,2,25,(13:07) (Shotgun) 4-K.Kolb pass short right to 84-R.Housler to PHI 46 for 11 yards (95-M.Kendricks; 42-K.Coleman).,pass,11,1,0,1,0,0,0,short,right,7,4,NA,NA,NA,NA,NA,NA,3,2,0,NA,NA,NA,NA,3,2,10,0,10,0,10,10,0,10,0.04763791337609291,0.13581405580043793,0.001517915865406394,0.18131475150585175,0.240609809756279,0.005249768029898405,0.38785579800605774,0,0,1.7676382916979492,1.2060532214818522,13.988710484849491,-13.988710484849491,-2.4977018100908026,2.4977018100908026,9.816165308017997,-9.816165308017997,1.0124271012609825,0.19362612022086978,1.0124271012609825,0.19362612022086978,0.8814077032147907,-0.8814077032147907,3.7127243984141387,-3.7127243984141387,0.4744802146451548,-0.4744802146451548,5.099770205328241,-5.099770205328241,0.8535966277122498,0.14640337228775024,0.8535966277122498,0.14640337228775024,0.019681990146636963,0.024628937244415283,0.024628937244415283,0.8732786178588867,0.12672138214111328,0.7414875030517578,0.7414875030517578,-0.030719518661499023,0.030719518661499023,0.19594695188915856,-0.19594695188915856,0,0.019681990146636963,0,0.019681990146636963,-0.05409121513366699,0.05409121513366699,0.1787581942311538,-0.1787581942311538,-0.05409121513366699,0.05409121513366699,0.19354941465771325,-0.19354941465771325,0,0,1,0,1,0,0,0,0,0,0,0,0,0,0,0,0,0,0,0,0,0,0,0,0,0,0,0,0,0,0,0,0,1,0,0,0,0,0,0,0,0,0,0,0,1,1,0,0,0,0,00-0025423,K.Kolb,11,00-0028007,R.Housler,11,NA,NA,NA,NA,NA,NA,NA,NA,NA,NA,NA,NA,NA,NA,NA,NA,NA,NA,NA,NA,NA,NA,NA,NA,NA,NA,NA,NA,NA,NA,NA,NA,NA,NA,NA,NA,NA,NA,NA,NA,NA,NA,NA,NA,NA,NA,NA,NA,NA,NA,NA,00-0029409,M.Kendricks,PHI,00-0027835,K.Coleman,PHI,NA,NA,NA,NA,NA,NA,0,NA,NA,NA,NA,NA,NA,NA,NA,NA,NA,NA,NA,NA,NA,NA,NA,NA,NA,NA,NA,NA,NA,NA,NA,NA,NA,NA,NA,NA,NA,NA,0,NA,NA,NA,NA,0,NA,NA,0,0,0,0,NA,NA,2012,0.6521918773651123,34.78081226348877,14,1,First down,1137,"9/23/12, 16:05:33",2012-09-23T20:53:00Z,State Farm Stadium,"Temp: ° F, Wind: mph",10012012-0923-0983-16fc-87e5113fe1b7,0,0,PASS,0,NA,NA,NA,7,Punt,2012-09-23T20:51:44Z,6,4:08,1,0,0,2,2,-25,FUMBLE,PUNT,14:22,10:14,ARI 35,PHI 40,1095,1269,6,27,Home,21,33,-3,42.5,0,closed,grass,NA,NA,Ken Whisenhunt,Andy Reid,PHO00,University of Phoenix Stadium,0,1,K.Kolb,4,NA,NA,R.Housler,84,1,0,1,0,1,00-0025423,NA,00-0028007,K.Kolb,4,00-0025423,R.Housler,00-0028007,R.Housler,00-0028007,0,0,1.2060532214818522,0.24675529658738737,4.294528950093081,2,1,1,0.6999390721321106,30.00609278678894,2012,Go for it,NA,NA,NA,NA,NA,NA,NA,NA,NA,NA,Toss Up,Go for it,Andy Reid,Ken Whisenhunt,13:07,NA,NA,NA,NA,NA,NA,NA,NA,NA,NA
1161,2012_03_PHI_ARI,2012092309,ARI,PHI,REG,3,ARI,home,PHI,PHI,46,2012-09-23,742,742,2542,Half1,0,7,0,2,1,0,12:22,PHI 46,10,25,"(12:22) 34-R.Williams right tackle to PHI 37 for 9 yards (29-N.Allen). PENALTY on ARI-35-A.Sherman, Unnecessary Roughness, 15 yards, enforced at PHI 37.",run,9,0,0,0,0,0,0,NA,NA,NA,NA,right,tackle,NA,NA,NA,NA,3,2,0,NA,NA,NA,NA,3,2,10,0,10,0,10,10,0,10,0.04837207868695259,0.07763425260782242,8.645619382150471e-4,0.11765482276678085,0.3091401159763336,0.003970525227487087,0.4423636794090271,0,0,2.9736915131798014,-1.0929173420881853,12.895793142761306,-12.895793142761306,-3.590619152178988,3.590619152178988,9.816165308017997,-9.816165308017997,NA,NA,0,0,0.8814077032147907,-0.8814077032147907,3.7127243984141387,-3.7127243984141387,0.4744802146451548,-0.4744802146451548,5.099770205328241,-5.099770205328241,0.8732786178588867,0.12672138214111328,0.8732786178588867,0.12672138214111328,-0.011282503604888916,-0.02523714303970337,-0.02523714303970337,0.8619961142539978,0.1380038857460022,0.7661164402961731,0.7661164402961731,-0.04200202226638794,0.04200202226638794,0.19594695188915856,-0.19594695188915856,NA,NA,0,0,-0.05409121513366699,0.05409121513366699,0.1787581942311538,-0.1787581942311538,-0.05409121513366699,0.05409121513366699,0.19354941465771325,-0.19354941465771325,0,0,0,0,0,0,0,0,0,0,0,0,0,0,0,0,0,0,0,0,0,0,0,0,1,0,1,0,0,0,0,0,1,0,0,0,0,0,0,0,0,0,0,0,0,0,0,0,0,0,0,NA,NA,NA,NA,NA,NA,00-0027976,R.Williams,9,NA,NA,NA,NA,NA,NA,NA,NA,NA,NA,NA,NA,NA,NA,NA,NA,NA,NA,NA,NA,NA,NA,NA,NA,NA,NA,NA,NA,NA,NA,NA,NA,NA,NA,NA,NA,NA,NA,NA,NA,NA,NA,PHI,NA,00-0027652,NA,N.Allen,NA,NA,NA,NA,NA,NA,NA,NA,NA,NA,NA,NA,NA,0,NA,NA,NA,NA,NA,NA,NA,NA,NA,NA,NA,NA,NA,NA,NA,NA,NA,NA,NA,NA,NA,NA,NA,NA,NA,NA,NA,NA,NA,NA,NA,0,ARI,00-0028074,A.Sherman,15,0,NA,Unnecessary Roughness,0,0,0,0,NA,NA,2012,NA,NA,15,0,Punt,1161,"9/23/12, 16:05:33",2012-09-23T20:53:44Z,State Farm Stadium,"Temp: ° F, Wind: mph",10012012-0923-0983-16fc-87e5113fe1b7,0,0,RUSH,0,NA,NA,NA,7,Punt,2012-09-23T20:51:44Z,6,4:08,1,0,0,2,2,-25,FUMBLE,PUNT,14:22,10:14,ARI 35,PHI 40,1095,1269,6,27,Home,21,33,-3,42.5,0,closed,grass,NA,NA,Ken Whisenhunt,Andy Reid,PHO00,University of Phoenix Stadium,0,0,NA,NA,R.Williams,34,NA,NA,0,1,0,0,1,NA,00-0027976,NA,R.Williams,34,00-0027976,R.Williams,00-0027976,R.Williams,00-0027976,0,0,-1.0929173420881853,NA,NA,NA,NA,NA,0.46726372838020325,-46.726372838020325,2012,Go for it,NA,NA,NA,NA,NA,NA,NA,NA,NA,NA,Toss Up,Go for it,Andy Reid,Ken Whisenhunt,12:22,NA,NA,NA,NA,NA,NA,NA,NA,NA,NA
1193,2012_03_PHI_ARI,2012092309,ARI,PHI,REG,3,ARI,home,PHI,ARI,52,2012-09-23,705,705,2505,Half1,0,7,0,2,2,0,11:45,ARI 48,16,25,"(11:45) (Shotgun) 4-K.Kolb sacked at ARI 40 for -8 yards (55-D.Tapp). PENALTY on ARI-74-D.Batiste, Offensive Holding, 10 yards, enforced at ARI 48 - No Play.",no_play,0,1,0,0,0,0,0,NA,NA,NA,NA,NA,NA,NA,NA,NA,NA,3,2,0,NA,NA,NA,NA,3,2,10,0,10,0,10,10,0,10,0.0685998946428299,0.11396103352308273,0.0013252608478069305,0.167464941740036,0.2791644036769867,0.005264401901513338,0.3642200529575348,0,0,1.8807741710916162,-0.5893677771091461,12.30642536565216,-12.30642536565216,-3.590619152178988,3.590619152178988,9.816165308017997,-9.816165308017997,NA,NA,0,0,0.8814077032147907,-0.8814077032147907,3.7127243984141387,-3.7127243984141387,0.4744802146451548,-0.4744802146451548,5.099770205328241,-5.099770205328241,0.8619961142539978,0.1380038857460022,0.8619961142539978,0.1380038857460022,-0.007955431938171387,-0.0018603801727294922,-0.0018603801727294922,0.8540406823158264,0.14595931768417358,0.7408792972564697,0.7408792972564697,-0.04200202226638794,0.04200202226638794,0.19594695188915856,-0.19594695188915856,NA,NA,0,0,-0.05409121513366699,0.05409121513366699,0.1787581942311538,-0.1787581942311538,-0.05409121513366699,0.05409121513366699,0.19354941465771325,-0.19354941465771325,0,0,0,0,0,0,0,0,0,0,0,0,0,0,0,0,0,0,0,0,0,0,0,0,0,0,1,0,0,0,0,0,0,0,0,0,0,0,0,0,0,0,0,0,0,0,0,0,0,0,0,NA,NA,NA,NA,NA,NA,NA,NA,NA,NA,NA,NA,NA,NA,NA,NA,NA,NA,NA,NA,NA,NA,NA,NA,NA,NA,NA,NA,NA,NA,NA,NA,NA,NA,NA,NA,NA,NA,NA,NA,NA,NA,NA,NA,NA,NA,NA,NA,NA,NA,NA,NA,NA,NA,NA,NA,NA,NA,NA,NA,NA,NA,NA,NA,NA,NA,NA,NA,NA,0,NA,NA,NA,NA,NA,NA,NA,NA,NA,NA,NA,NA,NA,NA,NA,NA,NA,NA,NA,NA,NA,NA,NA,NA,NA,NA,NA,NA,NA,NA,NA,0,ARI,00-0024483,D.Batiste,10,0,NA,Offensive Holding,0,0,0,0,NA,NA,2012,NA,NA,15,0,Punt,1193,"9/23/12, 16:05:33",2012-09-23T20:55:18Z,State Farm Stadium,"Temp: ° F, Wind: mph",10012012-0923-0983-16fc-87e5113fe1b7,0,0,PENALTY,0,NA,NA,NA,7,Punt,2012-09-23T20:51:44Z,6,4:08,1,0,0,2,2,-25,FUMBLE,PUNT,14:22,10:14,ARI 35,PHI 40,1095,1269,6,27,Home,21,33,-3,42.5,0,closed,grass,NA,NA,Ken Whisenhunt,Andy Reid,PHO00,University of Phoenix Stadium,0,0,K.Kolb,4,NA,NA,NA,NA,1,0,0,0,1,00-0025423,NA,NA,K.Kolb,4,00-0025423,NA,NA,NA,NA,0,0,-0.5893677771091461,NA,NA,NA,NA,NA,0.78586578369140625,21.413421630859375,2012,Other,NA,NA,NA,NA,NA,NA,NA,NA,NA,NA,Toss Up,Go for it (Penalty),Andy Reid,Ken Whisenhunt,11:45,NA,NA,NA,NA,NA,NA,NA,NA,NA,NA
1223,2012_03_PHI_ARI,2012092309,ARI,PHI,REG,3,ARI,home,PHI,ARI,62,2012-09-23,677,677,2477,Half1,0,7,0,2,2,0,11:17,ARI 38,26,25,(11:17) (Shotgun) 4-K.Kolb pass incomplete short right to 15-M.Floyd.,pass,0,1,0,1,0,0,0,short,right,12,NA,NA,NA,NA,NA,NA,NA,3,2,0,NA,NA,NA,NA,3,2,10,0,10,0,10,10,0,10,0.10464614629745483,0.13132250308990479,0.0019308296032249928,0.19684059917926788,0.21635261178016663,0.004857872612774372,0.34404945373535156,0,0,1.29140639398247,-0.8565198061987758,11.449905559453384,-11.449905559453384,-3.590619152178988,3.590619152178988,8.959645501819221,-8.959645501819221,-0.20907552680000663,-0.6474442793987691,0,0,0.8814077032147907,-0.8814077032147907,3.7127243984141387,-3.7127243984141387,0.26540468784514815,-0.26540468784514815,4.452325925929472,-4.452325925929472,0.8540406823158264,0.14595931768417358,0.8540406823158264,0.14595931768417358,-0.015801429748535156,-0.01427304744720459,-0.01427304744720459,0.8382392525672913,0.16176074743270874,0.7390189170837402,0.7390189170837402,-0.04200202226638794,0.04200202226638794,0.1801455221406234,-0.1801455221406234,0,-0.015801429748535156,0,0,-0.05409121513366699,0.05409121513366699,0.1787581942311538,-0.1787581942311538,-0.05409121513366699,0.05409121513366699,0.1777479849091781,-0.1777479849091781,0,0,0,0,0,0,0,0,1,0,0,0,0,0,0,0,0,0,0,0,0,0,0,0,0,0,0,0,0,0,0,0,0,1,0,0,0,0,0,0,0,0,0,0,0,0,0,0,0,0,0,00-0025423,K.Kolb,NA,00-0029638,M.Floyd,NA,NA,NA,NA,NA,NA,NA,NA,NA,NA,NA,NA,NA,NA,NA,NA,NA,NA,NA,NA,NA,NA,NA,NA,NA,NA,NA,NA,NA,NA,NA,NA,NA,NA,NA,NA,NA,NA,NA,NA,NA,NA,NA,NA,NA,NA,NA,NA,NA,NA,NA,NA,NA,NA,NA,NA,NA,NA,NA,NA,NA,NA,NA,NA,0,NA,NA,NA,NA,NA,NA,NA,NA,NA,NA,NA,NA,NA,NA,NA,NA,NA,NA,NA,NA,NA,NA,NA,NA,NA,NA,NA,NA,NA,NA,NA,0,NA,NA,NA,NA,0,NA,NA,0,0,0,0,NA,NA,2012,0.669757068157196,-66.9757068157196,15,0,Punt,1223,"9/23/12, 16:05:33",2012-09-23T21:00:21Z,State Farm Stadium,"Temp: ° F, Wind: mph",10012012-0923-0983-16fc-87e5113fe1b7,0,0,PASS,0,NA,NA,NA,7,Punt,2012-09-23T20:51:44Z,6,4:08,1,0,0,2,2,-25,FUMBLE,PUNT,14:22,10:14,ARI 35,PHI 40,1095,1269,6,27,Home,21,33,-3,42.5,0,closed,grass,NA,NA,Ken Whisenhunt,Andy Reid,PHO00,University of Phoenix Stadium,0,0,K.Kolb,4,NA,NA,M.Floyd,15,1,0,0,0,1,00-0025423,NA,00-0029638,K.Kolb,4,00-0025423,M.Floyd,00-0029638,M.Floyd,00-0029638,0,0,-0.8565198061987758,0.4261392126913537,3.4728449180256575,2,0.45689732884056866,0.04281484358943999,0.761468768119812,23.8531231880188,2012,Go for it,NA,NA,NA,NA,NA,NA,NA,NA,NA,NA,Toss Up,Go for it,Andy Reid,Ken Whisenhunt,11:17,NA,NA,NA,NA,NA,NA,NA,NA,NA,NA
1245,2012_03_PHI_ARI,2012092309,ARI,PHI,REG,3,ARI,home,PHI,ARI,62,2012-09-23,672,672,2472,Half1,0,7,0,2,3,0,11:12,ARI 38,26,25,(11:12) (Shotgun) 4-K.Kolb pass short left to 11-L.Fitzgerald to PHI 40 for 22 yards (23-D.Rodgers-Cromartie).,pass,22,1,0,1,0,0,0,short,left,7,15,NA,NA,NA,NA,NA,NA,3,2,0,NA,NA,NA,NA,3,2,10,0,10,0,10,10,0,10,0.11084693670272827,0.15765611827373505,0.002027742564678192,0.24466218054294586,0.18584337830543518,0.005146040581166744,0.2938176393508911,0,0,0.43488658778369427,0.22120229713618755,11.671107856589572,-11.671107856589572,-3.590619152178988,3.590619152178988,9.180847798955408,-9.180847798955408,-0.9058502465486526,1.1270525436848402,-0.9058502465486526,1.1270525436848402,-0.024442543333861977,0.024442543333861977,4.839776942098979,-4.839776942098979,-0.6404455587035045,0.6404455587035045,5.579378469614312,-5.579378469614312,0.8382392525672913,0.16176074743270874,0.8382392525672913,0.16176074743270874,0.004813551902770996,0.023306190967559814,0.023306190967559814,0.8430528044700623,0.15694719552993774,0.7247458696365356,0.7247458696365356,-0.04200202226638794,0.04200202226638794,0.1849590740433944,-0.1849590740433944,0,0.004813551902770996,0,0.004813551902770996,-0.05409121513366699,0.05409121513366699,0.1835717461339248,-0.1835717461339248,-0.05409121513366699,0.05409121513366699,0.1825615368119491,-0.1825615368119491,0,0,0,0,0,1,0,0,0,0,0,0,0,0,0,0,0,0,0,0,0,0,0,0,1,0,0,0,0,0,0,0,0,1,0,0,0,0,0,0,0,0,0,0,0,1,0,0,0,0,0,00-0025423,K.Kolb,22,00-0022921,L.Fitzgerald,22,NA,NA,NA,NA,NA,NA,NA,NA,NA,NA,NA,NA,NA,NA,NA,NA,NA,NA,NA,NA,NA,NA,NA,NA,NA,NA,NA,NA,NA,NA,NA,NA,NA,NA,NA,NA,NA,NA,NA,NA,NA,NA,NA,NA,NA,PHI,NA,00-0026156,NA,D.Rodgers-Cromartie,NA,NA,NA,NA,NA,NA,NA,NA,NA,NA,NA,NA,NA,0,NA,NA,NA,NA,NA,NA,NA,NA,NA,NA,NA,NA,NA,NA,NA,NA,NA,NA,NA,NA,NA,NA,NA,NA,NA,NA,NA,NA,NA,NA,NA,0,NA,NA,NA,NA,0,NA,NA,0,0,0,0,NA,NA,2012,0.7718937397003174,22.81062602996826,15,0,Punt,1245,"9/23/12, 16:05:33",2012-09-23T21:01:00Z,State Farm Stadium,"Temp: ° F, Wind: mph",10012012-0923-0983-16fc-87e5113fe1b7,0,0,PASS,0,NA,NA,NA,7,Punt,2012-09-23T20:51:44Z,6,4:08,1,0,0,2,2,-25,FUMBLE,PUNT,14:22,10:14,ARI 35,PHI 40,1095,1269,6,27,Home,21,33,-3,42.5,0,closed,grass,NA,NA,Ken Whisenhunt,Andy Reid,PHO00,University of Phoenix Stadium,0,1,K.Kolb,4,NA,NA,L.Fitzgerald,11,1,0,0,0,1,00-0025423,NA,00-0022921,K.Kolb,4,00-0025423,L.Fitzgerald,00-0022921,L.Fitzgerald,00-0022921,0,0,0.22120229713618755,0.40140192094268934,5.121636693336768,3,0.0670981872244738,0.03664007148472592,0.6960976123809814,30.390238761901855,2012,Go for it,NA,NA,NA,NA,NA,NA,NA,NA,NA,NA,Toss Up,Go for it,Andy Reid,Ken Whisenhunt,11:12,NA,NA,NA,NA,NA,NA,NA,NA,NA,NA
1269,2012_03_PHI_ARI,2012092309,ARI,PHI,REG,3,ARI,home,PHI,PHI,40,2012-09-23,623,623,2423,Half1,0,7,0,2,4,0,10:23,PHI 40,4,25,"(10:23) 9-D.Zastudil punts 31 yards to PHI 9, Center-82-M.Leach, fair catch by 13-D.Johnson.",punt,0,0,0,0,0,0,0,NA,NA,NA,NA,NA,NA,NA,31,NA,NA,3,2,0,NA,NA,NA,NA,3,2,10,0,10,0,10,10,0,10,0.10027384012937546,0.1561279296875,0.0012018810957670212,0.22356167435646057,0.22144457697868347,0.01085127517580986,0.28653883934020996,0,0,0.6560888849198818,-0.5428208054509014,11.12828705113867,-11.12828705113867,-3.590619152178988,3.590619152178988,9.180847798955408,-9.180847798955408,NA,NA,0,0,-0.024442543333861977,0.024442543333861977,4.839776942098979,-4.839776942098979,-0.6404455587035045,0.6404455587035045,5.579378469614312,-5.579378469614312,0.8430528044700623,0.15694719552993774,0.8430528044700623,0.15694719552993774,-0.004717722535133362,-7.571280002593994e-4,-7.571280002593994e-4,0.8383350819349289,0.1616649180650711,0.7480520606040955,0.7480520606040955,-0.04200202226638794,0.04200202226638794,0.1849590740433944,-0.1849590740433944,NA,NA,0,0,-0.05409121513366699,0.05409121513366699,0.1835717461339248,-0.1835717461339248,-0.05409121513366699,0.05409121513366699,0.1825615368119491,-0.1825615368119491,0,0,0,0,0,0,0,0,0,0,0,1,0,0,0,1,0,0,0,0,0,0,0,0,0,0,0,0,0,0,0,0,0,0,0,0,0,0,0,0,0,0,0,1,0,0,0,0,0,0,0,NA,NA,NA,NA,NA,NA,NA,NA,NA,NA,NA,NA,NA,NA,NA,NA,NA,NA,NA,NA,NA,00-0029435,D.Johnson,NA,NA,NA,NA,NA,NA,00-0021235,D.Zastudil,NA,NA,NA,NA,NA,NA,NA,NA,NA,NA,NA,NA,NA,NA,NA,NA,NA,NA,NA,NA,NA,NA,NA,NA,NA,NA,NA,NA,NA,NA,NA,NA,NA,NA,NA,NA,NA,NA,0,NA,NA,NA,NA,NA,NA,NA,NA,NA,NA,NA,NA,NA,NA,NA,NA,NA,NA,NA,NA,NA,NA,NA,NA,NA,NA,NA,NA,NA,NA,PHI,0,NA,NA,NA,NA,0,NA,NA,0,0,0,0,NA,NA,2012,NA,NA,15,0,Punt,1269,"9/23/12, 16:05:33",2012-09-23T21:01:49Z,State Farm Stadium,"Temp: ° F, Wind: mph",10012012-0923-0983-16fc-87e5113fe1b7,0,0,PUNT,1,NA,NA,NA,7,Punt,2012-09-23T20:51:44Z,6,4:08,1,0,0,2,2,-25,FUMBLE,PUNT,14:22,10:14,ARI 35,PHI 40,1095,1269,6,27,Home,21,33,-3,42.5,0,closed,grass,NA,NA,Ken Whisenhunt,Andy Reid,PHO00,University of Phoenix Stadium,0,0,NA,NA,NA,NA,NA,NA,0,0,0,1,0,NA,NA,NA,NA,NA,NA,NA,NA,NA,NA,0,0,-0.5428208054509014,NA,NA,NA,NA,NA,NA,NA,2012,Punt,NA,0.36773248892859556,0.6850580153908542,NA,NA,NA,0.680234371451661,0.7333438913337886,NA,0.70704752041637,Punt,Punt,Andy Reid,Ken Whisenhunt,10:23,NA,NA,NA,37,69,NA,71,NA,73,68
1305,2012_03_PHI_ARI,2012092309,ARI,PHI,REG,3,PHI,away,ARI,PHI,91,2012-09-23,614,614,2414,Half1,0,8,0,2,1,0,10:14,PHI 9,10,-3,(10:14) 7-M.Vick pass incomplete deep left to 10-D.Jackson.,pass,0,0,0,1,0,0,0,deep,left,56,NA,NA,NA,NA,NA,NA,NA,3,2,0,NA,NA,NA,NA,2,3,10,0,0,10,-10,0,10,-10,0.12624406814575195,0.1683025360107422,0.012053955346345901,0.2734691798686981,0.15102364122867584,0.001077110762707889,0.2678295075893402,0,0,-0.11326807946898043,-0.5117315319366753,11.640018583075346,-11.640018583075346,-3.590619152178988,3.590619152178988,9.692579330892084,-9.692579330892084,3.5218452259432524,-4.033576757879928,0,0,-0.024442543333861977,0.024442543333861977,4.839776942098979,-4.839776942098979,-4.162290784646757,4.162290784646757,9.61295522749424,-9.61295522749424,0.1616649180650711,0.8383350819349289,0.8383350819349289,0.1616649180650711,-0.011286228895187378,-0.01318378746509552,0.01318378746509552,0.8496213108301163,0.15037868916988373,0.25270506739616394,0.7472949326038361,-0.04200202226638794,0.04200202226638794,0.19624530293858178,-0.19624530293858178,0,-0.011286228895187378,0,0,-0.05409121513366699,0.05409121513366699,0.1835717461339248,-0.1835717461339248,-0.05409121513366699,0.05409121513366699,0.19384776570713647,-0.19384776570713647,0,0,0,0,0,0,0,0,1,0,0,0,0,0,0,0,0,0,0,0,0,0,0,0,0,0,0,0,0,0,0,0,0,1,0,0,0,0,0,0,0,0,0,0,0,0,0,0,0,0,0,00-0020245,M.Vick,NA,00-0026189,D.Jackson,NA,NA,NA,NA,NA,NA,NA,NA,NA,NA,NA,NA,NA,NA,NA,NA,NA,NA,NA,NA,NA,NA,NA,NA,NA,NA,NA,NA,NA,NA,NA,NA,NA,NA,NA,NA,NA,NA,NA,NA,NA,NA,NA,NA,NA,NA,NA,NA,NA,NA,NA,NA,NA,NA,NA,NA,NA,NA,NA,NA,NA,NA,NA,NA,0,NA,NA,NA,NA,NA,NA,NA,NA,NA,NA,NA,NA,NA,NA,NA,NA,NA,NA,NA,NA,NA,NA,NA,NA,NA,NA,NA,NA,NA,NA,NA,0,NA,NA,NA,NA,0,NA,NA,0,0,0,0,NA,NA,2012,0.26397520303726196,-26.397520303726196,16,0,Punt,1305,"9/23/12, 16:05:33",2012-09-23T21:04:15Z,State Farm Stadium,"Temp: ° F, Wind: mph",10012012-0923-0983-16fc-87e5113fe1b7,0,0,PASS,0,NA,NA,NA,8,Punt,2012-09-23T21:04:15Z,3,1:12,0,0,0,2,2,0,PUNT,PUNT,10:14,09:02,PHI 9,PHI 6,1305,1368,6,27,Home,21,33,-3,42.5,0,closed,grass,NA,NA,Ken Whisenhunt,Andy Reid,PHO00,University of Phoenix Stadium,0,0,M.Vick,7,NA,NA,D.Jackson,10,1,0,0,0,1,00-0020245,NA,00-0026189,M.Vick,7,00-0020245,D.Jackson,00-0026189,D.Jackson,00-0026189,0,0,-0.5117315319366753,1.0880163073123361,12.319308879756136,5,1,1,0.46912017464637756,53.087982535362244,2012,Go for it,NA,NA,NA,NA,NA,NA,NA,NA,NA,NA,Toss Up,Go for it,Andy Reid,Ken Whisenhunt,10:14,NA,NA,NA,NA,NA,NA,NA,NA,NA,NA
1327,2012_03_PHI_ARI,2012092309,ARI,PHI,REG,3,PHI,away,ARI,PHI,91,2012-09-23,606,606,2406,Half1,0,8,0,2,2,0,10:06,PHI 9,10,-3,(10:06) (Shotgun) 7-M.Vick sacked at PHI 6 for -3 yards (58-D.Washington).,pass,-3,1,0,1,0,0,0,NA,NA,NA,NA,NA,NA,NA,NA,NA,NA,3,2,0,NA,NA,NA,NA,2,3,10,0,0,10,-10,0,10,-10,0.12065236270427704,0.18981203436851501,0.013563313521444798,0.30013081431388855,0.1383051872253418,0.00103816541377455,0.2364981323480606,0,0,-0.6249996114056557,-1.4796094909543172,13.119628074029663,-13.119628074029663,-3.590619152178988,3.590619152178988,11.172188821846401,-11.172188821846401,NA,NA,0,0,-0.024442543333861977,0.024442543333861977,4.839776942098979,-4.839776942098979,-4.162290784646757,4.162290784646757,9.61295522749424,-9.61295522749424,0.15037868916988373,0.8496213108301163,0.8496213108301163,0.15037868916988373,-0.022049322724342346,-0.03270457684993744,0.03270457684993744,0.8716706335544586,0.12832936644554138,0.23952127993106842,0.7604787200689316,-0.04200202226638794,0.04200202226638794,0.21829462566292412,-0.21829462566292412,NA,NA,0,0,-0.05409121513366699,0.05409121513366699,0.1835717461339248,-0.1835717461339248,-0.05409121513366699,0.05409121513366699,0.19384776570713647,-0.19384776570713647,0,0,0,0,0,0,0,0,0,0,0,0,0,0,0,0,0,0,0,0,0,0,0,0,1,0,0,0,0,0,0,1,0,1,1,0,0,0,0,0,0,0,0,0,0,0,0,0,0,0,0,00-0020245,M.Vick,NA,NA,NA,NA,NA,NA,NA,NA,NA,NA,NA,NA,NA,NA,NA,NA,NA,NA,NA,NA,NA,NA,NA,NA,NA,NA,NA,NA,NA,NA,NA,NA,NA,NA,NA,00-0027886,D.Washington,NA,NA,00-0027886,D.Washington,NA,NA,NA,NA,NA,NA,NA,NA,ARI,NA,00-0027886,NA,D.Washington,NA,NA,NA,NA,NA,NA,NA,NA,NA,NA,NA,NA,NA,0,NA,NA,NA,NA,NA,NA,NA,NA,NA,NA,NA,NA,NA,NA,NA,NA,NA,NA,NA,NA,NA,NA,NA,NA,00-0027886,D.Washington,NA,NA,NA,NA,NA,0,NA,NA,NA,NA,0,NA,NA,0,0,0,0,NA,NA,2012,NA,NA,16,0,Punt,1327,"9/23/12, 16:05:33",2012-09-23T21:04:58Z,State Farm Stadium,"Temp: ° F, Wind: mph",10012012-0923-0983-16fc-87e5113fe1b7,0,0,SACK,0,NA,NA,NA,8,Punt,2012-09-23T21:04:15Z,3,1:12,0,0,0,2,2,0,PUNT,PUNT,10:14,09:02,PHI 9,PHI 6,1305,1368,6,27,Home,21,33,-3,42.5,0,closed,grass,NA,NA,Ken Whisenhunt,Andy Reid,PHO00,University of Phoenix Stadium,0,0,M.Vick,7,NA,NA,NA,NA,1,0,0,0,1,00-0020245,NA,NA,M.Vick,7,00-0020245,NA,NA,NA,NA,0,0,-1.4796094909543172,NA,NA,NA,NA,NA,0.584551990032196,41.544800996780396,2012,Go for it,NA,NA,NA,NA,NA,NA,NA,NA,NA,NA,Toss Up,Go for it,Andy Reid,Ken Whisenhunt,10:06,NA,NA,NA,NA,NA,NA,NA,NA,NA,NA
1346,2012_03_PHI_ARI,2012092309,ARI,PHI,REG,3,PHI,away,ARI,PHI,94,2012-09-23,565,565,2365,Half1,0,8,0,2,3,0,09:25,PHI 6,13,-3,(9:25) (Shotgun) 7-M.Vick pass incomplete deep right to 10-D.Jackson.,pass,0,1,0,1,0,0,0,deep,right,44,NA,NA,NA,NA,NA,NA,NA,3,2,0,NA,NA,NA,NA,2,3,10,0,0,10,-10,0,10,-10,0.11951766908168793,0.2255149632692337,0.03312700614333153,0.3770274519920349,0.10789929330348969,9.4230828108266e-4,0.13597135245800018,0,0,-2.104609102359973,-0.6055254995590076,13.72515357358867,-13.72515357358867,-3.590619152178988,3.590619152178988,11.777714321405409,-11.777714321405409,4.498913739458658,-5.104439239017665,0,0,-0.024442543333861977,0.024442543333861977,4.839776942098979,-4.839776942098979,-8.661204524105415,8.661204524105415,14.717394466511905,-14.717394466511905,0.12832936644554138,0.8716706335544586,0.8716706335544586,0.12832936644554138,-0.013900324702262878,-0.02973860502243042,0.02973860502243042,0.8855709582567215,0.1144290417432785,0.20681670308113098,0.793183296918869,-0.04200202226638794,0.04200202226638794,0.232194950365187,-0.232194950365187,0,-0.013900324702262878,0,0,-0.05409121513366699,0.05409121513366699,0.1835717461339248,-0.1835717461339248,-0.05409121513366699,0.05409121513366699,0.20774809040939934,-0.20774809040939934,0,0,0,0,0,1,0,0,1,0,0,0,0,0,0,0,0,0,0,0,0,0,0,0,0,0,0,0,0,0,0,0,0,1,0,0,0,0,0,0,0,0,0,0,0,0,0,0,0,0,0,00-0020245,M.Vick,NA,00-0026189,D.Jackson,NA,NA,NA,NA,NA,NA,NA,NA,NA,NA,NA,NA,NA,NA,NA,NA,NA,NA,NA,NA,NA,NA,NA,NA,NA,NA,NA,NA,NA,NA,NA,NA,NA,NA,NA,NA,NA,NA,NA,NA,NA,NA,NA,NA,NA,NA,NA,NA,NA,NA,NA,NA,NA,NA,NA,NA,NA,NA,NA,NA,NA,NA,NA,NA,0,NA,NA,NA,NA,NA,NA,NA,NA,NA,NA,NA,NA,NA,NA,NA,NA,NA,NA,NA,NA,NA,NA,NA,NA,NA,NA,NA,NA,NA,NA,NA,0,NA,NA,NA,NA,0,NA,NA,0,0,0,0,NA,NA,2012,0.2395969182252884,-23.95969182252884,16,0,Punt,1346,"9/23/12, 16:05:33",2012-09-23T21:05:42Z,State Farm Stadium,"Temp: ° F, Wind: mph",10012012-0923-0983-16fc-87e5113fe1b7,0,0,PASS,0,NA,NA,NA,8,Punt,2012-09-23T21:04:15Z,3,1:12,0,0,0,2,2,0,PUNT,PUNT,10:14,09:02,PHI 9,PHI 6,1305,1368,6,27,Home,21,33,-3,42.5,0,closed,grass,NA,NA,Ken Whisenhunt,Andy Reid,PHO00,University of Phoenix Stadium,0,0,M.Vick,7,NA,NA,D.Jackson,10,1,0,0,0,1,00-0020245,NA,00-0026189,M.Vick,7,00-0020245,D.Jackson,00-0026189,D.Jackson,00-0026189,0,0,-0.6055254995590076,1.0356123677009261,13.035211990296375,5,1,1,0.9149231910705566,8.507680892944336,2012,Go for it,NA,NA,NA,NA,NA,NA,NA,NA,NA,NA,Toss Up,Go for it,Andy Reid,Ken Whisenhunt,9:25,NA,NA,NA,NA,NA,NA,NA,NA,NA,NA
1368,2012_03_PHI_ARI,2012092309,ARI,PHI,REG,3,PHI,away,ARI,PHI,94,2012-09-23,558,558,2358,Half1,0,8,0,2,4,0,09:18,PHI 6,13,-3,"(9:18) 8-C.Henry punts 49 yards to ARI 45, Center-46-J.Dorenbos. 21-P.Peterson to ARI 45 for no gain (30-C.Anderson).",punt,0,0,0,0,0,0,0,NA,NA,NA,NA,NA,NA,NA,49,NA,NA,3,2,0,NA,NA,NA,NA,2,3,10,0,0,10,-10,0,10,-10,0.12016255408525467,0.2654401659965515,0.014439769089221954,0.4101436734199524,0.08440680801868439,9.996971348300576e-4,0.10440733283758163,0,0,-2.7101346019189805,0.247459253994748,13.477694319593923,-13.477694319593923,-3.590619152178988,3.590619152178988,11.777714321405409,-11.777714321405409,NA,NA,0,0,-0.024442543333861977,0.024442543333861977,4.839776942098979,-4.839776942098979,-8.661204524105415,8.661204524105415,14.717394466511905,-14.717394466511905,0.1144290417432785,0.8855709582567215,0.8855709582567215,0.1144290417432785,0.006506577134132385,0.04852673411369324,-0.04852673411369324,0.8790643811225891,0.12093561887741089,0.17707809805870056,0.8229219019412994,-0.04200202226638794,0.04200202226638794,0.232194950365187,-0.232194950365187,NA,NA,0,0,-0.05409121513366699,0.05409121513366699,0.1835717461339248,-0.1835717461339248,-0.05409121513366699,0.05409121513366699,0.20774809040939934,-0.20774809040939934,0,0,0,0,0,0,0,0,0,0,0,0,0,0,0,0,0,0,0,0,0,0,0,0,1,0,0,0,0,0,0,0,0,0,0,0,0,0,0,0,0,0,0,1,0,0,0,0,0,0,0,NA,NA,NA,NA,NA,NA,NA,NA,NA,NA,NA,NA,NA,NA,NA,NA,NA,NA,NA,NA,NA,00-0027943,P.Peterson,NA,NA,NA,NA,NA,NA,00-0028427,C.Henry,NA,NA,NA,NA,NA,NA,NA,NA,NA,NA,NA,NA,NA,NA,NA,NA,NA,NA,NA,NA,PHI,NA,00-0026578,NA,C.Anderson,NA,NA,NA,NA,NA,NA,NA,NA,NA,NA,NA,NA,NA,0,NA,NA,NA,NA,NA,NA,NA,NA,NA,NA,NA,NA,NA,NA,NA,NA,NA,NA,NA,NA,NA,NA,NA,NA,NA,NA,NA,NA,NA,NA,ARI,0,NA,NA,NA,NA,0,NA,NA,0,0,0,0,NA,NA,2012,NA,NA,16,0,Punt,1368,"9/23/12, 16:05:33",2012-09-23T21:06:28Z,State Farm Stadium,"Temp: ° F, Wind: mph",10012012-0923-0983-16fc-87e5113fe1b7,0,0,PUNT,1,NA,NA,NA,8,Punt,2012-09-23T21:04:15Z,3,1:12,0,0,0,2,2,0,PUNT,PUNT,10:14,09:02,PHI 9,PHI 6,1305,1368,6,27,Home,21,33,-3,42.5,0,closed,grass,NA,NA,Ken Whisenhunt,Andy Reid,PHO00,University of Phoenix Stadium,0,1,NA,NA,NA,NA,NA,NA,0,0,0,1,0,NA,NA,NA,NA,NA,NA,NA,NA,NA,NA,0,0,0.247459253994748,NA,NA,NA,NA,NA,NA,NA,2012,Punt,NA,0.14087501636822708,NA,0.30534344425844806,NA,0,0.4484664797782898,0.772655799984932,0.4484664797782898,0.5751648366419497,Punt,Punt,Andy Reid,Ken Whisenhunt,9:18,0,0,NA,14,NA,31,58,45,77,45
1395,2012_03_PHI_ARI,2012092309,ARI,PHI,REG,3,ARI,home,PHI,ARI,55,2012-09-23,542,542,2342,Half1,0,9,0,2,1,0,09:02,ARI 45,10,55,(9:02) 4-K.Kolb pass incomplete short right to 12-A.Roberts (23-D.Rodgers-Cromartie).,pass,0,0,0,1,0,0,0,short,right,5,NA,NA,NA,NA,NA,NA,NA,3,2,0,NA,NA,NA,NA,3,2,10,0,10,0,10,10,0,10,0.10949469357728958,0.0862613096833229,0.001229641493409872,0.13273878395557404,0.2546108067035675,0.004079112317413092,0.41158562898635864,0,0,2.4626753479242325,-0.4220343711785972,13.055659948415325,-13.055659948415325,-3.590619152178988,3.590619152178988,11.355679950226811,-11.355679950226811,0.06624438730068505,-0.48827875847928226,0,0,-0.024442543333861977,0.024442543333861977,4.839776942098979,-4.839776942098979,-8.59496013680473,8.59496013680473,14.229115708032623,-14.229115708032623,0.8790643811225891,0.12093561887741089,0.8790643811225891,0.12093561887741089,-0.006827175617218018,-0.015650272369384766,-0.015650272369384766,0.8722372055053711,0.1277627944946289,0.7743951678276062,0.7743951678276062,-0.04200202226638794,0.04200202226638794,0.22536777474796899,-0.22536777474796899,0,-0.006827175617218018,0,0,-0.05409121513366699,0.05409121513366699,0.1835717461339248,-0.1835717461339248,-0.05409121513366699,0.05409121513366699,0.20092091479218133,-0.20092091479218133,0,0,0,0,0,0,0,0,1,0,0,0,0,0,0,0,0,0,0,0,0,0,0,0,0,0,0,0,0,0,0,0,0,1,0,0,0,0,0,0,0,0,0,0,0,0,0,0,0,0,0,00-0025423,K.Kolb,NA,00-0027691,A.Roberts,NA,NA,NA,NA,NA,NA,NA,NA,NA,NA,NA,NA,NA,NA,NA,NA,NA,NA,NA,NA,NA,NA,NA,NA,NA,NA,NA,NA,NA,NA,NA,NA,NA,NA,NA,NA,NA,NA,NA,NA,NA,NA,NA,NA,NA,NA,NA,NA,NA,NA,NA,NA,NA,NA,NA,NA,NA,NA,NA,NA,NA,NA,NA,NA,0,NA,NA,NA,NA,NA,NA,00-0026156,D.Rodgers-Cromartie,NA,NA,NA,NA,NA,NA,NA,NA,NA,NA,NA,NA,NA,NA,NA,NA,NA,NA,NA,NA,NA,NA,NA,0,NA,NA,NA,NA,0,NA,NA,0,0,0,0,NA,NA,2012,0.7440313100814819,-74.4031310081482,17,1,First down,1395,"9/23/12, 16:05:33",2012-09-23T21:09:26Z,State Farm Stadium,"Temp: ° F, Wind: mph",10012012-0923-0983-16fc-87e5113fe1b7,0,0,PASS,0,NA,NA,NA,9,Touchdown,2012-09-23T21:09:26Z,4,1:32,2,0,1,2,2,0,PUNT,TOUCHDOWN,09:02,07:30,ARI 45,PHI 37,1395,1486,6,27,Home,21,33,-3,42.5,0,closed,grass,NA,NA,Ken Whisenhunt,Andy Reid,PHO00,University of Phoenix Stadium,0,0,K.Kolb,4,NA,NA,A.Roberts,12,1,0,0,0,1,00-0025423,NA,00-0027691,K.Kolb,4,00-0025423,A.Roberts,00-0027691,A.Roberts,00-0027691,0,0,-0.4220343711785972,0.4165287384427791,4.057101227459498,2,0.9864453761838377,0.2811976461671293,0.4571992754936218,54.28007245063782,2012,Go for it,NA,NA,NA,NA,NA,NA,NA,NA,NA,NA,Toss Up,Go for it,Andy Reid,Ken Whisenhunt,9:02,NA,NA,NA,NA,NA,NA,NA,NA,NA,NA
1417,2012_03_PHI_ARI,2012092309,ARI,PHI,REG,3,ARI,home,PHI,ARI,55,2012-09-23,542,542,2342,Half1,0,9,0,2,2,0,09:02,ARI 45,10,55,(9:02) 26-C.Wells up the middle to ARI 48 for 3 yards (94-D.Landri).,run,3,0,0,0,0,0,0,NA,NA,NA,NA,middle,NA,NA,NA,NA,NA,3,2,0,NA,NA,NA,NA,3,2,10,0,10,0,10,10,0,10,0.11491184681653976,0.09993258863687515,0.0013414996210485697,0.15435829758644104,0.239878848195076,0.004609013441950083,0.3849678933620453,0,0,2.0406409767456353,-0.5650104887317866,12.490649459683539,-12.490649459683539,-4.1556296409107745,4.1556296409107745,11.355679950226811,-11.355679950226811,NA,NA,0,0,-0.024442543333861977,0.024442543333861977,4.839776942098979,-4.839776942098979,-8.59496013680473,8.59496013680473,14.229115708032623,-14.229115708032623,0.8722372055053711,0.1277627944946289,0.8722372055053711,0.1277627944946289,-0.013165831565856934,-0.003260493278503418,-0.003260493278503418,0.8590713739395142,0.14092862606048584,0.7587448954582214,0.7587448954582214,-0.05516785383224487,0.05516785383224487,0.22536777474796899,-0.22536777474796899,NA,NA,0,0,-0.05409121513366699,0.05409121513366699,0.1835717461339248,-0.1835717461339248,-0.05409121513366699,0.05409121513366699,0.20092091479218133,-0.20092091479218133,0,0,0,0,0,0,0,0,0,0,0,0,0,0,0,0,0,0,0,0,0,0,0,0,1,0,0,0,0,0,0,0,1,0,0,0,0,0,0,0,0,0,0,0,0,0,0,0,0,0,0,NA,NA,NA,NA,NA,NA,00-0027007,C.Wells,3,NA,NA,NA,NA,NA,NA,NA,NA,NA,NA,NA,NA,NA,NA,NA,NA,NA,NA,NA,NA,NA,NA,NA,NA,NA,NA,NA,NA,NA,NA,NA,NA,NA,NA,NA,NA,NA,NA,NA,NA,NA,NA,PHI,NA,00-0025553,NA,D.Landri,NA,NA,NA,NA,NA,NA,NA,NA,NA,NA,NA,NA,NA,0,NA,NA,NA,NA,NA,NA,NA,NA,NA,NA,NA,NA,NA,NA,NA,NA,NA,NA,NA,NA,NA,NA,NA,NA,NA,NA,NA,NA,NA,NA,NA,0,NA,NA,NA,NA,0,NA,NA,0,0,0,0,NA,NA,2012,NA,NA,17,1,First down,1417,"9/23/12, 16:05:33",2012-09-23T21:09:46Z,State Farm Stadium,"Temp: ° F, Wind: mph",10012012-0923-0983-16fc-87e5113fe1b7,0,0,RUSH,0,NA,NA,NA,9,Touchdown,2012-09-23T21:09:26Z,4,1:32,2,0,1,2,2,0,PUNT,TOUCHDOWN,09:02,07:30,ARI 45,PHI 37,1395,1486,6,27,Home,21,33,-3,42.5,0,closed,grass,NA,NA,Ken Whisenhunt,Andy Reid,PHO00,University of Phoenix Stadium,0,0,NA,NA,C.Wells,26,NA,NA,0,1,0,0,1,NA,00-0027007,NA,C.Wells,26,00-0027007,C.Wells,00-0027007,C.Wells,00-0027007,0,0,-0.5650104887317866,NA,NA,NA,NA,NA,0.585993766784668,-58.5993766784668,2012,Go for it,NA,NA,NA,NA,NA,NA,NA,NA,NA,NA,Toss Up,Go for it,Andy Reid,Ken Whisenhunt,9:02,NA,NA,NA,NA,NA,NA,NA,NA,NA,NA
1438,2012_03_PHI_ARI,2012092309,ARI,PHI,REG,3,ARI,home,PHI,ARI,52,2012-09-23,499,499,2299,Half1,0,9,0,2,3,0,08:19,ARI 48,7,55,(8:19) (Shotgun) 4-K.Kolb pass short middle to 87-J.King to PHI 37 for 15 yards (29-N.Allen).,pass,15,1,0,1,0,0,0,short,middle,5,10,NA,NA,NA,NA,NA,NA,3,2,0,NA,NA,NA,NA,3,2,10,0,10,0,10,10,0,10,0.14089138805866241,0.11236532777547836,0.0012642565416172147,0.17281538248062134,0.23946183919906616,0.005167021416127682,0.32803472876548767,0,0,1.4756304880138487,2.0560261349892244,14.546675594672763,-14.546675594672763,-4.1556296409107745,4.1556296409107745,13.411706085216036,-13.411706085216036,-0.8268899468239397,2.882916081813164,-0.8268899468239397,2.882916081813164,-0.8513324901578017,0.8513324901578017,7.722693023912143,-7.722693023912143,-9.42185008362867,9.42185008362867,17.112031789845787,-17.112031789845787,0.8590713739395142,0.14092862606048584,0.8590713739395142,0.14092862606048584,0.03212416172027588,0.04638272523880005,0.04638272523880005,0.89119553565979,0.10880446434020996,0.755484402179718,0.755484402179718,-0.05516785383224487,0.05516785383224487,0.25749193646824486,-0.25749193646824486,0,0.03212416172027588,0,0.03212416172027588,-0.05409121513366699,0.05409121513366699,0.21569590785420067,-0.21569590785420067,-0.05409121513366699,0.05409121513366699,0.2330450765124572,-0.2330450765124572,0,0,1,0,1,0,0,0,0,0,0,0,0,0,0,0,0,0,0,0,0,0,0,0,1,0,0,0,0,0,0,0,0,1,0,0,0,0,0,0,0,0,0,0,0,1,0,0,0,0,0,00-0025423,K.Kolb,15,00-0024369,J.King,15,NA,NA,NA,NA,NA,NA,NA,NA,NA,NA,NA,NA,NA,NA,NA,NA,NA,NA,NA,NA,NA,NA,NA,NA,NA,NA,NA,NA,NA,NA,NA,NA,NA,NA,NA,NA,NA,NA,NA,NA,NA,NA,NA,NA,NA,PHI,NA,00-0027652,NA,N.Allen,NA,NA,NA,NA,NA,NA,NA,NA,NA,NA,NA,NA,NA,0,NA,NA,NA,NA,NA,NA,NA,NA,NA,NA,NA,NA,NA,NA,NA,NA,NA,NA,NA,NA,NA,NA,NA,NA,NA,NA,NA,NA,NA,NA,NA,0,NA,NA,NA,NA,0,NA,NA,0,0,0,0,NA,NA,2012,0.7203075885772705,27.96924114227295,17,1,First down,1438,"9/23/12, 16:05:33",2012-09-23T21:10:29Z,State Farm Stadium,"Temp: ° F, Wind: mph",10012012-0923-0983-16fc-87e5113fe1b7,0,0,PASS,0,NA,NA,NA,9,Touchdown,2012-09-23T21:09:26Z,4,1:32,2,0,1,2,2,0,PUNT,TOUCHDOWN,09:02,07:30,ARI 45,PHI 37,1395,1486,6,27,Home,21,33,-3,42.5,0,closed,grass,NA,NA,Ken Whisenhunt,Andy Reid,PHO00,University of Phoenix Stadium,0,1,K.Kolb,4,NA,NA,J.King,87,1,0,1,0,1,00-0025423,NA,00-0024369,K.Kolb,4,00-0025423,J.King,00-0024369,J.King,00-0024369,0,0,2.0560261349892244,1.7931045706750557,4.736630949919345,3,0.6531477271928452,0.6531477271928452,0.9667028188705444,3.3297181129455566,2012,Go for it,NA,NA,NA,NA,NA,NA,NA,NA,NA,NA,Toss Up,Go for it,Andy Reid,Ken Whisenhunt,8:19,NA,NA,NA,NA,NA,NA,NA,NA,NA,NA
1466,2012_03_PHI_ARI,2012092309,ARI,PHI,REG,3,ARI,home,PHI,PHI,37,2012-09-23,460,460,2260,Half1,0,9,1,2,1,0,07:40,PHI 37,10,55,"(7:40) 4-K.Kolb pass deep left to 11-L.Fitzgerald for 37 yards, TOUCHDOWN [58-T.Cole].",pass,37,0,0,1,0,0,0,deep,left,33,4,NA,NA,NA,NA,NA,NA,3,2,0,NA,ARI,L.Fitzgerald,00-0022921,3,2,16,0,10,0,10,16,0,16,0.0916900485754013,0.04507559910416603,8.611254743300378e-4,0.0739663764834404,0.32860827445983887,0.0036089238710701466,0.45618966221809387,0,0,3.531656623003073,3.468343376996927,18.01501897166969,-18.01501897166969,-4.1556296409107745,4.1556296409107745,16.880049462212963,-16.880049462212963,2.0960075242910534,1.3723358527058735,2.0960075242910534,1.3723358527058735,1.2446750341332518,-1.2446750341332518,9.095028876618017,-9.095028876618017,-7.325842559337616,7.325842559337616,18.48436764255166,-18.48436764255166,0.89119553565979,0.10880446434020996,0.89119553565979,0.10880446434020996,0.027357619836851366,0.02295747898377032,0.02295747898377032,0.9185531554966414,0.0814468445033586,0.8018671274185181,0.8018671274185181,-0.05516785383224487,0.05516785383224487,0.28484955630509623,-0.28484955630509623,0,0.027357619836851366,0,0.027357619836851366,-0.05409121513366699,0.05409121513366699,0.24305352769105204,-0.24305352769105204,-0.05409121513366699,0.05409121513366699,0.26040269634930857,-0.26040269634930857,0,0,1,0,0,0,0,0,0,0,0,0,0,0,0,0,0,0,0,0,0,0,0,0,0,0,0,0,0,0,0,1,0,1,0,1,1,0,0,0,0,0,0,0,0,1,0,0,0,0,0,00-0025423,K.Kolb,37,00-0022921,L.Fitzgerald,37,NA,NA,NA,NA,NA,NA,NA,NA,NA,NA,NA,NA,NA,NA,NA,NA,NA,NA,NA,NA,NA,NA,NA,NA,NA,NA,NA,NA,NA,NA,NA,NA,NA,NA,NA,00-0023579,T.Cole,NA,NA,NA,NA,NA,NA,NA,NA,NA,NA,NA,NA,NA,NA,NA,NA,NA,NA,NA,NA,NA,NA,NA,NA,NA,NA,0,NA,NA,NA,NA,NA,NA,NA,NA,NA,NA,NA,NA,NA,NA,NA,NA,NA,NA,NA,NA,NA,NA,NA,NA,NA,NA,NA,NA,NA,NA,NA,0,NA,NA,NA,NA,0,NA,NA,0,0,0,0,NA,NA,2012,0.23175381124019623,76.82461887598038,18,1,Touchdown,1466,"9/23/12, 16:05:33",2012-09-23T21:11:08Z,State Farm Stadium,"Temp: ° F, Wind: mph",10012012-0923-0983-16fc-87e5113fe1b7,0,0,PASS,0,NA,NA,NA,9,Touchdown,2012-09-23T21:09:26Z,4,1:32,2,0,1,2,2,0,PUNT,TOUCHDOWN,09:02,07:30,ARI 45,PHI 37,1395,1486,6,27,Home,21,33,-3,42.5,0,closed,grass,NA,NA,Ken Whisenhunt,Andy Reid,PHO00,University of Phoenix Stadium,0,1,K.Kolb,4,NA,NA,L.Fitzgerald,11,1,0,1,0,1,00-0025423,NA,00-0022921,K.Kolb,4,00-0025423,L.Fitzgerald,00-0022921,L.Fitzgerald,00-0022921,0,0,3.468343376996927,1.104649230978831,3.236500896542566,4,1,1,0.4636763334274292,53.63236665725708,2012,Go for it,NA,NA,NA,NA,NA,NA,NA,NA,NA,NA,Toss Up,Go for it,Andy Reid,Ken Whisenhunt,7:40,NA,NA,NA,NA,NA,NA,NA,NA,NA,NA
1486,2012_03_PHI_ARI,2012092309,ARI,PHI,REG,3,ARI,home,PHI,PHI,2,2012-09-23,450,450,2250,Half1,0,9,1,2,NA,0,07:30,PHI 2,0,55,"3-J.Feely extra point is GOOD, Center-82-M.Leach, Holder-9-D.Zastudil.",extra_point,0,0,0,0,0,0,0,NA,NA,NA,NA,NA,NA,NA,20,good,NA,3,2,0,NA,NA,NA,NA,3,2,17,0,16,0,16,17,0,17,0,0,0,0,0,0,0,0.9693761136986161,0,0.9693761136986161,0.030623886301383907,18.045642857971075,-18.045642857971075,-4.1556296409107745,4.1556296409107745,16.880049462212963,-16.880049462212963,NA,NA,0,0,1.2446750341332518,-1.2446750341332518,9.095028876618017,-9.095028876618017,-7.325842559337616,7.325842559337616,18.48436764255166,-18.48436764255166,0.9185531554966414,0.0814468445033586,0.9185531554966414,0.0814468445033586,0.0017006577701127457,0.005889559762109808,0.005889559762109808,0.9202538132667542,0.07974618673324585,0.8248246064022884,0.8248246064022884,-0.05516785383224487,0.05516785383224487,0.28484955630509623,-0.28484955630509623,NA,NA,0,0,-0.05409121513366699,0.05409121513366699,0.24305352769105204,-0.24305352769105204,-0.05409121513366699,0.05409121513366699,0.26040269634930857,-0.26040269634930857,0,0,0,0,0,0,0,0,0,0,0,0,0,0,0,0,0,0,0,0,0,0,0,0,0,0,0,0,0,0,0,0,0,0,0,0,0,0,0,1,0,0,0,0,0,0,0,0,0,0,0,NA,NA,NA,NA,NA,NA,NA,NA,NA,NA,NA,NA,NA,NA,NA,NA,NA,NA,NA,NA,NA,NA,NA,NA,NA,NA,NA,NA,NA,NA,NA,J.Feely,00-0019770,NA,NA,NA,NA,NA,NA,NA,NA,NA,NA,NA,NA,NA,NA,NA,NA,NA,NA,NA,NA,NA,NA,NA,NA,NA,NA,NA,NA,NA,NA,NA,NA,NA,NA,NA,NA,0,NA,NA,NA,NA,NA,NA,NA,NA,NA,NA,NA,NA,NA,NA,NA,NA,NA,NA,NA,NA,NA,NA,NA,NA,NA,NA,NA,NA,NA,NA,NA,0,NA,NA,NA,NA,0,NA,NA,0,0,0,0,NA,NA,2012,NA,NA,18,1,Touchdown,1486,"9/23/12, 16:05:33",2012-09-23T21:12:08Z,State Farm Stadium,"Temp: ° F, Wind: mph",10012012-0923-0983-16fc-87e5113fe1b7,0,0,XP_KICK,1,NA,NA,NA,9,Touchdown,2012-09-23T21:09:26Z,4,1:32,2,0,1,2,2,0,PUNT,TOUCHDOWN,09:02,07:30,ARI 45,PHI 37,1395,1486,6,27,Home,21,33,-3,42.5,0,closed,grass,NA,NA,Ken Whisenhunt,Andy Reid,PHO00,University of Phoenix Stadium,0,1,NA,NA,NA,NA,NA,NA,0,0,0,1,0,NA,NA,NA,NA,NA,NA,NA,NA,NA,NA,0,0,0.030623886301383907,NA,NA,NA,NA,NA,NA,NA,2012,Other,NA,NA,NA,NA,NA,NA,NA,NA,NA,NA,Toss Up,Other,Andy Reid,Ken Whisenhunt,7:30,NA,NA,NA,NA,NA,NA,NA,NA,NA,NA
1517,2012_03_PHI_ARI,2012092309,ARI,PHI,REG,3,PHI,away,ARI,ARI,35,2012-09-23,450,450,2250,Half1,0,10,0,2,NA,0,07:30,ARI 35,0,-10,3-J.Feely kicks 59 yards from ARI 35 to PHI 6. 22-B.Boykin to PHI 25 for 19 yards (3-J.Feely).,kickoff,0,0,0,0,0,0,0,NA,NA,NA,NA,NA,NA,NA,59,NA,NA,3,2,0,NA,NA,NA,NA,2,3,17,0,0,17,-17,0,17,-17,0.20537839829921722,0.12534305453300476,0.0028372907545417547,0.19653484225273132,0.17311473190784454,0.0020853341557085514,0.2947063446044922,0,0,0.829011635389179,0.23248430714011192,17.813158550830963,-17.813158550830963,-4.1556296409107745,4.1556296409107745,16.880049462212963,-16.880049462212963,NA,NA,0,0,1.2446750341332518,-1.2446750341332518,9.095028876618017,-9.095028876618017,-7.325842559337616,7.325842559337616,18.48436764255166,-18.48436764255166,0.07974618673324585,0.9202538132667542,0.9202538132667542,0.07974618673324585,0.0016407668590545654,0.005634292960166931,-0.005634292960166931,0.9186130464076996,0.08138695359230042,0.1692858338356018,0.8307141661643982,-0.05516785383224487,0.05516785383224487,0.28484955630509623,-0.28484955630509623,NA,NA,0,0,-0.05409121513366699,0.05409121513366699,0.24305352769105204,-0.24305352769105204,-0.05409121513366699,0.05409121513366699,0.26040269634930857,-0.26040269634930857,0,0,0,0,0,0,0,0,0,0,0,0,0,0,0,0,0,0,0,0,0,0,0,0,1,0,0,0,0,0,0,0,0,0,0,0,0,0,0,0,0,0,1,0,0,0,0,0,0,0,0,NA,NA,NA,NA,NA,NA,NA,NA,NA,NA,NA,NA,NA,NA,NA,NA,NA,NA,NA,NA,NA,NA,NA,NA,NA,B.Boykin,00-0029416,NA,NA,NA,NA,J.Feely,00-0019770,NA,NA,NA,NA,NA,NA,NA,NA,NA,NA,NA,NA,NA,NA,NA,NA,NA,NA,ARI,NA,00-0019770,NA,J.Feely,NA,NA,NA,NA,NA,NA,NA,NA,NA,NA,NA,NA,NA,0,NA,NA,NA,NA,NA,NA,NA,NA,NA,NA,NA,NA,NA,NA,NA,NA,NA,NA,NA,NA,NA,NA,NA,NA,NA,NA,NA,NA,NA,NA,PHI,19,NA,NA,NA,NA,0,NA,NA,0,0,0,0,NA,NA,2012,NA,NA,19,0,Punt,1517,"9/23/12, 16:05:33",2012-09-23T21:14:35Z,State Farm Stadium,"Temp: ° F, Wind: mph",10012012-0923-0983-16fc-87e5113fe1b7,0,0,KICK_OFF,1,NA,NA,NA,10,Punt,2012-09-23T21:14:35Z,3,1:36,0,0,0,2,2,-10,KICKOFF,PUNT,07:30,05:54,PHI 25,PHI 15,1517,1636,6,27,Home,21,33,-3,42.5,0,closed,grass,NA,NA,Ken Whisenhunt,Andy Reid,PHO00,University of Phoenix Stadium,0,1,NA,NA,NA,NA,NA,NA,0,0,0,1,0,NA,NA,NA,NA,NA,NA,NA,NA,NA,NA,0,0,0.23248430714011192,NA,NA,NA,NA,NA,NA,NA,2012,Other,NA,NA,NA,NA,NA,NA,NA,NA,NA,NA,Toss Up,Other,Andy Reid,Ken Whisenhunt,7:30,NA,NA,NA,NA,NA,NA,NA,NA,NA,NA
1539,2012_03_PHI_ARI,2012092309,ARI,PHI,REG,3,PHI,away,ARI,PHI,75,2012-09-23,442,442,2242,Half1,0,10,0,2,1,0,07:22,PHI 25,10,-10,"(7:22) (Shotgun) 7-M.Vick scrambles left end to PHI 30 for 5 yards (93-C.Campbell). PENALTY on PHI-77-D.Bell, Offensive Holding, 10 yards, enforced at PHI 25 - No Play.",no_play,0,1,0,0,0,0,1,NA,NA,NA,NA,NA,NA,NA,NA,NA,NA,3,2,0,NA,NA,NA,NA,2,3,17,0,0,17,-17,0,17,-17,0.20935392379760742,0.1141301840543747,0.0025582043454051018,0.18036243319511414,0.1930922567844391,0.002251611789688468,0.2982514202594757,0,0,1.061495942529291,-1.1540069901384413,18.967165540969404,-18.967165540969404,-4.1556296409107745,4.1556296409107745,16.880049462212963,-16.880049462212963,NA,NA,0,0,1.2446750341332518,-1.2446750341332518,9.095028876618017,-9.095028876618017,-7.325842559337616,7.325842559337616,18.48436764255166,-18.48436764255166,0.08138695359230042,0.9186130464076996,0.9186130464076996,0.08138695359230042,-0.012502223253250122,-0.022798791527748108,0.022798791527748108,0.9311152696609497,0.06888473033905029,0.17492012679576874,0.8250798732042313,-0.05516785383224487,0.05516785383224487,0.28484955630509623,-0.28484955630509623,NA,NA,0,0,-0.05409121513366699,0.05409121513366699,0.24305352769105204,-0.24305352769105204,-0.05409121513366699,0.05409121513366699,0.26040269634930857,-0.26040269634930857,0,0,0,0,0,0,0,0,0,0,0,0,0,0,0,0,0,0,0,0,0,0,0,0,0,0,1,0,0,0,0,0,0,0,0,0,0,0,0,0,0,0,0,0,0,0,0,0,0,0,0,NA,NA,NA,NA,NA,NA,NA,NA,NA,NA,NA,NA,NA,NA,NA,NA,NA,NA,NA,NA,NA,NA,NA,NA,NA,NA,NA,NA,NA,NA,NA,NA,NA,NA,NA,NA,NA,NA,NA,NA,NA,NA,NA,NA,NA,NA,NA,NA,NA,NA,NA,NA,NA,NA,NA,NA,NA,NA,NA,NA,NA,NA,NA,NA,NA,NA,NA,NA,NA,0,NA,NA,NA,NA,NA,NA,NA,NA,NA,NA,NA,NA,NA,NA,NA,NA,NA,NA,NA,NA,NA,NA,NA,NA,NA,NA,NA,NA,NA,NA,NA,0,PHI,00-0026359,D.Bell,10,0,NA,Offensive Holding,0,0,0,0,NA,NA,2012,NA,NA,19,0,Punt,1539,"9/23/12, 16:05:33",2012-09-23T21:15:24Z,State Farm Stadium,"Temp: ° F, Wind: mph",10012012-0923-0983-16fc-87e5113fe1b7,0,0,PENALTY,0,NA,NA,NA,10,Punt,2012-09-23T21:14:35Z,3,1:36,0,0,0,2,2,-10,KICKOFF,PUNT,07:30,05:54,PHI 25,PHI 15,1517,1636,6,27,Home,21,33,-3,42.5,0,closed,grass,NA,NA,Ken Whisenhunt,Andy Reid,PHO00,University of Phoenix Stadium,0,0,M.Vick,7,NA,7,NA,NA,1,0,0,0,1,00-0020245,NA,NA,M.Vick,7,00-0020245,NA,NA,M.Vick,00-0020245,0,0,-1.1540069901384413,NA,NA,NA,NA,NA,0.588614821434021,41.1385178565979,2012,Other,NA,NA,NA,NA,NA,NA,NA,NA,NA,NA,Toss Up,Go for it (Penalty),Andy Reid,Ken Whisenhunt,7:22,NA,NA,NA,NA,NA,NA,NA,NA,NA,NA
1571,2012_03_PHI_ARI,2012092309,ARI,PHI,REG,3,PHI,away,ARI,PHI,85,2012-09-23,423,423,2223,Half1,0,10,0,2,1,0,07:03,PHI 15,20,-10,(7:03) (Shotgun) 7-M.Vick pass incomplete short left to 87-B.Celek.,pass,0,1,0,1,0,0,0,short,left,-6,NA,NA,NA,NA,NA,NA,NA,3,2,0,NA,NA,NA,NA,2,3,17,0,0,17,-17,0,17,-17,0.22563579678535461,0.1559777706861496,0.005220192484557629,0.23485392332077026,0.1517871618270874,0.0022394959814846516,0.22428566217422485,0,0,-0.09251104760915041,-0.5401098034344614,19.507275344403865,-19.507275344403865,-4.1556296409107745,4.1556296409107745,17.420159265647424,-17.420159265647424,-0.9870876274071634,0.446977823972702,0,0,1.2446750341332518,-1.2446750341332518,9.095028876618017,-9.095028876618017,-6.338754931930453,6.338754931930453,18.03738981857896,-18.03738981857896,0.06888473033905029,0.9311152696609497,0.9311152696609497,0.06888473033905029,-0.005521722137928009,-0.005384773015975952,0.005384773015975952,0.9366369917988777,0.06336300820112228,0.15212133526802063,0.8478786647319794,-0.05516785383224487,0.05516785383224487,0.29037127844302424,-0.29037127844302424,0,-0.005521722137928009,0,0,-0.05409121513366699,0.05409121513366699,0.24305352769105204,-0.24305352769105204,-0.05409121513366699,0.05409121513366699,0.2659244184872366,-0.2659244184872366,0,0,0,0,0,0,0,0,1,0,0,0,0,0,0,0,0,0,0,0,0,0,0,0,0,0,0,0,0,0,0,0,0,1,0,0,0,0,0,0,0,0,0,0,0,0,0,0,0,0,0,00-0020245,M.Vick,NA,00-0025549,B.Celek,NA,NA,NA,NA,NA,NA,NA,NA,NA,NA,NA,NA,NA,NA,NA,NA,NA,NA,NA,NA,NA,NA,NA,NA,NA,NA,NA,NA,NA,NA,NA,NA,NA,NA,NA,NA,NA,NA,NA,NA,NA,NA,NA,NA,NA,NA,NA,NA,NA,NA,NA,NA,NA,NA,NA,NA,NA,NA,NA,NA,NA,NA,NA,NA,0,NA,NA,NA,NA,NA,NA,NA,NA,NA,NA,NA,NA,NA,NA,NA,NA,NA,NA,NA,NA,NA,NA,NA,NA,NA,NA,NA,NA,NA,NA,NA,0,NA,NA,NA,NA,0,NA,NA,0,0,0,0,NA,NA,2012,0.8327541947364807,-83.27541947364807,19,0,Punt,1571,"9/23/12, 16:05:33",2012-09-23T21:16:13Z,State Farm Stadium,"Temp: ° F, Wind: mph",10012012-0923-0983-16fc-87e5113fe1b7,0,0,PASS,0,NA,NA,NA,10,Punt,2012-09-23T21:14:35Z,3,1:36,0,0,0,2,2,-10,KICKOFF,PUNT,07:30,05:54,PHI 25,PHI 15,1517,1636,6,27,Home,21,33,-3,42.5,0,closed,grass,NA,NA,Ken Whisenhunt,Andy Reid,PHO00,University of Phoenix Stadium,0,0,M.Vick,7,NA,NA,B.Celek,87,1,0,0,0,1,00-0020245,NA,00-0025549,M.Vick,7,00-0020245,B.Celek,00-0025549,B.Celek,00-0025549,0,0,-0.5401098034344614,0.9918307575500908,11.612915421828802,11,0.33693381617194973,0.05182952093309723,0.706860363483429,29.313963651657104,2012,Go for it,NA,NA,NA,NA,NA,NA,NA,NA,NA,NA,Toss Up,Go for it,Andy Reid,Ken Whisenhunt,7:03,NA,NA,NA,NA,NA,NA,NA,NA,NA,NA
1593,2012_03_PHI_ARI,2012092309,ARI,PHI,REG,3,PHI,away,ARI,PHI,85,2012-09-23,418,418,2218,Half1,0,10,0,2,2,0,06:58,PHI 15,20,-10,(6:58) (Shotgun) 7-M.Vick pass incomplete deep left to 87-B.Celek.,pass,0,1,0,1,0,0,0,deep,left,20,NA,NA,NA,NA,NA,NA,NA,3,2,0,NA,NA,NA,NA,2,3,17,0,0,17,-17,0,17,-17,0.21919003129005432,0.17932406067848206,0.005304953083395958,0.264046311378479,0.13743805885314941,0.0021809793543070555,0.19251561164855957,0,0,-0.6326208510436118,-0.6652423730120063,20.17251771741587,-20.17251771741587,-4.1556296409107745,4.1556296409107745,18.08540163865943,-18.08540163865943,2.1320694223977625,-2.797311795409769,0,0,1.2446750341332518,-1.2446750341332518,9.095028876618017,-9.095028876618017,-8.470824354328215,8.470824354328215,20.834701613988727,-20.834701613988727,0.06336300820112228,0.9366369917988777,0.9366369917988777,0.06336300820112228,-0.004646096378564835,-0.006125524640083313,0.006125524640083313,0.9412830881774426,0.05871691182255745,0.14673656225204468,0.8532634377479553,-0.05516785383224487,0.05516785383224487,0.2950173748215891,-0.2950173748215891,0,-0.004646096378564835,0,0,-0.05409121513366699,0.05409121513366699,0.24305352769105204,-0.24305352769105204,-0.05409121513366699,0.05409121513366699,0.2705705148658014,-0.2705705148658014,0,0,0,0,0,0,0,0,1,0,0,0,0,0,0,0,0,0,0,0,0,0,0,0,0,0,0,0,0,0,0,0,0,1,0,0,0,0,0,0,0,0,0,0,0,0,0,0,0,0,0,00-0020245,M.Vick,NA,00-0025549,B.Celek,NA,NA,NA,NA,NA,NA,NA,NA,NA,NA,NA,NA,NA,NA,NA,NA,NA,NA,NA,NA,NA,NA,NA,NA,NA,NA,NA,NA,NA,NA,NA,NA,NA,NA,NA,NA,NA,NA,NA,NA,NA,NA,NA,NA,NA,NA,NA,NA,NA,NA,NA,NA,NA,NA,NA,NA,NA,NA,NA,NA,NA,NA,NA,NA,0,NA,NA,NA,NA,NA,NA,NA,NA,NA,NA,NA,NA,NA,NA,NA,NA,NA,NA,NA,NA,NA,NA,NA,NA,NA,NA,NA,NA,NA,NA,NA,0,NA,NA,NA,NA,0,NA,NA,0,0,0,0,NA,NA,2012,0.3924229145050049,-39.24229145050049,19,0,Punt,1593,"9/23/12, 16:05:33",2012-09-23T21:16:56Z,State Farm Stadium,"Temp: ° F, Wind: mph",10012012-0923-0983-16fc-87e5113fe1b7,0,0,PASS,0,NA,NA,NA,10,Punt,2012-09-23T21:14:35Z,3,1:36,0,0,0,2,2,-10,KICKOFF,PUNT,07:30,05:54,PHI 25,PHI 15,1517,1636,6,27,Home,21,33,-3,42.5,0,closed,grass,NA,NA,Ken Whisenhunt,Andy Reid,PHO00,University of Phoenix Stadium,0,0,M.Vick,7,NA,NA,B.Celek,87,1,0,0,0,1,00-0020245,NA,00-0025549,M.Vick,7,00-0020245,B.Celek,00-0025549,B.Celek,00-0025549,0,0,-0.6652423730120063,0.33306952815448243,4.375624989770586,2,1,0.9579411941813305,0.7724789977073669,22.752100229263306,2012,Go for it,NA,NA,NA,NA,NA,NA,NA,NA,NA,NA,Toss Up,Go for it,Andy Reid,Ken Whisenhunt,6:58,NA,NA,NA,NA,NA,NA,NA,NA,NA,NA
1615,2012_03_PHI_ARI,2012092309,ARI,PHI,REG,3,PHI,away,ARI,PHI,85,2012-09-23,412,412,2212,Half1,0,10,0,2,3,0,06:52,PHI 15,20,-10,(6:52) 25-L.McCoy right tackle to PHI 15 for no gain (54-Q.Groves).,run,0,0,0,0,0,0,0,NA,NA,NA,NA,right,tackle,NA,NA,NA,NA,3,2,0,NA,NA,NA,NA,2,3,17,0,0,17,-17,0,17,-17,0.2111804187297821,0.20905251801013947,0.005262704566121101,0.3006342947483063,0.11560362577438354,0.0020832691807299852,0.15618319809436798,0,0,-1.297863224055618,-0.6987511138431728,20.871268831259044,-20.871268831259044,-3.4568785270676017,3.4568785270676017,18.08540163865943,-18.08540163865943,NA,NA,0,0,1.2446750341332518,-1.2446750341332518,9.095028876618017,-9.095028876618017,-8.470824354328215,8.470824354328215,20.834701613988727,-20.834701613988727,0.05871691182255745,0.9412830881774426,0.9412830881774426,0.05871691182255745,-0.0024399608373641968,-0.020985141396522522,0.020985141396522522,0.9437230490148067,0.05627695098519325,0.14061103761196136,0.8593889623880386,-0.052727892994880676,0.052727892994880676,0.2950173748215891,-0.2950173748215891,NA,NA,0,0,-0.05409121513366699,0.05409121513366699,0.24305352769105204,-0.24305352769105204,-0.05409121513366699,0.05409121513366699,0.2705705148658014,-0.2705705148658014,0,0,0,0,0,1,0,0,0,0,0,0,0,0,0,0,0,0,0,0,0,0,0,0,1,0,0,0,0,0,0,0,1,0,0,0,0,0,0,0,0,0,0,0,0,0,0,0,0,0,0,NA,NA,NA,NA,NA,NA,00-0027029,L.McCoy,0,NA,NA,NA,NA,NA,NA,NA,NA,NA,NA,NA,NA,NA,NA,NA,NA,NA,NA,NA,NA,NA,NA,NA,NA,NA,NA,NA,NA,NA,NA,NA,NA,NA,NA,NA,NA,NA,NA,NA,NA,NA,NA,ARI,NA,00-0026192,NA,Q.Groves,NA,NA,NA,NA,NA,NA,NA,NA,NA,NA,NA,NA,NA,0,NA,NA,NA,NA,NA,NA,NA,NA,NA,NA,NA,NA,NA,NA,NA,NA,NA,NA,NA,NA,NA,NA,NA,NA,NA,NA,NA,NA,NA,NA,NA,0,NA,NA,NA,NA,0,NA,NA,0,0,0,0,NA,NA,2012,NA,NA,19,0,Punt,1615,"9/23/12, 16:05:33",2012-09-23T21:17:45Z,State Farm Stadium,"Temp: ° F, Wind: mph",10012012-0923-0983-16fc-87e5113fe1b7,0,0,RUSH,0,NA,NA,NA,10,Punt,2012-09-23T21:14:35Z,3,1:36,0,0,0,2,2,-10,KICKOFF,PUNT,07:30,05:54,PHI 25,PHI 15,1517,1636,6,27,Home,21,33,-3,42.5,0,closed,grass,NA,NA,Ken Whisenhunt,Andy Reid,PHO00,University of Phoenix Stadium,0,0,NA,NA,L.McCoy,25,NA,NA,0,1,0,0,1,NA,00-0027029,NA,L.McCoy,25,00-0027029,L.McCoy,00-0027029,L.McCoy,00-0027029,0,0,-0.6987511138431728,NA,NA,NA,NA,NA,0.8813170194625854,-88.13170194625854,2012,Go for it,NA,NA,NA,NA,NA,NA,NA,NA,NA,NA,Toss Up,Go for it,Andy Reid,Ken Whisenhunt,6:52,NA,NA,NA,NA,NA,NA,NA,NA,NA,NA
1636,2012_03_PHI_ARI,2012092309,ARI,PHI,REG,3,PHI,away,ARI,PHI,85,2012-09-23,366,366,2166,Half1,0,10,0,2,4,0,06:06,PHI 15,20,-10,"(6:06) 8-C.Henry punts 62 yards to ARI 23, Center-46-J.Dorenbos. 21-P.Peterson ran ob at ARI 40 for 17 yards (39-S.Havili).",punt,0,0,0,0,0,0,0,NA,NA,NA,NA,NA,NA,NA,62,NA,NA,3,2,0,NA,NA,NA,NA,2,3,17,0,0,17,-17,0,17,-17,0.2326834499835968,0.24232402443885803,0.005377444438636303,0.32689622044563293,0.07743016630411148,0.0019850716926157475,0.11330364644527435,0,0,-1.9966143378987908,0.08669272577390075,20.784576105485144,-20.784576105485144,-3.4568785270676017,3.4568785270676017,18.08540163865943,-18.08540163865943,NA,NA,0,0,1.2446750341332518,-1.2446750341332518,9.095028876618017,-9.095028876618017,-8.470824354328215,8.470824354328215,20.834701613988727,-20.834701613988727,0.05627695098519325,0.9437230490148067,0.9437230490148067,0.05627695098519325,-0.011162910610437393,-0.01741465926170349,0.01741465926170349,0.9548859596252441,0.04511404037475586,0.11962589621543884,0.8803741037845612,-0.052727892994880676,0.052727892994880676,0.2950173748215891,-0.2950173748215891,NA,NA,0,0,-0.05409121513366699,0.05409121513366699,0.24305352769105204,-0.24305352769105204,-0.05409121513366699,0.05409121513366699,0.2705705148658014,-0.2705705148658014,0,0,0,0,0,0,0,0,0,0,0,0,0,0,0,0,0,0,0,0,0,0,0,0,1,0,0,0,0,0,0,0,0,0,0,0,0,0,0,0,0,0,0,1,0,0,0,0,0,0,0,NA,NA,NA,NA,NA,NA,NA,NA,NA,NA,NA,NA,NA,NA,NA,NA,NA,NA,NA,NA,NA,00-0027943,P.Peterson,NA,NA,NA,NA,NA,NA,00-0028427,C.Henry,NA,NA,NA,NA,NA,NA,NA,NA,NA,NA,NA,NA,NA,NA,NA,NA,NA,NA,NA,NA,PHI,NA,00-0028178,NA,S.Havili,NA,NA,NA,NA,NA,NA,NA,NA,NA,NA,NA,NA,NA,0,NA,NA,NA,NA,NA,NA,NA,NA,NA,NA,NA,NA,NA,NA,NA,NA,NA,NA,NA,NA,NA,NA,NA,NA,NA,NA,NA,NA,NA,NA,ARI,17,NA,NA,NA,NA,0,NA,NA,0,0,0,0,NA,NA,2012,NA,NA,19,0,Punt,1636,"9/23/12, 16:05:33",2012-09-23T21:18:32Z,State Farm Stadium,"Temp: ° F, Wind: mph",10012012-0923-0983-16fc-87e5113fe1b7,0,0,PUNT,1,NA,NA,NA,10,Punt,2012-09-23T21:14:35Z,3,1:36,0,0,0,2,2,-10,KICKOFF,PUNT,07:30,05:54,PHI 25,PHI 15,1517,1636,6,27,Home,21,33,-3,42.5,0,closed,grass,NA,NA,Ken Whisenhunt,Andy Reid,PHO00,University of Phoenix Stadium,0,1,NA,NA,NA,NA,NA,NA,0,0,0,1,0,NA,NA,NA,NA,NA,NA,NA,NA,NA,NA,1,0,0.08669272577390075,NA,NA,NA,NA,NA,NA,NA,2012,Punt,-10.698322929776522,0.060308137799438555,0.3158465542581308,0.21800676240181804,0.30994601702980673,0,0.2963452935218811,0.5769286602735519,0.2963452935218811,0.41692924632757195,Punt,Punt,Andy Reid,Ken Whisenhunt,6:06,0,0,31,6,32,22,42,30,58,30
1678,2012_03_PHI_ARI,2012092309,ARI,PHI,REG,3,ARI,home,PHI,ARI,60,2012-09-23,354,354,2154,Half1,0,11,0,2,1,0,05:54,ARI 40,10,12,(5:54) 26-C.Wells up the middle to ARI 42 for 2 yards (95-M.Kendricks).,run,2,0,0,0,0,0,0,NA,NA,NA,NA,middle,NA,NA,NA,NA,NA,3,2,0,NA,NA,NA,NA,3,2,17,0,17,0,17,17,0,17,0.2457892894744873,0.07734731584787369,0.0014295733999460936,0.12273482978343964,0.21120993793010712,0.00401731813326478,0.33747172355651855,0,0,1.90992161212489,-0.4288938189856708,20.355682286499473,-20.355682286499473,-3.8857723460532725,3.8857723460532725,18.08540163865943,-18.08540163865943,NA,NA,0,0,1.2446750341332518,-1.2446750341332518,9.095028876618017,-9.095028876618017,-8.470824354328215,8.470824354328215,20.834701613988727,-20.834701613988727,0.9548859596252441,0.04511404037475586,0.9548859596252441,0.04511404037475586,-5.570650100708008e-4,-0.005138099193572998,-0.005138099193572998,0.9543288946151733,0.04567110538482666,0.8977887630462646,0.8977887630462646,-0.05328495800495148,0.05328495800495148,0.2950173748215891,-0.2950173748215891,NA,NA,0,0,-0.05409121513366699,0.05409121513366699,0.24305352769105204,-0.24305352769105204,-0.05409121513366699,0.05409121513366699,0.2705705148658014,-0.2705705148658014,0,0,0,0,0,0,0,0,0,0,0,0,0,0,0,0,0,0,0,0,0,0,0,0,1,0,0,0,0,0,0,0,1,0,0,0,0,0,0,0,0,0,0,0,0,0,0,0,0,0,0,NA,NA,NA,NA,NA,NA,00-0027007,C.Wells,2,NA,NA,NA,NA,NA,NA,NA,NA,NA,NA,NA,NA,NA,NA,NA,NA,NA,NA,NA,NA,NA,NA,NA,NA,NA,NA,NA,NA,NA,NA,NA,NA,NA,NA,NA,NA,NA,NA,NA,NA,NA,NA,PHI,NA,00-0029409,NA,M.Kendricks,NA,NA,NA,NA,NA,NA,NA,NA,NA,NA,NA,NA,NA,0,NA,NA,NA,NA,NA,NA,NA,NA,NA,NA,NA,NA,NA,NA,NA,NA,NA,NA,NA,NA,NA,NA,NA,NA,NA,NA,NA,NA,NA,NA,NA,0,NA,NA,NA,NA,0,NA,NA,0,0,0,0,NA,NA,2012,NA,NA,20,1,First down,1678,"9/23/12, 16:05:33",2012-09-23T21:21:01Z,State Farm Stadium,"Temp: ° F, Wind: mph",10012012-0923-0983-16fc-87e5113fe1b7,0,0,RUSH,0,NA,NA,NA,11,Punt,2012-09-23T21:21:01Z,5,3:28,1,0,0,2,2,0,PUNT,PUNT,05:54,02:26,ARI 40,PHI 48,1678,1787,6,27,Home,21,33,-3,42.5,0,closed,grass,NA,NA,Ken Whisenhunt,Andy Reid,PHO00,University of Phoenix Stadium,0,0,NA,NA,C.Wells,26,NA,NA,0,1,0,0,1,NA,00-0027007,NA,C.Wells,26,00-0027007,C.Wells,00-0027007,C.Wells,00-0027007,0,0,-0.4288938189856708,NA,NA,NA,NA,NA,0.36667221784591675,-36.667221784591675,2012,Go for it,NA,NA,NA,NA,NA,NA,NA,NA,NA,NA,Toss Up,Go for it,Andy Reid,Ken Whisenhunt,5:54,NA,NA,NA,NA,NA,NA,NA,NA,NA,NA
1699,2012_03_PHI_ARI,2012092309,ARI,PHI,REG,3,ARI,home,PHI,ARI,58,2012-09-23,314,314,2114,Half1,0,11,0,2,2,0,05:14,ARI 42,8,12,(5:14) (Shotgun) 4-K.Kolb pass short right to 11-L.Fitzgerald pushed ob at PHI 49 for 9 yards (22-B.Boykin).,pass,9,1,0,1,0,0,0,short,right,4,5,NA,NA,NA,NA,NA,NA,3,2,0,NA,NA,NA,NA,3,2,17,0,17,0,17,17,0,17,0.2703748047351837,0.07977669686079025,0.0011490662582218647,0.14031794667243958,0.2076006680727005,0.004677230957895517,0.2961035966873169,0,0,1.4810277931392193,1.103459924168419,21.459142210667892,-21.459142210667892,-3.8857723460532725,3.8857723460532725,19.18886156282785,-19.18886156282785,0.012635735794901848,1.0908241883735172,0.012635735794901848,1.0908241883735172,1.2573107699281536,-1.2573107699281536,10.185853064991534,-10.185853064991534,-8.458188618533313,8.458188618533313,21.925525802362245,-21.925525802362245,0.9543288946151733,0.04567110538482666,0.9543288946151733,0.04567110538482666,0.0030978918075561523,0.012464463710784912,0.012464463710784912,0.9574267864227295,0.04257321357727051,0.8926506638526917,0.8926506638526917,-0.05328495800495148,0.05328495800495148,0.2981152666291452,-0.2981152666291452,0,0.0030978918075561523,0,0.0030978918075561523,-0.05409121513366699,0.05409121513366699,0.2461514194986082,-0.2461514194986082,-0.05409121513366699,0.05409121513366699,0.27366840667335757,-0.27366840667335757,0,0,1,0,0,0,0,0,0,0,0,0,0,0,0,0,0,0,0,0,0,0,0,0,1,0,0,0,0,0,0,0,0,1,0,0,0,0,0,0,0,0,0,0,0,1,0,0,0,0,0,00-0025423,K.Kolb,9,00-0022921,L.Fitzgerald,9,NA,NA,NA,NA,NA,NA,NA,NA,NA,NA,NA,NA,NA,NA,NA,NA,NA,NA,NA,NA,NA,NA,NA,NA,NA,NA,NA,NA,NA,NA,NA,NA,NA,NA,NA,NA,NA,NA,NA,NA,NA,NA,NA,NA,NA,PHI,NA,00-0029416,NA,B.Boykin,NA,NA,NA,NA,NA,NA,NA,NA,NA,NA,NA,NA,NA,0,NA,NA,NA,NA,NA,NA,NA,NA,NA,NA,NA,NA,NA,NA,NA,NA,NA,NA,NA,NA,NA,NA,NA,NA,NA,NA,NA,NA,NA,NA,NA,0,NA,NA,NA,NA,0,NA,NA,0,0,0,0,NA,NA,2012,0.7554299235343933,24.45700764656067,20,1,First down,1699,"9/23/12, 16:05:33",2012-09-23T21:21:42Z,State Farm Stadium,"Temp: ° F, Wind: mph",10012012-0923-0983-16fc-87e5113fe1b7,0,0,PASS,0,NA,NA,NA,11,Punt,2012-09-23T21:21:01Z,5,3:28,1,0,0,2,2,0,PUNT,PUNT,05:54,02:26,ARI 40,PHI 48,1678,1787,6,27,Home,21,33,-3,42.5,0,closed,grass,NA,NA,Ken Whisenhunt,Andy Reid,PHO00,University of Phoenix Stadium,0,1,K.Kolb,4,NA,NA,L.Fitzgerald,11,1,0,1,0,1,00-0025423,NA,00-0022921,K.Kolb,4,00-0025423,L.Fitzgerald,00-0022921,L.Fitzgerald,00-0022921,1,0,1.103459924168419,0.7366090374057936,4.339510265257559,3,0.9865954960114323,0.4015974695212208,0.6361973285675049,36.38026714324951,2012,Go for it,NA,NA,NA,NA,NA,NA,NA,NA,NA,NA,Toss Up,Go for it,Andy Reid,Ken Whisenhunt,5:14,NA,NA,NA,NA,NA,NA,NA,NA,NA,NA
1723,2012_03_PHI_ARI,2012092309,ARI,PHI,REG,3,ARI,home,PHI,PHI,49,2012-09-23,282,282,2082,Half1,0,11,0,2,1,0,04:42,PHI 49,10,12,(4:42) 34-R.Williams right tackle to PHI 47 for 2 yards (42-K.Coleman).,run,2,0,0,0,0,0,0,NA,NA,NA,NA,right,tackle,NA,NA,NA,NA,3,2,0,NA,NA,NA,NA,3,2,17,0,17,0,17,17,0,17,0.25606703758239746,0.05467286705970764,4.4292319216765463e-4,0.0823998898267746,0.2249728888273239,0.0037675118073821068,0.3776768147945404,0,0,2.5844877173076384,-0.49764986895024776,20.961492341717644,-20.961492341717644,-4.38342221500352,4.38342221500352,19.18886156282785,-19.18886156282785,NA,NA,0,0,1.2573107699281536,-1.2573107699281536,10.185853064991534,-10.185853064991534,-8.458188618533313,8.458188618533313,21.925525802362245,-21.925525802362245,0.9574267864227295,0.04257321357727051,0.9574267864227295,0.04257321357727051,-0.0030978918075561523,-0.009594082832336426,-0.009594082832336426,0.9543288946151733,0.04567110538482666,0.9051151275634766,0.9051151275634766,-0.05638284981250763,0.05638284981250763,0.2981152666291452,-0.2981152666291452,NA,NA,0,0,-0.05409121513366699,0.05409121513366699,0.2461514194986082,-0.2461514194986082,-0.05409121513366699,0.05409121513366699,0.27366840667335757,-0.27366840667335757,0,0,0,0,0,0,0,0,0,0,0,0,0,0,0,0,0,0,0,0,0,0,0,0,1,0,0,0,0,0,0,0,1,0,0,0,0,0,0,0,0,0,0,0,0,0,0,0,0,0,0,NA,NA,NA,NA,NA,NA,00-0027976,R.Williams,2,NA,NA,NA,NA,NA,NA,NA,NA,NA,NA,NA,NA,NA,NA,NA,NA,NA,NA,NA,NA,NA,NA,NA,NA,NA,NA,NA,NA,NA,NA,NA,NA,NA,NA,NA,NA,NA,NA,NA,NA,NA,NA,PHI,NA,00-0027835,NA,K.Coleman,NA,NA,NA,NA,NA,NA,NA,NA,NA,NA,NA,NA,NA,0,NA,NA,NA,NA,NA,NA,NA,NA,NA,NA,NA,NA,NA,NA,NA,NA,NA,NA,NA,NA,NA,NA,NA,NA,NA,NA,NA,NA,NA,NA,NA,0,NA,NA,NA,NA,0,NA,NA,0,0,0,0,NA,NA,2012,NA,NA,21,0,Punt,1723,"9/23/12, 16:05:33",2012-09-23T21:22:24Z,State Farm Stadium,"Temp: ° F, Wind: mph",10012012-0923-0983-16fc-87e5113fe1b7,0,0,RUSH,0,NA,NA,NA,11,Punt,2012-09-23T21:21:01Z,5,3:28,1,0,0,2,2,0,PUNT,PUNT,05:54,02:26,ARI 40,PHI 48,1678,1787,6,27,Home,21,33,-3,42.5,0,closed,grass,NA,NA,Ken Whisenhunt,Andy Reid,PHO00,University of Phoenix Stadium,0,0,NA,NA,R.Williams,34,NA,NA,0,1,0,0,1,NA,00-0027976,NA,R.Williams,34,00-0027976,R.Williams,00-0027976,R.Williams,00-0027976,0,0,-0.49764986895024776,NA,NA,NA,NA,NA,0.3512636721134186,-35.12636721134186,2012,Go for it,NA,NA,NA,NA,NA,NA,NA,NA,NA,NA,Toss Up,Go for it,Andy Reid,Ken Whisenhunt,4:42,NA,NA,NA,NA,NA,NA,NA,NA,NA,NA
1744,2012_03_PHI_ARI,2012092309,ARI,PHI,REG,3,ARI,home,PHI,PHI,47,2012-09-23,238,238,2038,Half1,0,11,0,2,2,0,03:58,PHI 47,8,12,(3:58) 4-K.Kolb sacked at ARI 46 for -7 yards (sack split by 54-B.Graham and 55-D.Tapp).,pass,-7,0,0,1,0,0,0,NA,NA,NA,NA,NA,NA,NA,NA,NA,NA,3,2,0,NA,NA,NA,NA,3,2,17,0,17,0,17,17,0,17,0.3062947690486908,0.05863124132156372,3.9567440398968756e-4,0.09153486788272858,0.21894635260105133,0.00439032819122076,0.3198067545890808,0,0,2.0868378483573906,-1.421851494058501,19.539640847659143,-19.539640847659143,-4.38342221500352,4.38342221500352,17.76701006876935,-17.76701006876935,NA,NA,0,0,1.2573107699281536,-1.2573107699281536,10.185853064991534,-10.185853064991534,-8.458188618533313,8.458188618533313,21.925525802362245,-21.925525802362245,0.9543288946151733,0.04567110538482666,0.9543288946151733,0.04567110538482666,-0.009466230869293213,-0.012094199657440186,-0.012094199657440186,0.9448626637458801,0.05513733625411987,0.8955210447311401,0.8955210447311401,-0.05638284981250763,0.05638284981250763,0.288649035759852,-0.288649035759852,NA,NA,0,0,-0.05409121513366699,0.05409121513366699,0.2461514194986082,-0.2461514194986082,-0.05409121513366699,0.05409121513366699,0.27366840667335757,-0.27366840667335757,0,0,0,0,0,0,0,0,0,0,0,0,0,0,0,0,0,0,0,0,0,0,0,0,0,0,0,0,0,0,0,1,0,1,1,0,0,0,0,0,0,0,0,0,0,0,1,0,0,0,0,00-0025423,K.Kolb,NA,NA,NA,NA,NA,NA,NA,NA,NA,NA,NA,NA,NA,NA,NA,NA,NA,NA,NA,NA,NA,NA,NA,NA,NA,NA,NA,NA,NA,NA,NA,NA,NA,NA,NA,NA,NA,NA,NA,00-0027865,B.Graham,00-0024278,D.Tapp,NA,NA,NA,NA,NA,NA,NA,NA,NA,NA,NA,NA,00-0027865,B.Graham,PHI,00-0024278,D.Tapp,PHI,NA,NA,NA,NA,NA,NA,0,NA,NA,NA,NA,NA,NA,NA,NA,NA,NA,NA,NA,NA,NA,NA,NA,NA,NA,NA,NA,NA,NA,NA,NA,NA,NA,00-0027865,B.Graham,00-0024278,D.Tapp,NA,0,NA,NA,NA,NA,0,NA,NA,0,0,0,0,NA,NA,2012,NA,NA,21,0,Punt,1744,"9/23/12, 16:05:33",2012-09-23T21:23:08Z,State Farm Stadium,"Temp: ° F, Wind: mph",10012012-0923-0983-16fc-87e5113fe1b7,0,0,SACK,0,NA,NA,NA,11,Punt,2012-09-23T21:21:01Z,5,3:28,1,0,0,2,2,0,PUNT,PUNT,05:54,02:26,ARI 40,PHI 48,1678,1787,6,27,Home,21,33,-3,42.5,0,closed,grass,NA,NA,Ken Whisenhunt,Andy Reid,PHO00,University of Phoenix Stadium,0,0,K.Kolb,4,NA,NA,NA,NA,1,0,0,0,1,00-0025423,NA,NA,K.Kolb,4,00-0025423,NA,NA,NA,NA,0,0,-1.421851494058501,NA,NA,NA,NA,NA,0.6251634359359741,37.48365640640259,2012,Go for it,NA,NA,NA,NA,NA,NA,NA,NA,NA,NA,Toss Up,Go for it,Andy Reid,Ken Whisenhunt,3:58,NA,NA,NA,NA,NA,NA,NA,NA,NA,NA
1763,2012_03_PHI_ARI,2012092309,ARI,PHI,REG,3,ARI,home,PHI,ARI,54,2012-09-23,199,199,1999,Half1,0,11,0,2,3,0,03:19,ARI 46,15,12,(3:19) (Shotgun) 4-K.Kolb pass short right to 11-L.Fitzgerald to PHI 48 for 6 yards (23-D.Rodgers-Cromartie).,pass,6,1,0,1,0,0,0,short,right,6,0,NA,NA,NA,NA,NA,NA,3,2,0,NA,NA,NA,NA,3,2,17,0,17,0,17,17,0,17,0.4050619602203369,0.08817347139120102,5.787452682852745e-4,0.13951951265335083,0.15796957910060883,0.005497002508491278,0.20319972932338715,0,0,0.6649863542988896,-0.6256301518296823,18.91401069582946,-18.91401069582946,-4.38342221500352,4.38342221500352,17.141379916939666,-17.141379916939666,-0.6256301518296823,0,-0.6256301518296823,0,0.6316806180984713,-0.6316806180984713,10.185853064991534,-10.185853064991534,-9.083818770362996,9.083818770362996,21.925525802362245,-21.925525802362245,0.9448626637458801,0.05513733625411987,0.9448626637458801,0.05513733625411987,-0.01353996992111206,-0.008557736873626709,-0.008557736873626709,0.9313226938247681,0.06867730617523193,0.8834268450737,0.8834268450737,-0.05638284981250763,0.05638284981250763,0.27510906583873995,-0.27510906583873995,-0.01353996992111206,0,-0.01353996992111206,0,-0.06763118505477905,0.06763118505477905,0.2461514194986082,-0.2461514194986082,-0.06763118505477905,0.06763118505477905,0.27366840667335757,-0.27366840667335757,0,0,0,0,0,1,0,0,0,0,0,0,0,0,0,0,0,0,0,0,0,0,0,0,1,0,0,0,0,0,0,0,0,1,0,0,0,0,0,0,0,0,0,0,0,1,0,0,0,0,0,00-0025423,K.Kolb,6,00-0022921,L.Fitzgerald,6,NA,NA,NA,NA,NA,NA,NA,NA,NA,NA,NA,NA,NA,NA,NA,NA,NA,NA,NA,NA,NA,NA,NA,NA,NA,NA,NA,NA,NA,NA,NA,NA,NA,NA,NA,NA,NA,NA,NA,NA,NA,NA,NA,NA,NA,PHI,NA,00-0026156,NA,D.Rodgers-Cromartie,NA,NA,NA,NA,NA,NA,NA,NA,NA,NA,NA,NA,NA,0,NA,NA,NA,NA,NA,NA,NA,NA,NA,NA,NA,NA,NA,NA,NA,NA,NA,NA,NA,NA,NA,NA,NA,NA,NA,NA,NA,NA,NA,NA,NA,0,NA,NA,NA,NA,0,NA,NA,0,0,0,0,NA,NA,2012,0.7232666015625,27.67333984375,21,0,Punt,1763,"9/23/12, 16:05:33",2012-09-23T21:23:52Z,State Farm Stadium,"Temp: ° F, Wind: mph",10012012-0923-0983-16fc-87e5113fe1b7,0,0,PASS,0,NA,NA,NA,11,Punt,2012-09-23T21:21:01Z,5,3:28,1,0,0,2,2,0,PUNT,PUNT,05:54,02:26,ARI 40,PHI 48,1678,1787,6,27,Home,21,33,-3,42.5,0,closed,grass,NA,NA,Ken Whisenhunt,Andy Reid,PHO00,University of Phoenix Stadium,0,0,K.Kolb,4,NA,NA,L.Fitzgerald,11,1,0,0,0,1,00-0025423,NA,00-0022921,K.Kolb,4,00-0025423,L.Fitzgerald,00-0022921,L.Fitzgerald,00-0022921,0,0,-0.6256301518296823,0.4905113267376717,4.138454183645081,3,0.14691105135716498,0.11733124242164195,0.9278769493103027,7.212305068969727,2012,Go for it,NA,NA,NA,NA,NA,NA,NA,NA,NA,NA,Toss Up,Go for it,Andy Reid,Ken Whisenhunt,3:19,NA,NA,NA,NA,NA,NA,NA,NA,NA,NA
1787,2012_03_PHI_ARI,2012092309,ARI,PHI,REG,3,ARI,home,PHI,PHI,48,2012-09-23,154,154,1954,Half1,0,11,0,2,4,0,02:34,PHI 48,9,12,"(2:34) 9-D.Zastudil punts 48 yards to end zone, Center-82-M.Leach, Touchback.",punt,0,0,0,0,0,0,0,NA,NA,NA,NA,NA,NA,NA,48,NA,NA,3,2,0,NA,NA,NA,NA,3,2,17,0,17,0,17,17,0,17,0.49222779273986816,0.10943395644426346,4.797118599526584e-4,0.13427644968032837,0.12385378032922745,0.008221379481256008,0.13150693476200104,0,0,0.039356202469207346,-0.6969811212038621,18.2170295746256,-18.2170295746256,-4.38342221500352,4.38342221500352,17.141379916939666,-17.141379916939666,NA,NA,0,0,0.6316806180984713,-0.6316806180984713,10.185853064991534,-10.185853064991534,-9.083818770362996,9.083818770362996,21.925525802362245,-21.925525802362245,0.9313226938247681,0.06867730617523193,0.9313226938247681,0.06867730617523193,-0.0011028572916984558,-0.010968521237373352,-0.010968521237373352,0.9302198365330696,0.06978016346693039,0.8748691082000732,0.8748691082000732,-0.05638284981250763,0.05638284981250763,0.27510906583873995,-0.27510906583873995,NA,NA,0,0,-0.06763118505477905,0.06763118505477905,0.2461514194986082,-0.2461514194986082,-0.06763118505477905,0.06763118505477905,0.27366840667335757,-0.27366840667335757,0,0,0,0,0,0,0,0,0,1,0,0,0,0,0,0,0,0,0,0,0,0,0,0,0,0,0,0,0,0,0,0,0,0,0,0,0,0,0,0,0,0,0,1,0,0,0,0,0,0,0,NA,NA,NA,NA,NA,NA,NA,NA,NA,NA,NA,NA,NA,NA,NA,NA,NA,NA,NA,NA,NA,NA,NA,NA,NA,NA,NA,NA,NA,00-0021235,D.Zastudil,NA,NA,NA,NA,NA,NA,NA,NA,NA,NA,NA,NA,NA,NA,NA,NA,NA,NA,NA,NA,NA,NA,NA,NA,NA,NA,NA,NA,NA,NA,NA,NA,NA,NA,NA,NA,NA,NA,0,NA,NA,NA,NA,NA,NA,NA,NA,NA,NA,NA,NA,NA,NA,NA,NA,NA,NA,NA,NA,NA,NA,NA,NA,NA,NA,NA,NA,NA,NA,PHI,0,NA,NA,NA,NA,0,NA,NA,0,0,0,0,NA,NA,2012,NA,NA,21,0,Punt,1787,"9/23/12, 16:05:33",2012-09-23T21:24:37Z,State Farm Stadium,"Temp: ° F, Wind: mph",10012012-0923-0983-16fc-87e5113fe1b7,0,0,PUNT,1,NA,NA,NA,11,Punt,2012-09-23T21:21:01Z,5,3:28,1,0,0,2,2,0,PUNT,PUNT,05:54,02:26,ARI 40,PHI 48,1678,1787,6,27,Home,21,33,-3,42.5,0,closed,grass,NA,NA,Ken Whisenhunt,Andy Reid,PHO00,University of Phoenix Stadium,0,0,NA,NA,NA,NA,NA,NA,0,0,0,1,0,NA,NA,NA,NA,NA,NA,NA,NA,NA,NA,0,0,-0.6969811212038621,NA,NA,NA,NA,NA,NA,NA,2012,Punt,NA,0.2292801419753232,0.7932134373987477,NA,NA,0,0.785538436844945,0.8311011935584247,0.785538436844945,0.8223396337241539,Punt,Punt,Andy Reid,Ken Whisenhunt,2:34,0,0,NA,23,79,NA,82,79,83,79
1804,2012_03_PHI_ARI,2012092309,ARI,PHI,REG,3,PHI,away,ARI,PHI,80,2012-09-23,146,146,1946,Half1,0,12,0,2,1,0,02:26,PHI 20,10,73,(2:26) 7-M.Vick pass short middle to 25-L.McCoy to PHI 25 for 5 yards (22-W.Gay).,pass,5,0,0,1,0,0,0,short,middle,3,2,NA,NA,NA,NA,NA,NA,3,2,0,NA,NA,NA,NA,2,3,17,0,0,17,-17,0,17,-17,0.46243974566459656,0.09877293556928635,0.001918395166285336,0.11233178526163101,0.13019311428070068,0.0013769259676337242,0.19296711683273315,0,0,0.6576249187346548,-0.027659687446430326,18.24468926207203,-18.24468926207203,-4.38342221500352,4.38342221500352,17.169039604386096,-17.169039604386096,-0.293613655725494,0.2659539682790637,-0.293613655725494,0.2659539682790637,0.9252942738239653,-0.9252942738239653,9.91989909671247,-9.91989909671247,-8.790205114637502,8.790205114637502,21.65957183408318,-21.65957183408318,0.06978016346693039,0.9302198365330696,0.9302198365330696,0.06978016346693039,-0.0029657259583473206,0.002041354775428772,-0.002041354775428772,0.9331855624914169,0.06681443750858307,0.1360994130373001,0.8639005869626999,-0.05638284981250763,0.05638284981250763,0.2780747917970873,-0.2780747917970873,0,-0.0029657259583473206,0,-0.0029657259583473206,-0.06763118505477905,0.06763118505477905,0.2491171454569555,-0.2491171454569555,-0.06763118505477905,0.06763118505477905,0.2766341326317049,-0.2766341326317049,0,0,0,0,0,0,0,0,0,0,0,0,0,0,0,0,0,0,0,0,0,0,0,0,1,0,0,0,0,0,0,0,0,1,0,0,0,0,0,0,0,0,0,0,0,1,0,0,0,0,0,00-0020245,M.Vick,5,00-0027029,L.McCoy,5,NA,NA,NA,NA,NA,NA,NA,NA,NA,NA,NA,NA,NA,NA,NA,NA,NA,NA,NA,NA,NA,NA,NA,NA,NA,NA,NA,NA,NA,NA,NA,NA,NA,NA,NA,NA,NA,NA,NA,NA,NA,NA,NA,NA,NA,ARI,NA,00-0025557,NA,W.Gay,NA,NA,NA,NA,NA,NA,NA,NA,NA,NA,NA,NA,NA,0,NA,NA,NA,NA,NA,NA,NA,NA,NA,NA,NA,NA,NA,NA,NA,NA,NA,NA,NA,NA,NA,NA,NA,NA,NA,NA,NA,NA,NA,NA,NA,0,NA,NA,NA,NA,0,NA,NA,0,0,0,0,NA,NA,2012,0.7919300198554993,20.806998014450073,22,1,First down,1804,"9/23/12, 16:05:33",2012-09-23T21:25:21Z,State Farm Stadium,"Temp: ° F, Wind: mph",10012012-0923-0983-16fc-87e5113fe1b7,0,0,PASS,0,NA,NA,NA,12,Opp touchdown,2012-09-23T21:25:21Z,11,2:26,4,1,1,2,2,0,PUNT,FUMBLE,02:26,00:00,PHI 20,ARI 1,1804,2090,6,27,Home,21,33,-3,42.5,0,closed,grass,NA,NA,Ken Whisenhunt,Andy Reid,PHO00,University of Phoenix Stadium,0,0,M.Vick,7,NA,NA,L.McCoy,25,1,0,0,0,1,00-0020245,NA,00-0027029,M.Vick,7,00-0020245,L.McCoy,00-0027029,L.McCoy,00-0027029,0,0,-0.027659687446430326,0.5253261211336469,5.13427714908903,4,0.6074269958189689,0.24994721490656957,0.7644850611686707,23.551493883132935,2012,Go for it,NA,NA,NA,NA,NA,NA,NA,NA,NA,NA,Toss Up,Go for it,Andy Reid,Ken Whisenhunt,2:26,NA,NA,NA,NA,NA,NA,NA,NA,NA,NA
1828,2012_03_PHI_ARI,2012092309,ARI,PHI,REG,3,PHI,away,ARI,PHI,75,2012-09-23,121,121,1921,Half1,0,12,0,2,2,0,02:01,PHI 25,5,73,(2:01) (Shotgun) 7-M.Vick pass short left to 25-L.McCoy to PHI 24 for -1 yards (22-W.Gay).,pass,-1,1,0,1,0,0,0,short,left,-4,3,NA,NA,NA,NA,NA,NA,3,2,0,NA,NA,NA,NA,2,3,17,0,0,17,-17,0,17,-17,0.4638274908065796,0.10074586421251297,0.001283606281504035,0.11231203377246857,0.1316111534833908,0.0010835770517587662,0.18913623690605164,0,0,0.6299652312882245,-0.7630813287105411,19.00777059078257,-19.00777059078257,-4.38342221500352,4.38342221500352,17.932120933096638,-17.932120933096638,-0.99612503265962,0.23304370394907892,-0.99612503265962,0.23304370394907892,1.9214193064835854,-1.9214193064835854,9.686855392763391,-9.686855392763391,-7.7940800819778815,7.7940800819778815,21.426528130134102,-21.426528130134102,0.06681443750858307,0.9331855624914169,0.9331855624914169,0.06681443750858307,-1.11408531665802e-4,-0.0076615214347839355,0.0076615214347839355,0.9332969710230827,0.06670302897691727,0.13814076781272888,0.8618592321872711,-0.05638284981250763,0.05638284981250763,0.2781862003287531,-0.2781862003287531,-8.154436945915222e-4,7.040351629257202e-4,-8.154436945915222e-4,7.040351629257202e-4,-0.06681574136018753,0.06681574136018753,0.2484131102940298,-0.2484131102940298,-0.06681574136018753,0.06681574136018753,0.27593009746877917,-0.27593009746877917,0,0,0,0,0,0,0,0,0,0,0,0,0,0,0,0,0,0,0,0,0,0,0,0,1,0,0,0,0,0,0,0,0,1,0,0,0,0,0,0,0,0,0,0,0,1,0,0,0,0,0,00-0020245,M.Vick,-1,00-0027029,L.McCoy,-1,NA,NA,NA,NA,NA,NA,NA,NA,NA,NA,NA,NA,NA,NA,NA,NA,NA,NA,NA,NA,NA,NA,NA,NA,NA,NA,NA,NA,NA,NA,NA,00-0025557,W.Gay,NA,NA,NA,NA,NA,NA,NA,NA,NA,NA,NA,NA,ARI,NA,00-0025557,NA,W.Gay,NA,NA,NA,NA,NA,NA,NA,NA,NA,NA,NA,NA,NA,0,NA,NA,NA,NA,NA,NA,NA,NA,NA,NA,NA,NA,NA,NA,NA,NA,NA,NA,NA,NA,NA,NA,NA,NA,NA,NA,NA,NA,NA,NA,NA,0,NA,NA,NA,NA,0,NA,NA,0,0,0,0,NA,NA,2012,0.8583371639251709,14.16628360748291,22,1,First down,1828,"9/23/12, 16:05:33",2012-09-23T21:25:50Z,State Farm Stadium,"Temp: ° F, Wind: mph",10012012-0923-0983-16fc-87e5113fe1b7,0,0,PASS,0,NA,NA,NA,12,Opp touchdown,2012-09-23T21:25:21Z,11,2:26,4,1,1,2,2,0,PUNT,FUMBLE,02:26,00:00,PHI 20,ARI 1,1804,2090,6,27,Home,21,33,-3,42.5,0,closed,grass,NA,NA,Ken Whisenhunt,Andy Reid,PHO00,University of Phoenix Stadium,0,0,M.Vick,7,NA,NA,L.McCoy,25,1,0,0,0,1,00-0020245,NA,00-0027029,M.Vick,7,00-0020245,L.McCoy,00-0027029,L.McCoy,00-0027029,0,0,-0.7630813287105411,1.0764585478231283,9.93942383036483,8,0.49567707188543864,0.49567707188543864,0.8357458114624023,16.425418853759766,2012,Go for it,NA,NA,NA,NA,NA,NA,NA,NA,NA,NA,Toss Up,Go for it,Andy Reid,Ken Whisenhunt,2:01,NA,NA,NA,NA,NA,NA,NA,NA,NA,NA
1873,2012_03_PHI_ARI,2012092309,ARI,PHI,REG,3,PHI,away,ARI,PHI,76,2012-09-23,113,113,1913,Half1,0,12,0,2,3,0,01:53,PHI 24,6,73,(1:53) (Shotgun) 7-M.Vick pass short left to 13-D.Johnson ran ob at 50 for 26 yards (23-J.Fleming).,pass,26,1,0,1,0,0,0,short,left,6,20,NA,NA,NA,NA,NA,NA,3,2,0,NA,NA,NA,NA,2,3,17,0,0,17,-17,0,17,-17,0.4990021288394928,0.12781688570976257,0.0013803370529785752,0.13420645892620087,0.11639977246522903,0.0010039666667580605,0.12019045650959015,0,0,-0.13311609742231667,2.211768869543448,16.796001721239122,-16.796001721239122,-4.38342221500352,4.38342221500352,15.72035206355319,-15.72035206355319,1.1389025171520188,1.0728663523914292,1.1389025171520188,1.0728663523914292,0.7825167893315665,-0.7825167893315665,8.613989040371962,-8.613989040371962,-8.9329825991299,8.9329825991299,20.353661777742673,-20.353661777742673,0.06670302897691727,0.9332969710230827,0.9332969710230827,0.06670302897691727,0.016022130846977234,0.03617538511753082,-0.03617538511753082,0.9172748401761055,0.0827251598238945,0.13047924637794495,0.869520753622055,-0.05638284981250763,0.05638284981250763,0.26216406948177584,-0.26216406948177584,0,0.016022130846977234,0,0.016022130846977234,-0.06681574136018753,0.06681574136018753,0.23239097944705256,-0.23239097944705256,-0.06681574136018753,0.06681574136018753,0.25990796662180193,-0.25990796662180193,0,0,1,0,1,0,0,0,0,0,0,0,0,0,0,0,0,0,0,0,0,0,0,0,1,0,0,0,0,0,0,0,0,1,0,0,0,0,0,0,0,0,0,0,0,1,0,0,0,0,0,00-0020245,M.Vick,26,00-0029435,D.Johnson,26,NA,NA,NA,NA,NA,NA,NA,NA,NA,NA,NA,NA,NA,NA,NA,NA,NA,NA,NA,NA,NA,NA,NA,NA,NA,NA,NA,NA,NA,NA,NA,NA,NA,NA,NA,NA,NA,NA,NA,NA,NA,NA,NA,NA,NA,ARI,NA,00-0029639,NA,J.Fleming,NA,NA,NA,NA,NA,NA,NA,NA,NA,NA,NA,NA,NA,0,NA,NA,NA,NA,NA,NA,NA,NA,NA,NA,NA,NA,NA,NA,NA,NA,NA,NA,NA,NA,NA,NA,NA,NA,NA,NA,NA,NA,NA,NA,NA,0,NA,NA,NA,NA,0,NA,NA,0,0,0,0,NA,NA,2012,0.6073889136314392,39.26110863685608,22,1,First down,1873,"9/23/12, 16:05:33",2012-09-23T21:28:43Z,State Farm Stadium,"Temp: ° F, Wind: mph",10012012-0923-0983-16fc-87e5113fe1b7,0,0,PASS,0,NA,NA,NA,12,Opp touchdown,2012-09-23T21:25:21Z,11,2:26,4,1,1,2,2,0,PUNT,FUMBLE,02:26,00:00,PHI 20,ARI 1,1804,2090,6,27,Home,21,33,-3,42.5,0,closed,grass,NA,NA,Ken Whisenhunt,Andy Reid,PHO00,University of Phoenix Stadium,0,1,M.Vick,7,NA,NA,D.Johnson,13,1,0,1,0,1,00-0020245,NA,00-0029435,M.Vick,7,00-0020245,D.Johnson,00-0029435,D.Johnson,00-0029435,1,0,2.211768869543448,0.1854535494961671,4.3307483534445055,2,0.9843530733487569,0.9843530733487569,0.9651471376419067,3.485286235809326,2012,Go for it,NA,NA,NA,NA,NA,NA,NA,NA,NA,NA,Toss Up,Go for it,Andy Reid,Ken Whisenhunt,1:53,NA,NA,NA,NA,NA,NA,NA,NA,NA,NA
1897,2012_03_PHI_ARI,2012092309,ARI,PHI,REG,3,PHI,away,ARI,50,50,2012-09-23,104,104,1904,Half1,0,12,0,2,1,0,01:44,MID 50,10,73,(1:44) 7-M.Vick pass short right to 87-B.Celek to ARI 48 for 2 yards (51-P.Lenon).,pass,2,0,0,1,0,0,0,short,right,-2,4,NA,NA,NA,NA,NA,NA,3,2,0,NA,NA,NA,NA,2,3,17,0,0,17,-17,0,17,-17,0.4087117612361908,0.05080493167042732,5.347775295376778e-4,0.04647916927933693,0.2228207141160965,0.0011023231782019138,0.26954635977745056,0,0,2.0786527721211314,-0.30469547759275883,17.10069719883188,-17.10069719883188,-4.38342221500352,4.38342221500352,16.02504754114595,-16.02504754114595,-0.5191184147261083,0.21442293713334948,-0.5191184147261083,0.21442293713334948,1.3016352040576749,-1.3016352040576749,8.399566103238612,-8.399566103238612,-8.413864184403792,8.413864184403792,20.139238840609323,-20.139238840609323,0.0827251598238945,0.9172748401761055,0.9172748401761055,0.0827251598238945,-0.007979393005371094,-0.009772390127182007,0.009772390127182007,0.9252542331814766,0.07474576681852341,0.16665463149547577,0.8333453685045242,-0.05638284981250763,0.05638284981250763,0.27014346248714693,-0.27014346248714693,0,-0.007979393005371094,0,-0.007979393005371094,-0.06681574136018753,0.06681574136018753,0.24037037245242365,-0.24037037245242365,-0.06681574136018753,0.06681574136018753,0.267887359627173,-0.267887359627173,0,0,0,0,0,0,0,0,0,0,0,0,0,0,0,0,0,0,0,0,0,0,0,0,1,0,0,0,0,0,0,0,0,1,0,0,0,0,0,0,0,0,0,0,0,1,0,0,0,0,0,00-0020245,M.Vick,2,00-0025549,B.Celek,2,NA,NA,NA,NA,NA,NA,NA,NA,NA,NA,NA,NA,NA,NA,NA,NA,NA,NA,NA,NA,NA,NA,NA,NA,NA,NA,NA,NA,NA,NA,NA,NA,NA,NA,NA,NA,NA,NA,NA,NA,NA,NA,NA,NA,NA,ARI,NA,00-0019104,NA,P.Lenon,NA,NA,NA,NA,NA,NA,NA,NA,NA,NA,NA,NA,NA,0,NA,NA,NA,NA,NA,NA,NA,NA,NA,NA,NA,NA,NA,NA,NA,NA,NA,NA,NA,NA,NA,NA,NA,NA,NA,NA,NA,NA,NA,NA,NA,0,NA,NA,NA,NA,0,NA,NA,0,0,0,0,NA,NA,2012,0.8484841585159302,15.151584148406982,23,1,First down,1897,"9/23/12, 16:05:33",2012-09-23T21:29:19Z,State Farm Stadium,"Temp: ° F, Wind: mph",10012012-0923-0983-16fc-87e5113fe1b7,0,0,PASS,0,NA,NA,NA,12,Opp touchdown,2012-09-23T21:25:21Z,11,2:26,4,1,1,2,2,0,PUNT,FUMBLE,02:26,00:00,PHI 20,ARI 1,1804,2090,6,27,Home,21,33,-3,42.5,0,closed,grass,NA,NA,Ken Whisenhunt,Andy Reid,PHO00,University of Phoenix Stadium,0,0,M.Vick,7,NA,NA,B.Celek,87,1,0,0,0,1,00-0020245,NA,00-0025549,M.Vick,7,00-0020245,B.Celek,00-0025549,B.Celek,00-0025549,0,0,-0.30469547759275883,0.8365868731123445,9.078992391994689,7,0.6442501778365113,0.24320585752138868,0.9203310608863831,7.966893911361694,2012,Go for it,NA,NA,NA,NA,NA,NA,NA,NA,NA,NA,Toss Up,Go for it,Andy Reid,Ken Whisenhunt,1:44,NA,NA,NA,NA,NA,NA,NA,NA,NA,NA
1921,2012_03_PHI_ARI,2012092309,ARI,PHI,REG,3,PHI,away,ARI,ARI,48,2012-09-23,73,73,1873,Half1,0,12,0,2,2,0,01:13,ARI 48,8,73,(1:13) (Shotgun) 7-M.Vick pass short right to 81-J.Avant to ARI 35 for 13 yards (58-D.Washington).,pass,13,1,0,1,0,0,0,short,right,13,0,NA,NA,NA,NA,NA,NA,3,2,0,NA,NA,NA,NA,2,3,17,0,0,17,-17,0,17,-17,0.44938594102859497,0.04520624503493309,5.08396013174206e-4,0.03748662397265434,0.2735618054866791,9.28648398257792e-4,0.19292235374450684,0,0,1.7739572945283726,0.946599222777877,16.154097976054004,-16.154097976054004,-4.38342221500352,4.38342221500352,15.078448318368071,-15.078448318368071,0.946599222777877,0,0.946599222777877,0,0.35503598127979785,-0.35503598127979785,8.399566103238612,-8.399566103238612,-9.360463407181669,9.360463407181669,20.139238840609323,-20.139238840609323,0.07474576681852341,0.9252542331814766,0.9252542331814766,0.07474576681852341,0.01057431846857071,0.02315729856491089,-0.02315729856491089,0.9146799147129059,0.08532008528709412,0.15688224136829376,0.8431177586317062,-0.05638284981250763,0.05638284981250763,0.2595691440185762,-0.2595691440185762,0.01057431846857071,0,0.01057431846857071,0,-0.07739005982875824,0.07739005982875824,0.24037037245242365,-0.24037037245242365,-0.07739005982875824,0.07739005982875824,0.267887359627173,-0.267887359627173,0,0,1,0,0,0,0,0,0,0,0,0,0,0,0,0,0,0,0,0,0,0,0,0,1,0,0,0,0,0,0,0,0,1,0,0,0,0,0,0,0,0,0,0,0,1,0,0,0,0,0,00-0020245,M.Vick,13,00-0024324,J.Avant,13,NA,NA,NA,NA,NA,NA,NA,NA,NA,NA,NA,NA,NA,NA,NA,NA,NA,NA,NA,NA,NA,NA,NA,NA,NA,NA,NA,NA,NA,NA,NA,NA,NA,NA,NA,NA,NA,NA,NA,NA,NA,NA,NA,NA,NA,ARI,NA,00-0027886,NA,D.Washington,NA,NA,NA,NA,NA,NA,NA,NA,NA,NA,NA,NA,NA,0,NA,NA,NA,NA,NA,NA,NA,NA,NA,NA,NA,NA,NA,NA,NA,NA,NA,NA,NA,NA,NA,NA,NA,NA,NA,NA,NA,NA,NA,NA,NA,0,NA,NA,NA,NA,0,NA,NA,0,0,0,0,NA,NA,2012,0.5963380336761475,40.366196632385254,23,1,First down,1921,"9/23/12, 16:05:33",2012-09-23T21:29:50Z,State Farm Stadium,"Temp: ° F, Wind: mph",10012012-0923-0983-16fc-87e5113fe1b7,0,0,PASS,0,NA,NA,NA,12,Opp touchdown,2012-09-23T21:25:21Z,11,2:26,4,1,1,2,2,0,PUNT,FUMBLE,02:26,00:00,PHI 20,ARI 1,1804,2090,6,27,Home,21,33,-3,42.5,0,closed,grass,NA,NA,Ken Whisenhunt,Andy Reid,PHO00,University of Phoenix Stadium,0,1,M.Vick,7,NA,NA,J.Avant,81,1,0,1,0,1,00-0020245,NA,00-0024324,M.Vick,7,00-0020245,J.Avant,00-0024324,J.Avant,00-0024324,0,0,0.946599222777877,0.46234091498670415,3.387981393490918,1,1,1,0.9555603265762329,4.443967342376709,2012,Go for it,NA,NA,NA,NA,NA,NA,NA,NA,NA,NA,Toss Up,Go for it,Andy Reid,Ken Whisenhunt,1:13,NA,NA,NA,NA,NA,NA,NA,NA,NA,NA
1945,2012_03_PHI_ARI,2012092309,ARI,PHI,REG,3,PHI,away,ARI,ARI,35,2012-09-23,41,41,1841,Half1,0,12,0,2,1,0,00:41,ARI 35,10,73,(:41) (Shotgun) 7-M.Vick pass incomplete deep right to 13-D.Johnson.,pass,0,1,0,1,0,0,0,deep,right,35,NA,NA,NA,NA,NA,NA,NA,3,2,0,NA,NA,NA,NA,2,3,17,0,0,17,-17,0,17,-17,0.30737850069999695,0.020507773384451866,3.034907567780465e-4,0.017434416338801384,0.41855713725090027,3.348247264511883e-4,0.2354838103055954,0,0,2.7205565173062496,-0.22020379005698487,16.37430176611099,-16.37430176611099,-4.38342221500352,4.38342221500352,15.298652108425056,-15.298652108425056,4.27944348269375,-4.499647272750735,0,0,0.35503598127979785,-0.35503598127979785,8.399566103238612,-8.399566103238612,-13.63990688987542,13.63990688987542,24.63888611336006,-24.63888611336006,0.08532008528709412,0.9146799147129059,0.9146799147129059,0.08532008528709412,-0.005085982382297516,-0.01515062153339386,0.01515062153339386,0.9197658970952034,0.0802341029047966,0.18003953993320465,0.8199604600667953,-0.05638284981250763,0.05638284981250763,0.26465512640087374,-0.26465512640087374,0,-0.005085982382297516,0,0,-0.07739005982875824,0.07739005982875824,0.24037037245242365,-0.24037037245242365,-0.07739005982875824,0.07739005982875824,0.27297334200947054,-0.27297334200947054,0,0,0,0,0,0,0,0,1,0,0,0,0,0,0,0,0,0,0,0,0,0,0,0,0,0,0,0,0,0,0,0,0,1,0,0,0,0,0,0,0,0,0,0,0,0,0,0,0,0,0,00-0020245,M.Vick,NA,00-0029435,D.Johnson,NA,NA,NA,NA,NA,NA,NA,NA,NA,NA,NA,NA,NA,NA,NA,NA,NA,NA,NA,NA,NA,NA,NA,NA,NA,NA,NA,NA,NA,NA,NA,NA,NA,NA,NA,NA,NA,NA,NA,NA,NA,NA,NA,NA,NA,NA,NA,NA,NA,NA,NA,NA,NA,NA,NA,NA,NA,NA,NA,NA,NA,NA,NA,NA,0,NA,NA,NA,NA,NA,NA,NA,NA,NA,NA,NA,NA,NA,NA,NA,NA,NA,NA,NA,NA,NA,NA,NA,NA,NA,NA,NA,NA,NA,NA,NA,0,NA,NA,NA,NA,0,NA,NA,0,0,0,0,NA,NA,2012,0.28492432832717896,-28.492432832717896,24,1,First down,1945,"9/23/12, 16:05:33",2012-09-23T21:30:22Z,State Farm Stadium,"Temp: ° F, Wind: mph",10012012-0923-0983-16fc-87e5113fe1b7,0,0,PASS,0,NA,NA,NA,12,Opp touchdown,2012-09-23T21:25:21Z,11,2:26,4,1,1,2,2,0,PUNT,FUMBLE,02:26,00:00,PHI 20,ARI 1,1804,2090,6,27,Home,21,33,-3,42.5,0,closed,grass,NA,NA,Ken Whisenhunt,Andy Reid,PHO00,University of Phoenix Stadium,0,0,M.Vick,7,NA,NA,D.Johnson,13,1,0,0,0,1,00-0020245,NA,00-0029435,M.Vick,7,00-0020245,D.Johnson,00-0029435,D.Johnson,00-0029435,0,0,-0.22020379005698487,NA,NA,NA,NA,NA,0.9363352656364441,6.366473436355591,2012,Go for it,NA,NA,NA,NA,NA,NA,NA,NA,NA,NA,Toss Up,Go for it,Andy Reid,Ken Whisenhunt,0:41,NA,NA,NA,NA,NA,NA,NA,NA,NA,NA
1967,2012_03_PHI_ARI,2012092309,ARI,PHI,REG,3,PHI,away,ARI,ARI,35,2012-09-23,35,35,1835,Half1,0,12,0,2,2,0,00:35,ARI 35,10,73,(:35) (Shotgun) 7-M.Vick scrambles up the middle to ARI 15 for 20 yards (58-D.Washington).,run,20,1,0,1,0,0,1,NA,NA,NA,NA,middle,NA,NA,NA,NA,NA,3,2,0,NA,NA,NA,NA,2,3,17,0,0,17,-17,0,17,-17,0.32947638630867004,0.02127496711909771,3.180965723004192e-4,0.016279274597764015,0.43701738119125366,3.441372828092426e-4,0.1952897608280182,0,0,2.5003527272492647,1.5375285405898467,14.83677322552114,-14.83677322552114,-5.920950755593367,5.920950755593367,15.298652108425056,-15.298652108425056,NA,NA,0,0,0.35503598127979785,-0.35503598127979785,8.399566103238612,-8.399566103238612,-13.63990688987542,13.63990688987542,24.63888611336006,-24.63888611336006,0.0802341029047966,0.9197658970952034,0.9197658970952034,0.0802341029047966,0.006793461740016937,0.03726418316364288,-0.03726418316364288,0.9129724353551865,0.08702756464481354,0.1648889183998108,0.8351110816001892,-0.06317631155252457,0.06317631155252457,0.26465512640087374,-0.26465512640087374,NA,NA,0,0,-0.07739005982875824,0.07739005982875824,0.24037037245242365,-0.24037037245242365,-0.07739005982875824,0.07739005982875824,0.27297334200947054,-0.27297334200947054,0,1,0,0,0,0,0,0,0,0,0,0,0,0,0,0,0,0,0,0,0,0,0,0,1,0,0,0,0,0,0,0,1,0,0,0,0,0,0,0,0,0,0,0,0,0,0,0,0,0,0,NA,NA,NA,NA,NA,NA,00-0020245,M.Vick,20,NA,NA,NA,NA,NA,NA,NA,NA,NA,NA,NA,NA,NA,NA,NA,NA,NA,NA,NA,NA,NA,NA,NA,NA,NA,NA,NA,NA,NA,NA,NA,NA,NA,NA,NA,NA,NA,NA,NA,NA,NA,NA,ARI,NA,00-0027886,NA,D.Washington,NA,NA,NA,NA,NA,NA,NA,NA,NA,NA,NA,NA,NA,0,NA,NA,NA,NA,NA,NA,NA,NA,NA,NA,NA,NA,NA,NA,NA,NA,NA,NA,NA,NA,NA,NA,NA,NA,NA,NA,NA,NA,NA,NA,NA,0,NA,NA,NA,NA,0,NA,NA,0,0,0,0,NA,NA,2012,NA,NA,24,1,First down,1967,"9/23/12, 16:05:33",2012-09-23T21:31:06Z,State Farm Stadium,"Temp: ° F, Wind: mph",10012012-0923-0983-16fc-87e5113fe1b7,0,0,RUSH,0,NA,NA,NA,12,Opp touchdown,2012-09-23T21:25:21Z,11,2:26,4,1,1,2,2,0,PUNT,FUMBLE,02:26,00:00,PHI 20,ARI 1,1804,2090,6,27,Home,21,33,-3,42.5,0,closed,grass,NA,NA,Ken Whisenhunt,Andy Reid,PHO00,University of Phoenix Stadium,0,1,M.Vick,7,NA,7,NA,NA,1,0,1,0,1,00-0020245,NA,NA,M.Vick,7,00-0020245,M.Vick,00-0020245,M.Vick,00-0020245,0,0,1.5375285405898467,NA,NA,NA,NA,NA,0.9524438381195068,4.755616188049316,2012,Go for it,NA,NA,NA,NA,NA,NA,NA,NA,NA,NA,Toss Up,Go for it,Andy Reid,Ken Whisenhunt,0:35,NA,NA,NA,NA,NA,NA,NA,NA,NA,NA
1988,2012_03_PHI_ARI,2012092309,ARI,PHI,REG,3,NA,NA,NA,NA,NA,2012-09-23,24,24,1824,Half1,0,12,0,2,NA,0,00:24,ARI 15,0,73,Timeout #2 by PHI at 00:24.,no_play,0,0,0,0,0,0,0,NA,NA,NA,NA,NA,NA,NA,NA,NA,NA,3,1,1,PHI,NA,NA,NA,NA,NA,17,0,NA,NA,NA,NA,NA,NA,0,0,0,0,0,0,0,0,0,4.037881267839111,-0,14.83677322552114,-14.83677322552114,-5.920950755593367,5.920950755593367,15.298652108425056,-15.298652108425056,NA,NA,0,0,0.35503598127979785,-0.35503598127979785,8.399566103238612,-8.399566103238612,-13.63990688987542,13.63990688987542,24.63888611336006,-24.63888611336006,0.08702756464481354,0.9129724353551865,0.9129724353551865,0.08702756464481354,-0,-0,0,NA,NA,0.20215310156345367,0.7978468984365463,-0.06317631155252457,0.06317631155252457,0.26465512640087374,-0.26465512640087374,NA,NA,0,0,-0.07739005982875824,0.07739005982875824,0.24037037245242365,-0.24037037245242365,-0.07739005982875824,0.07739005982875824,0.27297334200947054,-0.27297334200947054,0,0,0,0,0,0,0,0,0,0,0,0,0,0,0,0,0,0,0,0,0,0,0,0,0,0,0,0,0,0,0,0,0,0,0,0,0,0,0,0,0,0,0,0,0,0,0,0,0,0,0,NA,NA,NA,NA,NA,NA,NA,NA,NA,NA,NA,NA,NA,NA,NA,NA,NA,NA,NA,NA,NA,NA,NA,NA,NA,NA,NA,NA,NA,NA,NA,NA,NA,NA,NA,NA,NA,NA,NA,NA,NA,NA,NA,NA,NA,NA,NA,NA,NA,NA,NA,NA,NA,NA,NA,NA,NA,NA,NA,NA,NA,NA,NA,NA,NA,NA,NA,NA,NA,0,NA,NA,NA,NA,NA,NA,NA,NA,NA,NA,NA,NA,NA,NA,NA,NA,NA,NA,NA,NA,NA,NA,NA,NA,NA,NA,NA,NA,NA,NA,NA,0,NA,NA,NA,NA,0,NA,NA,0,0,0,0,NA,NA,2012,NA,NA,25,1,First down,1988,"9/23/12, 16:05:33",2012-09-23T21:31:43Z,State Farm Stadium,"Temp: ° F, Wind: mph",10012012-0923-0983-16fc-87e5113fe1b7,0,0,TIMEOUT,0,NA,NA,NA,12,Opp touchdown,2012-09-23T21:25:21Z,11,2:26,4,1,1,2,2,0,PUNT,FUMBLE,02:26,00:00,PHI 20,ARI 1,1804,2090,6,27,Home,21,33,-3,42.5,0,closed,grass,NA,NA,Ken Whisenhunt,Andy Reid,PHO00,University of Phoenix Stadium,0,0,NA,NA,NA,NA,NA,NA,0,0,0,0,0,NA,NA,NA,NA,NA,NA,NA,NA,NA,NA,0,0,-0,NA,NA,NA,NA,NA,NA,NA,2012,Other,NA,NA,NA,NA,NA,NA,NA,NA,NA,NA,Toss Up,Other,Andy Reid,Ken Whisenhunt,0:24,NA,NA,NA,NA,NA,NA,NA,NA,NA,NA
2005,2012_03_PHI_ARI,2012092309,ARI,PHI,REG,3,PHI,away,ARI,ARI,15,2012-09-23,24,24,1824,Half1,0,12,0,2,1,0,00:24,ARI 15,10,73,(:24) 7-M.Vick pass short left to 10-D.Jackson to ARI 1 for 14 yards (25-K.Rhodes).,pass,14,0,0,1,0,0,0,short,left,14,0,NA,NA,NA,NA,NA,NA,3,1,0,NA,NA,NA,NA,1,3,17,0,0,17,-17,0,17,-17,0.18471823632717133,0.004606191534548998,2.9810582054778934e-4,0.007848808541893959,0.3772333264350891,3.0585494823753834e-4,0.4249894320964813,0,0,4.037881267839111,1.0496805828879587,13.787092642633182,-13.787092642633182,-5.920950755593367,5.920950755593367,14.248971525537097,-14.248971525537097,1.0496805828879587,0,1.0496805828879587,0,-0.6946446016081609,0.6946446016081609,8.399566103238612,-8.399566103238612,-14.689587472763378,14.689587472763378,24.63888611336006,-24.63888611336006,0.08702756464481354,0.9129724353551865,0.9129724353551865,0.08702756464481354,0.020515061914920807,0.03192232549190521,-0.03192232549190521,0.8924573734402657,0.10754262655973434,0.20215310156345367,0.7978468984365463,-0.06317631155252457,0.06317631155252457,0.24414006448595293,-0.24414006448595293,0.020515061914920807,0,0.020515061914920807,0,-0.09790512174367905,0.09790512174367905,0.24037037245242365,-0.24037037245242365,-0.09790512174367905,0.09790512174367905,0.27297334200947054,-0.27297334200947054,0,0,1,0,0,0,0,0,0,0,0,0,0,0,0,0,0,0,0,0,0,0,0,0,1,0,0,0,0,0,0,0,0,1,0,0,0,0,0,0,0,0,0,0,0,1,0,0,0,0,0,00-0020245,M.Vick,14,00-0026189,D.Jackson,14,NA,NA,NA,NA,NA,NA,NA,NA,NA,NA,NA,NA,NA,NA,NA,NA,NA,NA,NA,NA,NA,NA,NA,NA,NA,NA,NA,NA,NA,NA,NA,NA,NA,NA,NA,NA,NA,NA,NA,NA,NA,NA,NA,NA,NA,ARI,NA,00-0023557,NA,K.Rhodes,NA,NA,NA,NA,NA,NA,NA,NA,NA,NA,NA,NA,NA,0,NA,NA,NA,NA,NA,NA,NA,NA,NA,NA,NA,NA,NA,NA,NA,NA,NA,NA,NA,NA,NA,NA,NA,NA,NA,NA,NA,NA,NA,NA,NA,0,NA,NA,NA,NA,0,NA,NA,0,0,0,0,NA,NA,2012,0.33527126908302307,66.47287309169769,25,1,First down,2005,"9/23/12, 16:05:33",2012-09-23T21:32:30Z,State Farm Stadium,"Temp: ° F, Wind: mph",10012012-0923-0983-16fc-87e5113fe1b7,0,0,PASS,0,NA,NA,NA,12,Opp touchdown,2012-09-23T21:25:21Z,11,2:26,4,1,1,2,2,0,PUNT,FUMBLE,02:26,00:00,PHI 20,ARI 1,1804,2090,6,27,Home,21,33,-3,42.5,0,closed,grass,NA,NA,Ken Whisenhunt,Andy Reid,PHO00,University of Phoenix Stadium,0,1,M.Vick,7,NA,NA,D.Jackson,10,1,0,1,0,1,00-0020245,NA,00-0026189,M.Vick,7,00-0020245,D.Jackson,00-0026189,D.Jackson,00-0026189,0,0,1.0496805828879587,1.533183304355318,0.7225840178725775,1,1,0.9992627821629867,0.9581181406974792,4.188185930252075,2012,Go for it,NA,NA,NA,NA,NA,NA,NA,NA,NA,NA,Toss Up,Go for it,Andy Reid,Ken Whisenhunt,0:24,NA,NA,NA,NA,NA,NA,NA,NA,NA,NA
2029,2012_03_PHI_ARI,2012092309,ARI,PHI,REG,3,NA,NA,NA,NA,NA,2012-09-23,16,16,1816,Half1,0,12,0,2,NA,0,00:16,ARI 1,0,73,Timeout #3 by PHI at 00:16.,no_play,0,0,0,0,0,0,0,NA,NA,NA,NA,NA,NA,NA,NA,NA,NA,3,0,1,PHI,NA,NA,NA,NA,NA,17,0,NA,NA,NA,NA,NA,NA,0,0,0,0,0,0,0,0,0,5.08756185072707,-0,13.787092642633182,-13.787092642633182,-5.920950755593367,5.920950755593367,14.248971525537097,-14.248971525537097,NA,NA,0,0,-0.6946446016081609,0.6946446016081609,8.399566103238612,-8.399566103238612,-14.689587472763378,14.689587472763378,24.63888611336006,-24.63888611336006,0.10754262655973434,0.8924573734402657,0.8924573734402657,0.10754262655973434,-0,-0,0,NA,NA,0.2340754270553589,0.7659245729446411,-0.06317631155252457,0.06317631155252457,0.24414006448595293,-0.24414006448595293,NA,NA,0,0,-0.09790512174367905,0.09790512174367905,0.24037037245242365,-0.24037037245242365,-0.09790512174367905,0.09790512174367905,0.27297334200947054,-0.27297334200947054,0,0,0,0,0,0,0,0,0,0,0,0,0,0,0,0,0,0,0,0,0,0,0,0,0,0,0,0,0,0,0,0,0,0,0,0,0,0,0,0,0,0,0,0,0,0,0,0,0,0,0,NA,NA,NA,NA,NA,NA,NA,NA,NA,NA,NA,NA,NA,NA,NA,NA,NA,NA,NA,NA,NA,NA,NA,NA,NA,NA,NA,NA,NA,NA,NA,NA,NA,NA,NA,NA,NA,NA,NA,NA,NA,NA,NA,NA,NA,NA,NA,NA,NA,NA,NA,NA,NA,NA,NA,NA,NA,NA,NA,NA,NA,NA,NA,NA,NA,NA,NA,NA,NA,0,NA,NA,NA,NA,NA,NA,NA,NA,NA,NA,NA,NA,NA,NA,NA,NA,NA,NA,NA,NA,NA,NA,NA,NA,NA,NA,NA,NA,NA,NA,NA,0,NA,NA,NA,NA,0,NA,NA,0,0,0,0,NA,NA,2012,NA,NA,26,0,Opp touchdown,2029,"9/23/12, 16:05:33",2012-09-23T21:33:11Z,State Farm Stadium,"Temp: ° F, Wind: mph",10012012-0923-0983-16fc-87e5113fe1b7,0,0,TIMEOUT,0,NA,NA,NA,12,Opp touchdown,2012-09-23T21:25:21Z,11,2:26,4,1,1,2,2,0,PUNT,FUMBLE,02:26,00:00,PHI 20,ARI 1,1804,2090,6,27,Home,21,33,-3,42.5,0,closed,grass,NA,NA,Ken Whisenhunt,Andy Reid,PHO00,University of Phoenix Stadium,0,0,NA,NA,NA,NA,NA,NA,0,0,0,0,0,NA,NA,NA,NA,NA,NA,NA,NA,NA,NA,0,0,-0,NA,NA,NA,NA,NA,NA,NA,2012,Other,NA,NA,NA,NA,NA,NA,NA,NA,NA,NA,Toss Up,Other,Andy Reid,Ken Whisenhunt,0:16,NA,NA,NA,NA,NA,NA,NA,NA,NA,NA
2046,2012_03_PHI_ARI,2012092309,ARI,PHI,REG,3,PHI,away,ARI,ARI,1,2012-09-23,16,16,1816,Half1,0,12,0,2,1,1,00:16,ARI 1,1,73,(:16) 7-M.Vick pass incomplete short left to 10-D.Jackson.,pass,0,0,0,1,0,0,0,short,left,1,NA,NA,NA,NA,NA,NA,NA,3,0,0,NA,NA,NA,NA,0,3,17,0,0,17,-17,0,17,-17,0.1447175145149231,0.0015466619515791535,2.751158026512712e-4,0.01625296287238598,0.16252924501895905,7.628504536114633e-4,0.6739156246185303,0,0,5.08756185072707,-0.7762931865290739,14.563385829162256,-14.563385829162256,-5.920950755593367,5.920950755593367,15.025264712066171,-15.025264712066171,1.9124381492729299,-2.6887313358020037,0,0,-0.6946446016081609,0.6946446016081609,8.399566103238612,-8.399566103238612,-16.602025622036308,16.602025622036308,27.327617449162062,-27.327617449162062,0.10754262655973434,0.8924573734402657,0.8924573734402657,0.10754262655973434,-0.0031487643718719482,3.2657384872436523e-4,-3.2657384872436523e-4,0.8956061378121376,0.1043938621878624,0.2340754270553589,0.7659245729446411,-0.06317631155252457,0.06317631155252457,0.24728882885782488,-0.24728882885782488,0,-0.0031487643718719482,0,0,-0.09790512174367905,0.09790512174367905,0.24037037245242365,-0.24037037245242365,-0.09790512174367905,0.09790512174367905,0.2761221063813425,-0.2761221063813425,0,0,0,0,0,0,0,0,1,0,0,0,0,0,0,0,0,0,0,0,0,0,0,0,0,0,0,0,0,0,0,0,0,1,0,0,0,0,0,0,0,0,0,0,0,0,0,0,0,0,0,00-0020245,M.Vick,NA,00-0026189,D.Jackson,NA,NA,NA,NA,NA,NA,NA,NA,NA,NA,NA,NA,NA,NA,NA,NA,NA,NA,NA,NA,NA,NA,NA,NA,NA,NA,NA,NA,NA,NA,NA,NA,NA,NA,NA,NA,NA,NA,NA,NA,NA,NA,NA,NA,NA,NA,NA,NA,NA,NA,NA,NA,NA,NA,NA,NA,NA,NA,NA,NA,NA,NA,NA,NA,0,NA,NA,NA,NA,NA,NA,NA,NA,NA,NA,NA,NA,NA,NA,NA,NA,NA,NA,NA,NA,NA,NA,NA,NA,NA,NA,NA,NA,NA,NA,NA,0,NA,NA,NA,NA,0,NA,NA,0,0,0,0,NA,NA,2012,0.5348324179649353,-53.48324179649353,26,0,Opp touchdown,2046,"9/23/12, 16:05:33",2012-09-23T21:33:34Z,State Farm Stadium,"Temp: ° F, Wind: mph",10012012-0923-0983-16fc-87e5113fe1b7,0,0,PASS,0,NA,NA,NA,12,Opp touchdown,2012-09-23T21:25:21Z,11,2:26,4,1,1,2,2,0,PUNT,FUMBLE,02:26,00:00,PHI 20,ARI 1,1804,2090,6,27,Home,21,33,-3,42.5,0,closed,grass,NA,NA,Ken Whisenhunt,Andy Reid,PHO00,University of Phoenix Stadium,0,0,M.Vick,7,NA,NA,D.Jackson,10,1,0,0,0,1,00-0020245,NA,00-0026189,M.Vick,7,00-0020245,D.Jackson,00-0026189,D.Jackson,00-0026189,0,0,-0.7762931865290739,NA,NA,NA,NA,NA,0.7912500500679016,20.87499499320984,2012,Go for it,NA,NA,NA,NA,NA,NA,NA,NA,NA,NA,Toss Up,Go for it,Andy Reid,Ken Whisenhunt,0:16,NA,NA,NA,NA,NA,NA,NA,NA,NA,NA
2068,2012_03_PHI_ARI,2012092309,ARI,PHI,REG,3,PHI,away,ARI,ARI,1,2012-09-23,11,11,1811,Half1,0,12,0,2,2,1,00:11,ARI 1,1,73,(:11) 7-M.Vick pass incomplete short right to 10-D.Jackson [54-Q.Groves].,pass,0,0,0,1,0,0,0,short,right,1,NA,NA,NA,NA,NA,NA,NA,3,0,0,NA,NA,NA,NA,0,3,17,0,0,17,-17,0,17,-17,0.18697217106819153,0.0013392952969297767,3.250411828048527e-4,0.01929178647696972,0.2718890607357025,0.0011933417990803719,0.5189893245697021,0,0,4.311268664197996,-0.6406039995490573,15.203989828711313,-15.203989828711313,-5.920950755593367,5.920950755593367,15.665868711615229,-15.665868711615229,2.6887313358020037,-3.329335335351061,0,0,-0.6946446016081609,0.6946446016081609,8.399566103238612,-8.399566103238612,-19.290756957838312,19.290756957838312,30.656952784513123,-30.656952784513123,0.1043938621878624,0.8956061378121376,0.8956061378121376,0.1043938621878624,-0.0039450377225875854,-0.05840998888015747,0.05840998888015747,0.8995511755347252,0.10044882446527481,0.23440200090408325,0.7655979990959167,-0.06317631155252457,0.06317631155252457,0.25123386658041247,-0.25123386658041247,0,-0.0039450377225875854,0,0,-0.09790512174367905,0.09790512174367905,0.24037037245242365,-0.24037037245242365,-0.09790512174367905,0.09790512174367905,0.2800671441039301,-0.2800671441039301,0,0,0,0,0,0,0,0,1,0,0,0,0,0,0,0,0,0,0,0,0,0,0,0,0,0,0,0,0,0,0,1,0,1,0,0,0,0,0,0,0,0,0,0,0,0,0,0,0,0,0,00-0020245,M.Vick,NA,00-0026189,D.Jackson,NA,NA,NA,NA,NA,NA,NA,NA,NA,NA,NA,NA,NA,NA,NA,NA,NA,NA,NA,NA,NA,NA,NA,NA,NA,NA,NA,NA,NA,NA,NA,NA,NA,NA,NA,NA,00-0026192,Q.Groves,NA,NA,NA,NA,NA,NA,NA,NA,NA,NA,NA,NA,NA,NA,NA,NA,NA,NA,NA,NA,NA,NA,NA,NA,NA,NA,0,NA,NA,NA,NA,NA,NA,NA,NA,NA,NA,NA,NA,NA,NA,NA,NA,NA,NA,NA,NA,NA,NA,NA,NA,NA,NA,NA,NA,NA,NA,NA,0,NA,NA,NA,NA,0,NA,NA,0,0,0,0,NA,NA,2012,0.3062414824962616,-30.62414824962616,26,0,Opp touchdown,2068,"9/23/12, 16:05:33",2012-09-23T21:34:17Z,State Farm Stadium,"Temp: ° F, Wind: mph",10012012-0923-0983-16fc-87e5113fe1b7,0,0,PASS,0,NA,NA,NA,12,Opp touchdown,2012-09-23T21:25:21Z,11,2:26,4,1,1,2,2,0,PUNT,FUMBLE,02:26,00:00,PHI 20,ARI 1,1804,2090,6,27,Home,21,33,-3,42.5,0,closed,grass,NA,NA,Ken Whisenhunt,Andy Reid,PHO00,University of Phoenix Stadium,0,0,M.Vick,7,NA,NA,D.Jackson,10,1,0,0,0,1,00-0020245,NA,00-0026189,M.Vick,7,00-0020245,D.Jackson,00-0026189,D.Jackson,00-0026189,0,0,-0.6406039995490573,NA,NA,NA,NA,NA,0.8153839111328125,18.46160888671875,2012,Go for it,NA,NA,NA,NA,NA,NA,NA,NA,NA,NA,Toss Up,Go for it,Andy Reid,Ken Whisenhunt,0:11,NA,NA,NA,NA,NA,NA,NA,NA,NA,NA
2090,2012_03_PHI_ARI,2012092309,ARI,PHI,REG,3,PHI,away,ARI,ARI,1,2012-09-23,6,6,1806,Half1,0,12,1,2,3,1,00:06,ARI 1,1,73,"(:06) 7-M.Vick sacked at ARI 7 for -6 yards (25-K.Rhodes). FUMBLES (25-K.Rhodes) [25-K.Rhodes], RECOVERED by ARI-39-J.Sanders at ARI 7. 39-J.Sanders for 93 yards, TOUCHDOWN.",pass,-6,0,0,1,0,0,0,NA,NA,NA,NA,NA,NA,NA,NA,NA,NA,3,0,0,NA,ARI,J.Sanders,00-0023567,0,3,23,0,0,17,-17,0,23,-23,0.19883376359939575,0.0012775002978742123,3.4247557050548494e-4,0.022153764963150024,0.4013926088809967,0.001183694927021861,0.3748161792755127,0,0,3.670664664648939,-10.670664664648939,25.874654493360254,-25.874654493360254,-5.920950755593367,5.920950755593367,26.336533376264168,-26.336533376264168,NA,NA,0,0,-0.6946446016081609,0.6946446016081609,8.399566103238612,-8.399566103238612,-19.290756957838312,19.290756957838312,30.656952784513123,-30.656952784513123,0.10044882446527481,0.8995511755347252,0.8995511755347252,0.10044882446527481,-0.08429225156207765,-0.157819473468359,0.157819473468359,0.9838434270968028,0.016156572903197164,0.17599201202392578,0.8240079879760742,-0.06317631155252457,0.06317631155252457,0.3355261181424901,-0.3355261181424901,NA,NA,0,0,-0.09790512174367905,0.09790512174367905,0.24037037245242365,-0.24037037245242365,-0.09790512174367905,0.09790512174367905,0.2800671441039301,-0.2800671441039301,0,0,0,0,0,1,0,0,0,0,0,0,0,0,0,0,0,0,0,0,0,1,0,0,1,0,0,0,1,0,0,1,0,1,1,1,0,0,1,0,0,0,0,0,1,0,0,0,0,0,0,00-0020245,M.Vick,NA,NA,NA,NA,NA,NA,NA,NA,NA,NA,NA,NA,NA,NA,NA,NA,NA,NA,NA,NA,NA,NA,NA,NA,NA,NA,NA,NA,NA,NA,NA,NA,NA,NA,NA,NA,NA,NA,NA,00-0023557,K.Rhodes,NA,NA,ARI,00-0023557,K.Rhodes,NA,NA,NA,ARI,NA,00-0023557,NA,K.Rhodes,NA,NA,NA,NA,NA,NA,NA,NA,NA,NA,NA,NA,NA,0,NA,NA,NA,NA,NA,NA,NA,NA,NA,NA,PHI,00-0020245,M.Vick,NA,NA,NA,ARI,93,00-0023567,J.Sanders,NA,NA,NA,NA,00-0023557,K.Rhodes,NA,NA,NA,NA,NA,0,NA,NA,NA,NA,0,NA,NA,0,0,0,0,NA,NA,2012,NA,NA,26,0,Opp touchdown,2090,"9/23/12, 16:05:33",2012-09-23T21:35:01Z,State Farm Stadium,"Temp: ° F, Wind: mph",10012012-0923-0983-16fc-87e5113fe1b7,0,0,SACK,0,NA,NA,NA,12,Opp touchdown,2012-09-23T21:25:21Z,11,2:26,4,1,1,2,2,0,PUNT,FUMBLE,02:26,00:00,PHI 20,ARI 1,1804,2090,6,27,Home,21,33,-3,42.5,0,closed,grass,NA,NA,Ken Whisenhunt,Andy Reid,PHO00,University of Phoenix Stadium,0,0,M.Vick,7,NA,NA,NA,NA,1,0,0,0,1,00-0020245,NA,NA,M.Vick,7,00-0020245,NA,NA,NA,NA,0,0,-10.670664664648939,NA,NA,NA,NA,NA,0.8657144904136658,13.428550958633423,2012,Go for it,NA,NA,NA,NA,NA,NA,NA,NA,NA,NA,Toss Up,Go for it,Andy Reid,Ken Whisenhunt,0:06,NA,NA,NA,NA,NA,NA,NA,NA,NA,NA
2122,2012_03_PHI_ARI,2012092309,ARI,PHI,REG,3,ARI,home,PHI,PHI,2,2012-09-23,0,0,1800,Half1,0,NA,1,2,NA,0,00:00,PHI 2,0,NA,"3-J.Feely extra point is GOOD, Center-82-M.Leach, Holder-9-D.Zastudil. PENALTY on PHI-58-T.Cole, Unnecessary Roughness, 15 yards, enforced between downs. Enforced on third quarter kickoff.",extra_point,0,0,0,0,0,0,0,NA,NA,NA,NA,NA,NA,NA,20,good,NA,3,0,0,NA,NA,NA,NA,3,0,24,0,23,0,23,24,0,24,0,0,0,0,0,0,0,0.9693761136986161,0,0.9693761136986161,0.030623886301383907,25.905278379661635,-25.905278379661635,-5.920950755593367,5.920950755593367,26.336533376264168,-26.336533376264168,NA,NA,0,0,-0.6946446016081609,0.6946446016081609,8.399566103238612,-8.399566103238612,-19.290756957838312,19.290756957838312,30.656952784513123,-30.656952784513123,0.9838434270968028,0.016156572903197164,0.9838434270968028,0.016156572903197164,0.013115782345335836,0.010980046070520388,0.010980046070520388,0.9969592094421387,0.003040790557861328,0.9818274614444332,0.9818274614444332,-0.06317631155252457,0.06317631155252457,0.3355261181424901,-0.3355261181424901,NA,NA,0,0,-0.09790512174367905,0.09790512174367905,0.24037037245242365,-0.24037037245242365,-0.09790512174367905,0.09790512174367905,0.2800671441039301,-0.2800671441039301,0,0,0,0,0,0,0,0,0,0,0,0,0,0,0,0,0,0,0,0,0,0,0,0,0,0,1,0,0,0,0,0,0,0,0,0,0,0,0,1,0,0,0,0,0,0,0,0,0,0,0,NA,NA,NA,NA,NA,NA,NA,NA,NA,NA,NA,NA,NA,NA,NA,NA,NA,NA,NA,NA,NA,NA,NA,NA,NA,NA,NA,NA,NA,NA,NA,J.Feely,00-0019770,NA,NA,NA,NA,NA,NA,NA,NA,NA,NA,NA,NA,NA,NA,NA,NA,NA,NA,NA,NA,NA,NA,NA,NA,NA,NA,NA,NA,NA,NA,NA,NA,NA,NA,NA,NA,0,NA,NA,NA,NA,NA,NA,NA,NA,NA,NA,NA,NA,NA,NA,NA,NA,NA,NA,NA,NA,NA,NA,NA,NA,NA,NA,NA,NA,NA,NA,NA,0,PHI,00-0023579,T.Cole,15,0,NA,Unnecessary Roughness,0,0,0,0,NA,NA,2012,NA,NA,26,0,Opp touchdown,2122,"9/23/12, 16:05:33",NA,State Farm Stadium,"Temp: ° F, Wind: mph",10012012-0923-0983-16fc-87e5113fe1b7,0,0,XP_KICK,1,NA,NA,NA,12,Opp touchdown,NA,NA,NA,NA,NA,NA,NA,NA,NA,NA,NA,NA,NA,NA,NA,NA,NA,6,27,Home,21,33,-3,42.5,0,closed,grass,NA,NA,Ken Whisenhunt,Andy Reid,PHO00,University of Phoenix Stadium,0,1,NA,NA,NA,NA,NA,NA,0,0,0,1,0,NA,NA,NA,NA,NA,NA,NA,NA,NA,NA,0,0,0.030623886301383907,NA,NA,NA,NA,NA,NA,NA,2012,Other,NA,NA,NA,NA,NA,NA,NA,NA,NA,NA,Toss Up,Other (Penalty),Andy Reid,Ken Whisenhunt,0:00,NA,NA,NA,NA,NA,NA,NA,NA,NA,NA
2149,2012_03_PHI_ARI,2012092309,ARI,PHI,REG,3,NA,NA,NA,NA,NA,2012-09-23,0,0,1800,Half1,1,NA,0,2,NA,0,00:00,PHI 20,0,NA,END QUARTER 2,NA,NA,0,0,NA,0,0,0,NA,NA,NA,NA,NA,NA,NA,NA,NA,NA,3,0,NA,NA,NA,NA,NA,NA,NA,24,0,NA,NA,NA,NA,NA,NA,0,0,0,0,0,0,0,0,0,NA,NA,25.905278379661635,-25.905278379661635,-5.920950755593367,5.920950755593367,26.336533376264168,-26.336533376264168,NA,NA,NA,NA,-0.6946446016081609,0.6946446016081609,8.399566103238612,-8.399566103238612,-19.290756957838312,19.290756957838312,30.656952784513123,-30.656952784513123,0.9969592094421387,0.003040790557861328,0.9969592094421387,0.003040790557861328,0,0,0,NA,NA,0.9928075075149536,0.9928075075149536,-0.06317631155252457,0.06317631155252457,0.3355261181424901,-0.3355261181424901,NA,NA,NA,NA,-0.09790512174367905,0.09790512174367905,0.24037037245242365,-0.24037037245242365,-0.09790512174367905,0.09790512174367905,0.2800671441039301,-0.2800671441039301,NA,NA,NA,NA,NA,NA,NA,NA,NA,0,NA,NA,NA,NA,NA,NA,NA,NA,NA,NA,NA,NA,NA,NA,NA,NA,NA,NA,NA,NA,NA,NA,NA,NA,NA,NA,NA,NA,NA,NA,NA,NA,NA,NA,NA,NA,NA,NA,NA,NA,NA,NA,NA,NA,NA,NA,NA,NA,NA,NA,NA,NA,NA,NA,NA,NA,NA,NA,NA,NA,NA,NA,NA,NA,NA,NA,NA,NA,NA,NA,NA,NA,NA,NA,NA,NA,NA,NA,NA,NA,NA,NA,NA,NA,NA,NA,NA,NA,NA,NA,NA,NA,NA,NA,NA,NA,NA,NA,NA,NA,NA,NA,NA,NA,NA,NA,NA,NA,NA,NA,NA,NA,NA,NA,NA,NA,NA,NA,NA,NA,NA,NA,NA,NA,NA,NA,NA,NA,NA,NA,NA,NA,NA,NA,NA,NA,NA,NA,NA,NA,NA,NA,NA,NA,NA,NA,NA,0,NA,NA,NA,NA,NA,NA,NA,NA,2012,NA,NA,26,0,Opp touchdown,2149,"9/23/12, 16:05:33",NA,State Farm Stadium,"Temp: ° F, Wind: mph",10012012-0923-0983-16fc-87e5113fe1b7,0,0,END_QUARTER,0,NA,NA,NA,12,Opp touchdown,NA,NA,NA,NA,NA,NA,NA,NA,NA,NA,NA,NA,NA,NA,NA,NA,NA,6,27,Home,21,33,-3,42.5,0,closed,grass,NA,NA,Ken Whisenhunt,Andy Reid,PHO00,University of Phoenix Stadium,0,NA,NA,NA,NA,NA,NA,NA,0,0,NA,0,0,NA,NA,NA,NA,NA,NA,NA,NA,NA,NA,0,0,NA,NA,NA,NA,NA,NA,NA,NA,2012,Other,NA,NA,NA,NA,NA,NA,NA,NA,NA,NA,Toss Up,NA,Andy Reid,Ken Whisenhunt,0:00,NA,NA,NA,NA,NA,NA,NA,NA,NA,NA
2163,2012_03_PHI_ARI,2012092309,ARI,PHI,REG,3,ARI,home,PHI,PHI,20,2012-09-23,900,1800,1800,Half2,0,13,0,3,NA,0,15:00,PHI 20,0,28,6-A.Henery kicks 76 yards from PHI 20 to ARI 4. 36-L.Stephens-Howling to ARI 16 for 12 yards (34-B.Brown; 21-D.Sims).,kickoff,0,0,0,0,0,0,0,NA,NA,NA,NA,NA,NA,NA,76,NA,NA,3,3,0,NA,NA,NA,NA,3,3,24,0,24,0,24,24,0,24,0.0024405978620052338,0.17490644752979279,0.003397454274818301,0.24167363345623016,0.21386069059371948,0.0042814468033611774,0.3594397008419037,0,0,0.9429931859485805,-0.21260084444656968,25.692677535215065,-25.692677535215065,-5.920950755593367,5.920950755593367,26.336533376264168,-26.336533376264168,NA,NA,0,0,-0.6946446016081609,0.6946446016081609,8.399566103238612,-8.399566103238612,-19.290756957838312,19.290756957838312,30.656952784513123,-30.656952784513123,0.9969592094421387,0.003040790557861328,0.9969592094421387,0.003040790557861328,1.639723777770996e-4,-5.173087120056152e-4,-5.173087120056152e-4,0.9971231818199158,0.0028768181800842285,0.9928075075149536,0.9928075075149536,-0.06317631155252457,0.06317631155252457,0.3355261181424901,-0.3355261181424901,NA,NA,0,0,-0.09790512174367905,0.09790512174367905,0.24037037245242365,-0.24037037245242365,-0.09790512174367905,0.09790512174367905,0.2800671441039301,-0.2800671441039301,0,0,0,0,0,0,0,0,0,0,0,0,0,0,0,0,1,0,0,0,0,0,0,0,0,0,0,0,0,0,0,0,0,0,0,0,0,0,0,0,0,0,1,0,0,0,1,0,0,0,0,NA,NA,NA,NA,NA,NA,NA,NA,NA,NA,NA,NA,NA,NA,NA,NA,NA,NA,NA,NA,NA,NA,NA,NA,NA,L.Stephens-Howling,00-0026956,NA,NA,NA,NA,A.Henery,00-0028058,NA,NA,NA,NA,NA,NA,NA,NA,NA,NA,NA,NA,NA,NA,NA,NA,NA,NA,NA,NA,NA,NA,NA,NA,00-0029429,B.Brown,PHI,00-0028493,D.Sims,PHI,NA,NA,NA,NA,NA,NA,0,NA,NA,NA,NA,NA,NA,NA,NA,NA,NA,NA,NA,NA,NA,NA,NA,NA,NA,NA,NA,NA,NA,NA,NA,NA,NA,NA,NA,NA,NA,ARI,12,NA,NA,NA,NA,0,NA,NA,0,0,0,0,NA,NA,2012,NA,NA,27,1,First down,2163,"9/23/12, 16:05:33",2012-09-23T21:51:15Z,State Farm Stadium,"Temp: ° F, Wind: mph",10012012-0923-0983-16fc-87e5113fe1b7,0,0,KICK_OFF,1,NA,NA,NA,13,Punt,2012-09-23T21:51:15Z,5,3:23,1,0,0,3,3,-10,KICKOFF,PUNT,15:00,11:37,ARI 16,ARI 44,2163,2336,6,27,Home,21,33,-3,42.5,0,closed,grass,NA,NA,Ken Whisenhunt,Andy Reid,PHO00,University of Phoenix Stadium,0,0,NA,NA,NA,NA,NA,NA,0,0,0,1,0,NA,NA,NA,NA,NA,NA,NA,NA,NA,NA,0,0,-0.21260084444656968,NA,NA,NA,NA,NA,NA,NA,2012,Other,NA,NA,NA,NA,NA,NA,NA,NA,NA,NA,Toss Up,Other,Andy Reid,Ken Whisenhunt,15:00,NA,NA,NA,NA,NA,NA,NA,NA,NA,NA
2200,2012_03_PHI_ARI,2012092309,ARI,PHI,REG,3,ARI,home,PHI,ARI,84,2012-09-23,895,1795,1795,Half2,0,13,0,3,1,0,14:55,ARI 16,10,28,(14:55) 26-C.Wells left end to ARI 16 for no gain (95-M.Kendricks).,run,0,0,0,0,0,0,0,NA,NA,NA,NA,left,end,NA,NA,NA,NA,3,3,0,NA,NA,NA,NA,3,3,24,0,24,0,24,24,0,24,0.002493723528459668,0.18726050853729248,0.0038928682915866375,0.25054630637168884,0.20386047661304474,0.004284152761101723,0.3476620018482208,0,0,0.7303923415020108,-0.5793093042448163,25.11336823097025,-25.11336823097025,-6.500260059838183,6.500260059838183,26.336533376264168,-26.336533376264168,NA,NA,0,0,-0.6946446016081609,0.6946446016081609,8.399566103238612,-8.399566103238612,-19.290756957838312,19.290756957838312,30.656952784513123,-30.656952784513123,0.9971231818199158,0.0028768181800842285,0.9971231818199158,0.0028768181800842285,-2.2739171981811523e-4,2.701878547668457e-4,2.701878547668457e-4,0.9968957901000977,0.0031042098999023438,0.992290198802948,0.992290198802948,-0.06340370327234268,0.06340370327234268,0.3355261181424901,-0.3355261181424901,NA,NA,0,0,-0.09790512174367905,0.09790512174367905,0.24037037245242365,-0.24037037245242365,-0.09790512174367905,0.09790512174367905,0.2800671441039301,-0.2800671441039301,0,0,0,0,0,0,0,0,0,0,0,0,0,0,0,0,0,0,0,0,0,0,0,0,1,0,0,0,0,0,0,0,1,0,0,0,0,0,0,0,0,0,0,0,0,0,0,0,0,0,0,NA,NA,NA,NA,NA,NA,00-0027007,C.Wells,0,NA,NA,NA,NA,NA,NA,NA,NA,NA,NA,NA,NA,NA,NA,NA,NA,NA,NA,NA,NA,NA,NA,NA,NA,NA,NA,NA,NA,NA,NA,NA,NA,NA,NA,NA,NA,NA,NA,NA,NA,NA,NA,PHI,NA,00-0029409,NA,M.Kendricks,NA,NA,NA,NA,NA,NA,NA,NA,NA,NA,NA,NA,NA,0,NA,NA,NA,NA,NA,NA,NA,NA,NA,NA,NA,NA,NA,NA,NA,NA,NA,NA,NA,NA,NA,NA,NA,NA,NA,NA,NA,NA,NA,NA,NA,0,NA,NA,NA,NA,0,NA,NA,0,0,0,0,NA,NA,2012,NA,NA,27,1,First down,2200,"9/23/12, 16:05:33",2012-09-23T21:52:06Z,State Farm Stadium,"Temp: ° F, Wind: mph",10012012-0923-0983-16fc-87e5113fe1b7,0,0,RUSH,0,NA,NA,NA,13,Punt,2012-09-23T21:51:15Z,5,3:23,1,0,0,3,3,-10,KICKOFF,PUNT,15:00,11:37,ARI 16,ARI 44,2163,2336,6,27,Home,21,33,-3,42.5,0,closed,grass,NA,NA,Ken Whisenhunt,Andy Reid,PHO00,University of Phoenix Stadium,0,0,NA,NA,C.Wells,26,NA,NA,0,1,0,0,1,NA,00-0027007,NA,C.Wells,26,00-0027007,C.Wells,00-0027007,C.Wells,00-0027007,0,0,-0.5793093042448163,NA,NA,NA,NA,NA,0.3640943765640259,-36.40943765640259,2012,Go for it,NA,NA,NA,NA,NA,NA,NA,NA,NA,NA,Toss Up,Go for it,Andy Reid,Ken Whisenhunt,14:55,NA,NA,NA,NA,NA,NA,NA,NA,NA,NA
2221,2012_03_PHI_ARI,2012092309,ARI,PHI,REG,3,ARI,home,PHI,ARI,84,2012-09-23,853,1753,1753,Half2,0,13,0,3,2,0,14:13,ARI 16,10,28,"(14:13) 4-K.Kolb pass short left to 12-A.Roberts ran ob at PHI 5 for 79 yards (23-D.Rodgers-Cromartie). PENALTY on ARI-11-L.Fitzgerald, Illegal Block Above the Waist, 10 yards, enforced at ARI 45.",pass,29,0,0,1,0,0,0,short,left,5,24,NA,NA,NA,NA,NA,NA,3,3,0,NA,NA,NA,NA,3,3,24,0,24,0,24,24,0,24,0.0024542619939893484,0.21082976460456848,0.004258513450622559,0.2793700397014618,0.1881604790687561,0.004258103668689728,0.31066885590553284,0,0,0.15108303725719452,1.8072988698258996,26.920667100796148,-26.920667100796148,-6.500260059838183,6.500260059838183,28.143832246090067,-28.143832246090067,-0.2993155815638602,2.10661445138976,-0.2993155815638602,2.10661445138976,-0.9939601831720211,0.9939601831720211,10.506180554628372,-10.506180554628372,-19.590072539402172,19.590072539402172,32.76356723590288,-32.76356723590288,0.9968957901000977,0.0031042098999023438,0.9968957901000977,0.0031042098999023438,5.742311477661133e-4,0.0024279356002807617,0.0024279356002807617,0.9974700212478638,0.0025299787521362305,0.9925603866577148,0.9925603866577148,-0.06340370327234268,0.06340370327234268,0.33610034929025623,-0.33610034929025623,0,5.742311477661133e-4,0,5.742311477661133e-4,-0.09790512174367905,0.09790512174367905,0.24094460360018977,-0.24094460360018977,-0.09790512174367905,0.09790512174367905,0.2806413752516962,-0.2806413752516962,0,0,1,0,0,0,0,0,0,0,0,0,0,0,0,0,0,0,0,0,0,0,0,0,1,0,1,0,0,0,0,0,0,1,0,0,0,0,0,0,0,0,0,0,0,1,0,0,0,0,0,00-0025423,K.Kolb,29,00-0027691,A.Roberts,29,NA,NA,NA,NA,NA,NA,NA,NA,NA,NA,NA,NA,NA,NA,NA,NA,NA,NA,NA,NA,NA,NA,NA,NA,NA,NA,NA,NA,NA,NA,NA,NA,NA,NA,NA,NA,NA,NA,NA,NA,NA,NA,NA,NA,NA,PHI,NA,00-0026156,NA,D.Rodgers-Cromartie,NA,NA,NA,NA,NA,NA,NA,NA,NA,NA,NA,NA,NA,0,NA,NA,NA,NA,NA,NA,NA,NA,NA,NA,NA,NA,NA,NA,NA,NA,NA,NA,NA,NA,NA,NA,NA,NA,NA,NA,NA,NA,NA,NA,NA,0,ARI,00-0022921,L.Fitzgerald,10,0,NA,Illegal Block Above the Waist,0,0,0,0,NA,NA,2012,0.742683470249176,25.731652975082397,27,1,First down,2221,"9/23/12, 16:05:33",2012-09-23T21:52:48Z,State Farm Stadium,"Temp: ° F, Wind: mph",10012012-0923-0983-16fc-87e5113fe1b7,0,0,PASS,0,NA,NA,NA,13,Punt,2012-09-23T21:51:15Z,5,3:23,1,0,0,3,3,-10,KICKOFF,PUNT,15:00,11:37,ARI 16,ARI 44,2163,2336,6,27,Home,21,33,-3,42.5,0,closed,grass,NA,NA,Ken Whisenhunt,Andy Reid,PHO00,University of Phoenix Stadium,0,1,K.Kolb,4,NA,NA,A.Roberts,12,1,0,1,0,1,00-0025423,NA,00-0027691,K.Kolb,4,00-0025423,A.Roberts,00-0027691,A.Roberts,00-0027691,1,0,1.8072988698258996,0.7923593051501567,3.9630477819300722,2,0.6304610858787782,0.25786354794399813,0.5339885950088501,46.60114049911499,2012,Go for it,NA,NA,NA,NA,NA,NA,NA,NA,NA,NA,Toss Up,Go for it,Andy Reid,Ken Whisenhunt,14:13,NA,NA,NA,NA,NA,NA,NA,NA,NA,NA
2256,2012_03_PHI_ARI,2012092309,ARI,PHI,REG,3,ARI,home,PHI,ARI,65,2012-09-23,795,1695,1695,Half2,0,13,0,3,1,0,13:15,ARI 35,10,28,(13:15) 36-L.Stephens-Howling left tackle to ARI 30 for -5 yards (59-D.Ryans).,run,-5,0,0,0,0,0,0,NA,NA,NA,NA,left,tackle,NA,NA,NA,NA,3,3,0,NA,NA,NA,NA,3,3,24,0,24,0,24,24,0,24,0.0023788446560502052,0.13260209560394287,0.0019063306972384453,0.18746806681156158,0.25749778747558594,0.005448873620480299,0.41269803047180176,0,0,1.9583819070830941,-1.149261652957648,25.7714054478385,-25.7714054478385,-7.649521712795831,7.649521712795831,28.143832246090067,-28.143832246090067,NA,NA,0,0,-0.9939601831720211,0.9939601831720211,10.506180554628372,-10.506180554628372,-19.590072539402172,19.590072539402172,32.76356723590288,-32.76356723590288,0.9974700212478638,0.0025299787521362305,0.9974700212478638,0.0025299787521362305,-2.8437376022338867e-4,-0.0010712742805480957,-0.0010712742805480957,0.9971856474876404,0.002814352512359619,0.9949883222579956,0.9949883222579956,-0.06368807703256607,0.06368807703256607,0.33610034929025623,-0.33610034929025623,NA,NA,0,0,-0.09790512174367905,0.09790512174367905,0.24094460360018977,-0.24094460360018977,-0.09790512174367905,0.09790512174367905,0.2806413752516962,-0.2806413752516962,0,0,0,0,0,0,0,0,0,0,0,0,0,0,0,0,0,0,0,0,0,0,0,0,1,0,0,1,0,0,0,0,1,0,0,0,0,0,0,0,0,0,0,0,0,0,0,0,0,0,0,NA,NA,NA,NA,NA,NA,00-0026956,L.Stephens-Howling,-5,NA,NA,NA,NA,NA,NA,NA,NA,NA,NA,NA,NA,NA,NA,NA,NA,NA,NA,NA,NA,NA,NA,NA,NA,NA,NA,NA,NA,00-0024248,D.Ryans,NA,NA,NA,NA,NA,NA,NA,NA,NA,NA,NA,NA,PHI,NA,00-0024248,NA,D.Ryans,NA,NA,NA,NA,NA,NA,NA,NA,NA,NA,NA,NA,NA,0,NA,NA,NA,NA,NA,NA,NA,NA,NA,NA,NA,NA,NA,NA,NA,NA,NA,NA,NA,NA,NA,NA,NA,NA,NA,NA,NA,NA,NA,NA,NA,0,NA,NA,NA,NA,0,NA,NA,0,0,0,0,NA,NA,2012,NA,NA,28,0,Punt,2256,"9/23/12, 16:05:33",2012-09-23T21:55:22Z,State Farm Stadium,"Temp: ° F, Wind: mph",10012012-0923-0983-16fc-87e5113fe1b7,0,0,RUSH,0,NA,NA,NA,13,Punt,2012-09-23T21:51:15Z,5,3:23,1,0,0,3,3,-10,KICKOFF,PUNT,15:00,11:37,ARI 16,ARI 44,2163,2336,6,27,Home,21,33,-3,42.5,0,closed,grass,NA,NA,Ken Whisenhunt,Andy Reid,PHO00,University of Phoenix Stadium,0,0,NA,NA,L.Stephens-Howling,36,NA,NA,0,1,0,0,1,NA,00-0026956,NA,L.Stephens-Howling,36,00-0026956,L.Stephens-Howling,00-0026956,L.Stephens-Howling,00-0026956,0,0,-1.149261652957648,NA,NA,NA,NA,NA,0.3778518736362457,-37.78518736362457,2012,Go for it,NA,NA,NA,NA,NA,NA,NA,NA,NA,NA,Toss Up,Go for it,Andy Reid,Ken Whisenhunt,13:15,NA,NA,NA,NA,NA,NA,NA,NA,NA,NA
2282,2012_03_PHI_ARI,2012092309,ARI,PHI,REG,3,ARI,home,PHI,ARI,70,2012-09-23,756,1656,1656,Half2,0,13,0,3,2,0,12:36,ARI 30,15,28,(12:36) 4-K.Kolb pass incomplete short left to 87-J.King.,pass,0,0,0,1,0,0,0,short,left,5,NA,NA,NA,NA,NA,NA,NA,3,3,0,NA,NA,NA,NA,3,3,24,0,24,0,24,24,0,24,0.002357855439186096,0.17716602981090546,0.003056099871173501,0.25364601612091064,0.1992790699005127,0.005409828387200832,0.3590851128101349,0,0,0.8091202541254461,-0.8232641066424549,24.948141341196045,-24.948141341196045,-7.649521712795831,7.649521712795831,27.320568139447612,-27.320568139447612,-0.18506676284596324,-0.6381973437964916,0,0,-0.9939601831720211,0.9939601831720211,10.506180554628372,-10.506180554628372,-19.775139302248135,19.775139302248135,32.12536989210639,-32.12536989210639,0.9971856474876404,0.002814352512359619,0.9971856474876404,0.002814352512359619,-1.8781423568725586e-4,-4.082322120666504e-4,-4.082322120666504e-4,0.9969978332519531,0.003002166748046875,0.9939170479774475,0.9939170479774475,-0.06368807703256607,0.06368807703256607,0.335912535054569,-0.335912535054569,0,-1.8781423568725586e-4,0,0,-0.09790512174367905,0.09790512174367905,0.24094460360018977,-0.24094460360018977,-0.09790512174367905,0.09790512174367905,0.28045356101600893,-0.28045356101600893,0,0,0,0,0,0,0,0,1,0,0,0,0,0,0,0,0,0,0,0,0,0,0,0,0,0,0,0,0,0,0,0,0,1,0,0,0,0,0,0,0,0,0,0,0,0,0,0,0,0,0,00-0025423,K.Kolb,NA,00-0024369,J.King,NA,NA,NA,NA,NA,NA,NA,NA,NA,NA,NA,NA,NA,NA,NA,NA,NA,NA,NA,NA,NA,NA,NA,NA,NA,NA,NA,NA,NA,NA,NA,NA,NA,NA,NA,NA,NA,NA,NA,NA,NA,NA,NA,NA,NA,NA,NA,NA,NA,NA,NA,NA,NA,NA,NA,NA,NA,NA,NA,NA,NA,NA,NA,NA,0,NA,NA,NA,NA,NA,NA,NA,NA,NA,NA,NA,NA,NA,NA,NA,NA,NA,NA,NA,NA,NA,NA,NA,NA,NA,NA,NA,NA,NA,NA,NA,0,NA,NA,NA,NA,0,NA,NA,0,0,0,0,NA,NA,2012,0.7534034252166748,-75.34034252166748,28,0,Punt,2282,"9/23/12, 16:05:33",2012-09-23T21:56:02Z,State Farm Stadium,"Temp: ° F, Wind: mph",10012012-0923-0983-16fc-87e5113fe1b7,0,0,PASS,0,NA,NA,NA,13,Punt,2012-09-23T21:51:15Z,5,3:23,1,0,0,3,3,-10,KICKOFF,PUNT,15:00,11:37,ARI 16,ARI 44,2163,2336,6,27,Home,21,33,-3,42.5,0,closed,grass,NA,NA,Ken Whisenhunt,Andy Reid,PHO00,University of Phoenix Stadium,0,0,K.Kolb,4,NA,NA,J.King,87,1,0,0,0,1,00-0025423,NA,00-0024369,K.Kolb,4,00-0025423,J.King,00-0024369,J.King,00-0024369,0,0,-0.8232641066424549,0.5452902580864278,4.352923783793813,3,0.6293627113918774,0.09085044235689566,0.7168235778808594,28.317642211914062,2012,Go for it,NA,NA,NA,NA,NA,NA,NA,NA,NA,NA,Toss Up,Go for it,Andy Reid,Ken Whisenhunt,12:36,NA,NA,NA,NA,NA,NA,NA,NA,NA,NA
2315,2012_03_PHI_ARI,2012092309,ARI,PHI,REG,3,ARI,home,PHI,ARI,70,2012-09-23,751,1651,1651,Half2,0,13,0,3,3,0,12:31,ARI 30,15,28,(12:31) (Shotgun) 4-K.Kolb scrambles right end to ARI 44 for 14 yards (93-J.Babin).,run,14,1,0,1,0,0,1,NA,NA,NA,NA,right,end,NA,NA,NA,NA,3,3,0,NA,NA,NA,NA,3,3,24,0,24,0,24,24,0,24,0.0024249027483165264,0.20776762068271637,0.0032229647040367126,0.29778626561164856,0.17346739768981934,0.005521909333765507,0.30980896949768066,0,0,-0.014143852517008781,0.3369880993850529,25.2851294405811,-25.2851294405811,-7.312533613410778,7.312533613410778,27.320568139447612,-27.320568139447612,NA,NA,0,0,-0.9939601831720211,0.9939601831720211,10.506180554628372,-10.506180554628372,-19.775139302248135,19.775139302248135,32.12536989210639,-32.12536989210639,0.9969978332519531,0.003002166748046875,0.9969978332519531,0.003002166748046875,-2.5331974029541016e-4,0.0011418461799621582,0.0011418461799621582,0.9967445135116577,0.003255486488342285,0.9935088157653809,0.9935088157653809,-0.06394139677286148,0.06394139677286148,0.335912535054569,-0.335912535054569,NA,NA,0,0,-0.09790512174367905,0.09790512174367905,0.24094460360018977,-0.24094460360018977,-0.09790512174367905,0.09790512174367905,0.28045356101600893,-0.28045356101600893,0,0,0,0,0,1,0,0,0,0,0,0,0,0,0,0,0,0,0,0,0,0,0,0,1,0,0,0,0,0,0,0,1,0,0,0,0,0,0,0,0,0,0,0,0,0,0,0,0,0,0,NA,NA,NA,NA,NA,NA,00-0025423,K.Kolb,14,NA,NA,NA,NA,NA,NA,NA,NA,NA,NA,NA,NA,NA,NA,NA,NA,NA,NA,NA,NA,NA,NA,NA,NA,NA,NA,NA,NA,NA,NA,NA,NA,NA,NA,NA,NA,NA,NA,NA,NA,NA,NA,PHI,NA,00-0022695,NA,J.Babin,NA,NA,NA,NA,NA,NA,NA,NA,NA,NA,NA,NA,NA,0,NA,NA,NA,NA,NA,NA,NA,NA,NA,NA,NA,NA,NA,NA,NA,NA,NA,NA,NA,NA,NA,NA,NA,NA,NA,NA,NA,NA,NA,NA,NA,0,NA,NA,NA,NA,0,NA,NA,0,0,0,0,NA,NA,2012,NA,NA,28,0,Punt,2315,"9/23/12, 16:05:33",2012-09-23T21:56:43Z,State Farm Stadium,"Temp: ° F, Wind: mph",10012012-0923-0983-16fc-87e5113fe1b7,0,0,RUSH,0,NA,NA,NA,13,Punt,2012-09-23T21:51:15Z,5,3:23,1,0,0,3,3,-10,KICKOFF,PUNT,15:00,11:37,ARI 16,ARI 44,2163,2336,6,27,Home,21,33,-3,42.5,0,closed,grass,NA,NA,Ken Whisenhunt,Andy Reid,PHO00,University of Phoenix Stadium,0,1,K.Kolb,4,NA,4,NA,NA,1,0,0,0,1,00-0025423,NA,NA,K.Kolb,4,00-0025423,K.Kolb,00-0025423,K.Kolb,00-0025423,0,0,0.3369880993850529,NA,NA,NA,NA,NA,0.8581382036209106,14.186179637908936,2012,Go for it,NA,NA,NA,NA,NA,NA,NA,NA,NA,NA,Toss Up,Go for it,Andy Reid,Ken Whisenhunt,12:31,NA,NA,NA,NA,NA,NA,NA,NA,NA,NA
2336,2012_03_PHI_ARI,2012092309,ARI,PHI,REG,3,ARI,home,PHI,ARI,56,2012-09-23,703,1603,1603,Half2,0,13,0,3,4,0,11:43,ARI 44,1,28,"(11:43) 9-D.Zastudil punts 51 yards to PHI 5, Center-82-M.Leach, fair catch by 13-D.Johnson.",punt,0,0,0,0,0,0,0,NA,NA,NA,NA,NA,NA,NA,51,NA,NA,3,3,0,NA,NA,NA,NA,3,3,24,0,24,0,24,24,0,24,0.0030720022041350603,0.19222964346408844,0.002372052287682891,0.2819098234176636,0.17916536331176758,0.009721525944769382,0.33152955770492554,0,0,0.32284424686804414,0.41788714355789125,25.70301658413899,-25.70301658413899,-7.312533613410778,7.312533613410778,27.320568139447612,-27.320568139447612,NA,NA,0,0,-0.9939601831720211,0.9939601831720211,10.506180554628372,-10.506180554628372,-19.775139302248135,19.775139302248135,32.12536989210639,-32.12536989210639,0.9967445135116577,0.003255486488342285,0.9967445135116577,0.003255486488342285,-0.015239119529724121,-0.02670389786362648,-0.02670389786362648,0.9815053939819336,0.018494606018066406,0.994650661945343,0.994650661945343,-0.06394139677286148,0.06394139677286148,0.335912535054569,-0.335912535054569,NA,NA,0,0,-0.09790512174367905,0.09790512174367905,0.24094460360018977,-0.24094460360018977,-0.09790512174367905,0.09790512174367905,0.28045356101600893,-0.28045356101600893,0,0,0,0,0,0,0,0,0,0,0,1,0,0,0,1,0,0,0,0,0,0,0,0,0,0,0,0,0,0,0,0,0,0,0,0,0,0,0,0,0,0,0,1,0,0,0,0,0,0,0,NA,NA,NA,NA,NA,NA,NA,NA,NA,NA,NA,NA,NA,NA,NA,NA,NA,NA,NA,NA,NA,00-0029435,D.Johnson,NA,NA,NA,NA,NA,NA,00-0021235,D.Zastudil,NA,NA,NA,NA,NA,NA,NA,NA,NA,NA,NA,NA,NA,NA,NA,NA,NA,NA,NA,NA,NA,NA,NA,NA,NA,NA,NA,NA,NA,NA,NA,NA,NA,NA,NA,NA,NA,NA,0,NA,NA,NA,NA,NA,NA,NA,NA,NA,NA,NA,NA,NA,NA,NA,NA,NA,NA,NA,NA,NA,NA,NA,NA,NA,NA,NA,NA,NA,NA,PHI,0,NA,NA,NA,NA,0,NA,NA,0,0,0,0,NA,NA,2012,NA,NA,28,0,Punt,2336,"9/23/12, 16:05:33",2012-09-23T21:57:30Z,State Farm Stadium,"Temp: ° F, Wind: mph",10012012-0923-0983-16fc-87e5113fe1b7,0,0,PUNT,1,NA,NA,NA,13,Punt,2012-09-23T21:51:15Z,5,3:23,1,0,0,3,3,-10,KICKOFF,PUNT,15:00,11:37,ARI 16,ARI 44,2163,2336,6,27,Home,21,33,-3,42.5,0,closed,grass,NA,NA,Ken Whisenhunt,Andy Reid,PHO00,University of Phoenix Stadium,0,1,NA,NA,NA,NA,NA,NA,0,0,0,1,0,NA,NA,NA,NA,NA,NA,NA,NA,NA,NA,0,0,0.41788714355789125,NA,NA,NA,NA,NA,NA,NA,2012,Punt,NA,0.6437176214785723,0.9279000624791387,NA,NA,0,0.9263181823771447,0.9566549610335642,0.9263181823771447,0.9458228104380485,Punt,Punt,Andy Reid,Ken Whisenhunt,11:43,0,0,NA,64,93,NA,95,93,96,93
2372,2012_03_PHI_ARI,2012092309,ARI,PHI,REG,3,PHI,away,ARI,PHI,95,2012-09-23,697,1597,1597,Half2,0,14,0,3,1,0,11:37,PHI 5,10,77,(11:37) 25-L.McCoy right tackle to PHI 10 for 5 yards (23-J.Fleming).,run,5,0,0,0,0,0,0,NA,NA,NA,NA,right,tackle,NA,NA,NA,NA,3,3,0,NA,NA,NA,NA,3,3,24,0,0,24,-24,0,24,-24,0.002966873114928603,0.2174864113330841,0.033646661788225174,0.32498064637184143,0.17095044255256653,0.0017496448708698153,0.248219296336174,0,0,-0.7407313904259354,0.058106527430936694,25.644910056708053,-25.644910056708053,-7.370640140841715,7.370640140841715,27.320568139447612,-27.320568139447612,NA,NA,0,0,-0.9939601831720211,0.9939601831720211,10.506180554628372,-10.506180554628372,-19.775139302248135,19.775139302248135,32.12536989210639,-32.12536989210639,0.018494606018066406,0.9815053939819336,0.9815053939819336,0.018494606018066406,-4.6601705253124237e-4,1.9452720880508423e-4,-1.9452720880508423e-4,0.9819714110344648,0.018028588965535164,0.03205323591828346,0.9679467640817165,-0.06347537972033024,0.06347537972033024,0.335912535054569,-0.335912535054569,NA,NA,0,0,-0.09790512174367905,0.09790512174367905,0.24094460360018977,-0.24094460360018977,-0.09790512174367905,0.09790512174367905,0.28045356101600893,-0.28045356101600893,0,0,0,0,0,0,0,0,0,0,0,0,0,0,0,0,0,0,0,0,0,0,0,0,1,0,0,0,0,0,0,0,1,0,0,0,0,0,0,0,0,0,0,0,0,0,0,0,0,0,0,NA,NA,NA,NA,NA,NA,00-0027029,L.McCoy,5,NA,NA,NA,NA,NA,NA,NA,NA,NA,NA,NA,NA,NA,NA,NA,NA,NA,NA,NA,NA,NA,NA,NA,NA,NA,NA,NA,NA,NA,NA,NA,NA,NA,NA,NA,NA,NA,NA,NA,NA,NA,NA,ARI,NA,00-0029639,NA,J.Fleming,NA,NA,NA,NA,NA,NA,NA,NA,NA,NA,NA,NA,NA,0,NA,NA,NA,NA,NA,NA,NA,NA,NA,NA,NA,NA,NA,NA,NA,NA,NA,NA,NA,NA,NA,NA,NA,NA,NA,NA,NA,NA,NA,NA,NA,0,NA,NA,NA,NA,0,NA,NA,0,0,0,0,NA,NA,2012,NA,NA,29,1,First down,2372,"9/23/12, 16:05:33",2012-09-23T21:59:48Z,State Farm Stadium,"Temp: ° F, Wind: mph",10012012-0923-0983-16fc-87e5113fe1b7,0,0,RUSH,0,NA,NA,NA,14,Field goal,2012-09-23T21:59:48Z,13,6:30,5,1,1,3,3,0,PUNT,FIELD_GOAL,11:37,05:07,PHI 5,ARI 18,2372,2674,6,27,Home,21,33,-3,42.5,0,closed,grass,NA,NA,Ken Whisenhunt,Andy Reid,PHO00,University of Phoenix Stadium,0,1,NA,NA,L.McCoy,25,NA,NA,0,1,0,0,1,NA,00-0027029,NA,L.McCoy,25,00-0027029,L.McCoy,00-0027029,L.McCoy,00-0027029,0,0,0.058106527430936694,NA,NA,NA,NA,NA,0.37395286560058594,-37.395286560058594,2012,Go for it,NA,NA,NA,NA,NA,NA,NA,NA,NA,NA,Toss Up,Go for it,Andy Reid,Ken Whisenhunt,11:37,NA,NA,NA,NA,NA,NA,NA,NA,NA,NA
2406,2012_03_PHI_ARI,2012092309,ARI,PHI,REG,3,PHI,away,ARI,PHI,90,2012-09-23,667,1567,1567,Half2,0,14,0,3,2,0,11:07,PHI 10,5,77,(11:07) 7-M.Vick pass short right to 13-D.Johnson to PHI 17 for 7 yards (22-W.Gay).,pass,7,0,0,1,0,0,0,short,right,7,0,NA,NA,NA,NA,NA,NA,3,3,0,NA,NA,NA,NA,3,3,24,0,0,24,-24,0,24,-24,0.0030741174705326557,0.22039185464382172,0.01606220193207264,0.333620548248291,0.15796659886837006,0.0020147052127867937,0.2668699622154236,0,0,-0.6826248629949987,0.8404352469369769,24.804474809771076,-24.804474809771076,-7.370640140841715,7.370640140841715,26.480132892510635,-26.480132892510635,0.8404352469369769,0,0.8404352469369769,0,-1.834395430108998,1.834395430108998,10.506180554628372,-10.506180554628372,-20.615574549185112,20.615574549185112,32.12536989210639,-32.12536989210639,0.018028588965535164,0.9819714110344648,0.9819714110344648,0.018028588965535164,-0.008294171653687954,-0.00859999842941761,0.00859999842941761,0.9902655826881528,0.00973441731184721,0.03224776312708855,0.9677522368729115,-0.06347537972033024,0.06347537972033024,0.3442067067082569,-0.3442067067082569,-0.008294171653687954,0,-0.008294171653687954,0,-0.08961095008999109,0.08961095008999109,0.24094460360018977,-0.24094460360018977,-0.08961095008999109,0.08961095008999109,0.28045356101600893,-0.28045356101600893,0,0,1,0,0,0,0,0,0,0,0,0,0,0,0,0,0,0,0,0,0,0,0,0,1,0,0,0,0,0,0,0,0,1,0,0,0,0,0,0,0,0,0,0,0,1,0,0,0,0,0,00-0020245,M.Vick,7,00-0029435,D.Johnson,7,NA,NA,NA,NA,NA,NA,NA,NA,NA,NA,NA,NA,NA,NA,NA,NA,NA,NA,NA,NA,NA,NA,NA,NA,NA,NA,NA,NA,NA,NA,NA,NA,NA,NA,NA,NA,NA,NA,NA,NA,NA,NA,NA,NA,NA,ARI,NA,00-0025557,NA,W.Gay,NA,NA,NA,NA,NA,NA,NA,NA,NA,NA,NA,NA,NA,0,NA,NA,NA,NA,NA,NA,NA,NA,NA,NA,NA,NA,NA,NA,NA,NA,NA,NA,NA,NA,NA,NA,NA,NA,NA,NA,NA,NA,NA,NA,NA,0,NA,NA,NA,NA,0,NA,NA,0,0,0,0,NA,NA,2012,0.6771360635757446,32.28639364242554,29,1,First down,2406,"9/23/12, 16:05:33",2012-09-23T22:00:18Z,State Farm Stadium,"Temp: ° F, Wind: mph",10012012-0923-0983-16fc-87e5113fe1b7,0,0,PASS,0,NA,NA,NA,14,Field goal,2012-09-23T21:59:48Z,13,6:30,5,1,1,3,3,0,PUNT,FIELD_GOAL,11:37,05:07,PHI 5,ARI 18,2372,2674,6,27,Home,21,33,-3,42.5,0,closed,grass,NA,NA,Ken Whisenhunt,Andy Reid,PHO00,University of Phoenix Stadium,0,1,M.Vick,7,NA,NA,D.Johnson,13,1,0,1,0,1,00-0020245,NA,00-0029435,M.Vick,7,00-0020245,D.Johnson,00-0029435,D.Johnson,00-0029435,0,0,0.8404352469369769,0.20920535663638917,3.6242051492154133,2,0.9989813973661512,0.9985761145944707,0.6188082098960876,38.119179010391235,2012,Go for it,NA,NA,NA,NA,NA,NA,NA,NA,NA,NA,Toss Up,Go for it,Andy Reid,Ken Whisenhunt,11:07,NA,NA,NA,NA,NA,NA,NA,NA,NA,NA
2430,2012_03_PHI_ARI,2012092309,ARI,PHI,REG,3,PHI,away,ARI,PHI,83,2012-09-23,620,1520,1520,Half2,0,14,0,3,1,0,10:20,PHI 17,10,77,(10:20) 7-M.Vick pass incomplete short right to 34-B.Brown [50-O.Schofield].,pass,0,0,0,1,0,0,0,short,right,3,NA,NA,NA,NA,NA,NA,NA,3,3,0,NA,NA,NA,NA,3,3,24,0,0,24,-24,0,24,-24,0.0030078827403485775,0.17527426779270172,0.005983783397823572,0.297724187374115,0.207314595580101,0.00342818652279675,0.30726712942123413,0,0,0.15781038394197822,-0.5842925547622144,25.38876736453329,-25.38876736453329,-7.370640140841715,7.370640140841715,27.06442544727285,-27.06442544727285,-0.3092288691550493,-0.2750636856071651,0,0,-1.834395430108998,1.834395430108998,10.506180554628372,-10.506180554628372,-20.306345680030063,20.306345680030063,32.40043357771356,-32.40043357771356,0.00973441731184721,0.9902655826881528,0.9902655826881528,0.00973441731184721,-7.586218416690826e-4,-0.002562066540122032,0.002562066540122032,0.9910242045298219,0.008975795470178127,0.023647764697670937,0.9763522353023291,-0.06347537972033024,0.06347537972033024,0.344965328549926,-0.344965328549926,0,-7.586218416690826e-4,0,0,-0.08961095008999109,0.08961095008999109,0.24094460360018977,-0.24094460360018977,-0.08961095008999109,0.08961095008999109,0.281212182857678,-0.281212182857678,0,0,0,0,0,0,0,0,1,0,0,0,0,0,0,0,0,0,0,0,0,0,0,0,0,0,0,0,0,0,0,1,0,1,0,0,0,0,0,0,0,0,0,0,0,0,0,0,0,0,0,00-0020245,M.Vick,NA,00-0029429,B.Brown,NA,NA,NA,NA,NA,NA,NA,NA,NA,NA,NA,NA,NA,NA,NA,NA,NA,NA,NA,NA,NA,NA,NA,NA,NA,NA,NA,NA,NA,NA,NA,NA,NA,NA,NA,NA,00-0027730,O.Schofield,NA,NA,NA,NA,NA,NA,NA,NA,NA,NA,NA,NA,NA,NA,NA,NA,NA,NA,NA,NA,NA,NA,NA,NA,NA,NA,0,NA,NA,NA,NA,NA,NA,NA,NA,NA,NA,NA,NA,NA,NA,NA,NA,NA,NA,NA,NA,NA,NA,NA,NA,NA,NA,NA,NA,NA,NA,NA,0,NA,NA,NA,NA,0,NA,NA,0,0,0,0,NA,NA,2012,0.48042991757392883,-48.04299175739288,30,1,First down,2430,"9/23/12, 16:05:33",2012-09-23T22:01:06Z,State Farm Stadium,"Temp: ° F, Wind: mph",10012012-0923-0983-16fc-87e5113fe1b7,0,0,PASS,0,NA,NA,NA,14,Field goal,2012-09-23T21:59:48Z,13,6:30,5,1,1,3,3,0,PUNT,FIELD_GOAL,11:37,05:07,PHI 5,ARI 18,2372,2674,6,27,Home,21,33,-3,42.5,0,closed,grass,NA,NA,Ken Whisenhunt,Andy Reid,PHO00,University of Phoenix Stadium,0,0,M.Vick,7,NA,NA,B.Brown,34,1,0,0,0,1,00-0020245,NA,00-0029429,M.Vick,7,00-0020245,B.Brown,00-0029429,B.Brown,00-0029429,0,0,-0.5842925547622144,0.5904786156691981,4.8123471819999395,3,0.5579414497478865,0.23365241842111573,0.5875653624534607,41.24346375465393,2012,Go for it,NA,NA,NA,NA,NA,NA,NA,NA,NA,NA,Toss Up,Go for it,Andy Reid,Ken Whisenhunt,10:20,NA,NA,NA,NA,NA,NA,NA,NA,NA,NA
2456,2012_03_PHI_ARI,2012092309,ARI,PHI,REG,3,PHI,away,ARI,PHI,83,2012-09-23,617,1517,1517,Half2,0,14,0,3,2,0,10:17,PHI 17,10,77,(10:17) 25-L.McCoy up the middle to PHI 21 for 4 yards (50-O.Schofield; 58-D.Washington).,run,4,0,0,0,0,0,0,NA,NA,NA,NA,middle,NA,NA,NA,NA,NA,3,3,0,NA,NA,NA,NA,3,3,24,0,0,24,-24,0,24,-24,0.0029710179660469294,0.1935376077890396,0.006534918211400509,0.33132946491241455,0.1889580935239792,0.003409995697438717,0.27325892448425293,0,0,-0.4264821708202362,-0.29762005945667624,25.686387423989967,-25.686387423989967,-7.073020081385039,7.073020081385039,27.06442544727285,-27.06442544727285,NA,NA,0,0,-1.834395430108998,1.834395430108998,10.506180554628372,-10.506180554628372,-20.306345680030063,20.306345680030063,32.40043357771356,-32.40043357771356,0.008975795470178127,0.9910242045298219,0.9910242045298219,0.008975795470178127,-0.0011903615668416023,-0.002409122884273529,0.002409122884273529,0.9922145660966635,0.007785433903336525,0.021085698157548904,0.9789143018424511,-0.062285018153488636,0.062285018153488636,0.344965328549926,-0.344965328549926,NA,NA,0,0,-0.08961095008999109,0.08961095008999109,0.24094460360018977,-0.24094460360018977,-0.08961095008999109,0.08961095008999109,0.281212182857678,-0.281212182857678,0,0,0,0,0,0,0,0,0,0,0,0,0,0,0,0,0,0,0,0,0,0,0,0,0,0,0,0,0,0,0,0,1,0,0,0,0,0,0,0,0,0,0,0,0,0,1,0,0,0,0,NA,NA,NA,NA,NA,NA,00-0027029,L.McCoy,4,NA,NA,NA,NA,NA,NA,NA,NA,NA,NA,NA,NA,NA,NA,NA,NA,NA,NA,NA,NA,NA,NA,NA,NA,NA,NA,NA,NA,NA,NA,NA,NA,NA,NA,NA,NA,NA,NA,NA,NA,NA,NA,NA,NA,NA,NA,NA,NA,00-0027730,O.Schofield,ARI,00-0027886,D.Washington,ARI,NA,NA,NA,NA,NA,NA,0,NA,NA,NA,NA,NA,NA,NA,NA,NA,NA,NA,NA,NA,NA,NA,NA,NA,NA,NA,NA,NA,NA,NA,NA,NA,NA,NA,NA,NA,NA,NA,0,NA,NA,NA,NA,0,NA,NA,0,0,0,0,NA,NA,2012,NA,NA,30,1,First down,2456,"9/23/12, 16:05:33",2012-09-23T22:01:38Z,State Farm Stadium,"Temp: ° F, Wind: mph",10012012-0923-0983-16fc-87e5113fe1b7,0,0,RUSH,0,NA,NA,NA,14,Field goal,2012-09-23T21:59:48Z,13,6:30,5,1,1,3,3,0,PUNT,FIELD_GOAL,11:37,05:07,PHI 5,ARI 18,2372,2674,6,27,Home,21,33,-3,42.5,0,closed,grass,NA,NA,Ken Whisenhunt,Andy Reid,PHO00,University of Phoenix Stadium,0,0,NA,NA,L.McCoy,25,NA,NA,0,1,0,0,1,NA,00-0027029,NA,L.McCoy,25,00-0027029,L.McCoy,00-0027029,L.McCoy,00-0027029,0,0,-0.29762005945667624,NA,NA,NA,NA,NA,0.6840358376502991,-68.40358376502991,2012,Go for it,NA,NA,NA,NA,NA,NA,NA,NA,NA,NA,Toss Up,Go for it,Andy Reid,Ken Whisenhunt,10:17,NA,NA,NA,NA,NA,NA,NA,NA,NA,NA
2481,2012_03_PHI_ARI,2012092309,ARI,PHI,REG,3,PHI,away,ARI,PHI,79,2012-09-23,578,1478,1478,Half2,0,14,0,3,3,0,09:38,PHI 21,6,77,"(9:38) 7-M.Vick pass short left to 10-D.Jackson ran ob at PHI 34 for 13 yards. Penalty on ARI-22-W.Gay, Defensive Holding, declined.",pass,13,0,0,1,0,0,0,short,left,13,0,NA,NA,NA,NA,NA,NA,3,3,0,NA,NA,NA,NA,3,3,24,0,0,24,-24,0,24,-24,0.004032202530652285,0.20541854202747345,0.005521900020539761,0.34766292572021484,0.1772133708000183,0.003171904245391488,0.2569791078567505,0,0,-0.7241022302769125,1.9347652313299477,23.75162219266002,-23.75162219266002,-7.073020081385039,7.073020081385039,25.129660215942902,-25.129660215942902,1.9347652313299477,0,1.9347652313299477,0,-3.7691606614389457,3.7691606614389457,10.506180554628372,-10.506180554628372,-22.24111091136001,22.24111091136001,32.40043357771356,-32.40043357771356,0.007785433903336525,0.9922145660966635,0.9922145660966635,0.007785433903336525,0.0019705137237906456,0.007480615749955177,-0.007480615749955177,0.9902440523728728,0.00975594762712717,0.018676575273275375,0.9813234247267246,-0.062285018153488636,0.062285018153488636,0.34299481482613536,-0.34299481482613536,0.0019705137237906456,0,0.0019705137237906456,0,-0.09158146381378174,0.09158146381378174,0.24094460360018977,-0.24094460360018977,-0.09158146381378174,0.09158146381378174,0.281212182857678,-0.281212182857678,0,0,1,0,1,0,0,0,0,0,0,0,0,0,0,0,0,0,0,0,0,0,0,0,0,0,0,0,0,0,0,0,0,1,0,0,0,0,0,0,0,0,0,0,0,1,0,0,0,0,0,00-0020245,M.Vick,13,00-0026189,D.Jackson,13,NA,NA,NA,NA,NA,NA,NA,NA,NA,NA,NA,NA,NA,NA,NA,NA,NA,NA,NA,NA,NA,NA,NA,NA,NA,NA,NA,NA,NA,NA,NA,NA,NA,NA,NA,NA,NA,NA,NA,NA,NA,NA,NA,NA,NA,NA,NA,NA,NA,NA,NA,NA,NA,NA,NA,NA,NA,NA,NA,NA,NA,NA,NA,0,NA,NA,NA,NA,NA,NA,NA,NA,NA,NA,NA,NA,NA,NA,NA,NA,NA,NA,NA,NA,NA,NA,NA,NA,NA,NA,NA,NA,NA,NA,NA,0,NA,NA,NA,NA,0,NA,NA,0,0,0,0,NA,NA,2012,0.5390148162841797,46.09851837158203,30,1,First down,2481,"9/23/12, 16:05:33",2012-09-23T22:02:17Z,State Farm Stadium,"Temp: ° F, Wind: mph",10012012-0923-0983-16fc-87e5113fe1b7,0,0,PASS,0,NA,NA,NA,14,Field goal,2012-09-23T21:59:48Z,13,6:30,5,1,1,3,3,0,PUNT,FIELD_GOAL,11:37,05:07,PHI 5,ARI 18,2372,2674,6,27,Home,21,33,-3,42.5,0,closed,grass,NA,NA,Ken Whisenhunt,Andy Reid,PHO00,University of Phoenix Stadium,0,1,M.Vick,7,NA,NA,D.Jackson,10,1,0,1,0,1,00-0020245,NA,00-0026189,M.Vick,7,00-0020245,D.Jackson,00-0026189,D.Jackson,00-0026189,1,0,1.9347652313299477,0.3097675342943784,4.2251012464330415,1,1,1,0.977700412273407,2.2299587726593018,2012,Go for it,NA,NA,NA,NA,NA,NA,NA,NA,NA,NA,Toss Up,Go for it,Andy Reid,Ken Whisenhunt,9:38,NA,NA,NA,NA,NA,NA,NA,NA,NA,NA
2518,2012_03_PHI_ARI,2012092309,ARI,PHI,REG,3,PHI,away,ARI,PHI,66,2012-09-23,557,1457,1457,Half2,0,14,0,3,1,0,09:17,PHI 34,10,77,(9:17) 25-L.McCoy right tackle to PHI 45 for 11 yards (22-W.Gay; 49-R.Johnson).,run,11,0,0,0,0,0,0,NA,NA,NA,NA,right,tackle,NA,NA,NA,NA,3,3,0,NA,NA,NA,NA,3,3,24,0,0,24,-24,0,24,-24,0.005110018886625767,0.13543261587619781,0.0033597201108932495,0.2379588484764099,0.25377798080444336,0.004493472632020712,0.3598673343658447,0,0,1.2106630010530353,0.7341738904360682,23.01744830222395,-23.01744830222395,-7.807193971821107,7.807193971821107,25.129660215942902,-25.129660215942902,NA,NA,0,0,-3.7691606614389457,3.7691606614389457,10.506180554628372,-10.506180554628372,-22.24111091136001,22.24111091136001,32.40043357771356,-32.40043357771356,0.00975594762712717,0.9902440523728728,0.9902440523728728,0.00975594762712717,2.042362466454506e-4,0.0018603447824716568,-0.0018603447824716568,0.9900398161262274,0.009960183873772621,0.026157191023230553,0.9738428089767694,-0.06248925440013409,0.06248925440013409,0.34299481482613536,-0.34299481482613536,NA,NA,0,0,-0.09158146381378174,0.09158146381378174,0.24094460360018977,-0.24094460360018977,-0.09158146381378174,0.09158146381378174,0.281212182857678,-0.281212182857678,0,1,0,0,0,0,0,0,0,0,0,0,0,0,0,0,0,0,0,0,0,0,0,0,0,0,0,0,0,0,0,0,1,0,0,0,0,0,0,0,0,0,0,0,0,0,1,0,0,0,0,NA,NA,NA,NA,NA,NA,00-0027029,L.McCoy,11,NA,NA,NA,NA,NA,NA,NA,NA,NA,NA,NA,NA,NA,NA,NA,NA,NA,NA,NA,NA,NA,NA,NA,NA,NA,NA,NA,NA,NA,NA,NA,NA,NA,NA,NA,NA,NA,NA,NA,NA,NA,NA,NA,NA,NA,NA,NA,NA,00-0025557,W.Gay,ARI,00-0027067,R.Johnson,ARI,NA,NA,NA,NA,NA,NA,0,NA,NA,NA,NA,NA,NA,NA,NA,NA,NA,NA,NA,NA,NA,NA,NA,NA,NA,NA,NA,NA,NA,NA,NA,NA,NA,NA,NA,NA,NA,NA,0,NA,NA,NA,NA,0,NA,NA,0,0,0,0,NA,NA,2012,NA,NA,31,1,First down,2518,"9/23/12, 16:05:33",2012-09-23T22:04:15Z,State Farm Stadium,"Temp: ° F, Wind: mph",10012012-0923-0983-16fc-87e5113fe1b7,0,0,RUSH,0,NA,NA,NA,14,Field goal,2012-09-23T21:59:48Z,13,6:30,5,1,1,3,3,0,PUNT,FIELD_GOAL,11:37,05:07,PHI 5,ARI 18,2372,2674,6,27,Home,21,33,-3,42.5,0,closed,grass,NA,NA,Ken Whisenhunt,Andy Reid,PHO00,University of Phoenix Stadium,0,1,NA,NA,L.McCoy,25,NA,NA,0,1,1,0,1,NA,00-0027029,NA,L.McCoy,25,00-0027029,L.McCoy,00-0027029,L.McCoy,00-0027029,0,0,0.7341738904360682,NA,NA,NA,NA,NA,0.6136828660964966,-61.36828660964966,2012,Go for it,NA,NA,NA,NA,NA,NA,NA,NA,NA,NA,Toss Up,Go for it,Andy Reid,Ken Whisenhunt,9:17,NA,NA,NA,NA,NA,NA,NA,NA,NA,NA
2539,2012_03_PHI_ARI,2012092309,ARI,PHI,REG,3,PHI,away,ARI,PHI,55,2012-09-23,526,1426,1426,Half2,0,14,0,3,1,0,08:46,PHI 45,10,77,(8:46) (No Huddle) 25-L.McCoy up the middle to ARI 48 for 7 yards (91-V.Holliday).,run,7,0,1,0,0,0,0,NA,NA,NA,NA,middle,NA,NA,NA,NA,NA,3,3,0,NA,NA,NA,NA,3,3,24,0,0,24,-24,0,24,-24,0.004148115403950214,0.10948404669761658,0.0018438099650666118,0.19703082740306854,0.28337517380714417,0.004551853518933058,0.3995661735534668,0,0,1.9448368914891034,0.4030503856483847,22.614397916575566,-22.614397916575566,-8.210244357469492,8.210244357469492,25.129660215942902,-25.129660215942902,NA,NA,0,0,-3.7691606614389457,3.7691606614389457,10.506180554628372,-10.506180554628372,-22.24111091136001,22.24111091136001,32.40043357771356,-32.40043357771356,0.009960183873772621,0.9900398161262274,0.9900398161262274,0.009960183873772621,-3.114389255642891e-4,0.004233531653881073,-0.004233531653881073,0.9903512550517917,0.009648744948208332,0.02801753580570221,0.9719824641942978,-0.0621778154745698,0.0621778154745698,0.34299481482613536,-0.34299481482613536,NA,NA,0,0,-0.09158146381378174,0.09158146381378174,0.24094460360018977,-0.24094460360018977,-0.09158146381378174,0.09158146381378174,0.281212182857678,-0.281212182857678,0,0,0,0,0,0,0,0,0,0,0,0,0,0,0,0,0,0,0,0,0,0,0,0,1,0,0,0,0,0,0,0,1,0,0,0,0,0,0,0,0,0,0,0,0,0,0,0,0,0,0,NA,NA,NA,NA,NA,NA,00-0027029,L.McCoy,7,NA,NA,NA,NA,NA,NA,NA,NA,NA,NA,NA,NA,NA,NA,NA,NA,NA,NA,NA,NA,NA,NA,NA,NA,NA,NA,NA,NA,NA,NA,NA,NA,NA,NA,NA,NA,NA,NA,NA,NA,NA,NA,ARI,NA,00-0007611,NA,V.Holliday,NA,NA,NA,NA,NA,NA,NA,NA,NA,NA,NA,NA,NA,0,NA,NA,NA,NA,NA,NA,NA,NA,NA,NA,NA,NA,NA,NA,NA,NA,NA,NA,NA,NA,NA,NA,NA,NA,NA,NA,NA,NA,NA,NA,NA,0,NA,NA,NA,NA,0,NA,NA,0,0,0,0,NA,NA,2012,NA,NA,32,1,First down,2539,"9/23/12, 16:05:33",2012-09-23T22:04:46Z,State Farm Stadium,"Temp: ° F, Wind: mph",10012012-0923-0983-16fc-87e5113fe1b7,0,0,RUSH,0,NA,NA,NA,14,Field goal,2012-09-23T21:59:48Z,13,6:30,5,1,1,3,3,0,PUNT,FIELD_GOAL,11:37,05:07,PHI 5,ARI 18,2372,2674,6,27,Home,21,33,-3,42.5,0,closed,grass,NA,NA,Ken Whisenhunt,Andy Reid,PHO00,University of Phoenix Stadium,0,1,NA,NA,L.McCoy,25,NA,NA,0,1,0,0,1,NA,00-0027029,NA,L.McCoy,25,00-0027029,L.McCoy,00-0027029,L.McCoy,00-0027029,0,0,0.4030503856483847,NA,NA,NA,NA,NA,0.6298155784606934,-62.981557846069336,2012,Go for it,NA,NA,NA,NA,NA,NA,NA,NA,NA,NA,Toss Up,Go for it,Andy Reid,Ken Whisenhunt,8:46,NA,NA,NA,NA,NA,NA,NA,NA,NA,NA
2560,2012_03_PHI_ARI,2012092309,ARI,PHI,REG,3,PHI,away,ARI,ARI,48,2012-09-23,492,1392,1392,Half2,0,14,0,3,2,0,08:12,ARI 48,3,77,(8:12) 7-M.Vick pass short right to 81-J.Avant to ARI 40 for 8 yards (49-R.Johnson) [94-S.Acho].,pass,8,0,0,1,0,0,0,short,right,7,1,NA,NA,NA,NA,NA,NA,3,3,0,NA,NA,NA,NA,3,3,24,0,0,24,-24,0,24,-24,0.0036076109390705824,0.09811865538358688,0.001281991833820939,0.17482346296310425,0.29113250970840454,0.004415277391672134,0.4266204833984375,0,0,2.347887277137488,0.7836670547258109,21.830730861849755,-21.830730861849755,-8.210244357469492,8.210244357469492,24.34599316121709,-24.34599316121709,0.7375533825252205,0.04611367220059037,0.7375533825252205,0.04611367220059037,-4.506714043964166,4.506714043964166,10.460066882427782,-10.460066882427782,-22.97866429388523,22.97866429388523,32.354319905512966,-32.354319905512966,0.009648744948208332,0.9903512550517917,0.9903512550517917,0.009648744948208332,7.611112669110298e-4,5.354881286621094e-4,-5.354881286621094e-4,0.9895901437848806,0.010409856215119362,0.03225106745958328,0.9677489325404167,-0.0621778154745698,0.0621778154745698,0.34223370355922433,-0.34223370355922433,0,7.611112669110298e-4,0,7.611112669110298e-4,-0.09158146381378174,0.09158146381378174,0.24018349233327874,-0.24018349233327874,-0.09158146381378174,0.09158146381378174,0.280451071590767,-0.280451071590767,0,0,1,0,0,0,0,0,0,0,0,0,0,0,0,0,0,0,0,0,0,0,0,0,1,0,0,0,0,0,0,1,0,1,0,0,0,0,0,0,0,0,0,0,0,1,0,0,0,0,0,00-0020245,M.Vick,8,00-0024324,J.Avant,8,NA,NA,NA,NA,NA,NA,NA,NA,NA,NA,NA,NA,NA,NA,NA,NA,NA,NA,NA,NA,NA,NA,NA,NA,NA,NA,NA,NA,NA,NA,NA,NA,NA,NA,NA,00-0028041,S.Acho,NA,NA,NA,NA,NA,NA,NA,NA,ARI,NA,00-0027067,NA,R.Johnson,NA,NA,NA,NA,NA,NA,NA,NA,NA,NA,NA,NA,NA,0,NA,NA,NA,NA,NA,NA,NA,NA,NA,NA,NA,NA,NA,NA,NA,NA,NA,NA,NA,NA,NA,NA,NA,NA,NA,NA,NA,NA,NA,NA,NA,0,NA,NA,NA,NA,0,NA,NA,0,0,0,0,NA,NA,2012,0.4117518961429596,58.82481038570404,32,1,First down,2560,"9/23/12, 16:05:33",2012-09-23T22:05:20Z,State Farm Stadium,"Temp: ° F, Wind: mph",10012012-0923-0983-16fc-87e5113fe1b7,0,0,PASS,0,NA,NA,NA,14,Field goal,2012-09-23T21:59:48Z,13,6:30,5,1,1,3,3,0,PUNT,FIELD_GOAL,11:37,05:07,PHI 5,ARI 18,2372,2674,6,27,Home,21,33,-3,42.5,0,closed,grass,NA,NA,Ken Whisenhunt,Andy Reid,PHO00,University of Phoenix Stadium,0,1,M.Vick,7,NA,NA,J.Avant,81,1,0,1,0,1,00-0020245,NA,00-0024324,M.Vick,7,00-0020245,J.Avant,00-0024324,J.Avant,00-0024324,0,0,0.7836670547258109,0.248638475291437,3.5834627718722913,1,0.9995304013136774,0.9995304013136774,0.5868862271308899,41.31137728691101,2012,Go for it,NA,NA,NA,NA,NA,NA,NA,NA,NA,NA,Toss Up,Go for it,Andy Reid,Ken Whisenhunt,8:12,NA,NA,NA,NA,NA,NA,NA,NA,NA,NA
2584,2012_03_PHI_ARI,2012092309,ARI,PHI,REG,3,PHI,away,ARI,ARI,40,2012-09-23,456,1356,1356,Half2,0,14,0,3,1,0,07:36,ARI 40,10,77,(7:36) (No Huddle) 34-B.Brown left tackle to ARI 23 for 17 yards (21-P.Peterson).,run,17,0,1,0,0,0,0,NA,NA,NA,NA,left,tackle,NA,NA,NA,NA,3,3,0,NA,NA,NA,NA,3,3,24,0,0,24,-24,0,24,-24,0.0035667221527546644,0.07243811339139938,0.001078410423360765,0.12125810980796814,0.34785863757133484,0.00406876252964139,0.4497312605381012,0,0,3.131554331863299,1.2539458725368604,20.576784989312895,-20.576784989312895,-9.464190230006352,9.464190230006352,24.34599316121709,-24.34599316121709,NA,NA,0,0,-4.506714043964166,4.506714043964166,10.460066882427782,-10.460066882427782,-22.97866429388523,22.97866429388523,32.354319905512966,-32.354319905512966,0.010409856215119362,0.9895901437848806,0.9895901437848806,0.010409856215119362,0.0020846957340836525,0.006779629737138748,-0.006779629737138748,0.987505448050797,0.012494551949203014,0.03278655558824539,0.9672134444117546,-0.06426251120865345,0.06426251120865345,0.34223370355922433,-0.34223370355922433,NA,NA,0,0,-0.09158146381378174,0.09158146381378174,0.24018349233327874,-0.24018349233327874,-0.09158146381378174,0.09158146381378174,0.280451071590767,-0.280451071590767,0,1,0,0,0,0,0,0,0,0,0,0,0,0,0,0,0,0,0,0,0,0,0,0,1,0,0,0,0,0,0,0,1,0,0,0,0,0,0,0,0,0,0,0,0,0,0,0,0,0,0,NA,NA,NA,NA,NA,NA,00-0029429,B.Brown,17,NA,NA,NA,NA,NA,NA,NA,NA,NA,NA,NA,NA,NA,NA,NA,NA,NA,NA,NA,NA,NA,NA,NA,NA,NA,NA,NA,NA,NA,NA,NA,NA,NA,NA,NA,NA,NA,NA,NA,NA,NA,NA,ARI,NA,00-0027943,NA,P.Peterson,NA,NA,NA,NA,NA,NA,NA,NA,NA,NA,NA,NA,NA,0,NA,NA,NA,NA,NA,NA,NA,NA,NA,NA,NA,NA,NA,NA,NA,NA,NA,NA,NA,NA,NA,NA,NA,NA,NA,NA,NA,NA,NA,NA,NA,0,NA,NA,NA,NA,0,NA,NA,0,0,0,0,NA,NA,2012,NA,NA,33,1,First down,2584,"9/23/12, 16:05:33",2012-09-23T22:05:56Z,State Farm Stadium,"Temp: ° F, Wind: mph",10012012-0923-0983-16fc-87e5113fe1b7,0,0,RUSH,0,NA,NA,NA,14,Field goal,2012-09-23T21:59:48Z,13,6:30,5,1,1,3,3,0,PUNT,FIELD_GOAL,11:37,05:07,PHI 5,ARI 18,2372,2674,6,27,Home,21,33,-3,42.5,0,closed,grass,NA,NA,Ken Whisenhunt,Andy Reid,PHO00,University of Phoenix Stadium,0,1,NA,NA,B.Brown,34,NA,NA,0,1,1,0,1,NA,00-0029429,NA,B.Brown,34,00-0029429,B.Brown,00-0029429,B.Brown,00-0029429,0,0,1.2539458725368604,NA,NA,NA,NA,NA,0.6347350478172302,-63.47350478172302,2012,Go for it,NA,NA,NA,NA,NA,NA,NA,NA,NA,NA,Toss Up,Go for it,Andy Reid,Ken Whisenhunt,7:36,NA,NA,NA,NA,NA,NA,NA,NA,NA,NA
2605,2012_03_PHI_ARI,2012092309,ARI,PHI,REG,3,PHI,away,ARI,ARI,23,2012-09-23,424,1324,1324,Half2,0,14,0,3,1,0,07:04,ARI 23,10,77,(7:04) (No Huddle) 34-B.Brown right tackle pushed ob at ARI 22 for 1 yard (50-O.Schofield).,run,1,0,1,0,0,0,0,NA,NA,NA,NA,right,tackle,NA,NA,NA,NA,3,3,0,NA,NA,NA,NA,3,3,24,0,0,24,-24,0,24,-24,0.002374643459916115,0.03247944265604019,6.626827525906265e-4,0.04391901195049286,0.411638468503952,0.0011396636255085468,0.5077860355377197,0,0,4.385500204400159,-0.38739721185993403,20.96418220117283,-20.96418220117283,-9.076793018146418,9.076793018146418,24.34599316121709,-24.34599316121709,NA,NA,0,0,-4.506714043964166,4.506714043964166,10.460066882427782,-10.460066882427782,-22.97866429388523,22.97866429388523,32.354319905512966,-32.354319905512966,0.012494551949203014,0.987505448050797,0.987505448050797,0.012494551949203014,-0.0011643636971712112,-0.004157833755016327,0.004157833755016327,0.9886698117479682,0.011330188252031803,0.03956618532538414,0.9604338146746159,-0.06309814751148224,0.06309814751148224,0.34223370355922433,-0.34223370355922433,NA,NA,0,0,-0.09158146381378174,0.09158146381378174,0.24018349233327874,-0.24018349233327874,-0.09158146381378174,0.09158146381378174,0.280451071590767,-0.280451071590767,0,0,0,0,0,0,0,0,0,0,0,0,0,0,0,0,0,0,0,0,0,0,0,0,1,0,0,0,0,0,0,0,1,0,0,0,0,0,0,0,0,0,0,0,0,0,0,0,0,0,0,NA,NA,NA,NA,NA,NA,00-0029429,B.Brown,1,NA,NA,NA,NA,NA,NA,NA,NA,NA,NA,NA,NA,NA,NA,NA,NA,NA,NA,NA,NA,NA,NA,NA,NA,NA,NA,NA,NA,NA,NA,NA,NA,NA,NA,NA,NA,NA,NA,NA,NA,NA,NA,ARI,NA,00-0027730,NA,O.Schofield,NA,NA,NA,NA,NA,NA,NA,NA,NA,NA,NA,NA,NA,0,NA,NA,NA,NA,NA,NA,NA,NA,NA,NA,NA,NA,NA,NA,NA,NA,NA,NA,NA,NA,NA,NA,NA,NA,NA,NA,NA,NA,NA,NA,NA,0,NA,NA,NA,NA,0,NA,NA,0,0,0,0,NA,NA,2012,NA,NA,34,0,Field goal,2605,"9/23/12, 16:05:33",2012-09-23T22:06:28Z,State Farm Stadium,"Temp: ° F, Wind: mph",10012012-0923-0983-16fc-87e5113fe1b7,0,0,RUSH,0,NA,NA,NA,14,Field goal,2012-09-23T21:59:48Z,13,6:30,5,1,1,3,3,0,PUNT,FIELD_GOAL,11:37,05:07,PHI 5,ARI 18,2372,2674,6,27,Home,21,33,-3,42.5,0,closed,grass,NA,NA,Ken Whisenhunt,Andy Reid,PHO00,University of Phoenix Stadium,0,0,NA,NA,B.Brown,34,NA,NA,0,1,0,0,1,NA,00-0029429,NA,B.Brown,34,00-0029429,B.Brown,00-0029429,B.Brown,00-0029429,1,0,-0.38739721185993403,NA,NA,NA,NA,NA,0.6534057259559631,-65.34057259559631,2012,Go for it,NA,NA,NA,NA,NA,NA,NA,NA,NA,NA,Toss Up,Go for it,Andy Reid,Ken Whisenhunt,7:04,NA,NA,NA,NA,NA,NA,NA,NA,NA,NA
2632,2012_03_PHI_ARI,2012092309,ARI,PHI,REG,3,PHI,away,ARI,ARI,22,2012-09-23,390,1290,1290,Half2,0,14,0,3,2,0,06:30,ARI 22,9,77,(6:30) 25-L.McCoy up the middle to ARI 22 for no gain (25-K.Rhodes).,run,0,0,0,0,0,0,0,NA,NA,NA,NA,middle,NA,NA,NA,NA,NA,3,3,0,NA,NA,NA,NA,3,3,24,0,0,24,-24,0,24,-24,0.0026044012047350407,0.03377113863825798,6.568869575858116e-4,0.05015721917152405,0.4830261468887329,0.0011474796338006854,0.428636759519577,0,0,3.9981029925402254,-0.5665315644582734,21.530713765631102,-21.530713765631102,-8.510261453688145,8.510261453688145,24.34599316121709,-24.34599316121709,NA,NA,0,0,-4.506714043964166,4.506714043964166,10.460066882427782,-10.460066882427782,-22.97866429388523,22.97866429388523,32.354319905512966,-32.354319905512966,0.011330188252031803,0.9886698117479682,0.9886698117479682,0.011330188252031803,-0.004849475342780352,-0.008061405271291733,0.008061405271291733,0.9935192870907485,0.0064807129092514515,0.03540835157036781,0.9645916484296322,-0.05824867216870189,0.05824867216870189,0.34223370355922433,-0.34223370355922433,NA,NA,0,0,-0.09158146381378174,0.09158146381378174,0.24018349233327874,-0.24018349233327874,-0.09158146381378174,0.09158146381378174,0.280451071590767,-0.280451071590767,0,0,0,0,0,0,0,0,0,0,0,0,0,0,0,0,0,0,0,0,0,0,0,0,1,0,0,0,0,0,0,0,1,0,0,0,0,0,0,0,0,0,0,0,0,0,0,0,0,0,0,NA,NA,NA,NA,NA,NA,00-0027029,L.McCoy,0,NA,NA,NA,NA,NA,NA,NA,NA,NA,NA,NA,NA,NA,NA,NA,NA,NA,NA,NA,NA,NA,NA,NA,NA,NA,NA,NA,NA,NA,NA,NA,NA,NA,NA,NA,NA,NA,NA,NA,NA,NA,NA,ARI,NA,00-0023557,NA,K.Rhodes,NA,NA,NA,NA,NA,NA,NA,NA,NA,NA,NA,NA,NA,0,NA,NA,NA,NA,NA,NA,NA,NA,NA,NA,NA,NA,NA,NA,NA,NA,NA,NA,NA,NA,NA,NA,NA,NA,NA,NA,NA,NA,NA,NA,NA,0,NA,NA,NA,NA,0,NA,NA,0,0,0,0,NA,NA,2012,NA,NA,34,0,Field goal,2632,"9/23/12, 16:05:33",2012-09-23T22:07:14Z,State Farm Stadium,"Temp: ° F, Wind: mph",10012012-0923-0983-16fc-87e5113fe1b7,0,0,RUSH,0,NA,NA,NA,14,Field goal,2012-09-23T21:59:48Z,13,6:30,5,1,1,3,3,0,PUNT,FIELD_GOAL,11:37,05:07,PHI 5,ARI 18,2372,2674,6,27,Home,21,33,-3,42.5,0,closed,grass,NA,NA,Ken Whisenhunt,Andy Reid,PHO00,University of Phoenix Stadium,0,0,NA,NA,L.McCoy,25,NA,NA,0,1,0,0,1,NA,00-0027029,NA,L.McCoy,25,00-0027029,L.McCoy,00-0027029,L.McCoy,00-0027029,0,0,-0.5665315644582734,NA,NA,NA,NA,NA,0.8390251398086548,-83.90251398086548,2012,Go for it,NA,NA,NA,NA,NA,NA,NA,NA,NA,NA,Toss Up,Go for it,Andy Reid,Ken Whisenhunt,6:30,NA,NA,NA,NA,NA,NA,NA,NA,NA,NA
2653,2012_03_PHI_ARI,2012092309,ARI,PHI,REG,3,PHI,away,ARI,ARI,22,2012-09-23,353,1253,1253,Half2,0,14,0,3,3,0,05:53,ARI 22,9,77,(5:53) (Shotgun) 7-M.Vick scrambles up the middle to ARI 18 for 4 yards (50-O.Schofield).,run,4,1,0,1,0,0,1,NA,NA,NA,NA,middle,NA,NA,NA,NA,NA,3,3,0,NA,NA,NA,NA,3,3,24,0,0,24,-24,0,24,-24,0.002878101309761405,0.03802081570029259,6.531972321681678e-4,0.05413814261555672,0.5996591448783875,0.0011249104281887412,0.3035257160663605,0,0,3.431571428081952,-0.8586485370257169,22.38936230265682,-22.38936230265682,-7.651612916662428,7.651612916662428,24.34599316121709,-24.34599316121709,NA,NA,0,0,-4.506714043964166,4.506714043964166,10.460066882427782,-10.460066882427782,-22.97866429388523,22.97866429388523,32.354319905512966,-32.354319905512966,0.0064807129092514515,0.9935192870907485,0.9935192870907485,0.0064807129092514515,-0.0012542149052023888,-0.008397363126277924,0.008397363126277924,0.9947735019959509,0.005226498004049063,0.02734694629907608,0.9726530537009239,-0.0569944572634995,0.0569944572634995,0.34223370355922433,-0.34223370355922433,NA,NA,0,0,-0.09158146381378174,0.09158146381378174,0.24018349233327874,-0.24018349233327874,-0.09158146381378174,0.09158146381378174,0.280451071590767,-0.280451071590767,0,0,0,0,0,1,0,0,0,0,0,0,0,0,0,0,0,0,0,0,0,0,0,0,1,0,0,0,0,0,0,0,1,0,0,0,0,0,0,0,0,0,0,0,0,0,0,0,0,0,0,NA,NA,NA,NA,NA,NA,00-0020245,M.Vick,4,NA,NA,NA,NA,NA,NA,NA,NA,NA,NA,NA,NA,NA,NA,NA,NA,NA,NA,NA,NA,NA,NA,NA,NA,NA,NA,NA,NA,NA,NA,NA,NA,NA,NA,NA,NA,NA,NA,NA,NA,NA,NA,ARI,NA,00-0027730,NA,O.Schofield,NA,NA,NA,NA,NA,NA,NA,NA,NA,NA,NA,NA,NA,0,NA,NA,NA,NA,NA,NA,NA,NA,NA,NA,NA,NA,NA,NA,NA,NA,NA,NA,NA,NA,NA,NA,NA,NA,NA,NA,NA,NA,NA,NA,NA,0,NA,NA,NA,NA,0,NA,NA,0,0,0,0,NA,NA,2012,NA,NA,34,0,Field goal,2653,"9/23/12, 16:05:33",2012-09-23T22:07:52Z,State Farm Stadium,"Temp: ° F, Wind: mph",10012012-0923-0983-16fc-87e5113fe1b7,0,0,RUSH,0,NA,NA,NA,14,Field goal,2012-09-23T21:59:48Z,13,6:30,5,1,1,3,3,0,PUNT,FIELD_GOAL,11:37,05:07,PHI 5,ARI 18,2372,2674,6,27,Home,21,33,-3,42.5,0,closed,grass,NA,NA,Ken Whisenhunt,Andy Reid,PHO00,University of Phoenix Stadium,0,0,M.Vick,7,NA,7,NA,NA,1,0,0,0,1,00-0020245,NA,NA,M.Vick,7,00-0020245,M.Vick,00-0020245,M.Vick,00-0020245,0,0,-0.8586485370257169,NA,NA,NA,NA,NA,0.9741185307502747,2.588146924972534,2012,Go for it,NA,NA,NA,NA,NA,NA,NA,NA,NA,NA,Toss Up,Go for it,Andy Reid,Ken Whisenhunt,5:53,NA,NA,NA,NA,NA,NA,NA,NA,NA,NA
2674,2012_03_PHI_ARI,2012092309,ARI,PHI,REG,3,PHI,away,ARI,ARI,18,2012-09-23,311,1211,1211,Half2,0,14,1,3,4,0,05:11,ARI 18,5,77,"(5:11) 6-A.Henery 36 yard field goal is GOOD, Center-46-J.Dorenbos, Holder-8-C.Henry.",field_goal,0,0,0,0,0,0,0,NA,NA,NA,NA,NA,NA,made,36,NA,NA,3,3,0,NA,NA,NA,NA,3,3,24,3,0,24,-24,3,24,-21,0.00154282938357337,0.025417268511566834,3.8252865985893386e-4,0.03875371986618658,0.9033963237129876,5.048986241840778e-4,0.030002432083804154,0,0,2.572922891056235,0.4270771089437648,21.962285193713054,-21.962285193713054,-7.651612916662428,7.651612916662428,24.34599316121709,-24.34599316121709,NA,NA,0,0,-4.506714043964166,4.506714043964166,10.460066882427782,-10.460066882427782,-22.97866429388523,22.97866429388523,32.354319905512966,-32.354319905512966,0.005226498004049063,0.9947735019959509,0.9947735019959509,0.005226498004049063,0.006026084069162607,0.01718972623348236,-0.01718972623348236,0.9887474179267883,0.01125258207321167,0.018949583172798157,0.9810504168272018,-0.0569944572634995,0.0569944572634995,0.34223370355922433,-0.34223370355922433,NA,NA,0,0,-0.09158146381378174,0.09158146381378174,0.24018349233327874,-0.24018349233327874,-0.09158146381378174,0.09158146381378174,0.280451071590767,-0.280451071590767,0,0,0,0,0,0,0,0,0,0,0,0,0,0,0,0,0,0,0,0,0,0,0,0,0,0,0,0,0,0,0,0,0,0,0,0,0,0,0,0,0,1,0,0,0,0,0,0,0,0,0,NA,NA,NA,NA,NA,NA,NA,NA,NA,NA,NA,NA,NA,NA,NA,NA,NA,NA,NA,NA,NA,NA,NA,NA,NA,NA,NA,NA,NA,NA,NA,A.Henery,00-0028058,NA,NA,NA,NA,NA,NA,NA,NA,NA,NA,NA,NA,NA,NA,NA,NA,NA,NA,NA,NA,NA,NA,NA,NA,NA,NA,NA,NA,NA,NA,NA,NA,NA,NA,NA,NA,0,NA,NA,NA,NA,NA,NA,NA,NA,NA,NA,NA,NA,NA,NA,NA,NA,NA,NA,NA,NA,NA,NA,NA,NA,NA,NA,NA,NA,NA,NA,NA,0,NA,NA,NA,NA,0,NA,NA,0,0,0,0,NA,NA,2012,NA,NA,34,0,Field goal,2674,"9/23/12, 16:05:33",2012-09-23T22:08:33Z,State Farm Stadium,"Temp: ° F, Wind: mph",10012012-0923-0983-16fc-87e5113fe1b7,0,0,FIELD_GOAL,0,NA,NA,NA,14,Field goal,2012-09-23T21:59:48Z,13,6:30,5,1,1,3,3,0,PUNT,FIELD_GOAL,11:37,05:07,PHI 5,ARI 18,2372,2674,6,27,Home,21,33,-3,42.5,0,closed,grass,NA,NA,Ken Whisenhunt,Andy Reid,PHO00,University of Phoenix Stadium,0,1,NA,NA,NA,NA,NA,NA,0,0,0,1,0,NA,NA,NA,NA,NA,NA,NA,NA,NA,NA,0,0,0.4270771089437648,NA,NA,NA,NA,NA,NA,NA,2012,Field Goal,NA,0.3178903071457171,0.042377362530740495,NA,NA,NA,0.04061603546142578,0.2644944190979004,NA,NA,Toss Up,Field Goal,Andy Reid,Ken Whisenhunt,5:11,0.9033963237129876,90,NA,32,4,NA,NA,NA,26,4
2708,2012_03_PHI_ARI,2012092309,ARI,PHI,REG,3,ARI,home,PHI,PHI,35,2012-09-23,307,1207,1207,Half2,0,15,0,3,NA,0,05:07,PHI 35,0,-15,"6-A.Henery kicks 65 yards from PHI 35 to end zone, Touchback.",kickoff,0,0,0,0,0,0,0,NA,NA,NA,NA,NA,NA,NA,65,NA,NA,3,3,0,NA,NA,NA,NA,3,3,24,3,24,3,21,24,3,21,0.013460913673043251,0.16327820718288422,0.003253151196986437,0.24326002597808838,0.21358460187911987,0.0035998146049678326,0.35956326127052307,0,0,0.9657351579517126,0,21.962285193713054,-21.962285193713054,-7.651612916662428,7.651612916662428,24.34599316121709,-24.34599316121709,NA,NA,0,0,-4.506714043964166,4.506714043964166,10.460066882427782,-10.460066882427782,-22.97866429388523,22.97866429388523,32.354319905512966,-32.354319905512966,0.9887474179267883,0.01125258207321167,0.9887474179267883,0.01125258207321167,0,0,0,0.9887474179267883,0.01125258207321167,0.9638606905937195,0.9638606905937195,-0.0569944572634995,0.0569944572634995,0.34223370355922433,-0.34223370355922433,NA,NA,0,0,-0.09158146381378174,0.09158146381378174,0.24018349233327874,-0.24018349233327874,-0.09158146381378174,0.09158146381378174,0.280451071590767,-0.280451071590767,0,0,0,0,0,0,0,0,0,1,0,0,0,0,0,0,0,0,0,0,0,0,0,0,0,0,0,0,0,0,0,0,0,0,0,0,0,0,0,0,0,0,1,0,0,0,0,0,0,0,0,NA,NA,NA,NA,NA,NA,NA,NA,NA,NA,NA,NA,NA,NA,NA,NA,NA,NA,NA,NA,NA,NA,NA,NA,NA,NA,NA,NA,NA,NA,NA,A.Henery,00-0028058,NA,NA,NA,NA,NA,NA,NA,NA,NA,NA,NA,NA,NA,NA,NA,NA,NA,NA,NA,NA,NA,NA,NA,NA,NA,NA,NA,NA,NA,NA,NA,NA,NA,NA,NA,NA,0,NA,NA,NA,NA,NA,NA,NA,NA,NA,NA,NA,NA,NA,NA,NA,NA,NA,NA,NA,NA,NA,NA,NA,NA,NA,NA,NA,NA,NA,NA,ARI,0,NA,NA,NA,NA,0,NA,NA,0,0,0,0,NA,NA,2012,NA,NA,35,0,Punt,2708,"9/23/12, 16:05:33",2012-09-23T22:11:01Z,State Farm Stadium,"Temp: ° F, Wind: mph",10012012-0923-0983-16fc-87e5113fe1b7,0,0,KICK_OFF,1,NA,NA,NA,15,Punt,2012-09-23T22:11:01Z,3,1:53,0,0,0,3,3,0,KICKOFF,PUNT,05:07,03:14,ARI 20,ARI 5,2708,2800,6,27,Home,21,33,-3,42.5,0,closed,grass,NA,NA,Ken Whisenhunt,Andy Reid,PHO00,University of Phoenix Stadium,0,0,NA,NA,NA,NA,NA,NA,0,0,0,1,0,NA,NA,NA,NA,NA,NA,NA,NA,NA,NA,0,0,0,NA,NA,NA,NA,NA,NA,NA,2012,Other,NA,NA,NA,NA,NA,NA,NA,NA,NA,NA,Toss Up,Other,Andy Reid,Ken Whisenhunt,5:07,NA,NA,NA,NA,NA,NA,NA,NA,NA,NA
2739,2012_03_PHI_ARI,2012092309,ARI,PHI,REG,3,ARI,home,PHI,ARI,80,2012-09-23,307,1207,1207,Half2,0,15,0,3,1,0,05:07,ARI 20,10,-15,(5:07) 34-R.Williams left end pushed ob at ARI 23 for 3 yards (24-N.Asomugha).,run,3,0,0,0,0,0,0,NA,NA,NA,NA,left,end,NA,NA,NA,NA,3,3,0,NA,NA,NA,NA,3,3,24,3,24,3,21,24,3,21,0.013460913673043251,0.16327820718288422,0.003253151196986437,0.24326002597808838,0.21358460187911987,0.0035998146049678326,0.35956326127052307,0,0,0.9657351579517126,-0.3735917182639241,21.58869347544913,-21.58869347544913,-8.025204634926352,8.025204634926352,24.34599316121709,-24.34599316121709,NA,NA,0,0,-4.506714043964166,4.506714043964166,10.460066882427782,-10.460066882427782,-22.97866429388523,22.97866429388523,32.354319905512966,-32.354319905512966,0.9887474179267883,0.01125258207321167,0.9887474179267883,0.01125258207321167,-7.187128067016602e-4,0.005527019500732422,0.005527019500732422,0.9880287051200867,0.01197129487991333,0.9638606905937195,0.9638606905937195,-0.05771317007020116,0.05771317007020116,0.34223370355922433,-0.34223370355922433,NA,NA,0,0,-0.09158146381378174,0.09158146381378174,0.24018349233327874,-0.24018349233327874,-0.09158146381378174,0.09158146381378174,0.280451071590767,-0.280451071590767,0,0,0,0,0,0,0,0,0,0,0,0,0,0,0,0,0,0,0,0,0,0,0,0,1,0,0,0,0,0,0,0,1,0,0,0,0,0,0,0,0,0,0,0,0,0,0,0,0,0,0,NA,NA,NA,NA,NA,NA,00-0027976,R.Williams,3,NA,NA,NA,NA,NA,NA,NA,NA,NA,NA,NA,NA,NA,NA,NA,NA,NA,NA,NA,NA,NA,NA,NA,NA,NA,NA,NA,NA,NA,NA,NA,NA,NA,NA,NA,NA,NA,NA,NA,NA,NA,NA,PHI,NA,00-0022077,NA,N.Asomugha,NA,NA,NA,NA,NA,NA,NA,NA,NA,NA,NA,NA,NA,0,NA,NA,NA,NA,NA,NA,NA,NA,NA,NA,NA,NA,NA,NA,NA,NA,NA,NA,NA,NA,NA,NA,NA,NA,NA,NA,NA,NA,NA,NA,NA,0,NA,NA,NA,NA,0,NA,NA,0,0,0,0,NA,NA,2012,NA,NA,35,0,Punt,2739,"9/23/12, 16:05:33",2012-09-23T22:13:33Z,State Farm Stadium,"Temp: ° F, Wind: mph",10012012-0923-0983-16fc-87e5113fe1b7,0,0,RUSH,0,NA,NA,NA,15,Punt,2012-09-23T22:11:01Z,3,1:53,0,0,0,3,3,0,KICKOFF,PUNT,05:07,03:14,ARI 20,ARI 5,2708,2800,6,27,Home,21,33,-3,42.5,0,closed,grass,NA,NA,Ken Whisenhunt,Andy Reid,PHO00,University of Phoenix Stadium,0,0,NA,NA,R.Williams,34,NA,NA,0,1,0,0,1,NA,00-0027976,NA,R.Williams,34,00-0027976,R.Williams,00-0027976,R.Williams,00-0027976,1,0,-0.3735917182639241,NA,NA,NA,NA,NA,0.385019451379776,-38.5019451379776,2012,Go for it,NA,NA,NA,NA,NA,NA,NA,NA,NA,NA,Toss Up,Go for it,Andy Reid,Ken Whisenhunt,5:07,NA,NA,NA,NA,NA,NA,NA,NA,NA,NA
2760,2012_03_PHI_ARI,2012092309,ARI,PHI,REG,3,ARI,home,PHI,ARI,77,2012-09-23,276,1176,1176,Half2,0,15,0,3,2,0,04:36,ARI 23,7,-15,(4:36) (Shotgun) 36-L.Stephens-Howling up the middle to ARI 19 for -4 yards (55-D.Tapp; 95-M.Kendricks).,run,-4,1,0,0,0,0,0,NA,NA,NA,NA,middle,NA,NA,NA,NA,NA,3,3,0,NA,NA,NA,NA,3,3,24,3,24,3,21,24,3,21,0.01685449481010437,0.16502521932125092,0.0032283058390021324,0.2691175043582916,0.20557616651058197,0.004123698454350233,0.3360746204853058,0,0,0.5921434396877885,-1.255605589132756,20.333087886316374,-20.333087886316374,-9.280810224059108,9.280810224059108,24.34599316121709,-24.34599316121709,NA,NA,0,0,-4.506714043964166,4.506714043964166,10.460066882427782,-10.460066882427782,-22.97866429388523,22.97866429388523,32.354319905512966,-32.354319905512966,0.9880287051200867,0.01197129487991333,0.9880287051200867,0.01197129487991333,-0.001418471336364746,-0.007875978946685791,-0.007875978946685791,0.9866102337837219,0.013389766216278076,0.9693877100944519,0.9693877100944519,-0.059131641406565905,0.059131641406565905,0.34223370355922433,-0.34223370355922433,NA,NA,0,0,-0.09158146381378174,0.09158146381378174,0.24018349233327874,-0.24018349233327874,-0.09158146381378174,0.09158146381378174,0.280451071590767,-0.280451071590767,0,0,0,0,0,0,0,0,0,0,0,0,0,0,0,0,0,0,0,0,0,0,0,0,0,0,0,1,0,0,0,0,1,0,0,0,0,0,0,0,0,0,0,0,0,0,1,0,0,0,0,NA,NA,NA,NA,NA,NA,00-0026956,L.Stephens-Howling,-4,NA,NA,NA,NA,NA,NA,NA,NA,NA,NA,NA,NA,NA,NA,NA,NA,NA,NA,NA,NA,NA,NA,NA,NA,NA,NA,NA,NA,NA,NA,NA,NA,NA,NA,NA,NA,NA,NA,NA,NA,NA,NA,NA,NA,NA,NA,NA,NA,00-0024278,D.Tapp,PHI,00-0029409,M.Kendricks,PHI,NA,NA,NA,NA,NA,NA,0,NA,NA,NA,NA,NA,NA,NA,NA,NA,NA,NA,NA,NA,NA,NA,NA,NA,NA,NA,NA,NA,NA,NA,NA,NA,NA,NA,NA,NA,NA,NA,0,NA,NA,NA,NA,0,NA,NA,0,0,0,0,NA,NA,2012,NA,NA,35,0,Punt,2760,"9/23/12, 16:05:33",2012-09-23T22:14:15Z,State Farm Stadium,"Temp: ° F, Wind: mph",10012012-0923-0983-16fc-87e5113fe1b7,0,0,RUSH,0,NA,NA,NA,15,Punt,2012-09-23T22:11:01Z,3,1:53,0,0,0,3,3,0,KICKOFF,PUNT,05:07,03:14,ARI 20,ARI 5,2708,2800,6,27,Home,21,33,-3,42.5,0,closed,grass,NA,NA,Ken Whisenhunt,Andy Reid,PHO00,University of Phoenix Stadium,0,0,NA,NA,L.Stephens-Howling,36,NA,NA,0,1,0,0,1,NA,00-0026956,NA,L.Stephens-Howling,36,00-0026956,L.Stephens-Howling,00-0026956,L.Stephens-Howling,00-0026956,0,0,-1.255605589132756,NA,NA,NA,NA,NA,0.5944708585739136,-59.44708585739136,2012,Go for it,NA,NA,NA,NA,NA,NA,NA,NA,NA,NA,Toss Up,Go for it,Andy Reid,Ken Whisenhunt,4:36,NA,NA,NA,NA,NA,NA,NA,NA,NA,NA
2781,2012_03_PHI_ARI,2012092309,ARI,PHI,REG,3,ARI,home,PHI,ARI,81,2012-09-23,237,1137,1137,Half2,0,15,0,3,3,0,03:57,ARI 19,11,-15,(3:57) (Shotgun) 4-K.Kolb sacked at ARI 5 for -14 yards (93-J.Babin).,pass,-14,1,0,1,0,0,0,NA,NA,NA,NA,NA,NA,NA,NA,NA,NA,3,3,0,NA,NA,NA,NA,3,3,24,3,24,3,21,24,3,21,0.01749512366950512,0.22407640516757965,0.003975398372858763,0.3269200623035431,0.167577862739563,0.00345232174731791,0.2565028667449951,0,0,-0.6634621494449675,-2.179420199012384,18.15366768730399,-18.15366768730399,-9.280810224059108,9.280810224059108,22.166572962204707,-22.166572962204707,NA,NA,0,0,-4.506714043964166,4.506714043964166,10.460066882427782,-10.460066882427782,-22.97866429388523,22.97866429388523,32.354319905512966,-32.354319905512966,0.9866102337837219,0.013389766216278076,0.9866102337837219,0.013389766216278076,-0.005422353744506836,-0.005894064903259277,-0.005894064903259277,0.9811878800392151,0.018812119960784912,0.9615117311477661,0.9615117311477661,-0.059131641406565905,0.059131641406565905,0.3368113498147175,-0.3368113498147175,NA,NA,0,0,-0.09158146381378174,0.09158146381378174,0.24018349233327874,-0.24018349233327874,-0.09158146381378174,0.09158146381378174,0.280451071590767,-0.280451071590767,0,0,0,0,0,1,0,0,0,0,0,0,0,0,0,0,0,0,0,0,0,0,0,0,1,0,0,0,0,0,0,1,0,1,1,0,0,0,0,0,0,0,0,0,0,0,0,0,0,0,0,00-0025423,K.Kolb,NA,NA,NA,NA,NA,NA,NA,NA,NA,NA,NA,NA,NA,NA,NA,NA,NA,NA,NA,NA,NA,NA,NA,NA,NA,NA,NA,NA,NA,NA,NA,NA,NA,NA,NA,00-0022695,J.Babin,NA,NA,00-0022695,J.Babin,NA,NA,NA,NA,NA,NA,NA,NA,PHI,NA,00-0022695,NA,J.Babin,NA,NA,NA,NA,NA,NA,NA,NA,NA,NA,NA,NA,NA,0,NA,NA,NA,NA,NA,NA,NA,NA,NA,NA,NA,NA,NA,NA,NA,NA,NA,NA,NA,NA,NA,NA,NA,NA,00-0022695,J.Babin,NA,NA,NA,NA,NA,0,NA,NA,NA,NA,0,NA,NA,0,0,0,0,NA,NA,2012,NA,NA,35,0,Punt,2781,"9/23/12, 16:05:33",2012-09-23T22:14:55Z,State Farm Stadium,"Temp: ° F, Wind: mph",10012012-0923-0983-16fc-87e5113fe1b7,0,0,SACK,0,NA,NA,NA,15,Punt,2012-09-23T22:11:01Z,3,1:53,0,0,0,3,3,0,KICKOFF,PUNT,05:07,03:14,ARI 20,ARI 5,2708,2800,6,27,Home,21,33,-3,42.5,0,closed,grass,NA,NA,Ken Whisenhunt,Andy Reid,PHO00,University of Phoenix Stadium,0,0,K.Kolb,4,NA,NA,NA,NA,1,0,0,0,1,00-0025423,NA,NA,K.Kolb,4,00-0025423,NA,NA,NA,NA,0,0,-2.179420199012384,NA,NA,NA,NA,NA,0.9472517967224121,5.274820327758789,2012,Go for it,NA,NA,NA,NA,NA,NA,NA,NA,NA,NA,Toss Up,Go for it,Andy Reid,Ken Whisenhunt,3:57,NA,NA,NA,NA,NA,NA,NA,NA,NA,NA
2800,2012_03_PHI_ARI,2012092309,ARI,PHI,REG,3,ARI,home,PHI,ARI,95,2012-09-23,203,1103,1103,Half2,0,15,0,3,4,0,03:23,ARI 5,25,-15,"(3:23) 9-D.Zastudil punts 50 yards to PHI 45, Center-82-M.Leach, fair catch by 13-D.Johnson.",punt,0,0,0,0,0,0,0,NA,NA,NA,NA,NA,NA,NA,50,NA,NA,3,3,0,NA,NA,NA,NA,3,3,24,3,24,3,21,24,3,21,0.024212246760725975,0.3358774483203888,0.008619069121778011,0.41915494203567505,0.09015476703643799,0.0016524790553376079,0.12032906711101532,0,0,-2.8428823484573513,0.9285004835110158,19.082168170815006,-19.082168170815006,-9.280810224059108,9.280810224059108,22.166572962204707,-22.166572962204707,NA,NA,0,0,-4.506714043964166,4.506714043964166,10.460066882427782,-10.460066882427782,-22.97866429388523,22.97866429388523,32.354319905512966,-32.354319905512966,0.9811878800392151,0.018812119960784912,0.9811878800392151,0.018812119960784912,-0.0015165060758590698,-0.006857946515083313,-0.006857946515083313,0.979671373963356,0.020328626036643982,0.9556176662445068,0.9556176662445068,-0.059131641406565905,0.059131641406565905,0.3368113498147175,-0.3368113498147175,NA,NA,0,0,-0.09158146381378174,0.09158146381378174,0.24018349233327874,-0.24018349233327874,-0.09158146381378174,0.09158146381378174,0.280451071590767,-0.280451071590767,0,0,0,0,0,0,0,0,0,0,0,0,0,0,0,1,0,0,0,0,0,0,0,0,0,0,0,0,0,0,0,0,0,0,0,0,0,0,0,0,0,0,0,1,0,0,0,0,0,0,0,NA,NA,NA,NA,NA,NA,NA,NA,NA,NA,NA,NA,NA,NA,NA,NA,NA,NA,NA,NA,NA,00-0029435,D.Johnson,NA,NA,NA,NA,NA,NA,00-0021235,D.Zastudil,NA,NA,NA,NA,NA,NA,NA,NA,NA,NA,NA,NA,NA,NA,NA,NA,NA,NA,NA,NA,NA,NA,NA,NA,NA,NA,NA,NA,NA,NA,NA,NA,NA,NA,NA,NA,NA,NA,0,NA,NA,NA,NA,NA,NA,NA,NA,NA,NA,NA,NA,NA,NA,NA,NA,NA,NA,NA,NA,NA,NA,NA,NA,NA,NA,NA,NA,NA,NA,PHI,0,NA,NA,NA,NA,0,NA,NA,0,0,0,0,NA,NA,2012,NA,NA,35,0,Punt,2800,"9/23/12, 16:05:33",2012-09-23T22:15:34Z,State Farm Stadium,"Temp: ° F, Wind: mph",10012012-0923-0983-16fc-87e5113fe1b7,0,0,PUNT,1,NA,NA,NA,15,Punt,2012-09-23T22:11:01Z,3,1:53,0,0,0,3,3,0,KICKOFF,PUNT,05:07,03:14,ARI 20,ARI 5,2708,2800,6,27,Home,21,33,-3,42.5,0,closed,grass,NA,NA,Ken Whisenhunt,Andy Reid,PHO00,University of Phoenix Stadium,0,1,NA,NA,NA,NA,NA,NA,0,0,0,1,0,NA,NA,NA,NA,NA,NA,NA,NA,NA,NA,0,0,0.9285004835110158,NA,NA,NA,NA,NA,NA,NA,2012,Punt,NA,0.03383210713946028,NA,0.8389988207941147,NA,0,0.8730312819534447,0.9706008804732846,0.8730312819534447,0.890438390131559,Punt,Punt,Andy Reid,Ken Whisenhunt,3:23,0,0,NA,3,NA,84,89,87,97,87
2836,2012_03_PHI_ARI,2012092309,ARI,PHI,REG,3,PHI,away,ARI,PHI,55,2012-09-23,194,1094,1094,Half2,0,16,0,3,1,0,03:14,PHI 45,10,33,(3:14) 7-M.Vick pass short left to 10-D.Jackson to ARI 39 for 16 yards (25-K.Rhodes).,pass,16,0,0,1,0,0,0,short,left,11,5,NA,NA,NA,NA,NA,NA,3,3,0,NA,NA,NA,NA,3,3,24,3,3,24,-21,3,24,-21,0.018889185041189194,0.10726897418498993,0.001580782700330019,0.19401323795318604,0.28283509612083435,0.0037902763579040766,0.3916224539279938,0,0,1.9143818649463356,1.2344425250776112,17.847725645737395,-17.847725645737395,-9.280810224059108,9.280810224059108,20.932130437127096,-20.932130437127096,0.785308453021571,0.44913407205604017,0.785308453021571,0.44913407205604017,-5.292022496985737,5.292022496985737,10.010932810371742,-10.010932810371742,-23.763972746906802,23.763972746906802,31.905185833456926,-31.905185833456926,0.020328626036643982,0.979671373963356,0.979671373963356,0.020328626036643982,0.0012653693556785583,-0.0020413361489772797,0.0020413361489772797,0.9784060046076775,0.02159399539232254,0.05124028027057648,0.9487597197294235,-0.059131641406565905,0.059131641406565905,0.33554598045903894,-0.33554598045903894,0,0.0012653693556785583,0,0.0012653693556785583,-0.09158146381378174,0.09158146381378174,0.23891812297760018,-0.23891812297760018,-0.09158146381378174,0.09158146381378174,0.27918570223508843,-0.27918570223508843,0,0,1,0,0,0,0,0,0,0,0,0,0,0,0,0,0,0,0,0,0,0,0,0,1,0,0,0,0,0,0,0,0,1,0,0,0,0,0,0,0,0,0,0,0,1,0,0,0,0,0,00-0020245,M.Vick,16,00-0026189,D.Jackson,16,NA,NA,NA,NA,NA,NA,NA,NA,NA,NA,NA,NA,NA,NA,NA,NA,NA,NA,NA,NA,NA,NA,NA,NA,NA,NA,NA,NA,NA,NA,NA,NA,NA,NA,NA,NA,NA,NA,NA,NA,NA,NA,NA,NA,NA,ARI,NA,00-0023557,NA,K.Rhodes,NA,NA,NA,NA,NA,NA,NA,NA,NA,NA,NA,NA,NA,0,NA,NA,NA,NA,NA,NA,NA,NA,NA,NA,NA,NA,NA,NA,NA,NA,NA,NA,NA,NA,NA,NA,NA,NA,NA,NA,NA,NA,NA,NA,NA,0,NA,NA,NA,NA,0,NA,NA,0,0,0,0,NA,NA,2012,0.6196561455726624,38.034385442733765,36,1,First down,2836,"9/23/12, 16:05:33",2012-09-23T22:17:55Z,State Farm Stadium,"Temp: ° F, Wind: mph",10012012-0923-0983-16fc-87e5113fe1b7,0,0,PASS,0,NA,NA,NA,16,Field goal,2012-09-23T22:17:55Z,8,3:12,2,0,1,3,3,0,PUNT,FIELD_GOAL,03:14,00:02,PHI 45,ARI 22,2836,2997,6,27,Home,21,33,-3,42.5,0,closed,grass,NA,NA,Ken Whisenhunt,Andy Reid,PHO00,University of Phoenix Stadium,0,1,M.Vick,7,NA,NA,D.Jackson,10,1,0,1,0,1,00-0020245,NA,00-0026189,M.Vick,7,00-0020245,D.Jackson,00-0026189,D.Jackson,00-0026189,0,0,1.2344425250776112,0.2565977923419396,3.0881844519171864,1,1,0.99313846899895,0.7171943187713623,28.28056812286377,2012,Go for it,NA,NA,NA,NA,NA,NA,NA,NA,NA,NA,Toss Up,Go for it,Andy Reid,Ken Whisenhunt,3:14,NA,NA,NA,NA,NA,NA,NA,NA,NA,NA
2860,2012_03_PHI_ARI,2012092309,ARI,PHI,REG,3,PHI,away,ARI,ARI,39,2012-09-23,157,1057,1057,Half2,0,16,0,3,1,0,02:37,ARI 39,10,33,(2:37) (Shotgun) 7-M.Vick sacked at ARI 42 for -3 yards (54-Q.Groves).,pass,-3,1,0,1,0,0,0,NA,NA,NA,NA,NA,NA,NA,NA,NA,NA,3,3,0,NA,NA,NA,NA,3,3,24,3,3,24,-21,3,24,-21,0.015392404980957508,0.06633331626653671,9.359812829643488e-4,0.11688477545976639,0.35470208525657654,0.003295295173302293,0.44245612621307373,0,0,3.1488243900239468,-1.1685383685398847,19.01626401427728,-19.01626401427728,-9.280810224059108,9.280810224059108,22.10066880566698,-22.10066880566698,NA,NA,0,0,-5.292022496985737,5.292022496985737,10.010932810371742,-10.010932810371742,-23.763972746906802,23.763972746906802,31.905185833456926,-31.905185833456926,0.02159399539232254,0.9784060046076775,0.9784060046076775,0.02159399539232254,-0.004525341093540192,-0.006974473595619202,0.006974473595619202,0.9829313457012177,0.01706865429878235,0.0491989441215992,0.9508010558784008,-0.059131641406565905,0.059131641406565905,0.34007132155257913,-0.34007132155257913,NA,NA,0,0,-0.09158146381378174,0.09158146381378174,0.23891812297760018,-0.23891812297760018,-0.09158146381378174,0.09158146381378174,0.27918570223508843,-0.27918570223508843,0,0,0,0,0,0,0,0,0,0,0,0,0,0,0,0,0,0,0,0,0,0,0,0,1,0,0,0,0,0,0,1,0,1,1,0,0,0,0,0,0,0,0,0,0,0,0,0,0,0,0,00-0020245,M.Vick,NA,NA,NA,NA,NA,NA,NA,NA,NA,NA,NA,NA,NA,NA,NA,NA,NA,NA,NA,NA,NA,NA,NA,NA,NA,NA,NA,NA,NA,NA,NA,NA,NA,NA,NA,00-0026192,Q.Groves,NA,NA,00-0026192,Q.Groves,NA,NA,NA,NA,NA,NA,NA,NA,ARI,NA,00-0026192,NA,Q.Groves,NA,NA,NA,NA,NA,NA,NA,NA,NA,NA,NA,NA,NA,0,NA,NA,NA,NA,NA,NA,NA,NA,NA,NA,NA,NA,NA,NA,NA,NA,NA,NA,NA,NA,NA,NA,NA,NA,00-0026192,Q.Groves,NA,NA,NA,NA,NA,0,NA,NA,NA,NA,0,NA,NA,0,0,0,0,NA,NA,2012,NA,NA,37,1,First down,2860,"9/23/12, 16:05:33",2012-09-23T22:18:33Z,State Farm Stadium,"Temp: ° F, Wind: mph",10012012-0923-0983-16fc-87e5113fe1b7,0,0,SACK,0,NA,NA,NA,16,Field goal,2012-09-23T22:17:55Z,8,3:12,2,0,1,3,3,0,PUNT,FIELD_GOAL,03:14,00:02,PHI 45,ARI 22,2836,2997,6,27,Home,21,33,-3,42.5,0,closed,grass,NA,NA,Ken Whisenhunt,Andy Reid,PHO00,University of Phoenix Stadium,0,0,M.Vick,7,NA,NA,NA,NA,1,0,0,0,1,00-0020245,NA,NA,M.Vick,7,00-0020245,NA,NA,NA,NA,0,0,-1.1685383685398847,NA,NA,NA,NA,NA,0.71490079164505,28.509920835494995,2012,Go for it,NA,NA,NA,NA,NA,NA,NA,NA,NA,NA,Toss Up,Go for it,Andy Reid,Ken Whisenhunt,2:37,NA,NA,NA,NA,NA,NA,NA,NA,NA,NA
2879,2012_03_PHI_ARI,2012092309,ARI,PHI,REG,3,PHI,away,ARI,ARI,42,2012-09-23,127,1027,1027,Half2,0,16,0,3,2,0,02:07,ARI 42,13,33,"(2:07) (No Huddle, Shotgun) 7-M.Vick pass incomplete short middle to 81-J.Avant.",pass,0,1,1,1,0,0,0,short,middle,12,NA,NA,NA,NA,NA,NA,NA,3,3,0,NA,NA,NA,NA,3,3,24,3,3,24,-21,3,24,-21,0.020945776253938675,0.1016816571354866,0.0013574293116107583,0.1741364598274231,0.3456670939922333,0.004696263931691647,0.3515153229236603,0,0,1.980286021484062,-0.9667157060466707,19.98297972032395,-19.98297972032395,-9.280810224059108,9.280810224059108,23.06738451171365,-23.06738451171365,1.4018340399488807,-2.3685497459955513,0,0,-5.292022496985737,5.292022496985737,10.010932810371742,-10.010932810371742,-25.165806786855683,25.165806786855683,34.27373557945248,-34.27373557945248,0.01706865429878235,0.9829313457012177,0.9829313457012177,0.01706865429878235,-0.002460426650941372,-0.003866765648126602,0.003866765648126602,0.985391772352159,0.014608227647840977,0.042224470525979996,0.95777552947402,-0.059131641406565905,0.059131641406565905,0.3425317482035205,-0.3425317482035205,0,-0.002460426650941372,0,0,-0.09158146381378174,0.09158146381378174,0.23891812297760018,-0.23891812297760018,-0.09158146381378174,0.09158146381378174,0.2816461288860298,-0.2816461288860298,0,0,0,0,0,0,0,0,1,0,0,0,0,0,0,0,0,0,0,0,0,0,0,0,0,0,0,0,0,0,0,0,0,1,0,0,0,0,0,0,0,0,0,0,0,0,0,0,0,0,0,00-0020245,M.Vick,NA,00-0024324,J.Avant,NA,NA,NA,NA,NA,NA,NA,NA,NA,NA,NA,NA,NA,NA,NA,NA,NA,NA,NA,NA,NA,NA,NA,NA,NA,NA,NA,NA,NA,NA,NA,NA,NA,NA,NA,NA,NA,NA,NA,NA,NA,NA,NA,NA,NA,NA,NA,NA,NA,NA,NA,NA,NA,NA,NA,NA,NA,NA,NA,NA,NA,NA,NA,NA,0,NA,NA,NA,NA,NA,NA,NA,NA,NA,NA,NA,NA,NA,NA,NA,NA,NA,NA,NA,NA,NA,NA,NA,NA,NA,NA,NA,NA,NA,NA,NA,0,NA,NA,NA,NA,0,NA,NA,0,0,0,0,NA,NA,2012,0.6932825446128845,-69.32825446128845,37,1,First down,2879,"9/23/12, 16:05:33",2012-09-23T22:19:16Z,State Farm Stadium,"Temp: ° F, Wind: mph",10012012-0923-0983-16fc-87e5113fe1b7,0,0,PASS,0,NA,NA,NA,16,Field goal,2012-09-23T22:17:55Z,8,3:12,2,0,1,3,3,0,PUNT,FIELD_GOAL,03:14,00:02,PHI 45,ARI 22,2836,2997,6,27,Home,21,33,-3,42.5,0,closed,grass,NA,NA,Ken Whisenhunt,Andy Reid,PHO00,University of Phoenix Stadium,0,0,M.Vick,7,NA,NA,J.Avant,81,1,0,0,0,1,00-0020245,NA,00-0024324,M.Vick,7,00-0020245,J.Avant,00-0024324,J.Avant,00-0024324,0,0,-0.9667157060466707,0.6250725601052984,4.019901518593542,2,1,0.6922978319926187,0.9200830459594727,7.991695404052734,2012,Go for it,NA,NA,NA,NA,NA,NA,NA,NA,NA,NA,Toss Up,Go for it,Andy Reid,Ken Whisenhunt,2:07,NA,NA,NA,NA,NA,NA,NA,NA,NA,NA
2908,2012_03_PHI_ARI,2012092309,ARI,PHI,REG,3,PHI,away,ARI,ARI,42,2012-09-23,120,1020,1020,Half2,0,16,0,3,3,0,02:00,ARI 42,13,33,(2:00) 7-M.Vick pass short right to 13-D.Johnson to ARI 27 for 15 yards (23-J.Fleming).,pass,15,0,0,1,0,0,0,short,right,15,0,NA,NA,NA,NA,NA,NA,3,3,0,NA,NA,NA,NA,3,3,24,3,3,24,-21,3,24,-21,0.025492750108242035,0.1353602409362793,0.0015022874576970935,0.22411498427391052,0.318972110748291,0.005471870768815279,0.2890857756137848,0,0,1.0135703154373914,3.0607033245032653,16.922276395820685,-16.922276395820685,-9.280810224059108,9.280810224059108,20.006681187210386,-20.006681187210386,3.0607033245032653,0,3.0607033245032653,0,-8.352725821489003,8.352725821489003,10.010932810371742,-10.010932810371742,-28.226510111358948,28.226510111358948,34.27373557945248,-34.27373557945248,0.014608227647840977,0.985391772352159,0.985391772352159,0.014608227647840977,0.010288815014064312,0.013081192970275879,-0.013081192970275879,0.9751029573380947,0.02489704266190529,0.038357704877853394,0.9616422951221466,-0.059131641406565905,0.059131641406565905,0.3322429331894562,-0.3322429331894562,0.010288815014064312,0,0.010288815014064312,0,-0.10187027882784605,0.10187027882784605,0.23891812297760018,-0.23891812297760018,-0.10187027882784605,0.10187027882784605,0.2816461288860298,-0.2816461288860298,0,0,1,0,1,0,0,0,0,0,0,0,0,0,0,0,0,0,0,0,0,0,0,0,1,0,0,0,0,0,0,0,0,1,0,0,0,0,0,0,0,0,0,0,0,1,0,0,0,0,0,00-0020245,M.Vick,15,00-0029435,D.Johnson,15,NA,NA,NA,NA,NA,NA,NA,NA,NA,NA,NA,NA,NA,NA,NA,NA,NA,NA,NA,NA,NA,NA,NA,NA,NA,NA,NA,NA,NA,NA,NA,NA,NA,NA,NA,NA,NA,NA,NA,NA,NA,NA,NA,NA,NA,ARI,NA,00-0029639,NA,J.Fleming,NA,NA,NA,NA,NA,NA,NA,NA,NA,NA,NA,NA,NA,0,NA,NA,NA,NA,NA,NA,NA,NA,NA,NA,NA,NA,NA,NA,NA,NA,NA,NA,NA,NA,NA,NA,NA,NA,NA,NA,NA,NA,NA,NA,NA,0,NA,NA,NA,NA,0,NA,NA,0,0,0,0,NA,NA,2012,0.48678189516067505,51.321810483932495,37,1,First down,2908,"9/23/12, 16:05:33",2012-09-23T22:19:51Z,State Farm Stadium,"Temp: ° F, Wind: mph",10012012-0923-0983-16fc-87e5113fe1b7,0,0,PASS,0,NA,NA,NA,16,Field goal,2012-09-23T22:17:55Z,8,3:12,2,0,1,3,3,0,PUNT,FIELD_GOAL,03:14,00:02,PHI 45,ARI 22,2836,2997,6,27,Home,21,33,-3,42.5,0,closed,grass,NA,NA,Ken Whisenhunt,Andy Reid,PHO00,University of Phoenix Stadium,0,1,M.Vick,7,NA,NA,D.Johnson,13,1,0,1,0,1,00-0020245,NA,00-0029435,M.Vick,7,00-0020245,D.Johnson,00-0029435,D.Johnson,00-0029435,0,0,3.0607033245032653,0.19623838642927938,2.9632593223941512,1,1,0.9973284495645203,0.9856733083724976,1.4326691627502441,2012,Go for it,NA,NA,NA,NA,NA,NA,NA,NA,NA,NA,Toss Up,Go for it,Andy Reid,Ken Whisenhunt,2:00,NA,NA,NA,NA,NA,NA,NA,NA,NA,NA
2932,2012_03_PHI_ARI,2012092309,ARI,PHI,REG,3,PHI,away,ARI,ARI,27,2012-09-23,89,989,989,Half2,0,16,0,3,1,0,01:29,ARI 27,10,33,(1:29) 7-M.Vick left end to ARI 39 for -12 yards (58-D.Washington).,run,-12,0,0,0,0,0,0,NA,NA,NA,NA,left,end,NA,NA,NA,NA,3,3,0,NA,NA,NA,NA,3,3,24,3,3,24,-21,3,24,-21,0.011394758708775043,0.03945863991975784,6.228058482520282e-4,0.056735359132289886,0.4116290807723999,9.920238517224789e-4,0.4791673421859741,0,0,4.074273639940657,-1.9541994138853624,18.876475809706047,-18.876475809706047,-7.3266108101737455,7.3266108101737455,20.006681187210386,-20.006681187210386,NA,NA,0,0,-8.352725821489003,8.352725821489003,10.010932810371742,-10.010932810371742,-28.226510111358948,28.226510111358948,34.27373557945248,-34.27373557945248,0.02489704266190529,0.9751029573380947,0.9751029573380947,0.02489704266190529,-0.005950678139925003,-0.01512204110622406,0.01512204110622406,0.9810536354780197,0.018946364521980286,0.05143889784812927,0.9485611021518707,-0.0531809632666409,0.0531809632666409,0.3322429331894562,-0.3322429331894562,NA,NA,0,0,-0.10187027882784605,0.10187027882784605,0.23891812297760018,-0.23891812297760018,-0.10187027882784605,0.10187027882784605,0.2816461288860298,-0.2816461288860298,0,0,0,0,0,0,0,0,0,0,0,0,0,0,0,0,0,0,0,0,0,0,0,0,1,0,0,1,0,0,0,0,1,0,0,0,0,0,0,0,0,0,0,0,0,0,0,0,0,0,0,NA,NA,NA,NA,NA,NA,00-0020245,M.Vick,-12,NA,NA,NA,NA,NA,NA,NA,NA,NA,NA,NA,NA,NA,NA,NA,NA,NA,NA,NA,NA,NA,NA,NA,NA,NA,NA,NA,NA,00-0027886,D.Washington,NA,NA,NA,NA,NA,NA,NA,NA,NA,NA,NA,NA,ARI,NA,00-0027886,NA,D.Washington,NA,NA,NA,NA,NA,NA,NA,NA,NA,NA,NA,NA,NA,0,NA,NA,NA,NA,NA,NA,NA,NA,NA,NA,NA,NA,NA,NA,NA,NA,NA,NA,NA,NA,NA,NA,NA,NA,NA,NA,NA,NA,NA,NA,NA,0,NA,NA,NA,NA,0,NA,NA,0,0,0,0,NA,NA,2012,NA,NA,38,0,Field goal,2932,"9/23/12, 16:05:33",2012-09-23T22:20:22Z,State Farm Stadium,"Temp: ° F, Wind: mph",10012012-0923-0983-16fc-87e5113fe1b7,0,0,RUSH,0,NA,NA,NA,16,Field goal,2012-09-23T22:17:55Z,8,3:12,2,0,1,3,3,0,PUNT,FIELD_GOAL,03:14,00:02,PHI 45,ARI 22,2836,2997,6,27,Home,21,33,-3,42.5,0,closed,grass,NA,NA,Ken Whisenhunt,Andy Reid,PHO00,University of Phoenix Stadium,0,0,NA,NA,M.Vick,7,NA,NA,0,1,0,0,1,NA,00-0020245,NA,M.Vick,7,00-0020245,M.Vick,00-0020245,M.Vick,00-0020245,0,0,-1.9541994138853624,NA,NA,NA,NA,NA,0.709468424320221,-70.9468424320221,2012,Go for it,NA,NA,NA,NA,NA,NA,NA,NA,NA,NA,Toss Up,Go for it,Andy Reid,Ken Whisenhunt,1:29,NA,NA,NA,NA,NA,NA,NA,NA,NA,NA
2951,2012_03_PHI_ARI,2012092309,ARI,PHI,REG,3,PHI,away,ARI,ARI,39,2012-09-23,55,955,955,Half2,0,16,0,3,2,0,00:55,ARI 39,22,33,(:55) (Shotgun) 7-M.Vick pass deep right to 81-J.Avant to ARI 22 for 17 yards (23-J.Fleming).,pass,17,1,0,1,0,0,0,deep,right,17,0,NA,NA,NA,NA,NA,NA,3,3,0,NA,NA,NA,NA,3,3,24,3,3,24,-21,3,24,-21,0.026097986847162247,0.09038952738046646,0.0012064145412296057,0.14875777065753937,0.4185044467449188,0.00517196673899889,0.3098718225955963,0,0,2.1200742260552943,1.522321728989482,17.354154080716565,-17.354154080716565,-7.3266108101737455,7.3266108101737455,18.484359458220904,-18.484359458220904,1.522321728989482,0,1.522321728989482,0,-9.875047550478484,9.875047550478484,10.010932810371742,-10.010932810371742,-29.74883184034843,29.74883184034843,34.27373557945248,-34.27373557945248,0.018946364521980286,0.9810536354780197,0.9810536354780197,0.018946364521980286,0.004289986565709114,0.009546391665935516,-0.009546391665935516,0.9767636489123106,0.0232363510876894,0.03631685674190521,0.9636831432580948,-0.0531809632666409,0.0531809632666409,0.3279529466237471,-0.3279529466237471,0.004289986565709114,0,0.004289986565709114,0,-0.10616026539355516,0.10616026539355516,0.23891812297760018,-0.23891812297760018,-0.10616026539355516,0.10616026539355516,0.2816461288860298,-0.2816461288860298,0,0,0,0,0,0,0,0,0,0,0,0,0,0,0,0,0,0,0,0,0,0,0,0,1,0,0,0,0,0,0,0,0,1,0,0,0,0,0,0,0,0,0,0,0,1,0,0,0,0,0,00-0020245,M.Vick,17,00-0024324,J.Avant,17,NA,NA,NA,NA,NA,NA,NA,NA,NA,NA,NA,NA,NA,NA,NA,NA,NA,NA,NA,NA,NA,NA,NA,NA,NA,NA,NA,NA,NA,NA,NA,NA,NA,NA,NA,NA,NA,NA,NA,NA,NA,NA,NA,NA,NA,ARI,NA,00-0029639,NA,J.Fleming,NA,NA,NA,NA,NA,NA,NA,NA,NA,NA,NA,NA,NA,0,NA,NA,NA,NA,NA,NA,NA,NA,NA,NA,NA,NA,NA,NA,NA,NA,NA,NA,NA,NA,NA,NA,NA,NA,NA,NA,NA,NA,NA,NA,NA,0,NA,NA,NA,NA,0,NA,NA,0,0,0,0,NA,NA,2012,0.5278162956237793,47.21837043762207,38,0,Field goal,2951,"9/23/12, 16:05:33",2012-09-23T22:21:02Z,State Farm Stadium,"Temp: ° F, Wind: mph",10012012-0923-0983-16fc-87e5113fe1b7,0,0,PASS,0,NA,NA,NA,16,Field goal,2012-09-23T22:17:55Z,8,3:12,2,0,1,3,3,0,PUNT,FIELD_GOAL,03:14,00:02,PHI 45,ARI 22,2836,2997,6,27,Home,21,33,-3,42.5,0,closed,grass,NA,NA,Ken Whisenhunt,Andy Reid,PHO00,University of Phoenix Stadium,0,1,M.Vick,7,NA,NA,J.Avant,81,1,0,0,0,1,00-0020245,NA,00-0024324,M.Vick,7,00-0020245,J.Avant,00-0024324,J.Avant,00-0024324,0,0,1.522321728989482,0.43199381548574567,3.0346270874142647,2,1,0.21741540159564465,0.9241557717323303,7.584422826766968,2012,Go for it,NA,NA,NA,NA,NA,NA,NA,NA,NA,NA,Toss Up,Go for it,Andy Reid,Ken Whisenhunt,0:55,NA,NA,NA,NA,NA,NA,NA,NA,NA,NA
2975,2012_03_PHI_ARI,2012092309,ARI,PHI,REG,3,PHI,away,ARI,ARI,22,2012-09-23,14,914,914,Half2,0,16,0,3,3,0,00:14,ARI 22,5,33,(:14) 7-M.Vick pass incomplete short right to 13-D.Johnson.,pass,0,0,0,1,0,0,0,short,right,12,NA,NA,NA,NA,NA,NA,NA,3,3,0,NA,NA,NA,NA,3,3,24,3,3,24,-21,3,24,-21,0.010469187051057816,0.036133311688899994,5.479067331179976e-4,0.05271187797188759,0.5438562631607056,9.327667066827416e-4,0.3553486466407776,0,0,3.642395955044776,-1.2541186799020898,18.608272760618657,-18.608272760618657,-7.3266108101737455,7.3266108101737455,19.738478138122993,-19.738478138122993,1.3464960706187412,-2.600614750520831,0,0,-9.875047550478484,9.875047550478484,10.010932810371742,-10.010932810371742,-31.09532791096717,31.09532791096717,36.87435032997331,-36.87435032997331,0.0232363510876894,0.9767636489123106,0.9767636489123106,0.0232363510876894,-0.005327755585312843,-0.012988820672035217,0.012988820672035217,0.9820914044976234,0.017908595502376556,0.04586324840784073,0.9541367515921593,-0.0531809632666409,0.0531809632666409,0.3332807022090599,-0.3332807022090599,0,-0.005327755585312843,0,0,-0.10616026539355516,0.10616026539355516,0.23891812297760018,-0.23891812297760018,-0.10616026539355516,0.10616026539355516,0.28697388447134264,-0.28697388447134264,0,0,0,0,0,1,0,0,1,0,0,0,0,0,0,0,0,0,0,0,0,0,0,0,0,0,0,0,0,0,0,0,0,1,0,0,0,0,0,0,0,0,0,0,0,0,0,0,0,0,0,00-0020245,M.Vick,NA,00-0029435,D.Johnson,NA,NA,NA,NA,NA,NA,NA,NA,NA,NA,NA,NA,NA,NA,NA,NA,NA,NA,NA,NA,NA,NA,NA,NA,NA,NA,NA,NA,NA,NA,NA,NA,NA,NA,NA,NA,NA,NA,NA,NA,NA,NA,NA,NA,NA,NA,NA,NA,NA,NA,NA,NA,NA,NA,NA,NA,NA,NA,NA,NA,NA,NA,NA,NA,0,NA,NA,NA,NA,NA,NA,NA,NA,NA,NA,NA,NA,NA,NA,NA,NA,NA,NA,NA,NA,NA,NA,NA,NA,NA,NA,NA,NA,NA,NA,NA,0,NA,NA,NA,NA,0,NA,NA,0,0,0,0,NA,NA,2012,0.48851433396339417,-48.85143339633942,38,0,Field goal,2975,"9/23/12, 16:05:33",2012-09-23T22:21:43Z,State Farm Stadium,"Temp: ° F, Wind: mph",10012012-0923-0983-16fc-87e5113fe1b7,0,0,PASS,0,NA,NA,NA,16,Field goal,2012-09-23T22:17:55Z,8,3:12,2,0,1,3,3,0,PUNT,FIELD_GOAL,03:14,00:02,PHI 45,ARI 22,2836,2997,6,27,Home,21,33,-3,42.5,0,closed,grass,NA,NA,Ken Whisenhunt,Andy Reid,PHO00,University of Phoenix Stadium,0,0,M.Vick,7,NA,NA,D.Johnson,13,1,0,0,0,1,00-0020245,NA,00-0029435,M.Vick,7,00-0020245,D.Johnson,00-0029435,D.Johnson,00-0029435,0,0,-1.2541186799020898,0.41496155124660294,2.6055300971493125,1,1,1,0.9582924842834473,4.170751571655273,2012,Go for it,NA,NA,NA,NA,NA,NA,NA,NA,NA,NA,Toss Up,Go for it,Andy Reid,Ken Whisenhunt,0:14,NA,NA,NA,NA,NA,NA,NA,NA,NA,NA
2997,2012_03_PHI_ARI,2012092309,ARI,PHI,REG,3,PHI,away,ARI,ARI,22,2012-09-23,6,906,906,Half2,0,16,1,3,4,0,00:06,ARI 22,5,33,"(:06) 6-A.Henery 40 yard field goal is GOOD, Center-46-J.Dorenbos, Holder-8-C.Henry.",field_goal,0,0,0,0,0,0,0,NA,NA,NA,NA,NA,NA,made,40,NA,NA,3,3,0,NA,NA,NA,NA,3,3,24,6,3,24,-21,6,24,-18,0.005221793116159076,0.035062843961877144,4.309616774963689e-4,0.052934202406607164,0.8692429762310679,5.22465947653345e-4,0.03658475523443575,0,0,2.3882772751426864,0.6117227248573136,17.99655003576134,-17.99655003576134,-7.3266108101737455,7.3266108101737455,19.738478138122993,-19.738478138122993,NA,NA,0,0,-9.875047550478484,9.875047550478484,10.010932810371742,-10.010932810371742,-31.09532791096717,31.09532791096717,36.87435032997331,-36.87435032997331,0.017908595502376556,0.9820914044976234,0.9820914044976234,0.017908595502376556,-0.004542134702205658,-0.006427429616451263,0.006427429616451263,0.9866335391998291,0.013366460800170898,0.03287442773580551,0.9671255722641945,-0.0531809632666409,0.0531809632666409,0.3332807022090599,-0.3332807022090599,NA,NA,0,0,-0.10616026539355516,0.10616026539355516,0.23891812297760018,-0.23891812297760018,-0.10616026539355516,0.10616026539355516,0.28697388447134264,-0.28697388447134264,0,0,0,0,0,0,0,0,0,0,0,0,0,0,0,0,0,0,0,0,0,0,0,0,0,0,0,0,0,0,0,0,0,0,0,0,0,0,0,0,0,1,0,0,0,0,0,0,0,0,0,NA,NA,NA,NA,NA,NA,NA,NA,NA,NA,NA,NA,NA,NA,NA,NA,NA,NA,NA,NA,NA,NA,NA,NA,NA,NA,NA,NA,NA,NA,NA,A.Henery,00-0028058,NA,NA,NA,NA,NA,NA,NA,NA,NA,NA,NA,NA,NA,NA,NA,NA,NA,NA,NA,NA,NA,NA,NA,NA,NA,NA,NA,NA,NA,NA,NA,NA,NA,NA,NA,NA,0,NA,NA,NA,NA,NA,NA,NA,NA,NA,NA,NA,NA,NA,NA,NA,NA,NA,NA,NA,NA,NA,NA,NA,NA,NA,NA,NA,NA,NA,NA,NA,0,NA,NA,NA,NA,0,NA,NA,0,0,0,0,NA,NA,2012,NA,NA,38,0,Field goal,2997,"9/23/12, 16:05:33",NA,State Farm Stadium,"Temp: ° F, Wind: mph",10012012-0923-0983-16fc-87e5113fe1b7,0,0,FIELD_GOAL,0,NA,NA,NA,16,Field goal,2012-09-23T22:17:55Z,8,3:12,2,0,1,3,3,0,PUNT,FIELD_GOAL,03:14,00:02,PHI 45,ARI 22,2836,2997,6,27,Home,21,33,-3,42.5,0,closed,grass,NA,NA,Ken Whisenhunt,Andy Reid,PHO00,University of Phoenix Stadium,0,1,NA,NA,NA,NA,NA,NA,0,0,0,1,0,NA,NA,NA,NA,NA,NA,NA,NA,NA,NA,0,0,0.6117227248573136,NA,NA,NA,NA,NA,NA,NA,2012,Field Goal,NA,0.33081322602083674,0.1739106473015987,NA,NA,NA,0.15808966755867004,0.23649075627326965,NA,NA,Toss Up,Field Goal,Andy Reid,Ken Whisenhunt,0:06,0.8692429762310679,87,NA,33,17,NA,NA,NA,24,16
3032,2012_03_PHI_ARI,2012092309,ARI,PHI,REG,3,ARI,home,PHI,PHI,35,2012-09-23,2,902,902,Half2,0,17,0,3,NA,0,00:02,PHI 35,0,9,"6-A.Henery kicks 65 yards from PHI 35 to end zone, Touchback.",kickoff,0,0,0,0,0,0,0,NA,NA,NA,NA,NA,NA,NA,65,NA,NA,3,3,0,NA,NA,NA,NA,3,3,24,6,24,6,18,24,6,18,0.034326277673244476,0.16649967432022095,0.0029717572033405304,0.23422394692897797,0.21372517943382263,0.003459860337898135,0.34479331970214844,0,0,0.9166383310221136,0,17.99655003576134,-17.99655003576134,-7.3266108101737455,7.3266108101737455,19.738478138122993,-19.738478138122993,NA,NA,0,0,-9.875047550478484,9.875047550478484,10.010932810371742,-10.010932810371742,-31.09532791096717,31.09532791096717,36.87435032997331,-36.87435032997331,0.9866335391998291,0.013366460800170898,0.9866335391998291,0.013366460800170898,0,0,0,0.9866335391998291,0.013366460800170898,0.9735530018806458,0.9735530018806458,-0.0531809632666409,0.0531809632666409,0.3332807022090599,-0.3332807022090599,NA,NA,0,0,-0.10616026539355516,0.10616026539355516,0.23891812297760018,-0.23891812297760018,-0.10616026539355516,0.10616026539355516,0.28697388447134264,-0.28697388447134264,0,0,0,0,0,0,0,0,0,1,0,0,0,0,0,0,0,0,0,0,0,0,0,0,0,0,0,0,0,0,0,0,0,0,0,0,0,0,0,0,0,0,1,0,0,0,0,0,0,0,0,NA,NA,NA,NA,NA,NA,NA,NA,NA,NA,NA,NA,NA,NA,NA,NA,NA,NA,NA,NA,NA,NA,NA,NA,NA,NA,NA,NA,NA,NA,NA,A.Henery,00-0028058,NA,NA,NA,NA,NA,NA,NA,NA,NA,NA,NA,NA,NA,NA,NA,NA,NA,NA,NA,NA,NA,NA,NA,NA,NA,NA,NA,NA,NA,NA,NA,NA,NA,NA,NA,NA,0,NA,NA,NA,NA,NA,NA,NA,NA,NA,NA,NA,NA,NA,NA,NA,NA,NA,NA,NA,NA,NA,NA,NA,NA,NA,NA,NA,NA,NA,NA,ARI,0,NA,NA,NA,NA,0,NA,NA,0,0,0,0,NA,NA,2012,NA,NA,39,0,Punt,3032,"9/23/12, 16:05:33",2012-09-23T22:24:48Z,State Farm Stadium,"Temp: ° F, Wind: mph",10012012-0923-0983-16fc-87e5113fe1b7,0,0,KICK_OFF,1,NA,NA,NA,17,Punt,2012-09-23T22:24:48Z,3,1:47,0,0,0,3,4,0,KICKOFF,PUNT,00:02,13:15,ARI 20,ARI 29,3032,3165,6,27,Home,21,33,-3,42.5,0,closed,grass,NA,NA,Ken Whisenhunt,Andy Reid,PHO00,University of Phoenix Stadium,0,0,NA,NA,NA,NA,NA,NA,0,0,0,1,0,NA,NA,NA,NA,NA,NA,NA,NA,NA,NA,0,0,0,NA,NA,NA,NA,NA,NA,NA,2012,Other,NA,NA,NA,NA,NA,NA,NA,NA,NA,NA,Toss Up,Other,Andy Reid,Ken Whisenhunt,0:02,NA,NA,NA,NA,NA,NA,NA,NA,NA,NA
3066,2012_03_PHI_ARI,2012092309,ARI,PHI,REG,3,ARI,home,PHI,ARI,80,2012-09-23,1,901,901,Half2,0,17,0,3,1,0,00:01,ARI 20,10,9,(:01) (Shotgun) 4-K.Kolb pass short left to 11-L.Fitzgerald to ARI 25 for 5 yards (27-B.Hughes).,pass,5,1,0,1,0,0,0,short,left,1,4,NA,NA,NA,NA,NA,NA,3,3,0,NA,NA,NA,NA,3,3,24,6,24,6,18,24,6,18,0.034326277673244476,0.16649967432022095,0.0029717572033405304,0.23422394692897797,0.21372517943382263,0.003459860337898135,0.34479331970214844,0,0,0.9166383310221136,0.14168910309672356,18.138239138858065,-18.138239138858065,-7.3266108101737455,7.3266108101737455,19.880167241219716,-19.880167241219716,-0.5559726692736149,0.6976617723703384,-0.5559726692736149,0.6976617723703384,-10.4310202197521,10.4310202197521,10.70859458274208,-10.70859458274208,-31.651300580240786,31.651300580240786,37.57201210234365,-37.57201210234365,0.9866335391998291,0.013366460800170898,0.9866335391998291,0.013366460800170898,-7.8582763671875e-4,5.047917366027832e-4,5.047917366027832e-4,0.9858477115631104,0.014152288436889648,0.9735530018806458,0.9735530018806458,-0.0531809632666409,0.0531809632666409,0.33249487457234117,-0.33249487457234117,0,-7.8582763671875e-4,0,-7.8582763671875e-4,-0.10616026539355516,0.10616026539355516,0.23813229534088143,-0.23813229534088143,-0.10616026539355516,0.10616026539355516,0.2861880568346239,-0.2861880568346239,0,0,0,0,0,0,0,0,0,0,0,0,0,0,0,0,0,0,0,0,0,0,0,0,1,0,0,0,0,0,0,0,0,1,0,0,0,0,0,0,0,0,0,0,0,1,0,0,0,0,0,00-0025423,K.Kolb,5,00-0022921,L.Fitzgerald,5,NA,NA,NA,NA,NA,NA,NA,NA,NA,NA,NA,NA,NA,NA,NA,NA,NA,NA,NA,NA,NA,NA,NA,NA,NA,NA,NA,NA,NA,NA,NA,NA,NA,NA,NA,NA,NA,NA,NA,NA,NA,NA,NA,NA,NA,PHI,NA,00-0026914,NA,B.Hughes,NA,NA,NA,NA,NA,NA,NA,NA,NA,NA,NA,NA,NA,0,NA,NA,NA,NA,NA,NA,NA,NA,NA,NA,NA,NA,NA,NA,NA,NA,NA,NA,NA,NA,NA,NA,NA,NA,NA,NA,NA,NA,NA,NA,NA,0,NA,NA,NA,NA,0,NA,NA,0,0,0,0,NA,NA,2012,0.7999458909034729,20.00541090965271,39,0,Punt,3066,"9/23/12, 16:05:33",2012-09-23T22:25:41Z,State Farm Stadium,"Temp: ° F, Wind: mph",10012012-0923-0983-16fc-87e5113fe1b7,0,0,PASS,0,NA,NA,NA,17,Punt,2012-09-23T22:24:48Z,3,1:47,0,0,0,3,4,0,KICKOFF,PUNT,00:02,13:15,ARI 20,ARI 29,3032,3165,6,27,Home,21,33,-3,42.5,0,closed,grass,NA,NA,Ken Whisenhunt,Andy Reid,PHO00,University of Phoenix Stadium,0,1,K.Kolb,4,NA,NA,L.Fitzgerald,11,1,0,0,0,1,00-0025423,NA,00-0022921,K.Kolb,4,00-0025423,L.Fitzgerald,00-0022921,L.Fitzgerald,00-0022921,0,0,0.14168910309672356,0.7933199974942676,6.290541990609199,5,0.6118398189428262,0.23667661397485062,0.36556312441825867,63.44368755817413,2012,Go for it,NA,NA,NA,NA,NA,NA,NA,NA,NA,NA,Toss Up,Go for it,Andy Reid,Ken Whisenhunt,0:01,NA,NA,NA,NA,NA,NA,NA,NA,NA,NA
3104,2012_03_PHI_ARI,2012092309,ARI,PHI,REG,3,ARI,home,PHI,NA,NA,2012-09-23,0,900,900,Half2,1,17,0,3,NA,0,00:00,ARI 25,0,9,END QUARTER 3,NA,NA,0,0,NA,0,0,0,NA,NA,NA,NA,NA,NA,NA,NA,NA,NA,3,3,NA,NA,NA,NA,NA,3,3,24,6,24,6,18,24,6,18,0,0,0,0,0,0,0,0,0,1.0583274341188371,0,18.138239138858065,-18.138239138858065,-7.3266108101737455,7.3266108101737455,19.880167241219716,-19.880167241219716,NA,NA,NA,NA,-10.4310202197521,10.4310202197521,10.70859458274208,-10.70859458274208,-31.651300580240786,31.651300580240786,37.57201210234365,-37.57201210234365,0.9858477115631104,0.014152288436889648,0.9858477115631104,0.014152288436889648,0,0,0,0.9858477115631104,0.014152288436889648,0.9740577936172485,0.9740577936172485,-0.0531809632666409,0.0531809632666409,0.33249487457234117,-0.33249487457234117,NA,NA,NA,NA,-0.10616026539355516,0.10616026539355516,0.23813229534088143,-0.23813229534088143,-0.10616026539355516,0.10616026539355516,0.2861880568346239,-0.2861880568346239,NA,NA,NA,NA,NA,NA,NA,NA,NA,0,NA,NA,NA,NA,NA,NA,NA,NA,NA,NA,NA,NA,NA,NA,NA,NA,NA,NA,NA,NA,NA,NA,NA,NA,NA,NA,NA,NA,NA,NA,NA,NA,NA,NA,NA,NA,NA,NA,NA,NA,NA,NA,NA,NA,NA,NA,NA,NA,NA,NA,NA,NA,NA,NA,NA,NA,NA,NA,NA,NA,NA,NA,NA,NA,NA,NA,NA,NA,NA,NA,NA,NA,NA,NA,NA,NA,NA,NA,NA,NA,NA,NA,NA,NA,NA,NA,NA,NA,NA,NA,NA,NA,NA,NA,NA,NA,NA,NA,NA,NA,NA,NA,NA,NA,NA,NA,NA,NA,NA,NA,NA,NA,NA,NA,NA,NA,NA,NA,NA,NA,NA,NA,NA,NA,NA,NA,NA,NA,NA,NA,NA,NA,NA,NA,NA,NA,NA,NA,NA,NA,NA,NA,NA,NA,NA,NA,NA,0,NA,NA,NA,NA,NA,NA,NA,NA,2012,NA,NA,39,0,Punt,3104,"9/23/12, 16:05:33",NA,State Farm Stadium,"Temp: ° F, Wind: mph",10012012-0923-0983-16fc-87e5113fe1b7,0,0,END_QUARTER,0,NA,NA,NA,17,Punt,2012-09-23T22:24:48Z,3,1:47,0,0,0,3,4,0,KICKOFF,PUNT,00:02,13:15,ARI 20,ARI 29,3032,3165,6,27,Home,21,33,-3,42.5,0,closed,grass,NA,NA,Ken Whisenhunt,Andy Reid,PHO00,University of Phoenix Stadium,0,0,NA,NA,NA,NA,NA,NA,0,0,NA,0,0,NA,NA,NA,NA,NA,NA,NA,NA,NA,NA,0,0,0,NA,NA,NA,NA,NA,NA,NA,2012,Other,NA,NA,NA,NA,NA,NA,NA,NA,NA,NA,Toss Up,NA,Andy Reid,Ken Whisenhunt,0:00,NA,NA,NA,NA,NA,NA,NA,NA,NA,NA
3120,2012_03_PHI_ARI,2012092309,ARI,PHI,REG,3,ARI,home,PHI,ARI,75,2012-09-23,900,900,900,Half2,0,17,0,4,2,0,15:00,ARI 25,5,9,(15:00) (Shotgun) 4-K.Kolb pass short right to 11-L.Fitzgerald to ARI 29 for 4 yards (42-K.Coleman).,pass,4,1,0,1,0,0,0,short,right,-1,5,NA,NA,NA,NA,NA,NA,3,3,0,NA,NA,NA,NA,3,3,24,6,24,6,18,24,6,18,0.03294343873858452,0.1543780416250229,0.002825050847604871,0.23204119503498077,0.21836744248867035,0.003963267430663109,0.3554815948009491,0,0,1.0583274341188371,0.18832598207518458,18.32656512093325,-18.32656512093325,-7.3266108101737455,7.3266108101737455,20.0684932232949,-20.0684932232949,-1.109533280134201,1.2978592622093856,-1.109533280134201,1.2978592622093856,-11.5405534998863,11.5405534998863,12.006453844951466,-12.006453844951466,-32.76083386037499,32.76083386037499,38.869871364553035,-38.869871364553035,0.9858477115631104,0.014152288436889648,0.9858477115631104,0.014152288436889648,0.0017718076705932617,0.0012990236282348633,0.0012990236282348633,0.9876195192337036,0.012380480766296387,0.9740577936172485,0.9740577936172485,-0.0531809632666409,0.0531809632666409,0.33426668224293443,-0.33426668224293443,0,0.0017718076705932617,0,0.0017718076705932617,-0.10616026539355516,0.10616026539355516,0.2399041030114747,-0.2399041030114747,-0.10616026539355516,0.10616026539355516,0.28795986450521716,-0.28795986450521716,0,0,0,0,0,0,0,0,0,0,0,0,0,0,0,0,0,0,0,0,0,0,0,0,1,0,0,0,0,0,0,0,0,1,0,0,0,0,0,0,0,0,0,0,0,1,0,0,0,0,0,00-0025423,K.Kolb,4,00-0022921,L.Fitzgerald,4,NA,NA,NA,NA,NA,NA,NA,NA,NA,NA,NA,NA,NA,NA,NA,NA,NA,NA,NA,NA,NA,NA,NA,NA,NA,NA,NA,NA,NA,NA,NA,NA,NA,NA,NA,NA,NA,NA,NA,NA,NA,NA,NA,NA,NA,PHI,NA,00-0027835,NA,K.Coleman,NA,NA,NA,NA,NA,NA,NA,NA,NA,NA,NA,NA,NA,0,NA,NA,NA,NA,NA,NA,NA,NA,NA,NA,NA,NA,NA,NA,NA,NA,NA,NA,NA,NA,NA,NA,NA,NA,NA,NA,NA,NA,NA,NA,NA,0,NA,NA,NA,NA,0,NA,NA,0,0,0,0,NA,NA,2012,0.8455308675765991,15.446913242340088,39,0,Punt,3120,"9/23/12, 16:05:33",2012-09-23T22:28:16Z,State Farm Stadium,"Temp: ° F, Wind: mph",10012012-0923-0983-16fc-87e5113fe1b7,0,0,PASS,0,NA,NA,NA,17,Punt,2012-09-23T22:24:48Z,3,1:47,0,0,0,3,4,0,KICKOFF,PUNT,00:02,13:15,ARI 20,ARI 29,3032,3165,6,27,Home,21,33,-3,42.5,0,closed,grass,NA,NA,Ken Whisenhunt,Andy Reid,PHO00,University of Phoenix Stadium,0,1,K.Kolb,4,NA,NA,L.Fitzgerald,11,1,0,0,0,1,00-0025423,NA,00-0022921,K.Kolb,4,00-0025423,L.Fitzgerald,00-0022921,L.Fitzgerald,00-0022921,0,0,0.18832598207518458,1.3378146902169379,7.372210771500249,6,0.6176938402059022,0.5126167374255601,0.40123283863067627,59.87671613693237,2012,Go for it,NA,NA,NA,NA,NA,NA,NA,NA,NA,NA,Toss Up,Go for it,Andy Reid,Ken Whisenhunt,15:00,NA,NA,NA,NA,NA,NA,NA,NA,NA,NA
3144,2012_03_PHI_ARI,2012092309,ARI,PHI,REG,3,ARI,home,PHI,ARI,71,2012-09-23,854,854,854,Half2,0,17,0,4,3,0,14:14,ARI 29,1,9,"(14:14) (Shotgun) 34-R.Williams left tackle to ARI 29 for no gain (59-D.Ryans, 95-M.Kendricks).",run,0,1,0,0,0,0,0,NA,NA,NA,NA,left,tackle,NA,NA,NA,NA,3,3,0,NA,NA,NA,NA,3,3,24,6,24,6,18,24,6,18,0.04142690449953079,0.15207381546497345,0.0029578329995274544,0.21870136260986328,0.20852495729923248,0.004016147460788488,0.3722989857196808,0,0,1.2466534161940217,-1.7626435104757547,16.563921610457495,-16.563921610457495,-9.0892543206495,9.0892543206495,20.0684932232949,-20.0684932232949,NA,NA,0,0,-11.5405534998863,11.5405534998863,12.006453844951466,-12.006453844951466,-32.76083386037499,32.76083386037499,38.869871364553035,-38.869871364553035,0.9876195192337036,0.012380480766296387,0.9876195192337036,0.012380480766296387,-0.008456647396087646,2.8973817825317383e-4,2.8973817825317383e-4,0.979162871837616,0.020837128162384033,0.9753568172454834,0.9753568172454834,-0.06163761066272855,0.06163761066272855,0.33426668224293443,-0.33426668224293443,NA,NA,0,0,-0.10616026539355516,0.10616026539355516,0.2399041030114747,-0.2399041030114747,-0.10616026539355516,0.10616026539355516,0.28795986450521716,-0.28795986450521716,0,0,0,0,0,1,0,0,0,0,0,0,0,0,0,0,0,0,0,0,0,0,0,0,0,0,0,0,0,0,0,0,1,0,0,0,0,0,0,0,0,0,0,0,0,0,1,0,0,0,0,NA,NA,NA,NA,NA,NA,00-0027976,R.Williams,0,NA,NA,NA,NA,NA,NA,NA,NA,NA,NA,NA,NA,NA,NA,NA,NA,NA,NA,NA,NA,NA,NA,NA,NA,NA,NA,NA,NA,NA,NA,NA,NA,NA,NA,NA,NA,NA,NA,NA,NA,NA,NA,NA,NA,NA,NA,NA,NA,00-0029409,M.Kendricks,PHI,NA,NA,NA,NA,NA,NA,NA,NA,NA,1,00-0024248,D.Ryans,PHI,NA,NA,NA,NA,NA,NA,NA,NA,NA,NA,NA,NA,NA,NA,NA,NA,NA,NA,NA,NA,NA,NA,NA,NA,NA,NA,NA,NA,0,NA,NA,NA,NA,0,NA,NA,0,0,0,0,NA,NA,2012,NA,NA,39,0,Punt,3144,"9/23/12, 16:05:33",2012-09-23T22:29:03Z,State Farm Stadium,"Temp: ° F, Wind: mph",10012012-0923-0983-16fc-87e5113fe1b7,0,0,RUSH,0,NA,NA,NA,17,Punt,2012-09-23T22:24:48Z,3,1:47,0,0,0,3,4,0,KICKOFF,PUNT,00:02,13:15,ARI 20,ARI 29,3032,3165,6,27,Home,21,33,-3,42.5,0,closed,grass,NA,NA,Ken Whisenhunt,Andy Reid,PHO00,University of Phoenix Stadium,0,0,NA,NA,R.Williams,34,NA,NA,0,1,0,0,1,NA,00-0027976,NA,R.Williams,34,00-0027976,R.Williams,00-0027976,R.Williams,00-0027976,0,0,-1.7626435104757547,NA,NA,NA,NA,NA,0.23623239994049072,-23.623239994049072,2012,Go for it,NA,NA,NA,NA,NA,NA,NA,NA,NA,NA,Toss Up,Go for it,Andy Reid,Ken Whisenhunt,14:14,NA,NA,NA,NA,NA,NA,NA,NA,NA,NA
3165,2012_03_PHI_ARI,2012092309,ARI,PHI,REG,3,ARI,home,PHI,ARI,71,2012-09-23,806,806,806,Half2,0,17,0,4,4,0,13:26,ARI 29,1,9,"(13:26) 9-D.Zastudil punts 45 yards to PHI 26, Center-82-M.Leach. 13-D.Johnson to PHI 30 for 4 yards (54-Q.Groves).",punt,0,0,0,0,0,0,0,NA,NA,NA,NA,NA,NA,NA,45,NA,NA,3,3,0,NA,NA,NA,NA,3,3,24,6,24,6,18,24,6,18,0.04993288964033127,0.21253228187561035,0.00454360106959939,0.31191492080688477,0.15299572050571442,0.0042905788868665695,0.2637900114059448,0,0,-0.515990094281733,-0.5262919622473419,16.037629648210153,-16.037629648210153,-9.0892543206495,9.0892543206495,20.0684932232949,-20.0684932232949,NA,NA,0,0,-11.5405534998863,11.5405534998863,12.006453844951466,-12.006453844951466,-32.76083386037499,32.76083386037499,38.869871364553035,-38.869871364553035,0.979162871837616,0.020837128162384033,0.979162871837616,0.020837128162384033,-6.081070750951767e-4,-0.008042752742767334,-0.008042752742767334,0.9785547647625208,0.02144523523747921,0.9756465554237366,0.9756465554237366,-0.06163761066272855,0.06163761066272855,0.33426668224293443,-0.33426668224293443,NA,NA,0,0,-0.10616026539355516,0.10616026539355516,0.2399041030114747,-0.2399041030114747,-0.10616026539355516,0.10616026539355516,0.28795986450521716,-0.28795986450521716,0,0,0,0,0,0,0,0,0,0,0,0,0,0,0,0,0,0,0,0,0,0,0,0,1,0,0,0,0,0,0,0,0,0,0,0,0,0,0,0,0,0,0,1,0,0,0,0,0,0,0,NA,NA,NA,NA,NA,NA,NA,NA,NA,NA,NA,NA,NA,NA,NA,NA,NA,NA,NA,NA,NA,00-0029435,D.Johnson,NA,NA,NA,NA,NA,NA,00-0021235,D.Zastudil,NA,NA,NA,NA,NA,NA,NA,NA,NA,NA,NA,NA,NA,NA,NA,NA,NA,NA,NA,NA,ARI,NA,00-0026192,NA,Q.Groves,NA,NA,NA,NA,NA,NA,NA,NA,NA,NA,NA,NA,NA,0,NA,NA,NA,NA,NA,NA,NA,NA,NA,NA,NA,NA,NA,NA,NA,NA,NA,NA,NA,NA,NA,NA,NA,NA,NA,NA,NA,NA,NA,NA,PHI,4,NA,NA,NA,NA,0,NA,NA,0,0,0,0,NA,NA,2012,NA,NA,39,0,Punt,3165,"9/23/12, 16:05:33",2012-09-23T22:29:50Z,State Farm Stadium,"Temp: ° F, Wind: mph",10012012-0923-0983-16fc-87e5113fe1b7,0,0,PUNT,1,NA,NA,NA,17,Punt,2012-09-23T22:24:48Z,3,1:47,0,0,0,3,4,0,KICKOFF,PUNT,00:02,13:15,ARI 20,ARI 29,3032,3165,6,27,Home,21,33,-3,42.5,0,closed,grass,NA,NA,Ken Whisenhunt,Andy Reid,PHO00,University of Phoenix Stadium,0,0,NA,NA,NA,NA,NA,NA,0,0,0,1,0,NA,NA,NA,NA,NA,NA,NA,NA,NA,NA,0,0,-0.5262919622473419,NA,NA,NA,NA,NA,NA,NA,2012,Punt,-6.0610098891290765,0.6490929434585269,0.8989001048125571,0.8437173945656553,0.8630813991290737,0,0.8972313892736565,0.9607445335423108,0.8972313892736565,0.9236914980203644,Punt,Punt,Andy Reid,Ken Whisenhunt,13:26,0,0,86,65,90,84,92,90,96,90
3207,2012_03_PHI_ARI,2012092309,ARI,PHI,REG,3,PHI,away,ARI,PHI,70,2012-09-23,795,795,795,Half2,0,18,0,4,1,0,13:15,PHI 30,10,19,(13:15) 25-L.McCoy right end pushed ob at PHI 39 for 9 yards (49-R.Johnson).,run,9,0,0,0,0,0,0,NA,NA,NA,NA,right,end,NA,NA,NA,NA,3,3,0,NA,NA,NA,NA,3,3,24,6,6,24,-18,6,24,-18,0.049426741898059845,0.14229419827461243,0.0033646703232079744,0.23124845325946808,0.22665154933929443,0.0028844340704381466,0.3441299498081207,0,0,1.042282056529075,0.7686753137968481,15.268954334413307,-15.268954334413307,-9.857929634446348,9.857929634446348,20.0684932232949,-20.0684932232949,NA,NA,0,0,-11.5405534998863,11.5405534998863,12.006453844951466,-12.006453844951466,-32.76083386037499,32.76083386037499,38.869871364553035,-38.869871364553035,0.02144523523747921,0.9785547647625208,0.9785547647625208,0.02144523523747921,0.0016065854579210281,0.005827866494655609,-0.005827866494655609,0.9769481793045998,0.023051820695400238,0.03239619731903076,0.9676038026809692,-0.06324419612064958,0.06324419612064958,0.33426668224293443,-0.33426668224293443,NA,NA,0,0,-0.10616026539355516,0.10616026539355516,0.2399041030114747,-0.2399041030114747,-0.10616026539355516,0.10616026539355516,0.28795986450521716,-0.28795986450521716,0,0,0,0,0,0,0,0,0,0,0,0,0,0,0,0,0,0,0,0,0,0,0,0,1,0,0,0,0,0,0,0,1,0,0,0,0,0,0,0,0,0,0,0,0,0,0,0,0,0,0,NA,NA,NA,NA,NA,NA,00-0027029,L.McCoy,9,NA,NA,NA,NA,NA,NA,NA,NA,NA,NA,NA,NA,NA,NA,NA,NA,NA,NA,NA,NA,NA,NA,NA,NA,NA,NA,NA,NA,NA,NA,NA,NA,NA,NA,NA,NA,NA,NA,NA,NA,NA,NA,ARI,NA,00-0027067,NA,R.Johnson,NA,NA,NA,NA,NA,NA,NA,NA,NA,NA,NA,NA,NA,0,NA,NA,NA,NA,NA,NA,NA,NA,NA,NA,NA,NA,NA,NA,NA,NA,NA,NA,NA,NA,NA,NA,NA,NA,NA,NA,NA,NA,NA,NA,NA,0,NA,NA,NA,NA,0,NA,NA,0,0,0,0,NA,NA,2012,NA,NA,40,1,First down,3207,"9/23/12, 16:05:33",2012-09-23T22:32:22Z,State Farm Stadium,"Temp: ° F, Wind: mph",10012012-0923-0983-16fc-87e5113fe1b7,0,0,RUSH,0,NA,NA,NA,18,Punt,2012-09-23T22:32:22Z,8,2:49,2,0,0,4,4,-20,PUNT,PUNT,13:15,10:26,PHI 30,PHI 49,3207,3460,6,27,Home,21,33,-3,42.5,0,closed,grass,NA,NA,Ken Whisenhunt,Andy Reid,PHO00,University of Phoenix Stadium,0,1,NA,NA,L.McCoy,25,NA,NA,0,1,0,0,1,NA,00-0027029,NA,L.McCoy,25,00-0027029,L.McCoy,00-0027029,L.McCoy,00-0027029,1,0,0.7686753137968481,NA,NA,NA,NA,NA,0.790383517742157,-79.0383517742157,2012,Go for it,NA,NA,NA,NA,NA,NA,NA,NA,NA,NA,Toss Up,Go for it,Andy Reid,Ken Whisenhunt,13:15,NA,NA,NA,NA,NA,NA,NA,NA,NA,NA
3233,2012_03_PHI_ARI,2012092309,ARI,PHI,REG,3,PHI,away,ARI,PHI,61,2012-09-23,773,773,773,Half2,0,18,0,4,2,0,12:53,PHI 39,1,19,(12:53) 25-L.McCoy left tackle to ARI 47 for 14 yards (49-R.Johnson).,run,14,0,0,0,0,0,0,NA,NA,NA,NA,left,tackle,NA,NA,NA,NA,3,3,0,NA,NA,NA,NA,3,3,24,6,6,24,-18,6,24,-18,0.0520380400121212,0.11311119049787521,0.0020520328544080257,0.18843695521354675,0.2550203204154968,0.0033995327539741993,0.3859419524669647,0,0,1.810957370325923,0.7154886936768889,14.553465640736418,-14.553465640736418,-10.573418328123237,10.573418328123237,20.0684932232949,-20.0684932232949,NA,NA,0,0,-11.5405534998863,11.5405534998863,12.006453844951466,-12.006453844951466,-32.76083386037499,32.76083386037499,38.869871364553035,-38.869871364553035,0.023051820695400238,0.9769481793045998,0.9769481793045998,0.023051820695400238,0.0037566032260656357,0.004212148487567902,-0.004212148487567902,0.9731915760785341,0.026808423921465874,0.03822406381368637,0.9617759361863136,-0.06700079934671521,0.06700079934671521,0.33426668224293443,-0.33426668224293443,NA,NA,0,0,-0.10616026539355516,0.10616026539355516,0.2399041030114747,-0.2399041030114747,-0.10616026539355516,0.10616026539355516,0.28795986450521716,-0.28795986450521716,0,1,0,0,0,0,0,0,0,0,0,0,0,0,0,0,0,0,0,0,0,0,0,0,1,0,0,0,0,0,0,0,1,0,0,0,0,0,0,0,0,0,0,0,0,0,0,0,0,0,0,NA,NA,NA,NA,NA,NA,00-0027029,L.McCoy,14,NA,NA,NA,NA,NA,NA,NA,NA,NA,NA,NA,NA,NA,NA,NA,NA,NA,NA,NA,NA,NA,NA,NA,NA,NA,NA,NA,NA,NA,NA,NA,NA,NA,NA,NA,NA,NA,NA,NA,NA,NA,NA,ARI,NA,00-0027067,NA,R.Johnson,NA,NA,NA,NA,NA,NA,NA,NA,NA,NA,NA,NA,NA,0,NA,NA,NA,NA,NA,NA,NA,NA,NA,NA,NA,NA,NA,NA,NA,NA,NA,NA,NA,NA,NA,NA,NA,NA,NA,NA,NA,NA,NA,NA,NA,0,NA,NA,NA,NA,0,NA,NA,0,0,0,0,NA,NA,2012,NA,NA,40,1,First down,3233,"9/23/12, 16:05:33",2012-09-23T22:32:57Z,State Farm Stadium,"Temp: ° F, Wind: mph",10012012-0923-0983-16fc-87e5113fe1b7,0,0,RUSH,0,NA,NA,NA,18,Punt,2012-09-23T22:32:22Z,8,2:49,2,0,0,4,4,-20,PUNT,PUNT,13:15,10:26,PHI 30,PHI 49,3207,3460,6,27,Home,21,33,-3,42.5,0,closed,grass,NA,NA,Ken Whisenhunt,Andy Reid,PHO00,University of Phoenix Stadium,0,1,NA,NA,L.McCoy,25,NA,NA,0,1,1,0,1,NA,00-0027029,NA,L.McCoy,25,00-0027029,L.McCoy,00-0027029,L.McCoy,00-0027029,0,0,0.7154886936768889,NA,NA,NA,NA,NA,0.5188108086585999,-51.881080865859985,2012,Go for it,NA,NA,NA,NA,NA,NA,NA,NA,NA,NA,Toss Up,Go for it,Andy Reid,Ken Whisenhunt,12:53,NA,NA,NA,NA,NA,NA,NA,NA,NA,NA
3254,2012_03_PHI_ARI,2012092309,ARI,PHI,REG,3,PHI,away,ARI,ARI,47,2012-09-23,751,751,751,Half2,0,18,0,4,1,0,12:31,ARI 47,10,19,(12:31) 7-M.Vick pass incomplete short right to 13-D.Johnson.,pass,0,0,0,1,0,0,0,short,right,8,NA,NA,NA,NA,NA,NA,NA,3,3,0,NA,NA,NA,NA,3,3,24,6,6,24,-18,6,24,-18,0.04604903608560562,0.08764559030532837,0.001053394516929984,0.14374138414859772,0.30910855531692505,0.003292102599516511,0.4091099202632904,0,0,2.526446064002812,-0.46456307522021234,15.01802871595663,-15.01802871595663,-10.573418328123237,10.573418328123237,20.533056298515113,-20.533056298515113,0.4785345542477444,-0.9430976294679567,0,0,-11.5405534998863,11.5405534998863,12.006453844951466,-12.006453844951466,-33.23936841462273,33.23936841462273,39.81296899402099,-39.81296899402099,0.026808423921465874,0.9731915760785341,0.9731915760785341,0.026808423921465874,-0.003937564790248871,-0.003863506019115448,0.003863506019115448,0.977129140868783,0.022870859131217003,0.04243621230125427,0.9575637876987457,-0.06700079934671521,0.06700079934671521,0.3382042470331833,-0.3382042470331833,0,-0.003937564790248871,0,0,-0.10616026539355516,0.10616026539355516,0.2399041030114747,-0.2399041030114747,-0.10616026539355516,0.10616026539355516,0.291897429295466,-0.291897429295466,0,0,0,0,0,0,0,0,1,0,0,0,0,0,0,0,0,0,0,0,0,0,0,0,0,0,0,0,0,0,0,0,0,1,0,0,0,0,0,0,0,0,0,0,0,0,0,0,0,0,0,00-0020245,M.Vick,NA,00-0029435,D.Johnson,NA,NA,NA,NA,NA,NA,NA,NA,NA,NA,NA,NA,NA,NA,NA,NA,NA,NA,NA,NA,NA,NA,NA,NA,NA,NA,NA,NA,NA,NA,NA,NA,NA,NA,NA,NA,NA,NA,NA,NA,NA,NA,NA,NA,NA,NA,NA,NA,NA,NA,NA,NA,NA,NA,NA,NA,NA,NA,NA,NA,NA,NA,NA,NA,0,NA,NA,NA,NA,NA,NA,NA,NA,NA,NA,NA,NA,NA,NA,NA,NA,NA,NA,NA,NA,NA,NA,NA,NA,NA,NA,NA,NA,NA,NA,NA,0,NA,NA,NA,NA,0,NA,NA,0,0,0,0,NA,NA,2012,0.6688892841339111,-66.88892841339111,41,1,First down,3254,"9/23/12, 16:05:33",2012-09-23T22:33:19Z,State Farm Stadium,"Temp: ° F, Wind: mph",10012012-0923-0983-16fc-87e5113fe1b7,0,0,PASS,0,NA,NA,NA,18,Punt,2012-09-23T22:32:22Z,8,2:49,2,0,0,4,4,-20,PUNT,PUNT,13:15,10:26,PHI 30,PHI 49,3207,3460,6,27,Home,21,33,-3,42.5,0,closed,grass,NA,NA,Ken Whisenhunt,Andy Reid,PHO00,University of Phoenix Stadium,0,0,M.Vick,7,NA,NA,D.Johnson,13,1,0,0,0,1,00-0020245,NA,00-0029435,M.Vick,7,00-0020245,D.Johnson,00-0029435,D.Johnson,00-0029435,0,0,-0.46456307522021234,0.3408969526104497,3.440584504191065,2,0.9989034280588385,0.5105445345107,0.808614194393158,19.138580560684204,2012,Go for it,NA,NA,NA,NA,NA,NA,NA,NA,NA,NA,Toss Up,Go for it,Andy Reid,Ken Whisenhunt,12:31,NA,NA,NA,NA,NA,NA,NA,NA,NA,NA
3276,2012_03_PHI_ARI,2012092309,ARI,PHI,REG,3,PHI,away,ARI,ARI,47,2012-09-23,747,747,747,Half2,0,18,0,4,2,0,12:27,ARI 47,10,19,(12:27) (Shotgun) 34-B.Brown left tackle to ARI 40 for 7 yards (50-O.Schofield). ARI-90-D.Dockett was injured during the play. His return is Questionable.,run,7,1,0,0,0,0,0,NA,NA,NA,NA,left,tackle,NA,NA,NA,NA,3,3,0,NA,NA,NA,NA,3,3,24,6,6,24,-18,6,24,-18,0.0480656772851944,0.10114496201276779,0.0011083866702392697,0.17026717960834503,0.29455897212028503,0.0036511102225631475,0.38120368123054504,0,0,2.0618829887825996,0.10347883775830269,14.914549878198327,-14.914549878198327,-10.67689716588154,10.67689716588154,20.533056298515113,-20.533056298515113,NA,NA,0,0,-11.5405534998863,11.5405534998863,12.006453844951466,-12.006453844951466,-33.23936841462273,33.23936841462273,39.81296899402099,-39.81296899402099,0.022870859131217003,0.977129140868783,0.977129140868783,0.022870859131217003,-0.002621954306960106,-0.014662906527519226,0.014662906527519226,0.9797510951757431,0.020248904824256897,0.038572706282138824,0.9614272937178612,-0.0643788450397551,0.0643788450397551,0.3382042470331833,-0.3382042470331833,NA,NA,0,0,-0.10616026539355516,0.10616026539355516,0.2399041030114747,-0.2399041030114747,-0.10616026539355516,0.10616026539355516,0.291897429295466,-0.291897429295466,0,0,0,0,0,0,0,0,0,0,0,0,0,0,0,0,0,0,0,0,0,0,0,0,1,0,0,0,0,0,0,0,1,0,0,0,0,0,0,0,0,0,0,0,0,0,0,0,0,0,0,NA,NA,NA,NA,NA,NA,00-0029429,B.Brown,7,NA,NA,NA,NA,NA,NA,NA,NA,NA,NA,NA,NA,NA,NA,NA,NA,NA,NA,NA,NA,NA,NA,NA,NA,NA,NA,NA,NA,NA,NA,NA,NA,NA,NA,NA,NA,NA,NA,NA,NA,NA,NA,ARI,NA,00-0027730,NA,O.Schofield,NA,NA,NA,NA,NA,NA,NA,NA,NA,NA,NA,NA,NA,0,NA,NA,NA,NA,NA,NA,NA,NA,NA,NA,NA,NA,NA,NA,NA,NA,NA,NA,NA,NA,NA,NA,NA,NA,NA,NA,NA,NA,NA,NA,NA,0,NA,NA,NA,NA,0,NA,NA,0,0,0,0,NA,NA,2012,NA,NA,41,1,First down,3276,"9/23/12, 16:05:33",2012-09-23T22:34:01Z,State Farm Stadium,"Temp: ° F, Wind: mph",10012012-0923-0983-16fc-87e5113fe1b7,0,0,RUSH,0,NA,NA,NA,18,Punt,2012-09-23T22:32:22Z,8,2:49,2,0,0,4,4,-20,PUNT,PUNT,13:15,10:26,PHI 30,PHI 49,3207,3460,6,27,Home,21,33,-3,42.5,0,closed,grass,NA,NA,Ken Whisenhunt,Andy Reid,PHO00,University of Phoenix Stadium,0,1,NA,NA,B.Brown,34,NA,NA,0,1,0,0,1,NA,00-0029429,NA,B.Brown,34,00-0029429,B.Brown,00-0029429,B.Brown,00-0029429,0,0,0.10347883775830269,NA,NA,NA,NA,NA,0.8422712683677673,-84.22712683677673,2012,Go for it,NA,NA,NA,NA,NA,NA,NA,NA,NA,NA,Toss Up,Go for it,Andy Reid,Ken Whisenhunt,12:27,NA,NA,NA,NA,NA,NA,NA,NA,NA,NA
3297,2012_03_PHI_ARI,2012092309,ARI,PHI,REG,3,PHI,away,ARI,ARI,40,2012-09-23,714,714,714,Half2,0,18,0,4,3,0,11:54,ARI 40,3,19,(11:54) 7-M.Vick pass short left to 34-B.Brown to ARI 32 for 8 yards (28-G.Toler).,pass,8,0,0,1,0,0,0,short,left,-7,15,NA,NA,NA,NA,NA,NA,3,3,0,NA,NA,NA,NA,3,3,24,6,6,24,-18,6,24,-18,0.05130830407142639,0.09530559182167053,9.266046108677983e-4,0.16161268949508667,0.30815553665161133,0.0037769756745547056,0.3789142966270447,0,0,2.1653618265409023,1.4986152772326022,13.415934600965725,-13.415934600965725,-10.67689716588154,10.67689716588154,19.03444102128251,-19.03444102128251,-2.6108136570546776,4.10942893428728,-2.6108136570546776,4.10942893428728,-8.929739842831623,8.929739842831623,7.897024910664186,-7.897024910664186,-30.628554757568054,30.628554757568054,35.70354005973371,-35.70354005973371,0.020248904824256897,0.9797510951757431,0.9797510951757431,0.020248904824256897,0.0036712829023599625,0.0030790194869041443,-0.0030790194869041443,0.9760798122733831,0.02392018772661686,0.0239097997546196,0.9760902002453804,-0.0643788450397551,0.0643788450397551,0.33453296413082334,-0.33453296413082334,0,0.0036712829023599625,0,0.0036712829023599625,-0.10616026539355516,0.10616026539355516,0.23623282010911473,-0.23623282010911473,-0.10616026539355516,0.10616026539355516,0.28822614639310606,-0.28822614639310606,0,0,1,0,1,0,0,0,0,0,0,0,0,0,0,0,0,0,0,0,0,0,0,0,1,0,0,0,0,0,0,0,0,1,0,0,0,0,0,0,0,0,0,0,0,1,0,0,0,0,0,00-0020245,M.Vick,8,00-0029429,B.Brown,8,NA,NA,NA,NA,NA,NA,NA,NA,NA,NA,NA,NA,NA,NA,NA,NA,NA,NA,NA,NA,NA,NA,NA,NA,NA,NA,NA,NA,NA,NA,NA,NA,NA,NA,NA,NA,NA,NA,NA,NA,NA,NA,NA,NA,NA,ARI,NA,00-0026910,NA,G.Toler,NA,NA,NA,NA,NA,NA,NA,NA,NA,NA,NA,NA,NA,0,NA,NA,NA,NA,NA,NA,NA,NA,NA,NA,NA,NA,NA,NA,NA,NA,NA,NA,NA,NA,NA,NA,NA,NA,NA,NA,NA,NA,NA,NA,NA,0,NA,NA,NA,NA,0,NA,NA,0,0,0,0,NA,NA,2012,0.758809506893158,24.119049310684204,41,1,First down,3297,"9/23/12, 16:05:33",2012-09-23T22:36:41Z,State Farm Stadium,"Temp: ° F, Wind: mph",10012012-0923-0983-16fc-87e5113fe1b7,0,0,PASS,0,NA,NA,NA,18,Punt,2012-09-23T22:32:22Z,8,2:49,2,0,0,4,4,-20,PUNT,PUNT,13:15,10:26,PHI 30,PHI 49,3207,3460,6,27,Home,21,33,-3,42.5,0,closed,grass,NA,NA,Ken Whisenhunt,Andy Reid,PHO00,University of Phoenix Stadium,0,1,M.Vick,7,NA,NA,B.Brown,34,1,0,1,0,1,00-0020245,NA,00-0029429,M.Vick,7,00-0020245,B.Brown,00-0029429,B.Brown,00-0029429,0,0,1.4986152772326022,2.4817678427307808,11.75555109794368,10,0.5253807342087384,0.5253807342087384,0.8819718360900879,11.802816390991211,2012,Go for it,NA,NA,NA,NA,NA,NA,NA,NA,NA,NA,Toss Up,Go for it,Andy Reid,Ken Whisenhunt,11:54,NA,NA,NA,NA,NA,NA,NA,NA,NA,NA
3344,2012_03_PHI_ARI,2012092309,ARI,PHI,REG,3,PHI,away,ARI,ARI,32,2012-09-23,684,684,684,Half2,0,18,0,4,1,0,11:24,ARI 32,10,19,(11:24) 25-L.McCoy right tackle to ARI 31 for 1 yard (51-P.Lenon).,run,1,0,0,0,0,0,0,NA,NA,NA,NA,right,tackle,NA,NA,NA,NA,3,3,0,NA,NA,NA,NA,3,3,24,6,6,24,-18,6,24,-18,0.035280097275972366,0.050482671707868576,5.850341403856874e-4,0.07291612029075623,0.3876436650753021,0.0015139830065891147,0.45157843828201294,0,0,3.6639771037735045,-0.3324233926832676,13.748357993648993,-13.748357993648993,-10.344473773198272,10.344473773198272,19.03444102128251,-19.03444102128251,NA,NA,0,0,-8.929739842831623,8.929739842831623,7.897024910664186,-7.897024910664186,-30.628554757568054,30.628554757568054,35.70354005973371,-35.70354005973371,0.02392018772661686,0.9760798122733831,0.9760798122733831,0.02392018772661686,-0.002643262967467308,-0.002098986878991127,0.002098986878991127,0.9787230752408504,0.02127692475914955,0.026988819241523743,0.9730111807584763,-0.0617355820722878,0.0617355820722878,0.33453296413082334,-0.33453296413082334,NA,NA,0,0,-0.10616026539355516,0.10616026539355516,0.23623282010911473,-0.23623282010911473,-0.10616026539355516,0.10616026539355516,0.28822614639310606,-0.28822614639310606,0,0,0,0,0,0,0,0,0,0,0,0,0,0,0,0,0,0,0,0,0,0,0,0,1,0,0,0,0,0,0,0,1,0,0,0,0,0,0,0,0,0,0,0,0,0,0,0,0,0,0,NA,NA,NA,NA,NA,NA,00-0027029,L.McCoy,1,NA,NA,NA,NA,NA,NA,NA,NA,NA,NA,NA,NA,NA,NA,NA,NA,NA,NA,NA,NA,NA,NA,NA,NA,NA,NA,NA,NA,NA,NA,NA,NA,NA,NA,NA,NA,NA,NA,NA,NA,NA,NA,ARI,NA,00-0019104,NA,P.Lenon,NA,NA,NA,NA,NA,NA,NA,NA,NA,NA,NA,NA,NA,0,NA,NA,NA,NA,NA,NA,NA,NA,NA,NA,NA,NA,NA,NA,NA,NA,NA,NA,NA,NA,NA,NA,NA,NA,NA,NA,NA,NA,NA,NA,NA,0,NA,NA,NA,NA,0,NA,NA,0,0,0,0,NA,NA,2012,NA,NA,42,0,Punt,3344,"9/23/12, 16:05:33",2012-09-23T22:37:11Z,State Farm Stadium,"Temp: ° F, Wind: mph",10012012-0923-0983-16fc-87e5113fe1b7,0,0,RUSH,0,NA,NA,NA,18,Punt,2012-09-23T22:32:22Z,8,2:49,2,0,0,4,4,-20,PUNT,PUNT,13:15,10:26,PHI 30,PHI 49,3207,3460,6,27,Home,21,33,-3,42.5,0,closed,grass,NA,NA,Ken Whisenhunt,Andy Reid,PHO00,University of Phoenix Stadium,0,0,NA,NA,L.McCoy,25,NA,NA,0,1,0,0,1,NA,00-0027029,NA,L.McCoy,25,00-0027029,L.McCoy,00-0027029,L.McCoy,00-0027029,0,0,-0.3324233926832676,NA,NA,NA,NA,NA,0.7849671244621277,-78.49671244621277,2012,Go for it,NA,NA,NA,NA,NA,NA,NA,NA,NA,NA,Toss Up,Go for it,Andy Reid,Ken Whisenhunt,11:24,NA,NA,NA,NA,NA,NA,NA,NA,NA,NA
3365,2012_03_PHI_ARI,2012092309,ARI,PHI,REG,3,PHI,away,ARI,ARI,31,2012-09-23,653,653,653,Half2,0,18,0,4,2,0,10:53,ARI 31,9,19,"(10:53) (Shotgun) 7-M.Vick pass short right to 87-B.Celek to ARI 29 for 2 yards (58-D.Washington). Arizona challenged the pass completion ruling, and the play was REVERSED. (Shotgun) 7-M.Vick pass incomplete short right to 87-B.Celek (58-D.Washington).",pass,0,1,0,1,0,0,0,short,right,2,NA,NA,NA,NA,NA,NA,NA,3,3,0,NA,NA,NA,NA,3,3,24,6,6,24,-18,6,24,-18,0.03928244486451149,0.05620047450065613,6.048541981726885e-4,0.07717136293649673,0.43505921959877014,0.001077000517398119,0.3906046748161316,0,0,3.331553711090237,-0.581016528303735,14.329374521952728,-14.329374521952728,-10.344473773198272,10.344473773198272,19.615457549586246,-19.615457549586246,-0.3793407288612798,-0.20167579944245517,0,0,-8.929739842831623,8.929739842831623,7.897024910664186,-7.897024910664186,-30.249214028706774,30.249214028706774,35.90521585917617,-35.90521585917617,0.02127692475914955,0.9787230752408504,0.9787230752408504,0.02127692475914955,-0.0030558109283447266,-0.0028380434960126877,0.0028380434960126877,0.9817788861691952,0.018221113830804825,0.024889832362532616,0.9751101676374674,-0.0617355820722878,0.0617355820722878,0.33758877505916807,-0.33758877505916807,0,-0.0030558109283447266,0,0,-0.10616026539355516,0.10616026539355516,0.23623282010911473,-0.23623282010911473,-0.10616026539355516,0.10616026539355516,0.2912819573214508,-0.2912819573214508,0,0,0,0,0,0,0,0,1,0,0,0,0,0,0,0,0,0,0,0,0,0,0,0,0,0,0,0,0,0,0,0,0,1,0,0,0,0,0,0,0,0,0,0,0,0,0,0,0,0,0,00-0020245,M.Vick,NA,00-0025549,B.Celek,NA,NA,NA,NA,NA,NA,NA,NA,NA,NA,NA,NA,NA,NA,NA,NA,NA,NA,NA,NA,NA,NA,NA,NA,NA,NA,NA,NA,NA,NA,NA,NA,NA,NA,NA,NA,NA,NA,NA,NA,NA,NA,NA,NA,NA,NA,NA,NA,NA,NA,NA,NA,NA,NA,NA,NA,NA,NA,NA,NA,NA,NA,NA,NA,0,NA,NA,NA,NA,NA,NA,00-0027886,D.Washington,NA,NA,NA,NA,NA,NA,NA,NA,NA,NA,NA,NA,NA,NA,NA,NA,NA,NA,NA,NA,NA,NA,NA,0,NA,NA,NA,NA,1,reversed,NA,0,0,0,0,NA,NA,2012,0.7701392769813538,-77.01392769813538,42,0,Punt,3365,"9/23/12, 16:05:33",2012-09-23T22:37:43Z,State Farm Stadium,"Temp: ° F, Wind: mph",10012012-0923-0983-16fc-87e5113fe1b7,0,0,PASS,0,NA,NA,NA,18,Punt,2012-09-23T22:32:22Z,8,2:49,2,0,0,4,4,-20,PUNT,PUNT,13:15,10:26,PHI 30,PHI 49,3207,3460,6,27,Home,21,33,-3,42.5,0,closed,grass,NA,NA,Ken Whisenhunt,Andy Reid,PHO00,University of Phoenix Stadium,0,0,M.Vick,7,NA,NA,B.Celek,87,1,0,0,0,1,00-0020245,NA,00-0025549,M.Vick,7,00-0020245,B.Celek,00-0025549,B.Celek,00-0025549,0,0,-0.581016528303735,0.7765005613570808,5.088742202264257,4,0.6217176860081963,0.2807090004789643,0.8768558502197266,12.314414978027344,2012,Go for it,NA,NA,NA,NA,NA,NA,NA,NA,NA,NA,Toss Up,Go for it,Andy Reid,Ken Whisenhunt,10:53,NA,NA,NA,NA,NA,NA,NA,NA,NA,NA
3389,2012_03_PHI_ARI,2012092309,ARI,PHI,REG,3,PHI,away,ARI,ARI,31,2012-09-23,642,642,642,Half2,0,18,0,4,3,0,10:42,ARI 31,9,19,"(10:42) 7-M.Vick pass incomplete short left to 87-B.Celek [94-S.Acho]. PENALTY on PHI-7-M.Vick, Intentional Grounding, 20 yards, enforced at ARI 31.",pass,0,0,0,1,0,0,0,short,left,-14,NA,NA,NA,NA,NA,NA,NA,3,3,0,NA,NA,NA,NA,3,3,24,6,6,24,-18,6,24,-18,0.041699424386024475,0.06916290521621704,6.324900896288455e-4,0.0931343212723732,0.4876900911331177,0.0011208102805539966,0.30655989050865173,0,0,2.750537182786502,-2.96729677694384,17.296671298896566,-17.296671298896566,-10.344473773198272,10.344473773198272,22.582754326530086,-22.582754326530086,-3.1647182827582583,0.1974215058144182,0,0,-8.929739842831623,8.929739842831623,7.897024910664186,-7.897024910664186,-27.084495745948516,27.084495745948516,35.70779435336175,-35.70779435336175,0.018221113830804825,0.9817788861691952,0.9817788861691952,0.018221113830804825,-0.005619502626359463,-0.011959911324083805,0.011959911324083805,0.9873983887955546,0.012601611204445362,0.022051788866519928,0.9779482111334801,-0.0617355820722878,0.0617355820722878,0.34320827768552753,-0.34320827768552753,0,-0.005619502626359463,0,0,-0.10616026539355516,0.10616026539355516,0.23623282010911473,-0.23623282010911473,-0.10616026539355516,0.10616026539355516,0.29690145994781025,-0.29690145994781025,0,0,0,0,0,1,0,0,1,0,0,0,0,0,0,0,0,0,0,0,0,0,0,0,0,0,1,0,0,0,0,1,0,1,0,0,0,0,0,0,0,0,0,0,0,0,0,0,0,0,0,00-0020245,M.Vick,NA,00-0025549,B.Celek,NA,NA,NA,NA,NA,NA,NA,NA,NA,NA,NA,NA,NA,NA,NA,NA,NA,NA,NA,NA,NA,NA,NA,NA,NA,NA,NA,NA,NA,NA,NA,NA,NA,NA,NA,NA,00-0028041,S.Acho,NA,NA,NA,NA,NA,NA,NA,NA,NA,NA,NA,NA,NA,NA,NA,NA,NA,NA,NA,NA,NA,NA,NA,NA,NA,NA,0,NA,NA,NA,NA,NA,NA,NA,NA,NA,NA,NA,NA,NA,NA,NA,NA,NA,NA,NA,NA,NA,NA,NA,NA,NA,NA,NA,NA,NA,NA,NA,0,PHI,00-0020245,M.Vick,20,0,NA,Intentional Grounding,0,0,0,0,NA,NA,2012,0.2740277051925659,-27.402770519256592,42,0,Punt,3389,"9/23/12, 16:05:33",2012-09-23T22:42:39Z,State Farm Stadium,"Temp: ° F, Wind: mph",10012012-0923-0983-16fc-87e5113fe1b7,0,0,PASS,0,NA,NA,NA,18,Punt,2012-09-23T22:32:22Z,8,2:49,2,0,0,4,4,-20,PUNT,PUNT,13:15,10:26,PHI 30,PHI 49,3207,3460,6,27,Home,21,33,-3,42.5,0,closed,grass,NA,NA,Ken Whisenhunt,Andy Reid,PHO00,University of Phoenix Stadium,0,0,M.Vick,7,NA,NA,B.Celek,87,1,0,0,0,1,00-0020245,NA,00-0025549,M.Vick,7,00-0020245,B.Celek,00-0025549,B.Celek,00-0025549,0,0,-2.96729677694384,2.1422799975201174,14.457226771570276,12,0.22465736645972356,0.21348346717422828,0.9707226753234863,2.927732467651367,2012,Go for it,NA,NA,NA,NA,NA,NA,NA,NA,NA,NA,Toss Up,Go for it,Andy Reid,Ken Whisenhunt,10:42,NA,NA,NA,NA,NA,NA,NA,NA,NA,NA
3460,2012_03_PHI_ARI,2012092309,ARI,PHI,REG,3,PHI,away,ARI,PHI,51,2012-09-23,638,638,638,Half2,0,18,0,4,4,0,10:38,PHI 49,29,19,"(10:38) 8-C.Henry punts 33 yards to ARI 18, Center-46-J.Dorenbos. 21-P.Peterson to ARI 29 for 11 yards (39-S.Havili).",punt,0,0,0,0,0,0,0,NA,NA,NA,NA,NA,NA,NA,33,NA,NA,3,3,0,NA,NA,NA,NA,3,3,24,6,6,24,-18,6,24,-18,0.09491744637489319,0.17597000300884247,0.002138406503945589,0.292571097612381,0.16015329957008362,0.007356695365160704,0.26689308881759644,0,0,-0.21675959415733814,-1.3616577521897852,18.65832905108635,-18.65832905108635,-10.344473773198272,10.344473773198272,22.582754326530086,-22.582754326530086,NA,NA,0,0,-8.929739842831623,8.929739842831623,7.897024910664186,-7.897024910664186,-27.084495745948516,27.084495745948516,35.70779435336175,-35.70779435336175,0.012601611204445362,0.9873983887955546,0.9873983887955546,0.012601611204445362,-0.008766052313148975,-0.003774023614823818,0.003774023614823818,0.9961644411087036,0.0038355588912963867,0.010091877542436123,0.9899081224575639,-0.0617355820722878,0.0617355820722878,0.34320827768552753,-0.34320827768552753,NA,NA,0,0,-0.10616026539355516,0.10616026539355516,0.23623282010911473,-0.23623282010911473,-0.10616026539355516,0.10616026539355516,0.29690145994781025,-0.29690145994781025,0,0,0,0,0,0,0,0,0,0,0,0,0,0,0,0,0,0,0,0,0,0,0,0,1,0,0,0,0,0,0,0,0,0,0,0,0,0,0,0,0,0,0,1,0,0,0,0,0,0,0,NA,NA,NA,NA,NA,NA,NA,NA,NA,NA,NA,NA,NA,NA,NA,NA,NA,NA,NA,NA,NA,00-0027943,P.Peterson,NA,NA,NA,NA,NA,NA,00-0028427,C.Henry,NA,NA,NA,NA,NA,NA,NA,NA,NA,NA,NA,NA,NA,NA,NA,NA,NA,NA,NA,NA,PHI,NA,00-0028178,NA,S.Havili,NA,NA,NA,NA,NA,NA,NA,NA,NA,NA,NA,NA,NA,0,NA,NA,NA,NA,NA,NA,NA,NA,NA,NA,NA,NA,NA,NA,NA,NA,NA,NA,NA,NA,NA,NA,NA,NA,NA,NA,NA,NA,NA,NA,ARI,11,NA,NA,NA,NA,0,NA,NA,0,0,0,0,NA,NA,2012,NA,NA,42,0,Punt,3460,"9/23/12, 16:05:33",2012-09-23T22:44:33Z,State Farm Stadium,"Temp: ° F, Wind: mph",10012012-0923-0983-16fc-87e5113fe1b7,0,0,PUNT,1,NA,NA,NA,18,Punt,2012-09-23T22:32:22Z,8,2:49,2,0,0,4,4,-20,PUNT,PUNT,13:15,10:26,PHI 30,PHI 49,3207,3460,6,27,Home,21,33,-3,42.5,0,closed,grass,NA,NA,Ken Whisenhunt,Andy Reid,PHO00,University of Phoenix Stadium,0,0,NA,NA,NA,NA,NA,NA,0,0,0,1,0,NA,NA,NA,NA,NA,NA,NA,NA,NA,NA,0,0,-1.3616577521897852,NA,NA,NA,NA,NA,NA,NA,2012,Punt,NA,0.031316599270212464,0.07315597240411592,NA,NA,0,0.06185966730117798,0.26470768451690674,0.06185966730117798,0.1145794641965618,Punt,Punt,Andy Reid,Ken Whisenhunt,10:38,0,0,NA,3,7,NA,11,6,26,6
3485,2012_03_PHI_ARI,2012092309,ARI,PHI,REG,3,ARI,home,PHI,ARI,71,2012-09-23,626,626,626,Half2,0,19,0,4,1,0,10:26,ARI 29,10,62,(10:26) (Shotgun) 4-K.Kolb scrambles right end to ARI 32 for 3 yards (42-K.Coleman).,run,3,1,0,1,0,0,1,NA,NA,NA,NA,right,end,NA,NA,NA,NA,3,3,0,NA,NA,NA,NA,3,3,24,6,24,6,18,24,6,18,0.091956727206707,0.12204191833734512,0.0033029618207365274,0.18668325245380402,0.22388990223407745,0.0037229848094284534,0.36840230226516724,0,0,1.5784173463471234,-0.3326402083039284,18.325688842782423,-18.325688842782423,-10.6771139815022,10.6771139815022,22.582754326530086,-22.582754326530086,NA,NA,0,0,-8.929739842831623,8.929739842831623,7.897024910664186,-7.897024910664186,-27.084495745948516,27.084495745948516,35.70779435336175,-35.70779435336175,0.9961644411087036,0.0038355588912963867,0.9961644411087036,0.0038355588912963867,-8.309483528137207e-4,0.0018895864486694336,0.0018895864486694336,0.9953334927558899,0.004666507244110107,0.9936821460723877,0.9936821460723877,-0.06256653042510152,0.06256653042510152,0.34320827768552753,-0.34320827768552753,NA,NA,0,0,-0.10616026539355516,0.10616026539355516,0.23623282010911473,-0.23623282010911473,-0.10616026539355516,0.10616026539355516,0.29690145994781025,-0.29690145994781025,0,0,0,0,0,0,0,0,0,0,0,0,0,0,0,0,0,0,0,0,0,0,0,0,1,0,0,0,0,0,0,0,1,0,0,0,0,0,0,0,0,0,0,0,0,0,0,0,0,0,0,NA,NA,NA,NA,NA,NA,00-0025423,K.Kolb,3,NA,NA,NA,NA,NA,NA,NA,NA,NA,NA,NA,NA,NA,NA,NA,NA,NA,NA,NA,NA,NA,NA,NA,NA,NA,NA,NA,NA,NA,NA,NA,NA,NA,NA,NA,NA,NA,NA,NA,NA,NA,NA,PHI,NA,00-0027835,NA,K.Coleman,NA,NA,NA,NA,NA,NA,NA,NA,NA,NA,NA,NA,NA,0,NA,NA,NA,NA,NA,NA,NA,NA,NA,NA,NA,NA,NA,NA,NA,NA,NA,NA,NA,NA,NA,NA,NA,NA,NA,NA,NA,NA,NA,NA,NA,0,NA,NA,NA,NA,0,NA,NA,0,0,0,0,NA,NA,2012,NA,NA,43,1,First down,3485,"9/23/12, 16:05:33",2012-09-23T22:45:34Z,State Farm Stadium,"Temp: ° F, Wind: mph",10012012-0923-0983-16fc-87e5113fe1b7,0,0,RUSH,0,NA,NA,NA,19,Field goal,2012-09-23T22:45:34Z,13,6:34,4,1,1,4,4,10,PUNT,FIELD_GOAL,10:26,03:52,ARI 29,PHI 9,3485,3831,6,27,Home,21,33,-3,42.5,0,closed,grass,NA,NA,Ken Whisenhunt,Andy Reid,PHO00,University of Phoenix Stadium,0,0,K.Kolb,4,NA,4,NA,NA,1,0,0,0,1,00-0025423,NA,NA,K.Kolb,4,00-0025423,K.Kolb,00-0025423,K.Kolb,00-0025423,0,0,-0.3326402083039284,NA,NA,NA,NA,NA,0.21621564030647278,78.37843596935272,2012,Go for it,NA,NA,NA,NA,NA,NA,NA,NA,NA,NA,Toss Up,Go for it,Andy Reid,Ken Whisenhunt,10:26,NA,NA,NA,NA,NA,NA,NA,NA,NA,NA
3506,2012_03_PHI_ARI,2012092309,ARI,PHI,REG,3,ARI,home,PHI,ARI,68,2012-09-23,581,581,581,Half2,0,19,0,4,2,0,09:41,ARI 32,7,62,(9:41) 4-K.Kolb pass short right to 84-R.Housler pushed ob at ARI 39 for 7 yards (52-B.Rolle).,pass,7,0,0,1,0,0,0,short,right,4,3,NA,NA,NA,NA,NA,NA,3,3,0,NA,NA,NA,NA,3,3,24,6,24,6,18,24,6,18,0.10794765502214432,0.12968681752681732,0.0024493455421179533,0.20221655070781708,0.20776315033435822,0.00351847056299448,0.34641796350479126,0,0,1.245777138043195,0.8569576665759087,19.18264650935833,-19.18264650935833,-10.6771139815022,10.6771139815022,23.439711993105995,-23.439711993105995,-0.14493126282468438,1.001888929400593,-0.14493126282468438,1.001888929400593,-9.074671105656307,9.074671105656307,8.898913840064779,-8.898913840064779,-27.2294270087732,27.2294270087732,36.70968328276234,-36.70968328276234,0.9953334927558899,0.004666507244110107,0.9953334927558899,0.004666507244110107,0.0011121034622192383,1.2493133544921875e-4,1.2493133544921875e-4,0.9964455962181091,0.003554403781890869,0.9955717325210571,0.9955717325210571,-0.06256653042510152,0.06256653042510152,0.34432038114774677,-0.34432038114774677,0,0.0011121034622192383,0,0.0011121034622192383,-0.10616026539355516,0.10616026539355516,0.23734492357133397,-0.23734492357133397,-0.10616026539355516,0.10616026539355516,0.2980135634100295,-0.2980135634100295,0,0,1,0,0,0,0,0,0,0,0,0,0,0,0,0,0,0,0,0,0,0,0,0,1,0,0,0,0,0,0,0,0,1,0,0,0,0,0,0,0,0,0,0,0,1,0,0,0,0,0,00-0025423,K.Kolb,7,00-0028007,R.Housler,7,NA,NA,NA,NA,NA,NA,NA,NA,NA,NA,NA,NA,NA,NA,NA,NA,NA,NA,NA,NA,NA,NA,NA,NA,NA,NA,NA,NA,NA,NA,NA,NA,NA,NA,NA,NA,NA,NA,NA,NA,NA,NA,NA,NA,NA,PHI,NA,00-0028131,NA,B.Rolle,NA,NA,NA,NA,NA,NA,NA,NA,NA,NA,NA,NA,NA,0,NA,NA,NA,NA,NA,NA,NA,NA,NA,NA,NA,NA,NA,NA,NA,NA,NA,NA,NA,NA,NA,NA,NA,NA,NA,NA,NA,NA,NA,NA,NA,0,NA,NA,NA,NA,0,NA,NA,0,0,0,0,NA,NA,2012,0.7433308959007263,25.666910409927368,43,1,First down,3506,"9/23/12, 16:05:33",2012-09-23T22:46:19Z,State Farm Stadium,"Temp: ° F, Wind: mph",10012012-0923-0983-16fc-87e5113fe1b7,0,0,PASS,0,NA,NA,NA,19,Field goal,2012-09-23T22:45:34Z,13,6:34,4,1,1,4,4,10,PUNT,FIELD_GOAL,10:26,03:52,ARI 29,PHI 9,3485,3831,6,27,Home,21,33,-3,42.5,0,closed,grass,NA,NA,Ken Whisenhunt,Andy Reid,PHO00,University of Phoenix Stadium,0,1,K.Kolb,4,NA,NA,R.Housler,84,1,0,1,0,1,00-0025423,NA,00-0028007,K.Kolb,4,00-0025423,R.Housler,00-0028007,R.Housler,00-0028007,1,0,0.8569576665759087,0.7616457999885424,4.335947221516108,2,0.8165449947409797,0.48439550402690656,0.42148134112358093,57.85186588764191,2012,Go for it,NA,NA,NA,NA,NA,NA,NA,NA,NA,NA,Toss Up,Go for it,Andy Reid,Ken Whisenhunt,9:41,NA,NA,NA,NA,NA,NA,NA,NA,NA,NA
3535,2012_03_PHI_ARI,2012092309,ARI,PHI,REG,3,ARI,home,PHI,ARI,61,2012-09-23,550,550,550,Half2,0,19,0,4,1,0,09:10,ARI 39,10,62,(9:10) 36-L.Stephens-Howling up the middle to ARI 37 for -2 yards (54-B.Graham).,run,-2,0,0,0,0,0,0,NA,NA,NA,NA,middle,NA,NA,NA,NA,NA,3,3,0,NA,NA,NA,NA,3,3,24,6,24,6,18,24,6,18,0.10574492067098618,0.096677765250206,0.0015154678840190172,0.1547238677740097,0.24748829007148743,0.0041092983447015285,0.38974037766456604,0,0,2.1027348046191037,-0.8298426857218146,18.352803823636517,-18.352803823636517,-11.506956667224015,11.506956667224015,23.439711993105995,-23.439711993105995,NA,NA,0,0,-9.074671105656307,9.074671105656307,8.898913840064779,-8.898913840064779,-27.2294270087732,27.2294270087732,36.70968328276234,-36.70968328276234,0.9964455962181091,0.003554403781890869,0.9964455962181091,0.003554403781890869,-0.0013477802276611328,-0.001240551471710205,-0.001240551471710205,0.995097815990448,0.004902184009552002,0.9956966638565063,0.9956966638565063,-0.06391431065276265,0.06391431065276265,0.34432038114774677,-0.34432038114774677,NA,NA,0,0,-0.10616026539355516,0.10616026539355516,0.23734492357133397,-0.23734492357133397,-0.10616026539355516,0.10616026539355516,0.2980135634100295,-0.2980135634100295,0,0,0,0,0,0,0,0,0,0,0,0,0,0,0,0,0,0,0,0,0,0,0,0,1,0,0,1,0,0,0,0,1,0,0,0,0,0,0,0,0,0,0,0,0,0,0,0,0,0,0,NA,NA,NA,NA,NA,NA,00-0026956,L.Stephens-Howling,-2,NA,NA,NA,NA,NA,NA,NA,NA,NA,NA,NA,NA,NA,NA,NA,NA,NA,NA,NA,NA,NA,NA,NA,NA,NA,NA,NA,NA,00-0027865,B.Graham,NA,NA,NA,NA,NA,NA,NA,NA,NA,NA,NA,NA,PHI,NA,00-0027865,NA,B.Graham,NA,NA,NA,NA,NA,NA,NA,NA,NA,NA,NA,NA,NA,0,NA,NA,NA,NA,NA,NA,NA,NA,NA,NA,NA,NA,NA,NA,NA,NA,NA,NA,NA,NA,NA,NA,NA,NA,NA,NA,NA,NA,NA,NA,NA,0,NA,NA,NA,NA,0,NA,NA,0,0,0,0,NA,NA,2012,NA,NA,44,1,First down,3535,"9/23/12, 16:05:33",2012-09-23T22:47:04Z,State Farm Stadium,"Temp: ° F, Wind: mph",10012012-0923-0983-16fc-87e5113fe1b7,0,0,RUSH,0,NA,NA,NA,19,Field goal,2012-09-23T22:45:34Z,13,6:34,4,1,1,4,4,10,PUNT,FIELD_GOAL,10:26,03:52,ARI 29,PHI 9,3485,3831,6,27,Home,21,33,-3,42.5,0,closed,grass,NA,NA,Ken Whisenhunt,Andy Reid,PHO00,University of Phoenix Stadium,0,0,NA,NA,L.Stephens-Howling,36,NA,NA,0,1,0,0,1,NA,00-0026956,NA,L.Stephens-Howling,36,00-0026956,L.Stephens-Howling,00-0026956,L.Stephens-Howling,00-0026956,0,0,-0.8298426857218146,NA,NA,NA,NA,NA,0.18701434135437012,-18.70143413543701,2012,Go for it,NA,NA,NA,NA,NA,NA,NA,NA,NA,NA,Toss Up,Go for it,Andy Reid,Ken Whisenhunt,9:10,NA,NA,NA,NA,NA,NA,NA,NA,NA,NA
3556,2012_03_PHI_ARI,2012092309,ARI,PHI,REG,3,ARI,home,PHI,ARI,63,2012-09-23,505,505,505,Half2,0,19,0,4,2,0,08:25,ARI 37,12,62,(8:25) (Shotgun) 4-K.Kolb pass incomplete short left to 34-R.Williams (42-K.Coleman).,pass,0,1,0,1,0,0,0,short,left,0,NA,NA,NA,NA,NA,NA,NA,3,3,0,NA,NA,NA,NA,3,3,24,6,24,6,18,24,6,18,0.12838539481163025,0.11304929107427597,0.0019598098006099463,0.19950290024280548,0.21630682051181793,0.004402248654514551,0.3363935649394989,0,0,1.272892118897289,-0.8638504943810403,17.488953329255477,-17.488953329255477,-11.506956667224015,11.506956667224015,22.575861498724954,-22.575861498724954,-0.8103647190146148,-0.053485775366425514,0,0,-9.074671105656307,9.074671105656307,8.898913840064779,-8.898913840064779,-28.039791727787815,28.039791727787815,36.656197507395916,-36.656197507395916,0.995097815990448,0.004902184009552002,0.995097815990448,0.004902184009552002,-4.3147802352905273e-4,-9.389519691467285e-4,-9.389519691467285e-4,0.994666337966919,0.005333662033081055,0.9944561123847961,0.9944561123847961,-0.06391431065276265,0.06391431065276265,0.3438889031242177,-0.3438889031242177,0,-4.3147802352905273e-4,0,0,-0.10616026539355516,0.10616026539355516,0.23734492357133397,-0.23734492357133397,-0.10616026539355516,0.10616026539355516,0.29758208538650044,-0.29758208538650044,0,0,0,0,0,0,0,0,1,0,0,0,0,0,0,0,0,0,0,0,0,0,0,0,0,0,0,0,0,0,0,0,0,1,0,0,0,0,0,0,0,0,0,0,0,0,0,0,0,0,0,00-0025423,K.Kolb,NA,00-0027976,R.Williams,NA,NA,NA,NA,NA,NA,NA,NA,NA,NA,NA,NA,NA,NA,NA,NA,NA,NA,NA,NA,NA,NA,NA,NA,NA,NA,NA,NA,NA,NA,NA,NA,NA,NA,NA,NA,NA,NA,NA,NA,NA,NA,NA,NA,NA,NA,NA,NA,NA,NA,NA,NA,NA,NA,NA,NA,NA,NA,NA,NA,NA,NA,NA,NA,0,NA,NA,NA,NA,NA,NA,00-0027835,K.Coleman,NA,NA,NA,NA,NA,NA,NA,NA,NA,NA,NA,NA,NA,NA,NA,NA,NA,NA,NA,NA,NA,NA,NA,0,NA,NA,NA,NA,0,NA,NA,0,0,0,0,NA,NA,2012,0.6783692240715027,-67.83692240715027,44,1,First down,3556,"9/23/12, 16:05:33",2012-09-23T22:47:49Z,State Farm Stadium,"Temp: ° F, Wind: mph",10012012-0923-0983-16fc-87e5113fe1b7,0,0,PASS,0,NA,NA,NA,19,Field goal,2012-09-23T22:45:34Z,13,6:34,4,1,1,4,4,10,PUNT,FIELD_GOAL,10:26,03:52,ARI 29,PHI 9,3485,3831,6,27,Home,21,33,-3,42.5,0,closed,grass,NA,NA,Ken Whisenhunt,Andy Reid,PHO00,University of Phoenix Stadium,0,0,K.Kolb,4,NA,NA,R.Williams,34,1,0,0,0,1,00-0025423,NA,00-0027976,K.Kolb,4,00-0025423,R.Williams,00-0027976,R.Williams,00-0027976,0,0,-0.8638504943810403,1.043464292075363,7.217534445277124,6,0.5347988130524755,0.1581648150458932,0.5803953409194946,41.96046590805054,2012,Go for it,NA,NA,NA,NA,NA,NA,NA,NA,NA,NA,Toss Up,Go for it,Andy Reid,Ken Whisenhunt,8:25,NA,NA,NA,NA,NA,NA,NA,NA,NA,NA
3578,2012_03_PHI_ARI,2012092309,ARI,PHI,REG,3,ARI,home,PHI,ARI,63,2012-09-23,505,505,505,Half2,0,19,0,4,3,0,08:25,ARI 37,12,62,"(8:25) (Shotgun) PENALTY on ARI-4-K.Kolb, False Start, 5 yards, enforced at ARI 37 - No Play.",no_play,0,1,0,0,0,0,0,NA,NA,NA,NA,NA,NA,NA,NA,NA,NA,3,3,0,NA,NA,NA,NA,3,3,24,6,24,6,18,24,6,18,0.1349792182445526,0.1404559314250946,0.0020646052435040474,0.24670186638832092,0.1864939033985138,0.00463228952139616,0.28467220067977905,0,0,0.4090416245162487,-0.315013887360692,17.173939441894785,-17.173939441894785,-11.506956667224015,11.506956667224015,22.575861498724954,-22.575861498724954,NA,NA,0,0,-9.074671105656307,9.074671105656307,8.898913840064779,-8.898913840064779,-28.039791727787815,28.039791727787815,36.656197507395916,-36.656197507395916,0.994666337966919,0.005333662033081055,0.994666337966919,0.005333662033081055,-2.1535158157348633e-4,-6.628632545471191e-4,-6.628632545471191e-4,0.9944509863853455,0.005549013614654541,0.9935171604156494,0.9935171604156494,-0.06391431065276265,0.06391431065276265,0.3438889031242177,-0.3438889031242177,NA,NA,0,0,-0.10616026539355516,0.10616026539355516,0.23734492357133397,-0.23734492357133397,-0.10616026539355516,0.10616026539355516,0.29758208538650044,-0.29758208538650044,0,0,0,0,0,0,0,0,0,0,0,0,0,0,0,0,0,0,0,0,0,0,0,0,0,0,1,0,0,0,0,0,0,0,0,0,0,0,0,0,0,0,0,0,0,0,0,0,0,0,0,NA,NA,NA,NA,NA,NA,NA,NA,NA,NA,NA,NA,NA,NA,NA,NA,NA,NA,NA,NA,NA,NA,NA,NA,NA,NA,NA,NA,NA,NA,NA,NA,NA,NA,NA,NA,NA,NA,NA,NA,NA,NA,NA,NA,NA,NA,NA,NA,NA,NA,NA,NA,NA,NA,NA,NA,NA,NA,NA,NA,NA,NA,NA,NA,NA,NA,NA,NA,NA,0,NA,NA,NA,NA,NA,NA,NA,NA,NA,NA,NA,NA,NA,NA,NA,NA,NA,NA,NA,NA,NA,NA,NA,NA,NA,NA,NA,NA,NA,NA,NA,0,ARI,00-0025423,K.Kolb,5,0,NA,False Start,0,0,0,0,NA,NA,2012,NA,NA,44,1,First down,3578,"9/23/12, 16:05:33",NA,State Farm Stadium,"Temp: ° F, Wind: mph",10012012-0923-0983-16fc-87e5113fe1b7,0,0,PENALTY,0,NA,NA,NA,19,Field goal,2012-09-23T22:45:34Z,13,6:34,4,1,1,4,4,10,PUNT,FIELD_GOAL,10:26,03:52,ARI 29,PHI 9,3485,3831,6,27,Home,21,33,-3,42.5,0,closed,grass,NA,NA,Ken Whisenhunt,Andy Reid,PHO00,University of Phoenix Stadium,0,0,NA,NA,NA,NA,NA,NA,0,0,0,0,1,NA,NA,NA,NA,NA,NA,NA,NA,NA,NA,0,0,-0.315013887360692,NA,NA,NA,NA,NA,0.8640432357788086,NA,2012,Other,NA,NA,NA,NA,NA,NA,NA,NA,NA,NA,Toss Up,Other (Penalty),Andy Reid,Ken Whisenhunt,8:25,NA,NA,NA,NA,NA,NA,NA,NA,NA,NA
3601,2012_03_PHI_ARI,2012092309,ARI,PHI,REG,3,ARI,home,PHI,ARI,68,2012-09-23,501,501,501,Half2,0,19,0,4,3,0,08:21,ARI 32,17,62,(8:21) (Shotgun) 34-R.Williams up the middle ran ob at PHI 43 for 25 yards (59-D.Ryans).,run,25,1,0,0,0,0,0,NA,NA,NA,NA,middle,NA,NA,NA,NA,NA,3,3,0,NA,NA,NA,NA,3,3,24,6,24,6,18,24,6,18,0.139517143368721,0.16021408140659332,0.003380659269168973,0.2566661536693573,0.17127561569213867,0.003671363228932023,0.2652749717235565,0,0,0.09402773715555668,3.045021089608781,20.218960531503566,-20.218960531503566,-8.461935577615234,8.461935577615234,22.575861498724954,-22.575861498724954,NA,NA,0,0,-9.074671105656307,9.074671105656307,8.898913840064779,-8.898913840064779,-28.039791727787815,28.039791727787815,36.656197507395916,-36.656197507395916,0.9944509863853455,0.005549013614654541,0.9944509863853455,0.005549013614654541,0.0038648247718811035,0.0050435662269592285,0.0050435662269592285,0.9983158111572266,0.0016841888427734375,0.9928542971611023,0.9928542971611023,-0.06004948588088155,0.06004948588088155,0.3438889031242177,-0.3438889031242177,NA,NA,0,0,-0.10616026539355516,0.10616026539355516,0.23734492357133397,-0.23734492357133397,-0.10616026539355516,0.10616026539355516,0.29758208538650044,-0.29758208538650044,0,1,0,0,1,0,0,0,0,0,0,0,0,0,0,0,0,0,0,0,0,0,0,0,1,0,0,0,0,0,0,0,1,0,0,0,0,0,0,0,0,0,0,0,0,0,0,0,0,0,0,NA,NA,NA,NA,NA,NA,00-0027976,R.Williams,25,NA,NA,NA,NA,NA,NA,NA,NA,NA,NA,NA,NA,NA,NA,NA,NA,NA,NA,NA,NA,NA,NA,NA,NA,NA,NA,NA,NA,NA,NA,NA,NA,NA,NA,NA,NA,NA,NA,NA,NA,NA,NA,PHI,NA,00-0024248,NA,D.Ryans,NA,NA,NA,NA,NA,NA,NA,NA,NA,NA,NA,NA,NA,0,NA,NA,NA,NA,NA,NA,NA,NA,NA,NA,NA,NA,NA,NA,NA,NA,NA,NA,NA,NA,NA,NA,NA,NA,NA,NA,NA,NA,NA,NA,NA,0,NA,NA,NA,NA,0,NA,NA,0,0,0,0,NA,NA,2012,NA,NA,44,1,First down,3601,"9/23/12, 16:05:33",2012-09-23T22:49:21Z,State Farm Stadium,"Temp: ° F, Wind: mph",10012012-0923-0983-16fc-87e5113fe1b7,0,0,RUSH,0,NA,NA,NA,19,Field goal,2012-09-23T22:45:34Z,13,6:34,4,1,1,4,4,10,PUNT,FIELD_GOAL,10:26,03:52,ARI 29,PHI 9,3485,3831,6,27,Home,21,33,-3,42.5,0,closed,grass,NA,NA,Ken Whisenhunt,Andy Reid,PHO00,University of Phoenix Stadium,0,1,NA,NA,R.Williams,34,NA,NA,0,1,1,0,1,NA,00-0027976,NA,R.Williams,34,00-0027976,R.Williams,00-0027976,R.Williams,00-0027976,1,0,3.045021089608781,NA,NA,NA,NA,NA,0.7414266467094421,-74.14266467094421,2012,Go for it,NA,NA,NA,NA,NA,NA,NA,NA,NA,NA,Toss Up,Go for it,Andy Reid,Ken Whisenhunt,8:21,NA,NA,NA,NA,NA,NA,NA,NA,NA,NA
3622,2012_03_PHI_ARI,2012092309,ARI,PHI,REG,3,ARI,home,PHI,PHI,43,2012-09-23,466,466,466,Half2,0,19,0,4,1,0,07:46,PHI 43,10,62,"(7:46) 34-R.Williams up the middle to PHI 44 for -1 yards (42-K.Coleman). PENALTY on PHI-23-D.Rodgers-Cromartie, Unnecessary Roughness, 15 yards, enforced at PHI 44.",run,-1,0,0,0,0,0,0,NA,NA,NA,NA,middle,NA,NA,NA,NA,NA,3,3,0,NA,NA,NA,NA,3,3,24,6,24,6,18,24,6,18,0.10617078095674515,0.05882881209254265,9.199614287354052e-4,0.09254792332649231,0.30138489603996277,0.003995524253696203,0.4361521303653717,0,0,3.1390488267643377,0.935655722336378,21.154616253839944,-21.154616253839944,-7.526279855278856,7.526279855278856,22.575861498724954,-22.575861498724954,NA,NA,0,0,-9.074671105656307,9.074671105656307,8.898913840064779,-8.898913840064779,-28.039791727787815,28.039791727787815,36.656197507395916,-36.656197507395916,0.9983158111572266,0.0016841888427734375,0.9983158111572266,0.0016841888427734375,8.934736251831055e-4,0.0013426542282104492,0.0013426542282104492,0.9992092847824097,7.90715217590332e-4,0.9978978633880615,0.9978978633880615,-0.05915601225569844,0.05915601225569844,0.3438889031242177,-0.3438889031242177,NA,NA,0,0,-0.10616026539355516,0.10616026539355516,0.23734492357133397,-0.23734492357133397,-0.10616026539355516,0.10616026539355516,0.29758208538650044,-0.29758208538650044,0,0,0,1,0,0,0,0,0,0,0,0,0,0,0,0,0,0,0,0,0,0,0,0,1,0,1,1,0,0,0,0,1,0,0,0,0,0,0,0,0,0,0,0,0,0,0,0,0,0,0,NA,NA,NA,NA,NA,NA,00-0027976,R.Williams,-1,NA,NA,NA,NA,NA,NA,NA,NA,NA,NA,NA,NA,NA,NA,NA,NA,NA,NA,NA,NA,NA,NA,NA,NA,NA,NA,NA,NA,NA,NA,NA,NA,NA,NA,NA,NA,NA,NA,NA,NA,NA,NA,PHI,NA,00-0027835,NA,K.Coleman,NA,NA,NA,NA,NA,NA,NA,NA,NA,NA,NA,NA,NA,0,NA,NA,NA,NA,NA,NA,NA,NA,NA,NA,NA,NA,NA,NA,NA,NA,NA,NA,NA,NA,NA,NA,NA,NA,NA,NA,NA,NA,NA,NA,NA,0,PHI,00-0026156,D.Rodgers-Cromartie,15,0,NA,Unnecessary Roughness,0,0,0,0,NA,NA,2012,NA,NA,45,1,First down,3622,"9/23/12, 16:05:33",2012-09-23T22:50:10Z,State Farm Stadium,"Temp: ° F, Wind: mph",10012012-0923-0983-16fc-87e5113fe1b7,0,0,RUSH,0,NA,NA,NA,19,Field goal,2012-09-23T22:45:34Z,13,6:34,4,1,1,4,4,10,PUNT,FIELD_GOAL,10:26,03:52,ARI 29,PHI 9,3485,3831,6,27,Home,21,33,-3,42.5,0,closed,grass,NA,NA,Ken Whisenhunt,Andy Reid,PHO00,University of Phoenix Stadium,0,1,NA,NA,R.Williams,34,NA,NA,0,1,1,0,1,NA,00-0027976,NA,R.Williams,34,00-0027976,R.Williams,00-0027976,R.Williams,00-0027976,0,0,0.935655722336378,NA,NA,NA,NA,NA,0.1620379090309143,-16.20379090309143,2012,Go for it,NA,NA,NA,NA,NA,NA,NA,NA,NA,NA,Toss Up,Go for it,Andy Reid,Ken Whisenhunt,7:46,NA,NA,NA,NA,NA,NA,NA,NA,NA,NA
3654,2012_03_PHI_ARI,2012092309,ARI,PHI,REG,3,ARI,home,PHI,PHI,29,2012-09-23,435,435,435,Half2,0,19,0,4,1,0,07:15,PHI 29,10,62,(7:15) (Shotgun) 34-R.Williams up the middle to PHI 22 for 7 yards (59-D.Ryans).,run,7,1,0,0,0,0,0,NA,NA,NA,NA,middle,NA,NA,NA,NA,NA,3,3,0,NA,NA,NA,NA,3,3,24,6,24,6,18,24,6,18,0.067798711359500885,0.028715752065181732,4.5175160630606115e-4,0.0470874160528183,0.37321874499320984,0.0014764666557312012,0.48125115036964417,0,0,4.074704549100716,0.3689730276237242,21.523589281463668,-21.523589281463668,-7.157306827655132,7.157306827655132,22.575861498724954,-22.575861498724954,NA,NA,0,0,-9.074671105656307,9.074671105656307,8.898913840064779,-8.898913840064779,-28.039791727787815,28.039791727787815,36.656197507395916,-36.656197507395916,0.9992092847824097,7.90715217590332e-4,0.9992092847824097,7.90715217590332e-4,-5.733966827392578e-5,2.219080924987793e-4,2.219080924987793e-4,0.9991519451141357,8.480548858642578e-4,0.999240517616272,0.999240517616272,-0.05921335192397237,0.05921335192397237,0.3438889031242177,-0.3438889031242177,NA,NA,0,0,-0.10616026539355516,0.10616026539355516,0.23734492357133397,-0.23734492357133397,-0.10616026539355516,0.10616026539355516,0.29758208538650044,-0.29758208538650044,0,0,0,0,0,0,0,0,0,0,0,0,0,0,0,0,0,0,0,0,0,0,0,0,1,0,0,0,0,0,0,0,1,0,0,0,0,0,0,0,0,0,0,0,0,0,0,0,0,0,0,NA,NA,NA,NA,NA,NA,00-0027976,R.Williams,7,NA,NA,NA,NA,NA,NA,NA,NA,NA,NA,NA,NA,NA,NA,NA,NA,NA,NA,NA,NA,NA,NA,NA,NA,NA,NA,NA,NA,NA,NA,NA,NA,NA,NA,NA,NA,NA,NA,NA,NA,NA,NA,PHI,NA,00-0024248,NA,D.Ryans,NA,NA,NA,NA,NA,NA,NA,NA,NA,NA,NA,NA,NA,0,NA,NA,NA,NA,NA,NA,NA,NA,NA,NA,NA,NA,NA,NA,NA,NA,NA,NA,NA,NA,NA,NA,NA,NA,NA,NA,NA,NA,NA,NA,NA,0,NA,NA,NA,NA,0,NA,NA,0,0,0,0,NA,NA,2012,NA,NA,46,1,First down,3654,"9/23/12, 16:05:33",2012-09-23T22:51:22Z,State Farm Stadium,"Temp: ° F, Wind: mph",10012012-0923-0983-16fc-87e5113fe1b7,0,0,RUSH,0,NA,NA,NA,19,Field goal,2012-09-23T22:45:34Z,13,6:34,4,1,1,4,4,10,PUNT,FIELD_GOAL,10:26,03:52,ARI 29,PHI 9,3485,3831,6,27,Home,21,33,-3,42.5,0,closed,grass,NA,NA,Ken Whisenhunt,Andy Reid,PHO00,University of Phoenix Stadium,0,1,NA,NA,R.Williams,34,NA,NA,0,1,0,0,1,NA,00-0027976,NA,R.Williams,34,00-0027976,R.Williams,00-0027976,R.Williams,00-0027976,0,0,0.3689730276237242,NA,NA,NA,NA,NA,0.11742853373289108,-11.742853373289108,2012,Go for it,NA,NA,NA,NA,NA,NA,NA,NA,NA,NA,Toss Up,Go for it,Andy Reid,Ken Whisenhunt,7:15,NA,NA,NA,NA,NA,NA,NA,NA,NA,NA
3675,2012_03_PHI_ARI,2012092309,ARI,PHI,REG,3,ARI,home,PHI,PHI,22,2012-09-23,389,389,389,Half2,0,19,0,4,2,0,06:29,PHI 22,3,62,(6:29) (Shotgun) 34-R.Williams left end to PHI 22 for no gain (76-P.Hunt).,run,0,1,0,0,0,0,0,NA,NA,NA,NA,left,end,NA,NA,NA,NA,3,3,0,NA,NA,NA,NA,3,3,24,6,24,6,18,24,6,18,0.061485935002565384,0.019592955708503723,3.9766146801412106e-4,0.030573789030313492,0.37286919355392456,0.0013805339112877846,0.5136999487876892,0,0,4.44367757672444,-0.5339339258498512,20.989655355613817,-20.989655355613817,-7.691240753504983,7.691240753504983,22.575861498724954,-22.575861498724954,NA,NA,0,0,-9.074671105656307,9.074671105656307,8.898913840064779,-8.898913840064779,-28.039791727787815,28.039791727787815,36.656197507395916,-36.656197507395916,0.9991519451141357,8.480548858642578e-4,0.9991519451141357,8.480548858642578e-4,-1.888275146484375e-4,8.177757263183594e-5,8.177757263183594e-5,0.9989631175994873,0.0010368824005126953,0.9994624257087708,0.9994624257087708,-0.059402179438620806,0.059402179438620806,0.3438889031242177,-0.3438889031242177,NA,NA,0,0,-0.10616026539355516,0.10616026539355516,0.23734492357133397,-0.23734492357133397,-0.10616026539355516,0.10616026539355516,0.29758208538650044,-0.29758208538650044,0,0,0,0,0,0,0,0,0,0,0,0,0,0,0,0,0,0,0,0,0,0,0,0,1,0,0,0,0,0,0,0,1,0,0,0,0,0,0,0,0,0,0,0,0,0,0,0,0,0,0,NA,NA,NA,NA,NA,NA,00-0027976,R.Williams,0,NA,NA,NA,NA,NA,NA,NA,NA,NA,NA,NA,NA,NA,NA,NA,NA,NA,NA,NA,NA,NA,NA,NA,NA,NA,NA,NA,NA,NA,NA,NA,NA,NA,NA,NA,NA,NA,NA,NA,NA,NA,NA,PHI,NA,00-0026759,NA,P.Hunt,NA,NA,NA,NA,NA,NA,NA,NA,NA,NA,NA,NA,NA,0,NA,NA,NA,NA,NA,NA,NA,NA,NA,NA,NA,NA,NA,NA,NA,NA,NA,NA,NA,NA,NA,NA,NA,NA,NA,NA,NA,NA,NA,NA,NA,0,NA,NA,NA,NA,0,NA,NA,0,0,0,0,NA,NA,2012,NA,NA,46,1,First down,3675,"9/23/12, 16:05:33",2012-09-23T22:52:08Z,State Farm Stadium,"Temp: ° F, Wind: mph",10012012-0923-0983-16fc-87e5113fe1b7,0,0,RUSH,0,NA,NA,NA,19,Field goal,2012-09-23T22:45:34Z,13,6:34,4,1,1,4,4,10,PUNT,FIELD_GOAL,10:26,03:52,ARI 29,PHI 9,3485,3831,6,27,Home,21,33,-3,42.5,0,closed,grass,NA,NA,Ken Whisenhunt,Andy Reid,PHO00,University of Phoenix Stadium,0,0,NA,NA,R.Williams,34,NA,NA,0,1,0,0,1,NA,00-0027976,NA,R.Williams,34,00-0027976,R.Williams,00-0027976,R.Williams,00-0027976,0,0,-0.5339339258498512,NA,NA,NA,NA,NA,0.1341196745634079,-13.41196745634079,2012,Go for it,NA,NA,NA,NA,NA,NA,NA,NA,NA,NA,Toss Up,Go for it,Andy Reid,Ken Whisenhunt,6:29,NA,NA,NA,NA,NA,NA,NA,NA,NA,NA
3696,2012_03_PHI_ARI,2012092309,ARI,PHI,REG,3,ARI,home,PHI,PHI,22,2012-09-23,344,344,344,Half2,0,19,0,4,3,0,05:44,PHI 22,3,62,(5:44) 34-R.Williams up the middle to PHI 11 for 11 yards (42-K.Coleman).,run,11,0,0,0,0,0,0,NA,NA,NA,NA,middle,NA,NA,NA,NA,NA,3,3,0,NA,NA,NA,NA,3,3,24,6,24,6,18,24,6,18,0.0693606585264206,0.020253922790288925,4.027222457807511e-4,0.033825550228357315,0.47948601841926575,0.0014132142532616854,0.3952578902244568,0,0,3.9097436508745886,1.1056436885264702,22.095299044140287,-22.095299044140287,-6.585597064978513,6.585597064978513,22.575861498724954,-22.575861498724954,NA,NA,0,0,-9.074671105656307,9.074671105656307,8.898913840064779,-8.898913840064779,-28.039791727787815,28.039791727787815,36.656197507395916,-36.656197507395916,0.9989631175994873,0.0010368824005126953,0.9989631175994873,0.0010368824005126953,2.560615539550781e-4,1.2940168380737305e-4,1.2940168380737305e-4,0.9992191791534424,7.808208465576172e-4,0.9995442032814026,0.9995442032814026,-0.05914611788466573,0.05914611788466573,0.3438889031242177,-0.3438889031242177,NA,NA,0,0,-0.10616026539355516,0.10616026539355516,0.23734492357133397,-0.23734492357133397,-0.10616026539355516,0.10616026539355516,0.29758208538650044,-0.29758208538650044,0,1,0,0,1,0,0,0,0,0,0,0,0,0,0,0,0,0,0,0,0,0,0,0,1,0,0,0,0,0,0,0,1,0,0,0,0,0,0,0,0,0,0,0,0,0,0,0,0,0,0,NA,NA,NA,NA,NA,NA,00-0027976,R.Williams,11,NA,NA,NA,NA,NA,NA,NA,NA,NA,NA,NA,NA,NA,NA,NA,NA,NA,NA,NA,NA,NA,NA,NA,NA,NA,NA,NA,NA,NA,NA,NA,NA,NA,NA,NA,NA,NA,NA,NA,NA,NA,NA,PHI,NA,00-0027835,NA,K.Coleman,NA,NA,NA,NA,NA,NA,NA,NA,NA,NA,NA,NA,NA,0,NA,NA,NA,NA,NA,NA,NA,NA,NA,NA,NA,NA,NA,NA,NA,NA,NA,NA,NA,NA,NA,NA,NA,NA,NA,NA,NA,NA,NA,NA,NA,0,NA,NA,NA,NA,0,NA,NA,0,0,0,0,NA,NA,2012,NA,NA,46,1,First down,3696,"9/23/12, 16:05:33",2012-09-23T22:52:53Z,State Farm Stadium,"Temp: ° F, Wind: mph",10012012-0923-0983-16fc-87e5113fe1b7,0,0,RUSH,0,NA,NA,NA,19,Field goal,2012-09-23T22:45:34Z,13,6:34,4,1,1,4,4,10,PUNT,FIELD_GOAL,10:26,03:52,ARI 29,PHI 9,3485,3831,6,27,Home,21,33,-3,42.5,0,closed,grass,NA,NA,Ken Whisenhunt,Andy Reid,PHO00,University of Phoenix Stadium,0,1,NA,NA,R.Williams,34,NA,NA,0,1,1,0,1,NA,00-0027976,NA,R.Williams,34,00-0027976,R.Williams,00-0027976,R.Williams,00-0027976,0,0,1.1056436885264702,NA,NA,NA,NA,NA,0.45565903186798096,-45.565903186798096,2012,Go for it,NA,NA,NA,NA,NA,NA,NA,NA,NA,NA,Toss Up,Go for it,Andy Reid,Ken Whisenhunt,5:44,NA,NA,NA,NA,NA,NA,NA,NA,NA,NA
3717,2012_03_PHI_ARI,2012092309,ARI,PHI,REG,3,ARI,home,PHI,PHI,11,2012-09-23,298,298,298,Half2,0,19,0,4,1,0,04:58,PHI 11,10,62,(4:58) 36-L.Stephens-Howling left tackle to PHI 6 for 5 yards (55-D.Tapp).,run,5,0,0,0,0,0,0,NA,NA,NA,NA,left,tackle,NA,NA,NA,NA,3,3,0,NA,NA,NA,NA,3,3,24,6,24,6,18,24,6,18,0.057168345898389816,0.008751489222049713,2.520833513699472e-4,0.016282977536320686,0.3148655593395233,0.0014453775947913527,0.6012341976165771,0,0,5.015387339401059,0.24309987763990648,22.338398921780193,-22.338398921780193,-6.342497187338607,6.342497187338607,22.575861498724954,-22.575861498724954,NA,NA,0,0,-9.074671105656307,9.074671105656307,8.898913840064779,-8.898913840064779,-28.039791727787815,28.039791727787815,36.656197507395916,-36.656197507395916,0.9992191791534424,7.808208465576172e-4,0.9992191791534424,7.808208465576172e-4,-7.49826431274414e-5,9.894371032714844e-6,9.894371032714844e-6,0.9991441965103149,8.558034896850586e-4,0.99967360496521,0.99967360496521,-0.05922110052779317,0.05922110052779317,0.3438889031242177,-0.3438889031242177,NA,NA,0,0,-0.10616026539355516,0.10616026539355516,0.23734492357133397,-0.23734492357133397,-0.10616026539355516,0.10616026539355516,0.29758208538650044,-0.29758208538650044,0,0,0,0,0,0,0,0,0,0,0,0,0,0,0,0,0,0,0,0,0,0,0,0,1,0,0,0,0,0,0,0,1,0,0,0,0,0,0,0,0,0,0,0,0,0,0,0,0,0,0,NA,NA,NA,NA,NA,NA,00-0026956,L.Stephens-Howling,5,NA,NA,NA,NA,NA,NA,NA,NA,NA,NA,NA,NA,NA,NA,NA,NA,NA,NA,NA,NA,NA,NA,NA,NA,NA,NA,NA,NA,NA,NA,NA,NA,NA,NA,NA,NA,NA,NA,NA,NA,NA,NA,PHI,NA,00-0024278,NA,D.Tapp,NA,NA,NA,NA,NA,NA,NA,NA,NA,NA,NA,NA,NA,0,NA,NA,NA,NA,NA,NA,NA,NA,NA,NA,NA,NA,NA,NA,NA,NA,NA,NA,NA,NA,NA,NA,NA,NA,NA,NA,NA,NA,NA,NA,NA,0,NA,NA,NA,NA,0,NA,NA,0,0,0,0,NA,NA,2012,NA,NA,47,0,Field goal,3717,"9/23/12, 16:05:33",2012-09-23T22:53:39Z,State Farm Stadium,"Temp: ° F, Wind: mph",10012012-0923-0983-16fc-87e5113fe1b7,0,0,RUSH,0,NA,NA,NA,19,Field goal,2012-09-23T22:45:34Z,13,6:34,4,1,1,4,4,10,PUNT,FIELD_GOAL,10:26,03:52,ARI 29,PHI 9,3485,3831,6,27,Home,21,33,-3,42.5,0,closed,grass,NA,NA,Ken Whisenhunt,Andy Reid,PHO00,University of Phoenix Stadium,0,1,NA,NA,L.Stephens-Howling,36,NA,NA,0,1,0,0,1,NA,00-0026956,NA,L.Stephens-Howling,36,00-0026956,L.Stephens-Howling,00-0026956,L.Stephens-Howling,00-0026956,0,0,0.24309987763990648,NA,NA,NA,NA,NA,0.0650562196969986,-6.50562196969986,2012,Go for it,NA,NA,NA,NA,NA,NA,NA,NA,NA,NA,Toss Up,Go for it,Andy Reid,Ken Whisenhunt,4:58,NA,NA,NA,NA,NA,NA,NA,NA,NA,NA
3738,2012_03_PHI_ARI,2012092309,ARI,PHI,REG,3,ARI,home,PHI,PHI,6,2012-09-23,252,252,252,Half2,0,19,0,4,2,0,04:12,PHI 6,5,62,(4:12) (Shotgun) 36-L.Stephens-Howling right end to PHI 8 for -2 yards (93-J.Babin).,run,-2,1,0,0,0,0,0,NA,NA,NA,NA,right,end,NA,NA,NA,NA,3,3,0,NA,NA,NA,NA,3,3,24,6,24,6,18,24,6,18,0.051439858973026276,0.008051997050642967,2.1677980839740485e-4,0.013487786054611206,0.27563002705574036,0.0015227519907057285,0.6496508121490479,0,0,5.258487217040965,-1.242437570967013,21.09596135081318,-21.09596135081318,-7.58493475830562,7.58493475830562,22.575861498724954,-22.575861498724954,NA,NA,0,0,-9.074671105656307,9.074671105656307,8.898913840064779,-8.898913840064779,-28.039791727787815,28.039791727787815,36.656197507395916,-36.656197507395916,0.9991441965103149,8.558034896850586e-4,0.9991441965103149,8.558034896850586e-4,-1.1837482452392578e-4,-1.0353326797485352e-4,-1.0353326797485352e-4,0.999025821685791,9.741783142089844e-4,0.9996834993362427,0.9996834993362427,-0.059339475352317095,0.059339475352317095,0.3438889031242177,-0.3438889031242177,NA,NA,0,0,-0.10616026539355516,0.10616026539355516,0.23734492357133397,-0.23734492357133397,-0.10616026539355516,0.10616026539355516,0.29758208538650044,-0.29758208538650044,0,0,0,0,0,0,0,0,0,0,0,0,0,0,0,0,0,0,0,0,0,0,0,0,1,0,0,1,0,0,0,0,1,0,0,0,0,0,0,0,0,0,0,0,0,0,0,0,0,0,0,NA,NA,NA,NA,NA,NA,00-0026956,L.Stephens-Howling,-2,NA,NA,NA,NA,NA,NA,NA,NA,NA,NA,NA,NA,NA,NA,NA,NA,NA,NA,NA,NA,NA,NA,NA,NA,NA,NA,NA,NA,00-0022695,J.Babin,NA,NA,NA,NA,NA,NA,NA,NA,NA,NA,NA,NA,PHI,NA,00-0022695,NA,J.Babin,NA,NA,NA,NA,NA,NA,NA,NA,NA,NA,NA,NA,NA,0,NA,NA,NA,NA,NA,NA,NA,NA,NA,NA,NA,NA,NA,NA,NA,NA,NA,NA,NA,NA,NA,NA,NA,NA,NA,NA,NA,NA,NA,NA,NA,0,NA,NA,NA,NA,0,NA,NA,0,0,0,0,NA,NA,2012,NA,NA,47,0,Field goal,3738,"9/23/12, 16:05:33",2012-09-23T22:54:25Z,State Farm Stadium,"Temp: ° F, Wind: mph",10012012-0923-0983-16fc-87e5113fe1b7,0,0,RUSH,0,NA,NA,NA,19,Field goal,2012-09-23T22:45:34Z,13,6:34,4,1,1,4,4,10,PUNT,FIELD_GOAL,10:26,03:52,ARI 29,PHI 9,3485,3831,6,27,Home,21,33,-3,42.5,0,closed,grass,NA,NA,Ken Whisenhunt,Andy Reid,PHO00,University of Phoenix Stadium,0,0,NA,NA,L.Stephens-Howling,36,NA,NA,0,1,0,0,1,NA,00-0026956,NA,L.Stephens-Howling,36,00-0026956,L.Stephens-Howling,00-0026956,L.Stephens-Howling,00-0026956,0,0,-1.242437570967013,NA,NA,NA,NA,NA,0.17225155234336853,-17.225155234336853,2012,Go for it,NA,NA,NA,NA,NA,NA,NA,NA,NA,NA,Toss Up,Go for it,Andy Reid,Ken Whisenhunt,4:12,NA,NA,NA,NA,NA,NA,NA,NA,NA,NA
3759,2012_03_PHI_ARI,2012092309,ARI,PHI,REG,3,NA,NA,NA,NA,NA,2012-09-23,243,243,243,Half2,0,19,0,4,NA,0,04:03,NA,0,62,Timeout #1 by PHI at 04:03.,no_play,0,0,0,0,0,0,0,NA,NA,NA,NA,NA,NA,NA,NA,NA,NA,3,2,1,PHI,NA,NA,NA,NA,NA,24,6,NA,NA,NA,NA,NA,NA,0,0,0,0,0,0,0,0,0,4.016049646073952,0,21.09596135081318,-21.09596135081318,-7.58493475830562,7.58493475830562,22.575861498724954,-22.575861498724954,NA,NA,0,0,-9.074671105656307,9.074671105656307,8.898913840064779,-8.898913840064779,-28.039791727787815,28.039791727787815,36.656197507395916,-36.656197507395916,0.999025821685791,9.741783142089844e-4,0.999025821685791,9.741783142089844e-4,0,0,0,NA,NA,0.9995799660682678,0.9995799660682678,-0.059339475352317095,0.059339475352317095,0.3438889031242177,-0.3438889031242177,NA,NA,0,0,-0.10616026539355516,0.10616026539355516,0.23734492357133397,-0.23734492357133397,-0.10616026539355516,0.10616026539355516,0.29758208538650044,-0.29758208538650044,0,0,0,0,0,0,0,0,0,0,0,0,0,0,0,0,0,0,0,0,0,0,0,0,0,0,0,0,0,0,0,0,0,0,0,0,0,0,0,0,0,0,0,0,0,0,0,0,0,0,0,NA,NA,NA,NA,NA,NA,NA,NA,NA,NA,NA,NA,NA,NA,NA,NA,NA,NA,NA,NA,NA,NA,NA,NA,NA,NA,NA,NA,NA,NA,NA,NA,NA,NA,NA,NA,NA,NA,NA,NA,NA,NA,NA,NA,NA,NA,NA,NA,NA,NA,NA,NA,NA,NA,NA,NA,NA,NA,NA,NA,NA,NA,NA,NA,NA,NA,NA,NA,NA,0,NA,NA,NA,NA,NA,NA,NA,NA,NA,NA,NA,NA,NA,NA,NA,NA,NA,NA,NA,NA,NA,NA,NA,NA,NA,NA,NA,NA,NA,NA,NA,0,NA,NA,NA,NA,0,NA,NA,0,0,0,0,NA,NA,2012,NA,NA,47,0,Field goal,3759,"9/23/12, 16:05:33",2012-09-23T22:54:56Z,State Farm Stadium,"Temp: ° F, Wind: mph",10012012-0923-0983-16fc-87e5113fe1b7,0,0,TIMEOUT,0,NA,NA,NA,19,Field goal,2012-09-23T22:45:34Z,13,6:34,4,1,1,4,4,10,PUNT,FIELD_GOAL,10:26,03:52,ARI 29,PHI 9,3485,3831,6,27,Home,21,33,-3,42.5,0,closed,grass,NA,NA,Ken Whisenhunt,Andy Reid,PHO00,University of Phoenix Stadium,0,0,NA,NA,NA,NA,NA,NA,0,0,0,0,0,NA,NA,NA,NA,NA,NA,NA,NA,NA,NA,0,0,0,NA,NA,NA,NA,NA,NA,NA,2012,Other,NA,NA,NA,NA,NA,NA,NA,NA,NA,NA,Toss Up,Other,Andy Reid,Ken Whisenhunt,4:03,NA,NA,NA,NA,NA,NA,NA,NA,NA,NA
3776,2012_03_PHI_ARI,2012092309,ARI,PHI,REG,3,NA,NA,NA,NA,NA,2012-09-23,243,243,243,Half2,0,19,0,4,NA,0,04:03,PHI 8,0,62,Timeout #1 by ARI at 04:03.,no_play,0,0,0,0,0,0,0,NA,NA,NA,NA,NA,NA,NA,NA,NA,NA,2,2,1,ARI,NA,NA,NA,NA,NA,24,6,NA,NA,NA,NA,NA,NA,0,0,0,0,0,0,0,0,0,4.016049646073952,0,21.09596135081318,-21.09596135081318,-7.58493475830562,7.58493475830562,22.575861498724954,-22.575861498724954,NA,NA,0,0,-9.074671105656307,9.074671105656307,8.898913840064779,-8.898913840064779,-28.039791727787815,28.039791727787815,36.656197507395916,-36.656197507395916,0.999025821685791,9.741783142089844e-4,0.999025821685791,9.741783142089844e-4,0,0,0,NA,NA,0.9995799660682678,0.9995799660682678,-0.059339475352317095,0.059339475352317095,0.3438889031242177,-0.3438889031242177,NA,NA,0,0,-0.10616026539355516,0.10616026539355516,0.23734492357133397,-0.23734492357133397,-0.10616026539355516,0.10616026539355516,0.29758208538650044,-0.29758208538650044,0,0,0,0,0,0,0,0,0,0,0,0,0,0,0,0,0,0,0,0,0,0,0,0,0,0,0,0,0,0,0,0,0,0,0,0,0,0,0,0,0,0,0,0,0,0,0,0,0,0,0,NA,NA,NA,NA,NA,NA,NA,NA,NA,NA,NA,NA,NA,NA,NA,NA,NA,NA,NA,NA,NA,NA,NA,NA,NA,NA,NA,NA,NA,NA,NA,NA,NA,NA,NA,NA,NA,NA,NA,NA,NA,NA,NA,NA,NA,NA,NA,NA,NA,NA,NA,NA,NA,NA,NA,NA,NA,NA,NA,NA,NA,NA,NA,NA,NA,NA,NA,NA,NA,0,NA,NA,NA,NA,NA,NA,NA,NA,NA,NA,NA,NA,NA,NA,NA,NA,NA,NA,NA,NA,NA,NA,NA,NA,NA,NA,NA,NA,NA,NA,NA,0,NA,NA,NA,NA,0,NA,NA,0,0,0,0,NA,NA,2012,NA,NA,47,0,Field goal,3776,"9/23/12, 16:05:33",2012-09-23T22:56:05Z,State Farm Stadium,"Temp: ° F, Wind: mph",10012012-0923-0983-16fc-87e5113fe1b7,0,0,TIMEOUT,0,NA,NA,NA,19,Field goal,2012-09-23T22:45:34Z,13,6:34,4,1,1,4,4,10,PUNT,FIELD_GOAL,10:26,03:52,ARI 29,PHI 9,3485,3831,6,27,Home,21,33,-3,42.5,0,closed,grass,NA,NA,Ken Whisenhunt,Andy Reid,PHO00,University of Phoenix Stadium,0,0,NA,NA,NA,NA,NA,NA,0,0,0,0,0,NA,NA,NA,NA,NA,NA,NA,NA,NA,NA,0,0,0,NA,NA,NA,NA,NA,NA,NA,2012,Other,NA,NA,NA,NA,NA,NA,NA,NA,NA,NA,Toss Up,Other,Andy Reid,Ken Whisenhunt,4:03,NA,NA,NA,NA,NA,NA,NA,NA,NA,NA
3793,2012_03_PHI_ARI,2012092309,ARI,PHI,REG,3,ARI,home,PHI,PHI,8,2012-09-23,243,243,243,Half2,0,19,0,4,3,0,04:03,PHI 8,7,62,"(4:03) 36-L.Stephens-Howling up the middle to PHI 9 for -1 yards (58-T.Cole, 91-F.Cox).",run,-1,0,0,0,0,0,0,NA,NA,NA,NA,middle,NA,NA,NA,NA,NA,2,2,0,NA,NA,NA,NA,2,2,24,6,24,6,18,24,6,18,0.08482705056667328,0.010931101627647877,2.611365634948015e-4,0.018078656867146492,0.5041213631629944,0.001782663050107658,0.3799980580806732,0,0,4.016049646073952,-1.1995614649458988,19.896399885867282,-19.896399885867282,-8.78449622325152,8.78449622325152,22.575861498724954,-22.575861498724954,NA,NA,0,0,-9.074671105656307,9.074671105656307,8.898913840064779,-8.898913840064779,-28.039791727787815,28.039791727787815,36.656197507395916,-36.656197507395916,0.999025821685791,9.741783142089844e-4,0.999025821685791,9.741783142089844e-4,-3.892183303833008e-5,-1.1277198791503906e-4,-1.1277198791503906e-4,0.9989868998527527,0.0010131001472473145,0.9995799660682678,0.9995799660682678,-0.059378397185355425,0.059378397185355425,0.3438889031242177,-0.3438889031242177,NA,NA,0,0,-0.10616026539355516,0.10616026539355516,0.23734492357133397,-0.23734492357133397,-0.10616026539355516,0.10616026539355516,0.29758208538650044,-0.29758208538650044,0,0,0,0,0,1,0,0,0,0,0,0,0,0,0,0,0,0,0,0,0,0,0,0,0,0,0,1,0,0,0,0,1,0,0,0,0,0,0,0,0,0,0,0,0,0,1,0,0,0,0,NA,NA,NA,NA,NA,NA,00-0026956,L.Stephens-Howling,-1,NA,NA,NA,NA,NA,NA,NA,NA,NA,NA,NA,NA,NA,NA,NA,NA,NA,NA,NA,NA,NA,NA,NA,NA,NA,NA,NA,NA,00-0023579,T.Cole,NA,NA,NA,NA,NA,NA,NA,NA,NA,NA,NA,NA,NA,NA,NA,NA,NA,NA,00-0029653,F.Cox,PHI,NA,NA,NA,NA,NA,NA,NA,NA,NA,1,00-0023579,T.Cole,PHI,NA,NA,NA,NA,NA,NA,NA,NA,NA,NA,NA,NA,NA,NA,NA,NA,NA,NA,NA,NA,NA,NA,NA,NA,NA,NA,NA,NA,0,NA,NA,NA,NA,0,NA,NA,0,0,0,0,NA,NA,2012,NA,NA,47,0,Field goal,3793,"9/23/12, 16:05:33",2012-09-23T22:56:59Z,State Farm Stadium,"Temp: ° F, Wind: mph",10012012-0923-0983-16fc-87e5113fe1b7,0,0,RUSH,0,NA,NA,NA,19,Field goal,2012-09-23T22:45:34Z,13,6:34,4,1,1,4,4,10,PUNT,FIELD_GOAL,10:26,03:52,ARI 29,PHI 9,3485,3831,6,27,Home,21,33,-3,42.5,0,closed,grass,NA,NA,Ken Whisenhunt,Andy Reid,PHO00,University of Phoenix Stadium,0,0,NA,NA,L.Stephens-Howling,36,NA,NA,0,1,0,0,1,NA,00-0026956,NA,L.Stephens-Howling,36,00-0026956,L.Stephens-Howling,00-0026956,L.Stephens-Howling,00-0026956,0,0,-1.1995614649458988,NA,NA,NA,NA,NA,0.4667451083660126,-46.67451083660126,2012,Go for it,NA,NA,NA,NA,NA,NA,NA,NA,NA,NA,Toss Up,Go for it,Andy Reid,Ken Whisenhunt,4:03,NA,NA,NA,NA,NA,NA,NA,NA,NA,NA
3814,2012_03_PHI_ARI,2012092309,ARI,PHI,REG,3,NA,NA,NA,NA,NA,2012-09-23,237,237,237,Half2,0,19,0,4,NA,0,03:57,PHI 9,0,62,Timeout #2 by PHI at 03:57.,no_play,0,0,0,0,0,0,0,NA,NA,NA,NA,NA,NA,NA,NA,NA,NA,2,1,1,PHI,NA,NA,NA,NA,NA,24,6,NA,NA,NA,NA,NA,NA,0,0,0,0,0,0,0,0,0,2.8164881811280535,0,19.896399885867282,-19.896399885867282,-8.78449622325152,8.78449622325152,22.575861498724954,-22.575861498724954,NA,NA,0,0,-9.074671105656307,9.074671105656307,8.898913840064779,-8.898913840064779,-28.039791727787815,28.039791727787815,36.656197507395916,-36.656197507395916,0.9989868998527527,0.0010131001472473145,0.9989868998527527,0.0010131001472473145,0,0,0,NA,NA,0.9994671940803528,0.9994671940803528,-0.059378397185355425,0.059378397185355425,0.3438889031242177,-0.3438889031242177,NA,NA,0,0,-0.10616026539355516,0.10616026539355516,0.23734492357133397,-0.23734492357133397,-0.10616026539355516,0.10616026539355516,0.29758208538650044,-0.29758208538650044,0,0,0,0,0,0,0,0,0,0,0,0,0,0,0,0,0,0,0,0,0,0,0,0,0,0,0,0,0,0,0,0,0,0,0,0,0,0,0,0,0,0,0,0,0,0,0,0,0,0,0,NA,NA,NA,NA,NA,NA,NA,NA,NA,NA,NA,NA,NA,NA,NA,NA,NA,NA,NA,NA,NA,NA,NA,NA,NA,NA,NA,NA,NA,NA,NA,NA,NA,NA,NA,NA,NA,NA,NA,NA,NA,NA,NA,NA,NA,NA,NA,NA,NA,NA,NA,NA,NA,NA,NA,NA,NA,NA,NA,NA,NA,NA,NA,NA,NA,NA,NA,NA,NA,0,NA,NA,NA,NA,NA,NA,NA,NA,NA,NA,NA,NA,NA,NA,NA,NA,NA,NA,NA,NA,NA,NA,NA,NA,NA,NA,NA,NA,NA,NA,NA,0,NA,NA,NA,NA,0,NA,NA,0,0,0,0,NA,NA,2012,NA,NA,47,0,Field goal,3814,"9/23/12, 16:05:33",2012-09-23T22:57:38Z,State Farm Stadium,"Temp: ° F, Wind: mph",10012012-0923-0983-16fc-87e5113fe1b7,0,0,TIMEOUT,0,NA,NA,NA,19,Field goal,2012-09-23T22:45:34Z,13,6:34,4,1,1,4,4,10,PUNT,FIELD_GOAL,10:26,03:52,ARI 29,PHI 9,3485,3831,6,27,Home,21,33,-3,42.5,0,closed,grass,NA,NA,Ken Whisenhunt,Andy Reid,PHO00,University of Phoenix Stadium,0,0,NA,NA,NA,NA,NA,NA,0,0,0,0,0,NA,NA,NA,NA,NA,NA,NA,NA,NA,NA,0,0,0,NA,NA,NA,NA,NA,NA,NA,2012,Other,NA,NA,NA,NA,NA,NA,NA,NA,NA,NA,Toss Up,Other,Andy Reid,Ken Whisenhunt,3:57,NA,NA,NA,NA,NA,NA,NA,NA,NA,NA
3831,2012_03_PHI_ARI,2012092309,ARI,PHI,REG,3,ARI,home,PHI,PHI,9,2012-09-23,237,237,237,Half2,0,19,1,4,4,0,03:57,PHI 9,8,62,"(3:57) 3-J.Feely 27 yard field goal is GOOD, Center-82-M.Leach, Holder-9-D.Zastudil.",field_goal,0,0,0,0,0,0,0,NA,NA,NA,NA,NA,NA,made,27,NA,NA,2,1,0,NA,NA,NA,NA,2,1,27,6,24,6,18,27,6,21,0.02624972571093024,0.006785210138707942,1.4061738641827403e-4,0.009390077298835453,0.9496525567276035,1.1495512177479164e-4,0.00766685814035743,0,0,2.8164881811280535,0.18351181887194645,20.079911704739228,-20.079911704739228,-8.78449622325152,8.78449622325152,22.575861498724954,-22.575861498724954,NA,NA,0,0,-9.074671105656307,9.074671105656307,8.898913840064779,-8.898913840064779,-28.039791727787815,28.039791727787815,36.656197507395916,-36.656197507395916,0.9989868998527527,0.0010131001472473145,0.9989868998527527,0.0010131001472473145,-4.11005225032568e-4,-8.329772390425205e-5,-8.329772390425205e-5,0.9985758946277201,0.0014241053722798824,0.9994671940803528,0.9994671940803528,-0.059378397185355425,0.059378397185355425,0.3438889031242177,-0.3438889031242177,NA,NA,0,0,-0.10616026539355516,0.10616026539355516,0.23734492357133397,-0.23734492357133397,-0.10616026539355516,0.10616026539355516,0.29758208538650044,-0.29758208538650044,0,0,0,0,0,0,0,0,0,0,0,0,0,0,0,0,0,0,0,0,0,0,0,0,0,0,0,0,0,0,0,0,0,0,0,0,0,0,0,0,0,1,0,0,0,0,0,0,0,0,0,NA,NA,NA,NA,NA,NA,NA,NA,NA,NA,NA,NA,NA,NA,NA,NA,NA,NA,NA,NA,NA,NA,NA,NA,NA,NA,NA,NA,NA,NA,NA,J.Feely,00-0019770,NA,NA,NA,NA,NA,NA,NA,NA,NA,NA,NA,NA,NA,NA,NA,NA,NA,NA,NA,NA,NA,NA,NA,NA,NA,NA,NA,NA,NA,NA,NA,NA,NA,NA,NA,NA,0,NA,NA,NA,NA,NA,NA,NA,NA,NA,NA,NA,NA,NA,NA,NA,NA,NA,NA,NA,NA,NA,NA,NA,NA,NA,NA,NA,NA,NA,NA,NA,0,NA,NA,NA,NA,0,NA,NA,0,0,0,0,NA,NA,2012,NA,NA,47,0,Field goal,3831,"9/23/12, 16:05:33",NA,State Farm Stadium,"Temp: ° F, Wind: mph",10012012-0923-0983-16fc-87e5113fe1b7,0,0,FIELD_GOAL,0,NA,NA,NA,19,Field goal,2012-09-23T22:45:34Z,13,6:34,4,1,1,4,4,10,PUNT,FIELD_GOAL,10:26,03:52,ARI 29,PHI 9,3485,3831,6,27,Home,21,33,-3,42.5,0,closed,grass,NA,NA,Ken Whisenhunt,Andy Reid,PHO00,University of Phoenix Stadium,0,1,NA,NA,NA,NA,NA,NA,0,0,0,1,0,NA,NA,NA,NA,NA,NA,NA,NA,NA,NA,0,0,0.18351181887194645,NA,NA,NA,NA,NA,NA,NA,2012,Field Goal,NA,0.1993033221369842,0.9919798368379432,NA,NA,NA,0.991192101312663,0.9909284708353425,NA,NA,Toss Up,Field Goal,Andy Reid,Ken Whisenhunt,3:57,0.9496525567276035,95,NA,20,99,NA,NA,NA,99,99
3880,2012_03_PHI_ARI,2012092309,ARI,PHI,REG,3,PHI,away,ARI,ARI,35,2012-09-23,232,232,232,Half2,0,20,0,4,NA,0,03:52,ARI 35,0,16,"3-J.Feely kicks 65 yards from ARI 35 to end zone, Touchback.",kickoff,0,0,0,0,0,0,0,NA,NA,NA,NA,NA,NA,NA,65,NA,NA,2,1,0,NA,NA,NA,NA,1,2,27,6,6,27,-21,6,27,-21,0.47571349143981934,0.07417181879281998,0.001781747443601489,0.11419115960597992,0.11570127308368683,0.001195516437292099,0.21724501252174377,0,0,0.8447928712703288,-0,20.079911704739228,-20.079911704739228,-8.78449622325152,8.78449622325152,22.575861498724954,-22.575861498724954,NA,NA,0,0,-9.074671105656307,9.074671105656307,8.898913840064779,-8.898913840064779,-28.039791727787815,28.039791727787815,36.656197507395916,-36.656197507395916,0.0014241053722798824,0.9985758946277201,0.9985758946277201,0.0014241053722798824,-0,-0,0,0.9985758946277201,0.0014241053722798824,6.161036435514688e-4,0.9993838963564485,-0.059378397185355425,0.059378397185355425,0.3438889031242177,-0.3438889031242177,NA,NA,0,0,-0.10616026539355516,0.10616026539355516,0.23734492357133397,-0.23734492357133397,-0.10616026539355516,0.10616026539355516,0.29758208538650044,-0.29758208538650044,0,0,0,0,0,0,0,0,0,1,0,0,0,0,0,0,0,0,0,0,0,0,0,0,0,0,0,0,0,0,0,0,0,0,0,0,0,0,0,0,0,0,1,0,0,0,0,0,0,0,0,NA,NA,NA,NA,NA,NA,NA,NA,NA,NA,NA,NA,NA,NA,NA,NA,NA,NA,NA,NA,NA,NA,NA,NA,NA,NA,NA,NA,NA,NA,NA,J.Feely,00-0019770,NA,NA,NA,NA,NA,NA,NA,NA,NA,NA,NA,NA,NA,NA,NA,NA,NA,NA,NA,NA,NA,NA,NA,NA,NA,NA,NA,NA,NA,NA,NA,NA,NA,NA,NA,NA,0,NA,NA,NA,NA,NA,NA,NA,NA,NA,NA,NA,NA,NA,NA,NA,NA,NA,NA,NA,NA,NA,NA,NA,NA,NA,NA,NA,NA,NA,NA,PHI,0,NA,NA,NA,NA,0,NA,NA,0,0,0,0,NA,NA,2012,NA,NA,48,1,First down,3880,"9/23/12, 16:05:33",2012-09-23T23:00:39Z,State Farm Stadium,"Temp: ° F, Wind: mph",10012012-0923-0983-16fc-87e5113fe1b7,0,0,KICK_OFF,1,NA,NA,NA,20,Turnover on downs,2012-09-23T23:00:39Z,5,0:47,1,0,0,4,4,0,KICKOFF,DOWNS,03:52,03:05,PHI 20,PHI 36,3880,3988,6,27,Home,21,33,-3,42.5,0,closed,grass,NA,NA,Ken Whisenhunt,Andy Reid,PHO00,University of Phoenix Stadium,0,0,NA,NA,NA,NA,NA,NA,0,0,0,1,0,NA,NA,NA,NA,NA,NA,NA,NA,NA,NA,0,0,-0,NA,NA,NA,NA,NA,NA,NA,2012,Other,NA,NA,NA,NA,NA,NA,NA,NA,NA,NA,Toss Up,Other,Andy Reid,Ken Whisenhunt,3:52,NA,NA,NA,NA,NA,NA,NA,NA,NA,NA
3898,2012_03_PHI_ARI,2012092309,ARI,PHI,REG,3,PHI,away,ARI,PHI,80,2012-09-23,232,232,232,Half2,0,20,0,4,1,0,03:52,PHI 20,10,16,(3:52) (Shotgun) 7-M.Vick pass short left to 13-D.Johnson to PHI 36 for 16 yards (22-W.Gay).,pass,16,1,0,1,0,0,0,short,left,14,2,NA,NA,NA,NA,NA,NA,2,1,0,NA,NA,NA,NA,1,2,27,6,6,27,-21,6,27,-21,0.47571349143981934,0.07417181879281998,0.001781747443601489,0.11419115960597992,0.11570127308368683,0.001195516437292099,0.21724501252174377,0,0,0.8447928712703288,0.7466546020004898,19.333257102738738,-19.333257102738738,-8.78449622325152,8.78449622325152,21.829206896724465,-21.829206896724465,0.6804580428870395,0.06619655911345035,0.6804580428870395,0.06619655911345035,-9.755129148543347,9.755129148543347,8.832717280951329,-8.832717280951329,-28.720249770674855,28.720249770674855,36.590000948282466,-36.590000948282466,0.0014241053722798824,0.9985758946277201,0.9985758946277201,0.0014241053722798824,-4.0582846850156784e-5,1.0587152792140841e-4,-1.0587152792140841e-4,0.9986164774745703,0.0013835225254297256,6.161036435514688e-4,0.9993838963564485,-0.059378397185355425,0.059378397185355425,0.34392948597106787,-0.34392948597106787,0,-4.0582846850156784e-5,0,-4.0582846850156784e-5,-0.10616026539355516,0.10616026539355516,0.23738550641818412,-0.23738550641818412,-0.10616026539355516,0.10616026539355516,0.2976226682333506,-0.2976226682333506,0,0,1,0,0,0,0,0,0,0,0,0,0,0,0,0,0,0,0,0,0,0,0,0,1,0,0,0,0,0,0,0,0,1,0,0,0,0,0,0,0,0,0,0,0,1,0,0,0,0,0,00-0020245,M.Vick,16,00-0029435,D.Johnson,16,NA,NA,NA,NA,NA,NA,NA,NA,NA,NA,NA,NA,NA,NA,NA,NA,NA,NA,NA,NA,NA,NA,NA,NA,NA,NA,NA,NA,NA,NA,NA,NA,NA,NA,NA,NA,NA,NA,NA,NA,NA,NA,NA,NA,NA,ARI,NA,00-0025557,NA,W.Gay,NA,NA,NA,NA,NA,NA,NA,NA,NA,NA,NA,NA,NA,0,NA,NA,NA,NA,NA,NA,NA,NA,NA,NA,NA,NA,NA,NA,NA,NA,NA,NA,NA,NA,NA,NA,NA,NA,NA,NA,NA,NA,NA,NA,NA,0,NA,NA,NA,NA,0,NA,NA,0,0,0,0,NA,NA,2012,0.5945399403572083,40.546005964279175,48,1,First down,3898,"9/23/12, 16:05:33",2012-09-23T23:01:23Z,State Farm Stadium,"Temp: ° F, Wind: mph",10012012-0923-0983-16fc-87e5113fe1b7,0,0,PASS,0,NA,NA,NA,20,Turnover on downs,2012-09-23T23:00:39Z,5,0:47,1,0,0,4,4,0,KICKOFF,DOWNS,03:52,03:05,PHI 20,PHI 36,3880,3988,6,27,Home,21,33,-3,42.5,0,closed,grass,NA,NA,Ken Whisenhunt,Andy Reid,PHO00,University of Phoenix Stadium,0,1,M.Vick,7,NA,NA,D.Johnson,13,1,0,1,0,1,00-0020245,NA,00-0029435,M.Vick,7,00-0020245,D.Johnson,00-0029435,D.Johnson,00-0029435,0,0,0.7466546020004898,0.17217334923279037,3.7195642170190695,1,1,0.9992499979562126,0.8237616419792175,17.623835802078247,2012,Go for it,NA,NA,NA,NA,NA,NA,NA,NA,NA,NA,Toss Up,Go for it,Andy Reid,Ken Whisenhunt,3:52,NA,NA,NA,NA,NA,NA,NA,NA,NA,NA
3922,2012_03_PHI_ARI,2012092309,ARI,PHI,REG,3,PHI,away,ARI,PHI,64,2012-09-23,199,199,199,Half2,0,20,0,4,1,0,03:19,PHI 36,10,16,"(3:19) (No Huddle, Shotgun) 7-M.Vick pass incomplete short left to 10-D.Jackson [93-C.Campbell].",pass,0,1,1,1,0,0,0,short,left,1,NA,NA,NA,NA,NA,NA,NA,2,1,0,NA,NA,NA,NA,1,2,27,6,6,27,-21,6,27,-21,0.46942415833473206,0.05320540815591812,7.695945678278804e-4,0.07025886327028275,0.14813880622386932,0.0014847612474113703,0.2567184269428253,0,0,1.5914474732708186,-0.44698610703926533,19.780243209778003,-19.780243209778003,-8.78449622325152,8.78449622325152,22.27619300376373,-22.27619300376373,-0.5428919149562716,0.09590580791700631,0,0,-9.755129148543347,9.755129148543347,8.832717280951329,-8.832717280951329,-28.177357855718583,28.177357855718583,36.49409514036546,-36.49409514036546,0.0013835225254297256,0.9986164774745703,0.9986164774745703,0.0013835225254297256,-3.4429319202899933e-4,-1.0738405399024487e-4,1.0738405399024487e-4,0.9989607706665993,0.0010392293334007263,7.219751714728773e-4,0.9992780248285271,-0.059378397185355425,0.059378397185355425,0.34427377916309687,-0.34427377916309687,0,-3.4429319202899933e-4,0,0,-0.10616026539355516,0.10616026539355516,0.23738550641818412,-0.23738550641818412,-0.10616026539355516,0.10616026539355516,0.2979669614253796,-0.2979669614253796,0,0,0,0,0,0,0,0,1,0,0,0,0,0,0,0,0,0,0,0,0,0,0,0,0,0,0,0,0,0,0,1,0,1,0,0,0,0,0,0,0,0,0,0,0,0,0,0,0,0,0,00-0020245,M.Vick,NA,00-0026189,D.Jackson,NA,NA,NA,NA,NA,NA,NA,NA,NA,NA,NA,NA,NA,NA,NA,NA,NA,NA,NA,NA,NA,NA,NA,NA,NA,NA,NA,NA,NA,NA,NA,NA,NA,NA,NA,NA,00-0026190,C.Campbell,NA,NA,NA,NA,NA,NA,NA,NA,NA,NA,NA,NA,NA,NA,NA,NA,NA,NA,NA,NA,NA,NA,NA,NA,NA,NA,0,NA,NA,NA,NA,NA,NA,NA,NA,NA,NA,NA,NA,NA,NA,NA,NA,NA,NA,NA,NA,NA,NA,NA,NA,NA,NA,NA,NA,NA,NA,NA,0,NA,NA,NA,NA,0,NA,NA,0,0,0,0,NA,NA,2012,0.5073151588439941,-50.731515884399414,49,0,Turnover on downs,3922,"9/23/12, 16:05:33",2012-09-23T23:01:56Z,State Farm Stadium,"Temp: ° F, Wind: mph",10012012-0923-0983-16fc-87e5113fe1b7,0,0,PASS,0,NA,NA,NA,20,Turnover on downs,2012-09-23T23:00:39Z,5,0:47,1,0,0,4,4,0,KICKOFF,DOWNS,03:52,03:05,PHI 20,PHI 36,3880,3988,6,27,Home,21,33,-3,42.5,0,closed,grass,NA,NA,Ken Whisenhunt,Andy Reid,PHO00,University of Phoenix Stadium,0,0,M.Vick,7,NA,NA,D.Jackson,10,1,0,0,0,1,00-0020245,NA,00-0026189,M.Vick,7,00-0020245,D.Jackson,00-0026189,D.Jackson,00-0026189,0,0,-0.44698610703926533,0.5592910338286309,6.118122402469453,4,0.42421143903629854,0.23725314839975908,0.8583382368087769,14.166176319122314,2012,Go for it,NA,NA,NA,NA,NA,NA,NA,NA,NA,NA,Toss Up,Go for it,Andy Reid,Ken Whisenhunt,3:19,NA,NA,NA,NA,NA,NA,NA,NA,NA,NA
3944,2012_03_PHI_ARI,2012092309,ARI,PHI,REG,3,PHI,away,ARI,PHI,64,2012-09-23,197,197,197,Half2,0,20,0,4,2,0,03:17,PHI 36,10,16,(3:17) (Shotgun) 7-M.Vick pass incomplete deep right to 10-D.Jackson [39-J.Sanders].,pass,0,1,0,1,0,0,0,deep,right,16,NA,NA,NA,NA,NA,NA,NA,2,1,0,NA,NA,NA,NA,1,2,27,6,6,27,-21,6,27,-21,0.4830450117588043,0.062414415180683136,8.451669127680361e-4,0.09159326553344727,0.13817325234413147,0.0014949222095310688,0.22243402898311615,0,0,1.1444613662315533,-0.48927855119109154,20.269521760969095,-20.269521760969095,-8.78449622325152,8.78449622325152,22.76547155495482,-22.76547155495482,1.2329095297609456,-1.7221880809520371,0,0,-9.755129148543347,9.755129148543347,8.832717280951329,-8.832717280951329,-29.41026738547953,29.41026738547953,38.2162832213175,-38.2162832213175,0.0010392293334007263,0.9989607706665993,0.9989607706665993,0.0010392293334007263,-1.0866677621379495e-4,-7.175124483183026e-5,7.175124483183026e-5,0.9990694374428131,9.305625571869314e-4,6.145911174826324e-4,0.9993854088825174,-0.059378397185355425,0.059378397185355425,0.34438244593931067,-0.34438244593931067,0,-1.0866677621379495e-4,0,0,-0.10616026539355516,0.10616026539355516,0.23738550641818412,-0.23738550641818412,-0.10616026539355516,0.10616026539355516,0.2980756282015934,-0.2980756282015934,0,0,0,0,0,0,0,0,1,0,0,0,0,0,0,0,0,0,0,0,0,0,0,0,0,0,0,0,0,0,0,1,0,1,0,0,0,0,0,0,0,0,0,0,0,0,0,0,0,0,0,00-0020245,M.Vick,NA,00-0026189,D.Jackson,NA,NA,NA,NA,NA,NA,NA,NA,NA,NA,NA,NA,NA,NA,NA,NA,NA,NA,NA,NA,NA,NA,NA,NA,NA,NA,NA,NA,NA,NA,NA,NA,NA,NA,NA,NA,00-0023567,J.Sanders,NA,NA,NA,NA,NA,NA,NA,NA,NA,NA,NA,NA,NA,NA,NA,NA,NA,NA,NA,NA,NA,NA,NA,NA,NA,NA,0,NA,NA,NA,NA,NA,NA,NA,NA,NA,NA,NA,NA,NA,NA,NA,NA,NA,NA,NA,NA,NA,NA,NA,NA,NA,NA,NA,NA,NA,NA,NA,0,NA,NA,NA,NA,0,NA,NA,0,0,0,0,NA,NA,2012,0.3574081361293793,-35.74081361293793,49,0,Turnover on downs,3944,"9/23/12, 16:05:33",2012-09-23T23:02:28Z,State Farm Stadium,"Temp: ° F, Wind: mph",10012012-0923-0983-16fc-87e5113fe1b7,0,0,PASS,0,NA,NA,NA,20,Turnover on downs,2012-09-23T23:00:39Z,5,0:47,1,0,0,4,4,0,KICKOFF,DOWNS,03:52,03:05,PHI 20,PHI 36,3880,3988,6,27,Home,21,33,-3,42.5,0,closed,grass,NA,NA,Ken Whisenhunt,Andy Reid,PHO00,University of Phoenix Stadium,0,0,M.Vick,7,NA,NA,D.Jackson,10,1,0,0,0,1,00-0020245,NA,00-0026189,M.Vick,7,00-0020245,D.Jackson,00-0026189,D.Jackson,00-0026189,0,0,-0.48927855119109154,0.22275919147092438,3.632647401682334,1,1,1,0.8706512451171875,12.93487548828125,2012,Go for it,NA,NA,NA,NA,NA,NA,NA,NA,NA,NA,Toss Up,Go for it,Andy Reid,Ken Whisenhunt,3:17,NA,NA,NA,NA,NA,NA,NA,NA,NA,NA
3966,2012_03_PHI_ARI,2012092309,ARI,PHI,REG,3,PHI,away,ARI,PHI,64,2012-09-23,192,192,192,Half2,0,20,0,4,3,0,03:12,PHI 36,10,16,(3:12) (Shotgun) 7-M.Vick pass incomplete short left to 13-D.Johnson [39-J.Sanders].,pass,0,1,0,1,0,0,0,short,left,13,NA,NA,NA,NA,NA,NA,NA,2,1,0,NA,NA,NA,NA,1,2,27,6,6,27,-21,6,27,-21,0.4990273118019104,0.07274923473596573,9.032537345774472e-4,0.11723010987043381,0.11676513403654099,0.0015445246826857328,0.1917804777622223,0,0,0.6551828150404617,-0.9159536060178652,21.18547536698696,-21.18547536698696,-8.78449622325152,8.78449622325152,23.681425160972687,-23.681425160972687,1.5213520952966064,-2.4373057013144717,0,0,-9.755129148543347,9.755129148543347,8.832717280951329,-8.832717280951329,-30.931619480776135,30.931619480776135,40.65358892263197,-40.65358892263197,9.305625571869314e-4,0.9990694374428131,0.9990694374428131,9.305625571869314e-4,-1.5218619955703616e-4,-1.7417783965356648e-4,1.7417783965356648e-4,0.9992216236423701,7.783763576298952e-4,5.428398726508021e-4,0.9994571601273492,-0.059378397185355425,0.059378397185355425,0.3445346321388677,-0.3445346321388677,-1.3341492740437388e-4,-1.8771272152662277e-5,0,0,-0.10616026539355516,0.10616026539355516,0.23738550641818412,-0.23738550641818412,-0.10602685046615079,0.10602685046615079,0.29809439947374605,-0.29809439947374605,0,0,0,0,0,1,0,0,1,0,0,0,0,0,0,0,0,0,0,0,0,0,0,0,0,0,0,0,0,0,0,1,0,1,0,0,0,0,0,0,0,0,0,0,0,0,0,0,0,0,0,00-0020245,M.Vick,NA,00-0029435,D.Johnson,NA,NA,NA,NA,NA,NA,NA,NA,NA,NA,NA,NA,NA,NA,NA,NA,NA,NA,NA,NA,NA,NA,NA,NA,NA,NA,NA,NA,NA,NA,NA,NA,NA,NA,NA,NA,00-0023567,J.Sanders,NA,NA,NA,NA,NA,NA,NA,NA,NA,NA,NA,NA,NA,NA,NA,NA,NA,NA,NA,NA,NA,NA,NA,NA,NA,NA,0,NA,NA,NA,NA,NA,NA,NA,NA,NA,NA,NA,NA,NA,NA,NA,NA,NA,NA,NA,NA,NA,NA,NA,NA,NA,NA,NA,NA,NA,NA,NA,0,NA,NA,NA,NA,0,NA,NA,0,0,0,0,NA,NA,2012,0.35606735944747925,-35.606735944747925,49,0,Turnover on downs,3966,"9/23/12, 16:05:33",2012-09-23T23:03:04Z,State Farm Stadium,"Temp: ° F, Wind: mph",10012012-0923-0983-16fc-87e5113fe1b7,0,0,PASS,0,NA,NA,NA,20,Turnover on downs,2012-09-23T23:00:39Z,5,0:47,1,0,0,4,4,0,KICKOFF,DOWNS,03:52,03:05,PHI 20,PHI 36,3880,3988,6,27,Home,21,33,-3,42.5,0,closed,grass,NA,NA,Ken Whisenhunt,Andy Reid,PHO00,University of Phoenix Stadium,0,0,M.Vick,7,NA,NA,D.Johnson,13,1,0,0,0,1,00-0020245,NA,00-0029435,M.Vick,7,00-0020245,D.Johnson,00-0029435,D.Johnson,00-0029435,0,0,-0.9159536060178652,0.23007771499784568,3.394203743810067,1,0.9989480403019115,0.9989480403019115,0.9756878614425659,2.431213855743408,2012,Go for it,NA,NA,NA,NA,NA,NA,NA,NA,NA,NA,Toss Up,Go for it,Andy Reid,Ken Whisenhunt,3:12,NA,NA,NA,NA,NA,NA,NA,NA,NA,NA
3988,2012_03_PHI_ARI,2012092309,ARI,PHI,REG,3,PHI,away,ARI,PHI,64,2012-09-23,188,188,188,Half2,0,20,0,4,4,0,03:08,PHI 36,10,16,(3:08) (Shotgun) 7-M.Vick pass incomplete short right to 10-D.Jackson.,pass,0,1,0,1,0,0,0,short,right,-1,NA,NA,NA,NA,NA,NA,NA,2,1,0,NA,NA,NA,NA,1,2,27,6,6,27,-21,6,27,-21,0.5387768149375916,0.10198324173688889,0.0011135881068184972,0.15223537385463715,0.08004855364561081,0.0015978270675987005,0.12424463033676147,0,0,-0.2607707909774035,-2.523423793783877,23.708899160770837,-23.708899160770837,-8.78449622325152,8.78449622325152,26.204848954756564,-26.204848954756564,-2.52234389167279,-0.0010799021110869944,0,0,-9.755129148543347,9.755129148543347,8.832717280951329,-8.832717280951329,-28.409275589103345,28.409275589103345,40.654668824743055,-40.654668824743055,7.783763576298952e-4,0.9992216236423701,0.9992216236423701,7.783763576298952e-4,-2.8532673604786396e-4,-1.337601279374212e-4,1.337601279374212e-4,0.999506950378418,0.00049304962158203125,3.6866203299723566e-4,0.9996313379670028,-0.059378397185355425,0.059378397185355425,0.34481995887491557,-0.34481995887491557,0.3275902874302119,-0.32787561416625977,0,0,-0.10616026539355516,0.10616026539355516,0.23738550641818412,-0.23738550641818412,-0.4336171378963627,0.4336171378963627,0.6259700136400058,-0.6259700136400058,0,0,0,0,0,0,0,1,1,0,0,0,0,0,0,0,0,0,0,0,0,0,0,0,0,0,0,0,0,0,0,0,0,1,0,0,0,0,0,0,0,0,0,0,0,0,0,0,0,0,0,00-0020245,M.Vick,NA,00-0026189,D.Jackson,NA,NA,NA,NA,NA,NA,NA,NA,NA,NA,NA,NA,NA,NA,NA,NA,NA,NA,NA,NA,NA,NA,NA,NA,NA,NA,NA,NA,NA,NA,NA,NA,NA,NA,NA,NA,NA,NA,NA,NA,NA,NA,NA,NA,NA,NA,NA,NA,NA,NA,NA,NA,NA,NA,NA,NA,NA,NA,NA,NA,NA,NA,NA,NA,0,NA,NA,NA,NA,NA,NA,NA,NA,NA,NA,NA,NA,NA,NA,NA,NA,NA,NA,NA,NA,NA,NA,NA,NA,NA,NA,NA,NA,NA,NA,NA,0,NA,NA,NA,NA,0,NA,NA,0,0,0,0,NA,NA,2012,0.8058053851127625,-80.58053851127625,49,0,Turnover on downs,3988,"9/23/12, 16:05:33",2012-09-23T23:03:50Z,State Farm Stadium,"Temp: ° F, Wind: mph",10012012-0923-0983-16fc-87e5113fe1b7,0,0,PASS,0,NA,NA,NA,20,Turnover on downs,2012-09-23T23:00:39Z,5,0:47,1,0,0,4,4,0,KICKOFF,DOWNS,03:52,03:05,PHI 20,PHI 36,3880,3988,6,27,Home,21,33,-3,42.5,0,closed,grass,NA,NA,Ken Whisenhunt,Andy Reid,PHO00,University of Phoenix Stadium,0,0,M.Vick,7,NA,NA,D.Jackson,10,1,0,0,0,1,00-0020245,NA,00-0026189,M.Vick,7,00-0020245,D.Jackson,00-0026189,D.Jackson,00-0026189,0,0,-2.523423793783877,1.4532263637156762,7.878295789072581,6,0.23882508918177336,0.23882508918177336,0.9739117622375488,2.608823776245117,2012,Go for it,NA,0.20140149182407185,0.00919465409747961,NA,NA,0,0.008326590061187744,0.0226498544216156,0.008326590061187744,0.019681318481683488,Punt,Go for it,Andy Reid,Ken Whisenhunt,3:08,0,0,NA,20,1,NA,2,1,2,1
4010,2012_03_PHI_ARI,2012092309,ARI,PHI,REG,3,ARI,home,PHI,PHI,36,2012-09-23,185,185,185,Half2,0,21,0,4,1,0,03:05,PHI 36,10,14,(3:05) 34-R.Williams up the middle to PHI 16 for 20 yards (52-B.Rolle). ARI-34-R.Williams was injured during the play. His return is Questionable.,run,20,0,0,0,0,0,0,NA,NA,NA,NA,middle,NA,NA,NA,NA,NA,2,1,0,NA,NA,NA,NA,2,1,27,6,27,6,21,27,6,21,0.33122166991233826,0.029452258720993996,2.800767251756042e-4,0.036399755626916885,0.2693672180175781,0.0026289643719792366,0.3306500315666199,0,0,2.7841945847612806,1.507300216180738,25.216199376951575,-25.216199376951575,-7.27719600707078,7.27719600707078,26.204848954756564,-26.204848954756564,NA,NA,0,0,-9.755129148543347,9.755129148543347,8.832717280951329,-8.832717280951329,-28.409275589103345,28.409275589103345,40.654668824743055,-40.654668824743055,0.999506950378418,0.00049304962158203125,0.999506950378418,0.00049304962158203125,2.567172050476074e-4,1.2058019638061523e-4,1.2058019638061523e-4,0.9997636675834656,2.3633241653442383e-4,0.9997650980949402,0.9997650980949402,-0.05912167998030782,0.05912167998030782,0.34481995887491557,-0.34481995887491557,NA,NA,0,0,-0.10616026539355516,0.10616026539355516,0.23738550641818412,-0.23738550641818412,-0.4336171378963627,0.4336171378963627,0.6259700136400058,-0.6259700136400058,0,1,0,0,0,0,0,0,0,0,0,0,0,0,0,0,0,0,0,0,0,0,0,0,1,0,0,0,0,0,0,0,1,0,0,0,0,0,0,0,0,0,0,0,0,0,0,0,0,0,0,NA,NA,NA,NA,NA,NA,00-0027976,R.Williams,20,NA,NA,NA,NA,NA,NA,NA,NA,NA,NA,NA,NA,NA,NA,NA,NA,NA,NA,NA,NA,NA,NA,NA,NA,NA,NA,NA,NA,NA,NA,NA,NA,NA,NA,NA,NA,NA,NA,NA,NA,NA,NA,PHI,NA,00-0028131,NA,B.Rolle,NA,NA,NA,NA,NA,NA,NA,NA,NA,NA,NA,NA,NA,0,NA,NA,NA,NA,NA,NA,NA,NA,NA,NA,NA,NA,NA,NA,NA,NA,NA,NA,NA,NA,NA,NA,NA,NA,NA,NA,NA,NA,NA,NA,NA,0,NA,NA,NA,NA,0,NA,NA,0,0,0,0,NA,NA,2012,NA,NA,50,1,First down,4010,"9/23/12, 16:05:33",2012-09-23T23:04:45Z,State Farm Stadium,"Temp: ° F, Wind: mph",10012012-0923-0983-16fc-87e5113fe1b7,0,0,RUSH,0,NA,NA,NA,21,Turnover on downs,2012-09-23T23:04:45Z,5,2:32,1,1,0,4,4,0,DOWNS,DOWNS,03:05,00:33,PHI 36,PHI 22,4010,4117,6,27,Home,21,33,-3,42.5,0,closed,grass,NA,NA,Ken Whisenhunt,Andy Reid,PHO00,University of Phoenix Stadium,0,1,NA,NA,R.Williams,34,NA,NA,0,1,1,0,1,NA,00-0027976,NA,R.Williams,34,00-0027976,R.Williams,00-0027976,R.Williams,00-0027976,0,0,1.507300216180738,NA,NA,NA,NA,NA,0.0450209341943264,-4.50209341943264,2012,Go for it,NA,NA,NA,NA,NA,NA,NA,NA,NA,NA,Toss Up,Go for it,Andy Reid,Ken Whisenhunt,3:05,NA,NA,NA,NA,NA,NA,NA,NA,NA,NA
4031,2012_03_PHI_ARI,2012092309,ARI,PHI,REG,3,ARI,home,PHI,PHI,16,2012-09-23,127,127,127,Half2,0,21,0,4,1,0,02:07,PHI 16,10,14,(2:07) 36-L.Stephens-Howling up the middle to PHI 18 for -2 yards (54-B.Graham).,run,-2,0,0,0,0,0,0,NA,NA,NA,NA,middle,NA,NA,NA,NA,NA,2,1,0,NA,NA,NA,NA,2,1,27,6,27,6,21,27,6,21,0.18116287887096405,0.007257535122334957,2.5137525517493486e-4,0.010139580816030502,0.30363067984580994,0.0018100666347891092,0.4957478642463684,0,0,4.291494800942019,-0.6794827939593233,24.536716582992252,-24.536716582992252,-7.956678801030104,7.956678801030104,26.204848954756564,-26.204848954756564,NA,NA,0,0,-9.755129148543347,9.755129148543347,8.832717280951329,-8.832717280951329,-28.409275589103345,28.409275589103345,40.654668824743055,-40.654668824743055,0.9997636675834656,2.3633241653442383e-4,0.9997636675834656,2.3633241653442383e-4,-7.88569450378418e-5,-3.0994415283203125e-5,-3.0994415283203125e-5,0.9996848106384277,3.151893615722656e-4,0.9998856782913208,0.9998856782913208,-0.05920053692534566,0.05920053692534566,0.34481995887491557,-0.34481995887491557,NA,NA,0,0,-0.10616026539355516,0.10616026539355516,0.23738550641818412,-0.23738550641818412,-0.4336171378963627,0.4336171378963627,0.6259700136400058,-0.6259700136400058,0,0,0,0,0,0,0,0,0,0,0,0,0,0,0,0,0,0,0,0,0,0,0,0,1,0,0,1,0,0,0,0,1,0,0,0,0,0,0,0,0,0,0,0,0,0,0,0,0,0,0,NA,NA,NA,NA,NA,NA,00-0026956,L.Stephens-Howling,-2,NA,NA,NA,NA,NA,NA,NA,NA,NA,NA,NA,NA,NA,NA,NA,NA,NA,NA,NA,NA,NA,NA,NA,NA,NA,NA,NA,NA,00-0027865,B.Graham,NA,NA,NA,NA,NA,NA,NA,NA,NA,NA,NA,NA,PHI,NA,00-0027865,NA,B.Graham,NA,NA,NA,NA,NA,NA,NA,NA,NA,NA,NA,NA,NA,0,NA,NA,NA,NA,NA,NA,NA,NA,NA,NA,NA,NA,NA,NA,NA,NA,NA,NA,NA,NA,NA,NA,NA,NA,NA,NA,NA,NA,NA,NA,NA,0,NA,NA,NA,NA,0,NA,NA,0,0,0,0,NA,NA,2012,NA,NA,51,0,Turnover on downs,4031,"9/23/12, 16:05:33",2012-09-23T23:05:43Z,State Farm Stadium,"Temp: ° F, Wind: mph",10012012-0923-0983-16fc-87e5113fe1b7,0,0,RUSH,0,NA,NA,NA,21,Turnover on downs,2012-09-23T23:04:45Z,5,2:32,1,1,0,4,4,0,DOWNS,DOWNS,03:05,00:33,PHI 36,PHI 22,4010,4117,6,27,Home,21,33,-3,42.5,0,closed,grass,NA,NA,Ken Whisenhunt,Andy Reid,PHO00,University of Phoenix Stadium,0,0,NA,NA,L.Stephens-Howling,36,NA,NA,0,1,0,0,1,NA,00-0026956,NA,L.Stephens-Howling,36,00-0026956,L.Stephens-Howling,00-0026956,L.Stephens-Howling,00-0026956,0,0,-0.6794827939593233,NA,NA,NA,NA,NA,0.03162473067641258,-3.1624730676412582,2012,Go for it,NA,NA,NA,NA,NA,NA,NA,NA,NA,NA,Toss Up,Go for it,Andy Reid,Ken Whisenhunt,2:07,NA,NA,NA,NA,NA,NA,NA,NA,NA,NA
4073,2012_03_PHI_ARI,2012092309,ARI,PHI,REG,3,ARI,home,PHI,PHI,18,2012-09-23,120,120,120,Half2,0,21,0,4,2,0,02:00,PHI 18,12,14,(2:00) 36-L.Stephens-Howling up the middle to PHI 21 for -3 yards (54-B.Graham).,run,-3,0,0,0,0,0,0,NA,NA,NA,NA,middle,NA,NA,NA,NA,NA,2,1,0,NA,NA,NA,NA,2,1,27,6,27,6,21,27,6,21,0.18932363390922546,0.0081243384629487991,2.638327714521438e-4,0.011865111999213696,0.4509647488594055,0.0018268843414261937,0.337631493806839,0,0,3.6120120069826953,-0.7873433923232369,23.749373190669015,-23.749373190669015,-8.744022193353342,8.744022193353342,26.204848954756564,-26.204848954756564,NA,NA,0,0,-9.755129148543347,9.755129148543347,8.832717280951329,-8.832717280951329,-28.409275589103345,28.409275589103345,40.654668824743055,-40.654668824743055,0.9996848106384277,3.151893615722656e-4,0.9996848106384277,3.151893615722656e-4,4.297494888305664e-5,2.956390380859375e-5,2.956390380859375e-5,0.9997277855873108,2.72214412689209e-4,0.9998546838760376,0.9998546838760376,-0.0591575619764626,0.0591575619764626,0.34481995887491557,-0.34481995887491557,NA,NA,0,0,-0.10616026539355516,0.10616026539355516,0.23738550641818412,-0.23738550641818412,-0.4336171378963627,0.4336171378963627,0.6259700136400058,-0.6259700136400058,0,0,0,0,0,0,0,0,0,0,0,0,0,0,0,0,0,0,0,0,0,0,0,0,1,0,0,1,0,0,0,0,1,0,0,0,0,0,0,0,0,0,0,0,0,0,0,0,0,0,0,NA,NA,NA,NA,NA,NA,00-0026956,L.Stephens-Howling,-3,NA,NA,NA,NA,NA,NA,NA,NA,NA,NA,NA,NA,NA,NA,NA,NA,NA,NA,NA,NA,NA,NA,NA,NA,NA,NA,NA,NA,00-0027865,B.Graham,NA,NA,NA,NA,NA,NA,NA,NA,NA,NA,NA,NA,PHI,NA,00-0027865,NA,B.Graham,NA,NA,NA,NA,NA,NA,NA,NA,NA,NA,NA,NA,NA,0,NA,NA,NA,NA,NA,NA,NA,NA,NA,NA,NA,NA,NA,NA,NA,NA,NA,NA,NA,NA,NA,NA,NA,NA,NA,NA,NA,NA,NA,NA,NA,0,NA,NA,NA,NA,0,NA,NA,0,0,0,0,NA,NA,2012,NA,NA,51,0,Turnover on downs,4073,"9/23/12, 16:05:33",2012-09-23T23:08:17Z,State Farm Stadium,"Temp: ° F, Wind: mph",10012012-0923-0983-16fc-87e5113fe1b7,0,0,RUSH,0,NA,NA,NA,21,Turnover on downs,2012-09-23T23:04:45Z,5,2:32,1,1,0,4,4,0,DOWNS,DOWNS,03:05,00:33,PHI 36,PHI 22,4010,4117,6,27,Home,21,33,-3,42.5,0,closed,grass,NA,NA,Ken Whisenhunt,Andy Reid,PHO00,University of Phoenix Stadium,0,0,NA,NA,L.Stephens-Howling,36,NA,NA,0,1,0,0,1,NA,00-0026956,NA,L.Stephens-Howling,36,00-0026956,L.Stephens-Howling,00-0026956,L.Stephens-Howling,00-0026956,0,0,-0.7873433923232369,NA,NA,NA,NA,NA,0.08462636917829514,-8.462636917829514,2012,Go for it,NA,NA,NA,NA,NA,NA,NA,NA,NA,NA,Toss Up,Go for it,Andy Reid,Ken Whisenhunt,2:00,NA,NA,NA,NA,NA,NA,NA,NA,NA,NA
4094,2012_03_PHI_ARI,2012092309,ARI,PHI,REG,3,ARI,home,PHI,PHI,21,2012-09-23,78,78,78,Half2,0,21,0,4,3,0,01:18,PHI 21,15,14,(1:18) 4-K.Kolb kneels to PHI 22 for -1 yards.,qb_kneel,-1,0,0,0,1,0,0,NA,NA,NA,NA,NA,NA,NA,NA,NA,NA,2,1,0,NA,NA,NA,NA,2,1,27,6,27,6,21,27,6,21,0.20967698097229004,0.014559517614543438,2.902259584516287e-4,0.01358036883175373,0.5904435515403748,0.001497181598097086,0.1699521690607071,0,0,2.8246686146594584,-0.4264148845686577,23.322958306100357,-23.322958306100357,-8.744022193353342,8.744022193353342,26.204848954756564,-26.204848954756564,NA,NA,0,0,-9.755129148543347,9.755129148543347,8.832717280951329,-8.832717280951329,-28.409275589103345,28.409275589103345,40.654668824743055,-40.654668824743055,0.9997277855873108,2.72214412689209e-4,0.9997277855873108,2.72214412689209e-4,NA,NA,5.9604644775390625e-6,NA,NA,0.9998842477798462,0.9998842477798462,-0.0591575619764626,0.0591575619764626,0.34481995887491557,-0.34481995887491557,NA,NA,0,0,-0.10616026539355516,0.10616026539355516,0.23738550641818412,-0.23738550641818412,-0.4336171378963627,0.4336171378963627,0.6259700136400058,-0.6259700136400058,0,0,0,0,0,1,0,0,0,0,0,0,0,0,0,0,0,0,0,0,0,0,0,0,0,0,0,0,0,0,0,0,1,0,0,0,0,0,0,0,0,0,0,0,0,0,0,0,0,0,0,NA,NA,NA,NA,NA,NA,00-0025423,K.Kolb,-1,NA,NA,NA,NA,NA,NA,NA,NA,NA,NA,NA,NA,NA,NA,NA,NA,NA,NA,NA,NA,NA,NA,NA,NA,NA,NA,NA,NA,NA,NA,NA,NA,NA,NA,NA,NA,NA,NA,NA,NA,NA,NA,NA,NA,NA,NA,NA,NA,NA,NA,NA,NA,NA,NA,NA,NA,NA,NA,NA,NA,0,NA,NA,NA,NA,NA,NA,NA,NA,NA,NA,NA,NA,NA,NA,NA,NA,NA,NA,NA,NA,NA,NA,NA,NA,NA,NA,NA,NA,NA,NA,NA,0,NA,NA,NA,NA,0,NA,NA,0,0,0,0,NA,NA,2012,NA,NA,51,0,Turnover on downs,4094,"9/23/12, 16:05:33",NA,State Farm Stadium,"Temp: ° F, Wind: mph",10012012-0923-0983-16fc-87e5113fe1b7,0,0,RUSH,0,NA,NA,NA,21,Turnover on downs,2012-09-23T23:04:45Z,5,2:32,1,1,0,4,4,0,DOWNS,DOWNS,03:05,00:33,PHI 36,PHI 22,4010,4117,6,27,Home,21,33,-3,42.5,0,closed,grass,NA,NA,Ken Whisenhunt,Andy Reid,PHO00,University of Phoenix Stadium,0,0,NA,NA,K.Kolb,NA,NA,NA,0,0,0,0,0,NA,00-0025423,NA,K.Kolb,NA,00-0025423,K.Kolb,00-0025423,K.Kolb,00-0025423,0,0,-0.4264148845686577,NA,NA,NA,NA,NA,NA,NA,2012,Other,NA,NA,NA,NA,NA,NA,NA,NA,NA,NA,Toss Up,Other,Andy Reid,Ken Whisenhunt,1:18,NA,NA,NA,NA,NA,NA,NA,NA,NA,NA
4117,2012_03_PHI_ARI,2012092309,ARI,PHI,REG,3,ARI,home,PHI,PHI,22,2012-09-23,36,36,36,Half2,0,21,0,4,4,0,00:36,PHI 22,16,14,(:36) 4-K.Kolb kneels to PHI 22 for no gain.,qb_kneel,0,0,0,0,1,0,0,NA,NA,NA,NA,NA,NA,NA,NA,NA,NA,2,1,0,NA,NA,NA,NA,2,1,27,6,27,6,21,27,6,21,0.2071262151002884,0.012131758034229279,2.544570015743375e-4,0.006533626466989517,0.7337656617164612,3.443066088948399e-4,0.039843957871198654,0,0,2.3982537300908007,-2.678868011920713,20.644090294179644,-20.644090294179644,-8.744022193353342,8.744022193353342,26.204848954756564,-26.204848954756564,NA,NA,0,0,-9.755129148543347,9.755129148543347,8.832717280951329,-8.832717280951329,-28.409275589103345,28.409275589103345,40.654668824743055,-40.654668824743055,0.9996908903121948,3.091096878051758e-4,0.9996908903121948,3.091096878051758e-4,NA,NA,-8.091227209661156e-5,NA,NA,0.9998902082443237,0.9998902082443237,-0.0591575619764626,0.0591575619764626,0.34481995887491557,-0.34481995887491557,NA,NA,0,0,-0.10616026539355516,0.10616026539355516,0.23738550641818412,-0.23738550641818412,-0.4336171378963627,0.4336171378963627,0.6259700136400058,-0.6259700136400058,0,0,0,0,0,0,0,1,0,0,0,0,0,0,0,0,0,0,0,0,0,0,0,0,0,0,0,0,0,0,0,0,1,0,0,0,0,0,0,0,0,0,0,0,0,0,0,0,0,0,0,NA,NA,NA,NA,NA,NA,00-0025423,K.Kolb,0,NA,NA,NA,NA,NA,NA,NA,NA,NA,NA,NA,NA,NA,NA,NA,NA,NA,NA,NA,NA,NA,NA,NA,NA,NA,NA,NA,NA,NA,NA,NA,NA,NA,NA,NA,NA,NA,NA,NA,NA,NA,NA,NA,NA,NA,NA,NA,NA,NA,NA,NA,NA,NA,NA,NA,NA,NA,NA,NA,NA,0,NA,NA,NA,NA,NA,NA,NA,NA,NA,NA,NA,NA,NA,NA,NA,NA,NA,NA,NA,NA,NA,NA,NA,NA,NA,NA,NA,NA,NA,NA,NA,0,NA,NA,NA,NA,0,NA,NA,0,0,0,0,NA,NA,2012,NA,NA,51,0,Turnover on downs,4117,"9/23/12, 16:05:33",NA,State Farm Stadium,"Temp: ° F, Wind: mph",10012012-0923-0983-16fc-87e5113fe1b7,0,0,RUSH,0,NA,NA,NA,21,Turnover on downs,2012-09-23T23:04:45Z,5,2:32,1,1,0,4,4,0,DOWNS,DOWNS,03:05,00:33,PHI 36,PHI 22,4010,4117,6,27,Home,21,33,-3,42.5,0,closed,grass,NA,NA,Ken Whisenhunt,Andy Reid,PHO00,University of Phoenix Stadium,0,0,NA,NA,K.Kolb,NA,NA,NA,0,0,0,0,0,NA,00-0025423,NA,K.Kolb,NA,00-0025423,K.Kolb,00-0025423,K.Kolb,00-0025423,0,0,-2.678868011920713,NA,NA,NA,NA,NA,NA,NA,2012,Other,NA,0.08981247166229878,0.9970991477926752,NA,NA,NA,0.9964978972778908,0.9986097278418811,NA,NA,Toss Up,Other,Andy Reid,Ken Whisenhunt,0:36,NA,NA,NA,9,100,NA,NA,NA,100,100
4138,2012_03_PHI_ARI,2012092309,ARI,PHI,REG,3,PHI,away,ARI,PHI,78,2012-09-23,33,33,33,Half2,0,22,0,4,1,0,00:33,PHI 22,10,4,(:33) 25-L.McCoy left tackle to PHI 26 for 4 yards (91-V.Holliday).,run,4,0,0,0,0,0,0,NA,NA,NA,NA,left,tackle,NA,NA,NA,NA,2,1,0,NA,NA,NA,NA,1,2,27,6,6,27,-21,6,27,-21,0.829170286655426,0.03210834786295891,0.001357831759378314,0.010857568122446537,0.10712548345327377,2.7642460190691054e-4,0.019104095175862312,0,0,0.2806142818299122,-0.2806142818299122,20.924704576009557,-20.924704576009557,-8.46340791152343,8.46340791152343,26.204848954756564,-26.204848954756564,NA,NA,0,0,-9.755129148543347,9.755129148543347,8.832717280951329,-8.832717280951329,-28.409275589103345,28.409275589103345,40.654668824743055,-40.654668824743055,6.044129258953035e-4,0.9993955870741047,0.9993955870741047,6.044129258953035e-4,-6.044129258953035e-4,-1.907040277728811e-4,1.907040277728811e-4,1,0,1.907040277728811e-4,0.9998092959722271,-0.0585531490505673,0.0585531490505673,0.34481995887491557,-0.34481995887491557,NA,NA,0,0,-0.10616026539355516,0.10616026539355516,0.23738550641818412,-0.23738550641818412,-0.4336171378963627,0.4336171378963627,0.6259700136400058,-0.6259700136400058,0,0,0,0,0,0,0,0,0,0,0,0,0,0,0,0,0,0,0,0,0,0,0,0,1,0,0,0,0,0,0,0,1,0,0,0,0,0,0,0,0,0,0,0,0,0,0,0,0,0,0,NA,NA,NA,NA,NA,NA,00-0027029,L.McCoy,4,NA,NA,NA,NA,NA,NA,NA,NA,NA,NA,NA,NA,NA,NA,NA,NA,NA,NA,NA,NA,NA,NA,NA,NA,NA,NA,NA,NA,NA,NA,NA,NA,NA,NA,NA,NA,NA,NA,NA,NA,NA,NA,ARI,NA,00-0007611,NA,V.Holliday,NA,NA,NA,NA,NA,NA,NA,NA,NA,NA,NA,NA,NA,0,NA,NA,NA,NA,NA,NA,NA,NA,NA,NA,NA,NA,NA,NA,NA,NA,NA,NA,NA,NA,NA,NA,NA,NA,NA,NA,NA,NA,NA,NA,NA,0,NA,NA,NA,NA,0,NA,NA,0,0,0,0,NA,NA,2012,NA,NA,52,0,End of half,4138,"9/23/12, 16:05:33",NA,State Farm Stadium,"Temp: ° F, Wind: mph",10012012-0923-0983-16fc-87e5113fe1b7,0,0,RUSH,0,NA,NA,NA,22,End of half,NA,1,0:33,0,0,0,4,4,0,DOWNS,END_GAME,00:33,00:00,PHI 22,PHI 22,4138,4159,6,27,Home,21,33,-3,42.5,0,closed,grass,NA,NA,Ken Whisenhunt,Andy Reid,PHO00,University of Phoenix Stadium,0,0,NA,NA,L.McCoy,25,NA,NA,0,1,0,0,1,NA,00-0027029,NA,L.McCoy,25,00-0027029,L.McCoy,00-0027029,L.McCoy,00-0027029,0,0,-0.2806142818299122,NA,NA,NA,NA,NA,0.5200449824333191,-52.00449824333191,2012,Go for it,NA,NA,NA,NA,NA,NA,NA,NA,NA,NA,Toss Up,Go for it,Andy Reid,Ken Whisenhunt,0:33,NA,NA,NA,NA,NA,NA,NA,NA,NA,NA
4159,2012_03_PHI_ARI,2012092309,ARI,PHI,REG,3,PHI,away,ARI,NA,NA,2012-09-23,0,0,0,Half2,0,22,0,4,NA,0,00:00,NA,0,4,END GAME,NA,NA,0,0,NA,0,0,0,NA,NA,NA,NA,NA,NA,NA,NA,NA,NA,2,1,NA,NA,NA,NA,NA,1,2,27,6,6,27,-21,6,27,-21,0,0,0,0,0,0,0,0,0,NA,NA,20.924704576009557,-20.924704576009557,-8.46340791152343,8.46340791152343,26.204848954756564,-26.204848954756564,NA,NA,NA,NA,-9.755129148543347,9.755129148543347,8.832717280951329,-8.832717280951329,-28.409275589103345,28.409275589103345,40.654668824743055,-40.654668824743055,NA,NA,1,0,NA,NA,NA,1,0,NA,1,-0.0585531490505673,0.0585531490505673,0.34481995887491557,-0.34481995887491557,NA,NA,NA,NA,-0.10616026539355516,0.10616026539355516,0.23738550641818412,-0.23738550641818412,-0.4336171378963627,0.4336171378963627,0.6259700136400058,-0.6259700136400058,NA,NA,NA,NA,NA,NA,NA,NA,NA,0,NA,NA,NA,NA,NA,NA,NA,NA,NA,NA,NA,NA,NA,NA,NA,NA,NA,NA,NA,NA,NA,NA,NA,NA,NA,NA,NA,NA,NA,NA,NA,NA,NA,NA,NA,NA,NA,NA,NA,NA,NA,NA,NA,NA,NA,NA,NA,NA,NA,NA,NA,NA,NA,NA,NA,NA,NA,NA,NA,NA,NA,NA,NA,NA,NA,NA,NA,NA,NA,NA,NA,NA,NA,NA,NA,NA,NA,NA,NA,NA,NA,NA,NA,NA,NA,NA,NA,NA,NA,NA,NA,NA,NA,NA,NA,NA,NA,NA,NA,NA,NA,NA,NA,NA,NA,NA,NA,NA,NA,NA,NA,NA,NA,NA,NA,NA,NA,NA,NA,NA,NA,NA,NA,NA,NA,NA,NA,NA,NA,NA,NA,NA,NA,NA,NA,NA,NA,NA,NA,NA,NA,NA,NA,NA,NA,NA,NA,0,NA,NA,NA,NA,NA,NA,NA,NA,2012,NA,NA,52,0,End of half,4159,"9/23/12, 16:05:33",NA,State Farm Stadium,"Temp: ° F, Wind: mph",10012012-0923-0983-16fc-87e5113fe1b7,0,0,END_GAME,0,NA,NA,NA,22,End of half,NA,1,0:33,0,0,0,4,4,0,DOWNS,END_GAME,00:33,00:00,PHI 22,PHI 22,4138,4159,6,27,Home,21,33,-3,42.5,0,closed,grass,NA,NA,Ken Whisenhunt,Andy Reid,PHO00,University of Phoenix Stadium,0,NA,NA,NA,NA,NA,NA,NA,0,0,NA,0,0,NA,NA,NA,NA,NA,NA,NA,NA,NA,NA,0,0,NA,NA,NA,NA,NA,NA,NA,NA,2012,Other,NA,NA,NA,NA,NA,NA,NA,NA,NA,NA,Toss Up,NA,Andy Reid,Ken Whisenhunt,0:00,NA,NA,NA,NA,NA,NA,NA,NA,NA,NA
