play_id,game_id,old_game_id,home_team,away_team,season_type,week,posteam,posteam_type,defteam,side_of_field,yardline_100,game_date,quarter_seconds_remaining,half_seconds_remaining,game_seconds_remaining,game_half,quarter_end,drive,sp,qtr,down,goal_to_go,time,yrdln,ydstogo,ydsnet,desc,play_type,yards_gained,shotgun,no_huddle,qb_dropback,qb_kneel,qb_spike,qb_scramble,pass_length,pass_location,air_yards,yards_after_catch,run_location,run_gap,field_goal_result,kick_distance,extra_point_result,two_point_conv_result,home_timeouts_remaining,away_timeouts_remaining,timeout,timeout_team,td_team,td_player_name,td_player_id,posteam_timeouts_remaining,defteam_timeouts_remaining,total_home_score,total_away_score,posteam_score,defteam_score,score_differential,posteam_score_post,defteam_score_post,score_differential_post,no_score_prob,opp_fg_prob,opp_safety_prob,opp_td_prob,fg_prob,safety_prob,td_prob,extra_point_prob,two_point_conversion_prob,ep,epa,total_home_epa,total_away_epa,total_home_rush_epa,total_away_rush_epa,total_home_pass_epa,total_away_pass_epa,air_epa,yac_epa,comp_air_epa,comp_yac_epa,total_home_comp_air_epa,total_away_comp_air_epa,total_home_comp_yac_epa,total_away_comp_yac_epa,total_home_raw_air_epa,total_away_raw_air_epa,total_home_raw_yac_epa,total_away_raw_yac_epa,wp,def_wp,home_wp,away_wp,wpa,vegas_wpa,vegas_home_wpa,home_wp_post,away_wp_post,vegas_wp,vegas_home_wp,total_home_rush_wpa,total_away_rush_wpa,total_home_pass_wpa,total_away_pass_wpa,air_wpa,yac_wpa,comp_air_wpa,comp_yac_wpa,total_home_comp_air_wpa,total_away_comp_air_wpa,total_home_comp_yac_wpa,total_away_comp_yac_wpa,total_home_raw_air_wpa,total_away_raw_air_wpa,total_home_raw_yac_wpa,total_away_raw_yac_wpa,punt_blocked,first_down_rush,first_down_pass,first_down_penalty,third_down_converted,third_down_failed,fourth_down_converted,fourth_down_failed,incomplete_pass,touchback,interception,punt_inside_twenty,punt_in_endzone,punt_out_of_bounds,punt_downed,punt_fair_catch,kickoff_inside_twenty,kickoff_in_endzone,kickoff_out_of_bounds,kickoff_downed,kickoff_fair_catch,fumble_forced,fumble_not_forced,fumble_out_of_bounds,solo_tackle,safety,penalty,tackled_for_loss,fumble_lost,own_kickoff_recovery,own_kickoff_recovery_td,qb_hit,rush_attempt,pass_attempt,sack,touchdown,pass_touchdown,rush_touchdown,return_touchdown,extra_point_attempt,two_point_attempt,field_goal_attempt,kickoff_attempt,punt_attempt,fumble,complete_pass,assist_tackle,lateral_reception,lateral_rush,lateral_return,lateral_recovery,passer_player_id,passer_player_name,passing_yards,receiver_player_id,receiver_player_name,receiving_yards,rusher_player_id,rusher_player_name,rushing_yards,lateral_receiver_player_id,lateral_receiver_player_name,lateral_receiving_yards,lateral_rusher_player_id,lateral_rusher_player_name,lateral_rushing_yards,lateral_sack_player_id,lateral_sack_player_name,interception_player_id,interception_player_name,lateral_interception_player_id,lateral_interception_player_name,punt_returner_player_id,punt_returner_player_name,lateral_punt_returner_player_id,lateral_punt_returner_player_name,kickoff_returner_player_name,kickoff_returner_player_id,lateral_kickoff_returner_player_id,lateral_kickoff_returner_player_name,punter_player_id,punter_player_name,kicker_player_name,kicker_player_id,own_kickoff_recovery_player_id,own_kickoff_recovery_player_name,blocked_player_id,blocked_player_name,tackle_for_loss_1_player_id,tackle_for_loss_1_player_name,tackle_for_loss_2_player_id,tackle_for_loss_2_player_name,qb_hit_1_player_id,qb_hit_1_player_name,qb_hit_2_player_id,qb_hit_2_player_name,forced_fumble_player_1_team,forced_fumble_player_1_player_id,forced_fumble_player_1_player_name,forced_fumble_player_2_team,forced_fumble_player_2_player_id,forced_fumble_player_2_player_name,solo_tackle_1_team,solo_tackle_2_team,solo_tackle_1_player_id,solo_tackle_2_player_id,solo_tackle_1_player_name,solo_tackle_2_player_name,assist_tackle_1_player_id,assist_tackle_1_player_name,assist_tackle_1_team,assist_tackle_2_player_id,assist_tackle_2_player_name,assist_tackle_2_team,assist_tackle_3_player_id,assist_tackle_3_player_name,assist_tackle_3_team,assist_tackle_4_player_id,assist_tackle_4_player_name,assist_tackle_4_team,tackle_with_assist,tackle_with_assist_1_player_id,tackle_with_assist_1_player_name,tackle_with_assist_1_team,tackle_with_assist_2_player_id,tackle_with_assist_2_player_name,tackle_with_assist_2_team,pass_defense_1_player_id,pass_defense_1_player_name,pass_defense_2_player_id,pass_defense_2_player_name,fumbled_1_team,fumbled_1_player_id,fumbled_1_player_name,fumbled_2_player_id,fumbled_2_player_name,fumbled_2_team,fumble_recovery_1_team,fumble_recovery_1_yards,fumble_recovery_1_player_id,fumble_recovery_1_player_name,fumble_recovery_2_team,fumble_recovery_2_yards,fumble_recovery_2_player_id,fumble_recovery_2_player_name,sack_player_id,sack_player_name,half_sack_1_player_id,half_sack_1_player_name,half_sack_2_player_id,half_sack_2_player_name,return_team,return_yards,penalty_team,penalty_player_id,penalty_player_name,penalty_yards,replay_or_challenge,replay_or_challenge_result,penalty_type,defensive_two_point_attempt,defensive_two_point_conv,defensive_extra_point_attempt,defensive_extra_point_conv,safety_player_name,safety_player_id,season,cp,cpoe,series,series_success,series_result,order_sequence,start_time,time_of_day,stadium,weather,nfl_api_id,play_clock,play_deleted,play_type_nfl,special_teams_play,st_play_type,end_clock_time,end_yard_line,fixed_drive,fixed_drive_result,drive_real_start_time,drive_play_count,drive_time_of_possession,drive_first_downs,drive_inside20,drive_ended_with_score,drive_quarter_start,drive_quarter_end,drive_yards_penalized,drive_start_transition,drive_end_transition,drive_game_clock_start,drive_game_clock_end,drive_start_yard_line,drive_end_yard_line,drive_play_id_started,drive_play_id_ended,away_score,home_score,location,result,total,spread_line,total_line,div_game,roof,surface,temp,wind,home_coach,away_coach,stadium_id,game_stadium,aborted_play,success,passer,passer_jersey_number,rusher,rusher_jersey_number,receiver,receiver_jersey_number,pass,rush,first_down,special,play,passer_id,rusher_id,receiver_id,name,jersey_number,id,fantasy_player_name,fantasy_player_id,fantasy,fantasy_id,out_of_bounds,home_opening_kickoff,qb_epa,xyac_epa,xyac_mean_yardage,xyac_median_yardage,xyac_success,xyac_fd,xpass,pass_oe,season_orig,actual_decision,go_boost,first_down_prob,wp_fail,wp_succeed,go_wp,fg_make_prob,miss_fg_wp,make_fg_wp,fg_wp,punt_wp,model_recommendation,actual_decision_calculated,phi_coach,opp_coach,game_clock,fg_prob_calculated,fg_prob_calculated_pct,go_wp_pct,first_down_prob_pct,wp_fail_pct,wp_succeed_pct,punt_wp_pct,fg_wp_pct,make_fg_wp_pct,miss_fg_wp_pct
1,2011_06_PHI_WAS,2011101603,WAS,PHI,REG,6,NA,NA,NA,NA,NA,2011-10-16,900,1800,3600,Half1,0,NA,0,1,NA,0,15:00,WAS 35,0,NA,GAME,NA,NA,0,0,NA,0,0,0,NA,NA,NA,NA,NA,NA,NA,NA,NA,NA,3,3,NA,NA,NA,NA,NA,NA,NA,0,0,NA,NA,NA,NA,NA,NA,0,0,0,0,0,0,0,0,0,0.010358132421970367,-0,0,0,0,0,0,0,NA,NA,NA,NA,0,0,0,0,0,0,0,0,0.4220241606235504,0.5779758393764496,0.5779758393764496,0.4220241606235504,-0,-0,0,NA,NA,0.604065477848053,0.395934522151947,0,0,0,0,NA,NA,NA,NA,0,0,0,0,0,0,0,0,NA,NA,NA,NA,NA,NA,NA,NA,NA,0,NA,NA,NA,NA,NA,NA,NA,NA,NA,NA,NA,NA,NA,NA,NA,NA,NA,NA,NA,NA,NA,NA,NA,NA,NA,NA,NA,NA,NA,NA,NA,NA,NA,NA,NA,NA,NA,NA,NA,NA,NA,NA,NA,NA,NA,NA,NA,NA,NA,NA,NA,NA,NA,NA,NA,NA,NA,NA,NA,NA,NA,NA,NA,NA,NA,NA,NA,NA,NA,NA,NA,NA,NA,NA,NA,NA,NA,NA,NA,NA,NA,NA,NA,NA,NA,NA,NA,NA,NA,NA,NA,NA,NA,NA,NA,NA,NA,NA,NA,NA,NA,NA,NA,NA,NA,NA,NA,NA,NA,NA,NA,NA,NA,NA,NA,NA,NA,NA,NA,NA,NA,NA,NA,NA,NA,NA,NA,NA,NA,NA,NA,NA,NA,NA,NA,NA,NA,NA,NA,NA,NA,NA,NA,NA,NA,NA,NA,0,NA,NA,NA,NA,NA,NA,NA,NA,2011,NA,NA,1,0,Punt,1,"10/16/11, 13:03:12",NA,Commanders Field,"Sunny Temp: 68° F, Humidity: 26%, Wind: WSW 7 mph",10012011-1016-039d-ee8c-bc7446e5f587,0,0,GAME_START,0,NA,NA,NA,1,Punt,NA,NA,NA,NA,NA,NA,NA,NA,NA,NA,NA,NA,NA,NA,NA,NA,NA,20,13,Home,-7,33,-3,46.5,1,outdoors,grass,68,7,Mike Shanahan,Andy Reid,WAS00,FedExField,0,0,NA,NA,NA,NA,NA,NA,0,0,NA,0,0,NA,NA,NA,NA,NA,NA,NA,NA,NA,NA,0,0,-0,NA,NA,NA,NA,NA,NA,NA,2011,Other,NA,NA,NA,NA,NA,NA,NA,NA,NA,NA,Punt,NA,Andy Reid,Mike Shanahan,15:00,NA,NA,NA,NA,NA,NA,NA,NA,NA,NA
46,2011_06_PHI_WAS,2011101603,WAS,PHI,REG,6,PHI,away,WAS,WAS,35,2011-10-16,900,1800,3600,Half1,0,1,0,1,NA,0,15:00,WAS 35,0,-5,"4-G.Gano kicks 73 yards from WAS 35 to PHI -8. 28-D.Lewis, Touchback.",kickoff,0,0,0,0,0,0,0,NA,NA,NA,NA,NA,NA,NA,65,NA,NA,3,3,0,NA,NA,NA,NA,3,3,0,0,0,0,0,0,0,0,0.006326470989733934,0.18425367772579193,0.004791370593011379,0.3024062216281891,0.2025458663702011,0.0031653447076678276,0.2965110242366791,0,0,0.010358132421970367,-0,0,0,0,0,0,0,NA,NA,0,0,0,0,0,0,0,0,0,0,0.4220241606235504,0.5779758393764496,0.5779758393764496,0.4220241606235504,-0,-0,0,0.5779758393764496,0.4220241606235504,0.604065477848053,0.395934522151947,0,0,0,0,NA,NA,0,0,0,0,0,0,0,0,0,0,0,0,0,0,0,0,0,0,0,1,0,0,0,0,0,0,0,0,0,0,0,0,0,0,0,0,0,0,0,0,0,0,0,0,0,0,0,0,0,0,0,0,1,0,0,0,0,0,0,0,0,NA,NA,NA,NA,NA,NA,NA,NA,NA,NA,NA,NA,NA,NA,NA,NA,NA,NA,NA,NA,NA,NA,NA,NA,NA,NA,NA,NA,NA,NA,NA,G.Gano,00-0026858,NA,NA,NA,NA,NA,NA,NA,NA,NA,NA,NA,NA,NA,NA,NA,NA,NA,NA,NA,NA,NA,NA,NA,NA,NA,NA,NA,NA,NA,NA,NA,NA,NA,NA,NA,NA,0,NA,NA,NA,NA,NA,NA,NA,NA,NA,NA,NA,NA,NA,NA,NA,NA,NA,NA,NA,NA,NA,NA,NA,NA,NA,NA,NA,NA,NA,NA,PHI,0,NA,NA,NA,NA,0,NA,NA,0,0,0,0,NA,NA,2011,NA,NA,1,0,Punt,46,"10/16/11, 13:03:12",2011-10-16T17:03:12Z,Commanders Field,"Sunny Temp: 68° F, Humidity: 26%, Wind: WSW 7 mph",10012011-1016-039d-ee8c-bc7446e5f587,0,0,KICK_OFF,1,NA,NA,NA,1,Punt,2011-10-16T17:03:12Z,3,1:05,0,0,0,1,1,-5,KICKOFF,PUNT,15:00,13:55,PHI 20,PHI 15,46,169,20,13,Home,-7,33,-3,46.5,1,outdoors,grass,68,7,Mike Shanahan,Andy Reid,WAS00,FedExField,0,0,NA,NA,NA,NA,NA,NA,0,0,0,1,0,NA,NA,NA,NA,NA,NA,NA,NA,NA,NA,0,0,-0,NA,NA,NA,NA,NA,NA,NA,2011,Other,NA,NA,NA,NA,NA,NA,NA,NA,NA,NA,Punt,Other,Andy Reid,Mike Shanahan,15:00,NA,NA,NA,NA,NA,NA,NA,NA,NA,NA
69,2011_06_PHI_WAS,2011101603,WAS,PHI,REG,6,PHI,away,WAS,PHI,80,2011-10-16,900,1800,3600,Half1,0,1,0,1,1,0,15:00,PHI 20,10,-5,(15:00) 7-M.Vick pass incomplete deep left to 10-D.Jackson.,pass,0,0,0,1,0,0,0,deep,left,40,NA,NA,NA,NA,NA,NA,NA,3,3,0,NA,NA,NA,NA,3,3,0,0,0,0,0,0,0,0,0.006326470989733934,0.18425367772579193,0.004791370593011379,0.3024062216281891,0.2025458663702011,0.0031653447076678276,0.2965110242366791,0,0,0.010358132421970367,-0.5611356189474463,0.5611356189474463,-0.5611356189474463,0,0,0.5611356189474463,-0.5611356189474463,2.937972054351121,-3.4991076732985675,0,0,0,0,0,0,-2.937972054351121,2.937972054351121,3.4991076732985675,-3.4991076732985675,0.4220241606235504,0.5779758393764496,0.5779758393764496,0.4220241606235504,-0.012802660465240479,-0.01721632480621338,0.01721632480621338,0.5907784998416901,0.40922150015830994,0.604065477848053,0.395934522151947,0,0,0.012802660465240479,-0.012802660465240479,0,-0.012802660465240479,0,0,0,0,0,0,0,0,0.012802660465240479,-0.012802660465240479,0,0,0,0,0,0,0,0,1,0,0,0,0,0,0,0,0,0,0,0,0,0,0,0,0,0,0,0,0,0,0,0,0,1,0,0,0,0,0,0,0,0,0,0,0,0,0,0,0,0,0,00-0020245,M.Vick,NA,00-0026189,D.Jackson,NA,NA,NA,NA,NA,NA,NA,NA,NA,NA,NA,NA,NA,NA,NA,NA,NA,NA,NA,NA,NA,NA,NA,NA,NA,NA,NA,NA,NA,NA,NA,NA,NA,NA,NA,NA,NA,NA,NA,NA,NA,NA,NA,NA,NA,NA,NA,NA,NA,NA,NA,NA,NA,NA,NA,NA,NA,NA,NA,NA,NA,NA,NA,NA,0,NA,NA,NA,NA,NA,NA,NA,NA,NA,NA,NA,NA,NA,NA,NA,NA,NA,NA,NA,NA,NA,NA,NA,NA,NA,NA,NA,NA,NA,NA,NA,0,NA,NA,NA,NA,0,NA,NA,0,0,0,0,NA,NA,2011,0.2956100106239319,-29.56100106239319,1,0,Punt,69,"10/16/11, 13:03:12",2011-10-16T17:03:57Z,Commanders Field,"Sunny Temp: 68° F, Humidity: 26%, Wind: WSW 7 mph",10012011-1016-039d-ee8c-bc7446e5f587,0,0,PASS,0,NA,NA,NA,1,Punt,2011-10-16T17:03:12Z,3,1:05,0,0,0,1,1,-5,KICKOFF,PUNT,15:00,13:55,PHI 20,PHI 15,46,169,20,13,Home,-7,33,-3,46.5,1,outdoors,grass,68,7,Mike Shanahan,Andy Reid,WAS00,FedExField,0,0,M.Vick,7,NA,NA,D.Jackson,10,1,0,0,0,1,00-0020245,NA,00-0026189,M.Vick,7,00-0020245,D.Jackson,00-0026189,D.Jackson,00-0026189,0,0,-0.5611356189474463,0.8567665119622556,10.30143083119765,5,1,1,0.5236040949821472,47.63959050178528,2011,Go for it,NA,NA,NA,NA,NA,NA,NA,NA,NA,NA,Punt,Go for it,Andy Reid,Mike Shanahan,15:00,NA,NA,NA,NA,NA,NA,NA,NA,NA,NA
91,2011_06_PHI_WAS,2011101603,WAS,PHI,REG,6,PHI,away,WAS,PHI,80,2011-10-16,894,1794,3594,Half1,0,1,0,1,2,0,14:54,PHI 20,10,-5,"(14:54) (Shotgun) PENALTY on PHI-79-T.Herremans, False Start, 5 yards, enforced at PHI 20 - No Play.",no_play,0,1,0,0,0,0,0,NA,NA,NA,NA,NA,NA,NA,NA,NA,NA,3,3,0,NA,NA,NA,NA,3,3,0,0,0,0,0,0,0,0,0.006486902479082346,0.20774304866790771,0.005722913425415754,0.33065539598464966,0.18274341523647308,0.0032566487789154053,0.2633916735649109,0,0,-0.550777486525476,-0.7569061703979969,1.3180417893454432,-1.3180417893454432,0,0,0.5611356189474463,-0.5611356189474463,NA,NA,0,0,0,0,0,0,-2.937972054351121,2.937972054351121,3.4991076732985675,-3.4991076732985675,0.40922150015830994,0.5907784998416901,0.5907784998416901,0.40922150015830994,-0.01924365758895874,-0.03240096569061279,0.03240096569061279,0.6100221574306488,0.3899778425693512,0.5868491530418396,0.4131508469581604,0,0,0.012802660465240479,-0.012802660465240479,NA,NA,0,0,0,0,0,0,0,0,0.012802660465240479,-0.012802660465240479,0,0,0,0,0,0,0,0,0,0,0,0,0,0,0,0,0,0,0,0,0,0,0,0,0,0,1,0,0,0,0,0,0,0,0,0,0,0,0,0,0,0,0,0,0,0,0,0,0,0,0,NA,NA,NA,NA,NA,NA,NA,NA,NA,NA,NA,NA,NA,NA,NA,NA,NA,NA,NA,NA,NA,NA,NA,NA,NA,NA,NA,NA,NA,NA,NA,NA,NA,NA,NA,NA,NA,NA,NA,NA,NA,NA,NA,NA,NA,NA,NA,NA,NA,NA,NA,NA,NA,NA,NA,NA,NA,NA,NA,NA,NA,NA,NA,NA,NA,NA,NA,NA,NA,0,NA,NA,NA,NA,NA,NA,NA,NA,NA,NA,NA,NA,NA,NA,NA,NA,NA,NA,NA,NA,NA,NA,NA,NA,NA,NA,NA,NA,NA,NA,NA,0,PHI,00-0023560,T.Herremans,5,0,NA,False Start,0,0,0,0,NA,NA,2011,NA,NA,1,0,Punt,91,"10/16/11, 13:03:12",2011-10-16T17:04:36Z,Commanders Field,"Sunny Temp: 68° F, Humidity: 26%, Wind: WSW 7 mph",10012011-1016-039d-ee8c-bc7446e5f587,0,0,PENALTY,0,NA,NA,NA,1,Punt,2011-10-16T17:03:12Z,3,1:05,0,0,0,1,1,-5,KICKOFF,PUNT,15:00,13:55,PHI 20,PHI 15,46,169,20,13,Home,-7,33,-3,46.5,1,outdoors,grass,68,7,Mike Shanahan,Andy Reid,WAS00,FedExField,0,0,NA,NA,NA,NA,NA,NA,0,0,0,0,1,NA,NA,NA,NA,NA,NA,NA,NA,NA,NA,0,0,-0.7569061703979969,NA,NA,NA,NA,NA,0.43202340602874756,NA,2011,Other,NA,NA,NA,NA,NA,NA,NA,NA,NA,NA,Punt,Other (Penalty),Andy Reid,Mike Shanahan,14:54,NA,NA,NA,NA,NA,NA,NA,NA,NA,NA
114,2011_06_PHI_WAS,2011101603,WAS,PHI,REG,6,PHI,away,WAS,PHI,85,2011-10-16,894,1794,3594,Half1,0,1,0,1,2,0,14:54,PHI 15,15,-5,(14:54) (Shotgun) 25-L.McCoy left tackle to PHI 15 for no gain (96-B.Cofield).,run,0,1,0,0,0,0,0,NA,NA,NA,NA,left,tackle,NA,NA,NA,NA,3,3,0,NA,NA,NA,NA,3,3,0,0,0,0,0,0,0,0,0.006376057397574186,0.2613973915576935,0.007327090483158827,0.3540162146091461,0.15238037705421448,0.003477035090327263,0.21502585709095,0,0,-1.3076836569234729,-0.6613266505300999,1.9793684398755431,-1.9793684398755431,0.6613266505300999,-0.6613266505300999,0.5611356189474463,-0.5611356189474463,NA,NA,0,0,0,0,0,0,-2.937972054351121,2.937972054351121,3.4991076732985675,-3.4991076732985675,0.3899778425693512,0.6100221574306488,0.6100221574306488,0.3899778425693512,-0.024787455797195435,-0.020282983779907227,0.020282983779907227,0.6348096132278442,0.36519038677215576,0.5544481873512268,0.4455518126487732,0.024787455797195435,-0.024787455797195435,0.012802660465240479,-0.012802660465240479,NA,NA,0,0,0,0,0,0,0,0,0.012802660465240479,-0.012802660465240479,0,0,0,0,0,0,0,0,0,0,0,0,0,0,0,0,0,0,0,0,0,0,0,0,1,0,0,0,0,0,0,0,1,0,0,0,0,0,0,0,0,0,0,0,0,0,0,0,0,0,0,NA,NA,NA,NA,NA,NA,00-0027029,L.McCoy,0,NA,NA,NA,NA,NA,NA,NA,NA,NA,NA,NA,NA,NA,NA,NA,NA,NA,NA,NA,NA,NA,NA,NA,NA,NA,NA,NA,NA,NA,NA,NA,NA,NA,NA,NA,NA,NA,NA,NA,NA,NA,NA,WAS,NA,00-0024339,NA,B.Cofield,NA,NA,NA,NA,NA,NA,NA,NA,NA,NA,NA,NA,NA,0,NA,NA,NA,NA,NA,NA,NA,NA,NA,NA,NA,NA,NA,NA,NA,NA,NA,NA,NA,NA,NA,NA,NA,NA,NA,NA,NA,NA,NA,NA,NA,0,NA,NA,NA,NA,0,NA,NA,0,0,0,0,NA,NA,2011,NA,NA,1,0,Punt,114,"10/16/11, 13:03:12",2011-10-16T17:05:12Z,Commanders Field,"Sunny Temp: 68° F, Humidity: 26%, Wind: WSW 7 mph",10012011-1016-039d-ee8c-bc7446e5f587,0,0,RUSH,0,NA,NA,NA,1,Punt,2011-10-16T17:03:12Z,3,1:05,0,0,0,1,1,-5,KICKOFF,PUNT,15:00,13:55,PHI 20,PHI 15,46,169,20,13,Home,-7,33,-3,46.5,1,outdoors,grass,68,7,Mike Shanahan,Andy Reid,WAS00,FedExField,0,0,NA,NA,L.McCoy,25,NA,NA,0,1,0,0,1,NA,00-0027029,NA,L.McCoy,25,00-0027029,L.McCoy,00-0027029,L.McCoy,00-0027029,0,0,-0.6613266505300999,NA,NA,NA,NA,NA,0.5301463603973389,-53.01463603973389,2011,Go for it,NA,NA,NA,NA,NA,NA,NA,NA,NA,NA,Punt,Go for it,Andy Reid,Mike Shanahan,14:54,NA,NA,NA,NA,NA,NA,NA,NA,NA,NA
135,2011_06_PHI_WAS,2011101603,WAS,PHI,REG,6,PHI,away,WAS,PHI,85,2011-10-16,854,1754,3554,Half1,0,1,0,1,3,0,14:14,PHI 15,15,-5,(14:14) (Shotgun) 7-M.Vick pass incomplete short middle to 87-B.Celek.,pass,0,1,0,1,0,0,0,short,middle,6,NA,NA,NA,NA,NA,NA,NA,3,3,0,NA,NA,NA,NA,3,3,0,0,0,0,0,0,0,0,0.006439670920372009,0.2840953767299652,0.007016701623797417,0.392330527305603,0.127620667219162,0.0033436701633036137,0.17915336787700653,0,0,-1.9690103074535728,-0.848690283484757,2.8280587233603,-2.8280587233603,0.6613266505300999,-0.6613266505300999,1.4098259024322033,-1.4098259024322033,-0.44076269678771496,-0.407927586697042,0,0,0,0,0,0,-2.4972093575634062,2.4972093575634062,3.9070352599956095,-3.9070352599956095,0.36519038677215576,0.6348096132278442,0.6348096132278442,0.36519038677215576,-0.029222875833511353,-0.07625570893287659,0.07625570893287659,0.6640324890613556,0.3359675109386444,0.5341652035713196,0.4658347964286804,0.024787455797195435,-0.024787455797195435,0.04202553629875183,-0.04202553629875183,0,-0.029222875833511353,0,0,0,0,0,0,0,0,0.04202553629875183,-0.04202553629875183,0,0,0,0,0,1,0,0,1,0,0,0,0,0,0,0,0,0,0,0,0,0,0,0,0,0,0,0,0,0,0,0,0,1,0,0,0,0,0,0,0,0,0,0,0,0,0,0,0,0,0,00-0020245,M.Vick,NA,00-0025549,B.Celek,NA,NA,NA,NA,NA,NA,NA,NA,NA,NA,NA,NA,NA,NA,NA,NA,NA,NA,NA,NA,NA,NA,NA,NA,NA,NA,NA,NA,NA,NA,NA,NA,NA,NA,NA,NA,NA,NA,NA,NA,NA,NA,NA,NA,NA,NA,NA,NA,NA,NA,NA,NA,NA,NA,NA,NA,NA,NA,NA,NA,NA,NA,NA,NA,0,NA,NA,NA,NA,NA,NA,NA,NA,NA,NA,NA,NA,NA,NA,NA,NA,NA,NA,NA,NA,NA,NA,NA,NA,NA,NA,NA,NA,NA,NA,NA,0,NA,NA,NA,NA,0,NA,NA,0,0,0,0,NA,NA,2011,0.7549009919166565,-75.49009919166565,1,0,Punt,135,"10/16/11, 13:03:12",2011-10-16T17:05:53Z,Commanders Field,"Sunny Temp: 68° F, Humidity: 26%, Wind: WSW 7 mph",10012011-1016-039d-ee8c-bc7446e5f587,0,0,PASS,0,NA,NA,NA,1,Punt,2011-10-16T17:03:12Z,3,1:05,0,0,0,1,1,-5,KICKOFF,PUNT,15:00,13:55,PHI 20,PHI 15,46,169,20,13,Home,-7,33,-3,46.5,1,outdoors,grass,68,7,Mike Shanahan,Andy Reid,WAS00,FedExField,0,0,M.Vick,7,NA,NA,B.Celek,87,1,0,0,0,1,00-0020245,NA,00-0025549,M.Vick,7,00-0020245,B.Celek,00-0025549,B.Celek,00-0025549,0,0,-0.848690283484757,0.7271861079881924,4.621987561091373,3,0.4578746223123744,0.12643215444404632,0.9117788672447205,8.822113275527954,2011,Go for it,NA,NA,NA,NA,NA,NA,NA,NA,NA,NA,Punt,Go for it,Andy Reid,Mike Shanahan,14:14,NA,NA,NA,NA,NA,NA,NA,NA,NA,NA
169,2011_06_PHI_WAS,2011101603,WAS,PHI,REG,6,PHI,away,WAS,PHI,85,2011-10-16,847,1747,3547,Half1,0,1,0,1,4,0,14:07,PHI 15,15,-5,"(14:07) 8-C.Henry punts 46 yards to WAS 39, Center-46-J.Dorenbos. 16-B.Banks to WAS 41 for 2 yards (56-A.Jordan). PENALTY on PHI-82-C.Harbor, Face Mask (15 Yards), 15 yards, enforced at WAS 41.",punt,0,0,0,0,0,0,0,NA,NA,NA,NA,NA,NA,NA,46,NA,NA,3,3,0,NA,NA,NA,NA,3,3,0,0,0,0,0,0,0,0,0.006229247897863388,0.3184951841831207,0.00905519723892212,0.4361051023006439,0.09658756107091904,0.0031651463359594345,0.1303625851869583,0,0,-2.8177005909383297,-0.34991403366439044,3.1779727570246905,-3.1779727570246905,0.6613266505300999,-0.6613266505300999,1.4098259024322033,-1.4098259024322033,NA,NA,0,0,0,0,0,0,-2.4972093575634062,2.4972093575634062,3.9070352599956095,-3.9070352599956095,0.3359675109386444,0.6640324890613556,0.6640324890613556,0.3359675109386444,0.009185343980789185,0.04907098412513733,-0.04907098412513733,0.6548471450805664,0.3451528549194336,0.457909494638443,0.542090505361557,0.024787455797195435,-0.024787455797195435,0.04202553629875183,-0.04202553629875183,NA,NA,0,0,0,0,0,0,0,0,0.04202553629875183,-0.04202553629875183,0,0,0,0,0,0,0,0,0,0,0,0,0,0,0,0,0,0,0,0,0,0,0,0,1,0,1,0,0,0,0,0,0,0,0,0,0,0,0,0,0,0,0,1,0,0,0,0,0,0,0,NA,NA,NA,NA,NA,NA,NA,NA,NA,NA,NA,NA,NA,NA,NA,NA,NA,NA,NA,NA,NA,00-0027618,B.Banks,NA,NA,NA,NA,NA,NA,00-0028427,C.Henry,NA,NA,NA,NA,NA,NA,NA,NA,NA,NA,NA,NA,NA,NA,NA,NA,NA,NA,NA,NA,PHI,NA,00-0025719,NA,A.Jordan,NA,NA,NA,NA,NA,NA,NA,NA,NA,NA,NA,NA,NA,0,NA,NA,NA,NA,NA,NA,NA,NA,NA,NA,NA,NA,NA,NA,NA,NA,NA,NA,NA,NA,NA,NA,NA,NA,NA,NA,NA,NA,NA,NA,WAS,2,PHI,00-0027725,C.Harbor,15,0,NA,Face Mask,0,0,0,0,NA,NA,2011,NA,NA,1,0,Punt,169,"10/16/11, 13:03:12",2011-10-16T17:06:38Z,Commanders Field,"Sunny Temp: 68° F, Humidity: 26%, Wind: WSW 7 mph",10012011-1016-039d-ee8c-bc7446e5f587,0,0,PUNT,1,NA,NA,NA,1,Punt,2011-10-16T17:03:12Z,3,1:05,0,0,0,1,1,-5,KICKOFF,PUNT,15:00,13:55,PHI 20,PHI 15,46,169,20,13,Home,-7,33,-3,46.5,1,outdoors,grass,68,7,Mike Shanahan,Andy Reid,WAS00,FedExField,0,0,NA,NA,NA,NA,NA,NA,0,0,0,1,0,NA,NA,NA,NA,NA,NA,NA,NA,NA,NA,0,0,-0.34991403366439044,NA,NA,NA,NA,NA,NA,NA,2011,Punt,-10.164505102015376,0.11169043393601896,0.710951685909652,0.47581965240943386,0.6846896743150142,0,0.7000962495803833,0.8709303624927998,0.7000962495803833,0.7863347253351679,Punt,Punt,Andy Reid,Mike Shanahan,14:07,0,0,68,11,71,48,79,70,87,70
205,2011_06_PHI_WAS,2011101603,WAS,PHI,REG,6,WAS,home,PHI,PHI,44,2011-10-16,835,1735,3535,Half1,0,2,0,1,1,0,13:55,PHI 44,10,6,(13:55) 8-R.Grossman pass short left to 83-F.Davis to PHI 32 for 12 yards (29-N.Allen).,pass,12,0,0,1,0,0,0,short,left,-1,13,NA,NA,NA,NA,NA,NA,3,3,0,NA,NA,NA,NA,3,3,0,0,0,0,0,0,0,0,0.005604494828730822,0.08488699048757553,0.0012236369075253606,0.11443150043487549,0.32637178897857666,0.005148629192262888,0.46233296394348145,0,0,3.16761462460272,0.8257717578671873,4.003744514891878,-4.003744514891878,0.6613266505300999,-0.6613266505300999,2.2355976602993906,-2.2355976602993906,-0.7386891955975443,1.5644609534647316,-0.7386891955975443,1.5644609534647316,-0.7386891955975443,0.7386891955975443,1.5644609534647316,-1.5644609534647316,-3.2358985531609505,3.2358985531609505,5.471496213460341,-5.471496213460341,0.6548471450805664,0.3451528549194336,0.6548471450805664,0.3451528549194336,0.043993353843688965,0.02572709321975708,0.02572709321975708,0.6988404989242554,0.30115950107574463,0.4930195212364197,0.4930195212364197,0.024787455797195435,-0.024787455797195435,0.0860188901424408,-0.0860188901424408,0,0.043993353843688965,0,0.043993353843688965,0,0,0.043993353843688965,-0.043993353843688965,0,0,0.0860188901424408,-0.0860188901424408,0,0,1,0,0,0,0,0,0,0,0,0,0,0,0,0,0,0,0,0,0,0,0,0,1,0,0,0,0,0,0,0,0,1,0,0,0,0,0,0,0,0,0,0,0,1,0,0,0,0,0,00-0022121,R.Grossman,12,00-0026188,F.Davis,12,NA,NA,NA,NA,NA,NA,NA,NA,NA,NA,NA,NA,NA,NA,NA,NA,NA,NA,NA,NA,NA,NA,NA,NA,NA,NA,NA,NA,NA,NA,NA,NA,NA,NA,NA,NA,NA,NA,NA,NA,NA,NA,NA,NA,NA,PHI,NA,00-0027652,NA,N.Allen,NA,NA,NA,NA,NA,NA,NA,NA,NA,NA,NA,NA,NA,0,NA,NA,NA,NA,NA,NA,NA,NA,NA,NA,NA,NA,NA,NA,NA,NA,NA,NA,NA,NA,NA,NA,NA,NA,NA,NA,NA,NA,NA,NA,NA,0,NA,NA,NA,NA,0,NA,NA,0,0,0,0,NA,NA,2011,0.8369107842445374,16.308921575546265,2,1,First down,205,"10/16/11, 13:03:12",2011-10-16T17:07:51Z,Commanders Field,"Sunny Temp: 68° F, Humidity: 26%, Wind: WSW 7 mph",10012011-1016-039d-ee8c-bc7446e5f587,0,0,PASS,0,NA,NA,NA,2,Turnover,2011-10-16T17:07:51Z,4,1:53,1,0,0,1,1,-10,PUNT,INTERCEPTION,13:55,12:02,PHI 44,PHI 38,205,304,20,13,Home,-7,33,-3,46.5,1,outdoors,grass,68,7,Mike Shanahan,Andy Reid,WAS00,FedExField,0,1,R.Grossman,8,NA,NA,F.Davis,83,1,0,1,0,1,00-0022121,NA,00-0026188,R.Grossman,8,00-0022121,F.Davis,00-0026188,F.Davis,00-0026188,0,0,0.8257717578671873,0.9047403428018996,7.71125983496313,6,0.5712151766056195,0.22497394087258726,0.397862046957016,60.2137953042984,2011,Go for it,NA,NA,NA,NA,NA,NA,NA,NA,NA,NA,Punt,Go for it,Andy Reid,Mike Shanahan,13:55,NA,NA,NA,NA,NA,NA,NA,NA,NA,NA
229,2011_06_PHI_WAS,2011101603,WAS,PHI,REG,6,WAS,home,PHI,PHI,32,2011-10-16,799,1699,3499,Half1,0,2,0,1,1,0,13:19,PHI 32,10,6,"(13:19) 46-R.Torain right end to PHI 28 for 4 yards (59-B.Rolle; 42-K.Coleman). PENALTY on WAS-71-T.Williams, Offensive Holding, 10 yards, enforced at PHI 32 - No Play.",no_play,0,0,0,0,0,0,0,NA,NA,NA,NA,NA,NA,NA,NA,NA,NA,3,3,0,NA,NA,NA,NA,3,3,0,0,0,0,0,0,0,0,0.0032412908039987087,0.0527181476354599,7.217541569843888e-4,0.06501756608486176,0.38121455907821655,0.003028555540367961,0.4940580725669861,0,0,3.9933863824699074,-1.0162573419511318,2.987487172940746,-2.987487172940746,0.6613266505300999,-0.6613266505300999,2.2355976602993906,-2.2355976602993906,NA,NA,0,0,-0.7386891955975443,0.7386891955975443,1.5644609534647316,-1.5644609534647316,-3.2358985531609505,3.2358985531609505,5.471496213460341,-5.471496213460341,0.6988404989242554,0.30115950107574463,0.6988404989242554,0.30115950107574463,-0.04561203718185425,-0.05390942096710205,-0.05390942096710205,0.6532284617424011,0.3467715382575989,0.5187466144561768,0.5187466144561768,0.024787455797195435,-0.024787455797195435,0.0860188901424408,-0.0860188901424408,NA,NA,0,0,0,0,0.043993353843688965,-0.043993353843688965,0,0,0.0860188901424408,-0.0860188901424408,0,0,0,0,0,0,0,0,0,0,0,0,0,0,0,0,0,0,0,0,0,0,0,0,0,0,1,0,0,0,0,0,0,0,0,0,0,0,0,0,0,0,0,0,0,0,0,0,0,0,0,NA,NA,NA,NA,NA,NA,NA,NA,NA,NA,NA,NA,NA,NA,NA,NA,NA,NA,NA,NA,NA,NA,NA,NA,NA,NA,NA,NA,NA,NA,NA,NA,NA,NA,NA,NA,NA,NA,NA,NA,NA,NA,NA,NA,NA,NA,NA,NA,NA,NA,NA,NA,NA,NA,NA,NA,NA,NA,NA,NA,NA,NA,NA,NA,NA,NA,NA,NA,NA,0,NA,NA,NA,NA,NA,NA,NA,NA,NA,NA,NA,NA,NA,NA,NA,NA,NA,NA,NA,NA,NA,NA,NA,NA,NA,NA,NA,NA,NA,NA,NA,0,WAS,00-0027857,T.Williams,10,0,NA,Offensive Holding,0,0,0,0,NA,NA,2011,NA,NA,3,0,Turnover,229,"10/16/11, 13:03:12",2011-10-16T17:08:27Z,Commanders Field,"Sunny Temp: 68° F, Humidity: 26%, Wind: WSW 7 mph",10012011-1016-039d-ee8c-bc7446e5f587,0,0,PENALTY,0,NA,NA,NA,2,Turnover,2011-10-16T17:07:51Z,4,1:53,1,0,0,1,1,-10,PUNT,INTERCEPTION,13:55,12:02,PHI 44,PHI 38,205,304,20,13,Home,-7,33,-3,46.5,1,outdoors,grass,68,7,Mike Shanahan,Andy Reid,WAS00,FedExField,0,0,NA,NA,R.Torain,46,NA,NA,0,1,0,0,1,NA,00-0026279,NA,R.Torain,46,00-0026279,NA,NA,R.Torain,00-0026279,0,0,-1.0162573419511318,NA,NA,NA,NA,NA,0.3837873339653015,-38.37873339653015,2011,Other,NA,NA,NA,NA,NA,NA,NA,NA,NA,NA,Punt,Go for it (Penalty),Andy Reid,Mike Shanahan,13:19,NA,NA,NA,NA,NA,NA,NA,NA,NA,NA
261,2011_06_PHI_WAS,2011101603,WAS,PHI,REG,6,WAS,home,PHI,PHI,42,2011-10-16,777,1677,3477,Half1,0,2,0,1,1,0,12:57,PHI 42,20,6,(12:57) 46-R.Torain left tackle to PHI 38 for 4 yards (42-K.Coleman; 59-B.Rolle).,run,4,0,0,0,0,0,0,NA,NA,NA,NA,left,tackle,NA,NA,NA,NA,3,3,0,NA,NA,NA,NA,3,3,0,0,0,0,0,0,0,0,0.005084103439003229,0.09098553657531738,0.001557901850901544,0.11822009086608887,0.34267982840538025,0.00752106262370944,0.4339514970779419,0,0,2.9771290405187756,-0.2863210898358375,2.7011660831049085,-2.7011660831049085,0.3750055606942624,-0.3750055606942624,2.2355976602993906,-2.2355976602993906,NA,NA,0,0,-0.7386891955975443,0.7386891955975443,1.5644609534647316,-1.5644609534647316,-3.2358985531609505,3.2358985531609505,5.471496213460341,-5.471496213460341,0.6532284617424011,0.3467715382575989,0.6532284617424011,0.3467715382575989,0.033102571964263916,0.010866165161132812,0.010866165161132812,0.686331033706665,0.31366896629333496,0.4648371934890747,0.4648371934890747,0.05789002776145935,-0.05789002776145935,0.0860188901424408,-0.0860188901424408,NA,NA,0,0,0,0,0.043993353843688965,-0.043993353843688965,0,0,0.0860188901424408,-0.0860188901424408,0,0,0,0,0,0,0,0,0,0,0,0,0,0,0,0,0,0,0,0,0,0,0,0,0,0,0,0,0,0,0,0,1,0,0,0,0,0,0,0,0,0,0,0,0,0,1,0,0,0,0,NA,NA,NA,NA,NA,NA,00-0026279,R.Torain,4,NA,NA,NA,NA,NA,NA,NA,NA,NA,NA,NA,NA,NA,NA,NA,NA,NA,NA,NA,NA,NA,NA,NA,NA,NA,NA,NA,NA,NA,NA,NA,NA,NA,NA,NA,NA,NA,NA,NA,NA,NA,NA,NA,NA,NA,NA,NA,NA,00-0027835,K.Coleman,PHI,00-0028131,B.Rolle,PHI,NA,NA,NA,NA,NA,NA,0,NA,NA,NA,NA,NA,NA,NA,NA,NA,NA,NA,NA,NA,NA,NA,NA,NA,NA,NA,NA,NA,NA,NA,NA,NA,NA,NA,NA,NA,NA,NA,0,NA,NA,NA,NA,0,NA,NA,0,0,0,0,NA,NA,2011,NA,NA,3,0,Turnover,261,"10/16/11, 13:03:12",2011-10-16T17:09:20Z,Commanders Field,"Sunny Temp: 68° F, Humidity: 26%, Wind: WSW 7 mph",10012011-1016-039d-ee8c-bc7446e5f587,0,0,RUSH,0,NA,NA,NA,2,Turnover,2011-10-16T17:07:51Z,4,1:53,1,0,0,1,1,-10,PUNT,INTERCEPTION,13:55,12:02,PHI 44,PHI 38,205,304,20,13,Home,-7,33,-3,46.5,1,outdoors,grass,68,7,Mike Shanahan,Andy Reid,WAS00,FedExField,0,0,NA,NA,R.Torain,46,NA,NA,0,1,0,0,1,NA,00-0026279,NA,R.Torain,46,00-0026279,R.Torain,00-0026279,R.Torain,00-0026279,0,0,-0.2863210898358375,NA,NA,NA,NA,NA,0.6339530944824219,-63.39530944824219,2011,Go for it,NA,NA,NA,NA,NA,NA,NA,NA,NA,NA,Punt,Go for it,Andy Reid,Mike Shanahan,12:57,NA,NA,NA,NA,NA,NA,NA,NA,NA,NA
282,2011_06_PHI_WAS,2011101603,WAS,PHI,REG,6,WAS,home,PHI,PHI,38,2011-10-16,736,1636,3436,Half1,0,2,0,1,2,0,12:16,PHI 38,16,6,(12:16) (Shotgun) 8-R.Grossman pass incomplete short left to 46-R.Torain.,pass,0,1,0,1,0,0,0,short,left,-4,NA,NA,NA,NA,NA,NA,NA,3,3,0,NA,NA,NA,NA,3,3,0,0,0,0,0,0,0,0,0.0053472863510251045,0.09153279662132263,0.0013530789874494076,0.12551730871200562,0.3860817849636078,0.008537158370018005,0.3816305696964264,0,0,2.690807950682938,-0.9987961710430682,1.7023699120618403,-1.7023699120618403,0.3750055606942624,-0.3750055606942624,1.2368014892563224,-1.2368014892563224,-1.287623195676133,0.28882702463306487,0,0,-0.7386891955975443,0.7386891955975443,1.5644609534647316,-1.5644609534647316,-4.523521748837084,4.523521748837084,5.760323238093406,-5.760323238093406,0.686331033706665,0.31366896629333496,0.686331033706665,0.31366896629333496,-0.028521418571472168,-0.012521862983703613,-0.012521862983703613,0.6578096151351929,0.34219038486480713,0.4757033586502075,0.4757033586502075,0.05789002776145935,-0.05789002776145935,0.05749747157096863,-0.05749747157096863,0,-0.028521418571472168,0,0,0,0,0.043993353843688965,-0.043993353843688965,0,0,0.05749747157096863,-0.05749747157096863,0,0,0,0,0,0,0,0,1,0,0,0,0,0,0,0,0,0,0,0,0,0,0,0,0,0,0,0,0,0,0,0,0,1,0,0,0,0,0,0,0,0,0,0,0,0,0,0,0,0,0,00-0022121,R.Grossman,NA,00-0026279,R.Torain,NA,NA,NA,NA,NA,NA,NA,NA,NA,NA,NA,NA,NA,NA,NA,NA,NA,NA,NA,NA,NA,NA,NA,NA,NA,NA,NA,NA,NA,NA,NA,NA,NA,NA,NA,NA,NA,NA,NA,NA,NA,NA,NA,NA,NA,NA,NA,NA,NA,NA,NA,NA,NA,NA,NA,NA,NA,NA,NA,NA,NA,NA,NA,NA,0,NA,NA,NA,NA,NA,NA,NA,NA,NA,NA,NA,NA,NA,NA,NA,NA,NA,NA,NA,NA,NA,NA,NA,NA,NA,NA,NA,NA,NA,NA,NA,0,NA,NA,NA,NA,0,NA,NA,0,0,0,0,NA,NA,2011,0.8451477885246277,-84.51477885246277,3,0,Turnover,282,"10/16/11, 13:03:12",2011-10-16T17:10:01Z,Commanders Field,"Sunny Temp: 68° F, Humidity: 26%, Wind: WSW 7 mph",10012011-1016-039d-ee8c-bc7446e5f587,0,0,PASS,0,NA,NA,NA,2,Turnover,2011-10-16T17:07:51Z,4,1:53,1,0,0,1,1,-10,PUNT,INTERCEPTION,13:55,12:02,PHI 44,PHI 38,205,304,20,13,Home,-7,33,-3,46.5,1,outdoors,grass,68,7,Mike Shanahan,Andy Reid,WAS00,FedExField,0,0,R.Grossman,8,NA,NA,R.Torain,46,1,0,0,0,1,00-0022121,NA,00-0026279,R.Grossman,8,00-0022121,R.Torain,00-0026279,R.Torain,00-0026279,0,0,-0.9987961710430682,1.3581317999628126,10.48462018041755,9,0.47803126327926293,0.11706789542222396,0.6868767738342285,31.31232261657715,2011,Go for it,NA,NA,NA,NA,NA,NA,NA,NA,NA,NA,Punt,Go for it,Andy Reid,Mike Shanahan,12:16,NA,NA,NA,NA,NA,NA,NA,NA,NA,NA
304,2011_06_PHI_WAS,2011101603,WAS,PHI,REG,6,WAS,home,PHI,PHI,38,2011-10-16,729,1629,3429,Half1,0,2,0,1,3,0,12:09,PHI 38,16,6,"(12:09) (Shotgun) 8-R.Grossman pass deep middle intended for 83-F.Davis INTERCEPTED by 42-K.Coleman [91-T.Laws] at PHI 3. 42-K.Coleman to PHI 3 for no gain (83-F.Davis). WAS-78-K.Lichtensteiger was injured during the play. His return is Questionable. PENALTY on WAS-71-T.Williams, Unnecessary Roughness, 15 yards, enforced at PHI 3. 78- Right Knee Injury",pass,0,1,0,1,0,0,0,deep,middle,35,NA,NA,NA,NA,NA,NA,NA,3,3,0,NA,NA,NA,NA,3,3,0,0,0,0,0,0,0,0,0.006347852759063244,0.12691332399845123,0.0015546975191682577,0.1712617576122284,0.38268816471099854,0.01040204893797636,0.3008321225643158,0,0,1.69201177963987,-1.66568384738639,0.036686064675450325,-0.036686064675450325,0.3750055606942624,-0.3750055606942624,-0.4288823581300676,0.4288823581300676,4.088398186548147,-5.754082033934537,0,0,-0.7386891955975443,0.7386891955975443,1.5644609534647316,-1.5644609534647316,-0.4351235622889362,0.4351235622889362,0.006241204158868641,-0.006241204158868641,0.6578096151351929,0.34219038486480713,0.6578096151351929,0.34219038486480713,-0.07983377575874329,-0.0301285982131958,-0.0301285982131958,0.5779758393764496,0.4220241606235504,0.4631814956665039,0.4631814956665039,0.05789002776145935,-0.05789002776145935,-0.022336304187774658,0.022336304187774658,0,-0.07983377575874329,0,0,0,0,0.043993353843688965,-0.043993353843688965,0,0,-0.022336304187774658,0.022336304187774658,0,0,0,0,0,1,0,0,0,0,1,0,0,0,0,0,0,0,0,0,0,0,0,0,1,0,1,0,0,0,0,1,0,1,0,0,0,0,0,0,0,0,0,0,0,0,0,0,0,0,0,00-0022121,R.Grossman,NA,00-0026188,F.Davis,NA,NA,NA,NA,NA,NA,NA,NA,NA,NA,NA,NA,00-0027835,K.Coleman,NA,NA,NA,NA,NA,NA,NA,NA,NA,NA,NA,NA,NA,NA,NA,NA,NA,NA,NA,NA,NA,NA,00-0026187,T.Laws,NA,NA,NA,NA,NA,NA,NA,NA,WAS,NA,00-0026188,NA,F.Davis,NA,NA,NA,NA,NA,NA,NA,NA,NA,NA,NA,NA,NA,0,NA,NA,NA,NA,NA,NA,00-0027835,K.Coleman,NA,NA,NA,NA,NA,NA,NA,NA,NA,NA,NA,NA,NA,NA,NA,NA,NA,NA,NA,NA,NA,NA,PHI,0,WAS,00-0027857,T.Williams,15,0,NA,Unnecessary Roughness,0,0,0,0,NA,NA,2011,0.22717732191085815,-22.717732191085815,3,0,Turnover,304,"10/16/11, 13:03:12",2011-10-16T17:10:45Z,Commanders Field,"Sunny Temp: 68° F, Humidity: 26%, Wind: WSW 7 mph",10012011-1016-039d-ee8c-bc7446e5f587,0,0,INTERCEPTION,0,NA,NA,NA,2,Turnover,2011-10-16T17:07:51Z,4,1:53,1,0,0,1,1,-10,PUNT,INTERCEPTION,13:55,12:02,PHI 44,PHI 38,205,304,20,13,Home,-7,33,-3,46.5,1,outdoors,grass,68,7,Mike Shanahan,Andy Reid,WAS00,FedExField,0,0,R.Grossman,8,NA,NA,F.Davis,83,1,0,0,0,1,00-0022121,NA,00-0026188,R.Grossman,8,00-0022121,F.Davis,00-0026188,F.Davis,00-0026188,0,0,-1.66568384738639,0.7998568128141352,1.882476652652258,2,1,1,0.9299394488334656,7.006055116653442,2011,Go for it,NA,NA,NA,NA,NA,NA,NA,NA,NA,NA,Punt,Go for it,Andy Reid,Mike Shanahan,12:09,NA,NA,NA,NA,NA,NA,NA,NA,NA,NA
353,2011_06_PHI_WAS,2011101603,WAS,PHI,REG,6,PHI,away,WAS,PHI,82,2011-10-16,722,1622,3422,Half1,0,3,0,1,1,0,12:02,PHI 18,10,82,"(12:02) (Shotgun) PENALTY on PHI-82-C.Harbor, False Start, 5 yards, enforced at PHI 18 - No Play.",no_play,0,1,0,0,0,0,0,NA,NA,NA,NA,NA,NA,NA,NA,NA,NA,3,3,0,NA,NA,NA,NA,3,3,0,0,0,0,0,0,0,0,0.00780559703707695,0.1847328245639801,0.0047932942397892475,0.30210623145103455,0.20803363621234894,0.003919783513993025,0.2886086106300354,0,0,-0.026327932253479958,-0.744842897169292,0.7815289618447423,-0.7815289618447423,0.3750055606942624,-0.3750055606942624,-0.4288823581300676,0.4288823581300676,NA,NA,0,0,-0.7386891955975443,0.7386891955975443,1.5644609534647316,-1.5644609534647316,-0.4351235622889362,0.4351235622889362,0.006241204158868641,-0.006241204158868641,0.4220241606235504,0.5779758393764496,0.5779758393764496,0.4220241606235504,-0.019435405731201172,-0.029847264289855957,0.029847264289855957,0.5974112451076508,0.40258875489234924,0.5669471025466919,0.4330528974533081,0.05789002776145935,-0.05789002776145935,-0.022336304187774658,0.022336304187774658,NA,NA,0,0,0,0,0.043993353843688965,-0.043993353843688965,0,0,-0.022336304187774658,0.022336304187774658,0,0,0,0,0,0,0,0,0,0,0,0,0,0,0,0,0,0,0,0,0,0,0,0,0,0,1,0,0,0,0,0,0,0,0,0,0,0,0,0,0,0,0,0,0,0,0,0,0,0,0,NA,NA,NA,NA,NA,NA,NA,NA,NA,NA,NA,NA,NA,NA,NA,NA,NA,NA,NA,NA,NA,NA,NA,NA,NA,NA,NA,NA,NA,NA,NA,NA,NA,NA,NA,NA,NA,NA,NA,NA,NA,NA,NA,NA,NA,NA,NA,NA,NA,NA,NA,NA,NA,NA,NA,NA,NA,NA,NA,NA,NA,NA,NA,NA,NA,NA,NA,NA,NA,0,NA,NA,NA,NA,NA,NA,NA,NA,NA,NA,NA,NA,NA,NA,NA,NA,NA,NA,NA,NA,NA,NA,NA,NA,NA,NA,NA,NA,NA,NA,NA,0,PHI,00-0027725,C.Harbor,5,0,NA,False Start,0,0,0,0,NA,NA,2011,NA,NA,4,1,First down,353,"10/16/11, 13:03:12",2011-10-16T17:14:15Z,Commanders Field,"Sunny Temp: 68° F, Humidity: 26%, Wind: WSW 7 mph",10012011-1016-039d-ee8c-bc7446e5f587,0,0,PENALTY,0,NA,NA,NA,3,Touchdown,2011-10-16T17:14:15Z,11,5:12,5,1,1,1,1,10,INTERCEPTION,TOUCHDOWN,12:02,06:50,PHI 18,WAS 7,353,726,20,13,Home,-7,33,-3,46.5,1,outdoors,grass,68,7,Mike Shanahan,Andy Reid,WAS00,FedExField,0,0,NA,NA,NA,NA,NA,NA,0,0,0,0,1,NA,NA,NA,NA,NA,NA,NA,NA,NA,NA,0,0,-0.744842897169292,NA,NA,NA,NA,NA,0.46780624985694885,NA,2011,Other,NA,NA,NA,NA,NA,NA,NA,NA,NA,NA,Punt,Other (Penalty),Andy Reid,Mike Shanahan,12:02,NA,NA,NA,NA,NA,NA,NA,NA,NA,NA
380,2011_06_PHI_WAS,2011101603,WAS,PHI,REG,6,PHI,away,WAS,PHI,87,2011-10-16,722,1622,3422,Half1,0,3,0,1,1,0,12:02,PHI 13,15,82,(12:02) 7-M.Vick pass short left to 25-L.McCoy to PHI 16 for 3 yards (52-R.McIntosh).,pass,3,0,0,1,0,0,0,short,left,-3,6,NA,NA,NA,NA,NA,NA,3,3,0,NA,NA,NA,NA,3,3,0,0,0,0,0,0,0,0,0.007198297884315252,0.22397874295711517,0.0075517878867685795,0.3338795602321625,0.1795695573091507,0.00408746674656868,0.24373461306095123,0,0,-0.7711708294227719,-0.19445295305922627,0.9759819149039686,-0.9759819149039686,0.3750055606942624,-0.3750055606942624,-0.2344294050708413,0.2344294050708413,-0.7295230529271066,0.5350700998678803,-0.7295230529271066,0.5350700998678803,-0.009166142670437694,0.009166142670437694,1.0293908535968512,-1.0293908535968512,0.2943994906381704,-0.2943994906381704,-0.5288288957090117,0.5288288957090117,0.40258875489234924,0.5974112451076508,0.5974112451076508,0.40258875489234924,-0.005871385335922241,0.012157917022705078,-0.012157917022705078,0.603282630443573,0.396717369556427,0.5370998382568359,0.46290016174316406,0.05789002776145935,-0.05789002776145935,-0.016464918851852417,0.016464918851852417,0,-0.005871385335922241,0,-0.005871385335922241,0,0,0.049864739179611206,-0.049864739179611206,0,0,-0.016464918851852417,0.016464918851852417,0,0,0,0,0,0,0,0,0,0,0,0,0,0,0,0,0,0,0,0,0,0,0,0,1,0,0,0,0,0,0,0,0,1,0,0,0,0,0,0,0,0,0,0,0,1,0,0,0,0,0,00-0020245,M.Vick,3,00-0027029,L.McCoy,3,NA,NA,NA,NA,NA,NA,NA,NA,NA,NA,NA,NA,NA,NA,NA,NA,NA,NA,NA,NA,NA,NA,NA,NA,NA,NA,NA,NA,NA,NA,NA,NA,NA,NA,NA,NA,NA,NA,NA,NA,NA,NA,NA,NA,NA,WAS,NA,00-0024250,NA,R.McIntosh,NA,NA,NA,NA,NA,NA,NA,NA,NA,NA,NA,NA,NA,0,NA,NA,NA,NA,NA,NA,NA,NA,NA,NA,NA,NA,NA,NA,NA,NA,NA,NA,NA,NA,NA,NA,NA,NA,NA,NA,NA,NA,NA,NA,NA,0,NA,NA,NA,NA,0,NA,NA,0,0,0,0,NA,NA,2011,0.8527430891990662,14.725691080093384,4,1,First down,380,"10/16/11, 13:03:12",2011-10-16T17:14:52Z,Commanders Field,"Sunny Temp: 68° F, Humidity: 26%, Wind: WSW 7 mph",10012011-1016-039d-ee8c-bc7446e5f587,0,0,PASS,0,NA,NA,NA,3,Touchdown,2011-10-16T17:14:15Z,11,5:12,5,1,1,1,1,10,INTERCEPTION,TOUCHDOWN,12:02,06:50,PHI 18,WAS 7,353,726,20,13,Home,-7,33,-3,46.5,1,outdoors,grass,68,7,Mike Shanahan,Andy Reid,WAS00,FedExField,0,0,M.Vick,7,NA,NA,L.McCoy,25,1,0,0,0,1,00-0020245,NA,00-0027029,M.Vick,7,00-0020245,L.McCoy,00-0027029,L.McCoy,00-0027029,0,0,-0.19445295305922627,1.0373281022261602,9.678531588288024,8,0.5654747147927992,0.09656928636832163,0.5138251781463623,48.61748218536377,2011,Go for it,NA,NA,NA,NA,NA,NA,NA,NA,NA,NA,Punt,Go for it,Andy Reid,Mike Shanahan,12:02,NA,NA,NA,NA,NA,NA,NA,NA,NA,NA
404,2011_06_PHI_WAS,2011101603,WAS,PHI,REG,6,PHI,away,WAS,PHI,84,2011-10-16,681,1581,3381,Half1,0,3,0,1,2,0,11:21,PHI 16,12,82,"(11:21) (Shotgun) 7-M.Vick Aborted. 62-J.Kelce FUMBLES at PHI 16, recovered by PHI-7-M.Vick at PHI 0. 7-M.Vick pass incomplete short left. PENALTY on WAS-52-R.McIntosh, Roughing the Passer, 15 yards, enforced at PHI 16 - No Play.",no_play,0,1,0,0,0,0,0,NA,NA,NA,NA,NA,NA,NA,NA,NA,NA,3,3,0,NA,NA,NA,NA,3,3,0,0,0,0,0,0,0,0,0.008130152709782124,0.23270556330680847,0.006470750086009502,0.34578844904899597,0.16620370745658875,0.003513435134664178,0.2371879369020462,0,0,-0.9656237824819982,1.8222167743369937,-0.8462348594330251,0.8462348594330251,0.3750055606942624,-0.3750055606942624,-0.2344294050708413,0.2344294050708413,NA,NA,0,0,-0.009166142670437694,0.009166142670437694,1.0293908535968512,-1.0293908535968512,0.2943994906381704,-0.2943994906381704,-0.5288288957090117,0.5288288957090117,0.396717369556427,0.603282630443573,0.603282630443573,0.396717369556427,0.03682887554168701,0.04991912841796875,-0.04991912841796875,0.566453754901886,0.433546245098114,0.549257755279541,0.450742244720459,0.05789002776145935,-0.05789002776145935,-0.016464918851852417,0.016464918851852417,NA,NA,0,0,0,0,0.049864739179611206,-0.049864739179611206,0,0,-0.016464918851852417,0.016464918851852417,0,0,0,1,0,0,0,0,0,0,0,0,0,0,0,0,0,0,0,0,0,0,0,0,0,0,1,0,0,0,0,0,0,0,0,0,0,0,0,0,0,0,0,0,0,0,0,0,0,0,0,NA,NA,NA,NA,NA,NA,NA,NA,NA,NA,NA,NA,NA,NA,NA,NA,NA,NA,NA,NA,NA,NA,NA,NA,NA,NA,NA,NA,NA,NA,NA,NA,NA,NA,NA,NA,NA,NA,NA,NA,NA,NA,NA,NA,NA,NA,NA,NA,NA,NA,NA,NA,NA,NA,NA,NA,NA,NA,NA,NA,NA,NA,NA,NA,NA,NA,NA,NA,NA,0,NA,NA,NA,NA,NA,NA,NA,NA,NA,NA,NA,NA,NA,NA,NA,NA,NA,NA,NA,NA,NA,NA,NA,NA,NA,NA,NA,NA,NA,NA,NA,0,WAS,00-0024250,R.McIntosh,15,0,NA,Roughing the Passer,0,0,0,0,NA,NA,2011,NA,NA,4,1,First down,404,"10/16/11, 13:03:12",2011-10-16T17:15:34Z,Commanders Field,"Sunny Temp: 68° F, Humidity: 26%, Wind: WSW 7 mph",10012011-1016-039d-ee8c-bc7446e5f587,0,0,PENALTY,0,NA,NA,NA,3,Touchdown,2011-10-16T17:14:15Z,11,5:12,5,1,1,1,1,10,INTERCEPTION,TOUCHDOWN,12:02,06:50,PHI 18,WAS 7,353,726,20,13,Home,-7,33,-3,46.5,1,outdoors,grass,68,7,Mike Shanahan,Andy Reid,WAS00,FedExField,1,1,M.Vick,7,NA,62,NA,NA,1,0,1,0,1,00-0020245,NA,NA,M.Vick,7,00-0020245,NA,NA,NA,NA,0,0,1.8222167743369937,NA,NA,NA,NA,NA,0.6595610976219177,34.04389023780823,2011,Other,NA,NA,NA,NA,NA,NA,NA,NA,NA,NA,Punt,Go for it (Penalty),Andy Reid,Mike Shanahan,11:21,NA,NA,NA,NA,NA,NA,NA,NA,NA,NA
651,2011_06_PHI_WAS,2011101603,WAS,PHI,REG,6,PHI,away,WAS,PHI,69,2011-10-16,681,1581,3381,Half1,0,3,0,1,1,0,11:21,PHI 31,10,82,(11:21) 7-M.Vick pass incomplete short right to 10-D.Jackson.,pass,0,0,0,1,0,0,0,short,right,0,NA,NA,NA,NA,NA,NA,NA,3,3,0,NA,NA,NA,NA,3,3,0,0,0,0,0,0,0,0,0.008441666141152382,0.15334874391555786,0.0038273935206234455,0.25204867124557495,0.2426816076040268,0.003394779982045293,0.3362571895122528,0,0,0.8565929918549955,-0.4949998608790338,-0.3512349985539913,0.3512349985539913,0.3750055606942624,-0.3750055606942624,0.2605704558081925,-0.2605704558081925,-0.4862245484255254,-0.008775312453508377,0,0,-0.009166142670437694,0.009166142670437694,1.0293908535968512,-1.0293908535968512,0.7806240390636958,-0.7806240390636958,-0.5200535832555033,0.5200535832555033,0.433546245098114,0.566453754901886,0.566453754901886,0.433546245098114,-0.017915993928909302,-0.013002932071685791,0.013002932071685791,0.5843697488307953,0.4156302511692047,0.5991768836975098,0.40082311630249023,0.05789002776145935,-0.05789002776145935,0.0014510750770568848,-0.0014510750770568848,0,-0.017915993928909302,0,0,0,0,0.049864739179611206,-0.049864739179611206,0,0,0.0014510750770568848,-0.0014510750770568848,0,0,0,0,0,0,0,0,1,0,0,0,0,0,0,0,0,0,0,0,0,0,0,0,0,0,0,0,0,0,0,0,0,1,0,0,0,0,0,0,0,0,0,0,0,0,0,0,0,0,0,00-0020245,M.Vick,NA,00-0026189,D.Jackson,NA,NA,NA,NA,NA,NA,NA,NA,NA,NA,NA,NA,NA,NA,NA,NA,NA,NA,NA,NA,NA,NA,NA,NA,NA,NA,NA,NA,NA,NA,NA,NA,NA,NA,NA,NA,NA,NA,NA,NA,NA,NA,NA,NA,NA,NA,NA,NA,NA,NA,NA,NA,NA,NA,NA,NA,NA,NA,NA,NA,NA,NA,NA,NA,0,NA,NA,NA,NA,NA,NA,NA,NA,NA,NA,NA,NA,NA,NA,NA,NA,NA,NA,NA,NA,NA,NA,NA,NA,NA,NA,NA,NA,NA,NA,NA,0,NA,NA,NA,NA,0,NA,NA,0,0,0,0,NA,NA,2011,0.6769058108329773,-67.69058108329773,5,1,First down,434,"10/16/11, 13:03:12",NA,Commanders Field,"Sunny Temp: 68° F, Humidity: 26%, Wind: WSW 7 mph",10012011-1016-039d-ee8c-bc7446e5f587,0,0,PASS,0,NA,NA,NA,3,Touchdown,2011-10-16T17:14:15Z,11,5:12,5,1,1,1,1,10,INTERCEPTION,TOUCHDOWN,12:02,06:50,PHI 18,WAS 7,353,726,20,13,Home,-7,33,-3,46.5,1,outdoors,grass,68,7,Mike Shanahan,Andy Reid,WAS00,FedExField,0,0,M.Vick,7,NA,NA,D.Jackson,10,1,0,0,0,1,00-0020245,NA,00-0026189,M.Vick,7,00-0020245,D.Jackson,00-0026189,D.Jackson,00-0026189,0,0,-0.4949998608790338,0.7771608748659742,6.961380056243797,6,0.5934862380381674,0.22048181644640863,0.4776192903518677,52.23807096481323,2011,Go for it,NA,NA,NA,NA,NA,NA,NA,NA,NA,NA,Punt,Go for it,Andy Reid,Mike Shanahan,11:21,NA,NA,NA,NA,NA,NA,NA,NA,NA,NA
464,2011_06_PHI_WAS,2011101603,WAS,PHI,REG,6,PHI,away,WAS,PHI,69,2011-10-16,669,1569,3369,Half1,0,3,0,1,2,0,11:09,PHI 31,10,82,(11:09) 7-M.Vick pass deep middle to 10-D.Jackson to WAS 46 for 23 yards (20-O.Atogwe).,pass,23,0,0,1,0,0,0,deep,middle,24,-1,NA,NA,NA,NA,NA,NA,3,3,0,NA,NA,NA,NA,3,3,0,0,0,0,0,0,0,0,0.008408409543335438,0.1683313101530075,0.004413521848618984,0.2820604741573334,0.22274823486804962,0.003334679640829563,0.3107033371925354,0,0,0.3615931309759617,2.153954685665667,-2.5051896842196584,2.5051896842196584,0.3750055606942624,-0.3750055606942624,-1.8933842298574746,1.8933842298574746,2.2359180052299052,-0.08196331956423819,2.2359180052299052,-0.08196331956423819,-2.245084147900343,2.245084147900343,1.1113541731610894,-1.1113541731610894,-1.4552939661662094,1.4552939661662094,-0.43809026369126514,0.43809026369126514,0.4156302511692047,0.5843697488307953,0.5843697488307953,0.4156302511692047,0.06448763608932495,0.030814409255981445,-0.030814409255981445,0.5198821127414703,0.48011788725852966,0.586173951625824,0.413826048374176,0.05789002776145935,-0.05789002776145935,-0.06303656101226807,0.06303656101226807,0,0.06448763608932495,0,0.06448763608932495,0,0,-0.014622896909713745,0.014622896909713745,0,0,-0.06303656101226807,0.06303656101226807,0,0,1,0,0,0,0,0,0,0,0,0,0,0,0,0,0,0,0,0,0,0,0,0,1,0,0,0,0,0,0,0,0,1,0,0,0,0,0,0,0,0,0,0,0,1,0,0,0,0,0,00-0020245,M.Vick,23,00-0026189,D.Jackson,23,NA,NA,NA,NA,NA,NA,NA,NA,NA,NA,NA,NA,NA,NA,NA,NA,NA,NA,NA,NA,NA,NA,NA,NA,NA,NA,NA,NA,NA,NA,NA,NA,NA,NA,NA,NA,NA,NA,NA,NA,NA,NA,NA,NA,NA,WAS,NA,00-0023501,NA,O.Atogwe,NA,NA,NA,NA,NA,NA,NA,NA,NA,NA,NA,NA,NA,0,NA,NA,NA,NA,NA,NA,NA,NA,NA,NA,NA,NA,NA,NA,NA,NA,NA,NA,NA,NA,NA,NA,NA,NA,NA,NA,NA,NA,NA,NA,NA,0,NA,NA,NA,NA,0,NA,NA,0,0,0,0,NA,NA,2011,0.45143166184425354,54.856833815574646,5,1,First down,464,"10/16/11, 13:03:12",2011-10-16T17:17:39Z,Commanders Field,"Sunny Temp: 68° F, Humidity: 26%, Wind: WSW 7 mph",10012011-1016-039d-ee8c-bc7446e5f587,0,0,PASS,0,NA,NA,NA,3,Touchdown,2011-10-16T17:14:15Z,11,5:12,5,1,1,1,1,10,INTERCEPTION,TOUCHDOWN,12:02,06:50,PHI 18,WAS 7,353,726,20,13,Home,-7,33,-3,46.5,1,outdoors,grass,68,7,Mike Shanahan,Andy Reid,WAS00,FedExField,0,1,M.Vick,7,NA,NA,D.Jackson,10,1,0,1,0,1,00-0020245,NA,00-0026189,M.Vick,7,00-0020245,D.Jackson,00-0026189,D.Jackson,00-0026189,0,0,2.153954685665667,0.49985720857865834,6.633662282547448,3,1,1,0.4991969168186188,50.08030831813812,2011,Go for it,NA,NA,NA,NA,NA,NA,NA,NA,NA,NA,Punt,Go for it,Andy Reid,Mike Shanahan,11:09,NA,NA,NA,NA,NA,NA,NA,NA,NA,NA
488,2011_06_PHI_WAS,2011101603,WAS,PHI,REG,6,PHI,away,WAS,WAS,46,2011-10-16,628,1528,3328,Half1,0,3,0,1,1,0,10:28,WAS 46,10,82,"(10:28) (Shotgun) Direct snap to 25-L.McCoy. 25-L.McCoy right end to WAS 45 for 1 yard (22-K.Barnes, 91-R.Kerrigan).",run,1,1,0,0,0,0,0,NA,NA,NA,NA,right,end,NA,NA,NA,NA,3,3,0,NA,NA,NA,NA,3,3,0,0,0,0,0,0,0,0,0.006794183049350977,0.0936567485332489,0.0015093684196472168,0.15598967671394348,0.3204561471939087,0.00421229237690568,0.4173816442489624,0,0,2.5155478166416287,-0.4332856994587928,-2.0719039847608656,2.0719039847608656,0.8082912601530552,-0.8082912601530552,-1.8933842298574746,1.8933842298574746,NA,NA,0,0,-2.245084147900343,2.245084147900343,1.1113541731610894,-1.1113541731610894,-1.4552939661662094,1.4552939661662094,-0.43809026369126514,0.43809026369126514,0.48011788725852966,0.5198821127414703,0.5198821127414703,0.48011788725852966,-0.018271327018737793,0.013177156448364258,-0.013177156448364258,0.5381534397602081,0.46184656023979187,0.6169883608818054,0.3830116391181946,0.07616135478019714,-0.07616135478019714,-0.06303656101226807,0.06303656101226807,NA,NA,0,0,0,0,-0.014622896909713745,0.014622896909713745,0,0,-0.06303656101226807,0.06303656101226807,0,0,0,0,0,0,0,0,0,0,0,0,0,0,0,0,0,0,0,0,0,0,0,0,0,0,0,0,0,0,0,0,1,0,0,0,0,0,0,0,0,0,0,0,0,0,1,0,0,0,0,NA,NA,NA,NA,NA,NA,00-0027029,L.McCoy,1,NA,NA,NA,NA,NA,NA,NA,NA,NA,NA,NA,NA,NA,NA,NA,NA,NA,NA,NA,NA,NA,NA,NA,NA,NA,NA,NA,NA,NA,NA,NA,NA,NA,NA,NA,NA,NA,NA,NA,NA,NA,NA,NA,NA,NA,NA,NA,NA,00-0027954,R.Kerrigan,WAS,NA,NA,NA,NA,NA,NA,NA,NA,NA,1,00-0027054,K.Barnes,WAS,NA,NA,NA,NA,NA,NA,NA,NA,NA,NA,NA,NA,NA,NA,NA,NA,NA,NA,NA,NA,NA,NA,NA,NA,NA,NA,NA,NA,0,NA,NA,NA,NA,0,NA,NA,0,0,0,0,NA,NA,2011,NA,NA,6,1,First down,488,"10/16/11, 13:03:12",2011-10-16T17:18:20Z,Commanders Field,"Sunny Temp: 68° F, Humidity: 26%, Wind: WSW 7 mph",10012011-1016-039d-ee8c-bc7446e5f587,0,0,RUSH,0,NA,NA,NA,3,Touchdown,2011-10-16T17:14:15Z,11,5:12,5,1,1,1,1,10,INTERCEPTION,TOUCHDOWN,12:02,06:50,PHI 18,WAS 7,353,726,20,13,Home,-7,33,-3,46.5,1,outdoors,grass,68,7,Mike Shanahan,Andy Reid,WAS00,FedExField,0,0,NA,NA,L.McCoy,25,NA,25,0,1,0,0,1,NA,00-0027029,NA,L.McCoy,25,00-0027029,L.McCoy,00-0027029,L.McCoy,00-0027029,0,0,-0.4332856994587928,NA,NA,NA,NA,NA,0.46581318974494934,-46.581318974494934,2011,Go for it,NA,NA,NA,NA,NA,NA,NA,NA,NA,NA,Punt,Go for it,Andy Reid,Mike Shanahan,10:28,NA,NA,NA,NA,NA,NA,NA,NA,NA,NA
511,2011_06_PHI_WAS,2011101603,WAS,PHI,REG,6,PHI,away,WAS,WAS,45,2011-10-16,586,1486,3286,Half1,0,3,0,1,2,0,09:46,WAS 45,9,82,(9:46) (Shotgun) 25-L.McCoy up the middle to WAS 38 for 7 yards (52-R.McIntosh; 59-L.Fletcher).,run,7,1,0,0,0,0,0,NA,NA,NA,NA,middle,NA,NA,NA,NA,NA,3,3,0,NA,NA,NA,NA,3,3,0,0,0,0,0,0,0,0,0.007440636865794659,0.10662012547254562,0.0015685317339375615,0.1749723106622696,0.32813772559165955,0.004634391516447067,0.37662625312805176,0,0,2.082262117182836,0.2072331930976361,-2.2791371778585017,2.2791371778585017,0.6010580670554191,-0.6010580670554191,-1.8933842298574746,1.8933842298574746,NA,NA,0,0,-2.245084147900343,2.245084147900343,1.1113541731610894,-1.1113541731610894,-1.4552939661662094,1.4552939661662094,-0.43809026369126514,0.43809026369126514,0.46184656023979187,0.5381534397602081,0.5381534397602081,0.46184656023979187,0.03759056329727173,0.011172354221343994,-0.011172354221343994,0.5005628764629364,0.4994371235370636,0.6301655173301697,0.3698344826698303,0.038570791482925415,-0.038570791482925415,-0.06303656101226807,0.06303656101226807,NA,NA,0,0,0,0,-0.014622896909713745,0.014622896909713745,0,0,-0.06303656101226807,0.06303656101226807,0,0,0,0,0,0,0,0,0,0,0,0,0,0,0,0,0,0,0,0,0,0,0,0,0,0,0,0,0,0,0,0,1,0,0,0,0,0,0,0,0,0,0,0,0,0,1,0,0,0,0,NA,NA,NA,NA,NA,NA,00-0027029,L.McCoy,7,NA,NA,NA,NA,NA,NA,NA,NA,NA,NA,NA,NA,NA,NA,NA,NA,NA,NA,NA,NA,NA,NA,NA,NA,NA,NA,NA,NA,NA,NA,NA,NA,NA,NA,NA,NA,NA,NA,NA,NA,NA,NA,NA,NA,NA,NA,NA,NA,00-0024250,R.McIntosh,WAS,00-0005322,L.Fletcher,WAS,NA,NA,NA,NA,NA,NA,0,NA,NA,NA,NA,NA,NA,NA,NA,NA,NA,NA,NA,NA,NA,NA,NA,NA,NA,NA,NA,NA,NA,NA,NA,NA,NA,NA,NA,NA,NA,NA,0,NA,NA,NA,NA,0,NA,NA,0,0,0,0,NA,NA,2011,NA,NA,6,1,First down,511,"10/16/11, 13:03:12",2011-10-16T17:19:02Z,Commanders Field,"Sunny Temp: 68° F, Humidity: 26%, Wind: WSW 7 mph",10012011-1016-039d-ee8c-bc7446e5f587,0,0,RUSH,0,NA,NA,NA,3,Touchdown,2011-10-16T17:14:15Z,11,5:12,5,1,1,1,1,10,INTERCEPTION,TOUCHDOWN,12:02,06:50,PHI 18,WAS 7,353,726,20,13,Home,-7,33,-3,46.5,1,outdoors,grass,68,7,Mike Shanahan,Andy Reid,WAS00,FedExField,0,1,NA,NA,L.McCoy,25,NA,NA,0,1,0,0,1,NA,00-0027029,NA,L.McCoy,25,00-0027029,L.McCoy,00-0027029,L.McCoy,00-0027029,0,0,0.2072331930976361,NA,NA,NA,NA,NA,0.665881335735321,-66.5881335735321,2011,Go for it,NA,NA,NA,NA,NA,NA,NA,NA,NA,NA,Punt,Go for it,Andy Reid,Mike Shanahan,9:46,NA,NA,NA,NA,NA,NA,NA,NA,NA,NA
539,2011_06_PHI_WAS,2011101603,WAS,PHI,REG,6,PHI,away,WAS,WAS,38,2011-10-16,544,1444,3244,Half1,0,3,0,1,3,0,09:04,WAS 38,2,82,(9:04) (Shotgun) 7-M.Vick pass incomplete short middle to 87-B.Celek (59-L.Fletcher) [96-B.Cofield].,pass,0,1,0,1,0,0,0,short,middle,8,NA,NA,NA,NA,NA,NA,NA,3,3,0,NA,NA,NA,NA,3,3,0,0,0,0,0,0,0,0,0.007691778242588043,0.09890220314264297,0.001441629370674491,0.1659403294324875,0.3269921541213989,0.004706487990915775,0.3943254351615906,0,0,2.289495310280472,-1.9518755343742669,-0.3272616434842348,0.3272616434842348,0.6010580670554191,-0.6010580670554191,0.0584913045167923,-0.0584913045167923,1.3698450132505968,-3.3217205476248637,0,0,-2.245084147900343,2.245084147900343,1.1113541731610894,-1.1113541731610894,-2.8251389794168063,2.8251389794168063,2.8836302839335985,-2.8836302839335985,0.4994371235370636,0.5005628764629364,0.5005628764629364,0.4994371235370636,-0.04651004076004028,-0.03851950168609619,0.03851950168609619,0.5470729172229767,0.4529270827770233,0.6413378715515137,0.35866212844848633,0.038570791482925415,-0.038570791482925415,-0.016526520252227783,0.016526520252227783,0,-0.04651004076004028,0,0,0,0,-0.014622896909713745,0.014622896909713745,0,0,-0.016526520252227783,0.016526520252227783,0,0,0,0,0,1,0,0,1,0,0,0,0,0,0,0,0,0,0,0,0,0,0,0,0,0,0,0,0,0,0,1,0,1,0,0,0,0,0,0,0,0,0,0,0,0,0,0,0,0,0,00-0020245,M.Vick,NA,00-0025549,B.Celek,NA,NA,NA,NA,NA,NA,NA,NA,NA,NA,NA,NA,NA,NA,NA,NA,NA,NA,NA,NA,NA,NA,NA,NA,NA,NA,NA,NA,NA,NA,NA,NA,NA,NA,NA,NA,00-0024339,B.Cofield,NA,NA,NA,NA,NA,NA,NA,NA,NA,NA,NA,NA,NA,NA,NA,NA,NA,NA,NA,NA,NA,NA,NA,NA,NA,NA,0,NA,NA,NA,NA,NA,NA,00-0005322,L.Fletcher,NA,NA,NA,NA,NA,NA,NA,NA,NA,NA,NA,NA,NA,NA,NA,NA,NA,NA,NA,NA,NA,NA,NA,0,NA,NA,NA,NA,0,NA,NA,0,0,0,0,NA,NA,2011,0.422904908657074,-42.2904908657074,6,1,First down,539,"10/16/11, 13:03:12",2011-10-16T17:19:44Z,Commanders Field,"Sunny Temp: 68° F, Humidity: 26%, Wind: WSW 7 mph",10012011-1016-039d-ee8c-bc7446e5f587,0,0,PASS,0,NA,NA,NA,3,Touchdown,2011-10-16T17:14:15Z,11,5:12,5,1,1,1,1,10,INTERCEPTION,TOUCHDOWN,12:02,06:50,PHI 18,WAS 7,353,726,20,13,Home,-7,33,-3,46.5,1,outdoors,grass,68,7,Mike Shanahan,Andy Reid,WAS00,FedExField,0,0,M.Vick,7,NA,NA,B.Celek,87,1,0,0,0,1,00-0020245,NA,00-0025549,M.Vick,7,00-0020245,B.Celek,00-0025549,B.Celek,00-0025549,0,0,-1.9518755343742669,0.38171858942797865,4.709326981857885,2,1,1,0.653279185295105,34.6720814704895,2011,Go for it,NA,NA,NA,NA,NA,NA,NA,NA,NA,NA,Punt,Go for it,Andy Reid,Mike Shanahan,9:04,NA,NA,NA,NA,NA,NA,NA,NA,NA,NA
561,2011_06_PHI_WAS,2011101603,WAS,PHI,REG,6,PHI,away,WAS,WAS,38,2011-10-16,539,1439,3239,Half1,0,3,0,1,4,0,08:59,WAS 38,2,82,"(8:59) 7-M.Vick pass short middle to 81-J.Avant to WAS 20 for 18 yards (22-K.Barnes, 20-O.Atogwe).",pass,18,0,0,1,0,0,0,short,middle,10,8,NA,NA,NA,NA,NA,NA,3,3,0,NA,NA,NA,NA,3,3,0,0,0,0,0,0,0,0,0.009492892771959305,0.1687859445810318,0.0019464371725916862,0.2754347622394562,0.24735620617866516,0.00900828093290329,0.2879755198955536,0,0,0.3376197759062052,3.969364787801169,-4.296626431285404,4.296626431285404,0.6010580670554191,-0.6010580670554191,-3.9108734832843766,3.9108734832843766,3.517905371612869,0.45145941618829966,3.517905371612869,0.45145941618829966,-5.762989519513212,5.762989519513212,0.6598947569727898,-0.6598947569727898,-6.3430443510296755,6.3430443510296755,2.432170867745299,-2.432170867745299,0.4529270827770233,0.5470729172229767,0.5470729172229767,0.4529270827770233,0.1078014075756073,0.08972108364105225,-0.08972108364105225,0.4392715096473694,0.5607284903526306,0.6028183698654175,0.3971816301345825,0.038570791482925415,-0.038570791482925415,-0.12432792782783508,0.12432792782783508,0,0.1078014075756073,0,0.1078014075756073,0,0,-0.12242430448532104,0.12242430448532104,0,0,-0.12432792782783508,0.12432792782783508,0,0,1,0,0,0,1,0,0,0,0,0,0,0,0,0,0,0,0,0,0,0,0,0,0,0,0,0,0,0,0,0,0,1,0,0,0,0,0,0,0,0,0,0,0,1,1,0,0,0,0,00-0020245,M.Vick,18,00-0024324,J.Avant,18,NA,NA,NA,NA,NA,NA,NA,NA,NA,NA,NA,NA,NA,NA,NA,NA,NA,NA,NA,NA,NA,NA,NA,NA,NA,NA,NA,NA,NA,NA,NA,NA,NA,NA,NA,NA,NA,NA,NA,NA,NA,NA,NA,NA,NA,NA,NA,NA,NA,NA,NA,00-0023501,O.Atogwe,WAS,NA,NA,NA,NA,NA,NA,NA,NA,NA,1,00-0027054,K.Barnes,WAS,NA,NA,NA,NA,NA,NA,NA,NA,NA,NA,NA,NA,NA,NA,NA,NA,NA,NA,NA,NA,NA,NA,NA,NA,NA,NA,NA,NA,0,NA,NA,NA,NA,0,NA,NA,0,0,0,0,NA,NA,2011,0.6486990451812744,35.13009548187256,6,1,First down,561,"10/16/11, 13:03:12",2011-10-16T17:20:24Z,Commanders Field,"Sunny Temp: 68° F, Humidity: 26%, Wind: WSW 7 mph",10012011-1016-039d-ee8c-bc7446e5f587,0,0,PASS,0,NA,NA,NA,3,Touchdown,2011-10-16T17:14:15Z,11,5:12,5,1,1,1,1,10,INTERCEPTION,TOUCHDOWN,12:02,06:50,PHI 18,WAS 7,353,726,20,13,Home,-7,33,-3,46.5,1,outdoors,grass,68,7,Mike Shanahan,Andy Reid,WAS00,FedExField,0,1,M.Vick,7,NA,NA,J.Avant,81,1,0,1,0,1,00-0020245,NA,00-0024324,M.Vick,7,00-0020245,J.Avant,00-0024324,J.Avant,00-0024324,0,0,3.969364787801169,0.2816241420524843,4.267521619971376,2,1,1,0.7627013325691223,23.72986674308777,2011,Go for it,NA,0.3865225929876033,0.8189551253933871,NA,NA,NA,0.8089566603302956,0.9003465641289949,NA,0.8628993856041239,Punt,Go for it,Andy Reid,Mike Shanahan,8:59,NA,NA,NA,39,82,NA,86,NA,90,81
589,2011_06_PHI_WAS,2011101603,WAS,PHI,REG,6,PHI,away,WAS,WAS,20,2011-10-16,503,1403,3203,Half1,0,3,0,1,1,0,08:23,WAS 20,10,82,(8:23) 25-L.McCoy left end to WAS 9 for 11 yards (26-J.Wilson).,run,11,0,0,0,0,0,0,NA,NA,NA,NA,left,end,NA,NA,NA,NA,3,3,0,NA,NA,NA,NA,3,3,0,0,0,0,0,0,0,0,0.003916935529559851,0.03231680020689964,6.081917672418058e-4,0.051165323704481125,0.40377363562583923,0.0011092718923464417,0.5071098804473877,0,0,4.306984563707374,0.607698964420706,-4.90432539570611,4.90432539570611,-0.006640897365286946,0.006640897365286946,-3.9108734832843766,3.9108734832843766,NA,NA,0,0,-5.762989519513212,5.762989519513212,0.6598947569727898,-0.6598947569727898,-6.3430443510296755,6.3430443510296755,2.432170867745299,-2.432170867745299,0.5607284903526306,0.4392715096473694,0.4392715096473694,0.5607284903526306,0.023971140384674072,0.010425865650177002,-0.010425865650177002,0.4153003692626953,0.5846996307373047,0.6925394535064697,0.3074605464935303,0.014599651098251343,-0.014599651098251343,-0.12432792782783508,0.12432792782783508,NA,NA,0,0,0,0,-0.12242430448532104,0.12242430448532104,0,0,-0.12432792782783508,0.12432792782783508,0,1,0,0,0,0,0,0,0,0,0,0,0,0,0,0,0,0,0,0,0,0,0,0,1,0,0,0,0,0,0,0,1,0,0,0,0,0,0,0,0,0,0,0,0,0,0,0,0,0,0,NA,NA,NA,NA,NA,NA,00-0027029,L.McCoy,11,NA,NA,NA,NA,NA,NA,NA,NA,NA,NA,NA,NA,NA,NA,NA,NA,NA,NA,NA,NA,NA,NA,NA,NA,NA,NA,NA,NA,NA,NA,NA,NA,NA,NA,NA,NA,NA,NA,NA,NA,NA,NA,WAS,NA,00-0025442,NA,J.Wilson,NA,NA,NA,NA,NA,NA,NA,NA,NA,NA,NA,NA,NA,0,NA,NA,NA,NA,NA,NA,NA,NA,NA,NA,NA,NA,NA,NA,NA,NA,NA,NA,NA,NA,NA,NA,NA,NA,NA,NA,NA,NA,NA,NA,NA,0,NA,NA,NA,NA,0,NA,NA,0,0,0,0,NA,NA,2011,NA,NA,7,1,First down,589,"10/16/11, 13:03:12",2011-10-16T17:21:01Z,Commanders Field,"Sunny Temp: 68° F, Humidity: 26%, Wind: WSW 7 mph",10012011-1016-039d-ee8c-bc7446e5f587,0,0,RUSH,0,NA,NA,NA,3,Touchdown,2011-10-16T17:14:15Z,11,5:12,5,1,1,1,1,10,INTERCEPTION,TOUCHDOWN,12:02,06:50,PHI 18,WAS 7,353,726,20,13,Home,-7,33,-3,46.5,1,outdoors,grass,68,7,Mike Shanahan,Andy Reid,WAS00,FedExField,0,1,NA,NA,L.McCoy,25,NA,NA,0,1,1,0,1,NA,00-0027029,NA,L.McCoy,25,00-0027029,L.McCoy,00-0027029,L.McCoy,00-0027029,0,0,0.607698964420706,NA,NA,NA,NA,NA,0.4111737012863159,-41.11737012863159,2011,Go for it,NA,NA,NA,NA,NA,NA,NA,NA,NA,NA,Punt,Go for it,Andy Reid,Mike Shanahan,8:23,NA,NA,NA,NA,NA,NA,NA,NA,NA,NA
610,2011_06_PHI_WAS,2011101603,WAS,PHI,REG,6,NA,NA,NA,NA,NA,2011-10-16,457,1357,3157,Half1,0,3,0,1,NA,0,07:37,WAS 9,0,82,Timeout #1 by PHI at 07:37.,no_play,0,0,0,0,0,0,0,NA,NA,NA,NA,NA,NA,NA,NA,NA,NA,3,2,1,PHI,NA,NA,NA,NA,NA,0,0,NA,NA,NA,NA,NA,NA,0,0,0,0,0,0,0,0,0,4.91468352812808,-0,-4.90432539570611,4.90432539570611,-0.006640897365286946,0.006640897365286946,-3.9108734832843766,3.9108734832843766,NA,NA,0,0,-5.762989519513212,5.762989519513212,0.6598947569727898,-0.6598947569727898,-6.3430443510296755,6.3430443510296755,2.432170867745299,-2.432170867745299,0.5846996307373047,0.4153003692626953,0.4153003692626953,0.5846996307373047,-0,-0,0,NA,NA,0.7029653191566467,0.29703468084335327,0.014599651098251343,-0.014599651098251343,-0.12432792782783508,0.12432792782783508,NA,NA,0,0,0,0,-0.12242430448532104,0.12242430448532104,0,0,-0.12432792782783508,0.12432792782783508,0,0,0,0,0,0,0,0,0,0,0,0,0,0,0,0,0,0,0,0,0,0,0,0,0,0,0,0,0,0,0,0,0,0,0,0,0,0,0,0,0,0,0,0,0,0,0,0,0,0,0,NA,NA,NA,NA,NA,NA,NA,NA,NA,NA,NA,NA,NA,NA,NA,NA,NA,NA,NA,NA,NA,NA,NA,NA,NA,NA,NA,NA,NA,NA,NA,NA,NA,NA,NA,NA,NA,NA,NA,NA,NA,NA,NA,NA,NA,NA,NA,NA,NA,NA,NA,NA,NA,NA,NA,NA,NA,NA,NA,NA,NA,NA,NA,NA,NA,NA,NA,NA,NA,0,NA,NA,NA,NA,NA,NA,NA,NA,NA,NA,NA,NA,NA,NA,NA,NA,NA,NA,NA,NA,NA,NA,NA,NA,NA,NA,NA,NA,NA,NA,NA,0,NA,NA,NA,NA,0,NA,NA,0,0,0,0,NA,NA,2011,NA,NA,8,1,Touchdown,610,"10/16/11, 13:03:12",2011-10-16T17:21:54Z,Commanders Field,"Sunny Temp: 68° F, Humidity: 26%, Wind: WSW 7 mph",10012011-1016-039d-ee8c-bc7446e5f587,0,0,TIMEOUT,0,NA,NA,NA,3,Touchdown,2011-10-16T17:14:15Z,11,5:12,5,1,1,1,1,10,INTERCEPTION,TOUCHDOWN,12:02,06:50,PHI 18,WAS 7,353,726,20,13,Home,-7,33,-3,46.5,1,outdoors,grass,68,7,Mike Shanahan,Andy Reid,WAS00,FedExField,0,0,NA,NA,NA,NA,NA,NA,0,0,0,0,0,NA,NA,NA,NA,NA,NA,NA,NA,NA,NA,0,0,-0,NA,NA,NA,NA,NA,NA,NA,2011,Other,NA,NA,NA,NA,NA,NA,NA,NA,NA,NA,Punt,Other,Andy Reid,Mike Shanahan,7:37,NA,NA,NA,NA,NA,NA,NA,NA,NA,NA
627,2011_06_PHI_WAS,2011101603,WAS,PHI,REG,6,PHI,away,WAS,WAS,9,2011-10-16,457,1357,3157,Half1,0,3,0,1,1,1,07:37,WAS 9,9,82,(7:37) (Shotgun) 25-L.McCoy left end to WAS 7 for 2 yards (30-L.Landry).,run,2,1,0,0,0,0,0,NA,NA,NA,NA,left,end,NA,NA,NA,NA,3,2,0,NA,NA,NA,NA,2,3,0,0,0,0,0,0,0,0,0.002959689125418663,0.016870394349098206,4.8697396414354444e-4,0.030419189482927322,0.36419641971588135,0.0017714856658130884,0.5832958221435547,0,0,4.91468352812808,-0.17024564975872636,-4.734079745947383,4.734079745947383,0.1636047523934394,-0.1636047523934394,-3.9108734832843766,3.9108734832843766,NA,NA,0,0,-5.762989519513212,5.762989519513212,0.6598947569727898,-0.6598947569727898,-6.3430443510296755,6.3430443510296755,2.432170867745299,-2.432170867745299,0.5846996307373047,0.4153003692626953,0.4153003692626953,0.5846996307373047,-0.014003396034240723,-0.007648110389709473,0.007648110389709473,0.42930376529693604,0.570696234703064,0.7029653191566467,0.29703468084335327,0.028603047132492065,-0.028603047132492065,-0.12432792782783508,0.12432792782783508,NA,NA,0,0,0,0,-0.12242430448532104,0.12242430448532104,0,0,-0.12432792782783508,0.12432792782783508,0,0,0,0,0,0,0,0,0,0,0,0,0,0,0,0,0,0,0,0,0,0,0,0,1,0,0,0,0,0,0,0,1,0,0,0,0,0,0,0,0,0,0,0,0,0,0,0,0,0,0,NA,NA,NA,NA,NA,NA,00-0027029,L.McCoy,2,NA,NA,NA,NA,NA,NA,NA,NA,NA,NA,NA,NA,NA,NA,NA,NA,NA,NA,NA,NA,NA,NA,NA,NA,NA,NA,NA,NA,NA,NA,NA,NA,NA,NA,NA,NA,NA,NA,NA,NA,NA,NA,WAS,NA,00-0025393,NA,L.Landry,NA,NA,NA,NA,NA,NA,NA,NA,NA,NA,NA,NA,NA,0,NA,NA,NA,NA,NA,NA,NA,NA,NA,NA,NA,NA,NA,NA,NA,NA,NA,NA,NA,NA,NA,NA,NA,NA,NA,NA,NA,NA,NA,NA,NA,0,NA,NA,NA,NA,0,NA,NA,0,0,0,0,NA,NA,2011,NA,NA,8,1,Touchdown,627,"10/16/11, 13:03:12",2011-10-16T17:24:07Z,Commanders Field,"Sunny Temp: 68° F, Humidity: 26%, Wind: WSW 7 mph",10012011-1016-039d-ee8c-bc7446e5f587,0,0,RUSH,0,NA,NA,NA,3,Touchdown,2011-10-16T17:14:15Z,11,5:12,5,1,1,1,1,10,INTERCEPTION,TOUCHDOWN,12:02,06:50,PHI 18,WAS 7,353,726,20,13,Home,-7,33,-3,46.5,1,outdoors,grass,68,7,Mike Shanahan,Andy Reid,WAS00,FedExField,0,0,NA,NA,L.McCoy,25,NA,NA,0,1,0,0,1,NA,00-0027029,NA,L.McCoy,25,00-0027029,L.McCoy,00-0027029,L.McCoy,00-0027029,0,0,-0.17024564975872636,NA,NA,NA,NA,NA,0.33319294452667236,-33.319294452667236,2011,Go for it,NA,NA,NA,NA,NA,NA,NA,NA,NA,NA,Punt,Go for it,Andy Reid,Mike Shanahan,7:37,NA,NA,NA,NA,NA,NA,NA,NA,NA,NA
684,2011_06_PHI_WAS,2011101603,WAS,PHI,REG,6,PHI,away,WAS,WAS,7,2011-10-16,418,1318,3118,Half1,0,3,0,1,2,1,06:58,WAS 7,7,82,(6:58) (Shotgun) 7-M.Vick pass incomplete short left to 10-D.Jackson (98-B.Orakpo).,pass,0,1,0,1,0,0,0,short,left,2,NA,NA,NA,NA,NA,NA,NA,3,2,0,NA,NA,NA,NA,2,3,0,0,0,0,0,0,0,0,0.003371794708073139,0.017387928441166878,5.009689484722912e-4,0.029187552630901337,0.4088388681411743,0.001918078400194645,0.5387948155403137,0,0,4.744437878369354,-0.8133876699721441,-3.9206920759752393,3.9206920759752393,0.1636047523934394,-0.1636047523934394,-3.0974858133122325,3.0974858133122325,-0.6304628467187285,-0.18292482325341552,0,0,-5.762989519513212,5.762989519513212,0.6598947569727898,-0.6598947569727898,-5.712581504310947,5.712581504310947,2.6150956909987144,-2.6150956909987144,0.570696234703064,0.42930376529693604,0.42930376529693604,0.570696234703064,-0.02357029914855957,-0.02425616979598999,0.02425616979598999,0.4528740644454956,0.5471259355545044,0.6953172087669373,0.30468279123306274,0.028603047132492065,-0.028603047132492065,-0.10075762867927551,0.10075762867927551,0,-0.02357029914855957,0,0,0,0,-0.12242430448532104,0.12242430448532104,0,0,-0.10075762867927551,0.10075762867927551,0,0,0,0,0,0,0,0,1,0,0,0,0,0,0,0,0,0,0,0,0,0,0,0,0,0,0,0,0,0,0,0,0,1,0,0,0,0,0,0,0,0,0,0,0,0,0,0,0,0,0,00-0020245,M.Vick,NA,00-0026189,D.Jackson,NA,NA,NA,NA,NA,NA,NA,NA,NA,NA,NA,NA,NA,NA,NA,NA,NA,NA,NA,NA,NA,NA,NA,NA,NA,NA,NA,NA,NA,NA,NA,NA,NA,NA,NA,NA,NA,NA,NA,NA,NA,NA,NA,NA,NA,NA,NA,NA,NA,NA,NA,NA,NA,NA,NA,NA,NA,NA,NA,NA,NA,NA,NA,NA,0,NA,NA,NA,NA,NA,NA,00-0026989,B.Orakpo,NA,NA,NA,NA,NA,NA,NA,NA,NA,NA,NA,NA,NA,NA,NA,NA,NA,NA,NA,NA,NA,NA,NA,0,NA,NA,NA,NA,0,NA,NA,0,0,0,0,NA,NA,2011,0.6923344731330872,-69.23344731330872,8,1,Touchdown,684,"10/16/11, 13:03:12",2011-10-16T17:24:46Z,Commanders Field,"Sunny Temp: 68° F, Humidity: 26%, Wind: WSW 7 mph",10012011-1016-039d-ee8c-bc7446e5f587,0,0,PASS,0,NA,NA,NA,3,Touchdown,2011-10-16T17:14:15Z,11,5:12,5,1,1,1,1,10,INTERCEPTION,TOUCHDOWN,12:02,06:50,PHI 18,WAS 7,353,726,20,13,Home,-7,33,-3,46.5,1,outdoors,grass,68,7,Mike Shanahan,Andy Reid,WAS00,FedExField,0,0,M.Vick,7,NA,NA,D.Jackson,10,1,0,0,0,1,00-0020245,NA,00-0026189,M.Vick,7,00-0020245,D.Jackson,00-0026189,D.Jackson,00-0026189,0,0,-0.8133876699721441,1.1415578939077662,2.7204680273425765,3,0.4286356310476549,0.2847379784216173,0.598753809928894,40.124619007110596,2011,Go for it,NA,NA,NA,NA,NA,NA,NA,NA,NA,NA,Punt,Go for it,Andy Reid,Mike Shanahan,6:58,NA,NA,NA,NA,NA,NA,NA,NA,NA,NA
706,2011_06_PHI_WAS,2011101603,WAS,PHI,REG,6,PHI,away,WAS,WAS,7,2011-10-16,415,1315,3115,Half1,0,3,1,1,3,1,06:55,WAS 7,7,82,"(6:55) 7-M.Vick pass short left to 87-B.Celek for 7 yards, TOUCHDOWN.",pass,7,0,0,1,0,0,0,short,left,-2,9,NA,NA,NA,NA,NA,NA,3,2,0,NA,PHI,B.Celek,00-0025549,2,3,0,6,0,0,0,6,0,6,0.0038430863060057163,0.019596301019191742,5.491755437105894e-4,0.0331852026283741,0.5915336608886719,0.002083034487441182,0.3492095470428467,0,0,3.9310502083972096,3.0689497916027904,-6.98964186757803,6.98964186757803,0.1636047523934394,-0.1636047523934394,-6.166435604915023,6.166435604915023,-1.1211987455026247,4.190148537105415,-1.1211987455026247,4.190148537105415,-4.6417907740105875,4.6417907740105875,-3.5302537801326253,3.5302537801326253,-4.591382758808322,4.591382758808322,-1.5750528461067006,1.5750528461067006,0.5471259355545044,0.4528740644454956,0.4528740644454956,0.5471259355545044,0.06681516137830346,0.058595472320146946,-0.058595472320146946,0.38605890306719215,0.6139410969328079,0.6710610389709473,0.32893896102905273,0.028603047132492065,-0.028603047132492065,-0.16757279005757897,0.16757279005757897,0.002830982208251953,0.0639841791700515,0.002830982208251953,0.0639841791700515,-0.002830982208251953,0.002830982208251953,-0.18640848365537255,0.18640848365537255,-0.002830982208251953,0.002830982208251953,-0.16474180784932702,0.16474180784932702,0,0,1,0,1,0,0,0,0,0,0,0,0,0,0,0,0,0,0,0,0,0,0,0,0,0,0,0,0,0,0,0,0,1,0,1,1,0,0,0,0,0,0,0,0,1,0,0,0,0,0,00-0020245,M.Vick,7,00-0025549,B.Celek,7,NA,NA,NA,NA,NA,NA,NA,NA,NA,NA,NA,NA,NA,NA,NA,NA,NA,NA,NA,NA,NA,NA,NA,NA,NA,NA,NA,NA,NA,NA,NA,NA,NA,NA,NA,NA,NA,NA,NA,NA,NA,NA,NA,NA,NA,NA,NA,NA,NA,NA,NA,NA,NA,NA,NA,NA,NA,NA,NA,NA,NA,NA,NA,0,NA,NA,NA,NA,NA,NA,NA,NA,NA,NA,NA,NA,NA,NA,NA,NA,NA,NA,NA,NA,NA,NA,NA,NA,NA,NA,NA,NA,NA,NA,NA,0,NA,NA,NA,NA,0,NA,NA,0,0,0,0,NA,NA,2011,0.7964842319488525,20.351576805114746,8,1,Touchdown,706,"10/16/11, 13:03:12",2011-10-16T17:25:23Z,Commanders Field,"Sunny Temp: 68° F, Humidity: 26%, Wind: WSW 7 mph",10012011-1016-039d-ee8c-bc7446e5f587,0,0,PASS,0,NA,NA,NA,3,Touchdown,2011-10-16T17:14:15Z,11,5:12,5,1,1,1,1,10,INTERCEPTION,TOUCHDOWN,12:02,06:50,PHI 18,WAS 7,353,726,20,13,Home,-7,33,-3,46.5,1,outdoors,grass,68,7,Mike Shanahan,Andy Reid,WAS00,FedExField,0,1,M.Vick,7,NA,NA,B.Celek,87,1,0,1,0,1,00-0020245,NA,00-0025549,M.Vick,7,00-0020245,B.Celek,00-0025549,B.Celek,00-0025549,0,0,3.0689497916027904,1.4539404902195399,5.498506075935438,6,0.40772567881504074,0.3086509500280954,0.9498878717422485,5.0112128257751465,2011,Go for it,NA,NA,NA,NA,NA,NA,NA,NA,NA,NA,Punt,Go for it,Andy Reid,Mike Shanahan,6:55,NA,NA,NA,NA,NA,NA,NA,NA,NA,NA
726,2011_06_PHI_WAS,2011101603,WAS,PHI,REG,6,PHI,away,WAS,WAS,2,2011-10-16,410,1310,3110,Half1,0,3,1,1,NA,0,06:50,WAS 2,0,82,"6-A.Henery extra point is GOOD, Center-46-J.Dorenbos, Holder-8-C.Henry.",extra_point,0,0,0,0,0,0,0,NA,NA,NA,NA,NA,NA,NA,20,good,NA,3,2,0,NA,NA,NA,NA,2,3,0,7,6,0,6,7,0,7,0,0,0,0,0,0,0,0.982039258461783,0,0.982039258461783,0.01796074153821703,-7.007602609116247,7.007602609116247,0.1636047523934394,-0.1636047523934394,-6.166435604915023,6.166435604915023,NA,NA,0,0,-4.6417907740105875,4.6417907740105875,-3.5302537801326253,3.5302537801326253,-4.591382758808322,4.591382758808322,-1.5750528461067006,1.5750528461067006,0.6139410969328079,0.38605890306719215,0.38605890306719215,0.6139410969328079,0.00703147682436378,0.00266072775500259,-0.00266072775500259,0.37902742624282837,0.6209725737571716,0.7296565112910942,0.2703434887089058,0.028603047132492065,-0.028603047132492065,-0.16757279005757897,0.16757279005757897,NA,NA,0,0,-0.002830982208251953,0.002830982208251953,-0.18640848365537255,0.18640848365537255,-0.002830982208251953,0.002830982208251953,-0.16474180784932702,0.16474180784932702,0,0,0,0,0,0,0,0,0,0,0,0,0,0,0,0,0,0,0,0,0,0,0,0,0,0,0,0,0,0,0,0,0,0,0,0,0,0,0,1,0,0,0,0,0,0,0,0,0,0,0,NA,NA,NA,NA,NA,NA,NA,NA,NA,NA,NA,NA,NA,NA,NA,NA,NA,NA,NA,NA,NA,NA,NA,NA,NA,NA,NA,NA,NA,NA,NA,A.Henery,00-0028058,NA,NA,NA,NA,NA,NA,NA,NA,NA,NA,NA,NA,NA,NA,NA,NA,NA,NA,NA,NA,NA,NA,NA,NA,NA,NA,NA,NA,NA,NA,NA,NA,NA,NA,NA,NA,0,NA,NA,NA,NA,NA,NA,NA,NA,NA,NA,NA,NA,NA,NA,NA,NA,NA,NA,NA,NA,NA,NA,NA,NA,NA,NA,NA,NA,NA,NA,NA,0,NA,NA,NA,NA,0,NA,NA,0,0,0,0,NA,NA,2011,NA,NA,8,1,Touchdown,726,"10/16/11, 13:03:12",2011-10-16T17:26:08Z,Commanders Field,"Sunny Temp: 68° F, Humidity: 26%, Wind: WSW 7 mph",10012011-1016-039d-ee8c-bc7446e5f587,0,0,XP_KICK,1,NA,NA,NA,3,Touchdown,2011-10-16T17:14:15Z,11,5:12,5,1,1,1,1,10,INTERCEPTION,TOUCHDOWN,12:02,06:50,PHI 18,WAS 7,353,726,20,13,Home,-7,33,-3,46.5,1,outdoors,grass,68,7,Mike Shanahan,Andy Reid,WAS00,FedExField,0,1,NA,NA,NA,NA,NA,NA,0,0,0,1,0,NA,NA,NA,NA,NA,NA,NA,NA,NA,NA,0,0,0.01796074153821703,NA,NA,NA,NA,NA,NA,NA,2011,Other,NA,NA,NA,NA,NA,NA,NA,NA,NA,NA,Punt,Other,Andy Reid,Mike Shanahan,6:50,NA,NA,NA,NA,NA,NA,NA,NA,NA,NA
742,2011_06_PHI_WAS,2011101603,WAS,PHI,REG,6,WAS,home,PHI,PHI,35,2011-10-16,410,1310,3110,Half1,0,4,0,1,NA,0,06:50,PHI 35,0,7,6-A.Henery kicks 69 yards from PHI 35 to WAS -4. 16-B.Banks to WAS 25 for 29 yards (30-C.Anderson; 53-M.Fokou).,kickoff,0,0,0,0,0,0,0,NA,NA,NA,NA,NA,NA,NA,69,NA,NA,3,2,0,NA,NA,NA,NA,3,2,0,7,0,7,-7,0,7,-7,0.02125724032521248,0.17536485195159912,0.0041225808672606945,0.23519852757453918,0.21363647282123566,0.003334036795422435,0.3470862805843353,0,0,0.8964520455338061,0.42361211124807596,-6.583990497868171,6.583990497868171,0.1636047523934394,-0.1636047523934394,-6.166435604915023,6.166435604915023,NA,NA,0,0,-4.6417907740105875,4.6417907740105875,-3.5302537801326253,3.5302537801326253,-4.591382758808322,4.591382758808322,-1.5750528461067006,1.5750528461067006,0.37902742624282837,0.6209725737571716,0.37902742624282837,0.6209725737571716,0.0066329240798950195,5.413293838500977e-4,5.413293838500977e-4,0.3856603503227234,0.6143396496772766,0.2676827609539032,0.2676827609539032,0.028603047132492065,-0.028603047132492065,-0.16757279005757897,0.16757279005757897,NA,NA,0,0,-0.002830982208251953,0.002830982208251953,-0.18640848365537255,0.18640848365537255,-0.002830982208251953,0.002830982208251953,-0.16474180784932702,0.16474180784932702,0,0,0,0,0,0,0,0,0,0,0,0,0,0,0,0,0,1,0,0,0,0,0,0,0,0,0,0,0,0,0,0,0,0,0,0,0,0,0,0,0,0,1,0,0,0,1,0,0,0,0,NA,NA,NA,NA,NA,NA,NA,NA,NA,NA,NA,NA,NA,NA,NA,NA,NA,NA,NA,NA,NA,NA,NA,NA,NA,B.Banks,00-0027618,NA,NA,NA,NA,A.Henery,00-0028058,NA,NA,NA,NA,NA,NA,NA,NA,NA,NA,NA,NA,NA,NA,NA,NA,NA,NA,NA,NA,NA,NA,NA,NA,00-0026578,C.Anderson,PHI,00-0026951,M.Fokou,PHI,NA,NA,NA,NA,NA,NA,0,NA,NA,NA,NA,NA,NA,NA,NA,NA,NA,NA,NA,NA,NA,NA,NA,NA,NA,NA,NA,NA,NA,NA,NA,NA,NA,NA,NA,NA,NA,WAS,29,NA,NA,NA,NA,0,NA,NA,0,0,0,0,NA,NA,2011,NA,NA,9,0,Punt,742,"10/16/11, 13:03:12",2011-10-16T17:28:29Z,Commanders Field,"Sunny Temp: 68° F, Humidity: 26%, Wind: WSW 7 mph",10012011-1016-039d-ee8c-bc7446e5f587,0,0,KICK_OFF,1,NA,NA,NA,4,Punt,2011-10-16T17:28:29Z,3,1:55,0,0,0,1,1,0,KICKOFF,PUNT,06:50,04:55,WAS 25,WAS 32,742,834,20,13,Home,-7,33,-3,46.5,1,outdoors,grass,68,7,Mike Shanahan,Andy Reid,WAS00,FedExField,0,1,NA,NA,NA,NA,NA,NA,0,0,0,1,0,NA,NA,NA,NA,NA,NA,NA,NA,NA,NA,0,0,0.42361211124807596,NA,NA,NA,NA,NA,NA,NA,2011,Other,NA,NA,NA,NA,NA,NA,NA,NA,NA,NA,Punt,Other,Andy Reid,Mike Shanahan,6:50,NA,NA,NA,NA,NA,NA,NA,NA,NA,NA
764,2011_06_PHI_WAS,2011101603,WAS,PHI,REG,6,WAS,home,PHI,WAS,75,2011-10-16,404,1304,3104,Half1,0,4,0,1,1,0,06:44,WAS 25,10,7,(6:44) 46-R.Torain right end pushed ob at WAS 27 for 2 yards (75-J.Parker).,run,2,0,0,0,0,0,0,NA,NA,NA,NA,right,end,NA,NA,NA,NA,3,2,0,NA,NA,NA,NA,3,2,0,7,0,7,-7,0,7,-7,0.020848765969276428,0.15098999440670013,0.002875030040740967,0.21900151669979095,0.22872251272201538,0.0034615544136613607,0.37410059571266174,0,0,1.320064156781882,-0.4050078894942999,-6.988998387362471,6.988998387362471,-0.24140313710086048,0.24140313710086048,-6.166435604915023,6.166435604915023,NA,NA,0,0,-4.6417907740105875,4.6417907740105875,-3.5302537801326253,3.5302537801326253,-4.591382758808322,4.591382758808322,-1.5750528461067006,1.5750528461067006,0.3856603503227234,0.6143396496772766,0.3856603503227234,0.6143396496772766,-0.015860766172409058,-0.007745563983917236,-0.007745563983917236,0.36979958415031433,0.6302004158496857,0.2682240903377533,0.2682240903377533,0.012742280960083008,-0.012742280960083008,-0.16757279005757897,0.16757279005757897,NA,NA,0,0,-0.002830982208251953,0.002830982208251953,-0.18640848365537255,0.18640848365537255,-0.002830982208251953,0.002830982208251953,-0.16474180784932702,0.16474180784932702,0,0,0,0,0,0,0,0,0,0,0,0,0,0,0,0,0,0,0,0,0,0,0,0,1,0,0,0,0,0,0,0,1,0,0,0,0,0,0,0,0,0,0,0,0,0,0,0,0,0,0,NA,NA,NA,NA,NA,NA,00-0026279,R.Torain,2,NA,NA,NA,NA,NA,NA,NA,NA,NA,NA,NA,NA,NA,NA,NA,NA,NA,NA,NA,NA,NA,NA,NA,NA,NA,NA,NA,NA,NA,NA,NA,NA,NA,NA,NA,NA,NA,NA,NA,NA,NA,NA,PHI,NA,00-0019986,NA,J.Parker,NA,NA,NA,NA,NA,NA,NA,NA,NA,NA,NA,NA,NA,0,NA,NA,NA,NA,NA,NA,NA,NA,NA,NA,NA,NA,NA,NA,NA,NA,NA,NA,NA,NA,NA,NA,NA,NA,NA,NA,NA,NA,NA,NA,NA,0,NA,NA,NA,NA,0,NA,NA,0,0,0,0,NA,NA,2011,NA,NA,9,0,Punt,764,"10/16/11, 13:03:12",2011-10-16T17:30:54Z,Commanders Field,"Sunny Temp: 68° F, Humidity: 26%, Wind: WSW 7 mph",10012011-1016-039d-ee8c-bc7446e5f587,0,0,RUSH,0,NA,NA,NA,4,Punt,2011-10-16T17:28:29Z,3,1:55,0,0,0,1,1,0,KICKOFF,PUNT,06:50,04:55,WAS 25,WAS 32,742,834,20,13,Home,-7,33,-3,46.5,1,outdoors,grass,68,7,Mike Shanahan,Andy Reid,WAS00,FedExField,0,0,NA,NA,R.Torain,46,NA,NA,0,1,0,0,1,NA,00-0026279,NA,R.Torain,46,00-0026279,R.Torain,00-0026279,R.Torain,00-0026279,1,0,-0.4050078894942999,NA,NA,NA,NA,NA,0.47265195846557617,-47.26519584655762,2011,Go for it,NA,NA,NA,NA,NA,NA,NA,NA,NA,NA,Punt,Go for it,Andy Reid,Mike Shanahan,6:44,NA,NA,NA,NA,NA,NA,NA,NA,NA,NA
785,2011_06_PHI_WAS,2011101603,WAS,PHI,REG,6,WAS,home,PHI,WAS,73,2011-10-16,374,1274,3074,Half1,0,4,0,1,2,0,06:14,WAS 27,8,7,(6:14) 46-R.Torain right end to WAS 33 for 6 yards (98-M.Patterson).,run,6,0,0,0,0,0,0,NA,NA,NA,NA,right,end,NA,NA,NA,NA,3,2,0,NA,NA,NA,NA,3,2,0,7,0,7,-7,0,7,-7,0.022580595687031746,0.1653883308172226,0.0030823771376162767,0.24008195102214813,0.21669302880764008,0.003467077389359474,0.3487066328525543,0,0,0.9150562672875822,0.3293232526630163,-6.659675134699454,6.659675134699454,0.08792011556215584,-0.08792011556215584,-6.166435604915023,6.166435604915023,NA,NA,0,0,-4.6417907740105875,4.6417907740105875,-3.5302537801326253,3.5302537801326253,-4.591382758808322,4.591382758808322,-1.5750528461067006,1.5750528461067006,0.36979958415031433,0.6302004158496857,0.36979958415031433,0.6302004158496857,0.0353221595287323,0.01014775037765503,0.01014775037765503,0.40512174367904663,0.5948782563209534,0.26047852635383606,0.26047852635383606,0.04806444048881531,-0.04806444048881531,-0.16757279005757897,0.16757279005757897,NA,NA,0,0,-0.002830982208251953,0.002830982208251953,-0.18640848365537255,0.18640848365537255,-0.002830982208251953,0.002830982208251953,-0.16474180784932702,0.16474180784932702,0,0,0,0,0,0,0,0,0,0,0,0,0,0,0,0,0,0,0,0,0,0,0,0,1,0,0,0,0,0,0,0,1,0,0,0,0,0,0,0,0,0,0,0,0,0,0,0,0,0,0,NA,NA,NA,NA,NA,NA,00-0026279,R.Torain,6,NA,NA,NA,NA,NA,NA,NA,NA,NA,NA,NA,NA,NA,NA,NA,NA,NA,NA,NA,NA,NA,NA,NA,NA,NA,NA,NA,NA,NA,NA,NA,NA,NA,NA,NA,NA,NA,NA,NA,NA,NA,NA,PHI,NA,00-0023466,NA,M.Patterson,NA,NA,NA,NA,NA,NA,NA,NA,NA,NA,NA,NA,NA,0,NA,NA,NA,NA,NA,NA,NA,NA,NA,NA,NA,NA,NA,NA,NA,NA,NA,NA,NA,NA,NA,NA,NA,NA,NA,NA,NA,NA,NA,NA,NA,0,NA,NA,NA,NA,0,NA,NA,0,0,0,0,NA,NA,2011,NA,NA,9,0,Punt,785,"10/16/11, 13:03:12",2011-10-16T17:31:33Z,Commanders Field,"Sunny Temp: 68° F, Humidity: 26%, Wind: WSW 7 mph",10012011-1016-039d-ee8c-bc7446e5f587,0,0,RUSH,0,NA,NA,NA,4,Punt,2011-10-16T17:28:29Z,3,1:55,0,0,0,1,1,0,KICKOFF,PUNT,06:50,04:55,WAS 25,WAS 32,742,834,20,13,Home,-7,33,-3,46.5,1,outdoors,grass,68,7,Mike Shanahan,Andy Reid,WAS00,FedExField,0,1,NA,NA,R.Torain,46,NA,NA,0,1,0,0,1,NA,00-0026279,NA,R.Torain,46,00-0026279,R.Torain,00-0026279,R.Torain,00-0026279,0,0,0.3293232526630163,NA,NA,NA,NA,NA,0.622017502784729,-62.2017502784729,2011,Go for it,NA,NA,NA,NA,NA,NA,NA,NA,NA,NA,Punt,Go for it,Andy Reid,Mike Shanahan,6:14,NA,NA,NA,NA,NA,NA,NA,NA,NA,NA
806,2011_06_PHI_WAS,2011101603,WAS,PHI,REG,6,WAS,home,PHI,WAS,67,2011-10-16,332,1232,3032,Half1,0,4,0,1,3,0,05:32,WAS 33,2,7,(5:32) (Shotgun) 8-R.Grossman pass short left to 47-C.Cooley to WAS 32 for -1 yards (24-N.Asomugha). WAS-47-C.Cooley was injured during the play. Right Ankle injury,pass,-1,1,0,1,0,0,0,short,left,-3,2,NA,NA,NA,NA,NA,NA,3,2,0,NA,NA,NA,NA,3,2,0,7,0,7,-7,0,7,-7,0.024980610236525536,0.1644105315208435,0.0028787818737328053,0.21761608123779297,0.21150606870651245,0.0036184454802423716,0.37498944997787476,0,0,1.2443795199505985,-1.8267519315704703,-8.486427066269925,8.486427066269925,0.08792011556215584,-0.08792011556215584,-7.993187536485493,7.993187536485493,-2.0296017937362194,0.20284986216574907,-2.0296017937362194,0.20284986216574907,-6.671392567746807,6.671392567746807,-3.327403917966876,3.327403917966876,-6.620984552544542,6.620984552544542,-1.3722029839409515,1.3722029839409515,0.40512174367904663,0.5948782563209534,0.40512174367904663,0.5948782563209534,-0.04949575662612915,-0.02572949230670929,-0.02572949230670929,0.3556259870529175,0.6443740129470825,0.2706262767314911,0.2706262767314911,0.04806444048881531,-0.04806444048881531,-0.21706854668370812,0.21706854668370812,0,-0.04949575662612915,0,-0.04949575662612915,-0.002830982208251953,0.002830982208251953,-0.2359042402815017,0.2359042402815017,-0.002830982208251953,0.002830982208251953,-0.21423756447545617,0.21423756447545617,0,0,0,0,0,1,0,0,0,0,0,0,0,0,0,0,0,0,0,0,0,0,0,0,1,0,0,0,0,0,0,0,0,1,0,0,0,0,0,0,0,0,0,0,0,1,0,0,0,0,0,00-0022121,R.Grossman,-1,00-0022738,C.Cooley,-1,NA,NA,NA,NA,NA,NA,NA,NA,NA,NA,NA,NA,NA,NA,NA,NA,NA,NA,NA,NA,NA,NA,NA,NA,NA,NA,NA,NA,NA,NA,NA,00-0022077,N.Asomugha,NA,NA,NA,NA,NA,NA,NA,NA,NA,NA,NA,NA,PHI,NA,00-0022077,NA,N.Asomugha,NA,NA,NA,NA,NA,NA,NA,NA,NA,NA,NA,NA,NA,0,NA,NA,NA,NA,NA,NA,NA,NA,NA,NA,NA,NA,NA,NA,NA,NA,NA,NA,NA,NA,NA,NA,NA,NA,NA,NA,NA,NA,NA,NA,NA,0,NA,NA,NA,NA,0,NA,NA,0,0,0,0,NA,NA,2011,0.8172441720962524,18.275582790374756,9,0,Punt,806,"10/16/11, 13:03:12",2011-10-16T17:32:16Z,Commanders Field,"Sunny Temp: 68° F, Humidity: 26%, Wind: WSW 7 mph",10012011-1016-039d-ee8c-bc7446e5f587,0,0,PASS,0,NA,NA,NA,4,Punt,2011-10-16T17:28:29Z,3,1:55,0,0,0,1,1,0,KICKOFF,PUNT,06:50,04:55,WAS 25,WAS 32,742,834,20,13,Home,-7,33,-3,46.5,1,outdoors,grass,68,7,Mike Shanahan,Andy Reid,WAS00,FedExField,0,0,R.Grossman,8,NA,NA,C.Cooley,47,1,0,0,0,1,00-0022121,NA,00-0022738,R.Grossman,8,00-0022121,C.Cooley,00-0022738,C.Cooley,00-0022738,0,0,-1.8267519315704703,2.258334083381338,9.247112370692776,7,0.6711296560824849,0.6711296560824849,0.7566251754760742,24.337482452392578,2011,Go for it,NA,NA,NA,NA,NA,NA,NA,NA,NA,NA,Punt,Go for it,Andy Reid,Mike Shanahan,5:32,NA,NA,NA,NA,NA,NA,NA,NA,NA,NA
834,2011_06_PHI_WAS,2011101603,WAS,PHI,REG,6,WAS,home,PHI,WAS,68,2011-10-16,303,1203,3003,Half1,0,4,0,1,4,0,05:03,WAS 32,3,7,"(5:03) 6-S.Rocca punts 40 yards to PHI 28, Center-57-N.Sundberg, downed by WAS.",punt,0,0,0,0,0,0,0,NA,NA,NA,NA,NA,NA,NA,40,NA,NA,3,2,0,NA,NA,NA,NA,3,2,0,7,0,7,-7,0,7,-7,0.02924351580440998,0.2324724793434143,0.005291413515806198,0.3114932179450989,0.15655773878097534,0.003636796260252595,0.2613047957420349,0,0,-0.5823724116198719,0.08114153379574418,-8.405285532474181,8.405285532474181,0.08792011556215584,-0.08792011556215584,-7.993187536485493,7.993187536485493,NA,NA,0,0,-6.671392567746807,6.671392567746807,-3.327403917966876,3.327403917966876,-6.620984552544542,6.620984552544542,-1.3722029839409515,1.3722029839409515,0.3556259870529175,0.6443740129470825,0.3556259870529175,0.6443740129470825,-0.02055215835571289,-0.041467323899269104,-0.041467323899269104,0.3350738286972046,0.6649261713027954,0.2448967844247818,0.2448967844247818,0.04806444048881531,-0.04806444048881531,-0.21706854668370812,0.21706854668370812,NA,NA,0,0,-0.002830982208251953,0.002830982208251953,-0.2359042402815017,0.2359042402815017,-0.002830982208251953,0.002830982208251953,-0.21423756447545617,0.21423756447545617,0,0,0,0,0,0,0,0,0,0,0,0,0,0,1,0,0,0,0,0,0,0,0,0,0,0,0,0,0,0,0,0,0,0,0,0,0,0,0,0,0,0,0,1,0,0,0,0,0,0,0,NA,NA,NA,NA,NA,NA,NA,NA,NA,NA,NA,NA,NA,NA,NA,NA,NA,NA,NA,NA,NA,NA,NA,NA,NA,NA,NA,NA,NA,00-0024515,S.Rocca,NA,NA,NA,NA,NA,NA,NA,NA,NA,NA,NA,NA,NA,NA,NA,NA,NA,NA,NA,NA,NA,NA,NA,NA,NA,NA,NA,NA,NA,NA,NA,NA,NA,NA,NA,NA,NA,NA,0,NA,NA,NA,NA,NA,NA,NA,NA,NA,NA,NA,NA,NA,NA,NA,NA,NA,NA,NA,NA,NA,NA,NA,NA,NA,NA,NA,NA,NA,NA,PHI,0,NA,NA,NA,NA,0,NA,NA,0,0,0,0,NA,NA,2011,NA,NA,9,0,Punt,834,"10/16/11, 13:03:12",2011-10-16T17:32:44Z,Commanders Field,"Sunny Temp: 68° F, Humidity: 26%, Wind: WSW 7 mph",10012011-1016-039d-ee8c-bc7446e5f587,0,0,PUNT,1,NA,NA,NA,4,Punt,2011-10-16T17:28:29Z,3,1:55,0,0,0,1,1,0,KICKOFF,PUNT,06:50,04:55,WAS 25,WAS 32,742,834,20,13,Home,-7,33,-3,46.5,1,outdoors,grass,68,7,Mike Shanahan,Andy Reid,WAS00,FedExField,0,1,NA,NA,NA,NA,NA,NA,0,0,0,1,0,NA,NA,NA,NA,NA,NA,NA,NA,NA,NA,0,0,0.08114153379574418,NA,NA,NA,NA,NA,NA,NA,2011,Punt,-20.205908291432408,0.40403484179842053,0.39932804070999683,0.05805661975282828,0.2614425130519361,0,0.38135119527578354,0.5085442364215851,0.38135119527578354,0.46350159596626017,Punt,Punt,Andy Reid,Mike Shanahan,5:03,0,0,26,40,40,6,46,38,51,38
857,2011_06_PHI_WAS,2011101603,WAS,PHI,REG,6,PHI,away,WAS,PHI,72,2011-10-16,295,1195,2995,Half1,0,5,0,1,1,0,04:55,PHI 28,10,72,(4:55) 7-M.Vick pass short right to 18-J.Maclin to PHI 35 for 7 yards (23-D.Hall; 20-O.Atogwe).,pass,7,0,0,1,0,0,0,short,right,7,0,NA,NA,NA,NA,NA,NA,3,2,0,NA,NA,NA,NA,2,3,0,7,7,0,7,7,0,7,0.02785871922969818,0.15375570952892303,0.0038305302150547504,0.2728196382522583,0.22333307564258575,0.003783806227147579,0.3146185278892517,0,0,0.5012308778241277,0.33489970630034804,-8.74018523877453,8.74018523877453,0.08792011556215584,-0.08792011556215584,-8.328087242785841,8.328087242785841,0.33489970630034804,0,0.33489970630034804,0,-7.006292274047155,7.006292274047155,-3.327403917966876,3.327403917966876,-6.95588425884489,6.95588425884489,-1.3722029839409515,1.3722029839409515,0.6649261713027954,0.3350738286972046,0.3350738286972046,0.6649261713027954,0.014355003833770752,0.010345399379730225,-0.010345399379730225,0.32071882486343384,0.6792811751365662,0.7965705394744873,0.2034294605255127,0.04806444048881531,-0.04806444048881531,-0.23142355051747887,0.23142355051747887,0.014355003833770752,0,0.014355003833770752,0,-0.017185986042022705,0.017185986042022705,-0.2359042402815017,0.2359042402815017,-0.017185986042022705,0.017185986042022705,-0.21423756447545617,0.21423756447545617,0,0,0,0,0,0,0,0,0,0,0,0,0,0,0,0,0,0,0,0,0,0,0,0,0,0,0,0,0,0,0,0,0,1,0,0,0,0,0,0,0,0,0,0,0,1,1,0,0,0,0,00-0020245,M.Vick,7,00-0026995,J.Maclin,7,NA,NA,NA,NA,NA,NA,NA,NA,NA,NA,NA,NA,NA,NA,NA,NA,NA,NA,NA,NA,NA,NA,NA,NA,NA,NA,NA,NA,NA,NA,NA,NA,NA,NA,NA,NA,NA,NA,NA,NA,NA,NA,NA,NA,NA,NA,NA,NA,NA,NA,NA,00-0022923,D.Hall,WAS,00-0023501,O.Atogwe,WAS,NA,NA,NA,NA,NA,NA,0,NA,NA,NA,NA,NA,NA,NA,NA,NA,NA,NA,NA,NA,NA,NA,NA,NA,NA,NA,NA,NA,NA,NA,NA,NA,NA,NA,NA,NA,NA,NA,0,NA,NA,NA,NA,0,NA,NA,0,0,0,0,NA,NA,2011,0.6792460083961487,32.07539916038513,10,1,First down,857,"10/16/11, 13:03:12",2011-10-16T17:35:16Z,Commanders Field,"Sunny Temp: 68° F, Humidity: 26%, Wind: WSW 7 mph",10012011-1016-039d-ee8c-bc7446e5f587,0,0,PASS,0,NA,NA,NA,5,Touchdown,2011-10-16T17:35:16Z,10,5:40,4,1,1,1,2,0,PUNT,TOUCHDOWN,04:55,14:15,PHI 28,WAS 1,857,1132,20,13,Home,-7,33,-3,46.5,1,outdoors,grass,68,7,Mike Shanahan,Andy Reid,WAS00,FedExField,0,1,M.Vick,7,NA,NA,J.Maclin,18,1,0,0,0,1,00-0020245,NA,00-0026995,M.Vick,7,00-0020245,J.Maclin,00-0026995,J.Maclin,00-0026995,0,0,0.33489970630034804,0.41320528508436827,3.621596612072608,2,0.998440881841816,0.3739957904908806,0.47523796558380127,52.47620344161987,2011,Go for it,NA,NA,NA,NA,NA,NA,NA,NA,NA,NA,Punt,Go for it,Andy Reid,Mike Shanahan,4:55,NA,NA,NA,NA,NA,NA,NA,NA,NA,NA
881,2011_06_PHI_WAS,2011101603,WAS,PHI,REG,6,PHI,away,WAS,PHI,65,2011-10-16,261,1161,2961,Half1,0,5,0,1,2,0,04:21,PHI 35,3,72,(4:21) 7-M.Vick pass short right to 18-J.Maclin to PHI 45 for 10 yards (20-O.Atogwe).,pass,10,0,0,1,0,0,0,short,right,8,2,NA,NA,NA,NA,NA,NA,3,2,0,NA,NA,NA,NA,2,3,0,7,7,0,7,7,0,7,0.03262211009860039,0.1478799283504486,0.0026505549903959036,0.24743397533893585,0.23641251027584076,0.004626893438398838,0.3283739984035492,0,0,0.8361305841244757,0.8505791604984552,-9.590764399272985,9.590764399272985,0.08792011556215584,-0.08792011556215584,-9.178666403284296,9.178666403284296,0.7175594349391758,0.13301972555927932,0.7175594349391758,0.13301972555927932,-7.723851708986331,7.723851708986331,-3.4604236435261555,3.4604236435261555,-7.6734436937840655,7.6734436937840655,-1.5052227095002308,1.5052227095002308,0.6792811751365662,0.32071882486343384,0.32071882486343384,0.6792811751365662,0.020251095294952393,0.0017358660697937012,-0.0017358660697937012,0.30046772956848145,0.6995322704315186,0.8069159388542175,0.19308406114578247,0.04806444048881531,-0.04806444048881531,-0.25167464581243126,0.25167464581243126,0,0.020251095294952393,0,0.020251095294952393,-0.017185986042022705,0.017185986042022705,-0.2561553355764541,0.2561553355764541,-0.017185986042022705,0.017185986042022705,-0.23448865977040856,0.23448865977040856,0,0,1,0,0,0,0,0,0,0,0,0,0,0,0,0,0,0,0,0,0,0,0,0,1,0,0,0,0,0,0,0,0,1,0,0,0,0,0,0,0,0,0,0,0,1,0,0,0,0,0,00-0020245,M.Vick,10,00-0026995,J.Maclin,10,NA,NA,NA,NA,NA,NA,NA,NA,NA,NA,NA,NA,NA,NA,NA,NA,NA,NA,NA,NA,NA,NA,NA,NA,NA,NA,NA,NA,NA,NA,NA,NA,NA,NA,NA,NA,NA,NA,NA,NA,NA,NA,NA,NA,NA,WAS,NA,00-0023501,NA,O.Atogwe,NA,NA,NA,NA,NA,NA,NA,NA,NA,NA,NA,NA,NA,0,NA,NA,NA,NA,NA,NA,NA,NA,NA,NA,NA,NA,NA,NA,NA,NA,NA,NA,NA,NA,NA,NA,NA,NA,NA,NA,NA,NA,NA,NA,NA,0,NA,NA,NA,NA,0,NA,NA,0,0,0,0,NA,NA,2011,0.6390880346298218,36.09119653701782,10,1,First down,881,"10/16/11, 13:03:12",2011-10-16T17:35:50Z,Commanders Field,"Sunny Temp: 68° F, Humidity: 26%, Wind: WSW 7 mph",10012011-1016-039d-ee8c-bc7446e5f587,0,0,PASS,0,NA,NA,NA,5,Touchdown,2011-10-16T17:35:16Z,10,5:40,4,1,1,1,2,0,PUNT,TOUCHDOWN,04:55,14:15,PHI 28,WAS 1,857,1132,20,13,Home,-7,33,-3,46.5,1,outdoors,grass,68,7,Mike Shanahan,Andy Reid,WAS00,FedExField,0,1,M.Vick,7,NA,NA,J.Maclin,18,1,0,1,0,1,00-0020245,NA,00-0026995,M.Vick,7,00-0020245,J.Maclin,00-0026995,J.Maclin,00-0026995,0,0,0.8505791604984552,0.30378450177583827,3.7462229513184866,1,1,1,0.34331560134887695,65.6684398651123,2011,Go for it,NA,NA,NA,NA,NA,NA,NA,NA,NA,NA,Punt,Go for it,Andy Reid,Mike Shanahan,4:21,NA,NA,NA,NA,NA,NA,NA,NA,NA,NA
905,2011_06_PHI_WAS,2011101603,WAS,PHI,REG,6,PHI,away,WAS,PHI,55,2011-10-16,223,1123,2923,Half1,0,5,0,1,1,0,03:43,PHI 45,10,72,(3:43) 25-L.McCoy left tackle to WAS 49 for 6 yards (30-L.Landry).,run,6,0,0,0,0,0,0,NA,NA,NA,NA,left,tackle,NA,NA,NA,NA,3,2,0,NA,NA,NA,NA,2,3,0,7,7,0,7,7,0,7,0.029468867927789688,0.11465883255004883,0.0016565235564485192,0.19995126128196716,0.2810940444469452,0.004363430198282003,0.36880701780319214,0,0,1.6867097446229309,0.3019058459904045,-9.892670245263389,9.892670245263389,-0.21398573042824864,0.21398573042824864,-9.178666403284296,9.178666403284296,NA,NA,0,0,-7.723851708986331,7.723851708986331,-3.4604236435261555,3.4604236435261555,-7.6734436937840655,7.6734436937840655,-1.5052227095002308,1.5052227095002308,0.6995322704315186,0.30046772956848145,0.30046772956848145,0.6995322704315186,-0.01047426462173462,-0.00493776798248291,0.00493776798248291,0.31094199419021606,0.6890580058097839,0.8086518049240112,0.19134819507598877,0.05853870511054993,-0.05853870511054993,-0.25167464581243126,0.25167464581243126,NA,NA,0,0,-0.017185986042022705,0.017185986042022705,-0.2561553355764541,0.2561553355764541,-0.017185986042022705,0.017185986042022705,-0.23448865977040856,0.23448865977040856,0,0,0,0,0,0,0,0,0,0,0,0,0,0,0,0,0,0,0,0,0,0,0,0,1,0,0,0,0,0,0,0,1,0,0,0,0,0,0,0,0,0,0,0,0,0,0,0,0,0,0,NA,NA,NA,NA,NA,NA,00-0027029,L.McCoy,6,NA,NA,NA,NA,NA,NA,NA,NA,NA,NA,NA,NA,NA,NA,NA,NA,NA,NA,NA,NA,NA,NA,NA,NA,NA,NA,NA,NA,NA,NA,NA,NA,NA,NA,NA,NA,NA,NA,NA,NA,NA,NA,WAS,NA,00-0025393,NA,L.Landry,NA,NA,NA,NA,NA,NA,NA,NA,NA,NA,NA,NA,NA,0,NA,NA,NA,NA,NA,NA,NA,NA,NA,NA,NA,NA,NA,NA,NA,NA,NA,NA,NA,NA,NA,NA,NA,NA,NA,NA,NA,NA,NA,NA,NA,0,NA,NA,NA,NA,0,NA,NA,0,0,0,0,NA,NA,2011,NA,NA,11,1,First down,905,"10/16/11, 13:03:12",2011-10-16T17:36:28Z,Commanders Field,"Sunny Temp: 68° F, Humidity: 26%, Wind: WSW 7 mph",10012011-1016-039d-ee8c-bc7446e5f587,0,0,RUSH,0,NA,NA,NA,5,Touchdown,2011-10-16T17:35:16Z,10,5:40,4,1,1,1,2,0,PUNT,TOUCHDOWN,04:55,14:15,PHI 28,WAS 1,857,1132,20,13,Home,-7,33,-3,46.5,1,outdoors,grass,68,7,Mike Shanahan,Andy Reid,WAS00,FedExField,0,1,NA,NA,L.McCoy,25,NA,NA,0,1,0,0,1,NA,00-0027029,NA,L.McCoy,25,00-0027029,L.McCoy,00-0027029,L.McCoy,00-0027029,0,0,0.3019058459904045,NA,NA,NA,NA,NA,0.4695686995983124,-46.95686995983124,2011,Go for it,NA,NA,NA,NA,NA,NA,NA,NA,NA,NA,Punt,Go for it,Andy Reid,Mike Shanahan,3:43,NA,NA,NA,NA,NA,NA,NA,NA,NA,NA
926,2011_06_PHI_WAS,2011101603,WAS,PHI,REG,6,PHI,away,WAS,WAS,49,2011-10-16,184,1084,2884,Half1,0,5,0,1,2,0,03:04,WAS 49,4,72,"(3:04) (Shotgun) 25-L.McCoy right end to WAS 47 for 2 yards (52-R.McIntosh, 91-R.Kerrigan).",run,2,1,0,0,0,0,0,NA,NA,NA,NA,right,end,NA,NA,NA,NA,3,2,0,NA,NA,NA,NA,2,3,0,7,7,0,7,7,0,7,0.033431023359298706,0.10670218616724014,0.0013142440002411604,0.1812240034341812,0.2846492528915405,0.004556809086352587,0.38812246918678284,0,0,1.9886155906133354,-0.39707511966116726,-9.495595125602222,9.495595125602222,0.18308938923291862,-0.18308938923291862,-9.178666403284296,9.178666403284296,NA,NA,0,0,-7.723851708986331,7.723851708986331,-3.4604236435261555,3.4604236435261555,-7.6734436937840655,7.6734436937840655,-1.5052227095002308,1.5052227095002308,0.6890580058097839,0.31094199419021606,0.31094199419021606,0.6890580058097839,-0.008825480937957764,-0.007740914821624756,0.007740914821624756,0.31976747512817383,0.6802325248718262,0.8037140369415283,0.19628596305847168,0.06736418604850769,-0.06736418604850769,-0.25167464581243126,0.25167464581243126,NA,NA,0,0,-0.017185986042022705,0.017185986042022705,-0.2561553355764541,0.2561553355764541,-0.017185986042022705,0.017185986042022705,-0.23448865977040856,0.23448865977040856,0,0,0,0,0,0,0,0,0,0,0,0,0,0,0,0,0,0,0,0,0,0,0,0,0,0,0,0,0,0,0,0,1,0,0,0,0,0,0,0,0,0,0,0,0,0,1,0,0,0,0,NA,NA,NA,NA,NA,NA,00-0027029,L.McCoy,2,NA,NA,NA,NA,NA,NA,NA,NA,NA,NA,NA,NA,NA,NA,NA,NA,NA,NA,NA,NA,NA,NA,NA,NA,NA,NA,NA,NA,NA,NA,NA,NA,NA,NA,NA,NA,NA,NA,NA,NA,NA,NA,NA,NA,NA,NA,NA,NA,00-0027954,R.Kerrigan,WAS,NA,NA,NA,NA,NA,NA,NA,NA,NA,1,00-0024250,R.McIntosh,WAS,NA,NA,NA,NA,NA,NA,NA,NA,NA,NA,NA,NA,NA,NA,NA,NA,NA,NA,NA,NA,NA,NA,NA,NA,NA,NA,NA,NA,0,NA,NA,NA,NA,0,NA,NA,0,0,0,0,NA,NA,2011,NA,NA,11,1,First down,926,"10/16/11, 13:03:12",2011-10-16T17:37:07Z,Commanders Field,"Sunny Temp: 68° F, Humidity: 26%, Wind: WSW 7 mph",10012011-1016-039d-ee8c-bc7446e5f587,0,0,RUSH,0,NA,NA,NA,5,Touchdown,2011-10-16T17:35:16Z,10,5:40,4,1,1,1,2,0,PUNT,TOUCHDOWN,04:55,14:15,PHI 28,WAS 1,857,1132,20,13,Home,-7,33,-3,46.5,1,outdoors,grass,68,7,Mike Shanahan,Andy Reid,WAS00,FedExField,0,0,NA,NA,L.McCoy,25,NA,NA,0,1,0,0,1,NA,00-0027029,NA,L.McCoy,25,00-0027029,L.McCoy,00-0027029,L.McCoy,00-0027029,0,0,-0.39707511966116726,NA,NA,NA,NA,NA,0.41397520899772644,-41.397520899772644,2011,Go for it,NA,NA,NA,NA,NA,NA,NA,NA,NA,NA,Punt,Go for it,Andy Reid,Mike Shanahan,3:04,NA,NA,NA,NA,NA,NA,NA,NA,NA,NA
947,2011_06_PHI_WAS,2011101603,WAS,PHI,REG,6,PHI,away,WAS,WAS,47,2011-10-16,142,1042,2842,Half1,0,5,0,1,3,0,02:22,WAS 47,2,72,(2:22) (Shotgun) 7-M.Vick pass short left to 10-D.Jackson pushed ob at WAS 35 for 12 yards (26-J.Wilson).,pass,12,1,0,1,0,0,0,short,left,10,2,NA,NA,NA,NA,NA,NA,3,2,0,NA,NA,NA,NA,2,3,0,7,7,0,7,7,0,7,0.034767113626003265,0.12516722083091736,0.001353608793579042,0.19924604892730713,0.27175459265708923,0.004954362753778696,0.36275702714920044,0,0,1.591540470952168,1.5973424654221162,-11.092937591024338,11.092937591024338,0.18308938923291862,-0.18308938923291862,-10.776008868706413,10.776008868706413,1.4882929674349725,0.1090494979871437,1.4882929674349725,0.1090494979871437,-9.212144676421303,9.212144676421303,-3.569473141513299,3.569473141513299,-9.161736661219038,9.161736661219038,-1.6142722074873745,1.6142722074873745,0.6802325248718262,0.31976747512817383,0.31976747512817383,0.6802325248718262,0.04087245464324951,0.030934154987335205,-0.030934154987335205,0.2788950204849243,0.7211049795150757,0.7959731221199036,0.20402687788009644,0.06736418604850769,-0.06736418604850769,-0.2925471004556808,0.2925471004556808,0,0.04087245464324951,0,0.04087245464324951,-0.017185986042022705,0.017185986042022705,-0.2970277902197036,0.2970277902197036,-0.017185986042022705,0.017185986042022705,-0.27536111441365807,0.27536111441365807,0,0,1,0,1,0,0,0,0,0,0,0,0,0,0,0,0,0,0,0,0,0,0,0,1,0,0,0,0,0,0,0,0,1,0,0,0,0,0,0,0,0,0,0,0,1,0,0,0,0,0,00-0020245,M.Vick,12,00-0026189,D.Jackson,12,NA,NA,NA,NA,NA,NA,NA,NA,NA,NA,NA,NA,NA,NA,NA,NA,NA,NA,NA,NA,NA,NA,NA,NA,NA,NA,NA,NA,NA,NA,NA,NA,NA,NA,NA,NA,NA,NA,NA,NA,NA,NA,NA,NA,NA,WAS,NA,00-0025442,NA,J.Wilson,NA,NA,NA,NA,NA,NA,NA,NA,NA,NA,NA,NA,NA,0,NA,NA,NA,NA,NA,NA,NA,NA,NA,NA,NA,NA,NA,NA,NA,NA,NA,NA,NA,NA,NA,NA,NA,NA,NA,NA,NA,NA,NA,NA,NA,0,NA,NA,NA,NA,0,NA,NA,0,0,0,0,NA,NA,2011,0.553997814655304,44.600218534469604,11,1,First down,947,"10/16/11, 13:03:12",2011-10-16T17:37:49Z,Commanders Field,"Sunny Temp: 68° F, Humidity: 26%, Wind: WSW 7 mph",10012011-1016-039d-ee8c-bc7446e5f587,0,0,PASS,0,NA,NA,NA,5,Touchdown,2011-10-16T17:35:16Z,10,5:40,4,1,1,1,2,0,PUNT,TOUCHDOWN,04:55,14:15,PHI 28,WAS 1,857,1132,20,13,Home,-7,33,-3,46.5,1,outdoors,grass,68,7,Mike Shanahan,Andy Reid,WAS00,FedExField,0,1,M.Vick,7,NA,NA,D.Jackson,10,1,0,1,0,1,00-0020245,NA,00-0026189,M.Vick,7,00-0020245,D.Jackson,00-0026189,D.Jackson,00-0026189,1,0,1.5973424654221162,0.3073871544180091,4.081063054094557,1,1,1,0.6758691072463989,32.41308927536011,2011,Go for it,NA,NA,NA,NA,NA,NA,NA,NA,NA,NA,Punt,Go for it,Andy Reid,Mike Shanahan,2:22,NA,NA,NA,NA,NA,NA,NA,NA,NA,NA
976,2011_06_PHI_WAS,2011101603,WAS,PHI,REG,6,PHI,away,WAS,WAS,35,2011-10-16,101,1001,2801,Half1,0,5,0,1,1,0,01:41,WAS 35,10,72,(1:41) 7-M.Vick pass short right to 81-J.Avant to WAS 29 for 6 yards (22-K.Barnes).,pass,6,0,0,1,0,0,0,short,right,5,1,NA,NA,NA,NA,NA,NA,3,2,0,NA,NA,NA,NA,2,3,0,7,7,0,7,7,0,7,0.029279733076691628,0.05851771682500839,9.384103468619287e-4,0.10478474944829941,0.3837205469608307,0.0021335005294531584,0.42062535881996155,0,0,3.1888829363742843,0.35766323236748576,-11.450600823391824,11.450600823391824,0.18308938923291862,-0.18308938923291862,-11.133672101073898,11.133672101073898,0.1636149757541716,0.19404825661331415,0.1636149757541716,0.19404825661331415,-9.375759652175475,9.375759652175475,-3.7635213981266133,3.7635213981266133,-9.32535163697321,9.32535163697321,-1.8083204641006887,1.8083204641006887,0.7211049795150757,0.2788950204849243,0.2788950204849243,0.7211049795150757,4.734992980957031e-4,-0.005309581756591797,0.005309581756591797,0.2784215211868286,0.7215784788131714,0.8269072771072388,0.17309272289276123,0.06736418604850769,-0.06736418604850769,-0.2930205997537765,0.2930205997537765,0,4.734992980957031e-4,0,4.734992980957031e-4,-0.017185986042022705,0.017185986042022705,-0.2975012895177993,0.2975012895177993,-0.017185986042022705,0.017185986042022705,-0.2758346137117538,0.2758346137117538,0,0,0,0,0,0,0,0,0,0,0,0,0,0,0,0,0,0,0,0,0,0,0,0,1,0,0,0,0,0,0,0,0,1,0,0,0,0,0,0,0,0,0,0,0,1,0,0,0,0,0,00-0020245,M.Vick,6,00-0024324,J.Avant,6,NA,NA,NA,NA,NA,NA,NA,NA,NA,NA,NA,NA,NA,NA,NA,NA,NA,NA,NA,NA,NA,NA,NA,NA,NA,NA,NA,NA,NA,NA,NA,NA,NA,NA,NA,NA,NA,NA,NA,NA,NA,NA,NA,NA,NA,WAS,NA,00-0027054,NA,K.Barnes,NA,NA,NA,NA,NA,NA,NA,NA,NA,NA,NA,NA,NA,0,NA,NA,NA,NA,NA,NA,NA,NA,NA,NA,NA,NA,NA,NA,NA,NA,NA,NA,NA,NA,NA,NA,NA,NA,NA,NA,NA,NA,NA,NA,NA,0,NA,NA,NA,NA,0,NA,NA,0,0,0,0,NA,NA,2011,0.7184568047523499,28.154319524765015,12,1,First down,976,"10/16/11, 13:03:12",2011-10-16T17:38:30Z,Commanders Field,"Sunny Temp: 68° F, Humidity: 26%, Wind: WSW 7 mph",10012011-1016-039d-ee8c-bc7446e5f587,0,0,PASS,0,NA,NA,NA,5,Touchdown,2011-10-16T17:35:16Z,10,5:40,4,1,1,1,2,0,PUNT,TOUCHDOWN,04:55,14:15,PHI 28,WAS 1,857,1132,20,13,Home,-7,33,-3,46.5,1,outdoors,grass,68,7,Mike Shanahan,Andy Reid,WAS00,FedExField,0,1,M.Vick,7,NA,NA,J.Avant,81,1,0,0,0,1,00-0020245,NA,00-0024324,M.Vick,7,00-0020245,J.Avant,00-0024324,J.Avant,00-0024324,0,0,0.35766323236748576,0.42832937937820814,3.767172565392684,2,0.9947856449289247,0.2643956848187372,0.4375402331352234,56.24597668647766,2011,Go for it,NA,NA,NA,NA,NA,NA,NA,NA,NA,NA,Punt,Go for it,Andy Reid,Mike Shanahan,1:41,NA,NA,NA,NA,NA,NA,NA,NA,NA,NA
1000,2011_06_PHI_WAS,2011101603,WAS,PHI,REG,6,PHI,away,WAS,WAS,29,2011-10-16,62,962,2762,Half1,0,5,0,1,2,0,01:02,WAS 29,4,72,(1:02) 25-L.McCoy up the middle to WAS 8 for 21 yards (26-J.Wilson).,run,21,0,0,0,0,0,0,NA,NA,NA,NA,middle,NA,NA,NA,NA,NA,3,2,0,NA,NA,NA,NA,2,3,0,7,7,0,7,7,0,7,0.021628540009260178,0.05315571650862694,6.270891171880066e-4,0.07812947034835815,0.41629576683044434,0.001171441632322967,0.4289919435977936,0,0,3.54654616874177,1.5414216794306412,-12.992022502822465,12.992022502822465,-1.3583322901977226,1.3583322901977226,-11.133672101073898,11.133672101073898,NA,NA,0,0,-9.375759652175475,9.375759652175475,-3.7635213981266133,3.7635213981266133,-9.32535163697321,9.32535163697321,-1.8083204641006887,1.8083204641006887,0.7215784788131714,0.2784215211868286,0.2784215211868286,0.7215784788131714,0.057449281215667725,0.033329784870147705,-0.033329784870147705,0.2209722399711609,0.7790277600288391,0.821597695350647,0.17840230464935303,0.009914904832839966,-0.009914904832839966,-0.2930205997537765,0.2930205997537765,NA,NA,0,0,-0.017185986042022705,0.017185986042022705,-0.2975012895177993,0.2975012895177993,-0.017185986042022705,0.017185986042022705,-0.2758346137117538,0.2758346137117538,0,1,0,0,0,0,0,0,0,0,0,0,0,0,0,0,0,0,0,0,0,0,0,0,1,0,0,0,0,0,0,0,1,0,0,0,0,0,0,0,0,0,0,0,0,0,0,0,0,0,0,NA,NA,NA,NA,NA,NA,00-0027029,L.McCoy,21,NA,NA,NA,NA,NA,NA,NA,NA,NA,NA,NA,NA,NA,NA,NA,NA,NA,NA,NA,NA,NA,NA,NA,NA,NA,NA,NA,NA,NA,NA,NA,NA,NA,NA,NA,NA,NA,NA,NA,NA,NA,NA,WAS,NA,00-0025442,NA,J.Wilson,NA,NA,NA,NA,NA,NA,NA,NA,NA,NA,NA,NA,NA,0,NA,NA,NA,NA,NA,NA,NA,NA,NA,NA,NA,NA,NA,NA,NA,NA,NA,NA,NA,NA,NA,NA,NA,NA,NA,NA,NA,NA,NA,NA,NA,0,NA,NA,NA,NA,0,NA,NA,0,0,0,0,NA,NA,2011,NA,NA,12,1,First down,1000,"10/16/11, 13:03:12",2011-10-16T17:39:09Z,Commanders Field,"Sunny Temp: 68° F, Humidity: 26%, Wind: WSW 7 mph",10012011-1016-039d-ee8c-bc7446e5f587,0,0,RUSH,0,NA,NA,NA,5,Touchdown,2011-10-16T17:35:16Z,10,5:40,4,1,1,1,2,0,PUNT,TOUCHDOWN,04:55,14:15,PHI 28,WAS 1,857,1132,20,13,Home,-7,33,-3,46.5,1,outdoors,grass,68,7,Mike Shanahan,Andy Reid,WAS00,FedExField,0,1,NA,NA,L.McCoy,25,NA,NA,0,1,1,0,1,NA,00-0027029,NA,L.McCoy,25,00-0027029,L.McCoy,00-0027029,L.McCoy,00-0027029,0,0,1.5414216794306412,NA,NA,NA,NA,NA,0.3922109603881836,-39.22109603881836,2011,Go for it,NA,NA,NA,NA,NA,NA,NA,NA,NA,NA,Punt,Go for it,Andy Reid,Mike Shanahan,1:02,NA,NA,NA,NA,NA,NA,NA,NA,NA,NA
1021,2011_06_PHI_WAS,2011101603,WAS,PHI,REG,6,PHI,away,WAS,WAS,8,2011-10-16,16,916,2716,Half1,0,5,0,1,1,1,00:16,WAS 8,8,72,"(:16) (Shotgun) 28-D.Lewis right tackle for 8 yards, TOUCHDOWN. The Replay Assistant challenged the runner broke the plane ruling, and the play was REVERSED. (Shotgun) 28-D.Lewis right tackle to WAS 1 for 7 yards (98-B.Orakpo; 59-L.Fletcher).",run,7,1,0,0,0,0,0,NA,NA,NA,NA,right,tackle,NA,NA,NA,NA,3,2,0,NA,NA,NA,NA,2,3,0,7,7,0,7,7,0,7,0.01057333592325449,0.015612858347594738,4.086605040356517e-4,0.02517496794462204,0.32964998483657837,0.0014325969386845827,0.6171476244926453,0,0,5.087967848172411,0.803902082669083,-13.795924585491548,13.795924585491548,-2.1622343728668056,2.1622343728668056,-11.133672101073898,11.133672101073898,NA,NA,0,0,-9.375759652175475,9.375759652175475,-3.7635213981266133,3.7635213981266133,-9.32535163697321,9.32535163697321,-1.8083204641006887,1.8083204641006887,0.7790277600288391,0.2209722399711609,0.2209722399711609,0.7790277600288391,0.010412454605102539,0.01409006118774414,-0.01409006118774414,0.21055978536605835,0.7894402146339417,0.8549274802207947,0.14507251977920532,-4.975497722625732e-4,4.975497722625732e-4,-0.2930205997537765,0.2930205997537765,NA,NA,0,0,-0.017185986042022705,0.017185986042022705,-0.2975012895177993,0.2975012895177993,-0.017185986042022705,0.017185986042022705,-0.2758346137117538,0.2758346137117538,0,0,0,0,0,0,0,0,0,0,0,0,0,0,0,0,0,0,0,0,0,0,0,0,0,0,0,0,0,0,0,0,1,0,0,0,0,0,0,0,0,0,0,0,0,0,1,0,0,0,0,NA,NA,NA,NA,NA,NA,00-0028087,D.Lewis,7,NA,NA,NA,NA,NA,NA,NA,NA,NA,NA,NA,NA,NA,NA,NA,NA,NA,NA,NA,NA,NA,NA,NA,NA,NA,NA,NA,NA,NA,NA,NA,NA,NA,NA,NA,NA,NA,NA,NA,NA,NA,NA,NA,NA,NA,NA,NA,NA,00-0026989,B.Orakpo,WAS,00-0005322,L.Fletcher,WAS,NA,NA,NA,NA,NA,NA,0,NA,NA,NA,NA,NA,NA,NA,NA,NA,NA,NA,NA,NA,NA,NA,NA,NA,NA,NA,NA,NA,NA,NA,NA,NA,NA,NA,NA,NA,NA,NA,0,NA,NA,NA,NA,1,reversed,NA,0,0,0,0,NA,NA,2011,NA,NA,13,1,Touchdown,1021,"10/16/11, 13:03:12",2011-10-16T17:39:55Z,Commanders Field,"Sunny Temp: 68° F, Humidity: 26%, Wind: WSW 7 mph",10012011-1016-039d-ee8c-bc7446e5f587,0,0,RUSH,0,NA,NA,NA,5,Touchdown,2011-10-16T17:35:16Z,10,5:40,4,1,1,1,2,0,PUNT,TOUCHDOWN,04:55,14:15,PHI 28,WAS 1,857,1132,20,13,Home,-7,33,-3,46.5,1,outdoors,grass,68,7,Mike Shanahan,Andy Reid,WAS00,FedExField,0,1,NA,NA,D.Lewis,28,NA,NA,0,1,0,0,1,NA,00-0028087,NA,D.Lewis,28,00-0028087,D.Lewis,00-0028087,D.Lewis,00-0028087,0,0,0.803902082669083,NA,NA,NA,NA,NA,0.33327779173851013,-33.32777917385101,2011,Go for it,NA,NA,NA,NA,NA,NA,NA,NA,NA,NA,Punt,Go for it,Andy Reid,Mike Shanahan,0:16,NA,NA,NA,NA,NA,NA,NA,NA,NA,NA
1072,2011_06_PHI_WAS,2011101603,WAS,PHI,REG,6,PHI,away,WAS,NA,NA,2011-10-16,0,900,2700,Half1,1,5,0,1,NA,0,00:00,WAS 1,0,72,END QUARTER 1,NA,NA,0,0,NA,0,0,0,NA,NA,NA,NA,NA,NA,NA,NA,NA,NA,3,2,NA,NA,NA,NA,NA,2,3,0,7,7,0,7,7,0,7,0,0,0,0,0,0,0,0,0,5.891869930841494,-0,-13.795924585491548,13.795924585491548,-2.1622343728668056,2.1622343728668056,-11.133672101073898,11.133672101073898,NA,NA,NA,NA,-9.375759652175475,9.375759652175475,-3.7635213981266133,3.7635213981266133,-9.32535163697321,9.32535163697321,-1.8083204641006887,1.8083204641006887,0.7894402146339417,0.21055978536605835,0.21055978536605835,0.7894402146339417,-0,-0,0,0.21055978536605835,0.7894402146339417,0.8690175414085388,0.13098245859146118,-4.975497722625732e-4,4.975497722625732e-4,-0.2930205997537765,0.2930205997537765,NA,NA,NA,NA,-0.017185986042022705,0.017185986042022705,-0.2975012895177993,0.2975012895177993,-0.017185986042022705,0.017185986042022705,-0.2758346137117538,0.2758346137117538,NA,NA,NA,NA,NA,NA,NA,NA,NA,0,NA,NA,NA,NA,NA,NA,NA,NA,NA,NA,NA,NA,NA,NA,NA,NA,NA,NA,NA,NA,NA,NA,NA,NA,NA,NA,NA,NA,NA,NA,NA,NA,NA,NA,NA,NA,NA,NA,NA,NA,NA,NA,NA,NA,NA,NA,NA,NA,NA,NA,NA,NA,NA,NA,NA,NA,NA,NA,NA,NA,NA,NA,NA,NA,NA,NA,NA,NA,NA,NA,NA,NA,NA,NA,NA,NA,NA,NA,NA,NA,NA,NA,NA,NA,NA,NA,NA,NA,NA,NA,NA,NA,NA,NA,NA,NA,NA,NA,NA,NA,NA,NA,NA,NA,NA,NA,NA,NA,NA,NA,NA,NA,NA,NA,NA,NA,NA,NA,NA,NA,NA,NA,NA,NA,NA,NA,NA,NA,NA,NA,NA,NA,NA,NA,NA,NA,NA,NA,NA,NA,NA,NA,NA,NA,NA,NA,NA,0,NA,NA,NA,NA,NA,NA,NA,NA,2011,NA,NA,13,1,Touchdown,1072,"10/16/11, 13:03:12",NA,Commanders Field,"Sunny Temp: 68° F, Humidity: 26%, Wind: WSW 7 mph",10012011-1016-039d-ee8c-bc7446e5f587,0,0,END_QUARTER,0,NA,NA,NA,5,Touchdown,2011-10-16T17:35:16Z,10,5:40,4,1,1,1,2,0,PUNT,TOUCHDOWN,04:55,14:15,PHI 28,WAS 1,857,1132,20,13,Home,-7,33,-3,46.5,1,outdoors,grass,68,7,Mike Shanahan,Andy Reid,WAS00,FedExField,0,0,NA,NA,NA,NA,NA,NA,0,0,NA,0,0,NA,NA,NA,NA,NA,NA,NA,NA,NA,NA,0,0,-0,NA,NA,NA,NA,NA,NA,NA,2011,Other,NA,NA,NA,NA,NA,NA,NA,NA,NA,NA,Punt,NA,Andy Reid,Mike Shanahan,0:00,NA,NA,NA,NA,NA,NA,NA,NA,NA,NA
1088,2011_06_PHI_WAS,2011101603,WAS,PHI,REG,6,PHI,away,WAS,WAS,1,2011-10-16,900,900,2700,Half1,0,5,0,2,2,1,15:00,WAS 1,1,72,(15:00) 7-M.Vick up the middle to WAS 1 for no gain (59-L.Fletcher; 95-C.Neild). QB sneak,run,0,0,0,0,0,0,0,NA,NA,NA,NA,middle,NA,NA,NA,NA,NA,3,2,0,NA,NA,NA,NA,2,3,0,7,7,0,7,7,0,7,0.008820661343634129,0.012247818522155285,3.022608289029449e-4,0.024824444204568863,0.13924424350261688,0.0033335608895868063,0.811227023601532,0,0,5.891869930841494,-0.5138929635286331,-13.282031621962915,13.282031621962915,-1.6483414093381725,1.6483414093381725,-11.133672101073898,11.133672101073898,NA,NA,0,0,-9.375759652175475,9.375759652175475,-3.7635213981266133,3.7635213981266133,-9.32535163697321,9.32535163697321,-1.8083204641006887,1.8083204641006887,0.7894402146339417,0.21055978536605835,0.21055978536605835,0.7894402146339417,-0.005344569683074951,-0.011988222599029541,0.011988222599029541,0.2159043550491333,0.7840956449508667,0.8690175414085388,0.13098245859146118,0.004847019910812378,-0.004847019910812378,-0.2930205997537765,0.2930205997537765,NA,NA,0,0,-0.017185986042022705,0.017185986042022705,-0.2975012895177993,0.2975012895177993,-0.017185986042022705,0.017185986042022705,-0.2758346137117538,0.2758346137117538,0,0,0,0,0,0,0,0,0,0,0,0,0,0,0,0,0,0,0,0,0,0,0,0,0,0,0,0,0,0,0,0,1,0,0,0,0,0,0,0,0,0,0,0,0,0,1,0,0,0,0,NA,NA,NA,NA,NA,NA,00-0020245,M.Vick,0,NA,NA,NA,NA,NA,NA,NA,NA,NA,NA,NA,NA,NA,NA,NA,NA,NA,NA,NA,NA,NA,NA,NA,NA,NA,NA,NA,NA,NA,NA,NA,NA,NA,NA,NA,NA,NA,NA,NA,NA,NA,NA,NA,NA,NA,NA,NA,NA,00-0005322,L.Fletcher,WAS,00-0028191,C.Neild,WAS,NA,NA,NA,NA,NA,NA,0,NA,NA,NA,NA,NA,NA,NA,NA,NA,NA,NA,NA,NA,NA,NA,NA,NA,NA,NA,NA,NA,NA,NA,NA,NA,NA,NA,NA,NA,NA,NA,0,NA,NA,NA,NA,0,NA,NA,0,0,0,0,NA,NA,2011,NA,NA,13,1,Touchdown,1088,"10/16/11, 13:03:12",2011-10-16T17:46:03Z,Commanders Field,"Sunny Temp: 68° F, Humidity: 26%, Wind: WSW 7 mph",10012011-1016-039d-ee8c-bc7446e5f587,0,0,RUSH,0,NA,NA,NA,5,Touchdown,2011-10-16T17:35:16Z,10,5:40,4,1,1,1,2,0,PUNT,TOUCHDOWN,04:55,14:15,PHI 28,WAS 1,857,1132,20,13,Home,-7,33,-3,46.5,1,outdoors,grass,68,7,Mike Shanahan,Andy Reid,WAS00,FedExField,0,0,NA,NA,M.Vick,7,NA,NA,0,1,0,0,1,NA,00-0020245,NA,M.Vick,7,00-0020245,M.Vick,00-0020245,M.Vick,00-0020245,0,0,-0.5138929635286331,NA,NA,NA,NA,NA,0.26538652181625366,-26.538652181625366,2011,Go for it,NA,NA,NA,NA,NA,NA,NA,NA,NA,NA,Punt,Go for it,Andy Reid,Mike Shanahan,15:00,NA,NA,NA,NA,NA,NA,NA,NA,NA,NA
1113,2011_06_PHI_WAS,2011101603,WAS,PHI,REG,6,PHI,away,WAS,WAS,1,2011-10-16,859,859,2659,Half1,0,5,1,2,3,1,14:19,WAS 1,1,72,"(14:19) 79-T.Herremans reported in as eligible. 25-L.McCoy left end for 1 yard, TOUCHDOWN.",run,1,0,0,0,0,0,0,NA,NA,NA,NA,left,end,NA,NA,NA,NA,3,2,0,NA,PHI,L.McCoy,00-0027029,2,3,0,13,7,0,7,13,0,13,0.012568756006658077,0.015377466566860676,3.680198860820383e-4,0.032310981303453445,0.22560259699821472,0.0044381869956851006,0.7093340158462524,0,0,5.377976967312861,1.6220230326871388,-14.904054654650054,14.904054654650054,-3.2703644420253113,3.2703644420253113,-11.133672101073898,11.133672101073898,NA,NA,0,0,-9.375759652175475,9.375759652175475,-3.7635213981266133,3.7635213981266133,-9.32535163697321,9.32535163697321,-1.8083204641006887,1.8083204641006887,0.7840956449508667,0.2159043550491333,0.2159043550491333,0.7840956449508667,0.02229449152946472,0.04083995809636609,-0.04083995809636609,0.19360986351966858,0.8063901364803314,0.8570293188095093,0.14297068119049072,-0.017447471618652344,0.017447471618652344,-0.2930205997537765,0.2930205997537765,NA,NA,0,0,-0.017185986042022705,0.017185986042022705,-0.2975012895177993,0.2975012895177993,-0.017185986042022705,0.017185986042022705,-0.2758346137117538,0.2758346137117538,0,1,0,0,1,0,0,0,0,0,0,0,0,0,0,0,0,0,0,0,0,0,0,0,0,0,0,0,0,0,0,0,1,0,0,1,0,1,0,0,0,0,0,0,0,0,0,0,0,0,0,NA,NA,NA,NA,NA,NA,00-0027029,L.McCoy,1,NA,NA,NA,NA,NA,NA,NA,NA,NA,NA,NA,NA,NA,NA,NA,NA,NA,NA,NA,NA,NA,NA,NA,NA,NA,NA,NA,NA,NA,NA,NA,NA,NA,NA,NA,NA,NA,NA,NA,NA,NA,NA,NA,NA,NA,NA,NA,NA,NA,NA,NA,NA,NA,NA,NA,NA,NA,NA,NA,NA,0,NA,NA,NA,NA,NA,NA,NA,NA,NA,NA,NA,NA,NA,NA,NA,NA,NA,NA,NA,NA,NA,NA,NA,NA,NA,NA,NA,NA,NA,NA,NA,0,NA,NA,NA,NA,0,NA,NA,0,0,0,0,NA,NA,2011,NA,NA,13,1,Touchdown,1113,"10/16/11, 13:03:12",2011-10-16T17:46:44Z,Commanders Field,"Sunny Temp: 68° F, Humidity: 26%, Wind: WSW 7 mph",10012011-1016-039d-ee8c-bc7446e5f587,0,0,RUSH,0,NA,NA,NA,5,Touchdown,2011-10-16T17:35:16Z,10,5:40,4,1,1,1,2,0,PUNT,TOUCHDOWN,04:55,14:15,PHI 28,WAS 1,857,1132,20,13,Home,-7,33,-3,46.5,1,outdoors,grass,68,7,Mike Shanahan,Andy Reid,WAS00,FedExField,0,1,NA,NA,L.McCoy,25,NA,NA,0,1,1,0,1,NA,00-0027029,NA,L.McCoy,25,00-0027029,L.McCoy,00-0027029,L.McCoy,00-0027029,0,0,1.6220230326871388,NA,NA,NA,NA,NA,0.2963646948337555,-29.63646948337555,2011,Go for it,NA,NA,NA,NA,NA,NA,NA,NA,NA,NA,Punt,Go for it,Andy Reid,Mike Shanahan,14:19,NA,NA,NA,NA,NA,NA,NA,NA,NA,NA
1132,2011_06_PHI_WAS,2011101603,WAS,PHI,REG,6,PHI,away,WAS,WAS,2,2011-10-16,855,855,2655,Half1,0,5,1,2,NA,0,14:15,WAS 2,0,72,"6-A.Henery extra point is GOOD, Center-46-J.Dorenbos, Holder-8-C.Henry.",extra_point,0,0,0,0,0,0,0,NA,NA,NA,NA,NA,NA,NA,20,good,NA,3,2,0,NA,NA,NA,NA,2,3,0,14,13,0,13,14,0,14,0,0,0,0,0,0,0,0.982039258461783,0,0.982039258461783,0.01796074153821703,-14.92201539618827,14.92201539618827,-3.2703644420253113,3.2703644420253113,-11.133672101073898,11.133672101073898,NA,NA,0,0,-9.375759652175475,9.375759652175475,-3.7635213981266133,3.7635213981266133,-9.32535163697321,9.32535163697321,-1.8083204641006887,1.8083204641006887,0.8063901364803314,0.19360986351966858,0.19360986351966858,0.8063901364803314,0.004781842231750488,0.001320150589127378,-0.001320150589127378,0.1888280212879181,0.8111719787120819,0.8978692769058754,0.10213072309412463,-0.017447471618652344,0.017447471618652344,-0.2930205997537765,0.2930205997537765,NA,NA,0,0,-0.017185986042022705,0.017185986042022705,-0.2975012895177993,0.2975012895177993,-0.017185986042022705,0.017185986042022705,-0.2758346137117538,0.2758346137117538,0,0,0,0,0,0,0,0,0,0,0,0,0,0,0,0,0,0,0,0,0,0,0,0,0,0,0,0,0,0,0,0,0,0,0,0,0,0,0,1,0,0,0,0,0,0,0,0,0,0,0,NA,NA,NA,NA,NA,NA,NA,NA,NA,NA,NA,NA,NA,NA,NA,NA,NA,NA,NA,NA,NA,NA,NA,NA,NA,NA,NA,NA,NA,NA,NA,A.Henery,00-0028058,NA,NA,NA,NA,NA,NA,NA,NA,NA,NA,NA,NA,NA,NA,NA,NA,NA,NA,NA,NA,NA,NA,NA,NA,NA,NA,NA,NA,NA,NA,NA,NA,NA,NA,NA,NA,0,NA,NA,NA,NA,NA,NA,NA,NA,NA,NA,NA,NA,NA,NA,NA,NA,NA,NA,NA,NA,NA,NA,NA,NA,NA,NA,NA,NA,NA,NA,NA,0,NA,NA,NA,NA,0,NA,NA,0,0,0,0,NA,NA,2011,NA,NA,13,1,Touchdown,1132,"10/16/11, 13:03:12",2011-10-16T17:47:23Z,Commanders Field,"Sunny Temp: 68° F, Humidity: 26%, Wind: WSW 7 mph",10012011-1016-039d-ee8c-bc7446e5f587,0,0,XP_KICK,1,NA,NA,NA,5,Touchdown,2011-10-16T17:35:16Z,10,5:40,4,1,1,1,2,0,PUNT,TOUCHDOWN,04:55,14:15,PHI 28,WAS 1,857,1132,20,13,Home,-7,33,-3,46.5,1,outdoors,grass,68,7,Mike Shanahan,Andy Reid,WAS00,FedExField,0,1,NA,NA,NA,NA,NA,NA,0,0,0,1,0,NA,NA,NA,NA,NA,NA,NA,NA,NA,NA,0,0,0.01796074153821703,NA,NA,NA,NA,NA,NA,NA,2011,Other,NA,NA,NA,NA,NA,NA,NA,NA,NA,NA,Punt,Other,Andy Reid,Mike Shanahan,14:15,NA,NA,NA,NA,NA,NA,NA,NA,NA,NA
1148,2011_06_PHI_WAS,2011101603,WAS,PHI,REG,6,WAS,home,PHI,PHI,35,2011-10-16,855,855,2655,Half1,0,6,0,2,NA,0,14:15,PHI 35,0,24,"6-A.Henery kicks 70 yards from PHI 35 to WAS -5. 16-B.Banks to WAS -4 for 1 yard. FUMBLES, and recovers at WAS -4. 16-B.Banks pushed ob at WAS 10 for 14 yards (56-A.Jordan). PENALTY on WAS-64-K.Golston, Offensive Holding, 5 yards, enforced at WAS 10.",kickoff,0,0,0,0,0,0,0,NA,NA,NA,NA,NA,NA,NA,70,NA,NA,3,2,0,NA,NA,NA,NA,3,2,0,14,0,14,-14,0,14,-14,0.07718119025230408,0.17175066471099854,0.0031396413687616587,0.2171896994113922,0.20696838200092316,0.0027874952647835016,0.3209829032421112,0,0,0.8315012864768505,-0.9403880829922855,-15.862403479180555,15.862403479180555,-3.2703644420253113,3.2703644420253113,-11.133672101073898,11.133672101073898,NA,NA,0,0,-9.375759652175475,9.375759652175475,-3.7635213981266133,3.7635213981266133,-9.32535163697321,9.32535163697321,-1.8083204641006887,1.8083204641006887,0.1888280212879181,0.8111719787120819,0.1888280212879181,0.8111719787120819,-0.021833792328834534,-0.006455644965171814,-0.006455644965171814,0.16699422895908356,0.8330057710409164,0.10081057250499725,0.10081057250499725,-0.017447471618652344,0.017447471618652344,-0.2930205997537765,0.2930205997537765,NA,NA,0,0,-0.017185986042022705,0.017185986042022705,-0.2975012895177993,0.2975012895177993,-0.017185986042022705,0.017185986042022705,-0.2758346137117538,0.2758346137117538,0,0,0,0,0,0,0,0,0,0,0,0,0,0,0,0,1,1,0,0,0,0,1,0,1,0,1,0,0,0,0,0,0,0,0,0,0,0,0,0,0,0,1,0,1,0,0,0,0,0,0,NA,NA,NA,NA,NA,NA,NA,NA,NA,NA,NA,NA,NA,NA,NA,NA,NA,NA,NA,NA,NA,NA,NA,NA,NA,B.Banks,00-0027618,NA,NA,NA,NA,A.Henery,00-0028058,NA,NA,NA,NA,NA,NA,NA,NA,NA,NA,NA,NA,NA,NA,NA,NA,NA,NA,PHI,NA,00-0025719,NA,A.Jordan,NA,NA,NA,NA,NA,NA,NA,NA,NA,NA,NA,NA,NA,0,NA,NA,NA,NA,NA,NA,NA,NA,NA,NA,WAS,00-0027618,B.Banks,NA,NA,NA,WAS,0,00-0027618,B.Banks,NA,NA,NA,NA,NA,NA,NA,NA,NA,NA,WAS,15,WAS,00-0024410,K.Golston,5,0,NA,Offensive Holding,0,0,0,0,NA,NA,2011,NA,NA,14,1,First down,1148,"10/16/11, 13:03:12",2011-10-16T17:49:46Z,Commanders Field,"Sunny Temp: 68° F, Humidity: 26%, Wind: WSW 7 mph",10012011-1016-039d-ee8c-bc7446e5f587,0,0,KICK_OFF,1,NA,NA,NA,6,Punt,2011-10-16T17:49:46Z,5,2:19,1,0,0,2,2,15,KICKOFF,PUNT,14:15,11:56,WAS 5,WAS 29,1148,1356,20,13,Home,-7,33,-3,46.5,1,outdoors,grass,68,7,Mike Shanahan,Andy Reid,WAS00,FedExField,0,0,NA,NA,NA,NA,NA,NA,0,0,0,1,0,NA,NA,NA,NA,NA,NA,NA,NA,NA,NA,1,0,-0.9403880829922855,NA,NA,NA,NA,NA,NA,NA,2011,Other,NA,NA,NA,NA,NA,NA,NA,NA,NA,NA,Punt,Other (Penalty),Andy Reid,Mike Shanahan,14:15,NA,NA,NA,NA,NA,NA,NA,NA,NA,NA
1181,2011_06_PHI_WAS,2011101603,WAS,PHI,REG,6,WAS,home,PHI,WAS,95,2011-10-16,847,847,2647,Half1,0,6,0,2,1,0,14:07,WAS 5,10,24,(14:07) (Shotgun) 8-R.Grossman pass incomplete short left to 10-J.Gaffney.,pass,0,1,0,1,0,0,0,short,left,1,NA,NA,NA,NA,NA,NA,NA,3,2,0,NA,NA,NA,NA,3,2,0,14,0,14,-14,0,14,-14,0.08531681448221207,0.20635880529880524,0.021039552986621857,0.2530462145805359,0.17703482508659363,0.001587739447131753,0.25561603903770447,0,0,-0.10888679651543498,-0.48868367657996714,-16.351087155760524,16.351087155760524,-3.2703644420253113,3.2703644420253113,-11.622355777653866,11.622355777653866,-0.44912952766753733,-0.03955414891242981,0,0,-9.375759652175475,9.375759652175475,-3.7635213981266133,3.7635213981266133,-9.774481164640747,9.774481164640747,-1.8478746130131185,1.8478746130131185,0.16699422895908356,0.8330057710409164,0.16699422895908356,0.8330057710409164,-0.010189294815063477,-0.008177109062671661,-0.008177109062671661,0.15680493414402008,0.8431950658559799,0.09435492753982544,0.09435492753982544,-0.017447471618652344,0.017447471618652344,-0.30320989456883995,0.30320989456883995,0,-0.010189294815063477,0,0,-0.017185986042022705,0.017185986042022705,-0.2975012895177993,0.2975012895177993,-0.017185986042022705,0.017185986042022705,-0.28602390852681725,0.28602390852681725,0,0,0,0,0,0,0,0,1,0,0,0,0,0,0,0,0,0,0,0,0,0,0,0,0,0,0,0,0,0,0,0,0,1,0,0,0,0,0,0,0,0,0,0,0,0,0,0,0,0,0,00-0022121,R.Grossman,NA,00-0021163,J.Gaffney,NA,NA,NA,NA,NA,NA,NA,NA,NA,NA,NA,NA,NA,NA,NA,NA,NA,NA,NA,NA,NA,NA,NA,NA,NA,NA,NA,NA,NA,NA,NA,NA,NA,NA,NA,NA,NA,NA,NA,NA,NA,NA,NA,NA,NA,NA,NA,NA,NA,NA,NA,NA,NA,NA,NA,NA,NA,NA,NA,NA,NA,NA,NA,NA,0,NA,NA,NA,NA,NA,NA,NA,NA,NA,NA,NA,NA,NA,NA,NA,NA,NA,NA,NA,NA,NA,NA,NA,NA,NA,NA,NA,NA,NA,NA,NA,0,NA,NA,NA,NA,0,NA,NA,0,0,0,0,NA,NA,2011,0.7757986187934875,-77.57986187934875,14,1,First down,1181,"10/16/11, 13:03:12",2011-10-16T17:50:51Z,Commanders Field,"Sunny Temp: 68° F, Humidity: 26%, Wind: WSW 7 mph",10012011-1016-039d-ee8c-bc7446e5f587,0,0,PASS,0,NA,NA,NA,6,Punt,2011-10-16T17:49:46Z,5,2:19,1,0,0,2,2,15,KICKOFF,PUNT,14:15,11:56,WAS 5,WAS 29,1148,1356,20,13,Home,-7,33,-3,46.5,1,outdoors,grass,68,7,Mike Shanahan,Andy Reid,WAS00,FedExField,0,0,R.Grossman,8,NA,NA,J.Gaffney,10,1,0,0,0,1,00-0022121,NA,00-0021163,R.Grossman,8,00-0022121,J.Gaffney,00-0021163,J.Gaffney,00-0021163,0,0,-0.48868367657996714,0.6437545435138052,6.001977915890166,4,0.49877248200937174,0.21298840511008166,0.3046315908432007,69.53684091567993,2011,Go for it,NA,NA,NA,NA,NA,NA,NA,NA,NA,NA,Punt,Go for it,Andy Reid,Mike Shanahan,14:07,NA,NA,NA,NA,NA,NA,NA,NA,NA,NA
1207,2011_06_PHI_WAS,2011101603,WAS,PHI,REG,6,WAS,home,PHI,WAS,95,2011-10-16,843,843,2643,Half1,0,6,0,2,2,0,14:03,WAS 5,10,24,(14:03) 29-R.Helu left tackle to WAS 7 for 2 yards (93-J.Babin).,run,2,0,0,0,0,0,0,NA,NA,NA,NA,left,tackle,NA,NA,NA,NA,3,2,0,NA,NA,NA,NA,3,2,0,14,0,14,-14,0,14,-14,0.0854276493191719,0.23060952126979828,0.023535460233688354,0.2744160592556,0.1582346260547638,0.0013798727886751294,0.2263968288898468,0,0,-0.5975704730954021,-0.5307433425914496,-16.881830498351974,16.881830498351974,-3.801107784616761,3.801107784616761,-11.622355777653866,11.622355777653866,NA,NA,0,0,-9.375759652175475,9.375759652175475,-3.7635213981266133,3.7635213981266133,-9.774481164640747,9.774481164640747,-1.8478746130131185,1.8478746130131185,0.15680493414402008,0.8431950658559799,0.15680493414402008,0.8431950658559799,-0.014742955565452576,-0.004961572587490082,-0.004961572587490082,0.1420619785785675,0.8579380214214325,0.08617781847715378,0.08617781847715378,-0.03219042718410492,0.03219042718410492,-0.30320989456883995,0.30320989456883995,NA,NA,0,0,-0.017185986042022705,0.017185986042022705,-0.2975012895177993,0.2975012895177993,-0.017185986042022705,0.017185986042022705,-0.28602390852681725,0.28602390852681725,0,0,0,0,0,0,0,0,0,0,0,0,0,0,0,0,0,0,0,0,0,0,0,0,1,0,0,0,0,0,0,0,1,0,0,0,0,0,0,0,0,0,0,0,0,0,0,0,0,0,0,NA,NA,NA,NA,NA,NA,00-0028043,R.Helu,2,NA,NA,NA,NA,NA,NA,NA,NA,NA,NA,NA,NA,NA,NA,NA,NA,NA,NA,NA,NA,NA,NA,NA,NA,NA,NA,NA,NA,NA,NA,NA,NA,NA,NA,NA,NA,NA,NA,NA,NA,NA,NA,PHI,NA,00-0022695,NA,J.Babin,NA,NA,NA,NA,NA,NA,NA,NA,NA,NA,NA,NA,NA,0,NA,NA,NA,NA,NA,NA,NA,NA,NA,NA,NA,NA,NA,NA,NA,NA,NA,NA,NA,NA,NA,NA,NA,NA,NA,NA,NA,NA,NA,NA,NA,0,NA,NA,NA,NA,0,NA,NA,0,0,0,0,NA,NA,2011,NA,NA,14,1,First down,1207,"10/16/11, 13:03:12",2011-10-16T17:51:30Z,Commanders Field,"Sunny Temp: 68° F, Humidity: 26%, Wind: WSW 7 mph",10012011-1016-039d-ee8c-bc7446e5f587,0,0,RUSH,0,NA,NA,NA,6,Punt,2011-10-16T17:49:46Z,5,2:19,1,0,0,2,2,15,KICKOFF,PUNT,14:15,11:56,WAS 5,WAS 29,1148,1356,20,13,Home,-7,33,-3,46.5,1,outdoors,grass,68,7,Mike Shanahan,Andy Reid,WAS00,FedExField,0,0,NA,NA,R.Helu,29,NA,NA,0,1,0,0,1,NA,00-0028043,NA,R.Helu,29,00-0028043,R.Helu,00-0028043,R.Helu,00-0028043,0,0,-0.5307433425914496,NA,NA,NA,NA,NA,0.4427684545516968,-44.27684545516968,2011,Go for it,NA,NA,NA,NA,NA,NA,NA,NA,NA,NA,Punt,Go for it,Andy Reid,Mike Shanahan,14:03,NA,NA,NA,NA,NA,NA,NA,NA,NA,NA
1228,2011_06_PHI_WAS,2011101603,WAS,PHI,REG,6,WAS,home,PHI,WAS,93,2011-10-16,809,809,2609,Half1,0,6,0,2,3,0,13:29,WAS 7,8,24,"(13:29) (Shotgun) 8-R.Grossman pass incomplete deep middle to 29-R.Helu. PENALTY on PHI-42-K.Coleman, Unnecessary Roughness, 15 yards, enforced at WAS 7 - No Play.",no_play,0,1,0,0,0,0,0,NA,NA,NA,NA,NA,NA,NA,NA,NA,NA,3,2,0,NA,NA,NA,NA,3,2,0,14,0,14,-14,0,14,-14,0.08278345316648483,0.25137123465538025,0.01957446150481701,0.3060096800327301,0.14207667112350464,0.001300926087424159,0.19688352942466736,0,0,-1.1283138156868517,2.0118777132593095,-14.869952785092662,14.869952785092662,-3.801107784616761,3.801107784616761,-11.622355777653866,11.622355777653866,NA,NA,0,0,-9.375759652175475,9.375759652175475,-3.7635213981266133,3.7635213981266133,-9.774481164640747,9.774481164640747,-1.8478746130131185,1.8478746130131185,0.1420619785785675,0.8579380214214325,0.1420619785785675,0.8579380214214325,0.04994560778141022,0.019653812050819397,0.019653812050819397,0.19200758635997772,0.8079924136400223,0.0812162458896637,0.0812162458896637,-0.03219042718410492,0.03219042718410492,-0.30320989456883995,0.30320989456883995,NA,NA,0,0,-0.017185986042022705,0.017185986042022705,-0.2975012895177993,0.2975012895177993,-0.017185986042022705,0.017185986042022705,-0.28602390852681725,0.28602390852681725,0,0,0,1,0,0,0,0,0,0,0,0,0,0,0,0,0,0,0,0,0,0,0,0,0,0,1,0,0,0,0,0,0,0,0,0,0,0,0,0,0,0,0,0,0,0,0,0,0,0,0,NA,NA,NA,NA,NA,NA,NA,NA,NA,NA,NA,NA,NA,NA,NA,NA,NA,NA,NA,NA,NA,NA,NA,NA,NA,NA,NA,NA,NA,NA,NA,NA,NA,NA,NA,NA,NA,NA,NA,NA,NA,NA,NA,NA,NA,NA,NA,NA,NA,NA,NA,NA,NA,NA,NA,NA,NA,NA,NA,NA,NA,NA,NA,NA,NA,NA,NA,NA,NA,0,NA,NA,NA,NA,NA,NA,NA,NA,NA,NA,NA,NA,NA,NA,NA,NA,NA,NA,NA,NA,NA,NA,NA,NA,NA,NA,NA,NA,NA,NA,NA,0,PHI,00-0027835,K.Coleman,15,0,NA,Unnecessary Roughness,0,0,0,0,NA,NA,2011,NA,NA,14,1,First down,1228,"10/16/11, 13:03:12",2011-10-16T17:52:04Z,Commanders Field,"Sunny Temp: 68° F, Humidity: 26%, Wind: WSW 7 mph",10012011-1016-039d-ee8c-bc7446e5f587,0,0,PENALTY,0,NA,NA,NA,6,Punt,2011-10-16T17:49:46Z,5,2:19,1,0,0,2,2,15,KICKOFF,PUNT,14:15,11:56,WAS 5,WAS 29,1148,1356,20,13,Home,-7,33,-3,46.5,1,outdoors,grass,68,7,Mike Shanahan,Andy Reid,WAS00,FedExField,0,1,R.Grossman,8,NA,NA,R.Helu,29,1,0,1,0,1,00-0022121,NA,00-0028043,R.Grossman,8,00-0022121,NA,NA,R.Helu,00-0028043,0,0,2.0118777132593095,NA,NA,NA,NA,NA,0.9111372232437134,8.886277675628662,2011,Other,NA,NA,NA,NA,NA,NA,NA,NA,NA,NA,Punt,Go for it (Penalty),Andy Reid,Mike Shanahan,13:29,NA,NA,NA,NA,NA,NA,NA,NA,NA,NA
1261,2011_06_PHI_WAS,2011101603,WAS,PHI,REG,6,WAS,home,PHI,WAS,78,2011-10-16,804,804,2604,Half1,0,6,0,2,1,0,13:24,WAS 22,10,24,(13:24) 8-R.Grossman pass short left to 83-F.Davis to WAS 28 for 6 yards (53-M.Fokou) [59-B.Rolle].,pass,6,0,0,1,0,0,0,short,left,3,3,NA,NA,NA,NA,NA,NA,3,2,0,NA,NA,NA,NA,3,2,0,14,0,14,-14,0,14,-14,0.08724953979253769,0.16383802890777588,0.0028334204107522964,0.21387094259262085,0.2077653408050537,0.0033106855116784573,0.32113200426101685,0,0,0.8835638975724578,0.37543958332389593,-14.494513201768767,14.494513201768767,-3.801107784616761,3.801107784616761,-11.24691619432997,11.24691619432997,-0.08846840588375926,0.4639079892076552,-0.08846840588375926,0.4639079892076552,-9.464228058059234,9.464228058059234,-3.299613408918958,3.299613408918958,-9.862949570524506,9.862949570524506,-1.3839666238054633,1.3839666238054633,0.19200758635997772,0.8079924136400223,0.19200758635997772,0.8079924136400223,0.0029094666242599487,-0.00328730046749115,-0.00328730046749115,0.19491705298423767,0.8050829470157623,0.1008700579404831,0.1008700579404831,-0.03219042718410492,0.03219042718410492,-0.30030042794458,0.30030042794458,0,0.0029094666242599487,0,0.0029094666242599487,-0.017185986042022705,0.017185986042022705,-0.29459182289353936,0.29459182289353936,-0.017185986042022705,0.017185986042022705,-0.2831144419025573,0.2831144419025573,0,0,0,0,0,0,0,0,0,0,0,0,0,0,0,0,0,0,0,0,0,0,0,0,1,0,0,0,0,0,0,1,0,1,0,0,0,0,0,0,0,0,0,0,0,1,0,0,0,0,0,00-0022121,R.Grossman,6,00-0026188,F.Davis,6,NA,NA,NA,NA,NA,NA,NA,NA,NA,NA,NA,NA,NA,NA,NA,NA,NA,NA,NA,NA,NA,NA,NA,NA,NA,NA,NA,NA,NA,NA,NA,NA,NA,NA,NA,00-0028131,B.Rolle,NA,NA,NA,NA,NA,NA,NA,NA,PHI,NA,00-0026951,NA,M.Fokou,NA,NA,NA,NA,NA,NA,NA,NA,NA,NA,NA,NA,NA,0,NA,NA,NA,NA,NA,NA,NA,NA,NA,NA,NA,NA,NA,NA,NA,NA,NA,NA,NA,NA,NA,NA,NA,NA,NA,NA,NA,NA,NA,NA,NA,0,NA,NA,NA,NA,0,NA,NA,0,0,0,0,NA,NA,2011,0.4544266164302826,54.55733835697174,15,0,Punt,1261,"10/16/11, 13:03:12",2011-10-16T17:53:18Z,Commanders Field,"Sunny Temp: 68° F, Humidity: 26%, Wind: WSW 7 mph",10012011-1016-039d-ee8c-bc7446e5f587,0,0,PASS,0,NA,NA,NA,6,Punt,2011-10-16T17:49:46Z,5,2:19,1,0,0,2,2,15,KICKOFF,PUNT,14:15,11:56,WAS 5,WAS 29,1148,1356,20,13,Home,-7,33,-3,46.5,1,outdoors,grass,68,7,Mike Shanahan,Andy Reid,WAS00,FedExField,0,1,R.Grossman,8,NA,NA,F.Davis,83,1,0,0,0,1,00-0022121,NA,00-0026188,R.Grossman,8,00-0022121,F.Davis,00-0026188,F.Davis,00-0026188,0,0,0.37543958332389593,0.5385023719878543,4.731004198147275,3,0.807006241986528,0.2309274619910866,0.47833502292633057,52.16649770736694,2011,Go for it,NA,NA,NA,NA,NA,NA,NA,NA,NA,NA,Punt,Go for it,Andy Reid,Mike Shanahan,13:24,NA,NA,NA,NA,NA,NA,NA,NA,NA,NA
1285,2011_06_PHI_WAS,2011101603,WAS,PHI,REG,6,WAS,home,PHI,WAS,72,2011-10-16,764,764,2564,Half1,0,6,0,2,2,0,12:44,WAS 28,4,24,(12:44) 46-R.Torain up the middle to WAS 29 for 1 yard (94-D.Landri).,run,1,0,0,0,0,0,0,NA,NA,NA,NA,middle,NA,NA,NA,NA,NA,3,2,0,NA,NA,NA,NA,3,2,0,14,0,14,-14,0,14,-14,0.09416448324918747,0.14419302344322205,0.0025521935895085335,0.19744257628917694,0.2092430293560028,0.0031553804874420166,0.34924930334091187,0,0,1.2590034808963537,-0.5269850604236126,-15.02149826219238,15.02149826219238,-4.3280928450403735,4.3280928450403735,-11.24691619432997,11.24691619432997,NA,NA,0,0,-9.464228058059234,9.464228058059234,-3.299613408918958,3.299613408918958,-9.862949570524506,9.862949570524506,-1.3839666238054633,1.3839666238054633,0.19491705298423767,0.8050829470157623,0.19491705298423767,0.8050829470157623,-0.004719674587249756,-0.0059427618980407715,-0.0059427618980407715,0.19019737839698792,0.8098026216030121,0.09758275747299194,0.09758275747299194,-0.036910101771354675,0.036910101771354675,-0.30030042794458,0.30030042794458,NA,NA,0,0,-0.017185986042022705,0.017185986042022705,-0.29459182289353936,0.29459182289353936,-0.017185986042022705,0.017185986042022705,-0.2831144419025573,0.2831144419025573,0,0,0,0,0,0,0,0,0,0,0,0,0,0,0,0,0,0,0,0,0,0,0,0,1,0,0,0,0,0,0,0,1,0,0,0,0,0,0,0,0,0,0,0,0,0,0,0,0,0,0,NA,NA,NA,NA,NA,NA,00-0026279,R.Torain,1,NA,NA,NA,NA,NA,NA,NA,NA,NA,NA,NA,NA,NA,NA,NA,NA,NA,NA,NA,NA,NA,NA,NA,NA,NA,NA,NA,NA,NA,NA,NA,NA,NA,NA,NA,NA,NA,NA,NA,NA,NA,NA,PHI,NA,00-0025553,NA,D.Landri,NA,NA,NA,NA,NA,NA,NA,NA,NA,NA,NA,NA,NA,0,NA,NA,NA,NA,NA,NA,NA,NA,NA,NA,NA,NA,NA,NA,NA,NA,NA,NA,NA,NA,NA,NA,NA,NA,NA,NA,NA,NA,NA,NA,NA,0,NA,NA,NA,NA,0,NA,NA,0,0,0,0,NA,NA,2011,NA,NA,15,0,Punt,1285,"10/16/11, 13:03:12",2011-10-16T17:53:59Z,Commanders Field,"Sunny Temp: 68° F, Humidity: 26%, Wind: WSW 7 mph",10012011-1016-039d-ee8c-bc7446e5f587,0,0,RUSH,0,NA,NA,NA,6,Punt,2011-10-16T17:49:46Z,5,2:19,1,0,0,2,2,15,KICKOFF,PUNT,14:15,11:56,WAS 5,WAS 29,1148,1356,20,13,Home,-7,33,-3,46.5,1,outdoors,grass,68,7,Mike Shanahan,Andy Reid,WAS00,FedExField,0,0,NA,NA,R.Torain,46,NA,NA,0,1,0,0,1,NA,00-0026279,NA,R.Torain,46,00-0026279,R.Torain,00-0026279,R.Torain,00-0026279,0,0,-0.5269850604236126,NA,NA,NA,NA,NA,0.3990000784397125,-39.90000784397125,2011,Go for it,NA,NA,NA,NA,NA,NA,NA,NA,NA,NA,Punt,Go for it,Andy Reid,Mike Shanahan,12:44,NA,NA,NA,NA,NA,NA,NA,NA,NA,NA
1311,2011_06_PHI_WAS,2011101603,WAS,PHI,REG,6,WAS,home,PHI,WAS,71,2011-10-16,730,730,2530,Half1,0,6,0,2,3,0,12:10,WAS 29,3,24,"(12:10) (Shotgun) 8-R.Grossman pass incomplete short middle to 10-J.Gaffney (23-D.Rodgers-Cromartie). Penalty on WAS-83-F.Davis, Offensive Pass Interference, declined.",pass,0,1,0,1,0,0,0,short,middle,1,NA,NA,NA,NA,NA,NA,NA,3,2,0,NA,NA,NA,NA,3,2,0,14,0,14,-14,0,14,-14,0.10628879070281982,0.15608276426792145,0.0026365735102444887,0.22585108876228333,0.19047443568706512,0.0031180346850305796,0.315548300743103,0,0,0.7320184204727411,-1.460675654001534,-16.482173916193915,16.482173916193915,-4.3280928450403735,4.3280928450403735,-12.707591848331504,12.707591848331504,-1.2864438816905022,-0.17423177231103182,0,0,-9.464228058059234,9.464228058059234,-3.299613408918958,3.299613408918958,-11.149393452215008,11.149393452215008,-1.5581983961164951,1.5581983961164951,0.19019737839698792,0.8098026216030121,0.19019737839698792,0.8098026216030121,-0.02998580038547516,-0.007530532777309418,-0.007530532777309418,0.16021157801151276,0.8397884219884872,0.09163999557495117,0.09163999557495117,-0.036910101771354675,0.036910101771354675,-0.33028622833005516,0.33028622833005516,0,-0.02998580038547516,0,0,-0.017185986042022705,0.017185986042022705,-0.29459182289353936,0.29459182289353936,-0.017185986042022705,0.017185986042022705,-0.31310024228803246,0.31310024228803246,0,0,0,0,0,1,0,0,1,0,0,0,0,0,0,0,0,0,0,0,0,0,0,0,0,0,0,0,0,0,0,0,0,1,0,0,0,0,0,0,0,0,0,0,0,0,0,0,0,0,0,00-0022121,R.Grossman,NA,00-0021163,J.Gaffney,NA,NA,NA,NA,NA,NA,NA,NA,NA,NA,NA,NA,NA,NA,NA,NA,NA,NA,NA,NA,NA,NA,NA,NA,NA,NA,NA,NA,NA,NA,NA,NA,NA,NA,NA,NA,NA,NA,NA,NA,NA,NA,NA,NA,NA,NA,NA,NA,NA,NA,NA,NA,NA,NA,NA,NA,NA,NA,NA,NA,NA,NA,NA,NA,0,NA,NA,NA,NA,NA,NA,00-0026156,D.Rodgers-Cromartie,NA,NA,NA,NA,NA,NA,NA,NA,NA,NA,NA,NA,NA,NA,NA,NA,NA,NA,NA,NA,NA,NA,NA,0,NA,NA,NA,NA,0,NA,NA,0,0,0,0,NA,NA,2011,0.7181640267372131,-71.81640267372131,15,0,Punt,1311,"10/16/11, 13:03:12",2011-10-16T17:54:33Z,Commanders Field,"Sunny Temp: 68° F, Humidity: 26%, Wind: WSW 7 mph",10012011-1016-039d-ee8c-bc7446e5f587,0,0,PASS,0,NA,NA,NA,6,Punt,2011-10-16T17:49:46Z,5,2:19,1,0,0,2,2,15,KICKOFF,PUNT,14:15,11:56,WAS 5,WAS 29,1148,1356,20,13,Home,-7,33,-3,46.5,1,outdoors,grass,68,7,Mike Shanahan,Andy Reid,WAS00,FedExField,0,0,R.Grossman,8,NA,NA,J.Gaffney,10,1,0,0,0,1,00-0022121,NA,00-0021163,R.Grossman,8,00-0022121,J.Gaffney,00-0021163,J.Gaffney,00-0021163,0,0,-1.460675654001534,1.9780220958686492,6.48638520926761,4,0.7544930413132533,0.7544930413132533,0.8781453371047974,12.185466289520264,2011,Go for it,NA,NA,NA,NA,NA,NA,NA,NA,NA,NA,Punt,Go for it,Andy Reid,Mike Shanahan,12:10,NA,NA,NA,NA,NA,NA,NA,NA,NA,NA
1356,2011_06_PHI_WAS,2011101603,WAS,PHI,REG,6,WAS,home,PHI,WAS,71,2011-10-16,723,723,2523,Half1,0,6,0,2,4,0,12:03,WAS 29,3,24,"(12:03) 6-S.Rocca punts 50 yards to PHI 21, Center-57-N.Sundberg, fair catch by 10-D.Jackson.",punt,0,0,0,0,0,0,0,NA,NA,NA,NA,NA,NA,NA,50,NA,NA,3,2,0,NA,NA,NA,NA,3,2,0,14,0,14,-14,0,14,-14,0.1215524971485138,0.209420844912529,0.004072216805070639,0.29608964920043945,0.14613604545593262,0.0034263767302036285,0.21930234134197235,0,0,-0.7286572335287929,0.5016392348334193,-15.980534681360494,15.980534681360494,-4.3280928450403735,4.3280928450403735,-12.707591848331504,12.707591848331504,NA,NA,0,0,-9.464228058059234,9.464228058059234,-3.299613408918958,3.299613408918958,-11.149393452215008,11.149393452215008,-1.5581983961164951,1.5581983961164951,0.16021157801151276,0.8397884219884872,0.16021157801151276,0.8397884219884872,-0.006220832467079163,3.596171736717224e-4,3.596171736717224e-4,0.1539907455444336,0.8460092544555664,0.08410946279764175,0.08410946279764175,-0.036910101771354675,0.036910101771354675,-0.33028622833005516,0.33028622833005516,NA,NA,0,0,-0.017185986042022705,0.017185986042022705,-0.29459182289353936,0.29459182289353936,-0.017185986042022705,0.017185986042022705,-0.31310024228803246,0.31310024228803246,0,0,0,0,0,0,0,0,0,0,0,0,0,0,0,1,0,0,0,0,0,0,0,0,0,0,0,0,0,0,0,0,0,0,0,0,0,0,0,0,0,0,0,1,0,0,0,0,0,0,0,NA,NA,NA,NA,NA,NA,NA,NA,NA,NA,NA,NA,NA,NA,NA,NA,NA,NA,NA,NA,NA,00-0026189,D.Jackson,NA,NA,NA,NA,NA,NA,00-0024515,S.Rocca,NA,NA,NA,NA,NA,NA,NA,NA,NA,NA,NA,NA,NA,NA,NA,NA,NA,NA,NA,NA,NA,NA,NA,NA,NA,NA,NA,NA,NA,NA,NA,NA,NA,NA,NA,NA,NA,NA,0,NA,NA,NA,NA,NA,NA,NA,NA,NA,NA,NA,NA,NA,NA,NA,NA,NA,NA,NA,NA,NA,NA,NA,NA,NA,NA,NA,NA,NA,NA,PHI,0,NA,NA,NA,NA,0,NA,NA,0,0,0,0,NA,NA,2011,NA,NA,15,0,Punt,1356,"10/16/11, 13:03:12",2011-10-16T17:55:21Z,Commanders Field,"Sunny Temp: 68° F, Humidity: 26%, Wind: WSW 7 mph",10012011-1016-039d-ee8c-bc7446e5f587,0,0,PUNT,1,NA,NA,NA,6,Punt,2011-10-16T17:49:46Z,5,2:19,1,0,0,2,2,15,KICKOFF,PUNT,14:15,11:56,WAS 5,WAS 29,1148,1356,20,13,Home,-7,33,-3,46.5,1,outdoors,grass,68,7,Mike Shanahan,Andy Reid,WAS00,FedExField,0,1,NA,NA,NA,NA,NA,NA,0,0,0,1,0,NA,NA,NA,NA,NA,NA,NA,NA,NA,NA,0,0,0.5016392348334193,NA,NA,NA,NA,NA,NA,NA,2011,Punt,-19.15451671206312,0.4022306366459816,0.3078158860100952,0.017919779901294588,0.1912107921826114,0,0.28136252239346504,0.4338466068729758,0.28136252239346504,0.3827559593032426,Punt,Punt,Andy Reid,Mike Shanahan,12:03,0,0,19,40,31,2,38,28,43,28
1391,2011_06_PHI_WAS,2011101603,WAS,PHI,REG,6,PHI,away,WAS,PHI,79,2011-10-16,716,716,2516,Half1,0,7,0,2,1,0,11:56,PHI 21,10,69,"(11:56) 25-L.McCoy right end to PHI 21 for no gain (52-R.McIntosh, 59-L.Fletcher).",run,0,0,0,0,0,0,0,NA,NA,NA,NA,right,end,NA,NA,NA,NA,3,2,0,NA,NA,NA,NA,2,3,0,14,14,0,14,14,0,14,0.11549382656812668,0.1532222181558609,0.002952195005491376,0.2592051327228546,0.19089442491531372,0.0026567422319203615,0.2755754590034485,0,0,0.22701799869537354,-0.45985352573916316,-15.52068115562133,15.52068115562133,-3.8682393193012103,3.8682393193012103,-12.707591848331504,12.707591848331504,NA,NA,0,0,-9.464228058059234,9.464228058059234,-3.299613408918958,3.299613408918958,-11.149393452215008,11.149393452215008,-1.5581983961164951,1.5581983961164951,0.8460092544555664,0.1539907455444336,0.1539907455444336,0.8460092544555664,-0.015990912914276123,-0.003576517105102539,0.003576517105102539,0.16998165845870972,0.8300183415412903,0.9155309200286865,0.08446907997131348,-0.020919188857078552,0.020919188857078552,-0.33028622833005516,0.33028622833005516,NA,NA,0,0,-0.017185986042022705,0.017185986042022705,-0.29459182289353936,0.29459182289353936,-0.017185986042022705,0.017185986042022705,-0.31310024228803246,0.31310024228803246,0,0,0,0,0,0,0,0,0,0,0,0,0,0,0,0,0,0,0,0,0,0,0,0,0,0,0,0,0,0,0,0,1,0,0,0,0,0,0,0,0,0,0,0,0,0,1,0,0,0,0,NA,NA,NA,NA,NA,NA,00-0027029,L.McCoy,0,NA,NA,NA,NA,NA,NA,NA,NA,NA,NA,NA,NA,NA,NA,NA,NA,NA,NA,NA,NA,NA,NA,NA,NA,NA,NA,NA,NA,NA,NA,NA,NA,NA,NA,NA,NA,NA,NA,NA,NA,NA,NA,NA,NA,NA,NA,NA,NA,00-0005322,L.Fletcher,WAS,NA,NA,NA,NA,NA,NA,NA,NA,NA,1,00-0024250,R.McIntosh,WAS,NA,NA,NA,NA,NA,NA,NA,NA,NA,NA,NA,NA,NA,NA,NA,NA,NA,NA,NA,NA,NA,NA,NA,NA,NA,NA,NA,NA,0,NA,NA,NA,NA,0,NA,NA,0,0,0,0,NA,NA,2011,NA,NA,16,1,First down,1391,"10/16/11, 13:03:12",2011-10-16T17:58:28Z,Commanders Field,"Sunny Temp: 68° F, Humidity: 26%, Wind: WSW 7 mph",10012011-1016-039d-ee8c-bc7446e5f587,0,0,RUSH,0,NA,NA,NA,7,Field goal,2011-10-16T17:58:28Z,10,4:58,4,1,1,2,2,0,PUNT,FIELD_GOAL,11:56,06:58,PHI 21,WAS 10,1391,1615,20,13,Home,-7,33,-3,46.5,1,outdoors,grass,68,7,Mike Shanahan,Andy Reid,WAS00,FedExField,0,0,NA,NA,L.McCoy,25,NA,NA,0,1,0,0,1,NA,00-0027029,NA,L.McCoy,25,00-0027029,L.McCoy,00-0027029,L.McCoy,00-0027029,0,0,-0.45985352573916316,NA,NA,NA,NA,NA,0.44805923104286194,-44.805923104286194,2011,Go for it,NA,NA,NA,NA,NA,NA,NA,NA,NA,NA,Punt,Go for it,Andy Reid,Mike Shanahan,11:56,NA,NA,NA,NA,NA,NA,NA,NA,NA,NA
1429,2011_06_PHI_WAS,2011101603,WAS,PHI,REG,6,PHI,away,WAS,PHI,79,2011-10-16,674,674,2474,Half1,0,7,0,2,2,0,11:14,PHI 21,10,69,(11:14) (Shotgun) 7-M.Vick pass deep right to 18-J.Maclin pushed ob at PHI 47 for 26 yards (23-D.Hall).,pass,26,1,0,1,0,0,0,deep,right,24,2,NA,NA,NA,NA,NA,NA,3,2,0,NA,NA,NA,NA,2,3,0,14,14,0,14,14,0,14,0.1307630091905594,0.16620180010795593,0.0029488825239241123,0.28128787875175476,0.16960959136486053,0.00249357963912189,0.24669526517391205,0,0,-0.23283552704378963,2.20193064911291,-17.722611804734242,17.722611804734242,-3.8682393193012103,3.8682393193012103,-14.909522497444414,14.909522497444414,1.9828340949025005,0.21909655421040952,1.9828340949025005,0.21909655421040952,-11.447062152961735,11.447062152961735,-3.5187099631293677,3.5187099631293677,-13.132227547117509,13.132227547117509,-1.7772949503269047,1.7772949503269047,0.8300183415412903,0.16998165845870972,0.16998165845870972,0.8300183415412903,0.029721081256866455,0.019131779670715332,-0.019131779670715332,0.14026057720184326,0.8597394227981567,0.911954402923584,0.08804559707641602,-0.020919188857078552,0.020919188857078552,-0.3600073095869216,0.3600073095869216,0,0.029721081256866455,0,0.029721081256866455,-0.017185986042022705,0.017185986042022705,-0.3243129041504058,0.3243129041504058,-0.017185986042022705,0.017185986042022705,-0.3428213235448989,0.3428213235448989,0,0,1,0,0,0,0,0,0,0,0,0,0,0,0,0,0,0,0,0,0,0,0,0,1,0,0,0,0,0,0,0,0,1,0,0,0,0,0,0,0,0,0,0,0,1,0,0,0,0,0,00-0020245,M.Vick,26,00-0026995,J.Maclin,26,NA,NA,NA,NA,NA,NA,NA,NA,NA,NA,NA,NA,NA,NA,NA,NA,NA,NA,NA,NA,NA,NA,NA,NA,NA,NA,NA,NA,NA,NA,NA,NA,NA,NA,NA,NA,NA,NA,NA,NA,NA,NA,NA,NA,NA,WAS,NA,00-0022923,NA,D.Hall,NA,NA,NA,NA,NA,NA,NA,NA,NA,NA,NA,NA,NA,0,NA,NA,NA,NA,NA,NA,NA,NA,NA,NA,NA,NA,NA,NA,NA,NA,NA,NA,NA,NA,NA,NA,NA,NA,NA,NA,NA,NA,NA,NA,NA,0,NA,NA,NA,NA,0,NA,NA,0,0,0,0,NA,NA,2011,0.3827875256538391,61.72124743461609,16,1,First down,1429,"10/16/11, 13:03:12",2011-10-16T17:59:10Z,Commanders Field,"Sunny Temp: 68° F, Humidity: 26%, Wind: WSW 7 mph",10012011-1016-039d-ee8c-bc7446e5f587,0,0,PASS,0,NA,NA,NA,7,Field goal,2011-10-16T17:58:28Z,10,4:58,4,1,1,2,2,0,PUNT,FIELD_GOAL,11:56,06:58,PHI 21,WAS 10,1391,1615,20,13,Home,-7,33,-3,46.5,1,outdoors,grass,68,7,Mike Shanahan,Andy Reid,WAS00,FedExField,0,1,M.Vick,7,NA,NA,J.Maclin,18,1,0,1,0,1,00-0020245,NA,00-0026995,M.Vick,7,00-0020245,J.Maclin,00-0026995,J.Maclin,00-0026995,1,0,2.20193064911291,0.5081035305996209,6.392165344732348,3,1,1,0.5690762400627136,43.09237599372864,2011,Go for it,NA,NA,NA,NA,NA,NA,NA,NA,NA,NA,Punt,Go for it,Andy Reid,Mike Shanahan,11:14,NA,NA,NA,NA,NA,NA,NA,NA,NA,NA
1453,2011_06_PHI_WAS,2011101603,WAS,PHI,REG,6,PHI,away,WAS,PHI,53,2011-10-16,644,644,2444,Half1,0,7,0,2,1,0,10:44,PHI 47,10,69,(10:44) 7-M.Vick pass deep middle to 87-B.Celek to WAS 32 for 21 yards (59-L.Fletcher; 52-R.McIntosh).,pass,21,0,0,1,0,0,0,deep,middle,18,3,NA,NA,NA,NA,NA,NA,3,2,0,NA,NA,NA,NA,2,3,0,14,14,0,14,14,0,14,0.11202352494001389,0.0959620252251625,0.0014313829597085714,0.15258480608463287,0.27991265058517456,0.003679873188957572,0.3544057011604309,0,0,1.9690951220691204,1.454571850481443,-19.177183655215686,19.177183655215686,-3.8682393193012103,3.8682393193012103,-16.364094347925857,16.364094347925857,1.2448607368860394,0.20971111359540373,1.2448607368860394,0.20971111359540373,-12.691922889847774,12.691922889847774,-3.7284210767247714,3.7284210767247714,-14.377088284003548,14.377088284003548,-1.9870060639223084,1.9870060639223084,0.8597394227981567,0.14026057720184326,0.14026057720184326,0.8597394227981567,0.012188911437988281,0.008027434349060059,-0.008027434349060059,0.12807166576385498,0.871928334236145,0.9310861825942993,0.06891381740570068,-0.020919188857078552,0.020919188857078552,-0.3721962210249099,0.3721962210249099,0,0.012188911437988281,0,0.012188911437988281,-0.017185986042022705,0.017185986042022705,-0.3365018155883941,0.3365018155883941,-0.017185986042022705,0.017185986042022705,-0.3550102349828872,0.3550102349828872,0,0,1,0,0,0,0,0,0,0,0,0,0,0,0,0,0,0,0,0,0,0,0,0,0,0,0,0,0,0,0,0,0,1,0,0,0,0,0,0,0,0,0,0,0,1,1,0,0,0,0,00-0020245,M.Vick,21,00-0025549,B.Celek,21,NA,NA,NA,NA,NA,NA,NA,NA,NA,NA,NA,NA,NA,NA,NA,NA,NA,NA,NA,NA,NA,NA,NA,NA,NA,NA,NA,NA,NA,NA,NA,NA,NA,NA,NA,NA,NA,NA,NA,NA,NA,NA,NA,NA,NA,NA,NA,NA,NA,NA,NA,00-0005322,L.Fletcher,WAS,00-0024250,R.McIntosh,WAS,NA,NA,NA,NA,NA,NA,0,NA,NA,NA,NA,NA,NA,NA,NA,NA,NA,NA,NA,NA,NA,NA,NA,NA,NA,NA,NA,NA,NA,NA,NA,NA,NA,NA,NA,NA,NA,NA,0,NA,NA,NA,NA,0,NA,NA,0,0,0,0,NA,NA,2011,0.6584120392799377,34.158796072006226,17,1,First down,1453,"10/16/11, 13:03:12",2011-10-16T17:59:55Z,Commanders Field,"Sunny Temp: 68° F, Humidity: 26%, Wind: WSW 7 mph",10012011-1016-039d-ee8c-bc7446e5f587,0,0,PASS,0,NA,NA,NA,7,Field goal,2011-10-16T17:58:28Z,10,4:58,4,1,1,2,2,0,PUNT,FIELD_GOAL,11:56,06:58,PHI 21,WAS 10,1391,1615,20,13,Home,-7,33,-3,46.5,1,outdoors,grass,68,7,Mike Shanahan,Andy Reid,WAS00,FedExField,0,1,M.Vick,7,NA,NA,B.Celek,87,1,0,1,0,1,00-0020245,NA,00-0025549,M.Vick,7,00-0020245,B.Celek,00-0025549,B.Celek,00-0025549,0,0,1.454571850481443,0.33285697643547496,4.578800029994454,2,1,1,0.4657036364078522,53.42963635921478,2011,Go for it,NA,NA,NA,NA,NA,NA,NA,NA,NA,NA,Punt,Go for it,Andy Reid,Mike Shanahan,10:44,NA,NA,NA,NA,NA,NA,NA,NA,NA,NA
1477,2011_06_PHI_WAS,2011101603,WAS,PHI,REG,6,PHI,away,WAS,WAS,32,2011-10-16,597,597,2397,Half1,0,7,0,2,1,0,09:57,WAS 32,10,69,(9:57) (Shotgun) 25-L.McCoy left end to WAS 21 for 11 yards (26-J.Wilson).,run,11,1,0,0,0,0,0,NA,NA,NA,NA,left,end,NA,NA,NA,NA,3,2,0,NA,NA,NA,NA,2,3,0,14,14,0,14,14,0,14,0.0710519477725029,0.05127616226673126,6.626197719015181e-4,0.0756942629814148,0.3729349970817566,0.001756903249770403,0.4266231060028076,0,0,3.4236669725505635,0.7777034341124818,-19.954887089328167,19.954887089328167,-4.645942753413692,4.645942753413692,-16.364094347925857,16.364094347925857,NA,NA,0,0,-12.691922889847774,12.691922889847774,-3.7284210767247714,3.7284210767247714,-14.377088284003548,14.377088284003548,-1.9870060639223084,1.9870060639223084,0.871928334236145,0.12807166576385498,0.12807166576385498,0.871928334236145,0.00847017765045166,0.0063492655754089355,-0.0063492655754089355,0.11960148811340332,0.8803985118865967,0.9391136169433594,0.060886383056640625,-0.029389366507530212,0.029389366507530212,-0.3721962210249099,0.3721962210249099,NA,NA,0,0,-0.017185986042022705,0.017185986042022705,-0.3365018155883941,0.3365018155883941,-0.017185986042022705,0.017185986042022705,-0.3550102349828872,0.3550102349828872,0,1,0,0,0,0,0,0,0,0,0,0,0,0,0,0,0,0,0,0,0,0,0,0,1,0,0,0,0,0,0,0,1,0,0,0,0,0,0,0,0,0,0,0,0,0,0,0,0,0,0,NA,NA,NA,NA,NA,NA,00-0027029,L.McCoy,11,NA,NA,NA,NA,NA,NA,NA,NA,NA,NA,NA,NA,NA,NA,NA,NA,NA,NA,NA,NA,NA,NA,NA,NA,NA,NA,NA,NA,NA,NA,NA,NA,NA,NA,NA,NA,NA,NA,NA,NA,NA,NA,WAS,NA,00-0025442,NA,J.Wilson,NA,NA,NA,NA,NA,NA,NA,NA,NA,NA,NA,NA,NA,0,NA,NA,NA,NA,NA,NA,NA,NA,NA,NA,NA,NA,NA,NA,NA,NA,NA,NA,NA,NA,NA,NA,NA,NA,NA,NA,NA,NA,NA,NA,NA,0,NA,NA,NA,NA,0,NA,NA,0,0,0,0,NA,NA,2011,NA,NA,18,1,First down,1477,"10/16/11, 13:03:12",2011-10-16T18:00:41Z,Commanders Field,"Sunny Temp: 68° F, Humidity: 26%, Wind: WSW 7 mph",10012011-1016-039d-ee8c-bc7446e5f587,0,0,RUSH,0,NA,NA,NA,7,Field goal,2011-10-16T17:58:28Z,10,4:58,4,1,1,2,2,0,PUNT,FIELD_GOAL,11:56,06:58,PHI 21,WAS 10,1391,1615,20,13,Home,-7,33,-3,46.5,1,outdoors,grass,68,7,Mike Shanahan,Andy Reid,WAS00,FedExField,0,1,NA,NA,L.McCoy,25,NA,NA,0,1,1,0,1,NA,00-0027029,NA,L.McCoy,25,00-0027029,L.McCoy,00-0027029,L.McCoy,00-0027029,0,0,0.7777034341124818,NA,NA,NA,NA,NA,0.44180992245674133,-44.18099224567413,2011,Go for it,NA,NA,NA,NA,NA,NA,NA,NA,NA,NA,Punt,Go for it,Andy Reid,Mike Shanahan,9:57,NA,NA,NA,NA,NA,NA,NA,NA,NA,NA
1498,2011_06_PHI_WAS,2011101603,WAS,PHI,REG,6,PHI,away,WAS,WAS,21,2011-10-16,558,558,2358,Half1,0,7,0,2,1,0,09:18,WAS 21,10,69,(9:18) (Shotgun) 7-M.Vick pass short middle to 87-B.Celek to WAS 12 for 9 yards (91-R.Kerrigan).,pass,9,1,0,1,0,0,0,short,middle,6,3,NA,NA,NA,NA,NA,NA,3,2,0,NA,NA,NA,NA,2,3,0,14,14,0,14,14,0,14,0.04580845683813095,0.027343541383743286,5.243044579401612e-4,0.04690998047590256,0.3844672441482544,0.0010415664874017239,0.4939049482345581,0,0,4.201370406663045,0.7607436290127225,-20.71563071834089,20.71563071834089,-4.645942753413692,4.645942753413692,-17.12483797693858,17.12483797693858,0.3089629822643474,0.45178064674837515,0.3089629822643474,0.45178064674837515,-13.000885872112121,13.000885872112121,-4.180201723473147,4.180201723473147,-14.686051266267896,14.686051266267896,-2.4387867106706835,2.4387867106706835,0.8803985118865967,0.11960148811340332,0.11960148811340332,0.8803985118865967,0.015099883079528809,0.01104360818862915,-0.01104360818862915,0.10450160503387451,0.8954983949661255,0.9454628825187683,0.05453711748123169,-0.029389366507530212,0.029389366507530212,-0.3872961041044387,0.3872961041044387,0,0.015099883079528809,0,0.015099883079528809,-0.017185986042022705,0.017185986042022705,-0.3516016986679229,0.3516016986679229,-0.017185986042022705,0.017185986042022705,-0.370110118062416,0.370110118062416,0,0,0,0,0,0,0,0,0,0,0,0,0,0,0,0,0,0,0,0,0,0,0,0,1,0,0,0,0,0,0,0,0,1,0,0,0,0,0,0,0,0,0,0,0,1,0,0,0,0,0,00-0020245,M.Vick,9,00-0025549,B.Celek,9,NA,NA,NA,NA,NA,NA,NA,NA,NA,NA,NA,NA,NA,NA,NA,NA,NA,NA,NA,NA,NA,NA,NA,NA,NA,NA,NA,NA,NA,NA,NA,NA,NA,NA,NA,NA,NA,NA,NA,NA,NA,NA,NA,NA,NA,WAS,NA,00-0027954,NA,R.Kerrigan,NA,NA,NA,NA,NA,NA,NA,NA,NA,NA,NA,NA,NA,0,NA,NA,NA,NA,NA,NA,NA,NA,NA,NA,NA,NA,NA,NA,NA,NA,NA,NA,NA,NA,NA,NA,NA,NA,NA,NA,NA,NA,NA,NA,NA,0,NA,NA,NA,NA,0,NA,NA,0,0,0,0,NA,NA,2011,0.7458677887916565,25.41322112083435,19,1,First down,1498,"10/16/11, 13:03:12",2011-10-16T18:01:20Z,Commanders Field,"Sunny Temp: 68° F, Humidity: 26%, Wind: WSW 7 mph",10012011-1016-039d-ee8c-bc7446e5f587,0,0,PASS,0,NA,NA,NA,7,Field goal,2011-10-16T17:58:28Z,10,4:58,4,1,1,2,2,0,PUNT,FIELD_GOAL,11:56,06:58,PHI 21,WAS 10,1391,1615,20,13,Home,-7,33,-3,46.5,1,outdoors,grass,68,7,Mike Shanahan,Andy Reid,WAS00,FedExField,0,1,M.Vick,7,NA,NA,B.Celek,87,1,0,0,0,1,00-0020245,NA,00-0025549,M.Vick,7,00-0020245,B.Celek,00-0025549,B.Celek,00-0025549,0,0,0.7607436290127225,0.4006930685175041,3.815200139710214,3,0.9945755487424321,0.3938276318949647,0.4099806249141693,59.00193750858307,2011,Go for it,NA,NA,NA,NA,NA,NA,NA,NA,NA,NA,Punt,Go for it,Andy Reid,Mike Shanahan,9:18,NA,NA,NA,NA,NA,NA,NA,NA,NA,NA
1522,2011_06_PHI_WAS,2011101603,WAS,PHI,REG,6,PHI,away,WAS,WAS,12,2011-10-16,516,516,2316,Half1,0,7,0,2,2,0,08:36,WAS 12,1,69,(8:36) 25-L.McCoy up the middle to WAS 9 for 3 yards (98-B.Orakpo).,run,3,0,0,0,0,0,0,NA,NA,NA,NA,middle,NA,NA,NA,NA,NA,3,2,0,NA,NA,NA,NA,2,3,0,14,14,0,14,14,0,14,0.03522670641541481,0.01424277201294899,3.913645341526717e-4,0.030076712369918823,0.30468231439590454,0.0011091141495853662,0.6142709851264954,0,0,4.962114035675768,-0.09064571605995297,-20.624985002280937,20.624985002280937,-4.555297037353739,4.555297037353739,-17.12483797693858,17.12483797693858,NA,NA,0,0,-13.000885872112121,13.000885872112121,-4.180201723473147,4.180201723473147,-14.686051266267896,14.686051266267896,-2.4387867106706835,2.4387867106706835,0.8954983949661255,0.10450160503387451,0.10450160503387451,0.8954983949661255,-0.002102494239807129,-0.00228196382522583,0.00228196382522583,0.10660409927368164,0.8933959007263184,0.9565064907073975,0.04349350929260254,-0.027286872267723083,0.027286872267723083,-0.3872961041044387,0.3872961041044387,NA,NA,0,0,-0.017185986042022705,0.017185986042022705,-0.3516016986679229,0.3516016986679229,-0.017185986042022705,0.017185986042022705,-0.370110118062416,0.370110118062416,0,1,0,0,0,0,0,0,0,0,0,0,0,0,0,0,0,0,0,0,0,0,0,0,1,0,0,0,0,0,0,0,1,0,0,0,0,0,0,0,0,0,0,0,0,0,0,0,0,0,0,NA,NA,NA,NA,NA,NA,00-0027029,L.McCoy,3,NA,NA,NA,NA,NA,NA,NA,NA,NA,NA,NA,NA,NA,NA,NA,NA,NA,NA,NA,NA,NA,NA,NA,NA,NA,NA,NA,NA,NA,NA,NA,NA,NA,NA,NA,NA,NA,NA,NA,NA,NA,NA,WAS,NA,00-0026989,NA,B.Orakpo,NA,NA,NA,NA,NA,NA,NA,NA,NA,NA,NA,NA,NA,0,NA,NA,NA,NA,NA,NA,NA,NA,NA,NA,NA,NA,NA,NA,NA,NA,NA,NA,NA,NA,NA,NA,NA,NA,NA,NA,NA,NA,NA,NA,NA,0,NA,NA,NA,NA,0,NA,NA,0,0,0,0,NA,NA,2011,NA,NA,19,1,First down,1522,"10/16/11, 13:03:12",2011-10-16T18:02:03Z,Commanders Field,"Sunny Temp: 68° F, Humidity: 26%, Wind: WSW 7 mph",10012011-1016-039d-ee8c-bc7446e5f587,0,0,RUSH,0,NA,NA,NA,7,Field goal,2011-10-16T17:58:28Z,10,4:58,4,1,1,2,2,0,PUNT,FIELD_GOAL,11:56,06:58,PHI 21,WAS 10,1391,1615,20,13,Home,-7,33,-3,46.5,1,outdoors,grass,68,7,Mike Shanahan,Andy Reid,WAS00,FedExField,0,0,NA,NA,L.McCoy,25,NA,NA,0,1,1,0,1,NA,00-0027029,NA,L.McCoy,25,00-0027029,L.McCoy,00-0027029,L.McCoy,00-0027029,0,0,-0.09064571605995297,NA,NA,NA,NA,NA,0.14290784299373627,-14.290784299373627,2011,Go for it,NA,NA,NA,NA,NA,NA,NA,NA,NA,NA,Punt,Go for it,Andy Reid,Mike Shanahan,8:36,NA,NA,NA,NA,NA,NA,NA,NA,NA,NA
1543,2011_06_PHI_WAS,2011101603,WAS,PHI,REG,6,PHI,away,WAS,WAS,9,2011-10-16,471,471,2271,Half1,0,7,0,2,1,1,07:51,WAS 9,9,69,"(7:51) (Shotgun) 7-M.Vick pass short right to 18-J.Maclin to WAS 10 for -1 yards (20-O.Atogwe, 64-K.Golston) [91-R.Kerrigan].",pass,-1,1,0,1,0,0,0,short,right,-1,0,NA,NA,NA,NA,NA,NA,3,2,0,NA,NA,NA,NA,2,3,0,14,14,0,14,14,0,14,0.03987265005707741,0.013740314170718193,4.0825208998285234e-4,0.02589503303170204,0.3345394730567932,0.001531466725282371,0.5840128064155579,0,0,4.871468319615815,-0.5066941077820957,-20.11829089449884,20.11829089449884,-4.555297037353739,4.555297037353739,-16.618143869156484,16.618143869156484,-0.5066941077820957,0,-0.5066941077820957,0,-12.494191764330026,12.494191764330026,-4.180201723473147,4.180201723473147,-14.1793571584858,14.1793571584858,-2.4387867106706835,2.4387867106706835,0.8933959007263184,0.10660409927368164,0.10660409927368164,0.8933959007263184,-4.572868347167969e-4,-0.0032243728637695312,0.0032243728637695312,0.10706138610839844,0.8929386138916016,0.9542245268821716,0.04577547311782837,-0.027286872267723083,0.027286872267723083,-0.3868388172697219,0.3868388172697219,-4.572868347167969e-4,0,-4.572868347167969e-4,0,-0.016728699207305908,0.016728699207305908,-0.3516016986679229,0.3516016986679229,-0.016728699207305908,0.016728699207305908,-0.370110118062416,0.370110118062416,0,0,0,0,0,0,0,0,0,0,0,0,0,0,0,0,0,0,0,0,0,0,0,0,0,0,0,0,0,0,0,1,0,1,0,0,0,0,0,0,0,0,0,0,0,1,1,0,0,0,0,00-0020245,M.Vick,-1,00-0026995,J.Maclin,-1,NA,NA,NA,NA,NA,NA,NA,NA,NA,NA,NA,NA,NA,NA,NA,NA,NA,NA,NA,NA,NA,NA,NA,NA,NA,NA,NA,NA,NA,NA,NA,00-0023501,O.Atogwe,NA,NA,00-0027954,R.Kerrigan,NA,NA,NA,NA,NA,NA,NA,NA,NA,NA,NA,NA,NA,NA,00-0024410,K.Golston,WAS,NA,NA,NA,NA,NA,NA,NA,NA,NA,1,00-0023501,O.Atogwe,WAS,NA,NA,NA,NA,NA,NA,NA,NA,NA,NA,NA,NA,NA,NA,NA,NA,NA,NA,NA,NA,NA,NA,NA,NA,NA,NA,NA,NA,0,NA,NA,NA,NA,0,NA,NA,0,0,0,0,NA,NA,2011,0.39174166321754456,60.825833678245544,20,0,Field goal,1543,"10/16/11, 13:03:12",2011-10-16T18:02:48Z,Commanders Field,"Sunny Temp: 68° F, Humidity: 26%, Wind: WSW 7 mph",10012011-1016-039d-ee8c-bc7446e5f587,0,0,PASS,0,NA,NA,NA,7,Field goal,2011-10-16T17:58:28Z,10,4:58,4,1,1,2,2,0,PUNT,FIELD_GOAL,11:56,06:58,PHI 21,WAS 10,1391,1615,20,13,Home,-7,33,-3,46.5,1,outdoors,grass,68,7,Mike Shanahan,Andy Reid,WAS00,FedExField,0,0,M.Vick,7,NA,NA,J.Maclin,18,1,0,0,0,1,00-0020245,NA,00-0026995,M.Vick,7,00-0020245,J.Maclin,00-0026995,J.Maclin,00-0026995,0,0,-0.5066941077820957,0.9478192927286059,5.090494557516649,5,0.5400333897559904,0.20085695473244414,0.3677555322647095,63.22444677352905,2011,Go for it,NA,NA,NA,NA,NA,NA,NA,NA,NA,NA,Punt,Go for it,Andy Reid,Mike Shanahan,7:51,NA,NA,NA,NA,NA,NA,NA,NA,NA,NA
1567,2011_06_PHI_WAS,2011101603,WAS,PHI,REG,6,PHI,away,WAS,WAS,10,2011-10-16,430,430,2230,Half1,0,7,0,2,2,1,07:10,WAS 10,10,69,(7:10) (Shotgun) 7-M.Vick pass incomplete short middle to 25-L.McCoy. shovel pass,pass,0,1,0,1,0,0,0,short,middle,0,NA,NA,NA,NA,NA,NA,NA,3,2,0,NA,NA,NA,NA,2,3,0,14,14,0,14,14,0,14,0.050936225801706314,0.016927897930145264,4.397865559440106e-4,0.0288963932543993,0.4233133792877197,0.0015264973044395447,0.47795987129211426,0,0,4.364774211833719,-0.7282950349035673,-19.389995859595274,19.389995859595274,-4.555297037353739,4.555297037353739,-15.889848834252916,15.889848834252916,-0.7276661868672818,-6.288480362854898e-4,0,0,-12.494191764330026,12.494191764330026,-4.180201723473147,4.180201723473147,-13.451690971618518,13.451690971618518,-2.438157862634398,2.438157862634398,0.8929386138916016,0.10706138610839844,0.10706138610839844,0.8929386138916016,-0.007728397846221924,-0.004980921745300293,0.004980921745300293,0.11478978395462036,0.8852102160453796,0.9510001540184021,0.0489998459815979,-0.027286872267723083,0.027286872267723083,-0.3791104194235,0.3791104194235,0,-0.007728397846221924,0,0,-0.016728699207305908,0.016728699207305908,-0.3516016986679229,0.3516016986679229,-0.016728699207305908,0.016728699207305908,-0.3623817202161941,0.3623817202161941,0,0,0,0,0,0,0,0,1,0,0,0,0,0,0,0,0,0,0,0,0,0,0,0,0,0,0,0,0,0,0,0,0,1,0,0,0,0,0,0,0,0,0,0,0,0,0,0,0,0,0,00-0020245,M.Vick,NA,00-0027029,L.McCoy,NA,NA,NA,NA,NA,NA,NA,NA,NA,NA,NA,NA,NA,NA,NA,NA,NA,NA,NA,NA,NA,NA,NA,NA,NA,NA,NA,NA,NA,NA,NA,NA,NA,NA,NA,NA,NA,NA,NA,NA,NA,NA,NA,NA,NA,NA,NA,NA,NA,NA,NA,NA,NA,NA,NA,NA,NA,NA,NA,NA,NA,NA,NA,NA,0,NA,NA,NA,NA,NA,NA,NA,NA,NA,NA,NA,NA,NA,NA,NA,NA,NA,NA,NA,NA,NA,NA,NA,NA,NA,NA,NA,NA,NA,NA,NA,0,NA,NA,NA,NA,0,NA,NA,0,0,0,0,NA,NA,2011,0.5151476263999939,-51.51476263999939,20,0,Field goal,1567,"10/16/11, 13:03:12",2011-10-16T18:03:28Z,Commanders Field,"Sunny Temp: 68° F, Humidity: 26%, Wind: WSW 7 mph",10012011-1016-039d-ee8c-bc7446e5f587,0,0,PASS,0,NA,NA,NA,7,Field goal,2011-10-16T17:58:28Z,10,4:58,4,1,1,2,2,0,PUNT,FIELD_GOAL,11:56,06:58,PHI 21,WAS 10,1391,1615,20,13,Home,-7,33,-3,46.5,1,outdoors,grass,68,7,Mike Shanahan,Andy Reid,WAS00,FedExField,0,0,M.Vick,7,NA,NA,L.McCoy,25,1,0,0,0,1,00-0020245,NA,00-0027029,M.Vick,7,00-0020245,L.McCoy,00-0027029,L.McCoy,00-0027029,0,0,-0.7282950349035673,1.0657074424984587,5.322307931841351,5,0.4009962136624381,0.20709778543096036,0.5897115468978882,41.02884531021118,2011,Go for it,NA,NA,NA,NA,NA,NA,NA,NA,NA,NA,Punt,Go for it,Andy Reid,Mike Shanahan,7:10,NA,NA,NA,NA,NA,NA,NA,NA,NA,NA
1593,2011_06_PHI_WAS,2011101603,WAS,PHI,REG,6,PHI,away,WAS,WAS,10,2011-10-16,427,427,2227,Half1,0,7,0,2,3,1,07:07,WAS 10,10,69,(7:07) (Shotgun) 7-M.Vick pass incomplete short right to 18-J.Maclin [91-R.Kerrigan].,pass,0,1,0,1,0,0,0,short,right,4,NA,NA,NA,NA,NA,NA,NA,3,2,0,NA,NA,NA,NA,2,3,0,14,14,0,14,14,0,14,0.05507973954081535,0.01981900818645954,4.779415321536362e-4,0.03318298980593681,0.5756516456604004,0.0016605807468295097,0.3141281306743622,0,0,3.636479176930152,-0.8201573534675708,-18.569838506127702,18.569838506127702,-4.555297037353739,4.555297037353739,-15.069691480785345,15.069691480785345,-0.8384641468874179,0.01830679341984709,0,0,-12.494191764330026,12.494191764330026,-4.180201723473147,4.180201723473147,-12.6132268247311,12.6132268247311,-2.456464656054245,2.456464656054245,0.8852102160453796,0.11478978395462036,0.11478978395462036,0.8852102160453796,-0.011324942111968994,-0.008728981018066406,0.008728981018066406,0.12611472606658936,0.8738852739334106,0.9460192322731018,0.05398076772689819,-0.027286872267723083,0.027286872267723083,-0.367785477311531,0.367785477311531,0,-0.011324942111968994,0,0,-0.016728699207305908,0.016728699207305908,-0.3516016986679229,0.3516016986679229,-0.016728699207305908,0.016728699207305908,-0.3510567781042251,0.3510567781042251,0,0,0,0,0,1,0,0,1,0,0,0,0,0,0,0,0,0,0,0,0,0,0,0,0,0,0,0,0,0,0,1,0,1,0,0,0,0,0,0,0,0,0,0,0,0,0,0,0,0,0,00-0020245,M.Vick,NA,00-0026995,J.Maclin,NA,NA,NA,NA,NA,NA,NA,NA,NA,NA,NA,NA,NA,NA,NA,NA,NA,NA,NA,NA,NA,NA,NA,NA,NA,NA,NA,NA,NA,NA,NA,NA,NA,NA,NA,NA,00-0027954,R.Kerrigan,NA,NA,NA,NA,NA,NA,NA,NA,NA,NA,NA,NA,NA,NA,NA,NA,NA,NA,NA,NA,NA,NA,NA,NA,NA,NA,0,NA,NA,NA,NA,NA,NA,NA,NA,NA,NA,NA,NA,NA,NA,NA,NA,NA,NA,NA,NA,NA,NA,NA,NA,NA,NA,NA,NA,NA,NA,NA,0,NA,NA,NA,NA,0,NA,NA,0,0,0,0,NA,NA,2011,0.3251841366291046,-32.51841366291046,20,0,Field goal,1593,"10/16/11, 13:03:12",2011-10-16T18:04:12Z,Commanders Field,"Sunny Temp: 68° F, Humidity: 26%, Wind: WSW 7 mph",10012011-1016-039d-ee8c-bc7446e5f587,0,0,PASS,0,NA,NA,NA,7,Field goal,2011-10-16T17:58:28Z,10,4:58,4,1,1,2,2,0,PUNT,FIELD_GOAL,11:56,06:58,PHI 21,WAS 10,1391,1615,20,13,Home,-7,33,-3,46.5,1,outdoors,grass,68,7,Mike Shanahan,Andy Reid,WAS00,FedExField,0,0,M.Vick,7,NA,NA,J.Maclin,18,1,0,0,0,1,00-0020245,NA,00-0026995,M.Vick,7,00-0020245,J.Maclin,00-0026995,J.Maclin,00-0026995,0,0,-0.8201573534675708,0.767108471005671,2.3624735552584752,2,0.24144471815088764,0.15233365079620853,0.9386839270591736,6.131607294082642,2011,Go for it,NA,NA,NA,NA,NA,NA,NA,NA,NA,NA,Punt,Go for it,Andy Reid,Mike Shanahan,7:07,NA,NA,NA,NA,NA,NA,NA,NA,NA,NA
1615,2011_06_PHI_WAS,2011101603,WAS,PHI,REG,6,PHI,away,WAS,WAS,10,2011-10-16,423,423,2223,Half1,0,7,1,2,4,1,07:03,WAS 10,10,69,"(7:03) 6-A.Henery 28 yard field goal is GOOD, Center-46-J.Dorenbos, Holder-8-C.Henry.",field_goal,0,0,0,0,0,0,0,NA,NA,NA,NA,NA,NA,made,28,NA,NA,3,2,0,NA,NA,NA,NA,2,3,0,17,14,0,14,17,0,17,0.015688583700488447,0.008404510725422747,1.2964032596256622e-4,0.013071165394546867,0.9512158898760004,1.57267381308593e-4,0.011332941380283438,0,0,2.816321823462581,0.1836781765374189,-18.753516682665122,18.753516682665122,-4.555297037353739,4.555297037353739,-15.069691480785345,15.069691480785345,NA,NA,0,0,-12.494191764330026,12.494191764330026,-4.180201723473147,4.180201723473147,-12.6132268247311,12.6132268247311,-2.456464656054245,2.456464656054245,0.8738852739334106,0.12611472606658936,0.12611472606658936,0.8738852739334106,-0.00548902153968811,-0.021079912781715393,0.021079912781715393,0.13160374760627747,0.8683962523937225,0.9372902512550354,0.0627097487449646,-0.027286872267723083,0.027286872267723083,-0.367785477311531,0.367785477311531,NA,NA,0,0,-0.016728699207305908,0.016728699207305908,-0.3516016986679229,0.3516016986679229,-0.016728699207305908,0.016728699207305908,-0.3510567781042251,0.3510567781042251,0,0,0,0,0,0,0,0,0,0,0,0,0,0,0,0,0,0,0,0,0,0,0,0,0,0,0,0,0,0,0,0,0,0,0,0,0,0,0,0,0,1,0,0,0,0,0,0,0,0,0,NA,NA,NA,NA,NA,NA,NA,NA,NA,NA,NA,NA,NA,NA,NA,NA,NA,NA,NA,NA,NA,NA,NA,NA,NA,NA,NA,NA,NA,NA,NA,A.Henery,00-0028058,NA,NA,NA,NA,NA,NA,NA,NA,NA,NA,NA,NA,NA,NA,NA,NA,NA,NA,NA,NA,NA,NA,NA,NA,NA,NA,NA,NA,NA,NA,NA,NA,NA,NA,NA,NA,0,NA,NA,NA,NA,NA,NA,NA,NA,NA,NA,NA,NA,NA,NA,NA,NA,NA,NA,NA,NA,NA,NA,NA,NA,NA,NA,NA,NA,NA,NA,NA,0,NA,NA,NA,NA,0,NA,NA,0,0,0,0,NA,NA,2011,NA,NA,20,0,Field goal,1615,"10/16/11, 13:03:12",2011-10-16T18:04:50Z,Commanders Field,"Sunny Temp: 68° F, Humidity: 26%, Wind: WSW 7 mph",10012011-1016-039d-ee8c-bc7446e5f587,0,0,FIELD_GOAL,0,NA,NA,NA,7,Field goal,2011-10-16T17:58:28Z,10,4:58,4,1,1,2,2,0,PUNT,FIELD_GOAL,11:56,06:58,PHI 21,WAS 10,1391,1615,20,13,Home,-7,33,-3,46.5,1,outdoors,grass,68,7,Mike Shanahan,Andy Reid,WAS00,FedExField,0,1,NA,NA,NA,NA,NA,NA,0,0,0,1,0,NA,NA,NA,NA,NA,NA,NA,NA,NA,NA,0,0,0.1836781765374189,NA,NA,NA,NA,NA,NA,NA,2011,Field Goal,NA,0.1615083864562621,0.9882419114854822,NA,NA,NA,0.9877007516333833,0.9903241578722373,NA,NA,Punt,Field Goal,Andy Reid,Mike Shanahan,7:03,0.9512158898760004,95,NA,16,99,NA,NA,NA,99,99
1634,2011_06_PHI_WAS,2011101603,WAS,PHI,REG,6,WAS,home,PHI,PHI,35,2011-10-16,418,418,2218,Half1,0,8,0,2,NA,0,06:58,PHI 35,0,0,6-A.Henery kicks 73 yards from PHI 35 to WAS -8. 16-B.Banks to WAS 15 for 23 yards (26-J.Jarrett; 27-B.Hughes).,kickoff,0,0,0,0,0,0,0,NA,NA,NA,NA,NA,NA,NA,73,NA,NA,3,2,0,NA,NA,NA,NA,3,2,0,17,0,17,-17,0,17,-17,0.2666882574558258,0.12932996451854706,0.003009557956829667,0.16832777857780457,0.16359984874725342,0.002515368862077594,0.2665292024612427,0,0,0.7892312416806817,-0.4065598617307842,-19.160076544395906,19.160076544395906,-4.555297037353739,4.555297037353739,-15.069691480785345,15.069691480785345,NA,NA,0,0,-12.494191764330026,12.494191764330026,-4.180201723473147,4.180201723473147,-12.6132268247311,12.6132268247311,-2.456464656054245,2.456464656054245,0.13160374760627747,0.8683962523937225,0.13160374760627747,0.8683962523937225,-0.009962022304534912,-0.0019228309392929077,-0.0019228309392929077,0.12164172530174255,0.8783582746982574,0.08378966152667999,0.08378966152667999,-0.027286872267723083,0.027286872267723083,-0.367785477311531,0.367785477311531,NA,NA,0,0,-0.016728699207305908,0.016728699207305908,-0.3516016986679229,0.3516016986679229,-0.016728699207305908,0.016728699207305908,-0.3510567781042251,0.3510567781042251,0,0,0,0,0,0,0,0,0,0,0,0,0,0,0,0,1,1,0,0,0,0,0,0,0,0,0,0,0,0,0,0,0,0,0,0,0,0,0,0,0,0,1,0,0,0,1,0,0,0,0,NA,NA,NA,NA,NA,NA,NA,NA,NA,NA,NA,NA,NA,NA,NA,NA,NA,NA,NA,NA,NA,NA,NA,NA,NA,B.Banks,00-0027618,NA,NA,NA,NA,A.Henery,00-0028058,NA,NA,NA,NA,NA,NA,NA,NA,NA,NA,NA,NA,NA,NA,NA,NA,NA,NA,NA,NA,NA,NA,NA,NA,00-0027992,J.Jarrett,PHI,00-0026914,B.Hughes,PHI,NA,NA,NA,NA,NA,NA,0,NA,NA,NA,NA,NA,NA,NA,NA,NA,NA,NA,NA,NA,NA,NA,NA,NA,NA,NA,NA,NA,NA,NA,NA,NA,NA,NA,NA,NA,NA,WAS,23,NA,NA,NA,NA,0,NA,NA,0,0,0,0,NA,NA,2011,NA,NA,21,0,Turnover,1634,"10/16/11, 13:03:12",2011-10-16T18:07:19Z,Commanders Field,"Sunny Temp: 68° F, Humidity: 26%, Wind: WSW 7 mph",10012011-1016-039d-ee8c-bc7446e5f587,0,0,KICK_OFF,1,NA,NA,NA,8,Turnover,2011-10-16T18:07:19Z,1,0:18,0,0,0,2,2,0,KICKOFF,INTERCEPTION,06:58,06:40,WAS 15,WAS 15,1634,1664,20,13,Home,-7,33,-3,46.5,1,outdoors,grass,68,7,Mike Shanahan,Andy Reid,WAS00,FedExField,0,0,NA,NA,NA,NA,NA,NA,0,0,0,1,0,NA,NA,NA,NA,NA,NA,NA,NA,NA,NA,0,0,-0.4065598617307842,NA,NA,NA,NA,NA,NA,NA,2011,Other,NA,NA,NA,NA,NA,NA,NA,NA,NA,NA,Punt,Other,Andy Reid,Mike Shanahan,6:58,NA,NA,NA,NA,NA,NA,NA,NA,NA,NA
1664,2011_06_PHI_WAS,2011101603,WAS,PHI,REG,6,WAS,home,PHI,WAS,85,2011-10-16,414,414,2214,Half1,0,8,0,2,1,0,06:54,WAS 15,10,0,(6:54) 8-R.Grossman pass deep middle intended for 10-J.Gaffney INTERCEPTED by 29-N.Allen at PHI 40. 29-N.Allen to WAS 47 for 13 yards (46-R.Torain).,pass,0,0,0,1,0,0,0,deep,middle,45,NA,NA,NA,NA,NA,NA,NA,3,2,0,NA,NA,NA,NA,3,2,0,17,0,17,-17,0,17,-17,0.2732376754283905,0.14114469289779663,0.00407685711979866,0.18986453115940094,0.14649780094623566,0.0024863488506525755,0.24269211292266846,0,0,0.38267137994989753,-2.831288147950545,-21.99136469234645,21.99136469234645,-4.555297037353739,4.555297037353739,-17.90097962873589,17.90097962873589,2.813322585192509,-5.644610733143054,0,0,-12.494191764330026,12.494191764330026,-4.180201723473147,4.180201723473147,-9.799904239538591,9.799904239538591,-8.101075389197298,8.101075389197298,0.12164172530174255,0.8783582746982574,0.12164172530174255,0.8783582746982574,-0.014912039041519165,-0.04011639952659607,-0.04011639952659607,0.10672968626022339,0.8932703137397766,0.08186683058738708,0.08186683058738708,-0.027286872267723083,0.027286872267723083,-0.38269751635305016,0.38269751635305016,0,-0.014912039041519165,0,0,-0.016728699207305908,0.016728699207305908,-0.3516016986679229,0.3516016986679229,-0.016728699207305908,0.016728699207305908,-0.36596881714574425,0.36596881714574425,0,0,0,0,0,0,0,0,0,0,1,0,0,0,0,0,0,0,0,0,0,0,0,0,1,0,0,0,0,0,0,0,0,1,0,0,0,0,0,0,0,0,0,0,0,0,0,0,0,0,0,00-0022121,R.Grossman,NA,00-0021163,J.Gaffney,NA,NA,NA,NA,NA,NA,NA,NA,NA,NA,NA,NA,00-0027652,N.Allen,NA,NA,NA,NA,NA,NA,NA,NA,NA,NA,NA,NA,NA,NA,NA,NA,NA,NA,NA,NA,NA,NA,NA,NA,NA,NA,NA,NA,NA,NA,NA,NA,WAS,NA,00-0026279,NA,R.Torain,NA,NA,NA,NA,NA,NA,NA,NA,NA,NA,NA,NA,NA,0,NA,NA,NA,NA,NA,NA,00-0027652,N.Allen,NA,NA,NA,NA,NA,NA,NA,NA,NA,NA,NA,NA,NA,NA,NA,NA,NA,NA,NA,NA,NA,NA,PHI,13,NA,NA,NA,NA,0,NA,NA,0,0,0,0,NA,NA,2011,0.30709323287010193,-30.709323287010193,21,0,Turnover,1664,"10/16/11, 13:03:12",2011-10-16T18:09:41Z,Commanders Field,"Sunny Temp: 68° F, Humidity: 26%, Wind: WSW 7 mph",10012011-1016-039d-ee8c-bc7446e5f587,0,0,INTERCEPTION,0,NA,NA,NA,8,Turnover,2011-10-16T18:07:19Z,1,0:18,0,0,0,2,2,0,KICKOFF,INTERCEPTION,06:58,06:40,WAS 15,WAS 15,1634,1664,20,13,Home,-7,33,-3,46.5,1,outdoors,grass,68,7,Mike Shanahan,Andy Reid,WAS00,FedExField,0,0,R.Grossman,8,NA,NA,J.Gaffney,10,1,0,0,0,1,00-0022121,NA,00-0021163,R.Grossman,8,00-0022121,J.Gaffney,00-0021163,J.Gaffney,00-0021163,0,0,-2.831288147950545,0.6219195920570098,8.929591918946244,5,1,1,0.5068833827972412,49.31166172027588,2011,Go for it,NA,NA,NA,NA,NA,NA,NA,NA,NA,NA,Punt,Go for it,Andy Reid,Mike Shanahan,6:54,NA,NA,NA,NA,NA,NA,NA,NA,NA,NA
1700,2011_06_PHI_WAS,2011101603,WAS,PHI,REG,6,PHI,away,WAS,WAS,47,2011-10-16,400,400,2200,Half1,0,9,0,2,1,0,06:40,WAS 47,10,41,"(6:40) 7-M.Vick scrambles up the middle to WAS 22 for 25 yards (59-L.Fletcher, 26-J.Wilson).",run,25,0,0,1,0,0,1,NA,NA,NA,NA,middle,NA,NA,NA,NA,NA,3,2,0,NA,NA,NA,NA,2,3,0,17,17,0,17,17,0,17,0.2198890745639801,0.06305170804262161,9.999723406508565e-4,0.0987178310751915,0.24349252879619598,0.0033246329985558987,0.37052425742149353,0,0,2.4486167680006474,1.6588633975479752,-23.650228089894426,23.650228089894426,-6.214160434901714,6.214160434901714,-17.90097962873589,17.90097962873589,NA,NA,0,0,-12.494191764330026,12.494191764330026,-4.180201723473147,4.180201723473147,-9.799904239538591,9.799904239538591,-8.101075389197298,8.101075389197298,0.8932703137397766,0.10672968626022339,0.10672968626022339,0.8932703137397766,0.02186119556427002,0.01268535852432251,-0.01268535852432251,0.08486849069595337,0.9151315093040466,0.958249568939209,0.041750431060791016,-0.0491480678319931,0.0491480678319931,-0.38269751635305016,0.38269751635305016,NA,NA,0,0,-0.016728699207305908,0.016728699207305908,-0.3516016986679229,0.3516016986679229,-0.016728699207305908,0.016728699207305908,-0.36596881714574425,0.36596881714574425,0,1,0,0,0,0,0,0,0,0,0,0,0,0,0,0,0,0,0,0,0,0,0,0,0,0,0,0,0,0,0,0,1,0,0,0,0,0,0,0,0,0,0,0,0,0,1,0,0,0,0,NA,NA,NA,NA,NA,NA,00-0020245,M.Vick,25,NA,NA,NA,NA,NA,NA,NA,NA,NA,NA,NA,NA,NA,NA,NA,NA,NA,NA,NA,NA,NA,NA,NA,NA,NA,NA,NA,NA,NA,NA,NA,NA,NA,NA,NA,NA,NA,NA,NA,NA,NA,NA,NA,NA,NA,NA,NA,NA,00-0025442,J.Wilson,WAS,NA,NA,NA,NA,NA,NA,NA,NA,NA,1,00-0005322,L.Fletcher,WAS,NA,NA,NA,NA,NA,NA,NA,NA,NA,NA,NA,NA,NA,NA,NA,NA,NA,NA,NA,NA,NA,NA,NA,NA,NA,NA,NA,NA,0,NA,NA,NA,NA,0,NA,NA,0,0,0,0,NA,NA,2011,NA,NA,22,1,First down,1700,"10/16/11, 13:03:12",2011-10-16T18:10:39Z,Commanders Field,"Sunny Temp: 68° F, Humidity: 26%, Wind: WSW 7 mph",10012011-1016-039d-ee8c-bc7446e5f587,0,0,RUSH,0,NA,NA,NA,9,Field goal,2011-10-16T18:10:39Z,8,4:13,3,1,1,2,2,5,INTERCEPTION,FIELD_GOAL,06:40,02:27,WAS 47,WAS 6,1700,1888,20,13,Home,-7,33,-3,46.5,1,outdoors,grass,68,7,Mike Shanahan,Andy Reid,WAS00,FedExField,0,1,M.Vick,7,NA,7,NA,NA,1,0,1,0,1,00-0020245,NA,NA,M.Vick,7,00-0020245,M.Vick,00-0020245,M.Vick,00-0020245,0,0,1.6588633975479752,NA,NA,NA,NA,NA,0.4519082307815552,54.80917692184448,2011,Go for it,NA,NA,NA,NA,NA,NA,NA,NA,NA,NA,Punt,Go for it,Andy Reid,Mike Shanahan,6:40,NA,NA,NA,NA,NA,NA,NA,NA,NA,NA
1721,2011_06_PHI_WAS,2011101603,WAS,PHI,REG,6,PHI,away,WAS,WAS,22,2011-10-16,354,354,2154,Half1,0,9,0,2,1,0,05:54,WAS 22,10,41,(5:54) 25-L.McCoy right end to WAS 21 for 1 yard (30-L.Landry).,run,1,0,0,0,0,0,0,NA,NA,NA,NA,right,end,NA,NA,NA,NA,3,2,0,NA,NA,NA,NA,2,3,0,17,17,0,17,17,0,17,0.09388777613639832,0.02059890329837799,4.0390295907855034e-4,0.040658239275217056,0.36283689737319946,0.0010236911475658417,0.4805906116962433,0,0,4.107480165548623,-0.41872650024015456,-23.231501589654272,23.231501589654272,-5.79543393466156,5.79543393466156,-17.90097962873589,17.90097962873589,NA,NA,0,0,-12.494191764330026,12.494191764330026,-4.180201723473147,4.180201723473147,-9.799904239538591,9.799904239538591,-8.101075389197298,8.101075389197298,0.9151315093040466,0.08486849069595337,0.08486849069595337,0.9151315093040466,0.0040888190269470215,-0.0034494400024414062,0.0034494400024414062,0.08077967166900635,0.9192203283309937,0.9709349274635315,0.029065072536468506,-0.053236886858940125,0.053236886858940125,-0.38269751635305016,0.38269751635305016,NA,NA,0,0,-0.016728699207305908,0.016728699207305908,-0.3516016986679229,0.3516016986679229,-0.016728699207305908,0.016728699207305908,-0.36596881714574425,0.36596881714574425,0,0,0,0,0,0,0,0,0,0,0,0,0,0,0,0,0,0,0,0,0,0,0,0,1,0,0,0,0,0,0,0,1,0,0,0,0,0,0,0,0,0,0,0,0,0,0,0,0,0,0,NA,NA,NA,NA,NA,NA,00-0027029,L.McCoy,1,NA,NA,NA,NA,NA,NA,NA,NA,NA,NA,NA,NA,NA,NA,NA,NA,NA,NA,NA,NA,NA,NA,NA,NA,NA,NA,NA,NA,NA,NA,NA,NA,NA,NA,NA,NA,NA,NA,NA,NA,NA,NA,WAS,NA,00-0025393,NA,L.Landry,NA,NA,NA,NA,NA,NA,NA,NA,NA,NA,NA,NA,NA,0,NA,NA,NA,NA,NA,NA,NA,NA,NA,NA,NA,NA,NA,NA,NA,NA,NA,NA,NA,NA,NA,NA,NA,NA,NA,NA,NA,NA,NA,NA,NA,0,NA,NA,NA,NA,0,NA,NA,0,0,0,0,NA,NA,2011,NA,NA,23,1,First down,1721,"10/16/11, 13:03:12",2011-10-16T18:11:25Z,Commanders Field,"Sunny Temp: 68° F, Humidity: 26%, Wind: WSW 7 mph",10012011-1016-039d-ee8c-bc7446e5f587,0,0,RUSH,0,NA,NA,NA,9,Field goal,2011-10-16T18:10:39Z,8,4:13,3,1,1,2,2,5,INTERCEPTION,FIELD_GOAL,06:40,02:27,WAS 47,WAS 6,1700,1888,20,13,Home,-7,33,-3,46.5,1,outdoors,grass,68,7,Mike Shanahan,Andy Reid,WAS00,FedExField,0,0,NA,NA,L.McCoy,25,NA,NA,0,1,0,0,1,NA,00-0027029,NA,L.McCoy,25,00-0027029,L.McCoy,00-0027029,L.McCoy,00-0027029,0,0,-0.41872650024015456,NA,NA,NA,NA,NA,0.41749075055122375,-41.749075055122375,2011,Go for it,NA,NA,NA,NA,NA,NA,NA,NA,NA,NA,Punt,Go for it,Andy Reid,Mike Shanahan,5:54,NA,NA,NA,NA,NA,NA,NA,NA,NA,NA
1742,2011_06_PHI_WAS,2011101603,WAS,PHI,REG,6,PHI,away,WAS,WAS,21,2011-10-16,313,313,2113,Half1,0,9,0,2,2,0,05:13,WAS 21,9,41,(5:13) (Shotgun) 7-M.Vick pass incomplete deep middle to 87-B.Celek (59-L.Fletcher).,pass,0,1,0,1,0,0,0,deep,middle,21,NA,NA,NA,NA,NA,NA,NA,3,2,0,NA,NA,NA,NA,2,3,0,17,17,0,17,17,0,17,0.10665994137525558,0.018764326348900795,3.9915525121614337e-4,0.04504730924963951,0.43432047963142395,0.0010893187718465924,0.3937194347381592,0,0,3.688753665308468,-0.5367753563914448,-22.694726233262827,22.694726233262827,-5.79543393466156,5.79543393466156,-17.364204272344445,17.364204272344445,3.311246334691532,-3.8480216910829768,0,0,-12.494191764330026,12.494191764330026,-4.180201723473147,4.180201723473147,-13.111150574230123,13.111150574230123,-4.253053698114322,4.253053698114322,0.9192203283309937,0.08077967166900635,0.08077967166900635,0.9192203283309937,-0.006015598773956299,-0.0014581084251403809,0.0014581084251403809,0.08679527044296265,0.9132047295570374,0.9674854874610901,0.03251451253890991,-0.053236886858940125,0.053236886858940125,-0.37668191757909386,0.37668191757909386,0,-0.006015598773956299,0,0,-0.016728699207305908,0.016728699207305908,-0.3516016986679229,0.3516016986679229,-0.016728699207305908,0.016728699207305908,-0.35995321837178795,0.35995321837178795,0,0,0,0,0,0,0,0,1,0,0,0,0,0,0,0,0,0,0,0,0,0,0,0,0,0,0,0,0,0,0,0,0,1,0,0,0,0,0,0,0,0,0,0,0,0,0,0,0,0,0,00-0020245,M.Vick,NA,00-0025549,B.Celek,NA,NA,NA,NA,NA,NA,NA,NA,NA,NA,NA,NA,NA,NA,NA,NA,NA,NA,NA,NA,NA,NA,NA,NA,NA,NA,NA,NA,NA,NA,NA,NA,NA,NA,NA,NA,NA,NA,NA,NA,NA,NA,NA,NA,NA,NA,NA,NA,NA,NA,NA,NA,NA,NA,NA,NA,NA,NA,NA,NA,NA,NA,NA,NA,0,NA,NA,NA,NA,NA,NA,00-0005322,L.Fletcher,NA,NA,NA,NA,NA,NA,NA,NA,NA,NA,NA,NA,NA,NA,NA,NA,NA,NA,NA,NA,NA,NA,NA,0,NA,NA,NA,NA,0,NA,NA,0,0,0,0,NA,NA,2011,0.3679077625274658,-36.79077625274658,23,1,First down,1742,"10/16/11, 13:03:12",2011-10-16T18:12:06Z,Commanders Field,"Sunny Temp: 68° F, Humidity: 26%, Wind: WSW 7 mph",10012011-1016-039d-ee8c-bc7446e5f587,0,0,PASS,0,NA,NA,NA,9,Field goal,2011-10-16T18:10:39Z,8,4:13,3,1,1,2,2,5,INTERCEPTION,FIELD_GOAL,06:40,02:27,WAS 47,WAS 6,1700,1888,20,13,Home,-7,33,-3,46.5,1,outdoors,grass,68,7,Mike Shanahan,Andy Reid,WAS00,FedExField,0,0,M.Vick,7,NA,NA,B.Celek,87,1,0,0,0,1,00-0020245,NA,00-0025549,M.Vick,7,00-0020245,B.Celek,00-0025549,B.Celek,00-0025549,0,0,-0.5367753563914448,NA,NA,NA,NA,NA,0.6847217679023743,31.527823209762573,2011,Go for it,NA,NA,NA,NA,NA,NA,NA,NA,NA,NA,Punt,Go for it,Andy Reid,Mike Shanahan,5:13,NA,NA,NA,NA,NA,NA,NA,NA,NA,NA
1764,2011_06_PHI_WAS,2011101603,WAS,PHI,REG,6,PHI,away,WAS,WAS,21,2011-10-16,306,306,2106,Half1,0,9,0,2,3,0,05:06,WAS 21,9,41,"(5:06) (Shotgun) 7-M.Vick pass incomplete deep left to 10-D.Jackson. PENALTY on WAS-26-J.Wilson, Illegal Contact, 5 yards, enforced at WAS 21 - No Play.",no_play,0,1,0,0,0,0,0,NA,NA,NA,NA,NA,NA,NA,NA,NA,NA,3,2,0,NA,NA,NA,NA,2,3,0,17,17,0,17,17,0,17,0.10689720511436462,0.021288098767399788,4.1668227640911937e-4,0.050721440464258194,0.5418906807899475,0.001089497935026884,0.277696430683136,0,0,3.1519783089170232,1.2890893106814474,-23.983815543944274,23.983815543944274,-5.79543393466156,5.79543393466156,-17.364204272344445,17.364204272344445,NA,NA,0,0,-12.494191764330026,12.494191764330026,-4.180201723473147,4.180201723473147,-13.111150574230123,13.111150574230123,-4.253053698114322,4.253053698114322,0.9132047295570374,0.08679527044296265,0.08679527044296265,0.9132047295570374,0.012709319591522217,0.00510406494140625,-0.00510406494140625,0.07408595085144043,0.9259140491485596,0.9660273790359497,0.03397262096405029,-0.053236886858940125,0.053236886858940125,-0.37668191757909386,0.37668191757909386,NA,NA,0,0,-0.016728699207305908,0.016728699207305908,-0.3516016986679229,0.3516016986679229,-0.016728699207305908,0.016728699207305908,-0.35995321837178795,0.35995321837178795,0,0,0,1,0,0,0,0,0,0,0,0,0,0,0,0,0,0,0,0,0,0,0,0,0,0,1,0,0,0,0,0,0,0,0,0,0,0,0,0,0,0,0,0,0,0,0,0,0,0,0,NA,NA,NA,NA,NA,NA,NA,NA,NA,NA,NA,NA,NA,NA,NA,NA,NA,NA,NA,NA,NA,NA,NA,NA,NA,NA,NA,NA,NA,NA,NA,NA,NA,NA,NA,NA,NA,NA,NA,NA,NA,NA,NA,NA,NA,NA,NA,NA,NA,NA,NA,NA,NA,NA,NA,NA,NA,NA,NA,NA,NA,NA,NA,NA,NA,NA,NA,NA,NA,0,NA,NA,NA,NA,NA,NA,NA,NA,NA,NA,NA,NA,NA,NA,NA,NA,NA,NA,NA,NA,NA,NA,NA,NA,NA,NA,NA,NA,NA,NA,NA,0,WAS,00-0025442,J.Wilson,5,0,NA,Illegal Contact,0,0,0,0,NA,NA,2011,NA,NA,23,1,First down,1764,"10/16/11, 13:03:12",2011-10-16T18:12:48Z,Commanders Field,"Sunny Temp: 68° F, Humidity: 26%, Wind: WSW 7 mph",10012011-1016-039d-ee8c-bc7446e5f587,0,0,PENALTY,0,NA,NA,NA,9,Field goal,2011-10-16T18:10:39Z,8,4:13,3,1,1,2,2,5,INTERCEPTION,FIELD_GOAL,06:40,02:27,WAS 47,WAS 6,1700,1888,20,13,Home,-7,33,-3,46.5,1,outdoors,grass,68,7,Mike Shanahan,Andy Reid,WAS00,FedExField,0,1,M.Vick,7,NA,NA,D.Jackson,10,1,0,1,0,1,00-0020245,NA,00-0026189,M.Vick,7,00-0020245,NA,NA,D.Jackson,00-0026189,0,0,1.2890893106814474,NA,NA,NA,NA,NA,0.9430421590805054,5.695784091949463,2011,Other,NA,NA,NA,NA,NA,NA,NA,NA,NA,NA,Punt,Go for it (Penalty),Andy Reid,Mike Shanahan,5:06,NA,NA,NA,NA,NA,NA,NA,NA,NA,NA
1797,2011_06_PHI_WAS,2011101603,WAS,PHI,REG,6,PHI,away,WAS,WAS,16,2011-10-16,299,299,2099,Half1,0,9,0,2,1,0,04:59,WAS 16,10,41,(4:59) 25-L.McCoy up the middle to WAS 5 for 11 yards (30-L.Landry).,run,11,0,0,0,0,0,0,NA,NA,NA,NA,middle,NA,NA,NA,NA,NA,3,2,0,NA,NA,NA,NA,2,3,0,17,17,0,17,17,0,17,0.09555108845233917,0.013602057471871376,3.574534202925861e-4,0.02930583991110325,0.33387047052383423,0.0010146702406927943,0.5262984037399292,0,0,4.441067619598471,1.0039494501543231,-24.987764994098598,24.987764994098598,-6.799383384815883,6.799383384815883,-17.364204272344445,17.364204272344445,NA,NA,0,0,-12.494191764330026,12.494191764330026,-4.180201723473147,4.180201723473147,-13.111150574230123,13.111150574230123,-4.253053698114322,4.253053698114322,0.9259140491485596,0.07408595085144043,0.07408595085144043,0.9259140491485596,0.004121065139770508,0.0016158819198608398,-0.0016158819198608398,0.06996488571166992,0.9300351142883301,0.971131443977356,0.028868556022644043,-0.05735795199871063,0.05735795199871063,-0.37668191757909386,0.37668191757909386,NA,NA,0,0,-0.016728699207305908,0.016728699207305908,-0.3516016986679229,0.3516016986679229,-0.016728699207305908,0.016728699207305908,-0.35995321837178795,0.35995321837178795,0,1,0,0,0,0,0,0,0,0,0,0,0,0,0,0,0,0,0,0,0,0,0,0,1,0,0,0,0,0,0,0,1,0,0,0,0,0,0,0,0,0,0,0,0,0,0,0,0,0,0,NA,NA,NA,NA,NA,NA,00-0027029,L.McCoy,11,NA,NA,NA,NA,NA,NA,NA,NA,NA,NA,NA,NA,NA,NA,NA,NA,NA,NA,NA,NA,NA,NA,NA,NA,NA,NA,NA,NA,NA,NA,NA,NA,NA,NA,NA,NA,NA,NA,NA,NA,NA,NA,WAS,NA,00-0025393,NA,L.Landry,NA,NA,NA,NA,NA,NA,NA,NA,NA,NA,NA,NA,NA,0,NA,NA,NA,NA,NA,NA,NA,NA,NA,NA,NA,NA,NA,NA,NA,NA,NA,NA,NA,NA,NA,NA,NA,NA,NA,NA,NA,NA,NA,NA,NA,0,NA,NA,NA,NA,0,NA,NA,0,0,0,0,NA,NA,2011,NA,NA,24,1,First down,1797,"10/16/11, 13:03:12",2011-10-16T18:13:44Z,Commanders Field,"Sunny Temp: 68° F, Humidity: 26%, Wind: WSW 7 mph",10012011-1016-039d-ee8c-bc7446e5f587,0,0,RUSH,0,NA,NA,NA,9,Field goal,2011-10-16T18:10:39Z,8,4:13,3,1,1,2,2,5,INTERCEPTION,FIELD_GOAL,06:40,02:27,WAS 47,WAS 6,1700,1888,20,13,Home,-7,33,-3,46.5,1,outdoors,grass,68,7,Mike Shanahan,Andy Reid,WAS00,FedExField,0,1,NA,NA,L.McCoy,25,NA,NA,0,1,1,0,1,NA,00-0027029,NA,L.McCoy,25,00-0027029,L.McCoy,00-0027029,L.McCoy,00-0027029,0,0,1.0039494501543231,NA,NA,NA,NA,NA,0.35265475511550903,-35.2654755115509,2011,Go for it,NA,NA,NA,NA,NA,NA,NA,NA,NA,NA,Punt,Go for it,Andy Reid,Mike Shanahan,4:59,NA,NA,NA,NA,NA,NA,NA,NA,NA,NA
1818,2011_06_PHI_WAS,2011101603,WAS,PHI,REG,6,PHI,away,WAS,WAS,5,2011-10-16,259,259,2059,Half1,0,9,0,2,1,1,04:19,WAS 5,5,41,(4:19) (Shotgun) 25-L.McCoy left end to WAS 5 for no gain (72-S.Bowen; 59-L.Fletcher).,run,0,1,0,0,0,0,0,NA,NA,NA,NA,left,end,NA,NA,NA,NA,3,2,0,NA,NA,NA,NA,2,3,0,17,17,0,17,17,0,17,0.06139494478702545,0.007920981384813786,2.3845062241889536e-4,0.0162219125777483,0.20236662030220032,0.0014577759429812431,0.7103992700576782,0,0,5.445017069752794,-0.4249884629389271,-24.56277653115967,24.56277653115967,-6.374394921876956,6.374394921876956,-17.364204272344445,17.364204272344445,NA,NA,0,0,-12.494191764330026,12.494191764330026,-4.180201723473147,4.180201723473147,-13.111150574230123,13.111150574230123,-4.253053698114322,4.253053698114322,0.9300351142883301,0.06996488571166992,0.06996488571166992,0.9300351142883301,-0.0013867616653442383,-9.808540344238281e-4,9.808540344238281e-4,0.07135164737701416,0.9286483526229858,0.9727473258972168,0.027252674102783203,-0.055971190333366394,0.055971190333366394,-0.37668191757909386,0.37668191757909386,NA,NA,0,0,-0.016728699207305908,0.016728699207305908,-0.3516016986679229,0.3516016986679229,-0.016728699207305908,0.016728699207305908,-0.35995321837178795,0.35995321837178795,0,0,0,0,0,0,0,0,0,0,0,0,0,0,0,0,0,0,0,0,0,0,0,0,0,0,0,0,0,0,0,0,1,0,0,0,0,0,0,0,0,0,0,0,0,0,1,0,0,0,0,NA,NA,NA,NA,NA,NA,00-0027029,L.McCoy,0,NA,NA,NA,NA,NA,NA,NA,NA,NA,NA,NA,NA,NA,NA,NA,NA,NA,NA,NA,NA,NA,NA,NA,NA,NA,NA,NA,NA,NA,NA,NA,NA,NA,NA,NA,NA,NA,NA,NA,NA,NA,NA,NA,NA,NA,NA,NA,NA,00-0023954,S.Bowen,WAS,00-0005322,L.Fletcher,WAS,NA,NA,NA,NA,NA,NA,0,NA,NA,NA,NA,NA,NA,NA,NA,NA,NA,NA,NA,NA,NA,NA,NA,NA,NA,NA,NA,NA,NA,NA,NA,NA,NA,NA,NA,NA,NA,NA,0,NA,NA,NA,NA,0,NA,NA,0,0,0,0,NA,NA,2011,NA,NA,25,0,Field goal,1818,"10/16/11, 13:03:12",2011-10-16T18:14:24Z,Commanders Field,"Sunny Temp: 68° F, Humidity: 26%, Wind: WSW 7 mph",10012011-1016-039d-ee8c-bc7446e5f587,0,0,RUSH,0,NA,NA,NA,9,Field goal,2011-10-16T18:10:39Z,8,4:13,3,1,1,2,2,5,INTERCEPTION,FIELD_GOAL,06:40,02:27,WAS 47,WAS 6,1700,1888,20,13,Home,-7,33,-3,46.5,1,outdoors,grass,68,7,Mike Shanahan,Andy Reid,WAS00,FedExField,0,0,NA,NA,L.McCoy,25,NA,NA,0,1,0,0,1,NA,00-0027029,NA,L.McCoy,25,00-0027029,L.McCoy,00-0027029,L.McCoy,00-0027029,0,0,-0.4249884629389271,NA,NA,NA,NA,NA,0.2980329096317291,-29.803290963172913,2011,Go for it,NA,NA,NA,NA,NA,NA,NA,NA,NA,NA,Punt,Go for it,Andy Reid,Mike Shanahan,4:19,NA,NA,NA,NA,NA,NA,NA,NA,NA,NA
1839,2011_06_PHI_WAS,2011101603,WAS,PHI,REG,6,PHI,away,WAS,WAS,5,2011-10-16,220,220,2020,Half1,0,9,0,2,2,1,03:40,WAS 5,5,41,(3:40) (Shotgun) 25-L.McCoy up the middle to WAS 5 for no gain (72-S.Bowen).,run,0,1,0,0,0,0,0,NA,NA,NA,NA,middle,NA,NA,NA,NA,NA,3,2,0,NA,NA,NA,NA,2,3,0,17,17,0,17,17,0,17,0.07784430682659149,0.009100276976823807,2.541439316701144e-4,0.016403939574956894,0.2759905159473419,0.001630795537494123,0.6187760233879089,0,0,5.020028606813867,-0.9812289911787957,-23.581547539980875,23.581547539980875,-5.39316593069816,5.39316593069816,-17.364204272344445,17.364204272344445,NA,NA,0,0,-12.494191764330026,12.494191764330026,-4.180201723473147,4.180201723473147,-13.111150574230123,13.111150574230123,-4.253053698114322,4.253053698114322,0.9286483526229858,0.07135164737701416,0.07135164737701416,0.9286483526229858,-0.00294339656829834,-0.003655076026916504,0.003655076026916504,0.0742950439453125,0.9257049560546875,0.971766471862793,0.02823352813720703,-0.053027793765068054,0.053027793765068054,-0.37668191757909386,0.37668191757909386,NA,NA,0,0,-0.016728699207305908,0.016728699207305908,-0.3516016986679229,0.3516016986679229,-0.016728699207305908,0.016728699207305908,-0.35995321837178795,0.35995321837178795,0,0,0,0,0,0,0,0,0,0,0,0,0,0,0,0,0,0,0,0,0,0,0,0,1,0,0,0,0,0,0,0,1,0,0,0,0,0,0,0,0,0,0,0,0,0,0,0,0,0,0,NA,NA,NA,NA,NA,NA,00-0027029,L.McCoy,0,NA,NA,NA,NA,NA,NA,NA,NA,NA,NA,NA,NA,NA,NA,NA,NA,NA,NA,NA,NA,NA,NA,NA,NA,NA,NA,NA,NA,NA,NA,NA,NA,NA,NA,NA,NA,NA,NA,NA,NA,NA,NA,WAS,NA,00-0023954,NA,S.Bowen,NA,NA,NA,NA,NA,NA,NA,NA,NA,NA,NA,NA,NA,0,NA,NA,NA,NA,NA,NA,NA,NA,NA,NA,NA,NA,NA,NA,NA,NA,NA,NA,NA,NA,NA,NA,NA,NA,NA,NA,NA,NA,NA,NA,NA,0,NA,NA,NA,NA,0,NA,NA,0,0,0,0,NA,NA,2011,NA,NA,25,0,Field goal,1839,"10/16/11, 13:03:12",2011-10-16T18:15:03Z,Commanders Field,"Sunny Temp: 68° F, Humidity: 26%, Wind: WSW 7 mph",10012011-1016-039d-ee8c-bc7446e5f587,0,0,RUSH,0,NA,NA,NA,9,Field goal,2011-10-16T18:10:39Z,8,4:13,3,1,1,2,2,5,INTERCEPTION,FIELD_GOAL,06:40,02:27,WAS 47,WAS 6,1700,1888,20,13,Home,-7,33,-3,46.5,1,outdoors,grass,68,7,Mike Shanahan,Andy Reid,WAS00,FedExField,0,0,NA,NA,L.McCoy,25,NA,NA,0,1,0,0,1,NA,00-0027029,NA,L.McCoy,25,00-0027029,L.McCoy,00-0027029,L.McCoy,00-0027029,0,0,-0.9812289911787957,NA,NA,NA,NA,NA,0.4715595245361328,-47.15595245361328,2011,Go for it,NA,NA,NA,NA,NA,NA,NA,NA,NA,NA,Punt,Go for it,Andy Reid,Mike Shanahan,3:40,NA,NA,NA,NA,NA,NA,NA,NA,NA,NA
1860,2011_06_PHI_WAS,2011101603,WAS,PHI,REG,6,PHI,away,WAS,WAS,5,2011-10-16,183,183,1983,Half1,0,9,0,2,3,1,03:03,WAS 5,5,41,(3:03) (Shotgun) 7-M.Vick sacked at WAS 6 for -1 yards (96-B.Cofield).,pass,-1,1,0,1,0,0,0,NA,NA,NA,NA,NA,NA,NA,NA,NA,NA,3,2,0,NA,NA,NA,NA,2,3,0,17,17,0,17,17,0,17,0.10551085323095322,0.011176306754350662,3.064376942347735e-4,0.020458510145545006,0.45290008187294006,0.002016833983361721,0.4076310098171234,0,0,4.038799615635071,-1.1429292068203893,-22.438618333160484,22.438618333160484,-5.39316593069816,5.39316593069816,-16.221275065524058,16.221275065524058,NA,NA,0,0,-12.494191764330026,12.494191764330026,-4.180201723473147,4.180201723473147,-13.111150574230123,13.111150574230123,-4.253053698114322,4.253053698114322,0.9257049560546875,0.0742950439453125,0.0742950439453125,0.9257049560546875,-0.009567975997924805,-0.005587756633758545,0.005587756633758545,0.0838630199432373,0.9161369800567627,0.9681113958358765,0.031888604164123535,-0.053027793765068054,0.053027793765068054,-0.36711394158116906,0.36711394158116906,NA,NA,0,0,-0.016728699207305908,0.016728699207305908,-0.3516016986679229,0.3516016986679229,-0.016728699207305908,0.016728699207305908,-0.35995321837178795,0.35995321837178795,0,0,0,0,0,1,0,0,0,0,0,0,0,0,0,0,0,0,0,0,0,0,0,0,1,0,0,0,0,0,0,1,0,1,1,0,0,0,0,0,0,0,0,0,0,0,0,0,0,0,0,00-0020245,M.Vick,NA,NA,NA,NA,NA,NA,NA,NA,NA,NA,NA,NA,NA,NA,NA,NA,NA,NA,NA,NA,NA,NA,NA,NA,NA,NA,NA,NA,NA,NA,NA,NA,NA,NA,NA,00-0024339,B.Cofield,NA,NA,00-0024339,B.Cofield,NA,NA,NA,NA,NA,NA,NA,NA,WAS,NA,00-0024339,NA,B.Cofield,NA,NA,NA,NA,NA,NA,NA,NA,NA,NA,NA,NA,NA,0,NA,NA,NA,NA,NA,NA,NA,NA,NA,NA,NA,NA,NA,NA,NA,NA,NA,NA,NA,NA,NA,NA,NA,NA,00-0024339,B.Cofield,NA,NA,NA,NA,NA,0,NA,NA,NA,NA,0,NA,NA,0,0,0,0,NA,NA,2011,NA,NA,25,0,Field goal,1860,"10/16/11, 13:03:12",2011-10-16T18:15:41Z,Commanders Field,"Sunny Temp: 68° F, Humidity: 26%, Wind: WSW 7 mph",10012011-1016-039d-ee8c-bc7446e5f587,0,0,SACK,0,NA,NA,NA,9,Field goal,2011-10-16T18:10:39Z,8,4:13,3,1,1,2,2,5,INTERCEPTION,FIELD_GOAL,06:40,02:27,WAS 47,WAS 6,1700,1888,20,13,Home,-7,33,-3,46.5,1,outdoors,grass,68,7,Mike Shanahan,Andy Reid,WAS00,FedExField,0,0,M.Vick,7,NA,NA,NA,NA,1,0,0,0,1,00-0020245,NA,NA,M.Vick,7,00-0020245,NA,NA,NA,NA,0,0,-1.1429292068203893,NA,NA,NA,NA,NA,0.9151293039321899,8.487069606781006,2011,Go for it,NA,NA,NA,NA,NA,NA,NA,NA,NA,NA,Punt,Go for it,Andy Reid,Mike Shanahan,3:03,NA,NA,NA,NA,NA,NA,NA,NA,NA,NA
1888,2011_06_PHI_WAS,2011101603,WAS,PHI,REG,6,PHI,away,WAS,WAS,6,2011-10-16,151,151,1951,Half1,0,9,1,2,4,1,02:31,WAS 6,6,41,"(2:31) 6-A.Henery 24 yard field goal is GOOD, Center-46-J.Dorenbos, Holder-8-C.Henry.",field_goal,0,0,0,0,0,0,0,NA,NA,NA,NA,NA,NA,made,24,NA,NA,3,2,0,NA,NA,NA,NA,2,3,0,20,17,0,17,20,0,20,0.016799086229704174,0.0036893028780190353,4.904774587114209e-5,0.004623471815072717,0.9709994855954608,9.499457252649413e-5,0.0037446099592220792,0,0,2.8958704088146816,0.1041295911853184,-22.542747924345804,22.542747924345804,-5.39316593069816,5.39316593069816,-16.221275065524058,16.221275065524058,NA,NA,0,0,-12.494191764330026,12.494191764330026,-4.180201723473147,4.180201723473147,-13.111150574230123,13.111150574230123,-4.253053698114322,4.253053698114322,0.9161369800567627,0.0838630199432373,0.0838630199432373,0.9161369800567627,1.2458860874176025e-4,-0.015106555074453354,0.015106555074453354,0.08373843133449554,0.9162615686655045,0.9625236392021179,0.03747636079788208,-0.053027793765068054,0.053027793765068054,-0.36711394158116906,0.36711394158116906,NA,NA,0,0,-0.016728699207305908,0.016728699207305908,-0.3516016986679229,0.3516016986679229,-0.016728699207305908,0.016728699207305908,-0.35995321837178795,0.35995321837178795,0,0,0,0,0,0,0,0,0,0,0,0,0,0,0,0,0,0,0,0,0,0,0,0,0,0,0,0,0,0,0,0,0,0,0,0,0,0,0,0,0,1,0,0,0,0,0,0,0,0,0,NA,NA,NA,NA,NA,NA,NA,NA,NA,NA,NA,NA,NA,NA,NA,NA,NA,NA,NA,NA,NA,NA,NA,NA,NA,NA,NA,NA,NA,NA,NA,A.Henery,00-0028058,NA,NA,NA,NA,NA,NA,NA,NA,NA,NA,NA,NA,NA,NA,NA,NA,NA,NA,NA,NA,NA,NA,NA,NA,NA,NA,NA,NA,NA,NA,NA,NA,NA,NA,NA,NA,0,NA,NA,NA,NA,NA,NA,NA,NA,NA,NA,NA,NA,NA,NA,NA,NA,NA,NA,NA,NA,NA,NA,NA,NA,NA,NA,NA,NA,NA,NA,NA,0,NA,NA,NA,NA,0,NA,NA,0,0,0,0,NA,NA,2011,NA,NA,25,0,Field goal,1888,"10/16/11, 13:03:12",2011-10-16T18:16:23Z,Commanders Field,"Sunny Temp: 68° F, Humidity: 26%, Wind: WSW 7 mph",10012011-1016-039d-ee8c-bc7446e5f587,0,0,FIELD_GOAL,0,NA,NA,NA,9,Field goal,2011-10-16T18:10:39Z,8,4:13,3,1,1,2,2,5,INTERCEPTION,FIELD_GOAL,06:40,02:27,WAS 47,WAS 6,1700,1888,20,13,Home,-7,33,-3,46.5,1,outdoors,grass,68,7,Mike Shanahan,Andy Reid,WAS00,FedExField,0,1,NA,NA,NA,NA,NA,NA,0,0,0,1,0,NA,NA,NA,NA,NA,NA,NA,NA,NA,NA,0,0,0.1041295911853184,NA,NA,NA,NA,NA,NA,NA,2011,Field Goal,NA,0.2100894367249566,0.9926863010498773,NA,NA,NA,0.992313088325318,0.993877837434411,NA,NA,Punt,Field Goal,Andy Reid,Mike Shanahan,2:31,0.9709994855954608,97,NA,21,99,NA,NA,NA,99,99
1907,2011_06_PHI_WAS,2011101603,WAS,PHI,REG,6,WAS,home,PHI,PHI,35,2011-10-16,147,147,1947,Half1,0,10,0,2,NA,0,02:27,PHI 35,0,38,6-A.Henery kicks 70 yards from PHI 35 to WAS -5. 16-B.Banks to WAS 30 for 35 yards (14-R.Cooper).,kickoff,0,0,0,0,0,0,0,NA,NA,NA,NA,NA,NA,NA,70,NA,NA,3,2,0,NA,NA,NA,NA,3,2,0,20,0,20,-20,0,20,-20,0.5035238265991211,0.09607907384634018,0.0015196375316008925,0.0876832827925682,0.12772458791732788,0.0016992170130833983,0.18177036941051483,0,0,0.7539053075015545,0.5709014370804653,-21.97184648726534,21.97184648726534,-5.39316593069816,5.39316593069816,-16.221275065524058,16.221275065524058,NA,NA,0,0,-12.494191764330026,12.494191764330026,-4.180201723473147,4.180201723473147,-13.111150574230123,13.111150574230123,-4.253053698114322,4.253053698114322,0.08373843133449554,0.9162615686655045,0.08373843133449554,0.9162615686655045,0.002374105155467987,0.001412075012922287,0.001412075012922287,0.08611253648996353,0.9138874635100365,0.052582915872335434,0.052582915872335434,-0.053027793765068054,0.053027793765068054,-0.36711394158116906,0.36711394158116906,NA,NA,0,0,-0.016728699207305908,0.016728699207305908,-0.3516016986679229,0.3516016986679229,-0.016728699207305908,0.016728699207305908,-0.35995321837178795,0.35995321837178795,0,0,0,0,0,0,0,0,0,0,0,0,0,0,0,0,0,1,0,0,0,0,0,0,1,0,0,0,0,0,0,0,0,0,0,0,0,0,0,0,0,0,1,0,0,0,0,0,0,0,0,NA,NA,NA,NA,NA,NA,NA,NA,NA,NA,NA,NA,NA,NA,NA,NA,NA,NA,NA,NA,NA,NA,NA,NA,NA,B.Banks,00-0027618,NA,NA,NA,NA,A.Henery,00-0028058,NA,NA,NA,NA,NA,NA,NA,NA,NA,NA,NA,NA,NA,NA,NA,NA,NA,NA,PHI,NA,00-0027758,NA,R.Cooper,NA,NA,NA,NA,NA,NA,NA,NA,NA,NA,NA,NA,NA,0,NA,NA,NA,NA,NA,NA,NA,NA,NA,NA,NA,NA,NA,NA,NA,NA,NA,NA,NA,NA,NA,NA,NA,NA,NA,NA,NA,NA,NA,NA,WAS,35,NA,NA,NA,NA,0,NA,NA,0,0,0,0,NA,NA,2011,NA,NA,26,1,First down,1907,"10/16/11, 13:03:12",2011-10-16T18:17:55Z,Commanders Field,"Sunny Temp: 68° F, Humidity: 26%, Wind: WSW 7 mph",10012011-1016-039d-ee8c-bc7446e5f587,0,0,KICK_OFF,1,NA,NA,NA,10,Field goal,2011-10-16T18:17:55Z,9,1:57,3,0,1,2,2,-5,KICKOFF,FIELD_GOAL,02:27,00:30,WAS 30,PHI 32,1907,2211,20,13,Home,-7,33,-3,46.5,1,outdoors,grass,68,7,Mike Shanahan,Andy Reid,WAS00,FedExField,0,1,NA,NA,NA,NA,NA,NA,0,0,0,1,0,NA,NA,NA,NA,NA,NA,NA,NA,NA,NA,0,0,0.5709014370804653,NA,NA,NA,NA,NA,NA,NA,2011,Other,NA,NA,NA,NA,NA,NA,NA,NA,NA,NA,Punt,Other,Andy Reid,Mike Shanahan,2:27,NA,NA,NA,NA,NA,NA,NA,NA,NA,NA
1929,2011_06_PHI_WAS,2011101603,WAS,PHI,REG,6,WAS,home,PHI,WAS,70,2011-10-16,141,141,1941,Half1,0,10,0,2,1,0,02:21,WAS 30,10,38,(2:21) 8-R.Grossman pass short left to 83-F.Davis pushed ob at WAS 47 for 17 yards (42-K.Coleman).,pass,17,0,0,1,0,0,0,short,left,-1,18,NA,NA,NA,NA,NA,NA,3,2,0,NA,NA,NA,NA,3,2,0,20,0,20,-20,0,20,-20,0.4793429374694824,0.07555771619081497,6.989245885051787e-4,0.06799016892910004,0.14924106001853943,0.001819776138290763,0.22534945607185364,0,0,1.3248067445820197,0.7270941165043041,-21.244752370761034,21.244752370761034,-5.39316593069816,5.39316593069816,-15.494180949019752,15.494180949019752,-0.5844147381139919,1.311508854618296,-0.5844147381139919,1.311508854618296,-13.078606502444018,13.078606502444018,-2.8686928688548505,2.8686928688548505,-13.695565312344115,13.695565312344115,-2.9415448434960263,2.9415448434960263,0.08611253648996353,0.9138874635100365,0.08611253648996353,0.9138874635100365,0.012334458529949188,0.011140145361423492,0.011140145361423492,0.09844699501991272,0.9015530049800873,0.05399499088525772,0.05399499088525772,-0.053027793765068054,0.053027793765068054,-0.35477948305121987,0.35477948305121987,0,0.012334458529949188,0,0.012334458529949188,-0.016728699207305908,0.016728699207305908,-0.3392672401379737,0.3392672401379737,-0.016728699207305908,0.016728699207305908,-0.34761875984183876,0.34761875984183876,0,0,1,0,0,0,0,0,0,0,0,0,0,0,0,0,0,0,0,0,0,0,0,0,1,0,0,0,0,0,0,0,0,1,0,0,0,0,0,0,0,0,0,0,0,1,0,0,0,0,0,00-0022121,R.Grossman,17,00-0026188,F.Davis,17,NA,NA,NA,NA,NA,NA,NA,NA,NA,NA,NA,NA,NA,NA,NA,NA,NA,NA,NA,NA,NA,NA,NA,NA,NA,NA,NA,NA,NA,NA,NA,NA,NA,NA,NA,NA,NA,NA,NA,NA,NA,NA,NA,NA,NA,PHI,NA,00-0027835,NA,K.Coleman,NA,NA,NA,NA,NA,NA,NA,NA,NA,NA,NA,NA,NA,0,NA,NA,NA,NA,NA,NA,NA,NA,NA,NA,NA,NA,NA,NA,NA,NA,NA,NA,NA,NA,NA,NA,NA,NA,NA,NA,NA,NA,NA,NA,NA,0,NA,NA,NA,NA,0,NA,NA,0,0,0,0,NA,NA,2011,0.8406484127044678,15.935158729553223,26,1,First down,1929,"10/16/11, 13:03:12",2011-10-16T18:18:37Z,Commanders Field,"Sunny Temp: 68° F, Humidity: 26%, Wind: WSW 7 mph",10012011-1016-039d-ee8c-bc7446e5f587,0,0,PASS,0,NA,NA,NA,10,Field goal,2011-10-16T18:17:55Z,9,1:57,3,0,1,2,2,-5,KICKOFF,FIELD_GOAL,02:27,00:30,WAS 30,PHI 32,1907,2211,20,13,Home,-7,33,-3,46.5,1,outdoors,grass,68,7,Mike Shanahan,Andy Reid,WAS00,FedExField,0,1,R.Grossman,8,NA,NA,F.Davis,83,1,0,1,0,1,00-0022121,NA,00-0026188,R.Grossman,8,00-0022121,F.Davis,00-0026188,F.Davis,00-0026188,1,0,0.7270941165043041,0.6292479526170427,7.699976432835683,6,0.4786149438004941,0.21844278532080352,0.760246753692627,23.975324630737305,2011,Go for it,NA,NA,NA,NA,NA,NA,NA,NA,NA,NA,Punt,Go for it,Andy Reid,Mike Shanahan,2:21,NA,NA,NA,NA,NA,NA,NA,NA,NA,NA
1975,2011_06_PHI_WAS,2011101603,WAS,PHI,REG,6,WAS,home,PHI,WAS,53,2011-10-16,120,120,1920,Half1,0,10,0,2,1,0,02:00,WAS 47,10,38,(2:00) 8-R.Grossman pass incomplete short middle to 89-S.Moss.,pass,0,0,0,1,0,0,0,short,middle,4,NA,NA,NA,NA,NA,NA,NA,3,2,0,NA,NA,NA,NA,3,2,0,20,0,20,-20,0,20,-20,0.43399322032928467,0.049198608845472336,3.9294897578656673e-4,0.04348714277148247,0.19916638731956482,0.0018277022754773498,0.27193400263786316,0,0,2.051900861086324,-0.38533133326563984,-21.630083704026674,21.630083704026674,-5.39316593069816,5.39316593069816,-15.879512282285392,15.879512282285392,-0.20451732084620744,-0.1808140124194324,0,0,-13.078606502444018,13.078606502444018,-2.8686928688548505,2.8686928688548505,-13.900082633190323,13.900082633190323,-3.1223588559154587,3.1223588559154587,0.09844699501991272,0.9015530049800873,0.09844699501991272,0.9015530049800873,-0.008482269942760468,-0.005053829401731491,-0.005053829401731491,0.08996472507715225,0.9100352749228477,0.06513513624668121,0.06513513624668121,-0.053027793765068054,0.053027793765068054,-0.36326175299398034,0.36326175299398034,0,-0.008482269942760468,0,0,-0.016728699207305908,0.016728699207305908,-0.3392672401379737,0.3392672401379737,-0.016728699207305908,0.016728699207305908,-0.35610102978459923,0.35610102978459923,0,0,0,0,0,0,0,0,1,0,0,0,0,0,0,0,0,0,0,0,0,0,0,0,0,0,0,0,0,0,0,0,0,1,0,0,0,0,0,0,0,0,0,0,0,0,0,0,0,0,0,00-0022121,R.Grossman,NA,00-0020494,S.Moss,NA,NA,NA,NA,NA,NA,NA,NA,NA,NA,NA,NA,NA,NA,NA,NA,NA,NA,NA,NA,NA,NA,NA,NA,NA,NA,NA,NA,NA,NA,NA,NA,NA,NA,NA,NA,NA,NA,NA,NA,NA,NA,NA,NA,NA,NA,NA,NA,NA,NA,NA,NA,NA,NA,NA,NA,NA,NA,NA,NA,NA,NA,NA,NA,0,NA,NA,NA,NA,NA,NA,NA,NA,NA,NA,NA,NA,NA,NA,NA,NA,NA,NA,NA,NA,NA,NA,NA,NA,NA,NA,NA,NA,NA,NA,NA,0,NA,NA,NA,NA,0,NA,NA,0,0,0,0,NA,NA,2011,0.771146297454834,-77.1146297454834,27,1,First down,1975,"10/16/11, 13:03:12",2011-10-16T18:22:07Z,Commanders Field,"Sunny Temp: 68° F, Humidity: 26%, Wind: WSW 7 mph",10012011-1016-039d-ee8c-bc7446e5f587,0,0,PASS,0,NA,NA,NA,10,Field goal,2011-10-16T18:17:55Z,9,1:57,3,0,1,2,2,-5,KICKOFF,FIELD_GOAL,02:27,00:30,WAS 30,PHI 32,1907,2211,20,13,Home,-7,33,-3,46.5,1,outdoors,grass,68,7,Mike Shanahan,Andy Reid,WAS00,FedExField,0,0,R.Grossman,8,NA,NA,S.Moss,89,1,0,0,0,1,00-0022121,NA,00-0020494,R.Grossman,8,00-0022121,S.Moss,00-0020494,S.Moss,00-0020494,0,0,-0.38533133326563984,0.5446157931648983,5.1877511356869945,3,0.6923931355122477,0.29165237047709525,0.8679203391075134,13.207966089248657,2011,Go for it,NA,NA,NA,NA,NA,NA,NA,NA,NA,NA,Punt,Go for it,Andy Reid,Mike Shanahan,2:00,NA,NA,NA,NA,NA,NA,NA,NA,NA,NA
1997,2011_06_PHI_WAS,2011101603,WAS,PHI,REG,6,WAS,home,PHI,WAS,53,2011-10-16,116,116,1916,Half1,0,10,0,2,2,0,01:56,WAS 47,10,38,(1:56) 8-R.Grossman pass short middle to 83-F.Davis to PHI 35 for 18 yards (23-D.Rodgers-Cromartie; 29-N.Allen).,pass,18,0,0,1,0,0,0,short,middle,5,13,NA,NA,NA,NA,NA,NA,3,2,0,NA,NA,NA,NA,3,2,0,20,0,20,-20,0,20,-20,0.46412497758865356,0.057309992611408234,4.1545863496139646e-4,0.05265301093459129,0.19049696624279022,0.001717310049571097,0.23328228294849396,0,0,1.666569527820684,1.0871162340627052,-20.54296746996397,20.54296746996397,-5.39316593069816,5.39316593069816,-14.792396048222686,14.792396048222686,-0.08593606826616451,1.1730523023288697,-0.08593606826616451,1.1730523023288697,-13.164542570710182,13.164542570710182,-1.6956405665259808,1.6956405665259808,-13.986018701456487,13.986018701456487,-1.949306553586589,1.949306553586589,0.08996472507715225,0.9100352749228477,0.08996472507715225,0.9100352749228477,-0.001865975558757782,0.002923760563135147,0.002923760563135147,0.08809874951839447,0.9119012504816055,0.06008130684494972,0.06008130684494972,-0.053027793765068054,0.053027793765068054,-0.3651277285527381,0.3651277285527381,0,-0.001865975558757782,0,-0.001865975558757782,-0.016728699207305908,0.016728699207305908,-0.3411332156967315,0.3411332156967315,-0.016728699207305908,0.016728699207305908,-0.357967005343357,0.357967005343357,0,0,1,0,0,0,0,0,0,0,0,0,0,0,0,0,0,0,0,0,0,0,0,0,0,0,0,0,0,0,0,0,0,1,0,0,0,0,0,0,0,0,0,0,0,1,1,0,0,0,0,00-0022121,R.Grossman,18,00-0026188,F.Davis,18,NA,NA,NA,NA,NA,NA,NA,NA,NA,NA,NA,NA,NA,NA,NA,NA,NA,NA,NA,NA,NA,NA,NA,NA,NA,NA,NA,NA,NA,NA,NA,NA,NA,NA,NA,NA,NA,NA,NA,NA,NA,NA,NA,NA,NA,NA,NA,NA,NA,NA,NA,00-0026156,D.Rodgers-Cromartie,PHI,00-0027652,N.Allen,PHI,NA,NA,NA,NA,NA,NA,0,NA,NA,NA,NA,NA,NA,NA,NA,NA,NA,NA,NA,NA,NA,NA,NA,NA,NA,NA,NA,NA,NA,NA,NA,NA,NA,NA,NA,NA,NA,NA,0,NA,NA,NA,NA,0,NA,NA,0,0,0,0,NA,NA,2011,0.7595686912536621,24.04313087463379,27,1,First down,1997,"10/16/11, 13:03:12",2011-10-16T18:22:39Z,Commanders Field,"Sunny Temp: 68° F, Humidity: 26%, Wind: WSW 7 mph",10012011-1016-039d-ee8c-bc7446e5f587,0,0,PASS,0,NA,NA,NA,10,Field goal,2011-10-16T18:17:55Z,9,1:57,3,0,1,2,2,-5,KICKOFF,FIELD_GOAL,02:27,00:30,WAS 30,PHI 32,1907,2211,20,13,Home,-7,33,-3,46.5,1,outdoors,grass,68,7,Mike Shanahan,Andy Reid,WAS00,FedExField,0,1,R.Grossman,8,NA,NA,F.Davis,83,1,0,1,0,1,00-0022121,NA,00-0026188,R.Grossman,8,00-0022121,F.Davis,00-0026188,F.Davis,00-0026188,0,0,1.0871162340627052,0.5169457173330012,4.316922134079505,3,0.8074530851445161,0.31119592901086435,0.8843197822570801,11.568021774291992,2011,Go for it,NA,NA,NA,NA,NA,NA,NA,NA,NA,NA,Punt,Go for it,Andy Reid,Mike Shanahan,1:56,NA,NA,NA,NA,NA,NA,NA,NA,NA,NA
2029,2011_06_PHI_WAS,2011101603,WAS,PHI,REG,6,NA,NA,NA,NA,NA,2011-10-16,103,103,1903,Half1,0,10,0,2,NA,0,01:43,PHI 35,0,38,Timeout #1 by WAS at 01:43.,no_play,0,0,0,0,0,0,0,NA,NA,NA,NA,NA,NA,NA,NA,NA,NA,2,2,1,WAS,NA,NA,NA,NA,NA,0,20,NA,NA,NA,NA,NA,NA,0,0,0,0,0,0,0,0,0,2.753685761883389,0,-20.54296746996397,20.54296746996397,-5.39316593069816,5.39316593069816,-14.792396048222686,14.792396048222686,NA,NA,0,0,-13.164542570710182,13.164542570710182,-1.6956405665259808,1.6956405665259808,-13.986018701456487,13.986018701456487,-1.949306553586589,1.949306553586589,0.08809874951839447,0.9119012504816055,0.08809874951839447,0.9119012504816055,0,0,0,NA,NA,0.06300506740808487,0.06300506740808487,-0.053027793765068054,0.053027793765068054,-0.3651277285527381,0.3651277285527381,NA,NA,0,0,-0.016728699207305908,0.016728699207305908,-0.3411332156967315,0.3411332156967315,-0.016728699207305908,0.016728699207305908,-0.357967005343357,0.357967005343357,0,0,0,0,0,0,0,0,0,0,0,0,0,0,0,0,0,0,0,0,0,0,0,0,0,0,0,0,0,0,0,0,0,0,0,0,0,0,0,0,0,0,0,0,0,0,0,0,0,0,0,NA,NA,NA,NA,NA,NA,NA,NA,NA,NA,NA,NA,NA,NA,NA,NA,NA,NA,NA,NA,NA,NA,NA,NA,NA,NA,NA,NA,NA,NA,NA,NA,NA,NA,NA,NA,NA,NA,NA,NA,NA,NA,NA,NA,NA,NA,NA,NA,NA,NA,NA,NA,NA,NA,NA,NA,NA,NA,NA,NA,NA,NA,NA,NA,NA,NA,NA,NA,NA,0,NA,NA,NA,NA,NA,NA,NA,NA,NA,NA,NA,NA,NA,NA,NA,NA,NA,NA,NA,NA,NA,NA,NA,NA,NA,NA,NA,NA,NA,NA,NA,0,NA,NA,NA,NA,0,NA,NA,0,0,0,0,NA,NA,2011,NA,NA,28,1,First down,2029,"10/16/11, 13:03:12",2011-10-16T18:23:34Z,Commanders Field,"Sunny Temp: 68° F, Humidity: 26%, Wind: WSW 7 mph",10012011-1016-039d-ee8c-bc7446e5f587,0,0,TIMEOUT,0,NA,NA,NA,10,Field goal,2011-10-16T18:17:55Z,9,1:57,3,0,1,2,2,-5,KICKOFF,FIELD_GOAL,02:27,00:30,WAS 30,PHI 32,1907,2211,20,13,Home,-7,33,-3,46.5,1,outdoors,grass,68,7,Mike Shanahan,Andy Reid,WAS00,FedExField,0,0,NA,NA,NA,NA,NA,NA,0,0,0,0,0,NA,NA,NA,NA,NA,NA,NA,NA,NA,NA,0,0,0,NA,NA,NA,NA,NA,NA,NA,2011,Other,NA,NA,NA,NA,NA,NA,NA,NA,NA,NA,Punt,Other,Andy Reid,Mike Shanahan,1:43,NA,NA,NA,NA,NA,NA,NA,NA,NA,NA
2046,2011_06_PHI_WAS,2011101603,WAS,PHI,REG,6,WAS,home,PHI,PHI,35,2011-10-16,103,103,1903,Half1,0,10,0,2,1,0,01:43,PHI 35,10,38,(1:43) 8-R.Grossman pass incomplete short middle to 89-S.Moss.,pass,0,0,0,1,0,0,0,short,middle,15,NA,NA,NA,NA,NA,NA,NA,2,2,0,NA,NA,NA,NA,2,2,0,20,0,20,-20,0,20,-20,0.3611554503440857,0.028599480167031288,2.610589435789734e-4,0.023550789803266525,0.272032231092453,0.0024084236938506365,0.3119926154613495,0,0,2.753685761883389,-0.2528885448118672,-20.795856014775836,20.795856014775836,-5.39316593069816,5.39316593069816,-15.045284593034554,15.045284593034554,1.2020149297313765,-1.4549034745432436,0,0,-13.164542570710182,13.164542570710182,-1.6956405665259808,1.6956405665259808,-12.78400377172511,12.78400377172511,-3.4042100281298326,3.4042100281298326,0.08809874951839447,0.9119012504816055,0.08809874951839447,0.9119012504816055,-0.004425384104251862,-0.004706349223852158,-0.004706349223852158,0.08367336541414261,0.9163266345858574,0.06300506740808487,0.06300506740808487,-0.053027793765068054,0.053027793765068054,-0.36955311265699,0.36955311265699,0,-0.004425384104251862,0,0,-0.016728699207305908,0.016728699207305908,-0.3411332156967315,0.3411332156967315,-0.016728699207305908,0.016728699207305908,-0.3623923894476089,0.3623923894476089,0,0,0,0,0,0,0,0,1,0,0,0,0,0,0,0,0,0,0,0,0,0,0,0,0,0,0,0,0,0,0,0,0,1,0,0,0,0,0,0,0,0,0,0,0,0,0,0,0,0,0,00-0022121,R.Grossman,NA,00-0020494,S.Moss,NA,NA,NA,NA,NA,NA,NA,NA,NA,NA,NA,NA,NA,NA,NA,NA,NA,NA,NA,NA,NA,NA,NA,NA,NA,NA,NA,NA,NA,NA,NA,NA,NA,NA,NA,NA,NA,NA,NA,NA,NA,NA,NA,NA,NA,NA,NA,NA,NA,NA,NA,NA,NA,NA,NA,NA,NA,NA,NA,NA,NA,NA,NA,NA,0,NA,NA,NA,NA,NA,NA,NA,NA,NA,NA,NA,NA,NA,NA,NA,NA,NA,NA,NA,NA,NA,NA,NA,NA,NA,NA,NA,NA,NA,NA,NA,0,NA,NA,NA,NA,0,NA,NA,0,0,0,0,NA,NA,2011,0.6508128643035889,-65.08128643035889,28,1,First down,2046,"10/16/11, 13:03:12",2011-10-16T18:23:56Z,Commanders Field,"Sunny Temp: 68° F, Humidity: 26%, Wind: WSW 7 mph",10012011-1016-039d-ee8c-bc7446e5f587,0,0,PASS,0,NA,NA,NA,10,Field goal,2011-10-16T18:17:55Z,9,1:57,3,0,1,2,2,-5,KICKOFF,FIELD_GOAL,02:27,00:30,WAS 30,PHI 32,1907,2211,20,13,Home,-7,33,-3,46.5,1,outdoors,grass,68,7,Mike Shanahan,Andy Reid,WAS00,FedExField,0,0,R.Grossman,8,NA,NA,S.Moss,89,1,0,0,0,1,00-0022121,NA,00-0020494,R.Grossman,8,00-0022121,S.Moss,00-0020494,S.Moss,00-0020494,0,0,-0.2528885448118672,0.44189417205066506,4.4723138000117615,2,1,1,0.8986242413520813,10.13757586479187,2011,Go for it,NA,NA,NA,NA,NA,NA,NA,NA,NA,NA,Punt,Go for it,Andy Reid,Mike Shanahan,1:43,NA,NA,NA,NA,NA,NA,NA,NA,NA,NA
2068,2011_06_PHI_WAS,2011101603,WAS,PHI,REG,6,WAS,home,PHI,PHI,35,2011-10-16,98,98,1898,Half1,0,10,0,2,2,0,01:38,PHI 35,10,38,(1:38) 8-R.Grossman pass short middle to 19-D.Stallworth to PHI 23 for 12 yards (24-N.Asomugha).,pass,12,0,0,1,0,0,0,short,middle,12,0,NA,NA,NA,NA,NA,NA,2,2,0,NA,NA,NA,NA,2,2,0,20,0,20,-20,0,20,-20,0.3849254846572876,0.0336114875972271,2.6431152946315706e-4,0.025022229179739952,0.27601179480552673,0.0023744963109493256,0.27779021859169006,0,0,2.500797217071522,1.2854263695771806,-19.510429645198656,19.510429645198656,-5.39316593069816,5.39316593069816,-13.759858223457373,13.759858223457373,1.2854263695771806,0,1.2854263695771806,0,-11.879116201133002,11.879116201133002,-1.6956405665259808,1.6956405665259808,-11.49857740214793,11.49857740214793,-3.4042100281298326,3.4042100281298326,0.08367336541414261,0.9163266345858574,0.08367336541414261,0.9163266345858574,0.013566672801971436,0.012937601655721664,0.012937601655721664,0.09724003821611404,0.902759961783886,0.05829871818423271,0.05829871818423271,-0.053027793765068054,0.053027793765068054,-0.35598643985501854,0.35598643985501854,0.013566672801971436,0,0.013566672801971436,0,-0.0031620264053344727,0.0031620264053344727,-0.3411332156967315,0.3411332156967315,-0.0031620264053344727,0.0031620264053344727,-0.3623923894476089,0.3623923894476089,0,0,1,0,0,0,0,0,0,0,0,0,0,0,0,0,0,0,0,0,0,0,0,0,1,0,0,0,0,0,0,0,0,1,0,0,0,0,0,0,0,0,0,0,0,1,0,0,0,0,0,00-0022121,R.Grossman,12,00-0021147,D.Stallworth,12,NA,NA,NA,NA,NA,NA,NA,NA,NA,NA,NA,NA,NA,NA,NA,NA,NA,NA,NA,NA,NA,NA,NA,NA,NA,NA,NA,NA,NA,NA,NA,NA,NA,NA,NA,NA,NA,NA,NA,NA,NA,NA,NA,NA,NA,PHI,NA,00-0022077,NA,N.Asomugha,NA,NA,NA,NA,NA,NA,NA,NA,NA,NA,NA,NA,NA,0,NA,NA,NA,NA,NA,NA,NA,NA,NA,NA,NA,NA,NA,NA,NA,NA,NA,NA,NA,NA,NA,NA,NA,NA,NA,NA,NA,NA,NA,NA,NA,0,NA,NA,NA,NA,0,NA,NA,0,0,0,0,NA,NA,2011,0.6867042183876038,31.329578161239624,28,1,First down,2068,"10/16/11, 13:03:12",2011-10-16T18:24:33Z,Commanders Field,"Sunny Temp: 68° F, Humidity: 26%, Wind: WSW 7 mph",10012011-1016-039d-ee8c-bc7446e5f587,0,0,PASS,0,NA,NA,NA,10,Field goal,2011-10-16T18:17:55Z,9,1:57,3,0,1,2,2,-5,KICKOFF,FIELD_GOAL,02:27,00:30,WAS 30,PHI 32,1907,2211,20,13,Home,-7,33,-3,46.5,1,outdoors,grass,68,7,Mike Shanahan,Andy Reid,WAS00,FedExField,0,1,R.Grossman,8,NA,NA,D.Stallworth,19,1,0,1,0,1,00-0022121,NA,00-0021147,R.Grossman,8,00-0022121,D.Stallworth,00-0021147,D.Stallworth,00-0021147,0,0,1.2854263695771806,0.3055439731577818,3.7045889329747297,2,1,0.9970974729512818,0.9179185628890991,8.208143711090088,2011,Go for it,NA,NA,NA,NA,NA,NA,NA,NA,NA,NA,Punt,Go for it,Andy Reid,Mike Shanahan,1:38,NA,NA,NA,NA,NA,NA,NA,NA,NA,NA
2092,2011_06_PHI_WAS,2011101603,WAS,PHI,REG,6,WAS,home,PHI,PHI,23,2011-10-16,78,78,1878,Half1,0,10,0,2,1,0,01:18,PHI 23,10,38,"(1:18) (No Huddle) PENALTY on WAS-58-E.Cook, False Start, 5 yards, enforced at PHI 23 - No Play.",no_play,0,0,1,0,0,0,0,NA,NA,NA,NA,NA,NA,NA,NA,NA,NA,2,2,0,NA,NA,NA,NA,2,2,0,20,0,20,-20,0,20,-20,0.21136249601840973,0.015603107400238514,2.7760700322687626e-4,0.011676275171339512,0.3500366508960724,0.0024190463591367006,0.4086248576641083,0,0,3.7862235866487026,-0.7471183721208945,-20.25754801731955,20.25754801731955,-5.39316593069816,5.39316593069816,-13.759858223457373,13.759858223457373,NA,NA,0,0,-11.879116201133002,11.879116201133002,-1.6956405665259808,1.6956405665259808,-11.49857740214793,11.49857740214793,-3.4042100281298326,3.4042100281298326,0.09724003821611404,0.902759961783886,0.09724003821611404,0.902759961783886,-0.004328601062297821,-0.0074836984276771545,-0.0074836984276771545,0.09291143715381622,0.9070885628461838,0.07123631983995438,0.07123631983995438,-0.053027793765068054,0.053027793765068054,-0.35598643985501854,0.35598643985501854,NA,NA,0,0,-0.0031620264053344727,0.0031620264053344727,-0.3411332156967315,0.3411332156967315,-0.0031620264053344727,0.0031620264053344727,-0.3623923894476089,0.3623923894476089,0,0,0,0,0,0,0,0,0,0,0,0,0,0,0,0,0,0,0,0,0,0,0,0,0,0,1,0,0,0,0,0,0,0,0,0,0,0,0,0,0,0,0,0,0,0,0,0,0,0,0,NA,NA,NA,NA,NA,NA,NA,NA,NA,NA,NA,NA,NA,NA,NA,NA,NA,NA,NA,NA,NA,NA,NA,NA,NA,NA,NA,NA,NA,NA,NA,NA,NA,NA,NA,NA,NA,NA,NA,NA,NA,NA,NA,NA,NA,NA,NA,NA,NA,NA,NA,NA,NA,NA,NA,NA,NA,NA,NA,NA,NA,NA,NA,NA,NA,NA,NA,NA,NA,0,NA,NA,NA,NA,NA,NA,NA,NA,NA,NA,NA,NA,NA,NA,NA,NA,NA,NA,NA,NA,NA,NA,NA,NA,NA,NA,NA,NA,NA,NA,NA,0,WAS,00-0027821,E.Cook,5,0,NA,False Start,0,0,0,0,NA,NA,2011,NA,NA,29,0,Field goal,2092,"10/16/11, 13:03:12",2011-10-16T18:24:53Z,Commanders Field,"Sunny Temp: 68° F, Humidity: 26%, Wind: WSW 7 mph",10012011-1016-039d-ee8c-bc7446e5f587,0,0,PENALTY,0,NA,NA,NA,10,Field goal,2011-10-16T18:17:55Z,9,1:57,3,0,1,2,2,-5,KICKOFF,FIELD_GOAL,02:27,00:30,WAS 30,PHI 32,1907,2211,20,13,Home,-7,33,-3,46.5,1,outdoors,grass,68,7,Mike Shanahan,Andy Reid,WAS00,FedExField,0,0,NA,NA,NA,NA,NA,NA,0,0,0,0,1,NA,NA,NA,NA,NA,NA,NA,NA,NA,NA,0,0,-0.7471183721208945,NA,NA,NA,NA,NA,0.8976932764053345,NA,2011,Other,NA,NA,NA,NA,NA,NA,NA,NA,NA,NA,Punt,Other (Penalty),Andy Reid,Mike Shanahan,1:18,NA,NA,NA,NA,NA,NA,NA,NA,NA,NA
2115,2011_06_PHI_WAS,2011101603,WAS,PHI,REG,6,WAS,home,PHI,PHI,28,2011-10-16,74,74,1874,Half1,0,10,0,2,1,0,01:14,PHI 28,15,38,(1:14) 8-R.Grossman pass incomplete deep right to 89-S.Moss (29-N.Allen).,pass,0,0,0,1,0,0,0,deep,right,28,NA,NA,NA,NA,NA,NA,NA,2,2,0,NA,NA,NA,NA,2,2,0,20,0,20,-20,0,20,-20,0.2668142020702362,0.024145230650901794,2.77073064353317e-4,0.020926862955093384,0.3868628144264221,0.0017643693136051297,0.2992094159126282,0,0,3.039105214527808,-0.294403497769963,-20.551951515089513,20.551951515089513,-5.39316593069816,5.39316593069816,-14.054261721227336,14.054261721227336,3.960894785472192,-4.255298283242155,0,0,-11.879116201133002,11.879116201133002,-1.6956405665259808,1.6956405665259808,-7.537682616675738,7.537682616675738,-7.6595083113719875,7.6595083113719875,0.09291143715381622,0.9070885628461838,0.09291143715381622,0.9070885628461838,-0.004643693566322327,-0.003806028515100479,-0.003806028515100479,0.0882677435874939,0.9117322564125061,0.06375262141227722,0.06375262141227722,-0.053027793765068054,0.053027793765068054,-0.36063013342134087,0.36063013342134087,0,-0.004643693566322327,0,0,-0.0031620264053344727,0.0031620264053344727,-0.3411332156967315,0.3411332156967315,-0.0031620264053344727,0.0031620264053344727,-0.3670360830139312,0.3670360830139312,0,0,0,0,0,0,0,0,1,0,0,0,0,0,0,0,0,0,0,0,0,0,0,0,0,0,0,0,0,0,0,0,0,1,0,0,0,0,0,0,0,0,0,0,0,0,0,0,0,0,0,00-0022121,R.Grossman,NA,00-0020494,S.Moss,NA,NA,NA,NA,NA,NA,NA,NA,NA,NA,NA,NA,NA,NA,NA,NA,NA,NA,NA,NA,NA,NA,NA,NA,NA,NA,NA,NA,NA,NA,NA,NA,NA,NA,NA,NA,NA,NA,NA,NA,NA,NA,NA,NA,NA,NA,NA,NA,NA,NA,NA,NA,NA,NA,NA,NA,NA,NA,NA,NA,NA,NA,NA,NA,0,NA,NA,NA,NA,NA,NA,00-0027652,N.Allen,NA,NA,NA,NA,NA,NA,NA,NA,NA,NA,NA,NA,NA,NA,NA,NA,NA,NA,NA,NA,NA,NA,NA,0,NA,NA,NA,NA,0,NA,NA,0,0,0,0,NA,NA,2011,0.25196829438209534,-25.196829438209534,29,0,Field goal,2115,"10/16/11, 13:03:12",2011-10-16T18:25:33Z,Commanders Field,"Sunny Temp: 68° F, Humidity: 26%, Wind: WSW 7 mph",10012011-1016-039d-ee8c-bc7446e5f587,0,0,PASS,0,NA,NA,NA,10,Field goal,2011-10-16T18:17:55Z,9,1:57,3,0,1,2,2,-5,KICKOFF,FIELD_GOAL,02:27,00:30,WAS 30,PHI 32,1907,2211,20,13,Home,-7,33,-3,46.5,1,outdoors,grass,68,7,Mike Shanahan,Andy Reid,WAS00,FedExField,0,0,R.Grossman,8,NA,NA,S.Moss,89,1,0,0,0,1,00-0022121,NA,00-0020494,R.Grossman,8,00-0022121,S.Moss,00-0020494,S.Moss,00-0020494,0,0,-0.294403497769963,NA,NA,NA,NA,NA,0.9230517148971558,7.694828510284424,2011,Go for it,NA,NA,NA,NA,NA,NA,NA,NA,NA,NA,Punt,Go for it,Andy Reid,Mike Shanahan,1:14,NA,NA,NA,NA,NA,NA,NA,NA,NA,NA
2137,2011_06_PHI_WAS,2011101603,WAS,PHI,REG,6,WAS,home,PHI,PHI,28,2011-10-16,73,73,1873,Half1,0,10,0,2,2,0,01:13,PHI 28,15,38,(1:13) (Shotgun) 29-R.Helu right guard to PHI 24 for 4 yards (51-J.Chaney).,run,4,1,0,0,0,0,0,NA,NA,NA,NA,right,guard,NA,NA,NA,NA,2,2,0,NA,NA,NA,NA,2,2,0,20,0,20,-20,0,20,-20,0.2774479389190674,0.028536159545183182,2.7493052766658366e-4,0.021950915455818176,0.4273262023925781,0.00174186029471457,0.2427220195531845,0,0,2.744701716757845,0.06285984098212793,-20.489091674107385,20.489091674107385,-5.330306089716032,5.330306089716032,-14.054261721227336,14.054261721227336,NA,NA,0,0,-11.879116201133002,11.879116201133002,-1.6956405665259808,1.6956405665259808,-7.537682616675738,7.537682616675738,-7.6595083113719875,7.6595083113719875,0.0882677435874939,0.9117322564125061,0.0882677435874939,0.9117322564125061,-0.013764671981334686,1.8845126032829285e-4,1.8845126032829285e-4,0.07450307160615921,0.9254969283938408,0.05994659289717674,0.05994659289717674,-0.06679246574640274,0.06679246574640274,-0.36063013342134087,0.36063013342134087,NA,NA,0,0,-0.0031620264053344727,0.0031620264053344727,-0.3411332156967315,0.3411332156967315,-0.0031620264053344727,0.0031620264053344727,-0.3670360830139312,0.3670360830139312,0,0,0,0,0,0,0,0,0,0,0,0,0,0,0,0,0,0,0,0,0,0,0,0,1,0,0,0,0,0,0,0,1,0,0,0,0,0,0,0,0,0,0,0,0,0,0,0,0,0,0,NA,NA,NA,NA,NA,NA,00-0028043,R.Helu,4,NA,NA,NA,NA,NA,NA,NA,NA,NA,NA,NA,NA,NA,NA,NA,NA,NA,NA,NA,NA,NA,NA,NA,NA,NA,NA,NA,NA,NA,NA,NA,NA,NA,NA,NA,NA,NA,NA,NA,NA,NA,NA,PHI,NA,00-0027814,NA,J.Chaney,NA,NA,NA,NA,NA,NA,NA,NA,NA,NA,NA,NA,NA,0,NA,NA,NA,NA,NA,NA,NA,NA,NA,NA,NA,NA,NA,NA,NA,NA,NA,NA,NA,NA,NA,NA,NA,NA,NA,NA,NA,NA,NA,NA,NA,0,NA,NA,NA,NA,0,NA,NA,0,0,0,0,NA,NA,2011,NA,NA,29,0,Field goal,2137,"10/16/11, 13:03:12",2011-10-16T18:26:08Z,Commanders Field,"Sunny Temp: 68° F, Humidity: 26%, Wind: WSW 7 mph",10012011-1016-039d-ee8c-bc7446e5f587,0,0,RUSH,0,NA,NA,NA,10,Field goal,2011-10-16T18:17:55Z,9,1:57,3,0,1,2,2,-5,KICKOFF,FIELD_GOAL,02:27,00:30,WAS 30,PHI 32,1907,2211,20,13,Home,-7,33,-3,46.5,1,outdoors,grass,68,7,Mike Shanahan,Andy Reid,WAS00,FedExField,0,1,NA,NA,R.Helu,29,NA,NA,0,1,0,0,1,NA,00-0028043,NA,R.Helu,29,00-0028043,R.Helu,00-0028043,R.Helu,00-0028043,0,0,0.06285984098212793,NA,NA,NA,NA,NA,0.9320823550224304,-93.20823550224304,2011,Go for it,NA,NA,NA,NA,NA,NA,NA,NA,NA,NA,Punt,Go for it,Andy Reid,Mike Shanahan,1:13,NA,NA,NA,NA,NA,NA,NA,NA,NA,NA
2158,2011_06_PHI_WAS,2011101603,WAS,PHI,REG,6,NA,NA,NA,NA,NA,2011-10-16,42,42,1842,Half1,0,10,0,2,NA,0,00:42,PHI 24,0,38,Timeout #2 by WAS at 00:42.,no_play,0,0,0,0,0,0,0,NA,NA,NA,NA,NA,NA,NA,NA,NA,NA,1,2,1,WAS,NA,NA,NA,NA,NA,0,20,NA,NA,NA,NA,NA,NA,0,0,0,0,0,0,0,0,0,2.807561557739973,0,-20.489091674107385,20.489091674107385,-5.330306089716032,5.330306089716032,-14.054261721227336,14.054261721227336,NA,NA,0,0,-11.879116201133002,11.879116201133002,-1.6956405665259808,1.6956405665259808,-7.537682616675738,7.537682616675738,-7.6595083113719875,7.6595083113719875,0.07450307160615921,0.9254969283938408,0.07450307160615921,0.9254969283938408,0,0,0,NA,NA,0.060135044157505035,0.060135044157505035,-0.06679246574640274,0.06679246574640274,-0.36063013342134087,0.36063013342134087,NA,NA,0,0,-0.0031620264053344727,0.0031620264053344727,-0.3411332156967315,0.3411332156967315,-0.0031620264053344727,0.0031620264053344727,-0.3670360830139312,0.3670360830139312,0,0,0,0,0,0,0,0,0,0,0,0,0,0,0,0,0,0,0,0,0,0,0,0,0,0,0,0,0,0,0,0,0,0,0,0,0,0,0,0,0,0,0,0,0,0,0,0,0,0,0,NA,NA,NA,NA,NA,NA,NA,NA,NA,NA,NA,NA,NA,NA,NA,NA,NA,NA,NA,NA,NA,NA,NA,NA,NA,NA,NA,NA,NA,NA,NA,NA,NA,NA,NA,NA,NA,NA,NA,NA,NA,NA,NA,NA,NA,NA,NA,NA,NA,NA,NA,NA,NA,NA,NA,NA,NA,NA,NA,NA,NA,NA,NA,NA,NA,NA,NA,NA,NA,0,NA,NA,NA,NA,NA,NA,NA,NA,NA,NA,NA,NA,NA,NA,NA,NA,NA,NA,NA,NA,NA,NA,NA,NA,NA,NA,NA,NA,NA,NA,NA,0,NA,NA,NA,NA,0,NA,NA,0,0,0,0,NA,NA,2011,NA,NA,29,0,Field goal,2158,"10/16/11, 13:03:12",2011-10-16T18:26:57Z,Commanders Field,"Sunny Temp: 68° F, Humidity: 26%, Wind: WSW 7 mph",10012011-1016-039d-ee8c-bc7446e5f587,0,0,TIMEOUT,0,NA,NA,NA,10,Field goal,2011-10-16T18:17:55Z,9,1:57,3,0,1,2,2,-5,KICKOFF,FIELD_GOAL,02:27,00:30,WAS 30,PHI 32,1907,2211,20,13,Home,-7,33,-3,46.5,1,outdoors,grass,68,7,Mike Shanahan,Andy Reid,WAS00,FedExField,0,0,NA,NA,NA,NA,NA,NA,0,0,0,0,0,NA,NA,NA,NA,NA,NA,NA,NA,NA,NA,0,0,0,NA,NA,NA,NA,NA,NA,NA,2011,Other,NA,NA,NA,NA,NA,NA,NA,NA,NA,NA,Punt,Other,Andy Reid,Mike Shanahan,0:42,NA,NA,NA,NA,NA,NA,NA,NA,NA,NA
2175,2011_06_PHI_WAS,2011101603,WAS,PHI,REG,6,WAS,home,PHI,PHI,24,2011-10-16,42,42,1842,Half1,0,10,0,2,3,0,00:42,PHI 24,11,38,(:42) (Shotgun) 8-R.Grossman sacked at PHI 32 for -8 yards (98-M.Patterson).,pass,-8,1,0,1,0,0,0,NA,NA,NA,NA,NA,NA,NA,NA,NA,NA,1,2,0,NA,NA,NA,NA,1,2,0,20,0,20,-20,0,20,-20,0.25788015127182007,0.016839366406202316,2.933827927336097e-4,0.008386125788092613,0.5241454243659973,4.511758452281356e-4,0.19200438261032104,0,0,2.807561557739973,-1.1483760189600205,-21.637467693067403,21.637467693067403,-5.330306089716032,5.330306089716032,-15.202637740187356,15.202637740187356,NA,NA,0,0,-11.879116201133002,11.879116201133002,-1.6956405665259808,1.6956405665259808,-7.537682616675738,7.537682616675738,-7.6595083113719875,7.6595083113719875,0.07450307160615921,0.9254969283938408,0.07450307160615921,0.9254969283938408,-0.017173700034618378,-0.013292074203491211,-0.013292074203491211,0.05732937157154083,0.9426706284284592,0.060135044157505035,0.060135044157505035,-0.06679246574640274,0.06679246574640274,-0.37780383345595925,0.37780383345595925,NA,NA,0,0,-0.0031620264053344727,0.0031620264053344727,-0.3411332156967315,0.3411332156967315,-0.0031620264053344727,0.0031620264053344727,-0.3670360830139312,0.3670360830139312,0,0,0,0,0,1,0,0,0,0,0,0,0,0,0,0,0,0,0,0,0,0,0,0,1,0,0,0,0,0,0,1,0,1,1,0,0,0,0,0,0,0,0,0,0,0,0,0,0,0,0,00-0022121,R.Grossman,NA,NA,NA,NA,NA,NA,NA,NA,NA,NA,NA,NA,NA,NA,NA,NA,NA,NA,NA,NA,NA,NA,NA,NA,NA,NA,NA,NA,NA,NA,NA,NA,NA,NA,NA,00-0023466,M.Patterson,NA,NA,00-0023466,M.Patterson,NA,NA,NA,NA,NA,NA,NA,NA,PHI,NA,00-0023466,NA,M.Patterson,NA,NA,NA,NA,NA,NA,NA,NA,NA,NA,NA,NA,NA,0,NA,NA,NA,NA,NA,NA,NA,NA,NA,NA,NA,NA,NA,NA,NA,NA,NA,NA,NA,NA,NA,NA,NA,NA,00-0023466,M.Patterson,NA,NA,NA,NA,NA,0,NA,NA,NA,NA,0,NA,NA,0,0,0,0,NA,NA,2011,NA,NA,29,0,Field goal,2175,"10/16/11, 13:03:12",2011-10-16T18:27:47Z,Commanders Field,"Sunny Temp: 68° F, Humidity: 26%, Wind: WSW 7 mph",10012011-1016-039d-ee8c-bc7446e5f587,0,0,SACK,0,NA,NA,NA,10,Field goal,2011-10-16T18:17:55Z,9,1:57,3,0,1,2,2,-5,KICKOFF,FIELD_GOAL,02:27,00:30,WAS 30,PHI 32,1907,2211,20,13,Home,-7,33,-3,46.5,1,outdoors,grass,68,7,Mike Shanahan,Andy Reid,WAS00,FedExField,0,0,R.Grossman,8,NA,NA,NA,NA,1,0,0,0,1,00-0022121,NA,NA,R.Grossman,8,00-0022121,NA,NA,NA,NA,0,0,-1.1483760189600205,NA,NA,NA,NA,NA,0.9696678519248962,3.033214807510376,2011,Go for it,NA,NA,NA,NA,NA,NA,NA,NA,NA,NA,Punt,Go for it,Andy Reid,Mike Shanahan,0:42,NA,NA,NA,NA,NA,NA,NA,NA,NA,NA
2194,2011_06_PHI_WAS,2011101603,WAS,PHI,REG,6,NA,NA,NA,NA,NA,2011-10-16,35,35,1835,Half1,0,10,0,2,NA,0,00:35,PHI 32,0,38,Timeout #2 by PHI at 00:35.,no_play,0,0,0,0,0,0,0,NA,NA,NA,NA,NA,NA,NA,NA,NA,NA,1,1,1,PHI,NA,NA,NA,NA,NA,0,20,NA,NA,NA,NA,NA,NA,0,0,0,0,0,0,0,0,0,1.6591855387799526,0,-21.637467693067403,21.637467693067403,-5.330306089716032,5.330306089716032,-15.202637740187356,15.202637740187356,NA,NA,0,0,-11.879116201133002,11.879116201133002,-1.6956405665259808,1.6956405665259808,-7.537682616675738,7.537682616675738,-7.6595083113719875,7.6595083113719875,0.05732937157154083,0.9426706284284592,0.05732937157154083,0.9426706284284592,0,0,0,NA,NA,0.046842969954013824,0.046842969954013824,-0.06679246574640274,0.06679246574640274,-0.37780383345595925,0.37780383345595925,NA,NA,0,0,-0.0031620264053344727,0.0031620264053344727,-0.3411332156967315,0.3411332156967315,-0.0031620264053344727,0.0031620264053344727,-0.3670360830139312,0.3670360830139312,0,0,0,0,0,0,0,0,0,0,0,0,0,0,0,0,0,0,0,0,0,0,0,0,0,0,0,0,0,0,0,0,0,0,0,0,0,0,0,0,0,0,0,0,0,0,0,0,0,0,0,NA,NA,NA,NA,NA,NA,NA,NA,NA,NA,NA,NA,NA,NA,NA,NA,NA,NA,NA,NA,NA,NA,NA,NA,NA,NA,NA,NA,NA,NA,NA,NA,NA,NA,NA,NA,NA,NA,NA,NA,NA,NA,NA,NA,NA,NA,NA,NA,NA,NA,NA,NA,NA,NA,NA,NA,NA,NA,NA,NA,NA,NA,NA,NA,NA,NA,NA,NA,NA,0,NA,NA,NA,NA,NA,NA,NA,NA,NA,NA,NA,NA,NA,NA,NA,NA,NA,NA,NA,NA,NA,NA,NA,NA,NA,NA,NA,NA,NA,NA,NA,0,NA,NA,NA,NA,0,NA,NA,0,0,0,0,NA,NA,2011,NA,NA,29,0,Field goal,2194,"10/16/11, 13:03:12",2011-10-16T18:28:16Z,Commanders Field,"Sunny Temp: 68° F, Humidity: 26%, Wind: WSW 7 mph",10012011-1016-039d-ee8c-bc7446e5f587,0,0,TIMEOUT,0,NA,NA,NA,10,Field goal,2011-10-16T18:17:55Z,9,1:57,3,0,1,2,2,-5,KICKOFF,FIELD_GOAL,02:27,00:30,WAS 30,PHI 32,1907,2211,20,13,Home,-7,33,-3,46.5,1,outdoors,grass,68,7,Mike Shanahan,Andy Reid,WAS00,FedExField,0,0,NA,NA,NA,NA,NA,NA,0,0,0,0,0,NA,NA,NA,NA,NA,NA,NA,NA,NA,NA,0,0,0,NA,NA,NA,NA,NA,NA,NA,2011,Other,NA,NA,NA,NA,NA,NA,NA,NA,NA,NA,Punt,Other,Andy Reid,Mike Shanahan,0:35,NA,NA,NA,NA,NA,NA,NA,NA,NA,NA
2211,2011_06_PHI_WAS,2011101603,WAS,PHI,REG,6,WAS,home,PHI,PHI,32,2011-10-16,35,35,1835,Half1,0,10,1,2,4,0,00:35,PHI 32,19,38,"(:35) 4-G.Gano 50 yard field goal is GOOD, Center-57-N.Sundberg, Holder-6-S.Rocca.",field_goal,0,0,0,0,0,0,0,NA,NA,NA,NA,NA,NA,made,50,NA,NA,1,1,0,NA,NA,NA,NA,1,1,3,20,0,20,-20,3,20,-17,0.26244106857052363,0.07531018404964826,1.1595320931484963e-4,0.01133023020227581,0.6475840056972031,1.2447450959289277e-4,0.003094091807523246,0,0,1.6591855387799526,1.3408144612200474,-20.29665323184736,20.29665323184736,-5.330306089716032,5.330306089716032,-15.202637740187356,15.202637740187356,NA,NA,0,0,-11.879116201133002,11.879116201133002,-1.6956405665259808,1.6956405665259808,-7.537682616675738,7.537682616675738,-7.6595083113719875,7.6595083113719875,0.05732937157154083,0.9426706284284592,0.05732937157154083,0.9426706284284592,0.036202654242515564,-0.002385653555393219,-0.002385653555393219,0.0935320258140564,0.9064679741859436,0.046842969954013824,0.046842969954013824,-0.06679246574640274,0.06679246574640274,-0.37780383345595925,0.37780383345595925,NA,NA,0,0,-0.0031620264053344727,0.0031620264053344727,-0.3411332156967315,0.3411332156967315,-0.0031620264053344727,0.0031620264053344727,-0.3670360830139312,0.3670360830139312,0,0,0,0,0,0,0,0,0,0,0,0,0,0,0,0,0,0,0,0,0,0,0,0,0,0,0,0,0,0,0,0,0,0,0,0,0,0,0,0,0,1,0,0,0,0,0,0,0,0,0,NA,NA,NA,NA,NA,NA,NA,NA,NA,NA,NA,NA,NA,NA,NA,NA,NA,NA,NA,NA,NA,NA,NA,NA,NA,NA,NA,NA,NA,NA,NA,G.Gano,00-0026858,NA,NA,NA,NA,NA,NA,NA,NA,NA,NA,NA,NA,NA,NA,NA,NA,NA,NA,NA,NA,NA,NA,NA,NA,NA,NA,NA,NA,NA,NA,NA,NA,NA,NA,NA,NA,0,NA,NA,NA,NA,NA,NA,NA,NA,NA,NA,NA,NA,NA,NA,NA,NA,NA,NA,NA,NA,NA,NA,NA,NA,NA,NA,NA,NA,NA,NA,NA,0,NA,NA,NA,NA,0,NA,NA,0,0,0,0,NA,NA,2011,NA,NA,29,0,Field goal,2211,"10/16/11, 13:03:12",2011-10-16T18:28:57Z,Commanders Field,"Sunny Temp: 68° F, Humidity: 26%, Wind: WSW 7 mph",10012011-1016-039d-ee8c-bc7446e5f587,0,0,FIELD_GOAL,0,NA,NA,NA,10,Field goal,2011-10-16T18:17:55Z,9,1:57,3,0,1,2,2,-5,KICKOFF,FIELD_GOAL,02:27,00:30,WAS 30,PHI 32,1907,2211,20,13,Home,-7,33,-3,46.5,1,outdoors,grass,68,7,Mike Shanahan,Andy Reid,WAS00,FedExField,0,1,NA,NA,NA,NA,NA,NA,0,0,0,1,0,NA,NA,NA,NA,NA,NA,NA,NA,NA,NA,0,0,1.3408144612200474,NA,NA,NA,NA,NA,NA,NA,2011,Field Goal,NA,0.069797830285097,0.3605111265012568,NA,NA,NA,0.3157997881062329,0.4179428843781352,NA,0.3866623531078064,Punt,Field Goal,Andy Reid,Mike Shanahan,0:35,0.6475840056972031,65,NA,7,36,NA,39,NA,42,32
2230,2011_06_PHI_WAS,2011101603,WAS,PHI,REG,6,PHI,away,WAS,WAS,35,2011-10-16,30,30,1830,Half1,0,11,0,2,NA,0,00:30,WAS 35,0,1,"4-G.Gano kicks 65 yards from WAS 35 to end zone, Touchback.",kickoff,0,0,0,0,0,0,0,NA,NA,NA,NA,NA,NA,NA,65,NA,NA,1,1,0,NA,NA,NA,NA,1,1,3,20,20,3,17,20,3,17,0.9028640389442444,0.023779233917593956,0.0016535766189917922,0.009677175432443619,0.05009717866778374,2.454538189340383e-4,0.011683326214551926,0,0,0.09018064412521198,-0,-20.29665323184736,20.29665323184736,-5.330306089716032,5.330306089716032,-15.202637740187356,15.202637740187356,NA,NA,0,0,-11.879116201133002,11.879116201133002,-1.6956405665259808,1.6956405665259808,-7.537682616675738,7.537682616675738,-7.6595083113719875,7.6595083113719875,0.9064679741859436,0.0935320258140564,0.0935320258140564,0.9064679741859436,-0,-0,0,0.0935320258140564,0.9064679741859436,0.9555426836013794,0.044457316398620605,-0.06679246574640274,0.06679246574640274,-0.37780383345595925,0.37780383345595925,NA,NA,0,0,-0.0031620264053344727,0.0031620264053344727,-0.3411332156967315,0.3411332156967315,-0.0031620264053344727,0.0031620264053344727,-0.3670360830139312,0.3670360830139312,0,0,0,0,0,0,0,0,0,1,0,0,0,0,0,0,0,0,0,0,0,0,0,0,0,0,0,0,0,0,0,0,0,0,0,0,0,0,0,0,0,0,1,0,0,0,0,0,0,0,0,NA,NA,NA,NA,NA,NA,NA,NA,NA,NA,NA,NA,NA,NA,NA,NA,NA,NA,NA,NA,NA,NA,NA,NA,NA,NA,NA,NA,NA,NA,NA,G.Gano,00-0026858,NA,NA,NA,NA,NA,NA,NA,NA,NA,NA,NA,NA,NA,NA,NA,NA,NA,NA,NA,NA,NA,NA,NA,NA,NA,NA,NA,NA,NA,NA,NA,NA,NA,NA,NA,NA,0,NA,NA,NA,NA,NA,NA,NA,NA,NA,NA,NA,NA,NA,NA,NA,NA,NA,NA,NA,NA,NA,NA,NA,NA,NA,NA,NA,NA,NA,NA,PHI,0,NA,NA,NA,NA,0,NA,NA,0,0,0,0,NA,NA,2011,NA,NA,30,0,End of half,2230,"10/16/11, 13:03:12",2011-10-16T18:30:27Z,Commanders Field,"Sunny Temp: 68° F, Humidity: 26%, Wind: WSW 7 mph",10012011-1016-039d-ee8c-bc7446e5f587,0,0,KICK_OFF,1,NA,NA,NA,11,End of half,2011-10-16T18:30:27Z,1,0:30,0,0,0,2,2,0,KICKOFF,END_HALF,00:30,00:00,PHI 20,PHI 20,2230,2271,20,13,Home,-7,33,-3,46.5,1,outdoors,grass,68,7,Mike Shanahan,Andy Reid,WAS00,FedExField,0,0,NA,NA,NA,NA,NA,NA,0,0,0,1,0,NA,NA,NA,NA,NA,NA,NA,NA,NA,NA,0,0,-0,NA,NA,NA,NA,NA,NA,NA,2011,Other,NA,NA,NA,NA,NA,NA,NA,NA,NA,NA,Punt,Other,Andy Reid,Mike Shanahan,0:30,NA,NA,NA,NA,NA,NA,NA,NA,NA,NA
2250,2011_06_PHI_WAS,2011101603,WAS,PHI,REG,6,PHI,away,WAS,PHI,80,2011-10-16,30,30,1830,Half1,0,11,0,2,1,0,00:30,PHI 20,10,1,(:30) 25-L.McCoy right tackle to PHI 21 for 1 yard (91-R.Kerrigan).,run,1,0,0,0,0,0,0,NA,NA,NA,NA,right,tackle,NA,NA,NA,NA,1,1,0,NA,NA,NA,NA,1,1,3,20,20,3,17,20,3,17,0.9028640389442444,0.023779233917593956,0.0016535766189917922,0.009677175432443619,0.05009717866778374,2.454538189340383e-4,0.011683326214551926,0,0,0.09018064412521198,-0.09018064412521198,-20.206472587722146,20.206472587722146,-5.24012544559082,5.24012544559082,-15.202637740187356,15.202637740187356,NA,NA,0,0,-11.879116201133002,11.879116201133002,-1.6956405665259808,1.6956405665259808,-7.537682616675738,7.537682616675738,-7.6595083113719875,7.6595083113719875,0.9064679741859436,0.0935320258140564,0.0935320258140564,0.9064679741859436,-0.015763163566589355,-0.017400916665792465,0.017400916665792465,0.10929518938064575,0.8907048106193542,0.9555426836013794,0.044457316398620605,-0.051029302179813385,0.051029302179813385,-0.37780383345595925,0.37780383345595925,NA,NA,0,0,-0.0031620264053344727,0.0031620264053344727,-0.3411332156967315,0.3411332156967315,-0.0031620264053344727,0.0031620264053344727,-0.3670360830139312,0.3670360830139312,0,0,0,0,0,0,0,0,0,0,0,0,0,0,0,0,0,0,0,0,0,0,0,0,1,0,0,0,0,0,0,0,1,0,0,0,0,0,0,0,0,0,0,0,0,0,0,0,0,0,0,NA,NA,NA,NA,NA,NA,00-0027029,L.McCoy,1,NA,NA,NA,NA,NA,NA,NA,NA,NA,NA,NA,NA,NA,NA,NA,NA,NA,NA,NA,NA,NA,NA,NA,NA,NA,NA,NA,NA,NA,NA,NA,NA,NA,NA,NA,NA,NA,NA,NA,NA,NA,NA,WAS,NA,00-0027954,NA,R.Kerrigan,NA,NA,NA,NA,NA,NA,NA,NA,NA,NA,NA,NA,NA,0,NA,NA,NA,NA,NA,NA,NA,NA,NA,NA,NA,NA,NA,NA,NA,NA,NA,NA,NA,NA,NA,NA,NA,NA,NA,NA,NA,NA,NA,NA,NA,0,NA,NA,NA,NA,0,NA,NA,0,0,0,0,NA,NA,2011,NA,NA,30,0,End of half,2250,"10/16/11, 13:03:12",2011-10-16T18:31:12Z,Commanders Field,"Sunny Temp: 68° F, Humidity: 26%, Wind: WSW 7 mph",10012011-1016-039d-ee8c-bc7446e5f587,0,0,RUSH,0,NA,NA,NA,11,End of half,2011-10-16T18:30:27Z,1,0:30,0,0,0,2,2,0,KICKOFF,END_HALF,00:30,00:00,PHI 20,PHI 20,2230,2271,20,13,Home,-7,33,-3,46.5,1,outdoors,grass,68,7,Mike Shanahan,Andy Reid,WAS00,FedExField,0,0,NA,NA,L.McCoy,25,NA,NA,0,1,0,0,1,NA,00-0027029,NA,L.McCoy,25,00-0027029,L.McCoy,00-0027029,L.McCoy,00-0027029,0,0,-0.09018064412521198,NA,NA,NA,NA,NA,0.3615921139717102,-36.15921139717102,2011,Go for it,NA,NA,NA,NA,NA,NA,NA,NA,NA,NA,Punt,Go for it,Andy Reid,Mike Shanahan,0:30,NA,NA,NA,NA,NA,NA,NA,NA,NA,NA
2271,2011_06_PHI_WAS,2011101603,WAS,PHI,REG,6,NA,NA,NA,NA,NA,2011-10-16,0,0,1800,Half1,1,11,0,2,NA,0,00:00,PHI 35,0,1,END QUARTER 2,NA,NA,0,0,NA,0,0,0,NA,NA,NA,NA,NA,NA,NA,NA,NA,NA,1,1,NA,NA,NA,NA,NA,NA,NA,3,20,NA,NA,NA,NA,NA,NA,0,0,0,0,0,0,0,0,0,NA,NA,-20.206472587722146,20.206472587722146,-5.24012544559082,5.24012544559082,-15.202637740187356,15.202637740187356,NA,NA,NA,NA,-11.879116201133002,11.879116201133002,-1.6956405665259808,1.6956405665259808,-7.537682616675738,7.537682616675738,-7.6595083113719875,7.6595083113719875,0.10929518938064575,0.8907048106193542,0.10929518938064575,0.8907048106193542,0,0,0,NA,NA,0.06185823306441307,0.06185823306441307,-0.051029302179813385,0.051029302179813385,-0.37780383345595925,0.37780383345595925,NA,NA,NA,NA,-0.0031620264053344727,0.0031620264053344727,-0.3411332156967315,0.3411332156967315,-0.0031620264053344727,0.0031620264053344727,-0.3670360830139312,0.3670360830139312,NA,NA,NA,NA,NA,NA,NA,NA,NA,0,NA,NA,NA,NA,NA,NA,NA,NA,NA,NA,NA,NA,NA,NA,NA,NA,NA,NA,NA,NA,NA,NA,NA,NA,NA,NA,NA,NA,NA,NA,NA,NA,NA,NA,NA,NA,NA,NA,NA,NA,NA,NA,NA,NA,NA,NA,NA,NA,NA,NA,NA,NA,NA,NA,NA,NA,NA,NA,NA,NA,NA,NA,NA,NA,NA,NA,NA,NA,NA,NA,NA,NA,NA,NA,NA,NA,NA,NA,NA,NA,NA,NA,NA,NA,NA,NA,NA,NA,NA,NA,NA,NA,NA,NA,NA,NA,NA,NA,NA,NA,NA,NA,NA,NA,NA,NA,NA,NA,NA,NA,NA,NA,NA,NA,NA,NA,NA,NA,NA,NA,NA,NA,NA,NA,NA,NA,NA,NA,NA,NA,NA,NA,NA,NA,NA,NA,NA,NA,NA,NA,NA,NA,NA,NA,NA,NA,NA,0,NA,NA,NA,NA,NA,NA,NA,NA,2011,NA,NA,30,0,End of half,2271,"10/16/11, 13:03:12",NA,Commanders Field,"Sunny Temp: 68° F, Humidity: 26%, Wind: WSW 7 mph",10012011-1016-039d-ee8c-bc7446e5f587,0,0,END_QUARTER,0,NA,NA,NA,11,End of half,2011-10-16T18:30:27Z,1,0:30,0,0,0,2,2,0,KICKOFF,END_HALF,00:30,00:00,PHI 20,PHI 20,2230,2271,20,13,Home,-7,33,-3,46.5,1,outdoors,grass,68,7,Mike Shanahan,Andy Reid,WAS00,FedExField,0,NA,NA,NA,NA,NA,NA,NA,0,0,NA,0,0,NA,NA,NA,NA,NA,NA,NA,NA,NA,NA,0,0,NA,NA,NA,NA,NA,NA,NA,NA,2011,Other,NA,NA,NA,NA,NA,NA,NA,NA,NA,NA,Punt,NA,Andy Reid,Mike Shanahan,0:00,NA,NA,NA,NA,NA,NA,NA,NA,NA,NA
2296,2011_06_PHI_WAS,2011101603,WAS,PHI,REG,6,WAS,home,PHI,PHI,35,2011-10-16,900,1800,1800,Half2,0,12,0,3,NA,0,15:00,PHI 35,0,52,6-A.Henery kicks 72 yards from PHI 35 to WAS -7. 16-B.Banks pushed ob at WAS 40 for 47 yards (6-A.Henery).,kickoff,0,0,0,0,0,0,0,NA,NA,NA,NA,NA,NA,NA,72,NA,NA,3,3,0,NA,NA,NA,NA,3,3,3,20,3,20,-17,3,20,-17,0.0065009030513465405,0.18159790337085724,0.003347427351400256,0.24346135556697845,0.21659548580646515,0.003985862247645855,0.3445110619068146,0,0,0.8136175614781678,1.3769839187152684,-18.829488669006878,18.829488669006878,-5.24012544559082,5.24012544559082,-15.202637740187356,15.202637740187356,NA,NA,0,0,-11.879116201133002,11.879116201133002,-1.6956405665259808,1.6956405665259808,-7.537682616675738,7.537682616675738,-7.6595083113719875,7.6595083113719875,0.10929518938064575,0.8907048106193542,0.10929518938064575,0.8907048106193542,0.01397562026977539,0.006778474897146225,0.006778474897146225,0.12327080965042114,0.8767291903495789,0.06185823306441307,0.06185823306441307,-0.051029302179813385,0.051029302179813385,-0.37780383345595925,0.37780383345595925,NA,NA,0,0,-0.0031620264053344727,0.0031620264053344727,-0.3411332156967315,0.3411332156967315,-0.0031620264053344727,0.0031620264053344727,-0.3670360830139312,0.3670360830139312,0,0,0,0,0,0,0,0,0,0,0,0,0,0,0,0,0,1,0,0,0,0,0,0,1,0,0,0,0,0,0,0,0,0,0,0,0,0,0,0,0,0,1,0,0,0,0,0,0,0,0,NA,NA,NA,NA,NA,NA,NA,NA,NA,NA,NA,NA,NA,NA,NA,NA,NA,NA,NA,NA,NA,NA,NA,NA,NA,B.Banks,00-0027618,NA,NA,NA,NA,A.Henery,00-0028058,NA,NA,NA,NA,NA,NA,NA,NA,NA,NA,NA,NA,NA,NA,NA,NA,NA,NA,PHI,NA,00-0028058,NA,A.Henery,NA,NA,NA,NA,NA,NA,NA,NA,NA,NA,NA,NA,NA,0,NA,NA,NA,NA,NA,NA,NA,NA,NA,NA,NA,NA,NA,NA,NA,NA,NA,NA,NA,NA,NA,NA,NA,NA,NA,NA,NA,NA,NA,NA,WAS,47,NA,NA,NA,NA,0,NA,NA,0,0,0,0,NA,NA,2011,NA,NA,31,1,First down,2296,"10/16/11, 13:03:12",2011-10-16T18:45:19Z,Commanders Field,"Sunny Temp: 68° F, Humidity: 26%, Wind: WSW 7 mph",10012011-1016-039d-ee8c-bc7446e5f587,0,0,KICK_OFF,1,NA,NA,NA,12,Field goal,2011-10-16T18:45:19Z,5,2:20,1,1,1,3,3,0,KICKOFF,FIELD_GOAL,15:00,12:40,WAS 40,PHI 8,2296,2410,20,13,Home,-7,33,-3,46.5,1,outdoors,grass,68,7,Mike Shanahan,Andy Reid,WAS00,FedExField,0,1,NA,NA,NA,NA,NA,NA,0,0,0,1,0,NA,NA,NA,NA,NA,NA,NA,NA,NA,NA,1,0,1.3769839187152684,NA,NA,NA,NA,NA,NA,NA,2011,Other,NA,NA,NA,NA,NA,NA,NA,NA,NA,NA,Punt,Other,Andy Reid,Mike Shanahan,15:00,NA,NA,NA,NA,NA,NA,NA,NA,NA,NA
2318,2011_06_PHI_WAS,2011101603,WAS,PHI,REG,6,WAS,home,PHI,WAS,60,2011-10-16,895,1795,1795,Half2,0,12,0,3,1,0,14:55,WAS 40,10,52,(14:55) 8-R.Grossman pass deep middle to 10-J.Gaffney to PHI 15 for 45 yards (22-A.Samuel). FLea flicker from #29 Helu,pass,45,0,0,1,0,0,0,deep,middle,43,2,NA,NA,NA,NA,NA,NA,3,3,0,NA,NA,NA,NA,3,3,3,20,3,20,-17,3,20,-17,0.006094404496252537,0.1232416033744812,0.0017506279982626438,0.17337456345558167,0.26639509201049805,0.0051482925191521645,0.42399537563323975,0,0,2.190601480193436,2.7222871681442484,-16.10720150086263,16.10720150086263,-5.24012544559082,5.24012544559082,-12.480350572043108,12.480350572043108,2.60984828195069,0.11243888619355857,2.60984828195069,0.11243888619355857,-9.269267919182312,9.269267919182312,-1.5832016803324223,1.5832016803324223,-4.927834334725048,4.927834334725048,-7.547069425178429,7.547069425178429,0.12327080965042114,0.8767291903495789,0.12327080965042114,0.8767291903495789,0.024417713284492493,0.011168450117111206,0.011168450117111206,0.14768852293491364,0.8523114770650864,0.0686367079615593,0.0686367079615593,-0.051029302179813385,0.051029302179813385,-0.35338612017146676,0.35338612017146676,-0.006912700831890106,0.0313304141163826,-0.006912700831890106,0.0313304141163826,-0.010074727237224579,0.010074727237224579,-0.3098028015803489,0.3098028015803489,-0.010074727237224579,0.010074727237224579,-0.3357056688975486,0.3357056688975486,0,0,1,0,0,0,0,0,0,0,0,0,0,0,0,0,0,0,0,0,0,0,0,0,1,0,0,0,0,0,0,0,0,1,0,0,0,0,0,0,0,0,0,0,0,1,0,0,0,0,0,00-0022121,R.Grossman,45,00-0021163,J.Gaffney,45,NA,NA,NA,NA,NA,NA,NA,NA,NA,NA,NA,NA,NA,NA,NA,NA,NA,NA,NA,NA,NA,NA,NA,NA,NA,NA,NA,NA,NA,NA,NA,NA,NA,NA,NA,NA,NA,NA,NA,NA,NA,NA,NA,NA,NA,PHI,NA,00-0021956,NA,A.Samuel,NA,NA,NA,NA,NA,NA,NA,NA,NA,NA,NA,NA,NA,0,NA,NA,NA,NA,NA,NA,NA,NA,NA,NA,NA,NA,NA,NA,NA,NA,NA,NA,NA,NA,NA,NA,NA,NA,NA,NA,NA,NA,NA,NA,NA,0,NA,NA,NA,NA,0,NA,NA,0,0,0,0,NA,NA,2011,0.3308384120464325,66.91615879535675,31,1,First down,2318,"10/16/11, 13:03:12",2011-10-16T18:46:04Z,Commanders Field,"Sunny Temp: 68° F, Humidity: 26%, Wind: WSW 7 mph",10012011-1016-039d-ee8c-bc7446e5f587,0,0,PASS,0,NA,NA,NA,12,Field goal,2011-10-16T18:45:19Z,5,2:20,1,1,1,3,3,0,KICKOFF,FIELD_GOAL,15:00,12:40,WAS 40,PHI 8,2296,2410,20,13,Home,-7,33,-3,46.5,1,outdoors,grass,68,7,Mike Shanahan,Andy Reid,WAS00,FedExField,0,1,R.Grossman,8,NA,NA,J.Gaffney,10,1,0,1,0,1,00-0022121,NA,00-0021163,R.Grossman,8,00-0022121,J.Gaffney,00-0021163,J.Gaffney,00-0021163,0,0,2.7222871681442484,0.5817485130816378,6.732166995992884,4,1,1,0.4406804144382477,55.93195855617523,2011,Go for it,NA,NA,NA,NA,NA,NA,NA,NA,NA,NA,Punt,Go for it,Andy Reid,Mike Shanahan,14:55,NA,NA,NA,NA,NA,NA,NA,NA,NA,NA
2342,2011_06_PHI_WAS,2011101603,WAS,PHI,REG,6,WAS,home,PHI,PHI,15,2011-10-16,849,1749,1749,Half2,0,12,0,3,1,0,14:09,PHI 15,10,52,(14:09) 46-R.Torain left tackle to PHI 9 for 6 yards (59-B.Rolle).,run,6,0,0,0,0,0,0,NA,NA,NA,NA,left,tackle,NA,NA,NA,NA,3,3,0,NA,NA,NA,NA,3,3,3,20,3,20,-17,3,20,-17,0.0015576875302940607,0.017526384443044662,5.389316356740892e-4,0.029123306274414062,0.3699948191642761,0.001677554682828486,0.5795813202857971,0,0,4.912888648337685,0.11920781747903675,-15.987993683383591,15.987993683383591,-5.120917628111783,5.120917628111783,-12.480350572043108,12.480350572043108,NA,NA,0,0,-9.269267919182312,9.269267919182312,-1.5832016803324223,1.5832016803324223,-4.927834334725048,4.927834334725048,-7.547069425178429,7.547069425178429,0.14768852293491364,0.8523114770650864,0.14768852293491364,0.8523114770650864,0.018421590328216553,0.007565885782241821,0.007565885782241821,0.1661101132631302,0.8338898867368698,0.0798051580786705,0.0798051580786705,-0.03260771185159683,0.03260771185159683,-0.35338612017146676,0.35338612017146676,NA,NA,0,0,-0.010074727237224579,0.010074727237224579,-0.3098028015803489,0.3098028015803489,-0.010074727237224579,0.010074727237224579,-0.3357056688975486,0.3357056688975486,0,0,0,0,0,0,0,0,0,0,0,0,0,0,0,0,0,0,0,0,0,0,0,0,1,0,0,0,0,0,0,0,1,0,0,0,0,0,0,0,0,0,0,0,0,0,0,0,0,0,0,NA,NA,NA,NA,NA,NA,00-0026279,R.Torain,6,NA,NA,NA,NA,NA,NA,NA,NA,NA,NA,NA,NA,NA,NA,NA,NA,NA,NA,NA,NA,NA,NA,NA,NA,NA,NA,NA,NA,NA,NA,NA,NA,NA,NA,NA,NA,NA,NA,NA,NA,NA,NA,PHI,NA,00-0028131,NA,B.Rolle,NA,NA,NA,NA,NA,NA,NA,NA,NA,NA,NA,NA,NA,0,NA,NA,NA,NA,NA,NA,NA,NA,NA,NA,NA,NA,NA,NA,NA,NA,NA,NA,NA,NA,NA,NA,NA,NA,NA,NA,NA,NA,NA,NA,NA,0,NA,NA,NA,NA,0,NA,NA,0,0,0,0,NA,NA,2011,NA,NA,32,0,Field goal,2342,"10/16/11, 13:03:12",2011-10-16T18:46:53Z,Commanders Field,"Sunny Temp: 68° F, Humidity: 26%, Wind: WSW 7 mph",10012011-1016-039d-ee8c-bc7446e5f587,0,0,RUSH,0,NA,NA,NA,12,Field goal,2011-10-16T18:45:19Z,5,2:20,1,1,1,3,3,0,KICKOFF,FIELD_GOAL,15:00,12:40,WAS 40,PHI 8,2296,2410,20,13,Home,-7,33,-3,46.5,1,outdoors,grass,68,7,Mike Shanahan,Andy Reid,WAS00,FedExField,0,1,NA,NA,R.Torain,46,NA,NA,0,1,0,0,1,NA,00-0026279,NA,R.Torain,46,00-0026279,R.Torain,00-0026279,R.Torain,00-0026279,0,0,0.11920781747903675,NA,NA,NA,NA,NA,0.33871540427207947,-33.87154042720795,2011,Go for it,NA,NA,NA,NA,NA,NA,NA,NA,NA,NA,Punt,Go for it,Andy Reid,Mike Shanahan,14:09,NA,NA,NA,NA,NA,NA,NA,NA,NA,NA
2367,2011_06_PHI_WAS,2011101603,WAS,PHI,REG,6,WAS,home,PHI,PHI,9,2011-10-16,808,1708,1708,Half2,0,12,0,3,2,0,13:28,PHI 9,4,52,(13:28) 46-R.Torain left tackle to PHI 8 for 1 yard (98-M.Patterson).,run,1,0,0,0,0,0,0,NA,NA,NA,NA,left,tackle,NA,NA,NA,NA,3,3,0,NA,NA,NA,NA,3,3,3,20,3,20,-17,3,20,-17,0.0013328299392014742,0.01571819558739662,4.546564305201173e-4,0.021143419668078423,0.3729201853275299,0.0019222884438931942,0.5865084528923035,0,0,5.032096465816721,-0.5408750678179786,-16.52886875120157,16.52886875120157,-5.661792695929762,5.661792695929762,-12.480350572043108,12.480350572043108,NA,NA,0,0,-9.269267919182312,9.269267919182312,-1.5832016803324223,1.5832016803324223,-4.927834334725048,4.927834334725048,-7.547069425178429,7.547069425178429,0.1661101132631302,0.8338898867368698,0.1661101132631302,0.8338898867368698,-3.1059980392456055e-4,-0.00512879341840744,-0.00512879341840744,0.16579951345920563,0.8342004865407944,0.08737104386091232,0.08737104386091232,-0.03291831165552139,0.03291831165552139,-0.35338612017146676,0.35338612017146676,NA,NA,0,0,-0.010074727237224579,0.010074727237224579,-0.3098028015803489,0.3098028015803489,-0.010074727237224579,0.010074727237224579,-0.3357056688975486,0.3357056688975486,0,0,0,0,0,0,0,0,0,0,0,0,0,0,0,0,0,0,0,0,0,0,0,0,1,0,0,0,0,0,0,0,1,0,0,0,0,0,0,0,0,0,0,0,0,0,0,0,0,0,0,NA,NA,NA,NA,NA,NA,00-0026279,R.Torain,1,NA,NA,NA,NA,NA,NA,NA,NA,NA,NA,NA,NA,NA,NA,NA,NA,NA,NA,NA,NA,NA,NA,NA,NA,NA,NA,NA,NA,NA,NA,NA,NA,NA,NA,NA,NA,NA,NA,NA,NA,NA,NA,PHI,NA,00-0023466,NA,M.Patterson,NA,NA,NA,NA,NA,NA,NA,NA,NA,NA,NA,NA,NA,0,NA,NA,NA,NA,NA,NA,NA,NA,NA,NA,NA,NA,NA,NA,NA,NA,NA,NA,NA,NA,NA,NA,NA,NA,NA,NA,NA,NA,NA,NA,NA,0,NA,NA,NA,NA,0,NA,NA,0,0,0,0,NA,NA,2011,NA,NA,32,0,Field goal,2367,"10/16/11, 13:03:12",2011-10-16T18:47:33Z,Commanders Field,"Sunny Temp: 68° F, Humidity: 26%, Wind: WSW 7 mph",10012011-1016-039d-ee8c-bc7446e5f587,0,0,RUSH,0,NA,NA,NA,12,Field goal,2011-10-16T18:45:19Z,5,2:20,1,1,1,3,3,0,KICKOFF,FIELD_GOAL,15:00,12:40,WAS 40,PHI 8,2296,2410,20,13,Home,-7,33,-3,46.5,1,outdoors,grass,68,7,Mike Shanahan,Andy Reid,WAS00,FedExField,0,0,NA,NA,R.Torain,46,NA,NA,0,1,0,0,1,NA,00-0026279,NA,R.Torain,46,00-0026279,R.Torain,00-0026279,R.Torain,00-0026279,0,0,-0.5408750678179786,NA,NA,NA,NA,NA,0.3026870787143707,-30.268707871437073,2011,Go for it,NA,NA,NA,NA,NA,NA,NA,NA,NA,NA,Punt,Go for it,Andy Reid,Mike Shanahan,13:28,NA,NA,NA,NA,NA,NA,NA,NA,NA,NA
2388,2011_06_PHI_WAS,2011101603,WAS,PHI,REG,6,WAS,home,PHI,PHI,8,2011-10-16,770,1670,1670,Half2,0,12,0,3,3,0,12:50,PHI 8,3,52,(12:50) 8-R.Grossman pass incomplete short right to 89-S.Moss.,pass,0,0,0,1,0,0,0,short,right,1,NA,NA,NA,NA,NA,NA,NA,3,3,0,NA,NA,NA,NA,3,3,3,20,3,20,-17,3,20,-17,0.0014246398350223899,0.019405195489525795,4.900706117041409e-4,0.02068050019443035,0.4999848008155823,0.0021754365880042315,0.4558393359184265,0,0,4.491221397998743,-1.6461877361747819,-18.175056487376352,18.175056487376352,-5.661792695929762,5.661792695929762,-14.12653830821789,14.12653830821789,-1.3913305777823552,-0.2548571583924266,0,0,-9.269267919182312,9.269267919182312,-1.5832016803324223,1.5832016803324223,-6.319164912507404,6.319164912507404,-7.8019265835708556,7.8019265835708556,0.16579951345920563,0.8342004865407944,0.16579951345920563,0.8342004865407944,-0.03634379804134369,-0.01655382663011551,-0.01655382663011551,0.12945571541786194,0.8705442845821381,0.08224225044250488,0.08224225044250488,-0.03291831165552139,0.03291831165552139,-0.38972991821281044,0.38972991821281044,0,-0.03634379804134369,0,0,-0.010074727237224579,0.010074727237224579,-0.3098028015803489,0.3098028015803489,-0.010074727237224579,0.010074727237224579,-0.3720494669388923,0.3720494669388923,0,0,0,0,0,1,0,0,1,0,0,0,0,0,0,0,0,0,0,0,0,0,0,0,0,0,0,0,0,0,0,0,0,1,0,0,0,0,0,0,0,0,0,0,0,0,0,0,0,0,0,00-0022121,R.Grossman,NA,00-0020494,S.Moss,NA,NA,NA,NA,NA,NA,NA,NA,NA,NA,NA,NA,NA,NA,NA,NA,NA,NA,NA,NA,NA,NA,NA,NA,NA,NA,NA,NA,NA,NA,NA,NA,NA,NA,NA,NA,NA,NA,NA,NA,NA,NA,NA,NA,NA,NA,NA,NA,NA,NA,NA,NA,NA,NA,NA,NA,NA,NA,NA,NA,NA,NA,NA,NA,0,NA,NA,NA,NA,NA,NA,NA,NA,NA,NA,NA,NA,NA,NA,NA,NA,NA,NA,NA,NA,NA,NA,NA,NA,NA,NA,NA,NA,NA,NA,NA,0,NA,NA,NA,NA,0,NA,NA,0,0,0,0,NA,NA,2011,0.68296217918396,-68.296217918396,32,0,Field goal,2388,"10/16/11, 13:03:12",2011-10-16T18:48:12Z,Commanders Field,"Sunny Temp: 68° F, Humidity: 26%, Wind: WSW 7 mph",10012011-1016-039d-ee8c-bc7446e5f587,0,0,PASS,0,NA,NA,NA,12,Field goal,2011-10-16T18:45:19Z,5,2:20,1,1,1,3,3,0,KICKOFF,FIELD_GOAL,15:00,12:40,WAS 40,PHI 8,2296,2410,20,13,Home,-7,33,-3,46.5,1,outdoors,grass,68,7,Mike Shanahan,Andy Reid,WAS00,FedExField,0,0,R.Grossman,8,NA,NA,S.Moss,89,1,0,0,0,1,00-0022121,NA,00-0020494,R.Grossman,8,00-0022121,S.Moss,00-0020494,S.Moss,00-0020494,0,0,-1.6461877361747819,2.330108037382592,3.5193400965072215,3,0.6811496501322836,0.6811496501322836,0.7912807464599609,20.871925354003906,2011,Go for it,NA,NA,NA,NA,NA,NA,NA,NA,NA,NA,Punt,Go for it,Andy Reid,Mike Shanahan,12:50,NA,NA,NA,NA,NA,NA,NA,NA,NA,NA
2410,2011_06_PHI_WAS,2011101603,WAS,PHI,REG,6,WAS,home,PHI,PHI,8,2011-10-16,765,1665,1665,Half2,0,12,1,3,4,0,12:45,PHI 8,3,52,"(12:45) 4-G.Gano 26 yard field goal is GOOD, Center-57-N.Sundberg, Holder-6-S.Rocca.",field_goal,0,0,0,0,0,0,0,NA,NA,NA,NA,NA,NA,made,26,NA,NA,3,3,0,NA,NA,NA,NA,3,3,6,20,3,20,-17,6,20,-14,3.2607491466984375e-4,0.00896601543079206,1.748592083193692e-4,0.014237661156631309,0.965322384270146,1.6662824275480654e-4,0.010806377904778158,0,0,2.845033661823961,0.1549663381760391,-18.020090149200314,18.020090149200314,-5.661792695929762,5.661792695929762,-14.12653830821789,14.12653830821789,NA,NA,0,0,-9.269267919182312,9.269267919182312,-1.5832016803324223,1.5832016803324223,-6.319164912507404,6.319164912507404,-7.8019265835708556,7.8019265835708556,0.12945571541786194,0.8705442845821381,0.12945571541786194,0.8705442845821381,-0.035251885652542114,-0.006369583308696747,-0.006369583308696747,0.09420382976531982,0.9057961702346802,0.06568842381238937,0.06568842381238937,-0.03291831165552139,0.03291831165552139,-0.38972991821281044,0.38972991821281044,NA,NA,0,0,-0.010074727237224579,0.010074727237224579,-0.3098028015803489,0.3098028015803489,-0.010074727237224579,0.010074727237224579,-0.3720494669388923,0.3720494669388923,0,0,0,0,0,0,0,0,0,0,0,0,0,0,0,0,0,0,0,0,0,0,0,0,0,0,0,0,0,0,0,0,0,0,0,0,0,0,0,0,0,1,0,0,0,0,0,0,0,0,0,NA,NA,NA,NA,NA,NA,NA,NA,NA,NA,NA,NA,NA,NA,NA,NA,NA,NA,NA,NA,NA,NA,NA,NA,NA,NA,NA,NA,NA,NA,NA,G.Gano,00-0026858,NA,NA,NA,NA,NA,NA,NA,NA,NA,NA,NA,NA,NA,NA,NA,NA,NA,NA,NA,NA,NA,NA,NA,NA,NA,NA,NA,NA,NA,NA,NA,NA,NA,NA,NA,NA,0,NA,NA,NA,NA,NA,NA,NA,NA,NA,NA,NA,NA,NA,NA,NA,NA,NA,NA,NA,NA,NA,NA,NA,NA,NA,NA,NA,NA,NA,NA,NA,0,NA,NA,NA,NA,0,NA,NA,0,0,0,0,NA,NA,2011,NA,NA,32,0,Field goal,2410,"10/16/11, 13:03:12",2011-10-16T18:48:54Z,Commanders Field,"Sunny Temp: 68° F, Humidity: 26%, Wind: WSW 7 mph",10012011-1016-039d-ee8c-bc7446e5f587,0,0,FIELD_GOAL,0,NA,NA,NA,12,Field goal,2011-10-16T18:45:19Z,5,2:20,1,1,1,3,3,0,KICKOFF,FIELD_GOAL,15:00,12:40,WAS 40,PHI 8,2296,2410,20,13,Home,-7,33,-3,46.5,1,outdoors,grass,68,7,Mike Shanahan,Andy Reid,WAS00,FedExField,0,1,NA,NA,NA,NA,NA,NA,0,0,0,1,0,NA,NA,NA,NA,NA,NA,NA,NA,NA,NA,0,0,0.1549663381760391,NA,NA,NA,NA,NA,NA,NA,2011,Field Goal,NA,0.3694871749248705,0.35344366190765203,NA,NA,NA,0.34806452924385667,0.36833217460662127,NA,NA,Punt,Field Goal,Andy Reid,Mike Shanahan,12:45,0.965322384270146,97,NA,37,35,NA,NA,NA,37,35
2429,2011_06_PHI_WAS,2011101603,WAS,PHI,REG,6,PHI,away,WAS,WAS,35,2011-10-16,760,1660,1660,Half2,0,13,0,3,NA,0,12:40,WAS 35,0,64,"4-G.Gano kicks 74 yards from WAS 35 to PHI -9. 28-D.Lewis, Touchback.",kickoff,0,0,0,0,0,0,0,NA,NA,NA,NA,NA,NA,NA,65,NA,NA,3,3,0,NA,NA,NA,NA,3,3,6,20,20,6,14,20,6,14,0.007359769660979509,0.18269683420658112,0.004698576405644417,0.2912120819091797,0.21100212633609772,0.0033565170597285032,0.2996740937232971,0,0,0.14146584039554,-0,-18.020090149200314,18.020090149200314,-5.661792695929762,5.661792695929762,-14.12653830821789,14.12653830821789,NA,NA,0,0,-9.269267919182312,9.269267919182312,-1.5832016803324223,1.5832016803324223,-6.319164912507404,6.319164912507404,-7.8019265835708556,7.8019265835708556,0.9057961702346802,0.09420382976531982,0.09420382976531982,0.9057961702346802,-0,-0,0,0.09420382976531982,0.9057961702346802,0.9406811594963074,0.05931884050369263,-0.03291831165552139,0.03291831165552139,-0.38972991821281044,0.38972991821281044,NA,NA,0,0,-0.010074727237224579,0.010074727237224579,-0.3098028015803489,0.3098028015803489,-0.010074727237224579,0.010074727237224579,-0.3720494669388923,0.3720494669388923,0,0,0,0,0,0,0,0,0,1,0,0,0,0,0,0,0,0,0,0,0,0,0,0,0,0,0,0,0,0,0,0,0,0,0,0,0,0,0,0,0,0,1,0,0,0,0,0,0,0,0,NA,NA,NA,NA,NA,NA,NA,NA,NA,NA,NA,NA,NA,NA,NA,NA,NA,NA,NA,NA,NA,NA,NA,NA,NA,NA,NA,NA,NA,NA,NA,G.Gano,00-0026858,NA,NA,NA,NA,NA,NA,NA,NA,NA,NA,NA,NA,NA,NA,NA,NA,NA,NA,NA,NA,NA,NA,NA,NA,NA,NA,NA,NA,NA,NA,NA,NA,NA,NA,NA,NA,0,NA,NA,NA,NA,NA,NA,NA,NA,NA,NA,NA,NA,NA,NA,NA,NA,NA,NA,NA,NA,NA,NA,NA,NA,NA,NA,NA,NA,NA,NA,PHI,0,NA,NA,NA,NA,0,NA,NA,0,0,0,0,NA,NA,2011,NA,NA,33,1,First down,2429,"10/16/11, 13:03:12",2011-10-16T18:51:20Z,Commanders Field,"Sunny Temp: 68° F, Humidity: 26%, Wind: WSW 7 mph",10012011-1016-039d-ee8c-bc7446e5f587,0,0,KICK_OFF,1,NA,NA,NA,13,Turnover,2011-10-16T18:51:20Z,4,1:43,1,1,0,3,3,0,KICKOFF,INTERCEPTION,12:40,10:57,PHI 20,WAS 16,2429,2514,20,13,Home,-7,33,-3,46.5,1,outdoors,grass,68,7,Mike Shanahan,Andy Reid,WAS00,FedExField,0,0,NA,NA,NA,NA,NA,NA,0,0,0,1,0,NA,NA,NA,NA,NA,NA,NA,NA,NA,NA,0,0,-0,NA,NA,NA,NA,NA,NA,NA,2011,Other,NA,NA,NA,NA,NA,NA,NA,NA,NA,NA,Punt,Other,Andy Reid,Mike Shanahan,12:40,NA,NA,NA,NA,NA,NA,NA,NA,NA,NA
2447,2011_06_PHI_WAS,2011101603,WAS,PHI,REG,6,PHI,away,WAS,PHI,80,2011-10-16,760,1660,1660,Half2,0,13,0,3,1,0,12:40,PHI 20,10,64,(12:40) 7-M.Vick pass deep left to 18-J.Maclin to WAS 21 for 59 yards (30-L.Landry).,pass,59,0,0,1,0,0,0,deep,left,50,9,NA,NA,NA,NA,NA,NA,3,3,0,NA,NA,NA,NA,3,3,6,20,20,6,14,20,6,14,0.007359769660979509,0.18269683420658112,0.004698576405644417,0.2912120819091797,0.21100212633609772,0.0033565170597285032,0.2996740937232971,0,0,0.14146584039554,4.199988386128098,-22.220078535328412,22.220078535328412,-5.661792695929762,5.661792695929762,-18.326526694345986,18.326526694345986,3.5549016282893717,0.645086757838726,3.5549016282893717,0.645086757838726,-12.824169547471683,12.824169547471683,-2.2282884381711483,2.2282884381711483,-9.874066540796775,9.874066540796775,-8.447013341409582,8.447013341409582,0.9057961702346802,0.09420382976531982,0.09420382976531982,0.9057961702346802,0.027167141437530518,0.01939547061920166,-0.01939547061920166,0.0670366883277893,0.9329633116722107,0.9406811594963074,0.05931884050369263,-0.03291831165552139,0.03291831165552139,-0.41689705965034096,0.41689705965034096,0,0.027167141437530518,0,0.027167141437530518,-0.010074727237224579,0.010074727237224579,-0.3369699430178794,0.3369699430178794,-0.010074727237224579,0.010074727237224579,-0.3992166083764228,0.3992166083764228,0,0,1,0,0,0,0,0,0,0,0,0,0,0,0,0,0,0,0,0,0,0,0,0,1,0,0,0,0,0,0,0,0,1,0,0,0,0,0,0,0,0,0,0,0,1,0,0,0,0,0,00-0020245,M.Vick,59,00-0026995,J.Maclin,59,NA,NA,NA,NA,NA,NA,NA,NA,NA,NA,NA,NA,NA,NA,NA,NA,NA,NA,NA,NA,NA,NA,NA,NA,NA,NA,NA,NA,NA,NA,NA,NA,NA,NA,NA,NA,NA,NA,NA,NA,NA,NA,NA,NA,NA,WAS,NA,00-0025393,NA,L.Landry,NA,NA,NA,NA,NA,NA,NA,NA,NA,NA,NA,NA,NA,0,NA,NA,NA,NA,NA,NA,NA,NA,NA,NA,NA,NA,NA,NA,NA,NA,NA,NA,NA,NA,NA,NA,NA,NA,NA,NA,NA,NA,NA,NA,NA,0,NA,NA,NA,NA,0,NA,NA,0,0,0,0,NA,NA,2011,0.2768764793872833,72.31235206127167,33,1,First down,2447,"10/16/11, 13:03:12",2011-10-16T18:53:45Z,Commanders Field,"Sunny Temp: 68° F, Humidity: 26%, Wind: WSW 7 mph",10012011-1016-039d-ee8c-bc7446e5f587,0,0,PASS,0,NA,NA,NA,13,Turnover,2011-10-16T18:51:20Z,4,1:43,1,1,0,3,3,0,KICKOFF,INTERCEPTION,12:40,10:57,PHI 20,WAS 16,2429,2514,20,13,Home,-7,33,-3,46.5,1,outdoors,grass,68,7,Mike Shanahan,Andy Reid,WAS00,FedExField,0,1,M.Vick,7,NA,NA,J.Maclin,18,1,0,1,0,1,00-0020245,NA,00-0026995,M.Vick,7,00-0020245,J.Maclin,00-0026995,J.Maclin,00-0026995,0,0,4.199988386128098,0.8829918879403964,9.671044490823988,4,1,1,0.4065898358821869,59.34101641178131,2011,Go for it,NA,NA,NA,NA,NA,NA,NA,NA,NA,NA,Punt,Go for it,Andy Reid,Mike Shanahan,12:40,NA,NA,NA,NA,NA,NA,NA,NA,NA,NA
2471,2011_06_PHI_WAS,2011101603,WAS,PHI,REG,6,PHI,away,WAS,WAS,21,2011-10-16,711,1611,1611,Half2,0,13,0,3,1,0,11:51,WAS 21,10,64,(11:51) (Shotgun) 25-L.McCoy left end to WAS 16 for 5 yards (59-L.Fletcher).,run,5,1,0,0,0,0,0,NA,NA,NA,NA,left,end,NA,NA,NA,NA,3,3,0,NA,NA,NA,NA,3,3,6,20,20,6,14,20,6,14,0.0025221952237188816,0.030887553468346596,6.435017567127943e-4,0.04804115742444992,0.4119773209095001,0.0011475307401269674,0.5047807097434998,0,0,4.341454226523638,0.08191284874919802,-22.30199138407761,22.30199138407761,-5.74370554467896,5.74370554467896,-18.326526694345986,18.326526694345986,NA,NA,0,0,-12.824169547471683,12.824169547471683,-2.2282884381711483,2.2282884381711483,-9.874066540796775,9.874066540796775,-8.447013341409582,8.447013341409582,0.9329633116722107,0.0670366883277893,0.0670366883277893,0.9329633116722107,0.00494837760925293,-3.30805778503418e-5,3.30805778503418e-5,0.06208831071853638,0.9379116892814636,0.960076630115509,0.03992336988449097,-0.03786668926477432,0.03786668926477432,-0.41689705965034096,0.41689705965034096,NA,NA,0,0,-0.010074727237224579,0.010074727237224579,-0.3369699430178794,0.3369699430178794,-0.010074727237224579,0.010074727237224579,-0.3992166083764228,0.3992166083764228,0,0,0,0,0,0,0,0,0,0,0,0,0,0,0,0,0,0,0,0,0,0,0,0,1,0,0,0,0,0,0,0,1,0,0,0,0,0,0,0,0,0,0,0,0,0,0,0,0,0,0,NA,NA,NA,NA,NA,NA,00-0027029,L.McCoy,5,NA,NA,NA,NA,NA,NA,NA,NA,NA,NA,NA,NA,NA,NA,NA,NA,NA,NA,NA,NA,NA,NA,NA,NA,NA,NA,NA,NA,NA,NA,NA,NA,NA,NA,NA,NA,NA,NA,NA,NA,NA,NA,WAS,NA,00-0005322,NA,L.Fletcher,NA,NA,NA,NA,NA,NA,NA,NA,NA,NA,NA,NA,NA,0,NA,NA,NA,NA,NA,NA,NA,NA,NA,NA,NA,NA,NA,NA,NA,NA,NA,NA,NA,NA,NA,NA,NA,NA,NA,NA,NA,NA,NA,NA,NA,0,NA,NA,NA,NA,0,NA,NA,0,0,0,0,NA,NA,2011,NA,NA,34,0,Turnover,2471,"10/16/11, 13:03:12",2011-10-16T18:54:34Z,Commanders Field,"Sunny Temp: 68° F, Humidity: 26%, Wind: WSW 7 mph",10012011-1016-039d-ee8c-bc7446e5f587,0,0,RUSH,0,NA,NA,NA,13,Turnover,2011-10-16T18:51:20Z,4,1:43,1,1,0,3,3,0,KICKOFF,INTERCEPTION,12:40,10:57,PHI 20,WAS 16,2429,2514,20,13,Home,-7,33,-3,46.5,1,outdoors,grass,68,7,Mike Shanahan,Andy Reid,WAS00,FedExField,0,1,NA,NA,L.McCoy,25,NA,NA,0,1,0,0,1,NA,00-0027029,NA,L.McCoy,25,00-0027029,L.McCoy,00-0027029,L.McCoy,00-0027029,0,0,0.08191284874919802,NA,NA,NA,NA,NA,0.38156354427337646,-38.15635442733765,2011,Go for it,NA,NA,NA,NA,NA,NA,NA,NA,NA,NA,Punt,Go for it,Andy Reid,Mike Shanahan,11:51,NA,NA,NA,NA,NA,NA,NA,NA,NA,NA
2492,2011_06_PHI_WAS,2011101603,WAS,PHI,REG,6,PHI,away,WAS,WAS,16,2011-10-16,669,1569,1569,Half2,0,13,0,3,2,0,11:09,WAS 16,5,64,(11:09) (Shotgun) 7-M.Vick pass incomplete short right to 25-L.McCoy.,pass,0,1,0,1,0,0,0,short,right,-7,NA,NA,NA,NA,NA,NA,NA,3,3,0,NA,NA,NA,NA,3,3,6,20,20,6,14,20,6,14,0.0021249561104923487,0.027445128187537193,5.242378101684153e-4,0.043259259313344955,0.4179280698299408,0.0010493685258552432,0.5076689720153809,0,0,4.423367075272836,-0.6694849121849984,-21.63250647189261,21.63250647189261,-5.74370554467896,5.74370554467896,-17.657041782160988,17.657041782160988,-1.3776280967285857,0.7081431845435873,0,0,-12.824169547471683,12.824169547471683,-2.2282884381711483,2.2282884381711483,-8.49643844406819,8.49643844406819,-9.155156525953169,9.155156525953169,0.9379116892814636,0.06208831071853638,0.06208831071853638,0.9379116892814636,-0.005685329437255859,-0.002962768077850342,0.002962768077850342,0.06777364015579224,0.9322263598442078,0.9600435495376587,0.03995645046234131,-0.03786668926477432,0.03786668926477432,-0.4112117302130851,0.4112117302130851,0,-0.005685329437255859,0,0,-0.010074727237224579,0.010074727237224579,-0.3369699430178794,0.3369699430178794,-0.010074727237224579,0.010074727237224579,-0.39353127893916695,0.39353127893916695,0,0,0,0,0,0,0,0,1,0,0,0,0,0,0,0,0,0,0,0,0,0,0,0,0,0,0,0,0,0,0,0,0,1,0,0,0,0,0,0,0,0,0,0,0,0,0,0,0,0,0,00-0020245,M.Vick,NA,00-0027029,L.McCoy,NA,NA,NA,NA,NA,NA,NA,NA,NA,NA,NA,NA,NA,NA,NA,NA,NA,NA,NA,NA,NA,NA,NA,NA,NA,NA,NA,NA,NA,NA,NA,NA,NA,NA,NA,NA,NA,NA,NA,NA,NA,NA,NA,NA,NA,NA,NA,NA,NA,NA,NA,NA,NA,NA,NA,NA,NA,NA,NA,NA,NA,NA,NA,NA,0,NA,NA,NA,NA,NA,NA,NA,NA,NA,NA,NA,NA,NA,NA,NA,NA,NA,NA,NA,NA,NA,NA,NA,NA,NA,NA,NA,NA,NA,NA,NA,0,NA,NA,NA,NA,0,NA,NA,0,0,0,0,NA,NA,2011,0.7781162261962891,-77.8116226196289,34,0,Turnover,2492,"10/16/11, 13:03:12",2011-10-16T18:55:16Z,Commanders Field,"Sunny Temp: 68° F, Humidity: 26%, Wind: WSW 7 mph",10012011-1016-039d-ee8c-bc7446e5f587,0,0,PASS,0,NA,NA,NA,13,Turnover,2011-10-16T18:51:20Z,4,1:43,1,1,0,3,3,0,KICKOFF,INTERCEPTION,12:40,10:57,PHI 20,WAS 16,2429,2514,20,13,Home,-7,33,-3,46.5,1,outdoors,grass,68,7,Mike Shanahan,Andy Reid,WAS00,FedExField,0,0,M.Vick,7,NA,NA,L.McCoy,25,1,0,0,0,1,00-0020245,NA,00-0027029,M.Vick,7,00-0020245,L.McCoy,00-0027029,L.McCoy,00-0027029,0,0,-0.6694849121849984,1.3102429769660178,9.880945916345809,10,0.42979767377255484,0.3498385196435265,0.38646167516708374,61.353832483291626,2011,Go for it,NA,NA,NA,NA,NA,NA,NA,NA,NA,NA,Punt,Go for it,Andy Reid,Mike Shanahan,11:09,NA,NA,NA,NA,NA,NA,NA,NA,NA,NA
2514,2011_06_PHI_WAS,2011101603,WAS,PHI,REG,6,PHI,away,WAS,WAS,16,2011-10-16,664,1564,1564,Half2,0,13,0,3,3,0,11:04,WAS 16,5,64,(11:04) (Shotgun) 7-M.Vick pass short middle intended for 87-B.Celek INTERCEPTED by 20-O.Atogwe (96-B.Cofield) at WAS 1. 20-O.Atogwe to WAS 1 for no gain (81-J.Avant).,pass,0,1,0,1,0,0,0,short,middle,15,NA,NA,NA,NA,NA,NA,NA,3,3,0,NA,NA,NA,NA,3,3,6,20,20,6,14,20,6,14,0.0022356619592756033,0.030811486765742302,5.518781836144626e-4,0.04904594644904137,0.5562713742256165,0.001131514203734696,0.3599521219730377,0,0,3.7538821630878374,-3.1415789258899167,-18.490927546002695,18.490927546002695,-5.74370554467896,5.74370554467896,-14.515462856271073,14.515462856271073,2.0469423120375723,-5.188521237927489,0,0,-12.824169547471683,12.824169547471683,-2.2282884381711483,2.2282884381711483,-10.543380756105762,10.543380756105762,-3.96663528802568,3.96663528802568,0.9322263598442078,0.06777364015579224,0.06777364015579224,0.9322263598442078,-0.015811219811439514,-0.009570397436618805,0.009570397436618805,0.08358485996723175,0.9164151400327682,0.9570807814598083,0.04291921854019165,-0.03786668926477432,0.03786668926477432,-0.3954005104016456,0.3954005104016456,0,-0.015811219811439514,0,0,-0.010074727237224579,0.010074727237224579,-0.3369699430178794,0.3369699430178794,-0.010074727237224579,0.010074727237224579,-0.37772005912772744,0.37772005912772744,0,0,0,0,0,1,0,0,0,0,1,0,0,0,0,0,0,0,0,0,0,0,0,0,1,0,0,0,0,0,0,0,0,1,0,0,0,0,0,0,0,0,0,0,0,0,0,0,0,0,0,00-0020245,M.Vick,NA,00-0025549,B.Celek,NA,NA,NA,NA,NA,NA,NA,NA,NA,NA,NA,NA,00-0023501,O.Atogwe,NA,NA,NA,NA,NA,NA,NA,NA,NA,NA,NA,NA,NA,NA,NA,NA,NA,NA,NA,NA,NA,NA,NA,NA,NA,NA,NA,NA,NA,NA,NA,NA,PHI,NA,00-0024324,NA,J.Avant,NA,NA,NA,NA,NA,NA,NA,NA,NA,NA,NA,NA,NA,0,NA,NA,NA,NA,NA,NA,00-0024339,B.Cofield,00-0023501,O.Atogwe,NA,NA,NA,NA,NA,NA,NA,NA,NA,NA,NA,NA,NA,NA,NA,NA,NA,NA,NA,NA,WAS,0,NA,NA,NA,NA,0,NA,NA,0,0,0,0,NA,NA,2011,0.4016222357749939,-40.16222357749939,34,0,Turnover,2514,"10/16/11, 13:03:12",2011-10-16T18:55:58Z,Commanders Field,"Sunny Temp: 68° F, Humidity: 26%, Wind: WSW 7 mph",10012011-1016-039d-ee8c-bc7446e5f587,0,0,INTERCEPTION,0,NA,NA,NA,13,Turnover,2011-10-16T18:51:20Z,4,1:43,1,1,0,3,3,0,KICKOFF,INTERCEPTION,12:40,10:57,PHI 20,WAS 16,2429,2514,20,13,Home,-7,33,-3,46.5,1,outdoors,grass,68,7,Mike Shanahan,Andy Reid,WAS00,FedExField,0,0,M.Vick,7,NA,NA,B.Celek,87,1,0,0,0,1,00-0020245,NA,00-0025549,M.Vick,7,00-0020245,B.Celek,00-0025549,B.Celek,00-0025549,0,0,-3.1415789258899167,0.9871888302941874,0.7118408047244884,1,1,1,0.9178463220596313,8.215367794036865,2011,Go for it,NA,NA,NA,NA,NA,NA,NA,NA,NA,NA,Punt,Go for it,Andy Reid,Mike Shanahan,11:04,NA,NA,NA,NA,NA,NA,NA,NA,NA,NA
2540,2011_06_PHI_WAS,2011101603,WAS,PHI,REG,6,WAS,home,PHI,WAS,99,2011-10-16,657,1557,1557,Half2,0,14,0,3,1,0,10:57,WAS 1,10,37,(10:57) 8-R.Grossman pass short right to 83-F.Davis to WAS 32 for 31 yards (53-M.Fokou; 22-A.Samuel). PHI-22-A.Samuel was injured during the play. His return is Probable.,pass,31,0,0,1,0,0,0,short,right,11,20,NA,NA,NA,NA,NA,NA,3,3,0,NA,NA,NA,NA,3,3,6,20,6,20,-14,6,20,-14,0.008761851117014885,0.23966538906097412,0.05414193496108055,0.29000991582870483,0.1495356410741806,0.0017514663049951196,0.2561337649822235,0,0,-0.6123032371979207,2.391799629898742,-16.099127916103953,16.099127916103953,-5.74370554467896,5.74370554467896,-12.123663226372331,12.123663226372331,0.9332194800954312,1.4585801498033106,0.9332194800954312,1.4585801498033106,-11.890950067376252,11.890950067376252,-0.7697082883678377,0.7697082883678377,-9.61016127601033,9.61016127601033,-2.5080551382223693,2.5080551382223693,0.08358485996723175,0.9164151400327682,0.08358485996723175,0.9164151400327682,0.0522741973400116,0.01450946182012558,0.01450946182012558,0.13585905730724335,0.8641409426927567,0.052489615976810455,0.052489615976810455,-0.03786668926477432,0.03786668926477432,-0.343126313061634,0.343126313061634,0,0.0522741973400116,0,0.0522741973400116,-0.010074727237224579,0.010074727237224579,-0.2846957456778678,0.2846957456778678,-0.010074727237224579,0.010074727237224579,-0.32544586178771584,0.32544586178771584,0,0,1,0,0,0,0,0,0,0,0,0,0,0,0,0,0,0,0,0,0,0,0,0,0,0,0,0,0,0,0,0,0,1,0,0,0,0,0,0,0,0,0,0,0,1,1,0,0,0,0,00-0022121,R.Grossman,31,00-0026188,F.Davis,31,NA,NA,NA,NA,NA,NA,NA,NA,NA,NA,NA,NA,NA,NA,NA,NA,NA,NA,NA,NA,NA,NA,NA,NA,NA,NA,NA,NA,NA,NA,NA,NA,NA,NA,NA,NA,NA,NA,NA,NA,NA,NA,NA,NA,NA,NA,NA,NA,NA,NA,NA,00-0026951,M.Fokou,PHI,00-0021956,A.Samuel,PHI,NA,NA,NA,NA,NA,NA,0,NA,NA,NA,NA,NA,NA,NA,NA,NA,NA,NA,NA,NA,NA,NA,NA,NA,NA,NA,NA,NA,NA,NA,NA,NA,NA,NA,NA,NA,NA,NA,0,NA,NA,NA,NA,0,NA,NA,0,0,0,0,NA,NA,2011,0.5316218137741089,46.83781862258911,35,1,First down,2540,"10/16/11, 13:03:12",2011-10-16T18:58:26Z,Commanders Field,"Sunny Temp: 68° F, Humidity: 26%, Wind: WSW 7 mph",10012011-1016-039d-ee8c-bc7446e5f587,0,0,PASS,0,NA,NA,NA,14,Punt,2011-10-16T18:58:26Z,4,1:47,1,0,0,3,3,0,INTERCEPTION,PUNT,10:57,09:10,WAS 1,WAS 38,2540,2635,20,13,Home,-7,33,-3,46.5,1,outdoors,grass,68,7,Mike Shanahan,Andy Reid,WAS00,FedExField,0,1,R.Grossman,8,NA,NA,F.Davis,83,1,0,1,0,1,00-0022121,NA,00-0026188,R.Grossman,8,00-0022121,F.Davis,00-0026188,F.Davis,00-0026188,0,0,2.391799629898742,0.2382199228316133,3.8703950103154057,1,1,0.9940116551006213,0.2687286138534546,73.12713861465454,2011,Go for it,NA,NA,NA,NA,NA,NA,NA,NA,NA,NA,Punt,Go for it,Andy Reid,Mike Shanahan,10:57,NA,NA,NA,NA,NA,NA,NA,NA,NA,NA
2568,2011_06_PHI_WAS,2011101603,WAS,PHI,REG,6,WAS,home,PHI,WAS,68,2011-10-16,636,1536,1536,Half2,0,14,0,3,1,0,10:36,WAS 32,10,37,(10:36) 8-R.Grossman pass incomplete short left to 29-R.Helu.,pass,0,0,0,1,0,0,0,short,left,4,NA,NA,NA,NA,NA,NA,NA,3,3,0,NA,NA,NA,NA,3,3,6,20,6,20,-14,6,20,-14,0.008340009488165379,0.13935555517673492,0.002413142006844282,0.19621272385120392,0.24510669708251953,0.003888888983055949,0.4046829342842102,0,0,1.7794963927008212,-0.49927108688279986,-16.598399002986753,16.598399002986753,-5.74370554467896,5.74370554467896,-12.622934313255131,12.622934313255131,-0.08350306190550327,-0.4157680249772966,0,0,-11.890950067376252,11.890950067376252,-0.7697082883678377,0.7697082883678377,-9.693664337915834,9.693664337915834,-2.923823163199666,2.923823163199666,0.13585905730724335,0.8641409426927567,0.13585905730724335,0.8641409426927567,-0.01241474598646164,-0.0043108537793159485,-0.0043108537793159485,0.12344431132078171,0.8765556886792183,0.06699907779693604,0.06699907779693604,-0.03786668926477432,0.03786668926477432,-0.35554105904809563,0.35554105904809563,0,-0.01241474598646164,0,0,-0.010074727237224579,0.010074727237224579,-0.2846957456778678,0.2846957456778678,-0.010074727237224579,0.010074727237224579,-0.3378606077741775,0.3378606077741775,0,0,0,0,0,0,0,0,1,0,0,0,0,0,0,0,0,0,0,0,0,0,0,0,0,0,0,0,0,0,0,0,0,1,0,0,0,0,0,0,0,0,0,0,0,0,0,0,0,0,0,00-0022121,R.Grossman,NA,00-0028043,R.Helu,NA,NA,NA,NA,NA,NA,NA,NA,NA,NA,NA,NA,NA,NA,NA,NA,NA,NA,NA,NA,NA,NA,NA,NA,NA,NA,NA,NA,NA,NA,NA,NA,NA,NA,NA,NA,NA,NA,NA,NA,NA,NA,NA,NA,NA,NA,NA,NA,NA,NA,NA,NA,NA,NA,NA,NA,NA,NA,NA,NA,NA,NA,NA,NA,0,NA,NA,NA,NA,NA,NA,NA,NA,NA,NA,NA,NA,NA,NA,NA,NA,NA,NA,NA,NA,NA,NA,NA,NA,NA,NA,NA,NA,NA,NA,NA,0,NA,NA,NA,NA,0,NA,NA,0,0,0,0,NA,NA,2011,0.7407369613647461,-74.07369613647461,36,0,Punt,2568,"10/16/11, 13:03:12",2011-10-16T19:01:15Z,Commanders Field,"Sunny Temp: 68° F, Humidity: 26%, Wind: WSW 7 mph",10012011-1016-039d-ee8c-bc7446e5f587,0,0,PASS,0,NA,NA,NA,14,Punt,2011-10-16T18:58:26Z,4,1:47,1,0,0,3,3,0,INTERCEPTION,PUNT,10:57,09:10,WAS 1,WAS 38,2540,2635,20,13,Home,-7,33,-3,46.5,1,outdoors,grass,68,7,Mike Shanahan,Andy Reid,WAS00,FedExField,0,0,R.Grossman,8,NA,NA,R.Helu,29,1,0,0,0,1,00-0022121,NA,00-0028043,R.Grossman,8,00-0022121,R.Helu,00-0028043,R.Helu,00-0028043,0,0,-0.49927108688279986,0.4329264920433827,4.192184981133323,3,0.7753190224175341,0.23618351417826489,0.49107080698013306,50.892919301986694,2011,Go for it,NA,NA,NA,NA,NA,NA,NA,NA,NA,NA,Punt,Go for it,Andy Reid,Mike Shanahan,10:36,NA,NA,NA,NA,NA,NA,NA,NA,NA,NA
2590,2011_06_PHI_WAS,2011101603,WAS,PHI,REG,6,WAS,home,PHI,WAS,68,2011-10-16,632,1532,1532,Half2,0,14,0,3,2,0,10:32,WAS 32,10,37,"(10:32) (Shotgun) 46-R.Torain right tackle to WAS 35 for 3 yards (59-B.Rolle, 94-D.Landri).",run,3,1,0,0,0,0,0,NA,NA,NA,NA,right,tackle,NA,NA,NA,NA,3,3,0,NA,NA,NA,NA,3,3,6,20,6,20,-14,6,20,-14,0.008434322662651539,0.1566992849111557,0.002804006915539503,0.22384390234947205,0.22873461246490479,0.003950524143874645,0.3755333721637726,0,0,1.2802253058180213,-0.6054046894423664,-17.20380369242912,17.20380369242912,-6.349110234121326,6.349110234121326,-12.622934313255131,12.622934313255131,NA,NA,0,0,-11.890950067376252,11.890950067376252,-0.7697082883678377,0.7697082883678377,-9.693664337915834,9.693664337915834,-2.923823163199666,2.923823163199666,0.12344431132078171,0.8765556886792183,0.12344431132078171,0.8765556886792183,-0.0049007609486579895,-0.0037456564605236053,-0.0037456564605236053,0.11854355037212372,0.8814564496278763,0.06268822401762009,0.06268822401762009,-0.04276745021343231,0.04276745021343231,-0.35554105904809563,0.35554105904809563,NA,NA,0,0,-0.010074727237224579,0.010074727237224579,-0.2846957456778678,0.2846957456778678,-0.010074727237224579,0.010074727237224579,-0.3378606077741775,0.3378606077741775,0,0,0,0,0,0,0,0,0,0,0,0,0,0,0,0,0,0,0,0,0,0,0,0,0,0,0,0,0,0,0,0,1,0,0,0,0,0,0,0,0,0,0,0,0,0,1,0,0,0,0,NA,NA,NA,NA,NA,NA,00-0026279,R.Torain,3,NA,NA,NA,NA,NA,NA,NA,NA,NA,NA,NA,NA,NA,NA,NA,NA,NA,NA,NA,NA,NA,NA,NA,NA,NA,NA,NA,NA,NA,NA,NA,NA,NA,NA,NA,NA,NA,NA,NA,NA,NA,NA,NA,NA,NA,NA,NA,NA,00-0025553,D.Landri,PHI,NA,NA,NA,NA,NA,NA,NA,NA,NA,1,00-0028131,B.Rolle,PHI,NA,NA,NA,NA,NA,NA,NA,NA,NA,NA,NA,NA,NA,NA,NA,NA,NA,NA,NA,NA,NA,NA,NA,NA,NA,NA,NA,NA,0,NA,NA,NA,NA,0,NA,NA,0,0,0,0,NA,NA,2011,NA,NA,36,0,Punt,2590,"10/16/11, 13:03:12",2011-10-16T19:01:53Z,Commanders Field,"Sunny Temp: 68° F, Humidity: 26%, Wind: WSW 7 mph",10012011-1016-039d-ee8c-bc7446e5f587,0,0,RUSH,0,NA,NA,NA,14,Punt,2011-10-16T18:58:26Z,4,1:47,1,0,0,3,3,0,INTERCEPTION,PUNT,10:57,09:10,WAS 1,WAS 38,2540,2635,20,13,Home,-7,33,-3,46.5,1,outdoors,grass,68,7,Mike Shanahan,Andy Reid,WAS00,FedExField,0,0,NA,NA,R.Torain,46,NA,NA,0,1,0,0,1,NA,00-0026279,NA,R.Torain,46,00-0026279,R.Torain,00-0026279,R.Torain,00-0026279,0,0,-0.6054046894423664,NA,NA,NA,NA,NA,0.5973756313323975,-59.737563133239746,2011,Go for it,NA,NA,NA,NA,NA,NA,NA,NA,NA,NA,Punt,Go for it,Andy Reid,Mike Shanahan,10:32,NA,NA,NA,NA,NA,NA,NA,NA,NA,NA
2611,2011_06_PHI_WAS,2011101603,WAS,PHI,REG,6,WAS,home,PHI,WAS,65,2011-10-16,593,1493,1493,Half2,0,14,0,3,3,0,09:53,WAS 35,7,37,"(9:53) 8-R.Grossman pass short right to 29-R.Helu to WAS 38 for 3 yards (24-N.Asomugha, 59-B.Rolle).",pass,3,0,0,1,0,0,0,short,right,3,0,NA,NA,NA,NA,NA,NA,3,3,0,NA,NA,NA,NA,3,3,6,20,6,20,-14,6,20,-14,0.009818674996495247,0.1765289455652237,0.0023626566398888826,0.2567635178565979,0.21273939311504364,0.004849652759730816,0.3369371294975281,0,0,0.6748206163756549,-1.0038325595669448,-18.207636251996064,18.207636251996064,-6.349110234121326,6.349110234121326,-13.626766872822076,13.626766872822076,-1.0038325595669448,0,-1.0038325595669448,0,-12.894782626943197,12.894782626943197,-0.7697082883678377,0.7697082883678377,-10.697496897482779,10.697496897482779,-2.923823163199666,2.923823163199666,0.11854355037212372,0.8814564496278763,0.11854355037212372,0.8814564496278763,-0.017296381294727325,-0.0071260966360569,-0.0071260966360569,0.10124716907739639,0.8987528309226036,0.05894256755709648,0.05894256755709648,-0.04276745021343231,0.04276745021343231,-0.37283744034282296,0.37283744034282296,-0.017296381294727325,0,-0.017296381294727325,0,-0.027371108531951904,0.027371108531951904,-0.2846957456778678,0.2846957456778678,-0.027371108531951904,0.027371108531951904,-0.3378606077741775,0.3378606077741775,0,0,0,0,0,1,0,0,0,0,0,0,0,0,0,0,0,0,0,0,0,0,0,0,0,0,0,0,0,0,0,0,0,1,0,0,0,0,0,0,0,0,0,0,0,1,1,0,0,0,0,00-0022121,R.Grossman,3,00-0028043,R.Helu,3,NA,NA,NA,NA,NA,NA,NA,NA,NA,NA,NA,NA,NA,NA,NA,NA,NA,NA,NA,NA,NA,NA,NA,NA,NA,NA,NA,NA,NA,NA,NA,NA,NA,NA,NA,NA,NA,NA,NA,NA,NA,NA,NA,NA,NA,NA,NA,NA,NA,NA,NA,00-0028131,B.Rolle,PHI,NA,NA,NA,NA,NA,NA,NA,NA,NA,1,00-0022077,N.Asomugha,PHI,NA,NA,NA,NA,NA,NA,NA,NA,NA,NA,NA,NA,NA,NA,NA,NA,NA,NA,NA,NA,NA,NA,NA,NA,NA,NA,NA,NA,0,NA,NA,NA,NA,0,NA,NA,0,0,0,0,NA,NA,2011,0.705357015132904,29.464298486709595,36,0,Punt,2611,"10/16/11, 13:03:12",2011-10-16T19:02:33Z,Commanders Field,"Sunny Temp: 68° F, Humidity: 26%, Wind: WSW 7 mph",10012011-1016-039d-ee8c-bc7446e5f587,0,0,PASS,0,NA,NA,NA,14,Punt,2011-10-16T18:58:26Z,4,1:47,1,0,0,3,3,0,INTERCEPTION,PUNT,10:57,09:10,WAS 1,WAS 38,2540,2635,20,13,Home,-7,33,-3,46.5,1,outdoors,grass,68,7,Mike Shanahan,Andy Reid,WAS00,FedExField,0,0,R.Grossman,8,NA,NA,R.Helu,29,1,0,0,0,1,00-0022121,NA,00-0028043,R.Grossman,8,00-0022121,R.Helu,00-0028043,R.Helu,00-0028043,0,0,-1.0038325595669448,1.4491287367931536,4.939142514864216,3,0.44179903535405174,0.44179903535405174,0.9779881238937378,2.2011876106262207,2011,Go for it,NA,NA,NA,NA,NA,NA,NA,NA,NA,NA,Punt,Go for it,Andy Reid,Mike Shanahan,9:53,NA,NA,NA,NA,NA,NA,NA,NA,NA,NA
2635,2011_06_PHI_WAS,2011101603,WAS,PHI,REG,6,WAS,home,PHI,WAS,62,2011-10-16,561,1461,1461,Half2,0,14,0,3,4,0,09:21,WAS 38,4,37,"(9:21) 6-S.Rocca punts 53 yards to PHI 9, Center-57-N.Sundberg, downed by WAS-84-N.Paul.",punt,0,0,0,0,0,0,0,NA,NA,NA,NA,NA,NA,NA,53,NA,NA,3,3,0,NA,NA,NA,NA,3,3,6,20,6,20,-14,6,20,-14,0.012891911901533604,0.2138509750366211,0.0027608214877545834,0.3112250566482544,0.1712397038936615,0.0066603380255401134,0.28137117624282837,0,0,-0.3290119431912899,0.880847005173564,-17.3267892468225,17.3267892468225,-6.349110234121326,6.349110234121326,-13.626766872822076,13.626766872822076,NA,NA,0,0,-12.894782626943197,12.894782626943197,-0.7697082883678377,0.7697082883678377,-10.697496897482779,10.697496897482779,-2.923823163199666,2.923823163199666,0.10124716907739639,0.8987528309226036,0.10124716907739639,0.8987528309226036,-0.005787171423435211,0.01035027951002121,0.01035027951002121,0.09545999765396118,0.9045400023460388,0.05181647092103958,0.05181647092103958,-0.04276745021343231,0.04276745021343231,-0.37283744034282296,0.37283744034282296,NA,NA,0,0,-0.027371108531951904,0.027371108531951904,-0.2846957456778678,0.2846957456778678,-0.027371108531951904,0.027371108531951904,-0.3378606077741775,0.3378606077741775,0,0,0,0,0,0,0,0,0,0,0,1,0,0,1,0,0,0,0,0,0,0,0,0,0,0,0,0,0,0,0,0,0,0,0,0,0,0,0,0,0,0,0,1,0,0,0,0,0,0,0,NA,NA,NA,NA,NA,NA,NA,NA,NA,NA,NA,NA,NA,NA,NA,NA,NA,NA,NA,NA,NA,NA,NA,NA,NA,NA,NA,NA,NA,00-0024515,S.Rocca,NA,NA,NA,NA,NA,NA,NA,NA,NA,NA,NA,NA,NA,NA,NA,NA,NA,NA,NA,NA,NA,NA,NA,NA,NA,NA,NA,NA,NA,NA,NA,NA,NA,NA,NA,NA,NA,NA,0,NA,NA,NA,NA,NA,NA,NA,NA,NA,NA,NA,NA,NA,NA,NA,NA,NA,NA,NA,NA,NA,NA,NA,NA,NA,NA,NA,NA,NA,NA,PHI,0,NA,NA,NA,NA,0,NA,NA,0,0,0,0,NA,NA,2011,NA,NA,36,0,Punt,2635,"10/16/11, 13:03:12",2011-10-16T19:03:05Z,Commanders Field,"Sunny Temp: 68° F, Humidity: 26%, Wind: WSW 7 mph",10012011-1016-039d-ee8c-bc7446e5f587,0,0,PUNT,1,NA,NA,NA,14,Punt,2011-10-16T18:58:26Z,4,1:47,1,0,0,3,3,0,INTERCEPTION,PUNT,10:57,09:10,WAS 1,WAS 38,2540,2635,20,13,Home,-7,33,-3,46.5,1,outdoors,grass,68,7,Mike Shanahan,Andy Reid,WAS00,FedExField,0,1,NA,NA,NA,NA,NA,NA,0,0,0,1,0,NA,NA,NA,NA,NA,NA,NA,NA,NA,NA,0,0,0.880847005173564,NA,NA,NA,NA,NA,NA,NA,2011,Punt,NA,0.3644295203121146,0.258343852916297,NA,NA,0,0.25682677375152707,0.4166591549292207,0.25682677375152707,0.35782342607171114,Punt,Punt,Andy Reid,Mike Shanahan,9:21,0,0,NA,36,26,NA,36,26,42,26
2658,2011_06_PHI_WAS,2011101603,WAS,PHI,REG,6,PHI,away,WAS,PHI,91,2011-10-16,550,1450,1450,Half2,0,15,0,3,1,0,09:10,PHI 9,10,-1,(9:10) 25-L.McCoy up the middle to PHI 11 for 2 yards (59-L.Fletcher).,run,2,0,0,0,0,0,0,NA,NA,NA,NA,middle,NA,NA,NA,NA,NA,3,3,0,NA,NA,NA,NA,3,3,6,20,20,6,14,20,6,14,0.010497849434614182,0.20171205699443817,0.014595961198210716,0.3268776834011078,0.1862749457359314,0.0016957493498921394,0.2583457827568054,0,0,-0.55183506198227406,-0.44888601172715425,-16.877903235095346,16.877903235095346,-5.900224222394172,5.900224222394172,-13.626766872822076,13.626766872822076,NA,NA,0,0,-12.894782626943197,12.894782626943197,-0.7697082883678377,0.7697082883678377,-10.697496897482779,10.697496897482779,-2.923823163199666,2.923823163199666,0.9045400023460388,0.09545999765396118,0.09545999765396118,0.9045400023460388,-0.004843711853027344,-4.164576530456543e-4,4.164576530456543e-4,0.10030370950698853,0.8996962904930115,0.9378332495689392,0.06216675043106079,-0.03792373836040497,0.03792373836040497,-0.37283744034282296,0.37283744034282296,NA,NA,0,0,-0.027371108531951904,0.027371108531951904,-0.2846957456778678,0.2846957456778678,-0.027371108531951904,0.027371108531951904,-0.3378606077741775,0.3378606077741775,0,0,0,0,0,0,0,0,0,0,0,0,0,0,0,0,0,0,0,0,0,0,0,0,1,0,0,0,0,0,0,0,1,0,0,0,0,0,0,0,0,0,0,0,0,0,0,0,0,0,0,NA,NA,NA,NA,NA,NA,00-0027029,L.McCoy,2,NA,NA,NA,NA,NA,NA,NA,NA,NA,NA,NA,NA,NA,NA,NA,NA,NA,NA,NA,NA,NA,NA,NA,NA,NA,NA,NA,NA,NA,NA,NA,NA,NA,NA,NA,NA,NA,NA,NA,NA,NA,NA,WAS,NA,00-0005322,NA,L.Fletcher,NA,NA,NA,NA,NA,NA,NA,NA,NA,NA,NA,NA,NA,0,NA,NA,NA,NA,NA,NA,NA,NA,NA,NA,NA,NA,NA,NA,NA,NA,NA,NA,NA,NA,NA,NA,NA,NA,NA,NA,NA,NA,NA,NA,NA,0,NA,NA,NA,NA,0,NA,NA,0,0,0,0,NA,NA,2011,NA,NA,37,0,Turnover,2658,"10/16/11, 13:03:12",2011-10-16T19:05:39Z,Commanders Field,"Sunny Temp: 68° F, Humidity: 26%, Wind: WSW 7 mph",10012011-1016-039d-ee8c-bc7446e5f587,0,0,RUSH,0,NA,NA,NA,15,Turnover,2011-10-16T19:05:39Z,3,1:55,0,0,0,3,3,-5,PUNT,INTERCEPTION,09:10,07:15,PHI 9,PHI 8,2658,2743,20,13,Home,-7,33,-3,46.5,1,outdoors,grass,68,7,Mike Shanahan,Andy Reid,WAS00,FedExField,0,0,NA,NA,L.McCoy,25,NA,NA,0,1,0,0,1,NA,00-0027029,NA,L.McCoy,25,00-0027029,L.McCoy,00-0027029,L.McCoy,00-0027029,0,0,-0.44888601172715425,NA,NA,NA,NA,NA,0.2815650999546051,-28.15650999546051,2011,Go for it,NA,NA,NA,NA,NA,NA,NA,NA,NA,NA,Punt,Go for it,Andy Reid,Mike Shanahan,9:10,NA,NA,NA,NA,NA,NA,NA,NA,NA,NA
2679,2011_06_PHI_WAS,2011101603,WAS,PHI,REG,6,PHI,away,WAS,PHI,89,2011-10-16,514,1414,1414,Half2,0,15,0,3,2,0,08:34,PHI 11,8,-1,"(8:34) 7-M.Vick scrambles up the middle to PHI 31 for 20 yards (30-L.Landry). PHI-7-M.Vick was injured during the play. PENALTY on PHI-79-T.Herremans, Offensive Holding, 5 yards, enforced at PHI 11 - No Play.",no_play,0,0,0,0,0,0,1,NA,NA,NA,NA,NA,NA,NA,NA,NA,NA,3,3,0,NA,NA,NA,NA,3,3,6,20,20,6,14,20,6,14,0.011984195560216904,0.21755948662757874,0.010406694374978542,0.35246512293815613,0.1751251369714737,0.0025128829292953014,0.22994649410247803,0,0,-1.0007210737094283,-0.6970348795875907,-16.180868355507755,16.180868355507755,-5.900224222394172,5.900224222394172,-13.626766872822076,13.626766872822076,NA,NA,0,0,-12.894782626943197,12.894782626943197,-0.7697082883678377,0.7697082883678377,-10.697496897482779,10.697496897482779,-2.923823163199666,2.923823163199666,0.8996962904930115,0.10030370950698853,0.10030370950698853,0.8996962904930115,-0.014545023441314697,-0.002162635326385498,0.002162635326385498,0.11484873294830322,0.8851512670516968,0.9374167919158936,0.06258320808410645,-0.03792373836040497,0.03792373836040497,-0.37283744034282296,0.37283744034282296,NA,NA,0,0,-0.027371108531951904,0.027371108531951904,-0.2846957456778678,0.2846957456778678,-0.027371108531951904,0.027371108531951904,-0.3378606077741775,0.3378606077741775,0,0,0,0,0,0,0,0,0,0,0,0,0,0,0,0,0,0,0,0,0,0,0,0,0,0,1,0,0,0,0,0,0,0,0,0,0,0,0,0,0,0,0,0,0,0,0,0,0,0,0,NA,NA,NA,NA,NA,NA,NA,NA,NA,NA,NA,NA,NA,NA,NA,NA,NA,NA,NA,NA,NA,NA,NA,NA,NA,NA,NA,NA,NA,NA,NA,NA,NA,NA,NA,NA,NA,NA,NA,NA,NA,NA,NA,NA,NA,NA,NA,NA,NA,NA,NA,NA,NA,NA,NA,NA,NA,NA,NA,NA,NA,NA,NA,NA,NA,NA,NA,NA,NA,0,NA,NA,NA,NA,NA,NA,NA,NA,NA,NA,NA,NA,NA,NA,NA,NA,NA,NA,NA,NA,NA,NA,NA,NA,NA,NA,NA,NA,NA,NA,NA,0,PHI,00-0023560,T.Herremans,5,0,NA,Offensive Holding,0,0,0,0,NA,NA,2011,NA,NA,37,0,Turnover,2679,"10/16/11, 13:03:12",2011-10-16T19:06:16Z,Commanders Field,"Sunny Temp: 68° F, Humidity: 26%, Wind: WSW 7 mph",10012011-1016-039d-ee8c-bc7446e5f587,0,0,PENALTY,0,NA,NA,NA,15,Turnover,2011-10-16T19:05:39Z,3,1:55,0,0,0,3,3,-5,PUNT,INTERCEPTION,09:10,07:15,PHI 9,PHI 8,2658,2743,20,13,Home,-7,33,-3,46.5,1,outdoors,grass,68,7,Mike Shanahan,Andy Reid,WAS00,FedExField,0,0,M.Vick,7,NA,7,NA,NA,1,0,0,0,1,00-0020245,NA,NA,M.Vick,7,00-0020245,NA,NA,M.Vick,00-0020245,0,0,-0.6970348795875907,NA,NA,NA,NA,NA,0.5432965159416199,45.67034840583801,2011,Other,NA,NA,NA,NA,NA,NA,NA,NA,NA,NA,Punt,Go for it (Penalty),Andy Reid,Mike Shanahan,8:34,NA,NA,NA,NA,NA,NA,NA,NA,NA,NA
2715,2011_06_PHI_WAS,2011101603,WAS,PHI,REG,6,PHI,away,WAS,PHI,94,2011-10-16,489,1389,1389,Half2,0,15,0,3,2,0,08:09,PHI 6,13,-1,(8:09) (Shotgun) 9-V.Young scrambles up the middle to PHI 8 for 2 yards (94-A.Carriker; 98-B.Orakpo).,run,2,1,0,1,0,0,1,NA,NA,NA,NA,middle,NA,NA,NA,NA,NA,3,3,0,NA,NA,NA,NA,3,3,6,20,20,6,14,20,6,14,0.011929276399314404,0.2320941537618637,0.03813840448856354,0.3787434697151184,0.1594046652317047,0.0020073624327778816,0.17768269777297974,0,0,-1.697755953297019,-0.3631347636692226,-15.81773359183853,15.81773359183853,-5.5370894587249495,5.5370894587249495,-13.626766872822076,13.626766872822076,NA,NA,0,0,-12.894782626943197,12.894782626943197,-0.7697082883678377,0.7697082883678377,-10.697496897482779,10.697496897482779,-2.923823163199666,2.923823163199666,0.8851512670516968,0.11484873294830322,0.11484873294830322,0.8851512670516968,-0.005151927471160889,0.002263367176055908,-0.002263367176055908,0.12000066041946411,0.8799993395805359,0.9352541565895081,0.06474584341049194,-0.03277181088924408,0.03277181088924408,-0.37283744034282296,0.37283744034282296,NA,NA,0,0,-0.027371108531951904,0.027371108531951904,-0.2846957456778678,0.2846957456778678,-0.027371108531951904,0.027371108531951904,-0.3378606077741775,0.3378606077741775,0,0,0,0,0,0,0,0,0,0,0,0,0,0,0,0,0,0,0,0,0,0,0,0,0,0,0,0,0,0,0,0,1,0,0,0,0,0,0,0,0,0,0,0,0,0,1,0,0,0,0,NA,NA,NA,NA,NA,NA,00-0024218,V.Young,2,NA,NA,NA,NA,NA,NA,NA,NA,NA,NA,NA,NA,NA,NA,NA,NA,NA,NA,NA,NA,NA,NA,NA,NA,NA,NA,NA,NA,NA,NA,NA,NA,NA,NA,NA,NA,NA,NA,NA,NA,NA,NA,NA,NA,NA,NA,NA,NA,00-0025400,A.Carriker,WAS,00-0026989,B.Orakpo,WAS,NA,NA,NA,NA,NA,NA,0,NA,NA,NA,NA,NA,NA,NA,NA,NA,NA,NA,NA,NA,NA,NA,NA,NA,NA,NA,NA,NA,NA,NA,NA,NA,NA,NA,NA,NA,NA,NA,0,NA,NA,NA,NA,0,NA,NA,0,0,0,0,NA,NA,2011,NA,NA,37,0,Turnover,2715,"10/16/11, 13:03:12",2011-10-16T19:07:59Z,Commanders Field,"Sunny Temp: 68° F, Humidity: 26%, Wind: WSW 7 mph",10012011-1016-039d-ee8c-bc7446e5f587,0,0,RUSH,0,NA,NA,NA,15,Turnover,2011-10-16T19:05:39Z,3,1:55,0,0,0,3,3,-5,PUNT,INTERCEPTION,09:10,07:15,PHI 9,PHI 8,2658,2743,20,13,Home,-7,33,-3,46.5,1,outdoors,grass,68,7,Mike Shanahan,Andy Reid,WAS00,FedExField,0,0,V.Young,9,NA,9,NA,NA,1,0,0,0,1,00-0024218,NA,NA,V.Young,9,00-0024218,V.Young,00-0024218,V.Young,00-0024218,0,0,-0.3631347636692226,NA,NA,NA,NA,NA,0.5345247387886047,46.547526121139526,2011,Go for it,NA,NA,NA,NA,NA,NA,NA,NA,NA,NA,Punt,Go for it,Andy Reid,Mike Shanahan,8:09,NA,NA,NA,NA,NA,NA,NA,NA,NA,NA
2743,2011_06_PHI_WAS,2011101603,WAS,PHI,REG,6,PHI,away,WAS,PHI,92,2011-10-16,445,1345,1345,Half2,0,15,0,3,3,0,07:25,PHI 8,11,-1,(7:25) (Shotgun) 9-V.Young pass short right intended for 18-J.Maclin INTERCEPTED by 23-D.Hall [30-L.Landry] at PHI 23. 23-D.Hall to PHI 18 for 5 yards (18-J.Maclin).,pass,0,1,0,1,0,0,0,short,right,15,NA,NA,NA,NA,NA,NA,NA,3,3,0,NA,NA,NA,NA,3,3,6,20,20,6,14,20,6,14,0.012970466166734695,0.26419997215270996,0.025153331458568573,0.39612674713134766,0.137147456407547,0.0014706787187606096,0.16293133795261383,0,0,-2.0608907169662416,-2.707930263131857,-13.109803328706674,13.109803328706674,-5.5370894587249495,5.5370894587249495,-10.918836609690219,10.918836609690219,2.3053633118979633,-5.01329357502982,0,0,-12.894782626943197,12.894782626943197,-0.7697082883678377,0.7697082883678377,-13.002860209380742,13.002860209380742,2.0894704118301544,-2.0894704118301544,0.8799993395805359,0.12000066041946411,0.12000066041946411,0.8799993395805359,-0.05722661316394806,-0.03897637128829956,0.03897637128829956,0.17722727358341217,0.8227727264165878,0.937517523765564,0.062482476234436035,-0.03277181088924408,0.03277181088924408,-0.3156108271788749,0.3156108271788749,0,-0.05722661316394806,0,0,-0.027371108531951904,0.027371108531951904,-0.2846957456778678,0.2846957456778678,-0.027371108531951904,0.027371108531951904,-0.2806339946102294,0.2806339946102294,0,0,0,0,0,1,0,0,0,0,1,0,0,0,0,0,0,0,0,0,0,0,0,0,1,0,0,0,0,0,0,1,0,1,0,0,0,0,0,0,0,0,0,0,0,0,0,0,0,0,0,00-0024218,V.Young,NA,00-0026995,J.Maclin,NA,NA,NA,NA,NA,NA,NA,NA,NA,NA,NA,NA,00-0022923,D.Hall,NA,NA,NA,NA,NA,NA,NA,NA,NA,NA,NA,NA,NA,NA,NA,NA,NA,NA,NA,NA,NA,NA,00-0025393,L.Landry,NA,NA,NA,NA,NA,NA,NA,NA,PHI,NA,00-0026995,NA,J.Maclin,NA,NA,NA,NA,NA,NA,NA,NA,NA,NA,NA,NA,NA,0,NA,NA,NA,NA,NA,NA,00-0022923,D.Hall,NA,NA,NA,NA,NA,NA,NA,NA,NA,NA,NA,NA,NA,NA,NA,NA,NA,NA,NA,NA,NA,NA,WAS,5,NA,NA,NA,NA,0,NA,NA,0,0,0,0,NA,NA,2011,0.25188687443733215,-25.188687443733215,37,0,Turnover,2743,"10/16/11, 13:03:12",2011-10-16T19:08:43Z,Commanders Field,"Sunny Temp: 68° F, Humidity: 26%, Wind: WSW 7 mph",10012011-1016-039d-ee8c-bc7446e5f587,0,0,INTERCEPTION,0,NA,NA,NA,15,Turnover,2011-10-16T19:05:39Z,3,1:55,0,0,0,3,3,-5,PUNT,INTERCEPTION,09:10,07:15,PHI 9,PHI 8,2658,2743,20,13,Home,-7,33,-3,46.5,1,outdoors,grass,68,7,Mike Shanahan,Andy Reid,WAS00,FedExField,0,0,V.Young,9,NA,NA,J.Maclin,18,1,0,0,0,1,00-0024218,NA,00-0026995,V.Young,9,00-0024218,J.Maclin,00-0026995,J.Maclin,00-0026995,0,0,-2.707930263131857,0.2931916294032373,3.739809197781142,1,1,0.9966181977652013,0.8568209409713745,14.317905902862549,2011,Go for it,NA,NA,NA,NA,NA,NA,NA,NA,NA,NA,Punt,Go for it,Andy Reid,Mike Shanahan,7:25,NA,NA,NA,NA,NA,NA,NA,NA,NA,NA
2773,2011_06_PHI_WAS,2011101603,WAS,PHI,REG,6,WAS,home,PHI,PHI,18,2011-10-16,435,1335,1335,Half2,0,16,0,3,1,0,07:15,PHI 18,10,-2,(7:15) 46-R.Torain up the middle to PHI 20 for -2 yards (55-D.Tapp).,run,-2,0,0,0,0,0,0,NA,NA,NA,NA,middle,NA,NA,NA,NA,NA,3,3,0,NA,NA,NA,NA,3,3,6,20,6,20,-14,6,20,-14,0.00382523937150836,0.02373196929693222,5.022119730710983e-4,0.03302010893821716,0.3730735182762146,0.001597455469891429,0.5642495155334473,0,0,4.7688209800980985,-0.8805709265870973,-13.990374255293771,13.990374255293771,-6.417660385312047,6.417660385312047,-10.918836609690219,10.918836609690219,NA,NA,0,0,-12.894782626943197,12.894782626943197,-0.7697082883678377,0.7697082883678377,-13.002860209380742,13.002860209380742,2.0894704118301544,-2.0894704118301544,0.17722727358341217,0.8227727264165878,0.17722727358341217,0.8227727264165878,-0.013433575630187988,-0.008939772844314575,-0.008939772844314575,0.16379369795322418,0.8362063020467758,0.1014588475227356,0.1014588475227356,-0.04620538651943207,0.04620538651943207,-0.3156108271788749,0.3156108271788749,NA,NA,0,0,-0.027371108531951904,0.027371108531951904,-0.2846957456778678,0.2846957456778678,-0.027371108531951904,0.027371108531951904,-0.2806339946102294,0.2806339946102294,0,0,0,0,0,0,0,0,0,0,0,0,0,0,0,0,0,0,0,0,0,0,0,0,1,0,0,1,0,0,0,0,1,0,0,0,0,0,0,0,0,0,0,0,0,0,0,0,0,0,0,NA,NA,NA,NA,NA,NA,00-0026279,R.Torain,-2,NA,NA,NA,NA,NA,NA,NA,NA,NA,NA,NA,NA,NA,NA,NA,NA,NA,NA,NA,NA,NA,NA,NA,NA,NA,NA,NA,NA,00-0024278,D.Tapp,NA,NA,NA,NA,NA,NA,NA,NA,NA,NA,NA,NA,PHI,NA,00-0024278,NA,D.Tapp,NA,NA,NA,NA,NA,NA,NA,NA,NA,NA,NA,NA,NA,0,NA,NA,NA,NA,NA,NA,NA,NA,NA,NA,NA,NA,NA,NA,NA,NA,NA,NA,NA,NA,NA,NA,NA,NA,NA,NA,NA,NA,NA,NA,NA,0,NA,NA,NA,NA,0,NA,NA,0,0,0,0,NA,NA,2011,NA,NA,38,0,Turnover,2773,"10/16/11, 13:03:12",2011-10-16T19:09:42Z,Commanders Field,"Sunny Temp: 68° F, Humidity: 26%, Wind: WSW 7 mph",10012011-1016-039d-ee8c-bc7446e5f587,0,0,RUSH,0,NA,NA,NA,16,Turnover,2011-10-16T19:09:42Z,2,0:46,0,1,0,3,3,0,INTERCEPTION,INTERCEPTION,07:15,06:29,PHI 18,PHI 20,2773,2794,20,13,Home,-7,33,-3,46.5,1,outdoors,grass,68,7,Mike Shanahan,Andy Reid,WAS00,FedExField,0,0,NA,NA,R.Torain,46,NA,NA,0,1,0,0,1,NA,00-0026279,NA,R.Torain,46,00-0026279,R.Torain,00-0026279,R.Torain,00-0026279,0,0,-0.8805709265870973,NA,NA,NA,NA,NA,0.4910110831260681,-49.10110831260681,2011,Go for it,NA,NA,NA,NA,NA,NA,NA,NA,NA,NA,Punt,Go for it,Andy Reid,Mike Shanahan,7:15,NA,NA,NA,NA,NA,NA,NA,NA,NA,NA
2794,2011_06_PHI_WAS,2011101603,WAS,PHI,REG,6,WAS,home,PHI,PHI,20,2011-10-16,398,1298,1298,Half2,0,16,0,3,2,0,06:38,PHI 20,12,-2,(6:38) 8-R.Grossman pass short middle intended for 83-F.Davis INTERCEPTED by 42-K.Coleman [93-J.Babin] at PHI 5. 42-K.Coleman pushed ob at PHI 29 for 24 yards (10-J.Gaffney).,pass,0,0,0,1,0,0,0,short,middle,15,NA,NA,NA,NA,NA,NA,NA,3,3,0,NA,NA,NA,NA,3,3,6,20,6,20,-14,6,20,-14,0.0042685349471867085,0.030686000362038612,5.98499842453748e-4,0.04325307905673981,0.5391345620155334,0.001508446061052382,0.3805508613586426,0,0,3.888250053511001,-4.6854777039261535,-18.675851959219926,18.675851959219926,-6.417660385312047,6.417660385312047,-15.604314313616372,15.604314313616372,1.7208292690920644,-6.406306973018218,0,0,-12.894782626943197,12.894782626943197,-0.7697082883678377,0.7697082883678377,-11.282030940288678,11.282030940288678,-4.3168365611880635,4.3168365611880635,0.16379369795322418,0.8362063020467758,0.16379369795322418,0.8362063020467758,-0.09295608103275299,-0.04978528618812561,-0.04978528618812561,0.07083761692047119,0.9291623830795288,0.09251907467842102,0.09251907467842102,-0.04620538651943207,0.04620538651943207,-0.4085669082116279,0.4085669082116279,0,-0.09295608103275299,0,0,-0.027371108531951904,0.027371108531951904,-0.2846957456778678,0.2846957456778678,-0.027371108531951904,0.027371108531951904,-0.3735900756429824,0.3735900756429824,0,0,0,0,0,0,0,0,0,0,1,0,0,0,0,0,0,0,0,0,0,0,0,0,1,0,0,0,0,0,0,1,0,1,0,0,0,0,0,0,0,0,0,0,0,0,0,0,0,0,0,00-0022121,R.Grossman,NA,00-0026188,F.Davis,NA,NA,NA,NA,NA,NA,NA,NA,NA,NA,NA,NA,00-0027835,K.Coleman,NA,NA,NA,NA,NA,NA,NA,NA,NA,NA,NA,NA,NA,NA,NA,NA,NA,NA,NA,NA,NA,NA,00-0022695,J.Babin,NA,NA,NA,NA,NA,NA,NA,NA,WAS,NA,00-0021163,NA,J.Gaffney,NA,NA,NA,NA,NA,NA,NA,NA,NA,NA,NA,NA,NA,0,NA,NA,NA,NA,NA,NA,00-0027835,K.Coleman,NA,NA,NA,NA,NA,NA,NA,NA,NA,NA,NA,NA,NA,NA,NA,NA,NA,NA,NA,NA,NA,NA,PHI,24,NA,NA,NA,NA,0,NA,NA,0,0,0,0,NA,NA,2011,0.37459585070610046,-37.459585070610046,38,0,Turnover,2794,"10/16/11, 13:03:12",2011-10-16T19:10:18Z,Commanders Field,"Sunny Temp: 68° F, Humidity: 26%, Wind: WSW 7 mph",10012011-1016-039d-ee8c-bc7446e5f587,0,0,INTERCEPTION,0,NA,NA,NA,16,Turnover,2011-10-16T19:09:42Z,2,0:46,0,1,0,3,3,0,INTERCEPTION,INTERCEPTION,07:15,06:29,PHI 18,PHI 20,2773,2794,20,13,Home,-7,33,-3,46.5,1,outdoors,grass,68,7,Mike Shanahan,Andy Reid,WAS00,FedExField,0,0,R.Grossman,8,NA,NA,F.Davis,83,1,0,0,0,1,00-0022121,NA,00-0026188,R.Grossman,8,00-0022121,F.Davis,00-0026188,F.Davis,00-0026188,1,0,-4.6854777039261535,0.6132196954758644,2.312068688683212,2,1,0.9988075262517668,0.8410154581069946,15.898454189300537,2011,Go for it,NA,NA,NA,NA,NA,NA,NA,NA,NA,NA,Punt,Go for it,Andy Reid,Mike Shanahan,6:38,NA,NA,NA,NA,NA,NA,NA,NA,NA,NA
2820,2011_06_PHI_WAS,2011101603,WAS,PHI,REG,6,PHI,away,WAS,PHI,71,2011-10-16,389,1289,1289,Half2,0,17,0,3,1,0,06:29,PHI 29,10,39,"(6:29) 25-L.McCoy right end to PHI 29 for no gain (50-R.Jackson, 52-R.McIntosh).",run,0,0,0,0,0,0,0,NA,NA,NA,NA,right,end,NA,NA,NA,NA,3,3,0,NA,NA,NA,NA,3,3,6,20,20,6,14,20,6,14,0.019575830549001694,0.15206900238990784,0.003919919952750206,0.25626200437545776,0.22658491134643555,0.0031529569532722235,0.33843541145324707,0,0,0.7972276504151523,-0.49131953716278076,-18.184532422057146,18.184532422057146,-5.926340848149266,5.926340848149266,-15.604314313616372,15.604314313616372,NA,NA,0,0,-12.894782626943197,12.894782626943197,-0.7697082883678377,0.7697082883678377,-11.282030940288678,11.282030940288678,-4.3168365611880635,4.3168365611880635,0.9291623830795288,0.07083761692047119,0.07083761692047119,0.9291623830795288,-0.002444028854370117,-0.001479506492614746,0.001479506492614746,0.07328164577484131,0.9267183542251587,0.9572662115097046,0.04273378849029541,-0.04376135766506195,0.04376135766506195,-0.4085669082116279,0.4085669082116279,NA,NA,0,0,-0.027371108531951904,0.027371108531951904,-0.2846957456778678,0.2846957456778678,-0.027371108531951904,0.027371108531951904,-0.3735900756429824,0.3735900756429824,0,0,0,0,0,0,0,0,0,0,0,0,0,0,0,0,0,0,0,0,0,0,0,0,0,0,0,0,0,0,0,0,1,0,0,0,0,0,0,0,0,0,0,0,0,0,1,0,0,0,0,NA,NA,NA,NA,NA,NA,00-0027029,L.McCoy,0,NA,NA,NA,NA,NA,NA,NA,NA,NA,NA,NA,NA,NA,NA,NA,NA,NA,NA,NA,NA,NA,NA,NA,NA,NA,NA,NA,NA,NA,NA,NA,NA,NA,NA,NA,NA,NA,NA,NA,NA,NA,NA,NA,NA,NA,NA,NA,NA,00-0024250,R.McIntosh,WAS,NA,NA,NA,NA,NA,NA,NA,NA,NA,1,00-0026382,R.Jackson,WAS,NA,NA,NA,NA,NA,NA,NA,NA,NA,NA,NA,NA,NA,NA,NA,NA,NA,NA,NA,NA,NA,NA,NA,NA,NA,NA,NA,NA,0,NA,NA,NA,NA,0,NA,NA,0,0,0,0,NA,NA,2011,NA,NA,39,1,First down,2820,"10/16/11, 13:03:12",2011-10-16T19:11:24Z,Commanders Field,"Sunny Temp: 68° F, Humidity: 26%, Wind: WSW 7 mph",10012011-1016-039d-ee8c-bc7446e5f587,0,0,RUSH,0,NA,NA,NA,17,Turnover on downs,2011-10-16T19:11:24Z,7,3:22,1,0,0,3,3,0,INTERCEPTION,DOWNS,06:29,03:07,PHI 29,WAS 32,2820,2957,20,13,Home,-7,33,-3,46.5,1,outdoors,grass,68,7,Mike Shanahan,Andy Reid,WAS00,FedExField,0,0,NA,NA,L.McCoy,25,NA,NA,0,1,0,0,1,NA,00-0027029,NA,L.McCoy,25,00-0027029,L.McCoy,00-0027029,L.McCoy,00-0027029,0,0,-0.49131953716278076,NA,NA,NA,NA,NA,0.41069427132606506,-41.069427132606506,2011,Go for it,NA,NA,NA,NA,NA,NA,NA,NA,NA,NA,Punt,Go for it,Andy Reid,Mike Shanahan,6:29,NA,NA,NA,NA,NA,NA,NA,NA,NA,NA
2848,2011_06_PHI_WAS,2011101603,WAS,PHI,REG,6,PHI,away,WAS,PHI,71,2011-10-16,350,1250,1250,Half2,0,17,0,3,2,0,05:50,PHI 29,10,39,(5:50) (Shotgun) 7-M.Vick pass incomplete short left to 10-D.Jackson (26-J.Wilson).,pass,0,1,0,1,0,0,0,short,left,6,NA,NA,NA,NA,NA,NA,NA,3,3,0,NA,NA,NA,NA,3,3,6,20,20,6,14,20,6,14,0.02124755270779133,0.1657506674528122,0.004307213705033064,0.2862233817577362,0.20657508075237274,0.003132003592327237,0.31276413798332214,0,0,0.30590811325237155,-0.7007632181048393,-17.483769203952306,17.483769203952306,-5.926340848149266,5.926340848149266,-14.903551095511533,14.903551095511533,-0.13248610822483897,-0.5682771098800004,0,0,-12.894782626943197,12.894782626943197,-0.7697082883678377,0.7697082883678377,-11.149544832063839,11.149544832063839,-3.748559451308063,3.748559451308063,0.9267183542251587,0.07328164577484131,0.07328164577484131,0.9267183542251587,-0.009969174861907959,-0.0035431981086730957,0.0035431981086730957,0.08325082063674927,0.9167491793632507,0.9557867050170898,0.044213294982910156,-0.04376135766506195,0.04376135766506195,-0.39859773334971993,0.39859773334971993,0,-0.009969174861907959,0,0,-0.027371108531951904,0.027371108531951904,-0.2846957456778678,0.2846957456778678,-0.027371108531951904,0.027371108531951904,-0.36362090078107445,0.36362090078107445,0,0,0,0,0,0,0,0,1,0,0,0,0,0,0,0,0,0,0,0,0,0,0,0,0,0,0,0,0,0,0,0,0,1,0,0,0,0,0,0,0,0,0,0,0,0,0,0,0,0,0,00-0020245,M.Vick,NA,00-0026189,D.Jackson,NA,NA,NA,NA,NA,NA,NA,NA,NA,NA,NA,NA,NA,NA,NA,NA,NA,NA,NA,NA,NA,NA,NA,NA,NA,NA,NA,NA,NA,NA,NA,NA,NA,NA,NA,NA,NA,NA,NA,NA,NA,NA,NA,NA,NA,NA,NA,NA,NA,NA,NA,NA,NA,NA,NA,NA,NA,NA,NA,NA,NA,NA,NA,NA,0,NA,NA,NA,NA,NA,NA,00-0025442,J.Wilson,NA,NA,NA,NA,NA,NA,NA,NA,NA,NA,NA,NA,NA,NA,NA,NA,NA,NA,NA,NA,NA,NA,NA,0,NA,NA,NA,NA,0,NA,NA,0,0,0,0,NA,NA,2011,0.7181398868560791,-71.81398868560791,39,1,First down,2848,"10/16/11, 13:03:12",2011-10-16T19:12:03Z,Commanders Field,"Sunny Temp: 68° F, Humidity: 26%, Wind: WSW 7 mph",10012011-1016-039d-ee8c-bc7446e5f587,0,0,PASS,0,NA,NA,NA,17,Turnover on downs,2011-10-16T19:11:24Z,7,3:22,1,0,0,3,3,0,INTERCEPTION,DOWNS,06:29,03:07,PHI 29,WAS 32,2820,2957,20,13,Home,-7,33,-3,46.5,1,outdoors,grass,68,7,Mike Shanahan,Andy Reid,WAS00,FedExField,0,0,M.Vick,7,NA,NA,D.Jackson,10,1,0,0,0,1,00-0020245,NA,00-0026189,M.Vick,7,00-0020245,D.Jackson,00-0026189,D.Jackson,00-0026189,0,0,-0.7007632181048393,0.6758757618040285,3.6615699478788883,2,0.7080740793608129,0.30704298010095954,0.5408610701560974,45.91389298439026,2011,Go for it,NA,NA,NA,NA,NA,NA,NA,NA,NA,NA,Punt,Go for it,Andy Reid,Mike Shanahan,5:50,NA,NA,NA,NA,NA,NA,NA,NA,NA,NA
2870,2011_06_PHI_WAS,2011101603,WAS,PHI,REG,6,PHI,away,WAS,PHI,71,2011-10-16,344,1244,1244,Half2,0,17,0,3,3,0,05:44,PHI 29,10,39,(5:44) (Shotgun) 7-M.Vick scrambles left end pushed ob at WAS 40 for 31 yards (30-L.Landry).,run,31,1,0,1,0,0,1,NA,NA,NA,NA,left,end,NA,NA,NA,NA,3,3,0,NA,NA,NA,NA,3,3,6,20,20,6,14,20,6,14,0.02132991887629032,0.18978212773799896,0.004527805373072624,0.3262568712234497,0.1809043437242508,0.0031521485652774572,0.27404680848121643,0,0,-0.3948551048524678,3.379929321119562,-20.863698525071868,20.863698525071868,-9.306270169268828,9.306270169268828,-14.903551095511533,14.903551095511533,NA,NA,0,0,-12.894782626943197,12.894782626943197,-0.7697082883678377,0.7697082883678377,-11.149544832063839,11.149544832063839,-3.748559451308063,3.748559451308063,0.9167491793632507,0.08325082063674927,0.08325082063674927,0.9167491793632507,0.03988659381866455,0.01680821180343628,-0.01680821180343628,0.04336422681808472,0.9566357731819153,0.9522435069084167,0.04775649309158325,-0.0836479514837265,0.0836479514837265,-0.39859773334971993,0.39859773334971993,NA,NA,0,0,-0.027371108531951904,0.027371108531951904,-0.2846957456778678,0.2846957456778678,-0.027371108531951904,0.027371108531951904,-0.36362090078107445,0.36362090078107445,0,1,0,0,1,0,0,0,0,0,0,0,0,0,0,0,0,0,0,0,0,0,0,0,1,0,0,0,0,0,0,0,1,0,0,0,0,0,0,0,0,0,0,0,0,0,0,0,0,0,0,NA,NA,NA,NA,NA,NA,00-0020245,M.Vick,31,NA,NA,NA,NA,NA,NA,NA,NA,NA,NA,NA,NA,NA,NA,NA,NA,NA,NA,NA,NA,NA,NA,NA,NA,NA,NA,NA,NA,NA,NA,NA,NA,NA,NA,NA,NA,NA,NA,NA,NA,NA,NA,WAS,NA,00-0025393,NA,L.Landry,NA,NA,NA,NA,NA,NA,NA,NA,NA,NA,NA,NA,NA,0,NA,NA,NA,NA,NA,NA,NA,NA,NA,NA,NA,NA,NA,NA,NA,NA,NA,NA,NA,NA,NA,NA,NA,NA,NA,NA,NA,NA,NA,NA,NA,0,NA,NA,NA,NA,0,NA,NA,0,0,0,0,NA,NA,2011,NA,NA,39,1,First down,2870,"10/16/11, 13:03:12",2011-10-16T19:12:46Z,Commanders Field,"Sunny Temp: 68° F, Humidity: 26%, Wind: WSW 7 mph",10012011-1016-039d-ee8c-bc7446e5f587,0,0,RUSH,0,NA,NA,NA,17,Turnover on downs,2011-10-16T19:11:24Z,7,3:22,1,0,0,3,3,0,INTERCEPTION,DOWNS,06:29,03:07,PHI 29,WAS 32,2820,2957,20,13,Home,-7,33,-3,46.5,1,outdoors,grass,68,7,Mike Shanahan,Andy Reid,WAS00,FedExField,0,1,M.Vick,7,NA,7,NA,NA,1,0,1,0,1,00-0020245,NA,NA,M.Vick,7,00-0020245,M.Vick,00-0020245,M.Vick,00-0020245,1,0,3.379929321119562,NA,NA,NA,NA,NA,0.955949068069458,4.405093193054199,2011,Go for it,NA,NA,NA,NA,NA,NA,NA,NA,NA,NA,Punt,Go for it,Andy Reid,Mike Shanahan,5:44,NA,NA,NA,NA,NA,NA,NA,NA,NA,NA
2891,2011_06_PHI_WAS,2011101603,WAS,PHI,REG,6,PHI,away,WAS,WAS,40,2011-10-16,308,1208,1208,Half2,0,17,0,3,1,0,05:08,WAS 40,10,39,(5:08) 25-L.McCoy left end to WAS 42 for -2 yards (50-R.Jackson).,run,-2,0,0,0,0,0,0,NA,NA,NA,NA,left,end,NA,NA,NA,NA,3,3,0,NA,NA,NA,NA,3,3,6,20,20,6,14,20,6,14,0.01219115685671568,0.07870672643184662,0.0012757839867845178,0.124763123691082,0.3409983515739441,0.004072278272360563,0.4379926025867462,0,0,2.985074216267094,-1.0441278405487537,-19.819570684523114,19.819570684523114,-8.262142328720074,8.262142328720074,-14.903551095511533,14.903551095511533,NA,NA,0,0,-12.894782626943197,12.894782626943197,-0.7697082883678377,0.7697082883678377,-11.149544832063839,11.149544832063839,-3.748559451308063,3.748559451308063,0.9566357731819153,0.04336422681808472,0.04336422681808472,0.9566357731819153,-0.011211872100830078,-0.0027512311935424805,0.0027512311935424805,0.054576098918914795,0.9454239010810852,0.969051718711853,0.030948281288146973,-0.07243607938289642,0.07243607938289642,-0.39859773334971993,0.39859773334971993,NA,NA,0,0,-0.027371108531951904,0.027371108531951904,-0.2846957456778678,0.2846957456778678,-0.027371108531951904,0.027371108531951904,-0.36362090078107445,0.36362090078107445,0,0,0,0,0,0,0,0,0,0,0,0,0,0,0,0,0,0,0,0,0,0,0,0,1,0,0,1,0,0,0,0,1,0,0,0,0,0,0,0,0,0,0,0,0,0,0,0,0,0,0,NA,NA,NA,NA,NA,NA,00-0027029,L.McCoy,-2,NA,NA,NA,NA,NA,NA,NA,NA,NA,NA,NA,NA,NA,NA,NA,NA,NA,NA,NA,NA,NA,NA,NA,NA,NA,NA,NA,NA,00-0026382,R.Jackson,NA,NA,NA,NA,NA,NA,NA,NA,NA,NA,NA,NA,WAS,NA,00-0026382,NA,R.Jackson,NA,NA,NA,NA,NA,NA,NA,NA,NA,NA,NA,NA,NA,0,NA,NA,NA,NA,NA,NA,NA,NA,NA,NA,NA,NA,NA,NA,NA,NA,NA,NA,NA,NA,NA,NA,NA,NA,NA,NA,NA,NA,NA,NA,NA,0,NA,NA,NA,NA,0,NA,NA,0,0,0,0,NA,NA,2011,NA,NA,40,0,Turnover on downs,2891,"10/16/11, 13:03:12",2011-10-16T19:13:35Z,Commanders Field,"Sunny Temp: 68° F, Humidity: 26%, Wind: WSW 7 mph",10012011-1016-039d-ee8c-bc7446e5f587,0,0,RUSH,0,NA,NA,NA,17,Turnover on downs,2011-10-16T19:11:24Z,7,3:22,1,0,0,3,3,0,INTERCEPTION,DOWNS,06:29,03:07,PHI 29,WAS 32,2820,2957,20,13,Home,-7,33,-3,46.5,1,outdoors,grass,68,7,Mike Shanahan,Andy Reid,WAS00,FedExField,0,0,NA,NA,L.McCoy,25,NA,NA,0,1,0,0,1,NA,00-0027029,NA,L.McCoy,25,00-0027029,L.McCoy,00-0027029,L.McCoy,00-0027029,0,0,-1.0441278405487537,NA,NA,NA,NA,NA,0.3822535574436188,-38.22535574436188,2011,Go for it,NA,NA,NA,NA,NA,NA,NA,NA,NA,NA,Punt,Go for it,Andy Reid,Mike Shanahan,5:08,NA,NA,NA,NA,NA,NA,NA,NA,NA,NA
2912,2011_06_PHI_WAS,2011101603,WAS,PHI,REG,6,PHI,away,WAS,WAS,42,2011-10-16,271,1171,1171,Half2,0,17,0,3,2,0,04:31,WAS 42,12,39,(4:31) 7-M.Vick pass short middle to 10-D.Jackson to WAS 31 for 11 yards (26-J.Wilson).,pass,11,0,0,1,0,0,0,short,middle,11,0,NA,NA,NA,NA,NA,NA,3,3,0,NA,NA,NA,NA,3,3,6,20,20,6,14,20,6,14,0.018653275445103645,0.1084878072142601,0.001751488191075623,0.17748545110225677,0.32909202575683594,0.005334948189556599,0.3591949939727783,0,0,1.9409463757183403,1.1737514572450891,-20.993322141768203,20.993322141768203,-8.262142328720074,8.262142328720074,-16.07730255275662,16.07730255275662,1.1737514572450891,0,1.1737514572450891,0,-14.068534084188286,14.068534084188286,-0.7697082883678377,0.7697082883678377,-12.323296289308928,12.323296289308928,-3.748559451308063,3.748559451308063,0.9454239010810852,0.054576098918914795,0.054576098918914795,0.9454239010810852,0.00969165563583374,0.005263984203338623,-0.005263984203338623,0.044884443283081055,0.955115556716919,0.9663004875183105,0.03369951248168945,-0.07243607938289642,0.07243607938289642,-0.40828938898555367,0.40828938898555367,0.00969165563583374,0,0.00969165563583374,0,-0.037062764167785645,0.037062764167785645,-0.2846957456778678,0.2846957456778678,-0.037062764167785645,0.037062764167785645,-0.36362090078107445,0.36362090078107445,0,0,0,0,0,0,0,0,0,0,0,0,0,0,0,0,0,0,0,0,0,0,0,0,1,0,0,0,0,0,0,0,0,1,0,0,0,0,0,0,0,0,0,0,0,1,0,0,0,0,0,00-0020245,M.Vick,11,00-0026189,D.Jackson,11,NA,NA,NA,NA,NA,NA,NA,NA,NA,NA,NA,NA,NA,NA,NA,NA,NA,NA,NA,NA,NA,NA,NA,NA,NA,NA,NA,NA,NA,NA,NA,NA,NA,NA,NA,NA,NA,NA,NA,NA,NA,NA,NA,NA,NA,WAS,NA,00-0025442,NA,J.Wilson,NA,NA,NA,NA,NA,NA,NA,NA,NA,NA,NA,NA,NA,0,NA,NA,NA,NA,NA,NA,NA,NA,NA,NA,NA,NA,NA,NA,NA,NA,NA,NA,NA,NA,NA,NA,NA,NA,NA,NA,NA,NA,NA,NA,NA,0,NA,NA,NA,NA,0,NA,NA,0,0,0,0,NA,NA,2011,0.683380663394928,31.661933660507202,40,0,Turnover on downs,2912,"10/16/11, 13:03:12",2011-10-16T19:14:13Z,Commanders Field,"Sunny Temp: 68° F, Humidity: 26%, Wind: WSW 7 mph",10012011-1016-039d-ee8c-bc7446e5f587,0,0,PASS,0,NA,NA,NA,17,Turnover on downs,2011-10-16T19:11:24Z,7,3:22,1,0,0,3,3,0,INTERCEPTION,DOWNS,06:29,03:07,PHI 29,WAS 32,2820,2957,20,13,Home,-7,33,-3,46.5,1,outdoors,grass,68,7,Mike Shanahan,Andy Reid,WAS00,FedExField,0,1,M.Vick,7,NA,NA,D.Jackson,10,1,0,0,0,1,00-0020245,NA,00-0026189,M.Vick,7,00-0020245,D.Jackson,00-0026189,D.Jackson,00-0026189,0,0,1.1737514572450891,0.5564662277790968,3.4553642263053916,2,1,0.6338326163822785,0.7436175346374512,25.638246536254883,2011,Go for it,NA,NA,NA,NA,NA,NA,NA,NA,NA,NA,Punt,Go for it,Andy Reid,Mike Shanahan,4:31,NA,NA,NA,NA,NA,NA,NA,NA,NA,NA
2936,2011_06_PHI_WAS,2011101603,WAS,PHI,REG,6,PHI,away,WAS,WAS,31,2011-10-16,235,1135,1135,Half2,0,17,0,3,3,0,03:55,WAS 31,1,39,(3:55) 25-L.McCoy left end to WAS 32 for -1 yards (72-S.Bowen; 98-B.Orakpo).,run,-1,0,0,0,0,0,0,NA,NA,NA,NA,left,end,NA,NA,NA,NA,3,3,0,NA,NA,NA,NA,3,3,6,20,20,6,14,20,6,14,0.011456327512860298,0.06838846951723099,8.488792809657753e-4,0.10658472776412964,0.4038257300853729,0.0012188659748062491,0.40767702460289,0,0,3.1146978329634294,-1.718312669196166,-19.275009472572037,19.275009472572037,-6.543829659523908,6.543829659523908,-16.07730255275662,16.07730255275662,NA,NA,0,0,-14.068534084188286,14.068534084188286,-0.7697082883678377,0.7697082883678377,-12.323296289308928,12.323296289308928,-3.748559451308063,3.748559451308063,0.955115556716919,0.044884443283081055,0.044884443283081055,0.955115556716919,-0.00981295108795166,-0.00517427921295166,0.00517427921295166,0.054697394371032715,0.9453026056289673,0.9715644717216492,0.02843552827835083,-0.06262312829494476,0.06262312829494476,-0.40828938898555367,0.40828938898555367,NA,NA,0,0,-0.037062764167785645,0.037062764167785645,-0.2846957456778678,0.2846957456778678,-0.037062764167785645,0.037062764167785645,-0.36362090078107445,0.36362090078107445,0,0,0,0,0,1,0,0,0,0,0,0,0,0,0,0,0,0,0,0,0,0,0,0,0,0,0,1,0,0,0,0,1,0,0,0,0,0,0,0,0,0,0,0,0,0,1,0,0,0,0,NA,NA,NA,NA,NA,NA,00-0027029,L.McCoy,-1,NA,NA,NA,NA,NA,NA,NA,NA,NA,NA,NA,NA,NA,NA,NA,NA,NA,NA,NA,NA,NA,NA,NA,NA,NA,NA,NA,NA,NA,NA,NA,NA,NA,NA,NA,NA,NA,NA,NA,NA,NA,NA,NA,NA,NA,NA,NA,NA,00-0023954,S.Bowen,WAS,00-0026989,B.Orakpo,WAS,NA,NA,NA,NA,NA,NA,0,NA,NA,NA,NA,NA,NA,NA,NA,NA,NA,NA,NA,NA,NA,NA,NA,NA,NA,NA,NA,NA,NA,NA,NA,NA,NA,NA,NA,NA,NA,NA,0,NA,NA,NA,NA,0,NA,NA,0,0,0,0,NA,NA,2011,NA,NA,40,0,Turnover on downs,2936,"10/16/11, 13:03:12",2011-10-16T19:14:49Z,Commanders Field,"Sunny Temp: 68° F, Humidity: 26%, Wind: WSW 7 mph",10012011-1016-039d-ee8c-bc7446e5f587,0,0,RUSH,0,NA,NA,NA,17,Turnover on downs,2011-10-16T19:11:24Z,7,3:22,1,0,0,3,3,0,INTERCEPTION,DOWNS,06:29,03:07,PHI 29,WAS 32,2820,2957,20,13,Home,-7,33,-3,46.5,1,outdoors,grass,68,7,Mike Shanahan,Andy Reid,WAS00,FedExField,0,0,NA,NA,L.McCoy,25,NA,NA,0,1,0,0,1,NA,00-0027029,NA,L.McCoy,25,00-0027029,L.McCoy,00-0027029,L.McCoy,00-0027029,0,0,-1.718312669196166,NA,NA,NA,NA,NA,0.20855724811553955,-20.855724811553955,2011,Go for it,NA,NA,NA,NA,NA,NA,NA,NA,NA,NA,Punt,Go for it,Andy Reid,Mike Shanahan,3:55,NA,NA,NA,NA,NA,NA,NA,NA,NA,NA
2957,2011_06_PHI_WAS,2011101603,WAS,PHI,REG,6,PHI,away,WAS,WAS,32,2011-10-16,190,1090,1090,Half2,0,17,0,3,4,0,03:10,WAS 32,2,39,(3:10) (Shotgun) 7-M.Vick pass incomplete short middle to 81-J.Avant.,pass,0,1,0,1,0,0,0,short,middle,6,NA,NA,NA,NA,NA,NA,NA,3,3,0,NA,NA,NA,NA,3,3,6,20,20,6,14,20,6,14,0.01881176419556141,0.10719205439090729,9.80288372375071e-4,0.16885142028331757,0.5039893388748169,0.0022624367848038673,0.19791270792484283,0,0,1.3963851637672633,-3.1198196939658374,-16.1551897786062,16.1551897786062,-6.543829659523908,6.543829659523908,-12.957482858790785,12.957482858790785,2.5551788643933833,-5.674998558359221,0,0,-14.068534084188286,14.068534084188286,-0.7697082883678377,0.7697082883678377,-14.878475153702311,14.878475153702311,1.9264391070511575,-1.9264391070511575,0.9453026056289673,0.054697394371032715,0.054697394371032715,0.9453026056289673,-0.05020575225353241,-0.017959222197532654,0.017959222197532654,0.10490314662456512,0.8950968533754349,0.9663901925086975,0.03360980749130249,-0.06262312829494476,0.06262312829494476,-0.35808363673202126,0.35808363673202126,0,-0.05020575225353241,0,0,-0.037062764167785645,0.037062764167785645,-0.2846957456778678,0.2846957456778678,-0.037062764167785645,0.037062764167785645,-0.31341514852754204,0.31341514852754204,0,0,0,0,0,0,0,1,1,0,0,0,0,0,0,0,0,0,0,0,0,0,0,0,0,0,0,0,0,0,0,0,0,1,0,0,0,0,0,0,0,0,0,0,0,0,0,0,0,0,0,00-0020245,M.Vick,NA,00-0024324,J.Avant,NA,NA,NA,NA,NA,NA,NA,NA,NA,NA,NA,NA,NA,NA,NA,NA,NA,NA,NA,NA,NA,NA,NA,NA,NA,NA,NA,NA,NA,NA,NA,NA,NA,NA,NA,NA,NA,NA,NA,NA,NA,NA,NA,NA,NA,NA,NA,NA,NA,NA,NA,NA,NA,NA,NA,NA,NA,NA,NA,NA,NA,NA,NA,NA,0,NA,NA,NA,NA,NA,NA,NA,NA,NA,NA,NA,NA,NA,NA,NA,NA,NA,NA,NA,NA,NA,NA,NA,NA,NA,NA,NA,NA,NA,NA,NA,0,NA,NA,NA,NA,0,NA,NA,0,0,0,0,NA,NA,2011,0.6881021857261658,-68.81021857261658,40,0,Turnover on downs,2957,"10/16/11, 13:03:12",2011-10-16T19:15:33Z,Commanders Field,"Sunny Temp: 68° F, Humidity: 26%, Wind: WSW 7 mph",10012011-1016-039d-ee8c-bc7446e5f587,0,0,PASS,0,NA,NA,NA,17,Turnover on downs,2011-10-16T19:11:24Z,7,3:22,1,0,0,3,3,0,INTERCEPTION,DOWNS,06:29,03:07,PHI 29,WAS 32,2820,2957,20,13,Home,-7,33,-3,46.5,1,outdoors,grass,68,7,Mike Shanahan,Andy Reid,WAS00,FedExField,0,0,M.Vick,7,NA,NA,J.Avant,81,1,0,0,0,1,00-0020245,NA,00-0024324,M.Vick,7,00-0020245,J.Avant,00-0024324,J.Avant,00-0024324,0,0,-3.1198196939658374,0.3060825514667558,4.307545104122255,2,0.9992940336815082,0.9992940336815082,0.7169171571731567,28.308284282684326,2011,Go for it,NA,0.38989557657623664,0.9955079878157996,NA,NA,NA,0.9950969854253344,0.997679385021911,NA,0.9955485104369499,Punt,Go for it,Andy Reid,Mike Shanahan,3:10,NA,NA,NA,39,100,NA,100,NA,100,100
2979,2011_06_PHI_WAS,2011101603,WAS,PHI,REG,6,WAS,home,PHI,WAS,67,2011-10-16,187,1087,1087,Half2,0,18,0,3,1,0,03:07,WAS 33,10,6,"(3:07) 8-R.Grossman pass incomplete deep right to 83-F.Davis (42-K.Coleman). PENALTY on PHI-24-N.Asomugha, Defensive Holding, 5 yards, enforced at WAS 33 - No Play.",no_play,0,0,0,0,0,0,0,NA,NA,NA,NA,NA,NA,NA,NA,NA,NA,3,3,0,NA,NA,NA,NA,3,3,6,20,6,20,-14,6,20,-14,0.0345674604177475,0.13324607908725739,0.002159770345315337,0.1942499279975891,0.23627139627933502,0.0036219728644937277,0.39588338136672974,0,0,1.723434530198574,0.2987931116949767,-15.856396666911222,15.856396666911222,-6.543829659523908,6.543829659523908,-12.957482858790785,12.957482858790785,NA,NA,0,0,-14.068534084188286,14.068534084188286,-0.7697082883678377,0.7697082883678377,-14.878475153702311,14.878475153702311,1.9264391070511575,-1.9264391070511575,0.10490314662456512,0.8950968533754349,0.10490314662456512,0.8950968533754349,0.0024191290140151978,0.004012729972600937,0.004012729972600937,0.10732227563858032,0.8926777243614197,0.051569029688835144,0.051569029688835144,-0.06262312829494476,0.06262312829494476,-0.35808363673202126,0.35808363673202126,NA,NA,0,0,-0.037062764167785645,0.037062764167785645,-0.2846957456778678,0.2846957456778678,-0.037062764167785645,0.037062764167785645,-0.31341514852754204,0.31341514852754204,0,0,0,1,0,0,0,0,0,0,0,0,0,0,0,0,0,0,0,0,0,0,0,0,0,0,1,0,0,0,0,0,0,0,0,0,0,0,0,0,0,0,0,0,0,0,0,0,0,0,0,NA,NA,NA,NA,NA,NA,NA,NA,NA,NA,NA,NA,NA,NA,NA,NA,NA,NA,NA,NA,NA,NA,NA,NA,NA,NA,NA,NA,NA,NA,NA,NA,NA,NA,NA,NA,NA,NA,NA,NA,NA,NA,NA,NA,NA,NA,NA,NA,NA,NA,NA,NA,NA,NA,NA,NA,NA,NA,NA,NA,NA,NA,NA,NA,NA,NA,NA,NA,NA,0,NA,NA,NA,NA,NA,NA,NA,NA,NA,NA,NA,NA,NA,NA,NA,NA,NA,NA,NA,NA,NA,NA,NA,NA,NA,NA,NA,NA,NA,NA,NA,0,PHI,00-0022077,N.Asomugha,5,0,NA,Defensive Holding,0,0,0,0,NA,NA,2011,NA,NA,41,1,First down,2979,"10/16/11, 13:03:12",2011-10-16T19:16:15Z,Commanders Field,"Sunny Temp: 68° F, Humidity: 26%, Wind: WSW 7 mph",10012011-1016-039d-ee8c-bc7446e5f587,0,0,PENALTY,0,NA,NA,NA,18,Turnover,2011-10-16T19:16:15Z,3,0:57,1,0,0,3,3,5,DOWNS,INTERCEPTION,03:07,02:10,WAS 33,WAS 39,2979,3078,20,13,Home,-7,33,-3,46.5,1,outdoors,grass,68,7,Mike Shanahan,Andy Reid,WAS00,FedExField,0,1,R.Grossman,8,NA,NA,F.Davis,83,1,0,1,0,1,00-0022121,NA,00-0026188,R.Grossman,8,00-0022121,NA,NA,F.Davis,00-0026188,0,0,0.2987931116949767,NA,NA,NA,NA,NA,0.5550127625465393,44.49872374534607,2011,Other,NA,NA,NA,NA,NA,NA,NA,NA,NA,NA,Punt,Go for it (Penalty),Andy Reid,Mike Shanahan,3:07,NA,NA,NA,NA,NA,NA,NA,NA,NA,NA
3035,2011_06_PHI_WAS,2011101603,WAS,PHI,REG,6,WAS,home,PHI,WAS,62,2011-10-16,179,1079,1079,Half2,0,18,0,3,1,0,02:59,WAS 38,10,6,"(2:59) 46-R.Torain right guard to WAS 39 for 1 yard (94-D.Landri, 91-T.Laws).",run,1,0,0,0,0,0,0,NA,NA,NA,NA,right,guard,NA,NA,NA,NA,3,3,0,NA,NA,NA,NA,3,3,6,20,6,20,-14,6,20,-14,0.03366425260901451,0.11760126799345016,0.0017229659715667367,0.18122151494026184,0.24851644039154053,0.003887332044541836,0.4133862853050232,0,0,2.0222276418935508,-0.39959402615204453,-16.255990693063268,16.255990693063268,-6.943423685675953,6.943423685675953,-12.957482858790785,12.957482858790785,NA,NA,0,0,-14.068534084188286,14.068534084188286,-0.7697082883678377,0.7697082883678377,-14.878475153702311,14.878475153702311,1.9264391070511575,-1.9264391070511575,0.10732227563858032,0.8926777243614197,0.10732227563858032,0.8926777243614197,-0.01718202978372574,-0.0019424967467784882,-0.0019424967467784882,0.09014024585485458,0.9098597541451454,0.05558175966143608,0.05558175966143608,-0.0798051580786705,0.0798051580786705,-0.35808363673202126,0.35808363673202126,NA,NA,0,0,-0.037062764167785645,0.037062764167785645,-0.2846957456778678,0.2846957456778678,-0.037062764167785645,0.037062764167785645,-0.31341514852754204,0.31341514852754204,0,0,0,0,0,0,0,0,0,0,0,0,0,0,0,0,0,0,0,0,0,0,0,0,0,0,0,0,0,0,0,0,1,0,0,0,0,0,0,0,0,0,0,0,0,0,1,0,0,0,0,NA,NA,NA,NA,NA,NA,00-0026279,R.Torain,1,NA,NA,NA,NA,NA,NA,NA,NA,NA,NA,NA,NA,NA,NA,NA,NA,NA,NA,NA,NA,NA,NA,NA,NA,NA,NA,NA,NA,NA,NA,NA,NA,NA,NA,NA,NA,NA,NA,NA,NA,NA,NA,NA,NA,NA,NA,NA,NA,00-0026187,T.Laws,PHI,NA,NA,NA,NA,NA,NA,NA,NA,NA,1,00-0025553,D.Landri,PHI,NA,NA,NA,NA,NA,NA,NA,NA,NA,NA,NA,NA,NA,NA,NA,NA,NA,NA,NA,NA,NA,NA,NA,NA,NA,NA,NA,NA,0,NA,NA,NA,NA,0,NA,NA,0,0,0,0,NA,NA,2011,NA,NA,42,0,Turnover,3035,"10/16/11, 13:03:12",2011-10-16T19:17:14Z,Commanders Field,"Sunny Temp: 68° F, Humidity: 26%, Wind: WSW 7 mph",10012011-1016-039d-ee8c-bc7446e5f587,0,0,RUSH,0,NA,NA,NA,18,Turnover,2011-10-16T19:16:15Z,3,0:57,1,0,0,3,3,5,DOWNS,INTERCEPTION,03:07,02:10,WAS 33,WAS 39,2979,3078,20,13,Home,-7,33,-3,46.5,1,outdoors,grass,68,7,Mike Shanahan,Andy Reid,WAS00,FedExField,0,0,NA,NA,R.Torain,46,NA,NA,0,1,0,0,1,NA,00-0026279,NA,R.Torain,46,00-0026279,R.Torain,00-0026279,R.Torain,00-0026279,0,0,-0.39959402615204453,NA,NA,NA,NA,NA,0.555154025554657,-55.5154025554657,2011,Go for it,NA,NA,NA,NA,NA,NA,NA,NA,NA,NA,Punt,Go for it,Andy Reid,Mike Shanahan,2:59,NA,NA,NA,NA,NA,NA,NA,NA,NA,NA
3056,2011_06_PHI_WAS,2011101603,WAS,PHI,REG,6,WAS,home,PHI,WAS,61,2011-10-16,145,1045,1045,Half2,0,18,0,3,2,0,02:25,WAS 39,9,6,(2:25) 8-R.Grossman pass incomplete deep right to 10-J.Gaffney [75-J.Parker].,pass,0,0,0,1,0,0,0,deep,right,26,NA,NA,NA,NA,NA,NA,NA,3,3,0,NA,NA,NA,NA,3,3,6,20,6,20,-14,6,20,-14,0.03446555137634277,0.12809933722019196,0.001887891790829599,0.2007790505886078,0.25179240107536316,0.004009412135928869,0.37896639108657837,0,0,1.6226336157415062,-0.7618430673610419,-17.01783376042431,17.01783376042431,-6.943423685675953,6.943423685675953,-13.719325926151827,13.719325926151827,2.064621198689565,-2.826464266050607,0,0,-14.068534084188286,14.068534084188286,-0.7697082883678377,0.7697082883678377,-12.813853955012746,12.813853955012746,-0.9000251589994495,0.9000251589994495,0.09014024585485458,0.9098597541451454,0.09014024585485458,0.9098597541451454,-0.01126842200756073,-0.00525004044175148,-0.00525004044175148,0.07887182384729385,0.9211281761527061,0.05363926291465759,0.05363926291465759,-0.0798051580786705,0.0798051580786705,-0.369352058739582,0.369352058739582,0,-0.01126842200756073,0,0,-0.037062764167785645,0.037062764167785645,-0.2846957456778678,0.2846957456778678,-0.037062764167785645,0.037062764167785645,-0.3246835705351028,0.3246835705351028,0,0,0,0,0,0,0,0,1,0,0,0,0,0,0,0,0,0,0,0,0,0,0,0,0,0,0,0,0,0,0,1,0,1,0,0,0,0,0,0,0,0,0,0,0,0,0,0,0,0,0,00-0022121,R.Grossman,NA,00-0021163,J.Gaffney,NA,NA,NA,NA,NA,NA,NA,NA,NA,NA,NA,NA,NA,NA,NA,NA,NA,NA,NA,NA,NA,NA,NA,NA,NA,NA,NA,NA,NA,NA,NA,NA,NA,NA,NA,NA,00-0019986,J.Parker,NA,NA,NA,NA,NA,NA,NA,NA,NA,NA,NA,NA,NA,NA,NA,NA,NA,NA,NA,NA,NA,NA,NA,NA,NA,NA,0,NA,NA,NA,NA,NA,NA,NA,NA,NA,NA,NA,NA,NA,NA,NA,NA,NA,NA,NA,NA,NA,NA,NA,NA,NA,NA,NA,NA,NA,NA,NA,0,NA,NA,NA,NA,0,NA,NA,0,0,0,0,NA,NA,2011,0.24656422436237335,-24.656422436237335,42,0,Turnover,3056,"10/16/11, 13:03:12",2011-10-16T19:17:48Z,Commanders Field,"Sunny Temp: 68° F, Humidity: 26%, Wind: WSW 7 mph",10012011-1016-039d-ee8c-bc7446e5f587,0,0,PASS,0,NA,NA,NA,18,Turnover,2011-10-16T19:16:15Z,3,0:57,1,0,0,3,3,5,DOWNS,INTERCEPTION,03:07,02:10,WAS 33,WAS 39,2979,3078,20,13,Home,-7,33,-3,46.5,1,outdoors,grass,68,7,Mike Shanahan,Andy Reid,WAS00,FedExField,0,0,R.Grossman,8,NA,NA,J.Gaffney,10,1,0,0,0,1,00-0022121,NA,00-0021163,R.Grossman,8,00-0022121,J.Gaffney,00-0021163,J.Gaffney,00-0021163,0,0,-0.7618430673610419,0.4954538534776871,7.11490584447165,3,1,1,0.8083146810531616,19.168531894683838,2011,Go for it,NA,NA,NA,NA,NA,NA,NA,NA,NA,NA,Punt,Go for it,Andy Reid,Mike Shanahan,2:25,NA,NA,NA,NA,NA,NA,NA,NA,NA,NA
3078,2011_06_PHI_WAS,2011101603,WAS,PHI,REG,6,WAS,home,PHI,WAS,61,2011-10-16,140,1040,1040,Half2,0,18,0,3,3,0,02:20,WAS 39,9,6,(2:20) (Shotgun) 8-R.Grossman pass deep left intended for 10-J.Gaffney INTERCEPTED by 42-K.Coleman at PHI 30. 42-K.Coleman ran ob at PHI 31 for 1 yard.,pass,0,1,0,1,0,0,0,deep,left,31,NA,NA,NA,NA,NA,NA,NA,3,3,0,NA,NA,NA,NA,3,3,6,20,6,20,-14,6,20,-14,0.036178965121507645,0.15541720390319824,0.001992971869185567,0.24343445897102356,0.22115656733512878,0.004227787256240845,0.3375920057296753,0,0,0.8607905483804643,-1.708770059980452,-18.726603820404762,18.726603820404762,-6.943423685675953,6.943423685675953,-15.428095986132279,15.428095986132279,3.098739151377231,-4.807509211357683,0,0,-14.068534084188286,14.068534084188286,-0.7697082883678377,0.7697082883678377,-9.715114803635515,9.715114803635515,-5.707534370357132,5.707534370357132,0.07887182384729385,0.9211281761527061,0.07887182384729385,0.9211281761527061,-0.028996802866458893,-0.016268517822027206,-0.016268517822027206,0.04987502098083496,0.950124979019165,0.04838922247290611,0.04838922247290611,-0.0798051580786705,0.0798051580786705,-0.3983488616060409,0.3983488616060409,0,-0.028996802866458893,0,0,-0.037062764167785645,0.037062764167785645,-0.2846957456778678,0.2846957456778678,-0.037062764167785645,0.037062764167785645,-0.35368037340156167,0.35368037340156167,0,0,0,0,0,1,0,0,0,0,1,0,0,0,0,0,0,0,0,0,0,0,0,0,0,0,0,0,0,0,0,0,0,1,0,0,0,0,0,0,0,0,0,0,0,0,0,0,0,0,0,00-0022121,R.Grossman,NA,00-0021163,J.Gaffney,NA,NA,NA,NA,NA,NA,NA,NA,NA,NA,NA,NA,00-0027835,K.Coleman,NA,NA,NA,NA,NA,NA,NA,NA,NA,NA,NA,NA,NA,NA,NA,NA,NA,NA,NA,NA,NA,NA,NA,NA,NA,NA,NA,NA,NA,NA,NA,NA,NA,NA,NA,NA,NA,NA,NA,NA,NA,NA,NA,NA,NA,NA,NA,NA,NA,NA,0,NA,NA,NA,NA,NA,NA,00-0027835,K.Coleman,NA,NA,NA,NA,NA,NA,NA,NA,NA,NA,NA,NA,NA,NA,NA,NA,NA,NA,NA,NA,NA,NA,PHI,1,NA,NA,NA,NA,0,NA,NA,0,0,0,0,NA,NA,2011,0.3038495182991028,-30.38495182991028,42,0,Turnover,3078,"10/16/11, 13:03:12",2011-10-16T19:18:31Z,Commanders Field,"Sunny Temp: 68° F, Humidity: 26%, Wind: WSW 7 mph",10012011-1016-039d-ee8c-bc7446e5f587,0,0,INTERCEPTION,0,NA,NA,NA,18,Turnover,2011-10-16T19:16:15Z,3,0:57,1,0,0,3,3,5,DOWNS,INTERCEPTION,03:07,02:10,WAS 33,WAS 39,2979,3078,20,13,Home,-7,33,-3,46.5,1,outdoors,grass,68,7,Mike Shanahan,Andy Reid,WAS00,FedExField,0,0,R.Grossman,8,NA,NA,J.Gaffney,10,1,0,0,0,1,00-0022121,NA,00-0021163,R.Grossman,8,00-0022121,J.Gaffney,00-0021163,J.Gaffney,00-0021163,1,0,-1.708770059980452,0.6804340907905027,8.495359527762048,4,1,1,0.9841140508651733,1.588594913482666,2011,Go for it,NA,NA,NA,NA,NA,NA,NA,NA,NA,NA,Punt,Go for it,Andy Reid,Mike Shanahan,2:20,NA,NA,NA,NA,NA,NA,NA,NA,NA,NA
3104,2011_06_PHI_WAS,2011101603,WAS,PHI,REG,6,PHI,away,WAS,PHI,69,2011-10-16,130,1030,1030,Half2,0,19,0,3,1,0,02:10,PHI 31,10,3,(2:10) 7-M.Vick pass short right to 87-B.Celek to PHI 36 for 5 yards (23-D.Hall; 59-L.Fletcher).,pass,5,0,0,1,0,0,0,short,right,1,4,NA,NA,NA,NA,NA,NA,3,3,0,NA,NA,NA,NA,3,3,6,20,20,6,14,20,6,14,0.04177885130047798,0.1472337543964386,0.0032823781948536634,0.24408796429634094,0.23160402476787567,0.002808332908898592,0.32920464873313904,0,0,0.8479795115999877,0.1703962329775095,-18.89700005338227,18.89700005338227,-6.943423685675953,6.943423685675953,-15.598492219109788,15.598492219109788,-0.36190170980989933,0.5322979427874088,-0.36190170980989933,0.5322979427874088,-13.706632374378387,13.706632374378387,-1.3020062311552465,1.3020062311552465,-9.353213093825616,9.353213093825616,-6.239832313144541,6.239832313144541,0.950124979019165,0.04987502098083496,0.04987502098083496,0.950124979019165,7.471442222595215e-4,0.0020149946212768555,-0.0020149946212768555,0.04912787675857544,0.9508721232414246,0.9678792953491211,0.032120704650878906,-0.0798051580786705,0.0798051580786705,-0.3990960058283004,0.3990960058283004,0,7.471442222595215e-4,0,7.471442222595215e-4,-0.037062764167785645,0.037062764167785645,-0.28544288990012734,0.28544288990012734,-0.037062764167785645,0.037062764167785645,-0.3544275176238212,0.3544275176238212,0,0,0,0,0,0,0,0,0,0,0,0,0,0,0,0,0,0,0,0,0,0,0,0,0,0,0,0,0,0,0,0,0,1,0,0,0,0,0,0,0,0,0,0,0,1,1,0,0,0,0,00-0020245,M.Vick,5,00-0025549,B.Celek,5,NA,NA,NA,NA,NA,NA,NA,NA,NA,NA,NA,NA,NA,NA,NA,NA,NA,NA,NA,NA,NA,NA,NA,NA,NA,NA,NA,NA,NA,NA,NA,NA,NA,NA,NA,NA,NA,NA,NA,NA,NA,NA,NA,NA,NA,NA,NA,NA,NA,NA,NA,00-0022923,D.Hall,WAS,00-0005322,L.Fletcher,WAS,NA,NA,NA,NA,NA,NA,0,NA,NA,NA,NA,NA,NA,NA,NA,NA,NA,NA,NA,NA,NA,NA,NA,NA,NA,NA,NA,NA,NA,NA,NA,NA,NA,NA,NA,NA,NA,NA,0,NA,NA,NA,NA,0,NA,NA,0,0,0,0,NA,NA,2011,0.7774301171302795,22.256988286972046,43,0,Punt,3104,"10/16/11, 13:03:12",2011-10-16T19:19:28Z,Commanders Field,"Sunny Temp: 68° F, Humidity: 26%, Wind: WSW 7 mph",10012011-1016-039d-ee8c-bc7446e5f587,0,0,PASS,0,NA,NA,NA,19,Punt,2011-10-16T19:19:28Z,3,2:20,0,0,0,3,4,-5,INTERCEPTION,PUNT,02:10,14:50,PHI 31,PHI 34,3104,3207,20,13,Home,-7,33,-3,46.5,1,outdoors,grass,68,7,Mike Shanahan,Andy Reid,WAS00,FedExField,0,1,M.Vick,7,NA,NA,B.Celek,87,1,0,0,0,1,00-0020245,NA,00-0025549,M.Vick,7,00-0020245,B.Celek,00-0025549,B.Celek,00-0025549,0,0,0.1703962329775095,0.6546471639954117,6.088145565590821,5,0.5956597606418654,0.2260597551940009,0.39135074615478516,60.864925384521484,2011,Go for it,NA,NA,NA,NA,NA,NA,NA,NA,NA,NA,Punt,Go for it,Andy Reid,Mike Shanahan,2:10,NA,NA,NA,NA,NA,NA,NA,NA,NA,NA
3128,2011_06_PHI_WAS,2011101603,WAS,PHI,REG,6,PHI,away,WAS,PHI,64,2011-10-16,91,991,991,Half2,0,19,0,3,2,0,01:31,PHI 36,5,3,(1:31) 7-M.Vick sacked at PHI 30 for -6 yards (sack split by 20-O.Atogwe and 64-K.Golston).,pass,-6,0,0,1,0,0,0,NA,NA,NA,NA,NA,NA,NA,NA,NA,NA,3,3,0,NA,NA,NA,NA,3,3,6,20,20,6,14,20,6,14,0.0450565367937088,0.14015455543994904,0.002672609407454729,0.23512420058250427,0.23283430933952332,0.003510697977617383,0.3406471014022827,0,0,1.0183757445774972,-1.5529979742132127,-17.34400207916906,17.34400207916906,-6.943423685675953,6.943423685675953,-14.045494244896576,14.045494244896576,NA,NA,0,0,-13.706632374378387,13.706632374378387,-1.3020062311552465,1.3020062311552465,-9.353213093825616,9.353213093825616,-6.239832313144541,6.239832313144541,0.9508721232414246,0.04912787675857544,0.04912787675857544,0.9508721232414246,-0.0171089768409729,-0.008818268775939941,0.008818268775939941,0.06623685359954834,0.9337631464004517,0.969894289970398,0.03010571002960205,-0.0798051580786705,0.0798051580786705,-0.3819870289873275,0.3819870289873275,NA,NA,0,0,-0.037062764167785645,0.037062764167785645,-0.28544288990012734,0.28544288990012734,-0.037062764167785645,0.037062764167785645,-0.3544275176238212,0.3544275176238212,0,0,0,0,0,0,0,0,0,0,0,0,0,0,0,0,0,0,0,0,0,0,0,0,0,0,0,0,0,0,0,1,0,1,1,0,0,0,0,0,0,0,0,0,0,0,1,0,0,0,0,00-0020245,M.Vick,NA,NA,NA,NA,NA,NA,NA,NA,NA,NA,NA,NA,NA,NA,NA,NA,NA,NA,NA,NA,NA,NA,NA,NA,NA,NA,NA,NA,NA,NA,NA,NA,NA,NA,NA,NA,NA,NA,NA,00-0023501,O.Atogwe,00-0024410,K.Golston,NA,NA,NA,NA,NA,NA,NA,NA,NA,NA,NA,NA,00-0023501,O.Atogwe,WAS,00-0024410,K.Golston,WAS,NA,NA,NA,NA,NA,NA,0,NA,NA,NA,NA,NA,NA,NA,NA,NA,NA,NA,NA,NA,NA,NA,NA,NA,NA,NA,NA,NA,NA,NA,NA,NA,NA,00-0023501,O.Atogwe,00-0024410,K.Golston,NA,0,NA,NA,NA,NA,0,NA,NA,0,0,0,0,NA,NA,2011,NA,NA,43,0,Punt,3128,"10/16/11, 13:03:12",2011-10-16T19:20:08Z,Commanders Field,"Sunny Temp: 68° F, Humidity: 26%, Wind: WSW 7 mph",10012011-1016-039d-ee8c-bc7446e5f587,0,0,SACK,0,NA,NA,NA,19,Punt,2011-10-16T19:19:28Z,3,2:20,0,0,0,3,4,-5,INTERCEPTION,PUNT,02:10,14:50,PHI 31,PHI 34,3104,3207,20,13,Home,-7,33,-3,46.5,1,outdoors,grass,68,7,Mike Shanahan,Andy Reid,WAS00,FedExField,0,0,M.Vick,7,NA,NA,NA,NA,1,0,0,0,1,00-0020245,NA,NA,M.Vick,7,00-0020245,NA,NA,NA,NA,0,0,-1.5529979742132127,NA,NA,NA,NA,NA,0.3888194262981415,61.11805737018585,2011,Go for it,NA,NA,NA,NA,NA,NA,NA,NA,NA,NA,Punt,Go for it,Andy Reid,Mike Shanahan,1:31,NA,NA,NA,NA,NA,NA,NA,NA,NA,NA
3147,2011_06_PHI_WAS,2011101603,WAS,PHI,REG,6,PHI,away,WAS,PHI,70,2011-10-16,91,991,991,Half2,0,19,0,3,3,0,01:31,PHI 30,11,3,"(1:31) (Shotgun) PENALTY on PHI-7-M.Vick, Delay of Game, 5 yards, enforced at PHI 30 - No Play.",no_play,0,1,0,0,0,0,0,NA,NA,NA,NA,NA,NA,NA,NA,NA,NA,3,3,0,NA,NA,NA,NA,3,3,6,20,20,6,14,20,6,14,0.04669004678726196,0.19752924144268036,0.004931780509650707,0.32029932737350464,0.17245237529277802,0.002822636626660824,0.25527456402778625,0,0,-0.5346222296357155,-0.46233515813946724,-16.88166692102959,16.88166692102959,-6.943423685675953,6.943423685675953,-14.045494244896576,14.045494244896576,NA,NA,0,0,-13.706632374378387,13.706632374378387,-1.3020062311552465,1.3020062311552465,-9.353213093825616,9.353213093825616,-6.239832313144541,6.239832313144541,0.9337631464004517,0.06623685359954834,0.06623685359954834,0.9337631464004517,0.005115330219268799,-0.004187643527984619,0.004187643527984619,0.06112152338027954,0.9388784766197205,0.961076021194458,0.03892397880554199,-0.0798051580786705,0.0798051580786705,-0.3819870289873275,0.3819870289873275,NA,NA,0,0,-0.037062764167785645,0.037062764167785645,-0.28544288990012734,0.28544288990012734,-0.037062764167785645,0.037062764167785645,-0.3544275176238212,0.3544275176238212,0,0,0,0,0,0,0,0,0,0,0,0,0,0,0,0,0,0,0,0,0,0,0,0,0,0,1,0,0,0,0,0,0,0,0,0,0,0,0,0,0,0,0,0,0,0,0,0,0,0,0,NA,NA,NA,NA,NA,NA,NA,NA,NA,NA,NA,NA,NA,NA,NA,NA,NA,NA,NA,NA,NA,NA,NA,NA,NA,NA,NA,NA,NA,NA,NA,NA,NA,NA,NA,NA,NA,NA,NA,NA,NA,NA,NA,NA,NA,NA,NA,NA,NA,NA,NA,NA,NA,NA,NA,NA,NA,NA,NA,NA,NA,NA,NA,NA,NA,NA,NA,NA,NA,0,NA,NA,NA,NA,NA,NA,NA,NA,NA,NA,NA,NA,NA,NA,NA,NA,NA,NA,NA,NA,NA,NA,NA,NA,NA,NA,NA,NA,NA,NA,NA,0,PHI,00-0020245,M.Vick,5,0,NA,Delay of Game,0,0,0,0,NA,NA,2011,NA,NA,43,0,Punt,3147,"10/16/11, 13:03:12",NA,Commanders Field,"Sunny Temp: 68° F, Humidity: 26%, Wind: WSW 7 mph",10012011-1016-039d-ee8c-bc7446e5f587,0,0,PENALTY,0,NA,NA,NA,19,Punt,2011-10-16T19:19:28Z,3,2:20,0,0,0,3,4,-5,INTERCEPTION,PUNT,02:10,14:50,PHI 31,PHI 34,3104,3207,20,13,Home,-7,33,-3,46.5,1,outdoors,grass,68,7,Mike Shanahan,Andy Reid,WAS00,FedExField,0,0,NA,NA,NA,NA,NA,NA,0,0,0,0,1,NA,NA,NA,NA,NA,NA,NA,NA,NA,NA,0,0,-0.46233515813946724,NA,NA,NA,NA,NA,0.952168345451355,NA,2011,Other,NA,NA,NA,NA,NA,NA,NA,NA,NA,NA,Punt,Other (Penalty),Andy Reid,Mike Shanahan,1:31,NA,NA,NA,NA,NA,NA,NA,NA,NA,NA
3170,2011_06_PHI_WAS,2011101603,WAS,PHI,REG,6,PHI,away,WAS,PHI,75,2011-10-16,25,925,925,Half2,0,19,0,3,3,0,00:25,PHI 25,16,3,"(:25) (Shotgun) 25-L.McCoy left end to PHI 34 for 9 yards (59-L.Fletcher, 52-R.McIntosh).",run,9,1,0,0,0,0,0,NA,NA,NA,NA,left,end,NA,NA,NA,NA,3,3,0,NA,NA,NA,NA,3,3,6,20,20,6,14,20,6,14,0.05302409082651138,0.21264807879924774,0.004970529582351446,0.3452287018299103,0.1515684276819229,0.003019507508724928,0.2295406460762024,0,0,-0.9969573877751827,-0.27814464224502444,-16.603522278784567,16.603522278784567,-6.665279043430928,6.665279043430928,-14.045494244896576,14.045494244896576,NA,NA,0,0,-13.706632374378387,13.706632374378387,-1.3020062311552465,1.3020062311552465,-9.353213093825616,9.353213093825616,-6.239832313144541,6.239832313144541,0.9388784766197205,0.06112152338027954,0.06112152338027954,0.9388784766197205,0.005809664726257324,0.009675741195678711,-0.009675741195678711,0.05531185865402222,0.9446881413459778,0.9568883776664734,0.04311162233352661,-0.08561482280492783,0.08561482280492783,-0.3819870289873275,0.3819870289873275,NA,NA,0,0,-0.037062764167785645,0.037062764167785645,-0.28544288990012734,0.28544288990012734,-0.037062764167785645,0.037062764167785645,-0.3544275176238212,0.3544275176238212,0,0,0,0,0,1,0,0,0,0,0,0,0,0,0,0,0,0,0,0,0,0,0,0,0,0,0,0,0,0,0,0,1,0,0,0,0,0,0,0,0,0,0,0,0,0,1,0,0,0,0,NA,NA,NA,NA,NA,NA,00-0027029,L.McCoy,9,NA,NA,NA,NA,NA,NA,NA,NA,NA,NA,NA,NA,NA,NA,NA,NA,NA,NA,NA,NA,NA,NA,NA,NA,NA,NA,NA,NA,NA,NA,NA,NA,NA,NA,NA,NA,NA,NA,NA,NA,NA,NA,NA,NA,NA,NA,NA,NA,00-0024250,R.McIntosh,WAS,NA,NA,NA,NA,NA,NA,NA,NA,NA,1,00-0005322,L.Fletcher,WAS,NA,NA,NA,NA,NA,NA,NA,NA,NA,NA,NA,NA,NA,NA,NA,NA,NA,NA,NA,NA,NA,NA,NA,NA,NA,NA,NA,NA,0,NA,NA,NA,NA,0,NA,NA,0,0,0,0,NA,NA,2011,NA,NA,43,0,Punt,3170,"10/16/11, 13:03:12",2011-10-16T19:21:39Z,Commanders Field,"Sunny Temp: 68° F, Humidity: 26%, Wind: WSW 7 mph",10012011-1016-039d-ee8c-bc7446e5f587,0,0,RUSH,0,NA,NA,NA,19,Punt,2011-10-16T19:19:28Z,3,2:20,0,0,0,3,4,-5,INTERCEPTION,PUNT,02:10,14:50,PHI 31,PHI 34,3104,3207,20,13,Home,-7,33,-3,46.5,1,outdoors,grass,68,7,Mike Shanahan,Andy Reid,WAS00,FedExField,0,0,NA,NA,L.McCoy,25,NA,NA,0,1,0,0,1,NA,00-0027029,NA,L.McCoy,25,00-0027029,L.McCoy,00-0027029,L.McCoy,00-0027029,0,0,-0.27814464224502444,NA,NA,NA,NA,NA,0.8311677575111389,-83.11677575111389,2011,Go for it,NA,NA,NA,NA,NA,NA,NA,NA,NA,NA,Punt,Go for it,Andy Reid,Mike Shanahan,0:25,NA,NA,NA,NA,NA,NA,NA,NA,NA,NA
3191,2011_06_PHI_WAS,2011101603,WAS,PHI,REG,6,PHI,away,WAS,NA,NA,2011-10-16,0,900,900,Half2,1,19,0,3,NA,0,00:00,PHI 34,0,3,END QUARTER 3,NA,NA,0,0,NA,0,0,0,NA,NA,NA,NA,NA,NA,NA,NA,NA,NA,3,3,NA,NA,NA,NA,NA,3,3,6,20,20,6,14,20,6,14,0,0,0,0,0,0,0,0,0,-1.2751020300202072,-0,-16.603522278784567,16.603522278784567,-6.665279043430928,6.665279043430928,-14.045494244896576,14.045494244896576,NA,NA,NA,NA,-13.706632374378387,13.706632374378387,-1.3020062311552465,1.3020062311552465,-9.353213093825616,9.353213093825616,-6.239832313144541,6.239832313144541,0.9446881413459778,0.05531185865402222,0.05531185865402222,0.9446881413459778,-0,-0,0,0.05531185865402222,0.9446881413459778,0.9665641188621521,0.0334358811378479,-0.08561482280492783,0.08561482280492783,-0.3819870289873275,0.3819870289873275,NA,NA,NA,NA,-0.037062764167785645,0.037062764167785645,-0.28544288990012734,0.28544288990012734,-0.037062764167785645,0.037062764167785645,-0.3544275176238212,0.3544275176238212,NA,NA,NA,NA,NA,NA,NA,NA,NA,0,NA,NA,NA,NA,NA,NA,NA,NA,NA,NA,NA,NA,NA,NA,NA,NA,NA,NA,NA,NA,NA,NA,NA,NA,NA,NA,NA,NA,NA,NA,NA,NA,NA,NA,NA,NA,NA,NA,NA,NA,NA,NA,NA,NA,NA,NA,NA,NA,NA,NA,NA,NA,NA,NA,NA,NA,NA,NA,NA,NA,NA,NA,NA,NA,NA,NA,NA,NA,NA,NA,NA,NA,NA,NA,NA,NA,NA,NA,NA,NA,NA,NA,NA,NA,NA,NA,NA,NA,NA,NA,NA,NA,NA,NA,NA,NA,NA,NA,NA,NA,NA,NA,NA,NA,NA,NA,NA,NA,NA,NA,NA,NA,NA,NA,NA,NA,NA,NA,NA,NA,NA,NA,NA,NA,NA,NA,NA,NA,NA,NA,NA,NA,NA,NA,NA,NA,NA,NA,NA,NA,NA,NA,NA,NA,NA,NA,NA,0,NA,NA,NA,NA,NA,NA,NA,NA,2011,NA,NA,43,0,Punt,3191,"10/16/11, 13:03:12",NA,Commanders Field,"Sunny Temp: 68° F, Humidity: 26%, Wind: WSW 7 mph",10012011-1016-039d-ee8c-bc7446e5f587,0,0,END_QUARTER,0,NA,NA,NA,19,Punt,2011-10-16T19:19:28Z,3,2:20,0,0,0,3,4,-5,INTERCEPTION,PUNT,02:10,14:50,PHI 31,PHI 34,3104,3207,20,13,Home,-7,33,-3,46.5,1,outdoors,grass,68,7,Mike Shanahan,Andy Reid,WAS00,FedExField,0,0,NA,NA,NA,NA,NA,NA,0,0,NA,0,0,NA,NA,NA,NA,NA,NA,NA,NA,NA,NA,0,0,-0,NA,NA,NA,NA,NA,NA,NA,2011,Other,NA,NA,NA,NA,NA,NA,NA,NA,NA,NA,Punt,NA,Andy Reid,Mike Shanahan,0:00,NA,NA,NA,NA,NA,NA,NA,NA,NA,NA
3207,2011_06_PHI_WAS,2011101603,WAS,PHI,REG,6,PHI,away,WAS,PHI,66,2011-10-16,900,900,900,Half2,0,19,0,4,4,0,15:00,PHI 34,7,3,"(15:00) 8-C.Henry punts 35 yards to WAS 31, Center-46-J.Dorenbos. 16-B.Banks to WAS 33 for 2 yards (56-A.Jordan).",punt,0,0,0,0,0,0,0,NA,NA,NA,NA,NA,NA,NA,35,NA,NA,3,3,0,NA,NA,NA,NA,3,3,6,20,20,6,14,20,6,14,0.061651911586523056,0.2198117971420288,0.004217976238578558,0.3575398325920105,0.14646942913532257,0.003204736625775695,0.20710434019565582,0,0,-1.2751020300202072,-0.3334995387122035,-16.270022740072363,16.270022740072363,-6.665279043430928,6.665279043430928,-14.045494244896576,14.045494244896576,NA,NA,0,0,-13.706632374378387,13.706632374378387,-1.3020062311552465,1.3020062311552465,-9.353213093825616,9.353213093825616,-6.239832313144541,6.239832313144541,0.9446881413459778,0.05531185865402222,0.05531185865402222,0.9446881413459778,-0.03748220205307007,-0.01712726429104805,0.01712726429104805,0.09279406070709229,0.9072059392929077,0.9665641188621521,0.0334358811378479,-0.08561482280492783,0.08561482280492783,-0.3819870289873275,0.3819870289873275,NA,NA,0,0,-0.037062764167785645,0.037062764167785645,-0.28544288990012734,0.28544288990012734,-0.037062764167785645,0.037062764167785645,-0.3544275176238212,0.3544275176238212,0,0,0,0,0,0,0,0,0,0,0,0,0,0,0,0,0,0,0,0,0,0,0,0,1,0,0,0,0,0,0,0,0,0,0,0,0,0,0,0,0,0,0,1,0,0,0,0,0,0,0,NA,NA,NA,NA,NA,NA,NA,NA,NA,NA,NA,NA,NA,NA,NA,NA,NA,NA,NA,NA,NA,00-0027618,B.Banks,NA,NA,NA,NA,NA,NA,00-0028427,C.Henry,NA,NA,NA,NA,NA,NA,NA,NA,NA,NA,NA,NA,NA,NA,NA,NA,NA,NA,NA,NA,PHI,NA,00-0025719,NA,A.Jordan,NA,NA,NA,NA,NA,NA,NA,NA,NA,NA,NA,NA,NA,0,NA,NA,NA,NA,NA,NA,NA,NA,NA,NA,NA,NA,NA,NA,NA,NA,NA,NA,NA,NA,NA,NA,NA,NA,NA,NA,NA,NA,NA,NA,WAS,2,NA,NA,NA,NA,0,NA,NA,0,0,0,0,NA,NA,2011,NA,NA,43,0,Punt,3207,"10/16/11, 13:03:12",2011-10-16T19:24:20Z,Commanders Field,"Sunny Temp: 68° F, Humidity: 26%, Wind: WSW 7 mph",10012011-1016-039d-ee8c-bc7446e5f587,0,0,PUNT,1,NA,NA,NA,19,Punt,2011-10-16T19:19:28Z,3,2:20,0,0,0,3,4,-5,INTERCEPTION,PUNT,02:10,14:50,PHI 31,PHI 34,3104,3207,20,13,Home,-7,33,-3,46.5,1,outdoors,grass,68,7,Mike Shanahan,Andy Reid,WAS00,FedExField,0,0,NA,NA,NA,NA,NA,NA,0,0,0,1,0,NA,NA,NA,NA,NA,NA,NA,NA,NA,NA,0,0,-0.3334995387122035,NA,NA,NA,NA,NA,NA,NA,2011,Punt,-5.6315585813501485,0.2757768439259962,0.9945563822423387,0.7884257315495758,0.9377103181732654,0,0.9940259039867669,0.9981928708584746,0.9940259039867669,0.9914145570983316,Field Goal,Punt,Andy Reid,Mike Shanahan,15:00,0,0,94,28,99,79,99,99,100,99
3232,2011_06_PHI_WAS,2011101603,WAS,PHI,REG,6,WAS,home,PHI,WAS,67,2011-10-16,890,890,890,Half2,0,20,0,4,1,0,14:50,WAS 33,10,29,(14:50) 12-J.Beck pass short left to 83-F.Davis pushed ob at WAS 44 for 11 yards (42-K.Coleman).,pass,11,0,0,1,0,0,0,short,left,-4,15,NA,NA,NA,NA,NA,NA,3,3,0,NA,NA,NA,NA,3,3,6,20,6,20,-14,6,20,-14,0.06475744396448135,0.1333441138267517,0.0021410987246781588,0.1882115602493286,0.2332947850227356,0.003448838833719492,0.3748021423816681,0,0,1.6086015687324107,0.6843027104623616,-15.58572002961,15.58572002961,-6.665279043430928,6.665279043430928,-13.361191534434214,13.361191534434214,-0.9861061456613243,1.6704088561236858,-0.9861061456613243,1.6704088561236858,-14.692738520039711,14.692738520039711,0.36840262496843934,-0.36840262496843934,-10.33931923948694,10.33931923948694,-4.569423457020855,4.569423457020855,0.09279406070709229,0.9072059392929077,0.09279406070709229,0.9072059392929077,-0.008703716099262238,0.010215073823928833,0.010215073823928833,0.08409034460783005,0.91590965539217,0.05056314542889595,0.05056314542889595,-0.08561482280492783,0.08561482280492783,-0.39069074508658974,0.39069074508658974,0,-0.008703716099262238,0,-0.008703716099262238,-0.037062764167785645,0.037062764167785645,-0.2941466059993896,0.2941466059993896,-0.037062764167785645,0.037062764167785645,-0.3631312337230834,0.3631312337230834,0,0,1,0,0,0,0,0,0,0,0,0,0,0,0,0,0,0,0,0,0,0,0,0,1,0,0,0,0,0,0,0,0,1,0,0,0,0,0,0,0,0,0,0,0,1,0,0,0,0,0,00-0025427,J.Beck,11,00-0026188,F.Davis,11,NA,NA,NA,NA,NA,NA,NA,NA,NA,NA,NA,NA,NA,NA,NA,NA,NA,NA,NA,NA,NA,NA,NA,NA,NA,NA,NA,NA,NA,NA,NA,NA,NA,NA,NA,NA,NA,NA,NA,NA,NA,NA,NA,NA,NA,PHI,NA,00-0027835,NA,K.Coleman,NA,NA,NA,NA,NA,NA,NA,NA,NA,NA,NA,NA,NA,0,NA,NA,NA,NA,NA,NA,NA,NA,NA,NA,NA,NA,NA,NA,NA,NA,NA,NA,NA,NA,NA,NA,NA,NA,NA,NA,NA,NA,NA,NA,NA,0,NA,NA,NA,NA,0,NA,NA,0,0,0,0,NA,NA,2011,0.8425986766815186,15.740132331848145,44,1,First down,3232,"10/16/11, 13:03:12",2011-10-16T19:25:08Z,Commanders Field,"Sunny Temp: 68° F, Humidity: 26%, Wind: WSW 7 mph",10012011-1016-039d-ee8c-bc7446e5f587,0,0,PASS,0,NA,NA,NA,20,Punt,2011-10-16T19:25:08Z,9,4:00,3,0,0,4,4,-20,PUNT,PUNT,14:50,10:50,WAS 33,PHI 38,3232,3571,20,13,Home,-7,33,-3,46.5,1,outdoors,grass,68,7,Mike Shanahan,Andy Reid,WAS00,FedExField,0,1,J.Beck,12,NA,NA,F.Davis,83,1,0,1,0,1,00-0025427,NA,00-0026188,J.Beck,12,00-0025427,F.Davis,00-0026188,F.Davis,00-0026188,1,0,0.6843027104623616,1.121318982049026,10.619135167573404,9,0.5413912054500543,0.24546473514055833,0.6636870503425598,33.63129496574402,2011,Go for it,NA,NA,NA,NA,NA,NA,NA,NA,NA,NA,Punt,Go for it,Andy Reid,Mike Shanahan,14:50,NA,NA,NA,NA,NA,NA,NA,NA,NA,NA
3263,2011_06_PHI_WAS,2011101603,WAS,PHI,REG,6,WAS,home,PHI,WAS,56,2011-10-16,852,852,852,Half2,0,20,0,4,1,0,14:12,WAS 44,10,29,(14:12) 12-J.Beck pass incomplete deep left to 83-F.Davis [93-J.Babin].,pass,0,0,0,1,0,0,0,deep,left,16,NA,NA,NA,NA,NA,NA,NA,3,3,0,NA,NA,NA,NA,3,3,6,20,6,20,-14,6,20,-14,0.05999578535556793,0.10780629515647888,0.0015874998643994331,0.1523786336183548,0.2605360448360443,0.0038659204728901386,0.4138298034667969,0,0,2.2929042791947722,-0.4400878921151161,-16.025807921725118,16.025807921725118,-6.665279043430928,6.665279043430928,-13.80127942654933,13.80127942654933,0.940751644782722,-1.3808395368978381,0,0,-14.692738520039711,14.692738520039711,0.36840262496843934,-0.36840262496843934,-9.398567594704218,9.398567594704218,-5.9502629939186935,5.9502629939186935,0.08409034460783005,0.91590965539217,0.08409034460783005,0.91590965539217,-0.011901400983333588,-0.004955943673849106,-0.004955943673849106,0.07218894362449646,0.9278110563755035,0.06077821925282478,0.06077821925282478,-0.08561482280492783,0.08561482280492783,-0.40259214606992333,0.40259214606992333,0,-0.011901400983333588,0,0,-0.037062764167785645,0.037062764167785645,-0.2941466059993896,0.2941466059993896,-0.037062764167785645,0.037062764167785645,-0.375032634706417,0.375032634706417,0,0,0,0,0,0,0,0,1,0,0,0,0,0,0,0,0,0,0,0,0,0,0,0,0,0,0,0,0,0,0,1,0,1,0,0,0,0,0,0,0,0,0,0,0,0,0,0,0,0,0,00-0025427,J.Beck,NA,00-0026188,F.Davis,NA,NA,NA,NA,NA,NA,NA,NA,NA,NA,NA,NA,NA,NA,NA,NA,NA,NA,NA,NA,NA,NA,NA,NA,NA,NA,NA,NA,NA,NA,NA,NA,NA,NA,NA,NA,00-0022695,J.Babin,NA,NA,NA,NA,NA,NA,NA,NA,NA,NA,NA,NA,NA,NA,NA,NA,NA,NA,NA,NA,NA,NA,NA,NA,NA,NA,0,NA,NA,NA,NA,NA,NA,NA,NA,NA,NA,NA,NA,NA,NA,NA,NA,NA,NA,NA,NA,NA,NA,NA,NA,NA,NA,NA,NA,NA,NA,NA,0,NA,NA,NA,NA,0,NA,NA,0,0,0,0,NA,NA,2011,0.37851661443710327,-37.85166144371033,45,1,First down,3263,"10/16/11, 13:03:12",2011-10-16T19:25:57Z,Commanders Field,"Sunny Temp: 68° F, Humidity: 26%, Wind: WSW 7 mph",10012011-1016-039d-ee8c-bc7446e5f587,0,0,PASS,0,NA,NA,NA,20,Punt,2011-10-16T19:25:08Z,9,4:00,3,0,0,4,4,-20,PUNT,PUNT,14:50,10:50,WAS 33,PHI 38,3232,3571,20,13,Home,-7,33,-3,46.5,1,outdoors,grass,68,7,Mike Shanahan,Andy Reid,WAS00,FedExField,0,0,J.Beck,12,NA,NA,F.Davis,83,1,0,0,0,1,00-0025427,NA,00-0026188,J.Beck,12,00-0025427,F.Davis,00-0026188,F.Davis,00-0026188,0,0,-0.4400878921151161,0.24993362360383342,3.593484136275947,1,1,1,0.6791955232620239,32.08044767379761,2011,Go for it,NA,NA,NA,NA,NA,NA,NA,NA,NA,NA,Punt,Go for it,Andy Reid,Mike Shanahan,14:12,NA,NA,NA,NA,NA,NA,NA,NA,NA,NA
3285,2011_06_PHI_WAS,2011101603,WAS,PHI,REG,6,WAS,home,PHI,WAS,56,2011-10-16,845,845,845,Half2,0,20,0,4,2,0,14:05,WAS 44,10,29,(14:05) 12-J.Beck scrambles right end to PHI 44 for 12 yards (93-J.Babin).,run,12,0,0,1,0,0,1,NA,NA,NA,NA,right,end,NA,NA,NA,NA,3,3,0,NA,NA,NA,NA,3,3,6,20,6,20,-14,6,20,-14,0.06915906816720963,0.120981365442276,0.0017278851009905338,0.17408159375190735,0.24480628967285156,0.004267645999789238,0.38497617840766907,0,0,1.8528163870796561,1.0044888055417687,-15.021319116183347,15.021319116183347,-5.6607902378891595,5.6607902378891595,-13.80127942654933,13.80127942654933,NA,NA,0,0,-14.692738520039711,14.692738520039711,0.36840262496843934,-0.36840262496843934,-9.398567594704218,9.398567594704218,-5.9502629939186935,5.9502629939186935,0.07218894362449646,0.9278110563755035,0.07218894362449646,0.9278110563755035,0.02707483619451523,0.008216112852096558,0.008216112852096558,0.09926377981901169,0.9007362201809883,0.05582227557897568,0.05582227557897568,-0.0585399866104126,0.0585399866104126,-0.40259214606992333,0.40259214606992333,NA,NA,0,0,-0.037062764167785645,0.037062764167785645,-0.2941466059993896,0.2941466059993896,-0.037062764167785645,0.037062764167785645,-0.375032634706417,0.375032634706417,0,1,0,0,0,0,0,0,0,0,0,0,0,0,0,0,0,0,0,0,0,0,0,0,1,0,0,0,0,0,0,0,1,0,0,0,0,0,0,0,0,0,0,0,0,0,0,0,0,0,0,NA,NA,NA,NA,NA,NA,00-0025427,J.Beck,12,NA,NA,NA,NA,NA,NA,NA,NA,NA,NA,NA,NA,NA,NA,NA,NA,NA,NA,NA,NA,NA,NA,NA,NA,NA,NA,NA,NA,NA,NA,NA,NA,NA,NA,NA,NA,NA,NA,NA,NA,NA,NA,PHI,NA,00-0022695,NA,J.Babin,NA,NA,NA,NA,NA,NA,NA,NA,NA,NA,NA,NA,NA,0,NA,NA,NA,NA,NA,NA,NA,NA,NA,NA,NA,NA,NA,NA,NA,NA,NA,NA,NA,NA,NA,NA,NA,NA,NA,NA,NA,NA,NA,NA,NA,0,NA,NA,NA,NA,0,NA,NA,0,0,0,0,NA,NA,2011,NA,NA,45,1,First down,3285,"10/16/11, 13:03:12",2011-10-16T19:26:43Z,Commanders Field,"Sunny Temp: 68° F, Humidity: 26%, Wind: WSW 7 mph",10012011-1016-039d-ee8c-bc7446e5f587,0,0,RUSH,0,NA,NA,NA,20,Punt,2011-10-16T19:25:08Z,9,4:00,3,0,0,4,4,-20,PUNT,PUNT,14:50,10:50,WAS 33,PHI 38,3232,3571,20,13,Home,-7,33,-3,46.5,1,outdoors,grass,68,7,Mike Shanahan,Andy Reid,WAS00,FedExField,0,1,J.Beck,12,NA,12,NA,NA,1,0,1,0,1,00-0025427,NA,NA,J.Beck,12,00-0025427,J.Beck,00-0025427,J.Beck,00-0025427,0,0,1.0044888055417687,NA,NA,NA,NA,NA,0.7831199169158936,21.688008308410645,2011,Go for it,NA,NA,NA,NA,NA,NA,NA,NA,NA,NA,Punt,Go for it,Andy Reid,Mike Shanahan,14:05,NA,NA,NA,NA,NA,NA,NA,NA,NA,NA
3306,2011_06_PHI_WAS,2011101603,WAS,PHI,REG,6,NA,NA,NA,NA,NA,2011-10-16,797,797,797,Half2,0,20,0,4,NA,0,13:17,PHI 44,0,29,Timeout #1 by WAS at 13:17.,no_play,0,0,0,0,0,0,0,NA,NA,NA,NA,NA,NA,NA,NA,NA,NA,2,3,1,WAS,NA,NA,NA,NA,NA,6,20,NA,NA,NA,NA,NA,NA,0,0,0,0,0,0,0,0,0,2.857305192621425,0,-15.021319116183347,15.021319116183347,-5.6607902378891595,5.6607902378891595,-13.80127942654933,13.80127942654933,NA,NA,0,0,-14.692738520039711,14.692738520039711,0.36840262496843934,-0.36840262496843934,-9.398567594704218,9.398567594704218,-5.9502629939186935,5.9502629939186935,0.09926377981901169,0.9007362201809883,0.09926377981901169,0.9007362201809883,0,0,0,NA,NA,0.06403838843107224,0.06403838843107224,-0.0585399866104126,0.0585399866104126,-0.40259214606992333,0.40259214606992333,NA,NA,0,0,-0.037062764167785645,0.037062764167785645,-0.2941466059993896,0.2941466059993896,-0.037062764167785645,0.037062764167785645,-0.375032634706417,0.375032634706417,0,0,0,0,0,0,0,0,0,0,0,0,0,0,0,0,0,0,0,0,0,0,0,0,0,0,0,0,0,0,0,0,0,0,0,0,0,0,0,0,0,0,0,0,0,0,0,0,0,0,0,NA,NA,NA,NA,NA,NA,NA,NA,NA,NA,NA,NA,NA,NA,NA,NA,NA,NA,NA,NA,NA,NA,NA,NA,NA,NA,NA,NA,NA,NA,NA,NA,NA,NA,NA,NA,NA,NA,NA,NA,NA,NA,NA,NA,NA,NA,NA,NA,NA,NA,NA,NA,NA,NA,NA,NA,NA,NA,NA,NA,NA,NA,NA,NA,NA,NA,NA,NA,NA,0,NA,NA,NA,NA,NA,NA,NA,NA,NA,NA,NA,NA,NA,NA,NA,NA,NA,NA,NA,NA,NA,NA,NA,NA,NA,NA,NA,NA,NA,NA,NA,0,NA,NA,NA,NA,0,NA,NA,0,0,0,0,NA,NA,2011,NA,NA,46,1,First down,3306,"10/16/11, 13:03:12",2011-10-16T19:27:36Z,Commanders Field,"Sunny Temp: 68° F, Humidity: 26%, Wind: WSW 7 mph",10012011-1016-039d-ee8c-bc7446e5f587,0,0,TIMEOUT,0,NA,NA,NA,20,Punt,2011-10-16T19:25:08Z,9,4:00,3,0,0,4,4,-20,PUNT,PUNT,14:50,10:50,WAS 33,PHI 38,3232,3571,20,13,Home,-7,33,-3,46.5,1,outdoors,grass,68,7,Mike Shanahan,Andy Reid,WAS00,FedExField,0,0,NA,NA,NA,NA,NA,NA,0,0,0,0,0,NA,NA,NA,NA,NA,NA,NA,NA,NA,NA,0,0,0,NA,NA,NA,NA,NA,NA,NA,2011,Other,NA,NA,NA,NA,NA,NA,NA,NA,NA,NA,Punt,Other,Andy Reid,Mike Shanahan,13:17,NA,NA,NA,NA,NA,NA,NA,NA,NA,NA
3323,2011_06_PHI_WAS,2011101603,WAS,PHI,REG,6,WAS,home,PHI,PHI,44,2011-10-16,797,797,797,Half2,0,20,0,4,1,0,13:17,PHI 44,10,29,(13:17) 12-J.Beck pass incomplete deep left to 10-J.Gaffney.,pass,0,0,0,1,0,0,0,deep,left,20,NA,NA,NA,NA,NA,NA,NA,2,3,0,NA,NA,NA,NA,2,3,6,20,6,20,-14,6,20,-14,0.06446962058544159,0.07751994580030441,9.20989434234798e-4,0.11464790999889374,0.3171912133693695,0.006816746201366186,0.41843360662460327,0,0,2.857305192621425,-0.44512226548977196,-15.46644138167312,15.46644138167312,-5.6607902378891595,5.6607902378891595,-14.246401692039102,14.246401692039102,1.410647688433528,-1.8557699539233,0,0,-14.692738520039711,14.692738520039711,0.36840262496843934,-0.36840262496843934,-7.98791990627069,7.98791990627069,-7.806032947841993,7.806032947841993,0.09926377981901169,0.9007362201809883,0.09926377981901169,0.9007362201809883,-0.013848640024662018,-0.0074015334248542786,-0.0074015334248542786,0.08541513979434967,0.9145848602056503,0.06403838843107224,0.06403838843107224,-0.0585399866104126,0.0585399866104126,-0.41644078609458535,0.41644078609458535,0,-0.013848640024662018,0,0,-0.037062764167785645,0.037062764167785645,-0.2941466059993896,0.2941466059993896,-0.037062764167785645,0.037062764167785645,-0.38888127473107903,0.38888127473107903,0,0,0,0,0,0,0,0,1,0,0,0,0,0,0,0,0,0,0,0,0,0,0,0,0,0,0,0,0,0,0,0,0,1,0,0,0,0,0,0,0,0,0,0,0,0,0,0,0,0,0,00-0025427,J.Beck,NA,00-0021163,J.Gaffney,NA,NA,NA,NA,NA,NA,NA,NA,NA,NA,NA,NA,NA,NA,NA,NA,NA,NA,NA,NA,NA,NA,NA,NA,NA,NA,NA,NA,NA,NA,NA,NA,NA,NA,NA,NA,NA,NA,NA,NA,NA,NA,NA,NA,NA,NA,NA,NA,NA,NA,NA,NA,NA,NA,NA,NA,NA,NA,NA,NA,NA,NA,NA,NA,0,NA,NA,NA,NA,NA,NA,NA,NA,NA,NA,NA,NA,NA,NA,NA,NA,NA,NA,NA,NA,NA,NA,NA,NA,NA,NA,NA,NA,NA,NA,NA,0,NA,NA,NA,NA,0,NA,NA,0,0,0,0,NA,NA,2011,0.4560087323188782,-45.60087323188782,46,1,First down,3323,"10/16/11, 13:03:12",2011-10-16T19:29:42Z,Commanders Field,"Sunny Temp: 68° F, Humidity: 26%, Wind: WSW 7 mph",10012011-1016-039d-ee8c-bc7446e5f587,0,0,PASS,0,NA,NA,NA,20,Punt,2011-10-16T19:25:08Z,9,4:00,3,0,0,4,4,-20,PUNT,PUNT,14:50,10:50,WAS 33,PHI 38,3232,3571,20,13,Home,-7,33,-3,46.5,1,outdoors,grass,68,7,Mike Shanahan,Andy Reid,WAS00,FedExField,0,0,J.Beck,12,NA,NA,J.Gaffney,10,1,0,0,0,1,00-0025427,NA,00-0021163,J.Beck,12,00-0025427,J.Gaffney,00-0021163,J.Gaffney,00-0021163,0,0,-0.44512226548977196,0.2493971537802624,4.078091723262332,2,1,1,0.6915562152862549,30.84437847137451,2011,Go for it,NA,NA,NA,NA,NA,NA,NA,NA,NA,NA,Punt,Go for it,Andy Reid,Mike Shanahan,13:17,NA,NA,NA,NA,NA,NA,NA,NA,NA,NA
3345,2011_06_PHI_WAS,2011101603,WAS,PHI,REG,6,WAS,home,PHI,PHI,44,2011-10-16,797,797,797,Half2,0,20,0,4,2,0,13:17,PHI 44,10,29,"(13:17) (Shotgun) PENALTY on WAS-58-E.Cook, False Start, 5 yards, enforced at PHI 44 - No Play.",no_play,0,1,0,0,0,0,0,NA,NA,NA,NA,NA,NA,NA,NA,NA,NA,2,3,0,NA,NA,NA,NA,2,3,6,20,6,20,-14,6,20,-14,0.06777146458625793,0.09237635880708694,9.516146965324879e-4,0.13642540574073792,0.308075875043869,0.00776594178751111,0.38663336634635925,0,0,2.412182927131653,-0.6633095752913505,-16.12975095696447,16.12975095696447,-5.6607902378891595,5.6607902378891595,-14.246401692039102,14.246401692039102,NA,NA,0,0,-14.692738520039711,14.692738520039711,0.36840262496843934,-0.36840262496843934,-7.98791990627069,7.98791990627069,-7.806032947841993,7.806032947841993,0.08541513979434967,0.9145848602056503,0.08541513979434967,0.9145848602056503,-0.016728177666664124,-0.00436769425868988,-0.00436769425868988,0.06868696212768555,0.9313130378723145,0.05663685500621796,0.05663685500621796,-0.0585399866104126,0.0585399866104126,-0.41644078609458535,0.41644078609458535,NA,NA,0,0,-0.037062764167785645,0.037062764167785645,-0.2941466059993896,0.2941466059993896,-0.037062764167785645,0.037062764167785645,-0.38888127473107903,0.38888127473107903,0,0,0,0,0,0,0,0,0,0,0,0,0,0,0,0,0,0,0,0,0,0,0,0,0,0,1,0,0,0,0,0,0,0,0,0,0,0,0,0,0,0,0,0,0,0,0,0,0,0,0,NA,NA,NA,NA,NA,NA,NA,NA,NA,NA,NA,NA,NA,NA,NA,NA,NA,NA,NA,NA,NA,NA,NA,NA,NA,NA,NA,NA,NA,NA,NA,NA,NA,NA,NA,NA,NA,NA,NA,NA,NA,NA,NA,NA,NA,NA,NA,NA,NA,NA,NA,NA,NA,NA,NA,NA,NA,NA,NA,NA,NA,NA,NA,NA,NA,NA,NA,NA,NA,0,NA,NA,NA,NA,NA,NA,NA,NA,NA,NA,NA,NA,NA,NA,NA,NA,NA,NA,NA,NA,NA,NA,NA,NA,NA,NA,NA,NA,NA,NA,NA,0,WAS,00-0027821,E.Cook,5,0,NA,False Start,0,0,0,0,NA,NA,2011,NA,NA,46,1,First down,3345,"10/16/11, 13:03:12",NA,Commanders Field,"Sunny Temp: 68° F, Humidity: 26%, Wind: WSW 7 mph",10012011-1016-039d-ee8c-bc7446e5f587,0,0,PENALTY,0,NA,NA,NA,20,Punt,2011-10-16T19:25:08Z,9,4:00,3,0,0,4,4,-20,PUNT,PUNT,14:50,10:50,WAS 33,PHI 38,3232,3571,20,13,Home,-7,33,-3,46.5,1,outdoors,grass,68,7,Mike Shanahan,Andy Reid,WAS00,FedExField,0,0,NA,NA,NA,NA,NA,NA,0,0,0,0,1,NA,NA,NA,NA,NA,NA,NA,NA,NA,NA,0,0,-0.6633095752913505,NA,NA,NA,NA,NA,0.7451874017715454,NA,2011,Other,NA,NA,NA,NA,NA,NA,NA,NA,NA,NA,Punt,Other (Penalty),Andy Reid,Mike Shanahan,13:17,NA,NA,NA,NA,NA,NA,NA,NA,NA,NA
3368,2011_06_PHI_WAS,2011101603,WAS,PHI,REG,6,WAS,home,PHI,PHI,49,2011-10-16,791,791,791,Half2,0,20,0,4,2,0,13:11,PHI 49,15,29,(13:11) 12-J.Beck pass incomplete short middle to 83-F.Davis [91-T.Laws].,pass,0,0,0,1,0,0,0,short,middle,6,NA,NA,NA,NA,NA,NA,NA,2,3,0,NA,NA,NA,NA,2,3,6,20,6,20,-14,6,20,-14,0.07657703757286072,0.11334032565355301,0.0011803448433056474,0.17176662385463715,0.2793331444263458,0.009799120016396046,0.3480033874511719,0,0,1.7488733518403023,-0.9435008603613824,-17.073251817325854,17.073251817325854,-5.6607902378891595,5.6607902378891595,-15.189902552400484,15.189902552400484,-0.13259884505532682,-0.8109020153060555,0,0,-14.692738520039711,14.692738520039711,0.36840262496843934,-0.36840262496843934,-8.120518751326017,8.120518751326017,-8.616934963148049,8.616934963148049,0.06868696212768555,0.9313130378723145,0.06868696212768555,0.9313130378723145,-0.006992470473051071,-0.005888026207685471,-0.005888026207685471,0.061694491654634476,0.9383055083453655,0.052269160747528076,0.052269160747528076,-0.0585399866104126,0.0585399866104126,-0.4234332565676364,0.4234332565676364,0,-0.006992470473051071,0,0,-0.037062764167785645,0.037062764167785645,-0.2941466059993896,0.2941466059993896,-0.037062764167785645,0.037062764167785645,-0.3958737452041301,0.3958737452041301,0,0,0,0,0,0,0,0,1,0,0,0,0,0,0,0,0,0,0,0,0,0,0,0,0,0,0,0,0,0,0,1,0,1,0,0,0,0,0,0,0,0,0,0,0,0,0,0,0,0,0,00-0025427,J.Beck,NA,00-0026188,F.Davis,NA,NA,NA,NA,NA,NA,NA,NA,NA,NA,NA,NA,NA,NA,NA,NA,NA,NA,NA,NA,NA,NA,NA,NA,NA,NA,NA,NA,NA,NA,NA,NA,NA,NA,NA,NA,00-0026187,T.Laws,NA,NA,NA,NA,NA,NA,NA,NA,NA,NA,NA,NA,NA,NA,NA,NA,NA,NA,NA,NA,NA,NA,NA,NA,NA,NA,0,NA,NA,NA,NA,NA,NA,NA,NA,NA,NA,NA,NA,NA,NA,NA,NA,NA,NA,NA,NA,NA,NA,NA,NA,NA,NA,NA,NA,NA,NA,NA,0,NA,NA,NA,NA,0,NA,NA,0,0,0,0,NA,NA,2011,0.4860082268714905,-48.60082268714905,46,1,First down,3368,"10/16/11, 13:03:12",2011-10-16T19:31:02Z,Commanders Field,"Sunny Temp: 68° F, Humidity: 26%, Wind: WSW 7 mph",10012011-1016-039d-ee8c-bc7446e5f587,0,0,PASS,0,NA,NA,NA,20,Punt,2011-10-16T19:25:08Z,9,4:00,3,0,0,4,4,-20,PUNT,PUNT,14:50,10:50,WAS 33,PHI 38,3232,3571,20,13,Home,-7,33,-3,46.5,1,outdoors,grass,68,7,Mike Shanahan,Andy Reid,WAS00,FedExField,0,0,J.Beck,12,NA,NA,F.Davis,83,1,0,0,0,1,00-0025427,NA,00-0026188,J.Beck,12,00-0025427,F.Davis,00-0026188,F.Davis,00-0026188,0,0,-0.9435008603613824,0.6360688196691533,4.30209964630194,3,0.6365092298947275,0.13212111731991172,0.8879355788230896,11.20644211769104,2011,Go for it,NA,NA,NA,NA,NA,NA,NA,NA,NA,NA,Punt,Go for it,Andy Reid,Mike Shanahan,13:11,NA,NA,NA,NA,NA,NA,NA,NA,NA,NA
3390,2011_06_PHI_WAS,2011101603,WAS,PHI,REG,6,WAS,home,PHI,PHI,49,2011-10-16,788,788,788,Half2,0,20,0,4,3,0,13:08,PHI 49,15,29,"(13:08) 12-J.Beck pass deep middle to 89-S.Moss to PHI 26 for 23 yards (29-N.Allen, 42-K.Coleman).",pass,23,0,0,1,0,0,0,deep,middle,16,7,NA,NA,NA,NA,NA,NA,2,3,0,NA,NA,NA,NA,2,3,6,20,6,20,-14,6,20,-14,0.08407670259475708,0.14565391838550568,0.001299775205552578,0.22141015529632568,0.24567292630672455,0.011083959601819515,0.29080259799957275,0,0,0.80537249147892,3.2514357779873535,-13.821816039338499,13.821816039338499,-5.6607902378891595,5.6607902378891595,-11.938466774413131,11.938466774413131,2.7847731673391536,0.4666626106481999,2.7847731673391536,0.4666626106481999,-11.907965352700558,11.907965352700558,0.8350652356166393,-0.8350652356166393,-5.3357455839868635,5.3357455839868635,-8.150272352499849,8.150272352499849,0.061694491654634476,0.9383055083453655,0.061694491654634476,0.9383055083453655,0.0489317812025547,0.022877994924783707,0.022877994924783707,0.11062627285718918,0.8893737271428108,0.046381134539842606,0.046381134539842606,-0.0585399866104126,0.0585399866104126,-0.3745014753650817,0.3745014753650817,0,0.0489317812025547,0,0.0489317812025547,-0.037062764167785645,0.037062764167785645,-0.24521482479683487,0.24521482479683487,-0.037062764167785645,0.037062764167785645,-0.3469419640015754,0.3469419640015754,0,0,1,0,1,0,0,0,0,0,0,0,0,0,0,0,0,0,0,0,0,0,0,0,0,0,0,0,0,0,0,0,0,1,0,0,0,0,0,0,0,0,0,0,0,1,1,0,0,0,0,00-0025427,J.Beck,23,00-0020494,S.Moss,23,NA,NA,NA,NA,NA,NA,NA,NA,NA,NA,NA,NA,NA,NA,NA,NA,NA,NA,NA,NA,NA,NA,NA,NA,NA,NA,NA,NA,NA,NA,NA,NA,NA,NA,NA,NA,NA,NA,NA,NA,NA,NA,NA,NA,NA,NA,NA,NA,NA,NA,NA,00-0027835,K.Coleman,PHI,NA,NA,NA,NA,NA,NA,NA,NA,NA,1,00-0027652,N.Allen,PHI,NA,NA,NA,NA,NA,NA,NA,NA,NA,NA,NA,NA,NA,NA,NA,NA,NA,NA,NA,NA,NA,NA,NA,NA,NA,NA,NA,NA,0,NA,NA,NA,NA,0,NA,NA,0,0,0,0,NA,NA,2011,0.6065775156021118,39.34224843978882,46,1,First down,3390,"10/16/11, 13:03:12",2011-10-16T19:31:43Z,Commanders Field,"Sunny Temp: 68° F, Humidity: 26%, Wind: WSW 7 mph",10012011-1016-039d-ee8c-bc7446e5f587,0,0,PASS,0,NA,NA,NA,20,Punt,2011-10-16T19:25:08Z,9,4:00,3,0,0,4,4,-20,PUNT,PUNT,14:50,10:50,WAS 33,PHI 38,3232,3571,20,13,Home,-7,33,-3,46.5,1,outdoors,grass,68,7,Mike Shanahan,Andy Reid,WAS00,FedExField,0,1,J.Beck,12,NA,NA,S.Moss,89,1,0,1,0,1,00-0025427,NA,00-0020494,J.Beck,12,00-0025427,S.Moss,00-0020494,S.Moss,00-0020494,0,0,3.2514357779873535,0.24576208633009378,3.7311084376706276,2,0.998936862219125,0.9928100853285287,0.9831415414810181,1.6858458518981934,2011,Go for it,NA,NA,NA,NA,NA,NA,NA,NA,NA,NA,Punt,Go for it,Andy Reid,Mike Shanahan,13:08,NA,NA,NA,NA,NA,NA,NA,NA,NA,NA
3414,2011_06_PHI_WAS,2011101603,WAS,PHI,REG,6,WAS,home,PHI,PHI,26,2011-10-16,748,748,748,Half2,0,20,0,4,1,0,12:28,PHI 26,10,29,(12:28) 46-R.Torain left end pushed ob at PHI 26 for no gain (59-B.Rolle).,run,0,0,0,0,0,0,0,NA,NA,NA,NA,left,end,NA,NA,NA,NA,2,3,0,NA,NA,NA,NA,2,3,6,20,6,20,-14,6,20,-14,0.028336329385638237,0.03385115787386894,5.141553119756281e-4,0.056316815316677094,0.400308221578598,0.002406060229986906,0.47826728224754333,0,0,4.0568082694662735,-0.3969622238073498,-14.218778263145849,14.218778263145849,-6.057752461696509,6.057752461696509,-11.938466774413131,11.938466774413131,NA,NA,0,0,-11.907965352700558,11.907965352700558,0.8350652356166393,-0.8350652356166393,-5.3357455839868635,5.3357455839868635,-8.150272352499849,8.150272352499849,0.11062627285718918,0.8893737271428108,0.11062627285718918,0.8893737271428108,-0.026750676333904266,-0.014458607882261276,-0.014458607882261276,0.08387559652328491,0.9161244034767151,0.06925912946462631,0.06925912946462631,-0.08529066294431686,0.08529066294431686,-0.3745014753650817,0.3745014753650817,NA,NA,0,0,-0.037062764167785645,0.037062764167785645,-0.24521482479683487,0.24521482479683487,-0.037062764167785645,0.037062764167785645,-0.3469419640015754,0.3469419640015754,0,0,0,0,0,0,0,0,0,0,0,0,0,0,0,0,0,0,0,0,0,0,0,0,1,0,0,0,0,0,0,0,1,0,0,0,0,0,0,0,0,0,0,0,0,0,0,0,0,0,0,NA,NA,NA,NA,NA,NA,00-0026279,R.Torain,0,NA,NA,NA,NA,NA,NA,NA,NA,NA,NA,NA,NA,NA,NA,NA,NA,NA,NA,NA,NA,NA,NA,NA,NA,NA,NA,NA,NA,NA,NA,NA,NA,NA,NA,NA,NA,NA,NA,NA,NA,NA,NA,PHI,NA,00-0028131,NA,B.Rolle,NA,NA,NA,NA,NA,NA,NA,NA,NA,NA,NA,NA,NA,0,NA,NA,NA,NA,NA,NA,NA,NA,NA,NA,NA,NA,NA,NA,NA,NA,NA,NA,NA,NA,NA,NA,NA,NA,NA,NA,NA,NA,NA,NA,NA,0,NA,NA,NA,NA,0,NA,NA,0,0,0,0,NA,NA,2011,NA,NA,47,0,Punt,3414,"10/16/11, 13:03:12",2011-10-16T19:32:24Z,Commanders Field,"Sunny Temp: 68° F, Humidity: 26%, Wind: WSW 7 mph",10012011-1016-039d-ee8c-bc7446e5f587,0,0,RUSH,0,NA,NA,NA,20,Punt,2011-10-16T19:25:08Z,9,4:00,3,0,0,4,4,-20,PUNT,PUNT,14:50,10:50,WAS 33,PHI 38,3232,3571,20,13,Home,-7,33,-3,46.5,1,outdoors,grass,68,7,Mike Shanahan,Andy Reid,WAS00,FedExField,0,0,NA,NA,R.Torain,46,NA,NA,0,1,0,0,1,NA,00-0026279,NA,R.Torain,46,00-0026279,R.Torain,00-0026279,R.Torain,00-0026279,1,0,-0.3969622238073498,NA,NA,NA,NA,NA,0.6683863997459412,-66.83863997459412,2011,Go for it,NA,NA,NA,NA,NA,NA,NA,NA,NA,NA,Punt,Go for it,Andy Reid,Mike Shanahan,12:28,NA,NA,NA,NA,NA,NA,NA,NA,NA,NA
3440,2011_06_PHI_WAS,2011101603,WAS,PHI,REG,6,WAS,home,PHI,PHI,26,2011-10-16,711,711,711,Half2,0,20,0,4,2,0,11:51,PHI 26,10,29,"(11:51) (Shotgun) 12-J.Beck pass incomplete short left to 46-R.Torain. PENALTY on WAS-77-J.Brown, Illegal Use of Hands, 10 yards, enforced at PHI 26 - No Play.",no_play,0,1,0,0,0,0,0,NA,NA,NA,NA,NA,NA,NA,NA,NA,NA,2,3,0,NA,NA,NA,NA,2,3,6,20,6,20,-14,6,20,-14,0.0371016263961792,0.037972934544086456,5.177021375857294e-4,0.062256719917058945,0.45309191942214966,0.0024183921050280333,0.4066406786441803,0,0,3.6598460456589237,-1.1747001156909391,-15.393478378836788,15.393478378836788,-6.057752461696509,6.057752461696509,-11.938466774413131,11.938466774413131,NA,NA,0,0,-11.907965352700558,11.907965352700558,0.8350652356166393,-0.8350652356166393,-5.3357455839868635,5.3357455839868635,-8.150272352499849,8.150272352499849,0.08387559652328491,0.9161244034767151,0.08387559652328491,0.9161244034767151,-0.011453211307525635,-0.007790356874465942,-0.007790356874465942,0.07242238521575928,0.9275776147842407,0.054800521582365036,0.054800521582365036,-0.08529066294431686,0.08529066294431686,-0.3745014753650817,0.3745014753650817,NA,NA,0,0,-0.037062764167785645,0.037062764167785645,-0.24521482479683487,0.24521482479683487,-0.037062764167785645,0.037062764167785645,-0.3469419640015754,0.3469419640015754,0,0,0,0,0,0,0,0,0,0,0,0,0,0,0,0,0,0,0,0,0,0,0,0,0,0,1,0,0,0,0,0,0,0,0,0,0,0,0,0,0,0,0,0,0,0,0,0,0,0,0,NA,NA,NA,NA,NA,NA,NA,NA,NA,NA,NA,NA,NA,NA,NA,NA,NA,NA,NA,NA,NA,NA,NA,NA,NA,NA,NA,NA,NA,NA,NA,NA,NA,NA,NA,NA,NA,NA,NA,NA,NA,NA,NA,NA,NA,NA,NA,NA,NA,NA,NA,NA,NA,NA,NA,NA,NA,NA,NA,NA,NA,NA,NA,NA,NA,NA,NA,NA,NA,0,NA,NA,NA,NA,NA,NA,NA,NA,NA,NA,NA,NA,NA,NA,NA,NA,NA,NA,NA,NA,NA,NA,NA,NA,NA,NA,NA,NA,NA,NA,NA,0,WAS,00-0023447,J.Brown,10,0,NA,Illegal Use of Hands,0,0,0,0,NA,NA,2011,NA,NA,47,0,Punt,3440,"10/16/11, 13:03:12",2011-10-16T19:33:06Z,Commanders Field,"Sunny Temp: 68° F, Humidity: 26%, Wind: WSW 7 mph",10012011-1016-039d-ee8c-bc7446e5f587,0,0,PENALTY,0,NA,NA,NA,20,Punt,2011-10-16T19:25:08Z,9,4:00,3,0,0,4,4,-20,PUNT,PUNT,14:50,10:50,WAS 33,PHI 38,3232,3571,20,13,Home,-7,33,-3,46.5,1,outdoors,grass,68,7,Mike Shanahan,Andy Reid,WAS00,FedExField,0,0,J.Beck,12,NA,NA,R.Torain,46,1,0,0,0,1,00-0025427,NA,00-0026279,J.Beck,12,00-0025427,NA,NA,R.Torain,00-0026279,0,0,-1.1747001156909391,NA,NA,NA,NA,NA,0.7628859281539917,23.71140718460083,2011,Other,NA,NA,NA,NA,NA,NA,NA,NA,NA,NA,Punt,Go for it (Penalty),Andy Reid,Mike Shanahan,11:51,NA,NA,NA,NA,NA,NA,NA,NA,NA,NA
3473,2011_06_PHI_WAS,2011101603,WAS,PHI,REG,6,WAS,home,PHI,PHI,36,2011-10-16,706,706,706,Half2,0,20,0,4,2,0,11:46,PHI 36,20,29,(11:46) (Shotgun) 12-J.Beck pass short middle to 19-D.Stallworth to PHI 33 for 3 yards (97-C.Jenkins).,pass,3,1,0,1,0,0,0,short,middle,5,-2,NA,NA,NA,NA,NA,NA,2,3,0,NA,NA,NA,NA,2,3,6,20,6,20,-14,6,20,-14,0.06041181460022926,0.07176535576581955,0.0010355153353884816,0.11263106018304825,0.439693808555603,0.005877679213881493,0.3085848093032837,0,0,2.4851459299679846,-0.43699915148317814,-15.830477530319966,15.830477530319966,-6.057752461696509,6.057752461696509,-12.37546592589631,12.37546592589631,-0.2288402683334425,-0.20815888314973563,-0.2288402683334425,-0.20815888314973563,-12.136805621034,12.136805621034,0.6269063524669036,-0.6269063524669036,-5.564585852320306,5.564585852320306,-8.358431235649585,8.358431235649585,0.07242238521575928,0.9275776147842407,0.07242238521575928,0.9275776147842407,-0.009216643869876862,-0.010919883847236633,-0.010919883847236633,0.06320574134588242,0.9367942586541176,0.047010164707899094,0.047010164707899094,-0.08529066294431686,0.08529066294431686,-0.3837181192349586,0.3837181192349586,0,-0.009216643869876862,0,-0.009216643869876862,-0.037062764167785645,0.037062764167785645,-0.25443146866671174,0.25443146866671174,-0.037062764167785645,0.037062764167785645,-0.35615860787145226,0.35615860787145226,0,0,0,0,0,0,0,0,0,0,0,0,0,0,0,0,0,0,0,0,0,0,0,0,1,0,0,0,0,0,0,0,0,1,0,0,0,0,0,0,0,0,0,0,0,1,0,0,0,0,0,00-0025427,J.Beck,3,00-0021147,D.Stallworth,3,NA,NA,NA,NA,NA,NA,NA,NA,NA,NA,NA,NA,NA,NA,NA,NA,NA,NA,NA,NA,NA,NA,NA,NA,NA,NA,NA,NA,NA,NA,NA,NA,NA,NA,NA,NA,NA,NA,NA,NA,NA,NA,NA,NA,NA,PHI,NA,00-0021706,NA,C.Jenkins,NA,NA,NA,NA,NA,NA,NA,NA,NA,NA,NA,NA,NA,0,NA,NA,NA,NA,NA,NA,NA,NA,NA,NA,NA,NA,NA,NA,NA,NA,NA,NA,NA,NA,NA,NA,NA,NA,NA,NA,NA,NA,NA,NA,NA,0,NA,NA,NA,NA,0,NA,NA,0,0,0,0,NA,NA,2011,0.7789244055747986,22.10755944252014,47,0,Punt,3473,"10/16/11, 13:03:12",2011-10-16T19:34:09Z,Commanders Field,"Sunny Temp: 68° F, Humidity: 26%, Wind: WSW 7 mph",10012011-1016-039d-ee8c-bc7446e5f587,0,0,PASS,0,NA,NA,NA,20,Punt,2011-10-16T19:25:08Z,9,4:00,3,0,0,4,4,-20,PUNT,PUNT,14:50,10:50,WAS 33,PHI 38,3232,3571,20,13,Home,-7,33,-3,46.5,1,outdoors,grass,68,7,Mike Shanahan,Andy Reid,WAS00,FedExField,0,0,J.Beck,12,NA,NA,D.Stallworth,19,1,0,0,0,1,00-0025427,NA,00-0021147,J.Beck,12,00-0025427,D.Stallworth,00-0021147,D.Stallworth,00-0021147,0,0,-0.43699915148317814,0.5954475086712349,4.2759649403742515,3,0.6525739899370819,0.044509004103019834,0.9091171026229858,9.088289737701416,2011,Go for it,NA,NA,NA,NA,NA,NA,NA,NA,NA,NA,Punt,Go for it,Andy Reid,Mike Shanahan,11:46,NA,NA,NA,NA,NA,NA,NA,NA,NA,NA
3497,2011_06_PHI_WAS,2011101603,WAS,PHI,REG,6,WAS,home,PHI,PHI,33,2011-10-16,663,663,663,Half2,0,20,0,4,3,0,11:03,PHI 33,17,29,(11:03) (Shotgun) 12-J.Beck pass incomplete deep middle to 10-J.Gaffney (23-D.Rodgers-Cromartie).,pass,0,1,0,1,0,0,0,deep,middle,30,NA,NA,NA,NA,NA,NA,NA,2,3,0,NA,NA,NA,NA,2,3,6,20,6,20,-14,6,20,-14,0.06582639366388321,0.07149698585271835,8.29756841994822e-4,0.11529780179262161,0.5342140793800354,0.003521089907735586,0.20881392061710358,0,0,2.0481467784848064,-1.0331616457551718,-16.86363917607514,16.86363917607514,-6.057752461696509,6.057752461696509,-13.408627571651481,13.408627571651481,3.568442651652731,-4.601604297407903,0,0,-12.136805621034,12.136805621034,0.6269063524669036,-0.6269063524669036,-1.996143200667575,1.996143200667575,-12.960035533057487,12.960035533057487,0.06320574134588242,0.9367942586541176,0.06320574134588242,0.9367942586541176,-0.013492699712514877,-0.007788252085447311,-0.007788252085447311,0.04971304163336754,0.9502869583666325,0.03609028086066246,0.03609028086066246,-0.08529066294431686,0.08529066294431686,-0.39721081894747345,0.39721081894747345,0,-0.013492699712514877,0,0,-0.037062764167785645,0.037062764167785645,-0.25443146866671174,0.25443146866671174,-0.037062764167785645,0.037062764167785645,-0.36965130758396714,0.36965130758396714,0,0,0,0,0,1,0,0,1,0,0,0,0,0,0,0,0,0,0,0,0,0,0,0,0,0,0,0,0,0,0,0,0,1,0,0,0,0,0,0,0,0,0,0,0,0,0,0,0,0,0,00-0025427,J.Beck,NA,00-0021163,J.Gaffney,NA,NA,NA,NA,NA,NA,NA,NA,NA,NA,NA,NA,NA,NA,NA,NA,NA,NA,NA,NA,NA,NA,NA,NA,NA,NA,NA,NA,NA,NA,NA,NA,NA,NA,NA,NA,NA,NA,NA,NA,NA,NA,NA,NA,NA,NA,NA,NA,NA,NA,NA,NA,NA,NA,NA,NA,NA,NA,NA,NA,NA,NA,NA,NA,0,NA,NA,NA,NA,NA,NA,00-0026156,D.Rodgers-Cromartie,NA,NA,NA,NA,NA,NA,NA,NA,NA,NA,NA,NA,NA,NA,NA,NA,NA,NA,NA,NA,NA,NA,NA,0,NA,NA,NA,NA,0,NA,NA,0,0,0,0,NA,NA,2011,0.2975999414920807,-29.75999414920807,47,0,Punt,3497,"10/16/11, 13:03:12",2011-10-16T19:34:53Z,Commanders Field,"Sunny Temp: 68° F, Humidity: 26%, Wind: WSW 7 mph",10012011-1016-039d-ee8c-bc7446e5f587,0,0,PASS,0,NA,NA,NA,20,Punt,2011-10-16T19:25:08Z,9,4:00,3,0,0,4,4,-20,PUNT,PUNT,14:50,10:50,WAS 33,PHI 38,3232,3571,20,13,Home,-7,33,-3,46.5,1,outdoors,grass,68,7,Mike Shanahan,Andy Reid,WAS00,FedExField,0,0,J.Beck,12,NA,NA,J.Gaffney,10,1,0,0,0,1,00-0025427,NA,00-0021163,J.Beck,12,00-0025427,J.Gaffney,00-0021163,J.Gaffney,00-0021163,0,0,-1.0331616457551718,0.9129759525773178,1.8765437625697814,2,1,1,0.9680303335189819,3.1969666481018066,2011,Go for it,NA,NA,NA,NA,NA,NA,NA,NA,NA,NA,Punt,Go for it,Andy Reid,Mike Shanahan,11:03,NA,NA,NA,NA,NA,NA,NA,NA,NA,NA
3519,2011_06_PHI_WAS,2011101603,WAS,PHI,REG,6,WAS,home,PHI,PHI,33,2011-10-16,663,663,663,Half2,0,20,0,4,4,0,11:03,PHI 33,17,29,"(11:03) (Punt formation) PENALTY on WAS-6-S.Rocca, Delay of Game, 5 yards, enforced at PHI 33 - No Play.",no_play,0,0,0,0,0,0,0,NA,NA,NA,NA,NA,NA,NA,NA,NA,NA,2,3,0,NA,NA,NA,NA,2,3,6,20,6,20,-14,6,20,-14,0.08084839582443237,0.1084580272436142,0.0010379982413724065,0.15749327838420868,0.5247400403022766,0.004257548600435257,0.12316470593214035,0,0,1.0149851327296346,-0.8405224927701056,-17.704161668845245,17.704161668845245,-6.057752461696509,6.057752461696509,-13.408627571651481,13.408627571651481,NA,NA,0,0,-12.136805621034,12.136805621034,0.6269063524669036,-0.6269063524669036,-1.996143200667575,1.996143200667575,-12.960035533057487,12.960035533057487,0.04971304163336754,0.9502869583666325,0.04971304163336754,0.9502869583666325,-0.0011976845562458038,3.91591340303421e-4,3.91591340303421e-4,0.048515357077121735,0.9514846429228783,0.02830202877521515,0.02830202877521515,-0.08529066294431686,0.08529066294431686,-0.39721081894747345,0.39721081894747345,NA,NA,0,0,-0.037062764167785645,0.037062764167785645,-0.25443146866671174,0.25443146866671174,-0.037062764167785645,0.037062764167785645,-0.36965130758396714,0.36965130758396714,0,0,0,0,0,0,0,0,0,0,0,0,0,0,0,0,0,0,0,0,0,0,0,0,0,0,1,0,0,0,0,0,0,0,0,0,0,0,0,0,0,0,0,0,0,0,0,0,0,0,0,NA,NA,NA,NA,NA,NA,NA,NA,NA,NA,NA,NA,NA,NA,NA,NA,NA,NA,NA,NA,NA,NA,NA,NA,NA,NA,NA,NA,NA,NA,NA,NA,NA,NA,NA,NA,NA,NA,NA,NA,NA,NA,NA,NA,NA,NA,NA,NA,NA,NA,NA,NA,NA,NA,NA,NA,NA,NA,NA,NA,NA,NA,NA,NA,NA,NA,NA,NA,NA,0,NA,NA,NA,NA,NA,NA,NA,NA,NA,NA,NA,NA,NA,NA,NA,NA,NA,NA,NA,NA,NA,NA,NA,NA,NA,NA,NA,NA,NA,NA,NA,0,WAS,00-0024515,S.Rocca,5,0,NA,Delay of Game,0,0,0,0,NA,NA,2011,NA,NA,47,0,Punt,3519,"10/16/11, 13:03:12",NA,Commanders Field,"Sunny Temp: 68° F, Humidity: 26%, Wind: WSW 7 mph",10012011-1016-039d-ee8c-bc7446e5f587,0,0,UNSPECIFIED,0,NA,NA,NA,20,Punt,2011-10-16T19:25:08Z,9,4:00,3,0,0,4,4,-20,PUNT,PUNT,14:50,10:50,WAS 33,PHI 38,3232,3571,20,13,Home,-7,33,-3,46.5,1,outdoors,grass,68,7,Mike Shanahan,Andy Reid,WAS00,FedExField,0,0,NA,NA,NA,NA,NA,NA,0,0,0,0,1,NA,NA,NA,NA,NA,NA,NA,NA,NA,NA,0,0,-0.8405224927701056,NA,NA,NA,NA,NA,0.982470691204071,NA,2011,Other,NA,0.08699016635364387,0.2438052235989599,NA,NA,NA,0.20047256426187232,0.3214256854262203,NA,0.28328780380222723,Punt,Punt (Penalty),Andy Reid,Mike Shanahan,11:03,NA,NA,NA,9,24,NA,28,NA,32,20
3548,2011_06_PHI_WAS,2011101603,WAS,PHI,REG,6,NA,NA,NA,NA,NA,2011-10-16,657,657,657,Half2,0,20,0,4,NA,0,10:57,PHI 38,0,29,Timeout #1 by PHI at 10:57.,no_play,0,0,0,0,0,0,0,NA,NA,NA,NA,NA,NA,NA,NA,NA,NA,2,2,1,PHI,NA,NA,NA,NA,NA,6,20,NA,NA,NA,NA,NA,NA,0,0,0,0,0,0,0,0,0,0.17446263995952904,0,-17.704161668845245,17.704161668845245,-6.057752461696509,6.057752461696509,-13.408627571651481,13.408627571651481,NA,NA,0,0,-12.136805621034,12.136805621034,0.6269063524669036,-0.6269063524669036,-1.996143200667575,1.996143200667575,-12.960035533057487,12.960035533057487,0.048515357077121735,0.9514846429228783,0.048515357077121735,0.9514846429228783,0,0,0,0.048515357077121735,0.9514846429228783,0.02869362011551857,0.02869362011551857,-0.08529066294431686,0.08529066294431686,-0.39721081894747345,0.39721081894747345,NA,NA,0,0,-0.037062764167785645,0.037062764167785645,-0.25443146866671174,0.25443146866671174,-0.037062764167785645,0.037062764167785645,-0.36965130758396714,0.36965130758396714,0,0,0,0,0,0,0,0,0,0,0,0,0,0,0,0,0,0,0,0,0,0,0,0,0,0,0,0,0,0,0,0,0,0,0,0,0,0,0,0,0,0,0,0,0,0,0,0,0,0,0,NA,NA,NA,NA,NA,NA,NA,NA,NA,NA,NA,NA,NA,NA,NA,NA,NA,NA,NA,NA,NA,NA,NA,NA,NA,NA,NA,NA,NA,NA,NA,NA,NA,NA,NA,NA,NA,NA,NA,NA,NA,NA,NA,NA,NA,NA,NA,NA,NA,NA,NA,NA,NA,NA,NA,NA,NA,NA,NA,NA,NA,NA,NA,NA,NA,NA,NA,NA,NA,0,NA,NA,NA,NA,NA,NA,NA,NA,NA,NA,NA,NA,NA,NA,NA,NA,NA,NA,NA,NA,NA,NA,NA,NA,NA,NA,NA,NA,NA,NA,NA,0,NA,NA,NA,NA,0,NA,NA,0,0,0,0,NA,NA,2011,NA,NA,47,0,Punt,3548,"10/16/11, 13:03:12",2011-10-16T19:36:29Z,Commanders Field,"Sunny Temp: 68° F, Humidity: 26%, Wind: WSW 7 mph",10012011-1016-039d-ee8c-bc7446e5f587,0,0,TIMEOUT,0,NA,NA,NA,20,Punt,2011-10-16T19:25:08Z,9,4:00,3,0,0,4,4,-20,PUNT,PUNT,14:50,10:50,WAS 33,PHI 38,3232,3571,20,13,Home,-7,33,-3,46.5,1,outdoors,grass,68,7,Mike Shanahan,Andy Reid,WAS00,FedExField,0,0,NA,NA,NA,NA,NA,NA,0,0,0,0,0,NA,NA,NA,NA,NA,NA,NA,NA,NA,NA,0,0,0,NA,NA,NA,NA,NA,NA,NA,2011,Other,NA,NA,NA,NA,NA,NA,NA,NA,NA,NA,Punt,Other,Andy Reid,Mike Shanahan,10:57,NA,NA,NA,NA,NA,NA,NA,NA,NA,NA
3571,2011_06_PHI_WAS,2011101603,WAS,PHI,REG,6,WAS,home,PHI,PHI,38,2011-10-16,657,657,657,Half2,0,20,0,4,4,0,10:57,PHI 38,22,29,"(10:57) 6-S.Rocca punts 27 yards to PHI 11, Center-57-N.Sundberg, fair catch by 10-D.Jackson.",punt,0,0,0,0,0,0,0,NA,NA,NA,NA,NA,NA,NA,27,NA,NA,2,2,0,NA,NA,NA,NA,2,2,6,20,6,20,-14,6,20,-14,0.10835761576890945,0.17391866445541382,0.0015333382179960608,0.2394983321428299,0.2199036329984665,0.016291214153170586,0.2404971867799759,0,0,0.17446263995952904,0.07821664679795504,-17.62594502204729,17.62594502204729,-6.057752461696509,6.057752461696509,-13.408627571651481,13.408627571651481,NA,NA,0,0,-12.136805621034,12.136805621034,0.6269063524669036,-0.6269063524669036,-1.996143200667575,1.996143200667575,-12.960035533057487,12.960035533057487,0.048515357077121735,0.9514846429228783,0.048515357077121735,0.9514846429228783,-0.017395712435245514,-0.004129353910684586,-0.004129353910684586,0.03111964464187622,0.9688803553581238,0.02869362011551857,0.02869362011551857,-0.08529066294431686,0.08529066294431686,-0.39721081894747345,0.39721081894747345,NA,NA,0,0,-0.037062764167785645,0.037062764167785645,-0.25443146866671174,0.25443146866671174,-0.037062764167785645,0.037062764167785645,-0.36965130758396714,0.36965130758396714,0,0,0,0,0,0,0,0,0,0,0,1,0,0,0,1,0,0,0,0,0,0,0,0,0,0,0,0,0,0,0,0,0,0,0,0,0,0,0,0,0,0,0,1,0,0,0,0,0,0,0,NA,NA,NA,NA,NA,NA,NA,NA,NA,NA,NA,NA,NA,NA,NA,NA,NA,NA,NA,NA,NA,00-0026189,D.Jackson,NA,NA,NA,NA,NA,NA,00-0024515,S.Rocca,NA,NA,NA,NA,NA,NA,NA,NA,NA,NA,NA,NA,NA,NA,NA,NA,NA,NA,NA,NA,NA,NA,NA,NA,NA,NA,NA,NA,NA,NA,NA,NA,NA,NA,NA,NA,NA,NA,0,NA,NA,NA,NA,NA,NA,NA,NA,NA,NA,NA,NA,NA,NA,NA,NA,NA,NA,NA,NA,NA,NA,NA,NA,NA,NA,NA,NA,NA,NA,PHI,0,NA,NA,NA,NA,0,NA,NA,0,0,0,0,NA,NA,2011,NA,NA,47,0,Punt,3571,"10/16/11, 13:03:12",2011-10-16T19:38:33Z,Commanders Field,"Sunny Temp: 68° F, Humidity: 26%, Wind: WSW 7 mph",10012011-1016-039d-ee8c-bc7446e5f587,0,0,PUNT,1,NA,NA,NA,20,Punt,2011-10-16T19:25:08Z,9,4:00,3,0,0,4,4,-20,PUNT,PUNT,14:50,10:50,WAS 33,PHI 38,3232,3571,20,13,Home,-7,33,-3,46.5,1,outdoors,grass,68,7,Mike Shanahan,Andy Reid,WAS00,FedExField,0,1,NA,NA,NA,NA,NA,NA,0,0,0,1,0,NA,NA,NA,NA,NA,NA,NA,NA,NA,NA,0,0,0.07821664679795504,NA,NA,NA,NA,NA,NA,NA,2011,Punt,NA,0.0437409548976575,0.23097423966996483,NA,NA,NA,0.1971937720081769,0.3312218280043453,NA,0.29181082267968467,Punt,Punt,Andy Reid,Mike Shanahan,10:57,NA,NA,NA,4,23,NA,29,NA,33,20
3594,2011_06_PHI_WAS,2011101603,WAS,PHI,REG,6,PHI,away,WAS,PHI,89,2011-10-16,650,650,650,Half2,0,21,0,4,1,0,10:50,PHI 11,10,39,"(10:50) (Shotgun) 25-L.McCoy up the middle to PHI 25 for 14 yards (20-O.Atogwe, 59-L.Fletcher).",run,14,1,0,0,0,0,0,NA,NA,NA,NA,middle,NA,NA,NA,NA,NA,2,2,0,NA,NA,NA,NA,2,2,6,20,20,6,14,20,6,14,0.16111403703689575,0.17349843680858612,0.01130739226937294,0.25809770822525024,0.16700059175491333,0.0013519496424123645,0.2276298701763153,0,0,-0.2526792867574841,0.987936822231859,-18.61388184427915,18.61388184427915,-7.045689283928368,7.045689283928368,-13.408627571651481,13.408627571651481,NA,NA,0,0,-12.136805621034,12.136805621034,0.6269063524669036,-0.6269063524669036,-1.996143200667575,1.996143200667575,-12.960035533057487,12.960035533057487,0.9688803553581238,0.03111964464187622,0.03111964464187622,0.9688803553581238,0.006904959678649902,0.004281580448150635,-0.004281580448150635,0.02421468496322632,0.9757853150367737,0.975435733795166,0.024564266204833984,-0.09219562262296677,0.09219562262296677,-0.39721081894747345,0.39721081894747345,NA,NA,0,0,-0.037062764167785645,0.037062764167785645,-0.25443146866671174,0.25443146866671174,-0.037062764167785645,0.037062764167785645,-0.36965130758396714,0.36965130758396714,0,1,0,0,0,0,0,0,0,0,0,0,0,0,0,0,0,0,0,0,0,0,0,0,0,0,0,0,0,0,0,0,1,0,0,0,0,0,0,0,0,0,0,0,0,0,1,0,0,0,0,NA,NA,NA,NA,NA,NA,00-0027029,L.McCoy,14,NA,NA,NA,NA,NA,NA,NA,NA,NA,NA,NA,NA,NA,NA,NA,NA,NA,NA,NA,NA,NA,NA,NA,NA,NA,NA,NA,NA,NA,NA,NA,NA,NA,NA,NA,NA,NA,NA,NA,NA,NA,NA,NA,NA,NA,NA,NA,NA,00-0005322,L.Fletcher,WAS,NA,NA,NA,NA,NA,NA,NA,NA,NA,1,00-0023501,O.Atogwe,WAS,NA,NA,NA,NA,NA,NA,NA,NA,NA,NA,NA,NA,NA,NA,NA,NA,NA,NA,NA,NA,NA,NA,NA,NA,NA,NA,NA,NA,0,NA,NA,NA,NA,0,NA,NA,0,0,0,0,NA,NA,2011,NA,NA,48,1,First down,3594,"10/16/11, 13:03:12",2011-10-16T19:39:24Z,Commanders Field,"Sunny Temp: 68° F, Humidity: 26%, Wind: WSW 7 mph",10012011-1016-039d-ee8c-bc7446e5f587,0,0,RUSH,0,NA,NA,NA,21,Punt,2011-10-16T19:39:24Z,7,4:26,2,0,0,4,4,0,PUNT,PUNT,10:50,06:24,PHI 11,50,3594,3751,20,13,Home,-7,33,-3,46.5,1,outdoors,grass,68,7,Mike Shanahan,Andy Reid,WAS00,FedExField,0,1,NA,NA,L.McCoy,25,NA,NA,0,1,1,0,1,NA,00-0027029,NA,L.McCoy,25,00-0027029,L.McCoy,00-0027029,L.McCoy,00-0027029,0,0,0.987936822231859,NA,NA,NA,NA,NA,0.1676698923110962,-16.76698923110962,2011,Go for it,NA,NA,NA,NA,NA,NA,NA,NA,NA,NA,Punt,Go for it,Andy Reid,Mike Shanahan,10:50,NA,NA,NA,NA,NA,NA,NA,NA,NA,NA
3615,2011_06_PHI_WAS,2011101603,WAS,PHI,REG,6,PHI,away,WAS,PHI,75,2011-10-16,611,611,611,Half2,0,21,0,4,1,0,10:11,PHI 25,10,39,(10:11) (Shotgun) 25-L.McCoy right end to PHI 26 for 1 yard (91-R.Kerrigan; 52-R.McIntosh).,run,1,1,0,0,0,0,0,NA,NA,NA,NA,right,end,NA,NA,NA,NA,2,2,0,NA,NA,NA,NA,2,2,6,20,20,6,14,20,6,14,0.190639466047287,0.13601073622703552,0.003262890735641122,0.1952810287475586,0.19985096156597137,0.0014909411547705531,0.27346399426460266,0,0,0.7352575354743749,-0.4837967574130744,-18.130085086866075,18.130085086866075,-6.561892526515294,6.561892526515294,-13.408627571651481,13.408627571651481,NA,NA,0,0,-12.136805621034,12.136805621034,0.6269063524669036,-0.6269063524669036,-1.996143200667575,1.996143200667575,-12.960035533057487,12.960035533057487,0.9757853150367737,0.02421468496322632,0.02421468496322632,0.9757853150367737,-0.001804649829864502,0.001550912857055664,-0.001550912857055664,0.02601933479309082,0.9739806652069092,0.9797173142433167,0.02028268575668335,-0.09039097279310226,0.09039097279310226,-0.39721081894747345,0.39721081894747345,NA,NA,0,0,-0.037062764167785645,0.037062764167785645,-0.25443146866671174,0.25443146866671174,-0.037062764167785645,0.037062764167785645,-0.36965130758396714,0.36965130758396714,0,0,0,0,0,0,0,0,0,0,0,0,0,0,0,0,0,0,0,0,0,0,0,0,0,0,0,0,0,0,0,0,1,0,0,0,0,0,0,0,0,0,0,0,0,0,1,0,0,0,0,NA,NA,NA,NA,NA,NA,00-0027029,L.McCoy,1,NA,NA,NA,NA,NA,NA,NA,NA,NA,NA,NA,NA,NA,NA,NA,NA,NA,NA,NA,NA,NA,NA,NA,NA,NA,NA,NA,NA,NA,NA,NA,NA,NA,NA,NA,NA,NA,NA,NA,NA,NA,NA,NA,NA,NA,NA,NA,NA,00-0027954,R.Kerrigan,WAS,00-0024250,R.McIntosh,WAS,NA,NA,NA,NA,NA,NA,0,NA,NA,NA,NA,NA,NA,NA,NA,NA,NA,NA,NA,NA,NA,NA,NA,NA,NA,NA,NA,NA,NA,NA,NA,NA,NA,NA,NA,NA,NA,NA,0,NA,NA,NA,NA,0,NA,NA,0,0,0,0,NA,NA,2011,NA,NA,49,1,First down,3615,"10/16/11, 13:03:12",2011-10-16T19:40:04Z,Commanders Field,"Sunny Temp: 68° F, Humidity: 26%, Wind: WSW 7 mph",10012011-1016-039d-ee8c-bc7446e5f587,0,0,RUSH,0,NA,NA,NA,21,Punt,2011-10-16T19:39:24Z,7,4:26,2,0,0,4,4,0,PUNT,PUNT,10:50,06:24,PHI 11,50,3594,3751,20,13,Home,-7,33,-3,46.5,1,outdoors,grass,68,7,Mike Shanahan,Andy Reid,WAS00,FedExField,0,0,NA,NA,L.McCoy,25,NA,NA,0,1,0,0,1,NA,00-0027029,NA,L.McCoy,25,00-0027029,L.McCoy,00-0027029,L.McCoy,00-0027029,0,0,-0.4837967574130744,NA,NA,NA,NA,NA,0.20096591114997864,-20.096591114997864,2011,Go for it,NA,NA,NA,NA,NA,NA,NA,NA,NA,NA,Punt,Go for it,Andy Reid,Mike Shanahan,10:11,NA,NA,NA,NA,NA,NA,NA,NA,NA,NA
3636,2011_06_PHI_WAS,2011101603,WAS,PHI,REG,6,PHI,away,WAS,PHI,74,2011-10-16,571,571,571,Half2,0,21,0,4,2,0,09:31,PHI 26,9,39,"(9:31) (Shotgun) 7-M.Vick pass short right to 11-S.Smith to PHI 33 for 7 yards (52-R.McIntosh, 23-D.Hall).",pass,7,1,0,1,0,0,0,short,right,5,2,NA,NA,NA,NA,NA,NA,2,2,0,NA,NA,NA,NA,2,2,6,20,20,6,14,20,6,14,0.2087256759405136,0.14957572519779205,0.0036521987058222294,0.21713368594646454,0.1778934895992279,0.0014774275477975607,0.24154183268547058,0,0,0.2514607780613005,0.26563476398587227,-18.395719850851947,18.395719850851947,-6.561892526515294,6.561892526515294,-13.674262335637353,13.674262335637353,-0.10163068631663918,0.36726545030251145,-0.10163068631663918,0.36726545030251145,-12.035174934717361,12.035174934717361,0.2596409021643922,-0.2596409021643922,-1.8945125143509358,1.8945125143509358,-13.327300983359999,13.327300983359999,0.9739806652069092,0.02601933479309082,0.02601933479309082,0.9739806652069092,0.004436671733856201,4.547834396362305e-5,-4.547834396362305e-5,0.02158266305923462,0.9784173369407654,0.9812682271003723,0.018731772899627686,-0.09039097279310226,0.09039097279310226,-0.40164749068132966,0.40164749068132966,0,0.004436671733856201,0,0.004436671733856201,-0.037062764167785645,0.037062764167785645,-0.25886814040056794,0.25886814040056794,-0.037062764167785645,0.037062764167785645,-0.37408797931782334,0.37408797931782334,0,0,0,0,0,0,0,0,0,0,0,0,0,0,0,0,0,0,0,0,0,0,0,0,0,0,0,0,0,0,0,0,0,1,0,0,0,0,0,0,0,0,0,0,0,1,1,0,0,0,0,00-0020245,M.Vick,7,00-0025438,S.Smith,7,NA,NA,NA,NA,NA,NA,NA,NA,NA,NA,NA,NA,NA,NA,NA,NA,NA,NA,NA,NA,NA,NA,NA,NA,NA,NA,NA,NA,NA,NA,NA,NA,NA,NA,NA,NA,NA,NA,NA,NA,NA,NA,NA,NA,NA,NA,NA,NA,NA,NA,NA,00-0022923,D.Hall,WAS,NA,NA,NA,NA,NA,NA,NA,NA,NA,1,00-0024250,R.McIntosh,WAS,NA,NA,NA,NA,NA,NA,NA,NA,NA,NA,NA,NA,NA,NA,NA,NA,NA,NA,NA,NA,NA,NA,NA,NA,NA,NA,NA,NA,0,NA,NA,NA,NA,0,NA,NA,0,0,0,0,NA,NA,2011,0.7225738763809204,27.74261236190796,49,1,First down,3636,"10/16/11, 13:03:12",2011-10-16T19:40:44Z,Commanders Field,"Sunny Temp: 68° F, Humidity: 26%, Wind: WSW 7 mph",10012011-1016-039d-ee8c-bc7446e5f587,0,0,PASS,0,NA,NA,NA,21,Punt,2011-10-16T19:39:24Z,7,4:26,2,0,0,4,4,0,PUNT,PUNT,10:50,06:24,PHI 11,50,3594,3751,20,13,Home,-7,33,-3,46.5,1,outdoors,grass,68,7,Mike Shanahan,Andy Reid,WAS00,FedExField,0,1,M.Vick,7,NA,NA,S.Smith,11,1,0,0,0,1,00-0020245,NA,00-0025438,M.Vick,7,00-0020245,S.Smith,00-0025438,S.Smith,00-0025438,0,0,0.26563476398587227,0.6251920985532781,3.778226885915501,2,0.7403118893853389,0.3300870940438472,0.5081824660301208,49.181753396987915,2011,Go for it,NA,NA,NA,NA,NA,NA,NA,NA,NA,NA,Punt,Go for it,Andy Reid,Mike Shanahan,9:31,NA,NA,NA,NA,NA,NA,NA,NA,NA,NA
3660,2011_06_PHI_WAS,2011101603,WAS,PHI,REG,6,PHI,away,WAS,PHI,67,2011-10-16,532,532,532,Half2,0,21,0,4,3,0,08:52,PHI 33,2,39,(8:52) (Shotgun) 7-M.Vick pass short middle to 25-L.McCoy to PHI 43 for 10 yards (52-R.McIntosh).,pass,10,1,0,1,0,0,0,short,middle,-5,15,NA,NA,NA,NA,NA,NA,2,2,0,NA,NA,NA,NA,2,2,6,20,20,6,14,20,6,14,0.22092820703983307,0.14074169099330902,0.0029485358390957117,0.1999364197254181,0.17376260459423065,0.0016585751436650753,0.26002395153045654,0,0,0.5170955420471728,1.2966719609685242,-19.69239181182047,19.69239181182047,-6.561892526515294,6.561892526515294,-14.970934296605877,14.970934296605877,-1.7361277099698782,3.0327996709384024,-1.7361277099698782,3.0327996709384024,-10.299047224747483,10.299047224747483,-2.7731587687740102,2.7731587687740102,-0.15838480438105762,0.15838480438105762,-16.3601006542984,16.3601006542984,0.9784173369407654,0.02158266305923462,0.02158266305923462,0.9784173369407654,0.00922846794128418,0.007896363735198975,-0.007896363735198975,0.01235419511795044,0.9876458048820496,0.9813137054443359,0.018686294555664062,-0.09039097279310226,0.09039097279310226,-0.41087595862261383,0.41087595862261383,0,0.00922846794128418,0,0.00922846794128418,-0.037062764167785645,0.037062764167785645,-0.2680966083418521,0.2680966083418521,-0.037062764167785645,0.037062764167785645,-0.3833164472591075,0.3833164472591075,0,0,1,0,1,0,0,0,0,0,0,0,0,0,0,0,0,0,0,0,0,0,0,0,1,0,0,0,0,0,0,0,0,1,0,0,0,0,0,0,0,0,0,0,0,1,0,0,0,0,0,00-0020245,M.Vick,10,00-0027029,L.McCoy,10,NA,NA,NA,NA,NA,NA,NA,NA,NA,NA,NA,NA,NA,NA,NA,NA,NA,NA,NA,NA,NA,NA,NA,NA,NA,NA,NA,NA,NA,NA,NA,NA,NA,NA,NA,NA,NA,NA,NA,NA,NA,NA,NA,NA,NA,WAS,NA,00-0024250,NA,R.McIntosh,NA,NA,NA,NA,NA,NA,NA,NA,NA,NA,NA,NA,NA,0,NA,NA,NA,NA,NA,NA,NA,NA,NA,NA,NA,NA,NA,NA,NA,NA,NA,NA,NA,NA,NA,NA,NA,NA,NA,NA,NA,NA,NA,NA,NA,0,NA,NA,NA,NA,0,NA,NA,0,0,0,0,NA,NA,2011,0.7116456031799316,28.835439682006836,49,1,First down,3660,"10/16/11, 13:03:12",2011-10-16T19:41:23Z,Commanders Field,"Sunny Temp: 68° F, Humidity: 26%, Wind: WSW 7 mph",10012011-1016-039d-ee8c-bc7446e5f587,0,0,PASS,0,NA,NA,NA,21,Punt,2011-10-16T19:39:24Z,7,4:26,2,0,0,4,4,0,PUNT,PUNT,10:50,06:24,PHI 11,50,3594,3751,20,13,Home,-7,33,-3,46.5,1,outdoors,grass,68,7,Mike Shanahan,Andy Reid,WAS00,FedExField,0,1,M.Vick,7,NA,NA,L.McCoy,25,1,0,1,0,1,00-0020245,NA,00-0027029,M.Vick,7,00-0020245,L.McCoy,00-0027029,L.McCoy,00-0027029,0,0,1.2966719609685242,1.9645171031909405,10.150780442825635,8,0.6198427406488918,0.6198427406488918,0.47829264402389526,52.170735597610474,2011,Go for it,NA,NA,NA,NA,NA,NA,NA,NA,NA,NA,Punt,Go for it,Andy Reid,Mike Shanahan,8:52,NA,NA,NA,NA,NA,NA,NA,NA,NA,NA
3684,2011_06_PHI_WAS,2011101603,WAS,PHI,REG,6,PHI,away,WAS,PHI,57,2011-10-16,485,485,485,Half2,0,21,0,4,1,0,08:05,PHI 43,10,39,(8:05) (Shotgun) 28-D.Lewis right tackle to PHI 46 for 3 yards (52-R.McIntosh).,run,3,1,0,0,0,0,0,NA,NA,NA,NA,right,tackle,NA,NA,NA,NA,2,2,0,NA,NA,NA,NA,2,2,6,20,20,6,14,20,6,14,0.22643238306045532,0.08552089333534241,0.001745780697092414,0.1279350221157074,0.23249804973602295,0.0018405125010758638,0.3240273892879486,0,0,1.813767503015697,-0.0966974466573447,-19.595694365163126,19.595694365163126,-6.465195079857949,6.465195079857949,-14.970934296605877,14.970934296605877,NA,NA,0,0,-10.299047224747483,10.299047224747483,-2.7731587687740102,2.7731587687740102,-0.15838480438105762,0.15838480438105762,-16.3601006542984,16.3601006542984,0.9876458048820496,0.01235419511795044,0.01235419511795044,0.9876458048820496,-0.0016623735427856445,6.324052810668945e-4,-6.324052810668945e-4,0.014016568660736084,0.9859834313392639,0.9892100691795349,0.010789930820465088,-0.08872859925031662,0.08872859925031662,-0.41087595862261383,0.41087595862261383,NA,NA,0,0,-0.037062764167785645,0.037062764167785645,-0.2680966083418521,0.2680966083418521,-0.037062764167785645,0.037062764167785645,-0.3833164472591075,0.3833164472591075,0,0,0,0,0,0,0,0,0,0,0,0,0,0,0,0,0,0,0,0,0,0,0,0,1,0,0,0,0,0,0,0,1,0,0,0,0,0,0,0,0,0,0,0,0,0,0,0,0,0,0,NA,NA,NA,NA,NA,NA,00-0028087,D.Lewis,3,NA,NA,NA,NA,NA,NA,NA,NA,NA,NA,NA,NA,NA,NA,NA,NA,NA,NA,NA,NA,NA,NA,NA,NA,NA,NA,NA,NA,NA,NA,NA,NA,NA,NA,NA,NA,NA,NA,NA,NA,NA,NA,WAS,NA,00-0024250,NA,R.McIntosh,NA,NA,NA,NA,NA,NA,NA,NA,NA,NA,NA,NA,NA,0,NA,NA,NA,NA,NA,NA,NA,NA,NA,NA,NA,NA,NA,NA,NA,NA,NA,NA,NA,NA,NA,NA,NA,NA,NA,NA,NA,NA,NA,NA,NA,0,NA,NA,NA,NA,0,NA,NA,0,0,0,0,NA,NA,2011,NA,NA,50,0,Punt,3684,"10/16/11, 13:03:12",2011-10-16T19:42:10Z,Commanders Field,"Sunny Temp: 68° F, Humidity: 26%, Wind: WSW 7 mph",10012011-1016-039d-ee8c-bc7446e5f587,0,0,RUSH,0,NA,NA,NA,21,Punt,2011-10-16T19:39:24Z,7,4:26,2,0,0,4,4,0,PUNT,PUNT,10:50,06:24,PHI 11,50,3594,3751,20,13,Home,-7,33,-3,46.5,1,outdoors,grass,68,7,Mike Shanahan,Andy Reid,WAS00,FedExField,0,0,NA,NA,D.Lewis,28,NA,NA,0,1,0,0,1,NA,00-0028087,NA,D.Lewis,28,00-0028087,D.Lewis,00-0028087,D.Lewis,00-0028087,0,0,-0.0966974466573447,NA,NA,NA,NA,NA,0.14627698063850403,-14.627698063850403,2011,Go for it,NA,NA,NA,NA,NA,NA,NA,NA,NA,NA,Punt,Go for it,Andy Reid,Mike Shanahan,8:05,NA,NA,NA,NA,NA,NA,NA,NA,NA,NA
3705,2011_06_PHI_WAS,2011101603,WAS,PHI,REG,6,PHI,away,WAS,PHI,54,2011-10-16,445,445,445,Half2,0,21,0,4,2,0,07:25,PHI 46,7,39,(7:25) 7-M.Vick pass incomplete short left to 87-B.Celek.,pass,0,0,0,1,0,0,0,short,left,3,NA,NA,NA,NA,NA,NA,NA,2,2,0,NA,NA,NA,NA,2,2,6,20,20,6,14,20,6,14,0.24853511154651642,0.08570268005132675,0.0017119409749284387,0.127415269613266,0.21922855079174042,0.0020043940749019384,0.3154020607471466,0,0,1.7170700563583523,-0.6833584886044264,-18.9123358765587,18.9123358765587,-6.465195079857949,6.465195079857949,-14.287575808001451,14.287575808001451,-0.2671002778224647,-0.4162582107819617,0,0,-10.299047224747483,10.299047224747483,-2.7731587687740102,2.7731587687740102,0.10871547344140708,-0.10871547344140708,-15.94384244351644,15.94384244351644,0.9859834313392639,0.014016568660736084,0.014016568660736084,0.9859834313392639,0.0029526948928833008,-3.819465637207031e-4,3.819465637207031e-4,0.011063873767852783,0.9889361262321472,0.9898424744606018,0.010157525539398193,-0.08872859925031662,0.08872859925031662,-0.41382865351549714,0.41382865351549714,3.140568733215332e-4,0.0026386380195617676,0,0,-0.037062764167785645,0.037062764167785645,-0.2680966083418521,0.2680966083418521,-0.03737682104110718,0.03737682104110718,-0.3859550852786693,0.3859550852786693,0,0,0,0,0,0,0,0,1,0,0,0,0,0,0,0,0,0,0,0,0,0,0,0,0,0,0,0,0,0,0,0,0,1,0,0,0,0,0,0,0,0,0,0,0,0,0,0,0,0,0,00-0020245,M.Vick,NA,00-0025549,B.Celek,NA,NA,NA,NA,NA,NA,NA,NA,NA,NA,NA,NA,NA,NA,NA,NA,NA,NA,NA,NA,NA,NA,NA,NA,NA,NA,NA,NA,NA,NA,NA,NA,NA,NA,NA,NA,NA,NA,NA,NA,NA,NA,NA,NA,NA,NA,NA,NA,NA,NA,NA,NA,NA,NA,NA,NA,NA,NA,NA,NA,NA,NA,NA,NA,0,NA,NA,NA,NA,NA,NA,NA,NA,NA,NA,NA,NA,NA,NA,NA,NA,NA,NA,NA,NA,NA,NA,NA,NA,NA,NA,NA,NA,NA,NA,NA,0,NA,NA,NA,NA,0,NA,NA,0,0,0,0,NA,NA,2011,0.7362586855888367,-73.62586855888367,50,0,Punt,3705,"10/16/11, 13:03:12",2011-10-16T19:42:50Z,Commanders Field,"Sunny Temp: 68° F, Humidity: 26%, Wind: WSW 7 mph",10012011-1016-039d-ee8c-bc7446e5f587,0,0,PASS,0,NA,NA,NA,21,Punt,2011-10-16T19:39:24Z,7,4:26,2,0,0,4,4,0,PUNT,PUNT,10:50,06:24,PHI 11,50,3594,3751,20,13,Home,-7,33,-3,46.5,1,outdoors,grass,68,7,Mike Shanahan,Andy Reid,WAS00,FedExField,0,0,M.Vick,7,NA,NA,B.Celek,87,1,0,0,0,1,00-0020245,NA,00-0025549,M.Vick,7,00-0020245,B.Celek,00-0025549,B.Celek,00-0025549,0,0,-0.6833584886044264,0.7092499629146728,4.615878239856102,3,0.6534507803735323,0.4180796451983042,0.33780038356781006,66.219961643219,2011,Go for it,NA,NA,NA,NA,NA,NA,NA,NA,NA,NA,Punt,Go for it,Andy Reid,Mike Shanahan,7:25,NA,NA,NA,NA,NA,NA,NA,NA,NA,NA
3727,2011_06_PHI_WAS,2011101603,WAS,PHI,REG,6,PHI,away,WAS,PHI,54,2011-10-16,441,441,441,Half2,0,21,0,4,3,0,07:21,PHI 46,7,39,(7:21) (Shotgun) 7-M.Vick pass short right to 81-J.Avant to 50 for 4 yards (23-D.Hall).,pass,4,1,0,1,0,0,0,short,right,1,3,NA,NA,NA,NA,NA,NA,2,2,0,NA,NA,NA,NA,2,2,6,20,20,6,14,20,6,14,0.26863348484039307,0.1057843491435051,0.0017337111057713628,0.15883496403694153,0.19445033371448517,0.002183253178372979,0.26837989687919617,0,0,1.033711567753926,-1.01074811629951,-17.90158776025919,17.90158776025919,-6.465195079857949,6.465195079857949,-13.276827691701941,13.276827691701941,-1.3259325565304607,0.3151844402309507,-1.3259325565304607,0.3151844402309507,-8.973114668217022,8.973114668217022,-3.088343209004961,3.088343209004961,1.4346480299718678,-1.4346480299718678,-16.25902688374739,16.25902688374739,0.9889361262321472,0.011063873767852783,0.011063873767852783,0.9889361262321472,8.832216262817383e-4,0.001510918140411377,-0.001510918140411377,0.010180652141571045,0.989819347858429,0.9894605278968811,0.010539472103118896,-0.08872859925031662,0.08872859925031662,-0.4147118751417789,0.4147118751417789,0,8.832216262817383e-4,0,8.832216262817383e-4,-0.037062764167785645,0.037062764167785645,-0.26897982996813385,0.26897982996813385,-0.03737682104110718,0.03737682104110718,-0.386838306904951,0.386838306904951,0,0,0,0,0,1,0,0,0,0,0,0,0,0,0,0,0,0,0,0,0,0,0,0,1,0,0,0,0,0,0,0,0,1,0,0,0,0,0,0,0,0,0,0,0,1,0,0,0,0,0,00-0020245,M.Vick,4,00-0024324,J.Avant,4,NA,NA,NA,NA,NA,NA,NA,NA,NA,NA,NA,NA,NA,NA,NA,NA,NA,NA,NA,NA,NA,NA,NA,NA,NA,NA,NA,NA,NA,NA,NA,NA,NA,NA,NA,NA,NA,NA,NA,NA,NA,NA,NA,NA,NA,WAS,NA,00-0022923,NA,D.Hall,NA,NA,NA,NA,NA,NA,NA,NA,NA,NA,NA,NA,NA,0,NA,NA,NA,NA,NA,NA,NA,NA,NA,NA,NA,NA,NA,NA,NA,NA,NA,NA,NA,NA,NA,NA,NA,NA,NA,NA,NA,NA,NA,NA,NA,0,NA,NA,NA,NA,0,NA,NA,0,0,0,0,NA,NA,2011,0.7343059182167053,26.569408178329468,50,0,Punt,3727,"10/16/11, 13:03:12",2011-10-16T19:43:31Z,Commanders Field,"Sunny Temp: 68° F, Humidity: 26%, Wind: WSW 7 mph",10012011-1016-039d-ee8c-bc7446e5f587,0,0,PASS,0,NA,NA,NA,21,Punt,2011-10-16T19:39:24Z,7,4:26,2,0,0,4,4,0,PUNT,PUNT,10:50,06:24,PHI 11,50,3594,3751,20,13,Home,-7,33,-3,46.5,1,outdoors,grass,68,7,Mike Shanahan,Andy Reid,WAS00,FedExField,0,0,M.Vick,7,NA,NA,J.Avant,81,1,0,0,0,1,00-0020245,NA,00-0024324,M.Vick,7,00-0020245,J.Avant,00-0024324,J.Avant,00-0024324,0,0,-1.01074811629951,1.4137248205573412,6.103040403948398,4,0.40027427120367065,0.40027427120367065,0.8372788429260254,16.27211570739746,2011,Go for it,NA,NA,NA,NA,NA,NA,NA,NA,NA,NA,Punt,Go for it,Andy Reid,Mike Shanahan,7:21,NA,NA,NA,NA,NA,NA,NA,NA,NA,NA
3751,2011_06_PHI_WAS,2011101603,WAS,PHI,REG,6,PHI,away,WAS,50,50,2011-10-16,394,394,394,Half2,0,21,0,4,4,0,06:34,MID 50,3,39,"(6:34) 8-C.Henry punts 50 yards to end zone, Center-46-J.Dorenbos, Touchback.",punt,0,0,0,0,0,0,0,NA,NA,NA,NA,NA,NA,NA,50,NA,NA,2,2,0,NA,NA,NA,NA,2,2,6,20,20,6,14,20,6,14,0.33815163373947144,0.1399671733379364,0.001841393648646772,0.18871547281742096,0.13294824957847595,0.003984300885349512,0.19439181685447693,0,0,0.022963451454415917,-0.5959560407791287,-17.30563171948006,17.30563171948006,-6.465195079857949,6.465195079857949,-13.276827691701941,13.276827691701941,NA,NA,0,0,-8.973114668217022,8.973114668217022,-3.088343209004961,3.088343209004961,1.4346480299718678,-1.4346480299718678,-16.25902688374739,16.25902688374739,0.989819347858429,0.010180652141571045,0.010180652141571045,0.989819347858429,-0.023759670555591583,-0.015068687498569489,0.015068687498569489,0.03394032269716263,0.9660596773028374,0.9909714460372925,0.00902855396270752,-0.08872859925031662,0.08872859925031662,-0.4147118751417789,0.4147118751417789,NA,NA,0,0,-0.037062764167785645,0.037062764167785645,-0.26897982996813385,0.26897982996813385,-0.03737682104110718,0.03737682104110718,-0.386838306904951,0.386838306904951,0,0,0,0,0,0,0,0,0,1,0,0,0,0,0,0,0,0,0,0,0,0,0,0,0,0,0,0,0,0,0,0,0,0,0,0,0,0,0,0,0,0,0,1,0,0,0,0,0,0,0,NA,NA,NA,NA,NA,NA,NA,NA,NA,NA,NA,NA,NA,NA,NA,NA,NA,NA,NA,NA,NA,NA,NA,NA,NA,NA,NA,NA,NA,00-0028427,C.Henry,NA,NA,NA,NA,NA,NA,NA,NA,NA,NA,NA,NA,NA,NA,NA,NA,NA,NA,NA,NA,NA,NA,NA,NA,NA,NA,NA,NA,NA,NA,NA,NA,NA,NA,NA,NA,NA,NA,0,NA,NA,NA,NA,NA,NA,NA,NA,NA,NA,NA,NA,NA,NA,NA,NA,NA,NA,NA,NA,NA,NA,NA,NA,NA,NA,NA,NA,NA,NA,WAS,0,NA,NA,NA,NA,0,NA,NA,0,0,0,0,NA,NA,2011,NA,NA,50,0,Punt,3751,"10/16/11, 13:03:12",2011-10-16T19:44:18Z,Commanders Field,"Sunny Temp: 68° F, Humidity: 26%, Wind: WSW 7 mph",10012011-1016-039d-ee8c-bc7446e5f587,0,0,PUNT,1,NA,NA,NA,21,Punt,2011-10-16T19:39:24Z,7,4:26,2,0,0,4,4,0,PUNT,PUNT,10:50,06:24,PHI 11,50,3594,3751,20,13,Home,-7,33,-3,46.5,1,outdoors,grass,68,7,Mike Shanahan,Andy Reid,WAS00,FedExField,0,0,NA,NA,NA,NA,NA,NA,0,0,0,1,0,NA,NA,NA,NA,NA,NA,NA,NA,NA,NA,0,0,-0.5959560407791287,NA,NA,NA,NA,NA,NA,NA,2011,Punt,NA,0.3958928480715258,0.9980671071892804,NA,NA,0,0.9979141217190772,0.9996445571814547,0.9979141217190772,0.996543177796964,Field Goal,Punt,Andy Reid,Mike Shanahan,6:34,0,0,NA,40,100,NA,100,100,100,100
3772,2011_06_PHI_WAS,2011101603,WAS,PHI,REG,6,WAS,home,PHI,WAS,80,2011-10-16,384,384,384,Half2,0,22,0,4,1,0,06:24,WAS 20,10,80,(6:24) 12-J.Beck pass incomplete short middle to 83-F.Davis.,pass,0,0,0,1,0,0,0,short,middle,8,NA,NA,NA,NA,NA,NA,NA,2,2,0,NA,NA,NA,NA,2,2,6,20,6,20,-14,6,20,-14,0.3286187946796417,0.12508167326450348,0.0021132328547537327,0.15872050821781158,0.1541336625814438,0.0036436025984585285,0.2276884913444519,0,0,0.5729925893247128,-0.4212056742981076,-17.72683739377817,17.72683739377817,-6.465195079857949,6.465195079857949,-13.698033366000049,13.698033366000049,0.4001437302213162,-0.8213494045194238,0,0,-8.973114668217022,8.973114668217022,-3.088343209004961,3.088343209004961,1.834791760193184,-1.834791760193184,-17.080376288266812,17.080376288266812,0.03394032269716263,0.9660596773028374,0.03394032269716263,0.9660596773028374,-0.004367677494883537,-0.0022578034549951553,-0.0022578034549951553,0.02957264520227909,0.9704273547977209,0.024097241461277008,0.024097241461277008,-0.08872859925031662,0.08872859925031662,-0.4190795526366624,0.4190795526366624,0,-0.004367677494883537,0,0,-0.037062764167785645,0.037062764167785645,-0.26897982996813385,0.26897982996813385,-0.03737682104110718,0.03737682104110718,-0.39120598439983456,0.39120598439983456,0,0,0,0,0,0,0,0,1,0,0,0,0,0,0,0,0,0,0,0,0,0,0,0,0,0,0,0,0,0,0,0,0,1,0,0,0,0,0,0,0,0,0,0,0,0,0,0,0,0,0,00-0025427,J.Beck,NA,00-0026188,F.Davis,NA,NA,NA,NA,NA,NA,NA,NA,NA,NA,NA,NA,NA,NA,NA,NA,NA,NA,NA,NA,NA,NA,NA,NA,NA,NA,NA,NA,NA,NA,NA,NA,NA,NA,NA,NA,NA,NA,NA,NA,NA,NA,NA,NA,NA,NA,NA,NA,NA,NA,NA,NA,NA,NA,NA,NA,NA,NA,NA,NA,NA,NA,NA,NA,0,NA,NA,NA,NA,NA,NA,NA,NA,NA,NA,NA,NA,NA,NA,NA,NA,NA,NA,NA,NA,NA,NA,NA,NA,NA,NA,NA,NA,NA,NA,NA,0,NA,NA,NA,NA,0,NA,NA,0,0,0,0,NA,NA,2011,0.7181113958358765,-71.81113958358765,51,1,First down,3772,"10/16/11, 13:03:12",2011-10-16T19:46:38Z,Commanders Field,"Sunny Temp: 68° F, Humidity: 26%, Wind: WSW 7 mph",10012011-1016-039d-ee8c-bc7446e5f587,0,0,PASS,0,NA,NA,NA,22,Touchdown,2011-10-16T19:46:38Z,10,3:40,6,1,1,4,4,5,PUNT,TOUCHDOWN,06:24,02:44,WAS 20,PHI 2,3772,4047,20,13,Home,-7,33,-3,46.5,1,outdoors,grass,68,7,Mike Shanahan,Andy Reid,WAS00,FedExField,0,0,J.Beck,12,NA,NA,F.Davis,83,1,0,0,0,1,00-0025427,NA,00-0026188,J.Beck,12,00-0025427,F.Davis,00-0026188,F.Davis,00-0026188,0,0,-0.4212056742981076,0.3502099440852412,4.288974079143372,3,0.9983086197753437,0.6036981815122999,0.9205170273780823,7.9482972621917725,2011,Go for it,NA,NA,NA,NA,NA,NA,NA,NA,NA,NA,Punt,Go for it,Andy Reid,Mike Shanahan,6:24,NA,NA,NA,NA,NA,NA,NA,NA,NA,NA
3794,2011_06_PHI_WAS,2011101603,WAS,PHI,REG,6,WAS,home,PHI,WAS,80,2011-10-16,382,382,382,Half2,0,22,0,4,2,0,06:22,WAS 20,10,80,(6:22) 12-J.Beck pass short right to 10-J.Gaffney to WAS 30 for 10 yards (42-K.Coleman).,pass,10,0,0,1,0,0,0,short,right,6,4,NA,NA,NA,NA,NA,NA,2,2,0,NA,NA,NA,NA,2,2,6,20,6,20,-14,6,20,-14,0.32454943656921387,0.14227281510829926,0.002152856905013323,0.18250486254692078,0.1403072476387024,0.003593236207962036,0.20461955666542053,0,0,0.15178691502660513,0.8886954358313233,-16.838141957946846,16.838141957946846,-6.465195079857949,6.465195079857949,-12.809337930168725,12.809337930168725,-0.028194462414830923,0.9168898982461542,-0.028194462414830923,0.9168898982461542,-9.001309130631853,9.001309130631853,-2.1714533107588068,2.1714533107588068,1.806597297778353,-1.806597297778353,-16.16348639002066,16.16348639002066,0.02957264520227909,0.9704273547977209,0.02957264520227909,0.9704273547977209,0.01453462801873684,0.00438377819955349,0.00438377819955349,0.04410727322101593,0.9558927267789841,0.021839438006281853,0.021839438006281853,-0.08872859925031662,0.08872859925031662,-0.40454492461792557,0.40454492461792557,0,0.01453462801873684,0,0.01453462801873684,-0.037062764167785645,0.037062764167785645,-0.254445201949397,0.254445201949397,-0.03737682104110718,0.03737682104110718,-0.3766713563810977,0.3766713563810977,0,0,1,0,0,0,0,0,0,0,0,0,0,0,0,0,0,0,0,0,0,0,0,0,1,0,0,0,0,0,0,0,0,1,0,0,0,0,0,0,0,0,0,0,0,1,0,0,0,0,0,00-0025427,J.Beck,10,00-0021163,J.Gaffney,10,NA,NA,NA,NA,NA,NA,NA,NA,NA,NA,NA,NA,NA,NA,NA,NA,NA,NA,NA,NA,NA,NA,NA,NA,NA,NA,NA,NA,NA,NA,NA,NA,NA,NA,NA,NA,NA,NA,NA,NA,NA,NA,NA,NA,NA,PHI,NA,00-0027835,NA,K.Coleman,NA,NA,NA,NA,NA,NA,NA,NA,NA,NA,NA,NA,NA,0,NA,NA,NA,NA,NA,NA,NA,NA,NA,NA,NA,NA,NA,NA,NA,NA,NA,NA,NA,NA,NA,NA,NA,NA,NA,NA,NA,NA,NA,NA,NA,0,NA,NA,NA,NA,0,NA,NA,0,0,0,0,NA,NA,2011,0.7246716022491455,27.53283977508545,51,1,First down,3794,"10/16/11, 13:03:12",2011-10-16T19:47:09Z,Commanders Field,"Sunny Temp: 68° F, Humidity: 26%, Wind: WSW 7 mph",10012011-1016-039d-ee8c-bc7446e5f587,0,0,PASS,0,NA,NA,NA,22,Touchdown,2011-10-16T19:46:38Z,10,3:40,6,1,1,4,4,5,PUNT,TOUCHDOWN,06:24,02:44,WAS 20,PHI 2,3772,4047,20,13,Home,-7,33,-3,46.5,1,outdoors,grass,68,7,Mike Shanahan,Andy Reid,WAS00,FedExField,0,1,J.Beck,12,NA,NA,J.Gaffney,10,1,0,1,0,1,00-0025427,NA,00-0021163,J.Beck,12,00-0025427,J.Gaffney,00-0021163,J.Gaffney,00-0021163,0,0,0.8886954358313233,0.5486185579192774,3.607297715068853,2,0.714791638078168,0.3110741872806102,0.934122622013092,6.587737798690796,2011,Go for it,NA,NA,NA,NA,NA,NA,NA,NA,NA,NA,Punt,Go for it,Andy Reid,Mike Shanahan,6:22,NA,NA,NA,NA,NA,NA,NA,NA,NA,NA
3818,2011_06_PHI_WAS,2011101603,WAS,PHI,REG,6,WAS,home,PHI,WAS,70,2011-10-16,341,341,341,Half2,0,22,0,4,1,0,05:41,WAS 30,10,80,(5:41) (Shotgun) 12-J.Beck pass incomplete short middle to 29-R.Helu (59-B.Rolle).,pass,0,1,0,1,0,0,0,short,middle,5,NA,NA,NA,NA,NA,NA,NA,2,2,0,NA,NA,NA,NA,2,2,6,20,6,20,-14,6,20,-14,0.34814706444740295,0.0967184528708458,0.0017649073852226138,0.13232167065143585,0.16672489047050476,0.004003256093710661,0.2503197193145752,0,0,1.0404823508579284,-0.39303901861421764,-17.231180976561063,17.231180976561063,-6.465195079857949,6.465195079857949,-13.202376948782943,13.202376948782943,-0.009947656420990825,-0.3830913621932268,0,0,-9.001309130631853,9.001309130631853,-2.1714533107588068,2.1714533107588068,1.7966496413573623,-1.7966496413573623,-16.546577752213885,16.546577752213885,0.04410727322101593,0.9558927267789841,0.04410727322101593,0.9558927267789841,-0.007634375244379044,-0.0026008114218711853,-0.0026008114218711853,0.03647289797663689,0.9635271020233631,0.026223216205835342,0.026223216205835342,-0.08872859925031662,0.08872859925031662,-0.4121792998623046,0.4121792998623046,0,-0.007634375244379044,0,0,-0.037062764167785645,0.037062764167785645,-0.254445201949397,0.254445201949397,-0.03737682104110718,0.03737682104110718,-0.38430573162547677,0.38430573162547677,0,0,0,0,0,0,0,0,1,0,0,0,0,0,0,0,0,0,0,0,0,0,0,0,0,0,0,0,0,0,0,0,0,1,0,0,0,0,0,0,0,0,0,0,0,0,0,0,0,0,0,00-0025427,J.Beck,NA,00-0028043,R.Helu,NA,NA,NA,NA,NA,NA,NA,NA,NA,NA,NA,NA,NA,NA,NA,NA,NA,NA,NA,NA,NA,NA,NA,NA,NA,NA,NA,NA,NA,NA,NA,NA,NA,NA,NA,NA,NA,NA,NA,NA,NA,NA,NA,NA,NA,NA,NA,NA,NA,NA,NA,NA,NA,NA,NA,NA,NA,NA,NA,NA,NA,NA,NA,NA,0,NA,NA,NA,NA,NA,NA,00-0028131,B.Rolle,NA,NA,NA,NA,NA,NA,NA,NA,NA,NA,NA,NA,NA,NA,NA,NA,NA,NA,NA,NA,NA,NA,NA,0,NA,NA,NA,NA,0,NA,NA,0,0,0,0,NA,NA,2011,0.7623459100723267,-76.23459100723267,52,1,First down,3818,"10/16/11, 13:03:12",2011-10-16T19:47:50Z,Commanders Field,"Sunny Temp: 68° F, Humidity: 26%, Wind: WSW 7 mph",10012011-1016-039d-ee8c-bc7446e5f587,0,0,PASS,0,NA,NA,NA,22,Touchdown,2011-10-16T19:46:38Z,10,3:40,6,1,1,4,4,5,PUNT,TOUCHDOWN,06:24,02:44,WAS 20,PHI 2,3772,4047,20,13,Home,-7,33,-3,46.5,1,outdoors,grass,68,7,Mike Shanahan,Andy Reid,WAS00,FedExField,0,0,J.Beck,12,NA,NA,R.Helu,29,1,0,0,0,1,00-0025427,NA,00-0028043,J.Beck,12,00-0025427,R.Helu,00-0028043,R.Helu,00-0028043,0,0,-0.39303901861421764,0.5514586887229914,4.562734405750234,3,0.816732480248902,0.3120088419527747,0.9192328453063965,8.076715469360352,2011,Go for it,NA,NA,NA,NA,NA,NA,NA,NA,NA,NA,Punt,Go for it,Andy Reid,Mike Shanahan,5:41,NA,NA,NA,NA,NA,NA,NA,NA,NA,NA
3840,2011_06_PHI_WAS,2011101603,WAS,PHI,REG,6,WAS,home,PHI,WAS,70,2011-10-16,336,336,336,Half2,0,22,0,4,2,0,05:36,WAS 30,10,80,"(5:36) (Shotgun) 12-J.Beck pass incomplete deep right to 19-D.Stallworth. PENALTY on PHI-51-J.Chaney, Defensive Holding, 5 yards, enforced at WAS 30 - No Play.",no_play,0,1,0,0,0,0,0,NA,NA,NA,NA,NA,NA,NA,NA,NA,NA,2,2,0,NA,NA,NA,NA,2,2,6,20,6,20,-14,6,20,-14,0.355866402387619,0.10872533917427063,0.0012358746025711298,0.15269215404987335,0.15134163200855255,0.004011823330074549,0.2261268049478531,0,0,0.6474433322437108,0.6101414419244975,-16.621039534636566,16.621039534636566,-6.465195079857949,6.465195079857949,-13.202376948782943,13.202376948782943,NA,NA,0,0,-9.001309130631853,9.001309130631853,-2.1714533107588068,2.1714533107588068,1.7966496413573623,-1.7966496413573623,-16.546577752213885,16.546577752213885,0.03647289797663689,0.9635271020233631,0.03647289797663689,0.9635271020233631,0.006177142262458801,0.0036565400660037994,0.0036565400660037994,0.04265004023909569,0.9573499597609043,0.023622404783964157,0.023622404783964157,-0.08872859925031662,0.08872859925031662,-0.4121792998623046,0.4121792998623046,NA,NA,0,0,-0.037062764167785645,0.037062764167785645,-0.254445201949397,0.254445201949397,-0.03737682104110718,0.03737682104110718,-0.38430573162547677,0.38430573162547677,0,0,0,1,0,0,0,0,0,0,0,0,0,0,0,0,0,0,0,0,0,0,0,0,0,0,1,0,0,0,0,0,0,0,0,0,0,0,0,0,0,0,0,0,0,0,0,0,0,0,0,NA,NA,NA,NA,NA,NA,NA,NA,NA,NA,NA,NA,NA,NA,NA,NA,NA,NA,NA,NA,NA,NA,NA,NA,NA,NA,NA,NA,NA,NA,NA,NA,NA,NA,NA,NA,NA,NA,NA,NA,NA,NA,NA,NA,NA,NA,NA,NA,NA,NA,NA,NA,NA,NA,NA,NA,NA,NA,NA,NA,NA,NA,NA,NA,NA,NA,NA,NA,NA,0,NA,NA,NA,NA,NA,NA,NA,NA,NA,NA,NA,NA,NA,NA,NA,NA,NA,NA,NA,NA,NA,NA,NA,NA,NA,NA,NA,NA,NA,NA,NA,0,PHI,00-0027814,J.Chaney,5,0,NA,Defensive Holding,0,0,0,0,NA,NA,2011,NA,NA,52,1,First down,3840,"10/16/11, 13:03:12",2011-10-16T19:48:30Z,Commanders Field,"Sunny Temp: 68° F, Humidity: 26%, Wind: WSW 7 mph",10012011-1016-039d-ee8c-bc7446e5f587,0,0,PENALTY,0,NA,NA,NA,22,Touchdown,2011-10-16T19:46:38Z,10,3:40,6,1,1,4,4,5,PUNT,TOUCHDOWN,06:24,02:44,WAS 20,PHI 2,3772,4047,20,13,Home,-7,33,-3,46.5,1,outdoors,grass,68,7,Mike Shanahan,Andy Reid,WAS00,FedExField,0,1,J.Beck,12,NA,NA,D.Stallworth,19,1,0,1,0,1,00-0025427,NA,00-0021147,J.Beck,12,00-0025427,NA,NA,D.Stallworth,00-0021147,0,0,0.6101414419244975,NA,NA,NA,NA,NA,0.9433531165122986,5.664688348770142,2011,Other,NA,NA,NA,NA,NA,NA,NA,NA,NA,NA,Punt,Go for it (Penalty),Andy Reid,Mike Shanahan,5:36,NA,NA,NA,NA,NA,NA,NA,NA,NA,NA
3873,2011_06_PHI_WAS,2011101603,WAS,PHI,REG,6,WAS,home,PHI,WAS,65,2011-10-16,327,327,327,Half2,0,22,0,4,1,0,05:27,WAS 35,10,80,(5:27) (Shotgun) 12-J.Beck pass short left to 89-S.Moss to 50 for 15 yards (94-D.Landri).,pass,15,1,0,1,0,0,0,short,left,-5,20,NA,NA,NA,NA,NA,NA,2,2,0,NA,NA,NA,NA,2,2,6,20,6,20,-14,6,20,-14,0.34963318705558777,0.08263730257749557,0.0010293301893398166,0.12137585878372192,0.18407303094863892,0.004758331459015608,0.25649294257164,0,0,1.2575847741682082,0.9869728487101384,-15.634066685926426,15.634066685926426,-6.465195079857949,6.465195079857949,-12.215404100072805,12.215404100072805,-0.9212755549233407,1.908248403633479,-0.9212755549233407,1.908248403633479,-9.922584685555194,9.922584685555194,-0.26320490712532774,0.26320490712532774,0.8753740864340216,-0.8753740864340216,-14.638329348580408,14.638329348580408,0.04265004023909569,0.9573499597609043,0.04265004023909569,0.9573499597609043,-0.006111018359661102,-0.003046467900276184,-0.003046467900276184,0.036539021879434586,0.9634609781205654,0.027278944849967957,0.027278944849967957,-0.08872859925031662,0.08872859925031662,-0.4182903182219657,0.4182903182219657,0,-0.006111018359661102,0,-0.006111018359661102,-0.037062764167785645,0.037062764167785645,-0.2605562203090581,0.2605562203090581,-0.03737682104110718,0.03737682104110718,-0.39041674998513787,0.39041674998513787,0,0,1,0,0,0,0,0,0,0,0,0,0,0,0,0,0,0,0,0,0,0,0,0,1,0,0,0,0,0,0,0,0,1,0,0,0,0,0,0,0,0,0,0,0,1,0,0,0,0,0,00-0025427,J.Beck,15,00-0020494,S.Moss,15,NA,NA,NA,NA,NA,NA,NA,NA,NA,NA,NA,NA,NA,NA,NA,NA,NA,NA,NA,NA,NA,NA,NA,NA,NA,NA,NA,NA,NA,NA,NA,NA,NA,NA,NA,NA,NA,NA,NA,NA,NA,NA,NA,NA,NA,PHI,NA,00-0025553,NA,D.Landri,NA,NA,NA,NA,NA,NA,NA,NA,NA,NA,NA,NA,NA,0,NA,NA,NA,NA,NA,NA,NA,NA,NA,NA,NA,NA,NA,NA,NA,NA,NA,NA,NA,NA,NA,NA,NA,NA,NA,NA,NA,NA,NA,NA,NA,0,NA,NA,NA,NA,0,NA,NA,0,0,0,0,NA,NA,2011,0.8269166350364685,17.30833649635315,53,1,First down,3873,"10/16/11, 13:03:12",2011-10-16T19:49:32Z,Commanders Field,"Sunny Temp: 68° F, Humidity: 26%, Wind: WSW 7 mph",10012011-1016-039d-ee8c-bc7446e5f587,0,0,PASS,0,NA,NA,NA,22,Touchdown,2011-10-16T19:46:38Z,10,3:40,6,1,1,4,4,5,PUNT,TOUCHDOWN,06:24,02:44,WAS 20,PHI 2,3772,4047,20,13,Home,-7,33,-3,46.5,1,outdoors,grass,68,7,Mike Shanahan,Andy Reid,WAS00,FedExField,0,1,J.Beck,12,NA,NA,S.Moss,89,1,0,1,0,1,00-0025427,NA,00-0020494,J.Beck,12,00-0025427,S.Moss,00-0020494,S.Moss,00-0020494,0,0,0.9869728487101384,1.1233765150871526,11.313361207598064,10,0.5047063144738786,0.2414815525407903,0.9233072996139526,7.669270038604736,2011,Go for it,NA,NA,NA,NA,NA,NA,NA,NA,NA,NA,Punt,Go for it,Andy Reid,Mike Shanahan,5:27,NA,NA,NA,NA,NA,NA,NA,NA,NA,NA
3897,2011_06_PHI_WAS,2011101603,WAS,PHI,REG,6,WAS,home,PHI,50,50,2011-10-16,291,291,291,Half2,0,22,0,4,1,0,04:51,MID 50,10,80,(4:51) 12-J.Beck pass short left to 29-R.Helu pushed ob at PHI 42 for 8 yards (42-K.Coleman) [94-D.Landri].,pass,8,0,0,1,0,0,0,short,left,-2,10,NA,NA,NA,NA,NA,NA,2,2,0,NA,NA,NA,NA,2,2,6,20,6,20,-14,6,20,-14,0.3208160102367401,0.056858040392398834,4.2450238834135234e-4,0.07581958174705505,0.21294154226779938,0.004817847162485123,0.32832249999046326,0,0,2.2445576228783466,0.56427070411155,-15.069795981814876,15.069795981814876,-6.465195079857949,6.465195079857949,-11.651133395961255,11.651133395961255,-0.8397426488227211,1.404013352934271,-0.8397426488227211,1.404013352934271,-10.762327334377915,10.762327334377915,1.1408084458089434,-1.1408084458089434,0.0356314376113005,-0.0356314376113005,-13.234315995646137,13.234315995646137,0.036539021879434586,0.9634609781205654,0.036539021879434586,0.9634609781205654,-0.0013863258063793182,0.004569137468934059,0.004569137468934059,0.03515269607305527,0.9648473039269447,0.024232476949691772,0.024232476949691772,-0.08872859925031662,0.08872859925031662,-0.41967664402834504,0.41967664402834504,0,-0.0013863258063793182,0,-0.0013863258063793182,-0.037062764167785645,0.037062764167785645,-0.26194254611543744,0.26194254611543744,-0.03737682104110718,0.03737682104110718,-0.3918030757915172,0.3918030757915172,0,0,0,0,0,0,0,0,0,0,0,0,0,0,0,0,0,0,0,0,0,0,0,0,1,0,0,0,0,0,0,1,0,1,0,0,0,0,0,0,0,0,0,0,0,1,0,0,0,0,0,00-0025427,J.Beck,8,00-0028043,R.Helu,8,NA,NA,NA,NA,NA,NA,NA,NA,NA,NA,NA,NA,NA,NA,NA,NA,NA,NA,NA,NA,NA,NA,NA,NA,NA,NA,NA,NA,NA,NA,NA,NA,NA,NA,NA,00-0025553,D.Landri,NA,NA,NA,NA,NA,NA,NA,NA,PHI,NA,00-0027835,NA,K.Coleman,NA,NA,NA,NA,NA,NA,NA,NA,NA,NA,NA,NA,NA,0,NA,NA,NA,NA,NA,NA,NA,NA,NA,NA,NA,NA,NA,NA,NA,NA,NA,NA,NA,NA,NA,NA,NA,NA,NA,NA,NA,NA,NA,NA,NA,0,NA,NA,NA,NA,0,NA,NA,0,0,0,0,NA,NA,2011,0.5189772844314575,48.10227155685425,54,1,First down,3897,"10/16/11, 13:03:12",2011-10-16T19:50:08Z,Commanders Field,"Sunny Temp: 68° F, Humidity: 26%, Wind: WSW 7 mph",10012011-1016-039d-ee8c-bc7446e5f587,0,0,PASS,0,NA,NA,NA,22,Touchdown,2011-10-16T19:46:38Z,10,3:40,6,1,1,4,4,5,PUNT,TOUCHDOWN,06:24,02:44,WAS 20,PHI 2,3772,4047,20,13,Home,-7,33,-3,46.5,1,outdoors,grass,68,7,Mike Shanahan,Andy Reid,WAS00,FedExField,0,1,J.Beck,12,NA,NA,R.Helu,29,1,0,0,0,1,00-0025427,NA,00-0028043,J.Beck,12,00-0025427,R.Helu,00-0028043,R.Helu,00-0028043,1,0,0.56427070411155,1.0790774520591542,8.951510751474416,7,0.553055630880408,0.257276592659764,0.9465289115905762,5.347108840942383,2011,Go for it,NA,NA,NA,NA,NA,NA,NA,NA,NA,NA,Punt,Go for it,Andy Reid,Mike Shanahan,4:51,NA,NA,NA,NA,NA,NA,NA,NA,NA,NA
3926,2011_06_PHI_WAS,2011101603,WAS,PHI,REG,6,WAS,home,PHI,PHI,42,2011-10-16,283,283,283,Half2,0,22,0,4,2,0,04:43,PHI 42,2,80,"(4:43) (Shotgun) 12-J.Beck to PHI 49 for -7 yards. FUMBLES, and recovers at PHI 49. 12-J.Beck sacked at PHI 49 for -7 yards (55-D.Tapp).",pass,-7,1,0,1,0,0,0,NA,NA,NA,NA,NA,NA,NA,NA,NA,NA,2,2,0,NA,NA,NA,NA,2,2,6,20,6,20,-14,6,20,-14,0.2770709991455078,0.0477917455136776,3.244857653044164e-4,0.06207304447889328,0.21902689337730408,0.0051413304172456264,0.38857150077819824,0,0,2.8088283269898966,-1.6896962753380649,-16.759492257152942,16.759492257152942,-6.465195079857949,6.465195079857949,-13.34082967129932,13.34082967129932,NA,NA,0,0,-10.762327334377915,10.762327334377915,1.1408084458089434,-1.1408084458089434,0.0356314376113005,-0.0356314376113005,-13.234315995646137,13.234315995646137,0.03515269607305527,0.9648473039269447,0.03515269607305527,0.9648473039269447,-0.01231016032397747,-0.013967729173600674,-0.013967729173600674,0.022842535749077797,0.9771574642509222,0.02880161441862583,0.02880161441862583,-0.08872859925031662,0.08872859925031662,-0.4319868043523225,0.4319868043523225,NA,NA,0,0,-0.037062764167785645,0.037062764167785645,-0.26194254611543744,0.26194254611543744,-0.03737682104110718,0.03737682104110718,-0.3918030757915172,0.3918030757915172,0,0,0,0,0,0,0,0,0,0,0,0,0,0,0,0,0,0,0,0,0,0,1,0,1,0,0,0,0,0,0,1,0,1,1,0,0,0,0,0,0,0,0,0,1,0,0,0,0,0,0,00-0025427,J.Beck,NA,NA,NA,NA,NA,NA,NA,NA,NA,NA,NA,NA,NA,NA,NA,NA,NA,NA,NA,NA,NA,NA,NA,NA,NA,NA,NA,NA,NA,NA,NA,NA,NA,NA,NA,00-0024278,D.Tapp,NA,NA,00-0024278,D.Tapp,NA,NA,NA,NA,NA,NA,NA,NA,PHI,NA,00-0024278,NA,D.Tapp,NA,NA,NA,NA,NA,NA,NA,NA,NA,NA,NA,NA,NA,0,NA,NA,NA,NA,NA,NA,NA,NA,NA,NA,WAS,00-0025427,J.Beck,NA,NA,NA,WAS,0,00-0025427,J.Beck,NA,NA,NA,NA,00-0024278,D.Tapp,NA,NA,NA,NA,NA,0,NA,NA,NA,NA,0,NA,NA,0,0,0,0,NA,NA,2011,NA,NA,54,1,First down,3926,"10/16/11, 13:03:12",2011-10-16T19:50:45Z,Commanders Field,"Sunny Temp: 68° F, Humidity: 26%, Wind: WSW 7 mph",10012011-1016-039d-ee8c-bc7446e5f587,0,0,SACK,0,NA,NA,NA,22,Touchdown,2011-10-16T19:46:38Z,10,3:40,6,1,1,4,4,5,PUNT,TOUCHDOWN,06:24,02:44,WAS 20,PHI 2,3772,4047,20,13,Home,-7,33,-3,46.5,1,outdoors,grass,68,7,Mike Shanahan,Andy Reid,WAS00,FedExField,0,0,J.Beck,12,NA,NA,NA,NA,1,0,0,0,1,00-0025427,NA,NA,J.Beck,12,00-0025427,NA,NA,NA,NA,0,0,-1.6896962753380649,NA,NA,NA,NA,NA,0.8864588737487793,11.35411262512207,2011,Go for it,NA,NA,NA,NA,NA,NA,NA,NA,NA,NA,Punt,Go for it,Andy Reid,Mike Shanahan,4:43,NA,NA,NA,NA,NA,NA,NA,NA,NA,NA
3945,2011_06_PHI_WAS,2011101603,WAS,PHI,REG,6,WAS,home,PHI,PHI,49,2011-10-16,251,251,251,Half2,0,22,0,4,3,0,04:11,PHI 49,9,80,(4:11) (Shotgun) 12-J.Beck pass incomplete deep middle to 10-J.Gaffney [93-J.Babin].,pass,0,1,0,1,0,0,0,deep,middle,29,NA,NA,NA,NA,NA,NA,NA,2,2,0,NA,NA,NA,NA,2,2,6,20,6,20,-14,6,20,-14,0.4016282558441162,0.07215835154056549,4.593089979607612e-4,0.11600696295499802,0.17218995094299316,0.006179083604365587,0.23137806355953217,0,0,1.1191320516518317,-1.2752992667374201,-18.034791523890362,18.034791523890362,-6.465195079857949,6.465195079857949,-14.61612893803674,14.61612893803674,3.100748957891483,-4.376048224628903,0,0,-10.762327334377915,10.762327334377915,1.1408084458089434,-1.1408084458089434,3.1363803955027834,-3.1363803955027834,-17.610364220275038,17.610364220275038,0.022842535749077797,0.9771574642509222,0.022842535749077797,0.9771574642509222,-0.006138615310192108,-0.0039138346910476685,-0.0039138346910476685,0.01670392043888569,0.9832960795611143,0.014833885245025158,0.014833885245025158,-0.08872859925031662,0.08872859925031662,-0.4381254196625146,0.4381254196625146,0,-0.006138615310192108,0,0,-0.037062764167785645,0.037062764167785645,-0.26194254611543744,0.26194254611543744,-0.03737682104110718,0.03737682104110718,-0.3979416911017093,0.3979416911017093,0,0,0,0,0,1,0,0,1,0,0,0,0,0,0,0,0,0,0,0,0,0,0,0,0,0,0,0,0,0,0,1,0,1,0,0,0,0,0,0,0,0,0,0,0,0,0,0,0,0,0,00-0025427,J.Beck,NA,00-0021163,J.Gaffney,NA,NA,NA,NA,NA,NA,NA,NA,NA,NA,NA,NA,NA,NA,NA,NA,NA,NA,NA,NA,NA,NA,NA,NA,NA,NA,NA,NA,NA,NA,NA,NA,NA,NA,NA,NA,00-0022695,J.Babin,NA,NA,NA,NA,NA,NA,NA,NA,NA,NA,NA,NA,NA,NA,NA,NA,NA,NA,NA,NA,NA,NA,NA,NA,NA,NA,0,NA,NA,NA,NA,NA,NA,NA,NA,NA,NA,NA,NA,NA,NA,NA,NA,NA,NA,NA,NA,NA,NA,NA,NA,NA,NA,NA,NA,NA,NA,NA,0,NA,NA,NA,NA,0,NA,NA,0,0,0,0,NA,NA,2011,0.25339239835739136,-25.339239835739136,54,1,First down,3945,"10/16/11, 13:03:12",2011-10-16T19:51:27Z,Commanders Field,"Sunny Temp: 68° F, Humidity: 26%, Wind: WSW 7 mph",10012011-1016-039d-ee8c-bc7446e5f587,0,0,PASS,0,NA,NA,NA,22,Touchdown,2011-10-16T19:46:38Z,10,3:40,6,1,1,4,4,5,PUNT,TOUCHDOWN,06:24,02:44,WAS 20,PHI 2,3772,4047,20,13,Home,-7,33,-3,46.5,1,outdoors,grass,68,7,Mike Shanahan,Andy Reid,WAS00,FedExField,0,0,J.Beck,12,NA,NA,J.Gaffney,10,1,0,0,0,1,00-0025427,NA,00-0021163,J.Beck,12,00-0025427,J.Gaffney,00-0021163,J.Gaffney,00-0021163,0,0,-1.2752992667374201,0.8478494824887948,7.65039703756338,5,1,1,0.9906299710273743,0.9370028972625732,2011,Go for it,NA,NA,NA,NA,NA,NA,NA,NA,NA,NA,Punt,Go for it,Andy Reid,Mike Shanahan,4:11,NA,NA,NA,NA,NA,NA,NA,NA,NA,NA
3967,2011_06_PHI_WAS,2011101603,WAS,PHI,REG,6,WAS,home,PHI,PHI,49,2011-10-16,245,245,245,Half2,0,22,0,4,4,0,04:05,PHI 49,9,80,(4:05) 12-J.Beck pass short right to 19-D.Stallworth to PHI 34 for 15 yards (42-K.Coleman).,pass,15,0,0,1,0,0,0,short,right,9,6,NA,NA,NA,NA,NA,NA,2,2,0,NA,NA,NA,NA,2,2,6,20,6,20,-14,6,20,-14,0.4659709334373474,0.10600458085536957,4.464240628294647e-4,0.16718363761901855,0.10796047747135162,0.01157884020358324,0.1408551037311554,0,0,-0.1561672150855884,3.2661779306363314,-14.76861359325403,14.76861359325403,-6.465195079857949,6.465195079857949,-11.349951007400408,11.349951007400408,2.9590508259716444,0.30712710466468707,2.9590508259716444,0.30712710466468707,-7.80327650840627,7.80327650840627,1.4479355504736304,-1.4479355504736304,6.095431221474428,-6.095431221474428,-17.30323711561035,17.30323711561035,0.01670392043888569,0.9832960795611143,0.01670392043888569,0.9832960795611143,0.018325353041291237,0.011211414821445942,0.011211414821445942,0.035029273480176926,0.9649707265198231,0.01092005055397749,0.01092005055397749,-0.08872859925031662,0.08872859925031662,-0.4198000666212234,0.4198000666212234,0,0.018325353041291237,0,0.018325353041291237,-0.037062764167785645,0.037062764167785645,-0.2436171930741462,0.2436171930741462,-0.03737682104110718,0.03737682104110718,-0.37961633806041806,0.37961633806041806,0,0,1,0,0,0,1,0,0,0,0,0,0,0,0,0,0,0,0,0,0,0,0,0,1,0,0,0,0,0,0,0,0,1,0,0,0,0,0,0,0,0,0,0,0,1,0,0,0,0,0,00-0025427,J.Beck,15,00-0021147,D.Stallworth,15,NA,NA,NA,NA,NA,NA,NA,NA,NA,NA,NA,NA,NA,NA,NA,NA,NA,NA,NA,NA,NA,NA,NA,NA,NA,NA,NA,NA,NA,NA,NA,NA,NA,NA,NA,NA,NA,NA,NA,NA,NA,NA,NA,NA,NA,PHI,NA,00-0027835,NA,K.Coleman,NA,NA,NA,NA,NA,NA,NA,NA,NA,NA,NA,NA,NA,0,NA,NA,NA,NA,NA,NA,NA,NA,NA,NA,NA,NA,NA,NA,NA,NA,NA,NA,NA,NA,NA,NA,NA,NA,NA,NA,NA,NA,NA,NA,NA,0,NA,NA,NA,NA,0,NA,NA,0,0,0,0,NA,NA,2011,0.531472384929657,46.8527615070343,54,1,First down,3967,"10/16/11, 13:03:12",2011-10-16T19:52:12Z,Commanders Field,"Sunny Temp: 68° F, Humidity: 26%, Wind: WSW 7 mph",10012011-1016-039d-ee8c-bc7446e5f587,0,0,PASS,0,NA,NA,NA,22,Touchdown,2011-10-16T19:46:38Z,10,3:40,6,1,1,4,4,5,PUNT,TOUCHDOWN,06:24,02:44,WAS 20,PHI 2,3772,4047,20,13,Home,-7,33,-3,46.5,1,outdoors,grass,68,7,Mike Shanahan,Andy Reid,WAS00,FedExField,0,1,J.Beck,12,NA,NA,D.Stallworth,19,1,0,1,0,1,00-0025427,NA,00-0021147,J.Beck,12,00-0025427,D.Stallworth,00-0021147,D.Stallworth,00-0021147,0,0,3.2661779306363314,0.09466585773661906,3.6369379480020143,1,0.9588543613208458,0.9588543613208458,0.9909458160400391,0.90541839599609375,2011,Go for it,NA,0.24112584006070392,0.07172095601046685,NA,NA,0,0.06273610482458025,0.2510507919942029,0.06273610482458025,0.14773098766637519,Punt,Go for it,Andy Reid,Mike Shanahan,4:05,0,0,NA,24,7,NA,15,6,25,6
3995,2011_06_PHI_WAS,2011101603,WAS,PHI,REG,6,WAS,home,PHI,PHI,34,2011-10-16,211,211,211,Half2,0,22,0,4,1,0,03:31,PHI 34,10,80,(3:31) (Shotgun) 12-J.Beck pass deep right to 18-T.Austin to PHI 2 for 32 yards (22-A.Samuel).,pass,32,1,0,1,0,0,0,deep,right,27,5,NA,NA,NA,NA,NA,NA,2,2,0,NA,NA,NA,NA,2,2,6,20,6,20,-14,6,20,-14,0.24826712906360626,0.03471281751990318,2.7475605020299554e-4,0.04258788749575615,0.29828402400016785,0.0026303960476070642,0.3732430040836334,0,0,3.110010715550743,2.875948373985011,-11.892665219269018,11.892665219269018,-6.465195079857949,6.465195079857949,-8.474002633415397,8.474002633415397,1.9962790481222328,0.8796693258627784,1.9962790481222328,0.8796693258627784,-5.8069974602840375,5.8069974602840375,2.327604876336409,-2.327604876336409,8.09171026959666,-8.09171026959666,-16.423567789747572,16.423567789747572,0.035029273480176926,0.9649707265198231,0.035029273480176926,0.9649707265198231,0.010939370840787888,0.01590380072593689,0.01590380072593689,0.04596864432096481,0.9540313556790352,0.02213146537542343,0.02213146537542343,-0.08872859925031662,0.08872859925031662,-0.4088606957804355,0.4088606957804355,0,0.010939370840787888,0,0.010939370840787888,-0.037062764167785645,0.037062764167785645,-0.2326778222333583,0.2326778222333583,-0.03737682104110718,0.03737682104110718,-0.36867696721963017,0.36867696721963017,0,0,1,0,0,0,0,0,0,0,0,0,0,0,0,0,0,0,0,0,0,0,0,0,1,0,0,0,0,0,0,0,0,1,0,0,0,0,0,0,0,0,0,0,0,1,0,0,0,0,0,00-0025427,J.Beck,32,00-0027813,T.Austin,32,NA,NA,NA,NA,NA,NA,NA,NA,NA,NA,NA,NA,NA,NA,NA,NA,NA,NA,NA,NA,NA,NA,NA,NA,NA,NA,NA,NA,NA,NA,NA,NA,NA,NA,NA,NA,NA,NA,NA,NA,NA,NA,NA,NA,NA,PHI,NA,00-0021956,NA,A.Samuel,NA,NA,NA,NA,NA,NA,NA,NA,NA,NA,NA,NA,NA,0,NA,NA,NA,NA,NA,NA,NA,NA,NA,NA,NA,NA,NA,NA,NA,NA,NA,NA,NA,NA,NA,NA,NA,NA,NA,NA,NA,NA,NA,NA,NA,0,NA,NA,NA,NA,0,NA,NA,0,0,0,0,NA,NA,2011,0.3245812654495239,67.54187345504761,55,1,First down,3995,"10/16/11, 13:03:12",2011-10-16T19:52:47Z,Commanders Field,"Sunny Temp: 68° F, Humidity: 26%, Wind: WSW 7 mph",10012011-1016-039d-ee8c-bc7446e5f587,0,0,PASS,0,NA,NA,NA,22,Touchdown,2011-10-16T19:46:38Z,10,3:40,6,1,1,4,4,5,PUNT,TOUCHDOWN,06:24,02:44,WAS 20,PHI 2,3772,4047,20,13,Home,-7,33,-3,46.5,1,outdoors,grass,68,7,Mike Shanahan,Andy Reid,WAS00,FedExField,0,1,J.Beck,12,NA,NA,T.Austin,18,1,0,1,0,1,00-0025427,NA,00-0027813,J.Beck,12,00-0025427,T.Austin,00-0027813,T.Austin,00-0027813,0,0,2.875948373985011,0.9670137914189052,3.8584540069568902,4,1,1,0.9552455544471741,4.475444555282593,2011,Go for it,NA,NA,NA,NA,NA,NA,NA,NA,NA,NA,Punt,Go for it,Andy Reid,Mike Shanahan,3:31,NA,NA,NA,NA,NA,NA,NA,NA,NA,NA
4030,2011_06_PHI_WAS,2011101603,WAS,PHI,REG,6,WAS,home,PHI,PHI,2,2011-10-16,168,168,168,Half2,0,22,1,4,1,1,02:48,PHI 2,2,80,"(2:48) 12-J.Beck up the middle for 2 yards, TOUCHDOWN.",run,2,0,0,0,0,0,0,NA,NA,NA,NA,middle,NA,NA,NA,NA,NA,2,2,0,NA,WAS,J.Beck,00-0025427,2,2,12,20,6,20,-14,12,20,-8,0.06930007040500641,0.004861062858253717,1.553542970214039e-4,0.0070606134831905365,0.09038558602333069,0.0037081630434840918,0.8245291709899902,0,0,5.985959089535754,1.0140409104642458,-10.878624308804772,10.878624308804772,-5.451154169393703,5.451154169393703,-8.474002633415397,8.474002633415397,NA,NA,0,0,-5.8069974602840375,5.8069974602840375,2.327604876336409,-2.327604876336409,8.09171026959666,-8.09171026959666,-16.423567789747572,16.423567789747572,0.04596864432096481,0.9540313556790352,0.04596864432096481,0.9540313556790352,0.024595667888499095,0.014081269273187536,0.014081269273187536,0.07056431220946391,0.9294356877905361,0.03803526610136032,0.03803526610136032,-0.06413293136181752,0.06413293136181752,-0.4088606957804355,0.4088606957804355,NA,NA,0,0,-0.037062764167785645,0.037062764167785645,-0.2326778222333583,0.2326778222333583,-0.03737682104110718,0.03737682104110718,-0.36867696721963017,0.36867696721963017,0,1,0,0,0,0,0,0,0,0,0,0,0,0,0,0,0,0,0,0,0,0,0,0,0,0,0,0,0,0,0,0,1,0,0,1,0,1,0,0,0,0,0,0,0,0,0,0,0,0,0,NA,NA,NA,NA,NA,NA,00-0025427,J.Beck,2,NA,NA,NA,NA,NA,NA,NA,NA,NA,NA,NA,NA,NA,NA,NA,NA,NA,NA,NA,NA,NA,NA,NA,NA,NA,NA,NA,NA,NA,NA,NA,NA,NA,NA,NA,NA,NA,NA,NA,NA,NA,NA,NA,NA,NA,NA,NA,NA,NA,NA,NA,NA,NA,NA,NA,NA,NA,NA,NA,NA,0,NA,NA,NA,NA,NA,NA,NA,NA,NA,NA,NA,NA,NA,NA,NA,NA,NA,NA,NA,NA,NA,NA,NA,NA,NA,NA,NA,NA,NA,NA,NA,0,NA,NA,NA,NA,0,NA,NA,0,0,0,0,NA,NA,2011,NA,NA,56,1,Touchdown,4030,"10/16/11, 13:03:12",2011-10-16T19:53:29Z,Commanders Field,"Sunny Temp: 68° F, Humidity: 26%, Wind: WSW 7 mph",10012011-1016-039d-ee8c-bc7446e5f587,0,0,RUSH,0,NA,NA,NA,22,Touchdown,2011-10-16T19:46:38Z,10,3:40,6,1,1,4,4,5,PUNT,TOUCHDOWN,06:24,02:44,WAS 20,PHI 2,3772,4047,20,13,Home,-7,33,-3,46.5,1,outdoors,grass,68,7,Mike Shanahan,Andy Reid,WAS00,FedExField,0,1,NA,NA,J.Beck,12,NA,NA,0,1,1,0,1,NA,00-0025427,NA,J.Beck,12,00-0025427,J.Beck,00-0025427,J.Beck,00-0025427,0,0,1.0140409104642458,NA,NA,NA,NA,NA,0.6445847749710083,-64.45847749710083,2011,Go for it,NA,NA,NA,NA,NA,NA,NA,NA,NA,NA,Punt,Go for it,Andy Reid,Mike Shanahan,2:48,NA,NA,NA,NA,NA,NA,NA,NA,NA,NA
4047,2011_06_PHI_WAS,2011101603,WAS,PHI,REG,6,WAS,home,PHI,PHI,2,2011-10-16,164,164,164,Half2,0,22,1,4,NA,0,02:44,PHI 2,0,80,"4-G.Gano extra point is GOOD, Center-57-N.Sundberg, Holder-6-S.Rocca.",extra_point,0,0,0,0,0,0,0,NA,NA,NA,NA,NA,NA,NA,20,good,NA,2,2,0,NA,NA,NA,NA,2,2,13,20,12,20,-8,13,20,-7,0,0,0,0,0,0,0,0.982039258461783,0,0.982039258461783,0.01796074153821703,-10.860663567266556,10.860663567266556,-5.451154169393703,5.451154169393703,-8.474002633415397,8.474002633415397,NA,NA,0,0,-5.8069974602840375,5.8069974602840375,2.327604876336409,-2.327604876336409,8.09171026959666,-8.09171026959666,-16.423567789747572,16.423567789747572,0.07056431220946391,0.9294356877905361,0.07056431220946391,0.9294356877905361,0.0031768853765956617,0.006764032176111323,0.006764032176111323,0.07374119758605957,0.9262588024139404,0.05211653537454786,0.05211653537454786,-0.06413293136181752,0.06413293136181752,-0.4088606957804355,0.4088606957804355,NA,NA,0,0,-0.037062764167785645,0.037062764167785645,-0.2326778222333583,0.2326778222333583,-0.03737682104110718,0.03737682104110718,-0.36867696721963017,0.36867696721963017,0,0,0,0,0,0,0,0,0,0,0,0,0,0,0,0,0,0,0,0,0,0,0,0,0,0,0,0,0,0,0,0,0,0,0,0,0,0,0,1,0,0,0,0,0,0,0,0,0,0,0,NA,NA,NA,NA,NA,NA,NA,NA,NA,NA,NA,NA,NA,NA,NA,NA,NA,NA,NA,NA,NA,NA,NA,NA,NA,NA,NA,NA,NA,NA,NA,G.Gano,00-0026858,NA,NA,NA,NA,NA,NA,NA,NA,NA,NA,NA,NA,NA,NA,NA,NA,NA,NA,NA,NA,NA,NA,NA,NA,NA,NA,NA,NA,NA,NA,NA,NA,NA,NA,NA,NA,0,NA,NA,NA,NA,NA,NA,NA,NA,NA,NA,NA,NA,NA,NA,NA,NA,NA,NA,NA,NA,NA,NA,NA,NA,NA,NA,NA,NA,NA,NA,NA,0,NA,NA,NA,NA,0,NA,NA,0,0,0,0,NA,NA,2011,NA,NA,56,1,Touchdown,4047,"10/16/11, 13:03:12",2011-10-16T19:54:19Z,Commanders Field,"Sunny Temp: 68° F, Humidity: 26%, Wind: WSW 7 mph",10012011-1016-039d-ee8c-bc7446e5f587,0,0,XP_KICK,1,NA,NA,NA,22,Touchdown,2011-10-16T19:46:38Z,10,3:40,6,1,1,4,4,5,PUNT,TOUCHDOWN,06:24,02:44,WAS 20,PHI 2,3772,4047,20,13,Home,-7,33,-3,46.5,1,outdoors,grass,68,7,Mike Shanahan,Andy Reid,WAS00,FedExField,0,1,NA,NA,NA,NA,NA,NA,0,0,0,1,0,NA,NA,NA,NA,NA,NA,NA,NA,NA,NA,0,0,0.01796074153821703,NA,NA,NA,NA,NA,NA,NA,2011,Other,NA,NA,NA,NA,NA,NA,NA,NA,NA,NA,Punt,Other,Andy Reid,Mike Shanahan,2:44,NA,NA,NA,NA,NA,NA,NA,NA,NA,NA
4064,2011_06_PHI_WAS,2011101603,WAS,PHI,REG,6,PHI,away,WAS,WAS,35,2011-10-16,164,164,164,Half2,0,23,0,4,NA,0,02:44,WAS 35,0,18,"4-G.Gano kicks 65 yards from WAS 35 to end zone, Touchback.",kickoff,0,0,0,0,0,0,0,NA,NA,NA,NA,NA,NA,NA,65,NA,NA,2,2,0,NA,NA,NA,NA,2,2,13,20,20,13,7,20,13,7,0.546794056892395,0.09029798209667206,0.002016198355704546,0.09176746755838394,0.11295758932828903,0.0014060413232073188,0.1547607034444809,0,0,0.5077111588325351,-0,-10.860663567266556,10.860663567266556,-5.451154169393703,5.451154169393703,-8.474002633415397,8.474002633415397,NA,NA,0,0,-5.8069974602840375,5.8069974602840375,2.327604876336409,-2.327604876336409,8.09171026959666,-8.09171026959666,-16.423567789747572,16.423567789747572,0.9262588024139404,0.07374119758605957,0.07374119758605957,0.9262588024139404,-0,-0,0,0.07374119758605957,0.9262588024139404,0.9411194324493408,0.05888056755065918,-0.06413293136181752,0.06413293136181752,-0.4088606957804355,0.4088606957804355,NA,NA,0,0,-0.037062764167785645,0.037062764167785645,-0.2326778222333583,0.2326778222333583,-0.03737682104110718,0.03737682104110718,-0.36867696721963017,0.36867696721963017,0,0,0,0,0,0,0,0,0,1,0,0,0,0,0,0,0,0,0,0,0,0,0,0,0,0,0,0,0,0,0,0,0,0,0,0,0,0,0,0,0,0,1,0,0,0,0,0,0,0,0,NA,NA,NA,NA,NA,NA,NA,NA,NA,NA,NA,NA,NA,NA,NA,NA,NA,NA,NA,NA,NA,NA,NA,NA,NA,NA,NA,NA,NA,NA,NA,G.Gano,00-0026858,NA,NA,NA,NA,NA,NA,NA,NA,NA,NA,NA,NA,NA,NA,NA,NA,NA,NA,NA,NA,NA,NA,NA,NA,NA,NA,NA,NA,NA,NA,NA,NA,NA,NA,NA,NA,0,NA,NA,NA,NA,NA,NA,NA,NA,NA,NA,NA,NA,NA,NA,NA,NA,NA,NA,NA,NA,NA,NA,NA,NA,NA,NA,NA,NA,NA,NA,PHI,0,NA,NA,NA,NA,0,NA,NA,0,0,0,0,NA,NA,2011,NA,NA,57,1,First down,4064,"10/16/11, 13:03:12",2011-10-16T19:56:53Z,Commanders Field,"Sunny Temp: 68° F, Humidity: 26%, Wind: WSW 7 mph",10012011-1016-039d-ee8c-bc7446e5f587,0,0,KICK_OFF,1,NA,NA,NA,23,End of half,2011-10-16T19:56:53Z,7,2:44,2,0,0,4,4,0,KICKOFF,END_GAME,02:44,00:00,PHI 20,PHI 39,4064,4321,20,13,Home,-7,33,-3,46.5,1,outdoors,grass,68,7,Mike Shanahan,Andy Reid,WAS00,FedExField,0,0,NA,NA,NA,NA,NA,NA,0,0,0,1,0,NA,NA,NA,NA,NA,NA,NA,NA,NA,NA,0,0,-0,NA,NA,NA,NA,NA,NA,NA,2011,Other,NA,NA,NA,NA,NA,NA,NA,NA,NA,NA,Punt,Other,Andy Reid,Mike Shanahan,2:44,NA,NA,NA,NA,NA,NA,NA,NA,NA,NA
4084,2011_06_PHI_WAS,2011101603,WAS,PHI,REG,6,PHI,away,WAS,PHI,80,2011-10-16,164,164,164,Half2,0,23,0,4,1,0,02:44,PHI 20,10,18,*** play under review ***,run,11,0,0,0,0,0,0,NA,NA,NA,NA,NA,NA,NA,NA,NA,NA,2,2,0,NA,NA,NA,NA,2,2,13,20,20,13,7,20,13,7,0.546794056892395,0.09029798209667206,0.002016198355704546,0.09176746755838394,0.11295758932828903,0.0014060413232073188,0.1547607034444809,0,0,0.5077111588325351,0.3928290081676096,-11.253492575434166,11.253492575434166,-5.843983177561313,5.843983177561313,-8.474002633415397,8.474002633415397,NA,NA,0,0,-5.8069974602840375,5.8069974602840375,2.327604876336409,-2.327604876336409,8.09171026959666,-8.09171026959666,-16.423567789747572,16.423567789747572,0.9262588024139404,0.07374119758605957,0.07374119758605957,0.9262588024139404,0.013588190078735352,0.012830913066864014,-0.012830913066864014,0.06015300750732422,0.9398469924926758,0.9411194324493408,0.05888056755065918,-0.07772112144055288,0.07772112144055288,-0.4088606957804355,0.4088606957804355,NA,NA,0,0,-0.037062764167785645,0.037062764167785645,-0.2326778222333583,0.2326778222333583,-0.03737682104110718,0.03737682104110718,-0.36867696721963017,0.36867696721963017,0,1,0,0,0,0,0,0,0,0,0,0,0,0,0,0,0,0,0,0,0,0,0,0,0,0,0,0,0,0,0,0,1,0,0,0,0,0,0,0,0,0,0,0,0,0,1,0,0,0,0,NA,NA,NA,NA,NA,NA,00-0027029,L.McCoy,11,NA,NA,NA,NA,NA,NA,NA,NA,NA,NA,NA,NA,NA,NA,NA,NA,NA,NA,NA,NA,NA,NA,NA,NA,NA,NA,NA,NA,NA,NA,NA,NA,NA,NA,NA,NA,NA,NA,NA,NA,NA,NA,NA,NA,NA,NA,NA,NA,00-0022923,D.Hall,WAS,NA,NA,NA,NA,NA,NA,NA,NA,NA,1,00-0023501,O.Atogwe,WAS,NA,NA,NA,NA,NA,NA,NA,NA,NA,NA,NA,NA,NA,NA,NA,NA,NA,NA,NA,NA,NA,NA,NA,NA,NA,NA,NA,NA,0,NA,NA,NA,NA,0,NA,NA,0,0,0,0,NA,NA,2011,NA,NA,57,1,First down,4084,"10/16/11, 13:03:12",2011-10-16T19:57:44Z,Commanders Field,"Sunny Temp: 68° F, Humidity: 26%, Wind: WSW 7 mph",10012011-1016-039d-ee8c-bc7446e5f587,0,0,RUSH,0,NA,NA,NA,23,End of half,2011-10-16T19:56:53Z,7,2:44,2,0,0,4,4,0,KICKOFF,END_GAME,02:44,00:00,PHI 20,PHI 39,4064,4321,20,13,Home,-7,33,-3,46.5,1,outdoors,grass,68,7,Mike Shanahan,Andy Reid,WAS00,FedExField,0,1,NA,NA,L.McCoy,NA,NA,NA,0,1,1,0,0,NA,00-0027029,NA,L.McCoy,NA,00-0027029,L.McCoy,00-0027029,L.McCoy,00-0027029,0,0,0.3928290081676096,NA,NA,NA,NA,NA,0.11734885722398758,-11.734885722398758,2011,Go for it,NA,NA,NA,NA,NA,NA,NA,NA,NA,NA,Punt,Go for it,Andy Reid,Mike Shanahan,2:44,NA,NA,NA,NA,NA,NA,NA,NA,NA,NA
4105,2011_06_PHI_WAS,2011101603,WAS,PHI,REG,6,NA,NA,NA,NA,NA,2011-10-16,154,154,154,Half2,0,23,0,4,NA,0,02:34,PHI 31,0,18,Timeout #2 by WAS at 02:34.,no_play,0,0,0,0,0,0,0,NA,NA,NA,NA,NA,NA,NA,NA,NA,NA,1,2,1,WAS,NA,NA,NA,NA,NA,13,20,NA,NA,NA,NA,NA,NA,0,0,0,0,0,0,0,0,0,0.9005401670001447,-0,-11.253492575434166,11.253492575434166,-5.843983177561313,5.843983177561313,-8.474002633415397,8.474002633415397,NA,NA,0,0,-5.8069974602840375,5.8069974602840375,2.327604876336409,-2.327604876336409,8.09171026959666,-8.09171026959666,-16.423567789747572,16.423567789747572,0.9398469924926758,0.06015300750732422,0.06015300750732422,0.9398469924926758,-0,-0,0,NA,NA,0.9539503455162048,0.046049654483795166,-0.07772112144055288,0.07772112144055288,-0.4088606957804355,0.4088606957804355,NA,NA,0,0,-0.037062764167785645,0.037062764167785645,-0.2326778222333583,0.2326778222333583,-0.03737682104110718,0.03737682104110718,-0.36867696721963017,0.36867696721963017,0,0,0,0,0,0,0,0,0,0,0,0,0,0,0,0,0,0,0,0,0,0,0,0,0,0,0,0,0,0,0,0,0,0,0,0,0,0,0,0,0,0,0,0,0,0,0,0,0,0,0,NA,NA,NA,NA,NA,NA,NA,NA,NA,NA,NA,NA,NA,NA,NA,NA,NA,NA,NA,NA,NA,NA,NA,NA,NA,NA,NA,NA,NA,NA,NA,NA,NA,NA,NA,NA,NA,NA,NA,NA,NA,NA,NA,NA,NA,NA,NA,NA,NA,NA,NA,NA,NA,NA,NA,NA,NA,NA,NA,NA,NA,NA,NA,NA,NA,NA,NA,NA,NA,0,NA,NA,NA,NA,NA,NA,NA,NA,NA,NA,NA,NA,NA,NA,NA,NA,NA,NA,NA,NA,NA,NA,NA,NA,NA,NA,NA,NA,NA,NA,NA,0,NA,NA,NA,NA,0,NA,NA,0,0,0,0,NA,NA,2011,NA,NA,58,1,First down,4105,"10/16/11, 13:03:12",2011-10-16T19:58:12Z,Commanders Field,"Sunny Temp: 68° F, Humidity: 26%, Wind: WSW 7 mph",10012011-1016-039d-ee8c-bc7446e5f587,0,0,TIMEOUT,0,NA,NA,NA,23,End of half,2011-10-16T19:56:53Z,7,2:44,2,0,0,4,4,0,KICKOFF,END_GAME,02:44,00:00,PHI 20,PHI 39,4064,4321,20,13,Home,-7,33,-3,46.5,1,outdoors,grass,68,7,Mike Shanahan,Andy Reid,WAS00,FedExField,0,0,NA,NA,NA,NA,NA,NA,0,0,0,0,0,NA,NA,NA,NA,NA,NA,NA,NA,NA,NA,0,0,-0,NA,NA,NA,NA,NA,NA,NA,2011,Other,NA,NA,NA,NA,NA,NA,NA,NA,NA,NA,Punt,Other,Andy Reid,Mike Shanahan,2:34,NA,NA,NA,NA,NA,NA,NA,NA,NA,NA
4122,2011_06_PHI_WAS,2011101603,WAS,PHI,REG,6,PHI,away,WAS,PHI,69,2011-10-16,154,154,154,Half2,0,23,0,4,1,0,02:34,PHI 31,10,18,*** play under review ***,run,7,0,0,0,0,0,0,NA,NA,NA,NA,NA,NA,NA,NA,NA,NA,1,2,0,NA,NA,NA,NA,2,1,13,20,20,13,7,20,13,7,0.58933258056640625,0.061995506286621094,9.979074820876122e-4,0.06090212240815163,0.1217256411910057,0.001132590463384986,0.16391360759735107,0,0,0.9005401670001447,-0.1316161009017378,-11.121876474532428,11.121876474532428,-5.712367076659575,5.712367076659575,-8.474002633415397,8.474002633415397,NA,NA,0,0,-5.8069974602840375,5.8069974602840375,2.327604876336409,-2.327604876336409,8.09171026959666,-8.09171026959666,-16.423567789747572,16.423567789747572,0.9398469924926758,0.06015300750732422,0.06015300750732422,0.9398469924926758,-0.001651465892791748,0.013172745704650879,-0.013172745704650879,0.06180447340011597,0.938195526599884,0.9539503455162048,0.046049654483795166,-0.07606965554776113,0.07606965554776113,-0.4088606957804355,0.4088606957804355,NA,NA,0,0,-0.037062764167785645,0.037062764167785645,-0.2326778222333583,0.2326778222333583,-0.03737682104110718,0.03737682104110718,-0.36867696721963017,0.36867696721963017,0,0,0,0,0,0,0,0,0,0,0,0,0,0,0,0,0,0,0,0,0,0,0,0,1,0,0,0,0,0,0,0,1,0,0,0,0,0,0,0,0,0,0,0,0,0,0,0,0,0,0,NA,NA,NA,NA,NA,NA,00-0027029,L.McCoy,7,NA,NA,NA,NA,NA,NA,NA,NA,NA,NA,NA,NA,NA,NA,NA,NA,NA,NA,NA,NA,NA,NA,NA,NA,NA,NA,NA,NA,NA,NA,NA,NA,NA,NA,NA,NA,NA,NA,NA,NA,NA,NA,WAS,NA,00-0025393,NA,L.Landry,NA,NA,NA,NA,NA,NA,NA,NA,NA,NA,NA,NA,NA,0,NA,NA,NA,NA,NA,NA,NA,NA,NA,NA,NA,NA,NA,NA,NA,NA,NA,NA,NA,NA,NA,NA,NA,NA,NA,NA,NA,NA,NA,NA,NA,0,NA,NA,NA,NA,0,NA,NA,0,0,0,0,NA,NA,2011,NA,NA,58,1,First down,4122,"10/16/11, 13:03:12",2011-10-16T19:59:05Z,Commanders Field,"Sunny Temp: 68° F, Humidity: 26%, Wind: WSW 7 mph",10012011-1016-039d-ee8c-bc7446e5f587,0,0,RUSH,0,NA,NA,NA,23,End of half,2011-10-16T19:56:53Z,7,2:44,2,0,0,4,4,0,KICKOFF,END_GAME,02:44,00:00,PHI 20,PHI 39,4064,4321,20,13,Home,-7,33,-3,46.5,1,outdoors,grass,68,7,Mike Shanahan,Andy Reid,WAS00,FedExField,0,0,NA,NA,L.McCoy,NA,NA,NA,0,1,0,0,0,NA,00-0027029,NA,L.McCoy,NA,00-0027029,L.McCoy,00-0027029,L.McCoy,00-0027029,0,0,-0.1316161009017378,NA,NA,NA,NA,NA,0.09967741370201111,-9.96774137020111,2011,Go for it,NA,NA,NA,NA,NA,NA,NA,NA,NA,NA,Punt,Go for it,Andy Reid,Mike Shanahan,2:34,NA,NA,NA,NA,NA,NA,NA,NA,NA,NA
4143,2011_06_PHI_WAS,2011101603,WAS,PHI,REG,6,NA,NA,NA,NA,NA,2011-10-16,146,146,146,Half2,0,23,0,4,NA,0,02:26,PHI 38,0,18,Timeout #3 by WAS at 02:26.,no_play,0,0,0,0,0,0,0,NA,NA,NA,NA,NA,NA,NA,NA,NA,NA,0,2,1,WAS,NA,NA,NA,NA,NA,13,20,NA,NA,NA,NA,NA,NA,0,0,0,0,0,0,0,0,0,0.7689240660984069,-0,-11.121876474532428,11.121876474532428,-5.712367076659575,5.712367076659575,-8.474002633415397,8.474002633415397,NA,NA,0,0,-5.8069974602840375,5.8069974602840375,2.327604876336409,-2.327604876336409,8.09171026959666,-8.09171026959666,-16.423567789747572,16.423567789747572,0.938195526599884,0.06180447340011597,0.06180447340011597,0.938195526599884,-0,-0,0,NA,NA,0.9671230912208557,0.03287690877914429,-0.07606965554776113,0.07606965554776113,-0.4088606957804355,0.4088606957804355,NA,NA,0,0,-0.037062764167785645,0.037062764167785645,-0.2326778222333583,0.2326778222333583,-0.03737682104110718,0.03737682104110718,-0.36867696721963017,0.36867696721963017,0,0,0,0,0,0,0,0,0,0,0,0,0,0,0,0,0,0,0,0,0,0,0,0,0,0,0,0,0,0,0,0,0,0,0,0,0,0,0,0,0,0,0,0,0,0,0,0,0,0,0,NA,NA,NA,NA,NA,NA,NA,NA,NA,NA,NA,NA,NA,NA,NA,NA,NA,NA,NA,NA,NA,NA,NA,NA,NA,NA,NA,NA,NA,NA,NA,NA,NA,NA,NA,NA,NA,NA,NA,NA,NA,NA,NA,NA,NA,NA,NA,NA,NA,NA,NA,NA,NA,NA,NA,NA,NA,NA,NA,NA,NA,NA,NA,NA,NA,NA,NA,NA,NA,0,NA,NA,NA,NA,NA,NA,NA,NA,NA,NA,NA,NA,NA,NA,NA,NA,NA,NA,NA,NA,NA,NA,NA,NA,NA,NA,NA,NA,NA,NA,NA,0,NA,NA,NA,NA,0,NA,NA,0,0,0,0,NA,NA,2011,NA,NA,58,1,First down,4143,"10/16/11, 13:03:12",2011-10-16T19:59:22Z,Commanders Field,"Sunny Temp: 68° F, Humidity: 26%, Wind: WSW 7 mph",10012011-1016-039d-ee8c-bc7446e5f587,0,0,TIMEOUT,0,NA,NA,NA,23,End of half,2011-10-16T19:56:53Z,7,2:44,2,0,0,4,4,0,KICKOFF,END_GAME,02:44,00:00,PHI 20,PHI 39,4064,4321,20,13,Home,-7,33,-3,46.5,1,outdoors,grass,68,7,Mike Shanahan,Andy Reid,WAS00,FedExField,0,0,NA,NA,NA,NA,NA,NA,0,0,0,0,0,NA,NA,NA,NA,NA,NA,NA,NA,NA,NA,0,0,-0,NA,NA,NA,NA,NA,NA,NA,2011,Other,NA,NA,NA,NA,NA,NA,NA,NA,NA,NA,Punt,Other,Andy Reid,Mike Shanahan,2:26,NA,NA,NA,NA,NA,NA,NA,NA,NA,NA
4160,2011_06_PHI_WAS,2011101603,WAS,PHI,REG,6,PHI,away,WAS,PHI,62,2011-10-16,146,146,146,Half2,0,23,0,4,2,0,02:26,PHI 38,3,18,"(2:26) 25-L.McCoy left end to PHI 40 for 2 yards (98-B.Orakpo). Philadelphia challenged the first down ruling, and the play was Upheld. (Timeout #2.)",run,2,0,0,0,0,0,0,NA,NA,NA,NA,left,end,NA,NA,NA,NA,0,1,1,PHI,NA,NA,NA,1,0,13,20,20,13,7,20,13,7,0.7073850631713867,0.03368012607097626,0.0016226026928052306,0.04324037581682205,0.07910238206386566,0.0012401947751641273,0.1337292492389679,0,0,0.7689240660984069,-0.2161936266347766,-10.905682847897651,10.905682847897651,-5.4961734500247985,5.4961734500247985,-8.474002633415397,8.474002633415397,NA,NA,0,0,-5.8069974602840375,5.8069974602840375,2.327604876336409,-2.327604876336409,8.09171026959666,-8.09171026959666,-16.423567789747572,16.423567789747572,0.938195526599884,0.06180447340011597,0.06180447340011597,0.938195526599884,0.034315288066864014,0.017097532749176025,-0.017097532749176025,0.027489185333251953,0.972510814666748,0.9671230912208557,0.03287690877914429,-0.11038494361462514,0.11038494361462514,-0.4088606957804355,0.4088606957804355,NA,NA,0,0,-0.037062764167785645,0.037062764167785645,-0.2326778222333583,0.2326778222333583,-0.03737682104110718,0.03737682104110718,-0.36867696721963017,0.36867696721963017,0,0,0,0,0,0,0,0,0,0,0,0,0,0,0,0,0,0,0,0,0,0,0,0,1,0,0,0,0,0,0,0,1,0,0,0,0,0,0,0,0,0,0,0,0,0,0,0,0,0,0,NA,NA,NA,NA,NA,NA,00-0027029,L.McCoy,2,NA,NA,NA,NA,NA,NA,NA,NA,NA,NA,NA,NA,NA,NA,NA,NA,NA,NA,NA,NA,NA,NA,NA,NA,NA,NA,NA,NA,NA,NA,NA,NA,NA,NA,NA,NA,NA,NA,NA,NA,NA,NA,WAS,NA,00-0026989,NA,B.Orakpo,NA,NA,NA,NA,NA,NA,NA,NA,NA,NA,NA,NA,NA,0,NA,NA,NA,NA,NA,NA,NA,NA,NA,NA,NA,NA,NA,NA,NA,NA,NA,NA,NA,NA,NA,NA,NA,NA,NA,NA,NA,NA,NA,NA,NA,0,NA,NA,NA,NA,1,upheld,NA,0,0,0,0,NA,NA,2011,NA,NA,58,1,First down,4160,"10/16/11, 13:03:12",2011-10-16T20:00:21Z,Commanders Field,"Sunny Temp: 68° F, Humidity: 26%, Wind: WSW 7 mph",10012011-1016-039d-ee8c-bc7446e5f587,0,0,RUSH,0,NA,NA,NA,23,End of half,2011-10-16T19:56:53Z,7,2:44,2,0,0,4,4,0,KICKOFF,END_GAME,02:44,00:00,PHI 20,PHI 39,4064,4321,20,13,Home,-7,33,-3,46.5,1,outdoors,grass,68,7,Mike Shanahan,Andy Reid,WAS00,FedExField,0,0,NA,NA,L.McCoy,25,NA,NA,0,1,0,0,1,NA,00-0027029,NA,L.McCoy,25,00-0027029,L.McCoy,00-0027029,L.McCoy,00-0027029,0,0,-0.2161936266347766,NA,NA,NA,NA,NA,0.09441488236188889,-9.441488236188889,2011,Go for it,NA,NA,NA,NA,NA,NA,NA,NA,NA,NA,Punt,Go for it,Andy Reid,Mike Shanahan,2:26,NA,NA,NA,NA,NA,NA,NA,NA,NA,NA
4203,2011_06_PHI_WAS,2011101603,WAS,PHI,REG,6,PHI,away,WAS,PHI,60,2011-10-16,120,120,120,Half2,0,23,0,4,3,0,02:00,PHI 40,1,18,(2:00) 7-M.Vick left guard to PHI 41 for 1 yard (30-L.Landry).,run,1,0,0,0,0,0,0,NA,NA,NA,NA,left,guard,NA,NA,NA,NA,0,1,0,NA,NA,NA,NA,1,0,13,20,20,13,7,20,13,7,0.7536020874977112,0.032943543046712875,0.0018063057214021683,0.03927841782569885,0.06762124598026276,0.001196029712446034,0.10355240106582642,0,0,0.5527304394636303,-0.5527304394636303,-10.352952408434021,10.352952408434021,-4.943443010561168,4.943443010561168,-8.474002633415397,8.474002633415397,NA,NA,0,0,-5.8069974602840375,5.8069974602840375,2.327604876336409,-2.327604876336409,8.09171026959666,-8.09171026959666,-16.423567789747572,16.423567789747572,0.972510814666748,0.027489185333251953,0.027489185333251953,0.972510814666748,0.016703426837921143,0.010718464851379395,-0.010718464851379395,0.01078575849533081,0.9892142415046692,0.9842206239700317,0.01577937602996826,-0.12708837045254628,0.12708837045254628,-0.4088606957804355,0.4088606957804355,NA,NA,0,0,-0.037062764167785645,0.037062764167785645,-0.2326778222333583,0.2326778222333583,-0.03737682104110718,0.03737682104110718,-0.36867696721963017,0.36867696721963017,0,1,0,0,1,0,0,0,0,0,0,0,0,0,0,0,0,0,0,0,0,0,0,0,1,0,0,0,0,0,0,0,1,0,0,0,0,0,0,0,0,0,0,0,0,0,0,0,0,0,0,NA,NA,NA,NA,NA,NA,00-0020245,M.Vick,1,NA,NA,NA,NA,NA,NA,NA,NA,NA,NA,NA,NA,NA,NA,NA,NA,NA,NA,NA,NA,NA,NA,NA,NA,NA,NA,NA,NA,NA,NA,NA,NA,NA,NA,NA,NA,NA,NA,NA,NA,NA,NA,WAS,NA,00-0025393,NA,L.Landry,NA,NA,NA,NA,NA,NA,NA,NA,NA,NA,NA,NA,NA,0,NA,NA,NA,NA,NA,NA,NA,NA,NA,NA,NA,NA,NA,NA,NA,NA,NA,NA,NA,NA,NA,NA,NA,NA,NA,NA,NA,NA,NA,NA,NA,0,NA,NA,NA,NA,0,NA,NA,0,0,0,0,NA,NA,2011,NA,NA,58,1,First down,4203,"10/16/11, 13:03:12",2011-10-16T20:05:28Z,Commanders Field,"Sunny Temp: 68° F, Humidity: 26%, Wind: WSW 7 mph",10012011-1016-039d-ee8c-bc7446e5f587,0,0,RUSH,0,NA,NA,NA,23,End of half,2011-10-16T19:56:53Z,7,2:44,2,0,0,4,4,0,KICKOFF,END_GAME,02:44,00:00,PHI 20,PHI 39,4064,4321,20,13,Home,-7,33,-3,46.5,1,outdoors,grass,68,7,Mike Shanahan,Andy Reid,WAS00,FedExField,0,0,NA,NA,M.Vick,7,NA,NA,0,1,1,0,1,NA,00-0020245,NA,M.Vick,7,00-0020245,M.Vick,00-0020245,M.Vick,00-0020245,0,0,-0.5527304394636303,NA,NA,NA,NA,NA,0.10437119007110596,-10.437119007110596,2011,Go for it,NA,NA,NA,NA,NA,NA,NA,NA,NA,NA,Punt,Go for it,Andy Reid,Mike Shanahan,2:00,NA,NA,NA,NA,NA,NA,NA,NA,NA,NA
4258,2011_06_PHI_WAS,2011101603,WAS,PHI,REG,6,PHI,away,WAS,PHI,59,2011-10-16,90,90,90,Half2,0,23,0,4,1,0,01:30,PHI 41,10,18,(1:30) 7-M.Vick kneels to PHI 40 for -1 yards.,qb_kneel,-1,0,0,0,1,0,0,NA,NA,NA,NA,NA,NA,NA,NA,NA,NA,0,1,0,NA,NA,NA,NA,1,0,13,20,20,13,7,20,13,7,1,0,0,0,0,0,0,0,0,0,-0,-10.352952408434021,10.352952408434021,-4.943443010561168,4.943443010561168,-8.474002633415397,8.474002633415397,NA,NA,0,0,-5.8069974602840375,5.8069974602840375,2.327604876336409,-2.327604876336409,8.09171026959666,-8.09171026959666,-16.423567789747572,16.423567789747572,0.9892142415046692,0.01078575849533081,0.01078575849533081,0.9892142415046692,NA,NA,-8.355975151062012e-4,NA,NA,0.9949390888214111,0.005060911178588867,-0.12708837045254628,0.12708837045254628,-0.4088606957804355,0.4088606957804355,NA,NA,0,0,-0.037062764167785645,0.037062764167785645,-0.2326778222333583,0.2326778222333583,-0.03737682104110718,0.03737682104110718,-0.36867696721963017,0.36867696721963017,0,0,0,0,0,0,0,0,0,0,0,0,0,0,0,0,0,0,0,0,0,0,0,0,0,0,0,0,0,0,0,0,1,0,0,0,0,0,0,0,0,0,0,0,0,0,0,0,0,0,0,NA,NA,NA,NA,NA,NA,00-0020245,M.Vick,-1,NA,NA,NA,NA,NA,NA,NA,NA,NA,NA,NA,NA,NA,NA,NA,NA,NA,NA,NA,NA,NA,NA,NA,NA,NA,NA,NA,NA,NA,NA,NA,NA,NA,NA,NA,NA,NA,NA,NA,NA,NA,NA,NA,NA,NA,NA,NA,NA,NA,NA,NA,NA,NA,NA,NA,NA,NA,NA,NA,NA,0,NA,NA,NA,NA,NA,NA,NA,NA,NA,NA,NA,NA,NA,NA,NA,NA,NA,NA,NA,NA,NA,NA,NA,NA,NA,NA,NA,NA,NA,NA,NA,0,NA,NA,NA,NA,0,NA,NA,0,0,0,0,NA,NA,2011,NA,NA,59,0,QB kneel,4258,"10/16/11, 13:03:12",2011-10-16T20:07:01Z,Commanders Field,"Sunny Temp: 68° F, Humidity: 26%, Wind: WSW 7 mph",10012011-1016-039d-ee8c-bc7446e5f587,0,0,RUSH,0,NA,NA,NA,23,End of half,2011-10-16T19:56:53Z,7,2:44,2,0,0,4,4,0,KICKOFF,END_GAME,02:44,00:00,PHI 20,PHI 39,4064,4321,20,13,Home,-7,33,-3,46.5,1,outdoors,grass,68,7,Mike Shanahan,Andy Reid,WAS00,FedExField,0,0,NA,NA,M.Vick,NA,NA,NA,0,0,0,0,0,NA,00-0020245,NA,M.Vick,NA,00-0020245,M.Vick,00-0020245,M.Vick,00-0020245,0,0,-0,NA,NA,NA,NA,NA,NA,NA,2011,Other,NA,NA,NA,NA,NA,NA,NA,NA,NA,NA,Punt,Other,Andy Reid,Mike Shanahan,1:30,NA,NA,NA,NA,NA,NA,NA,NA,NA,NA
4279,2011_06_PHI_WAS,2011101603,WAS,PHI,REG,6,PHI,away,WAS,PHI,60,2011-10-16,51,51,51,Half2,0,23,0,4,2,0,00:51,PHI 40,11,18,(:51) 7-M.Vick kneels to PHI 39 for -1 yards.,qb_kneel,-1,0,0,0,1,0,0,NA,NA,NA,NA,NA,NA,NA,NA,NA,NA,0,1,0,NA,NA,NA,NA,1,0,13,20,20,13,7,20,13,7,1,0,0,0,0,0,0,0,0,0,-0,-10.352952408434021,10.352952408434021,-4.943443010561168,4.943443010561168,-8.474002633415397,8.474002633415397,NA,NA,0,0,-5.8069974602840375,5.8069974602840375,2.327604876336409,-2.327604876336409,8.09171026959666,-8.09171026959666,-16.423567789747572,16.423567789747572,0.9846535325050354,0.0153464674949646,0.0153464674949646,0.9846535325050354,NA,NA,0.0017160773277282715,NA,NA,0.9957746863365173,0.004225313663482666,-0.12708837045254628,0.12708837045254628,-0.4088606957804355,0.4088606957804355,NA,NA,0,0,-0.037062764167785645,0.037062764167785645,-0.2326778222333583,0.2326778222333583,-0.03737682104110718,0.03737682104110718,-0.36867696721963017,0.36867696721963017,0,0,0,0,0,0,0,0,0,0,0,0,0,0,0,0,0,0,0,0,0,0,0,0,0,0,0,0,0,0,0,0,1,0,0,0,0,0,0,0,0,0,0,0,0,0,0,0,0,0,0,NA,NA,NA,NA,NA,NA,00-0020245,M.Vick,-1,NA,NA,NA,NA,NA,NA,NA,NA,NA,NA,NA,NA,NA,NA,NA,NA,NA,NA,NA,NA,NA,NA,NA,NA,NA,NA,NA,NA,NA,NA,NA,NA,NA,NA,NA,NA,NA,NA,NA,NA,NA,NA,NA,NA,NA,NA,NA,NA,NA,NA,NA,NA,NA,NA,NA,NA,NA,NA,NA,NA,0,NA,NA,NA,NA,NA,NA,NA,NA,NA,NA,NA,NA,NA,NA,NA,NA,NA,NA,NA,NA,NA,NA,NA,NA,NA,NA,NA,NA,NA,NA,NA,0,NA,NA,NA,NA,0,NA,NA,0,0,0,0,NA,NA,2011,NA,NA,59,0,QB kneel,4279,"10/16/11, 13:03:12",2011-10-16T20:07:41Z,Commanders Field,"Sunny Temp: 68° F, Humidity: 26%, Wind: WSW 7 mph",10012011-1016-039d-ee8c-bc7446e5f587,0,0,RUSH,0,NA,NA,NA,23,End of half,2011-10-16T19:56:53Z,7,2:44,2,0,0,4,4,0,KICKOFF,END_GAME,02:44,00:00,PHI 20,PHI 39,4064,4321,20,13,Home,-7,33,-3,46.5,1,outdoors,grass,68,7,Mike Shanahan,Andy Reid,WAS00,FedExField,0,0,NA,NA,M.Vick,NA,NA,NA,0,0,0,0,0,NA,00-0020245,NA,M.Vick,NA,00-0020245,M.Vick,00-0020245,M.Vick,00-0020245,0,0,-0,NA,NA,NA,NA,NA,NA,NA,2011,Other,NA,NA,NA,NA,NA,NA,NA,NA,NA,NA,Punt,Other,Andy Reid,Mike Shanahan,0:51,NA,NA,NA,NA,NA,NA,NA,NA,NA,NA
4300,2011_06_PHI_WAS,2011101603,WAS,PHI,REG,6,PHI,away,WAS,PHI,61,2011-10-16,51,51,51,Half2,0,23,0,4,3,0,00:51,PHI 39,12,18,(:51) 7-M.Vick kneels to PHI 38 for -1 yards.,qb_kneel,-1,0,0,0,1,0,0,NA,NA,NA,NA,NA,NA,NA,NA,NA,NA,0,1,0,NA,NA,NA,NA,1,0,13,20,20,13,7,20,13,7,1,0,0,0,0,0,0,0,0,0,0,-10.352952408434021,10.352952408434021,-4.943443010561168,4.943443010561168,-8.474002633415397,8.474002633415397,NA,NA,0,0,-5.8069974602840375,5.8069974602840375,2.327604876336409,-2.327604876336409,8.09171026959666,-8.09171026959666,-16.423567789747572,16.423567789747572,0.9839988350868225,0.01600116491317749,0.01600116491317749,0.9839988350868225,NA,NA,-0.0059413909912109375,NA,NA,0.9940586090087891,0.0059413909912109375,-0.12708837045254628,0.12708837045254628,-0.4088606957804355,0.4088606957804355,NA,NA,0,0,-0.037062764167785645,0.037062764167785645,-0.2326778222333583,0.2326778222333583,-0.03737682104110718,0.03737682104110718,-0.36867696721963017,0.36867696721963017,0,0,0,0,0,1,0,0,0,0,0,0,0,0,0,0,0,0,0,0,0,0,0,0,0,0,0,0,0,0,0,0,1,0,0,0,0,0,0,0,0,0,0,0,0,0,0,0,0,0,0,NA,NA,NA,NA,NA,NA,00-0020245,M.Vick,-1,NA,NA,NA,NA,NA,NA,NA,NA,NA,NA,NA,NA,NA,NA,NA,NA,NA,NA,NA,NA,NA,NA,NA,NA,NA,NA,NA,NA,NA,NA,NA,NA,NA,NA,NA,NA,NA,NA,NA,NA,NA,NA,NA,NA,NA,NA,NA,NA,NA,NA,NA,NA,NA,NA,NA,NA,NA,NA,NA,NA,0,NA,NA,NA,NA,NA,NA,NA,NA,NA,NA,NA,NA,NA,NA,NA,NA,NA,NA,NA,NA,NA,NA,NA,NA,NA,NA,NA,NA,NA,NA,NA,0,NA,NA,NA,NA,0,NA,NA,0,0,0,0,NA,NA,2011,NA,NA,59,0,QB kneel,4300,"10/16/11, 13:03:12",NA,Commanders Field,"Sunny Temp: 68° F, Humidity: 26%, Wind: WSW 7 mph",10012011-1016-039d-ee8c-bc7446e5f587,0,0,RUSH,0,NA,NA,NA,23,End of half,2011-10-16T19:56:53Z,7,2:44,2,0,0,4,4,0,KICKOFF,END_GAME,02:44,00:00,PHI 20,PHI 39,4064,4321,20,13,Home,-7,33,-3,46.5,1,outdoors,grass,68,7,Mike Shanahan,Andy Reid,WAS00,FedExField,0,0,NA,NA,M.Vick,NA,NA,NA,0,0,0,0,0,NA,00-0020245,NA,M.Vick,NA,00-0020245,M.Vick,00-0020245,M.Vick,00-0020245,0,0,0,NA,NA,NA,NA,NA,NA,NA,2011,Other,NA,NA,NA,NA,NA,NA,NA,NA,NA,NA,Punt,Other,Andy Reid,Mike Shanahan,0:51,NA,NA,NA,NA,NA,NA,NA,NA,NA,NA
4321,2011_06_PHI_WAS,2011101603,WAS,PHI,REG,6,PHI,away,WAS,NA,NA,2011-10-16,0,0,0,Half2,0,23,0,4,NA,0,00:00,NA,0,18,END GAME,NA,NA,0,0,NA,0,0,0,NA,NA,NA,NA,NA,NA,NA,NA,NA,NA,0,1,NA,NA,NA,NA,NA,1,0,13,20,20,13,7,20,13,7,0,0,0,0,0,0,0,0,0,NA,NA,-10.352952408434021,10.352952408434021,-4.943443010561168,4.943443010561168,-8.474002633415397,8.474002633415397,NA,NA,NA,NA,-5.8069974602840375,5.8069974602840375,2.327604876336409,-2.327604876336409,8.09171026959666,-8.09171026959666,-16.423567789747572,16.423567789747572,NA,NA,0,1,NA,NA,NA,NA,NA,NA,0,-0.12708837045254628,0.12708837045254628,-0.4088606957804355,0.4088606957804355,NA,NA,NA,NA,-0.037062764167785645,0.037062764167785645,-0.2326778222333583,0.2326778222333583,-0.03737682104110718,0.03737682104110718,-0.36867696721963017,0.36867696721963017,NA,NA,NA,NA,NA,NA,NA,NA,NA,0,NA,NA,NA,NA,NA,NA,NA,NA,NA,NA,NA,NA,NA,NA,NA,NA,NA,NA,NA,NA,NA,NA,NA,NA,NA,NA,NA,NA,NA,NA,NA,NA,NA,NA,NA,NA,NA,NA,NA,NA,NA,NA,NA,NA,NA,NA,NA,NA,NA,NA,NA,NA,NA,NA,NA,NA,NA,NA,NA,NA,NA,NA,NA,NA,NA,NA,NA,NA,NA,NA,NA,NA,NA,NA,NA,NA,NA,NA,NA,NA,NA,NA,NA,NA,NA,NA,NA,NA,NA,NA,NA,NA,NA,NA,NA,NA,NA,NA,NA,NA,NA,NA,NA,NA,NA,NA,NA,NA,NA,NA,NA,NA,NA,NA,NA,NA,NA,NA,NA,NA,NA,NA,NA,NA,NA,NA,NA,NA,NA,NA,NA,NA,NA,NA,NA,NA,NA,NA,NA,NA,NA,NA,NA,NA,NA,NA,NA,0,NA,NA,NA,NA,NA,NA,NA,NA,2011,NA,NA,59,0,QB kneel,4321,"10/16/11, 13:03:12",NA,Commanders Field,"Sunny Temp: 68° F, Humidity: 26%, Wind: WSW 7 mph",10012011-1016-039d-ee8c-bc7446e5f587,0,0,END_GAME,0,NA,NA,NA,23,End of half,2011-10-16T19:56:53Z,7,2:44,2,0,0,4,4,0,KICKOFF,END_GAME,02:44,00:00,PHI 20,PHI 39,4064,4321,20,13,Home,-7,33,-3,46.5,1,outdoors,grass,68,7,Mike Shanahan,Andy Reid,WAS00,FedExField,0,NA,NA,NA,NA,NA,NA,NA,0,0,NA,0,0,NA,NA,NA,NA,NA,NA,NA,NA,NA,NA,0,0,NA,NA,NA,NA,NA,NA,NA,NA,2011,Other,NA,NA,NA,NA,NA,NA,NA,NA,NA,NA,Punt,NA,Andy Reid,Mike Shanahan,0:00,NA,NA,NA,NA,NA,NA,NA,NA,NA,NA
