play_id,game_id,old_game_id,home_team,away_team,season_type,week,posteam,posteam_type,defteam,side_of_field,yardline_100,game_date,quarter_seconds_remaining,half_seconds_remaining,game_seconds_remaining,game_half,quarter_end,drive,sp,qtr,down,goal_to_go,time,yrdln,ydstogo,ydsnet,desc,play_type,yards_gained,shotgun,no_huddle,qb_dropback,qb_kneel,qb_spike,qb_scramble,pass_length,pass_location,air_yards,yards_after_catch,run_location,run_gap,field_goal_result,kick_distance,extra_point_result,two_point_conv_result,home_timeouts_remaining,away_timeouts_remaining,timeout,timeout_team,td_team,td_player_name,td_player_id,posteam_timeouts_remaining,defteam_timeouts_remaining,total_home_score,total_away_score,posteam_score,defteam_score,score_differential,posteam_score_post,defteam_score_post,score_differential_post,no_score_prob,opp_fg_prob,opp_safety_prob,opp_td_prob,fg_prob,safety_prob,td_prob,extra_point_prob,two_point_conversion_prob,ep,epa,total_home_epa,total_away_epa,total_home_rush_epa,total_away_rush_epa,total_home_pass_epa,total_away_pass_epa,air_epa,yac_epa,comp_air_epa,comp_yac_epa,total_home_comp_air_epa,total_away_comp_air_epa,total_home_comp_yac_epa,total_away_comp_yac_epa,total_home_raw_air_epa,total_away_raw_air_epa,total_home_raw_yac_epa,total_away_raw_yac_epa,wp,def_wp,home_wp,away_wp,wpa,vegas_wpa,vegas_home_wpa,home_wp_post,away_wp_post,vegas_wp,vegas_home_wp,total_home_rush_wpa,total_away_rush_wpa,total_home_pass_wpa,total_away_pass_wpa,air_wpa,yac_wpa,comp_air_wpa,comp_yac_wpa,total_home_comp_air_wpa,total_away_comp_air_wpa,total_home_comp_yac_wpa,total_away_comp_yac_wpa,total_home_raw_air_wpa,total_away_raw_air_wpa,total_home_raw_yac_wpa,total_away_raw_yac_wpa,punt_blocked,first_down_rush,first_down_pass,first_down_penalty,third_down_converted,third_down_failed,fourth_down_converted,fourth_down_failed,incomplete_pass,touchback,interception,punt_inside_twenty,punt_in_endzone,punt_out_of_bounds,punt_downed,punt_fair_catch,kickoff_inside_twenty,kickoff_in_endzone,kickoff_out_of_bounds,kickoff_downed,kickoff_fair_catch,fumble_forced,fumble_not_forced,fumble_out_of_bounds,solo_tackle,safety,penalty,tackled_for_loss,fumble_lost,own_kickoff_recovery,own_kickoff_recovery_td,qb_hit,rush_attempt,pass_attempt,sack,touchdown,pass_touchdown,rush_touchdown,return_touchdown,extra_point_attempt,two_point_attempt,field_goal_attempt,kickoff_attempt,punt_attempt,fumble,complete_pass,assist_tackle,lateral_reception,lateral_rush,lateral_return,lateral_recovery,passer_player_id,passer_player_name,passing_yards,receiver_player_id,receiver_player_name,receiving_yards,rusher_player_id,rusher_player_name,rushing_yards,lateral_receiver_player_id,lateral_receiver_player_name,lateral_receiving_yards,lateral_rusher_player_id,lateral_rusher_player_name,lateral_rushing_yards,lateral_sack_player_id,lateral_sack_player_name,interception_player_id,interception_player_name,lateral_interception_player_id,lateral_interception_player_name,punt_returner_player_id,punt_returner_player_name,lateral_punt_returner_player_id,lateral_punt_returner_player_name,kickoff_returner_player_name,kickoff_returner_player_id,lateral_kickoff_returner_player_id,lateral_kickoff_returner_player_name,punter_player_id,punter_player_name,kicker_player_name,kicker_player_id,own_kickoff_recovery_player_id,own_kickoff_recovery_player_name,blocked_player_id,blocked_player_name,tackle_for_loss_1_player_id,tackle_for_loss_1_player_name,tackle_for_loss_2_player_id,tackle_for_loss_2_player_name,qb_hit_1_player_id,qb_hit_1_player_name,qb_hit_2_player_id,qb_hit_2_player_name,forced_fumble_player_1_team,forced_fumble_player_1_player_id,forced_fumble_player_1_player_name,forced_fumble_player_2_team,forced_fumble_player_2_player_id,forced_fumble_player_2_player_name,solo_tackle_1_team,solo_tackle_2_team,solo_tackle_1_player_id,solo_tackle_2_player_id,solo_tackle_1_player_name,solo_tackle_2_player_name,assist_tackle_1_player_id,assist_tackle_1_player_name,assist_tackle_1_team,assist_tackle_2_player_id,assist_tackle_2_player_name,assist_tackle_2_team,assist_tackle_3_player_id,assist_tackle_3_player_name,assist_tackle_3_team,assist_tackle_4_player_id,assist_tackle_4_player_name,assist_tackle_4_team,tackle_with_assist,tackle_with_assist_1_player_id,tackle_with_assist_1_player_name,tackle_with_assist_1_team,tackle_with_assist_2_player_id,tackle_with_assist_2_player_name,tackle_with_assist_2_team,pass_defense_1_player_id,pass_defense_1_player_name,pass_defense_2_player_id,pass_defense_2_player_name,fumbled_1_team,fumbled_1_player_id,fumbled_1_player_name,fumbled_2_player_id,fumbled_2_player_name,fumbled_2_team,fumble_recovery_1_team,fumble_recovery_1_yards,fumble_recovery_1_player_id,fumble_recovery_1_player_name,fumble_recovery_2_team,fumble_recovery_2_yards,fumble_recovery_2_player_id,fumble_recovery_2_player_name,sack_player_id,sack_player_name,half_sack_1_player_id,half_sack_1_player_name,half_sack_2_player_id,half_sack_2_player_name,return_team,return_yards,penalty_team,penalty_player_id,penalty_player_name,penalty_yards,replay_or_challenge,replay_or_challenge_result,penalty_type,defensive_two_point_attempt,defensive_two_point_conv,defensive_extra_point_attempt,defensive_extra_point_conv,safety_player_name,safety_player_id,season,cp,cpoe,series,series_success,series_result,order_sequence,start_time,time_of_day,stadium,weather,nfl_api_id,play_clock,play_deleted,play_type_nfl,special_teams_play,st_play_type,end_clock_time,end_yard_line,fixed_drive,fixed_drive_result,drive_real_start_time,drive_play_count,drive_time_of_possession,drive_first_downs,drive_inside20,drive_ended_with_score,drive_quarter_start,drive_quarter_end,drive_yards_penalized,drive_start_transition,drive_end_transition,drive_game_clock_start,drive_game_clock_end,drive_start_yard_line,drive_end_yard_line,drive_play_id_started,drive_play_id_ended,away_score,home_score,location,result,total,spread_line,total_line,div_game,roof,surface,temp,wind,home_coach,away_coach,stadium_id,game_stadium,aborted_play,success,passer,passer_jersey_number,rusher,rusher_jersey_number,receiver,receiver_jersey_number,pass,rush,first_down,special,play,passer_id,rusher_id,receiver_id,name,jersey_number,id,fantasy_player_name,fantasy_player_id,fantasy,fantasy_id,out_of_bounds,home_opening_kickoff,qb_epa,xyac_epa,xyac_mean_yardage,xyac_median_yardage,xyac_success,xyac_fd,xpass,pass_oe
1,2023_16_NYG_PHI,2023122501,PHI,NYG,REG,16,NA,NA,NA,NA,NA,2023-12-25,900,1800,3600,Half1,0,NA,0,1,NA,0,15:00,PHI 35,0,NA,GAME,NA,NA,0,0,NA,0,0,0,NA,NA,NA,NA,NA,NA,NA,NA,NA,NA,3,3,NA,NA,NA,NA,NA,NA,NA,0,0,NA,NA,NA,NA,NA,NA,0,0,0,0,0,0,0,0,0,0.7702223667874932,-0,0,0,0,0,0,0,NA,NA,NA,NA,0,0,0,0,0,0,0,0,0.4332079589366913,0.5667920410633087,0.5667920410633087,0.4332079589366913,-0,-0,0,NA,NA,0.10699250549077988,0.8930074945092201,0,0,0,0,NA,NA,NA,NA,0,0,0,0,0,0,0,0,NA,NA,NA,NA,NA,NA,NA,NA,NA,0,NA,NA,NA,NA,NA,NA,NA,NA,NA,NA,NA,NA,NA,NA,NA,NA,NA,NA,NA,NA,NA,NA,NA,NA,NA,NA,NA,NA,NA,NA,NA,NA,NA,NA,NA,NA,NA,NA,NA,NA,NA,NA,NA,NA,NA,NA,NA,NA,NA,NA,NA,NA,NA,NA,NA,NA,NA,NA,NA,NA,NA,NA,NA,NA,NA,NA,NA,NA,NA,NA,NA,NA,NA,NA,NA,NA,NA,NA,NA,NA,NA,NA,NA,NA,NA,NA,NA,NA,NA,NA,NA,NA,NA,NA,NA,NA,NA,NA,NA,NA,NA,NA,NA,NA,NA,NA,NA,NA,NA,NA,NA,NA,NA,NA,NA,NA,NA,NA,NA,NA,NA,NA,NA,NA,NA,NA,NA,NA,NA,NA,NA,NA,NA,NA,NA,NA,NA,NA,NA,NA,NA,NA,NA,NA,NA,NA,NA,0,NA,NA,NA,NA,NA,NA,NA,NA,2023,NA,NA,1,0,Punt,1,"12/25/23, 16:35:39",NA,Lincoln Financial Field,"Cloudy Temp: 51° F, Humidity: 68%, Wind: NE 5 mph",cbaf6e72-f053-11ed-b4a7-bab79e4492fa,0,0,GAME_START,0,NA,NA,NA,1,Punt,NA,NA,NA,NA,NA,NA,NA,NA,NA,NA,NA,NA,NA,NA,NA,NA,NA,25,33,Home,8,58,14,41,1,outdoors,grass,51,5,Nick Sirianni,Brian Daboll,PHI00,Lincoln Financial Field,0,0,NA,NA,NA,NA,NA,NA,0,0,NA,0,0,NA,NA,NA,NA,NA,NA,NA,NA,NA,NA,0,0,-0,NA,NA,NA,NA,NA,NA,NA
40,2023_16_NYG_PHI,2023122501,PHI,NYG,REG,16,NYG,away,PHI,PHI,35,2023-12-25,900,1800,3600,Half1,0,1,0,1,NA,0,15:00,PHI 35,0,1,"4-J.Elliott kicks 65 yards from PHI 35 to end zone, Touchback.",kickoff,0,0,0,0,0,0,0,NA,NA,NA,NA,NA,NA,NA,65,NA,NA,3,3,0,NA,NA,NA,NA,3,3,0,0,0,0,0,0,0,0,0.004567968193441629,0.14358530938625336,0.0023245513439178467,0.2759856581687927,0.21522638201713562,0.0032645841129124165,0.35504552721977234,0,0,0.7702223667874932,-0,0,0,0,0,0,0,NA,NA,0,0,0,0,0,0,0,0,0,0,0.4332079589366913,0.5667920410633087,0.5667920410633087,0.4332079589366913,-0,-0,0,0.5667920410633087,0.4332079589366913,0.10699250549077988,0.8930074945092201,0,0,0,0,NA,NA,0,0,0,0,0,0,0,0,0,0,0,0,0,0,0,0,0,0,0,1,0,0,0,0,0,0,0,0,0,0,0,0,0,0,0,0,0,0,0,0,0,0,0,0,0,0,0,0,0,0,0,0,1,0,0,0,0,0,0,0,0,NA,NA,NA,NA,NA,NA,NA,NA,NA,NA,NA,NA,NA,NA,NA,NA,NA,NA,NA,NA,NA,NA,NA,NA,NA,NA,NA,NA,NA,NA,NA,J.Elliott,00-0033787,NA,NA,NA,NA,NA,NA,NA,NA,NA,NA,NA,NA,NA,NA,NA,NA,NA,NA,NA,NA,NA,NA,NA,NA,NA,NA,NA,NA,NA,NA,NA,NA,NA,NA,NA,NA,0,NA,NA,NA,NA,NA,NA,NA,NA,NA,NA,NA,NA,NA,NA,NA,NA,NA,NA,NA,NA,NA,NA,NA,NA,NA,NA,NA,NA,NA,NA,NYG,0,NA,NA,NA,NA,0,NA,NA,0,0,0,0,NA,NA,2023,NA,NA,1,0,Punt,40,"12/25/23, 16:35:39",2023-12-25T21:35:39.037Z,Lincoln Financial Field,"Cloudy Temp: 51° F, Humidity: 68%, Wind: NE 5 mph",cbaf6e72-f053-11ed-b4a7-bab79e4492fa,0,0,KICK_OFF,1,NA,2023-12-25T21:35:43.107Z,NA,1,Punt,2023-12-25T21:35:39.037Z,3,1:46,0,0,0,1,1,0,KICKOFF,PUNT,15:00,13:14,NYG 25,NYG 26,40,123,25,33,Home,8,58,14,41,1,outdoors,grass,51,5,Nick Sirianni,Brian Daboll,PHI00,Lincoln Financial Field,0,0,NA,NA,NA,NA,NA,NA,0,0,0,1,0,NA,NA,NA,NA,NA,NA,NA,NA,NA,NA,0,0,-0,NA,NA,NA,NA,NA,NA,NA
56,2023_16_NYG_PHI,2023122501,PHI,NYG,REG,16,NYG,away,PHI,NYG,75,2023-12-25,900,1800,3600,Half1,0,1,0,1,1,0,15:00,NYG 25,10,1,(15:00) (Shotgun) 26-S.Barkley right guard to NYG 27 for 2 yards (91-F.Cox).,run,2,1,0,0,0,0,0,NA,NA,NA,NA,right,guard,NA,NA,NA,NA,3,3,0,NA,NA,NA,NA,3,3,0,0,0,0,0,0,0,0,0.004567968193441629,0.14358530938625336,0.0023245513439178467,0.2759856581687927,0.21522638201713562,0.0032645841129124165,0.35504552721977234,0,0,0.7702223667874932,-0.46420671697705984,0.46420671697705984,-0.46420671697705984,0.46420671697705984,-0.46420671697705984,0,0,NA,NA,0,0,0,0,0,0,0,0,0,0,0.4332079589366913,0.5667920410633087,0.5667920410633087,0.4332079589366913,-0.01791214942932129,0.01136191189289093,-0.01136191189289093,0.58470419049263,0.41529580950737,0.10699250549077988,0.8930074945092201,0.01791214942932129,-0.01791214942932129,0,0,NA,NA,0,0,0,0,0,0,0,0,0,0,0,0,0,0,0,0,0,0,0,0,0,0,0,0,0,0,0,0,0,0,0,0,0,0,1,0,0,0,0,0,0,0,1,0,0,0,0,0,0,0,0,0,0,0,0,0,0,0,0,0,0,NA,NA,NA,NA,NA,NA,00-0034844,S.Barkley,2,NA,NA,NA,NA,NA,NA,NA,NA,NA,NA,NA,NA,NA,NA,NA,NA,NA,NA,NA,NA,NA,NA,NA,NA,NA,NA,NA,NA,NA,NA,NA,NA,NA,NA,NA,NA,NA,NA,NA,NA,NA,NA,PHI,NA,00-0029653,NA,F.Cox,NA,NA,NA,NA,NA,NA,NA,NA,NA,NA,NA,NA,NA,0,NA,NA,NA,NA,NA,NA,NA,NA,NA,NA,NA,NA,NA,NA,NA,NA,NA,NA,NA,NA,NA,NA,NA,NA,NA,NA,NA,NA,NA,NA,NA,0,NA,NA,NA,NA,0,NA,NA,0,0,0,0,NA,NA,2023,NA,NA,1,0,Punt,56,"12/25/23, 16:35:39",2023-12-25T21:36:22.113Z,Lincoln Financial Field,"Cloudy Temp: 51° F, Humidity: 68%, Wind: NE 5 mph",cbaf6e72-f053-11ed-b4a7-bab79e4492fa,0,0,RUSH,0,NA,2023-12-25T21:36:25.513Z,NA,1,Punt,2023-12-25T21:35:39.037Z,3,1:46,0,0,0,1,1,0,KICKOFF,PUNT,15:00,13:14,NYG 25,NYG 26,40,123,25,33,Home,8,58,14,41,1,outdoors,grass,51,5,Nick Sirianni,Brian Daboll,PHI00,Lincoln Financial Field,0,0,NA,NA,S.Barkley,26,NA,NA,0,1,0,0,1,NA,00-0034844,NA,S.Barkley,26,00-0034844,S.Barkley,00-0034844,S.Barkley,00-0034844,0,0,-0.46420671697705984,NA,NA,NA,NA,NA,0.4332578182220459,-43.32578182220459
78,2023_16_NYG_PHI,2023122501,PHI,NYG,REG,16,NYG,away,PHI,NYG,73,2023-12-25,861,1761,3561,Half1,0,1,0,1,2,0,14:21,NYG 27,8,1,(14:21) 26-S.Barkley right guard to NYG 26 for -1 yards (53-S.Leonard).,run,-1,0,0,0,0,0,0,NA,NA,NA,NA,right,guard,NA,NA,NA,NA,3,3,0,NA,NA,NA,NA,3,3,0,0,0,0,0,0,0,0,0.0049546328373253345,0.15519404411315918,0.0024135811254382133,0.303561270236969,0.20477533340454102,0.0033360570669174194,0.32576510310173035,0,0,0.3060156498104334,-0.8188236248679459,1.2830303418450058,-1.2830303418450058,1.2830303418450058,-1.2830303418450058,0,0,NA,NA,0,0,0,0,0,0,0,0,0,0,0.41529580950737,0.58470419049263,0.58470419049263,0.41529580950737,-0.02536812424659729,-0.013682283461093903,0.013682283461093903,0.6100723147392273,0.3899276852607727,0.1183544173836708,0.8816455826163292,0.04328027367591858,-0.04328027367591858,0,0,NA,NA,0,0,0,0,0,0,0,0,0,0,0,0,0,0,0,0,0,0,0,0,0,0,0,0,0,0,0,0,0,0,0,0,0,0,1,0,0,1,0,0,0,0,1,0,0,0,0,0,0,0,0,0,0,0,0,0,0,0,0,0,0,NA,NA,NA,NA,NA,NA,00-0034844,S.Barkley,-1,NA,NA,NA,NA,NA,NA,NA,NA,NA,NA,NA,NA,NA,NA,NA,NA,NA,NA,NA,NA,NA,NA,NA,NA,NA,NA,NA,NA,00-0034846,S.Leonard,NA,NA,NA,NA,NA,NA,NA,NA,NA,NA,NA,NA,PHI,NA,00-0034846,NA,S.Leonard,NA,NA,NA,NA,NA,NA,NA,NA,NA,NA,NA,NA,NA,0,NA,NA,NA,NA,NA,NA,NA,NA,NA,NA,NA,NA,NA,NA,NA,NA,NA,NA,NA,NA,NA,NA,NA,NA,NA,NA,NA,NA,NA,NA,NA,0,NA,NA,NA,NA,0,NA,NA,0,0,0,0,NA,NA,2023,NA,NA,1,0,Punt,78,"12/25/23, 16:35:39",2023-12-25T21:37:00.117Z,Lincoln Financial Field,"Cloudy Temp: 51° F, Humidity: 68%, Wind: NE 5 mph",cbaf6e72-f053-11ed-b4a7-bab79e4492fa,0,0,RUSH,0,NA,2023-12-25T21:37:02.767Z,NA,1,Punt,2023-12-25T21:35:39.037Z,3,1:46,0,0,0,1,1,0,KICKOFF,PUNT,15:00,13:14,NYG 25,NYG 26,40,123,25,33,Home,8,58,14,41,1,outdoors,grass,51,5,Nick Sirianni,Brian Daboll,PHI00,Lincoln Financial Field,0,0,NA,NA,S.Barkley,26,NA,NA,0,1,0,0,1,NA,00-0034844,NA,S.Barkley,26,00-0034844,S.Barkley,00-0034844,S.Barkley,00-0034844,0,0,-0.8188236248679459,NA,NA,NA,NA,NA,0.5781044960021973,-57.81044960021973
100,2023_16_NYG_PHI,2023122501,PHI,NYG,REG,16,NYG,away,PHI,NYG,74,2023-12-25,820,1720,3520,Half1,0,1,0,1,3,0,13:40,NYG 26,9,1,(13:40) (Shotgun) 15-T.DeVito pass incomplete short left [7-H.Reddick].,pass,0,1,0,1,0,0,0,short,left,9,NA,NA,NA,NA,NA,NA,NA,3,3,0,NA,NA,NA,NA,3,3,0,0,0,0,0,0,0,0,0.005290240049362183,0.18429499864578247,0.0025111089926213026,0.3466655910015106,0.1850784868001938,0.0033187693916261196,0.2728407680988312,0,0,-0.5128079750575125,-1.4176849257200956,2.7007152675651014,-2.7007152675651014,1.2830303418450058,-1.2830303418450058,1.4176849257200956,-1.4176849257200956,1.8942345376126468,-3.3119194633327425,0,0,0,0,0,0,-1.8942345376126468,1.8942345376126468,3.3119194633327425,-3.3119194633327425,0.3899276852607727,0.6100723147392273,0.6100723147392273,0.3899276852607727,-0.03648701310157776,-0.010441742837429047,0.010441742837429047,0.646559327840805,0.35344067215919495,0.1046721339225769,0.8953278660774231,0.04328027367591858,-0.04328027367591858,0.03648701310157776,-0.03648701310157776,0,-0.03648701310157776,0,0,0,0,0,0,0,0,0.03648701310157776,-0.03648701310157776,0,0,0,0,0,1,0,0,1,0,0,0,0,0,0,0,0,0,0,0,0,0,0,0,0,0,0,0,0,0,0,1,0,1,0,0,0,0,0,0,0,0,0,0,0,0,0,0,0,0,0,00-0038476,T.DeVito,NA,NA,NA,NA,NA,NA,NA,NA,NA,NA,NA,NA,NA,NA,NA,NA,NA,NA,NA,NA,NA,NA,NA,NA,NA,NA,NA,NA,NA,NA,NA,NA,NA,NA,NA,NA,NA,NA,NA,00-0033875,H.Reddick,NA,NA,NA,NA,NA,NA,NA,NA,NA,NA,NA,NA,NA,NA,NA,NA,NA,NA,NA,NA,NA,NA,NA,NA,NA,NA,0,NA,NA,NA,NA,NA,NA,NA,NA,NA,NA,NA,NA,NA,NA,NA,NA,NA,NA,NA,NA,NA,NA,NA,NA,NA,NA,NA,NA,NA,NA,NA,0,NA,NA,NA,NA,0,NA,NA,0,0,0,0,NA,NA,2023,NA,NA,1,0,Punt,100,"12/25/23, 16:35:39",2023-12-25T21:37:41.157Z,Lincoln Financial Field,"Cloudy Temp: 51° F, Humidity: 68%, Wind: NE 5 mph",cbaf6e72-f053-11ed-b4a7-bab79e4492fa,0,0,PASS,0,NA,2023-12-25T21:37:46.797Z,NA,1,Punt,2023-12-25T21:35:39.037Z,3,1:46,0,0,0,1,1,0,KICKOFF,PUNT,15:00,13:14,NYG 25,NYG 26,40,123,25,33,Home,8,58,14,41,1,outdoors,grass,51,5,Nick Sirianni,Brian Daboll,PHI00,Lincoln Financial Field,0,0,T.DeVito,15,NA,NA,NA,NA,1,0,0,0,1,00-0038476,NA,NA,T.DeVito,15,00-0038476,NA,NA,NA,NA,0,0,-1.4176849257200956,NA,NA,NA,NA,NA,0.9794518947601318,2.0548105239868164
123,2023_16_NYG_PHI,2023122501,PHI,NYG,REG,16,NYG,away,PHI,NYG,74,2023-12-25,815,1715,3515,Half1,0,1,0,1,4,0,13:35,NYG 26,9,1,"(13:35) 6-J.Gillan punts 41 yards to PHI 33, Center-59-C.Kreiter. 18-B.Covey pushed ob at NYG 13 for 54 yards (47-C.Brown).",punt,0,0,0,0,0,0,0,NA,NA,NA,NA,NA,NA,NA,41,NA,NA,3,3,0,NA,NA,NA,NA,3,3,0,0,0,0,0,0,0,0,0.005529147107154131,0.23297721147537231,0.003983600065112114,0.42656439542770386,0.13426224887371063,0.003442780813202262,0.19324062764644623,0,0,-1.9304929007776082,-3.359953065169975,6.0606683327350765,-6.0606683327350765,1.2830303418450058,-1.2830303418450058,1.4176849257200956,-1.4176849257200956,NA,NA,0,0,0,0,0,0,-1.8942345376126468,1.8942345376126468,3.3119194633327425,-3.3119194633327425,0.35344067215919495,0.646559327840805,0.646559327840805,0.35344067215919495,-0.07361403107643127,-0.06824872642755508,0.06824872642755508,0.7201733589172363,0.27982664108276367,0.09423039108514786,0.9057696089148521,0.04328027367591858,-0.04328027367591858,0.03648701310157776,-0.03648701310157776,NA,NA,0,0,0,0,0,0,0,0,0.03648701310157776,-0.03648701310157776,0,0,0,0,0,0,0,0,0,0,0,0,0,0,0,0,0,0,0,0,0,0,0,0,1,0,0,0,0,0,0,0,0,0,0,0,0,0,0,0,0,0,0,1,0,0,0,0,0,0,0,NA,NA,NA,NA,NA,NA,NA,NA,NA,NA,NA,NA,NA,NA,NA,NA,NA,NA,NA,NA,NA,00-0037132,B.Covey,NA,NA,NA,NA,NA,NA,00-0035042,J.Gillan,NA,NA,NA,NA,NA,NA,NA,NA,NA,NA,NA,NA,NA,NA,NA,NA,NA,NA,NA,NA,NYG,NA,00-0036400,NA,C.Brown,NA,NA,NA,NA,NA,NA,NA,NA,NA,NA,NA,NA,NA,0,NA,NA,NA,NA,NA,NA,NA,NA,NA,NA,NA,NA,NA,NA,NA,NA,NA,NA,NA,NA,NA,NA,NA,NA,NA,NA,NA,NA,NA,NA,PHI,54,NA,NA,NA,NA,0,NA,NA,0,0,0,0,NA,NA,2023,NA,NA,1,0,Punt,123,"12/25/23, 16:35:39",2023-12-25T21:38:30.270Z,Lincoln Financial Field,"Cloudy Temp: 51° F, Humidity: 68%, Wind: NE 5 mph",cbaf6e72-f053-11ed-b4a7-bab79e4492fa,0,0,PUNT,1,NA,2023-12-25T21:38:49.990Z,NA,1,Punt,2023-12-25T21:35:39.037Z,3,1:46,0,0,0,1,1,0,KICKOFF,PUNT,15:00,13:14,NYG 25,NYG 26,40,123,25,33,Home,8,58,14,41,1,outdoors,grass,51,5,Nick Sirianni,Brian Daboll,PHI00,Lincoln Financial Field,0,0,NA,NA,NA,NA,NA,NA,0,0,0,1,0,NA,NA,NA,NA,NA,NA,NA,NA,NA,NA,1,0,-3.359953065169975,NA,NA,NA,NA,NA,NA,NA
149,2023_16_NYG_PHI,2023122501,PHI,NYG,REG,16,PHI,home,NYG,NYG,13,2023-12-25,794,1694,3494,Half1,0,2,0,1,1,0,13:14,NYG 13,10,13,(13:14) (Shotgun) 0-D.Swift left end pushed ob at NYG 1 for 12 yards (25-D.Banks).,run,12,1,0,0,0,0,0,NA,NA,NA,NA,left,end,NA,NA,NA,NA,3,3,0,NA,NA,NA,NA,3,3,0,0,0,0,0,0,0,0,0.0011761380592361093,0.01571378856897354,4.68196056317538e-4,0.023875072598457336,0.3004852831363678,7.554258336313069e-4,0.6575260758399963,0,0,5.290445965947583,1.2253797683806624,7.286048101115739,-7.286048101115739,2.508410110225668,-2.508410110225668,1.4176849257200956,-1.4176849257200956,NA,NA,0,0,0,0,0,0,-1.8942345376126468,1.8942345376126468,3.3119194633327425,-3.3119194633327425,0.7201733589172363,0.27982664108276367,0.7201733589172363,0.27982664108276367,0.03295940160751343,-0.013262152671813965,-0.013262152671813965,0.7531327605247498,0.24686723947525024,0.9740183353424072,0.9740183353424072,0.076239675283432,-0.076239675283432,0.03648701310157776,-0.03648701310157776,NA,NA,0,0,0,0,0,0,0,0,0.03648701310157776,-0.03648701310157776,0,1,0,0,0,0,0,0,0,0,0,0,0,0,0,0,0,0,0,0,0,0,0,0,1,0,0,0,0,0,0,0,1,0,0,0,0,0,0,0,0,0,0,0,0,0,0,0,0,0,0,NA,NA,NA,NA,NA,NA,00-0036275,D.Swift,12,NA,NA,NA,NA,NA,NA,NA,NA,NA,NA,NA,NA,NA,NA,NA,NA,NA,NA,NA,NA,NA,NA,NA,NA,NA,NA,NA,NA,NA,NA,NA,NA,NA,NA,NA,NA,NA,NA,NA,NA,NA,NA,NYG,NA,00-0039000,NA,D.Banks,NA,NA,NA,NA,NA,NA,NA,NA,NA,NA,NA,NA,NA,0,NA,NA,NA,NA,NA,NA,NA,NA,NA,NA,NA,NA,NA,NA,NA,NA,NA,NA,NA,NA,NA,NA,NA,NA,NA,NA,NA,NA,NA,NA,NA,0,NA,NA,NA,NA,0,NA,NA,0,0,0,0,NA,NA,2023,NA,NA,2,1,First down,149,"12/25/23, 16:35:39",2023-12-25T21:39:46.047Z,Lincoln Financial Field,"Cloudy Temp: 51° F, Humidity: 68%, Wind: NE 5 mph",cbaf6e72-f053-11ed-b4a7-bab79e4492fa,0,0,RUSH,0,NA,2023-12-25T21:39:52.320Z,NA,2,Touchdown,2023-12-25T21:39:46.047Z,2,0:47,2,1,1,1,1,0,PUNT,TOUCHDOWN,13:14,12:27,NYG 13,NYG 1,149,221,25,33,Home,8,58,14,41,1,outdoors,grass,51,5,Nick Sirianni,Brian Daboll,PHI00,Lincoln Financial Field,0,1,NA,NA,D.Swift,0,NA,NA,0,1,1,0,1,NA,00-0036275,NA,D.Swift,0,00-0036275,D.Swift,00-0036275,D.Swift,00-0036275,1,0,1.2253797683806624,NA,NA,NA,NA,NA,0.3936649560928345,-39.36649560928345
181,2023_16_NYG_PHI,2023122501,PHI,NYG,REG,16,PHI,home,NYG,NYG,1,2023-12-25,748,1648,3448,Half1,0,2,1,1,1,1,12:28,NYG 1,1,13,"(12:28) 1-J.Hurts up the middle for 1 yard, TOUCHDOWN. Penalty on NYG-96-T.Horne, Defensive Offside, declined.",run,1,0,0,0,0,0,0,NA,NA,NA,NA,middle,NA,NA,NA,NA,NA,3,3,0,NA,PHI,J.Hurts,00-0036389,3,3,6,0,0,0,0,6,0,6,5.92399446759373e-4,0.007419304456561804,2.2194099437911063e-4,0.012733877636492252,0.05559636652469635,6.354763172566891e-4,0.9228006601333618,0,0,6.515825734328246,0.48417426567175426,7.770222366787493,-7.770222366787493,2.9925843758974224,-2.9925843758974224,1.4176849257200956,-1.4176849257200956,NA,NA,0,0,0,0,0,0,-1.8942345376126468,1.8942345376126468,3.3119194633327425,-3.3119194633327425,0.7531327605247498,0.24686723947525024,0.7531327605247498,0.24686723947525024,6.775169030888151e-4,0.014890581041405171,0.014890581041405171,0.7538102774278386,0.24618972257216143,0.9607561826705933,0.9607561826705933,0.07691719218652082,-0.07691719218652082,0.03648701310157776,-0.03648701310157776,NA,NA,0,0,0,0,0,0,0,0,0.03648701310157776,-0.03648701310157776,0,1,0,0,0,0,0,0,0,0,0,0,0,0,0,0,0,0,0,0,0,0,0,0,0,0,0,0,0,0,0,0,1,0,0,1,0,1,0,0,0,0,0,0,0,0,0,0,0,0,0,NA,NA,NA,NA,NA,NA,00-0036389,J.Hurts,1,NA,NA,NA,NA,NA,NA,NA,NA,NA,NA,NA,NA,NA,NA,NA,NA,NA,NA,NA,NA,NA,NA,NA,NA,NA,NA,NA,NA,NA,NA,NA,NA,NA,NA,NA,NA,NA,NA,NA,NA,NA,NA,NA,NA,NA,NA,NA,NA,NA,NA,NA,NA,NA,NA,NA,NA,NA,NA,NA,NA,0,NA,NA,NA,NA,NA,NA,NA,NA,NA,NA,NA,NA,NA,NA,NA,NA,NA,NA,NA,NA,NA,NA,NA,NA,NA,NA,NA,NA,NA,NA,NA,0,NA,NA,NA,NA,0,NA,NA,0,0,0,0,NA,NA,2023,NA,NA,3,1,Touchdown,181,"12/25/23, 16:35:39",2023-12-25T21:41:25.183Z,Lincoln Financial Field,"Cloudy Temp: 51° F, Humidity: 68%, Wind: NE 5 mph",cbaf6e72-f053-11ed-b4a7-bab79e4492fa,0,0,RUSH,0,NA,2023-12-25T21:41:27.317Z,NA,2,Touchdown,2023-12-25T21:39:46.047Z,2,0:47,2,1,1,1,1,0,PUNT,TOUCHDOWN,13:14,12:27,NYG 13,NYG 1,149,221,25,33,Home,8,58,14,41,1,outdoors,grass,51,5,Nick Sirianni,Brian Daboll,PHI00,Lincoln Financial Field,0,1,NA,NA,J.Hurts,1,NA,NA,0,1,1,0,1,NA,00-0036389,NA,J.Hurts,1,00-0036389,J.Hurts,00-0036389,J.Hurts,00-0036389,0,0,0.48417426567175426,NA,NA,NA,NA,NA,0.24956682324409485,-24.956682324409485
221,2023_16_NYG_PHI,2023122501,PHI,NYG,REG,16,PHI,home,NYG,NYG,15,2023-12-25,747,1647,3447,Half1,0,2,1,1,NA,0,12:27,NYG 15,0,13,"4-J.Elliott extra point is GOOD, Center-45-R.Lovato, Holder-10-B.Mann.",extra_point,0,0,0,0,0,0,0,NA,NA,NA,NA,NA,NA,NA,33,good,NA,3,3,0,NA,NA,NA,NA,3,3,7,0,6,0,6,7,0,7,0,0,0,0,0,0,0,0.9324269968923669,0,0.9324269968923669,0.067573003107633145,7.837795369895126,-7.837795369895126,2.9925843758974224,-2.9925843758974224,1.4176849257200956,-1.4176849257200956,NA,NA,0,0,0,0,0,0,-1.8942345376126468,1.8942345376126468,3.3119194633327425,-3.3119194633327425,0.7538102774278386,0.24618972257216143,0.7538102774278386,0.24618972257216143,0.001575002227617972,3.076068611645999e-4,3.076068611645999e-4,0.7553852796554565,0.24461472034454346,0.9756467637119984,0.9756467637119984,0.07691719218652082,-0.07691719218652082,0.03648701310157776,-0.03648701310157776,NA,NA,0,0,0,0,0,0,0,0,0.03648701310157776,-0.03648701310157776,0,0,0,0,0,0,0,0,0,0,0,0,0,0,0,0,0,0,0,0,0,0,0,0,0,0,0,0,0,0,0,0,0,0,0,0,0,0,0,1,0,0,0,0,0,0,0,0,0,0,0,NA,NA,NA,NA,NA,NA,NA,NA,NA,NA,NA,NA,NA,NA,NA,NA,NA,NA,NA,NA,NA,NA,NA,NA,NA,NA,NA,NA,NA,NA,NA,J.Elliott,00-0033787,NA,NA,NA,NA,NA,NA,NA,NA,NA,NA,NA,NA,NA,NA,NA,NA,NA,NA,NA,NA,NA,NA,NA,NA,NA,NA,NA,NA,NA,NA,NA,NA,NA,NA,NA,NA,0,NA,NA,NA,NA,NA,NA,NA,NA,NA,NA,NA,NA,NA,NA,NA,NA,NA,NA,NA,NA,NA,NA,NA,NA,NA,NA,NA,NA,NA,NA,NA,0,NA,NA,NA,NA,0,NA,NA,0,0,0,0,NA,NA,2023,NA,NA,3,1,Touchdown,221,"12/25/23, 16:35:39",2023-12-25T21:42:46Z,Lincoln Financial Field,"Cloudy Temp: 51° F, Humidity: 68%, Wind: NE 5 mph",cbaf6e72-f053-11ed-b4a7-bab79e4492fa,0,0,XP_KICK,1,NA,NA,NA,2,Touchdown,2023-12-25T21:39:46.047Z,2,0:47,2,1,1,1,1,0,PUNT,TOUCHDOWN,13:14,12:27,NYG 13,NYG 1,149,221,25,33,Home,8,58,14,41,1,outdoors,grass,51,5,Nick Sirianni,Brian Daboll,PHI00,Lincoln Financial Field,0,1,NA,NA,NA,NA,NA,NA,0,0,0,1,0,NA,NA,NA,NA,NA,NA,NA,NA,NA,NA,0,0,0.067573003107633145,NA,NA,NA,NA,NA,NA,NA
236,2023_16_NYG_PHI,2023122501,PHI,NYG,REG,16,NYG,away,PHI,PHI,35,2023-12-25,747,1647,3447,Half1,0,3,0,1,NA,0,12:27,PHI 35,0,41,"4-J.Elliott kicks 65 yards from PHI 35 to end zone, Touchback.",kickoff,0,0,0,0,0,0,0,NA,NA,NA,NA,NA,NA,NA,65,NA,NA,3,3,0,NA,NA,NA,NA,3,3,7,0,0,7,-7,0,7,-7,0.005509100388735533,0.14141811430454254,0.0022669171448796988,0.26705142855644226,0.2216149866580963,0.0033775761257857084,0.35876190662384033,0,0,0.8847852814942598,-0,7.837795369895126,-7.837795369895126,2.9925843758974224,-2.9925843758974224,1.4176849257200956,-1.4176849257200956,NA,NA,0,0,0,0,0,0,-1.8942345376126468,1.8942345376126468,3.3119194633327425,-3.3119194633327425,0.24461472034454346,0.7553852796554565,0.7553852796554565,0.24461472034454346,-0,-0,0,0.7553852796554565,0.24461472034454346,0.024045629426836967,0.975954370573163,0.07691719218652082,-0.07691719218652082,0.03648701310157776,-0.03648701310157776,NA,NA,0,0,0,0,0,0,0,0,0.03648701310157776,-0.03648701310157776,0,0,0,0,0,0,0,0,0,1,0,0,0,0,0,0,0,0,0,0,0,0,0,0,0,0,0,0,0,0,0,0,0,0,0,0,0,0,0,0,0,0,1,0,0,0,0,0,0,0,0,NA,NA,NA,NA,NA,NA,NA,NA,NA,NA,NA,NA,NA,NA,NA,NA,NA,NA,NA,NA,NA,NA,NA,NA,NA,NA,NA,NA,NA,NA,NA,J.Elliott,00-0033787,NA,NA,NA,NA,NA,NA,NA,NA,NA,NA,NA,NA,NA,NA,NA,NA,NA,NA,NA,NA,NA,NA,NA,NA,NA,NA,NA,NA,NA,NA,NA,NA,NA,NA,NA,NA,0,NA,NA,NA,NA,NA,NA,NA,NA,NA,NA,NA,NA,NA,NA,NA,NA,NA,NA,NA,NA,NA,NA,NA,NA,NA,NA,NA,NA,NA,NA,NYG,0,NA,NA,NA,NA,0,NA,NA,0,0,0,0,NA,NA,2023,NA,NA,4,1,First down,236,"12/25/23, 16:35:39",2023-12-25T21:46:09.067Z,Lincoln Financial Field,"Cloudy Temp: 51° F, Humidity: 68%, Wind: NE 5 mph",cbaf6e72-f053-11ed-b4a7-bab79e4492fa,0,0,KICK_OFF,1,NA,2023-12-25T21:46:12.303Z,NA,3,Field goal,2023-12-25T21:46:09.067Z,10,4:23,3,0,1,1,1,-5,KICKOFF,FIELD_GOAL,12:27,08:04,NYG 25,PHI 34,236,526,25,33,Home,8,58,14,41,1,outdoors,grass,51,5,Nick Sirianni,Brian Daboll,PHI00,Lincoln Financial Field,0,0,NA,NA,NA,NA,NA,NA,0,0,0,1,0,NA,NA,NA,NA,NA,NA,NA,NA,NA,NA,0,0,-0,NA,NA,NA,NA,NA,NA,NA
264,2023_16_NYG_PHI,2023122501,PHI,NYG,REG,16,NYG,away,PHI,NYG,75,2023-12-25,747,1647,3447,Half1,0,3,0,1,1,0,12:27,NYG 25,10,41,(12:27) (Shotgun) 15-T.DeVito pass short left to 17-W.Robinson to NYG 32 for 7 yards (32-R.Blankenship).,pass,7,1,0,1,0,0,0,short,left,-1,8,NA,NA,NA,NA,NA,NA,3,3,0,NA,NA,NA,NA,3,3,7,0,0,7,-7,0,7,-7,0.005509100388735533,0.14141811430454254,0.0022669171448796988,0.26705142855644226,0.2216149866580963,0.0033775761257857084,0.35876190662384033,0,0,0.8847852814942598,0.4051531101576984,7.4326422597374275,-7.4326422597374275,2.9925843758974224,-2.9925843758974224,1.0125318155623972,-1.0125318155623972,-1.0311302305199206,1.436283340677619,-1.0311302305199206,1.436283340677619,1.0311302305199206,-1.0311302305199206,-1.436283340677619,1.436283340677619,-0.8631043070927262,0.8631043070927262,1.8756361226551235,-1.8756361226551235,0.24461472034454346,0.7553852796554565,0.7553852796554565,0.24461472034454346,-0.0023749619722366333,0.011343127116560936,-0.011343127116560936,0.7577602416276932,0.24223975837230682,0.024045629426836967,0.975954370573163,0.07691719218652082,-0.07691719218652082,0.03886197507381439,-0.03886197507381439,0,-0.0023749619722366333,0,-0.0023749619722366333,0,0,0.0023749619722366333,-0.0023749619722366333,0,0,0.03886197507381439,-0.03886197507381439,0,0,0,0,0,0,0,0,0,0,0,0,0,0,0,0,0,0,0,0,0,0,0,0,1,0,0,0,0,0,0,0,0,1,0,0,0,0,0,0,0,0,0,0,0,1,0,0,0,0,0,00-0038476,T.DeVito,7,00-0038117,W.Robinson,7,NA,NA,NA,NA,NA,NA,NA,NA,NA,NA,NA,NA,NA,NA,NA,NA,NA,NA,NA,NA,NA,NA,NA,NA,NA,NA,NA,NA,NA,NA,NA,NA,NA,NA,NA,NA,NA,NA,NA,NA,NA,NA,NA,NA,NA,PHI,NA,00-0037130,NA,R.Blankenship,NA,NA,NA,NA,NA,NA,NA,NA,NA,NA,NA,NA,NA,0,NA,NA,NA,NA,NA,NA,NA,NA,NA,NA,NA,NA,NA,NA,NA,NA,NA,NA,NA,NA,NA,NA,NA,NA,NA,NA,NA,NA,NA,NA,NA,0,NA,NA,NA,NA,0,NA,NA,0,0,0,0,NA,NA,2023,0.8731086850166321,12.689131498336792,4,1,First down,264,"12/25/23, 16:35:39",2023-12-25T21:46:50.473Z,Lincoln Financial Field,"Cloudy Temp: 51° F, Humidity: 68%, Wind: NE 5 mph",cbaf6e72-f053-11ed-b4a7-bab79e4492fa,0,0,PASS,0,NA,2023-12-25T21:46:54.647Z,NA,3,Field goal,2023-12-25T21:46:09.067Z,10,4:23,3,0,1,1,1,-5,KICKOFF,FIELD_GOAL,12:27,08:04,NYG 25,PHI 34,236,526,25,33,Home,8,58,14,41,1,outdoors,grass,51,5,Nick Sirianni,Brian Daboll,PHI00,Lincoln Financial Field,0,1,T.DeVito,15,NA,NA,W.Robinson,17,1,0,0,0,1,00-0038476,NA,00-0038117,T.DeVito,15,00-0038476,W.Robinson,00-0038117,W.Robinson,00-0038117,0,0,0.4051531101576984,1.1745250177187796,7.692132387266611,6,0.5682626111956779,0.21949841143214144,0.3960634469985962,60.39365530014038
289,2023_16_NYG_PHI,2023122501,PHI,NYG,REG,16,NYG,away,PHI,NYG,68,2023-12-25,709,1609,3409,Half1,0,3,0,1,2,0,11:49,NYG 32,3,41,(11:49) (Shotgun) 26-S.Barkley left tackle to NYG 36 for 4 yards (3-N.Smith; 93-M.Williams).,run,4,1,0,0,0,0,0,NA,NA,NA,NA,left,tackle,NA,NA,NA,NA,3,3,0,NA,NA,NA,NA,3,3,7,0,0,7,-7,0,7,-7,0.006426418665796518,0.1344771832227707,0.0028076590970158577,0.2417370229959488,0.2237388789653778,0.0031524428632110357,0.387660413980484,0,0,1.2899383916519582,0.33316317573189735,7.09947908400553,-7.09947908400553,2.659421200165525,-2.659421200165525,1.0125318155623972,-1.0125318155623972,NA,NA,0,0,1.0311302305199206,-1.0311302305199206,-1.436283340677619,1.436283340677619,-0.8631043070927262,0.8631043070927262,1.8756361226551235,-1.8756361226551235,0.24223975837230682,0.7577602416276932,0.7577602416276932,0.24223975837230682,0.018975242972373962,-0.004671020433306694,0.004671020433306694,0.7387849986553192,0.2612150013446808,0.0353887565433979,0.9646112434566021,0.05794194921414686,-0.05794194921414686,0.03886197507381439,-0.03886197507381439,NA,NA,0,0,0,0,0.0023749619722366333,-0.0023749619722366333,0,0,0.03886197507381439,-0.03886197507381439,0,1,0,0,0,0,0,0,0,0,0,0,0,0,0,0,0,0,0,0,0,0,0,0,0,0,0,0,0,0,0,0,1,0,0,0,0,0,0,0,0,0,0,0,0,0,1,0,0,0,0,NA,NA,NA,NA,NA,NA,00-0034844,S.Barkley,4,NA,NA,NA,NA,NA,NA,NA,NA,NA,NA,NA,NA,NA,NA,NA,NA,NA,NA,NA,NA,NA,NA,NA,NA,NA,NA,NA,NA,NA,NA,NA,NA,NA,NA,NA,NA,NA,NA,NA,NA,NA,NA,NA,NA,NA,NA,NA,NA,00-0039013,N.Smith,PHI,00-0036916,M.Williams,PHI,NA,NA,NA,NA,NA,NA,0,NA,NA,NA,NA,NA,NA,NA,NA,NA,NA,NA,NA,NA,NA,NA,NA,NA,NA,NA,NA,NA,NA,NA,NA,NA,NA,NA,NA,NA,NA,NA,0,NA,NA,NA,NA,0,NA,NA,0,0,0,0,NA,NA,2023,NA,NA,4,1,First down,289,"12/25/23, 16:35:39",2023-12-25T21:47:28.177Z,Lincoln Financial Field,"Cloudy Temp: 51° F, Humidity: 68%, Wind: NE 5 mph",cbaf6e72-f053-11ed-b4a7-bab79e4492fa,0,0,RUSH,0,NA,2023-12-25T21:47:31.820Z,NA,3,Field goal,2023-12-25T21:46:09.067Z,10,4:23,3,0,1,1,1,-5,KICKOFF,FIELD_GOAL,12:27,08:04,NYG 25,PHI 34,236,526,25,33,Home,8,58,14,41,1,outdoors,grass,51,5,Nick Sirianni,Brian Daboll,PHI00,Lincoln Financial Field,0,1,NA,NA,S.Barkley,26,NA,NA,0,1,1,0,1,NA,00-0034844,NA,S.Barkley,26,00-0034844,S.Barkley,00-0034844,S.Barkley,00-0034844,0,0,0.33316317573189735,NA,NA,NA,NA,NA,0.26422151923179626,-26.422151923179626
311,2023_16_NYG_PHI,2023122501,PHI,NYG,REG,16,NYG,away,PHI,NYG,64,2023-12-25,675,1575,3375,Half1,0,3,0,1,1,0,11:15,NYG 36,10,41,(11:15) (Shotgun) 15-T.DeVito pass short left to 82-D.Bellinger to 50 for 14 yards (22-K.Ringo).,pass,14,1,0,1,0,0,0,short,left,3,11,NA,NA,NA,NA,NA,NA,3,3,0,NA,NA,NA,NA,3,3,7,0,0,7,-7,0,7,-7,0.006679036188870668,0.11590976268053055,0.0020660145673900843,0.22563010454177856,0.24325774610042572,0.004120220430195332,0.40233713388442993,0,0,1.6231015673838556,1.3190763923339546,5.780402691671576,-5.780402691671576,2.659421200165525,-2.659421200165525,-0.30654457677155733,0.30654457677155733,-0.317547807469964,1.6366241998039186,-0.317547807469964,1.6366241998039186,1.3486780379898846,-1.3486780379898846,-3.0729075404815376,3.0729075404815376,-0.5455564996227622,0.5455564996227622,0.23901192285120487,-0.23901192285120487,0.2612150013446808,0.7387849986553192,0.7387849986553192,0.2612150013446808,0.010453760623931885,-0.0016516484320163727,0.0016516484320163727,0.7283312380313873,0.27166876196861267,0.03071773611009121,0.9692822638899088,0.05794194921414686,-0.05794194921414686,0.028408214449882507,-0.028408214449882507,0,0.010453760623931885,0,0.010453760623931885,0,0,-0.008078798651695251,0.008078798651695251,0,0,0.028408214449882507,-0.028408214449882507,0,0,1,0,0,0,0,0,0,0,0,0,0,0,0,0,0,0,0,0,0,0,0,0,1,0,0,0,0,0,0,0,0,1,0,0,0,0,0,0,0,0,0,0,0,1,0,0,0,0,0,00-0038476,T.DeVito,14,00-0038115,D.Bellinger,14,NA,NA,NA,NA,NA,NA,NA,NA,NA,NA,NA,NA,NA,NA,NA,NA,NA,NA,NA,NA,NA,NA,NA,NA,NA,NA,NA,NA,NA,NA,NA,NA,NA,NA,NA,NA,NA,NA,NA,NA,NA,NA,NA,NA,NA,PHI,NA,00-0039140,NA,K.Ringo,NA,NA,NA,NA,NA,NA,NA,NA,NA,NA,NA,NA,NA,0,NA,NA,NA,NA,NA,NA,NA,NA,NA,NA,NA,NA,NA,NA,NA,NA,NA,NA,NA,NA,NA,NA,NA,NA,NA,NA,NA,NA,NA,NA,NA,0,NA,NA,NA,NA,0,NA,NA,0,0,0,0,NA,NA,2023,0.7814931273460388,21.850687265396118,5,1,First down,311,"12/25/23, 16:35:39",2023-12-25T21:48:02.580Z,Lincoln Financial Field,"Cloudy Temp: 51° F, Humidity: 68%, Wind: NE 5 mph",cbaf6e72-f053-11ed-b4a7-bab79e4492fa,0,0,PASS,0,NA,2023-12-25T21:48:09.937Z,NA,3,Field goal,2023-12-25T21:46:09.067Z,10,4:23,3,0,1,1,1,-5,KICKOFF,FIELD_GOAL,12:27,08:04,NYG 25,PHI 34,236,526,25,33,Home,8,58,14,41,1,outdoors,grass,51,5,Nick Sirianni,Brian Daboll,PHI00,Lincoln Financial Field,0,1,T.DeVito,15,NA,NA,D.Bellinger,82,1,0,1,0,1,00-0038476,NA,00-0038115,T.DeVito,15,00-0038476,D.Bellinger,00-0038115,D.Bellinger,00-0038115,0,0,1.3190763923339546,0.6199667588589011,4.674046229287342,3,0.6675687823444605,0.22778632678091526,0.3875136971473694,61.24863028526306
348,2023_16_NYG_PHI,2023122501,PHI,NYG,REG,16,NA,NA,NA,NA,50,2023-12-25,632,1532,3332,Half1,0,3,0,1,NA,0,10:32,MID 50,0,41,Timeout #1 by PHI at 10:32.,no_play,0,0,0,0,0,0,0,NA,NA,NA,NA,NA,NA,NA,NA,NA,NA,2,3,1,PHI,NA,NA,NA,NA,NA,7,0,NA,NA,NA,NA,NA,NA,0,0,0,0,0,0,0,0,0,2.94217795971781,-0,5.780402691671576,-5.780402691671576,2.659421200165525,-2.659421200165525,-0.30654457677155733,0.30654457677155733,NA,NA,0,0,1.3486780379898846,-1.3486780379898846,-3.0729075404815376,3.0729075404815376,-0.5455564996227622,0.5455564996227622,0.23901192285120487,-0.23901192285120487,0.27166876196861267,0.7283312380313873,0.7283312380313873,0.27166876196861267,-0,-0,0,NA,NA,0.029066087678074837,0.9709339123219252,0.05794194921414686,-0.05794194921414686,0.028408214449882507,-0.028408214449882507,NA,NA,0,0,0,0,-0.008078798651695251,0.008078798651695251,0,0,0.028408214449882507,-0.028408214449882507,0,0,0,0,0,0,0,0,0,0,0,0,0,0,0,0,0,0,0,0,0,0,0,0,0,0,0,0,0,0,0,0,0,0,0,0,0,0,0,0,0,0,0,0,0,0,0,0,0,0,0,NA,NA,NA,NA,NA,NA,NA,NA,NA,NA,NA,NA,NA,NA,NA,NA,NA,NA,NA,NA,NA,NA,NA,NA,NA,NA,NA,NA,NA,NA,NA,NA,NA,NA,NA,NA,NA,NA,NA,NA,NA,NA,NA,NA,NA,NA,NA,NA,NA,NA,NA,NA,NA,NA,NA,NA,NA,NA,NA,NA,NA,NA,NA,NA,NA,NA,NA,NA,NA,0,NA,NA,NA,NA,NA,NA,NA,NA,NA,NA,NA,NA,NA,NA,NA,NA,NA,NA,NA,NA,NA,NA,NA,NA,NA,NA,NA,NA,NA,NA,NA,0,NA,NA,NA,NA,0,NA,NA,0,0,0,0,NA,NA,2023,NA,NA,6,1,First down,323,"12/25/23, 16:35:39",2023-12-25T21:48:49Z,Lincoln Financial Field,"Cloudy Temp: 51° F, Humidity: 68%, Wind: NE 5 mph",cbaf6e72-f053-11ed-b4a7-bab79e4492fa,0,0,TIMEOUT,0,NA,NA,NA,3,Field goal,2023-12-25T21:46:09.067Z,10,4:23,3,0,1,1,1,-5,KICKOFF,FIELD_GOAL,12:27,08:04,NYG 25,PHI 34,236,526,25,33,Home,8,58,14,41,1,outdoors,grass,51,5,Nick Sirianni,Brian Daboll,PHI00,Lincoln Financial Field,0,0,NA,NA,NA,NA,NA,NA,0,0,0,0,0,NA,NA,NA,NA,NA,NA,NA,NA,NA,NA,0,0,-0,NA,NA,NA,NA,NA,NA,NA
336,2023_16_NYG_PHI,2023122501,PHI,NYG,REG,16,NYG,away,PHI,50,50,2023-12-25,632,1532,3332,Half1,0,3,0,1,1,0,10:32,MID 50,10,41,(10:32) 15-T.DeVito pass short right to 26-S.Barkley to PHI 46 for 4 yards (7-H.Reddick).,pass,4,0,0,1,0,0,0,short,right,3,1,NA,NA,NA,NA,NA,NA,2,3,0,NA,NA,NA,NA,3,2,7,0,0,7,-7,0,7,-7,0.006838330999016762,0.08962154388427734,0.0014367930125445127,0.14283932745456696,0.2727896571159363,0.0019796390552073717,0.48449474573135376,0,0,2.94217795971781,-0.2143469457514584,5.994749637423034,-5.994749637423034,2.659421200165525,-2.659421200165525,-0.09219763102009892,0.09219763102009892,-0.29979960550554097,0.08545265975408256,-0.29979960550554097,0.08545265975408256,1.6484776434954256,-1.6484776434954256,-3.15836020023562,3.15836020023562,-0.24575689411722124,0.24575689411722124,0.1535592630971223,-0.1535592630971223,0.27166876196861267,0.7283312380313873,0.7283312380313873,0.27166876196861267,-0.005100131034851074,-0.002569161355495453,0.002569161355495453,0.7334313690662384,0.2665686309337616,0.029066087678074837,0.9709339123219252,0.05794194921414686,-0.05794194921414686,0.03350834548473358,-0.03350834548473358,0,-0.005100131034851074,0,-0.005100131034851074,0,0,-0.0029786676168441772,0.0029786676168441772,0,0,0.03350834548473358,-0.03350834548473358,0,0,0,0,0,0,0,0,0,0,0,0,0,0,0,0,0,0,0,0,0,0,0,0,1,0,0,0,0,0,0,0,0,1,0,0,0,0,0,0,0,0,0,0,0,1,0,0,0,0,0,00-0038476,T.DeVito,4,00-0034844,S.Barkley,4,NA,NA,NA,NA,NA,NA,NA,NA,NA,NA,NA,NA,NA,NA,NA,NA,NA,NA,NA,NA,NA,NA,NA,NA,NA,NA,NA,NA,NA,NA,NA,NA,NA,NA,NA,NA,NA,NA,NA,NA,NA,NA,NA,NA,NA,PHI,NA,00-0033875,NA,H.Reddick,NA,NA,NA,NA,NA,NA,NA,NA,NA,NA,NA,NA,NA,0,NA,NA,NA,NA,NA,NA,NA,NA,NA,NA,NA,NA,NA,NA,NA,NA,NA,NA,NA,NA,NA,NA,NA,NA,NA,NA,NA,NA,NA,NA,NA,0,NA,NA,NA,NA,0,NA,NA,0,0,0,0,NA,NA,2023,0.7777355313301086,22.226446866989136,6,1,First down,336,"12/25/23, 16:35:39",2023-12-25T21:49:45.850Z,Lincoln Financial Field,"Cloudy Temp: 51° F, Humidity: 68%, Wind: NE 5 mph",cbaf6e72-f053-11ed-b4a7-bab79e4492fa,0,0,PASS,0,NA,2023-12-25T21:49:52.657Z,NA,3,Field goal,2023-12-25T21:46:09.067Z,10,4:23,3,0,1,1,1,-5,KICKOFF,FIELD_GOAL,12:27,08:04,NYG 25,PHI 34,236,526,25,33,Home,8,58,14,41,1,outdoors,grass,51,5,Nick Sirianni,Brian Daboll,PHI00,Lincoln Financial Field,0,0,T.DeVito,15,NA,NA,S.Barkley,26,1,0,0,0,1,00-0038476,NA,00-0034844,T.DeVito,15,00-0038476,S.Barkley,00-0034844,S.Barkley,00-0034844,0,0,-0.2143469457514584,0.5309760345129108,4.700093226361787,3,0.5535371982841752,0.23543164221337065,0.3928335905075073,60.71664094924927
379,2023_16_NYG_PHI,2023122501,PHI,NYG,REG,16,NYG,away,PHI,PHI,46,2023-12-25,616,1516,3316,Half1,0,3,0,1,2,0,10:16,PHI 46,6,41,(10:16) 26-S.Barkley up the middle to PHI 46 for no gain (53-S.Leonard).,run,0,0,0,0,0,0,0,NA,NA,NA,NA,middle,NA,NA,NA,NA,NA,2,3,0,NA,NA,NA,NA,3,2,7,0,0,7,-7,0,7,-7,0.007041462231427431,0.09177322685718536,0.0014151937793940306,0.15513406693935394,0.27739864587783813,0.002187599427998066,0.46504977345466614,0,0,2.7278310139663517,-0.8462358801625669,6.840985517585601,-6.840985517585601,3.505657080328092,-3.505657080328092,-0.09219763102009892,0.09219763102009892,NA,NA,0,0,1.6484776434954256,-1.6484776434954256,-3.15836020023562,3.15836020023562,-0.24575689411722124,0.24575689411722124,0.1535592630971223,-0.1535592630971223,0.2665686309337616,0.7334313690662384,0.7334313690662384,0.2665686309337616,-0.011723369359970093,-6.439462304115295e-4,6.439462304115295e-4,0.7451547384262085,0.2548452615737915,0.026496926322579384,0.9735030736774206,0.06966531857411695,-0.06966531857411695,0.03350834548473358,-0.03350834548473358,NA,NA,0,0,0,0,-0.0029786676168441772,0.0029786676168441772,0,0,0.03350834548473358,-0.03350834548473358,0,0,0,0,0,0,0,0,0,0,0,0,0,0,0,0,0,0,0,0,0,0,0,0,1,0,0,0,0,0,0,0,1,0,0,0,0,0,0,0,0,0,0,0,0,0,0,0,0,0,0,NA,NA,NA,NA,NA,NA,00-0034844,S.Barkley,0,NA,NA,NA,NA,NA,NA,NA,NA,NA,NA,NA,NA,NA,NA,NA,NA,NA,NA,NA,NA,NA,NA,NA,NA,NA,NA,NA,NA,NA,NA,NA,NA,NA,NA,NA,NA,NA,NA,NA,NA,NA,NA,PHI,NA,00-0034846,NA,S.Leonard,NA,NA,NA,NA,NA,NA,NA,NA,NA,NA,NA,NA,NA,0,NA,NA,NA,NA,NA,NA,NA,NA,NA,NA,NA,NA,NA,NA,NA,NA,NA,NA,NA,NA,NA,NA,NA,NA,NA,NA,NA,NA,NA,NA,NA,0,NA,NA,NA,NA,0,NA,NA,0,0,0,0,NA,NA,2023,NA,NA,6,1,First down,379,"12/25/23, 16:35:39",2023-12-25T21:50:50.613Z,Lincoln Financial Field,"Cloudy Temp: 51° F, Humidity: 68%, Wind: NE 5 mph",cbaf6e72-f053-11ed-b4a7-bab79e4492fa,0,0,RUSH,0,NA,2023-12-25T21:50:53.750Z,NA,3,Field goal,2023-12-25T21:46:09.067Z,10,4:23,3,0,1,1,1,-5,KICKOFF,FIELD_GOAL,12:27,08:04,NYG 25,PHI 34,236,526,25,33,Home,8,58,14,41,1,outdoors,grass,51,5,Nick Sirianni,Brian Daboll,PHI00,Lincoln Financial Field,0,0,NA,NA,S.Barkley,26,NA,NA,0,1,0,0,1,NA,00-0034844,NA,S.Barkley,26,00-0034844,S.Barkley,00-0034844,S.Barkley,00-0034844,0,0,-0.8462358801625669,NA,NA,NA,NA,NA,0.4841047525405884,-48.41047525405884
401,2023_16_NYG_PHI,2023122501,PHI,NYG,REG,16,NYG,away,PHI,PHI,46,2023-12-25,578,1478,3278,Half1,0,3,0,1,3,0,09:38,PHI 46,6,41,(9:38) (Shotgun) 15-T.DeVito pass short left to 86-D.Slayton pushed ob at PHI 37 for 9 yards (22-K.Ringo).,pass,9,1,0,1,0,0,0,short,left,0,9,NA,NA,NA,NA,NA,NA,2,3,0,NA,NA,NA,NA,3,2,7,0,0,7,-7,0,7,-7,0.009515894576907158,0.12009327113628387,0.0016124038957059383,0.19970077276229858,0.2569109797477722,0.002578915096819401,0.4095877707004547,0,0,1.8815951338037848,1.8017770433798432,5.039208474205758,-5.039208474205758,3.505657080328092,-3.505657080328092,-1.8939746743999422,1.8939746743999422,-1.7207233970984817,3.522500440478325,-1.7207233970984817,3.522500440478325,3.3692010405939072,-3.3692010405939072,-6.680860640713945,6.680860640713945,1.4749665029812604,-1.4749665029812604,-3.3689411773812026,3.3689411773812026,0.2548452615737915,0.7451547384262085,0.7451547384262085,0.2548452615737915,0.03378564119338989,0.015327876433730125,-0.015327876433730125,0.7113690972328186,0.2886309027671814,0.025852980092167854,0.9741470199078321,0.06966531857411695,-0.06966531857411695,-2.7729570865631104e-4,2.7729570865631104e-4,0,0.03378564119338989,0,0.03378564119338989,0,0,-0.03676430881023407,0.03676430881023407,0,0,-2.7729570865631104e-4,2.7729570865631104e-4,0,0,1,0,1,0,0,0,0,0,0,0,0,0,0,0,0,0,0,0,0,0,0,0,1,0,0,0,0,0,0,0,0,1,0,0,0,0,0,0,0,0,0,0,0,1,0,0,0,0,0,00-0038476,T.DeVito,9,00-0035535,D.Slayton,9,NA,NA,NA,NA,NA,NA,NA,NA,NA,NA,NA,NA,NA,NA,NA,NA,NA,NA,NA,NA,NA,NA,NA,NA,NA,NA,NA,NA,NA,NA,NA,NA,NA,NA,NA,NA,NA,NA,NA,NA,NA,NA,NA,NA,NA,PHI,NA,00-0039140,NA,K.Ringo,NA,NA,NA,NA,NA,NA,NA,NA,NA,NA,NA,NA,NA,0,NA,NA,NA,NA,NA,NA,NA,NA,NA,NA,NA,NA,NA,NA,NA,NA,NA,NA,NA,NA,NA,NA,NA,NA,NA,NA,NA,NA,NA,NA,NA,0,NA,NA,NA,NA,0,NA,NA,0,0,0,0,NA,NA,2023,0.6710560917854309,32.89439082145691,6,1,First down,401,"12/25/23, 16:35:39",2023-12-25T21:51:29.253Z,Lincoln Financial Field,"Cloudy Temp: 51° F, Humidity: 68%, Wind: NE 5 mph",cbaf6e72-f053-11ed-b4a7-bab79e4492fa,0,0,PASS,0,NA,2023-12-25T21:51:34.490Z,NA,3,Field goal,2023-12-25T21:46:09.067Z,10,4:23,3,0,1,1,1,-5,KICKOFF,FIELD_GOAL,12:27,08:04,NYG 25,PHI 34,236,526,25,33,Home,8,58,14,41,1,outdoors,grass,51,5,Nick Sirianni,Brian Daboll,PHI00,Lincoln Financial Field,0,1,T.DeVito,15,NA,NA,D.Slayton,86,1,0,1,0,1,00-0038476,NA,00-0035535,T.DeVito,15,00-0038476,D.Slayton,00-0035535,D.Slayton,00-0035535,1,0,1.8017770433798432,2.023606505369479,6.98971412924584,5,0.484269471722655,0.484269471722655,0.9694727063179016,3.052729368209839
431,2023_16_NYG_PHI,2023122501,PHI,NYG,REG,16,NYG,away,PHI,PHI,37,2023-12-25,541,1441,3241,Half1,0,3,0,1,1,0,09:01,PHI 37,10,41,(9:01) 15-T.DeVito pass incomplete short right to 26-S.Barkley.,pass,0,0,0,1,0,0,0,short,right,4,NA,NA,NA,NA,NA,NA,NA,2,3,0,NA,NA,NA,NA,3,2,7,0,0,7,-7,0,7,-7,0.007530640810728073,0.056101370602846146,0.0011597676202654839,0.0995444506406784,0.3225301504135132,0.0017437832430005074,0.5113898515701294,0,0,3.683372177183628,-0.5639713800046593,5.603179854210417,-5.603179854210417,3.505657080328092,-3.505657080328092,-1.3300032943952829,1.3300032943952829,-0.1331809947732836,-0.4307903852313757,0,0,3.3692010405939072,-3.3692010405939072,-6.680860640713945,6.680860640713945,1.608147497754544,-1.608147497754544,-2.938150792149827,2.938150792149827,0.2886309027671814,0.7113690972328186,0.7113690972328186,0.2886309027671814,-0.01991748809814453,-0.004772227257490158,0.004772227257490158,0.7312865853309631,0.26871341466903687,0.04118085652589798,0.958819143474102,0.06966531857411695,-0.06966531857411695,0.01964019238948822,-0.01964019238948822,0,-0.01991748809814453,0,0,0,0,-0.03676430881023407,0.03676430881023407,0,0,0.01964019238948822,-0.01964019238948822,0,0,0,0,0,0,0,0,1,0,0,0,0,0,0,0,0,0,0,0,0,0,0,0,0,0,0,0,0,0,0,0,0,1,0,0,0,0,0,0,0,0,0,0,0,0,0,0,0,0,0,00-0038476,T.DeVito,NA,00-0034844,S.Barkley,NA,NA,NA,NA,NA,NA,NA,NA,NA,NA,NA,NA,NA,NA,NA,NA,NA,NA,NA,NA,NA,NA,NA,NA,NA,NA,NA,NA,NA,NA,NA,NA,NA,NA,NA,NA,NA,NA,NA,NA,NA,NA,NA,NA,NA,NA,NA,NA,NA,NA,NA,NA,NA,NA,NA,NA,NA,NA,NA,NA,NA,NA,NA,NA,0,NA,NA,NA,NA,NA,NA,NA,NA,NA,NA,NA,NA,NA,NA,NA,NA,NA,NA,NA,NA,NA,NA,NA,NA,NA,NA,NA,NA,NA,NA,NA,0,NA,NA,NA,NA,0,NA,NA,0,0,0,0,NA,NA,2023,0.7667518258094788,-76.67518258094788,7,0,Field goal,431,"12/25/23, 16:35:39",2023-12-25T21:52:09.527Z,Lincoln Financial Field,"Cloudy Temp: 51° F, Humidity: 68%, Wind: NE 5 mph",cbaf6e72-f053-11ed-b4a7-bab79e4492fa,0,0,PASS,0,NA,2023-12-25T21:52:16.467Z,NA,3,Field goal,2023-12-25T21:46:09.067Z,10,4:23,3,0,1,1,1,-5,KICKOFF,FIELD_GOAL,12:27,08:04,NYG 25,PHI 34,236,526,25,33,Home,8,58,14,41,1,outdoors,grass,51,5,Nick Sirianni,Brian Daboll,PHI00,Lincoln Financial Field,0,0,T.DeVito,15,NA,NA,S.Barkley,26,1,0,0,0,1,00-0038476,NA,00-0034844,T.DeVito,15,00-0038476,S.Barkley,00-0034844,S.Barkley,00-0034844,0,0,-0.5639713800046593,0.5025039096199349,4.028580561309354,2,0.7544368843955453,0.23982116239494644,0.43144479393959045,56.855520606040955
454,2023_16_NYG_PHI,2023122501,PHI,NYG,REG,16,NYG,away,PHI,PHI,37,2023-12-25,533,1433,3233,Half1,0,3,0,1,2,0,08:53,PHI 37,10,41,"(8:53) PENALTY on NYG, Offensive Too Many Men on Field, 5 yards, enforced at PHI 37 - No Play.",no_play,0,0,0,0,0,0,0,NA,NA,NA,NA,NA,NA,NA,NA,NA,NA,2,3,0,NA,NA,NA,NA,3,2,7,0,0,7,-7,0,7,-7,0.008314828388392925,0.07057774066925049,0.001261401572264731,0.12486941367387772,0.3368217945098877,0.0019612894393503666,0.4561935365200043,0,0,3.119400797178969,-0.7969794883392751,6.400159342549692,-6.400159342549692,3.505657080328092,-3.505657080328092,-1.3300032943952829,1.3300032943952829,NA,NA,0,0,3.3692010405939072,-3.3692010405939072,-6.680860640713945,6.680860640713945,1.608147497754544,-1.608147497754544,-2.938150792149827,2.938150792149827,0.26871341466903687,0.7312865853309631,0.7312865853309631,0.26871341466903687,-0.023725375533103943,-0.005594994872808456,0.005594994872808456,0.7550119608640671,0.24498803913593292,0.03640862926840782,0.9635913707315922,0.06966531857411695,-0.06966531857411695,0.01964019238948822,-0.01964019238948822,NA,NA,0,0,0,0,-0.03676430881023407,0.03676430881023407,0,0,0.01964019238948822,-0.01964019238948822,0,0,0,0,0,0,0,0,0,0,0,0,0,0,0,0,0,0,0,0,0,0,0,0,0,0,1,0,0,0,0,0,0,0,0,0,0,0,0,0,0,0,0,0,0,0,0,0,0,0,0,NA,NA,NA,NA,NA,NA,NA,NA,NA,NA,NA,NA,NA,NA,NA,NA,NA,NA,NA,NA,NA,NA,NA,NA,NA,NA,NA,NA,NA,NA,NA,NA,NA,NA,NA,NA,NA,NA,NA,NA,NA,NA,NA,NA,NA,NA,NA,NA,NA,NA,NA,NA,NA,NA,NA,NA,NA,NA,NA,NA,NA,NA,NA,NA,NA,NA,NA,NA,NA,0,NA,NA,NA,NA,NA,NA,NA,NA,NA,NA,NA,NA,NA,NA,NA,NA,NA,NA,NA,NA,NA,NA,NA,NA,NA,NA,NA,NA,NA,NA,NA,0,NYG,NA,NA,5,0,NA,Offensive Too Many Men on Field,0,0,0,0,NA,NA,2023,NA,NA,7,0,Field goal,454,"12/25/23, 16:35:39",2023-12-25T21:52:47Z,Lincoln Financial Field,"Cloudy Temp: 51° F, Humidity: 68%, Wind: NE 5 mph",cbaf6e72-f053-11ed-b4a7-bab79e4492fa,0,0,PENALTY,0,NA,NA,NA,3,Field goal,2023-12-25T21:46:09.067Z,10,4:23,3,0,1,1,1,-5,KICKOFF,FIELD_GOAL,12:27,08:04,NYG 25,PHI 34,236,526,25,33,Home,8,58,14,41,1,outdoors,grass,51,5,Nick Sirianni,Brian Daboll,PHI00,Lincoln Financial Field,0,0,NA,NA,NA,NA,NA,NA,0,0,0,0,1,NA,NA,NA,NA,NA,NA,NA,NA,NA,NA,0,0,-0.7969794883392751,NA,NA,NA,NA,NA,0.44502171874046326,NA
478,2023_16_NYG_PHI,2023122501,PHI,NYG,REG,16,NYG,away,PHI,PHI,42,2023-12-25,533,1433,3233,Half1,0,3,0,1,2,0,08:53,PHI 42,15,41,(8:53) (Shotgun) 15-T.DeVito pass short right to 17-W.Robinson to PHI 34 for 8 yards (31-K.Byard).,pass,8,1,0,1,0,0,0,short,right,-5,13,NA,NA,NA,NA,NA,NA,2,3,0,NA,NA,NA,NA,3,2,7,0,0,7,-7,0,7,-7,0.009544992819428444,0.10157926380634308,0.0017750962870195508,0.16542086005210876,0.31218719482421875,0.002870933385565877,0.40662169456481934,0,0,2.3224213088396937,0.20404262095689774,6.196116721592794,-6.196116721592794,3.505657080328092,-3.505657080328092,-1.5340459153521806,1.5340459153521806,-1.2185522962827235,1.4225949172396213,-1.2185522962827235,1.4225949172396213,4.587753336876631,-4.587753336876631,-8.103455557953566,8.103455557953566,2.8266997940372676,-2.8266997940372676,-4.360745709389448,4.360745709389448,0.24498803913593292,0.7550119608640671,0.7550119608640671,0.24498803913593292,0.008078202605247498,0.022052612155675888,-0.022052612155675888,0.7469337582588196,0.2530662417411804,0.030813634395599365,0.9691863656044006,0.06966531857411695,-0.06966531857411695,0.011561989784240723,-0.011561989784240723,0,0.008078202605247498,0,0.008078202605247498,0,0,-0.04484251141548157,0.04484251141548157,0,0,0.011561989784240723,-0.011561989784240723,0,0,0,0,0,0,0,0,0,0,0,0,0,0,0,0,0,0,0,0,0,0,0,0,1,0,0,0,0,0,0,0,0,1,0,0,0,0,0,0,0,0,0,0,0,1,0,0,0,0,0,00-0038476,T.DeVito,8,00-0038117,W.Robinson,8,NA,NA,NA,NA,NA,NA,NA,NA,NA,NA,NA,NA,NA,NA,NA,NA,NA,NA,NA,NA,NA,NA,NA,NA,NA,NA,NA,NA,NA,NA,NA,NA,NA,NA,NA,NA,NA,NA,NA,NA,NA,NA,NA,NA,NA,PHI,NA,00-0033132,NA,K.Byard,NA,NA,NA,NA,NA,NA,NA,NA,NA,NA,NA,NA,NA,0,NA,NA,NA,NA,NA,NA,NA,NA,NA,NA,NA,NA,NA,NA,NA,NA,NA,NA,NA,NA,NA,NA,NA,NA,NA,NA,NA,NA,NA,NA,NA,0,NA,NA,NA,NA,0,NA,NA,0,0,0,0,NA,NA,2023,0.874210000038147,12.578999996185303,7,0,Field goal,478,"12/25/23, 16:35:39",2023-12-25T21:53:34.377Z,Lincoln Financial Field,"Cloudy Temp: 51° F, Humidity: 68%, Wind: NE 5 mph",cbaf6e72-f053-11ed-b4a7-bab79e4492fa,0,0,PASS,0,NA,2023-12-25T21:53:39.610Z,NA,3,Field goal,2023-12-25T21:46:09.067Z,10,4:23,3,0,1,1,1,-5,KICKOFF,FIELD_GOAL,12:27,08:04,NYG 25,PHI 34,236,526,25,33,Home,8,58,14,41,1,outdoors,grass,51,5,Nick Sirianni,Brian Daboll,PHI00,Lincoln Financial Field,0,1,T.DeVito,15,NA,NA,W.Robinson,17,1,0,0,0,1,00-0038476,NA,00-0038117,T.DeVito,15,00-0038476,W.Robinson,00-0038117,W.Robinson,00-0038117,0,0,0.20404262095689774,1.1992042878153784,10.758001081063412,9,0.4150767936371267,0.1217121365480125,0.7086332440376282,29.136675596237183
503,2023_16_NYG_PHI,2023122501,PHI,NYG,REG,16,NYG,away,PHI,PHI,34,2023-12-25,493,1393,3193,Half1,0,3,0,1,3,0,08:13,PHI 34,7,41,(8:13) (Shotgun) 15-T.DeVito pass incomplete short middle to 12-D.Waller (24-J.Bradberry).,pass,0,1,0,1,0,0,0,short,middle,4,NA,NA,NA,NA,NA,NA,NA,2,3,0,NA,NA,NA,NA,3,2,7,0,0,7,-7,0,7,-7,0.008968307636678219,0.07130123674869537,0.0011115771485492587,0.14527884125709534,0.412089079618454,0.0010963128879666328,0.3601546883583069,0,0,2.5264639297965914,-1.5789822913442622,7.775099012937057,-7.775099012937057,3.505657080328092,-3.505657080328092,0.044936375992081556,-0.044936375992081556,-0.896805681870319,-0.6821766094739432,0,0,4.587753336876631,-4.587753336876631,-8.103455557953566,8.103455557953566,3.7235054759075865,-3.7235054759075865,-3.6785690999155047,3.6785690999155047,0.2530662417411804,0.7469337582588196,0.7469337582588196,0.2530662417411804,-0.028623759746551514,-0.006267677992582321,0.006267677992582321,0.7755575180053711,0.2244424819946289,0.05286624655127525,0.9471337534487247,0.06966531857411695,-0.06966531857411695,0.040185749530792236,-0.040185749530792236,0,-0.028623759746551514,0,0,0,0,-0.04484251141548157,0.04484251141548157,0,0,0.040185749530792236,-0.040185749530792236,0,0,0,0,0,1,0,0,1,0,0,0,0,0,0,0,0,0,0,0,0,0,0,0,0,0,0,0,0,0,0,0,0,1,0,0,0,0,0,0,0,0,0,0,0,0,0,0,0,0,0,00-0038476,T.DeVito,NA,00-0031610,D.Waller,NA,NA,NA,NA,NA,NA,NA,NA,NA,NA,NA,NA,NA,NA,NA,NA,NA,NA,NA,NA,NA,NA,NA,NA,NA,NA,NA,NA,NA,NA,NA,NA,NA,NA,NA,NA,NA,NA,NA,NA,NA,NA,NA,NA,NA,NA,NA,NA,NA,NA,NA,NA,NA,NA,NA,NA,NA,NA,NA,NA,NA,NA,NA,NA,0,NA,NA,NA,NA,NA,NA,00-0032890,J.Bradberry,NA,NA,NA,NA,NA,NA,NA,NA,NA,NA,NA,NA,NA,NA,NA,NA,NA,NA,NA,NA,NA,NA,NA,0,NA,NA,NA,NA,0,NA,NA,0,0,0,0,NA,NA,2023,0.7372751832008362,-73.72751832008362,7,0,Field goal,503,"12/25/23, 16:35:39",2023-12-25T21:54:14.723Z,Lincoln Financial Field,"Cloudy Temp: 51° F, Humidity: 68%, Wind: NE 5 mph",cbaf6e72-f053-11ed-b4a7-bab79e4492fa,0,0,PASS,0,NA,2023-12-25T21:54:18.757Z,NA,3,Field goal,2023-12-25T21:46:09.067Z,10,4:23,3,0,1,1,1,-5,KICKOFF,FIELD_GOAL,12:27,08:04,NYG 25,PHI 34,236,526,25,33,Home,8,58,14,41,1,outdoors,grass,51,5,Nick Sirianni,Brian Daboll,PHI00,Lincoln Financial Field,0,0,T.DeVito,15,NA,NA,D.Waller,12,1,0,0,0,1,00-0038476,NA,00-0031610,T.DeVito,15,00-0038476,D.Waller,00-0031610,D.Waller,00-0031610,0,0,-1.5789822913442622,1.8198788319808967,4.8536025924258865,3,0.6792502362513915,0.5283997018123046,0.9697996377944946,3.020036220550537
526,2023_16_NYG_PHI,2023122501,PHI,NYG,REG,16,NYG,away,PHI,PHI,34,2023-12-25,488,1388,3188,Half1,0,3,1,1,4,0,08:08,PHI 34,7,41,"(8:08) 21-M.Crosby 52 yard field goal is GOOD, Center-59-C.Kreiter, Holder-6-J.Gillan.",field_goal,0,0,0,0,0,0,0,NA,NA,NA,NA,NA,NA,made,52,NA,NA,2,3,0,NA,NA,NA,NA,3,2,7,3,0,7,-7,3,7,-4,0.006051523938538221,0.09767253584113784,8.100263289705017e-4,0.17239640944678053,0.65215714247099,7.927523316681724e-4,0.07011960466926304,0,0,0.9474816384523292,2.052518361547671,5.722580651389386,-5.722580651389386,3.505657080328092,-3.505657080328092,0.044936375992081556,-0.044936375992081556,NA,NA,0,0,4.587753336876631,-4.587753336876631,-8.103455557953566,8.103455557953566,3.7235054759075865,-3.7235054759075865,-3.6785690999155047,3.6785690999155047,0.2244424819946289,0.7755575180053711,0.7755575180053711,0.2244424819946289,0.04793655872344971,0.010345801711082458,-0.010345801711082458,0.7276209592819214,0.2723790407180786,0.04659856855869293,0.9534014314413071,0.06966531857411695,-0.06966531857411695,0.040185749530792236,-0.040185749530792236,NA,NA,0,0,0,0,-0.04484251141548157,0.04484251141548157,0,0,0.040185749530792236,-0.040185749530792236,0,0,0,0,0,0,0,0,0,0,0,0,0,0,0,0,0,0,0,0,0,0,0,0,0,0,0,0,0,0,0,0,0,0,0,0,0,0,0,0,0,1,0,0,0,0,0,0,0,0,0,NA,NA,NA,NA,NA,NA,NA,NA,NA,NA,NA,NA,NA,NA,NA,NA,NA,NA,NA,NA,NA,NA,NA,NA,NA,NA,NA,NA,NA,NA,NA,M.Crosby,00-0025580,NA,NA,NA,NA,NA,NA,NA,NA,NA,NA,NA,NA,NA,NA,NA,NA,NA,NA,NA,NA,NA,NA,NA,NA,NA,NA,NA,NA,NA,NA,NA,NA,NA,NA,NA,NA,0,NA,NA,NA,NA,NA,NA,NA,NA,NA,NA,NA,NA,NA,NA,NA,NA,NA,NA,NA,NA,NA,NA,NA,NA,NA,NA,NA,NA,NA,NA,NA,0,NA,NA,NA,NA,0,NA,NA,0,0,0,0,NA,NA,2023,NA,NA,7,0,Field goal,526,"12/25/23, 16:35:39",2023-12-25T21:54:50.887Z,Lincoln Financial Field,"Cloudy Temp: 51° F, Humidity: 68%, Wind: NE 5 mph",cbaf6e72-f053-11ed-b4a7-bab79e4492fa,0,0,FIELD_GOAL,0,NA,2023-12-25T21:54:55.190Z,NA,3,Field goal,2023-12-25T21:46:09.067Z,10,4:23,3,0,1,1,1,-5,KICKOFF,FIELD_GOAL,12:27,08:04,NYG 25,PHI 34,236,526,25,33,Home,8,58,14,41,1,outdoors,grass,51,5,Nick Sirianni,Brian Daboll,PHI00,Lincoln Financial Field,0,1,NA,NA,NA,NA,NA,NA,0,0,0,1,0,NA,NA,NA,NA,NA,NA,NA,NA,NA,NA,0,0,2.052518361547671,NA,NA,NA,NA,NA,NA,NA
546,2023_16_NYG_PHI,2023122501,PHI,NYG,REG,16,PHI,home,NYG,NYG,35,2023-12-25,484,1384,3184,Half1,0,4,0,1,NA,0,08:04,NYG 35,0,72,"21-M.Crosby kicks 56 yards from NYG 35 to PHI 9. 14-K.Gainwell to PHI 34 for 25 yards (30-D.Holmes). PENALTY on PHI-3-N.Smith, Offensive Holding, 10 yards, enforced at PHI 28.",kickoff,0,0,0,0,0,0,0,NA,NA,NA,NA,NA,NA,NA,56,NA,NA,2,3,0,NA,NA,NA,NA,2,3,7,3,7,3,4,7,3,4,0.01680825650691986,0.13545115292072296,0.0013945497339591384,0.24808166921138763,0.2231471985578537,0.006019673775881529,0.3690975308418274,0,0,1.1194494164083153,-0.5499049222562462,5.1726757291331396,-5.1726757291331396,3.505657080328092,-3.505657080328092,0.044936375992081556,-0.044936375992081556,NA,NA,0,0,4.587753336876631,-4.587753336876631,-8.103455557953566,8.103455557953566,3.7235054759075865,-3.7235054759075865,-3.6785690999155047,3.6785690999155047,0.7276209592819214,0.2723790407180786,0.7276209592819214,0.2723790407180786,-0.006869792938232422,-0.005092024803161621,-0.005092024803161621,0.720751166343689,0.27924883365631104,0.9430556297302246,0.9430556297302246,0.06966531857411695,-0.06966531857411695,0.040185749530792236,-0.040185749530792236,NA,NA,0,0,0,0,-0.04484251141548157,0.04484251141548157,0,0,0.040185749530792236,-0.040185749530792236,0,0,0,0,0,0,0,0,0,0,0,0,0,0,0,0,0,0,0,0,0,0,0,0,1,0,1,0,0,0,0,0,0,0,0,0,0,0,0,0,0,0,1,0,0,0,0,0,0,0,0,NA,NA,NA,NA,NA,NA,NA,NA,NA,NA,NA,NA,NA,NA,NA,NA,NA,NA,NA,NA,NA,NA,NA,NA,NA,K.Gainwell,00-0036919,NA,NA,NA,NA,M.Crosby,00-0025580,NA,NA,NA,NA,NA,NA,NA,NA,NA,NA,NA,NA,NA,NA,NA,NA,NA,NA,NYG,NA,00-0036394,NA,D.Holmes,NA,NA,NA,NA,NA,NA,NA,NA,NA,NA,NA,NA,NA,0,NA,NA,NA,NA,NA,NA,NA,NA,NA,NA,NA,NA,NA,NA,NA,NA,NA,NA,NA,NA,NA,NA,NA,NA,NA,NA,NA,NA,NA,NA,PHI,19,PHI,00-0039013,N.Smith,10,0,NA,Offensive Holding,0,0,0,0,NA,NA,2023,NA,NA,8,1,First down,546,"12/25/23, 16:35:39",2023-12-25T21:57:49.400Z,Lincoln Financial Field,"Cloudy Temp: 51° F, Humidity: 68%, Wind: NE 5 mph",cbaf6e72-f053-11ed-b4a7-bab79e4492fa,0,0,KICK_OFF,1,NA,2023-12-25T21:58:00.733Z,NA,4,Field goal,2023-12-25T21:57:49.400Z,18,8:11,5,1,1,1,2,-10,KICKOFF,FIELD_GOAL,08:04,14:53,PHI 18,NYG 10,546,1131,25,33,Home,8,58,14,41,1,outdoors,grass,51,5,Nick Sirianni,Brian Daboll,PHI00,Lincoln Financial Field,0,0,NA,NA,NA,NA,NA,NA,0,0,0,1,0,NA,NA,NA,NA,NA,NA,NA,NA,NA,NA,0,0,-0.5499049222562462,NA,NA,NA,NA,NA,NA,NA
608,2023_16_NYG_PHI,2023122501,PHI,NYG,REG,16,PHI,home,NYG,PHI,82,2023-12-25,475,1375,3175,Half1,0,4,0,1,1,0,07:55,PHI 18,10,72,"(7:55) PENALTY on PHI-68-J.Mailata, False Start, 5 yards, enforced at PHI 18 - No Play.",no_play,0,0,0,0,0,0,0,NA,NA,NA,NA,NA,NA,NA,NA,NA,NA,2,3,0,NA,NA,NA,NA,2,3,7,3,7,3,4,7,3,4,0.019001726061105728,0.15645812451839447,0.0015663397498428822,0.2769566774368286,0.20284734666347504,0.005996425170451403,0.33717334270477295,0,0,0.5695444941520691,-0.7752688429318368,4.397406886201303,-4.397406886201303,3.505657080328092,-3.505657080328092,0.044936375992081556,-0.044936375992081556,NA,NA,0,0,4.587753336876631,-4.587753336876631,-8.103455557953566,8.103455557953566,3.7235054759075865,-3.7235054759075865,-3.6785690999155047,3.6785690999155047,0.720751166343689,0.27924883365631104,0.720751166343689,0.27924883365631104,-0.005913078784942627,-0.014237284660339355,-0.014237284660339355,0.7148380875587463,0.28516191244125366,0.937963604927063,0.937963604927063,0.06966531857411695,-0.06966531857411695,0.040185749530792236,-0.040185749530792236,NA,NA,0,0,0,0,-0.04484251141548157,0.04484251141548157,0,0,0.040185749530792236,-0.040185749530792236,0,0,0,0,0,0,0,0,0,0,0,0,0,0,0,0,0,0,0,0,0,0,0,0,0,0,1,0,0,0,0,0,0,0,0,0,0,0,0,0,0,0,0,0,0,0,0,0,0,0,0,NA,NA,NA,NA,NA,NA,NA,NA,NA,NA,NA,NA,NA,NA,NA,NA,NA,NA,NA,NA,NA,NA,NA,NA,NA,NA,NA,NA,NA,NA,NA,NA,NA,NA,NA,NA,NA,NA,NA,NA,NA,NA,NA,NA,NA,NA,NA,NA,NA,NA,NA,NA,NA,NA,NA,NA,NA,NA,NA,NA,NA,NA,NA,NA,NA,NA,NA,NA,NA,0,NA,NA,NA,NA,NA,NA,NA,NA,NA,NA,NA,NA,NA,NA,NA,NA,NA,NA,NA,NA,NA,NA,NA,NA,NA,NA,NA,NA,NA,NA,NA,0,PHI,00-0034429,J.Mailata,5,0,NA,False Start,0,0,0,0,NA,NA,2023,NA,NA,8,1,First down,608,"12/25/23, 16:35:39",2023-12-25T21:58:57Z,Lincoln Financial Field,"Cloudy Temp: 51° F, Humidity: 68%, Wind: NE 5 mph",cbaf6e72-f053-11ed-b4a7-bab79e4492fa,0,0,PENALTY,0,NA,NA,NA,4,Field goal,2023-12-25T21:57:49.400Z,18,8:11,5,1,1,1,2,-10,KICKOFF,FIELD_GOAL,08:04,14:53,PHI 18,NYG 10,546,1131,25,33,Home,8,58,14,41,1,outdoors,grass,51,5,Nick Sirianni,Brian Daboll,PHI00,Lincoln Financial Field,0,0,NA,NA,NA,NA,NA,NA,0,0,0,0,1,NA,NA,NA,NA,NA,NA,NA,NA,NA,NA,0,0,-0.7752688429318368,NA,NA,NA,NA,NA,0.504386842250824,NA
632,2023_16_NYG_PHI,2023122501,PHI,NYG,REG,16,PHI,home,NYG,PHI,87,2023-12-25,475,1375,3175,Half1,0,4,0,1,1,0,07:55,PHI 13,15,72,(7:55) 1-J.Hurts pass deep left to 88-D.Goedert pushed ob at PHI 31 for 18 yards (29-X.McKinney).,pass,18,0,0,1,0,0,0,deep,left,18,0,NA,NA,NA,NA,NA,NA,2,3,0,NA,NA,NA,NA,2,3,7,3,7,3,4,7,3,4,0.017592469230294228,0.19420596957206726,0.0025601626839488745,0.31324052810668945,0.17600518465042114,0.005617558024823666,0.29077813029289246,0,0,-0.20572434877976775,1.6855541884433478,6.0829610746446505,-6.0829610746446505,3.505657080328092,-3.505657080328092,1.7304905644354294,-1.7304905644354294,1.6855541884433478,0,1.6855541884433478,0,6.273307525319979,-6.273307525319979,-8.103455557953566,8.103455557953566,5.409059664350934,-5.409059664350934,-3.6785690999155047,3.6785690999155047,0.7148380875587463,0.28516191244125366,0.7148380875587463,0.28516191244125366,0.020054519176483154,0.01292794942855835,0.01292794942855835,0.7348926067352295,0.2651073932647705,0.9237263202667236,0.9237263202667236,0.06966531857411695,-0.06966531857411695,0.06024026870727539,-0.06024026870727539,0.020054519176483154,0,0.020054519176483154,0,0.020054519176483154,-0.020054519176483154,-0.04484251141548157,0.04484251141548157,0.020054519176483154,-0.020054519176483154,0.040185749530792236,-0.040185749530792236,0,0,1,0,0,0,0,0,0,0,0,0,0,0,0,0,0,0,0,0,0,0,0,0,1,0,0,0,0,0,0,0,0,1,0,0,0,0,0,0,0,0,0,0,0,1,0,0,0,0,0,00-0036389,J.Hurts,18,00-0034351,D.Goedert,18,NA,NA,NA,NA,NA,NA,NA,NA,NA,NA,NA,NA,NA,NA,NA,NA,NA,NA,NA,NA,NA,NA,NA,NA,NA,NA,NA,NA,NA,NA,NA,NA,NA,NA,NA,NA,NA,NA,NA,NA,NA,NA,NA,NA,NA,NYG,NA,00-0036388,NA,X.McKinney,NA,NA,NA,NA,NA,NA,NA,NA,NA,NA,NA,NA,NA,0,NA,NA,NA,NA,NA,NA,NA,NA,NA,NA,NA,NA,NA,NA,NA,NA,NA,NA,NA,NA,NA,NA,NA,NA,NA,NA,NA,NA,NA,NA,NA,0,NA,NA,NA,NA,0,NA,NA,0,0,0,0,NA,NA,2023,0.5335351228713989,46.64648771286011,8,1,First down,632,"12/25/23, 16:35:39",2023-12-25T21:59:23.293Z,Lincoln Financial Field,"Cloudy Temp: 51° F, Humidity: 68%, Wind: NE 5 mph",cbaf6e72-f053-11ed-b4a7-bab79e4492fa,0,0,PASS,0,NA,2023-12-25T21:59:29.033Z,NA,4,Field goal,2023-12-25T21:57:49.400Z,18,8:11,5,1,1,1,2,-10,KICKOFF,FIELD_GOAL,08:04,14:53,PHI 18,NYG 10,546,1131,25,33,Home,8,58,14,41,1,outdoors,grass,51,5,Nick Sirianni,Brian Daboll,PHI00,Lincoln Financial Field,0,1,J.Hurts,1,NA,NA,D.Goedert,88,1,0,1,0,1,00-0036389,NA,00-0034351,J.Hurts,1,00-0036389,D.Goedert,00-0034351,D.Goedert,00-0034351,1,0,1.6855541884433478,0.2794516799092954,3.711143925829674,1,1,0.9986788115929812,0.5768821835517883,42.31178164482117
662,2023_16_NYG_PHI,2023122501,PHI,NYG,REG,16,PHI,home,NYG,PHI,69,2023-12-25,439,1339,3139,Half1,0,4,0,1,1,0,07:19,PHI 31,10,72,(7:19) (Shotgun) 0-D.Swift right guard to PHI 36 for 5 yards (58-B.Okereke).,run,5,1,0,0,0,0,0,NA,NA,NA,NA,right,guard,NA,NA,NA,NA,2,3,0,NA,NA,NA,NA,2,3,7,3,7,3,4,7,3,4,0.018209105357527733,0.12524394690990448,0.001321408781222999,0.22738897800445557,0.2287198007106781,0.006009898614138365,0.3931068778038025,0,0,1.47982983966358,0.11789185786619782,6.200852932510848,-6.200852932510848,3.62354893819429,-3.62354893819429,1.7304905644354294,-1.7304905644354294,NA,NA,0,0,6.273307525319979,-6.273307525319979,-8.103455557953566,8.103455557953566,5.409059664350934,-5.409059664350934,-3.6785690999155047,3.6785690999155047,0.7348926067352295,0.2651073932647705,0.7348926067352295,0.2651073932647705,0.0077162981033325195,0.008319556713104248,0.008319556713104248,0.742608904838562,0.257391095161438,0.936654269695282,0.936654269695282,0.07738161667744947,-0.07738161667744947,0.06024026870727539,-0.06024026870727539,NA,NA,0,0,0.020054519176483154,-0.020054519176483154,-0.04484251141548157,0.04484251141548157,0.020054519176483154,-0.020054519176483154,0.040185749530792236,-0.040185749530792236,0,0,0,0,0,0,0,0,0,0,0,0,0,0,0,0,0,0,0,0,0,0,0,0,1,0,0,0,0,0,0,0,1,0,0,0,0,0,0,0,0,0,0,0,0,0,0,0,0,0,0,NA,NA,NA,NA,NA,NA,00-0036275,D.Swift,5,NA,NA,NA,NA,NA,NA,NA,NA,NA,NA,NA,NA,NA,NA,NA,NA,NA,NA,NA,NA,NA,NA,NA,NA,NA,NA,NA,NA,NA,NA,NA,NA,NA,NA,NA,NA,NA,NA,NA,NA,NA,NA,NYG,NA,00-0035687,NA,B.Okereke,NA,NA,NA,NA,NA,NA,NA,NA,NA,NA,NA,NA,NA,0,NA,NA,NA,NA,NA,NA,NA,NA,NA,NA,NA,NA,NA,NA,NA,NA,NA,NA,NA,NA,NA,NA,NA,NA,NA,NA,NA,NA,NA,NA,NA,0,NA,NA,NA,NA,0,NA,NA,0,0,0,0,NA,NA,2023,NA,NA,9,1,First down,662,"12/25/23, 16:35:39",2023-12-25T22:00:04.867Z,Lincoln Financial Field,"Cloudy Temp: 51° F, Humidity: 68%, Wind: NE 5 mph",cbaf6e72-f053-11ed-b4a7-bab79e4492fa,0,0,RUSH,0,NA,2023-12-25T22:00:08.707Z,NA,4,Field goal,2023-12-25T21:57:49.400Z,18,8:11,5,1,1,1,2,-10,KICKOFF,FIELD_GOAL,08:04,14:53,PHI 18,NYG 10,546,1131,25,33,Home,8,58,14,41,1,outdoors,grass,51,5,Nick Sirianni,Brian Daboll,PHI00,Lincoln Financial Field,0,1,NA,NA,D.Swift,0,NA,NA,0,1,0,0,1,NA,00-0036275,NA,D.Swift,0,00-0036275,D.Swift,00-0036275,D.Swift,00-0036275,0,0,0.11789185786619782,NA,NA,NA,NA,NA,0.5175716280937195,-51.75716280937195
684,2023_16_NYG_PHI,2023122501,PHI,NYG,REG,16,PHI,home,NYG,PHI,64,2023-12-25,415,1315,3115,Half1,0,4,0,1,2,0,06:55,PHI 36,5,72,"(6:55) (No Huddle, Shotgun) 1-J.Hurts pass short right to 6-D.Smith to NYG 47 for 17 yards (25-D.Banks).",pass,17,1,1,1,0,0,0,short,right,6,11,NA,NA,NA,NA,NA,NA,2,3,0,NA,NA,NA,NA,2,3,7,3,7,3,4,7,3,4,0.020511513575911522,0.11751300096511841,0.0012965985806658864,0.22238081693649292,0.22927358746528625,0.008294482715427876,0.4007299840450287,0,0,1.5977216975297779,1.4205774549627677,7.621430387473616,-7.621430387473616,3.62354893819429,-3.62354893819429,3.1510680193981973,-3.1510680193981973,0.6397607829421759,0.7808166720205918,0.6397607829421759,0.7808166720205918,6.9130683082621545,-6.9130683082621545,-7.3226388859329745,7.3226388859329745,6.04882044729311,-6.04882044729311,-2.897752427894913,2.897752427894913,0.742608904838562,0.257391095161438,0.742608904838562,0.257391095161438,0.026705920696258545,-1.957416534423828e-4,-1.957416534423828e-4,0.7693148255348206,0.23068517446517944,0.9449738264083862,0.9449738264083862,0.07738161667744947,-0.07738161667744947,0.08694618940353394,-0.08694618940353394,0,0.026705920696258545,0,0.026705920696258545,0.020054519176483154,-0.020054519176483154,-0.018136590719223022,0.018136590719223022,0.020054519176483154,-0.020054519176483154,0.06689167022705078,-0.06689167022705078,0,0,1,0,0,0,0,0,0,0,0,0,0,0,0,0,0,0,0,0,0,0,0,0,1,0,0,0,0,0,0,0,0,1,0,0,0,0,0,0,0,0,0,0,0,1,0,0,0,0,0,00-0036389,J.Hurts,17,00-0036912,D.Smith,17,NA,NA,NA,NA,NA,NA,NA,NA,NA,NA,NA,NA,NA,NA,NA,NA,NA,NA,NA,NA,NA,NA,NA,NA,NA,NA,NA,NA,NA,NA,NA,NA,NA,NA,NA,NA,NA,NA,NA,NA,NA,NA,NA,NA,NA,NYG,NA,00-0039000,NA,D.Banks,NA,NA,NA,NA,NA,NA,NA,NA,NA,NA,NA,NA,NA,0,NA,NA,NA,NA,NA,NA,NA,NA,NA,NA,NA,NA,NA,NA,NA,NA,NA,NA,NA,NA,NA,NA,NA,NA,NA,NA,NA,NA,NA,NA,NA,0,NA,NA,NA,NA,0,NA,NA,0,0,0,0,NA,NA,2023,0.7477191686630249,25.22808313369751,9,1,First down,684,"12/25/23, 16:35:39",2023-12-25T22:00:28.627Z,Lincoln Financial Field,"Cloudy Temp: 51° F, Humidity: 68%, Wind: NE 5 mph",cbaf6e72-f053-11ed-b4a7-bab79e4492fa,0,0,PASS,0,NA,2023-12-25T22:00:38.210Z,NA,4,Field goal,2023-12-25T21:57:49.400Z,18,8:11,5,1,1,1,2,-10,KICKOFF,FIELD_GOAL,08:04,14:53,PHI 18,NYG 10,546,1131,25,33,Home,8,58,14,41,1,outdoors,grass,51,5,Nick Sirianni,Brian Daboll,PHI00,Lincoln Financial Field,0,1,J.Hurts,1,NA,NA,D.Smith,6,1,0,1,0,1,00-0036389,NA,00-0036912,J.Hurts,1,00-0036389,D.Smith,00-0036912,D.Smith,00-0036912,0,0,1.4205774549627677,0.25466034256896153,3.349827338461182,1,0.9982254925998859,0.9961864754441194,0.5493475198745728,45.065248012542725
709,2023_16_NYG_PHI,2023122501,PHI,NYG,REG,16,PHI,home,NYG,NYG,47,2023-12-25,380,1280,3080,Half1,0,4,0,1,1,0,06:20,NYG 47,10,72,"(6:20) (No Huddle, Shotgun) 1-J.Hurts pass incomplete short right to 11-A.Brown.",pass,0,1,1,1,0,0,0,short,right,8,NA,NA,NA,NA,NA,NA,NA,2,3,0,NA,NA,NA,NA,2,3,7,3,7,3,4,7,3,4,0.013647033832967281,0.08060899376869202,9.071652893908322e-4,0.1337360292673111,0.2893093228340149,0.008475154638290405,0.47331634163856506,0,0,3.0182991524925455,-0.5149606119375676,7.106469775536048,-7.106469775536048,3.62354893819429,-3.62354893819429,2.6361074074606297,-2.6361074074606297,0.42304739193059504,-0.9380080038681626,0,0,6.9130683082621545,-6.9130683082621545,-7.3226388859329745,7.3226388859329745,6.471867839223705,-6.471867839223705,-3.8357604317630756,3.8357604317630756,0.7693148255348206,0.23068517446517944,0.7693148255348206,0.23068517446517944,-0.011317074298858643,-0.0028722286224365234,-0.0028722286224365234,0.7579977512359619,0.24200224876403809,0.9447780847549438,0.9447780847549438,0.07738161667744947,-0.07738161667744947,0.07562911510467529,-0.07562911510467529,0,-0.011317074298858643,0,0,0.020054519176483154,-0.020054519176483154,-0.018136590719223022,0.018136590719223022,0.020054519176483154,-0.020054519176483154,0.05557459592819214,-0.05557459592819214,0,0,0,0,0,0,0,0,1,0,0,0,0,0,0,0,0,0,0,0,0,0,0,0,0,0,0,0,0,0,0,0,0,1,0,0,0,0,0,0,0,0,0,0,0,0,0,0,0,0,0,00-0036389,J.Hurts,NA,00-0035676,A.Brown,NA,NA,NA,NA,NA,NA,NA,NA,NA,NA,NA,NA,NA,NA,NA,NA,NA,NA,NA,NA,NA,NA,NA,NA,NA,NA,NA,NA,NA,NA,NA,NA,NA,NA,NA,NA,NA,NA,NA,NA,NA,NA,NA,NA,NA,NA,NA,NA,NA,NA,NA,NA,NA,NA,NA,NA,NA,NA,NA,NA,NA,NA,NA,NA,0,NA,NA,NA,NA,NA,NA,NA,NA,NA,NA,NA,NA,NA,NA,NA,NA,NA,NA,NA,NA,NA,NA,NA,NA,NA,NA,NA,NA,NA,NA,NA,0,NA,NA,NA,NA,0,NA,NA,0,0,0,0,NA,NA,2023,0.6913967728614807,-69.13967728614807,10,1,First down,709,"12/25/23, 16:35:39",2023-12-25T22:01:03.693Z,Lincoln Financial Field,"Cloudy Temp: 51° F, Humidity: 68%, Wind: NE 5 mph",cbaf6e72-f053-11ed-b4a7-bab79e4492fa,0,0,PASS,0,NA,2023-12-25T22:01:08.737Z,NA,4,Field goal,2023-12-25T21:57:49.400Z,18,8:11,5,1,1,1,2,-10,KICKOFF,FIELD_GOAL,08:04,14:53,PHI 18,NYG 10,546,1131,25,33,Home,8,58,14,41,1,outdoors,grass,51,5,Nick Sirianni,Brian Daboll,PHI00,Lincoln Financial Field,0,0,J.Hurts,1,NA,NA,A.Brown,11,1,0,0,0,1,00-0036389,NA,00-0035676,J.Hurts,1,00-0036389,A.Brown,00-0035676,A.Brown,00-0035676,0,0,-0.5149606119375676,0.2647885583458949,3.3195256641483866,1,0.9976583944808226,0.4750402187637519,0.5164217948913574,48.35782051086426
732,2023_16_NYG_PHI,2023122501,PHI,NYG,REG,16,PHI,home,NYG,NYG,47,2023-12-25,375,1275,3075,Half1,0,4,0,1,2,0,06:15,NYG 47,10,72,(6:15) (Shotgun) 1-J.Hurts pass short left to 18-B.Covey to NYG 40 for 7 yards (27-J.Pinnock).,pass,7,1,0,1,0,0,0,short,left,-3,10,NA,NA,NA,NA,NA,NA,2,3,0,NA,NA,NA,NA,2,3,7,3,7,3,4,7,3,4,0.014500724151730537,0.09471587836742401,9.532698313705623e-4,0.1616959273815155,0.28191956877708435,0.009599345736205578,0.4366152584552765,0,0,2.503338540554978,0.005675591877661645,7.11214536741371,-7.11214536741371,3.62354893819429,-3.62354893819429,2.6417829993382913,-2.6417829993382913,-1.5914146072464064,1.597090199124068,-1.5914146072464064,1.597090199124068,5.321653701015748,-5.321653701015748,-5.7255486868089065,5.7255486868089065,4.880453231977299,-4.880453231977299,-2.2386702326390076,2.2386702326390076,0.7579977512359619,0.24200224876403809,0.7579977512359619,0.24200224876403809,0.011720716953277588,0.010519027709960938,0.010519027709960938,0.7697184681892395,0.2302815318107605,0.9419058561325073,0.9419058561325073,0.07738161667744947,-0.07738161667744947,0.08734983205795288,-0.08734983205795288,0,0.011720716953277588,0,0.011720716953277588,0.020054519176483154,-0.020054519176483154,-0.006415873765945435,0.006415873765945435,0.020054519176483154,-0.020054519176483154,0.06729531288146973,-0.06729531288146973,0,0,0,0,0,0,0,0,0,0,0,0,0,0,0,0,0,0,0,0,0,0,0,0,1,0,0,0,0,0,0,0,0,1,0,0,0,0,0,0,0,0,0,0,0,1,0,0,0,0,0,00-0036389,J.Hurts,7,00-0037132,B.Covey,7,NA,NA,NA,NA,NA,NA,NA,NA,NA,NA,NA,NA,NA,NA,NA,NA,NA,NA,NA,NA,NA,NA,NA,NA,NA,NA,NA,NA,NA,NA,NA,NA,NA,NA,NA,NA,NA,NA,NA,NA,NA,NA,NA,NA,NA,NYG,NA,00-0036502,NA,J.Pinnock,NA,NA,NA,NA,NA,NA,NA,NA,NA,NA,NA,NA,NA,0,NA,NA,NA,NA,NA,NA,NA,NA,NA,NA,NA,NA,NA,NA,NA,NA,NA,NA,NA,NA,NA,NA,NA,NA,NA,NA,NA,NA,NA,NA,NA,0,NA,NA,NA,NA,0,NA,NA,0,0,0,0,NA,NA,2023,0.8781638145446777,12.183618545532227,10,1,First down,732,"12/25/23, 16:35:39",2023-12-25T22:01:43.700Z,Lincoln Financial Field,"Cloudy Temp: 51° F, Humidity: 68%, Wind: NE 5 mph",cbaf6e72-f053-11ed-b4a7-bab79e4492fa,0,0,PASS,0,NA,2023-12-25T22:01:49.007Z,NA,4,Field goal,2023-12-25T21:57:49.400Z,18,8:11,5,1,1,1,2,-10,KICKOFF,FIELD_GOAL,08:04,14:53,PHI 18,NYG 10,546,1131,25,33,Home,8,58,14,41,1,outdoors,grass,51,5,Nick Sirianni,Brian Daboll,PHI00,Lincoln Financial Field,0,1,J.Hurts,1,NA,NA,B.Covey,18,1,0,0,0,1,00-0036389,NA,00-0037132,J.Hurts,1,00-0036389,B.Covey,00-0037132,B.Covey,00-0037132,0,0,0.005675591877661645,1.5389362617745503,9.63261673314264,8,0.41510961297899485,0.24659033212810755,0.6006296277046204,39.937037229537964
757,2023_16_NYG_PHI,2023122501,PHI,NYG,REG,16,PHI,home,NYG,NYG,40,2023-12-25,333,1233,3033,Half1,0,4,0,1,3,0,05:33,NYG 40,3,72,(5:33) (Shotgun) 14-K.Gainwell right guard to NYG 38 for 2 yards (41-M.McFadden; 58-B.Okereke).,run,2,1,0,0,0,0,0,NA,NA,NA,NA,right,guard,NA,NA,NA,NA,2,3,0,NA,NA,NA,NA,2,3,7,3,7,3,4,7,3,4,0.01512362901121378,0.09083402156829834,8.504767902195454e-4,0.1605606973171234,0.29387402534484863,0.009156012907624245,0.42960113286972046,0,0,2.5090141324326396,-1.0099698214326054,6.102175545981105,-6.102175545981105,2.6135791167616844,-2.6135791167616844,2.6417829993382913,-2.6417829993382913,NA,NA,0,0,5.321653701015748,-5.321653701015748,-5.7255486868089065,5.7255486868089065,4.880453231977299,-4.880453231977299,-2.2386702326390076,2.2386702326390076,0.7697184681892395,0.2302815318107605,0.7697184681892395,0.2302815318107605,-0.03108835220336914,-0.014578759670257568,-0.014578759670257568,0.7386301159858704,0.26136988401412964,0.9524248838424683,0.9524248838424683,0.04629326447408033,-0.04629326447408033,0.08734983205795288,-0.08734983205795288,NA,NA,0,0,0.020054519176483154,-0.020054519176483154,-0.006415873765945435,0.006415873765945435,0.020054519176483154,-0.020054519176483154,0.06729531288146973,-0.06729531288146973,0,0,0,0,0,1,0,0,0,0,0,0,0,0,0,0,0,0,0,0,0,0,0,0,0,0,0,0,0,0,0,0,1,0,0,0,0,0,0,0,0,0,0,0,0,0,1,0,0,0,0,NA,NA,NA,NA,NA,NA,00-0036919,K.Gainwell,2,NA,NA,NA,NA,NA,NA,NA,NA,NA,NA,NA,NA,NA,NA,NA,NA,NA,NA,NA,NA,NA,NA,NA,NA,NA,NA,NA,NA,NA,NA,NA,NA,NA,NA,NA,NA,NA,NA,NA,NA,NA,NA,NA,NA,NA,NA,NA,NA,00-0037259,M.McFadden,NYG,00-0035687,B.Okereke,NYG,NA,NA,NA,NA,NA,NA,0,NA,NA,NA,NA,NA,NA,NA,NA,NA,NA,NA,NA,NA,NA,NA,NA,NA,NA,NA,NA,NA,NA,NA,NA,NA,NA,NA,NA,NA,NA,NA,0,NA,NA,NA,NA,0,NA,NA,0,0,0,0,NA,NA,2023,NA,NA,10,1,First down,757,"12/25/23, 16:35:39",2023-12-25T22:02:25.477Z,Lincoln Financial Field,"Cloudy Temp: 51° F, Humidity: 68%, Wind: NE 5 mph",cbaf6e72-f053-11ed-b4a7-bab79e4492fa,0,0,RUSH,0,NA,2023-12-25T22:02:28.747Z,NA,4,Field goal,2023-12-25T21:57:49.400Z,18,8:11,5,1,1,1,2,-10,KICKOFF,FIELD_GOAL,08:04,14:53,PHI 18,NYG 10,546,1131,25,33,Home,8,58,14,41,1,outdoors,grass,51,5,Nick Sirianni,Brian Daboll,PHI00,Lincoln Financial Field,0,0,NA,NA,K.Gainwell,14,NA,NA,0,1,0,0,1,NA,00-0036919,NA,K.Gainwell,14,00-0036919,K.Gainwell,00-0036919,K.Gainwell,00-0036919,0,0,-1.0099698214326054,NA,NA,NA,NA,NA,0.8658008575439453,-86.58008575439453
779,2023_16_NYG_PHI,2023122501,PHI,NYG,REG,16,PHI,home,NYG,NYG,38,2023-12-25,301,1201,3001,Half1,0,4,0,1,4,0,05:01,NYG 38,1,72,(5:01) 1-J.Hurts left guard to NYG 35 for 3 yards (58-B.Okereke).,run,3,0,0,0,0,0,0,NA,NA,NA,NA,left,guard,NA,NA,NA,NA,2,3,0,NA,NA,NA,NA,2,3,7,3,7,3,4,7,3,4,0.018034758046269417,0.13351590931415558,0.0010524295503273606,0.22118818759918213,0.21544262766838074,0.01433529332280159,0.3964308202266693,0,0,1.4990443110000342,2.2158066611737013,8.317982207154806,-8.317982207154806,4.829385777935386,-4.829385777935386,2.6417829993382913,-2.6417829993382913,NA,NA,0,0,5.321653701015748,-5.321653701015748,-5.7255486868089065,5.7255486868089065,4.880453231977299,-4.880453231977299,-2.2386702326390076,2.2386702326390076,0.7386301159858704,0.26136988401412964,0.7386301159858704,0.26136988401412964,0.051174044609069824,0.005686521530151367,0.005686521530151367,0.7898041605949402,0.21019583940505981,0.9378461241722107,0.9378461241722107,0.09746730908315016,-0.09746730908315016,0.08734983205795288,-0.08734983205795288,NA,NA,0,0,0.020054519176483154,-0.020054519176483154,-0.006415873765945435,0.006415873765945435,0.020054519176483154,-0.020054519176483154,0.06729531288146973,-0.06729531288146973,0,1,0,0,0,0,1,0,0,0,0,0,0,0,0,0,0,0,0,0,0,0,0,0,1,0,0,0,0,0,0,0,1,0,0,0,0,0,0,0,0,0,0,0,0,0,0,0,0,0,0,NA,NA,NA,NA,NA,NA,00-0036389,J.Hurts,3,NA,NA,NA,NA,NA,NA,NA,NA,NA,NA,NA,NA,NA,NA,NA,NA,NA,NA,NA,NA,NA,NA,NA,NA,NA,NA,NA,NA,NA,NA,NA,NA,NA,NA,NA,NA,NA,NA,NA,NA,NA,NA,NYG,NA,00-0035687,NA,B.Okereke,NA,NA,NA,NA,NA,NA,NA,NA,NA,NA,NA,NA,NA,0,NA,NA,NA,NA,NA,NA,NA,NA,NA,NA,NA,NA,NA,NA,NA,NA,NA,NA,NA,NA,NA,NA,NA,NA,NA,NA,NA,NA,NA,NA,NA,0,NA,NA,NA,NA,0,NA,NA,0,0,0,0,NA,NA,2023,NA,NA,10,1,First down,779,"12/25/23, 16:35:39",2023-12-25T22:02:56.540Z,Lincoln Financial Field,"Cloudy Temp: 51° F, Humidity: 68%, Wind: NE 5 mph",cbaf6e72-f053-11ed-b4a7-bab79e4492fa,0,0,RUSH,0,NA,2023-12-25T22:02:59.200Z,NA,4,Field goal,2023-12-25T21:57:49.400Z,18,8:11,5,1,1,1,2,-10,KICKOFF,FIELD_GOAL,08:04,14:53,PHI 18,NYG 10,546,1131,25,33,Home,8,58,14,41,1,outdoors,grass,51,5,Nick Sirianni,Brian Daboll,PHI00,Lincoln Financial Field,0,1,NA,NA,J.Hurts,1,NA,NA,0,1,1,0,1,NA,00-0036389,NA,J.Hurts,1,00-0036389,J.Hurts,00-0036389,J.Hurts,00-0036389,0,0,2.2158066611737013,NA,NA,NA,NA,NA,0.25646305084228516,-25.646305084228516
801,2023_16_NYG_PHI,2023122501,PHI,NYG,REG,16,PHI,home,NYG,NYG,35,2023-12-25,262,1162,2962,Half1,0,4,0,1,1,0,04:22,NYG 35,10,72,(4:22) (Shotgun) 14-K.Gainwell left guard to NYG 33 for 2 yards (95-J.Riley).,run,2,1,0,0,0,0,0,NA,NA,NA,NA,left,guard,NA,NA,NA,NA,2,3,0,NA,NA,NA,NA,2,3,7,3,7,3,4,7,3,4,0.014831045642495155,0.04716353118419647,6.679230136796832e-4,0.09294477105140686,0.34698641300201416,0.0029024987015873194,0.49450379610061646,0,0,3.7148509721737355,-0.35077747935429215,7.967204727800514,-7.967204727800514,4.4786082985810935,-4.4786082985810935,2.6417829993382913,-2.6417829993382913,NA,NA,0,0,5.321653701015748,-5.321653701015748,-5.7255486868089065,5.7255486868089065,4.880453231977299,-4.880453231977299,-2.2386702326390076,2.2386702326390076,0.7898041605949402,0.21019583940505981,0.7898041605949402,0.21019583940505981,-0.008695423603057861,-6.665587425231934e-4,-6.665587425231934e-4,0.7811087369918823,0.21889126300811768,0.9435326457023621,0.9435326457023621,0.0887718854800923,-0.0887718854800923,0.08734983205795288,-0.08734983205795288,NA,NA,0,0,0.020054519176483154,-0.020054519176483154,-0.006415873765945435,0.006415873765945435,0.020054519176483154,-0.020054519176483154,0.06729531288146973,-0.06729531288146973,0,0,0,0,0,0,0,0,0,0,0,0,0,0,0,0,0,0,0,0,0,0,0,0,1,0,0,0,0,0,0,0,1,0,0,0,0,0,0,0,0,0,0,0,0,0,0,0,0,0,0,NA,NA,NA,NA,NA,NA,00-0036919,K.Gainwell,2,NA,NA,NA,NA,NA,NA,NA,NA,NA,NA,NA,NA,NA,NA,NA,NA,NA,NA,NA,NA,NA,NA,NA,NA,NA,NA,NA,NA,NA,NA,NA,NA,NA,NA,NA,NA,NA,NA,NA,NA,NA,NA,NYG,NA,00-0038506,NA,J.Riley,NA,NA,NA,NA,NA,NA,NA,NA,NA,NA,NA,NA,NA,0,NA,NA,NA,NA,NA,NA,NA,NA,NA,NA,NA,NA,NA,NA,NA,NA,NA,NA,NA,NA,NA,NA,NA,NA,NA,NA,NA,NA,NA,NA,NA,0,NA,NA,NA,NA,0,NA,NA,0,0,0,0,NA,NA,2023,NA,NA,11,1,First down,801,"12/25/23, 16:35:39",2023-12-25T22:03:36.613Z,Lincoln Financial Field,"Cloudy Temp: 51° F, Humidity: 68%, Wind: NE 5 mph",cbaf6e72-f053-11ed-b4a7-bab79e4492fa,0,0,RUSH,0,NA,2023-12-25T22:03:39.897Z,NA,4,Field goal,2023-12-25T21:57:49.400Z,18,8:11,5,1,1,1,2,-10,KICKOFF,FIELD_GOAL,08:04,14:53,PHI 18,NYG 10,546,1131,25,33,Home,8,58,14,41,1,outdoors,grass,51,5,Nick Sirianni,Brian Daboll,PHI00,Lincoln Financial Field,0,0,NA,NA,K.Gainwell,14,NA,NA,0,1,0,0,1,NA,00-0036919,NA,K.Gainwell,14,00-0036919,K.Gainwell,00-0036919,K.Gainwell,00-0036919,0,0,-0.35077747935429215,NA,NA,NA,NA,NA,0.5006322264671326,-50.06322264671326
823,2023_16_NYG_PHI,2023122501,PHI,NYG,REG,16,PHI,home,NYG,NYG,33,2023-12-25,228,1128,2928,Half1,0,4,0,1,2,0,03:48,NYG 33,8,72,(3:48) (Shotgun) 35-B.Scott left tackle to NYG 30 for 3 yards (41-M.McFadden; 29-X.McKinney).,run,3,1,0,0,0,0,0,NA,NA,NA,NA,left,tackle,NA,NA,NA,NA,2,3,0,NA,NA,NA,NA,2,3,7,3,7,3,4,7,3,4,0.016113346442580223,0.05463690683245659,6.902801105752587e-4,0.09974037110805511,0.39058825373649597,0.0023666738998144865,0.4358641803264618,0,0,3.3640734928194433,-0.30700514221098274,7.660199585589531,-7.660199585589531,4.171603156370111,-4.171603156370111,2.6417829993382913,-2.6417829993382913,NA,NA,0,0,5.321653701015748,-5.321653701015748,-5.7255486868089065,5.7255486868089065,4.880453231977299,-4.880453231977299,-2.2386702326390076,2.2386702326390076,0.7811087369918823,0.21889126300811768,0.7811087369918823,0.21889126300811768,-0.019687175750732422,-0.0013543367385864258,-0.0013543367385864258,0.7614215612411499,0.2385784387588501,0.9428660869598389,0.9428660869598389,0.06908470972935987,-0.06908470972935987,0.08734983205795288,-0.08734983205795288,NA,NA,0,0,0.020054519176483154,-0.020054519176483154,-0.006415873765945435,0.006415873765945435,0.020054519176483154,-0.020054519176483154,0.06729531288146973,-0.06729531288146973,0,0,0,0,0,0,0,0,0,0,0,0,0,0,0,0,0,0,0,0,0,0,0,0,0,0,0,0,0,0,0,0,1,0,0,0,0,0,0,0,0,0,0,0,0,0,1,0,0,0,0,NA,NA,NA,NA,NA,NA,00-0034414,B.Scott,3,NA,NA,NA,NA,NA,NA,NA,NA,NA,NA,NA,NA,NA,NA,NA,NA,NA,NA,NA,NA,NA,NA,NA,NA,NA,NA,NA,NA,NA,NA,NA,NA,NA,NA,NA,NA,NA,NA,NA,NA,NA,NA,NA,NA,NA,NA,NA,NA,00-0037259,M.McFadden,NYG,00-0036388,X.McKinney,NYG,NA,NA,NA,NA,NA,NA,0,NA,NA,NA,NA,NA,NA,NA,NA,NA,NA,NA,NA,NA,NA,NA,NA,NA,NA,NA,NA,NA,NA,NA,NA,NA,NA,NA,NA,NA,NA,NA,0,NA,NA,NA,NA,0,NA,NA,0,0,0,0,NA,NA,2023,NA,NA,11,1,First down,823,"12/25/23, 16:35:39",2023-12-25T22:04:10.713Z,Lincoln Financial Field,"Cloudy Temp: 51° F, Humidity: 68%, Wind: NE 5 mph",cbaf6e72-f053-11ed-b4a7-bab79e4492fa,0,0,RUSH,0,NA,2023-12-25T22:04:14.987Z,NA,4,Field goal,2023-12-25T21:57:49.400Z,18,8:11,5,1,1,1,2,-10,KICKOFF,FIELD_GOAL,08:04,14:53,PHI 18,NYG 10,546,1131,25,33,Home,8,58,14,41,1,outdoors,grass,51,5,Nick Sirianni,Brian Daboll,PHI00,Lincoln Financial Field,0,0,NA,NA,B.Scott,35,NA,NA,0,1,0,0,1,NA,00-0034414,NA,B.Scott,35,00-0034414,B.Scott,00-0034414,B.Scott,00-0034414,0,0,-0.30700514221098274,NA,NA,NA,NA,NA,0.7503028512001038,-75.03028512001038
845,2023_16_NYG_PHI,2023122501,PHI,NYG,REG,16,PHI,home,NYG,NYG,30,2023-12-25,184,1084,2884,Half1,0,4,0,1,3,0,03:04,NYG 30,5,72,(3:04) (Shotgun) 1-J.Hurts pass incomplete short right to 13-O.Zaccheaus (19-I.Simmons).,pass,0,1,0,1,0,0,0,short,right,-5,NA,NA,NA,NA,NA,NA,NA,2,3,0,NA,NA,NA,NA,2,3,7,3,7,3,4,7,3,4,0.01391606405377388,0.057598382234573364,5.31041354406625e-4,0.1070399358868599,0.43982893228530884,0.001376292435452342,0.379709392786026,0,0,3.0570683506084606,-1.5535017547663301,6.106697830823201,-6.106697830823201,4.171603156370111,-4.171603156370111,1.088281244571961,-1.088281244571961,-1.8327339480165392,0.2792321932502091,0,0,5.321653701015748,-5.321653701015748,-5.7255486868089065,5.7255486868089065,3.0477192839607596,-3.0477192839607596,-1.9594380393887987,1.9594380393887987,0.7614215612411499,0.2385784387588501,0.7614215612411499,0.2385784387588501,-0.030971229076385498,-0.004446923732757568,-0.004446923732757568,0.7304503321647644,0.2695496678352356,0.9415117502212524,0.9415117502212524,0.06908470972935987,-0.06908470972935987,0.05637860298156738,-0.05637860298156738,0,-0.030971229076385498,0,0,0.020054519176483154,-0.020054519176483154,-0.006415873765945435,0.006415873765945435,0.020054519176483154,-0.020054519176483154,0.03632408380508423,-0.03632408380508423,0,0,0,0,0,1,0,0,1,0,0,0,0,0,0,0,0,0,0,0,0,0,0,0,0,0,0,0,0,0,0,0,0,1,0,0,0,0,0,0,0,0,0,0,0,0,0,0,0,0,0,00-0036389,J.Hurts,NA,00-0035208,O.Zaccheaus,NA,NA,NA,NA,NA,NA,NA,NA,NA,NA,NA,NA,NA,NA,NA,NA,NA,NA,NA,NA,NA,NA,NA,NA,NA,NA,NA,NA,NA,NA,NA,NA,NA,NA,NA,NA,NA,NA,NA,NA,NA,NA,NA,NA,NA,NA,NA,NA,NA,NA,NA,NA,NA,NA,NA,NA,NA,NA,NA,NA,NA,NA,NA,NA,0,NA,NA,NA,NA,NA,NA,00-0036356,I.Simmons,NA,NA,NA,NA,NA,NA,NA,NA,NA,NA,NA,NA,NA,NA,NA,NA,NA,NA,NA,NA,NA,NA,NA,0,NA,NA,NA,NA,0,NA,NA,0,0,0,0,NA,NA,2023,0.8480168581008911,-84.80168581008911,11,1,First down,845,"12/25/23, 16:35:39",2023-12-25T22:04:54.727Z,Lincoln Financial Field,"Cloudy Temp: 51° F, Humidity: 68%, Wind: NE 5 mph",cbaf6e72-f053-11ed-b4a7-bab79e4492fa,0,0,PASS,0,NA,2023-12-25T22:04:56.893Z,NA,4,Field goal,2023-12-25T21:57:49.400Z,18,8:11,5,1,1,1,2,-10,KICKOFF,FIELD_GOAL,08:04,14:53,PHI 18,NYG 10,546,1131,25,33,Home,8,58,14,41,1,outdoors,grass,51,5,Nick Sirianni,Brian Daboll,PHI00,Lincoln Financial Field,0,0,J.Hurts,1,NA,NA,O.Zaccheaus,13,1,0,0,0,1,00-0036389,NA,00-0035208,J.Hurts,1,00-0036389,O.Zaccheaus,00-0035208,O.Zaccheaus,00-0035208,0,0,-1.5535017547663301,1.912465831803254,10.110062509484123,9,0.4438845040858723,0.4438845040858723,0.9520184993743896,4.798150062561035
868,2023_16_NYG_PHI,2023122501,PHI,NYG,REG,16,PHI,home,NYG,NYG,30,2023-12-25,181,1081,2881,Half1,0,4,0,1,4,0,03:01,NYG 30,5,72,(3:01) (Shotgun) 1-J.Hurts pass short left to 88-D.Goedert to NYG 24 for 6 yards (29-X.McKinney).,pass,6,1,0,1,0,0,0,short,left,6,0,NA,NA,NA,NA,NA,NA,2,3,0,NA,NA,NA,NA,2,3,7,3,7,3,4,7,3,4,0.015743862837553024,0.09110972285270691,6.050741649232805e-4,0.14371608197689056,0.6125298738479614,0.0015077656134963036,0.13478761911392212,0,0,1.5035665958421305,3.0772759905084968,9.183973821331698,-9.183973821331698,4.171603156370111,-4.171603156370111,4.165557235080458,-4.165557235080458,3.0772759905084968,0,3.0772759905084968,0,8.398929691524245,-8.398929691524245,-5.7255486868089065,5.7255486868089065,6.124995274469256,-6.124995274469256,-1.9594380393887987,1.9594380393887987,0.7304503321647644,0.2695496678352356,0.7304503321647644,0.2695496678352356,0.06628257036209106,0.011365890502929688,0.011365890502929688,0.7967329025268555,0.20326709747314453,0.9370648264884949,0.9370648264884949,0.06908470972935987,-0.06908470972935987,0.12266117334365845,-0.12266117334365845,0.06628257036209106,0,0.06628257036209106,0,0.08633708953857422,-0.08633708953857422,-0.006415873765945435,0.006415873765945435,0.08633708953857422,-0.08633708953857422,0.03632408380508423,-0.03632408380508423,0,0,1,0,0,0,1,0,0,0,0,0,0,0,0,0,0,0,0,0,0,0,0,0,1,0,0,0,0,0,0,0,0,1,0,0,0,0,0,0,0,0,0,0,0,1,0,0,0,0,0,00-0036389,J.Hurts,6,00-0034351,D.Goedert,6,NA,NA,NA,NA,NA,NA,NA,NA,NA,NA,NA,NA,NA,NA,NA,NA,NA,NA,NA,NA,NA,NA,NA,NA,NA,NA,NA,NA,NA,NA,NA,NA,NA,NA,NA,NA,NA,NA,NA,NA,NA,NA,NA,NA,NA,NYG,NA,00-0036388,NA,X.McKinney,NA,NA,NA,NA,NA,NA,NA,NA,NA,NA,NA,NA,NA,0,NA,NA,NA,NA,NA,NA,NA,NA,NA,NA,NA,NA,NA,NA,NA,NA,NA,NA,NA,NA,NA,NA,NA,NA,NA,NA,NA,NA,NA,NA,NA,0,NA,NA,NA,NA,0,NA,NA,0,0,0,0,NA,NA,2023,0.6775955557823181,32.24044442176819,11,1,First down,868,"12/25/23, 16:35:39",2023-12-25T22:05:35.600Z,Lincoln Financial Field,"Cloudy Temp: 51° F, Humidity: 68%, Wind: NE 5 mph",cbaf6e72-f053-11ed-b4a7-bab79e4492fa,0,0,PASS,0,NA,2023-12-25T22:05:40.083Z,NA,4,Field goal,2023-12-25T21:57:49.400Z,18,8:11,5,1,1,1,2,-10,KICKOFF,FIELD_GOAL,08:04,14:53,PHI 18,NYG 10,546,1131,25,33,Home,8,58,14,41,1,outdoors,grass,51,5,Nick Sirianni,Brian Daboll,PHI00,Lincoln Financial Field,0,1,J.Hurts,1,NA,NA,D.Goedert,88,1,0,1,0,1,00-0036389,NA,00-0034351,J.Hurts,1,00-0036389,D.Goedert,00-0034351,D.Goedert,00-0034351,0,0,3.0772759905084968,0.14521126559394792,3.079249357804656,1,0.9957586057425942,0.9957586057425942,0.9521684646606445,4.783153533935547
893,2023_16_NYG_PHI,2023122501,PHI,NYG,REG,16,PHI,home,NYG,NYG,24,2023-12-25,139,1039,2839,Half1,0,4,0,1,1,0,02:19,NYG 24,10,72,(2:19) (Shotgun) 1-J.Hurts pass short left to 11-A.Brown to NYG 17 for 7 yards (25-D.Banks).,pass,7,1,0,1,0,0,0,short,left,8,-1,NA,NA,NA,NA,NA,NA,2,3,0,NA,NA,NA,NA,2,3,7,3,7,3,4,7,3,4,0.008787383325397968,0.02834067866206169,5.245757638476789e-4,0.04371093213558197,0.3628085255622864,0.0012660827487707138,0.5545617938041687,0,0,4.580842586350627,0.34558807290159166,9.52956189423329,-9.52956189423329,4.171603156370111,-4.171603156370111,4.51114530798205,-4.51114530798205,0.4654549286351539,-0.11986685573356226,0.4654549286351539,-0.11986685573356226,8.864384620159399,-8.864384620159399,-5.845415542542469,5.845415542542469,6.59045020310441,-6.59045020310441,-2.0793048951223607,2.0793048951223607,0.7967329025268555,0.20326709747314453,0.7967329025268555,0.20326709747314453,0.0034133195877075195,0.0013904571533203125,0.0013904571533203125,0.800146222114563,0.199853777885437,0.9484307169914246,0.9484307169914246,0.06908470972935987,-0.06908470972935987,0.12607449293136597,-0.12607449293136597,0,0.0034133195877075195,0,0.0034133195877075195,0.08633708953857422,-0.08633708953857422,-0.003002554178237915,0.003002554178237915,0.08633708953857422,-0.08633708953857422,0.03973740339279175,-0.03973740339279175,0,0,0,0,0,0,0,0,0,0,0,0,0,0,0,0,0,0,0,0,0,0,0,0,1,0,0,0,0,0,0,0,0,1,0,0,0,0,0,0,0,0,0,0,0,1,0,0,0,0,0,00-0036389,J.Hurts,7,00-0035676,A.Brown,7,NA,NA,NA,NA,NA,NA,NA,NA,NA,NA,NA,NA,NA,NA,NA,NA,NA,NA,NA,NA,NA,NA,NA,NA,NA,NA,NA,NA,NA,NA,NA,NA,NA,NA,NA,NA,NA,NA,NA,NA,NA,NA,NA,NA,NA,NYG,NA,00-0039000,NA,D.Banks,NA,NA,NA,NA,NA,NA,NA,NA,NA,NA,NA,NA,NA,0,NA,NA,NA,NA,NA,NA,NA,NA,NA,NA,NA,NA,NA,NA,NA,NA,NA,NA,NA,NA,NA,NA,NA,NA,NA,NA,NA,NA,NA,NA,NA,0,NA,NA,NA,NA,0,NA,NA,0,0,0,0,NA,NA,2023,0.6740838289260864,32.59161710739136,12,1,First down,893,"12/25/23, 16:35:39",2023-12-25T22:06:17.740Z,Lincoln Financial Field,"Cloudy Temp: 51° F, Humidity: 68%, Wind: NE 5 mph",cbaf6e72-f053-11ed-b4a7-bab79e4492fa,0,0,PASS,0,NA,2023-12-25T22:06:22.047Z,NA,4,Field goal,2023-12-25T21:57:49.400Z,18,8:11,5,1,1,1,2,-10,KICKOFF,FIELD_GOAL,08:04,14:53,PHI 18,NYG 10,546,1131,25,33,Home,8,58,14,41,1,outdoors,grass,51,5,Nick Sirianni,Brian Daboll,PHI00,Lincoln Financial Field,0,1,J.Hurts,1,NA,NA,A.Brown,11,1,0,0,0,1,00-0036389,NA,00-0035676,J.Hurts,1,00-0036389,A.Brown,00-0035676,A.Brown,00-0035676,0,0,0.34558807290159166,0.21975306454832566,2.9502081163809635,1,0.9988952032581437,0.4701748385850806,0.47631725668907166,52.368274331092834
918,2023_16_NYG_PHI,2023122501,PHI,NYG,REG,16,PHI,home,NYG,NYG,17,2023-12-25,107,1007,2807,Half1,0,4,0,1,2,0,01:47,NYG 17,3,72,"(1:47) (No Huddle, Shotgun) 1-J.Hurts pass incomplete short right to 80-J.Jones.",pass,0,1,1,1,0,0,0,short,right,0,NA,NA,NA,NA,NA,NA,NA,2,3,0,NA,NA,NA,NA,2,3,7,3,7,3,4,7,3,4,0.009166467003524303,0.019338790327310562,3.393006627447903e-4,0.033229533582925797,0.3355506360530853,0.0011093451175838709,0.6012659668922424,0,0,4.926430659252219,-0.6896399106481113,8.839921983585178,-8.839921983585178,4.171603156370111,-4.171603156370111,3.8215053973339383,-3.8215053973339383,-0.6896301362430677,-9.774405043572187e-6,0,0,8.864384620159399,-8.864384620159399,-5.845415542542469,5.845415542542469,5.900820066861343,-5.900820066861343,-2.0793146695274043,2.0793146695274043,0.800146222114563,0.199853777885437,0.800146222114563,0.199853777885437,-0.015765249729156494,-0.006466031074523926,-0.006466031074523926,0.7843809723854065,0.2156190276145935,0.9498211741447449,0.9498211741447449,0.06908470972935987,-0.06908470972935987,0.11030924320220947,-0.11030924320220947,0,-0.015765249729156494,0,0,0.08633708953857422,-0.08633708953857422,-0.003002554178237915,0.003002554178237915,0.08633708953857422,-0.08633708953857422,0.023972153663635254,-0.023972153663635254,0,0,0,0,0,0,0,0,1,0,0,0,0,0,0,0,0,0,0,0,0,0,0,0,0,0,0,0,0,0,0,0,0,1,0,0,0,0,0,0,0,0,0,0,0,0,0,0,0,0,0,00-0036389,J.Hurts,NA,00-0027944,J.Jones,NA,NA,NA,NA,NA,NA,NA,NA,NA,NA,NA,NA,NA,NA,NA,NA,NA,NA,NA,NA,NA,NA,NA,NA,NA,NA,NA,NA,NA,NA,NA,NA,NA,NA,NA,NA,NA,NA,NA,NA,NA,NA,NA,NA,NA,NA,NA,NA,NA,NA,NA,NA,NA,NA,NA,NA,NA,NA,NA,NA,NA,NA,NA,NA,0,NA,NA,NA,NA,NA,NA,NA,NA,NA,NA,NA,NA,NA,NA,NA,NA,NA,NA,NA,NA,NA,NA,NA,NA,NA,NA,NA,NA,NA,NA,NA,0,NA,NA,NA,NA,0,NA,NA,0,0,0,0,NA,NA,2023,0.7335936427116394,-73.35936427116394,12,1,First down,918,"12/25/23, 16:35:39",2023-12-25T22:06:49.507Z,Lincoln Financial Field,"Cloudy Temp: 51° F, Humidity: 68%, Wind: NE 5 mph",cbaf6e72-f053-11ed-b4a7-bab79e4492fa,0,0,PASS,0,NA,2023-12-25T22:06:52.077Z,NA,4,Field goal,2023-12-25T21:57:49.400Z,18,8:11,5,1,1,1,2,-10,KICKOFF,FIELD_GOAL,08:04,14:53,PHI 18,NYG 10,546,1131,25,33,Home,8,58,14,41,1,outdoors,grass,51,5,Nick Sirianni,Brian Daboll,PHI00,Lincoln Financial Field,0,0,J.Hurts,1,NA,NA,J.Jones,80,1,0,0,0,1,00-0036389,NA,00-0027944,J.Hurts,1,00-0036389,J.Jones,00-0027944,J.Jones,00-0027944,0,0,-0.6896399106481113,0.9727998104000946,5.963530798500869,5,0.7026014549774118,0.7026014549774118,0.3323720693588257,66.76279306411743
941,2023_16_NYG_PHI,2023122501,PHI,NYG,REG,16,PHI,home,NYG,NYG,17,2023-12-25,104,1004,2804,Half1,0,4,0,1,3,0,01:44,NYG 17,3,72,"(1:44) (Shotgun) 1-J.Hurts to NYG 23 for -6 yards. FUMBLES, and recovers at NYG 29. 1-J.Hurts pass short left to 81-G.Calcaterra to NYG 8 for 9 yards (28-C.Flott).",pass,9,1,0,1,0,0,0,short,left,-2,11,NA,NA,NA,NA,NA,NA,2,3,0,NA,NA,NA,NA,2,3,7,3,7,3,4,7,3,4,0.010193463414907455,0.023281656205654144,3.7669387529604137e-4,0.0406804196536541,0.469990998506546,0.0012316025095060468,0.45424512028694153,0,0,4.236790748604108,1.219036142283585,10.058958125868763,-10.058958125868763,4.171603156370111,-4.171603156370111,5.040541539617523,-5.040541539617523,-1.664805302862078,2.883841445145663,-1.664805302862078,2.883841445145663,7.199579317297321,-7.199579317297321,-2.961574097396806,2.961574097396806,4.236014763999265,-4.236014763999265,0.8045267756182584,-0.8045267756182584,0.7843809723854065,0.2156190276145935,0.7843809723854065,0.2156190276145935,0.023246705532073975,0.0080832839012146,0.0080832839012146,0.8076276779174805,0.19237232208251953,0.943355143070221,0.943355143070221,0.06908470972935987,-0.06908470972935987,0.13355594873428345,-0.13355594873428345,0,0.023246705532073975,0,0.023246705532073975,0.08633708953857422,-0.08633708953857422,0.02024415135383606,-0.02024415135383606,0.08633708953857422,-0.08633708953857422,0.04721885919570923,-0.04721885919570923,0,0,1,0,1,0,0,0,0,0,0,0,0,0,0,0,0,0,0,0,0,0,1,0,1,0,0,0,0,0,0,0,0,1,0,0,0,0,0,0,0,0,0,0,1,1,0,0,0,0,0,00-0036389,J.Hurts,9,00-0037086,G.Calcaterra,9,NA,NA,NA,NA,NA,NA,NA,NA,NA,NA,NA,NA,NA,NA,NA,NA,NA,NA,NA,NA,NA,NA,NA,NA,NA,NA,NA,NA,NA,NA,NA,NA,NA,NA,NA,NA,NA,NA,NA,NA,NA,NA,NA,NA,NA,NYG,NA,00-0037758,NA,C.Flott,NA,NA,NA,NA,NA,NA,NA,NA,NA,NA,NA,NA,NA,0,NA,NA,NA,NA,NA,NA,NA,NA,NA,NA,PHI,00-0036389,J.Hurts,NA,NA,NA,PHI,0,00-0036389,J.Hurts,NA,NA,NA,NA,NA,NA,NA,NA,NA,NA,NA,0,NA,NA,NA,NA,0,NA,NA,0,0,0,0,NA,NA,2023,0.8412899971008301,15.871000289916992,12,1,First down,941,"12/25/23, 16:35:39",2023-12-25T22:07:31.280Z,Lincoln Financial Field,"Cloudy Temp: 51° F, Humidity: 68%, Wind: NE 5 mph",cbaf6e72-f053-11ed-b4a7-bab79e4492fa,0,0,PASS,0,NA,2023-12-25T22:07:40.047Z,NA,4,Field goal,2023-12-25T21:57:49.400Z,18,8:11,5,1,1,1,2,-10,KICKOFF,FIELD_GOAL,08:04,14:53,PHI 18,NYG 10,546,1131,25,33,Home,8,58,14,41,1,outdoors,grass,51,5,Nick Sirianni,Brian Daboll,PHI00,Lincoln Financial Field,0,1,J.Hurts,1,NA,NA,G.Calcaterra,81,1,0,1,0,1,00-0036389,NA,00-0037086,J.Hurts,1,00-0036389,G.Calcaterra,00-0037086,G.Calcaterra,00-0037086,0,0,1.219036142283585,1.9297023867082987,6.979330855538137,6,0.5896267328062095,0.5896267328062095,0.8569777607917786,14.302223920822144
986,2023_16_NYG_PHI,2023122501,PHI,NYG,REG,16,PHI,home,NYG,NYG,8,2023-12-25,53,953,2753,Half1,0,4,0,1,1,1,00:53,NYG 8,8,72,(:53) (Shotgun) 0-D.Swift right tackle to NYG 3 for 5 yards (97-D.Lawrence).,run,5,1,0,0,0,0,0,NA,NA,NA,NA,right,tackle,NA,NA,NA,NA,2,3,0,NA,NA,NA,NA,2,3,7,3,7,3,4,7,3,4,0.008381144143640995,0.01271180622279644,3.245017724111676e-4,0.01922827586531639,0.27030712366104126,0.0010084628593176603,0.68803870677948,0,0,5.455826890887693,0.3015957758179866,10.36055390168675,-10.36055390168675,4.473198932188097,-4.473198932188097,5.040541539617523,-5.040541539617523,NA,NA,0,0,7.199579317297321,-7.199579317297321,-2.961574097396806,2.961574097396806,4.236014763999265,-4.236014763999265,0.8045267756182584,-0.8045267756182584,0.8076276779174805,0.19237232208251953,0.8076276779174805,0.19237232208251953,0.0016217231750488281,-2.9462575912475586e-4,-2.9462575912475586e-4,0.8092494010925293,0.1907505989074707,0.9514384269714355,0.9514384269714355,0.0707064329044087,-0.0707064329044087,0.13355594873428345,-0.13355594873428345,NA,NA,0,0,0.08633708953857422,-0.08633708953857422,0.02024415135383606,-0.02024415135383606,0.08633708953857422,-0.08633708953857422,0.04721885919570923,-0.04721885919570923,0,0,0,0,0,0,0,0,0,0,0,0,0,0,0,0,0,0,0,0,0,0,0,0,1,0,0,0,0,0,0,0,1,0,0,0,0,0,0,0,0,0,0,0,0,0,0,0,0,0,0,NA,NA,NA,NA,NA,NA,00-0036275,D.Swift,5,NA,NA,NA,NA,NA,NA,NA,NA,NA,NA,NA,NA,NA,NA,NA,NA,NA,NA,NA,NA,NA,NA,NA,NA,NA,NA,NA,NA,NA,NA,NA,NA,NA,NA,NA,NA,NA,NA,NA,NA,NA,NA,NYG,NA,00-0035683,NA,D.Lawrence,NA,NA,NA,NA,NA,NA,NA,NA,NA,NA,NA,NA,NA,0,NA,NA,NA,NA,NA,NA,NA,NA,NA,NA,NA,NA,NA,NA,NA,NA,NA,NA,NA,NA,NA,NA,NA,NA,NA,NA,NA,NA,NA,NA,NA,0,NA,NA,NA,NA,0,NA,NA,0,0,0,0,NA,NA,2023,NA,NA,13,0,Field goal,986,"12/25/23, 16:35:39",2023-12-25T22:08:22.167Z,Lincoln Financial Field,"Cloudy Temp: 51° F, Humidity: 68%, Wind: NE 5 mph",cbaf6e72-f053-11ed-b4a7-bab79e4492fa,0,0,RUSH,0,NA,2023-12-25T22:08:25.913Z,NA,4,Field goal,2023-12-25T21:57:49.400Z,18,8:11,5,1,1,1,2,-10,KICKOFF,FIELD_GOAL,08:04,14:53,PHI 18,NYG 10,546,1131,25,33,Home,8,58,14,41,1,outdoors,grass,51,5,Nick Sirianni,Brian Daboll,PHI00,Lincoln Financial Field,0,1,NA,NA,D.Swift,0,NA,NA,0,1,0,0,1,NA,00-0036275,NA,D.Swift,0,00-0036275,D.Swift,00-0036275,D.Swift,00-0036275,0,0,0.3015957758179866,NA,NA,NA,NA,NA,0.41840195655822754,-41.840195655822754
1008,2023_16_NYG_PHI,2023122501,PHI,NYG,REG,16,PHI,home,NYG,NYG,3,2023-12-25,12,912,2712,Half1,0,4,0,1,2,1,00:12,NYG 3,3,72,"(:12) (Shotgun) 0-D.Swift left end for 3 yards, TOUCHDOWN. The Replay Official reviewed the runner was not down by contact ruling, and the play was REVERSED. (Shotgun) 0-D.Swift left end to NYG 5 for -2 yards (97-D.Lawrence).",run,-2,1,0,0,0,0,0,NA,NA,NA,NA,left,end,NA,NA,NA,NA,2,3,0,NA,NA,NA,NA,2,3,7,3,7,3,4,7,3,4,0.007683805655688047,0.011282045394182205,2.9556293156929314e-4,0.01877576857805252,0.20066885650157928,0.0015548077644780278,0.7597391605377197,0,0,5.757422666705679,-1.3521542120724916,9.008399689614258,-9.008399689614258,3.1210447201156057,-3.1210447201156057,5.040541539617523,-5.040541539617523,NA,NA,0,0,7.199579317297321,-7.199579317297321,-2.961574097396806,2.961574097396806,4.236014763999265,-4.236014763999265,0.8045267756182584,-0.8045267756182584,0.8092494010925293,0.1907505989074707,0.8092494010925293,0.1907505989074707,-0.032762885093688965,-0.005592286586761475,-0.005592286586761475,0.7764865159988403,0.22351348400115967,0.9511438012123108,0.9511438012123108,0.037943547810719735,-0.037943547810719735,0.13355594873428345,-0.13355594873428345,NA,NA,0,0,0.08633708953857422,-0.08633708953857422,0.02024415135383606,-0.02024415135383606,0.08633708953857422,-0.08633708953857422,0.04721885919570923,-0.04721885919570923,0,0,0,0,0,0,0,0,0,0,0,0,0,0,0,0,0,0,0,0,0,0,0,0,1,0,0,1,0,0,0,0,1,0,0,0,0,0,0,0,0,0,0,0,0,0,0,0,0,0,0,NA,NA,NA,NA,NA,NA,00-0036275,D.Swift,-2,NA,NA,NA,NA,NA,NA,NA,NA,NA,NA,NA,NA,NA,NA,NA,NA,NA,NA,NA,NA,NA,NA,NA,NA,NA,NA,NA,NA,00-0035683,D.Lawrence,NA,NA,NA,NA,NA,NA,NA,NA,NA,NA,NA,NA,NYG,NA,00-0035683,NA,D.Lawrence,NA,NA,NA,NA,NA,NA,NA,NA,NA,NA,NA,NA,NA,0,NA,NA,NA,NA,NA,NA,NA,NA,NA,NA,NA,NA,NA,NA,NA,NA,NA,NA,NA,NA,NA,NA,NA,NA,NA,NA,NA,NA,NA,NA,NA,0,NA,NA,NA,NA,1,reversed,NA,0,0,0,0,NA,NA,2023,NA,NA,13,0,Field goal,1008,"12/25/23, 16:35:39",2023-12-25T22:09:02.807Z,Lincoln Financial Field,"Cloudy Temp: 51° F, Humidity: 68%, Wind: NE 5 mph",cbaf6e72-f053-11ed-b4a7-bab79e4492fa,0,0,RUSH,0,NA,2023-12-25T22:09:05.943Z,NA,4,Field goal,2023-12-25T21:57:49.400Z,18,8:11,5,1,1,1,2,-10,KICKOFF,FIELD_GOAL,08:04,14:53,PHI 18,NYG 10,546,1131,25,33,Home,8,58,14,41,1,outdoors,grass,51,5,Nick Sirianni,Brian Daboll,PHI00,Lincoln Financial Field,0,0,NA,NA,D.Swift,0,NA,NA,0,1,0,0,1,NA,00-0036275,NA,D.Swift,0,00-0036275,D.Swift,00-0036275,D.Swift,00-0036275,0,0,-1.3521542120724916,NA,NA,NA,NA,NA,0.5377705097198486,-53.77705097198486
1058,2023_16_NYG_PHI,2023122501,PHI,NYG,REG,16,PHI,home,NYG,NA,NA,2023-12-25,0,900,2700,Half1,1,4,0,1,NA,0,00:00,NYG 5,0,72,END QUARTER 1,NA,NA,0,0,NA,0,0,0,NA,NA,NA,NA,NA,NA,NA,NA,NA,NA,2,3,NA,NA,NA,NA,NA,2,3,7,3,7,3,4,7,3,4,0,0,0,0,0,0,0,0,0,4.4052684546331875,0,9.008399689614258,-9.008399689614258,3.1210447201156057,-3.1210447201156057,5.040541539617523,-5.040541539617523,NA,NA,NA,NA,7.199579317297321,-7.199579317297321,-2.961574097396806,2.961574097396806,4.236014763999265,-4.236014763999265,0.8045267756182584,-0.8045267756182584,0.7764865159988403,0.22351348400115967,0.7764865159988403,0.22351348400115967,0,0,0,0.7764865159988403,0.22351348400115967,0.9455515146255493,0.9455515146255493,0.037943547810719735,-0.037943547810719735,0.13355594873428345,-0.13355594873428345,NA,NA,NA,NA,0.08633708953857422,-0.08633708953857422,0.02024415135383606,-0.02024415135383606,0.08633708953857422,-0.08633708953857422,0.04721885919570923,-0.04721885919570923,NA,NA,NA,NA,NA,NA,NA,NA,NA,0,NA,NA,NA,NA,NA,NA,NA,NA,NA,NA,NA,NA,NA,NA,NA,NA,NA,NA,NA,NA,NA,NA,NA,NA,NA,NA,NA,NA,NA,NA,NA,NA,NA,NA,NA,NA,NA,NA,NA,NA,NA,NA,NA,NA,NA,NA,NA,NA,NA,NA,NA,NA,NA,NA,NA,NA,NA,NA,NA,NA,NA,NA,NA,NA,NA,NA,NA,NA,NA,NA,NA,NA,NA,NA,NA,NA,NA,NA,NA,NA,NA,NA,NA,NA,NA,NA,NA,NA,NA,NA,NA,NA,NA,NA,NA,NA,NA,NA,NA,NA,NA,NA,NA,NA,NA,NA,NA,NA,NA,NA,NA,NA,NA,NA,NA,NA,NA,NA,NA,NA,NA,NA,NA,NA,NA,NA,NA,NA,NA,NA,NA,NA,NA,NA,NA,NA,NA,NA,NA,NA,NA,NA,NA,NA,NA,NA,NA,0,NA,NA,NA,NA,NA,NA,NA,NA,2023,NA,NA,13,0,Field goal,1058,"12/25/23, 16:35:39",NA,Lincoln Financial Field,"Cloudy Temp: 51° F, Humidity: 68%, Wind: NE 5 mph",cbaf6e72-f053-11ed-b4a7-bab79e4492fa,0,0,END_QUARTER,0,NA,NA,NA,4,Field goal,2023-12-25T21:57:49.400Z,18,8:11,5,1,1,1,2,-10,KICKOFF,FIELD_GOAL,08:04,14:53,PHI 18,NYG 10,546,1131,25,33,Home,8,58,14,41,1,outdoors,grass,51,5,Nick Sirianni,Brian Daboll,PHI00,Lincoln Financial Field,0,0,NA,NA,NA,NA,NA,NA,0,0,NA,0,0,NA,NA,NA,NA,NA,NA,NA,NA,NA,NA,0,0,0,NA,NA,NA,NA,NA,NA,NA
1078,2023_16_NYG_PHI,2023122501,PHI,NYG,REG,16,PHI,home,NYG,NYG,5,2023-12-25,900,900,2700,Half1,0,4,0,2,3,1,15:00,NYG 5,5,72,(15:00) (Shotgun) 1-J.Hurts pass incomplete short right to 88-D.Goedert [5-K.Thibodeaux].,pass,0,1,0,1,0,0,0,short,right,5,NA,NA,NA,NA,NA,NA,NA,2,3,0,NA,NA,NA,NA,2,3,7,3,7,3,4,7,3,4,0.011185894720256329,0.017162825912237167,3.706115821842104e-4,0.028199048712849617,0.4849949777126312,0.0013399450108408928,0.4567466676235199,0,0,4.4052684546331875,-1.482452720811125,7.525946968803133,-7.525946968803133,3.1210447201156057,-3.1210447201156057,3.5580888188063984,-3.5580888188063984,2.5947315453668125,-4.077184266177937,0,0,7.199579317297321,-7.199579317297321,-2.961574097396806,2.961574097396806,6.830746309366077,-6.830746309366077,-3.272657490559679,3.272657490559679,0.7764865159988403,0.22351348400115967,0.7764865159988403,0.22351348400115967,-0.029665887355804443,-0.00941455364227295,-0.00941455364227295,0.7468206286430359,0.2531793713569641,0.9455515146255493,0.9455515146255493,0.037943547810719735,-0.037943547810719735,0.103890061378479,-0.103890061378479,0,-0.029665887355804443,0,0,0.08633708953857422,-0.08633708953857422,0.02024415135383606,-0.02024415135383606,0.08633708953857422,-0.08633708953857422,0.017552971839904785,-0.017552971839904785,0,0,0,0,0,1,0,0,1,0,0,0,0,0,0,0,0,0,0,0,0,0,0,0,0,0,0,0,0,0,0,1,0,1,0,0,0,0,0,0,0,0,0,0,0,0,0,0,0,0,0,00-0036389,J.Hurts,NA,00-0034351,D.Goedert,NA,NA,NA,NA,NA,NA,NA,NA,NA,NA,NA,NA,NA,NA,NA,NA,NA,NA,NA,NA,NA,NA,NA,NA,NA,NA,NA,NA,NA,NA,NA,NA,NA,NA,NA,NA,00-0037611,K.Thibodeaux,NA,NA,NA,NA,NA,NA,NA,NA,NA,NA,NA,NA,NA,NA,NA,NA,NA,NA,NA,NA,NA,NA,NA,NA,NA,NA,0,NA,NA,NA,NA,NA,NA,NA,NA,NA,NA,NA,NA,NA,NA,NA,NA,NA,NA,NA,NA,NA,NA,NA,NA,NA,NA,NA,NA,NA,NA,NA,0,NA,NA,NA,NA,0,NA,NA,0,0,0,0,NA,NA,2023,0.3014760911464691,-30.14760911464691,13,0,Field goal,1078,"12/25/23, 16:35:39",2023-12-25T22:15:51.417Z,Lincoln Financial Field,"Cloudy Temp: 51° F, Humidity: 68%, Wind: NE 5 mph",cbaf6e72-f053-11ed-b4a7-bab79e4492fa,0,0,PASS,0,NA,2023-12-25T22:15:54.887Z,NA,4,Field goal,2023-12-25T21:57:49.400Z,18,8:11,5,1,1,1,2,-10,KICKOFF,FIELD_GOAL,08:04,14:53,PHI 18,NYG 10,546,1131,25,33,Home,8,58,14,41,1,outdoors,grass,51,5,Nick Sirianni,Brian Daboll,PHI00,Lincoln Financial Field,0,0,J.Hurts,1,NA,NA,D.Goedert,88,1,0,0,0,1,00-0036389,NA,00-0034351,J.Hurts,1,00-0036389,D.Goedert,00-0034351,D.Goedert,00-0034351,0,0,-1.482452720811125,NA,NA,NA,NA,NA,0.9581643342971802,4.183566570281982
1101,2023_16_NYG_PHI,2023122501,PHI,NYG,REG,16,PHI,home,NYG,NYG,5,2023-12-25,896,896,2696,Half1,0,4,0,2,4,1,14:56,NYG 5,5,72,"(14:56) (Field Goal formation) PENALTY on PHI, Delay of Game, 5 yards, enforced at NYG 5 - No Play.",no_play,0,0,0,0,0,0,0,NA,NA,NA,NA,NA,NA,NA,NA,NA,NA,2,3,0,NA,NA,NA,NA,2,3,7,3,7,3,4,7,3,4,0.008596757426857948,0.014701658859848976,2.7138920268043876e-4,0.02050664648413658,0.8939400911331177,9.389273473061621e-4,0.06104455515742302,0,0,2.9228157338220626,-0.040851672296574826,7.485095296506558,-7.485095296506558,3.1210447201156057,-3.1210447201156057,3.5580888188063984,-3.5580888188063984,NA,NA,0,0,7.199579317297321,-7.199579317297321,-2.961574097396806,2.961574097396806,6.830746309366077,-6.830746309366077,-3.272657490559679,3.272657490559679,0.7468206286430359,0.2531793713569641,0.7468206286430359,0.2531793713569641,0.0020775198936462402,-0.0022166967391967773,-0.0022166967391967773,0.7488981485366821,0.25110185146331787,0.9361369609832764,0.9361369609832764,0.037943547810719735,-0.037943547810719735,0.103890061378479,-0.103890061378479,NA,NA,0,0,0.08633708953857422,-0.08633708953857422,0.02024415135383606,-0.02024415135383606,0.08633708953857422,-0.08633708953857422,0.017552971839904785,-0.017552971839904785,0,0,0,0,0,0,0,0,0,0,0,0,0,0,0,0,0,0,0,0,0,0,0,0,0,0,1,0,0,0,0,0,0,0,0,0,0,0,0,0,0,0,0,0,0,0,0,0,0,0,0,NA,NA,NA,NA,NA,NA,NA,NA,NA,NA,NA,NA,NA,NA,NA,NA,NA,NA,NA,NA,NA,NA,NA,NA,NA,NA,NA,NA,NA,NA,NA,NA,NA,NA,NA,NA,NA,NA,NA,NA,NA,NA,NA,NA,NA,NA,NA,NA,NA,NA,NA,NA,NA,NA,NA,NA,NA,NA,NA,NA,NA,NA,NA,NA,NA,NA,NA,NA,NA,0,NA,NA,NA,NA,NA,NA,NA,NA,NA,NA,NA,NA,NA,NA,NA,NA,NA,NA,NA,NA,NA,NA,NA,NA,NA,NA,NA,NA,NA,NA,NA,0,PHI,NA,NA,5,0,NA,Delay of Game,0,0,0,0,NA,NA,2023,NA,NA,13,0,Field goal,1101,"12/25/23, 16:35:39",2023-12-25T22:16:35Z,Lincoln Financial Field,"Cloudy Temp: 51° F, Humidity: 68%, Wind: NE 5 mph",cbaf6e72-f053-11ed-b4a7-bab79e4492fa,0,0,UNSPECIFIED,0,NA,NA,NA,4,Field goal,2023-12-25T21:57:49.400Z,18,8:11,5,1,1,1,2,-10,KICKOFF,FIELD_GOAL,08:04,14:53,PHI 18,NYG 10,546,1131,25,33,Home,8,58,14,41,1,outdoors,grass,51,5,Nick Sirianni,Brian Daboll,PHI00,Lincoln Financial Field,0,0,NA,NA,NA,NA,NA,NA,0,0,0,0,1,NA,NA,NA,NA,NA,NA,NA,NA,NA,NA,0,0,-0.040851672296574826,NA,NA,NA,NA,NA,0.9434579014778137,NA
1131,2023_16_NYG_PHI,2023122501,PHI,NYG,REG,16,PHI,home,NYG,NYG,10,2023-12-25,896,896,2696,Half1,0,4,1,2,4,1,14:56,NYG 10,10,72,"(14:56) 4-J.Elliott 28 yard field goal is GOOD, Center-45-R.Lovato, Holder-10-B.Mann.",field_goal,0,0,0,0,0,0,0,NA,NA,NA,NA,NA,NA,made,28,NA,NA,2,3,0,NA,NA,NA,NA,2,3,10,3,7,3,4,10,3,7,0.002368430693225936,0.00687967348471058,1.555492553598108e-4,0.010471766653134179,0.9710832333382114,6.451885734925117e-5,0.008976829904706607,0,0,2.881964061525488,0.11803593847451221,7.6031312349810705,-7.6031312349810705,3.1210447201156057,-3.1210447201156057,3.5580888188063984,-3.5580888188063984,NA,NA,0,0,7.199579317297321,-7.199579317297321,-2.961574097396806,2.961574097396806,6.830746309366077,-6.830746309366077,-3.272657490559679,3.272657490559679,0.7488981485366821,0.25110185146331787,0.7488981485366821,0.25110185146331787,0.007298141717910767,-0.0027435123920440674,-0.0027435123920440674,0.7561962902545929,0.2438037097454071,0.9339202642440796,0.9339202642440796,0.037943547810719735,-0.037943547810719735,0.103890061378479,-0.103890061378479,NA,NA,0,0,0.08633708953857422,-0.08633708953857422,0.02024415135383606,-0.02024415135383606,0.08633708953857422,-0.08633708953857422,0.017552971839904785,-0.017552971839904785,0,0,0,0,0,0,0,0,0,0,0,0,0,0,0,0,0,0,0,0,0,0,0,0,0,0,0,0,0,0,0,0,0,0,0,0,0,0,0,0,0,1,0,0,0,0,0,0,0,0,0,NA,NA,NA,NA,NA,NA,NA,NA,NA,NA,NA,NA,NA,NA,NA,NA,NA,NA,NA,NA,NA,NA,NA,NA,NA,NA,NA,NA,NA,NA,NA,J.Elliott,00-0033787,NA,NA,NA,NA,NA,NA,NA,NA,NA,NA,NA,NA,NA,NA,NA,NA,NA,NA,NA,NA,NA,NA,NA,NA,NA,NA,NA,NA,NA,NA,NA,NA,NA,NA,NA,NA,0,NA,NA,NA,NA,NA,NA,NA,NA,NA,NA,NA,NA,NA,NA,NA,NA,NA,NA,NA,NA,NA,NA,NA,NA,NA,NA,NA,NA,NA,NA,NA,0,NA,NA,NA,NA,0,NA,NA,0,0,0,0,NA,NA,2023,NA,NA,13,0,Field goal,1131,"12/25/23, 16:35:39",2023-12-25T22:17:12.897Z,Lincoln Financial Field,"Cloudy Temp: 51° F, Humidity: 68%, Wind: NE 5 mph",cbaf6e72-f053-11ed-b4a7-bab79e4492fa,0,0,FIELD_GOAL,0,NA,2023-12-25T22:17:15.967Z,NA,4,Field goal,2023-12-25T21:57:49.400Z,18,8:11,5,1,1,1,2,-10,KICKOFF,FIELD_GOAL,08:04,14:53,PHI 18,NYG 10,546,1131,25,33,Home,8,58,14,41,1,outdoors,grass,51,5,Nick Sirianni,Brian Daboll,PHI00,Lincoln Financial Field,0,1,NA,NA,NA,NA,NA,NA,0,0,0,1,0,NA,NA,NA,NA,NA,NA,NA,NA,NA,NA,0,0,0.11803593847451221,NA,NA,NA,NA,NA,NA,NA
1151,2023_16_NYG_PHI,2023122501,PHI,NYG,REG,16,NYG,away,PHI,PHI,35,2023-12-25,893,893,2693,Half1,0,5,0,2,NA,0,14:53,PHI 35,0,8,"4-J.Elliott kicks 65 yards from PHI 35 to end zone, Touchback.",kickoff,0,0,0,0,0,0,0,NA,NA,NA,NA,NA,NA,NA,65,NA,NA,2,3,0,NA,NA,NA,NA,3,2,10,3,3,10,-7,3,10,-7,0.05930131673812866,0.14300495386123657,0.003963269758969545,0.22428402304649353,0.21167515218257904,0.0016308538615703583,0.3561404347419739,0,0,1.1243406450375915,-0,7.6031312349810705,-7.6031312349810705,3.1210447201156057,-3.1210447201156057,3.5580888188063984,-3.5580888188063984,NA,NA,0,0,7.199579317297321,-7.199579317297321,-2.961574097396806,2.961574097396806,6.830746309366077,-6.830746309366077,-3.272657490559679,3.272657490559679,0.2438037097454071,0.7561962902545929,0.7561962902545929,0.2438037097454071,-0,-0,0,0.7561962902545929,0.2438037097454071,0.06882324814796448,0.9311767518520355,0.037943547810719735,-0.037943547810719735,0.103890061378479,-0.103890061378479,NA,NA,0,0,0.08633708953857422,-0.08633708953857422,0.02024415135383606,-0.02024415135383606,0.08633708953857422,-0.08633708953857422,0.017552971839904785,-0.017552971839904785,0,0,0,0,0,0,0,0,0,1,0,0,0,0,0,0,0,0,0,0,0,0,0,0,0,0,0,0,0,0,0,0,0,0,0,0,0,0,0,0,0,0,1,0,0,0,0,0,0,0,0,NA,NA,NA,NA,NA,NA,NA,NA,NA,NA,NA,NA,NA,NA,NA,NA,NA,NA,NA,NA,NA,NA,NA,NA,NA,NA,NA,NA,NA,NA,NA,J.Elliott,00-0033787,NA,NA,NA,NA,NA,NA,NA,NA,NA,NA,NA,NA,NA,NA,NA,NA,NA,NA,NA,NA,NA,NA,NA,NA,NA,NA,NA,NA,NA,NA,NA,NA,NA,NA,NA,NA,0,NA,NA,NA,NA,NA,NA,NA,NA,NA,NA,NA,NA,NA,NA,NA,NA,NA,NA,NA,NA,NA,NA,NA,NA,NA,NA,NA,NA,NA,NA,NYG,0,NA,NA,NA,NA,0,NA,NA,0,0,0,0,NA,NA,2023,NA,NA,14,0,Punt,1151,"12/25/23, 16:35:39",2023-12-25T22:18:37.480Z,Lincoln Financial Field,"Cloudy Temp: 51° F, Humidity: 68%, Wind: NE 5 mph",cbaf6e72-f053-11ed-b4a7-bab79e4492fa,0,0,KICK_OFF,1,NA,2023-12-25T22:18:41.710Z,NA,5,Punt,2023-12-25T22:18:37.480Z,3,2:01,0,0,0,2,2,0,KICKOFF,PUNT,14:53,12:52,NYG 25,NYG 33,1151,1239,25,33,Home,8,58,14,41,1,outdoors,grass,51,5,Nick Sirianni,Brian Daboll,PHI00,Lincoln Financial Field,0,0,NA,NA,NA,NA,NA,NA,0,0,0,1,0,NA,NA,NA,NA,NA,NA,NA,NA,NA,NA,0,0,-0,NA,NA,NA,NA,NA,NA,NA
1167,2023_16_NYG_PHI,2023122501,PHI,NYG,REG,16,NYG,away,PHI,NYG,75,2023-12-25,893,893,2693,Half1,0,5,0,2,1,0,14:53,NYG 25,10,8,(14:53) (Shotgun) 15-T.DeVito pass short left to 17-W.Robinson to NYG 26 for 1 yard (3-N.Smith).,pass,1,1,0,1,0,0,0,short,left,-2,3,NA,NA,NA,NA,NA,NA,2,3,0,NA,NA,NA,NA,3,2,10,3,3,10,-7,3,10,-7,0.05930131673812866,0.14300495386123657,0.003963269758969545,0.22428402304649353,0.21167515218257904,0.0016308538615703583,0.3561404347419739,0,0,1.1243406450375915,-0.5506406596396118,8.153771894620682,-8.153771894620682,3.1210447201156057,-3.1210447201156057,4.10872947844601,-4.10872947844601,-1.1019375037867576,0.5512968441471457,-1.1019375037867576,0.5512968441471457,8.301516821084078,-8.301516821084078,-3.5128709415439516,3.5128709415439516,7.932683813152835,-7.932683813152835,-3.8239543347068246,3.8239543347068246,0.2438037097454071,0.7561962902545929,0.7561962902545929,0.2438037097454071,-0.014111563563346863,0.002004660665988922,-0.002004660665988922,0.7703078538179398,0.22969214618206024,0.06882324814796448,0.9311767518520355,0.037943547810719735,-0.037943547810719735,0.11800162494182587,-0.11800162494182587,0,-0.014111563563346863,0,-0.014111563563346863,0.08633708953857422,-0.08633708953857422,0.03435571491718292,-0.03435571491718292,0.08633708953857422,-0.08633708953857422,0.03166453540325165,-0.03166453540325165,0,0,0,0,0,0,0,0,0,0,0,0,0,0,0,0,0,0,0,0,0,0,0,0,1,0,0,0,0,0,0,0,0,1,0,0,0,0,0,0,0,0,0,0,0,1,0,0,0,0,0,00-0038476,T.DeVito,1,00-0038117,W.Robinson,1,NA,NA,NA,NA,NA,NA,NA,NA,NA,NA,NA,NA,NA,NA,NA,NA,NA,NA,NA,NA,NA,NA,NA,NA,NA,NA,NA,NA,NA,NA,NA,NA,NA,NA,NA,NA,NA,NA,NA,NA,NA,NA,NA,NA,NA,PHI,NA,00-0039013,NA,N.Smith,NA,NA,NA,NA,NA,NA,NA,NA,NA,NA,NA,NA,NA,0,NA,NA,NA,NA,NA,NA,NA,NA,NA,NA,NA,NA,NA,NA,NA,NA,NA,NA,NA,NA,NA,NA,NA,NA,NA,NA,NA,NA,NA,NA,NA,0,NA,NA,NA,NA,0,NA,NA,0,0,0,0,NA,NA,2023,0.8744837641716003,12.551623582839966,14,0,Punt,1167,"12/25/23, 16:35:39",2023-12-25T22:19:19.090Z,Lincoln Financial Field,"Cloudy Temp: 51° F, Humidity: 68%, Wind: NE 5 mph",cbaf6e72-f053-11ed-b4a7-bab79e4492fa,0,0,PASS,0,NA,2023-12-25T22:19:23.173Z,NA,5,Punt,2023-12-25T22:18:37.480Z,3,2:01,0,0,0,2,2,0,KICKOFF,PUNT,14:53,12:52,NYG 25,NYG 33,1151,1239,25,33,Home,8,58,14,41,1,outdoors,grass,51,5,Nick Sirianni,Brian Daboll,PHI00,Lincoln Financial Field,0,0,T.DeVito,15,NA,NA,W.Robinson,17,1,0,0,0,1,00-0038476,NA,00-0038117,T.DeVito,15,00-0038476,W.Robinson,00-0038117,W.Robinson,00-0038117,0,0,-0.5506406596396118,1.2348368756086343,8.752398588963842,7,0.5632692131039221,0.22735843088594265,0.4391411542892456,56.08588457107544
1192,2023_16_NYG_PHI,2023122501,PHI,NYG,REG,16,NYG,away,PHI,NYG,74,2023-12-25,856,856,2656,Half1,0,5,0,2,2,0,14:16,NYG 26,9,8,(14:16) (Shotgun) 26-S.Barkley right guard to NYG 30 for 4 yards (90-J.Davis).,run,4,1,0,0,0,0,0,NA,NA,NA,NA,right,guard,NA,NA,NA,NA,2,3,0,NA,NA,NA,NA,3,2,10,3,3,10,-7,3,10,-7,0.06582053005695343,0.15752622485160828,0.004455117508769035,0.2533150017261505,0.19889695942401886,0.0016400146996602416,0.31834614276885986,0,0,0.5736999853979796,-0.19490635255351663,8.348678247174199,-8.348678247174199,3.3159510726691224,-3.3159510726691224,4.10872947844601,-4.10872947844601,NA,NA,0,0,8.301516821084078,-8.301516821084078,-3.5128709415439516,3.5128709415439516,7.932683813152835,-7.932683813152835,-3.8239543347068246,3.8239543347068246,0.22969214618206024,0.7703078538179398,0.7703078538179398,0.22969214618206024,0.0025976449251174927,0.005693472921848297,-0.005693472921848297,0.7677102088928223,0.23228979110717773,0.0708279088139534,0.9291720911860466,0.03534590288560224,-0.03534590288560224,0.11800162494182587,-0.11800162494182587,NA,NA,0,0,0.08633708953857422,-0.08633708953857422,0.03435571491718292,-0.03435571491718292,0.08633708953857422,-0.08633708953857422,0.03166453540325165,-0.03166453540325165,0,0,0,0,0,0,0,0,0,0,0,0,0,0,0,0,0,0,0,0,0,0,0,0,1,0,0,0,0,0,0,0,1,0,0,0,0,0,0,0,0,0,0,0,0,0,0,0,0,0,0,NA,NA,NA,NA,NA,NA,00-0034844,S.Barkley,4,NA,NA,NA,NA,NA,NA,NA,NA,NA,NA,NA,NA,NA,NA,NA,NA,NA,NA,NA,NA,NA,NA,NA,NA,NA,NA,NA,NA,NA,NA,NA,NA,NA,NA,NA,NA,NA,NA,NA,NA,NA,NA,PHI,NA,00-0037073,NA,J.Davis,NA,NA,NA,NA,NA,NA,NA,NA,NA,NA,NA,NA,NA,0,NA,NA,NA,NA,NA,NA,NA,NA,NA,NA,NA,NA,NA,NA,NA,NA,NA,NA,NA,NA,NA,NA,NA,NA,NA,NA,NA,NA,NA,NA,NA,0,NA,NA,NA,NA,0,NA,NA,0,0,0,0,NA,NA,2023,NA,NA,14,0,Punt,1192,"12/25/23, 16:35:39",2023-12-25T22:19:55.927Z,Lincoln Financial Field,"Cloudy Temp: 51° F, Humidity: 68%, Wind: NE 5 mph",cbaf6e72-f053-11ed-b4a7-bab79e4492fa,0,0,RUSH,0,NA,2023-12-25T22:19:59.670Z,NA,5,Punt,2023-12-25T22:18:37.480Z,3,2:01,0,0,0,2,2,0,KICKOFF,PUNT,14:53,12:52,NYG 25,NYG 33,1151,1239,25,33,Home,8,58,14,41,1,outdoors,grass,51,5,Nick Sirianni,Brian Daboll,PHI00,Lincoln Financial Field,0,0,NA,NA,S.Barkley,26,NA,NA,0,1,0,0,1,NA,00-0034844,NA,S.Barkley,26,00-0034844,S.Barkley,00-0034844,S.Barkley,00-0034844,0,0,-0.19490635255351663,NA,NA,NA,NA,NA,0.7416859865188599,-74.16859865188599
1214,2023_16_NYG_PHI,2023122501,PHI,NYG,REG,16,NYG,away,PHI,NYG,70,2023-12-25,819,819,2619,Half1,0,5,0,2,3,0,13:39,NYG 30,5,8,(13:39) (Shotgun) 15-T.DeVito pass short right to 31-M.Breida to NYG 33 for 3 yards (31-K.Byard).,pass,3,1,0,1,0,0,0,short,right,-5,8,NA,NA,NA,NA,NA,NA,2,3,0,NA,NA,NA,NA,3,2,10,3,3,10,-7,3,10,-7,0.07215211540460587,0.17083436250686646,0.004076646640896797,0.2588679790496826,0.1847030520439148,0.00162888050545007,0.30773699283599854,0,0,0.378793632844463,-0.9234055567067116,9.27208380388091,-9.27208380388091,3.3159510726691224,-3.3159510726691224,5.032135035152722,-5.032135035152722,-1.8303178530186415,0.9069122963119298,-1.8303178530186415,0.9069122963119298,10.13183467410272,-10.13183467410272,-4.4197832378558815,4.4197832378558815,9.763001666171476,-9.763001666171476,-4.730866631018754,4.730866631018754,0.23228979110717773,0.7677102088928223,0.7677102088928223,0.23228979110717773,-0.01907782256603241,-0.0022513866424560547,0.0022513866424560547,0.7867880314588547,0.21321196854114532,0.0765213817358017,0.9234786182641983,0.03534590288560224,-0.03534590288560224,0.13707944750785828,-0.13707944750785828,0,-0.01907782256603241,0,-0.01907782256603241,0.08633708953857422,-0.08633708953857422,0.05343353748321533,-0.05343353748321533,0.08633708953857422,-0.08633708953857422,0.05074235796928406,-0.05074235796928406,0,0,0,0,0,1,0,0,0,0,0,0,0,0,0,0,0,0,0,0,0,0,0,0,1,0,0,0,0,0,0,0,0,1,0,0,0,0,0,0,0,0,0,0,0,1,0,0,0,0,0,00-0038476,T.DeVito,3,00-0033308,M.Breida,3,NA,NA,NA,NA,NA,NA,NA,NA,NA,NA,NA,NA,NA,NA,NA,NA,NA,NA,NA,NA,NA,NA,NA,NA,NA,NA,NA,NA,NA,NA,NA,NA,NA,NA,NA,NA,NA,NA,NA,NA,NA,NA,NA,NA,NA,PHI,NA,00-0033132,NA,K.Byard,NA,NA,NA,NA,NA,NA,NA,NA,NA,NA,NA,NA,NA,0,NA,NA,NA,NA,NA,NA,NA,NA,NA,NA,NA,NA,NA,NA,NA,NA,NA,NA,NA,NA,NA,NA,NA,NA,NA,NA,NA,NA,NA,NA,NA,0,NA,NA,NA,NA,0,NA,NA,0,0,0,0,NA,NA,2023,0.8452302813529968,15.476971864700317,14,0,Punt,1214,"12/25/23, 16:35:39",2023-12-25T22:20:32.597Z,Lincoln Financial Field,"Cloudy Temp: 51° F, Humidity: 68%, Wind: NE 5 mph",cbaf6e72-f053-11ed-b4a7-bab79e4492fa,0,0,PASS,0,NA,2023-12-25T22:20:39.813Z,NA,5,Punt,2023-12-25T22:18:37.480Z,3,2:01,0,0,0,2,2,0,KICKOFF,PUNT,14:53,12:52,NYG 25,NYG 33,1151,1239,25,33,Home,8,58,14,41,1,outdoors,grass,51,5,Nick Sirianni,Brian Daboll,PHI00,Lincoln Financial Field,0,0,T.DeVito,15,NA,NA,M.Breida,31,1,0,0,0,1,00-0038476,NA,00-0033308,T.DeVito,15,00-0038476,M.Breida,00-0033308,M.Breida,00-0033308,0,0,-0.9234055567067116,1.9808502266792605,10.707421842977055,9,0.45330855666543357,0.45330855666543357,0.9664521217346191,3.354787826538086
1239,2023_16_NYG_PHI,2023122501,PHI,NYG,REG,16,NYG,away,PHI,NYG,67,2023-12-25,782,782,2582,Half1,0,5,0,2,4,0,13:02,NYG 33,2,8,"(13:02) 6-J.Gillan punts 31 yards to PHI 36, Center-59-C.Kreiter. 18-B.Covey pushed ob at PHI 48 for 12 yards (94-T.Fox).",punt,0,0,0,0,0,0,0,NA,NA,NA,NA,NA,NA,NA,31,NA,NA,2,3,0,NA,NA,NA,NA,3,2,10,3,3,10,-7,3,10,-7,0.08254693448543549,0.2052653580904007,0.005610712803900242,0.30527183413505554,0.14505818486213684,0.0019189908634871244,0.2543279826641083,0,0,-0.5446119238622487,-1.9033796628937125,11.175463466774623,-11.175463466774623,3.3159510726691224,-3.3159510726691224,5.032135035152722,-5.032135035152722,NA,NA,0,0,10.13183467410272,-10.13183467410272,-4.4197832378558815,4.4197832378558815,9.763001666171476,-9.763001666171476,-4.730866631018754,4.730866631018754,0.21321196854114532,0.7867880314588547,0.7867880314588547,0.21321196854114532,-0.036940887570381165,-0.031011030077934265,0.031011030077934265,0.8237289190292358,0.17627108097076416,0.07426999509334564,0.9257300049066544,0.03534590288560224,-0.03534590288560224,0.13707944750785828,-0.13707944750785828,NA,NA,0,0,0.08633708953857422,-0.08633708953857422,0.05343353748321533,-0.05343353748321533,0.08633708953857422,-0.08633708953857422,0.05074235796928406,-0.05074235796928406,0,0,0,0,0,0,0,0,0,0,0,0,0,0,0,0,0,0,0,0,0,0,0,0,1,0,0,0,0,0,0,0,0,0,0,0,0,0,0,0,0,0,0,1,0,0,0,0,0,0,0,NA,NA,NA,NA,NA,NA,NA,NA,NA,NA,NA,NA,NA,NA,NA,NA,NA,NA,NA,NA,NA,00-0037132,B.Covey,NA,NA,NA,NA,NA,NA,00-0035042,J.Gillan,NA,NA,NA,NA,NA,NA,NA,NA,NA,NA,NA,NA,NA,NA,NA,NA,NA,NA,NA,NA,NYG,NA,00-0037447,NA,T.Fox,NA,NA,NA,NA,NA,NA,NA,NA,NA,NA,NA,NA,NA,0,NA,NA,NA,NA,NA,NA,NA,NA,NA,NA,NA,NA,NA,NA,NA,NA,NA,NA,NA,NA,NA,NA,NA,NA,NA,NA,NA,NA,NA,NA,PHI,12,NA,NA,NA,NA,0,NA,NA,0,0,0,0,NA,NA,2023,NA,NA,14,0,Punt,1239,"12/25/23, 16:35:39",2023-12-25T22:21:09.800Z,Lincoln Financial Field,"Cloudy Temp: 51° F, Humidity: 68%, Wind: NE 5 mph",cbaf6e72-f053-11ed-b4a7-bab79e4492fa,0,0,PUNT,1,NA,2023-12-25T22:21:19.333Z,NA,5,Punt,2023-12-25T22:18:37.480Z,3,2:01,0,0,0,2,2,0,KICKOFF,PUNT,14:53,12:52,NYG 25,NYG 33,1151,1239,25,33,Home,8,58,14,41,1,outdoors,grass,51,5,Nick Sirianni,Brian Daboll,PHI00,Lincoln Financial Field,0,0,NA,NA,NA,NA,NA,NA,0,0,0,1,0,NA,NA,NA,NA,NA,NA,NA,NA,NA,NA,1,0,-1.9033796628937125,NA,NA,NA,NA,NA,NA,NA
1270,2023_16_NYG_PHI,2023122501,PHI,NYG,REG,16,PHI,home,NYG,PHI,52,2023-12-25,772,772,2572,Half1,0,6,0,2,1,0,12:52,PHI 48,10,52,(12:52) (Shotgun) 1-J.Hurts right tackle to NYG 36 for 16 yards (58-B.Okereke).,run,16,1,0,0,0,0,0,NA,NA,NA,NA,right,tackle,NA,NA,NA,NA,2,3,0,NA,NA,NA,NA,2,3,10,3,10,3,7,10,3,7,0.06896895915269852,0.08557410538196564,0.001013218192383647,0.14686976373195648,0.27855706214904785,0.006792160216718912,0.41222473978996277,0,0,2.447991586755961,1.002167391590774,12.177630858365397,-12.177630858365397,4.318118464259896,-4.318118464259896,5.032135035152722,-5.032135035152722,NA,NA,0,0,10.13183467410272,-10.13183467410272,-4.4197832378558815,4.4197832378558815,9.763001666171476,-9.763001666171476,-4.730866631018754,4.730866631018754,0.8237289190292358,0.17627108097076416,0.8237289190292358,0.17627108097076416,0.016659021377563477,0.0057443976402282715,0.0057443976402282715,0.8403879404067993,0.15961205959320068,0.9567410349845886,0.9567410349845886,0.05200492426316572,-0.05200492426316572,0.13707944750785828,-0.13707944750785828,NA,NA,0,0,0.08633708953857422,-0.08633708953857422,0.05343353748321533,-0.05343353748321533,0.08633708953857422,-0.08633708953857422,0.05074235796928406,-0.05074235796928406,0,1,0,0,0,0,0,0,0,0,0,0,0,0,0,0,0,0,0,0,0,0,0,0,1,0,0,0,0,0,0,0,1,0,0,0,0,0,0,0,0,0,0,0,0,0,0,0,0,0,0,NA,NA,NA,NA,NA,NA,00-0036389,J.Hurts,16,NA,NA,NA,NA,NA,NA,NA,NA,NA,NA,NA,NA,NA,NA,NA,NA,NA,NA,NA,NA,NA,NA,NA,NA,NA,NA,NA,NA,NA,NA,NA,NA,NA,NA,NA,NA,NA,NA,NA,NA,NA,NA,NYG,NA,00-0035687,NA,B.Okereke,NA,NA,NA,NA,NA,NA,NA,NA,NA,NA,NA,NA,NA,0,NA,NA,NA,NA,NA,NA,NA,NA,NA,NA,NA,NA,NA,NA,NA,NA,NA,NA,NA,NA,NA,NA,NA,NA,NA,NA,NA,NA,NA,NA,NA,0,NA,NA,NA,NA,0,NA,NA,0,0,0,0,NA,NA,2023,NA,NA,15,1,First down,1270,"12/25/23, 16:35:39",2023-12-25T22:24:22.293Z,Lincoln Financial Field,"Cloudy Temp: 51° F, Humidity: 68%, Wind: NE 5 mph",cbaf6e72-f053-11ed-b4a7-bab79e4492fa,0,0,RUSH,0,NA,2023-12-25T22:24:28.507Z,NA,6,Touchdown,2023-12-25T22:24:22.293Z,3,1:08,2,0,1,2,2,0,PUNT,TOUCHDOWN,12:52,11:44,PHI 48,NYG 36,1270,1348,25,33,Home,8,58,14,41,1,outdoors,grass,51,5,Nick Sirianni,Brian Daboll,PHI00,Lincoln Financial Field,0,1,NA,NA,J.Hurts,1,NA,NA,0,1,1,0,1,NA,00-0036389,NA,J.Hurts,1,00-0036389,J.Hurts,00-0036389,J.Hurts,00-0036389,0,0,1.002167391590774,NA,NA,NA,NA,NA,0.5234803557395935,-52.34803557395935
1299,2023_16_NYG_PHI,2023122501,PHI,NYG,REG,16,PHI,home,NYG,NYG,36,2023-12-25,715,715,2515,Half1,0,6,0,2,1,0,11:55,NYG 36,10,52,"(11:55) (No Huddle, Shotgun) 1-J.Hurts pass incomplete short right to 6-D.Smith.",pass,0,1,1,1,0,0,0,short,right,6,NA,NA,NA,NA,NA,NA,NA,2,3,0,NA,NA,NA,NA,2,3,10,3,10,3,7,10,3,7,0.03887034207582474,0.05301019176840782,7.555871270596981e-4,0.09383663535118103,0.3526823818683624,0.003280819160863757,0.4575640559196472,0,0,3.4501589783467352,-0.4992498030187562,11.678381055346641,-11.678381055346641,4.318118464259896,-4.318118464259896,4.532885232133966,-4.532885232133966,0.20198620617156848,-0.7012360091903247,0,0,10.13183467410272,-10.13183467410272,-4.4197832378558815,4.4197832378558815,9.964987872343045,-9.964987872343045,-5.432102640209079,5.432102640209079,0.8403879404067993,0.15961205959320068,0.8403879404067993,0.15961205959320068,-0.007044434547424316,-0.002429366111755371,-0.002429366111755371,0.833343505859375,0.166656494140625,0.9624854326248169,0.9624854326248169,0.05200492426316572,-0.05200492426316572,0.13003501296043396,-0.13003501296043396,0,-0.007044434547424316,0,0,0.08633708953857422,-0.08633708953857422,0.05343353748321533,-0.05343353748321533,0.08633708953857422,-0.08633708953857422,0.04369792342185974,-0.04369792342185974,0,0,0,0,0,0,0,0,1,0,0,0,0,0,0,0,0,0,0,0,0,0,0,0,0,0,0,0,0,0,0,0,0,1,0,0,0,0,0,0,0,0,0,0,0,0,0,0,0,0,0,00-0036389,J.Hurts,NA,00-0036912,D.Smith,NA,NA,NA,NA,NA,NA,NA,NA,NA,NA,NA,NA,NA,NA,NA,NA,NA,NA,NA,NA,NA,NA,NA,NA,NA,NA,NA,NA,NA,NA,NA,NA,NA,NA,NA,NA,NA,NA,NA,NA,NA,NA,NA,NA,NA,NA,NA,NA,NA,NA,NA,NA,NA,NA,NA,NA,NA,NA,NA,NA,NA,NA,NA,NA,0,NA,NA,NA,NA,NA,NA,NA,NA,NA,NA,NA,NA,NA,NA,NA,NA,NA,NA,NA,NA,NA,NA,NA,NA,NA,NA,NA,NA,NA,NA,NA,0,NA,NA,NA,NA,0,NA,NA,0,0,0,0,NA,NA,2023,0.7552317380905151,-75.52317380905151,16,1,Touchdown,1299,"12/25/23, 16:35:39",2023-12-25T22:25:19.017Z,Lincoln Financial Field,"Cloudy Temp: 51° F, Humidity: 68%, Wind: NE 5 mph",cbaf6e72-f053-11ed-b4a7-bab79e4492fa,0,0,PASS,0,NA,2023-12-25T22:25:22.890Z,NA,6,Touchdown,2023-12-25T22:24:22.293Z,3,1:08,2,0,1,2,2,0,PUNT,TOUCHDOWN,12:52,11:44,PHI 48,NYG 36,1270,1348,25,33,Home,8,58,14,41,1,outdoors,grass,51,5,Nick Sirianni,Brian Daboll,PHI00,Lincoln Financial Field,0,0,J.Hurts,1,NA,NA,D.Smith,6,1,0,0,0,1,00-0036389,NA,00-0036912,J.Hurts,1,00-0036389,D.Smith,00-0036912,D.Smith,00-0036912,0,0,-0.4992498030187562,0.40497513989385625,3.6761444746516645,2,0.9952455204038415,0.3275146013183985,0.5056458711624146,49.435412883758545
1322,2023_16_NYG_PHI,2023122501,PHI,NYG,REG,16,PHI,home,NYG,NYG,36,2023-12-25,712,712,2512,Half1,0,6,1,2,2,0,11:52,NYG 36,10,52,"(11:52) (Shotgun) 1-J.Hurts pass short middle to 6-D.Smith for 36 yards, TOUCHDOWN.",pass,36,1,0,1,0,0,0,short,middle,12,24,NA,NA,NA,NA,NA,NA,2,3,0,NA,PHI,D.Smith,00-0036912,2,3,16,3,10,3,7,16,3,13,0.042773064225912094,0.06436964124441147,7.906295941211283e-4,0.11577583849430084,0.3649758994579315,0.003620449686422944,0.4076945185661316,0,0,2.950909175327979,4.049090824672021,15.727471880018662,-15.727471880018662,4.318118464259896,-4.318118464259896,8.581976056805987,-8.581976056805987,1.4123176449211314,2.6367731797508895,1.4123176449211314,2.6367731797508895,11.544152319023851,-11.544152319023851,-1.783010058104992,1.783010058104992,11.377305517264176,-11.377305517264176,-2.7953294604581895,2.7953294604581895,0.833343505859375,0.166656494140625,0.833343505859375,0.166656494140625,0.04227768590024916,0.013885643421757354,0.013885643421757354,0.8756211917596242,0.12437880824037584,0.9600560665130615,0.9600560665130615,0.05200492426316572,-0.05200492426316572,0.17231269886068312,-0.17231269886068312,0,0.04227768590024916,0,0.04227768590024916,0.08633708953857422,-0.08633708953857422,0.0957112233834645,-0.0957112233834645,0.08633708953857422,-0.08633708953857422,0.0859756093221089,-0.0859756093221089,0,0,1,0,0,0,0,0,0,0,0,0,0,0,0,0,0,0,0,0,0,0,0,0,0,0,0,0,0,0,0,0,0,1,0,1,1,0,0,0,0,0,0,0,0,1,0,0,0,0,0,00-0036389,J.Hurts,36,00-0036912,D.Smith,36,NA,NA,NA,NA,NA,NA,NA,NA,NA,NA,NA,NA,NA,NA,NA,NA,NA,NA,NA,NA,NA,NA,NA,NA,NA,NA,NA,NA,NA,NA,NA,NA,NA,NA,NA,NA,NA,NA,NA,NA,NA,NA,NA,NA,NA,NA,NA,NA,NA,NA,NA,NA,NA,NA,NA,NA,NA,NA,NA,NA,NA,NA,NA,0,NA,NA,NA,NA,NA,NA,NA,NA,NA,NA,NA,NA,NA,NA,NA,NA,NA,NA,NA,NA,NA,NA,NA,NA,NA,NA,NA,NA,NA,NA,NA,0,NA,NA,NA,NA,0,NA,NA,0,0,0,0,NA,NA,2023,0.7099371552467346,29.006284475326538,16,1,Touchdown,1322,"12/25/23, 16:35:39",2023-12-25T22:25:58.587Z,Lincoln Financial Field,"Cloudy Temp: 51° F, Humidity: 68%, Wind: NE 5 mph",cbaf6e72-f053-11ed-b4a7-bab79e4492fa,0,0,PASS,0,NA,2023-12-25T22:26:05.597Z,NA,6,Touchdown,2023-12-25T22:24:22.293Z,3,1:08,2,0,1,2,2,0,PUNT,TOUCHDOWN,12:52,11:44,PHI 48,NYG 36,1270,1348,25,33,Home,8,58,14,41,1,outdoors,grass,51,5,Nick Sirianni,Brian Daboll,PHI00,Lincoln Financial Field,0,1,J.Hurts,1,NA,NA,D.Smith,6,1,0,1,0,1,00-0036389,NA,00-0036912,J.Hurts,1,00-0036389,D.Smith,00-0036912,D.Smith,00-0036912,0,0,4.049090824672021,0.2404908319592911,3.918576864816714,2,1,0.9975594817369711,0.6452348828315735,35.47651171684265
1348,2023_16_NYG_PHI,2023122501,PHI,NYG,REG,16,PHI,home,NYG,NYG,15,2023-12-25,704,704,2504,Half1,0,6,1,2,NA,0,11:44,NYG 15,0,52,"4-J.Elliott extra point is GOOD, Center-45-R.Lovato, Holder-10-B.Mann.",extra_point,0,0,0,0,0,0,0,NA,NA,NA,NA,NA,NA,NA,33,good,NA,2,3,0,NA,NA,NA,NA,2,3,17,3,16,3,13,17,3,14,0,0,0,0,0,0,0,0.9324269968923669,0,0.9324269968923669,0.067573003107633145,15.795044883126295,-15.795044883126295,4.318118464259896,-4.318118464259896,8.581976056805987,-8.581976056805987,NA,NA,0,0,11.544152319023851,-11.544152319023851,-1.783010058104992,1.783010058104992,11.377305517264176,-11.377305517264176,-2.7953294604581895,2.7953294604581895,0.8756211917596242,0.12437880824037584,0.8756211917596242,0.12437880824037584,1.4012346693070832e-4,3.0555753494487803e-4,3.0555753494487803e-4,0.8757613152265549,0.12423868477344513,0.9739417099348189,0.9739417099348189,0.05200492426316572,-0.05200492426316572,0.17231269886068312,-0.17231269886068312,NA,NA,0,0,0.08633708953857422,-0.08633708953857422,0.0957112233834645,-0.0957112233834645,0.08633708953857422,-0.08633708953857422,0.0859756093221089,-0.0859756093221089,0,0,0,0,0,0,0,0,0,0,0,0,0,0,0,0,0,0,0,0,0,0,0,0,0,0,0,0,0,0,0,0,0,0,0,0,0,0,0,1,0,0,0,0,0,0,0,0,0,0,0,NA,NA,NA,NA,NA,NA,NA,NA,NA,NA,NA,NA,NA,NA,NA,NA,NA,NA,NA,NA,NA,NA,NA,NA,NA,NA,NA,NA,NA,NA,NA,J.Elliott,00-0033787,NA,NA,NA,NA,NA,NA,NA,NA,NA,NA,NA,NA,NA,NA,NA,NA,NA,NA,NA,NA,NA,NA,NA,NA,NA,NA,NA,NA,NA,NA,NA,NA,NA,NA,NA,NA,0,NA,NA,NA,NA,NA,NA,NA,NA,NA,NA,NA,NA,NA,NA,NA,NA,NA,NA,NA,NA,NA,NA,NA,NA,NA,NA,NA,NA,NA,NA,NA,0,NA,NA,NA,NA,0,NA,NA,0,0,0,0,NA,NA,2023,NA,NA,16,1,Touchdown,1348,"12/25/23, 16:35:39",2023-12-25T22:26:41Z,Lincoln Financial Field,"Cloudy Temp: 51° F, Humidity: 68%, Wind: NE 5 mph",cbaf6e72-f053-11ed-b4a7-bab79e4492fa,0,0,XP_KICK,1,NA,NA,NA,6,Touchdown,2023-12-25T22:24:22.293Z,3,1:08,2,0,1,2,2,0,PUNT,TOUCHDOWN,12:52,11:44,PHI 48,NYG 36,1270,1348,25,33,Home,8,58,14,41,1,outdoors,grass,51,5,Nick Sirianni,Brian Daboll,PHI00,Lincoln Financial Field,0,1,NA,NA,NA,NA,NA,NA,0,0,0,1,0,NA,NA,NA,NA,NA,NA,NA,NA,NA,NA,0,0,0.067573003107633145,NA,NA,NA,NA,NA,NA,NA
1363,2023_16_NYG_PHI,2023122501,PHI,NYG,REG,16,NYG,away,PHI,PHI,35,2023-12-25,704,704,2504,Half1,0,7,0,2,NA,0,11:44,PHI 35,0,12,"4-J.Elliott kicks 65 yards from PHI 35 to end zone, Touchback.",kickoff,0,0,0,0,0,0,0,NA,NA,NA,NA,NA,NA,NA,65,NA,NA,2,3,0,NA,NA,NA,NA,3,2,17,3,3,17,-14,3,17,-14,0.11074803024530411,0.12896962463855743,0.0031762775033712387,0.20552873611450195,0.20531603693962097,0.0015834609512239695,0.34467777609825134,0,0,1.1998968836851418,-0,15.795044883126295,-15.795044883126295,4.318118464259896,-4.318118464259896,8.581976056805987,-8.581976056805987,NA,NA,0,0,11.544152319023851,-11.544152319023851,-1.783010058104992,1.783010058104992,11.377305517264176,-11.377305517264176,-2.7953294604581895,2.7953294604581895,0.12423868477344513,0.8757613152265549,0.8757613152265549,0.12423868477344513,-0,-0,0,0.8757613152265549,0.12423868477344513,0.025752732530236244,0.9742472674697638,0.05200492426316572,-0.05200492426316572,0.17231269886068312,-0.17231269886068312,NA,NA,0,0,0.08633708953857422,-0.08633708953857422,0.0957112233834645,-0.0957112233834645,0.08633708953857422,-0.08633708953857422,0.0859756093221089,-0.0859756093221089,0,0,0,0,0,0,0,0,0,1,0,0,0,0,0,0,0,0,0,0,0,0,0,0,0,0,0,0,0,0,0,0,0,0,0,0,0,0,0,0,0,0,1,0,0,0,0,0,0,0,0,NA,NA,NA,NA,NA,NA,NA,NA,NA,NA,NA,NA,NA,NA,NA,NA,NA,NA,NA,NA,NA,NA,NA,NA,NA,NA,NA,NA,NA,NA,NA,J.Elliott,00-0033787,NA,NA,NA,NA,NA,NA,NA,NA,NA,NA,NA,NA,NA,NA,NA,NA,NA,NA,NA,NA,NA,NA,NA,NA,NA,NA,NA,NA,NA,NA,NA,NA,NA,NA,NA,NA,0,NA,NA,NA,NA,NA,NA,NA,NA,NA,NA,NA,NA,NA,NA,NA,NA,NA,NA,NA,NA,NA,NA,NA,NA,NA,NA,NA,NA,NA,NA,NYG,0,NA,NA,NA,NA,0,NA,NA,0,0,0,0,NA,NA,2023,NA,NA,17,1,First down,1363,"12/25/23, 16:35:39",2023-12-25T22:29:42.480Z,Lincoln Financial Field,"Cloudy Temp: 51° F, Humidity: 68%, Wind: NE 5 mph",cbaf6e72-f053-11ed-b4a7-bab79e4492fa,0,0,KICK_OFF,1,NA,2023-12-25T22:29:46.550Z,NA,7,Punt,2023-12-25T22:29:42.480Z,4,1:41,1,0,0,2,2,0,KICKOFF,PUNT,11:44,10:03,NYG 25,NYG 37,1363,1484,25,33,Home,8,58,14,41,1,outdoors,grass,51,5,Nick Sirianni,Brian Daboll,PHI00,Lincoln Financial Field,0,0,NA,NA,NA,NA,NA,NA,0,0,0,1,0,NA,NA,NA,NA,NA,NA,NA,NA,NA,NA,0,0,-0,NA,NA,NA,NA,NA,NA,NA
1386,2023_16_NYG_PHI,2023122501,PHI,NYG,REG,16,NYG,away,PHI,NYG,75,2023-12-25,704,704,2504,Half1,0,7,0,2,1,0,11:44,NYG 25,10,12,(11:44) (Shotgun) 26-S.Barkley right guard to NYG 37 for 12 yards (32-R.Blankenship).,run,12,1,0,0,0,0,0,NA,NA,NA,NA,right,guard,NA,NA,NA,NA,2,3,0,NA,NA,NA,NA,3,2,17,3,3,17,-14,3,17,-14,0.11074803024530411,0.12896962463855743,0.0031762775033712387,0.20552873611450195,0.20531603693962097,0.0015834609512239695,0.34467777609825134,0,0,1.1998968836851418,0.7610781902913004,15.033966692834994,-15.033966692834994,3.557040273968596,-3.557040273968596,8.581976056805987,-8.581976056805987,NA,NA,0,0,11.544152319023851,-11.544152319023851,-1.783010058104992,1.783010058104992,11.377305517264176,-11.377305517264176,-2.7953294604581895,2.7953294604581895,0.12423868477344513,0.8757613152265549,0.8757613152265549,0.12423868477344513,0.007035836577415466,0.004937442019581795,-0.004937442019581795,0.8687254786491394,0.1312745213508606,0.025752732530236244,0.9742472674697638,0.04496908768575025,-0.04496908768575025,0.17231269886068312,-0.17231269886068312,NA,NA,0,0,0.08633708953857422,-0.08633708953857422,0.0957112233834645,-0.0957112233834645,0.08633708953857422,-0.08633708953857422,0.0859756093221089,-0.0859756093221089,0,1,0,0,0,0,0,0,0,0,0,0,0,0,0,0,0,0,0,0,0,0,0,0,1,0,0,0,0,0,0,0,1,0,0,0,0,0,0,0,0,0,0,0,0,0,0,0,0,0,0,NA,NA,NA,NA,NA,NA,00-0034844,S.Barkley,12,NA,NA,NA,NA,NA,NA,NA,NA,NA,NA,NA,NA,NA,NA,NA,NA,NA,NA,NA,NA,NA,NA,NA,NA,NA,NA,NA,NA,NA,NA,NA,NA,NA,NA,NA,NA,NA,NA,NA,NA,NA,NA,PHI,NA,00-0037130,NA,R.Blankenship,NA,NA,NA,NA,NA,NA,NA,NA,NA,NA,NA,NA,NA,0,NA,NA,NA,NA,NA,NA,NA,NA,NA,NA,NA,NA,NA,NA,NA,NA,NA,NA,NA,NA,NA,NA,NA,NA,NA,NA,NA,NA,NA,NA,NA,0,NA,NA,NA,NA,0,NA,NA,0,0,0,0,NA,NA,2023,NA,NA,17,1,First down,1386,"12/25/23, 16:35:39",2023-12-25T22:30:24.387Z,Lincoln Financial Field,"Cloudy Temp: 51° F, Humidity: 68%, Wind: NE 5 mph",cbaf6e72-f053-11ed-b4a7-bab79e4492fa,0,0,RUSH,0,NA,2023-12-25T22:30:28.840Z,NA,7,Punt,2023-12-25T22:29:42.480Z,4,1:41,1,0,0,2,2,0,KICKOFF,PUNT,11:44,10:03,NYG 25,NYG 37,1363,1484,25,33,Home,8,58,14,41,1,outdoors,grass,51,5,Nick Sirianni,Brian Daboll,PHI00,Lincoln Financial Field,0,1,NA,NA,S.Barkley,26,NA,NA,0,1,1,0,1,NA,00-0034844,NA,S.Barkley,26,00-0034844,S.Barkley,00-0034844,S.Barkley,00-0034844,0,0,0.7610781902913004,NA,NA,NA,NA,NA,0.44399043917655945,-44.399043917655945
1408,2023_16_NYG_PHI,2023122501,PHI,NYG,REG,16,NYG,away,PHI,NYG,63,2023-12-25,669,669,2469,Half1,0,7,0,2,1,0,11:09,NYG 37,10,12,(11:09) (Shotgun) 26-S.Barkley left guard to NYG 39 for 2 yards (94-J.Sweat).,run,2,1,0,0,0,0,0,NA,NA,NA,NA,left,guard,NA,NA,NA,NA,2,3,0,NA,NA,NA,NA,3,2,17,3,3,17,-14,3,17,-14,0.1077960878610611,0.10773423314094543,0.0019335716497153044,0.162404403090477,0.22684848308563232,0.0017304281936958432,0.39155277609825134,0,0,1.9609750739764422,-0.39811292802914977,15.432079620864144,-15.432079620864144,3.955153201997746,-3.955153201997746,8.581976056805987,-8.581976056805987,NA,NA,0,0,11.544152319023851,-11.544152319023851,-1.783010058104992,1.783010058104992,11.377305517264176,-11.377305517264176,-2.7953294604581895,2.7953294604581895,0.1312745213508606,0.8687254786491394,0.8687254786491394,0.1312745213508606,-0.0212872251868248,-0.0019841864705085754,0.0019841864705085754,0.8900127038359642,0.1099872961640358,0.03069017454981804,0.969309825450182,0.06625631287257505,-0.06625631287257505,0.17231269886068312,-0.17231269886068312,NA,NA,0,0,0.08633708953857422,-0.08633708953857422,0.0957112233834645,-0.0957112233834645,0.08633708953857422,-0.08633708953857422,0.0859756093221089,-0.0859756093221089,0,0,0,0,0,0,0,0,0,0,0,0,0,0,0,0,0,0,0,0,0,0,0,0,1,0,0,0,0,0,0,0,1,0,0,0,0,0,0,0,0,0,0,0,0,0,0,0,0,0,0,NA,NA,NA,NA,NA,NA,00-0034844,S.Barkley,2,NA,NA,NA,NA,NA,NA,NA,NA,NA,NA,NA,NA,NA,NA,NA,NA,NA,NA,NA,NA,NA,NA,NA,NA,NA,NA,NA,NA,NA,NA,NA,NA,NA,NA,NA,NA,NA,NA,NA,NA,NA,NA,PHI,NA,00-0034381,NA,J.Sweat,NA,NA,NA,NA,NA,NA,NA,NA,NA,NA,NA,NA,NA,0,NA,NA,NA,NA,NA,NA,NA,NA,NA,NA,NA,NA,NA,NA,NA,NA,NA,NA,NA,NA,NA,NA,NA,NA,NA,NA,NA,NA,NA,NA,NA,0,NA,NA,NA,NA,0,NA,NA,0,0,0,0,NA,NA,2023,NA,NA,18,0,Punt,1408,"12/25/23, 16:35:39",2023-12-25T22:30:59.957Z,Lincoln Financial Field,"Cloudy Temp: 51° F, Humidity: 68%, Wind: NE 5 mph",cbaf6e72-f053-11ed-b4a7-bab79e4492fa,0,0,RUSH,0,NA,2023-12-25T22:31:04.087Z,NA,7,Punt,2023-12-25T22:29:42.480Z,4,1:41,1,0,0,2,2,0,KICKOFF,PUNT,11:44,10:03,NYG 25,NYG 37,1363,1484,25,33,Home,8,58,14,41,1,outdoors,grass,51,5,Nick Sirianni,Brian Daboll,PHI00,Lincoln Financial Field,0,0,NA,NA,S.Barkley,26,NA,NA,0,1,0,0,1,NA,00-0034844,NA,S.Barkley,26,00-0034844,S.Barkley,00-0034844,S.Barkley,00-0034844,0,0,-0.39811292802914977,NA,NA,NA,NA,NA,0.4459535777568817,-44.59535777568817
1430,2023_16_NYG_PHI,2023122501,PHI,NYG,REG,16,NYG,away,PHI,NYG,61,2023-12-25,631,631,2431,Half1,0,7,0,2,2,0,10:31,NYG 39,8,12,(10:31) (Shotgun) 15-T.DeVito pass incomplete short right [7-H.Reddick].,pass,0,1,0,1,0,0,0,short,right,3,NA,NA,NA,NA,NA,NA,NA,2,3,0,NA,NA,NA,NA,3,2,17,3,3,17,-14,3,17,-14,0.1191297098994255,0.1180543601512909,0.0021814447827637196,0.17771883308887482,0.22649328410625458,0.0018032473744824529,0.3546190857887268,0,0,1.5628621459472924,-0.768227610969916,16.20030723183406,-16.20030723183406,3.955153201997746,-3.955153201997746,9.350203667775903,-9.350203667775903,-0.3746080019045621,-0.39361960906535387,0,0,11.544152319023851,-11.544152319023851,-1.783010058104992,1.783010058104992,11.751913519168738,-11.751913519168738,-2.4017098513928357,2.4017098513928357,0.1099872961640358,0.8900127038359642,0.8900127038359642,0.1099872961640358,-0.009984336793422699,1.2196972966194153e-4,-1.2196972966194153e-4,0.8999970406293869,0.1000029593706131,0.028705988079309464,0.9712940119206905,0.06625631287257505,-0.06625631287257505,0.18229703565410582,-0.18229703565410582,0,-0.009984336793422699,0,0,0.08633708953857422,-0.08633708953857422,0.0957112233834645,-0.0957112233834645,0.08633708953857422,-0.08633708953857422,0.0959599461155316,-0.0959599461155316,0,0,0,0,0,0,0,0,1,0,0,0,0,0,0,0,0,0,0,0,0,0,0,0,0,0,0,0,0,0,0,1,0,1,0,0,0,0,0,0,0,0,0,0,0,0,0,0,0,0,0,00-0038476,T.DeVito,NA,NA,NA,NA,NA,NA,NA,NA,NA,NA,NA,NA,NA,NA,NA,NA,NA,NA,NA,NA,NA,NA,NA,NA,NA,NA,NA,NA,NA,NA,NA,NA,NA,NA,NA,NA,NA,NA,NA,00-0033875,H.Reddick,NA,NA,NA,NA,NA,NA,NA,NA,NA,NA,NA,NA,NA,NA,NA,NA,NA,NA,NA,NA,NA,NA,NA,NA,NA,NA,0,NA,NA,NA,NA,NA,NA,NA,NA,NA,NA,NA,NA,NA,NA,NA,NA,NA,NA,NA,NA,NA,NA,NA,NA,NA,NA,NA,NA,NA,NA,NA,0,NA,NA,NA,NA,0,NA,NA,0,0,0,0,NA,NA,2023,NA,NA,18,0,Punt,1430,"12/25/23, 16:35:39",2023-12-25T22:31:37.393Z,Lincoln Financial Field,"Cloudy Temp: 51° F, Humidity: 68%, Wind: NE 5 mph",cbaf6e72-f053-11ed-b4a7-bab79e4492fa,0,0,PASS,0,NA,2023-12-25T22:31:42.423Z,NA,7,Punt,2023-12-25T22:29:42.480Z,4,1:41,1,0,0,2,2,0,KICKOFF,PUNT,11:44,10:03,NYG 25,NYG 37,1363,1484,25,33,Home,8,58,14,41,1,outdoors,grass,51,5,Nick Sirianni,Brian Daboll,PHI00,Lincoln Financial Field,0,0,T.DeVito,15,NA,NA,NA,NA,1,0,0,0,1,00-0038476,NA,NA,T.DeVito,15,00-0038476,NA,NA,NA,NA,0,0,-0.768227610969916,NA,NA,NA,NA,NA,0.6961824297904968,30.381757020950317
1453,2023_16_NYG_PHI,2023122501,PHI,NYG,REG,16,NYG,away,PHI,NYG,61,2023-12-25,626,626,2426,Half1,0,7,0,2,3,0,10:26,NYG 39,8,12,"(10:26) (Shotgun) 15-T.DeVito sacked at NYG 37 for -2 yards (53-S.Leonard). Penalty on NYG-61-J.Schmitz, Offensive Holding, declined.",pass,-2,1,0,1,0,0,0,NA,NA,NA,NA,NA,NA,NA,NA,NA,NA,2,3,0,NA,NA,NA,NA,3,2,17,3,3,17,-14,3,17,-14,0.12860703468322754,0.14576202630996704,0.002316926373168826,0.21528488397598267,0.200813427567482,0.001880277181044221,0.3053354024887085,0,0,0.7946345349773765,-1.3316650537308306,17.53197228556489,-17.53197228556489,3.955153201997746,-3.955153201997746,10.681868721506733,-10.681868721506733,NA,NA,0,0,11.544152319023851,-11.544152319023851,-1.783010058104992,1.783010058104992,11.751913519168738,-11.751913519168738,-2.4017098513928357,2.4017098513928357,0.1000029593706131,0.8999970406293869,0.8999970406293869,0.1000029593706131,-0.006594501435756683,-0.005101833492517471,0.005101833492517471,0.9065915420651436,0.09340845793485641,0.028827957808971405,0.9711720421910286,0.06625631287257505,-0.06625631287257505,0.1888915370898625,-0.1888915370898625,NA,NA,0,0,0.08633708953857422,-0.08633708953857422,0.0957112233834645,-0.0957112233834645,0.08633708953857422,-0.08633708953857422,0.0959599461155316,-0.0959599461155316,0,0,0,0,0,1,0,0,0,0,0,0,0,0,0,0,0,0,0,0,0,0,0,0,1,0,0,0,0,0,0,1,0,1,1,0,0,0,0,0,0,0,0,0,0,0,0,0,0,0,0,00-0038476,T.DeVito,NA,NA,NA,NA,NA,NA,NA,NA,NA,NA,NA,NA,NA,NA,NA,NA,NA,NA,NA,NA,NA,NA,NA,NA,NA,NA,NA,NA,NA,NA,NA,NA,NA,NA,NA,00-0034846,S.Leonard,NA,NA,00-0034846,S.Leonard,NA,NA,NA,NA,NA,NA,NA,NA,PHI,NA,00-0034846,NA,S.Leonard,NA,NA,NA,NA,NA,NA,NA,NA,NA,NA,NA,NA,NA,0,NA,NA,NA,NA,NA,NA,NA,NA,NA,NA,NA,NA,NA,NA,NA,NA,NA,NA,NA,NA,NA,NA,NA,NA,00-0034846,S.Leonard,NA,NA,NA,NA,NA,0,NA,NA,NA,NA,0,NA,NA,0,0,0,0,NA,NA,2023,NA,NA,18,0,Punt,1453,"12/25/23, 16:35:39",2023-12-25T22:32:20.103Z,Lincoln Financial Field,"Cloudy Temp: 51° F, Humidity: 68%, Wind: NE 5 mph",cbaf6e72-f053-11ed-b4a7-bab79e4492fa,0,0,SACK,0,NA,2023-12-25T22:32:26.800Z,NA,7,Punt,2023-12-25T22:29:42.480Z,4,1:41,1,0,0,2,2,0,KICKOFF,PUNT,11:44,10:03,NYG 25,NYG 37,1363,1484,25,33,Home,8,58,14,41,1,outdoors,grass,51,5,Nick Sirianni,Brian Daboll,PHI00,Lincoln Financial Field,0,0,T.DeVito,15,NA,NA,NA,NA,1,0,0,0,1,00-0038476,NA,NA,T.DeVito,15,00-0038476,NA,NA,NA,NA,0,0,-1.3316650537308306,NA,NA,NA,NA,NA,0.9823088049888611,1.7691195011138916
1484,2023_16_NYG_PHI,2023122501,PHI,NYG,REG,16,NYG,away,PHI,NYG,63,2023-12-25,612,612,2412,Half1,0,7,0,2,4,0,10:12,NYG 37,10,12,"(10:12) 6-J.Gillan punts 41 yards to PHI 22, Center-59-C.Kreiter. 18-B.Covey MUFFS catch, touched at PHI 21, and recovers at PHI 19. 18-B.Covey to PHI 19 for no gain (24-D.Belton).",punt,0,0,0,0,0,0,0,NA,NA,NA,NA,NA,NA,NA,42,NA,NA,2,3,0,NA,NA,NA,NA,3,2,17,3,3,17,-14,3,17,-14,0.15826281905174255,0.1862896829843521,0.002907329937443137,0.2844494879245758,0.13722673058509827,0.0017856297781690955,0.22907830774784088,0,0,-0.5370305187534541,-0.04179889149963856,17.57377117706453,-17.57377117706453,3.955153201997746,-3.955153201997746,10.681868721506733,-10.681868721506733,NA,NA,0,0,11.544152319023851,-11.544152319023851,-1.783010058104992,1.783010058104992,11.751913519168738,-11.751913519168738,-2.4017098513928357,2.4017098513928357,0.09340845793485641,0.9065915420651436,0.9065915420651436,0.09340845793485641,0.0106397345662117,-0.004131454974412918,0.004131454974412918,0.8959518074989319,0.10404819250106812,0.023726124316453934,0.9762738756835461,0.06625631287257505,-0.06625631287257505,0.1888915370898625,-0.1888915370898625,NA,NA,0,0,0.08633708953857422,-0.08633708953857422,0.0957112233834645,-0.0957112233834645,0.08633708953857422,-0.08633708953857422,0.0959599461155316,-0.0959599461155316,0,0,0,0,0,0,0,0,0,0,0,0,0,0,0,0,0,0,0,0,0,0,1,0,1,0,0,0,0,0,0,0,0,0,0,0,0,0,0,0,0,0,0,1,1,0,0,0,0,0,0,NA,NA,NA,NA,NA,NA,NA,NA,NA,NA,NA,NA,NA,NA,NA,NA,NA,NA,NA,NA,NA,00-0037132,B.Covey,NA,NA,NA,NA,NA,NA,00-0035042,J.Gillan,NA,NA,NA,NA,NA,NA,NA,NA,NA,NA,NA,NA,NA,NA,NA,NA,NA,NA,NA,NA,NYG,NA,00-0038123,NA,D.Belton,NA,NA,NA,NA,NA,NA,NA,NA,NA,NA,NA,NA,NA,0,NA,NA,NA,NA,NA,NA,NA,NA,NA,NA,PHI,00-0037132,B.Covey,NA,NA,NA,PHI,0,00-0037132,B.Covey,NA,NA,NA,NA,NA,NA,NA,NA,NA,NA,PHI,0,NA,NA,NA,NA,0,NA,NA,0,0,0,0,NA,NA,2023,NA,NA,18,0,Punt,1484,"12/25/23, 16:35:39",2023-12-25T22:33:07.150Z,Lincoln Financial Field,"Cloudy Temp: 51° F, Humidity: 68%, Wind: NE 5 mph",cbaf6e72-f053-11ed-b4a7-bab79e4492fa,0,0,PUNT,1,NA,2023-12-25T22:33:16.443Z,NA,7,Punt,2023-12-25T22:29:42.480Z,4,1:41,1,0,0,2,2,0,KICKOFF,PUNT,11:44,10:03,NYG 25,NYG 37,1363,1484,25,33,Home,8,58,14,41,1,outdoors,grass,51,5,Nick Sirianni,Brian Daboll,PHI00,Lincoln Financial Field,0,0,NA,NA,NA,NA,NA,NA,0,0,0,1,0,NA,NA,NA,NA,NA,NA,NA,NA,NA,NA,0,0,-0.04179889149963856,NA,NA,NA,NA,NA,NA,NA
1514,2023_16_NYG_PHI,2023122501,PHI,NYG,REG,16,PHI,home,NYG,PHI,81,2023-12-25,603,603,2403,Half1,0,8,0,2,1,0,10:03,PHI 19,10,-4,(10:03) 0-D.Swift left guard to PHI 14 for -5 yards (97-D.Lawrence).,run,-5,0,0,0,0,0,0,NA,NA,NA,NA,left,guard,NA,NA,NA,NA,2,3,0,NA,NA,NA,NA,2,3,17,3,17,3,14,17,3,14,0.15546603500843048,0.14405247569084167,0.0016443290514871478,0.22453023493289948,0.17914962768554688,0.0035124963615089655,0.29164475202560425,0,0,0.5788294102530926,-1.3322413668502122,16.241529810214317,-16.241529810214317,2.6229118351475336,-2.6229118351475336,10.681868721506733,-10.681868721506733,NA,NA,0,0,11.544152319023851,-11.544152319023851,-1.783010058104992,1.783010058104992,11.751913519168738,-11.751913519168738,-2.4017098513928357,2.4017098513928357,0.8959518074989319,0.10404819250106812,0.8959518074989319,0.10404819250106812,-0.009870707988739014,-0.002157151699066162,-0.002157151699066162,0.8860810995101929,0.11391890048980713,0.980405330657959,0.980405330657959,0.05638560488383604,-0.05638560488383604,0.1888915370898625,-0.1888915370898625,NA,NA,0,0,0.08633708953857422,-0.08633708953857422,0.0957112233834645,-0.0957112233834645,0.08633708953857422,-0.08633708953857422,0.0959599461155316,-0.0959599461155316,0,0,0,0,0,0,0,0,0,0,0,0,0,0,0,0,0,0,0,0,0,0,0,0,1,0,0,1,0,0,0,0,1,0,0,0,0,0,0,0,0,0,0,0,0,0,0,0,0,0,0,NA,NA,NA,NA,NA,NA,00-0036275,D.Swift,-5,NA,NA,NA,NA,NA,NA,NA,NA,NA,NA,NA,NA,NA,NA,NA,NA,NA,NA,NA,NA,NA,NA,NA,NA,NA,NA,NA,NA,00-0035683,D.Lawrence,NA,NA,NA,NA,NA,NA,NA,NA,NA,NA,NA,NA,NYG,NA,00-0035683,NA,D.Lawrence,NA,NA,NA,NA,NA,NA,NA,NA,NA,NA,NA,NA,NA,0,NA,NA,NA,NA,NA,NA,NA,NA,NA,NA,NA,NA,NA,NA,NA,NA,NA,NA,NA,NA,NA,NA,NA,NA,NA,NA,NA,NA,NA,NA,NA,0,NA,NA,NA,NA,0,NA,NA,0,0,0,0,NA,NA,2023,NA,NA,19,0,Punt,1514,"12/25/23, 16:35:39",2023-12-25T22:36:13.737Z,Lincoln Financial Field,"Cloudy Temp: 51° F, Humidity: 68%, Wind: NE 5 mph",cbaf6e72-f053-11ed-b4a7-bab79e4492fa,0,0,RUSH,0,NA,2023-12-25T22:36:16.290Z,NA,8,Punt,2023-12-25T22:36:13.737Z,3,1:36,0,0,0,2,2,0,PUNT,PUNT,10:03,08:27,PHI 19,PHI 15,1514,1593,25,33,Home,8,58,14,41,1,outdoors,grass,51,5,Nick Sirianni,Brian Daboll,PHI00,Lincoln Financial Field,0,0,NA,NA,D.Swift,0,NA,NA,0,1,0,0,1,NA,00-0036275,NA,D.Swift,0,00-0036275,D.Swift,00-0036275,D.Swift,00-0036275,0,0,-1.3322413668502122,NA,NA,NA,NA,NA,0.49506810307502747,-49.50681030750275
1543,2023_16_NYG_PHI,2023122501,PHI,NYG,REG,16,PHI,home,NYG,PHI,86,2023-12-25,564,564,2364,Half1,0,8,0,2,2,0,09:24,PHI 14,15,-4,(9:24) (Shotgun) 1-J.Hurts scrambles left end ran ob at PHI 15 for 1 yard (97-D.Lawrence).,run,1,1,0,1,0,0,1,NA,NA,NA,NA,left,end,NA,NA,NA,NA,2,3,0,NA,NA,NA,NA,2,3,17,3,17,3,14,17,3,14,0.164346382021904,0.19641362130641937,0.00203402666375041,0.2879161536693573,0.14329661428928375,0.003306447761133313,0.20268675684928894,0,0,-0.7534119565971196,-0.6037774318829179,15.637752378331399,-15.637752378331399,2.0191344032646157,-2.0191344032646157,10.681868721506733,-10.681868721506733,NA,NA,0,0,11.544152319023851,-11.544152319023851,-1.783010058104992,1.783010058104992,11.751913519168738,-11.751913519168738,-2.4017098513928357,2.4017098513928357,0.8860810995101929,0.11391890048980713,0.8860810995101929,0.11391890048980713,-0.01334923505783081,9.328126907348633e-5,9.328126907348633e-5,0.8727318644523621,0.12726813554763794,0.9782481789588928,0.9782481789588928,0.04303636982600523,-0.04303636982600523,0.1888915370898625,-0.1888915370898625,NA,NA,0,0,0.08633708953857422,-0.08633708953857422,0.0957112233834645,-0.0957112233834645,0.08633708953857422,-0.08633708953857422,0.0959599461155316,-0.0959599461155316,0,0,0,0,0,0,0,0,0,0,0,0,0,0,0,0,0,0,0,0,0,0,0,0,1,0,0,0,0,0,0,0,1,0,0,0,0,0,0,0,0,0,0,0,0,0,0,0,0,0,0,NA,NA,NA,NA,NA,NA,00-0036389,J.Hurts,1,NA,NA,NA,NA,NA,NA,NA,NA,NA,NA,NA,NA,NA,NA,NA,NA,NA,NA,NA,NA,NA,NA,NA,NA,NA,NA,NA,NA,NA,NA,NA,NA,NA,NA,NA,NA,NA,NA,NA,NA,NA,NA,NYG,NA,00-0035683,NA,D.Lawrence,NA,NA,NA,NA,NA,NA,NA,NA,NA,NA,NA,NA,NA,0,NA,NA,NA,NA,NA,NA,NA,NA,NA,NA,NA,NA,NA,NA,NA,NA,NA,NA,NA,NA,NA,NA,NA,NA,NA,NA,NA,NA,NA,NA,NA,0,NA,NA,NA,NA,0,NA,NA,0,0,0,0,NA,NA,2023,NA,NA,19,0,Punt,1543,"12/25/23, 16:35:39",2023-12-25T22:36:52.710Z,Lincoln Financial Field,"Cloudy Temp: 51° F, Humidity: 68%, Wind: NE 5 mph",cbaf6e72-f053-11ed-b4a7-bab79e4492fa,0,0,RUSH,0,NA,2023-12-25T22:37:01.217Z,NA,8,Punt,2023-12-25T22:36:13.737Z,3,1:36,0,0,0,2,2,0,PUNT,PUNT,10:03,08:27,PHI 19,PHI 15,1514,1593,25,33,Home,8,58,14,41,1,outdoors,grass,51,5,Nick Sirianni,Brian Daboll,PHI00,Lincoln Financial Field,0,0,J.Hurts,1,NA,1,NA,NA,1,0,0,0,1,00-0036389,NA,NA,J.Hurts,1,00-0036389,J.Hurts,00-0036389,J.Hurts,00-0036389,1,0,-0.6037774318829179,NA,NA,NA,NA,NA,0.7606733441352844,23.932665586471558
1570,2023_16_NYG_PHI,2023122501,PHI,NYG,REG,16,PHI,home,NYG,PHI,85,2023-12-25,521,521,2321,Half1,0,8,0,2,3,0,08:41,PHI 15,14,-4,(8:41) (Shotgun) 1-J.Hurts pass incomplete deep left to 80-J.Jones.,pass,0,1,0,1,0,0,0,deep,left,20,NA,NA,NA,NA,NA,NA,NA,2,3,0,NA,NA,NA,NA,2,3,17,3,17,3,14,17,3,14,0.17954693734645844,0.2075091451406479,0.0021011761855334044,0.32092994451522827,0.12436580657958984,0.0031752586364746094,0.16237172484397888,0,0,-1.3571893884800375,-0.7178651858121157,14.919887192519283,-14.919887192519283,2.0191344032646157,-2.0191344032646157,9.964003535694617,-9.964003535694617,2.728546912781894,-3.44641209859401,0,0,11.544152319023851,-11.544152319023851,-1.783010058104992,1.783010058104992,14.480460431950632,-14.480460431950632,-5.8481219499868455,5.8481219499868455,0.8727318644523621,0.12726813554763794,0.8727318644523621,0.12726813554763794,-0.011809349060058594,-0.0029045939445495605,-0.0029045939445495605,0.8609225153923035,0.13907748460769653,0.9783414602279663,0.9783414602279663,0.04303636982600523,-0.04303636982600523,0.1770821880298039,-0.1770821880298039,0,-0.011809349060058594,0,0,0.08633708953857422,-0.08633708953857422,0.0957112233834645,-0.0957112233834645,0.08633708953857422,-0.08633708953857422,0.08415059705547301,-0.08415059705547301,0,0,0,0,0,1,0,0,1,0,0,0,0,0,0,0,0,0,0,0,0,0,0,0,0,0,0,0,0,0,0,0,0,1,0,0,0,0,0,0,0,0,0,0,0,0,0,0,0,0,0,00-0036389,J.Hurts,NA,00-0027944,J.Jones,NA,NA,NA,NA,NA,NA,NA,NA,NA,NA,NA,NA,NA,NA,NA,NA,NA,NA,NA,NA,NA,NA,NA,NA,NA,NA,NA,NA,NA,NA,NA,NA,NA,NA,NA,NA,NA,NA,NA,NA,NA,NA,NA,NA,NA,NA,NA,NA,NA,NA,NA,NA,NA,NA,NA,NA,NA,NA,NA,NA,NA,NA,NA,NA,0,NA,NA,NA,NA,NA,NA,NA,NA,NA,NA,NA,NA,NA,NA,NA,NA,NA,NA,NA,NA,NA,NA,NA,NA,NA,NA,NA,NA,NA,NA,NA,0,NA,NA,NA,NA,0,NA,NA,0,0,0,0,NA,NA,2023,0.4078809916973114,-40.78809916973114,19,0,Punt,1570,"12/25/23, 16:35:39",2023-12-25T22:37:41.590Z,Lincoln Financial Field,"Cloudy Temp: 51° F, Humidity: 68%, Wind: NE 5 mph",cbaf6e72-f053-11ed-b4a7-bab79e4492fa,0,0,PASS,0,NA,2023-12-25T22:37:45.930Z,NA,8,Punt,2023-12-25T22:36:13.737Z,3,1:36,0,0,0,2,2,0,PUNT,PUNT,10:03,08:27,PHI 19,PHI 15,1514,1593,25,33,Home,8,58,14,41,1,outdoors,grass,51,5,Nick Sirianni,Brian Daboll,PHI00,Lincoln Financial Field,0,0,J.Hurts,1,NA,NA,J.Jones,80,1,0,0,0,1,00-0036389,NA,00-0027944,J.Hurts,1,00-0036389,J.Jones,00-0027944,J.Jones,00-0027944,0,0,-0.7178651858121157,0.3366531492212772,4.190573716346989,1,1,1,0.9211779236793518,7.882207632064819
1593,2023_16_NYG_PHI,2023122501,PHI,NYG,REG,16,PHI,home,NYG,PHI,85,2023-12-25,517,517,2317,Half1,0,8,0,2,4,0,08:37,PHI 15,14,-4,"(8:37) 10-B.Mann punts 54 yards to NYG 31, Center-45-R.Lovato. 80-G.Olszewski to NYG 37 for 6 yards (21-S.Brown; 47-B.Smith).",punt,0,0,0,0,0,0,0,NA,NA,NA,NA,NA,NA,NA,54,NA,NA,2,3,0,NA,NA,NA,NA,2,3,17,3,17,3,14,17,3,14,0.1803668737411499,0.2418437898159027,0.00255940412171185,0.35829824209213257,0.08471318334341049,0.003197161015123129,0.12902134656906128,0,0,-2.075054574292153,0.19622447504661977,15.116111667565903,-15.116111667565903,2.0191344032646157,-2.0191344032646157,9.964003535694617,-9.964003535694617,NA,NA,0,0,11.544152319023851,-11.544152319023851,-1.783010058104992,1.783010058104992,14.480460431950632,-14.480460431950632,-5.8481219499868455,5.8481219499868455,0.8609225153923035,0.13907748460769653,0.8609225153923035,0.13907748460769653,0.02120763063430786,-0.008047278970479965,-0.008047278970479965,0.8821301460266113,0.11786985397338867,0.9754368662834167,0.9754368662834167,0.04303636982600523,-0.04303636982600523,0.1770821880298039,-0.1770821880298039,NA,NA,0,0,0.08633708953857422,-0.08633708953857422,0.0957112233834645,-0.0957112233834645,0.08633708953857422,-0.08633708953857422,0.08415059705547301,-0.08415059705547301,0,0,0,0,0,0,0,0,0,0,0,0,0,0,0,0,0,0,0,0,0,0,0,0,0,0,0,0,0,0,0,0,0,0,0,0,0,0,0,0,0,0,0,1,0,0,1,0,0,0,0,NA,NA,NA,NA,NA,NA,NA,NA,NA,NA,NA,NA,NA,NA,NA,NA,NA,NA,NA,NA,NA,00-0035645,G.Olszewski,NA,NA,NA,NA,NA,NA,00-0036313,B.Mann,NA,NA,NA,NA,NA,NA,NA,NA,NA,NA,NA,NA,NA,NA,NA,NA,NA,NA,NA,NA,NA,NA,NA,NA,NA,NA,00-0039002,S.Brown,PHI,00-0038113,B.Smith,PHI,NA,NA,NA,NA,NA,NA,0,NA,NA,NA,NA,NA,NA,NA,NA,NA,NA,NA,NA,NA,NA,NA,NA,NA,NA,NA,NA,NA,NA,NA,NA,NA,NA,NA,NA,NA,NA,NYG,6,NA,NA,NA,NA,0,NA,NA,0,0,0,0,NA,NA,2023,NA,NA,19,0,Punt,1593,"12/25/23, 16:35:39",2023-12-25T22:38:26.070Z,Lincoln Financial Field,"Cloudy Temp: 51° F, Humidity: 68%, Wind: NE 5 mph",cbaf6e72-f053-11ed-b4a7-bab79e4492fa,0,0,PUNT,1,NA,2023-12-25T22:38:35.600Z,NA,8,Punt,2023-12-25T22:36:13.737Z,3,1:36,0,0,0,2,2,0,PUNT,PUNT,10:03,08:27,PHI 19,PHI 15,1514,1593,25,33,Home,8,58,14,41,1,outdoors,grass,51,5,Nick Sirianni,Brian Daboll,PHI00,Lincoln Financial Field,0,1,NA,NA,NA,NA,NA,NA,0,0,0,1,0,NA,NA,NA,NA,NA,NA,NA,NA,NA,NA,0,0,0.19622447504661977,NA,NA,NA,NA,NA,NA,NA
1619,2023_16_NYG_PHI,2023122501,PHI,NYG,REG,16,NYG,away,PHI,NYG,63,2023-12-25,507,507,2307,Half1,0,9,0,2,1,0,08:27,NYG 37,10,38,(8:27) (Shotgun) 15-T.DeVito pass incomplete short right to 12-D.Waller.,pass,0,1,0,1,0,0,0,short,right,6,NA,NA,NA,NA,NA,NA,NA,2,3,0,NA,NA,NA,NA,3,2,17,3,3,17,-14,3,17,-14,0.17102311551570892,0.09387151896953583,0.0018559925956651568,0.14837980270385742,0.22085092961788177,0.0015736424829810858,0.36244502663612366,0,0,1.8788300992455333,-0.4408979683648795,15.557009635930783,-15.557009635930783,2.0191344032646157,-2.0191344032646157,10.404901504059497,-10.404901504059497,0.36043974570930004,-0.8013377140741795,0,0,11.544152319023851,-11.544152319023851,-1.783010058104992,1.783010058104992,14.120020686241332,-14.120020686241332,-5.046784235912666,5.046784235912666,0.11786985397338867,0.8821301460266113,0.8821301460266113,0.11786985397338867,-0.006017282605171204,-0.001789124682545662,0.001789124682545662,0.8881474286317825,0.11185257136821747,0.03261041268706322,0.9673895873129368,0.04303636982600523,-0.04303636982600523,0.18309947063497511,-0.18309947063497511,0.001980990171432495,-0.007998272776603699,0,0,0.08633708953857422,-0.08633708953857422,0.0957112233834645,-0.0957112233834645,0.08435609936714172,-0.08435609936714172,0.09214886983207671,-0.09214886983207671,0,0,0,0,0,0,0,0,1,0,0,0,0,0,0,0,0,0,0,0,0,0,0,0,0,0,0,0,0,0,0,0,0,1,0,0,0,0,0,0,0,0,0,0,0,0,0,0,0,0,0,00-0038476,T.DeVito,NA,00-0031610,D.Waller,NA,NA,NA,NA,NA,NA,NA,NA,NA,NA,NA,NA,NA,NA,NA,NA,NA,NA,NA,NA,NA,NA,NA,NA,NA,NA,NA,NA,NA,NA,NA,NA,NA,NA,NA,NA,NA,NA,NA,NA,NA,NA,NA,NA,NA,NA,NA,NA,NA,NA,NA,NA,NA,NA,NA,NA,NA,NA,NA,NA,NA,NA,NA,NA,0,NA,NA,NA,NA,NA,NA,NA,NA,NA,NA,NA,NA,NA,NA,NA,NA,NA,NA,NA,NA,NA,NA,NA,NA,NA,NA,NA,NA,NA,NA,NA,0,NA,NA,NA,NA,0,NA,NA,0,0,0,0,NA,NA,2023,0.7581160068511963,-75.81160068511963,20,1,First down,1619,"12/25/23, 16:35:39",2023-12-25T22:41:28.920Z,Lincoln Financial Field,"Cloudy Temp: 51° F, Humidity: 68%, Wind: NE 5 mph",cbaf6e72-f053-11ed-b4a7-bab79e4492fa,0,0,PASS,0,NA,2023-12-25T22:41:33.823Z,NA,9,Turnover on downs,2023-12-25T22:41:28.920Z,12,5:40,2,0,0,2,2,4,PUNT,DOWNS,08:27,02:47,NYG 37,PHI 21,1619,1936,25,33,Home,8,58,14,41,1,outdoors,grass,51,5,Nick Sirianni,Brian Daboll,PHI00,Lincoln Financial Field,0,0,T.DeVito,15,NA,NA,D.Waller,12,1,0,0,0,1,00-0038476,NA,00-0031610,T.DeVito,15,00-0038476,D.Waller,00-0031610,D.Waller,00-0031610,0,0,-0.4408979683648795,0.27824447333329483,3.579445557697909,2,0.9953301735804416,0.3123981189564802,0.463962584733963,53.6037415266037
1650,2023_16_NYG_PHI,2023122501,PHI,NYG,REG,16,NYG,away,PHI,NYG,63,2023-12-25,502,502,2302,Half1,0,9,0,2,2,0,08:22,NYG 37,10,38,(8:22) (Shotgun) 15-T.DeVito up the middle to NYG 42 for 5 yards (90-J.Davis).,run,5,1,0,0,0,0,0,NA,NA,NA,NA,middle,NA,NA,NA,NA,NA,2,3,0,NA,NA,NA,NA,3,2,17,3,3,17,-14,3,17,-14,0.17867907881736755,0.10664832592010498,0.0021210690028965473,0.1714937686920166,0.2041965276002884,0.001608564518392086,0.33525270223617554,0,0,1.4379321308806539,-0.06434210762381554,15.621351743554598,-15.621351743554598,2.0834765108884312,-2.0834765108884312,10.404901504059497,-10.404901504059497,NA,NA,0,0,11.544152319023851,-11.544152319023851,-1.783010058104992,1.783010058104992,14.120020686241332,-14.120020686241332,-5.046784235912666,5.046784235912666,0.11185257136821747,0.8881474286317825,0.8881474286317825,0.11185257136821747,-7.346048951148987e-4,-0.0020426195114851,0.0020426195114851,0.8888820335268974,0.11111796647310257,0.030821288004517555,0.9691787119954824,0.043770974721120126,-0.043770974721120126,0.18309947063497511,-0.18309947063497511,NA,NA,0,0,0.08633708953857422,-0.08633708953857422,0.0957112233834645,-0.0957112233834645,0.08435609936714172,-0.08435609936714172,0.09214886983207671,-0.09214886983207671,0,0,0,0,0,0,0,0,0,0,0,0,0,0,0,0,0,0,0,0,0,0,0,0,1,0,0,0,0,0,0,0,1,0,0,0,0,0,0,0,0,0,0,0,0,0,0,0,0,0,0,NA,NA,NA,NA,NA,NA,00-0038476,T.DeVito,5,NA,NA,NA,NA,NA,NA,NA,NA,NA,NA,NA,NA,NA,NA,NA,NA,NA,NA,NA,NA,NA,NA,NA,NA,NA,NA,NA,NA,NA,NA,NA,NA,NA,NA,NA,NA,NA,NA,NA,NA,NA,NA,PHI,NA,00-0037073,NA,J.Davis,NA,NA,NA,NA,NA,NA,NA,NA,NA,NA,NA,NA,NA,0,NA,NA,NA,NA,NA,NA,NA,NA,NA,NA,NA,NA,NA,NA,NA,NA,NA,NA,NA,NA,NA,NA,NA,NA,NA,NA,NA,NA,NA,NA,NA,0,NA,NA,NA,NA,0,NA,NA,0,0,0,0,NA,NA,2023,NA,NA,20,1,First down,1650,"12/25/23, 16:35:39",2023-12-25T22:42:06.790Z,Lincoln Financial Field,"Cloudy Temp: 51° F, Humidity: 68%, Wind: NE 5 mph",cbaf6e72-f053-11ed-b4a7-bab79e4492fa,0,0,RUSH,0,NA,2023-12-25T22:42:10.180Z,NA,9,Turnover on downs,2023-12-25T22:41:28.920Z,12,5:40,2,0,0,2,2,4,PUNT,DOWNS,08:27,02:47,NYG 37,PHI 21,1619,1936,25,33,Home,8,58,14,41,1,outdoors,grass,51,5,Nick Sirianni,Brian Daboll,PHI00,Lincoln Financial Field,0,0,NA,NA,T.DeVito,15,NA,NA,0,1,0,0,1,NA,00-0038476,NA,T.DeVito,15,00-0038476,T.DeVito,00-0038476,T.DeVito,00-0038476,0,0,-0.06434210762381554,NA,NA,NA,NA,NA,0.5819202065467834,-58.192020654678345
1672,2023_16_NYG_PHI,2023122501,PHI,NYG,REG,16,NYG,away,PHI,NYG,58,2023-12-25,465,465,2265,Half1,0,9,0,2,3,0,07:45,NYG 42,5,38,(7:45) (Shotgun) 15-T.DeVito pass incomplete short right.,pass,0,1,0,1,0,0,0,short,right,8,NA,NA,NA,NA,NA,NA,NA,2,3,0,NA,NA,NA,NA,3,2,17,3,3,17,-14,3,17,-14,0.20461681485176086,0.10639119148254395,0.0019636063370853662,0.16469629108905792,0.19899994134902954,0.002152039436623454,0.321180135011673,0,0,1.3735900232568383,-1.4754360183142126,17.09678776186881,-17.09678776186881,2.0834765108884312,-2.0834765108884312,11.88033752237371,-11.88033752237371,1.3821669511962682,-2.8576029695104808,0,0,11.544152319023851,-11.544152319023851,-1.783010058104992,1.783010058104992,12.737853735045064,-12.737853735045064,-2.1891812664021852,2.1891812664021852,0.11111796647310257,0.8888820335268974,0.8888820335268974,0.11111796647310257,-0.011459864675998688,-0.006017955020070076,0.006017955020070076,0.9003418982028961,0.09965810179710388,0.028778668493032455,0.9712213315069675,0.043770974721120126,-0.043770974721120126,0.1945593353109738,-0.1945593353109738,0,-0.011459864675998688,0,0,0.08633708953857422,-0.08633708953857422,0.0957112233834645,-0.0957112233834645,0.08435609936714172,-0.08435609936714172,0.1036087345080754,-0.1036087345080754,0,0,0,0,0,1,0,0,1,0,0,0,0,0,0,0,0,0,0,0,0,0,0,0,0,0,0,0,0,0,0,0,0,1,0,0,0,0,0,0,0,0,0,0,0,0,0,0,0,0,0,00-0038476,T.DeVito,NA,NA,NA,NA,NA,NA,NA,NA,NA,NA,NA,NA,NA,NA,NA,NA,NA,NA,NA,NA,NA,NA,NA,NA,NA,NA,NA,NA,NA,NA,NA,NA,NA,NA,NA,NA,NA,NA,NA,NA,NA,NA,NA,NA,NA,NA,NA,NA,NA,NA,NA,NA,NA,NA,NA,NA,NA,NA,NA,NA,NA,NA,NA,NA,NA,NA,NA,0,NA,NA,NA,NA,NA,NA,NA,NA,NA,NA,NA,NA,NA,NA,NA,NA,NA,NA,NA,NA,NA,NA,NA,NA,NA,NA,NA,NA,NA,NA,NA,0,NA,NA,NA,NA,0,NA,NA,0,0,0,0,NA,NA,2023,NA,NA,20,1,First down,1672,"12/25/23, 16:35:39",2023-12-25T22:42:44.027Z,Lincoln Financial Field,"Cloudy Temp: 51° F, Humidity: 68%, Wind: NE 5 mph",cbaf6e72-f053-11ed-b4a7-bab79e4492fa,0,0,PASS,0,NA,2023-12-25T22:42:52.203Z,NA,9,Turnover on downs,2023-12-25T22:41:28.920Z,12,5:40,2,0,0,2,2,4,PUNT,DOWNS,08:27,02:47,NYG 37,PHI 21,1619,1936,25,33,Home,8,58,14,41,1,outdoors,grass,51,5,Nick Sirianni,Brian Daboll,PHI00,Lincoln Financial Field,0,0,T.DeVito,15,NA,NA,NA,NA,1,0,0,0,1,00-0038476,NA,NA,T.DeVito,15,00-0038476,NA,NA,NA,NA,0,0,-1.4754360183142126,NA,NA,NA,NA,NA,0.9620212912559509,3.7978708744049072
1695,2023_16_NYG_PHI,2023122501,PHI,NYG,REG,16,NYG,away,PHI,NYG,58,2023-12-25,456,456,2256,Half1,0,9,0,2,4,0,07:36,NYG 42,5,38,"(7:36) 6-J.Gillan punts 39 yards to PHI 19, Center-59-C.Kreiter. 18-B.Covey to PHI 24 for 5 yards (59-C.Kreiter). PENALTY on PHI-98-J.Carter, Defensive Offside, 4 yards, enforced at NYG 42 - No Play.",no_play,0,0,0,0,0,0,0,NA,NA,NA,NA,NA,NA,NA,NA,NA,NA,2,3,0,NA,NA,NA,NA,3,2,17,3,3,17,-14,3,17,-14,0.24617643654346466,0.15179502964019775,0.0027030629571527243,0.23298250138759613,0.13886454701423645,0.003823972772806883,0.22365444898605347,0,0,-0.10184599505737424,0.5819225539453328,16.514865207923478,-16.514865207923478,2.0834765108884312,-2.0834765108884312,11.88033752237371,-11.88033752237371,NA,NA,0,0,11.544152319023851,-11.544152319023851,-1.783010058104992,1.783010058104992,12.737853735045064,-12.737853735045064,-2.1891812664021852,2.1891812664021852,0.09965810179710388,0.9003418982028961,0.9003418982028961,0.09965810179710388,0.007124803960323334,-1.2429431080818176e-4,1.2429431080818176e-4,0.8932170942425728,0.10678290575742722,0.02276071347296238,0.9772392865270376,0.043770974721120126,-0.043770974721120126,0.1945593353109738,-0.1945593353109738,NA,NA,0,0,0.08633708953857422,-0.08633708953857422,0.0957112233834645,-0.0957112233834645,0.08435609936714172,-0.08435609936714172,0.1036087345080754,-0.1036087345080754,0,0,0,0,0,0,0,0,0,0,0,0,0,0,0,0,0,0,0,0,0,0,0,0,0,0,1,0,0,0,0,0,0,0,0,0,0,0,0,0,0,0,0,0,0,0,0,0,0,0,0,NA,NA,NA,NA,NA,NA,NA,NA,NA,NA,NA,NA,NA,NA,NA,NA,NA,NA,NA,NA,NA,NA,NA,NA,NA,NA,NA,NA,NA,NA,NA,NA,NA,NA,NA,NA,NA,NA,NA,NA,NA,NA,NA,NA,NA,NA,NA,NA,NA,NA,NA,NA,NA,NA,NA,NA,NA,NA,NA,NA,NA,NA,NA,NA,NA,NA,NA,NA,NA,0,NA,NA,NA,NA,NA,NA,NA,NA,NA,NA,NA,NA,NA,NA,NA,NA,NA,NA,NA,NA,NA,NA,NA,NA,NA,NA,NA,NA,NA,NA,NA,0,PHI,00-0038386,J.Carter,4,0,NA,Defensive Offside,0,0,0,0,NA,NA,2023,NA,NA,20,1,First down,1695,"12/25/23, 16:35:39",2023-12-25T22:43:12.680Z,Lincoln Financial Field,"Cloudy Temp: 51° F, Humidity: 68%, Wind: NE 5 mph",cbaf6e72-f053-11ed-b4a7-bab79e4492fa,0,0,UNSPECIFIED,0,NA,2023-12-25T22:43:22.837Z,NA,9,Turnover on downs,2023-12-25T22:41:28.920Z,12,5:40,2,0,0,2,2,4,PUNT,DOWNS,08:27,02:47,NYG 37,PHI 21,1619,1936,25,33,Home,8,58,14,41,1,outdoors,grass,51,5,Nick Sirianni,Brian Daboll,PHI00,Lincoln Financial Field,0,1,NA,NA,NA,NA,NA,NA,0,0,0,0,1,NA,NA,NA,NA,NA,NA,NA,NA,NA,NA,0,0,0.5819225539453328,NA,NA,NA,NA,NA,0.8117066025733948,NA
1743,2023_16_NYG_PHI,2023122501,PHI,NYG,REG,16,NYG,away,PHI,NYG,54,2023-12-25,446,446,2246,Half1,0,9,0,2,4,0,07:26,NYG 46,1,38,(7:26) 26-S.Barkley right guard to PHI 44 for 10 yards (32-R.Blankenship).,run,10,0,0,0,0,0,0,NA,NA,NA,NA,right,guard,NA,NA,NA,NA,2,3,0,NA,NA,NA,NA,3,2,17,3,3,17,-14,3,17,-14,0.2380034178495407,0.14525113999843597,0.0022428955417126417,0.19948573410511017,0.1430351436138153,0.0032522741239517927,0.26872941851615906,0,0,0.4800765588879585,2.6117411971790716,13.903124010744406,-13.903124010744406,-0.5282646862906404,0.5282646862906404,11.88033752237371,-11.88033752237371,NA,NA,0,0,11.544152319023851,-11.544152319023851,-1.783010058104992,1.783010058104992,12.737853735045064,-12.737853735045064,-2.1891812664021852,2.1891812664021852,0.10678290575742722,0.8932170942425728,0.8932170942425728,0.10678290575742722,0.02687210589647293,0.010191770270466805,-0.010191770270466805,0.8663449883460999,0.13365501165390015,0.022636419162154198,0.9773635808378458,0.016898868824647195,-0.016898868824647195,0.1945593353109738,-0.1945593353109738,NA,NA,0,0,0.08633708953857422,-0.08633708953857422,0.0957112233834645,-0.0957112233834645,0.08435609936714172,-0.08435609936714172,0.1036087345080754,-0.1036087345080754,0,1,0,0,0,0,1,0,0,0,0,0,0,0,0,0,0,0,0,0,0,0,0,0,1,0,0,0,0,0,0,0,1,0,0,0,0,0,0,0,0,0,0,0,0,0,0,0,0,0,0,NA,NA,NA,NA,NA,NA,00-0034844,S.Barkley,10,NA,NA,NA,NA,NA,NA,NA,NA,NA,NA,NA,NA,NA,NA,NA,NA,NA,NA,NA,NA,NA,NA,NA,NA,NA,NA,NA,NA,NA,NA,NA,NA,NA,NA,NA,NA,NA,NA,NA,NA,NA,NA,PHI,NA,00-0037130,NA,R.Blankenship,NA,NA,NA,NA,NA,NA,NA,NA,NA,NA,NA,NA,NA,0,NA,NA,NA,NA,NA,NA,NA,NA,NA,NA,NA,NA,NA,NA,NA,NA,NA,NA,NA,NA,NA,NA,NA,NA,NA,NA,NA,NA,NA,NA,NA,0,NA,NA,NA,NA,0,NA,NA,0,0,0,0,NA,NA,2023,NA,NA,20,1,First down,1743,"12/25/23, 16:35:39",2023-12-25T22:45:08.170Z,Lincoln Financial Field,"Cloudy Temp: 51° F, Humidity: 68%, Wind: NE 5 mph",cbaf6e72-f053-11ed-b4a7-bab79e4492fa,0,0,RUSH,0,NA,2023-12-25T22:45:13.473Z,NA,9,Turnover on downs,2023-12-25T22:41:28.920Z,12,5:40,2,0,0,2,2,4,PUNT,DOWNS,08:27,02:47,NYG 37,PHI 21,1619,1936,25,33,Home,8,58,14,41,1,outdoors,grass,51,5,Nick Sirianni,Brian Daboll,PHI00,Lincoln Financial Field,0,1,NA,NA,S.Barkley,26,NA,NA,0,1,1,0,1,NA,00-0034844,NA,S.Barkley,26,00-0034844,S.Barkley,00-0034844,S.Barkley,00-0034844,0,0,2.6117411971790716,NA,NA,NA,NA,NA,0.15832343697547913,-15.832343697547913
1765,2023_16_NYG_PHI,2023122501,PHI,NYG,REG,16,NYG,away,PHI,PHI,44,2023-12-25,412,412,2212,Half1,0,9,0,2,1,0,06:52,PHI 44,10,38,"(6:52) (Shotgun) 26-S.Barkley right guard to PHI 42 for 2 yards (91-F.Cox, 57-B.VanSumeren).",run,2,1,0,0,0,0,0,NA,NA,NA,NA,right,guard,NA,NA,NA,NA,2,3,0,NA,NA,NA,NA,3,2,17,3,3,17,-14,3,17,-14,0.16872946918010712,0.05447617545723915,8.560792193748057e-4,0.079233817756176,0.2643122673034668,0.0016173538751900196,0.4307748079299927,0,0,3.09181775606703,-0.37143934168852866,14.274563352432935,-14.274563352432935,-0.15682534460211173,0.15682534460211173,11.88033752237371,-11.88033752237371,NA,NA,0,0,11.544152319023851,-11.544152319023851,-1.783010058104992,1.783010058104992,12.737853735045064,-12.737853735045064,-2.1891812664021852,2.1891812664021852,0.13365501165390015,0.8663449883460999,0.8663449883460999,0.13365501165390015,-0.010490596294403076,-0.004302939400076866,0.004302939400076866,0.8768355846405029,0.12316441535949707,0.032828189432621,0.967171810567379,0.02738946511905027,-0.02738946511905027,0.1945593353109738,-0.1945593353109738,NA,NA,0,0,0.08633708953857422,-0.08633708953857422,0.0957112233834645,-0.0957112233834645,0.08435609936714172,-0.08435609936714172,0.1036087345080754,-0.1036087345080754,0,0,0,0,0,0,0,0,0,0,0,0,0,0,0,0,0,0,0,0,0,0,0,0,0,0,0,0,0,0,0,0,1,0,0,0,0,0,0,0,0,0,0,0,0,0,1,0,0,0,0,NA,NA,NA,NA,NA,NA,00-0034844,S.Barkley,2,NA,NA,NA,NA,NA,NA,NA,NA,NA,NA,NA,NA,NA,NA,NA,NA,NA,NA,NA,NA,NA,NA,NA,NA,NA,NA,NA,NA,NA,NA,NA,NA,NA,NA,NA,NA,NA,NA,NA,NA,NA,NA,NA,NA,NA,NA,NA,NA,00-0038489,B.VanSumeren,PHI,NA,NA,NA,NA,NA,NA,NA,NA,NA,1,00-0029653,F.Cox,PHI,NA,NA,NA,NA,NA,NA,NA,NA,NA,NA,NA,NA,NA,NA,NA,NA,NA,NA,NA,NA,NA,NA,NA,NA,NA,NA,NA,NA,0,NA,NA,NA,NA,0,NA,NA,0,0,0,0,NA,NA,2023,NA,NA,21,1,First down,1765,"12/25/23, 16:35:39",2023-12-25T22:45:41.837Z,Lincoln Financial Field,"Cloudy Temp: 51° F, Humidity: 68%, Wind: NE 5 mph",cbaf6e72-f053-11ed-b4a7-bab79e4492fa,0,0,RUSH,0,NA,2023-12-25T22:45:45.313Z,NA,9,Turnover on downs,2023-12-25T22:41:28.920Z,12,5:40,2,0,0,2,2,4,PUNT,DOWNS,08:27,02:47,NYG 37,PHI 21,1619,1936,25,33,Home,8,58,14,41,1,outdoors,grass,51,5,Nick Sirianni,Brian Daboll,PHI00,Lincoln Financial Field,0,0,NA,NA,S.Barkley,26,NA,NA,0,1,0,0,1,NA,00-0034844,NA,S.Barkley,26,00-0034844,S.Barkley,00-0034844,S.Barkley,00-0034844,0,0,-0.37143934168852866,NA,NA,NA,NA,NA,0.4792496860027313,-47.92496860027313
1787,2023_16_NYG_PHI,2023122501,PHI,NYG,REG,16,NYG,away,PHI,PHI,42,2023-12-25,373,373,2173,Half1,0,9,0,2,2,0,06:13,PHI 42,8,38,(6:13) (Shotgun) 26-S.Barkley right guard to PHI 37 for 5 yards (53-S.Leonard). NYG-67-J.Pugh was injured during the play.,run,5,1,0,0,0,0,0,NA,NA,NA,NA,right,guard,NA,NA,NA,NA,2,3,0,NA,NA,NA,NA,3,2,17,3,3,17,-14,3,17,-14,0.19018127024173737,0.06272009760141373,9.234807803295553e-4,0.08995253592729568,0.26111140847206116,0.001811903202906251,0.3932993412017822,0,0,2.7203784143785015,0.17148954549338669,14.103073806939548,-14.103073806939548,-0.3283148900954984,0.3283148900954984,11.88033752237371,-11.88033752237371,NA,NA,0,0,11.544152319023851,-11.544152319023851,-1.783010058104992,1.783010058104992,12.737853735045064,-12.737853735045064,-2.1891812664021852,2.1891812664021852,0.12316441535949707,0.8768355846405029,0.8768355846405029,0.12316441535949707,-6.269514560699463e-4,-1.825392246246338e-5,1.825392246246338e-5,0.8774625360965729,0.12253746390342712,0.028525250032544136,0.9714747499674559,0.028016416575120218,-0.028016416575120218,0.1945593353109738,-0.1945593353109738,NA,NA,0,0,0.08633708953857422,-0.08633708953857422,0.0957112233834645,-0.0957112233834645,0.08435609936714172,-0.08435609936714172,0.1036087345080754,-0.1036087345080754,0,0,0,0,0,0,0,0,0,0,0,0,0,0,0,0,0,0,0,0,0,0,0,0,1,0,0,0,0,0,0,0,1,0,0,0,0,0,0,0,0,0,0,0,0,0,0,0,0,0,0,NA,NA,NA,NA,NA,NA,00-0034844,S.Barkley,5,NA,NA,NA,NA,NA,NA,NA,NA,NA,NA,NA,NA,NA,NA,NA,NA,NA,NA,NA,NA,NA,NA,NA,NA,NA,NA,NA,NA,NA,NA,NA,NA,NA,NA,NA,NA,NA,NA,NA,NA,NA,NA,PHI,NA,00-0034846,NA,S.Leonard,NA,NA,NA,NA,NA,NA,NA,NA,NA,NA,NA,NA,NA,0,NA,NA,NA,NA,NA,NA,NA,NA,NA,NA,NA,NA,NA,NA,NA,NA,NA,NA,NA,NA,NA,NA,NA,NA,NA,NA,NA,NA,NA,NA,NA,0,NA,NA,NA,NA,0,NA,NA,0,0,0,0,NA,NA,2023,NA,NA,21,1,First down,1787,"12/25/23, 16:35:39",2023-12-25T22:46:20.910Z,Lincoln Financial Field,"Cloudy Temp: 51° F, Humidity: 68%, Wind: NE 5 mph",cbaf6e72-f053-11ed-b4a7-bab79e4492fa,0,0,RUSH,0,NA,2023-12-25T22:46:24.633Z,NA,9,Turnover on downs,2023-12-25T22:41:28.920Z,12,5:40,2,0,0,2,2,4,PUNT,DOWNS,08:27,02:47,NYG 37,PHI 21,1619,1936,25,33,Home,8,58,14,41,1,outdoors,grass,51,5,Nick Sirianni,Brian Daboll,PHI00,Lincoln Financial Field,0,1,NA,NA,S.Barkley,26,NA,NA,0,1,0,0,1,NA,00-0034844,NA,S.Barkley,26,00-0034844,S.Barkley,00-0034844,S.Barkley,00-0034844,0,0,0.17148954549338669,NA,NA,NA,NA,NA,0.7206816077232361,-72.06816077232361
1809,2023_16_NYG_PHI,2023122501,PHI,NYG,REG,16,NYG,away,PHI,PHI,37,2023-12-25,337,337,2137,Half1,0,9,0,2,3,0,05:37,PHI 37,3,38,(5:37) (Shotgun) 26-S.Barkley left guard to PHI 35 for 2 yards (57-B.VanSumeren).,run,2,1,0,0,0,0,0,NA,NA,NA,NA,left,guard,NA,NA,NA,NA,2,3,0,NA,NA,NA,NA,3,2,17,3,3,17,-14,3,17,-14,0.1731172651052475,0.06006240472197533,7.634368957951665e-4,0.07977782189846039,0.2907087504863739,0.0018183487700298429,0.39375197887420654,0,0,2.891867959871888,-0.8248622149694711,14.92793602190902,-14.92793602190902,0.4965473248739727,-0.4965473248739727,11.88033752237371,-11.88033752237371,NA,NA,0,0,11.544152319023851,-11.544152319023851,-1.783010058104992,1.783010058104992,12.737853735045064,-12.737853735045064,-2.1891812664021852,2.1891812664021852,0.12253746390342712,0.8774625360965729,0.8774625360965729,0.12253746390342712,-0.013878487050533295,-0.003981027752161026,0.003981027752161026,0.8913410231471062,0.10865897685289383,0.028506996110081673,0.9714930038899183,0.04189490362565351,-0.04189490362565351,0.1945593353109738,-0.1945593353109738,NA,NA,0,0,0.08633708953857422,-0.08633708953857422,0.0957112233834645,-0.0957112233834645,0.08435609936714172,-0.08435609936714172,0.1036087345080754,-0.1036087345080754,0,0,0,0,0,1,0,0,0,0,0,0,0,0,0,0,0,0,0,0,0,0,0,0,1,0,0,0,0,0,0,0,1,0,0,0,0,0,0,0,0,0,0,0,0,0,0,0,0,0,0,NA,NA,NA,NA,NA,NA,00-0034844,S.Barkley,2,NA,NA,NA,NA,NA,NA,NA,NA,NA,NA,NA,NA,NA,NA,NA,NA,NA,NA,NA,NA,NA,NA,NA,NA,NA,NA,NA,NA,NA,NA,NA,NA,NA,NA,NA,NA,NA,NA,NA,NA,NA,NA,PHI,NA,00-0038489,NA,B.VanSumeren,NA,NA,NA,NA,NA,NA,NA,NA,NA,NA,NA,NA,NA,0,NA,NA,NA,NA,NA,NA,NA,NA,NA,NA,NA,NA,NA,NA,NA,NA,NA,NA,NA,NA,NA,NA,NA,NA,NA,NA,NA,NA,NA,NA,NA,0,NA,NA,NA,NA,0,NA,NA,0,0,0,0,NA,NA,2023,NA,NA,21,1,First down,1809,"12/25/23, 16:35:39",2023-12-25T22:47:48.117Z,Lincoln Financial Field,"Cloudy Temp: 51° F, Humidity: 68%, Wind: NE 5 mph",cbaf6e72-f053-11ed-b4a7-bab79e4492fa,0,0,RUSH,0,NA,2023-12-25T22:47:51.603Z,NA,9,Turnover on downs,2023-12-25T22:41:28.920Z,12,5:40,2,0,0,2,2,4,PUNT,DOWNS,08:27,02:47,NYG 37,PHI 21,1619,1936,25,33,Home,8,58,14,41,1,outdoors,grass,51,5,Nick Sirianni,Brian Daboll,PHI00,Lincoln Financial Field,0,0,NA,NA,S.Barkley,26,NA,NA,0,1,0,0,1,NA,00-0034844,NA,S.Barkley,26,00-0034844,S.Barkley,00-0034844,S.Barkley,00-0034844,0,0,-0.8248622149694711,NA,NA,NA,NA,NA,0.808310329914093,-80.8310329914093
1841,2023_16_NYG_PHI,2023122501,PHI,NYG,REG,16,NYG,away,PHI,PHI,35,2023-12-25,299,299,2099,Half1,0,9,0,2,4,0,04:59,PHI 35,1,38,(4:59) (Shotgun) 26-S.Barkley left guard to PHI 30 for 5 yards (57-B.VanSumeren).,run,5,1,0,0,0,0,0,NA,NA,NA,NA,left,guard,NA,NA,NA,NA,2,3,0,NA,NA,NA,NA,3,2,17,3,3,17,-14,3,17,-14,0.231500506401062,0.07831733673810959,8.07988690212369e-4,0.0966062843799591,0.2904454469680786,0.0015551323303952813,0.30076730251312256,0,0,2.067005744902417,1.771644964988809,13.15629105692021,-13.15629105692021,-1.2750976401148364,1.2750976401148364,11.88033752237371,-11.88033752237371,NA,NA,0,0,11.544152319023851,-11.544152319023851,-1.783010058104992,1.783010058104992,12.737853735045064,-12.737853735045064,-2.1891812664021852,2.1891812664021852,0.10865897685289383,0.8913410231471062,0.8913410231471062,0.10865897685289383,0.03415840119123459,0.010176410898566246,-0.010176410898566246,0.8571826219558716,0.14281737804412842,0.024525968357920647,0.9754740316420794,0.007736502434418924,-0.007736502434418924,0.1945593353109738,-0.1945593353109738,NA,NA,0,0,0.08633708953857422,-0.08633708953857422,0.0957112233834645,-0.0957112233834645,0.08435609936714172,-0.08435609936714172,0.1036087345080754,-0.1036087345080754,0,1,0,0,0,0,1,0,0,0,0,0,0,0,0,0,0,0,0,0,0,0,0,0,1,0,0,0,0,0,0,0,1,0,0,0,0,0,0,0,0,0,0,0,0,0,0,0,0,0,0,NA,NA,NA,NA,NA,NA,00-0034844,S.Barkley,5,NA,NA,NA,NA,NA,NA,NA,NA,NA,NA,NA,NA,NA,NA,NA,NA,NA,NA,NA,NA,NA,NA,NA,NA,NA,NA,NA,NA,NA,NA,NA,NA,NA,NA,NA,NA,NA,NA,NA,NA,NA,NA,PHI,NA,00-0038489,NA,B.VanSumeren,NA,NA,NA,NA,NA,NA,NA,NA,NA,NA,NA,NA,NA,0,NA,NA,NA,NA,NA,NA,NA,NA,NA,NA,NA,NA,NA,NA,NA,NA,NA,NA,NA,NA,NA,NA,NA,NA,NA,NA,NA,NA,NA,NA,NA,0,NA,NA,NA,NA,0,NA,NA,0,0,0,0,NA,NA,2023,NA,NA,21,1,First down,1841,"12/25/23, 16:35:39",2023-12-25T22:48:26.570Z,Lincoln Financial Field,"Cloudy Temp: 51° F, Humidity: 68%, Wind: NE 5 mph",cbaf6e72-f053-11ed-b4a7-bab79e4492fa,0,0,RUSH,0,NA,2023-12-25T22:48:29.923Z,NA,9,Turnover on downs,2023-12-25T22:41:28.920Z,12,5:40,2,0,0,2,2,4,PUNT,DOWNS,08:27,02:47,NYG 37,PHI 21,1619,1936,25,33,Home,8,58,14,41,1,outdoors,grass,51,5,Nick Sirianni,Brian Daboll,PHI00,Lincoln Financial Field,0,1,NA,NA,S.Barkley,26,NA,NA,0,1,1,0,1,NA,00-0034844,NA,S.Barkley,26,00-0034844,S.Barkley,00-0034844,S.Barkley,00-0034844,0,0,1.771644964988809,NA,NA,NA,NA,NA,0.26081302762031555,-26.081302762031555
1863,2023_16_NYG_PHI,2023122501,PHI,NYG,REG,16,NYG,away,PHI,PHI,30,2023-12-25,262,262,2062,Half1,0,9,0,2,1,0,04:22,PHI 30,10,38,(4:22) (Shotgun) 15-T.DeVito pass short left to 82-D.Bellinger to PHI 28 for 2 yards (22-K.Ringo).,pass,2,1,0,1,0,0,0,short,left,2,0,NA,NA,NA,NA,NA,NA,2,3,0,NA,NA,NA,NA,3,2,17,3,3,17,-14,3,17,-14,0.14038845896720886,0.03001832589507103,3.23575601214543e-4,0.041355621069669724,0.32292354106903076,9.723046096041799e-4,0.4640181362628937,0,0,3.838650709891226,-0.5666444170637988,13.722935473984009,-13.722935473984009,-1.2750976401148364,1.2750976401148364,12.446981939437508,-12.446981939437508,-0.5666444170637988,0,-0.5666444170637988,0,12.11079673608765,-12.11079673608765,-1.783010058104992,1.783010058104992,13.304498152108863,-13.304498152108863,-2.1891812664021852,2.1891812664021852,0.14281737804412842,0.8571826219558716,0.8571826219558716,0.14281737804412842,0.0038843899965286255,-2.7180835604667664e-4,2.7180835604667664e-4,0.853298231959343,0.14670176804065704,0.03470237925648689,0.9652976207435131,0.007736502434418924,-0.007736502434418924,0.19067494531444518,-0.19067494531444518,0.0038843899965286255,0,0.0038843899965286255,0,0.0824526995420456,-0.0824526995420456,0.0957112233834645,-0.0957112233834645,0.0804717093706131,-0.0804717093706131,0.1036087345080754,-0.1036087345080754,0,0,0,0,0,0,0,0,0,0,0,0,0,0,0,0,0,0,0,0,0,0,0,0,1,0,0,0,0,0,0,0,0,1,0,0,0,0,0,0,0,0,0,0,0,1,0,0,0,0,0,00-0038476,T.DeVito,2,00-0038115,D.Bellinger,2,NA,NA,NA,NA,NA,NA,NA,NA,NA,NA,NA,NA,NA,NA,NA,NA,NA,NA,NA,NA,NA,NA,NA,NA,NA,NA,NA,NA,NA,NA,NA,NA,NA,NA,NA,NA,NA,NA,NA,NA,NA,NA,NA,NA,NA,PHI,NA,00-0039140,NA,K.Ringo,NA,NA,NA,NA,NA,NA,NA,NA,NA,NA,NA,NA,NA,0,NA,NA,NA,NA,NA,NA,NA,NA,NA,NA,NA,NA,NA,NA,NA,NA,NA,NA,NA,NA,NA,NA,NA,NA,NA,NA,NA,NA,NA,NA,NA,0,NA,NA,NA,NA,0,NA,NA,0,0,0,0,NA,NA,2023,0.7902018427848816,20.97981572151184,22,0,Turnover on downs,1863,"12/25/23, 16:35:39",2023-12-25T22:49:03.573Z,Lincoln Financial Field,"Cloudy Temp: 51° F, Humidity: 68%, Wind: NE 5 mph",cbaf6e72-f053-11ed-b4a7-bab79e4492fa,0,0,PASS,0,NA,2023-12-25T22:49:08.860Z,NA,9,Turnover on downs,2023-12-25T22:41:28.920Z,12,5:40,2,0,0,2,2,4,PUNT,DOWNS,08:27,02:47,NYG 37,PHI 21,1619,1936,25,33,Home,8,58,14,41,1,outdoors,grass,51,5,Nick Sirianni,Brian Daboll,PHI00,Lincoln Financial Field,0,0,T.DeVito,15,NA,NA,D.Bellinger,82,1,0,0,0,1,00-0038476,NA,00-0038115,T.DeVito,15,00-0038476,D.Bellinger,00-0038115,D.Bellinger,00-0038115,0,0,-0.5666444170637988,0.8320165631738672,5.216193426284008,4,0.6278403191536199,0.23116762327845208,0.4993361234664917,50.06638765335083
1888,2023_16_NYG_PHI,2023122501,PHI,NYG,REG,16,NYG,away,PHI,PHI,28,2023-12-25,219,219,2019,Half1,0,9,0,2,2,0,03:39,PHI 28,8,38,(3:39) (Shotgun) 15-T.DeVito pass incomplete short right to 82-D.Bellinger.,pass,0,1,0,1,0,0,0,short,right,3,NA,NA,NA,NA,NA,NA,NA,2,3,0,NA,NA,NA,NA,3,2,17,3,3,17,-14,3,17,-14,0.17625674605369568,0.033429209142923355,3.32812312990427e-4,0.04335917532444,0.3860894739627838,0.0011045066639780998,0.3594280481338501,0,0,3.2720062928274274,-0.46620885300217196,14.189144326986181,-14.189144326986181,-1.2750976401148364,1.2750976401148364,12.91319079243968,-12.91319079243968,0.0327340749790892,-0.49894292798126116,0,0,12.11079673608765,-12.11079673608765,-1.783010058104992,1.783010058104992,13.271764077129774,-13.271764077129774,-1.6902383384209243,1.6902383384209243,0.14670176804065704,0.853298231959343,0.853298231959343,0.14670176804065704,-0.01281575858592987,-0.0028462857007980347,0.0028462857007980347,0.8661139905452728,0.13388600945472717,0.034430570900440216,0.9655694290995598,0.007736502434418924,-0.007736502434418924,0.20349070390037505,-0.20349070390037505,0,-0.01281575858592987,0,0,0.0824526995420456,-0.0824526995420456,0.0957112233834645,-0.0957112233834645,0.0804717093706131,-0.0804717093706131,0.11642449309400527,-0.11642449309400527,0,0,0,0,0,0,0,0,1,0,0,0,0,0,0,0,0,0,0,0,0,0,0,0,0,0,0,0,0,0,0,0,0,1,0,0,0,0,0,0,0,0,0,0,0,0,0,0,0,0,0,00-0038476,T.DeVito,NA,00-0038115,D.Bellinger,NA,NA,NA,NA,NA,NA,NA,NA,NA,NA,NA,NA,NA,NA,NA,NA,NA,NA,NA,NA,NA,NA,NA,NA,NA,NA,NA,NA,NA,NA,NA,NA,NA,NA,NA,NA,NA,NA,NA,NA,NA,NA,NA,NA,NA,NA,NA,NA,NA,NA,NA,NA,NA,NA,NA,NA,NA,NA,NA,NA,NA,NA,NA,NA,0,NA,NA,NA,NA,NA,NA,NA,NA,NA,NA,NA,NA,NA,NA,NA,NA,NA,NA,NA,NA,NA,NA,NA,NA,NA,NA,NA,NA,NA,NA,NA,0,NA,NA,NA,NA,0,NA,NA,0,0,0,0,NA,NA,2023,0.7614833116531372,-76.14833116531372,22,0,Turnover on downs,1888,"12/25/23, 16:35:39",2023-12-25T22:49:45.450Z,Lincoln Financial Field,"Cloudy Temp: 51° F, Humidity: 68%, Wind: NE 5 mph",cbaf6e72-f053-11ed-b4a7-bab79e4492fa,0,0,PASS,0,NA,2023-12-25T22:49:51.857Z,NA,9,Turnover on downs,2023-12-25T22:41:28.920Z,12,5:40,2,0,0,2,2,4,PUNT,DOWNS,08:27,02:47,NYG 37,PHI 21,1619,1936,25,33,Home,8,58,14,41,1,outdoors,grass,51,5,Nick Sirianni,Brian Daboll,PHI00,Lincoln Financial Field,0,0,T.DeVito,15,NA,NA,D.Bellinger,82,1,0,0,0,1,00-0038476,NA,00-0038115,T.DeVito,15,00-0038476,D.Bellinger,00-0038115,D.Bellinger,00-0038115,0,0,-0.46620885300217196,0.6617734365367018,4.356059332902078,3,0.9846700869384222,0.34363971574930474,0.7276746034622192,27.232539653778076
1911,2023_16_NYG_PHI,2023122501,PHI,NYG,REG,16,NYG,away,PHI,PHI,28,2023-12-25,212,212,2012,Half1,0,9,0,2,3,0,03:32,PHI 28,8,38,(3:32) (Shotgun) 15-T.DeVito pass short left to 82-D.Bellinger to PHI 21 for 7 yards (32-R.Blankenship).,pass,7,1,0,1,0,0,0,short,left,5,2,NA,NA,NA,NA,NA,NA,2,3,0,NA,NA,NA,NA,3,2,17,3,3,17,-14,3,17,-14,0.17562703788280487,0.039989765733480453,3.30535665852949e-4,0.051506660878658295,0.4588407874107361,0.00109695119317621,0.27260830998420715,0,0,2.8057974398252554,-0.09662992425728589,14.285774251243467,-14.285774251243467,-1.2750976401148364,1.2750976401148364,13.009820716696966,-13.009820716696966,-0.41352398169692606,0.31689405743964016,-0.41352398169692606,0.31689405743964016,12.524320717784576,-12.524320717784576,-2.099904115544632,2.099904115544632,13.6852880588267,-13.6852880588267,-2.0071323958605642,2.0071323958605642,0.13388600945472717,0.8661139905452728,0.8661139905452728,0.13388600945472717,0.005616515874862671,0.0024767033755779266,-0.0024767033755779266,0.8604974746704102,0.13950252532958984,0.03158428519964218,0.9684157148003578,0.007736502434418924,-0.007736502434418924,0.19787418802551238,-0.19787418802551238,0,0.005616515874862671,0,0.005616515874862671,0.0824526995420456,-0.0824526995420456,0.09009470750860182,-0.09009470750860182,0.0804717093706131,-0.0804717093706131,0.1108079772191426,-0.1108079772191426,0,0,0,0,0,1,0,0,0,0,0,0,0,0,0,0,0,0,0,0,0,0,0,0,1,0,0,0,0,0,0,0,0,1,0,0,0,0,0,0,0,0,0,0,0,1,0,0,0,0,0,00-0038476,T.DeVito,7,00-0038115,D.Bellinger,7,NA,NA,NA,NA,NA,NA,NA,NA,NA,NA,NA,NA,NA,NA,NA,NA,NA,NA,NA,NA,NA,NA,NA,NA,NA,NA,NA,NA,NA,NA,NA,NA,NA,NA,NA,NA,NA,NA,NA,NA,NA,NA,NA,NA,NA,PHI,NA,00-0037130,NA,R.Blankenship,NA,NA,NA,NA,NA,NA,NA,NA,NA,NA,NA,NA,NA,0,NA,NA,NA,NA,NA,NA,NA,NA,NA,NA,NA,NA,NA,NA,NA,NA,NA,NA,NA,NA,NA,NA,NA,NA,NA,NA,NA,NA,NA,NA,NA,0,NA,NA,NA,NA,0,NA,NA,0,0,0,0,NA,NA,2023,0.6907551288604736,30.924487113952637,22,0,Turnover on downs,1911,"12/25/23, 16:35:39",2023-12-25T22:50:31.193Z,Lincoln Financial Field,"Cloudy Temp: 51° F, Humidity: 68%, Wind: NE 5 mph",cbaf6e72-f053-11ed-b4a7-bab79e4492fa,0,0,PASS,0,NA,2023-12-25T22:50:36.273Z,NA,9,Turnover on downs,2023-12-25T22:41:28.920Z,12,5:40,2,0,0,2,2,4,PUNT,DOWNS,08:27,02:47,NYG 37,PHI 21,1619,1936,25,33,Home,8,58,14,41,1,outdoors,grass,51,5,Nick Sirianni,Brian Daboll,PHI00,Lincoln Financial Field,0,0,T.DeVito,15,NA,NA,D.Bellinger,82,1,0,0,0,1,00-0038476,NA,00-0038115,T.DeVito,15,00-0038476,D.Bellinger,00-0038115,D.Bellinger,00-0038115,0,0,-0.09662992425728589,1.0541078777810577,3.4532881502236705,2,0.41792372954660095,0.41792372954660095,0.9704174995422363,2.958250045776367
1936,2023_16_NYG_PHI,2023122501,PHI,NYG,REG,16,NYG,away,PHI,PHI,21,2023-12-25,170,170,1970,Half1,0,9,0,2,4,0,02:50,PHI 21,1,38,(2:50) 26-S.Barkley up the middle to PHI 25 for -4 yards (7-H.Reddick).,run,-4,0,0,0,0,0,0,NA,NA,NA,NA,middle,NA,NA,NA,NA,NA,2,3,0,NA,NA,NA,NA,3,2,17,3,3,17,-14,3,17,-14,0.21400122344493866,0.03187011554837227,3.7557227187789977e-4,0.05430034548044205,0.4257377088069916,0.0015174304135143757,0.2721976339817047,0,0,2.7091675155679695,-3.532455188629683,17.81822943987315,-17.81822943987315,2.2573575485148467,-2.2573575485148467,13.009820716696966,-13.009820716696966,NA,NA,0,0,12.524320717784576,-12.524320717784576,-2.099904115544632,2.099904115544632,13.6852880588267,-13.6852880588267,-2.0071323958605642,2.0071323958605642,0.13950252532958984,0.8604974746704102,0.8604974746704102,0.13950252532958984,-0.06608778238296509,-0.018721435219049454,0.018721435219049454,0.9265852570533752,0.07341474294662476,0.03406098857522011,0.9659390114247799,0.07382428481738401,-0.07382428481738401,0.19787418802551238,-0.19787418802551238,NA,NA,0,0,0.0824526995420456,-0.0824526995420456,0.09009470750860182,-0.09009470750860182,0.0804717093706131,-0.0804717093706131,0.1108079772191426,-0.1108079772191426,0,0,0,0,0,0,0,1,0,0,0,0,0,0,0,0,0,0,0,0,0,0,0,0,1,0,0,1,0,0,0,0,1,0,0,0,0,0,0,0,0,0,0,0,0,0,0,0,0,0,0,NA,NA,NA,NA,NA,NA,00-0034844,S.Barkley,-4,NA,NA,NA,NA,NA,NA,NA,NA,NA,NA,NA,NA,NA,NA,NA,NA,NA,NA,NA,NA,NA,NA,NA,NA,NA,NA,NA,NA,00-0033875,H.Reddick,NA,NA,NA,NA,NA,NA,NA,NA,NA,NA,NA,NA,PHI,NA,00-0033875,NA,H.Reddick,NA,NA,NA,NA,NA,NA,NA,NA,NA,NA,NA,NA,NA,0,NA,NA,NA,NA,NA,NA,NA,NA,NA,NA,NA,NA,NA,NA,NA,NA,NA,NA,NA,NA,NA,NA,NA,NA,NA,NA,NA,NA,NA,NA,NA,0,NA,NA,NA,NA,0,NA,NA,0,0,0,0,NA,NA,2023,NA,NA,22,0,Turnover on downs,1936,"12/25/23, 16:35:39",2023-12-25T22:51:13Z,Lincoln Financial Field,"Cloudy Temp: 51° F, Humidity: 68%, Wind: NE 5 mph",cbaf6e72-f053-11ed-b4a7-bab79e4492fa,0,0,RUSH,0,NA,NA,NA,9,Turnover on downs,2023-12-25T22:41:28.920Z,12,5:40,2,0,0,2,2,4,PUNT,DOWNS,08:27,02:47,NYG 37,PHI 21,1619,1936,25,33,Home,8,58,14,41,1,outdoors,grass,51,5,Nick Sirianni,Brian Daboll,PHI00,Lincoln Financial Field,0,0,NA,NA,S.Barkley,26,NA,NA,0,1,0,0,1,NA,00-0034844,NA,S.Barkley,26,00-0034844,S.Barkley,00-0034844,S.Barkley,00-0034844,0,0,-3.532455188629683,NA,NA,NA,NA,NA,0.2852393388748169,-28.52393388748169
1958,2023_16_NYG_PHI,2023122501,PHI,NYG,REG,16,PHI,home,NYG,PHI,75,2023-12-25,167,167,1967,Half1,0,10,0,2,1,0,02:47,PHI 25,10,72,(2:47) (Shotgun) 1-J.Hurts pass short left to 14-K.Gainwell pushed ob at PHI 44 for 19 yards (55-J.Ward).,pass,19,1,0,1,0,0,0,short,left,-1,20,NA,NA,NA,NA,NA,NA,2,3,0,NA,NA,NA,NA,2,3,17,3,17,3,14,17,3,14,0.46964702010154724,0.0905798077583313,8.639061124995351e-4,0.09924288094043732,0.14323848485946655,0.002651110291481018,0.19377677142620087,0,0,0.8232876730617136,1.0060232032556087,18.82425264312876,-18.82425264312876,2.2573575485148467,-2.2573575485148467,14.015843919952575,-14.015843919952575,-0.5892443060874939,1.5952675093431026,-0.5892443060874939,1.5952675093431026,11.935076411697082,-11.935076411697082,-0.5046366062015295,0.5046366062015295,13.096043752739206,-13.096043752739206,-0.4118648865174619,0.4118648865174619,0.9265852570533752,0.07341474294662476,0.9265852570533752,0.07341474294662476,0.012011826038360596,7.599592208862305e-4,7.599592208862305e-4,0.9385970830917358,0.06140291690826416,0.9846604466438293,0.9846604466438293,0.07382428481738401,-0.07382428481738401,0.20988601406387297,-0.20988601406387297,0,0.012011826038360596,0,0.012011826038360596,0.0824526995420456,-0.0824526995420456,0.10210653354696242,-0.10210653354696242,0.0804717093706131,-0.0804717093706131,0.12281980325750319,-0.12281980325750319,0,0,1,0,0,0,0,0,0,0,0,0,0,0,0,0,0,0,0,0,0,0,0,0,1,0,0,0,0,0,0,0,0,1,0,0,0,0,0,0,0,0,0,0,0,1,0,0,0,0,0,00-0036389,J.Hurts,19,00-0036919,K.Gainwell,19,NA,NA,NA,NA,NA,NA,NA,NA,NA,NA,NA,NA,NA,NA,NA,NA,NA,NA,NA,NA,NA,NA,NA,NA,NA,NA,NA,NA,NA,NA,NA,NA,NA,NA,NA,NA,NA,NA,NA,NA,NA,NA,NA,NA,NA,NYG,NA,00-0033046,NA,J.Ward,NA,NA,NA,NA,NA,NA,NA,NA,NA,NA,NA,NA,NA,0,NA,NA,NA,NA,NA,NA,NA,NA,NA,NA,NA,NA,NA,NA,NA,NA,NA,NA,NA,NA,NA,NA,NA,NA,NA,NA,NA,NA,NA,NA,NA,0,NA,NA,NA,NA,0,NA,NA,0,0,0,0,NA,NA,2023,0.8754351735115051,12.456482648849487,23,1,First down,1958,"12/25/23, 16:35:39",2023-12-25T22:54:18.723Z,Lincoln Financial Field,"Cloudy Temp: 51° F, Humidity: 68%, Wind: NE 5 mph",cbaf6e72-f053-11ed-b4a7-bab79e4492fa,0,0,PASS,0,NA,2023-12-25T22:54:28.533Z,NA,10,Field goal,2023-12-25T22:54:18.723Z,11,2:47,4,1,1,2,2,3,DOWNS,FIELD_GOAL,02:47,00:00,PHI 25,NYG 3,1958,2255,25,33,Home,8,58,14,41,1,outdoors,grass,51,5,Nick Sirianni,Brian Daboll,PHI00,Lincoln Financial Field,0,1,J.Hurts,1,NA,NA,K.Gainwell,14,1,0,1,0,1,00-0036389,NA,00-0036919,J.Hurts,1,00-0036389,K.Gainwell,00-0036919,K.Gainwell,00-0036919,1,0,1.0060232032556087,0.7314454035049748,7.746589414986374,6,0.5747241378994659,0.2214864940615371,0.5339752435684204,46.60247564315796
1995,2023_16_NYG_PHI,2023122501,PHI,NYG,REG,16,PHI,home,NYG,PHI,56,2023-12-25,133,133,1933,Half1,0,10,0,2,1,0,02:13,PHI 44,10,72,"(2:13) (No Huddle, Shotgun) 1-J.Hurts pass short left to 14-K.Gainwell to NYG 43 for 13 yards (29-X.McKinney).",pass,13,1,1,1,0,0,0,short,left,-1,14,NA,NA,NA,NA,NA,NA,2,3,0,NA,NA,NA,NA,2,3,17,3,17,3,14,17,3,14,0.42002129554748535,0.05504602566361427,5.634776316583157e-4,0.06430087238550186,0.18893171846866608,0.0038139130920171738,0.26732271909713745,0,0,1.8293108763173223,0.6971752826939337,19.521427925822692,-19.521427925822692,2.2573575485148467,-2.2573575485148467,14.713019202646509,-14.713019202646509,-0.503374480176717,1.2005497628706507,-0.503374480176717,1.2005497628706507,11.431701931520365,-11.431701931520365,0.6959131566691212,-0.6959131566691212,12.592669272562489,-12.592669272562489,0.7886848763531888,-0.7886848763531888,0.9385970830917358,0.06140291690826416,0.9385970830917358,0.06140291690826416,8.259415626525879e-4,0.0017573237419128418,0.0017573237419128418,0.9394230246543884,0.06057697534561157,0.9854204058647156,0.9854204058647156,0.07382428481738401,-0.07382428481738401,0.21071195562652556,-0.21071195562652556,0,8.259415626525879e-4,0,8.259415626525879e-4,0.0824526995420456,-0.0824526995420456,0.10293247510961501,-0.10293247510961501,0.0804717093706131,-0.0804717093706131,0.12364574482015578,-0.12364574482015578,0,0,1,0,0,0,0,0,0,0,0,0,0,0,0,0,0,0,0,0,0,0,0,0,1,0,0,0,0,0,0,0,0,1,0,0,0,0,0,0,0,0,0,0,0,1,0,0,0,0,0,00-0036389,J.Hurts,13,00-0036919,K.Gainwell,13,NA,NA,NA,NA,NA,NA,NA,NA,NA,NA,NA,NA,NA,NA,NA,NA,NA,NA,NA,NA,NA,NA,NA,NA,NA,NA,NA,NA,NA,NA,NA,NA,NA,NA,NA,NA,NA,NA,NA,NA,NA,NA,NA,NA,NA,NYG,NA,00-0036388,NA,X.McKinney,NA,NA,NA,NA,NA,NA,NA,NA,NA,NA,NA,NA,NA,0,NA,NA,NA,NA,NA,NA,NA,NA,NA,NA,NA,NA,NA,NA,NA,NA,NA,NA,NA,NA,NA,NA,NA,NA,NA,NA,NA,NA,NA,NA,NA,0,NA,NA,NA,NA,0,NA,NA,0,0,0,0,NA,NA,2023,0.8706024289131165,12.939757108688354,24,1,First down,1995,"12/25/23, 16:35:39",2023-12-25T22:54:56.160Z,Lincoln Financial Field,"Cloudy Temp: 51° F, Humidity: 68%, Wind: NE 5 mph",cbaf6e72-f053-11ed-b4a7-bab79e4492fa,0,0,PASS,0,NA,2023-12-25T22:55:02.823Z,NA,10,Field goal,2023-12-25T22:54:18.723Z,11,2:47,4,1,1,2,2,3,DOWNS,FIELD_GOAL,02:47,00:00,PHI 25,NYG 3,1958,2255,25,33,Home,8,58,14,41,1,outdoors,grass,51,5,Nick Sirianni,Brian Daboll,PHI00,Lincoln Financial Field,0,1,J.Hurts,1,NA,NA,K.Gainwell,14,1,0,1,0,1,00-0036389,NA,00-0036919,J.Hurts,1,00-0036389,K.Gainwell,00-0036919,K.Gainwell,00-0036919,0,0,0.6971752826939337,0.7027476365468088,7.629166479207925,6,0.5672911005676724,0.22061500052222982,0.5592567324638367,44.07432675361633
2020,2023_16_NYG_PHI,2023122501,PHI,NYG,REG,16,PHI,home,NYG,NYG,43,2023-12-25,120,120,1920,Half1,0,10,0,2,1,0,02:00,NYG 43,10,72,(2:00) (Shotgun) 1-J.Hurts pass short right to 88-D.Goedert to NYG 37 for 6 yards (27-J.Pinnock).,pass,6,1,0,1,0,0,0,short,right,0,6,NA,NA,NA,NA,NA,NA,2,3,0,NA,NA,NA,NA,2,3,17,3,17,3,14,17,3,14,0.37980765104293823,0.04165072366595268,3.000604046974331e-4,0.0365157313644886,0.21676598489284515,0.003473695134744048,0.3214861750602722,0,0,2.526486159011256,0.3360940546845086,19.8575219805072,-19.8575219805072,2.2573575485148467,-2.2573575485148467,15.049113257331017,-15.049113257331017,-0.4356059724232182,0.7717000271077268,-0.4356059724232182,0.7717000271077268,10.996095959097147,-10.996095959097147,1.467613183776848,-1.467613183776848,12.15706330013927,-12.15706330013927,1.5603849034609156,-1.5603849034609156,0.9394230246543884,0.06057697534561157,0.9394230246543884,0.06057697534561157,0.0034567713737487793,-5.68091869354248e-4,-5.68091869354248e-4,0.9428797960281372,0.05712020397186279,0.9871777296066284,0.9871777296066284,0.07382428481738401,-0.07382428481738401,0.21416872700027434,-0.21416872700027434,0,0.0034567713737487793,0,0.0034567713737487793,0.0824526995420456,-0.0824526995420456,0.10638924648336379,-0.10638924648336379,0.0804717093706131,-0.0804717093706131,0.12710251619390456,-0.12710251619390456,0,0,0,0,0,0,0,0,0,0,0,0,0,0,0,0,0,0,0,0,0,0,0,0,1,0,0,0,0,0,0,0,0,1,0,0,0,0,0,0,0,0,0,0,0,1,0,0,0,0,0,00-0036389,J.Hurts,6,00-0034351,D.Goedert,6,NA,NA,NA,NA,NA,NA,NA,NA,NA,NA,NA,NA,NA,NA,NA,NA,NA,NA,NA,NA,NA,NA,NA,NA,NA,NA,NA,NA,NA,NA,NA,NA,NA,NA,NA,NA,NA,NA,NA,NA,NA,NA,NA,NA,NA,NYG,NA,00-0036502,NA,J.Pinnock,NA,NA,NA,NA,NA,NA,NA,NA,NA,NA,NA,NA,NA,0,NA,NA,NA,NA,NA,NA,NA,NA,NA,NA,NA,NA,NA,NA,NA,NA,NA,NA,NA,NA,NA,NA,NA,NA,NA,NA,NA,NA,NA,NA,NA,0,NA,NA,NA,NA,0,NA,NA,0,0,0,0,NA,NA,2023,0.7362980246543884,26.370197534561157,25,1,First down,2020,"12/25/23, 16:35:39",2023-12-25T22:58:07.817Z,Lincoln Financial Field,"Cloudy Temp: 51° F, Humidity: 68%, Wind: NE 5 mph",cbaf6e72-f053-11ed-b4a7-bab79e4492fa,0,0,PASS,0,NA,2023-12-25T22:58:12.057Z,NA,10,Field goal,2023-12-25T22:54:18.723Z,11,2:47,4,1,1,2,2,3,DOWNS,FIELD_GOAL,02:47,00:00,PHI 25,NYG 3,1958,2255,25,33,Home,8,58,14,41,1,outdoors,grass,51,5,Nick Sirianni,Brian Daboll,PHI00,Lincoln Financial Field,0,1,J.Hurts,1,NA,NA,D.Goedert,88,1,0,0,0,1,00-0036389,NA,00-0034351,J.Hurts,1,00-0036389,D.Goedert,00-0034351,D.Goedert,00-0034351,0,0,0.3360940546845086,0.7279623517945515,7.052935255225748,6,0.6076611548778601,0.23739102185936645,0.6576705574989319,34.23294425010681
2052,2023_16_NYG_PHI,2023122501,PHI,NYG,REG,16,PHI,home,NYG,NYG,37,2023-12-25,94,94,1894,Half1,0,10,0,2,2,0,01:34,NYG 37,4,72,"(1:34) (No Huddle, Shotgun) 1-J.Hurts pass incomplete short right to 11-A.Brown (91-As.Robinson).",pass,0,1,1,1,0,0,0,short,right,-7,NA,NA,NA,NA,NA,NA,NA,2,3,0,NA,NA,NA,NA,2,3,17,3,17,3,14,17,3,14,0.33703750371932983,0.03590039908885956,2.7849909383803606e-4,0.02854536846280098,0.2519673705101013,0.0018284433754161,0.3444424271583557,0,0,2.8625802136957645,-0.43040587374707684,19.427116106760124,-19.427116106760124,2.2573575485148467,-2.2573575485148467,14.61870738358394,-14.61870738358394,-1.2556579648517072,0.8252520911046304,0,0,10.996095959097147,-10.996095959097147,1.467613183776848,-1.467613183776848,10.901405335287564,-10.901405335287564,2.3856369945655462,-2.3856369945655462,0.9428797960281372,0.05712020397186279,0.9428797960281372,0.05712020397186279,-0.008869528770446777,-9.900927543640137e-4,-9.900927543640137e-4,0.9340102672576904,0.06598973274230957,0.9866096377372742,0.9866096377372742,0.07382428481738401,-0.07382428481738401,0.20529919822982756,-0.20529919822982756,0,-0.008869528770446777,0,0,0.0824526995420456,-0.0824526995420456,0.10638924648336379,-0.10638924648336379,0.0804717093706131,-0.0804717093706131,0.11823298742345778,-0.11823298742345778,0,0,0,0,0,0,0,0,1,0,0,0,0,0,0,0,0,0,0,0,0,0,0,0,0,0,0,0,0,0,0,0,0,1,0,0,0,0,0,0,0,0,0,0,0,0,0,0,0,0,0,00-0036389,J.Hurts,NA,00-0035676,A.Brown,NA,NA,NA,NA,NA,NA,NA,NA,NA,NA,NA,NA,NA,NA,NA,NA,NA,NA,NA,NA,NA,NA,NA,NA,NA,NA,NA,NA,NA,NA,NA,NA,NA,NA,NA,NA,NA,NA,NA,NA,NA,NA,NA,NA,NA,NA,NA,NA,NA,NA,NA,NA,NA,NA,NA,NA,NA,NA,NA,NA,NA,NA,NA,NA,0,NA,NA,NA,NA,NA,NA,00-0032889,As.Robinson,NA,NA,NA,NA,NA,NA,NA,NA,NA,NA,NA,NA,NA,NA,NA,NA,NA,NA,NA,NA,NA,NA,NA,0,NA,NA,NA,NA,0,NA,NA,0,0,0,0,NA,NA,2023,0.840756356716156,-84.0756356716156,25,1,First down,2052,"12/25/23, 16:35:39",2023-12-25T22:58:33.343Z,Lincoln Financial Field,"Cloudy Temp: 51° F, Humidity: 68%, Wind: NE 5 mph",cbaf6e72-f053-11ed-b4a7-bab79e4492fa,0,0,PASS,0,NA,2023-12-25T22:58:37.713Z,NA,10,Field goal,2023-12-25T22:54:18.723Z,11,2:47,4,1,1,2,2,3,DOWNS,FIELD_GOAL,02:47,00:00,PHI 25,NYG 3,1958,2255,25,33,Home,8,58,14,41,1,outdoors,grass,51,5,Nick Sirianni,Brian Daboll,PHI00,Lincoln Financial Field,0,0,J.Hurts,1,NA,NA,A.Brown,11,1,0,0,0,1,00-0036389,NA,00-0035676,J.Hurts,1,00-0036389,A.Brown,00-0035676,A.Brown,00-0035676,0,0,-0.43040587374707684,1.3419287736865926,11.447398627264192,10,0.517046581779141,0.44890503940405324,0.7726167440414429,22.738325595855713
2075,2023_16_NYG_PHI,2023122501,PHI,NYG,REG,16,PHI,home,NYG,NYG,37,2023-12-25,90,90,1890,Half1,0,10,0,2,3,0,01:30,NYG 37,4,72,(1:30) (Shotgun) 1-J.Hurts right end to NYG 32 for 5 yards (25-D.Banks).,run,5,1,0,0,0,0,0,NA,NA,NA,NA,right,end,NA,NA,NA,NA,2,3,0,NA,NA,NA,NA,2,3,17,3,17,3,14,17,3,14,0.3723016381263733,0.048494935035705566,3.061254683416337e-4,0.034464605152606964,0.2452484369277954,0.00210224068723619,0.29708197712898254,0,0,2.4321743399486877,0.7807774489629082,20.207893555723032,-20.207893555723032,3.038134997477755,-3.038134997477755,14.61870738358394,-14.61870738358394,NA,NA,0,0,10.996095959097147,-10.996095959097147,1.467613183776848,-1.467613183776848,10.901405335287564,-10.901405335287564,2.3856369945655462,-2.3856369945655462,0.9340102672576904,0.06598973274230957,0.9340102672576904,0.06598973274230957,0.007943928241729736,0.0020734667778015137,0.0020734667778015137,0.9419541954994202,0.058045804500579834,0.9856195449829102,0.9856195449829102,0.08176821305911375,-0.08176821305911375,0.20529919822982756,-0.20529919822982756,NA,NA,0,0,0.0824526995420456,-0.0824526995420456,0.10638924648336379,-0.10638924648336379,0.0804717093706131,-0.0804717093706131,0.11823298742345778,-0.11823298742345778,0,1,0,0,1,0,0,0,0,0,0,0,0,0,0,0,0,0,0,0,0,0,0,0,1,0,0,0,0,0,0,0,1,0,0,0,0,0,0,0,0,0,0,0,0,0,0,0,0,0,0,NA,NA,NA,NA,NA,NA,00-0036389,J.Hurts,5,NA,NA,NA,NA,NA,NA,NA,NA,NA,NA,NA,NA,NA,NA,NA,NA,NA,NA,NA,NA,NA,NA,NA,NA,NA,NA,NA,NA,NA,NA,NA,NA,NA,NA,NA,NA,NA,NA,NA,NA,NA,NA,NYG,NA,00-0039000,NA,D.Banks,NA,NA,NA,NA,NA,NA,NA,NA,NA,NA,NA,NA,NA,0,NA,NA,NA,NA,NA,NA,NA,NA,NA,NA,NA,NA,NA,NA,NA,NA,NA,NA,NA,NA,NA,NA,NA,NA,NA,NA,NA,NA,NA,NA,NA,0,NA,NA,NA,NA,0,NA,NA,0,0,0,0,NA,NA,2023,NA,NA,25,1,First down,2075,"12/25/23, 16:35:39",2023-12-25T22:59:14.687Z,Lincoln Financial Field,"Cloudy Temp: 51° F, Humidity: 68%, Wind: NE 5 mph",cbaf6e72-f053-11ed-b4a7-bab79e4492fa,0,0,RUSH,0,NA,2023-12-25T22:59:19.523Z,NA,10,Field goal,2023-12-25T22:54:18.723Z,11,2:47,4,1,1,2,2,3,DOWNS,FIELD_GOAL,02:47,00:00,PHI 25,NYG 3,1958,2255,25,33,Home,8,58,14,41,1,outdoors,grass,51,5,Nick Sirianni,Brian Daboll,PHI00,Lincoln Financial Field,0,1,NA,NA,J.Hurts,1,NA,NA,0,1,1,0,1,NA,00-0036389,NA,J.Hurts,1,00-0036389,J.Hurts,00-0036389,J.Hurts,00-0036389,0,0,0.7807774489629082,NA,NA,NA,NA,NA,0.9485211372375488,-94.85211372375488
2097,2023_16_NYG_PHI,2023122501,PHI,NYG,REG,16,PHI,home,NYG,NYG,32,2023-12-25,65,65,1865,Half1,0,10,0,2,1,0,01:05,NYG 32,10,72,"(1:05) (No Huddle, Shotgun) 1-J.Hurts pass incomplete short right.",pass,0,1,1,1,0,0,0,short,right,7,NA,NA,NA,NA,NA,NA,NA,2,3,0,NA,NA,NA,NA,2,3,17,3,17,3,14,17,3,14,0.26878440380096436,0.027149096131324768,2.750554122030735e-4,0.01921558566391468,0.33991336822509766,5.838858196511865e-4,0.3440786302089691,0,0,3.212951788911596,-0.23751428362447768,19.970379272098555,-19.970379272098555,3.038134997477755,-3.038134997477755,14.381193099959463,-14.381193099959463,0.4941014901851304,-0.7316157738096081,0,0,10.996095959097147,-10.996095959097147,1.467613183776848,-1.467613183776848,11.395506825472694,-11.395506825472694,1.654021220755938,-1.654021220755938,0.9419541954994202,0.058045804500579834,0.9419541954994202,0.058045804500579834,-0.001590132713317871,-8.795857429504395e-4,-8.795857429504395e-4,0.9403640627861023,0.059635937213897705,0.9876930117607117,0.9876930117607117,0.08176821305911375,-0.08176821305911375,0.2037090655165097,-0.2037090655165097,0,-0.001590132713317871,0,0,0.0824526995420456,-0.0824526995420456,0.10638924648336379,-0.10638924648336379,0.0804717093706131,-0.0804717093706131,0.11664285471013991,-0.11664285471013991,0,0,0,0,0,0,0,0,1,0,0,0,0,0,0,0,0,0,0,0,0,0,0,0,0,0,0,0,0,0,0,0,0,1,0,0,0,0,0,0,0,0,0,0,0,0,0,0,0,0,0,00-0036389,J.Hurts,NA,NA,NA,NA,NA,NA,NA,NA,NA,NA,NA,NA,NA,NA,NA,NA,NA,NA,NA,NA,NA,NA,NA,NA,NA,NA,NA,NA,NA,NA,NA,NA,NA,NA,NA,NA,NA,NA,NA,NA,NA,NA,NA,NA,NA,NA,NA,NA,NA,NA,NA,NA,NA,NA,NA,NA,NA,NA,NA,NA,NA,NA,NA,NA,NA,NA,NA,0,NA,NA,NA,NA,NA,NA,NA,NA,NA,NA,NA,NA,NA,NA,NA,NA,NA,NA,NA,NA,NA,NA,NA,NA,NA,NA,NA,NA,NA,NA,NA,0,NA,NA,NA,NA,0,NA,NA,0,0,0,0,NA,NA,2023,NA,NA,26,1,First down,2097,"12/25/23, 16:35:39",2023-12-25T22:59:39.477Z,Lincoln Financial Field,"Cloudy Temp: 51° F, Humidity: 68%, Wind: NE 5 mph",cbaf6e72-f053-11ed-b4a7-bab79e4492fa,0,0,PASS,0,NA,2023-12-25T22:59:45.963Z,NA,10,Field goal,2023-12-25T22:54:18.723Z,11,2:47,4,1,1,2,2,3,DOWNS,FIELD_GOAL,02:47,00:00,PHI 25,NYG 3,1958,2255,25,33,Home,8,58,14,41,1,outdoors,grass,51,5,Nick Sirianni,Brian Daboll,PHI00,Lincoln Financial Field,0,0,J.Hurts,1,NA,NA,NA,NA,1,0,0,0,1,00-0036389,NA,NA,J.Hurts,1,00-0036389,NA,NA,NA,NA,0,0,-0.23751428362447768,NA,NA,NA,NA,NA,0.8523040413856506,14.769595861434937
2120,2023_16_NYG_PHI,2023122501,PHI,NYG,REG,16,PHI,home,NYG,NYG,32,2023-12-25,58,58,1858,Half1,0,10,0,2,2,0,00:58,NYG 32,10,72,"(:58) (Shotgun) 14-K.Gainwell left end to NYG 28 for 4 yards (27-J.Pinnock). FUMBLES (27-J.Pinnock), ball out of bounds at NYG 28.",run,4,1,0,0,0,0,0,NA,NA,NA,NA,left,end,NA,NA,NA,NA,2,3,0,NA,NA,NA,NA,2,3,17,3,17,3,14,17,3,14,0.2809346616268158,0.03047071397304535,2.717114984989166e-4,0.018492449074983597,0.37233445048332214,5.270476103760302e-4,0.2969689667224884,0,0,2.9754375052871183,-0.14114166900981218,19.829237603088743,-19.829237603088743,2.8969933284679428,-2.8969933284679428,14.381193099959463,-14.381193099959463,NA,NA,0,0,10.996095959097147,-10.996095959097147,1.467613183776848,-1.467613183776848,11.395506825472694,-11.395506825472694,1.654021220755938,-1.654021220755938,0.9403640627861023,0.059635937213897705,0.9403640627861023,0.059635937213897705,-0.0075029730796813965,4.4608116149902344e-4,4.4608116149902344e-4,0.9328610897064209,0.0671389102935791,0.9868134260177612,0.9868134260177612,0.07426523997943235,-0.07426523997943235,0.2037090655165097,-0.2037090655165097,NA,NA,0,0,0.0824526995420456,-0.0824526995420456,0.10638924648336379,-0.10638924648336379,0.0804717093706131,-0.0804717093706131,0.11664285471013991,-0.11664285471013991,0,0,0,0,0,0,0,0,0,0,0,0,0,0,0,0,0,0,0,0,0,1,0,1,1,0,0,0,0,0,0,0,1,0,0,0,0,0,0,0,0,0,0,0,1,0,0,0,0,0,0,NA,NA,NA,NA,NA,NA,00-0036919,K.Gainwell,4,NA,NA,NA,NA,NA,NA,NA,NA,NA,NA,NA,NA,NA,NA,NA,NA,NA,NA,NA,NA,NA,NA,NA,NA,NA,NA,NA,NA,NA,NA,NA,NA,NA,NA,NA,NA,NYG,00-0036502,J.Pinnock,NA,NA,NA,NYG,NA,00-0036502,NA,J.Pinnock,NA,NA,NA,NA,NA,NA,NA,NA,NA,NA,NA,NA,NA,0,NA,NA,NA,NA,NA,NA,NA,NA,NA,NA,PHI,00-0036919,K.Gainwell,NA,NA,NA,NA,NA,NA,NA,NA,NA,NA,NA,NA,NA,NA,NA,NA,NA,NA,0,NA,NA,NA,NA,0,NA,NA,0,0,0,0,NA,NA,2023,NA,NA,26,1,First down,2120,"12/25/23, 16:35:39",2023-12-25T23:00:25.423Z,Lincoln Financial Field,"Cloudy Temp: 51° F, Humidity: 68%, Wind: NE 5 mph",cbaf6e72-f053-11ed-b4a7-bab79e4492fa,0,0,RUSH,0,NA,2023-12-25T23:00:31.127Z,NA,10,Field goal,2023-12-25T22:54:18.723Z,11,2:47,4,1,1,2,2,3,DOWNS,FIELD_GOAL,02:47,00:00,PHI 25,NYG 3,1958,2255,25,33,Home,8,58,14,41,1,outdoors,grass,51,5,Nick Sirianni,Brian Daboll,PHI00,Lincoln Financial Field,0,0,NA,NA,K.Gainwell,14,NA,NA,0,1,0,0,1,NA,00-0036919,NA,K.Gainwell,14,00-0036919,K.Gainwell,00-0036919,K.Gainwell,00-0036919,0,0,-0.14114166900981218,NA,NA,NA,NA,NA,0.8824270963668823,-88.24270963668823
2163,2023_16_NYG_PHI,2023122501,PHI,NYG,REG,16,NA,NA,NA,NA,NA,2023-12-25,31,31,1831,Half1,0,10,0,2,NA,0,00:31,NYG 28,0,72,Timeout #2 by PHI at 00:31.,no_play,0,0,0,0,0,0,0,NA,NA,NA,NA,NA,NA,NA,NA,NA,NA,1,3,1,PHI,NA,NA,NA,NA,NA,17,3,NA,NA,NA,NA,NA,NA,0,0,0,0,0,0,0,0,0,2.834295836277306,0,19.829237603088743,-19.829237603088743,2.8969933284679428,-2.8969933284679428,14.381193099959463,-14.381193099959463,NA,NA,0,0,10.996095959097147,-10.996095959097147,1.467613183776848,-1.467613183776848,11.395506825472694,-11.395506825472694,1.654021220755938,-1.654021220755938,0.9328610897064209,0.0671389102935791,0.9328610897064209,0.0671389102935791,0,0,0,NA,NA,0.9872595071792603,0.9872595071792603,0.07426523997943235,-0.07426523997943235,0.2037090655165097,-0.2037090655165097,NA,NA,0,0,0.0824526995420456,-0.0824526995420456,0.10638924648336379,-0.10638924648336379,0.0804717093706131,-0.0804717093706131,0.11664285471013991,-0.11664285471013991,0,0,0,0,0,0,0,0,0,0,0,0,0,0,0,0,0,0,0,0,0,0,0,0,0,0,0,0,0,0,0,0,0,0,0,0,0,0,0,0,0,0,0,0,0,0,0,0,0,0,0,NA,NA,NA,NA,NA,NA,NA,NA,NA,NA,NA,NA,NA,NA,NA,NA,NA,NA,NA,NA,NA,NA,NA,NA,NA,NA,NA,NA,NA,NA,NA,NA,NA,NA,NA,NA,NA,NA,NA,NA,NA,NA,NA,NA,NA,NA,NA,NA,NA,NA,NA,NA,NA,NA,NA,NA,NA,NA,NA,NA,NA,NA,NA,NA,NA,NA,NA,NA,NA,0,NA,NA,NA,NA,NA,NA,NA,NA,NA,NA,NA,NA,NA,NA,NA,NA,NA,NA,NA,NA,NA,NA,NA,NA,NA,NA,NA,NA,NA,NA,NA,0,NA,NA,NA,NA,0,NA,NA,0,0,0,0,NA,NA,2023,NA,NA,26,1,First down,2135,"12/25/23, 16:35:39",2023-12-25T23:01:02Z,Lincoln Financial Field,"Cloudy Temp: 51° F, Humidity: 68%, Wind: NE 5 mph",cbaf6e72-f053-11ed-b4a7-bab79e4492fa,0,0,TIMEOUT,0,NA,NA,NA,10,Field goal,2023-12-25T22:54:18.723Z,11,2:47,4,1,1,2,2,3,DOWNS,FIELD_GOAL,02:47,00:00,PHI 25,NYG 3,1958,2255,25,33,Home,8,58,14,41,1,outdoors,grass,51,5,Nick Sirianni,Brian Daboll,PHI00,Lincoln Financial Field,0,0,NA,NA,NA,NA,NA,NA,0,0,0,0,0,NA,NA,NA,NA,NA,NA,NA,NA,NA,NA,0,0,0,NA,NA,NA,NA,NA,NA,NA
2151,2023_16_NYG_PHI,2023122501,PHI,NYG,REG,16,PHI,home,NYG,NYG,28,2023-12-25,31,31,1831,Half1,0,10,0,2,3,0,00:31,NYG 28,6,72,(:31) (Shotgun) 1-J.Hurts pass short right to 6-D.Smith pushed ob at NYG 9 for 19 yards (19-I.Simmons).,pass,19,1,0,1,0,0,0,short,right,10,9,NA,NA,NA,NA,NA,NA,1,3,0,NA,NA,NA,NA,1,3,17,3,17,3,14,17,3,14,0.2757805585861206,0.011145939119160175,2.684962237253785e-4,0.009243255481123924,0.4975764751434326,3.305176505818963e-4,0.20565471053123474,0,0,2.834295836277306,1.790446372673614,21.619683975762356,-21.619683975762356,2.8969933284679428,-2.8969933284679428,16.171639472633075,-16.171639472633075,1.1199886458343826,0.6704577268392313,1.1199886458343826,0.6704577268392313,12.11608460493153,-12.11608460493153,2.1380709106160793,-2.1380709106160793,12.515495471307077,-12.515495471307077,2.3244789475951695,-2.3244789475951695,0.9328610897064209,0.0671389102935791,0.9328610897064209,0.0671389102935791,0.01774376630783081,0.00432586669921875,0.00432586669921875,0.9506048560142517,0.04939514398574829,0.9872595071792603,0.9872595071792603,0.07426523997943235,-0.07426523997943235,0.2214528318243405,-0.2214528318243405,0,0.01774376630783081,0,0.01774376630783081,0.0824526995420456,-0.0824526995420456,0.1241330127911946,-0.1241330127911946,0.0804717093706131,-0.0804717093706131,0.13438662101797072,-0.13438662101797072,0,0,1,0,1,0,0,0,0,0,0,0,0,0,0,0,0,0,0,0,0,0,0,0,1,0,0,0,0,0,0,0,0,1,0,0,0,0,0,0,0,0,0,0,0,1,0,0,0,0,0,00-0036389,J.Hurts,19,00-0036912,D.Smith,19,NA,NA,NA,NA,NA,NA,NA,NA,NA,NA,NA,NA,NA,NA,NA,NA,NA,NA,NA,NA,NA,NA,NA,NA,NA,NA,NA,NA,NA,NA,NA,NA,NA,NA,NA,NA,NA,NA,NA,NA,NA,NA,NA,NA,NA,NYG,NA,00-0036356,NA,I.Simmons,NA,NA,NA,NA,NA,NA,NA,NA,NA,NA,NA,NA,NA,0,NA,NA,NA,NA,NA,NA,NA,NA,NA,NA,NA,NA,NA,NA,NA,NA,NA,NA,NA,NA,NA,NA,NA,NA,NA,NA,NA,NA,NA,NA,NA,0,NA,NA,NA,NA,0,NA,NA,0,0,0,0,NA,NA,2023,0.5454129576683044,45.458704233169556,26,1,First down,2151,"12/25/23, 16:35:39",2023-12-25T23:02:06.790Z,Lincoln Financial Field,"Cloudy Temp: 51° F, Humidity: 68%, Wind: NE 5 mph",cbaf6e72-f053-11ed-b4a7-bab79e4492fa,0,0,PASS,0,NA,2023-12-25T23:02:13.363Z,NA,10,Field goal,2023-12-25T22:54:18.723Z,11,2:47,4,1,1,2,2,3,DOWNS,FIELD_GOAL,02:47,00:00,PHI 25,NYG 3,1958,2255,25,33,Home,8,58,14,41,1,outdoors,grass,51,5,Nick Sirianni,Brian Daboll,PHI00,Lincoln Financial Field,0,1,J.Hurts,1,NA,NA,D.Smith,6,1,0,1,0,1,00-0036389,NA,00-0036912,J.Hurts,1,00-0036389,D.Smith,00-0036912,D.Smith,00-0036912,1,0,1.790446372673614,0.2692050127120966,2.828249564219732,1,0.9994805576861836,0.9994805576861836,0.9650635123252869,3.4936487674713135
2200,2023_16_NYG_PHI,2023122501,PHI,NYG,REG,16,NA,NA,NA,NA,NA,2023-12-25,24,24,1824,Half1,0,10,0,2,NA,0,00:24,NYG 9,0,72,Timeout #1 by NYG at 00:24.,no_play,0,0,0,0,0,0,0,NA,NA,NA,NA,NA,NA,NA,NA,NA,NA,1,2,1,NYG,NA,NA,NA,NA,NA,17,3,NA,NA,NA,NA,NA,NA,0,0,0,0,0,0,0,0,0,4.62474220895092,0,21.619683975762356,-21.619683975762356,2.8969933284679428,-2.8969933284679428,16.171639472633075,-16.171639472633075,NA,NA,0,0,12.11608460493153,-12.11608460493153,2.1380709106160793,-2.1380709106160793,12.515495471307077,-12.515495471307077,2.3244789475951695,-2.3244789475951695,0.9506048560142517,0.04939514398574829,0.9506048560142517,0.04939514398574829,0,0,0,NA,NA,0.991585373878479,0.991585373878479,0.07426523997943235,-0.07426523997943235,0.2214528318243405,-0.2214528318243405,NA,NA,0,0,0.0824526995420456,-0.0824526995420456,0.1241330127911946,-0.1241330127911946,0.0804717093706131,-0.0804717093706131,0.13438662101797072,-0.13438662101797072,0,0,0,0,0,0,0,0,0,0,0,0,0,0,0,0,0,0,0,0,0,0,0,0,0,0,0,0,0,0,0,0,0,0,0,0,0,0,0,0,0,0,0,0,0,0,0,0,0,0,0,NA,NA,NA,NA,NA,NA,NA,NA,NA,NA,NA,NA,NA,NA,NA,NA,NA,NA,NA,NA,NA,NA,NA,NA,NA,NA,NA,NA,NA,NA,NA,NA,NA,NA,NA,NA,NA,NA,NA,NA,NA,NA,NA,NA,NA,NA,NA,NA,NA,NA,NA,NA,NA,NA,NA,NA,NA,NA,NA,NA,NA,NA,NA,NA,NA,NA,NA,NA,NA,0,NA,NA,NA,NA,NA,NA,NA,NA,NA,NA,NA,NA,NA,NA,NA,NA,NA,NA,NA,NA,NA,NA,NA,NA,NA,NA,NA,NA,NA,NA,NA,0,NA,NA,NA,NA,0,NA,NA,0,0,0,0,NA,NA,2023,NA,NA,27,0,Field goal,2169,"12/25/23, 16:35:39",2023-12-25T23:02:52Z,Lincoln Financial Field,"Cloudy Temp: 51° F, Humidity: 68%, Wind: NE 5 mph",cbaf6e72-f053-11ed-b4a7-bab79e4492fa,0,0,TIMEOUT,0,NA,NA,NA,10,Field goal,2023-12-25T22:54:18.723Z,11,2:47,4,1,1,2,2,3,DOWNS,FIELD_GOAL,02:47,00:00,PHI 25,NYG 3,1958,2255,25,33,Home,8,58,14,41,1,outdoors,grass,51,5,Nick Sirianni,Brian Daboll,PHI00,Lincoln Financial Field,0,0,NA,NA,NA,NA,NA,NA,0,0,0,0,0,NA,NA,NA,NA,NA,NA,NA,NA,NA,NA,0,0,0,NA,NA,NA,NA,NA,NA,NA
2188,2023_16_NYG_PHI,2023122501,PHI,NYG,REG,16,PHI,home,NYG,NYG,9,2023-12-25,24,24,1824,Half1,0,10,0,2,1,1,00:24,NYG 9,9,72,(:24) (Shotgun) 1-J.Hurts sacked at NYG 15 for -6 yards (sack split by 55-J.Ward and 29-X.McKinney).,pass,-6,1,0,1,0,0,0,NA,NA,NA,NA,NA,NA,NA,NA,NA,NA,1,2,0,NA,NA,NA,NA,1,2,17,3,17,3,14,17,3,14,0.128785640001297,0.002354535274207592,2.192849206039682e-4,0.0043228548020124435,0.34654226899147034,3.100450849160552e-4,0.517465353012085,0,0,4.62474220895092,-1.527696392586222,20.091987583176135,-20.091987583176135,2.8969933284679428,-2.8969933284679428,14.643943080046855,-14.643943080046855,NA,NA,0,0,12.11608460493153,-12.11608460493153,2.1380709106160793,-2.1380709106160793,12.515495471307077,-12.515495471307077,2.3244789475951695,-2.3244789475951695,0.9506048560142517,0.04939514398574829,0.9506048560142517,0.04939514398574829,-0.005972087383270264,-0.003389596939086914,-0.003389596939086914,0.9446327686309814,0.055367231369018555,0.991585373878479,0.991585373878479,0.07426523997943235,-0.07426523997943235,0.21548074444107024,-0.21548074444107024,NA,NA,0,0,0.0824526995420456,-0.0824526995420456,0.1241330127911946,-0.1241330127911946,0.0804717093706131,-0.0804717093706131,0.13438662101797072,-0.13438662101797072,0,0,0,0,0,0,0,0,0,0,0,0,0,0,0,0,0,0,0,0,0,0,0,0,0,0,0,0,0,0,0,1,0,1,1,0,0,0,0,0,0,0,0,0,0,0,1,0,0,0,0,00-0036389,J.Hurts,NA,NA,NA,NA,NA,NA,NA,NA,NA,NA,NA,NA,NA,NA,NA,NA,NA,NA,NA,NA,NA,NA,NA,NA,NA,NA,NA,NA,NA,NA,NA,NA,NA,NA,NA,NA,NA,NA,NA,00-0033046,J.Ward,00-0036388,X.McKinney,NA,NA,NA,NA,NA,NA,NA,NA,NA,NA,NA,NA,00-0033046,J.Ward,NYG,00-0036388,X.McKinney,NYG,NA,NA,NA,NA,NA,NA,0,NA,NA,NA,NA,NA,NA,NA,NA,NA,NA,NA,NA,NA,NA,NA,NA,NA,NA,NA,NA,NA,NA,NA,NA,NA,NA,00-0033046,J.Ward,00-0036388,X.McKinney,NA,0,NA,NA,NA,NA,0,NA,NA,0,0,0,0,NA,NA,2023,NA,NA,27,0,Field goal,2188,"12/25/23, 16:35:39",2023-12-25T23:03:45.590Z,Lincoln Financial Field,"Cloudy Temp: 51° F, Humidity: 68%, Wind: NE 5 mph",cbaf6e72-f053-11ed-b4a7-bab79e4492fa,0,0,SACK,0,NA,2023-12-25T23:03:51.873Z,NA,10,Field goal,2023-12-25T22:54:18.723Z,11,2:47,4,1,1,2,2,3,DOWNS,FIELD_GOAL,02:47,00:00,PHI 25,NYG 3,1958,2255,25,33,Home,8,58,14,41,1,outdoors,grass,51,5,Nick Sirianni,Brian Daboll,PHI00,Lincoln Financial Field,0,0,J.Hurts,1,NA,NA,NA,NA,1,0,0,0,1,00-0036389,NA,NA,J.Hurts,1,00-0036389,NA,NA,NA,NA,0,0,-1.527696392586222,NA,NA,NA,NA,NA,0.9411227107048035,5.887728929519653
2227,2023_16_NYG_PHI,2023122501,PHI,NYG,REG,16,NA,NA,NA,NA,NA,2023-12-25,18,18,1818,Half1,0,10,0,2,NA,0,00:18,NYG 15,0,72,Timeout #3 by PHI at 00:18.,no_play,0,0,0,0,0,0,0,NA,NA,NA,NA,NA,NA,NA,NA,NA,NA,0,2,1,PHI,NA,NA,NA,NA,NA,17,3,NA,NA,NA,NA,NA,NA,0,0,0,0,0,0,0,0,0,3.097045816364698,0,20.091987583176135,-20.091987583176135,2.8969933284679428,-2.8969933284679428,14.643943080046855,-14.643943080046855,NA,NA,0,0,12.11608460493153,-12.11608460493153,2.1380709106160793,-2.1380709106160793,12.515495471307077,-12.515495471307077,2.3244789475951695,-2.3244789475951695,0.9446327686309814,0.055367231369018555,0.9446327686309814,0.055367231369018555,0,0,0,NA,NA,0.9881957769393921,0.9881957769393921,0.07426523997943235,-0.07426523997943235,0.21548074444107024,-0.21548074444107024,NA,NA,0,0,0.0824526995420456,-0.0824526995420456,0.1241330127911946,-0.1241330127911946,0.0804717093706131,-0.0804717093706131,0.13438662101797072,-0.13438662101797072,0,0,0,0,0,0,0,0,0,0,0,0,0,0,0,0,0,0,0,0,0,0,0,0,0,0,0,0,0,0,0,0,0,0,0,0,0,0,0,0,0,0,0,0,0,0,0,0,0,0,0,NA,NA,NA,NA,NA,NA,NA,NA,NA,NA,NA,NA,NA,NA,NA,NA,NA,NA,NA,NA,NA,NA,NA,NA,NA,NA,NA,NA,NA,NA,NA,NA,NA,NA,NA,NA,NA,NA,NA,NA,NA,NA,NA,NA,NA,NA,NA,NA,NA,NA,NA,NA,NA,NA,NA,NA,NA,NA,NA,NA,NA,NA,NA,NA,NA,NA,NA,NA,NA,0,NA,NA,NA,NA,NA,NA,NA,NA,NA,NA,NA,NA,NA,NA,NA,NA,NA,NA,NA,NA,NA,NA,NA,NA,NA,NA,NA,NA,NA,NA,NA,0,NA,NA,NA,NA,0,NA,NA,0,0,0,0,NA,NA,2023,NA,NA,27,0,Field goal,2201,"12/25/23, 16:35:39",2023-12-25T23:04:12Z,Lincoln Financial Field,"Cloudy Temp: 51° F, Humidity: 68%, Wind: NE 5 mph",cbaf6e72-f053-11ed-b4a7-bab79e4492fa,0,0,TIMEOUT,0,NA,NA,NA,10,Field goal,2023-12-25T22:54:18.723Z,11,2:47,4,1,1,2,2,3,DOWNS,FIELD_GOAL,02:47,00:00,PHI 25,NYG 3,1958,2255,25,33,Home,8,58,14,41,1,outdoors,grass,51,5,Nick Sirianni,Brian Daboll,PHI00,Lincoln Financial Field,0,0,NA,NA,NA,NA,NA,NA,0,0,0,0,0,NA,NA,NA,NA,NA,NA,NA,NA,NA,NA,0,0,0,NA,NA,NA,NA,NA,NA,NA
2215,2023_16_NYG_PHI,2023122501,PHI,NYG,REG,16,PHI,home,NYG,NYG,15,2023-12-25,18,18,1818,Half1,0,10,0,2,2,1,00:18,NYG 15,15,72,"(:18) (Shotgun) 1-J.Hurts scrambles right end to NYG 6 for 9 yards (58-B.Okereke). PENALTY on NYG-58-B.Okereke, Defensive Delay of Game, 3 yards, enforced at NYG 6.",run,9,1,0,1,0,0,1,NA,NA,NA,NA,right,end,NA,NA,NA,NA,0,2,0,NA,NA,NA,NA,0,2,17,3,17,3,14,17,3,14,0.24740159511566162,0.0014730457914993167,2.5341659784317017e-4,0.0050317998975515366,0.5204720497131348,3.596723545342684e-4,0.22500841319561005,0,0,3.097045816364698,-0.13438517137137662,19.957602411804757,-19.957602411804757,2.762608157096566,-2.762608157096566,14.643943080046855,-14.643943080046855,NA,NA,0,0,12.11608460493153,-12.11608460493153,2.1380709106160793,-2.1380709106160793,12.515495471307077,-12.515495471307077,2.3244789475951695,-2.3244789475951695,0.9446327686309814,0.055367231369018555,0.9446327686309814,0.055367231369018555,0.00947117805480957,0.0026178956031799316,0.0026178956031799316,0.954103946685791,0.045896053314208984,0.9881957769393921,0.9881957769393921,0.08373641803424192,-0.08373641803424192,0.21548074444107024,-0.21548074444107024,NA,NA,0,0,0.0824526995420456,-0.0824526995420456,0.1241330127911946,-0.1241330127911946,0.0804717093706131,-0.0804717093706131,0.13438662101797072,-0.13438662101797072,0,0,0,0,0,0,0,0,0,0,0,0,0,0,0,0,0,0,0,0,0,0,0,0,1,0,1,0,0,0,0,0,1,0,0,0,0,0,0,0,0,0,0,0,0,0,0,0,0,0,0,NA,NA,NA,NA,NA,NA,00-0036389,J.Hurts,9,NA,NA,NA,NA,NA,NA,NA,NA,NA,NA,NA,NA,NA,NA,NA,NA,NA,NA,NA,NA,NA,NA,NA,NA,NA,NA,NA,NA,NA,NA,NA,NA,NA,NA,NA,NA,NA,NA,NA,NA,NA,NA,NYG,NA,00-0035687,NA,B.Okereke,NA,NA,NA,NA,NA,NA,NA,NA,NA,NA,NA,NA,NA,0,NA,NA,NA,NA,NA,NA,NA,NA,NA,NA,NA,NA,NA,NA,NA,NA,NA,NA,NA,NA,NA,NA,NA,NA,NA,NA,NA,NA,NA,NA,NA,0,NYG,00-0035687,B.Okereke,3,0,NA,Defensive Delay of Game,0,0,0,0,NA,NA,2023,NA,NA,27,0,Field goal,2215,"12/25/23, 16:35:39",2023-12-25T23:05:01.967Z,Lincoln Financial Field,"Cloudy Temp: 51° F, Humidity: 68%, Wind: NE 5 mph",cbaf6e72-f053-11ed-b4a7-bab79e4492fa,0,0,RUSH,0,NA,2023-12-25T23:05:09.117Z,NA,10,Field goal,2023-12-25T22:54:18.723Z,11,2:47,4,1,1,2,2,3,DOWNS,FIELD_GOAL,02:47,00:00,PHI 25,NYG 3,1958,2255,25,33,Home,8,58,14,41,1,outdoors,grass,51,5,Nick Sirianni,Brian Daboll,PHI00,Lincoln Financial Field,0,0,J.Hurts,1,NA,1,NA,NA,1,0,0,0,1,00-0036389,NA,NA,J.Hurts,1,00-0036389,J.Hurts,00-0036389,J.Hurts,00-0036389,0,0,-0.13438517137137662,NA,NA,NA,NA,NA,0.958179235458374,4.182076454162598
2255,2023_16_NYG_PHI,2023122501,PHI,NYG,REG,16,PHI,home,NYG,NYG,3,2023-12-25,4,4,1804,Half1,0,10,1,2,3,1,00:04,NYG 3,3,72,"(:04) 4-J.Elliott 21 yard field goal is GOOD, Center-45-R.Lovato, Holder-10-B.Mann.",field_goal,0,0,0,0,0,0,0,NA,NA,NA,NA,NA,NA,made,21,NA,NA,0,2,0,NA,NA,NA,NA,0,2,20,3,17,3,14,20,3,17,0.0124464516688928,0,0,0,0.9875535483311072,0,0,0,0,2.9626606449933215,0.03733935500667851,19.994941766811436,-19.994941766811436,2.762608157096566,-2.762608157096566,14.643943080046855,-14.643943080046855,NA,NA,0,0,12.11608460493153,-12.11608460493153,2.1380709106160793,-2.1380709106160793,12.515495471307077,-12.515495471307077,2.3244789475951695,-2.3244789475951695,0.954103946685791,0.045896053314208984,0.954103946685791,0.045896053314208984,-0.012866735458374023,-0.0023957490921020508,-0.0023957490921020508,0.941237211227417,0.05876278877258301,0.990813672542572,0.990813672542572,0.08373641803424192,-0.08373641803424192,0.21548074444107024,-0.21548074444107024,NA,NA,0,0,0.0824526995420456,-0.0824526995420456,0.1241330127911946,-0.1241330127911946,0.0804717093706131,-0.0804717093706131,0.13438662101797072,-0.13438662101797072,0,0,0,0,0,0,0,0,0,0,0,0,0,0,0,0,0,0,0,0,0,0,0,0,0,0,0,0,0,0,0,0,0,0,0,0,0,0,0,0,0,1,0,0,0,0,0,0,0,0,0,NA,NA,NA,NA,NA,NA,NA,NA,NA,NA,NA,NA,NA,NA,NA,NA,NA,NA,NA,NA,NA,NA,NA,NA,NA,NA,NA,NA,NA,NA,NA,J.Elliott,00-0033787,NA,NA,NA,NA,NA,NA,NA,NA,NA,NA,NA,NA,NA,NA,NA,NA,NA,NA,NA,NA,NA,NA,NA,NA,NA,NA,NA,NA,NA,NA,NA,NA,NA,NA,NA,NA,0,NA,NA,NA,NA,NA,NA,NA,NA,NA,NA,NA,NA,NA,NA,NA,NA,NA,NA,NA,NA,NA,NA,NA,NA,NA,NA,NA,NA,NA,NA,NA,0,NA,NA,NA,NA,0,NA,NA,0,0,0,0,NA,NA,2023,NA,NA,27,0,Field goal,2255,"12/25/23, 16:35:39",2023-12-25T23:06:58.547Z,Lincoln Financial Field,"Cloudy Temp: 51° F, Humidity: 68%, Wind: NE 5 mph",cbaf6e72-f053-11ed-b4a7-bab79e4492fa,0,0,FIELD_GOAL,0,NA,2023-12-25T23:07:01.160Z,NA,10,Field goal,2023-12-25T22:54:18.723Z,11,2:47,4,1,1,2,2,3,DOWNS,FIELD_GOAL,02:47,00:00,PHI 25,NYG 3,1958,2255,25,33,Home,8,58,14,41,1,outdoors,grass,51,5,Nick Sirianni,Brian Daboll,PHI00,Lincoln Financial Field,0,1,NA,NA,NA,NA,NA,NA,0,0,0,1,0,NA,NA,NA,NA,NA,NA,NA,NA,NA,NA,0,0,0.03733935500667851,NA,NA,NA,NA,NA,NA,NA
2276,2023_16_NYG_PHI,2023122501,PHI,NYG,REG,16,NA,NA,NA,NA,NA,2023-12-25,0,0,1800,Half1,1,NA,0,2,NA,0,00:00,NYG 35,0,NA,END QUARTER 2,NA,NA,0,0,NA,0,0,0,NA,NA,NA,NA,NA,NA,NA,NA,NA,NA,0,2,NA,NA,NA,NA,NA,NA,NA,20,3,NA,NA,NA,NA,NA,NA,0,0,0,0,0,0,0,0,0,NA,NA,19.994941766811436,-19.994941766811436,2.762608157096566,-2.762608157096566,14.643943080046855,-14.643943080046855,NA,NA,NA,NA,12.11608460493153,-12.11608460493153,2.1380709106160793,-2.1380709106160793,12.515495471307077,-12.515495471307077,2.3244789475951695,-2.3244789475951695,0.941237211227417,0.05876278877258301,0.941237211227417,0.05876278877258301,0,0,0,NA,NA,0.98841792345047,0.98841792345047,0.08373641803424192,-0.08373641803424192,0.21548074444107024,-0.21548074444107024,NA,NA,NA,NA,0.0824526995420456,-0.0824526995420456,0.1241330127911946,-0.1241330127911946,0.0804717093706131,-0.0804717093706131,0.13438662101797072,-0.13438662101797072,NA,NA,NA,NA,NA,NA,NA,NA,NA,0,NA,NA,NA,NA,NA,NA,NA,NA,NA,NA,NA,NA,NA,NA,NA,NA,NA,NA,NA,NA,NA,NA,NA,NA,NA,NA,NA,NA,NA,NA,NA,NA,NA,NA,NA,NA,NA,NA,NA,NA,NA,NA,NA,NA,NA,NA,NA,NA,NA,NA,NA,NA,NA,NA,NA,NA,NA,NA,NA,NA,NA,NA,NA,NA,NA,NA,NA,NA,NA,NA,NA,NA,NA,NA,NA,NA,NA,NA,NA,NA,NA,NA,NA,NA,NA,NA,NA,NA,NA,NA,NA,NA,NA,NA,NA,NA,NA,NA,NA,NA,NA,NA,NA,NA,NA,NA,NA,NA,NA,NA,NA,NA,NA,NA,NA,NA,NA,NA,NA,NA,NA,NA,NA,NA,NA,NA,NA,NA,NA,NA,NA,NA,NA,NA,NA,NA,NA,NA,NA,NA,NA,NA,NA,NA,NA,NA,NA,0,NA,NA,NA,NA,NA,NA,NA,NA,2023,NA,NA,27,0,Field goal,2276,"12/25/23, 16:35:39",NA,Lincoln Financial Field,"Cloudy Temp: 51° F, Humidity: 68%, Wind: NE 5 mph",cbaf6e72-f053-11ed-b4a7-bab79e4492fa,0,0,END_QUARTER,0,NA,NA,NA,10,Field goal,NA,NA,NA,NA,NA,NA,NA,NA,NA,NA,NA,NA,NA,NA,NA,NA,NA,25,33,Home,8,58,14,41,1,outdoors,grass,51,5,Nick Sirianni,Brian Daboll,PHI00,Lincoln Financial Field,0,NA,NA,NA,NA,NA,NA,NA,0,0,NA,0,0,NA,NA,NA,NA,NA,NA,NA,NA,NA,NA,0,0,NA,NA,NA,NA,NA,NA,NA,NA
2294,2023_16_NYG_PHI,2023122501,PHI,NYG,REG,16,PHI,home,NYG,NYG,35,2023-12-25,900,1800,1800,Half2,0,11,0,3,NA,0,15:00,NYG 35,0,0,"21-M.Crosby kicks 65 yards from NYG 35 to PHI 0. 35-B.Scott to PHI 16 for 16 yards (19-I.Simmons). FUMBLES (19-I.Simmons), RECOVERED by NYG-19-I.Simmons at PHI 15. 19-I.Simmons to PHI 14 for 1 yard.",kickoff,0,0,0,0,0,0,0,NA,NA,NA,NA,NA,NA,NA,65,NA,NA,3,3,0,NA,NA,NA,NA,3,3,20,3,20,3,17,20,3,17,0.004660523496568203,0.14403700828552246,0.0020718346349895,0.22605130076408386,0.21260108053684235,0.0038279336877167225,0.406750351190567,0,0,1.4740977678447962,-6.420067135128193,13.574874631683244,-13.574874631683244,2.762608157096566,-2.762608157096566,14.643943080046855,-14.643943080046855,NA,NA,0,0,12.11608460493153,-12.11608460493153,2.1380709106160793,-2.1380709106160793,12.515495471307077,-12.515495471307077,2.3244789475951695,-2.3244789475951695,0.941237211227417,0.05876278877258301,0.941237211227417,0.05876278877258301,-0.0605076402425766,-0.024819955229759216,-0.024819955229759216,0.8807295709848404,0.11927042901515961,0.98841792345047,0.98841792345047,0.08373641803424192,-0.08373641803424192,0.21548074444107024,-0.21548074444107024,NA,NA,0,0,0.0824526995420456,-0.0824526995420456,0.1241330127911946,-0.1241330127911946,0.0804717093706131,-0.0804717093706131,0.13438662101797072,-0.13438662101797072,0,0,0,0,0,0,0,0,0,0,0,0,0,0,0,0,1,1,0,0,0,1,0,0,1,0,0,0,1,0,0,0,0,0,0,0,0,0,0,0,0,0,1,0,1,0,0,0,0,0,0,NA,NA,NA,NA,NA,NA,NA,NA,NA,NA,NA,NA,NA,NA,NA,NA,NA,NA,NA,NA,NA,NA,NA,NA,NA,B.Scott,00-0034414,NA,NA,NA,NA,M.Crosby,00-0025580,NA,NA,NA,NA,NA,NA,NA,NA,NA,NA,NA,NA,NYG,00-0036356,I.Simmons,NA,NA,NA,NYG,NA,00-0036356,NA,I.Simmons,NA,NA,NA,NA,NA,NA,NA,NA,NA,NA,NA,NA,NA,0,NA,NA,NA,NA,NA,NA,NA,NA,NA,NA,PHI,00-0034414,B.Scott,NA,NA,NA,NYG,1,00-0036356,I.Simmons,NA,NA,NA,NA,NA,NA,NA,NA,NA,NA,PHI,15,NA,NA,NA,NA,0,NA,NA,0,0,0,0,NA,NA,2023,NA,NA,28,1,Touchdown,2294,"12/25/23, 16:35:39",2023-12-25T23:21:23.780Z,Lincoln Financial Field,"Cloudy Temp: 51° F, Humidity: 68%, Wind: NE 5 mph",cbaf6e72-f053-11ed-b4a7-bab79e4492fa,0,0,KICK_OFF,1,NA,2023-12-25T23:21:33.123Z,NA,11,Touchdown,2023-12-25T23:21:23.780Z,0,0:05,0,0,0,3,3,0,KICKOFF,FUMBLE,15:00,14:55,NA,NA,2294,2294,25,33,Home,8,58,14,41,1,outdoors,grass,51,5,Nick Sirianni,Brian Daboll,PHI00,Lincoln Financial Field,0,0,NA,NA,NA,NA,NA,NA,0,0,0,1,0,NA,NA,NA,NA,NA,NA,NA,NA,NA,NA,0,0,-6.420067135128193,NA,NA,NA,NA,NA,NA,NA
2333,2023_16_NYG_PHI,2023122501,PHI,NYG,REG,16,NYG,away,PHI,PHI,14,2023-12-25,895,1795,1795,Half2,0,12,0,3,1,0,14:55,PHI 14,10,14,(14:55) (Shotgun) 26-S.Barkley left guard to PHI 9 for 5 yards (91-F.Cox; 57-B.VanSumeren).,run,5,1,0,0,0,0,0,NA,NA,NA,NA,left,guard,NA,NA,NA,NA,3,3,0,NA,NA,NA,NA,3,3,20,3,3,20,-17,3,20,-17,0.001205262029543519,0.015810564160346985,4.7295185504481196e-4,0.035306863486766815,0.34629344940185547,7.523271488025784e-4,0.6001585721969604,0,0,4.945969367283396,-0.023192152322735637,13.59806678400598,-13.59806678400598,2.785800309419302,-2.785800309419302,14.643943080046855,-14.643943080046855,NA,NA,0,0,12.11608460493153,-12.11608460493153,2.1380709106160793,-2.1380709106160793,12.515495471307077,-12.515495471307077,2.3244789475951695,-2.3244789475951695,0.11927042901515961,0.8807295709848404,0.8807295709848404,0.11927042901515961,-0.006132431328296661,-1.1965632438659668e-5,1.1965632438659668e-5,0.886862002313137,0.11313799768686295,0.036402031779289246,0.9635979682207108,0.08986884936253858,-0.08986884936253858,0.21548074444107024,-0.21548074444107024,NA,NA,0,0,0.0824526995420456,-0.0824526995420456,0.1241330127911946,-0.1241330127911946,0.0804717093706131,-0.0804717093706131,0.13438662101797072,-0.13438662101797072,0,0,0,0,0,0,0,0,0,0,0,0,0,0,0,0,0,0,0,0,0,0,0,0,0,0,0,0,0,0,0,0,1,0,0,0,0,0,0,0,0,0,0,0,0,0,1,0,0,0,0,NA,NA,NA,NA,NA,NA,00-0034844,S.Barkley,5,NA,NA,NA,NA,NA,NA,NA,NA,NA,NA,NA,NA,NA,NA,NA,NA,NA,NA,NA,NA,NA,NA,NA,NA,NA,NA,NA,NA,NA,NA,NA,NA,NA,NA,NA,NA,NA,NA,NA,NA,NA,NA,NA,NA,NA,NA,NA,NA,00-0029653,F.Cox,PHI,00-0038489,B.VanSumeren,PHI,NA,NA,NA,NA,NA,NA,0,NA,NA,NA,NA,NA,NA,NA,NA,NA,NA,NA,NA,NA,NA,NA,NA,NA,NA,NA,NA,NA,NA,NA,NA,NA,NA,NA,NA,NA,NA,NA,0,NA,NA,NA,NA,0,NA,NA,0,0,0,0,NA,NA,2023,NA,NA,28,1,Touchdown,2333,"12/25/23, 16:35:39",2023-12-25T23:22:37.287Z,Lincoln Financial Field,"Cloudy Temp: 51° F, Humidity: 68%, Wind: NE 5 mph",cbaf6e72-f053-11ed-b4a7-bab79e4492fa,0,0,RUSH,0,NA,2023-12-25T23:22:42.107Z,NA,11,Touchdown,2023-12-25T23:22:37.287Z,3,1:14,1,1,1,3,3,0,FUMBLE,TOUCHDOWN,14:55,13:41,PHI 14,PHI 7,2333,2400,25,33,Home,8,58,14,41,1,outdoors,grass,51,5,Nick Sirianni,Brian Daboll,PHI00,Lincoln Financial Field,0,0,NA,NA,S.Barkley,26,NA,NA,0,1,0,0,1,NA,00-0034844,NA,S.Barkley,26,00-0034844,S.Barkley,00-0034844,S.Barkley,00-0034844,0,0,-0.023192152322735637,NA,NA,NA,NA,NA,0.29400739073753357,-29.400739073753357
2355,2023_16_NYG_PHI,2023122501,PHI,NYG,REG,16,NYG,away,PHI,PHI,9,2023-12-25,860,1760,1760,Half2,0,12,0,3,2,0,14:20,PHI 9,5,14,(14:20) (Shotgun) 26-S.Barkley left guard to PHI 7 for 2 yards (93-M.Williams).,run,2,1,0,0,0,0,0,NA,NA,NA,NA,left,guard,NA,NA,NA,NA,3,3,0,NA,NA,NA,NA,3,3,20,3,3,20,-17,3,20,-17,0.0012363713467493653,0.015489990822970867,4.167432489339262e-4,0.03203412517905235,0.3643416464328766,8.146335603669286e-4,0.5856664776802063,0,0,4.922777214960661,-0.41388497361913323,14.011951757625113,-14.011951757625113,3.199685283038435,-3.199685283038435,14.643943080046855,-14.643943080046855,NA,NA,0,0,12.11608460493153,-12.11608460493153,2.1380709106160793,-2.1380709106160793,12.515495471307077,-12.515495471307077,2.3244789475951695,-2.3244789475951695,0.11313799768686295,0.886862002313137,0.886862002313137,0.11313799768686295,0.004672199487686157,-0.002217903733253479,0.002217903733253479,0.8821898028254509,0.1178101971745491,0.036390066146850586,0.9636099338531494,0.08519664987485243,-0.08519664987485243,0.21548074444107024,-0.21548074444107024,NA,NA,0,0,0.0824526995420456,-0.0824526995420456,0.1241330127911946,-0.1241330127911946,0.0804717093706131,-0.0804717093706131,0.13438662101797072,-0.13438662101797072,0,0,0,0,0,0,0,0,0,0,0,0,0,0,0,0,0,0,0,0,0,0,0,0,1,0,0,0,0,0,0,0,1,0,0,0,0,0,0,0,0,0,0,0,0,0,0,0,0,0,0,NA,NA,NA,NA,NA,NA,00-0034844,S.Barkley,2,NA,NA,NA,NA,NA,NA,NA,NA,NA,NA,NA,NA,NA,NA,NA,NA,NA,NA,NA,NA,NA,NA,NA,NA,NA,NA,NA,NA,NA,NA,NA,NA,NA,NA,NA,NA,NA,NA,NA,NA,NA,NA,PHI,NA,00-0036916,NA,M.Williams,NA,NA,NA,NA,NA,NA,NA,NA,NA,NA,NA,NA,NA,0,NA,NA,NA,NA,NA,NA,NA,NA,NA,NA,NA,NA,NA,NA,NA,NA,NA,NA,NA,NA,NA,NA,NA,NA,NA,NA,NA,NA,NA,NA,NA,0,NA,NA,NA,NA,0,NA,NA,0,0,0,0,NA,NA,2023,NA,NA,28,1,Touchdown,2355,"12/25/23, 16:35:39",2023-12-25T23:23:12.590Z,Lincoln Financial Field,"Cloudy Temp: 51° F, Humidity: 68%, Wind: NE 5 mph",cbaf6e72-f053-11ed-b4a7-bab79e4492fa,0,0,RUSH,0,NA,2023-12-25T23:23:15.530Z,NA,11,Touchdown,2023-12-25T23:22:37.287Z,3,1:14,1,1,1,3,3,0,FUMBLE,TOUCHDOWN,14:55,13:41,PHI 14,PHI 7,2333,2400,25,33,Home,8,58,14,41,1,outdoors,grass,51,5,Nick Sirianni,Brian Daboll,PHI00,Lincoln Financial Field,0,0,NA,NA,S.Barkley,26,NA,NA,0,1,0,0,1,NA,00-0034844,NA,S.Barkley,26,00-0034844,S.Barkley,00-0034844,S.Barkley,00-0034844,0,0,-0.41388497361913323,NA,NA,NA,NA,NA,0.3581172823905945,-35.81172823905945
2377,2023_16_NYG_PHI,2023122501,PHI,NYG,REG,16,NYG,away,PHI,PHI,7,2023-12-25,824,1724,1724,Half2,0,12,1,3,3,0,13:44,PHI 7,3,14,"(13:44) (Shotgun) 26-S.Barkley right guard for 7 yards, TOUCHDOWN.",run,7,1,0,0,0,0,0,NA,NA,NA,NA,right,guard,NA,NA,NA,NA,3,3,0,NA,NYG,S.Barkley,00-0034844,3,3,20,9,3,20,-17,9,20,-11,0.0014282602351158857,0.017212796956300735,4.4199867988936603e-4,0.0276375412940979,0.47841936349868774,8.801521616987884e-4,0.4739798605442047,0,0,4.5088922413415276,2.4911077586584724,11.52084399896664,-11.52084399896664,0.7085775243799626,-0.7085775243799626,14.643943080046855,-14.643943080046855,NA,NA,0,0,12.11608460493153,-12.11608460493153,2.1380709106160793,-2.1380709106160793,12.515495471307077,-12.515495471307077,2.3244789475951695,-2.3244789475951695,0.1178101971745491,0.8821898028254509,0.8821898028254509,0.1178101971745491,0.023534598461401268,0.00807362887117058,-0.00807362887117058,0.8586552043640496,0.14134479563595037,0.03417216241359711,0.9658278375864029,0.06166205141345116,-0.06166205141345116,0.21548074444107024,-0.21548074444107024,NA,NA,0,0,0.0824526995420456,-0.0824526995420456,0.1241330127911946,-0.1241330127911946,0.0804717093706131,-0.0804717093706131,0.13438662101797072,-0.13438662101797072,0,1,0,0,1,0,0,0,0,0,0,0,0,0,0,0,0,0,0,0,0,0,0,0,0,0,0,0,0,0,0,0,1,0,0,1,0,1,0,0,0,0,0,0,0,0,0,0,0,0,0,NA,NA,NA,NA,NA,NA,00-0034844,S.Barkley,7,NA,NA,NA,NA,NA,NA,NA,NA,NA,NA,NA,NA,NA,NA,NA,NA,NA,NA,NA,NA,NA,NA,NA,NA,NA,NA,NA,NA,NA,NA,NA,NA,NA,NA,NA,NA,NA,NA,NA,NA,NA,NA,NA,NA,NA,NA,NA,NA,NA,NA,NA,NA,NA,NA,NA,NA,NA,NA,NA,NA,0,NA,NA,NA,NA,NA,NA,NA,NA,NA,NA,NA,NA,NA,NA,NA,NA,NA,NA,NA,NA,NA,NA,NA,NA,NA,NA,NA,NA,NA,NA,NA,0,NA,NA,NA,NA,0,NA,NA,0,0,0,0,NA,NA,2023,NA,NA,28,1,Touchdown,2377,"12/25/23, 16:35:39",2023-12-25T23:23:48Z,Lincoln Financial Field,"Cloudy Temp: 51° F, Humidity: 68%, Wind: NE 5 mph",cbaf6e72-f053-11ed-b4a7-bab79e4492fa,0,0,RUSH,0,NA,NA,NA,11,Touchdown,2023-12-25T23:22:37.287Z,3,1:14,1,1,1,3,3,0,FUMBLE,TOUCHDOWN,14:55,13:41,PHI 14,PHI 7,2333,2400,25,33,Home,8,58,14,41,1,outdoors,grass,51,5,Nick Sirianni,Brian Daboll,PHI00,Lincoln Financial Field,0,1,NA,NA,S.Barkley,26,NA,NA,0,1,1,0,1,NA,00-0034844,NA,S.Barkley,26,00-0034844,S.Barkley,00-0034844,S.Barkley,00-0034844,0,0,2.4911077586584724,NA,NA,NA,NA,NA,0.8018861413002014,-80.18861413002014
2400,2023_16_NYG_PHI,2023122501,PHI,NYG,REG,16,NYG,away,PHI,PHI,15,2023-12-25,821,1721,1721,Half2,0,12,1,3,NA,0,13:41,PHI 15,0,14,"21-M.Crosby extra point is GOOD, Center-59-C.Kreiter, Holder-6-J.Gillan.",extra_point,0,0,0,0,0,0,0,NA,NA,NA,NA,NA,NA,NA,33,good,NA,3,3,0,NA,NA,NA,NA,3,3,20,10,9,20,-11,10,20,-10,0,0,0,0,0,0,0,0.9324269968923669,0,0.9324269968923669,0.067573003107633145,11.453270995859008,-11.453270995859008,0.7085775243799626,-0.7085775243799626,14.643943080046855,-14.643943080046855,NA,NA,0,0,12.11608460493153,-12.11608460493153,2.1380709106160793,-2.1380709106160793,12.515495471307077,-12.515495471307077,2.3244789475951695,-2.3244789475951695,0.14134479563595037,0.8586552043640496,0.8586552043640496,0.14134479563595037,0.0018790264809014356,9.247800424417862e-4,-9.247800424417862e-4,0.8567761778831482,0.1432238221168518,0.042245791284767686,0.9577542087152323,0.06166205141345116,-0.06166205141345116,0.21548074444107024,-0.21548074444107024,NA,NA,0,0,0.0824526995420456,-0.0824526995420456,0.1241330127911946,-0.1241330127911946,0.0804717093706131,-0.0804717093706131,0.13438662101797072,-0.13438662101797072,0,0,0,0,0,0,0,0,0,0,0,0,0,0,0,0,0,0,0,0,0,0,0,0,0,0,0,0,0,0,0,0,0,0,0,0,0,0,0,1,0,0,0,0,0,0,0,0,0,0,0,NA,NA,NA,NA,NA,NA,NA,NA,NA,NA,NA,NA,NA,NA,NA,NA,NA,NA,NA,NA,NA,NA,NA,NA,NA,NA,NA,NA,NA,NA,NA,M.Crosby,00-0025580,NA,NA,NA,NA,NA,NA,NA,NA,NA,NA,NA,NA,NA,NA,NA,NA,NA,NA,NA,NA,NA,NA,NA,NA,NA,NA,NA,NA,NA,NA,NA,NA,NA,NA,NA,NA,0,NA,NA,NA,NA,NA,NA,NA,NA,NA,NA,NA,NA,NA,NA,NA,NA,NA,NA,NA,NA,NA,NA,NA,NA,NA,NA,NA,NA,NA,NA,NA,0,NA,NA,NA,NA,0,NA,NA,0,0,0,0,NA,NA,2023,NA,NA,28,1,Touchdown,2400,"12/25/23, 16:35:39",2023-12-25T23:24:26Z,Lincoln Financial Field,"Cloudy Temp: 51° F, Humidity: 68%, Wind: NE 5 mph",cbaf6e72-f053-11ed-b4a7-bab79e4492fa,0,0,XP_KICK,1,NA,NA,NA,11,Touchdown,2023-12-25T23:22:37.287Z,3,1:14,1,1,1,3,3,0,FUMBLE,TOUCHDOWN,14:55,13:41,PHI 14,PHI 7,2333,2400,25,33,Home,8,58,14,41,1,outdoors,grass,51,5,Nick Sirianni,Brian Daboll,PHI00,Lincoln Financial Field,0,1,NA,NA,NA,NA,NA,NA,0,0,0,1,0,NA,NA,NA,NA,NA,NA,NA,NA,NA,NA,0,0,0.067573003107633145,NA,NA,NA,NA,NA,NA,NA
2415,2023_16_NYG_PHI,2023122501,PHI,NYG,REG,16,PHI,home,NYG,NYG,35,2023-12-25,821,1721,1721,Half2,0,13,0,3,NA,0,13:41,NYG 35,0,5,"21-M.Crosby kicks 62 yards from NYG 35 to PHI 3, fair catch by 14-K.Gainwell.",kickoff,0,0,0,0,0,0,0,NA,NA,NA,NA,NA,NA,NA,62,NA,NA,3,3,0,NA,NA,NA,NA,3,3,20,10,20,10,10,20,10,10,0.005350248422473669,0.1409132033586502,0.001978600164875388,0.22371067106723785,0.21894052624702454,0.0034968608524650335,0.40560993552207947,0,0,1.5104133412241936,0,11.453270995859008,-11.453270995859008,0.7085775243799626,-0.7085775243799626,14.643943080046855,-14.643943080046855,NA,NA,0,0,12.11608460493153,-12.11608460493153,2.1380709106160793,-2.1380709106160793,12.515495471307077,-12.515495471307077,2.3244789475951695,-2.3244789475951695,0.8567761778831482,0.1432238221168518,0.8567761778831482,0.1432238221168518,0,0,0,0.8567761778831482,0.1432238221168518,0.9568294286727905,0.9568294286727905,0.06166205141345116,-0.06166205141345116,0.21548074444107024,-0.21548074444107024,NA,NA,0,0,0.0824526995420456,-0.0824526995420456,0.1241330127911946,-0.1241330127911946,0.0804717093706131,-0.0804717093706131,0.13438662101797072,-0.13438662101797072,0,0,0,0,0,0,0,0,0,0,0,0,0,0,0,0,0,0,0,0,1,0,0,0,0,0,0,0,0,0,0,0,0,0,0,0,0,0,0,0,0,0,1,0,0,0,0,0,0,0,0,NA,NA,NA,NA,NA,NA,NA,NA,NA,NA,NA,NA,NA,NA,NA,NA,NA,NA,NA,NA,NA,NA,NA,NA,NA,K.Gainwell,00-0036919,NA,NA,NA,NA,M.Crosby,00-0025580,NA,NA,NA,NA,NA,NA,NA,NA,NA,NA,NA,NA,NA,NA,NA,NA,NA,NA,NA,NA,NA,NA,NA,NA,NA,NA,NA,NA,NA,NA,NA,NA,NA,NA,NA,NA,0,NA,NA,NA,NA,NA,NA,NA,NA,NA,NA,NA,NA,NA,NA,NA,NA,NA,NA,NA,NA,NA,NA,NA,NA,NA,NA,NA,NA,NA,NA,PHI,0,NA,NA,NA,NA,0,NA,NA,0,0,0,0,NA,NA,2023,NA,NA,29,0,Punt,2415,"12/25/23, 16:35:39",2023-12-25T23:27:30.013Z,Lincoln Financial Field,"Cloudy Temp: 51° F, Humidity: 68%, Wind: NE 5 mph",cbaf6e72-f053-11ed-b4a7-bab79e4492fa,0,0,KICK_OFF,1,NA,2023-12-25T23:27:34.017Z,NA,12,Punt,2023-12-25T23:27:30.013Z,3,1:38,0,0,0,3,3,0,KICKOFF,PUNT,13:41,12:03,PHI 25,PHI 30,2415,2508,25,33,Home,8,58,14,41,1,outdoors,grass,51,5,Nick Sirianni,Brian Daboll,PHI00,Lincoln Financial Field,0,0,NA,NA,NA,NA,NA,NA,0,0,0,1,0,NA,NA,NA,NA,NA,NA,NA,NA,NA,NA,0,0,0,NA,NA,NA,NA,NA,NA,NA
2439,2023_16_NYG_PHI,2023122501,PHI,NYG,REG,16,PHI,home,NYG,PHI,75,2023-12-25,821,1721,1721,Half2,0,13,0,3,1,0,13:41,PHI 25,10,5,(13:41) (Shotgun) 1-J.Hurts pass short right to 88-D.Goedert to PHI 30 for 5 yards (22-A.Jackson).,pass,5,1,0,1,0,0,0,short,right,4,1,NA,NA,NA,NA,NA,NA,3,3,0,NA,NA,NA,NA,3,3,20,10,20,10,10,20,10,10,0.005350248422473669,0.1409132033586502,0.001978600164875388,0.22371067106723785,0.21894052624702454,0.0034968608524650335,0.40560993552207947,0,0,1.5104133412241936,0.03805209184065461,11.491323087699662,-11.491323087699662,0.7085775243799626,-0.7085775243799626,14.68199517188751,-14.68199517188751,-0.08340035611763597,0.12145244795829058,-0.08340035611763597,0.12145244795829058,12.032684248813894,-12.032684248813894,2.25952335857437,-2.25952335857437,12.43209511518944,-12.43209511518944,2.44593139555346,-2.44593139555346,0.8567761778831482,0.1432238221168518,0.8567761778831482,0.1432238221168518,-0.001817941665649414,7.871389389038086e-4,7.871389389038086e-4,0.8549582362174988,0.14504176378250122,0.9568294286727905,0.9568294286727905,0.06166205141345116,-0.06166205141345116,0.21366280277542082,-0.21366280277542082,0,-0.001817941665649414,0,-0.001817941665649414,0.0824526995420456,-0.0824526995420456,0.12231507112554518,-0.12231507112554518,0.0804717093706131,-0.0804717093706131,0.1325686793523213,-0.1325686793523213,0,0,0,0,0,0,0,0,0,0,0,0,0,0,0,0,0,0,0,0,0,0,0,0,1,0,0,0,0,0,0,0,0,1,0,0,0,0,0,0,0,0,0,0,0,1,0,0,0,0,0,00-0036389,J.Hurts,5,00-0034351,D.Goedert,5,NA,NA,NA,NA,NA,NA,NA,NA,NA,NA,NA,NA,NA,NA,NA,NA,NA,NA,NA,NA,NA,NA,NA,NA,NA,NA,NA,NA,NA,NA,NA,NA,NA,NA,NA,NA,NA,NA,NA,NA,NA,NA,NA,NA,NA,NYG,NA,00-0033878,NA,A.Jackson,NA,NA,NA,NA,NA,NA,NA,NA,NA,NA,NA,NA,NA,0,NA,NA,NA,NA,NA,NA,NA,NA,NA,NA,NA,NA,NA,NA,NA,NA,NA,NA,NA,NA,NA,NA,NA,NA,NA,NA,NA,NA,NA,NA,NA,0,NA,NA,NA,NA,0,NA,NA,0,0,0,0,NA,NA,2023,0.7822788953781128,21.77211046218872,29,0,Punt,2439,"12/25/23, 16:35:39",2023-12-25T23:28:28.607Z,Lincoln Financial Field,"Cloudy Temp: 51° F, Humidity: 68%, Wind: NE 5 mph",cbaf6e72-f053-11ed-b4a7-bab79e4492fa,0,0,PASS,0,NA,2023-12-25T23:28:33.927Z,NA,12,Punt,2023-12-25T23:27:30.013Z,3,1:38,0,0,0,3,3,0,KICKOFF,PUNT,13:41,12:03,PHI 25,PHI 30,2415,2508,25,33,Home,8,58,14,41,1,outdoors,grass,51,5,Nick Sirianni,Brian Daboll,PHI00,Lincoln Financial Field,0,1,J.Hurts,1,NA,NA,D.Goedert,88,1,0,0,0,1,00-0036389,NA,00-0034351,J.Hurts,1,00-0036389,D.Goedert,00-0034351,D.Goedert,00-0034351,0,0,0.03805209184065461,0.48580534725804425,4.275046906652278,2,0.7751121033215895,0.23969543317798525,0.45287108421325684,54.712891578674316
2464,2023_16_NYG_PHI,2023122501,PHI,NYG,REG,16,PHI,home,NYG,PHI,70,2023-12-25,794,1694,1694,Half2,0,13,0,3,2,0,13:14,PHI 30,5,5,"(13:14) (No Huddle, Shotgun) 0-D.Swift right tackle to PHI 34 for 4 yards (24-D.Belton).",run,4,1,1,0,0,0,0,NA,NA,NA,NA,right,tackle,NA,NA,NA,NA,3,3,0,NA,NA,NA,NA,3,3,20,10,20,10,10,20,10,10,0.005316040478646755,0.14427438378334045,0.0020999505650252104,0.22165082395076752,0.2081768959760666,0.0033719148486852646,0.4151099622249603,0,0,1.5484654330648482,0.2862244490534067,11.777547536753069,-11.777547536753069,0.9948019734333693,-0.9948019734333693,14.68199517188751,-14.68199517188751,NA,NA,0,0,12.032684248813894,-12.032684248813894,2.25952335857437,-2.25952335857437,12.43209511518944,-12.43209511518944,2.44593139555346,-2.44593139555346,0.8549582362174988,0.14504176378250122,0.8549582362174988,0.14504176378250122,0.018216609954833984,0.006116271018981934,0.006116271018981934,0.8731748461723328,0.12682515382766724,0.9576165676116943,0.9576165676116943,0.07987866136828514,-0.07987866136828514,0.21366280277542082,-0.21366280277542082,NA,NA,0,0,0.0824526995420456,-0.0824526995420456,0.12231507112554518,-0.12231507112554518,0.0804717093706131,-0.0804717093706131,0.1325686793523213,-0.1325686793523213,0,0,0,0,0,0,0,0,0,0,0,0,0,0,0,0,0,0,0,0,0,0,0,0,1,0,0,0,0,0,0,0,1,0,0,0,0,0,0,0,0,0,0,0,0,0,0,0,0,0,0,NA,NA,NA,NA,NA,NA,00-0036275,D.Swift,4,NA,NA,NA,NA,NA,NA,NA,NA,NA,NA,NA,NA,NA,NA,NA,NA,NA,NA,NA,NA,NA,NA,NA,NA,NA,NA,NA,NA,NA,NA,NA,NA,NA,NA,NA,NA,NA,NA,NA,NA,NA,NA,NYG,NA,00-0038123,NA,D.Belton,NA,NA,NA,NA,NA,NA,NA,NA,NA,NA,NA,NA,NA,0,NA,NA,NA,NA,NA,NA,NA,NA,NA,NA,NA,NA,NA,NA,NA,NA,NA,NA,NA,NA,NA,NA,NA,NA,NA,NA,NA,NA,NA,NA,NA,0,NA,NA,NA,NA,0,NA,NA,0,0,0,0,NA,NA,2023,NA,NA,29,0,Punt,2464,"12/25/23, 16:35:39",2023-12-25T23:28:55.533Z,Lincoln Financial Field,"Cloudy Temp: 51° F, Humidity: 68%, Wind: NE 5 mph",cbaf6e72-f053-11ed-b4a7-bab79e4492fa,0,0,RUSH,0,NA,2023-12-25T23:28:58.843Z,NA,12,Punt,2023-12-25T23:27:30.013Z,3,1:38,0,0,0,3,3,0,KICKOFF,PUNT,13:41,12:03,PHI 25,PHI 30,2415,2508,25,33,Home,8,58,14,41,1,outdoors,grass,51,5,Nick Sirianni,Brian Daboll,PHI00,Lincoln Financial Field,0,1,NA,NA,D.Swift,0,NA,NA,0,1,0,0,1,NA,00-0036275,NA,D.Swift,0,00-0036275,D.Swift,00-0036275,D.Swift,00-0036275,0,0,0.2862244490534067,NA,NA,NA,NA,NA,0.5011906027793884,-50.11906027793884
2486,2023_16_NYG_PHI,2023122501,PHI,NYG,REG,16,PHI,home,NYG,PHI,66,2023-12-25,773,1673,1673,Half2,0,13,0,3,3,0,12:53,PHI 34,1,5,"(12:53) (No Huddle, Shotgun) 0-D.Swift left tackle to PHI 30 for -4 yards (51-A.Ojulari).",run,-4,1,1,0,0,0,0,NA,NA,NA,NA,left,tackle,NA,NA,NA,NA,3,3,0,NA,NA,NA,NA,3,3,20,10,20,10,10,20,10,10,0.005384524818509817,0.14200682938098907,0.002339330269023776,0.20055317878723145,0.21445314586162567,0.004187877289950848,0.43107515573501587,0,0,1.834689882118255,-2.6947857262566686,9.0827618104964,-9.0827618104964,-1.6999837528232993,1.6999837528232993,14.68199517188751,-14.68199517188751,NA,NA,0,0,12.032684248813894,-12.032684248813894,2.25952335857437,-2.25952335857437,12.43209511518944,-12.43209511518944,2.44593139555346,-2.44593139555346,0.8731748461723328,0.12682515382766724,0.8731748461723328,0.12682515382766724,-0.060057878494262695,-0.014988362789154053,-0.014988362789154053,0.8131169676780701,0.18688303232192993,0.9637328386306763,0.9637328386306763,0.019820782874022447,-0.019820782874022447,0.21366280277542082,-0.21366280277542082,NA,NA,0,0,0.0824526995420456,-0.0824526995420456,0.12231507112554518,-0.12231507112554518,0.0804717093706131,-0.0804717093706131,0.1325686793523213,-0.1325686793523213,0,0,0,0,0,1,0,0,0,0,0,0,0,0,0,0,0,0,0,0,0,0,0,0,1,0,0,1,0,0,0,0,1,0,0,0,0,0,0,0,0,0,0,0,0,0,0,0,0,0,0,NA,NA,NA,NA,NA,NA,00-0036275,D.Swift,-4,NA,NA,NA,NA,NA,NA,NA,NA,NA,NA,NA,NA,NA,NA,NA,NA,NA,NA,NA,NA,NA,NA,NA,NA,NA,NA,NA,NA,00-0036552,A.Ojulari,NA,NA,NA,NA,NA,NA,NA,NA,NA,NA,NA,NA,NYG,NA,00-0036552,NA,A.Ojulari,NA,NA,NA,NA,NA,NA,NA,NA,NA,NA,NA,NA,NA,0,NA,NA,NA,NA,NA,NA,NA,NA,NA,NA,NA,NA,NA,NA,NA,NA,NA,NA,NA,NA,NA,NA,NA,NA,NA,NA,NA,NA,NA,NA,NA,0,NA,NA,NA,NA,0,NA,NA,0,0,0,0,NA,NA,2023,NA,NA,29,0,Punt,2486,"12/25/23, 16:35:39",2023-12-25T23:29:16.987Z,Lincoln Financial Field,"Cloudy Temp: 51° F, Humidity: 68%, Wind: NE 5 mph",cbaf6e72-f053-11ed-b4a7-bab79e4492fa,0,0,RUSH,0,NA,2023-12-25T23:29:20.697Z,NA,12,Punt,2023-12-25T23:27:30.013Z,3,1:38,0,0,0,3,3,0,KICKOFF,PUNT,13:41,12:03,PHI 25,PHI 30,2415,2508,25,33,Home,8,58,14,41,1,outdoors,grass,51,5,Nick Sirianni,Brian Daboll,PHI00,Lincoln Financial Field,0,0,NA,NA,D.Swift,0,NA,NA,0,1,0,0,1,NA,00-0036275,NA,D.Swift,0,00-0036275,D.Swift,00-0036275,D.Swift,00-0036275,0,0,-2.6947857262566686,NA,NA,NA,NA,NA,0.2725055515766144,-27.250555157661438
2508,2023_16_NYG_PHI,2023122501,PHI,NYG,REG,16,PHI,home,NYG,PHI,70,2023-12-25,735,1635,1635,Half2,0,13,0,3,4,0,12:15,PHI 30,5,5,"(12:15) 10-B.Mann punts 54 yards to NYG 16, Center-45-R.Lovato. 80-G.Olszewski to NYG 22 for 6 yards (45-R.Lovato). FUMBLES (45-R.Lovato), and recovers at NYG 20.",punt,0,0,0,0,0,0,0,NA,NA,NA,NA,NA,NA,NA,54,NA,NA,3,3,0,NA,NA,NA,NA,3,3,20,10,20,10,10,20,10,10,0.006174131762236357,0.2195245623588562,0.0034279769752174616,0.35561081767082214,0.14857211709022522,0.0035879332572221756,0.2631024718284607,0,0,-0.8600958441384137,0.39745014859363437,9.480211959090035,-9.480211959090035,-1.6999837528232993,1.6999837528232993,14.68199517188751,-14.68199517188751,NA,NA,0,0,12.032684248813894,-12.032684248813894,2.25952335857437,-2.25952335857437,12.43209511518944,-12.43209511518944,2.44593139555346,-2.44593139555346,0.8131169676780701,0.18688303232192993,0.8131169676780701,0.18688303232192993,0.011347711086273193,-0.01106596365571022,-0.01106596365571022,0.8244646787643433,0.17553532123565674,0.9487444758415222,0.9487444758415222,0.019820782874022447,-0.019820782874022447,0.21366280277542082,-0.21366280277542082,NA,NA,0,0,0.0824526995420456,-0.0824526995420456,0.12231507112554518,-0.12231507112554518,0.0804717093706131,-0.0804717093706131,0.1325686793523213,-0.1325686793523213,0,0,0,0,0,0,0,0,0,0,0,0,0,0,0,0,0,0,0,0,0,1,0,0,1,0,0,0,0,0,0,0,0,0,0,0,0,0,0,0,0,0,0,1,1,0,0,0,0,0,0,NA,NA,NA,NA,NA,NA,NA,NA,NA,NA,NA,NA,NA,NA,NA,NA,NA,NA,NA,NA,NA,00-0035645,G.Olszewski,NA,NA,NA,NA,NA,NA,00-0036313,B.Mann,NA,NA,NA,NA,NA,NA,NA,NA,NA,NA,NA,NA,NA,NA,PHI,00-0031911,R.Lovato,NA,NA,NA,PHI,NA,00-0031911,NA,R.Lovato,NA,NA,NA,NA,NA,NA,NA,NA,NA,NA,NA,NA,NA,0,NA,NA,NA,NA,NA,NA,NA,NA,NA,NA,NYG,00-0035645,G.Olszewski,NA,NA,NA,NYG,0,00-0035645,G.Olszewski,NA,NA,NA,NA,NA,NA,NA,NA,NA,NA,NYG,4,NA,NA,NA,NA,0,NA,NA,0,0,0,0,NA,NA,2023,NA,NA,29,0,Punt,2508,"12/25/23, 16:35:39",2023-12-25T23:29:54.090Z,Lincoln Financial Field,"Cloudy Temp: 51° F, Humidity: 68%, Wind: NE 5 mph",cbaf6e72-f053-11ed-b4a7-bab79e4492fa,0,0,PUNT,1,NA,2023-12-25T23:30:05.450Z,NA,12,Punt,2023-12-25T23:27:30.013Z,3,1:38,0,0,0,3,3,0,KICKOFF,PUNT,13:41,12:03,PHI 25,PHI 30,2415,2508,25,33,Home,8,58,14,41,1,outdoors,grass,51,5,Nick Sirianni,Brian Daboll,PHI00,Lincoln Financial Field,0,1,NA,NA,NA,NA,NA,NA,0,0,0,1,0,NA,NA,NA,NA,NA,NA,NA,NA,NA,NA,0,0,0.39745014859363437,NA,NA,NA,NA,NA,NA,NA
2550,2023_16_NYG_PHI,2023122501,PHI,NYG,REG,16,NYG,away,PHI,NYG,80,2023-12-25,723,1623,1623,Half2,0,14,0,3,1,0,12:03,NYG 20,10,30,(12:03) (Shotgun) 26-S.Barkley left guard to NYG 21 for 1 yard (91-F.Cox).,run,1,1,0,0,0,0,0,NA,NA,NA,NA,left,guard,NA,NA,NA,NA,3,3,0,NA,NA,NA,NA,3,3,20,10,10,20,-10,10,20,-10,0.005790700204670429,0.16035336256027222,0.0023304407950490713,0.28855669498443604,0.20354101061820984,0.0036707932595163584,0.33575698733329773,0,0,0.4626456955447793,-0.6016540555283427,10.081866014618377,-10.081866014618377,-1.0983296972949566,1.0983296972949566,14.68199517188751,-14.68199517188751,NA,NA,0,0,12.032684248813894,-12.032684248813894,2.25952335857437,-2.25952335857437,12.43209511518944,-12.43209511518944,2.44593139555346,-2.44593139555346,0.17553532123565674,0.8244646787643433,0.8244646787643433,0.17553532123565674,-0.01389247179031372,0.006215926259756088,-0.006215926259756088,0.838357150554657,0.16164284944534302,0.062321487814188004,0.937678512185812,0.03371325466433617,-0.03371325466433617,0.21366280277542082,-0.21366280277542082,NA,NA,0,0,0.0824526995420456,-0.0824526995420456,0.12231507112554518,-0.12231507112554518,0.0804717093706131,-0.0804717093706131,0.1325686793523213,-0.1325686793523213,0,0,0,0,0,0,0,0,0,0,0,0,0,0,0,0,0,0,0,0,0,0,0,0,1,0,0,0,0,0,0,0,1,0,0,0,0,0,0,0,0,0,0,0,0,0,0,0,0,0,0,NA,NA,NA,NA,NA,NA,00-0034844,S.Barkley,1,NA,NA,NA,NA,NA,NA,NA,NA,NA,NA,NA,NA,NA,NA,NA,NA,NA,NA,NA,NA,NA,NA,NA,NA,NA,NA,NA,NA,NA,NA,NA,NA,NA,NA,NA,NA,NA,NA,NA,NA,NA,NA,PHI,NA,00-0029653,NA,F.Cox,NA,NA,NA,NA,NA,NA,NA,NA,NA,NA,NA,NA,NA,0,NA,NA,NA,NA,NA,NA,NA,NA,NA,NA,NA,NA,NA,NA,NA,NA,NA,NA,NA,NA,NA,NA,NA,NA,NA,NA,NA,NA,NA,NA,NA,0,NA,NA,NA,NA,0,NA,NA,0,0,0,0,NA,NA,2023,NA,NA,30,1,First down,2550,"12/25/23, 16:35:39",2023-12-25T23:33:01.310Z,Lincoln Financial Field,"Cloudy Temp: 51° F, Humidity: 68%, Wind: NE 5 mph",cbaf6e72-f053-11ed-b4a7-bab79e4492fa,0,0,RUSH,0,NA,2023-12-25T23:33:04.767Z,NA,13,Punt,2023-12-25T23:33:01.310Z,8,4:28,2,0,0,3,3,-5,PUNT,PUNT,12:03,07:35,NYG 20,50,2550,2802,25,33,Home,8,58,14,41,1,outdoors,grass,51,5,Nick Sirianni,Brian Daboll,PHI00,Lincoln Financial Field,0,0,NA,NA,S.Barkley,26,NA,NA,0,1,0,0,1,NA,00-0034844,NA,S.Barkley,26,00-0034844,S.Barkley,00-0034844,S.Barkley,00-0034844,0,0,-0.6016540555283427,NA,NA,NA,NA,NA,0.45977914333343506,-45.977914333343506
2579,2023_16_NYG_PHI,2023122501,PHI,NYG,REG,16,NYG,away,PHI,NYG,79,2023-12-25,693,1593,1593,Half2,0,14,0,3,2,0,11:33,NYG 21,9,30,"(11:33) (No Huddle, Shotgun) 2-T.Taylor scrambles up the middle to NYG 30 for 9 yards (32-R.Blankenship). Penalty on NYG-68-B.Bredeson, Offensive Holding, offsetting, enforced at NYG 21 - No Play. Penalty on PHI-21-S.Brown, Unnecessary Roughness, offsetting.",no_play,NA,1,1,0,0,0,1,NA,NA,NA,NA,NA,NA,NA,NA,NA,NA,3,3,NA,NA,NA,NA,NA,3,3,20,10,10,20,-10,10,20,-10,0.006677453406155109,0.17778708040714264,0.0023300889879465103,0.3214695155620575,0.19408424198627472,0.0033028582111001015,0.29434874653816223,0,0,-0.13900835998356342,0.004404415842145681,10.077461598776232,-10.077461598776232,-1.0983296972949566,1.0983296972949566,14.68199517188751,-14.68199517188751,NA,NA,NA,NA,12.032684248813894,-12.032684248813894,2.25952335857437,-2.25952335857437,12.43209511518944,-12.43209511518944,2.44593139555346,-2.44593139555346,0.16164284944534302,0.838357150554657,0.838357150554657,0.16164284944534302,-0,0.0018026456236839294,-0.0018026456236839294,0.838357150554657,0.16164284944534302,0.06853741407394409,0.9314625859260559,0.03371325466433617,-0.03371325466433617,0.21366280277542082,-0.21366280277542082,NA,NA,NA,NA,0.0824526995420456,-0.0824526995420456,0.12231507112554518,-0.12231507112554518,0.0804717093706131,-0.0804717093706131,0.1325686793523213,-0.1325686793523213,NA,NA,NA,NA,NA,NA,NA,NA,NA,0,NA,NA,NA,NA,NA,NA,NA,NA,NA,NA,NA,NA,NA,NA,NA,NA,NA,NA,NA,NA,NA,NA,NA,NA,NA,NA,NA,NA,NA,NA,NA,NA,NA,NA,NA,NA,NA,NA,NA,NA,NA,NA,NA,NA,NA,NA,NA,NA,NA,NA,NA,NA,NA,NA,NA,NA,NA,NA,NA,NA,NA,NA,NA,NA,NA,NA,NA,NA,NA,NA,NA,NA,NA,NA,NA,NA,NA,NA,NA,NA,NA,NA,NA,NA,NA,NA,NA,NA,NA,NA,NA,NA,NA,NA,NA,NA,NA,NA,NA,NA,NA,NA,NA,NA,NA,NA,NA,NA,NA,NA,NA,NA,NA,NA,NA,NA,NA,NA,NA,NA,NA,NA,NA,NA,NA,NA,NA,NA,NA,NA,NA,NA,NA,NA,NA,NA,NA,NA,NA,NA,NA,NA,NA,NA,NA,NA,NA,0,NA,NA,NA,NA,NA,NA,NA,NA,2023,NA,NA,30,1,First down,2579,"12/25/23, 16:35:39",2023-12-25T23:33:31.377Z,Lincoln Financial Field,"Cloudy Temp: 51° F, Humidity: 68%, Wind: NE 5 mph",cbaf6e72-f053-11ed-b4a7-bab79e4492fa,0,0,PENALTY,0,NA,2023-12-25T23:33:36.983Z,NA,13,Punt,2023-12-25T23:33:01.310Z,8,4:28,2,0,0,3,3,-5,PUNT,PUNT,12:03,07:35,NYG 20,50,2550,2802,25,33,Home,8,58,14,41,1,outdoors,grass,51,5,Nick Sirianni,Brian Daboll,PHI00,Lincoln Financial Field,0,1,T.Taylor,2,NA,2,NA,NA,1,0,NA,0,1,00-0028118,NA,NA,T.Taylor,2,00-0028118,NA,NA,T.Taylor,00-0028118,0,0,0.004404415842145681,NA,NA,NA,NA,NA,0.7484390139579773,25.15609860420227
2612,2023_16_NYG_PHI,2023122501,PHI,NYG,REG,16,NYG,away,PHI,NYG,79,2023-12-25,676,1576,1576,Half2,0,14,0,3,2,0,11:16,NYG 21,9,30,(11:16) (Shotgun) 26-S.Barkley left tackle to NYG 24 for 3 yards (22-K.Ringo).,run,3,1,0,0,0,0,0,NA,NA,NA,NA,left,tackle,NA,NA,NA,NA,3,3,0,NA,NA,NA,NA,3,3,20,10,10,20,-10,10,20,-10,0.00690140575170517,0.17656764388084412,0.0023326012305915356,0.3218161165714264,0.19438210129737854,0.0033340652007609606,0.2946660816669464,0,0,-0.13460394414141774,-0.3991823773831129,10.476643976159345,-10.476643976159345,-0.6991473199118436,0.6991473199118436,14.68199517188751,-14.68199517188751,NA,NA,0,0,12.032684248813894,-12.032684248813894,2.25952335857437,-2.25952335857437,12.43209511518944,-12.43209511518944,2.44593139555346,-2.44593139555346,0.16164284944534302,0.838357150554657,0.838357150554657,0.16164284944534302,-0.0021725893020629883,-0.009889591485261917,0.009889591485261917,0.84052973985672,0.15947026014328003,0.07034005969762802,0.929659940302372,0.035885843966399156,-0.035885843966399156,0.21366280277542082,-0.21366280277542082,NA,NA,0,0,0.0824526995420456,-0.0824526995420456,0.12231507112554518,-0.12231507112554518,0.0804717093706131,-0.0804717093706131,0.1325686793523213,-0.1325686793523213,0,0,0,0,0,0,0,0,0,0,0,0,0,0,0,0,0,0,0,0,0,0,0,0,1,0,0,0,0,0,0,0,1,0,0,0,0,0,0,0,0,0,0,0,0,0,0,0,0,0,0,NA,NA,NA,NA,NA,NA,00-0034844,S.Barkley,3,NA,NA,NA,NA,NA,NA,NA,NA,NA,NA,NA,NA,NA,NA,NA,NA,NA,NA,NA,NA,NA,NA,NA,NA,NA,NA,NA,NA,NA,NA,NA,NA,NA,NA,NA,NA,NA,NA,NA,NA,NA,NA,PHI,NA,00-0039140,NA,K.Ringo,NA,NA,NA,NA,NA,NA,NA,NA,NA,NA,NA,NA,NA,0,NA,NA,NA,NA,NA,NA,NA,NA,NA,NA,NA,NA,NA,NA,NA,NA,NA,NA,NA,NA,NA,NA,NA,NA,NA,NA,NA,NA,NA,NA,NA,0,NA,NA,NA,NA,0,NA,NA,0,0,0,0,NA,NA,2023,NA,NA,30,1,First down,2612,"12/25/23, 16:35:39",2023-12-25T23:35:12.677Z,Lincoln Financial Field,"Cloudy Temp: 51° F, Humidity: 68%, Wind: NE 5 mph",cbaf6e72-f053-11ed-b4a7-bab79e4492fa,0,0,RUSH,0,NA,2023-12-25T23:35:17.513Z,NA,13,Punt,2023-12-25T23:33:01.310Z,8,4:28,2,0,0,3,3,-5,PUNT,PUNT,12:03,07:35,NYG 20,50,2550,2802,25,33,Home,8,58,14,41,1,outdoors,grass,51,5,Nick Sirianni,Brian Daboll,PHI00,Lincoln Financial Field,0,0,NA,NA,S.Barkley,26,NA,NA,0,1,0,0,1,NA,00-0034844,NA,S.Barkley,26,00-0034844,S.Barkley,00-0034844,S.Barkley,00-0034844,0,0,-0.3991823773831129,NA,NA,NA,NA,NA,0.7484545111656189,-74.84545111656189
2634,2023_16_NYG_PHI,2023122501,PHI,NYG,REG,16,NYG,away,PHI,NYG,76,2023-12-25,632,1532,1532,Half2,0,14,0,3,3,0,10:32,NYG 24,6,30,(10:32) (Shotgun) 2-T.Taylor scrambles right end ran ob at NYG 39 for 15 yards (53-S.Leonard).,run,15,1,0,1,0,0,1,NA,NA,NA,NA,right,end,NA,NA,NA,NA,3,3,0,NA,NA,NA,NA,3,3,20,10,10,20,-10,10,20,-10,0.007161358837038279,0.19190165400505066,0.0023983316496014595,0.34227874875068665,0.1837567836046219,0.003225132590159774,0.26927798986434937,0,0,-0.5337863215245306,2.29897894221358,8.177665033945765,-8.177665033945765,-2.9981262621254237,2.9981262621254237,14.68199517188751,-14.68199517188751,NA,NA,0,0,12.032684248813894,-12.032684248813894,2.25952335857437,-2.25952335857437,12.43209511518944,-12.43209511518944,2.44593139555346,-2.44593139555346,0.15947026014328003,0.84052973985672,0.84052973985672,0.15947026014328003,0.014595359563827515,0.011460814625024796,-0.011460814625024796,0.8259343802928925,0.17406561970710754,0.060450468212366104,0.9395495317876339,0.02129048440257164,-0.02129048440257164,0.21366280277542082,-0.21366280277542082,NA,NA,0,0,0.0824526995420456,-0.0824526995420456,0.12231507112554518,-0.12231507112554518,0.0804717093706131,-0.0804717093706131,0.1325686793523213,-0.1325686793523213,0,1,0,0,1,0,0,0,0,0,0,0,0,0,0,0,0,0,0,0,0,0,0,0,1,0,0,0,0,0,0,0,1,0,0,0,0,0,0,0,0,0,0,0,0,0,0,0,0,0,0,NA,NA,NA,NA,NA,NA,00-0028118,T.Taylor,15,NA,NA,NA,NA,NA,NA,NA,NA,NA,NA,NA,NA,NA,NA,NA,NA,NA,NA,NA,NA,NA,NA,NA,NA,NA,NA,NA,NA,NA,NA,NA,NA,NA,NA,NA,NA,NA,NA,NA,NA,NA,NA,PHI,NA,00-0034846,NA,S.Leonard,NA,NA,NA,NA,NA,NA,NA,NA,NA,NA,NA,NA,NA,0,NA,NA,NA,NA,NA,NA,NA,NA,NA,NA,NA,NA,NA,NA,NA,NA,NA,NA,NA,NA,NA,NA,NA,NA,NA,NA,NA,NA,NA,NA,NA,0,NA,NA,NA,NA,0,NA,NA,0,0,0,0,NA,NA,2023,NA,NA,30,1,First down,2634,"12/25/23, 16:35:39",2023-12-25T23:35:56.487Z,Lincoln Financial Field,"Cloudy Temp: 51° F, Humidity: 68%, Wind: NE 5 mph",cbaf6e72-f053-11ed-b4a7-bab79e4492fa,0,0,RUSH,0,NA,2023-12-25T23:36:04.697Z,NA,13,Punt,2023-12-25T23:33:01.310Z,8,4:28,2,0,0,3,3,-5,PUNT,PUNT,12:03,07:35,NYG 20,50,2550,2802,25,33,Home,8,58,14,41,1,outdoors,grass,51,5,Nick Sirianni,Brian Daboll,PHI00,Lincoln Financial Field,0,1,T.Taylor,2,NA,2,NA,NA,1,0,1,0,1,00-0028118,NA,NA,T.Taylor,2,00-0028118,T.Taylor,00-0028118,T.Taylor,00-0028118,1,0,2.29897894221358,NA,NA,NA,NA,NA,0.9803197383880615,1.9680261611938477
2661,2023_16_NYG_PHI,2023122501,PHI,NYG,REG,16,NYG,away,PHI,NYG,61,2023-12-25,603,1503,1503,Half2,0,14,0,3,1,0,10:03,NYG 39,10,30,"(10:03) (No Huddle, Shotgun) 2-T.Taylor pass short right to 26-S.Barkley to NYG 37 for -2 yards (93-M.Williams).",pass,-2,1,1,1,0,0,0,short,right,-6,4,NA,NA,NA,NA,NA,NA,3,3,0,NA,NA,NA,NA,3,3,20,10,10,20,-10,10,20,-10,0.00830724649131298,0.11223933100700378,0.0017849447904154658,0.2134900689125061,0.25728839635849,0.004036834463477135,0.4028531610965729,0,0,1.7651926206890494,-0.9470219810027629,9.124687014948528,-9.124687014948528,-2.9981262621254237,2.9981262621254237,15.629017152890272,-15.629017152890272,-1.3013917680364102,0.3543697870336473,-1.3013917680364102,0.3543697870336473,13.334076016850304,-13.334076016850304,1.9051535715407226,-1.9051535715407226,13.73348688322585,-13.73348688322585,2.0915616085198128,-2.0915616085198128,0.17406561970710754,0.8259343802928925,0.8259343802928925,0.17406561970710754,-0.022400692105293274,-0.007583938539028168,0.007583938539028168,0.8483350723981857,0.15166492760181427,0.0719112828373909,0.9280887171626091,0.02129048440257164,-0.02129048440257164,0.2360634948807141,-0.2360634948807141,0,-0.022400692105293274,0,-0.022400692105293274,0.0824526995420456,-0.0824526995420456,0.14471576323083846,-0.14471576323083846,0.0804717093706131,-0.0804717093706131,0.15496937145761458,-0.15496937145761458,0,0,0,0,0,0,0,0,0,0,0,0,0,0,0,0,0,0,0,0,0,0,0,0,1,0,0,0,0,0,0,0,0,1,0,0,0,0,0,0,0,0,0,0,0,1,0,0,0,0,0,00-0028118,T.Taylor,-2,00-0034844,S.Barkley,-2,NA,NA,NA,NA,NA,NA,NA,NA,NA,NA,NA,NA,NA,NA,NA,NA,NA,NA,NA,NA,NA,NA,NA,NA,NA,NA,NA,NA,NA,NA,NA,00-0036916,M.Williams,NA,NA,NA,NA,NA,NA,NA,NA,NA,NA,NA,NA,PHI,NA,00-0036916,NA,M.Williams,NA,NA,NA,NA,NA,NA,NA,NA,NA,NA,NA,NA,NA,0,NA,NA,NA,NA,NA,NA,NA,NA,NA,NA,NA,NA,NA,NA,NA,NA,NA,NA,NA,NA,NA,NA,NA,NA,NA,NA,NA,NA,NA,NA,NA,0,NA,NA,NA,NA,0,NA,NA,0,0,0,0,NA,NA,2023,0.8643236756324768,13.56763243675232,31,1,First down,2661,"12/25/23, 16:35:39",2023-12-25T23:36:32.490Z,Lincoln Financial Field,"Cloudy Temp: 51° F, Humidity: 68%, Wind: NE 5 mph",cbaf6e72-f053-11ed-b4a7-bab79e4492fa,0,0,PASS,0,NA,2023-12-25T23:36:37.170Z,NA,13,Punt,2023-12-25T23:33:01.310Z,8,4:28,2,0,0,3,3,-5,PUNT,PUNT,12:03,07:35,NYG 20,50,2550,2802,25,33,Home,8,58,14,41,1,outdoors,grass,51,5,Nick Sirianni,Brian Daboll,PHI00,Lincoln Financial Field,0,0,T.Taylor,2,NA,NA,S.Barkley,26,1,0,0,0,1,00-0028118,NA,00-0034844,T.Taylor,2,00-0028118,S.Barkley,00-0034844,S.Barkley,00-0034844,0,0,-0.9470219810027629,1.281265942024801,11.229201940157509,10,0.46811258303932846,0.2264670568984002,0.49313852190971375,50.686147809028625
2686,2023_16_NYG_PHI,2023122501,PHI,NYG,REG,16,NYG,away,PHI,NYG,63,2023-12-25,565,1465,1465,Half2,0,14,0,3,2,0,09:25,NYG 37,12,30,(9:25) (Shotgun) 2-T.Taylor pass short left to 86-D.Slayton to NYG 49 for 12 yards (53-S.Leonard; 32-R.Blankenship).,pass,12,1,0,1,0,0,0,short,left,11,1,NA,NA,NA,NA,NA,NA,3,3,0,NA,NA,NA,NA,3,3,20,10,10,20,-10,10,20,-10,0.010988627560436726,0.14315804839134216,0.0025449800305068493,0.26908785104751587,0.21481375396251678,0.004787732847034931,0.35461899638175964,0,0,0.8181706396862864,1.654178623110056,7.470508391838472,-7.470508391838472,-2.9981262621254237,2.9981262621254237,13.974838529780216,-13.974838529780216,1.1720493212342262,0.4821293018758297,1.1720493212342262,0.4821293018758297,12.162026695616078,-12.162026695616078,1.423024269664893,-1.423024269664893,12.561437561991625,-12.561437561991625,1.6094323066439828,-1.6094323066439828,0.15166492760181427,0.8483350723981857,0.8483350723981857,0.15166492760181427,0.03781707584857941,0.008223123848438263,-0.008223123848438263,0.8105179965496063,0.18948200345039368,0.06432734429836273,0.9356726557016373,0.02129048440257164,-0.02129048440257164,0.1982464190321347,-0.1982464190321347,0,0.03781707584857941,0,0.03781707584857941,0.0824526995420456,-0.0824526995420456,0.10689868738225905,-0.10689868738225905,0.0804717093706131,-0.0804717093706131,0.11715229560903517,-0.11715229560903517,0,0,1,0,0,0,0,0,0,0,0,0,0,0,0,0,0,0,0,0,0,0,0,0,0,0,0,0,0,0,0,0,0,1,0,0,0,0,0,0,0,0,0,0,0,1,1,0,0,0,0,00-0028118,T.Taylor,12,00-0035535,D.Slayton,12,NA,NA,NA,NA,NA,NA,NA,NA,NA,NA,NA,NA,NA,NA,NA,NA,NA,NA,NA,NA,NA,NA,NA,NA,NA,NA,NA,NA,NA,NA,NA,NA,NA,NA,NA,NA,NA,NA,NA,NA,NA,NA,NA,NA,NA,NA,NA,NA,NA,NA,NA,00-0034846,S.Leonard,PHI,00-0037130,R.Blankenship,PHI,NA,NA,NA,NA,NA,NA,0,NA,NA,NA,NA,NA,NA,NA,NA,NA,NA,NA,NA,NA,NA,NA,NA,NA,NA,NA,NA,NA,NA,NA,NA,NA,NA,NA,NA,NA,NA,NA,0,NA,NA,NA,NA,0,NA,NA,0,0,0,0,NA,NA,2023,0.6367371082305908,36.32628917694092,31,1,First down,2686,"12/25/23, 16:35:39",2023-12-25T23:37:09.593Z,Lincoln Financial Field,"Cloudy Temp: 51° F, Humidity: 68%, Wind: NE 5 mph",cbaf6e72-f053-11ed-b4a7-bab79e4492fa,0,0,PASS,0,NA,2023-12-25T23:37:14.993Z,NA,13,Punt,2023-12-25T23:33:01.310Z,8,4:28,2,0,0,3,3,-5,PUNT,PUNT,12:03,07:35,NYG 20,50,2550,2802,25,33,Home,8,58,14,41,1,outdoors,grass,51,5,Nick Sirianni,Brian Daboll,PHI00,Lincoln Financial Field,0,1,T.Taylor,2,NA,NA,D.Slayton,86,1,0,1,0,1,00-0028118,NA,00-0035535,T.Taylor,2,00-0028118,D.Slayton,00-0035535,D.Slayton,00-0035535,0,0,1.654178623110056,0.38645718347023794,2.9819735748606035,0,1,0.46381542171002366,0.8616689443588257,13.833105564117432
2711,2023_16_NYG_PHI,2023122501,PHI,NYG,REG,16,NYG,away,PHI,NYG,51,2023-12-25,529,1429,1429,Half2,0,14,0,3,1,0,08:49,NYG 49,10,30,(8:49) (Shotgun) 26-S.Barkley left guard to PHI 47 for 4 yards (57-B.VanSumeren; 98-J.Carter).,run,4,1,0,0,0,0,0,NA,NA,NA,NA,left,guard,NA,NA,NA,NA,3,3,0,NA,NA,NA,NA,3,3,20,10,10,20,-10,10,20,-10,0.008698769845068455,0.09130343794822693,0.001257948111742735,0.16845820844173431,0.29070740938186646,0.004231738857924938,0.4353424608707428,0,0,2.4723492627963424,-0.07045890833251178,7.540967300170983,-7.540967300170983,-2.927667353792912,2.927667353792912,13.974838529780216,-13.974838529780216,NA,NA,0,0,12.162026695616078,-12.162026695616078,1.423024269664893,-1.423024269664893,12.561437561991625,-12.561437561991625,1.6094323066439828,-1.6094323066439828,0.18948200345039368,0.8105179965496063,0.8105179965496063,0.18948200345039368,-0.0076634883880615234,0.00592949241399765,-0.00592949241399765,0.8181814849376678,0.18181851506233215,0.072550468146801,0.927449531853199,0.028953972790633165,-0.028953972790633165,0.1982464190321347,-0.1982464190321347,NA,NA,0,0,0.0824526995420456,-0.0824526995420456,0.10689868738225905,-0.10689868738225905,0.0804717093706131,-0.0804717093706131,0.11715229560903517,-0.11715229560903517,0,0,0,0,0,0,0,0,0,0,0,0,0,0,0,0,0,0,0,0,0,0,0,0,0,0,0,0,0,0,0,0,1,0,0,0,0,0,0,0,0,0,0,0,0,0,1,0,0,0,0,NA,NA,NA,NA,NA,NA,00-0034844,S.Barkley,4,NA,NA,NA,NA,NA,NA,NA,NA,NA,NA,NA,NA,NA,NA,NA,NA,NA,NA,NA,NA,NA,NA,NA,NA,NA,NA,NA,NA,NA,NA,NA,NA,NA,NA,NA,NA,NA,NA,NA,NA,NA,NA,NA,NA,NA,NA,NA,NA,00-0038489,B.VanSumeren,PHI,00-0038386,J.Carter,PHI,NA,NA,NA,NA,NA,NA,0,NA,NA,NA,NA,NA,NA,NA,NA,NA,NA,NA,NA,NA,NA,NA,NA,NA,NA,NA,NA,NA,NA,NA,NA,NA,NA,NA,NA,NA,NA,NA,0,NA,NA,NA,NA,0,NA,NA,0,0,0,0,NA,NA,2023,NA,NA,32,0,Punt,2711,"12/25/23, 16:35:39",2023-12-25T23:37:46.430Z,Lincoln Financial Field,"Cloudy Temp: 51° F, Humidity: 68%, Wind: NE 5 mph",cbaf6e72-f053-11ed-b4a7-bab79e4492fa,0,0,RUSH,0,NA,2023-12-25T23:37:50.433Z,NA,13,Punt,2023-12-25T23:33:01.310Z,8,4:28,2,0,0,3,3,-5,PUNT,PUNT,12:03,07:35,NYG 20,50,2550,2802,25,33,Home,8,58,14,41,1,outdoors,grass,51,5,Nick Sirianni,Brian Daboll,PHI00,Lincoln Financial Field,0,0,NA,NA,S.Barkley,26,NA,NA,0,1,0,0,1,NA,00-0034844,NA,S.Barkley,26,00-0034844,S.Barkley,00-0034844,S.Barkley,00-0034844,0,0,-0.07045890833251178,NA,NA,NA,NA,NA,0.49521970748901367,-49.52197074890137
2733,2023_16_NYG_PHI,2023122501,PHI,NYG,REG,16,NYG,away,PHI,PHI,47,2023-12-25,502,1402,1402,Half2,0,14,0,3,2,0,08:22,PHI 47,6,30,(8:22) (No Huddle) 26-S.Barkley left guard to PHI 45 for 2 yards (93-M.Williams).,run,2,0,1,0,0,0,0,NA,NA,NA,NA,left,guard,NA,NA,NA,NA,3,3,0,NA,NA,NA,NA,3,3,20,10,10,20,-10,10,20,-10,0.00929904542863369,0.09696639329195023,0.0012087508803233504,0.1694003790616989,0.2896060049533844,0.00448885140940547,0.42903056740760803,0,0,2.4018903544638306,-0.4695977489463985,8.010565049117382,-8.010565049117382,-2.4580696048465134,2.4580696048465134,13.974838529780216,-13.974838529780216,NA,NA,0,0,12.162026695616078,-12.162026695616078,1.423024269664893,-1.423024269664893,12.561437561991625,-12.561437561991625,1.6094323066439828,-1.6094323066439828,0.18181851506233215,0.8181814849376678,0.8181814849376678,0.18181851506233215,-0.006335780024528503,-0.010635890066623688,0.010635890066623688,0.8245172649621964,0.17548273503780365,0.07847996056079865,0.9215200394392014,0.03528975281516167,-0.03528975281516167,0.1982464190321347,-0.1982464190321347,NA,NA,0,0,0.0824526995420456,-0.0824526995420456,0.10689868738225905,-0.10689868738225905,0.0804717093706131,-0.0804717093706131,0.11715229560903517,-0.11715229560903517,0,0,0,0,0,0,0,0,0,0,0,0,0,0,0,0,0,0,0,0,0,0,0,0,1,0,0,0,0,0,0,0,1,0,0,0,0,0,0,0,0,0,0,0,0,0,0,0,0,0,0,NA,NA,NA,NA,NA,NA,00-0034844,S.Barkley,2,NA,NA,NA,NA,NA,NA,NA,NA,NA,NA,NA,NA,NA,NA,NA,NA,NA,NA,NA,NA,NA,NA,NA,NA,NA,NA,NA,NA,NA,NA,NA,NA,NA,NA,NA,NA,NA,NA,NA,NA,NA,NA,PHI,NA,00-0036916,NA,M.Williams,NA,NA,NA,NA,NA,NA,NA,NA,NA,NA,NA,NA,NA,0,NA,NA,NA,NA,NA,NA,NA,NA,NA,NA,NA,NA,NA,NA,NA,NA,NA,NA,NA,NA,NA,NA,NA,NA,NA,NA,NA,NA,NA,NA,NA,0,NA,NA,NA,NA,0,NA,NA,0,0,0,0,NA,NA,2023,NA,NA,32,0,Punt,2733,"12/25/23, 16:35:39",2023-12-25T23:38:13.490Z,Lincoln Financial Field,"Cloudy Temp: 51° F, Humidity: 68%, Wind: NE 5 mph",cbaf6e72-f053-11ed-b4a7-bab79e4492fa,0,0,RUSH,0,NA,2023-12-25T23:38:16.527Z,NA,13,Punt,2023-12-25T23:33:01.310Z,8,4:28,2,0,0,3,3,-5,PUNT,PUNT,12:03,07:35,NYG 20,50,2550,2802,25,33,Home,8,58,14,41,1,outdoors,grass,51,5,Nick Sirianni,Brian Daboll,PHI00,Lincoln Financial Field,0,0,NA,NA,S.Barkley,26,NA,NA,0,1,0,0,1,NA,00-0034844,NA,S.Barkley,26,00-0034844,S.Barkley,00-0034844,S.Barkley,00-0034844,0,0,-0.4695977489463985,NA,NA,NA,NA,NA,0.6286546587944031,-62.86546587944031
2755,2023_16_NYG_PHI,2023122501,PHI,NYG,REG,16,NYG,away,PHI,PHI,45,2023-12-25,466,1366,1366,Half2,0,14,0,3,3,0,07:46,PHI 45,4,30,(7:46) (Shotgun) 2-T.Taylor pass incomplete short right to 26-S.Barkley [91-F.Cox].,pass,0,1,0,1,0,0,0,short,right,5,NA,NA,NA,NA,NA,NA,NA,3,3,0,NA,NA,NA,NA,3,3,20,10,10,20,-10,10,20,-10,0.010737142525613308,0.10917577892541885,0.0012706095585599542,0.19647179543972015,0.27864137291908264,0.004836726933717728,0.39886659383773804,0,0,1.932292605517432,-1.814286284847185,9.824851333964567,-9.824851333964567,-2.4580696048465134,2.4580696048465134,15.789124814627401,-15.789124814627401,1.3218730876687914,-3.1361593725159764,0,0,12.162026695616078,-12.162026695616078,1.423024269664893,-1.423024269664893,11.239564474322833,-11.239564474322833,4.7455916791599595,-4.7455916791599595,0.17548273503780365,0.8245172649621964,0.8245172649621964,0.17548273503780365,-0.037187039852142334,-0.012475136667490005,0.012475136667490005,0.8617043048143387,0.13829569518566132,0.06784407049417496,0.932155929505825,0.03528975281516167,-0.03528975281516167,0.23543345888427702,-0.23543345888427702,0,-0.037187039852142334,0,0,0.0824526995420456,-0.0824526995420456,0.10689868738225905,-0.10689868738225905,0.0804717093706131,-0.0804717093706131,0.1543393354611775,-0.1543393354611775,0,0,0,0,0,1,0,0,1,0,0,0,0,0,0,0,0,0,0,0,0,0,0,0,0,0,0,0,0,0,0,1,0,1,0,0,0,0,0,0,0,0,0,0,0,0,0,0,0,0,0,00-0028118,T.Taylor,NA,00-0034844,S.Barkley,NA,NA,NA,NA,NA,NA,NA,NA,NA,NA,NA,NA,NA,NA,NA,NA,NA,NA,NA,NA,NA,NA,NA,NA,NA,NA,NA,NA,NA,NA,NA,NA,NA,NA,NA,NA,00-0029653,F.Cox,NA,NA,NA,NA,NA,NA,NA,NA,NA,NA,NA,NA,NA,NA,NA,NA,NA,NA,NA,NA,NA,NA,NA,NA,NA,NA,0,NA,NA,NA,NA,NA,NA,NA,NA,NA,NA,NA,NA,NA,NA,NA,NA,NA,NA,NA,NA,NA,NA,NA,NA,NA,NA,NA,NA,NA,NA,NA,0,NA,NA,NA,NA,0,NA,NA,0,0,0,0,NA,NA,2023,0.46903425455093384,-46.903425455093384,32,0,Punt,2755,"12/25/23, 16:35:39",2023-12-25T23:38:49.227Z,Lincoln Financial Field,"Cloudy Temp: 51° F, Humidity: 68%, Wind: NE 5 mph",cbaf6e72-f053-11ed-b4a7-bab79e4492fa,0,0,PASS,0,NA,2023-12-25T23:38:52.230Z,NA,13,Punt,2023-12-25T23:33:01.310Z,8,4:28,2,0,0,3,3,-5,PUNT,PUNT,12:03,07:35,NYG 20,50,2550,2802,25,33,Home,8,58,14,41,1,outdoors,grass,51,5,Nick Sirianni,Brian Daboll,PHI00,Lincoln Financial Field,0,0,T.Taylor,2,NA,NA,S.Barkley,26,1,0,0,0,1,00-0028118,NA,00-0034844,T.Taylor,2,00-0028118,S.Barkley,00-0034844,S.Barkley,00-0034844,0,0,-1.814286284847185,0.2196358945560961,3.6230008320417255,1,0.9961378163425252,0.9961378163425252,0.9342918992042542,6.570810079574585
2778,2023_16_NYG_PHI,2023122501,PHI,NYG,REG,16,NYG,away,PHI,PHI,45,2023-12-25,462,1362,1362,Half2,0,14,0,3,4,0,07:42,PHI 45,4,30,"(7:42) (Shotgun) PENALTY on NYG-61-J.Schmitz, False Start, 5 yards, enforced at PHI 45 - No Play.",no_play,0,1,0,0,0,0,0,NA,NA,NA,NA,NA,NA,NA,NA,NA,NA,3,3,0,NA,NA,NA,NA,3,3,20,10,10,20,-10,10,20,-10,0.012920493260025978,0.16539545357227325,0.0016953814774751663,0.30424097180366516,0.20522302389144897,0.008414278738200665,0.30211037397384644,0,0,0.11800632067024708,-0.6328915867488831,10.45774292071345,-10.45774292071345,-2.4580696048465134,2.4580696048465134,15.789124814627401,-15.789124814627401,NA,NA,0,0,12.162026695616078,-12.162026695616078,1.423024269664893,-1.423024269664893,11.239564474322833,-11.239564474322833,4.7455916791599595,-4.7455916791599595,0.13829569518566132,0.8617043048143387,0.8617043048143387,0.13829569518566132,-0.00750364363193512,-0.00330367311835289,0.00330367311835289,0.8692079484462738,0.1307920515537262,0.05536893382668495,0.944631066173315,0.03528975281516167,-0.03528975281516167,0.23543345888427702,-0.23543345888427702,NA,NA,0,0,0.0824526995420456,-0.0824526995420456,0.10689868738225905,-0.10689868738225905,0.0804717093706131,-0.0804717093706131,0.1543393354611775,-0.1543393354611775,0,0,0,0,0,0,0,0,0,0,0,0,0,0,0,0,0,0,0,0,0,0,0,0,0,0,1,0,0,0,0,0,0,0,0,0,0,0,0,0,0,0,0,0,0,0,0,0,0,0,0,NA,NA,NA,NA,NA,NA,NA,NA,NA,NA,NA,NA,NA,NA,NA,NA,NA,NA,NA,NA,NA,NA,NA,NA,NA,NA,NA,NA,NA,NA,NA,NA,NA,NA,NA,NA,NA,NA,NA,NA,NA,NA,NA,NA,NA,NA,NA,NA,NA,NA,NA,NA,NA,NA,NA,NA,NA,NA,NA,NA,NA,NA,NA,NA,NA,NA,NA,NA,NA,0,NA,NA,NA,NA,NA,NA,NA,NA,NA,NA,NA,NA,NA,NA,NA,NA,NA,NA,NA,NA,NA,NA,NA,NA,NA,NA,NA,NA,NA,NA,NA,0,NYG,00-0039019,J.Schmitz,5,0,NA,False Start,0,0,0,0,NA,NA,2023,NA,NA,32,0,Punt,2778,"12/25/23, 16:35:39",2023-12-25T23:39:23Z,Lincoln Financial Field,"Cloudy Temp: 51° F, Humidity: 68%, Wind: NE 5 mph",cbaf6e72-f053-11ed-b4a7-bab79e4492fa,0,0,PENALTY,0,NA,NA,NA,13,Punt,2023-12-25T23:33:01.310Z,8,4:28,2,0,0,3,3,-5,PUNT,PUNT,12:03,07:35,NYG 20,50,2550,2802,25,33,Home,8,58,14,41,1,outdoors,grass,51,5,Nick Sirianni,Brian Daboll,PHI00,Lincoln Financial Field,0,0,NA,NA,NA,NA,NA,NA,0,0,0,0,1,NA,NA,NA,NA,NA,NA,NA,NA,NA,NA,0,0,-0.6328915867488831,NA,NA,NA,NA,NA,0.8996903300285339,NA
2802,2023_16_NYG_PHI,2023122501,PHI,NYG,REG,16,NYG,away,PHI,50,50,2023-12-25,462,1362,1362,Half2,0,14,0,3,4,0,07:42,MID 50,9,30,"(7:42) 6-J.Gillan punts 44 yards to PHI 6, Center-59-C.Kreiter, fair catch by 18-B.Covey.",punt,0,0,0,0,0,0,0,NA,NA,NA,NA,NA,NA,NA,44,NA,NA,3,3,0,NA,NA,NA,NA,3,3,20,10,10,20,-10,10,20,-10,0.01341856550425291,0.1877940446138382,0.0018392991041764617,0.33810293674468994,0.1877172291278839,0.008430229499936104,0.262697696685791,0,0,-0.514885266078636,0.22487761336378753,10.232865307349662,-10.232865307349662,-2.4580696048465134,2.4580696048465134,15.789124814627401,-15.789124814627401,NA,NA,0,0,12.162026695616078,-12.162026695616078,1.423024269664893,-1.423024269664893,11.239564474322833,-11.239564474322833,4.7455916791599595,-4.7455916791599595,0.1307920515537262,0.8692079484462738,0.8692079484462738,0.1307920515537262,0.01720675826072693,-0.0029691532254219055,0.0029691532254219055,0.8520011901855469,0.14799880981445312,0.05206526070833206,0.9479347392916679,0.03528975281516167,-0.03528975281516167,0.23543345888427702,-0.23543345888427702,NA,NA,0,0,0.0824526995420456,-0.0824526995420456,0.10689868738225905,-0.10689868738225905,0.0804717093706131,-0.0804717093706131,0.1543393354611775,-0.1543393354611775,0,0,0,0,0,0,0,0,0,0,0,1,0,0,0,1,0,0,0,0,0,0,0,0,0,0,0,0,0,0,0,0,0,0,0,0,0,0,0,0,0,0,0,1,0,0,0,0,0,0,0,NA,NA,NA,NA,NA,NA,NA,NA,NA,NA,NA,NA,NA,NA,NA,NA,NA,NA,NA,NA,NA,00-0037132,B.Covey,NA,NA,NA,NA,NA,NA,00-0035042,J.Gillan,NA,NA,NA,NA,NA,NA,NA,NA,NA,NA,NA,NA,NA,NA,NA,NA,NA,NA,NA,NA,NA,NA,NA,NA,NA,NA,NA,NA,NA,NA,NA,NA,NA,NA,NA,NA,NA,NA,0,NA,NA,NA,NA,NA,NA,NA,NA,NA,NA,NA,NA,NA,NA,NA,NA,NA,NA,NA,NA,NA,NA,NA,NA,NA,NA,NA,NA,NA,NA,PHI,0,NA,NA,NA,NA,0,NA,NA,0,0,0,0,NA,NA,2023,NA,NA,32,0,Punt,2802,"12/25/23, 16:35:39",2023-12-25T23:40:27Z,Lincoln Financial Field,"Cloudy Temp: 51° F, Humidity: 68%, Wind: NE 5 mph",cbaf6e72-f053-11ed-b4a7-bab79e4492fa,0,0,PUNT,1,NA,NA,NA,13,Punt,2023-12-25T23:33:01.310Z,8,4:28,2,0,0,3,3,-5,PUNT,PUNT,12:03,07:35,NYG 20,50,2550,2802,25,33,Home,8,58,14,41,1,outdoors,grass,51,5,Nick Sirianni,Brian Daboll,PHI00,Lincoln Financial Field,0,1,NA,NA,NA,NA,NA,NA,0,0,0,1,0,NA,NA,NA,NA,NA,NA,NA,NA,NA,NA,0,0,0.22487761336378753,NA,NA,NA,NA,NA,NA,NA
2822,2023_16_NYG_PHI,2023122501,PHI,NYG,REG,16,PHI,home,NYG,PHI,94,2023-12-25,455,1355,1355,Half2,0,15,0,3,1,0,07:35,PHI 6,10,66,(7:35) (Shotgun) 1-J.Hurts pass short right to 11-A.Brown to PHI 10 for 4 yards (25-D.Banks).,pass,4,1,0,1,0,0,0,short,right,4,0,NA,NA,NA,NA,NA,NA,3,3,0,NA,NA,NA,NA,3,3,20,10,20,10,10,20,10,10,0.01409157831221819,0.18040136992931366,0.01688416488468647,0.2819806933403015,0.17516431212425232,0.001398603431880474,0.33007925748825073,0,0,0.2900076527148485,-0.3511431561782956,9.881722151171367,-9.881722151171367,-2.4580696048465134,2.4580696048465134,15.437981658449106,-15.437981658449106,-0.3511431561782956,0,-0.3511431561782956,0,11.810883539437782,-11.810883539437782,1.423024269664893,-1.423024269664893,10.888421318144538,-10.888421318144538,4.7455916791599595,-4.7455916791599595,0.8520011901855469,0.14799880981445312,0.8520011901855469,0.14799880981445312,-0.0021408796310424805,-2.5510787963867188e-05,-2.5510787963867188e-05,0.8498603105545044,0.1501396894454956,0.9509038925170898,0.9509038925170898,0.03528975281516167,-0.03528975281516167,0.23329257925323454,-0.23329257925323454,-0.0021408796310424805,0,-0.0021408796310424805,0,0.08031181991100311,-0.08031181991100311,0.10689868738225905,-0.10689868738225905,0.07833082973957062,-0.07833082973957062,0.1543393354611775,-0.1543393354611775,0,0,0,0,0,0,0,0,0,0,0,0,0,0,0,0,0,0,0,0,0,0,0,0,1,0,0,0,0,0,0,0,0,1,0,0,0,0,0,0,0,0,0,0,0,1,0,0,0,0,0,00-0036389,J.Hurts,4,00-0035676,A.Brown,4,NA,NA,NA,NA,NA,NA,NA,NA,NA,NA,NA,NA,NA,NA,NA,NA,NA,NA,NA,NA,NA,NA,NA,NA,NA,NA,NA,NA,NA,NA,NA,NA,NA,NA,NA,NA,NA,NA,NA,NA,NA,NA,NA,NA,NA,NYG,NA,00-0039000,NA,D.Banks,NA,NA,NA,NA,NA,NA,NA,NA,NA,NA,NA,NA,NA,0,NA,NA,NA,NA,NA,NA,NA,NA,NA,NA,NA,NA,NA,NA,NA,NA,NA,NA,NA,NA,NA,NA,NA,NA,NA,NA,NA,NA,NA,NA,NA,0,NA,NA,NA,NA,0,NA,NA,0,0,0,0,NA,NA,2023,0.7765864133834839,22.34135866165161,33,1,First down,2822,"12/25/23, 16:35:39",2023-12-25T23:43:32.977Z,Lincoln Financial Field,"Cloudy Temp: 51° F, Humidity: 68%, Wind: NE 5 mph",cbaf6e72-f053-11ed-b4a7-bab79e4492fa,0,0,PASS,0,NA,2023-12-25T23:43:37.387Z,NA,14,Opp touchdown,2023-12-25T23:43:32.977Z,14,7:26,6,1,1,3,3,-10,PUNT,INTERCEPTION,07:35,00:09,PHI 6,NYG 28,2822,3206,25,33,Home,8,58,14,41,1,outdoors,grass,51,5,Nick Sirianni,Brian Daboll,PHI00,Lincoln Financial Field,0,0,J.Hurts,1,NA,NA,A.Brown,11,1,0,0,0,1,00-0036389,NA,00-0035676,J.Hurts,1,00-0036389,A.Brown,00-0035676,A.Brown,00-0035676,0,0,-0.3511431561782956,0.5212017500050159,4.269578296007239,3,0.6410609039885458,0.2302704829198774,0.33670902252197266,66.32909774780273
2859,2023_16_NYG_PHI,2023122501,PHI,NYG,REG,16,PHI,home,NYG,PHI,90,2023-12-25,417,1317,1317,Half2,0,15,0,3,2,0,06:57,PHI 10,6,66,(6:57) (Shotgun) 1-J.Hurts pass incomplete short right.,pass,0,1,0,1,0,0,0,short,right,5,NA,NA,NA,NA,NA,NA,NA,3,3,0,NA,NA,NA,NA,3,3,20,10,20,10,10,20,10,10,0.0164343174546957,0.19870106875896454,0.006061948370188475,0.3032841682434082,0.16272282600402832,0.0015314947813749313,0.31126418709754944,0,0,-0.061135503463447094,-0.7525728631298989,9.129149288041468,-9.129149288041468,-2.4580696048465134,2.4580696048465134,14.685408795319207,-14.685408795319207,0.29216740699484944,-1.0447402701247483,0,0,11.810883539437782,-11.810883539437782,1.423024269664893,-1.423024269664893,11.180588725139387,-11.180588725139387,3.700851409035211,-3.700851409035211,0.8498603105545044,0.1501396894454956,0.8498603105545044,0.1501396894454956,-0.014252722263336182,-0.0025919675827026367,-0.0025919675827026367,0.8356075882911682,0.1643924117088318,0.950878381729126,0.950878381729126,0.03528975281516167,-0.03528975281516167,0.21903985698989836,-0.21903985698989836,0,-0.014252722263336182,0,0,0.08031181991100311,-0.08031181991100311,0.10689868738225905,-0.10689868738225905,0.07833082973957062,-0.07833082973957062,0.14008661319784133,-0.14008661319784133,0,0,0,0,0,0,0,0,1,0,0,0,0,0,0,0,0,0,0,0,0,0,0,0,0,0,0,0,0,0,0,0,0,1,0,0,0,0,0,0,0,0,0,0,0,0,0,0,0,0,0,00-0036389,J.Hurts,NA,NA,NA,NA,NA,NA,NA,NA,NA,NA,NA,NA,NA,NA,NA,NA,NA,NA,NA,NA,NA,NA,NA,NA,NA,NA,NA,NA,NA,NA,NA,NA,NA,NA,NA,NA,NA,NA,NA,NA,NA,NA,NA,NA,NA,NA,NA,NA,NA,NA,NA,NA,NA,NA,NA,NA,NA,NA,NA,NA,NA,NA,NA,NA,NA,NA,NA,0,NA,NA,NA,NA,NA,NA,NA,NA,NA,NA,NA,NA,NA,NA,NA,NA,NA,NA,NA,NA,NA,NA,NA,NA,NA,NA,NA,NA,NA,NA,NA,0,NA,NA,NA,NA,0,NA,NA,0,0,0,0,NA,NA,2023,NA,NA,33,1,First down,2859,"12/25/23, 16:35:39",2023-12-25T23:44:11.180Z,Lincoln Financial Field,"Cloudy Temp: 51° F, Humidity: 68%, Wind: NE 5 mph",cbaf6e72-f053-11ed-b4a7-bab79e4492fa,0,0,PASS,0,NA,2023-12-25T23:44:17.727Z,NA,14,Opp touchdown,2023-12-25T23:43:32.977Z,14,7:26,6,1,1,3,3,-10,PUNT,INTERCEPTION,07:35,00:09,PHI 6,NYG 28,2822,3206,25,33,Home,8,58,14,41,1,outdoors,grass,51,5,Nick Sirianni,Brian Daboll,PHI00,Lincoln Financial Field,0,0,J.Hurts,1,NA,NA,NA,NA,1,0,0,0,1,00-0036389,NA,NA,J.Hurts,1,00-0036389,NA,NA,NA,NA,0,0,-0.7525728631298989,NA,NA,NA,NA,NA,0.5451414585113525,45.485854148864746
2882,2023_16_NYG_PHI,2023122501,PHI,NYG,REG,16,PHI,home,NYG,PHI,90,2023-12-25,410,1310,1310,Half2,0,15,0,3,3,0,06:50,PHI 10,6,66,(6:50) (Shotgun) 1-J.Hurts pass short right to 14-K.Gainwell to PHI 16 for 6 yards (58-B.Okereke).,pass,6,1,0,1,0,0,0,short,right,-5,11,NA,NA,NA,NA,NA,NA,3,3,0,NA,NA,NA,NA,3,3,20,10,20,10,10,20,10,10,0.016428101807832718,0.2310224175453186,0.006233349908143282,0.3395504951477051,0.1428268849849701,0.0014746185624971986,0.26246416568756104,0,0,-0.813708366593346,1.5602153118234128,10.68936459986488,-10.68936459986488,-2.4580696048465134,2.4580696048465134,16.245624107142618,-16.245624107142618,-1.7415877550374717,3.3018030668608844,-1.7415877550374717,3.3018030668608844,10.06929578440031,-10.06929578440031,4.724827336525777,-4.724827336525777,9.439000970101915,-9.439000970101915,7.002654475896096,-7.002654475896096,0.8356075882911682,0.1643924117088318,0.8356075882911682,0.1643924117088318,0.029056847095489502,0.004522502422332764,0.004522502422332764,0.8646644353866577,0.13533556461334229,0.9482864141464233,0.9482864141464233,0.03528975281516167,-0.03528975281516167,0.24809670408538786,-0.24809670408538786,0,0.029056847095489502,0,0.029056847095489502,0.08031181991100311,-0.08031181991100311,0.13595553447774855,-0.13595553447774855,0.07833082973957062,-0.07833082973957062,0.16914346029333083,-0.16914346029333083,0,0,1,0,1,0,0,0,0,0,0,0,0,0,0,0,0,0,0,0,0,0,0,0,1,0,0,0,0,0,0,0,0,1,0,0,0,0,0,0,0,0,0,0,0,1,0,0,0,0,0,00-0036389,J.Hurts,6,00-0036919,K.Gainwell,6,NA,NA,NA,NA,NA,NA,NA,NA,NA,NA,NA,NA,NA,NA,NA,NA,NA,NA,NA,NA,NA,NA,NA,NA,NA,NA,NA,NA,NA,NA,NA,NA,NA,NA,NA,NA,NA,NA,NA,NA,NA,NA,NA,NA,NA,NYG,NA,00-0035687,NA,B.Okereke,NA,NA,NA,NA,NA,NA,NA,NA,NA,NA,NA,NA,NA,0,NA,NA,NA,NA,NA,NA,NA,NA,NA,NA,NA,NA,NA,NA,NA,NA,NA,NA,NA,NA,NA,NA,NA,NA,NA,NA,NA,NA,NA,NA,NA,0,NA,NA,NA,NA,0,NA,NA,0,0,0,0,NA,NA,2023,0.8555222749710083,14.44777250289917,33,1,First down,2882,"12/25/23, 16:35:39",2023-12-25T23:44:54.257Z,Lincoln Financial Field,"Cloudy Temp: 51° F, Humidity: 68%, Wind: NE 5 mph",cbaf6e72-f053-11ed-b4a7-bab79e4492fa,0,0,PASS,0,NA,2023-12-25T23:44:59.963Z,NA,14,Opp touchdown,2023-12-25T23:43:32.977Z,14,7:26,6,1,1,3,3,-10,PUNT,INTERCEPTION,07:35,00:09,PHI 6,NYG 28,2822,3206,25,33,Home,8,58,14,41,1,outdoors,grass,51,5,Nick Sirianni,Brian Daboll,PHI00,Lincoln Financial Field,0,1,J.Hurts,1,NA,NA,K.Gainwell,14,1,0,1,0,1,00-0036389,NA,00-0036919,J.Hurts,1,00-0036389,K.Gainwell,00-0036919,K.Gainwell,00-0036919,0,0,1.5602153118234128,1.8000677310341788,11.150553297069564,9,0.3823119468288496,0.3823119468288496,0.9562497138977051,4.375028610229492
2907,2023_16_NYG_PHI,2023122501,PHI,NYG,REG,16,PHI,home,NYG,PHI,84,2023-12-25,363,1263,1263,Half2,0,15,0,3,1,0,06:03,PHI 16,10,66,(6:03) (Shotgun) 0-D.Swift left tackle to PHI 21 for 5 yards (91-As.Robinson).,run,5,1,0,0,0,0,0,NA,NA,NA,NA,left,tackle,NA,NA,NA,NA,3,3,0,NA,NA,NA,NA,3,3,20,10,20,10,10,20,10,10,0.020546145737171173,0.1629548817873001,0.0026668845675885677,0.26422324776649475,0.1861879825592041,0.0024483446031808853,0.36097249388694763,0,0,0.7465069452300668,-0.13798663299530745,10.551377966869573,-10.551377966869573,-2.596056237841821,2.596056237841821,16.245624107142618,-16.245624107142618,NA,NA,0,0,10.06929578440031,-10.06929578440031,4.724827336525777,-4.724827336525777,9.439000970101915,-9.439000970101915,7.002654475896096,-7.002654475896096,0.8646644353866577,0.13533556461334229,0.8646644353866577,0.13533556461334229,-0.002185046672821045,-9.802579879760742e-4,-9.802579879760742e-4,0.8624793887138367,0.13752061128616333,0.9528089165687561,0.9528089165687561,0.03310470614234062,-0.03310470614234062,0.24809670408538786,-0.24809670408538786,NA,NA,0,0,0.08031181991100311,-0.08031181991100311,0.13595553447774855,-0.13595553447774855,0.07833082973957062,-0.07833082973957062,0.16914346029333083,-0.16914346029333083,0,0,0,0,0,0,0,0,0,0,0,0,0,0,0,0,0,0,0,0,0,0,0,0,1,0,0,0,0,0,0,0,1,0,0,0,0,0,0,0,0,0,0,0,0,0,0,0,0,0,0,NA,NA,NA,NA,NA,NA,00-0036275,D.Swift,5,NA,NA,NA,NA,NA,NA,NA,NA,NA,NA,NA,NA,NA,NA,NA,NA,NA,NA,NA,NA,NA,NA,NA,NA,NA,NA,NA,NA,NA,NA,NA,NA,NA,NA,NA,NA,NA,NA,NA,NA,NA,NA,NYG,NA,00-0032889,NA,As.Robinson,NA,NA,NA,NA,NA,NA,NA,NA,NA,NA,NA,NA,NA,0,NA,NA,NA,NA,NA,NA,NA,NA,NA,NA,NA,NA,NA,NA,NA,NA,NA,NA,NA,NA,NA,NA,NA,NA,NA,NA,NA,NA,NA,NA,NA,0,NA,NA,NA,NA,0,NA,NA,0,0,0,0,NA,NA,2023,NA,NA,34,1,First down,2907,"12/25/23, 16:35:39",2023-12-25T23:45:41.270Z,Lincoln Financial Field,"Cloudy Temp: 51° F, Humidity: 68%, Wind: NE 5 mph",cbaf6e72-f053-11ed-b4a7-bab79e4492fa,0,0,RUSH,0,NA,2023-12-25T23:45:45.607Z,NA,14,Opp touchdown,2023-12-25T23:43:32.977Z,14,7:26,6,1,1,3,3,-10,PUNT,INTERCEPTION,07:35,00:09,PHI 6,NYG 28,2822,3206,25,33,Home,8,58,14,41,1,outdoors,grass,51,5,Nick Sirianni,Brian Daboll,PHI00,Lincoln Financial Field,0,0,NA,NA,D.Swift,0,NA,NA,0,1,0,0,1,NA,00-0036275,NA,D.Swift,0,00-0036275,D.Swift,00-0036275,D.Swift,00-0036275,0,0,-0.13798663299530745,NA,NA,NA,NA,NA,0.46179014444351196,-46.179014444351196
2929,2023_16_NYG_PHI,2023122501,PHI,NYG,REG,16,PHI,home,NYG,PHI,79,2023-12-25,337,1237,1237,Half2,0,15,0,3,2,0,05:37,PHI 21,5,66,"(5:37) (No Huddle, Shotgun) 0-D.Swift right end to PHI 25 for 4 yards (27-J.Pinnock).",run,4,1,1,0,0,0,0,NA,NA,NA,NA,right,end,NA,NA,NA,NA,3,3,0,NA,NA,NA,NA,3,3,20,10,20,10,10,20,10,10,0.020616035908460617,0.16601747274398804,0.002206900157034397,0.27174296975135803,0.18770289421081543,0.0023834556341171265,0.34933024644851685,0,0,0.6085203122347593,0.5012310966849327,11.052609063554506,-11.052609063554506,-2.094825141156888,2.094825141156888,16.245624107142618,-16.245624107142618,NA,NA,0,0,10.06929578440031,-10.06929578440031,4.724827336525777,-4.724827336525777,9.439000970101915,-9.439000970101915,7.002654475896096,-7.002654475896096,0.8624793887138367,0.13752061128616333,0.8624793887138367,0.13752061128616333,-6.334781646728516e-4,0.0066817402839660645,0.0066817402839660645,0.8618459105491638,0.13815408945083618,0.95182865858078,0.95182865858078,0.03247122797766777,-0.03247122797766777,0.24809670408538786,-0.24809670408538786,NA,NA,0,0,0.08031181991100311,-0.08031181991100311,0.13595553447774855,-0.13595553447774855,0.07833082973957062,-0.07833082973957062,0.16914346029333083,-0.16914346029333083,0,0,0,0,0,0,0,0,0,0,0,0,0,0,0,0,0,0,0,0,0,0,0,0,1,0,0,0,0,0,0,0,1,0,0,0,0,0,0,0,0,0,0,0,0,0,0,0,0,0,0,NA,NA,NA,NA,NA,NA,00-0036275,D.Swift,4,NA,NA,NA,NA,NA,NA,NA,NA,NA,NA,NA,NA,NA,NA,NA,NA,NA,NA,NA,NA,NA,NA,NA,NA,NA,NA,NA,NA,NA,NA,NA,NA,NA,NA,NA,NA,NA,NA,NA,NA,NA,NA,NYG,NA,00-0036502,NA,J.Pinnock,NA,NA,NA,NA,NA,NA,NA,NA,NA,NA,NA,NA,NA,0,NA,NA,NA,NA,NA,NA,NA,NA,NA,NA,NA,NA,NA,NA,NA,NA,NA,NA,NA,NA,NA,NA,NA,NA,NA,NA,NA,NA,NA,NA,NA,0,NA,NA,NA,NA,0,NA,NA,0,0,0,0,NA,NA,2023,NA,NA,34,1,First down,2929,"12/25/23, 16:35:39",2023-12-25T23:46:07.863Z,Lincoln Financial Field,"Cloudy Temp: 51° F, Humidity: 68%, Wind: NE 5 mph",cbaf6e72-f053-11ed-b4a7-bab79e4492fa,0,0,RUSH,0,NA,2023-12-25T23:46:12.663Z,NA,14,Opp touchdown,2023-12-25T23:43:32.977Z,14,7:26,6,1,1,3,3,-10,PUNT,INTERCEPTION,07:35,00:09,PHI 6,NYG 28,2822,3206,25,33,Home,8,58,14,41,1,outdoors,grass,51,5,Nick Sirianni,Brian Daboll,PHI00,Lincoln Financial Field,0,1,NA,NA,D.Swift,0,NA,NA,0,1,0,0,1,NA,00-0036275,NA,D.Swift,0,00-0036275,D.Swift,00-0036275,D.Swift,00-0036275,0,0,0.5012310966849327,NA,NA,NA,NA,NA,0.49552950263023376,-49.55295026302338
2951,2023_16_NYG_PHI,2023122501,PHI,NYG,REG,16,PHI,home,NYG,PHI,75,2023-12-25,311,1211,1211,Half2,0,15,0,3,3,0,05:11,PHI 25,1,66,(5:11) (No Huddle) 1-J.Hurts up the middle to PHI 28 for 3 yards (22-A.Jackson).,run,3,0,1,0,0,0,0,NA,NA,NA,NA,middle,NA,NA,NA,NA,NA,3,3,0,NA,NA,NA,NA,3,3,20,10,20,10,10,20,10,10,0.02150910347700119,0.15487834811210632,0.0024747082497924566,0.24323593080043793,0.18749451637268066,0.002669580979272723,0.38773781061172485,0,0,1.109751408919692,0.426679354859516,11.479288418414022,-11.479288418414022,-1.668145786297372,1.668145786297372,16.245624107142618,-16.245624107142618,NA,NA,0,0,10.06929578440031,-10.06929578440031,4.724827336525777,-4.724827336525777,9.439000970101915,-9.439000970101915,7.002654475896096,-7.002654475896096,0.8618459105491638,0.13815408945083618,0.8618459105491638,0.13815408945083618,0.006785929203033447,-0.0023232102394104004,-0.0023232102394104004,0.8686318397521973,0.13136816024780273,0.9585103988647461,0.9585103988647461,0.03925715718070122,-0.03925715718070122,0.24809670408538786,-0.24809670408538786,NA,NA,0,0,0.08031181991100311,-0.08031181991100311,0.13595553447774855,-0.13595553447774855,0.07833082973957062,-0.07833082973957062,0.16914346029333083,-0.16914346029333083,0,1,0,0,1,0,0,0,0,0,0,0,0,0,0,0,0,0,0,0,0,0,0,0,1,0,0,0,0,0,0,0,1,0,0,0,0,0,0,0,0,0,0,0,0,0,0,0,0,0,0,NA,NA,NA,NA,NA,NA,00-0036389,J.Hurts,3,NA,NA,NA,NA,NA,NA,NA,NA,NA,NA,NA,NA,NA,NA,NA,NA,NA,NA,NA,NA,NA,NA,NA,NA,NA,NA,NA,NA,NA,NA,NA,NA,NA,NA,NA,NA,NA,NA,NA,NA,NA,NA,NYG,NA,00-0033878,NA,A.Jackson,NA,NA,NA,NA,NA,NA,NA,NA,NA,NA,NA,NA,NA,0,NA,NA,NA,NA,NA,NA,NA,NA,NA,NA,NA,NA,NA,NA,NA,NA,NA,NA,NA,NA,NA,NA,NA,NA,NA,NA,NA,NA,NA,NA,NA,0,NA,NA,NA,NA,0,NA,NA,0,0,0,0,NA,NA,2023,NA,NA,34,1,First down,2951,"12/25/23, 16:35:39",2023-12-25T23:46:33.557Z,Lincoln Financial Field,"Cloudy Temp: 51° F, Humidity: 68%, Wind: NE 5 mph",cbaf6e72-f053-11ed-b4a7-bab79e4492fa,0,0,RUSH,0,NA,2023-12-25T23:46:37.397Z,NA,14,Opp touchdown,2023-12-25T23:43:32.977Z,14,7:26,6,1,1,3,3,-10,PUNT,INTERCEPTION,07:35,00:09,PHI 6,NYG 28,2822,3206,25,33,Home,8,58,14,41,1,outdoors,grass,51,5,Nick Sirianni,Brian Daboll,PHI00,Lincoln Financial Field,0,1,NA,NA,J.Hurts,1,NA,NA,0,1,1,0,1,NA,00-0036389,NA,J.Hurts,1,00-0036389,J.Hurts,00-0036389,J.Hurts,00-0036389,0,0,0.426679354859516,NA,NA,NA,NA,NA,0.30353832244873047,-30.353832244873047
2973,2023_16_NYG_PHI,2023122501,PHI,NYG,REG,16,PHI,home,NYG,PHI,72,2023-12-25,268,1168,1168,Half2,0,15,0,3,1,0,04:28,PHI 28,10,66,(4:28) (Shotgun) 1-J.Hurts pass short left to 81-G.Calcaterra pushed ob at PHI 40 for 12 yards (25-D.Banks).,pass,12,1,0,1,0,0,0,short,left,4,8,NA,NA,NA,NA,NA,NA,3,3,0,NA,NA,NA,NA,3,3,20,10,20,10,10,20,10,10,0.02505131997168064,0.12810617685317993,0.0019463786156848073,0.22444166243076324,0.20852984488010406,0.0026656067930161953,0.40925899147987366,0,0,1.536430763779208,0.7746878117322922,12.253976230146314,-12.253976230146314,-1.668145786297372,1.668145786297372,17.02031191887491,-17.02031191887491,-0.01940498244948685,0.794092794181779,-0.01940498244948685,0.794092794181779,10.049890801950824,-10.049890801950824,5.518920130707556,-5.518920130707556,9.419595987652428,-9.419595987652428,7.796747270077875,-7.796747270077875,0.8686318397521973,0.13136816024780273,0.8686318397521973,0.13136816024780273,0.02119392156600952,0.006387114524841309,0.006387114524841309,0.8898257613182068,0.11017423868179321,0.9561871886253357,0.9561871886253357,0.03925715718070122,-0.03925715718070122,0.2692906256513974,-0.2692906256513974,0,0.02119392156600952,0,0.02119392156600952,0.08031181991100311,-0.08031181991100311,0.15714945604375807,-0.15714945604375807,0.07833082973957062,-0.07833082973957062,0.19033738185934035,-0.19033738185934035,0,0,1,0,0,0,0,0,0,0,0,0,0,0,0,0,0,0,0,0,0,0,0,0,1,0,0,0,0,0,0,0,0,1,0,0,0,0,0,0,0,0,0,0,0,1,0,0,0,0,0,00-0036389,J.Hurts,12,00-0037086,G.Calcaterra,12,NA,NA,NA,NA,NA,NA,NA,NA,NA,NA,NA,NA,NA,NA,NA,NA,NA,NA,NA,NA,NA,NA,NA,NA,NA,NA,NA,NA,NA,NA,NA,NA,NA,NA,NA,NA,NA,NA,NA,NA,NA,NA,NA,NA,NA,NYG,NA,00-0039000,NA,D.Banks,NA,NA,NA,NA,NA,NA,NA,NA,NA,NA,NA,NA,NA,0,NA,NA,NA,NA,NA,NA,NA,NA,NA,NA,NA,NA,NA,NA,NA,NA,NA,NA,NA,NA,NA,NA,NA,NA,NA,NA,NA,NA,NA,NA,NA,0,NA,NA,NA,NA,0,NA,NA,0,0,0,0,NA,NA,2023,0.78142911195755,21.857088804244995,35,1,First down,2973,"12/25/23, 16:35:39",2023-12-25T23:47:16.633Z,Lincoln Financial Field,"Cloudy Temp: 51° F, Humidity: 68%, Wind: NE 5 mph",cbaf6e72-f053-11ed-b4a7-bab79e4492fa,0,0,PASS,0,NA,2023-12-25T23:47:23.973Z,NA,14,Opp touchdown,2023-12-25T23:43:32.977Z,14,7:26,6,1,1,3,3,-10,PUNT,INTERCEPTION,07:35,00:09,PHI 6,NYG 28,2822,3206,25,33,Home,8,58,14,41,1,outdoors,grass,51,5,Nick Sirianni,Brian Daboll,PHI00,Lincoln Financial Field,0,1,J.Hurts,1,NA,NA,G.Calcaterra,81,1,0,1,0,1,00-0036389,NA,00-0037086,J.Hurts,1,00-0036389,G.Calcaterra,00-0037086,G.Calcaterra,00-0037086,1,0,0.7746878117322922,0.4616735078018576,4.244248129427433,2,0.7766352517937776,0.23784143463126384,0.4871845841407776,51.28154158592224
3003,2023_16_NYG_PHI,2023122501,PHI,NYG,REG,16,PHI,home,NYG,PHI,60,2023-12-25,239,1139,1139,Half2,0,15,0,3,1,0,03:59,PHI 40,10,66,"(3:59) (No Huddle, Shotgun) 0-D.Swift right tackle to NYG 47 for 13 yards (27-J.Pinnock).",run,13,1,1,0,0,0,0,NA,NA,NA,NA,right,tackle,NA,NA,NA,NA,3,3,0,NA,NA,NA,NA,3,3,20,10,20,10,10,20,10,10,0.023602541536092758,0.10101306438446045,0.001582495984621346,0.18016012012958527,0.23941493034362793,0.003877790179103613,0.45034903287887573,0,0,2.3111185755115002,0.8215670762583613,13.075543306404676,-13.075543306404676,-0.8465787100390108,0.8465787100390108,17.02031191887491,-17.02031191887491,NA,NA,0,0,10.049890801950824,-10.049890801950824,5.518920130707556,-5.518920130707556,9.419595987652428,-9.419595987652428,7.796747270077875,-7.796747270077875,0.8898257613182068,0.11017423868179321,0.8898257613182068,0.11017423868179321,0,-1.3709068298339844e-5,-1.3709068298339844e-5,0.8898257613182068,0.11017423868179321,0.962574303150177,0.962574303150177,0.03925715718070122,-0.03925715718070122,0.2692906256513974,-0.2692906256513974,NA,NA,0,0,0.08031181991100311,-0.08031181991100311,0.15714945604375807,-0.15714945604375807,0.07833082973957062,-0.07833082973957062,0.19033738185934035,-0.19033738185934035,0,1,0,0,0,0,0,0,0,0,0,0,0,0,0,0,0,0,0,0,0,0,0,0,1,0,0,0,0,0,0,0,1,0,0,0,0,0,0,0,0,0,0,0,0,0,0,0,0,0,0,NA,NA,NA,NA,NA,NA,00-0036275,D.Swift,13,NA,NA,NA,NA,NA,NA,NA,NA,NA,NA,NA,NA,NA,NA,NA,NA,NA,NA,NA,NA,NA,NA,NA,NA,NA,NA,NA,NA,NA,NA,NA,NA,NA,NA,NA,NA,NA,NA,NA,NA,NA,NA,NYG,NA,00-0036502,NA,J.Pinnock,NA,NA,NA,NA,NA,NA,NA,NA,NA,NA,NA,NA,NA,0,NA,NA,NA,NA,NA,NA,NA,NA,NA,NA,NA,NA,NA,NA,NA,NA,NA,NA,NA,NA,NA,NA,NA,NA,NA,NA,NA,NA,NA,NA,NA,0,NA,NA,NA,NA,0,NA,NA,0,0,0,0,NA,NA,2023,NA,NA,36,1,First down,3003,"12/25/23, 16:35:39",2023-12-25T23:47:47.997Z,Lincoln Financial Field,"Cloudy Temp: 51° F, Humidity: 68%, Wind: NE 5 mph",cbaf6e72-f053-11ed-b4a7-bab79e4492fa,0,0,RUSH,0,NA,2023-12-25T23:47:52.560Z,NA,14,Opp touchdown,2023-12-25T23:43:32.977Z,14,7:26,6,1,1,3,3,-10,PUNT,INTERCEPTION,07:35,00:09,PHI 6,NYG 28,2822,3206,25,33,Home,8,58,14,41,1,outdoors,grass,51,5,Nick Sirianni,Brian Daboll,PHI00,Lincoln Financial Field,0,1,NA,NA,D.Swift,0,NA,NA,0,1,1,0,1,NA,00-0036275,NA,D.Swift,0,00-0036275,D.Swift,00-0036275,D.Swift,00-0036275,0,0,0.8215670762583613,NA,NA,NA,NA,NA,0.4833420515060425,-48.33420515060425
3025,2023_16_NYG_PHI,2023122501,PHI,NYG,REG,16,PHI,home,NYG,NYG,47,2023-12-25,196,1096,1096,Half2,0,15,0,3,1,0,03:16,NYG 47,10,66,(3:16) (Shotgun) 1-J.Hurts pass short middle to 11-A.Brown to NYG 33 for 14 yards (22-A.Jackson).,pass,14,1,0,1,0,0,0,short,middle,10,4,NA,NA,NA,NA,NA,NA,3,3,0,NA,NA,NA,NA,3,3,20,10,20,10,10,20,10,10,0.023988479748368263,0.079309843480587,0.0011487413430586457,0.12688566744327545,0.2753906548023224,0.003599184099584818,0.48967742919921875,0,0,3.1326856517698616,0.8009749895427376,13.876518295947413,-13.876518295947413,-0.8465787100390108,0.8465787100390108,17.821286908417648,-17.821286908417648,0.5993969127302989,0.20157807681243867,0.5993969127302989,0.20157807681243867,10.649287714681122,-10.649287714681122,5.720498207519995,-5.720498207519995,10.018992900382727,-10.018992900382727,7.998325346890313,-7.998325346890313,0.8898257613182068,0.11017423868179321,0.8898257613182068,0.11017423868179321,0.014041543006896973,0.005776464939117432,0.005776464939117432,0.9038673043251038,0.09613269567489624,0.9625605940818787,0.9625605940818787,0.03925715718070122,-0.03925715718070122,0.28333216865829436,-0.28333216865829436,0,0.014041543006896973,0,0.014041543006896973,0.08031181991100311,-0.08031181991100311,0.17119099905065505,-0.17119099905065505,0.07833082973957062,-0.07833082973957062,0.20437892486623732,-0.20437892486623732,0,0,1,0,0,0,0,0,0,0,0,0,0,0,0,0,0,0,0,0,0,0,0,0,1,0,0,0,0,0,0,0,0,1,0,0,0,0,0,0,0,0,0,0,0,1,0,0,0,0,0,00-0036389,J.Hurts,14,00-0035676,A.Brown,14,NA,NA,NA,NA,NA,NA,NA,NA,NA,NA,NA,NA,NA,NA,NA,NA,NA,NA,NA,NA,NA,NA,NA,NA,NA,NA,NA,NA,NA,NA,NA,NA,NA,NA,NA,NA,NA,NA,NA,NA,NA,NA,NA,NA,NA,NYG,NA,00-0033878,NA,A.Jackson,NA,NA,NA,NA,NA,NA,NA,NA,NA,NA,NA,NA,NA,0,NA,NA,NA,NA,NA,NA,NA,NA,NA,NA,NA,NA,NA,NA,NA,NA,NA,NA,NA,NA,NA,NA,NA,NA,NA,NA,NA,NA,NA,NA,NA,0,NA,NA,NA,NA,0,NA,NA,0,0,0,0,NA,NA,2023,0.698452353477478,30.154764652252197,37,1,First down,3025,"12/25/23, 16:35:39",2023-12-25T23:48:30.940Z,Lincoln Financial Field,"Cloudy Temp: 51° F, Humidity: 68%, Wind: NE 5 mph",cbaf6e72-f053-11ed-b4a7-bab79e4492fa,0,0,PASS,0,NA,2023-12-25T23:48:37.950Z,NA,14,Opp touchdown,2023-12-25T23:43:32.977Z,14,7:26,6,1,1,3,3,-10,PUNT,INTERCEPTION,07:35,00:09,PHI 6,NYG 28,2822,3206,25,33,Home,8,58,14,41,1,outdoors,grass,51,5,Nick Sirianni,Brian Daboll,PHI00,Lincoln Financial Field,0,1,J.Hurts,1,NA,NA,A.Brown,11,1,0,1,0,1,00-0036389,NA,00-0035676,J.Hurts,1,00-0036389,A.Brown,00-0035676,A.Brown,00-0035676,0,0,0.8009749895427376,0.2847346466564249,4.588328291429207,3,0.9992568002780899,0.9793569805333391,0.4845902919769287,51.54097080230713
3050,2023_16_NYG_PHI,2023122501,PHI,NYG,REG,16,PHI,home,NYG,NYG,33,2023-12-25,151,1051,1051,Half2,0,15,0,3,1,0,02:31,NYG 33,10,66,(2:31) (Shotgun) 1-J.Hurts pass incomplete short left to 11-A.Brown (22-A.Jackson). PHI-11-A.Brown was injured during the play. NYG-22-A.Jackson was injured during the play.,pass,0,1,0,1,0,0,0,short,left,15,NA,NA,NA,NA,NA,NA,NA,3,3,0,NA,NA,NA,NA,3,3,20,10,20,10,10,20,10,10,0.015942273661494255,0.045235440135002136,8.218961302191019e-4,0.08024891465902328,0.3413279056549072,0.001239102566614747,0.5151844620704651,0,0,3.933660641312599,-0.42412303457967937,13.452395261367734,-13.452395261367734,-0.8465787100390108,0.8465787100390108,17.397163873837968,-17.397163873837968,1.0774482953129336,-1.501571329892613,0,0,10.649287714681122,-10.649287714681122,5.720498207519995,-5.720498207519995,11.096441195695661,-11.096441195695661,6.4967540169977,-6.4967540169977,0.9038673043251038,0.09613269567489624,0.9038673043251038,0.09613269567489624,-0.005138099193572998,-0.0035105347633361816,-0.0035105347633361816,0.8987292051315308,0.10127079486846924,0.9683370590209961,0.9683370590209961,0.03925715718070122,-0.03925715718070122,0.27819406946472136,-0.27819406946472136,7.531642913818359e-4,-0.005891263484954834,0,0,0.08031181991100311,-0.08031181991100311,0.17119099905065505,-0.17119099905065505,0.07908399403095245,-0.07908399403095245,0.1984876613812825,-0.1984876613812825,0,0,0,0,0,0,0,0,1,0,0,0,0,0,0,0,0,0,0,0,0,0,0,0,0,0,0,0,0,0,0,0,0,1,0,0,0,0,0,0,0,0,0,0,0,0,0,0,0,0,0,00-0036389,J.Hurts,NA,00-0035676,A.Brown,NA,NA,NA,NA,NA,NA,NA,NA,NA,NA,NA,NA,NA,NA,NA,NA,NA,NA,NA,NA,NA,NA,NA,NA,NA,NA,NA,NA,NA,NA,NA,NA,NA,NA,NA,NA,NA,NA,NA,NA,NA,NA,NA,NA,NA,NA,NA,NA,NA,NA,NA,NA,NA,NA,NA,NA,NA,NA,NA,NA,NA,NA,NA,NA,0,NA,NA,NA,NA,NA,NA,00-0033878,A.Jackson,NA,NA,NA,NA,NA,NA,NA,NA,NA,NA,NA,NA,NA,NA,NA,NA,NA,NA,NA,NA,NA,NA,NA,0,NA,NA,NA,NA,0,NA,NA,0,0,0,0,NA,NA,2023,0.5659904479980469,-56.59904479980469,38,1,First down,3050,"12/25/23, 16:35:39",2023-12-25T23:49:16.687Z,Lincoln Financial Field,"Cloudy Temp: 51° F, Humidity: 68%, Wind: NE 5 mph",cbaf6e72-f053-11ed-b4a7-bab79e4492fa,0,0,PASS,0,NA,2023-12-25T23:49:23.493Z,NA,14,Opp touchdown,2023-12-25T23:43:32.977Z,14,7:26,6,1,1,3,3,-10,PUNT,INTERCEPTION,07:35,00:09,PHI 6,NYG 28,2822,3206,25,33,Home,8,58,14,41,1,outdoors,grass,51,5,Nick Sirianni,Brian Daboll,PHI00,Lincoln Financial Field,0,0,J.Hurts,1,NA,NA,A.Brown,11,1,0,0,0,1,00-0036389,NA,00-0035676,J.Hurts,1,00-0036389,A.Brown,00-0035676,A.Brown,00-0035676,0,0,-0.42412303457967937,0.19895049593912129,3.257843872474041,1,1,1,0.4436541795730591,55.63458204269409
3079,2023_16_NYG_PHI,2023122501,PHI,NYG,REG,16,PHI,home,NYG,NYG,33,2023-12-25,143,1043,1043,Half2,0,15,0,3,2,0,02:23,NYG 33,10,66,(2:23) (Shotgun) 1-J.Hurts pass short left to 88-D.Goedert to NYG 27 for 6 yards (55-J.Ward; 58-B.Okereke).,pass,6,1,0,1,0,0,0,short,left,-1,7,NA,NA,NA,NA,NA,NA,3,3,0,NA,NA,NA,NA,3,3,20,10,20,10,10,20,10,10,0.017002876847982407,0.05357537418603897,8.750469423830509e-4,0.09436386078596115,0.3750227987766266,0.0013255384983494878,0.45783448219299316,0,0,3.50953760673292,0.042670000926591456,13.495065262294325,-13.495065262294325,-0.8465787100390108,0.8465787100390108,17.43983387476456,-17.43983387476456,-1.2896959551144391,1.3323659560410306,-1.2896959551144391,1.3323659560410306,9.359591759566683,-9.359591759566683,7.052864163561026,-7.052864163561026,9.806745240581222,-9.806745240581222,7.829119973038731,-7.829119973038731,0.8987292051315308,0.10127079486846924,0.8987292051315308,0.10127079486846924,0.010128617286682129,0.009946584701538086,0.009946584701538086,0.9088578224182129,0.09114217758178711,0.9648265242576599,0.9648265242576599,0.03925715718070122,-0.03925715718070122,0.2883226867514035,-0.2883226867514035,0,0.010128617286682129,0,0.010128617286682129,0.08031181991100311,-0.08031181991100311,0.18131961633733717,-0.18131961633733717,0.07908399403095245,-0.07908399403095245,0.20861627866796462,-0.20861627866796462,0,0,0,0,0,0,0,0,0,0,0,0,0,0,0,0,0,0,0,0,0,0,0,0,0,0,0,0,0,0,0,0,0,1,0,0,0,0,0,0,0,0,0,0,0,1,1,0,0,0,0,00-0036389,J.Hurts,6,00-0034351,D.Goedert,6,NA,NA,NA,NA,NA,NA,NA,NA,NA,NA,NA,NA,NA,NA,NA,NA,NA,NA,NA,NA,NA,NA,NA,NA,NA,NA,NA,NA,NA,NA,NA,NA,NA,NA,NA,NA,NA,NA,NA,NA,NA,NA,NA,NA,NA,NA,NA,NA,NA,NA,NA,00-0033046,J.Ward,NYG,00-0035687,B.Okereke,NYG,NA,NA,NA,NA,NA,NA,0,NA,NA,NA,NA,NA,NA,NA,NA,NA,NA,NA,NA,NA,NA,NA,NA,NA,NA,NA,NA,NA,NA,NA,NA,NA,NA,NA,NA,NA,NA,NA,0,NA,NA,NA,NA,0,NA,NA,0,0,0,0,NA,NA,2023,0.8651776909828186,13.48223090171814,38,1,First down,3079,"12/25/23, 16:35:39",2023-12-25T23:52:49.533Z,Lincoln Financial Field,"Cloudy Temp: 51° F, Humidity: 68%, Wind: NE 5 mph",cbaf6e72-f053-11ed-b4a7-bab79e4492fa,0,0,PASS,0,NA,2023-12-25T23:52:55.117Z,NA,14,Opp touchdown,2023-12-25T23:43:32.977Z,14,7:26,6,1,1,3,3,-10,PUNT,INTERCEPTION,07:35,00:09,PHI 6,NYG 28,2822,3206,25,33,Home,8,58,14,41,1,outdoors,grass,51,5,Nick Sirianni,Brian Daboll,PHI00,Lincoln Financial Field,0,1,J.Hurts,1,NA,NA,D.Goedert,88,1,0,0,0,1,00-0036389,NA,00-0034351,J.Hurts,1,00-0036389,D.Goedert,00-0034351,D.Goedert,00-0034351,0,0,0.042670000926591456,1.3963367084443463,7.445099354139529,6,0.4730526507482864,0.22007517522433773,0.6140859127044678,38.59140872955322
3115,2023_16_NYG_PHI,2023122501,PHI,NYG,REG,16,PHI,home,NYG,NYG,27,2023-12-25,97,997,997,Half2,0,15,0,3,3,0,01:37,NYG 27,4,66,(1:37) (Shotgun) 1-J.Hurts pass short left to 88-D.Goedert to NYG 18 for 9 yards (58-B.Okereke).,pass,9,1,0,1,0,0,0,short,left,5,4,NA,NA,NA,NA,NA,NA,3,3,0,NA,NA,NA,NA,3,3,20,10,20,10,10,20,10,10,0.013641570694744587,0.04722033441066742,6.582124042324722e-4,0.07636545598506927,0.4503040015697479,7.682816358283162e-4,0.41104209423065186,0,0,3.5522076076595113,1.3960255280253477,14.891090790319673,-14.891090790319673,-0.8465787100390108,0.8465787100390108,18.835859402789907,-18.835859402789907,1.2058090675855055,0.1902164604398422,1.2058090675855055,0.1902164604398422,10.565400827152189,-10.565400827152189,7.243080624000868,-7.243080624000868,11.012554308166727,-11.012554308166727,8.019336433478573,-8.019336433478573,0.9088578224182129,0.09114217758178711,0.9088578224182129,0.09114217758178711,0.023432254791259766,0.004684269428253174,0.004684269428253174,0.9322900772094727,0.06770992279052734,0.974773108959198,0.974773108959198,0.03925715718070122,-0.03925715718070122,0.31175494154266326,-0.31175494154266326,0,0.023432254791259766,0,0.023432254791259766,0.08031181991100311,-0.08031181991100311,0.20475187112859694,-0.20475187112859694,0.07908399403095245,-0.07908399403095245,0.23204853345922438,-0.23204853345922438,0,0,1,0,1,0,0,0,0,0,0,0,0,0,0,0,0,0,0,0,0,0,0,0,1,0,0,0,0,0,0,0,0,1,0,0,0,0,0,0,0,0,0,0,0,1,0,0,0,0,0,00-0036389,J.Hurts,9,00-0034351,D.Goedert,9,NA,NA,NA,NA,NA,NA,NA,NA,NA,NA,NA,NA,NA,NA,NA,NA,NA,NA,NA,NA,NA,NA,NA,NA,NA,NA,NA,NA,NA,NA,NA,NA,NA,NA,NA,NA,NA,NA,NA,NA,NA,NA,NA,NA,NA,NYG,NA,00-0035687,NA,B.Okereke,NA,NA,NA,NA,NA,NA,NA,NA,NA,NA,NA,NA,NA,0,NA,NA,NA,NA,NA,NA,NA,NA,NA,NA,NA,NA,NA,NA,NA,NA,NA,NA,NA,NA,NA,NA,NA,NA,NA,NA,NA,NA,NA,NA,NA,0,NA,NA,NA,NA,0,NA,NA,0,0,0,0,NA,NA,2023,0.6938535571098328,30.614644289016724,38,1,First down,3115,"12/25/23, 16:35:39",2023-12-25T23:53:35.313Z,Lincoln Financial Field,"Cloudy Temp: 51° F, Humidity: 68%, Wind: NE 5 mph",cbaf6e72-f053-11ed-b4a7-bab79e4492fa,0,0,PASS,0,NA,2023-12-25T23:53:39.597Z,NA,14,Opp touchdown,2023-12-25T23:43:32.977Z,14,7:26,6,1,1,3,3,-10,PUNT,INTERCEPTION,07:35,00:09,PHI 6,NYG 28,2822,3206,25,33,Home,8,58,14,41,1,outdoors,grass,51,5,Nick Sirianni,Brian Daboll,PHI00,Lincoln Financial Field,0,1,J.Hurts,1,NA,NA,D.Goedert,88,1,0,1,0,1,00-0036389,NA,00-0034351,J.Hurts,1,00-0036389,D.Goedert,00-0034351,D.Goedert,00-0034351,0,0,1.3960255280253477,0.160225334508302,3.175683563982602,1,0.9960174935113173,0.9960174935113173,0.9221006631851196,7.789933681488037
3140,2023_16_NYG_PHI,2023122501,PHI,NYG,REG,16,PHI,home,NYG,NYG,18,2023-12-25,57,957,957,Half2,0,15,0,3,1,0,00:57,NYG 18,10,66,"(:57) (No Huddle, Shotgun) 1-J.Hurts pass short left to 11-A.Brown to NYG 18 for no gain (29-X.McKinney). PENALTY on PHI-68-J.Mailata, Illegal Block Above the Waist, 10 yards, enforced at NYG 18 - No Play.",no_play,0,1,1,0,0,0,0,NA,NA,NA,NA,NA,NA,NA,NA,NA,NA,3,3,0,NA,NA,NA,NA,3,3,20,10,20,10,10,20,10,10,0.00996327679604292,0.019637994468212128,4.694289236795157e-4,0.033485159277915955,0.3272705674171448,7.088909042067826e-4,0.6084646582603455,0,0,4.948233135684859,-1.3297040042816661,13.561386786038007,-13.561386786038007,-0.8465787100390108,0.8465787100390108,18.835859402789907,-18.835859402789907,NA,NA,0,0,10.565400827152189,-10.565400827152189,7.243080624000868,-7.243080624000868,11.012554308166727,-11.012554308166727,8.019336433478573,-8.019336433478573,0.9322900772094727,0.06770992279052734,0.9322900772094727,0.06770992279052734,-0.011355221271514893,-0.00372922420501709,-0.00372922420501709,0.9209348559379578,0.07906514406204224,0.9794573783874512,0.9794573783874512,0.03925715718070122,-0.03925715718070122,0.31175494154266326,-0.31175494154266326,NA,NA,0,0,0.08031181991100311,-0.08031181991100311,0.20475187112859694,-0.20475187112859694,0.07908399403095245,-0.07908399403095245,0.23204853345922438,-0.23204853345922438,0,0,0,0,0,0,0,0,0,0,0,0,0,0,0,0,0,0,0,0,0,0,0,0,0,0,1,0,0,0,0,0,0,0,0,0,0,0,0,0,0,0,0,0,0,0,0,0,0,0,0,NA,NA,NA,NA,NA,NA,NA,NA,NA,NA,NA,NA,NA,NA,NA,NA,NA,NA,NA,NA,NA,NA,NA,NA,NA,NA,NA,NA,NA,NA,NA,NA,NA,NA,NA,NA,NA,NA,NA,NA,NA,NA,NA,NA,NA,NA,NA,NA,NA,NA,NA,NA,NA,NA,NA,NA,NA,NA,NA,NA,NA,NA,NA,NA,NA,NA,NA,NA,NA,0,NA,NA,NA,NA,NA,NA,NA,NA,NA,NA,NA,NA,NA,NA,NA,NA,NA,NA,NA,NA,NA,NA,NA,NA,NA,NA,NA,NA,NA,NA,NA,0,PHI,00-0034429,J.Mailata,10,0,NA,Illegal Block Above the Waist,0,0,0,0,NA,NA,2023,NA,NA,39,0,Opp touchdown,3140,"12/25/23, 16:35:39",2023-12-25T23:54:15.953Z,Lincoln Financial Field,"Cloudy Temp: 51° F, Humidity: 68%, Wind: NE 5 mph",cbaf6e72-f053-11ed-b4a7-bab79e4492fa,0,0,PENALTY,0,NA,2023-12-25T23:54:20.190Z,NA,14,Opp touchdown,2023-12-25T23:43:32.977Z,14,7:26,6,1,1,3,3,-10,PUNT,INTERCEPTION,07:35,00:09,PHI 6,NYG 28,2822,3206,25,33,Home,8,58,14,41,1,outdoors,grass,51,5,Nick Sirianni,Brian Daboll,PHI00,Lincoln Financial Field,0,0,J.Hurts,1,NA,NA,A.Brown,11,1,0,0,0,1,00-0036389,NA,00-0035676,J.Hurts,1,00-0036389,NA,NA,A.Brown,00-0035676,0,0,-1.3297040042816661,NA,NA,NA,NA,NA,0.4492412507534027,55.07587492465973
3188,2023_16_NYG_PHI,2023122501,PHI,NYG,REG,16,NA,NA,NA,NA,NA,2023-12-25,25,925,925,Half2,0,15,0,3,NA,0,00:25,NYG 28,0,66,Timeout #1 by PHI at 00:25.,no_play,0,0,0,0,0,0,0,NA,NA,NA,NA,NA,NA,NA,NA,NA,NA,2,3,1,PHI,NA,NA,NA,NA,NA,20,10,NA,NA,NA,NA,NA,NA,0,0,0,0,0,0,0,0,0,3.618529131403193,0,13.561386786038007,-13.561386786038007,-0.8465787100390108,0.8465787100390108,18.835859402789907,-18.835859402789907,NA,NA,0,0,10.565400827152189,-10.565400827152189,7.243080624000868,-7.243080624000868,11.012554308166727,-11.012554308166727,8.019336433478573,-8.019336433478573,0.9209348559379578,0.07906514406204224,0.9209348559379578,0.07906514406204224,0,0,0,0.9209348559379578,0.07906514406204224,0.9757281541824341,0.9757281541824341,0.03925715718070122,-0.03925715718070122,0.31175494154266326,-0.31175494154266326,NA,NA,0,0,0.08031181991100311,-0.08031181991100311,0.20475187112859694,-0.20475187112859694,0.07908399403095245,-0.07908399403095245,0.23204853345922438,-0.23204853345922438,0,0,0,0,0,0,0,0,0,0,0,0,0,0,0,0,0,0,0,0,0,0,0,0,0,0,0,0,0,0,0,0,0,0,0,0,0,0,0,0,0,0,0,0,0,0,0,0,0,0,0,NA,NA,NA,NA,NA,NA,NA,NA,NA,NA,NA,NA,NA,NA,NA,NA,NA,NA,NA,NA,NA,NA,NA,NA,NA,NA,NA,NA,NA,NA,NA,NA,NA,NA,NA,NA,NA,NA,NA,NA,NA,NA,NA,NA,NA,NA,NA,NA,NA,NA,NA,NA,NA,NA,NA,NA,NA,NA,NA,NA,NA,NA,NA,NA,NA,NA,NA,NA,NA,0,NA,NA,NA,NA,NA,NA,NA,NA,NA,NA,NA,NA,NA,NA,NA,NA,NA,NA,NA,NA,NA,NA,NA,NA,NA,NA,NA,NA,NA,NA,NA,0,NA,NA,NA,NA,0,NA,NA,0,0,0,0,NA,NA,2023,NA,NA,39,0,Opp touchdown,3158,"12/25/23, 16:35:39",2023-12-25T23:55:35Z,Lincoln Financial Field,"Cloudy Temp: 51° F, Humidity: 68%, Wind: NE 5 mph",cbaf6e72-f053-11ed-b4a7-bab79e4492fa,0,0,TIMEOUT,0,NA,NA,NA,14,Opp touchdown,2023-12-25T23:43:32.977Z,14,7:26,6,1,1,3,3,-10,PUNT,INTERCEPTION,07:35,00:09,PHI 6,NYG 28,2822,3206,25,33,Home,8,58,14,41,1,outdoors,grass,51,5,Nick Sirianni,Brian Daboll,PHI00,Lincoln Financial Field,0,0,NA,NA,NA,NA,NA,NA,0,0,0,0,0,NA,NA,NA,NA,NA,NA,NA,NA,NA,NA,0,0,0,NA,NA,NA,NA,NA,NA,NA
3176,2023_16_NYG_PHI,2023122501,PHI,NYG,REG,16,PHI,home,NYG,NYG,28,2023-12-25,25,925,925,Half2,0,15,0,3,1,0,00:25,NYG 28,20,66,(:25) (Shotgun) 1-J.Hurts pass incomplete short middle to 11-A.Brown (58-B.Okereke).,pass,0,1,0,1,0,0,0,short,middle,9,NA,NA,NA,NA,NA,NA,NA,2,3,0,NA,NA,NA,NA,2,3,20,10,20,10,10,20,10,10,0.018231751397252083,0.03634395822882652,6.25467742793262e-4,0.06201925128698349,0.5024986267089844,0.001303195720538497,0.37897777557373047,0,0,3.618529131403193,-0.46453583042602986,13.096850955611977,-13.096850955611977,-0.8465787100390108,0.8465787100390108,18.371323572363877,-18.371323572363877,0.3163998282398097,-0.7809356586658396,0,0,10.565400827152189,-10.565400827152189,7.243080624000868,-7.243080624000868,11.328954136406537,-11.328954136406537,7.2384007748127335,-7.2384007748127335,0.9209348559379578,0.07906514406204224,0.9209348559379578,0.07906514406204224,-0.011058449745178223,-0.0026110410690307617,-0.0026110410690307617,0.9098764061927795,0.09012359380722046,0.9757281541824341,0.9757281541824341,0.03925715718070122,-0.03925715718070122,0.30069649179748503,-0.30069649179748503,0,-0.011058449745178223,0,0,0.08031181991100311,-0.08031181991100311,0.20475187112859694,-0.20475187112859694,0.07908399403095245,-0.07908399403095245,0.22099008371404616,-0.22099008371404616,0,0,0,0,0,0,0,0,1,0,0,0,0,0,0,0,0,0,0,0,0,0,0,0,0,0,0,0,0,0,0,0,0,1,0,0,0,0,0,0,0,0,0,0,0,0,0,0,0,0,0,00-0036389,J.Hurts,NA,00-0035676,A.Brown,NA,NA,NA,NA,NA,NA,NA,NA,NA,NA,NA,NA,NA,NA,NA,NA,NA,NA,NA,NA,NA,NA,NA,NA,NA,NA,NA,NA,NA,NA,NA,NA,NA,NA,NA,NA,NA,NA,NA,NA,NA,NA,NA,NA,NA,NA,NA,NA,NA,NA,NA,NA,NA,NA,NA,NA,NA,NA,NA,NA,NA,NA,NA,NA,0,NA,NA,NA,NA,NA,NA,00-0035687,B.Okereke,NA,NA,NA,NA,NA,NA,NA,NA,NA,NA,NA,NA,NA,NA,NA,NA,NA,NA,NA,NA,NA,NA,NA,0,NA,NA,NA,NA,0,NA,NA,0,0,0,0,NA,NA,2023,0.7452627420425415,-74.52627420425415,39,0,Opp touchdown,3176,"12/25/23, 16:35:39",2023-12-25T23:56:39.797Z,Lincoln Financial Field,"Cloudy Temp: 51° F, Humidity: 68%, Wind: NE 5 mph",cbaf6e72-f053-11ed-b4a7-bab79e4492fa,0,0,PASS,0,NA,2023-12-25T23:56:43.400Z,NA,14,Opp touchdown,2023-12-25T23:43:32.977Z,14,7:26,6,1,1,3,3,-10,PUNT,INTERCEPTION,07:35,00:09,PHI 6,NYG 28,2822,3206,25,33,Home,8,58,14,41,1,outdoors,grass,51,5,Nick Sirianni,Brian Daboll,PHI00,Lincoln Financial Field,0,0,J.Hurts,1,NA,NA,A.Brown,11,1,0,0,0,1,00-0036389,NA,00-0035676,J.Hurts,1,00-0036389,A.Brown,00-0035676,A.Brown,00-0035676,0,0,-0.46453583042602986,0.6247835887621628,3.712565988302231,2,0.9987314864993095,0.0778500831220299,0.771978497505188,22.8021502494812
3206,2023_16_NYG_PHI,2023122501,PHI,NYG,REG,16,PHI,home,NYG,NYG,28,2023-12-25,21,921,921,Half2,0,15,1,3,2,0,00:21,NYG 28,20,66,"(:21) (Shotgun) 1-J.Hurts pass short left intended for 88-D.Goedert INTERCEPTED by 22-A.Jackson at NYG 24. 22-A.Jackson for 76 yards, TOUCHDOWN. PENALTY on PHI-1-J.Hurts, Horse Collar Tackle, 1 yard, enforced between downs.",pass,0,1,0,1,0,0,0,short,left,4,NA,NA,NA,NA,NA,NA,NA,2,3,0,NA,NYG,A.Jackson,00-0033878,2,3,20,16,20,10,10,20,16,4,0.019050737842917442,0.04220090061426163,6.210965220816433e-4,0.07012112438678741,0.5742016434669495,0.0013101112563163042,0.29249441623687744,0,0,3.153993300977163,-10.153993300977163,2.942857654634814,-2.942857654634814,-0.8465787100390108,0.8465787100390108,8.217330271386716,-8.217330271386716,-0.15257390134502202,-10.001419399632141,0,0,10.565400827152189,-10.565400827152189,7.243080624000868,-7.243080624000868,11.176380235061515,-11.176380235061515,-2.7630186248194075,2.7630186248194075,0.9098764061927795,0.09012359380722046,0.9098764061927795,0.09012359380722046,-0.18536250698566437,-0.11489922684431075,-0.11489922684431075,0.7245138992071152,0.2754861007928848,0.9731171131134033,0.9731171131134033,0.03925715718070122,-0.03925715718070122,0.11533398481182067,-0.11533398481182067,0,-0.18536250698566437,0,0,0.08031181991100311,-0.08031181991100311,0.20475187112859694,-0.20475187112859694,0.07908399403095245,-0.07908399403095245,0.035627576728381793,-0.035627576728381793,0,0,0,0,0,0,0,0,0,0,1,0,0,0,0,0,0,0,0,0,0,0,0,0,0,0,1,0,0,0,0,0,0,1,0,1,0,0,1,0,0,0,0,0,0,0,0,0,0,0,0,00-0036389,J.Hurts,NA,00-0034351,D.Goedert,NA,NA,NA,NA,NA,NA,NA,NA,NA,NA,NA,NA,00-0033878,A.Jackson,NA,NA,NA,NA,NA,NA,NA,NA,NA,NA,NA,NA,NA,NA,NA,NA,NA,NA,NA,NA,NA,NA,NA,NA,NA,NA,NA,NA,NA,NA,NA,NA,NA,NA,NA,NA,NA,NA,NA,NA,NA,NA,NA,NA,NA,NA,NA,NA,NA,NA,0,NA,NA,NA,NA,NA,NA,00-0033878,A.Jackson,NA,NA,NA,NA,NA,NA,NA,NA,NA,NA,NA,NA,NA,NA,NA,NA,NA,NA,NA,NA,NA,NA,NYG,76,PHI,00-0036389,J.Hurts,1,0,NA,Horse Collar Tackle,0,0,0,0,NA,NA,2023,0.7850657105445862,-78.50657105445862,39,0,Opp touchdown,3206,"12/25/23, 16:35:39",2023-12-25T23:57:18.337Z,Lincoln Financial Field,"Cloudy Temp: 51° F, Humidity: 68%, Wind: NE 5 mph",cbaf6e72-f053-11ed-b4a7-bab79e4492fa,0,0,INTERCEPTION,0,NA,2023-12-25T23:57:30.513Z,NA,14,Opp touchdown,2023-12-25T23:43:32.977Z,14,7:26,6,1,1,3,3,-10,PUNT,INTERCEPTION,07:35,00:09,PHI 6,NYG 28,2822,3206,25,33,Home,8,58,14,41,1,outdoors,grass,51,5,Nick Sirianni,Brian Daboll,PHI00,Lincoln Financial Field,0,0,J.Hurts,1,NA,NA,D.Goedert,88,1,0,0,0,1,00-0036389,NA,00-0034351,J.Hurts,1,00-0036389,D.Goedert,00-0034351,D.Goedert,00-0034351,0,0,-10.153993300977163,0.389398644276974,4.2584823808283545,3,0.44611562928184867,0.039724270813167095,0.855527400970459,14.447259902954102
3245,2023_16_NYG_PHI,2023122501,PHI,NYG,REG,16,NYG,away,PHI,PHI,1,2023-12-25,9,909,909,Half2,0,NA,1,3,NA,0,00:09,PHI 1,0,NA,TWO-POINT CONVERSION ATTEMPT. 26-S.Barkley rushes up the middle. ATTEMPT SUCCEEDS.,run,2,0,0,0,0,0,0,NA,NA,NA,NA,NA,NA,NA,NA,NA,success,2,3,0,NA,NA,NA,NA,3,2,20,18,16,20,-4,18,20,-2,0,0,0,0,0,0,0,0,0.4735,0.947,1.053,1.8898576546348143,-1.8898576546348143,-1.8995787100390107,1.8995787100390107,8.217330271386716,-8.217330271386716,NA,NA,0,0,10.565400827152189,-10.565400827152189,7.243080624000868,-7.243080624000868,11.176380235061515,-11.176380235061515,-2.7630186248194075,2.7630186248194075,0.2754861007928848,0.7245138992071152,0.7245138992071152,0.2754861007928848,0.022061060786247255,0.02514319735765458,-0.02514319735765458,0.7024528384208679,0.2975471615791321,0.14178211373090743,0.8582178862690926,0.017196096394453964,-0.017196096394453964,0.11533398481182067,-0.11533398481182067,NA,NA,0,0,0.08031181991100311,-0.08031181991100311,0.20475187112859694,-0.20475187112859694,0.07908399403095245,-0.07908399403095245,0.035627576728381793,-0.035627576728381793,0,0,0,0,0,0,0,0,0,0,0,0,0,0,0,0,0,0,0,0,0,0,0,0,0,0,0,0,0,0,0,0,1,0,0,0,0,0,0,0,1,0,0,0,0,0,0,0,0,0,0,NA,NA,NA,NA,NA,NA,00-0034844,S.Barkley,NA,NA,NA,NA,NA,NA,NA,NA,NA,NA,NA,NA,NA,NA,NA,NA,NA,NA,NA,NA,NA,NA,NA,NA,NA,NA,NA,NA,NA,NA,NA,NA,NA,NA,NA,NA,NA,NA,NA,NA,NA,NA,NA,NA,NA,NA,NA,NA,NA,NA,NA,NA,NA,NA,NA,NA,NA,NA,NA,NA,NA,0,NA,NA,NA,NA,NA,NA,NA,NA,NA,NA,NA,NA,NA,NA,NA,NA,NA,NA,NA,NA,NA,NA,NA,NA,NA,NA,NA,NA,NA,NA,NA,0,NA,NA,NA,NA,0,NA,NA,0,0,0,0,NA,NA,2023,NA,NA,39,0,Opp touchdown,3245,"12/25/23, 16:35:39",2023-12-25T23:59:05Z,Lincoln Financial Field,"Cloudy Temp: 51° F, Humidity: 68%, Wind: NE 5 mph",cbaf6e72-f053-11ed-b4a7-bab79e4492fa,0,0,PAT2,0,NA,NA,NA,14,Opp touchdown,NA,NA,NA,NA,NA,NA,NA,NA,NA,NA,NA,NA,NA,NA,NA,NA,NA,25,33,Home,8,58,14,41,1,outdoors,grass,51,5,Nick Sirianni,Brian Daboll,PHI00,Lincoln Financial Field,0,1,NA,NA,S.Barkley,26,NA,NA,0,1,0,0,1,NA,00-0034844,NA,S.Barkley,26,00-0034844,S.Barkley,00-0034844,S.Barkley,00-0034844,0,0,1.053,NA,NA,NA,NA,NA,NA,NA
3258,2023_16_NYG_PHI,2023122501,PHI,NYG,REG,16,PHI,home,NYG,NYG,35,2023-12-25,9,909,909,Half2,0,16,0,3,NA,0,00:09,NYG 35,0,75,"21-M.Crosby kicks 58 yards from NYG 35 to PHI 7, fair catch by 14-K.Gainwell.",kickoff,0,0,0,0,0,0,0,NA,NA,NA,NA,NA,NA,NA,58,NA,NA,2,3,0,NA,NA,NA,NA,2,3,20,18,20,18,2,20,18,2,0.05374063178896904,0.14014872908592224,0.0017332477727904916,0.23733168840408325,0.22116580605506897,0.005065645091235638,0.3408142328262329,0,0,0.9740938364993781,0,1.8898576546348143,-1.8898576546348143,-1.8995787100390107,1.8995787100390107,8.217330271386716,-8.217330271386716,NA,NA,0,0,10.565400827152189,-10.565400827152189,7.243080624000868,-7.243080624000868,11.176380235061515,-11.176380235061515,-2.7630186248194075,2.7630186248194075,0.7024528384208679,0.2975471615791321,0.7024528384208679,0.2975471615791321,0,0,0,0.7024528384208679,0.2975471615791321,0.833074688911438,0.833074688911438,0.017196096394453964,-0.017196096394453964,0.11533398481182067,-0.11533398481182067,NA,NA,0,0,0.08031181991100311,-0.08031181991100311,0.20475187112859694,-0.20475187112859694,0.07908399403095245,-0.07908399403095245,0.035627576728381793,-0.035627576728381793,0,0,0,0,0,0,0,0,0,0,0,0,0,0,0,0,0,0,0,0,1,0,0,0,0,0,0,0,0,0,0,0,0,0,0,0,0,0,0,0,0,0,1,0,0,0,0,0,0,0,0,NA,NA,NA,NA,NA,NA,NA,NA,NA,NA,NA,NA,NA,NA,NA,NA,NA,NA,NA,NA,NA,NA,NA,NA,NA,K.Gainwell,00-0036919,NA,NA,NA,NA,M.Crosby,00-0025580,NA,NA,NA,NA,NA,NA,NA,NA,NA,NA,NA,NA,NA,NA,NA,NA,NA,NA,NA,NA,NA,NA,NA,NA,NA,NA,NA,NA,NA,NA,NA,NA,NA,NA,NA,NA,0,NA,NA,NA,NA,NA,NA,NA,NA,NA,NA,NA,NA,NA,NA,NA,NA,NA,NA,NA,NA,NA,NA,NA,NA,NA,NA,NA,NA,NA,NA,PHI,0,NA,NA,NA,NA,0,NA,NA,0,0,0,0,NA,NA,2023,NA,NA,40,1,First down,3258,"12/25/23, 16:35:39",2023-12-26T00:00:35.133Z,Lincoln Financial Field,"Cloudy Temp: 51° F, Humidity: 68%, Wind: NE 5 mph",cbaf6e72-f053-11ed-b4a7-bab79e4492fa,0,0,KICK_OFF,1,NA,2023-12-26T00:00:38.903Z,NA,15,Touchdown,2023-12-26T00:00:35.133Z,8,4:02,5,1,1,3,4,-15,KICKOFF,TOUCHDOWN,00:09,11:07,PHI 25,NYG 5,3258,3558,25,33,Home,8,58,14,41,1,outdoors,grass,51,5,Nick Sirianni,Brian Daboll,PHI00,Lincoln Financial Field,0,0,NA,NA,NA,NA,NA,NA,0,0,0,1,0,NA,NA,NA,NA,NA,NA,NA,NA,NA,NA,0,0,0,NA,NA,NA,NA,NA,NA,NA
3275,2023_16_NYG_PHI,2023122501,PHI,NYG,REG,16,PHI,home,NYG,PHI,75,2023-12-25,9,909,909,Half2,0,16,0,3,1,0,00:09,PHI 25,10,75,(:09) (Shotgun) 1-J.Hurts pass short right to 11-A.Brown pushed ob at PHI 36 for 11 yards (44-N.McCloud).,pass,11,1,0,1,0,0,0,short,right,11,0,NA,NA,NA,NA,NA,NA,2,3,0,NA,NA,NA,NA,2,3,20,18,20,18,2,20,18,2,0.05374063178896904,0.14014872908592224,0.0017332477727904916,0.23733168840408325,0.22116580605506897,0.005065645091235638,0.3408142328262329,0,0,0.9740938364993781,0.7723575029522181,2.662215157587032,-2.662215157587032,-1.8995787100390107,1.8995787100390107,8.989687774338934,-8.989687774338934,0.7723575029522181,0,0.7723575029522181,0,11.337758330104407,-11.337758330104407,7.243080624000868,-7.243080624000868,11.948737738013733,-11.948737738013733,-2.7630186248194075,2.7630186248194075,0.7024528384208679,0.2975471615791321,0.7024528384208679,0.2975471615791321,0.023292243480682373,0.013979315757751465,0.013979315757751465,0.7257450819015503,0.2742549180984497,0.833074688911438,0.833074688911438,0.017196096394453964,-0.017196096394453964,0.13862622829250304,-0.13862622829250304,0.023292243480682373,0,0.023292243480682373,0,0.10360406339168549,-0.10360406339168549,0.20475187112859694,-0.20475187112859694,0.10237623751163483,-0.10237623751163483,0.035627576728381793,-0.035627576728381793,0,0,1,0,0,0,0,0,0,0,0,0,0,0,0,0,0,0,0,0,0,0,0,0,1,0,0,0,0,0,0,0,0,1,0,0,0,0,0,0,0,0,0,0,0,1,0,0,0,0,0,00-0036389,J.Hurts,11,00-0035676,A.Brown,11,NA,NA,NA,NA,NA,NA,NA,NA,NA,NA,NA,NA,NA,NA,NA,NA,NA,NA,NA,NA,NA,NA,NA,NA,NA,NA,NA,NA,NA,NA,NA,NA,NA,NA,NA,NA,NA,NA,NA,NA,NA,NA,NA,NA,NA,NYG,NA,00-0036589,NA,N.McCloud,NA,NA,NA,NA,NA,NA,NA,NA,NA,NA,NA,NA,NA,0,NA,NA,NA,NA,NA,NA,NA,NA,NA,NA,NA,NA,NA,NA,NA,NA,NA,NA,NA,NA,NA,NA,NA,NA,NA,NA,NA,NA,NA,NA,NA,0,NA,NA,NA,NA,0,NA,NA,0,0,0,0,NA,NA,2023,0.6525220274925232,34.74779725074768,40,1,First down,3275,"12/25/23, 16:35:39",2023-12-26T00:01:30.287Z,Lincoln Financial Field,"Cloudy Temp: 51° F, Humidity: 68%, Wind: NE 5 mph",cbaf6e72-f053-11ed-b4a7-bab79e4492fa,0,0,PASS,0,NA,2023-12-26T00:01:34.927Z,NA,15,Touchdown,2023-12-26T00:00:35.133Z,8,4:02,5,1,1,3,4,-15,KICKOFF,TOUCHDOWN,00:09,11:07,PHI 25,NYG 5,3258,3558,25,33,Home,8,58,14,41,1,outdoors,grass,51,5,Nick Sirianni,Brian Daboll,PHI00,Lincoln Financial Field,0,1,J.Hurts,1,NA,NA,A.Brown,11,1,0,1,0,1,00-0036389,NA,00-0035676,J.Hurts,1,00-0036389,A.Brown,00-0035676,A.Brown,00-0035676,1,0,0.7723575029522181,0.17784375486886284,3.1982419649793883,1,1,0.9929189794056583,0.48510199785232544,51.489800214767456
3305,2023_16_NYG_PHI,2023122501,PHI,NYG,REG,16,PHI,home,NYG,NA,NA,2023-12-25,0,900,900,Half2,1,16,0,3,NA,0,00:00,PHI 36,0,75,END QUARTER 3,NA,NA,0,0,NA,0,0,0,NA,NA,NA,NA,NA,NA,NA,NA,NA,NA,2,3,NA,NA,NA,NA,NA,2,3,20,18,20,18,2,20,18,2,0,0,0,0,0,0,0,0,0,1.7464513394515961,0,2.662215157587032,-2.662215157587032,-1.8995787100390107,1.8995787100390107,8.989687774338934,-8.989687774338934,NA,NA,NA,NA,11.337758330104407,-11.337758330104407,7.243080624000868,-7.243080624000868,11.948737738013733,-11.948737738013733,-2.7630186248194075,2.7630186248194075,0.7257450819015503,0.2742549180984497,0.7257450819015503,0.2742549180984497,0,0,0,0.7257450819015503,0.2742549180984497,0.8470540046691895,0.8470540046691895,0.017196096394453964,-0.017196096394453964,0.13862622829250304,-0.13862622829250304,NA,NA,NA,NA,0.10360406339168549,-0.10360406339168549,0.20475187112859694,-0.20475187112859694,0.10237623751163483,-0.10237623751163483,0.035627576728381793,-0.035627576728381793,NA,NA,NA,NA,NA,NA,NA,NA,NA,0,NA,NA,NA,NA,NA,NA,NA,NA,NA,NA,NA,NA,NA,NA,NA,NA,NA,NA,NA,NA,NA,NA,NA,NA,NA,NA,NA,NA,NA,NA,NA,NA,NA,NA,NA,NA,NA,NA,NA,NA,NA,NA,NA,NA,NA,NA,NA,NA,NA,NA,NA,NA,NA,NA,NA,NA,NA,NA,NA,NA,NA,NA,NA,NA,NA,NA,NA,NA,NA,NA,NA,NA,NA,NA,NA,NA,NA,NA,NA,NA,NA,NA,NA,NA,NA,NA,NA,NA,NA,NA,NA,NA,NA,NA,NA,NA,NA,NA,NA,NA,NA,NA,NA,NA,NA,NA,NA,NA,NA,NA,NA,NA,NA,NA,NA,NA,NA,NA,NA,NA,NA,NA,NA,NA,NA,NA,NA,NA,NA,NA,NA,NA,NA,NA,NA,NA,NA,NA,NA,NA,NA,NA,NA,NA,NA,NA,NA,0,NA,NA,NA,NA,NA,NA,NA,NA,2023,NA,NA,41,1,First down,3305,"12/25/23, 16:35:39",NA,Lincoln Financial Field,"Cloudy Temp: 51° F, Humidity: 68%, Wind: NE 5 mph",cbaf6e72-f053-11ed-b4a7-bab79e4492fa,0,0,END_QUARTER,0,NA,NA,NA,15,Touchdown,2023-12-26T00:00:35.133Z,8,4:02,5,1,1,3,4,-15,KICKOFF,TOUCHDOWN,00:09,11:07,PHI 25,NYG 5,3258,3558,25,33,Home,8,58,14,41,1,outdoors,grass,51,5,Nick Sirianni,Brian Daboll,PHI00,Lincoln Financial Field,0,0,NA,NA,NA,NA,NA,NA,0,0,NA,0,0,NA,NA,NA,NA,NA,NA,NA,NA,NA,NA,0,0,0,NA,NA,NA,NA,NA,NA,NA
3325,2023_16_NYG_PHI,2023122501,PHI,NYG,REG,16,PHI,home,NYG,PHI,64,2023-12-25,900,900,900,Half2,0,16,0,4,1,0,15:00,PHI 36,10,75,"(15:00) (Shotgun) 1-J.Hurts pass incomplete short right to 11-A.Brown. PENALTY on PHI-65-L.Johnson, Offensive Holding, 10 yards, enforced at PHI 36 - No Play.",no_play,0,1,0,0,0,0,0,NA,NA,NA,NA,NA,NA,NA,NA,NA,NA,2,3,0,NA,NA,NA,NA,2,3,20,18,20,18,2,20,18,2,0.055671047419309616,0.11096720397472382,0.0012609857367351651,0.19650359451770782,0.23959499597549438,0.006679982412606478,0.3893221616744995,0,0,1.7464513394515961,-1.087421881267801,1.5747932763192314,-1.5747932763192314,-1.8995787100390107,1.8995787100390107,8.989687774338934,-8.989687774338934,NA,NA,0,0,11.337758330104407,-11.337758330104407,7.243080624000868,-7.243080624000868,11.948737738013733,-11.948737738013733,-2.7630186248194075,2.7630186248194075,0.7257450819015503,0.2742549180984497,0.7257450819015503,0.2742549180984497,-0.026300907135009766,-0.021540701389312744,-0.021540701389312744,NA,NA,0.8470540046691895,0.8470540046691895,0.017196096394453964,-0.017196096394453964,0.13862622829250304,-0.13862622829250304,NA,NA,0,0,0.10360406339168549,-0.10360406339168549,0.20475187112859694,-0.20475187112859694,0.10237623751163483,-0.10237623751163483,0.035627576728381793,-0.035627576728381793,0,0,0,0,0,0,0,0,0,0,0,0,0,0,0,0,0,0,0,0,0,0,0,0,0,0,1,0,0,0,0,0,0,0,0,0,0,0,0,0,0,0,0,0,0,0,0,0,0,0,0,NA,NA,NA,NA,NA,NA,NA,NA,NA,NA,NA,NA,NA,NA,NA,NA,NA,NA,NA,NA,NA,NA,NA,NA,NA,NA,NA,NA,NA,NA,NA,NA,NA,NA,NA,NA,NA,NA,NA,NA,NA,NA,NA,NA,NA,NA,NA,NA,NA,NA,NA,NA,NA,NA,NA,NA,NA,NA,NA,NA,NA,NA,NA,NA,NA,NA,NA,NA,NA,0,NA,NA,NA,NA,NA,NA,NA,NA,NA,NA,NA,NA,NA,NA,NA,NA,NA,NA,NA,NA,NA,NA,NA,NA,NA,NA,NA,NA,NA,NA,NA,0,PHI,00-0030561,L.Johnson,10,0,NA,Offensive Holding,0,0,0,0,NA,NA,2023,NA,NA,41,1,First down,3325,"12/25/23, 16:35:39",2023-12-26T00:04:55.280Z,Lincoln Financial Field,"Cloudy Temp: 51° F, Humidity: 68%, Wind: NE 5 mph",cbaf6e72-f053-11ed-b4a7-bab79e4492fa,0,0,PENALTY,0,NA,2023-12-26T00:05:01.033Z,NA,15,Touchdown,2023-12-26T00:00:35.133Z,8,4:02,5,1,1,3,4,-15,KICKOFF,TOUCHDOWN,00:09,11:07,PHI 25,NYG 5,3258,3558,25,33,Home,8,58,14,41,1,outdoors,grass,51,5,Nick Sirianni,Brian Daboll,PHI00,Lincoln Financial Field,0,0,J.Hurts,1,NA,NA,A.Brown,11,1,0,0,0,1,00-0036389,NA,00-0035676,J.Hurts,1,00-0036389,NA,NA,A.Brown,00-0035676,0,0,-1.087421881267801,NA,NA,NA,NA,NA,0.4507448077201843,54.92551922798157
3364,2023_16_NYG_PHI,2023122501,PHI,NYG,REG,16,PHI,home,NYG,PHI,74,2023-12-25,894,894,894,Half2,0,16,0,4,1,0,14:54,PHI 26,20,75,(14:54) (Shotgun) 1-J.Hurts pass incomplete short right to 11-A.Brown.,pass,0,1,0,1,0,0,0,short,right,12,NA,NA,NA,NA,NA,NA,NA,2,3,0,NA,NA,NA,NA,2,3,20,18,20,18,2,20,18,2,0.059802159667015076,0.15499018132686615,0.00210068398155272,0.2520754039287567,0.19955570995807648,0.0052538164891302586,0.3262220621109009,0,0,0.6590294581837952,-0.6042719380930066,0.9705213382262248,-0.9705213382262248,-1.8995787100390107,1.8995787100390107,8.385415836245928,-8.385415836245928,0.5126585706602782,-1.1169305087532848,0,0,11.337758330104407,-11.337758330104407,7.243080624000868,-7.243080624000868,12.461396308674011,-12.461396308674011,-3.8799491335726923,3.8799491335726923,0.6994441747665405,0.3005558252334595,0.6994441747665405,0.3005558252334595,-0.02153313159942627,-0.015456676483154297,-0.015456676483154297,0.6779110431671143,0.32208895683288574,0.8255133032798767,0.8255133032798767,0.017196096394453964,-0.017196096394453964,0.11709309669307677,-0.11709309669307677,0,-0.02153313159942627,0,0,0.10360406339168549,-0.10360406339168549,0.20475187112859694,-0.20475187112859694,0.10237623751163483,-0.10237623751163483,0.014094445128955524,-0.014094445128955524,0,0,0,0,0,0,0,0,1,0,0,0,0,0,0,0,0,0,0,0,0,0,0,0,0,0,0,0,0,0,0,0,0,1,0,0,0,0,0,0,0,0,0,0,0,0,0,0,0,0,0,00-0036389,J.Hurts,NA,00-0035676,A.Brown,NA,NA,NA,NA,NA,NA,NA,NA,NA,NA,NA,NA,NA,NA,NA,NA,NA,NA,NA,NA,NA,NA,NA,NA,NA,NA,NA,NA,NA,NA,NA,NA,NA,NA,NA,NA,NA,NA,NA,NA,NA,NA,NA,NA,NA,NA,NA,NA,NA,NA,NA,NA,NA,NA,NA,NA,NA,NA,NA,NA,NA,NA,NA,NA,0,NA,NA,NA,NA,NA,NA,NA,NA,NA,NA,NA,NA,NA,NA,NA,NA,NA,NA,NA,NA,NA,NA,NA,NA,NA,NA,NA,NA,NA,NA,NA,0,NA,NA,NA,NA,0,NA,NA,0,0,0,0,NA,NA,2023,0.6450110077857971,-64.50110077857971,41,1,First down,3364,"12/25/23, 16:35:39",2023-12-26T00:05:50.980Z,Lincoln Financial Field,"Cloudy Temp: 51° F, Humidity: 68%, Wind: NE 5 mph",cbaf6e72-f053-11ed-b4a7-bab79e4492fa,0,0,PASS,0,NA,2023-12-26T00:05:54.317Z,NA,15,Touchdown,2023-12-26T00:00:35.133Z,8,4:02,5,1,1,3,4,-15,KICKOFF,TOUCHDOWN,00:09,11:07,PHI 25,NYG 5,3258,3558,25,33,Home,8,58,14,41,1,outdoors,grass,51,5,Nick Sirianni,Brian Daboll,PHI00,Lincoln Financial Field,0,0,J.Hurts,1,NA,NA,A.Brown,11,1,0,0,0,1,00-0036389,NA,00-0035676,J.Hurts,1,00-0036389,A.Brown,00-0035676,A.Brown,00-0035676,0,0,-0.6042719380930066,0.4314446277300632,3.2669753488808055,1,0.9990972758387215,0.11045104917138815,0.7308383584022522,26.91616415977478
3387,2023_16_NYG_PHI,2023122501,PHI,NYG,REG,16,PHI,home,NYG,PHI,74,2023-12-25,890,890,890,Half2,0,16,0,4,2,0,14:50,PHI 26,20,75,(14:50) (Shotgun) 1-J.Hurts pass short left to 80-J.Jones to PHI 31 for 5 yards (44-N.McCloud; 19-I.Simmons).,pass,5,1,0,1,0,0,0,short,left,0,5,NA,NA,NA,NA,NA,NA,2,3,0,NA,NA,NA,NA,2,3,20,18,20,18,2,20,18,2,0.0667257085442543,0.17045670747756958,0.002252879785373807,0.2865249514579773,0.1790088713169098,0.00518691074103117,0.28984394669532776,0,0,0.0547575200907886,-0.5237199203111231,0.44680141791510164,-0.44680141791510164,-1.8995787100390107,1.8995787100390107,7.8616959159348045,-7.8616959159348045,-0.8419823395088315,0.31826241919770837,-0.8419823395088315,0.31826241919770837,10.495775990595575,-10.495775990595575,7.561343043198576,-7.561343043198576,11.61941396916518,-11.61941396916518,-3.561686714374984,3.561686714374984,0.6779110431671143,0.32208895683288574,0.6779110431671143,0.32208895683288574,-0.019320785999298096,-0.006469368934631348,-0.006469368934631348,0.6585902571678162,0.34140974283218384,0.8100566267967224,0.8100566267967224,0.017196096394453964,-0.017196096394453964,0.09777231069377867,-0.09777231069377867,0,-0.019320785999298096,0,-0.019320785999298096,0.10360406339168549,-0.10360406339168549,0.18543108512929884,-0.18543108512929884,0.10237623751163483,-0.10237623751163483,-0.005226340870342572,0.005226340870342572,0,0,0,0,0,0,0,0,0,0,0,0,0,0,0,0,0,0,0,0,0,0,0,0,0,0,0,0,0,0,0,0,0,1,0,0,0,0,0,0,0,0,0,0,0,1,1,0,0,0,0,00-0036389,J.Hurts,5,00-0027944,J.Jones,5,NA,NA,NA,NA,NA,NA,NA,NA,NA,NA,NA,NA,NA,NA,NA,NA,NA,NA,NA,NA,NA,NA,NA,NA,NA,NA,NA,NA,NA,NA,NA,NA,NA,NA,NA,NA,NA,NA,NA,NA,NA,NA,NA,NA,NA,NA,NA,NA,NA,NA,NA,00-0036589,N.McCloud,NYG,00-0036356,I.Simmons,NYG,NA,NA,NA,NA,NA,NA,0,NA,NA,NA,NA,NA,NA,NA,NA,NA,NA,NA,NA,NA,NA,NA,NA,NA,NA,NA,NA,NA,NA,NA,NA,NA,NA,NA,NA,NA,NA,NA,0,NA,NA,NA,NA,0,NA,NA,0,0,0,0,NA,NA,2023,0.7643021941184998,23.569780588150024,41,1,First down,3387,"12/25/23, 16:35:39",2023-12-26T00:06:31.757Z,Lincoln Financial Field,"Cloudy Temp: 51° F, Humidity: 68%, Wind: NE 5 mph",cbaf6e72-f053-11ed-b4a7-bab79e4492fa,0,0,PASS,0,NA,2023-12-26T00:06:36.620Z,NA,15,Touchdown,2023-12-26T00:00:35.133Z,8,4:02,5,1,1,3,4,-15,KICKOFF,TOUCHDOWN,00:09,11:07,PHI 25,NYG 5,3258,3558,25,33,Home,8,58,14,41,1,outdoors,grass,51,5,Nick Sirianni,Brian Daboll,PHI00,Lincoln Financial Field,0,0,J.Hurts,1,NA,NA,J.Jones,80,1,0,0,0,1,00-0036389,NA,00-0027944,J.Hurts,1,00-0036389,J.Jones,00-0027944,J.Jones,00-0027944,0,0,-0.5237199203111231,0.7056543139769189,7.529204622638645,6,0.2735093013034202,0.044345888833049685,0.8468977808952332,15.310221910476685
3412,2023_16_NYG_PHI,2023122501,PHI,NYG,REG,16,PHI,home,NYG,PHI,69,2023-12-25,851,851,851,Half2,0,16,0,4,3,0,14:11,PHI 31,15,75,"(14:11) (Shotgun) PENALTY on PHI-62-J.Kelce, False Start, 5 yards, enforced at PHI 31 - No Play.",no_play,0,1,0,0,0,0,0,NA,NA,NA,NA,NA,NA,NA,NA,NA,NA,2,3,0,NA,NA,NA,NA,2,3,20,18,20,18,2,20,18,2,0.06876164674758911,0.1833161860704422,0.0020596752874553204,0.31898653507232666,0.16129928827285767,0.004984647035598755,0.2605920135974884,0,0,-0.46896240022033453,-0.30966002913191915,0.1371413887831825,-0.1371413887831825,-1.8995787100390107,1.8995787100390107,7.8616959159348045,-7.8616959159348045,NA,NA,0,0,10.495775990595575,-10.495775990595575,7.561343043198576,-7.561343043198576,11.61941396916518,-11.61941396916518,-3.561686714374984,3.561686714374984,0.6585902571678162,0.34140974283218384,0.6585902571678162,0.34140974283218384,-0.007346034049987793,-0.012518107891082764,-0.012518107891082764,0.6512442231178284,0.34875577688217163,0.8035872578620911,0.8035872578620911,0.017196096394453964,-0.017196096394453964,0.09777231069377867,-0.09777231069377867,NA,NA,0,0,0.10360406339168549,-0.10360406339168549,0.18543108512929884,-0.18543108512929884,0.10237623751163483,-0.10237623751163483,-0.005226340870342572,0.005226340870342572,0,0,0,0,0,0,0,0,0,0,0,0,0,0,0,0,0,0,0,0,0,0,0,0,0,0,1,0,0,0,0,0,0,0,0,0,0,0,0,0,0,0,0,0,0,0,0,0,0,0,0,NA,NA,NA,NA,NA,NA,NA,NA,NA,NA,NA,NA,NA,NA,NA,NA,NA,NA,NA,NA,NA,NA,NA,NA,NA,NA,NA,NA,NA,NA,NA,NA,NA,NA,NA,NA,NA,NA,NA,NA,NA,NA,NA,NA,NA,NA,NA,NA,NA,NA,NA,NA,NA,NA,NA,NA,NA,NA,NA,NA,NA,NA,NA,NA,NA,NA,NA,NA,NA,0,NA,NA,NA,NA,NA,NA,NA,NA,NA,NA,NA,NA,NA,NA,NA,NA,NA,NA,NA,NA,NA,NA,NA,NA,NA,NA,NA,NA,NA,NA,NA,0,PHI,00-0028129,J.Kelce,5,0,NA,False Start,0,0,0,0,NA,NA,2023,NA,NA,41,1,First down,3412,"12/25/23, 16:35:39",2023-12-26T00:07:07.557Z,Lincoln Financial Field,"Cloudy Temp: 51° F, Humidity: 68%, Wind: NE 5 mph",cbaf6e72-f053-11ed-b4a7-bab79e4492fa,0,0,PENALTY,0,NA,NA,NA,15,Touchdown,2023-12-26T00:00:35.133Z,8,4:02,5,1,1,3,4,-15,KICKOFF,TOUCHDOWN,00:09,11:07,PHI 25,NYG 5,3258,3558,25,33,Home,8,58,14,41,1,outdoors,grass,51,5,Nick Sirianni,Brian Daboll,PHI00,Lincoln Financial Field,0,0,NA,NA,NA,NA,NA,NA,0,0,0,0,1,NA,NA,NA,NA,NA,NA,NA,NA,NA,NA,0,0,-0.30966002913191915,NA,NA,NA,NA,NA,0.9561881422996521,NA
3436,2023_16_NYG_PHI,2023122501,PHI,NYG,REG,16,PHI,home,NYG,PHI,74,2023-12-25,851,851,851,Half2,0,16,0,4,3,0,14:11,PHI 26,20,75,(14:11) (Shotgun) 1-J.Hurts pass deep right to 11-A.Brown to NYG 42 for 32 yards (19-I.Simmons).,pass,32,1,0,1,0,0,0,deep,right,29,3,NA,NA,NA,NA,NA,NA,2,3,0,NA,NA,NA,NA,2,3,20,18,20,18,2,20,18,2,0.06928664445877075,0.19652314484119415,0.0022997020278126,0.33337125182151794,0.1536656618118286,0.00516538368538022,0.2396882027387619,0,0,-0.7786224293522537,3.7643816913478076,3.90152308013099,-3.90152308013099,-1.8995787100390107,1.8995787100390107,11.626077607282612,-11.626077607282612,3.5966559811495245,0.1677257101982832,3.5966559811495245,0.1677257101982832,14.0924319717451,-14.0924319717451,7.729068753396859,-7.729068753396859,15.216069950314704,-15.216069950314704,-3.3939610041767008,3.3939610041767008,0.6512442231178284,0.34875577688217163,0.6512442231178284,0.34875577688217163,0.11556178331375122,0.07373666763305664,0.07373666763305664,0.7668060064315796,0.2331939935684204,0.7910691499710083,0.7910691499710083,0.017196096394453964,-0.017196096394453964,0.2133340940075299,-0.2133340940075299,0,0.11556178331375122,0,0.11556178331375122,0.10360406339168549,-0.10360406339168549,0.30099286844305007,-0.30099286844305007,0.10237623751163483,-0.10237623751163483,0.11033544244340865,-0.11033544244340865,0,0,1,0,1,0,0,0,0,0,0,0,0,0,0,0,0,0,0,0,0,0,0,0,1,0,0,0,0,0,0,0,0,1,0,0,0,0,0,0,0,0,0,0,0,1,0,0,0,0,0,00-0036389,J.Hurts,32,00-0035676,A.Brown,32,NA,NA,NA,NA,NA,NA,NA,NA,NA,NA,NA,NA,NA,NA,NA,NA,NA,NA,NA,NA,NA,NA,NA,NA,NA,NA,NA,NA,NA,NA,NA,NA,NA,NA,NA,NA,NA,NA,NA,NA,NA,NA,NA,NA,NA,NYG,NA,00-0036356,NA,I.Simmons,NA,NA,NA,NA,NA,NA,NA,NA,NA,NA,NA,NA,NA,0,NA,NA,NA,NA,NA,NA,NA,NA,NA,NA,NA,NA,NA,NA,NA,NA,NA,NA,NA,NA,NA,NA,NA,NA,NA,NA,NA,NA,NA,NA,NA,0,NA,NA,NA,NA,0,NA,NA,0,0,0,0,NA,NA,2023,0.31714123487472534,68.28587651252747,41,1,First down,3436,"12/25/23, 16:35:39",2023-12-26T00:08:02.547Z,Lincoln Financial Field,"Cloudy Temp: 51° F, Humidity: 68%, Wind: NE 5 mph",cbaf6e72-f053-11ed-b4a7-bab79e4492fa,0,0,PASS,0,NA,2023-12-26T00:08:11.623Z,NA,15,Touchdown,2023-12-26T00:00:35.133Z,8,4:02,5,1,1,3,4,-15,KICKOFF,TOUCHDOWN,00:09,11:07,PHI 25,NYG 5,3258,3558,25,33,Home,8,58,14,41,1,outdoors,grass,51,5,Nick Sirianni,Brian Daboll,PHI00,Lincoln Financial Field,0,1,J.Hurts,1,NA,NA,A.Brown,11,1,0,1,0,1,00-0036389,NA,00-0035676,J.Hurts,1,00-0036389,A.Brown,00-0035676,A.Brown,00-0035676,0,0,3.7643816913478076,0.4923304456807971,6.543607559375232,2,1,1,0.9086440205574036,9.135597944259644
3461,2023_16_NYG_PHI,2023122501,PHI,NYG,REG,16,PHI,home,NYG,NYG,42,2023-12-25,802,802,802,Half2,0,16,0,4,1,0,13:22,NYG 42,10,75,(13:22) (Shotgun) 14-K.Gainwell left end pushed ob at NYG 20 for 22 yards (29-X.McKinney).,run,22,1,0,0,0,0,0,NA,NA,NA,NA,left,end,NA,NA,NA,NA,2,3,0,NA,NA,NA,NA,2,3,20,18,20,18,2,20,18,2,0.05514921247959137,0.0722237154841423,9.010634385049343e-4,0.11796076595783234,0.3036031424999237,0.0063973101787269115,0.4437648355960846,0,0,2.985759261995554,1.5803313360083848,5.481854416139375,-5.481854416139375,-0.31924737403062586,0.31924737403062586,11.626077607282612,-11.626077607282612,NA,NA,0,0,14.0924319717451,-14.0924319717451,7.729068753396859,-7.729068753396859,15.216069950314704,-15.216069950314704,-3.3939610041767008,3.3939610041767008,0.7668060064315796,0.2331939935684204,0.7668060064315796,0.2331939935684204,0.03808331489562988,0.04814910888671875,0.04814910888671875,0.8048893213272095,0.19511067867279053,0.8648058176040649,0.8648058176040649,0.055279411290083846,-0.055279411290083846,0.2133340940075299,-0.2133340940075299,NA,NA,0,0,0.10360406339168549,-0.10360406339168549,0.30099286844305007,-0.30099286844305007,0.10237623751163483,-0.10237623751163483,0.11033544244340865,-0.11033544244340865,0,1,0,0,0,0,0,0,0,0,0,0,0,0,0,0,0,0,0,0,0,0,0,0,1,0,0,0,0,0,0,0,1,0,0,0,0,0,0,0,0,0,0,0,0,0,0,0,0,0,0,NA,NA,NA,NA,NA,NA,00-0036919,K.Gainwell,22,NA,NA,NA,NA,NA,NA,NA,NA,NA,NA,NA,NA,NA,NA,NA,NA,NA,NA,NA,NA,NA,NA,NA,NA,NA,NA,NA,NA,NA,NA,NA,NA,NA,NA,NA,NA,NA,NA,NA,NA,NA,NA,NYG,NA,00-0036388,NA,X.McKinney,NA,NA,NA,NA,NA,NA,NA,NA,NA,NA,NA,NA,NA,0,NA,NA,NA,NA,NA,NA,NA,NA,NA,NA,NA,NA,NA,NA,NA,NA,NA,NA,NA,NA,NA,NA,NA,NA,NA,NA,NA,NA,NA,NA,NA,0,NA,NA,NA,NA,0,NA,NA,0,0,0,0,NA,NA,2023,NA,NA,42,1,First down,3461,"12/25/23, 16:35:39",2023-12-26T00:08:52.030Z,Lincoln Financial Field,"Cloudy Temp: 51° F, Humidity: 68%, Wind: NE 5 mph",cbaf6e72-f053-11ed-b4a7-bab79e4492fa,0,0,RUSH,0,NA,2023-12-26T00:09:00.303Z,NA,15,Touchdown,2023-12-26T00:00:35.133Z,8,4:02,5,1,1,3,4,-15,KICKOFF,TOUCHDOWN,00:09,11:07,PHI 25,NYG 5,3258,3558,25,33,Home,8,58,14,41,1,outdoors,grass,51,5,Nick Sirianni,Brian Daboll,PHI00,Lincoln Financial Field,0,1,NA,NA,K.Gainwell,14,NA,NA,0,1,1,0,1,NA,00-0036919,NA,K.Gainwell,14,00-0036919,K.Gainwell,00-0036919,K.Gainwell,00-0036919,1,0,1.5803313360083848,NA,NA,NA,NA,NA,0.3908170461654663,-39.08170461654663
3488,2023_16_NYG_PHI,2023122501,PHI,NYG,REG,16,PHI,home,NYG,NYG,20,2023-12-25,760,760,760,Half2,0,16,0,4,1,0,12:40,NYG 20,10,75,"(12:40) (Shotgun) 14-K.Gainwell left guard to NYG 17 for 3 yards (41-M.McFadden, 29-X.McKinney).",run,3,1,0,0,0,0,0,NA,NA,NA,NA,left,guard,NA,NA,NA,NA,2,3,0,NA,NA,NA,NA,2,3,20,18,20,18,2,20,18,2,0.02025737427175045,0.027316926047205925,4.058036720380187e-4,0.03998056799173355,0.3624022603034973,0.0011899182572960854,0.5484471917152405,0,0,4.566090598003939,-0.14774621173273772,5.334108204406637,-5.334108204406637,-0.4669935857633636,0.4669935857633636,11.626077607282612,-11.626077607282612,NA,NA,0,0,14.0924319717451,-14.0924319717451,7.729068753396859,-7.729068753396859,15.216069950314704,-15.216069950314704,-3.3939610041767008,3.3939610041767008,0.8048893213272095,0.19511067867279053,0.8048893213272095,0.19511067867279053,-0.003436565399169922,7.956027984619141e-4,7.956027984619141e-4,0.8014527559280396,0.19854724407196045,0.9129549264907837,0.9129549264907837,0.051842845890913924,-0.051842845890913924,0.2133340940075299,-0.2133340940075299,NA,NA,0,0,0.10360406339168549,-0.10360406339168549,0.30099286844305007,-0.30099286844305007,0.10237623751163483,-0.10237623751163483,0.11033544244340865,-0.11033544244340865,0,0,0,0,0,0,0,0,0,0,0,0,0,0,0,0,0,0,0,0,0,0,0,0,0,0,0,0,0,0,0,0,1,0,0,0,0,0,0,0,0,0,0,0,0,0,1,0,0,0,0,NA,NA,NA,NA,NA,NA,00-0036919,K.Gainwell,3,NA,NA,NA,NA,NA,NA,NA,NA,NA,NA,NA,NA,NA,NA,NA,NA,NA,NA,NA,NA,NA,NA,NA,NA,NA,NA,NA,NA,NA,NA,NA,NA,NA,NA,NA,NA,NA,NA,NA,NA,NA,NA,NA,NA,NA,NA,NA,NA,00-0036388,X.McKinney,NYG,NA,NA,NA,NA,NA,NA,NA,NA,NA,1,00-0037259,M.McFadden,NYG,NA,NA,NA,NA,NA,NA,NA,NA,NA,NA,NA,NA,NA,NA,NA,NA,NA,NA,NA,NA,NA,NA,NA,NA,NA,NA,NA,NA,0,NA,NA,NA,NA,0,NA,NA,0,0,0,0,NA,NA,2023,NA,NA,43,1,First down,3488,"12/25/23, 16:35:39",2023-12-26T00:09:38.240Z,Lincoln Financial Field,"Cloudy Temp: 51° F, Humidity: 68%, Wind: NE 5 mph",cbaf6e72-f053-11ed-b4a7-bab79e4492fa,0,0,RUSH,0,NA,2023-12-26T00:09:42.417Z,NA,15,Touchdown,2023-12-26T00:00:35.133Z,8,4:02,5,1,1,3,4,-15,KICKOFF,TOUCHDOWN,00:09,11:07,PHI 25,NYG 5,3258,3558,25,33,Home,8,58,14,41,1,outdoors,grass,51,5,Nick Sirianni,Brian Daboll,PHI00,Lincoln Financial Field,0,0,NA,NA,K.Gainwell,14,NA,NA,0,1,0,0,1,NA,00-0036919,NA,K.Gainwell,14,00-0036919,K.Gainwell,00-0036919,K.Gainwell,00-0036919,0,0,-0.14774621173273772,NA,NA,NA,NA,NA,0.3599476218223572,-35.99476218223572
3510,2023_16_NYG_PHI,2023122501,PHI,NYG,REG,16,PHI,home,NYG,NYG,17,2023-12-25,717,717,717,Half2,0,16,0,4,2,0,11:57,NYG 17,7,75,(11:57) (Shotgun) 1-J.Hurts pass short right to 11-A.Brown to NYG 5 for 12 yards (29-X.McKinney).,pass,12,1,0,1,0,0,0,short,right,5,7,NA,NA,NA,NA,NA,NA,2,3,0,NA,NA,NA,NA,2,3,20,18,20,18,2,20,18,2,0.02263006381690502,0.02181238681077957,3.716132487170398e-4,0.03767011687159538,0.41711822152137756,0.0011844065738841891,0.49921315908432007,0,0,4.418344386271201,1.3190872189006768,6.653195423307314,-6.653195423307314,-0.4669935857633636,0.4669935857633636,12.945164826183289,-12.945164826183289,0.08680804329924285,1.232279175601434,0.08680804329924285,1.232279175601434,14.179240015044343,-14.179240015044343,8.961347928998293,-8.961347928998293,15.302877993613947,-15.302877993613947,-2.161681828575267,2.161681828575267,0.8014527559280396,0.19854724407196045,0.8014527559280396,0.19854724407196045,0.025999605655670166,0.00817108154296875,0.00817108154296875,0.8274523615837097,0.17254763841629028,0.9137505292892456,0.9137505292892456,0.051842845890913924,-0.051842845890913924,0.23933369966320006,-0.23933369966320006,0,0.025999605655670166,0,0.025999605655670166,0.10360406339168549,-0.10360406339168549,0.32699247409872023,-0.32699247409872023,0.10237623751163483,-0.10237623751163483,0.13633504809907881,-0.13633504809907881,0,0,1,0,0,0,0,0,0,0,0,0,0,0,0,0,0,0,0,0,0,0,0,0,1,0,0,0,0,0,0,0,0,1,0,0,0,0,0,0,0,0,0,0,0,1,0,0,0,0,0,00-0036389,J.Hurts,12,00-0035676,A.Brown,12,NA,NA,NA,NA,NA,NA,NA,NA,NA,NA,NA,NA,NA,NA,NA,NA,NA,NA,NA,NA,NA,NA,NA,NA,NA,NA,NA,NA,NA,NA,NA,NA,NA,NA,NA,NA,NA,NA,NA,NA,NA,NA,NA,NA,NA,NYG,NA,00-0036388,NA,X.McKinney,NA,NA,NA,NA,NA,NA,NA,NA,NA,NA,NA,NA,NA,0,NA,NA,NA,NA,NA,NA,NA,NA,NA,NA,NA,NA,NA,NA,NA,NA,NA,NA,NA,NA,NA,NA,NA,NA,NA,NA,NA,NA,NA,NA,NA,0,NA,NA,NA,NA,0,NA,NA,0,0,0,0,NA,NA,2023,0.7350258827209473,26.497411727905273,43,1,First down,3510,"12/25/23, 16:35:39",2023-12-26T00:10:21.017Z,Lincoln Financial Field,"Cloudy Temp: 51° F, Humidity: 68%, Wind: NE 5 mph",cbaf6e72-f053-11ed-b4a7-bab79e4492fa,0,0,PASS,0,NA,2023-12-26T00:10:27.740Z,NA,15,Touchdown,2023-12-26T00:00:35.133Z,8,4:02,5,1,1,3,4,-15,KICKOFF,TOUCHDOWN,00:09,11:07,PHI 25,NYG 5,3258,3558,25,33,Home,8,58,14,41,1,outdoors,grass,51,5,Nick Sirianni,Brian Daboll,PHI00,Lincoln Financial Field,0,1,J.Hurts,1,NA,NA,A.Brown,11,1,0,1,0,1,00-0036389,NA,00-0035676,J.Hurts,1,00-0036389,A.Brown,00-0035676,A.Brown,00-0035676,0,0,1.3190872189006768,0.6147945309919608,3.069762033293955,2,0.986454810918076,0.5384153388149571,0.6635538339614868,33.64461660385132
3535,2023_16_NYG_PHI,2023122501,PHI,NYG,REG,16,PHI,home,NYG,NYG,5,2023-12-25,671,671,671,Half2,0,16,1,4,1,1,11:11,NYG 5,5,75,"(11:11) (Shotgun) 0-D.Swift right tackle for 5 yards, TOUCHDOWN.",run,5,1,0,0,0,0,0,NA,NA,NA,NA,right,tackle,NA,NA,NA,NA,2,3,0,NA,PHI,D.Swift,00-0036275,2,3,26,18,20,18,2,26,18,8,0.017176378518342972,0.011917256750166416,2.7014556690119207e-4,0.017754770815372467,0.19169476628303528,0.001076726708561182,0.7601099014282227,0,0,5.737431605171878,1.262568394828122,7.915763818135436,-7.915763818135436,0.7955748090647585,-0.7955748090647585,12.945164826183289,-12.945164826183289,NA,NA,0,0,14.179240015044343,-14.179240015044343,8.961347928998293,-8.961347928998293,15.302877993613947,-15.302877993613947,-2.161681828575267,2.161681828575267,0.8274523615837097,0.17254763841629028,0.8274523615837097,0.17254763841629028,0.024491418389771535,0.013772624863151561,0.013772624863151561,0.8519437799734813,0.14805622002651875,0.9219216108322144,0.9219216108322144,0.07633426428068546,-0.07633426428068546,0.23933369966320006,-0.23933369966320006,NA,NA,0,0,0.10360406339168549,-0.10360406339168549,0.32699247409872023,-0.32699247409872023,0.10237623751163483,-0.10237623751163483,0.13633504809907881,-0.13633504809907881,0,1,0,0,0,0,0,0,0,0,0,0,0,0,0,0,0,0,0,0,0,0,0,0,0,0,0,0,0,0,0,0,1,0,0,1,0,1,0,0,0,0,0,0,0,0,0,0,0,0,0,NA,NA,NA,NA,NA,NA,00-0036275,D.Swift,5,NA,NA,NA,NA,NA,NA,NA,NA,NA,NA,NA,NA,NA,NA,NA,NA,NA,NA,NA,NA,NA,NA,NA,NA,NA,NA,NA,NA,NA,NA,NA,NA,NA,NA,NA,NA,NA,NA,NA,NA,NA,NA,NA,NA,NA,NA,NA,NA,NA,NA,NA,NA,NA,NA,NA,NA,NA,NA,NA,NA,0,NA,NA,NA,NA,NA,NA,NA,NA,NA,NA,NA,NA,NA,NA,NA,NA,NA,NA,NA,NA,NA,NA,NA,NA,NA,NA,NA,NA,NA,NA,NA,0,NA,NA,NA,NA,0,NA,NA,0,0,0,0,NA,NA,2023,NA,NA,44,1,Touchdown,3535,"12/25/23, 16:35:39",2023-12-26T00:11:07.330Z,Lincoln Financial Field,"Cloudy Temp: 51° F, Humidity: 68%, Wind: NE 5 mph",cbaf6e72-f053-11ed-b4a7-bab79e4492fa,0,0,RUSH,0,NA,2023-12-26T00:11:11.503Z,NA,15,Touchdown,2023-12-26T00:00:35.133Z,8,4:02,5,1,1,3,4,-15,KICKOFF,TOUCHDOWN,00:09,11:07,PHI 25,NYG 5,3258,3558,25,33,Home,8,58,14,41,1,outdoors,grass,51,5,Nick Sirianni,Brian Daboll,PHI00,Lincoln Financial Field,0,1,NA,NA,D.Swift,0,NA,NA,0,1,1,0,1,NA,00-0036275,NA,D.Swift,0,00-0036275,D.Swift,00-0036275,D.Swift,00-0036275,0,0,1.262568394828122,NA,NA,NA,NA,NA,0.35108721256256104,-35.1087212562561
3558,2023_16_NYG_PHI,2023122501,PHI,NYG,REG,16,PHI,home,NYG,NYG,15,2023-12-25,667,667,667,Half2,0,16,1,4,NA,0,11:07,NYG 15,0,75,"4-J.Elliott extra point is GOOD, Center-45-R.Lovato, Holder-10-B.Mann.",extra_point,0,0,0,0,0,0,0,NA,NA,NA,NA,NA,NA,NA,33,good,NA,2,3,0,NA,NA,NA,NA,2,3,27,18,26,18,8,27,18,9,0,0,0,0,0,0,0,0.9324269968923669,0,0.9324269968923669,0.067573003107633145,7.9833368212430695,-7.9833368212430695,0.7955748090647585,-0.7955748090647585,12.945164826183289,-12.945164826183289,NA,NA,0,0,14.179240015044343,-14.179240015044343,8.961347928998293,-8.961347928998293,15.302877993613947,-15.302877993613947,-2.161681828575267,2.161681828575267,0.8519437799734813,0.14805622002651875,0.8519437799734813,0.14805622002651875,4.7394237091724634e-4,3.7561045789336056e-4,3.7561045789336056e-4,0.8524177223443985,0.1475822776556015,0.9356942356953659,0.9356942356953659,0.07633426428068546,-0.07633426428068546,0.23933369966320006,-0.23933369966320006,NA,NA,0,0,0.10360406339168549,-0.10360406339168549,0.32699247409872023,-0.32699247409872023,0.10237623751163483,-0.10237623751163483,0.13633504809907881,-0.13633504809907881,0,0,0,0,0,0,0,0,0,0,0,0,0,0,0,0,0,0,0,0,0,0,0,0,0,0,0,0,0,0,0,0,0,0,0,0,0,0,0,1,0,0,0,0,0,0,0,0,0,0,0,NA,NA,NA,NA,NA,NA,NA,NA,NA,NA,NA,NA,NA,NA,NA,NA,NA,NA,NA,NA,NA,NA,NA,NA,NA,NA,NA,NA,NA,NA,NA,J.Elliott,00-0033787,NA,NA,NA,NA,NA,NA,NA,NA,NA,NA,NA,NA,NA,NA,NA,NA,NA,NA,NA,NA,NA,NA,NA,NA,NA,NA,NA,NA,NA,NA,NA,NA,NA,NA,NA,NA,0,NA,NA,NA,NA,NA,NA,NA,NA,NA,NA,NA,NA,NA,NA,NA,NA,NA,NA,NA,NA,NA,NA,NA,NA,NA,NA,NA,NA,NA,NA,NA,0,NA,NA,NA,NA,0,NA,NA,0,0,0,0,NA,NA,2023,NA,NA,44,1,Touchdown,3558,"12/25/23, 16:35:39",2023-12-26T00:12:01Z,Lincoln Financial Field,"Cloudy Temp: 51° F, Humidity: 68%, Wind: NE 5 mph",cbaf6e72-f053-11ed-b4a7-bab79e4492fa,0,0,XP_KICK,1,NA,NA,NA,15,Touchdown,2023-12-26T00:00:35.133Z,8,4:02,5,1,1,3,4,-15,KICKOFF,TOUCHDOWN,00:09,11:07,PHI 25,NYG 5,3258,3558,25,33,Home,8,58,14,41,1,outdoors,grass,51,5,Nick Sirianni,Brian Daboll,PHI00,Lincoln Financial Field,0,1,NA,NA,NA,NA,NA,NA,0,0,0,1,0,NA,NA,NA,NA,NA,NA,NA,NA,NA,NA,0,0,0.067573003107633145,NA,NA,NA,NA,NA,NA,NA
3573,2023_16_NYG_PHI,2023122501,PHI,NYG,REG,16,NYG,away,PHI,PHI,35,2023-12-25,667,667,667,Half2,0,17,0,4,NA,0,11:07,PHI 35,0,33,"4-J.Elliott kicks 65 yards from PHI 35 to end zone, Touchback.",kickoff,0,0,0,0,0,0,0,NA,NA,NA,NA,NA,NA,NA,65,NA,NA,2,3,0,NA,NA,NA,NA,3,2,27,18,18,27,-9,18,27,-9,0.11614765226840973,0.12947680056095123,0.003064855234697461,0.20154644548892975,0.2012649029493332,0.0015394402435049415,0.3469599485397339,0,0,1.2302079985383898,-0,7.9833368212430695,-7.9833368212430695,0.7955748090647585,-0.7955748090647585,12.945164826183289,-12.945164826183289,NA,NA,0,0,14.179240015044343,-14.179240015044343,8.961347928998293,-8.961347928998293,15.302877993613947,-15.302877993613947,-2.161681828575267,2.161681828575267,0.1475822776556015,0.8524177223443985,0.8524177223443985,0.1475822776556015,-0,-0,0,0.8524177223443985,0.1475822776556015,0.06393015384674072,0.9360698461532593,0.07633426428068546,-0.07633426428068546,0.23933369966320006,-0.23933369966320006,NA,NA,0,0,0.10360406339168549,-0.10360406339168549,0.32699247409872023,-0.32699247409872023,0.10237623751163483,-0.10237623751163483,0.13633504809907881,-0.13633504809907881,0,0,0,0,0,0,0,0,0,1,0,0,0,0,0,0,0,0,0,0,0,0,0,0,0,0,0,0,0,0,0,0,0,0,0,0,0,0,0,0,0,0,1,0,0,0,0,0,0,0,0,NA,NA,NA,NA,NA,NA,NA,NA,NA,NA,NA,NA,NA,NA,NA,NA,NA,NA,NA,NA,NA,NA,NA,NA,NA,NA,NA,NA,NA,NA,NA,J.Elliott,00-0033787,NA,NA,NA,NA,NA,NA,NA,NA,NA,NA,NA,NA,NA,NA,NA,NA,NA,NA,NA,NA,NA,NA,NA,NA,NA,NA,NA,NA,NA,NA,NA,NA,NA,NA,NA,NA,0,NA,NA,NA,NA,NA,NA,NA,NA,NA,NA,NA,NA,NA,NA,NA,NA,NA,NA,NA,NA,NA,NA,NA,NA,NA,NA,NA,NA,NA,NA,NYG,0,NA,NA,NA,NA,0,NA,NA,0,0,0,0,NA,NA,2023,NA,NA,45,1,First down,3573,"12/25/23, 16:35:39",2023-12-26T00:15:09.607Z,Lincoln Financial Field,"Cloudy Temp: 51° F, Humidity: 68%, Wind: NE 5 mph",cbaf6e72-f053-11ed-b4a7-bab79e4492fa,0,0,KICK_OFF,1,NA,2023-12-26T00:15:13.843Z,NA,16,Turnover on downs,2023-12-26T00:15:09.607Z,6,2:17,1,0,0,4,4,0,KICKOFF,DOWNS,11:07,08:50,NYG 25,PHI 42,3573,3710,25,33,Home,8,58,14,41,1,outdoors,grass,51,5,Nick Sirianni,Brian Daboll,PHI00,Lincoln Financial Field,0,0,NA,NA,NA,NA,NA,NA,0,0,0,1,0,NA,NA,NA,NA,NA,NA,NA,NA,NA,NA,0,0,-0,NA,NA,NA,NA,NA,NA,NA
3596,2023_16_NYG_PHI,2023122501,PHI,NYG,REG,16,NYG,away,PHI,NYG,75,2023-12-25,667,667,667,Half2,0,17,0,4,1,0,11:07,NYG 25,10,33,(11:07) (Shotgun) 26-S.Barkley up the middle to NYG 29 for 4 yards (91-F.Cox).,run,4,1,0,0,0,0,0,NA,NA,NA,NA,middle,NA,NA,NA,NA,NA,2,3,0,NA,NA,NA,NA,3,2,27,18,18,27,-9,18,27,-9,0.11614765226840973,0.12947680056095123,0.003064855234697461,0.20154644548892975,0.2012649029493332,0.0015394402435049415,0.3469599485397339,0,0,1.2302079985383898,-0.10414672270417213,8.087483543947242,-8.087483543947242,0.8997215317689307,-0.8997215317689307,12.945164826183289,-12.945164826183289,NA,NA,0,0,14.179240015044343,-14.179240015044343,8.961347928998293,-8.961347928998293,15.302877993613947,-15.302877993613947,-2.161681828575267,2.161681828575267,0.1475822776556015,0.8524177223443985,0.8524177223443985,0.1475822776556015,-0.023301243782043457,-8.003860712051392e-4,8.003860712051392e-4,0.875718966126442,0.12428103387355804,0.06393015384674072,0.9360698461532593,0.09963550806272892,-0.09963550806272892,0.23933369966320006,-0.23933369966320006,NA,NA,0,0,0.10360406339168549,-0.10360406339168549,0.32699247409872023,-0.32699247409872023,0.10237623751163483,-0.10237623751163483,0.13633504809907881,-0.13633504809907881,0,0,0,0,0,0,0,0,0,0,0,0,0,0,0,0,0,0,0,0,0,0,0,0,1,0,0,0,0,0,0,0,1,0,0,0,0,0,0,0,0,0,0,0,0,0,0,0,0,0,0,NA,NA,NA,NA,NA,NA,00-0034844,S.Barkley,4,NA,NA,NA,NA,NA,NA,NA,NA,NA,NA,NA,NA,NA,NA,NA,NA,NA,NA,NA,NA,NA,NA,NA,NA,NA,NA,NA,NA,NA,NA,NA,NA,NA,NA,NA,NA,NA,NA,NA,NA,NA,NA,PHI,NA,00-0029653,NA,F.Cox,NA,NA,NA,NA,NA,NA,NA,NA,NA,NA,NA,NA,NA,0,NA,NA,NA,NA,NA,NA,NA,NA,NA,NA,NA,NA,NA,NA,NA,NA,NA,NA,NA,NA,NA,NA,NA,NA,NA,NA,NA,NA,NA,NA,NA,0,NA,NA,NA,NA,0,NA,NA,0,0,0,0,NA,NA,2023,NA,NA,45,1,First down,3596,"12/25/23, 16:35:39",2023-12-26T00:15:47.477Z,Lincoln Financial Field,"Cloudy Temp: 51° F, Humidity: 68%, Wind: NE 5 mph",cbaf6e72-f053-11ed-b4a7-bab79e4492fa,0,0,RUSH,0,NA,2023-12-26T00:15:51.640Z,NA,16,Turnover on downs,2023-12-26T00:15:09.607Z,6,2:17,1,0,0,4,4,0,KICKOFF,DOWNS,11:07,08:50,NYG 25,PHI 42,3573,3710,25,33,Home,8,58,14,41,1,outdoors,grass,51,5,Nick Sirianni,Brian Daboll,PHI00,Lincoln Financial Field,0,0,NA,NA,S.Barkley,26,NA,NA,0,1,0,0,1,NA,00-0034844,NA,S.Barkley,26,00-0034844,S.Barkley,00-0034844,S.Barkley,00-0034844,0,0,-0.10414672270417213,NA,NA,NA,NA,NA,0.6477499604225159,-64.77499604225159
3618,2023_16_NYG_PHI,2023122501,PHI,NYG,REG,16,NYG,away,PHI,NYG,71,2023-12-25,637,637,637,Half2,0,17,0,4,2,0,10:37,NYG 29,6,33,(10:37) (Shotgun) 2-T.Taylor pass deep left to 82-D.Bellinger to NYG 49 for 20 yards (31-K.Byard).,pass,20,1,0,1,0,0,0,deep,left,18,2,NA,NA,NA,NA,NA,NA,2,3,0,NA,NA,NA,NA,3,2,27,18,18,27,-9,18,27,-9,0.12969698011875153,0.13625267148017883,0.002964623738080263,0.19920369982719421,0.1951066106557846,0.0015146812656894326,0.3352607488632202,0,0,1.1260612758342177,1.5594283586833626,6.528055185263879,-6.528055185263879,0.8997215317689307,-0.8997215317689307,11.385736467499926,-11.385736467499926,1.5043455611448735,0.0550827975384891,1.5043455611448735,0.0550827975384891,12.67489445389947,-12.67489445389947,8.906265131459804,-8.906265131459804,13.798532432469074,-13.798532432469074,-2.216764626113756,2.216764626113756,0.12428103387355804,0.875718966126442,0.875718966126442,0.12428103387355804,0.024416208267211914,0.007871262729167938,-0.007871262729167938,0.85130275785923,0.14869724214076996,0.06312976777553558,0.9368702322244644,0.09963550806272892,-0.09963550806272892,0.21491749139598815,-0.21491749139598815,0,0.024416208267211914,0,0.024416208267211914,0.10360406339168549,-0.10360406339168549,0.3025762658315083,-0.3025762658315083,0.10237623751163483,-0.10237623751163483,0.1119188398318669,-0.1119188398318669,0,0,1,0,0,0,0,0,0,0,0,0,0,0,0,0,0,0,0,0,0,0,0,0,1,0,0,0,0,0,0,0,0,1,0,0,0,0,0,0,0,0,0,0,0,1,0,0,0,0,0,00-0028118,T.Taylor,20,00-0038115,D.Bellinger,20,NA,NA,NA,NA,NA,NA,NA,NA,NA,NA,NA,NA,NA,NA,NA,NA,NA,NA,NA,NA,NA,NA,NA,NA,NA,NA,NA,NA,NA,NA,NA,NA,NA,NA,NA,NA,NA,NA,NA,NA,NA,NA,NA,NA,NA,PHI,NA,00-0033132,NA,K.Byard,NA,NA,NA,NA,NA,NA,NA,NA,NA,NA,NA,NA,NA,0,NA,NA,NA,NA,NA,NA,NA,NA,NA,NA,NA,NA,NA,NA,NA,NA,NA,NA,NA,NA,NA,NA,NA,NA,NA,NA,NA,NA,NA,NA,NA,0,NA,NA,NA,NA,0,NA,NA,0,0,0,0,NA,NA,2023,0.5539497137069702,44.60502862930298,45,1,First down,3618,"12/25/23, 16:35:39",2023-12-26T00:16:18.077Z,Lincoln Financial Field,"Cloudy Temp: 51° F, Humidity: 68%, Wind: NE 5 mph",cbaf6e72-f053-11ed-b4a7-bab79e4492fa,0,0,PASS,0,NA,2023-12-26T00:16:22.967Z,NA,16,Turnover on downs,2023-12-26T00:15:09.607Z,6,2:17,1,0,0,4,4,0,KICKOFF,DOWNS,11:07,08:50,NYG 25,PHI 42,3573,3710,25,33,Home,8,58,14,41,1,outdoors,grass,51,5,Nick Sirianni,Brian Daboll,PHI00,Lincoln Financial Field,0,1,T.Taylor,2,NA,NA,D.Bellinger,82,1,0,1,0,1,00-0028118,NA,00-0038115,T.Taylor,2,00-0028118,D.Bellinger,00-0038115,D.Bellinger,00-0038115,0,0,1.5594283586833626,0.2935613470676415,5.11681932079955,2,1,1,0.7291842699050903,27.081573009490967
3643,2023_16_NYG_PHI,2023122501,PHI,NYG,REG,16,NYG,away,PHI,NYG,51,2023-12-25,607,607,607,Half2,0,17,0,4,1,0,10:07,NYG 49,10,33,"(10:07) (No Huddle, Shotgun) 26-S.Barkley left tackle to PHI 44 for 7 yards (39-E.Ricks).",run,7,1,1,0,0,0,0,NA,NA,NA,NA,left,tackle,NA,NA,NA,NA,2,3,0,NA,NA,NA,NA,3,2,27,18,18,27,-9,18,27,-9,0.10853385925292969,0.08692280203104019,0.001294091111049056,0.11470042914152145,0.2648901045322418,0.0017064856365323067,0.4219522774219513,0,0,2.6854896345175803,0.31896937801502645,6.209085807248853,-6.209085807248853,0.5807521537539042,-0.5807521537539042,11.385736467499926,-11.385736467499926,NA,NA,0,0,12.67489445389947,-12.67489445389947,8.906265131459804,-8.906265131459804,13.798532432469074,-13.798532432469074,-2.216764626113756,2.216764626113756,0.14869724214076996,0.85130275785923,0.85130275785923,0.14869724214076996,0.0028529763221740723,0.007546558976173401,-0.007546558976173401,0.848449781537056,0.15155021846294403,0.07100103050470352,0.9289989694952965,0.09678253174055484,-0.09678253174055484,0.21491749139598815,-0.21491749139598815,NA,NA,0,0,0.10360406339168549,-0.10360406339168549,0.3025762658315083,-0.3025762658315083,0.10237623751163483,-0.10237623751163483,0.1119188398318669,-0.1119188398318669,0,0,0,0,0,0,0,0,0,0,0,0,0,0,0,0,0,0,0,0,0,0,0,0,1,0,0,0,0,0,0,0,1,0,0,0,0,0,0,0,0,0,0,0,0,0,0,0,0,0,0,NA,NA,NA,NA,NA,NA,00-0034844,S.Barkley,7,NA,NA,NA,NA,NA,NA,NA,NA,NA,NA,NA,NA,NA,NA,NA,NA,NA,NA,NA,NA,NA,NA,NA,NA,NA,NA,NA,NA,NA,NA,NA,NA,NA,NA,NA,NA,NA,NA,NA,NA,NA,NA,PHI,NA,00-0038487,NA,E.Ricks,NA,NA,NA,NA,NA,NA,NA,NA,NA,NA,NA,NA,NA,0,NA,NA,NA,NA,NA,NA,NA,NA,NA,NA,NA,NA,NA,NA,NA,NA,NA,NA,NA,NA,NA,NA,NA,NA,NA,NA,NA,NA,NA,NA,NA,0,NA,NA,NA,NA,0,NA,NA,0,0,0,0,NA,NA,2023,NA,NA,46,0,Turnover on downs,3643,"12/25/23, 16:35:39",2023-12-26T00:16:48.007Z,Lincoln Financial Field,"Cloudy Temp: 51° F, Humidity: 68%, Wind: NE 5 mph",cbaf6e72-f053-11ed-b4a7-bab79e4492fa,0,0,RUSH,0,NA,2023-12-26T00:16:52.453Z,NA,16,Turnover on downs,2023-12-26T00:15:09.607Z,6,2:17,1,0,0,4,4,0,KICKOFF,DOWNS,11:07,08:50,NYG 25,PHI 42,3573,3710,25,33,Home,8,58,14,41,1,outdoors,grass,51,5,Nick Sirianni,Brian Daboll,PHI00,Lincoln Financial Field,0,1,NA,NA,S.Barkley,26,NA,NA,0,1,0,0,1,NA,00-0034844,NA,S.Barkley,26,00-0034844,S.Barkley,00-0034844,S.Barkley,00-0034844,0,0,0.31896937801502645,NA,NA,NA,NA,NA,0.6588016152381897,-65.88016152381897
3665,2023_16_NYG_PHI,2023122501,PHI,NYG,REG,16,NYG,away,PHI,PHI,44,2023-12-25,575,575,575,Half2,0,17,0,4,2,0,09:35,PHI 44,3,33,"(9:35) (No Huddle, Shotgun) 26-S.Barkley right guard to PHI 42 for 2 yards (53-S.Leonard; 57-B.VanSumeren).",run,2,1,1,0,0,0,0,NA,NA,NA,NA,right,guard,NA,NA,NA,NA,2,3,0,NA,NA,NA,NA,3,2,27,18,18,27,-9,18,27,-9,0.10202901810407639,0.0774516686797142,0.0011473506456241012,0.10182860493659973,0.2655256390571594,0.001758371014147997,0.45025932788848877,0,0,3.0044590125326067,-0.21620316547341645,6.425288972722269,-6.425288972722269,0.7969553192273207,-0.7969553192273207,11.385736467499926,-11.385736467499926,NA,NA,0,0,12.67489445389947,-12.67489445389947,8.906265131459804,-8.906265131459804,13.798532432469074,-13.798532432469074,-2.216764626113756,2.216764626113756,0.15155021846294403,0.848449781537056,0.848449781537056,0.15155021846294403,-0.014143288135528564,-0.001200556755065918,0.001200556755065918,0.8625930696725845,0.13740693032741547,0.07854758948087692,0.9214524105191231,0.11092581987608341,-0.11092581987608341,0.21491749139598815,-0.21491749139598815,NA,NA,0,0,0.10360406339168549,-0.10360406339168549,0.3025762658315083,-0.3025762658315083,0.10237623751163483,-0.10237623751163483,0.1119188398318669,-0.1119188398318669,0,0,0,0,0,0,0,0,0,0,0,0,0,0,0,0,0,0,0,0,0,0,0,0,0,0,0,0,0,0,0,0,1,0,0,0,0,0,0,0,0,0,0,0,0,0,1,0,0,0,0,NA,NA,NA,NA,NA,NA,00-0034844,S.Barkley,2,NA,NA,NA,NA,NA,NA,NA,NA,NA,NA,NA,NA,NA,NA,NA,NA,NA,NA,NA,NA,NA,NA,NA,NA,NA,NA,NA,NA,NA,NA,NA,NA,NA,NA,NA,NA,NA,NA,NA,NA,NA,NA,NA,NA,NA,NA,NA,NA,00-0034846,S.Leonard,PHI,00-0038489,B.VanSumeren,PHI,NA,NA,NA,NA,NA,NA,0,NA,NA,NA,NA,NA,NA,NA,NA,NA,NA,NA,NA,NA,NA,NA,NA,NA,NA,NA,NA,NA,NA,NA,NA,NA,NA,NA,NA,NA,NA,NA,0,NA,NA,NA,NA,0,NA,NA,0,0,0,0,NA,NA,2023,NA,NA,46,0,Turnover on downs,3665,"12/25/23, 16:35:39",2023-12-26T00:17:20.170Z,Lincoln Financial Field,"Cloudy Temp: 51° F, Humidity: 68%, Wind: NE 5 mph",cbaf6e72-f053-11ed-b4a7-bab79e4492fa,0,0,RUSH,0,NA,2023-12-26T00:17:25.440Z,NA,16,Turnover on downs,2023-12-26T00:15:09.607Z,6,2:17,1,0,0,4,4,0,KICKOFF,DOWNS,11:07,08:50,NYG 25,PHI 42,3573,3710,25,33,Home,8,58,14,41,1,outdoors,grass,51,5,Nick Sirianni,Brian Daboll,PHI00,Lincoln Financial Field,0,0,NA,NA,S.Barkley,26,NA,NA,0,1,0,0,1,NA,00-0034844,NA,S.Barkley,26,00-0034844,S.Barkley,00-0034844,S.Barkley,00-0034844,0,0,-0.21620316547341645,NA,NA,NA,NA,NA,0.5044506788253784,-50.44506788253784
3687,2023_16_NYG_PHI,2023122501,PHI,NYG,REG,16,NYG,away,PHI,PHI,42,2023-12-25,539,539,539,Half2,0,17,0,4,3,0,08:59,PHI 42,1,33,(8:59) 2-T.Taylor pass incomplete deep left to 12-D.Waller [7-H.Reddick].,pass,0,0,0,1,0,0,0,deep,left,16,NA,NA,NA,NA,NA,NA,NA,2,3,0,NA,NA,NA,NA,3,2,27,18,18,27,-9,18,27,-9,0.11192049831151962,0.08828127384185791,0.0011821216903626919,0.10669339448213577,0.25803813338279724,0.0017977477982640266,0.4320868253707886,0,0,2.7882558470591903,-1.4863980836234987,7.911687056345768,-7.911687056345768,0.7969553192273207,-0.7969553192273207,12.872134551123425,-12.872134551123425,1.4507708842866123,-2.937168967910111,0,0,12.67489445389947,-12.67489445389947,8.906265131459804,-8.906265131459804,12.347761548182461,-12.347761548182461,0.7204043417963548,-0.7204043417963548,0.13740693032741547,0.8625930696725845,0.8625930696725845,0.13740693032741547,-0.035790763795375824,-0.018653109669685364,0.018653109669685364,0.8983838334679604,0.10161616653203964,0.077347032725811,0.922652967274189,0.11092581987608341,-0.11092581987608341,0.25070825519136397,-0.25070825519136397,0,-0.035790763795375824,0,0,0.10360406339168549,-0.10360406339168549,0.3025762658315083,-0.3025762658315083,0.10237623751163483,-0.10237623751163483,0.14770960362724272,-0.14770960362724272,0,0,0,0,0,1,0,0,1,0,0,0,0,0,0,0,0,0,0,0,0,0,0,0,0,0,0,0,0,0,0,1,0,1,0,0,0,0,0,0,0,0,0,0,0,0,0,0,0,0,0,00-0028118,T.Taylor,NA,00-0031610,D.Waller,NA,NA,NA,NA,NA,NA,NA,NA,NA,NA,NA,NA,NA,NA,NA,NA,NA,NA,NA,NA,NA,NA,NA,NA,NA,NA,NA,NA,NA,NA,NA,NA,NA,NA,NA,NA,00-0033875,H.Reddick,NA,NA,NA,NA,NA,NA,NA,NA,NA,NA,NA,NA,NA,NA,NA,NA,NA,NA,NA,NA,NA,NA,NA,NA,NA,NA,0,NA,NA,NA,NA,NA,NA,NA,NA,NA,NA,NA,NA,NA,NA,NA,NA,NA,NA,NA,NA,NA,NA,NA,NA,NA,NA,NA,NA,NA,NA,NA,0,NA,NA,NA,NA,0,NA,NA,0,0,0,0,NA,NA,2023,0.4177713990211487,-41.77713990211487,46,0,Turnover on downs,3687,"12/25/23, 16:35:39",2023-12-26T00:17:55.440Z,Lincoln Financial Field,"Cloudy Temp: 51° F, Humidity: 68%, Wind: NE 5 mph",cbaf6e72-f053-11ed-b4a7-bab79e4492fa,0,0,PASS,0,NA,2023-12-26T00:18:00.610Z,NA,16,Turnover on downs,2023-12-26T00:15:09.607Z,6,2:17,1,0,0,4,4,0,KICKOFF,DOWNS,11:07,08:50,NYG 25,PHI 42,3573,3710,25,33,Home,8,58,14,41,1,outdoors,grass,51,5,Nick Sirianni,Brian Daboll,PHI00,Lincoln Financial Field,0,0,T.Taylor,2,NA,NA,D.Waller,12,1,0,0,0,1,00-0028118,NA,00-0031610,T.Taylor,2,00-0028118,D.Waller,00-0031610,D.Waller,00-0031610,0,0,-1.4863980836234987,0.514344773755234,6.494998587528244,2,1,1,0.33283719420433044,66.71628057956696
3710,2023_16_NYG_PHI,2023122501,PHI,NYG,REG,16,NYG,away,PHI,PHI,42,2023-12-25,533,533,533,Half2,0,17,0,4,4,0,08:53,PHI 42,1,33,(8:53) (Shotgun) 2-T.Taylor pass incomplete short right to 17-W.Robinson.,pass,0,1,0,1,0,0,0,short,right,0,NA,NA,NA,NA,NA,NA,NA,2,3,0,NA,NA,NA,NA,3,2,27,18,18,27,-9,18,27,-9,0.15101008117198944,0.1390903741121292,0.0016284948214888573,0.1826283484697342,0.1658221334218979,0.0030852367635816336,0.35673534870147705,0,0,1.3018577634356916,-3.2176594380289316,11.1293464943747,-11.1293464943747,0.7969553192273207,-0.7969553192273207,16.089793989152355,-16.089793989152355,-3.0230484940111637,-0.1946109440177679,0,0,12.67489445389947,-12.67489445389947,8.906265131459804,-8.906265131459804,15.370810042193625,-15.370810042193625,0.9150152858141227,-0.9150152858141227,0.10161616653203964,0.8983838334679604,0.8983838334679604,0.10161616653203964,-0.03393056243658066,-0.02936653047800064,0.02936653047800064,0.932314395904541,0.06768560409545898,0.05869392305612564,0.9413060769438744,0.11092581987608341,-0.11092581987608341,0.28463881762794463,-0.28463881762794463,0.6310715451836586,-0.6650021076202393,0,0,0.10360406339168549,-0.10360406339168549,0.3025762658315083,-0.3025762658315083,-0.5286953076720238,0.5286953076720238,0.812711711247482,-0.812711711247482,0,0,0,0,0,0,0,1,1,0,0,0,0,0,0,0,0,0,0,0,0,0,0,0,0,0,0,0,0,0,0,0,0,1,0,0,0,0,0,0,0,0,0,0,0,0,0,0,0,0,0,00-0028118,T.Taylor,NA,00-0038117,W.Robinson,NA,NA,NA,NA,NA,NA,NA,NA,NA,NA,NA,NA,NA,NA,NA,NA,NA,NA,NA,NA,NA,NA,NA,NA,NA,NA,NA,NA,NA,NA,NA,NA,NA,NA,NA,NA,NA,NA,NA,NA,NA,NA,NA,NA,NA,NA,NA,NA,NA,NA,NA,NA,NA,NA,NA,NA,NA,NA,NA,NA,NA,NA,NA,NA,0,NA,NA,NA,NA,NA,NA,NA,NA,NA,NA,NA,NA,NA,NA,NA,NA,NA,NA,NA,NA,NA,NA,NA,NA,NA,NA,NA,NA,NA,NA,NA,0,NA,NA,NA,NA,0,NA,NA,0,0,0,0,NA,NA,2023,0.7122986912727356,-71.22986912727356,46,0,Turnover on downs,3710,"12/25/23, 16:35:39",2023-12-26T00:18:41Z,Lincoln Financial Field,"Cloudy Temp: 51° F, Humidity: 68%, Wind: NE 5 mph",cbaf6e72-f053-11ed-b4a7-bab79e4492fa,0,0,PASS,0,NA,NA,NA,16,Turnover on downs,2023-12-26T00:15:09.607Z,6,2:17,1,0,0,4,4,0,KICKOFF,DOWNS,11:07,08:50,NYG 25,PHI 42,3573,3710,25,33,Home,8,58,14,41,1,outdoors,grass,51,5,Nick Sirianni,Brian Daboll,PHI00,Lincoln Financial Field,0,0,T.Taylor,2,NA,NA,W.Robinson,17,1,0,0,0,1,00-0028118,NA,00-0038117,T.Taylor,2,00-0028118,W.Robinson,00-0038117,W.Robinson,00-0038117,0,0,-3.2176594380289316,4.522307448142574,6.8929483542451635,5,0.8309224984259345,0.8309224984259345,0.3694702088832855,63.05297911167145
3733,2023_16_NYG_PHI,2023122501,PHI,NYG,REG,16,PHI,home,NYG,PHI,58,2023-12-25,530,530,530,Half2,0,18,0,4,1,0,08:50,PHI 42,10,32,(8:50) (Shotgun) 0-D.Swift right tackle to PHI 46 for 4 yards (91-As.Robinson; 41-M.McFadden).,run,4,1,0,0,0,0,0,NA,NA,NA,NA,right,tackle,NA,NA,NA,NA,2,3,0,NA,NA,NA,NA,2,3,27,18,27,18,9,27,18,9,0.15777193009853363,0.08645900338888168,0.001155902398750186,0.1500994712114334,0.24351972341537476,0.005866051651537418,0.3551279306411743,0,0,1.91580167459324,-0.08030233555473387,11.049044158819965,-11.049044158819965,0.7166529836725868,-0.7166529836725868,16.089793989152355,-16.089793989152355,NA,NA,0,0,12.67489445389947,-12.67489445389947,8.906265131459804,-8.906265131459804,15.370810042193625,-15.370810042193625,0.9150152858141227,-0.9150152858141227,0.932314395904541,0.06768560409545898,0.932314395904541,0.06768560409545898,0.012871623039245605,0.003179788589477539,0.003179788589477539,0.9451860189437866,0.05481398105621338,0.970672607421875,0.970672607421875,0.12379744291532901,-0.12379744291532901,0.28463881762794463,-0.28463881762794463,NA,NA,0,0,0.10360406339168549,-0.10360406339168549,0.3025762658315083,-0.3025762658315083,-0.5286953076720238,0.5286953076720238,0.812711711247482,-0.812711711247482,0,0,0,0,0,0,0,0,0,0,0,0,0,0,0,0,0,0,0,0,0,0,0,0,0,0,0,0,0,0,0,0,1,0,0,0,0,0,0,0,0,0,0,0,0,0,1,0,0,0,0,NA,NA,NA,NA,NA,NA,00-0036275,D.Swift,4,NA,NA,NA,NA,NA,NA,NA,NA,NA,NA,NA,NA,NA,NA,NA,NA,NA,NA,NA,NA,NA,NA,NA,NA,NA,NA,NA,NA,NA,NA,NA,NA,NA,NA,NA,NA,NA,NA,NA,NA,NA,NA,NA,NA,NA,NA,NA,NA,00-0032889,As.Robinson,NYG,00-0037259,M.McFadden,NYG,NA,NA,NA,NA,NA,NA,0,NA,NA,NA,NA,NA,NA,NA,NA,NA,NA,NA,NA,NA,NA,NA,NA,NA,NA,NA,NA,NA,NA,NA,NA,NA,NA,NA,NA,NA,NA,NA,0,NA,NA,NA,NA,0,NA,NA,0,0,0,0,NA,NA,2023,NA,NA,47,1,First down,3733,"12/25/23, 16:35:39",2023-12-26T00:21:44.667Z,Lincoln Financial Field,"Cloudy Temp: 51° F, Humidity: 68%, Wind: NE 5 mph",cbaf6e72-f053-11ed-b4a7-bab79e4492fa,0,0,RUSH,0,NA,2023-12-26T00:21:48.440Z,NA,17,Field goal,2023-12-26T00:21:44.667Z,7,2:46,1,0,1,4,4,0,DOWNS,FIELD_GOAL,08:50,06:04,PHI 42,NYG 26,3733,3899,25,33,Home,8,58,14,41,1,outdoors,grass,51,5,Nick Sirianni,Brian Daboll,PHI00,Lincoln Financial Field,0,0,NA,NA,D.Swift,0,NA,NA,0,1,0,0,1,NA,00-0036275,NA,D.Swift,0,00-0036275,D.Swift,00-0036275,D.Swift,00-0036275,0,0,-0.08030233555473387,NA,NA,NA,NA,NA,0.33083024621009827,-33.08302462100983
3762,2023_16_NYG_PHI,2023122501,PHI,NYG,REG,16,PHI,home,NYG,PHI,54,2023-12-25,488,488,488,Half2,0,18,0,4,2,0,08:08,PHI 46,6,32,(8:08) (Shotgun) 0-D.Swift left guard to PHI 49 for 3 yards (41-M.McFadden).,run,3,1,0,0,0,0,0,NA,NA,NA,NA,left,guard,NA,NA,NA,NA,2,3,0,NA,NA,NA,NA,2,3,27,18,27,18,9,27,18,9,0.18615536391735077,0.08406373858451843,0.001133209909312427,0.14565666019916534,0.2346843034029007,0.006529289297759533,0.3417774438858032,0,0,1.8354993390385062,-0.21644479595124722,10.832599362868718,-10.832599362868718,0.5002081877213396,-0.5002081877213396,16.089793989152355,-16.089793989152355,NA,NA,0,0,12.67489445389947,-12.67489445389947,8.906265131459804,-8.906265131459804,15.370810042193625,-15.370810042193625,0.9150152858141227,-0.9150152858141227,0.9451860189437866,0.05481398105621338,0.9451860189437866,0.05481398105621338,0.006284117698669434,6.941556930541992e-4,6.941556930541992e-4,0.951470136642456,0.048529863357543945,0.9738523960113525,0.9738523960113525,0.13008156061399845,-0.13008156061399845,0.28463881762794463,-0.28463881762794463,NA,NA,0,0,0.10360406339168549,-0.10360406339168549,0.3025762658315083,-0.3025762658315083,-0.5286953076720238,0.5286953076720238,0.812711711247482,-0.812711711247482,0,0,0,0,0,0,0,0,0,0,0,0,0,0,0,0,0,0,0,0,0,0,0,0,1,0,0,0,0,0,0,0,1,0,0,0,0,0,0,0,0,0,0,0,0,0,0,0,0,0,0,NA,NA,NA,NA,NA,NA,00-0036275,D.Swift,3,NA,NA,NA,NA,NA,NA,NA,NA,NA,NA,NA,NA,NA,NA,NA,NA,NA,NA,NA,NA,NA,NA,NA,NA,NA,NA,NA,NA,NA,NA,NA,NA,NA,NA,NA,NA,NA,NA,NA,NA,NA,NA,NYG,NA,00-0037259,NA,M.McFadden,NA,NA,NA,NA,NA,NA,NA,NA,NA,NA,NA,NA,NA,0,NA,NA,NA,NA,NA,NA,NA,NA,NA,NA,NA,NA,NA,NA,NA,NA,NA,NA,NA,NA,NA,NA,NA,NA,NA,NA,NA,NA,NA,NA,NA,0,NA,NA,NA,NA,0,NA,NA,0,0,0,0,NA,NA,2023,NA,NA,47,1,First down,3762,"12/25/23, 16:35:39",2023-12-26T00:22:26.477Z,Lincoln Financial Field,"Cloudy Temp: 51° F, Humidity: 68%, Wind: NE 5 mph",cbaf6e72-f053-11ed-b4a7-bab79e4492fa,0,0,RUSH,0,NA,2023-12-26T00:22:29.970Z,NA,17,Field goal,2023-12-26T00:21:44.667Z,7,2:46,1,0,1,4,4,0,DOWNS,FIELD_GOAL,08:50,06:04,PHI 42,NYG 26,3733,3899,25,33,Home,8,58,14,41,1,outdoors,grass,51,5,Nick Sirianni,Brian Daboll,PHI00,Lincoln Financial Field,0,0,NA,NA,D.Swift,0,NA,NA,0,1,0,0,1,NA,00-0036275,NA,D.Swift,0,00-0036275,D.Swift,00-0036275,D.Swift,00-0036275,0,0,-0.21644479595124722,NA,NA,NA,NA,NA,0.4984354078769684,-49.84354078769684
3784,2023_16_NYG_PHI,2023122501,PHI,NYG,REG,16,PHI,home,NYG,PHI,51,2023-12-25,446,446,446,Half2,0,18,0,4,3,0,07:26,PHI 49,3,32,(7:26) (Shotgun) 1-J.Hurts pass short right to 88-D.Goedert pushed ob at NYG 30 for 21 yards (44-N.McCloud).,pass,21,1,0,1,0,0,0,short,right,3,18,NA,NA,NA,NA,NA,NA,2,3,0,NA,NA,NA,NA,2,3,27,18,27,18,9,27,18,9,0.20466922223567963,0.08719167858362198,0.0010178381344303489,0.15224723517894745,0.2252608984708786,0.006935690063983202,0.3226774036884308,0,0,1.619054543087259,2.050505174905993,12.883104537774711,-12.883104537774711,0.5002081877213396,-0.5002081877213396,18.140299164058348,-18.140299164058348,0.9004201244097203,1.1500850504962727,0.9004201244097203,1.1500850504962727,13.57531457830919,-13.57531457830919,10.056350181956077,-10.056350181956077,16.271230166603345,-16.271230166603345,2.0651003363103957,-2.0651003363103957,0.951470136642456,0.048529863357543945,0.951470136642456,0.048529863357543945,0.011760592460632324,0.009961962699890137,0.009961962699890137,0.9632307291030884,0.03676927089691162,0.9745465517044067,0.9745465517044067,0.13008156061399845,-0.13008156061399845,0.29639941008857695,-0.29639941008857695,0,0.011760592460632324,0,0.011760592460632324,0.10360406339168549,-0.10360406339168549,0.31433685829214064,-0.31433685829214064,-0.5286953076720238,0.5286953076720238,0.8244723037081143,-0.8244723037081143,0,0,1,0,1,0,0,0,0,0,0,0,0,0,0,0,0,0,0,0,0,0,0,0,1,0,0,0,0,0,0,0,0,1,0,0,0,0,0,0,0,0,0,0,0,1,0,0,0,0,0,00-0036389,J.Hurts,21,00-0034351,D.Goedert,21,NA,NA,NA,NA,NA,NA,NA,NA,NA,NA,NA,NA,NA,NA,NA,NA,NA,NA,NA,NA,NA,NA,NA,NA,NA,NA,NA,NA,NA,NA,NA,NA,NA,NA,NA,NA,NA,NA,NA,NA,NA,NA,NA,NA,NA,NYG,NA,00-0036589,NA,N.McCloud,NA,NA,NA,NA,NA,NA,NA,NA,NA,NA,NA,NA,NA,0,NA,NA,NA,NA,NA,NA,NA,NA,NA,NA,NA,NA,NA,NA,NA,NA,NA,NA,NA,NA,NA,NA,NA,NA,NA,NA,NA,NA,NA,NA,NA,0,NA,NA,NA,NA,0,NA,NA,0,0,0,0,NA,NA,2023,0.6769446134567261,32.30553865432739,47,1,First down,3784,"12/25/23, 16:35:39",2023-12-26T00:23:08.753Z,Lincoln Financial Field,"Cloudy Temp: 51° F, Humidity: 68%, Wind: NE 5 mph",cbaf6e72-f053-11ed-b4a7-bab79e4492fa,0,0,PASS,0,NA,2023-12-26T00:23:15.593Z,NA,17,Field goal,2023-12-26T00:21:44.667Z,7,2:46,1,0,1,4,4,0,DOWNS,FIELD_GOAL,08:50,06:04,PHI 42,NYG 26,3733,3899,25,33,Home,8,58,14,41,1,outdoors,grass,51,5,Nick Sirianni,Brian Daboll,PHI00,Lincoln Financial Field,0,1,J.Hurts,1,NA,NA,D.Goedert,88,1,0,1,0,1,00-0036389,NA,00-0034351,J.Hurts,1,00-0036389,D.Goedert,00-0034351,D.Goedert,00-0034351,1,0,2.050505174905993,0.31087937388034503,4.958061430923408,3,0.9818940156837925,0.9818940156837925,0.8559340238571167,14.40659761428833
3814,2023_16_NYG_PHI,2023122501,PHI,NYG,REG,16,PHI,home,NYG,NYG,30,2023-12-25,406,406,406,Half2,0,18,0,4,1,0,06:46,NYG 30,10,32,(6:46) (Shotgun) 1-J.Hurts right end to NYG 34 for -4 yards (24-D.Belton).,run,-4,1,0,0,0,0,0,NA,NA,NA,NA,right,end,NA,NA,NA,NA,2,3,0,NA,NA,NA,NA,2,3,27,18,27,18,9,27,18,9,0.10172953456640244,0.03076344169676304,3.728852025233209e-4,0.06283038854598999,0.3555004298686981,0.0011432076571509242,0.4476601183414459,0,0,3.669559717993252,-1.0507569600595161,11.832347577715195,-11.832347577715195,-0.5505487723381766,0.5505487723381766,18.140299164058348,-18.140299164058348,NA,NA,0,0,13.57531457830919,-13.57531457830919,10.056350181956077,-10.056350181956077,16.271230166603345,-16.271230166603345,2.0651003363103957,-2.0651003363103957,0.9632307291030884,0.03676927089691162,0.9632307291030884,0.03676927089691162,-0.011031150817871094,-0.004236876964569092,-0.004236876964569092,0.9521995782852173,0.047800421714782715,0.9845085144042969,0.9845085144042969,0.11905040979612735,-0.11905040979612735,0.29639941008857695,-0.29639941008857695,NA,NA,0,0,0.10360406339168549,-0.10360406339168549,0.31433685829214064,-0.31433685829214064,-0.5286953076720238,0.5286953076720238,0.8244723037081143,-0.8244723037081143,0,0,0,0,0,0,0,0,0,0,0,0,0,0,0,0,0,0,0,0,0,0,0,0,1,0,0,1,0,0,0,0,1,0,0,0,0,0,0,0,0,0,0,0,0,0,0,0,0,0,0,NA,NA,NA,NA,NA,NA,00-0036389,J.Hurts,-4,NA,NA,NA,NA,NA,NA,NA,NA,NA,NA,NA,NA,NA,NA,NA,NA,NA,NA,NA,NA,NA,NA,NA,NA,NA,NA,NA,NA,00-0038123,D.Belton,NA,NA,NA,NA,NA,NA,NA,NA,NA,NA,NA,NA,NYG,NA,00-0038123,NA,D.Belton,NA,NA,NA,NA,NA,NA,NA,NA,NA,NA,NA,NA,NA,0,NA,NA,NA,NA,NA,NA,NA,NA,NA,NA,NA,NA,NA,NA,NA,NA,NA,NA,NA,NA,NA,NA,NA,NA,NA,NA,NA,NA,NA,NA,NA,0,NA,NA,NA,NA,0,NA,NA,0,0,0,0,NA,NA,2023,NA,NA,48,0,Field goal,3814,"12/25/23, 16:35:39",2023-12-26T00:23:53.597Z,Lincoln Financial Field,"Cloudy Temp: 51° F, Humidity: 68%, Wind: NE 5 mph",cbaf6e72-f053-11ed-b4a7-bab79e4492fa,0,0,RUSH,0,NA,2023-12-26T00:23:58.537Z,NA,17,Field goal,2023-12-26T00:21:44.667Z,7,2:46,1,0,1,4,4,0,DOWNS,FIELD_GOAL,08:50,06:04,PHI 42,NYG 26,3733,3899,25,33,Home,8,58,14,41,1,outdoors,grass,51,5,Nick Sirianni,Brian Daboll,PHI00,Lincoln Financial Field,0,0,NA,NA,J.Hurts,1,NA,NA,0,1,0,0,1,NA,00-0036389,NA,J.Hurts,1,00-0036389,J.Hurts,00-0036389,J.Hurts,00-0036389,0,0,-1.0507569600595161,NA,NA,NA,NA,NA,0.23616419732570648,-23.616419732570648
3847,2023_16_NYG_PHI,2023122501,PHI,NYG,REG,16,PHI,home,NYG,NYG,34,2023-12-25,379,379,379,Half2,0,18,0,4,2,0,06:19,NYG 34,14,32,(6:19) (Shotgun) 14-K.Gainwell left tackle to NYG 26 for 8 yards (98-D.Davidson).,run,8,1,0,0,0,0,0,NA,NA,NA,NA,left,tackle,NA,NA,NA,NA,2,3,0,NA,NA,NA,NA,2,3,27,18,27,18,9,27,18,9,0.13075658679008484,0.04832015186548233,5.539993289858103e-4,0.08861265331506729,0.43197450041770935,0.0018476967234164476,0.2979344129562378,0,0,2.618802757933736,0.4764387275208719,12.308786305236067,-12.308786305236067,-0.07411004481730465,0.07411004481730465,18.140299164058348,-18.140299164058348,NA,NA,0,0,13.57531457830919,-13.57531457830919,10.056350181956077,-10.056350181956077,16.271230166603345,-16.271230166603345,2.0651003363103957,-2.0651003363103957,0.9521995782852173,0.047800421714782715,0.9521995782852173,0.047800421714782715,0.0038911104202270508,5.645155906677246e-4,5.645155906677246e-4,0.9560906887054443,0.043909311294555664,0.9802716374397278,0.9802716374397278,0.1229415202163544,-0.1229415202163544,0.29639941008857695,-0.29639941008857695,NA,NA,0,0,0.10360406339168549,-0.10360406339168549,0.31433685829214064,-0.31433685829214064,-0.5286953076720238,0.5286953076720238,0.8244723037081143,-0.8244723037081143,0,0,0,0,0,0,0,0,0,0,0,0,0,0,0,0,0,0,0,0,0,0,0,0,1,0,0,0,0,0,0,0,1,0,0,0,0,0,0,0,0,0,0,0,0,0,0,0,0,0,0,NA,NA,NA,NA,NA,NA,00-0036919,K.Gainwell,8,NA,NA,NA,NA,NA,NA,NA,NA,NA,NA,NA,NA,NA,NA,NA,NA,NA,NA,NA,NA,NA,NA,NA,NA,NA,NA,NA,NA,NA,NA,NA,NA,NA,NA,NA,NA,NA,NA,NA,NA,NA,NA,NYG,NA,00-0037260,NA,D.Davidson,NA,NA,NA,NA,NA,NA,NA,NA,NA,NA,NA,NA,NA,0,NA,NA,NA,NA,NA,NA,NA,NA,NA,NA,NA,NA,NA,NA,NA,NA,NA,NA,NA,NA,NA,NA,NA,NA,NA,NA,NA,NA,NA,NA,NA,0,NA,NA,NA,NA,0,NA,NA,0,0,0,0,NA,NA,2023,NA,NA,48,0,Field goal,3847,"12/25/23, 16:35:39",2023-12-26T00:24:55.527Z,Lincoln Financial Field,"Cloudy Temp: 51° F, Humidity: 68%, Wind: NE 5 mph",cbaf6e72-f053-11ed-b4a7-bab79e4492fa,0,0,RUSH,0,NA,2023-12-26T00:25:00.583Z,NA,17,Field goal,2023-12-26T00:21:44.667Z,7,2:46,1,0,1,4,4,0,DOWNS,FIELD_GOAL,08:50,06:04,PHI 42,NYG 26,3733,3899,25,33,Home,8,58,14,41,1,outdoors,grass,51,5,Nick Sirianni,Brian Daboll,PHI00,Lincoln Financial Field,0,1,NA,NA,K.Gainwell,14,NA,NA,0,1,0,0,1,NA,00-0036919,NA,K.Gainwell,14,00-0036919,K.Gainwell,00-0036919,K.Gainwell,00-0036919,0,0,0.4764387275208719,NA,NA,NA,NA,NA,0.7596234083175659,-75.96234083175659
3881,2023_16_NYG_PHI,2023122501,PHI,NYG,REG,16,NA,NA,NA,NA,NA,2023-12-25,374,374,374,Half2,0,18,0,4,NA,0,06:14,NYG 26,0,32,Timeout #1 by NYG at 06:14.,no_play,0,0,0,0,0,0,0,NA,NA,NA,NA,NA,NA,NA,NA,NA,NA,2,2,1,NYG,NA,NA,NA,NA,NA,27,18,NA,NA,NA,NA,NA,NA,0,0,0,0,0,0,0,0,0,3.0952414854546078,0,12.308786305236067,-12.308786305236067,-0.07411004481730465,0.07411004481730465,18.140299164058348,-18.140299164058348,NA,NA,0,0,13.57531457830919,-13.57531457830919,10.056350181956077,-10.056350181956077,16.271230166603345,-16.271230166603345,2.0651003363103957,-2.0651003363103957,0.9560906887054443,0.043909311294555664,0.9560906887054443,0.043909311294555664,0,0,0,NA,NA,0.9808361530303955,0.9808361530303955,0.1229415202163544,-0.1229415202163544,0.29639941008857695,-0.29639941008857695,NA,NA,0,0,0.10360406339168549,-0.10360406339168549,0.31433685829214064,-0.31433685829214064,-0.5286953076720238,0.5286953076720238,0.8244723037081143,-0.8244723037081143,0,0,0,0,0,0,0,0,0,0,0,0,0,0,0,0,0,0,0,0,0,0,0,0,0,0,0,0,0,0,0,0,0,0,0,0,0,0,0,0,0,0,0,0,0,0,0,0,0,0,0,NA,NA,NA,NA,NA,NA,NA,NA,NA,NA,NA,NA,NA,NA,NA,NA,NA,NA,NA,NA,NA,NA,NA,NA,NA,NA,NA,NA,NA,NA,NA,NA,NA,NA,NA,NA,NA,NA,NA,NA,NA,NA,NA,NA,NA,NA,NA,NA,NA,NA,NA,NA,NA,NA,NA,NA,NA,NA,NA,NA,NA,NA,NA,NA,NA,NA,NA,NA,NA,0,NA,NA,NA,NA,NA,NA,NA,NA,NA,NA,NA,NA,NA,NA,NA,NA,NA,NA,NA,NA,NA,NA,NA,NA,NA,NA,NA,NA,NA,NA,NA,0,NA,NA,NA,NA,0,NA,NA,0,0,0,0,NA,NA,2023,NA,NA,48,0,Field goal,3858,"12/25/23, 16:35:39",2023-12-26T00:25:29Z,Lincoln Financial Field,"Cloudy Temp: 51° F, Humidity: 68%, Wind: NE 5 mph",cbaf6e72-f053-11ed-b4a7-bab79e4492fa,0,0,TIMEOUT,0,NA,NA,NA,17,Field goal,2023-12-26T00:21:44.667Z,7,2:46,1,0,1,4,4,0,DOWNS,FIELD_GOAL,08:50,06:04,PHI 42,NYG 26,3733,3899,25,33,Home,8,58,14,41,1,outdoors,grass,51,5,Nick Sirianni,Brian Daboll,PHI00,Lincoln Financial Field,0,0,NA,NA,NA,NA,NA,NA,0,0,0,0,0,NA,NA,NA,NA,NA,NA,NA,NA,NA,NA,0,0,0,NA,NA,NA,NA,NA,NA,NA
3869,2023_16_NYG_PHI,2023122501,PHI,NYG,REG,16,PHI,home,NYG,NYG,26,2023-12-25,374,374,374,Half2,0,18,0,4,3,0,06:14,NYG 26,6,32,(6:14) (Shotgun) 1-J.Hurts pass incomplete short right to 80-J.Jones.,pass,0,1,0,1,0,0,0,short,right,8,NA,NA,NA,NA,NA,NA,NA,2,2,0,NA,NA,NA,NA,2,2,27,18,27,18,9,27,18,9,0.10096362233161926,0.03718549758195877,3.6361542879603803e-4,0.05593089386820793,0.5086068511009216,0.0010851493570953608,0.29586437344551086,0,0,3.0952414854546078,-1.0544672125823844,11.254319092653683,-11.254319092653683,-0.07411004481730465,0.07411004481730465,17.085831951475964,-17.085831951475964,1.4149677475797944,-2.469434960162179,0,0,13.57531457830919,-13.57531457830919,10.056350181956077,-10.056350181956077,17.68619791418314,-17.68619791418314,-0.4043346238517833,0.4043346238517833,0.9560906887054443,0.043909311294555664,0.9560906887054443,0.043909311294555664,-0.011786222457885742,-0.0030625462532043457,-0.0030625462532043457,0.9443044662475586,0.055695533752441406,0.9808361530303955,0.9808361530303955,0.1229415202163544,-0.1229415202163544,0.2846131876306912,-0.2846131876306912,0,-0.011786222457885742,0,0,0.10360406339168549,-0.10360406339168549,0.31433685829214064,-0.31433685829214064,-0.5286953076720238,0.5286953076720238,0.8126860812502286,-0.8126860812502286,0,0,0,0,0,1,0,0,1,0,0,0,0,0,0,0,0,0,0,0,0,0,0,0,0,0,0,0,0,0,0,0,0,1,0,0,0,0,0,0,0,0,0,0,0,0,0,0,0,0,0,00-0036389,J.Hurts,NA,00-0027944,J.Jones,NA,NA,NA,NA,NA,NA,NA,NA,NA,NA,NA,NA,NA,NA,NA,NA,NA,NA,NA,NA,NA,NA,NA,NA,NA,NA,NA,NA,NA,NA,NA,NA,NA,NA,NA,NA,NA,NA,NA,NA,NA,NA,NA,NA,NA,NA,NA,NA,NA,NA,NA,NA,NA,NA,NA,NA,NA,NA,NA,NA,NA,NA,NA,NA,0,NA,NA,NA,NA,NA,NA,NA,NA,NA,NA,NA,NA,NA,NA,NA,NA,NA,NA,NA,NA,NA,NA,NA,NA,NA,NA,NA,NA,NA,NA,NA,0,NA,NA,NA,NA,0,NA,NA,0,0,0,0,NA,NA,2023,0.6171724200248718,-61.71724200248718,48,0,Field goal,3869,"12/25/23, 16:35:39",2023-12-26T00:26:44.737Z,Lincoln Financial Field,"Cloudy Temp: 51° F, Humidity: 68%, Wind: NE 5 mph",cbaf6e72-f053-11ed-b4a7-bab79e4492fa,0,0,PASS,0,NA,2023-12-26T00:26:50.440Z,NA,17,Field goal,2023-12-26T00:21:44.667Z,7,2:46,1,0,1,4,4,0,DOWNS,FIELD_GOAL,08:50,06:04,PHI 42,NYG 26,3733,3899,25,33,Home,8,58,14,41,1,outdoors,grass,51,5,Nick Sirianni,Brian Daboll,PHI00,Lincoln Financial Field,0,0,J.Hurts,1,NA,NA,J.Jones,80,1,0,0,0,1,00-0036389,NA,00-0027944,J.Hurts,1,00-0036389,J.Jones,00-0027944,J.Jones,00-0027944,0,0,-1.0544672125823844,0.21002853734466242,2.8653325853520073,1,0.9984789825684857,0.9984789825684857,0.901174008846283,9.882599115371704
3899,2023_16_NYG_PHI,2023122501,PHI,NYG,REG,16,PHI,home,NYG,NYG,26,2023-12-25,368,368,368,Half2,0,18,1,4,4,0,06:08,NYG 26,6,32,"(6:08) 4-J.Elliott 44 yard field goal is GOOD, Center-45-R.Lovato, Holder-10-B.Mann.",field_goal,0,0,0,0,0,0,0,NA,NA,NA,NA,NA,NA,made,44,NA,NA,2,2,0,NA,NA,NA,NA,2,2,30,18,27,18,9,30,18,12,0.06407484227154925,0.045157543227230874,8.985784366671001e-4,0.06010974232437431,0.801986475525182,3.113851544609475e-4,0.027461436973343255,0,0,2.0407742728722233,0.9592257271277767,12.21354481978146,-12.21354481978146,-0.07411004481730465,0.07411004481730465,17.085831951475964,-17.085831951475964,NA,NA,0,0,13.57531457830919,-13.57531457830919,10.056350181956077,-10.056350181956077,17.68619791418314,-17.68619791418314,-0.4043346238517833,0.4043346238517833,0.9443044662475586,0.055695533752441406,0.9443044662475586,0.055695533752441406,0.010415971279144287,-0.0016259271651506424,-0.0016259271651506424,0.9547204375267029,0.04527956247329712,0.9777736067771912,0.9777736067771912,0.1229415202163544,-0.1229415202163544,0.2846131876306912,-0.2846131876306912,NA,NA,0,0,0.10360406339168549,-0.10360406339168549,0.31433685829214064,-0.31433685829214064,-0.5286953076720238,0.5286953076720238,0.8126860812502286,-0.8126860812502286,0,0,0,0,0,0,0,0,0,0,0,0,0,0,0,0,0,0,0,0,0,0,0,0,0,0,0,0,0,0,0,0,0,0,0,0,0,0,0,0,0,1,0,0,0,0,0,0,0,0,0,NA,NA,NA,NA,NA,NA,NA,NA,NA,NA,NA,NA,NA,NA,NA,NA,NA,NA,NA,NA,NA,NA,NA,NA,NA,NA,NA,NA,NA,NA,NA,J.Elliott,00-0033787,NA,NA,NA,NA,NA,NA,NA,NA,NA,NA,NA,NA,NA,NA,NA,NA,NA,NA,NA,NA,NA,NA,NA,NA,NA,NA,NA,NA,NA,NA,NA,NA,NA,NA,NA,NA,0,NA,NA,NA,NA,NA,NA,NA,NA,NA,NA,NA,NA,NA,NA,NA,NA,NA,NA,NA,NA,NA,NA,NA,NA,NA,NA,NA,NA,NA,NA,NA,0,NA,NA,NA,NA,0,NA,NA,0,0,0,0,NA,NA,2023,NA,NA,48,0,Field goal,3899,"12/25/23, 16:35:39",2023-12-26T00:27:24.307Z,Lincoln Financial Field,"Cloudy Temp: 51° F, Humidity: 68%, Wind: NE 5 mph",cbaf6e72-f053-11ed-b4a7-bab79e4492fa,0,0,FIELD_GOAL,0,NA,2023-12-26T00:27:27.743Z,NA,17,Field goal,2023-12-26T00:21:44.667Z,7,2:46,1,0,1,4,4,0,DOWNS,FIELD_GOAL,08:50,06:04,PHI 42,NYG 26,3733,3899,25,33,Home,8,58,14,41,1,outdoors,grass,51,5,Nick Sirianni,Brian Daboll,PHI00,Lincoln Financial Field,0,1,NA,NA,NA,NA,NA,NA,0,0,0,1,0,NA,NA,NA,NA,NA,NA,NA,NA,NA,NA,0,0,0.9592257271277767,NA,NA,NA,NA,NA,NA,NA
3919,2023_16_NYG_PHI,2023122501,PHI,NYG,REG,16,NYG,away,PHI,PHI,35,2023-12-25,364,364,364,Half2,0,19,0,4,NA,0,06:04,PHI 35,0,75,"4-J.Elliott kicks 65 yards from PHI 35 to end zone, Touchback.",kickoff,0,0,0,0,0,0,0,NA,NA,NA,NA,NA,NA,NA,65,NA,NA,2,2,0,NA,NA,NA,NA,2,2,30,18,18,30,-12,18,30,-12,0.3140124976634979,0.11749205738306046,0.002211900195106864,0.14958664774894714,0.1670307219028473,0.001431244076229632,0.24823491275310516,0,0,0.8375925363507122,-0,12.21354481978146,-12.21354481978146,-0.07411004481730465,0.07411004481730465,17.085831951475964,-17.085831951475964,NA,NA,0,0,13.57531457830919,-13.57531457830919,10.056350181956077,-10.056350181956077,17.68619791418314,-17.68619791418314,-0.4043346238517833,0.4043346238517833,0.04527956247329712,0.9547204375267029,0.9547204375267029,0.04527956247329712,-0,-0,0,0.9547204375267029,0.04527956247329712,0.02385232038795948,0.9761476796120405,0.1229415202163544,-0.1229415202163544,0.2846131876306912,-0.2846131876306912,NA,NA,0,0,0.10360406339168549,-0.10360406339168549,0.31433685829214064,-0.31433685829214064,-0.5286953076720238,0.5286953076720238,0.8126860812502286,-0.8126860812502286,0,0,0,0,0,0,0,0,0,1,0,0,0,0,0,0,0,0,0,0,0,0,0,0,0,0,0,0,0,0,0,0,0,0,0,0,0,0,0,0,0,0,1,0,0,0,0,0,0,0,0,NA,NA,NA,NA,NA,NA,NA,NA,NA,NA,NA,NA,NA,NA,NA,NA,NA,NA,NA,NA,NA,NA,NA,NA,NA,NA,NA,NA,NA,NA,NA,J.Elliott,00-0033787,NA,NA,NA,NA,NA,NA,NA,NA,NA,NA,NA,NA,NA,NA,NA,NA,NA,NA,NA,NA,NA,NA,NA,NA,NA,NA,NA,NA,NA,NA,NA,NA,NA,NA,NA,NA,0,NA,NA,NA,NA,NA,NA,NA,NA,NA,NA,NA,NA,NA,NA,NA,NA,NA,NA,NA,NA,NA,NA,NA,NA,NA,NA,NA,NA,NA,NA,NYG,0,NA,NA,NA,NA,0,NA,NA,0,0,0,0,NA,NA,2023,NA,NA,49,1,Touchdown,3919,"12/25/23, 16:35:39",2023-12-26T00:28:52.663Z,Lincoln Financial Field,"Cloudy Temp: 51° F, Humidity: 68%, Wind: NE 5 mph",cbaf6e72-f053-11ed-b4a7-bab79e4492fa,0,0,KICK_OFF,1,NA,2023-12-26T00:28:56.633Z,NA,18,Touchdown,2023-12-26T00:28:52.663Z,2,0:42,1,0,1,4,4,0,KICKOFF,TOUCHDOWN,06:04,05:22,NYG 25,NYG 31,3919,3988,25,33,Home,8,58,14,41,1,outdoors,grass,51,5,Nick Sirianni,Brian Daboll,PHI00,Lincoln Financial Field,0,0,NA,NA,NA,NA,NA,NA,0,0,0,1,0,NA,NA,NA,NA,NA,NA,NA,NA,NA,NA,0,0,-0,NA,NA,NA,NA,NA,NA,NA
3935,2023_16_NYG_PHI,2023122501,PHI,NYG,REG,16,NYG,away,PHI,NYG,75,2023-12-25,364,364,364,Half2,0,19,0,4,1,0,06:04,NYG 25,10,75,(6:04) (Shotgun) 2-T.Taylor scrambles right end ran ob at NYG 31 for 6 yards (24-J.Bradberry).,run,6,1,0,1,0,0,1,NA,NA,NA,NA,right,end,NA,NA,NA,NA,2,2,0,NA,NA,NA,NA,2,2,30,18,18,30,-12,18,30,-12,0.3140124976634979,0.11749205738306046,0.002211900195106864,0.14958664774894714,0.1670307219028473,0.001431244076229632,0.24823491275310516,0,0,0.8375925363507122,0.2482001888565719,11.965344630924887,-11.965344630924887,-0.32231023367387657,0.32231023367387657,17.085831951475964,-17.085831951475964,NA,NA,0,0,13.57531457830919,-13.57531457830919,10.056350181956077,-10.056350181956077,17.68619791418314,-17.68619791418314,-0.4043346238517833,0.4043346238517833,0.04527956247329712,0.9547204375267029,0.9547204375267029,0.04527956247329712,-0.0015733055770397186,-0.00346389040350914,0.00346389040350914,0.9562937431037426,0.0437062568962574,0.02385232038795948,0.9761476796120405,0.12451482579339412,-0.12451482579339412,0.2846131876306912,-0.2846131876306912,NA,NA,0,0,0.10360406339168549,-0.10360406339168549,0.31433685829214064,-0.31433685829214064,-0.5286953076720238,0.5286953076720238,0.8126860812502286,-0.8126860812502286,0,0,0,0,0,0,0,0,0,0,0,0,0,0,0,0,0,0,0,0,0,0,0,0,1,0,0,0,0,0,0,0,1,0,0,0,0,0,0,0,0,0,0,0,0,0,0,0,0,0,0,NA,NA,NA,NA,NA,NA,00-0028118,T.Taylor,6,NA,NA,NA,NA,NA,NA,NA,NA,NA,NA,NA,NA,NA,NA,NA,NA,NA,NA,NA,NA,NA,NA,NA,NA,NA,NA,NA,NA,NA,NA,NA,NA,NA,NA,NA,NA,NA,NA,NA,NA,NA,NA,PHI,NA,00-0032890,NA,J.Bradberry,NA,NA,NA,NA,NA,NA,NA,NA,NA,NA,NA,NA,NA,0,NA,NA,NA,NA,NA,NA,NA,NA,NA,NA,NA,NA,NA,NA,NA,NA,NA,NA,NA,NA,NA,NA,NA,NA,NA,NA,NA,NA,NA,NA,NA,0,NA,NA,NA,NA,0,NA,NA,0,0,0,0,NA,NA,2023,NA,NA,49,1,Touchdown,3935,"12/25/23, 16:35:39",2023-12-26T00:29:28.350Z,Lincoln Financial Field,"Cloudy Temp: 51° F, Humidity: 68%, Wind: NE 5 mph",cbaf6e72-f053-11ed-b4a7-bab79e4492fa,0,0,RUSH,0,NA,2023-12-26T00:29:35.940Z,NA,18,Touchdown,2023-12-26T00:28:52.663Z,2,0:42,1,0,1,4,4,0,KICKOFF,TOUCHDOWN,06:04,05:22,NYG 25,NYG 31,3919,3988,25,33,Home,8,58,14,41,1,outdoors,grass,51,5,Nick Sirianni,Brian Daboll,PHI00,Lincoln Financial Field,0,1,T.Taylor,2,NA,2,NA,NA,1,0,0,0,1,00-0028118,NA,NA,T.Taylor,2,00-0028118,T.Taylor,00-0028118,T.Taylor,00-0028118,1,0,0.2482001888565719,NA,NA,NA,NA,NA,0.8825727701187134,11.742722988128662
3962,2023_16_NYG_PHI,2023122501,PHI,NYG,REG,16,NYG,away,PHI,NYG,69,2023-12-25,332,332,332,Half2,0,19,1,4,2,0,05:32,NYG 31,4,75,"(5:32) (Shotgun) 2-T.Taylor pass deep left to 86-D.Slayton for 69 yards, TOUCHDOWN.",pass,69,1,0,1,0,0,0,deep,left,42,27,NA,NA,NA,NA,NA,NA,2,2,0,NA,NYG,D.Slayton,00-0035535,2,2,30,24,18,30,-12,24,30,-6,0.3427963852882385,0.10512208938598633,0.001470209565013647,0.1275433599948883,0.16442042589187622,0.0013781973393633962,0.25726932287216187,0,0,1.085792725207284,5.914207274792716,6.0511373561321715,-6.0511373561321715,-0.32231023367387657,0.32231023367387657,11.17162467668325,-11.17162467668325,2.85823939635884,3.0559678784338757,2.85823939635884,3.0559678784338757,10.71707518195035,-10.71707518195035,7.000382303522201,-7.000382303522201,14.8279585178243,-14.8279585178243,-3.460302502285659,3.460302502285659,0.0437062568962574,0.9562937431037426,0.9562937431037426,0.0437062568962574,0.11942757721488162,0.051980522184158495,-0.051980522184158495,0.836866165888861,0.16313383411113902,0.02038842998445034,0.9796115700155497,0.12451482579339412,-0.12451482579339412,0.1651856104158096,-0.1651856104158096,0,0.11942757721488162,0,0.11942757721488162,0.10360406339168549,-0.10360406339168549,0.19490928107725902,-0.19490928107725902,-0.5286953076720238,0.5286953076720238,0.693258504035347,-0.693258504035347,0,0,1,0,0,0,0,0,0,0,0,0,0,0,0,0,0,0,0,0,0,0,0,0,0,0,0,0,0,0,0,0,0,1,0,1,1,0,0,0,0,0,0,0,0,1,0,0,0,0,0,00-0028118,T.Taylor,69,00-0035535,D.Slayton,69,NA,NA,NA,NA,NA,NA,NA,NA,NA,NA,NA,NA,NA,NA,NA,NA,NA,NA,NA,NA,NA,NA,NA,NA,NA,NA,NA,NA,NA,NA,NA,NA,NA,NA,NA,NA,NA,NA,NA,NA,NA,NA,NA,NA,NA,NA,NA,NA,NA,NA,NA,NA,NA,NA,NA,NA,NA,NA,NA,NA,NA,NA,NA,0,NA,NA,NA,NA,NA,NA,NA,NA,NA,NA,NA,NA,NA,NA,NA,NA,NA,NA,NA,NA,NA,NA,NA,NA,NA,NA,NA,NA,NA,NA,NA,0,NA,NA,NA,NA,0,NA,NA,0,0,0,0,NA,NA,2023,0.2637421488761902,73.62578511238098,49,1,Touchdown,3962,"12/25/23, 16:35:39",2023-12-26T00:30:05.103Z,Lincoln Financial Field,"Cloudy Temp: 51° F, Humidity: 68%, Wind: NE 5 mph",cbaf6e72-f053-11ed-b4a7-bab79e4492fa,0,0,PASS,0,NA,2023-12-26T00:30:14.680Z,NA,18,Touchdown,2023-12-26T00:28:52.663Z,2,0:42,1,0,1,4,4,0,KICKOFF,TOUCHDOWN,06:04,05:22,NYG 25,NYG 31,3919,3988,25,33,Home,8,58,14,41,1,outdoors,grass,51,5,Nick Sirianni,Brian Daboll,PHI00,Lincoln Financial Field,0,1,T.Taylor,2,NA,NA,D.Slayton,86,1,0,1,0,1,00-0028118,NA,00-0035535,T.Taylor,2,00-0028118,D.Slayton,00-0035535,D.Slayton,00-0035535,0,0,5.914207274792716,1.1636828909887198,11.825802500883583,7,1,1,0.8869824409484863,11.301755905151367
3988,2023_16_NYG_PHI,2023122501,PHI,NYG,REG,16,NYG,away,PHI,PHI,15,2023-12-25,322,322,322,Half2,0,19,1,4,NA,0,05:22,PHI 15,0,75,"21-M.Crosby extra point is GOOD, Center-59-C.Kreiter, Holder-6-J.Gillan.",extra_point,0,0,0,0,0,0,0,NA,NA,NA,NA,NA,NA,NA,33,good,NA,2,2,0,NA,NA,NA,NA,2,2,30,25,24,30,-6,25,30,-5,0,0,0,0,0,0,0,0.9324269968923669,0,0.9324269968923669,0.067573003107633145,5.983564353024538,-5.983564353024538,-0.32231023367387657,0.32231023367387657,11.17162467668325,-11.17162467668325,NA,NA,0,0,10.71707518195035,-10.71707518195035,7.000382303522201,-7.000382303522201,14.8279585178243,-14.8279585178243,-3.460302502285659,3.460302502285659,0.16313383411113902,0.836866165888861,0.836866165888861,0.16313383411113902,0.002640392077520648,0.0014406715496528832,-0.0014406715496528832,0.8342257738113403,0.16577422618865967,0.07236895216860884,0.9276310478313912,0.12451482579339412,-0.12451482579339412,0.1651856104158096,-0.1651856104158096,NA,NA,0,0,0.10360406339168549,-0.10360406339168549,0.19490928107725902,-0.19490928107725902,-0.5286953076720238,0.5286953076720238,0.693258504035347,-0.693258504035347,0,0,0,0,0,0,0,0,0,0,0,0,0,0,0,0,0,0,0,0,0,0,0,0,0,0,0,0,0,0,0,0,0,0,0,0,0,0,0,1,0,0,0,0,0,0,0,0,0,0,0,NA,NA,NA,NA,NA,NA,NA,NA,NA,NA,NA,NA,NA,NA,NA,NA,NA,NA,NA,NA,NA,NA,NA,NA,NA,NA,NA,NA,NA,NA,NA,M.Crosby,00-0025580,NA,NA,NA,NA,NA,NA,NA,NA,NA,NA,NA,NA,NA,NA,NA,NA,NA,NA,NA,NA,NA,NA,NA,NA,NA,NA,NA,NA,NA,NA,NA,NA,NA,NA,NA,NA,0,NA,NA,NA,NA,NA,NA,NA,NA,NA,NA,NA,NA,NA,NA,NA,NA,NA,NA,NA,NA,NA,NA,NA,NA,NA,NA,NA,NA,NA,NA,NA,0,NA,NA,NA,NA,0,NA,NA,0,0,0,0,NA,NA,2023,NA,NA,49,1,Touchdown,3988,"12/25/23, 16:35:39",2023-12-26T00:30:55Z,Lincoln Financial Field,"Cloudy Temp: 51° F, Humidity: 68%, Wind: NE 5 mph",cbaf6e72-f053-11ed-b4a7-bab79e4492fa,0,0,XP_KICK,1,NA,NA,NA,18,Touchdown,2023-12-26T00:28:52.663Z,2,0:42,1,0,1,4,4,0,KICKOFF,TOUCHDOWN,06:04,05:22,NYG 25,NYG 31,3919,3988,25,33,Home,8,58,14,41,1,outdoors,grass,51,5,Nick Sirianni,Brian Daboll,PHI00,Lincoln Financial Field,0,1,NA,NA,NA,NA,NA,NA,0,0,0,1,0,NA,NA,NA,NA,NA,NA,NA,NA,NA,NA,0,0,0.067573003107633145,NA,NA,NA,NA,NA,NA,NA
4003,2023_16_NYG_PHI,2023122501,PHI,NYG,REG,16,PHI,home,NYG,NYG,35,2023-12-25,322,322,322,Half2,0,20,0,4,NA,0,05:22,NYG 35,0,50,"21-M.Crosby kicks 61 yards from NYG 35 to PHI 4, fair catch by 35-B.Scott.",kickoff,0,0,0,0,0,0,0,NA,NA,NA,NA,NA,NA,NA,61,NA,NA,2,2,0,NA,NA,NA,NA,2,2,30,25,30,25,5,30,25,5,0.35013914108276367,0.10437048226594925,0.0012535908026620746,0.14619168639183044,0.1748044341802597,0.003481710096821189,0.21975892782211304,0,0,0.7307287843432277,0,5.983564353024538,-5.983564353024538,-0.32231023367387657,0.32231023367387657,11.17162467668325,-11.17162467668325,NA,NA,0,0,10.71707518195035,-10.71707518195035,7.000382303522201,-7.000382303522201,14.8279585178243,-14.8279585178243,-3.460302502285659,3.460302502285659,0.8342257738113403,0.16577422618865967,0.8342257738113403,0.16577422618865967,0,0,0,0.8342257738113403,0.16577422618865967,0.9261903762817383,0.9261903762817383,0.12451482579339412,-0.12451482579339412,0.1651856104158096,-0.1651856104158096,NA,NA,0,0,0.10360406339168549,-0.10360406339168549,0.19490928107725902,-0.19490928107725902,-0.5286953076720238,0.5286953076720238,0.693258504035347,-0.693258504035347,0,0,0,0,0,0,0,0,0,0,0,0,0,0,0,0,0,0,0,0,1,0,0,0,0,0,0,0,0,0,0,0,0,0,0,0,0,0,0,0,0,0,1,0,0,0,0,0,0,0,0,NA,NA,NA,NA,NA,NA,NA,NA,NA,NA,NA,NA,NA,NA,NA,NA,NA,NA,NA,NA,NA,NA,NA,NA,NA,B.Scott,00-0034414,NA,NA,NA,NA,M.Crosby,00-0025580,NA,NA,NA,NA,NA,NA,NA,NA,NA,NA,NA,NA,NA,NA,NA,NA,NA,NA,NA,NA,NA,NA,NA,NA,NA,NA,NA,NA,NA,NA,NA,NA,NA,NA,NA,NA,0,NA,NA,NA,NA,NA,NA,NA,NA,NA,NA,NA,NA,NA,NA,NA,NA,NA,NA,NA,NA,NA,NA,NA,NA,NA,NA,NA,NA,NA,NA,PHI,0,NA,NA,NA,NA,0,NA,NA,0,0,0,0,NA,NA,2023,NA,NA,50,1,First down,4003,"12/25/23, 16:35:39",2023-12-26T00:32:15.817Z,Lincoln Financial Field,"Cloudy Temp: 51° F, Humidity: 68%, Wind: NE 5 mph",cbaf6e72-f053-11ed-b4a7-bab79e4492fa,0,0,KICK_OFF,1,NA,2023-12-26T00:32:19.603Z,NA,19,Field goal,2023-12-26T00:32:15.817Z,9,4:12,3,0,1,4,4,0,KICKOFF,FIELD_GOAL,05:22,01:10,PHI 25,NYG 25,4003,4220,25,33,Home,8,58,14,41,1,outdoors,grass,51,5,Nick Sirianni,Brian Daboll,PHI00,Lincoln Financial Field,0,0,NA,NA,NA,NA,NA,NA,0,0,0,1,0,NA,NA,NA,NA,NA,NA,NA,NA,NA,NA,0,0,0,NA,NA,NA,NA,NA,NA,NA
4020,2023_16_NYG_PHI,2023122501,PHI,NYG,REG,16,PHI,home,NYG,PHI,75,2023-12-25,322,322,322,Half2,0,20,0,4,1,0,05:22,PHI 25,10,50,(5:22) (Shotgun) 0-D.Swift left end to PHI 30 for 5 yards (29-X.McKinney).,run,5,1,0,0,0,0,0,NA,NA,NA,NA,left,end,NA,NA,NA,NA,2,2,0,NA,NA,NA,NA,2,2,30,25,30,25,5,30,25,5,0.35013914108276367,0.10437048226594925,0.0012535908026620746,0.14619168639183044,0.1748044341802597,0.003481710096821189,0.21975892782211304,0,0,0.7307287843432277,0.07453298661857843,6.058097339643116,-6.058097339643116,-0.24777724705529813,0.24777724705529813,11.17162467668325,-11.17162467668325,NA,NA,0,0,10.71707518195035,-10.71707518195035,7.000382303522201,-7.000382303522201,14.8279585178243,-14.8279585178243,-3.460302502285659,3.460302502285659,0.8342257738113403,0.16577422618865967,0.8342257738113403,0.16577422618865967,0.010003328323364258,-0.003121018409729004,-0.003121018409729004,0.8442291021347046,0.1557708978652954,0.9261903762817383,0.9261903762817383,0.13451815411675838,-0.13451815411675838,0.1651856104158096,-0.1651856104158096,NA,NA,0,0,0.10360406339168549,-0.10360406339168549,0.19490928107725902,-0.19490928107725902,-0.5286953076720238,0.5286953076720238,0.693258504035347,-0.693258504035347,0,0,0,0,0,0,0,0,0,0,0,0,0,0,0,0,0,0,0,0,0,0,0,0,1,0,0,0,0,0,0,0,1,0,0,0,0,0,0,0,0,0,0,0,0,0,0,0,0,0,0,NA,NA,NA,NA,NA,NA,00-0036275,D.Swift,5,NA,NA,NA,NA,NA,NA,NA,NA,NA,NA,NA,NA,NA,NA,NA,NA,NA,NA,NA,NA,NA,NA,NA,NA,NA,NA,NA,NA,NA,NA,NA,NA,NA,NA,NA,NA,NA,NA,NA,NA,NA,NA,NYG,NA,00-0036388,NA,X.McKinney,NA,NA,NA,NA,NA,NA,NA,NA,NA,NA,NA,NA,NA,0,NA,NA,NA,NA,NA,NA,NA,NA,NA,NA,NA,NA,NA,NA,NA,NA,NA,NA,NA,NA,NA,NA,NA,NA,NA,NA,NA,NA,NA,NA,NA,0,NA,NA,NA,NA,0,NA,NA,0,0,0,0,NA,NA,2023,NA,NA,50,1,First down,4020,"12/25/23, 16:35:39",2023-12-26T00:33:03.670Z,Lincoln Financial Field,"Cloudy Temp: 51° F, Humidity: 68%, Wind: NE 5 mph",cbaf6e72-f053-11ed-b4a7-bab79e4492fa,0,0,RUSH,0,NA,2023-12-26T00:33:08.620Z,NA,19,Field goal,2023-12-26T00:32:15.817Z,9,4:12,3,0,1,4,4,0,KICKOFF,FIELD_GOAL,05:22,01:10,PHI 25,NYG 25,4003,4220,25,33,Home,8,58,14,41,1,outdoors,grass,51,5,Nick Sirianni,Brian Daboll,PHI00,Lincoln Financial Field,0,1,NA,NA,D.Swift,0,NA,NA,0,1,0,0,1,NA,00-0036275,NA,D.Swift,0,00-0036275,D.Swift,00-0036275,D.Swift,00-0036275,0,0,0.07453298661857843,NA,NA,NA,NA,NA,0.3245464861392975,-32.45464861392975
4042,2023_16_NYG_PHI,2023122501,PHI,NYG,REG,16,PHI,home,NYG,PHI,70,2023-12-25,280,280,280,Half2,0,20,0,4,2,0,04:40,PHI 30,5,50,(4:40) (Shotgun) 0-D.Swift left tackle to PHI 47 for 17 yards (44-N.McCloud; 27-J.Pinnock).,run,17,1,0,0,0,0,0,NA,NA,NA,NA,left,tackle,NA,NA,NA,NA,2,2,0,NA,NA,NA,NA,2,2,30,25,30,25,5,30,25,5,0.38610514998435974,0.09320636838674545,7.465243106707931e-4,0.13545016944408417,0.16013912856578827,0.003272175556048751,0.221080482006073,0,0,0.8052617709618062,1.2593827702803537,7.31748010992347,-7.31748010992347,1.0116055232250556,-1.0116055232250556,11.17162467668325,-11.17162467668325,NA,NA,0,0,10.71707518195035,-10.71707518195035,7.000382303522201,-7.000382303522201,14.8279585178243,-14.8279585178243,-3.460302502285659,3.460302502285659,0.8442291021347046,0.1557708978652954,0.8442291021347046,0.1557708978652954,0.03871583938598633,0.017925500869750977,0.017925500869750977,0.8829449415206909,0.11705505847930908,0.9230693578720093,0.9230693578720093,0.1732339935027447,-0.1732339935027447,0.1651856104158096,-0.1651856104158096,NA,NA,0,0,0.10360406339168549,-0.10360406339168549,0.19490928107725902,-0.19490928107725902,-0.5286953076720238,0.5286953076720238,0.693258504035347,-0.693258504035347,0,1,0,0,0,0,0,0,0,0,0,0,0,0,0,0,0,0,0,0,0,0,0,0,0,0,0,0,0,0,0,0,1,0,0,0,0,0,0,0,0,0,0,0,0,0,1,0,0,0,0,NA,NA,NA,NA,NA,NA,00-0036275,D.Swift,17,NA,NA,NA,NA,NA,NA,NA,NA,NA,NA,NA,NA,NA,NA,NA,NA,NA,NA,NA,NA,NA,NA,NA,NA,NA,NA,NA,NA,NA,NA,NA,NA,NA,NA,NA,NA,NA,NA,NA,NA,NA,NA,NA,NA,NA,NA,NA,NA,00-0036589,N.McCloud,NYG,00-0036502,J.Pinnock,NYG,NA,NA,NA,NA,NA,NA,0,NA,NA,NA,NA,NA,NA,NA,NA,NA,NA,NA,NA,NA,NA,NA,NA,NA,NA,NA,NA,NA,NA,NA,NA,NA,NA,NA,NA,NA,NA,NA,0,NA,NA,NA,NA,0,NA,NA,0,0,0,0,NA,NA,2023,NA,NA,50,1,First down,4042,"12/25/23, 16:35:39",2023-12-26T00:33:45.490Z,Lincoln Financial Field,"Cloudy Temp: 51° F, Humidity: 68%, Wind: NE 5 mph",cbaf6e72-f053-11ed-b4a7-bab79e4492fa,0,0,RUSH,0,NA,2023-12-26T00:33:51.573Z,NA,19,Field goal,2023-12-26T00:32:15.817Z,9,4:12,3,0,1,4,4,0,KICKOFF,FIELD_GOAL,05:22,01:10,PHI 25,NYG 25,4003,4220,25,33,Home,8,58,14,41,1,outdoors,grass,51,5,Nick Sirianni,Brian Daboll,PHI00,Lincoln Financial Field,0,1,NA,NA,D.Swift,0,NA,NA,0,1,1,0,1,NA,00-0036275,NA,D.Swift,0,00-0036275,D.Swift,00-0036275,D.Swift,00-0036275,0,0,1.2593827702803537,NA,NA,NA,NA,NA,0.34420523047447205,-34.420523047447205
4064,2023_16_NYG_PHI,2023122501,PHI,NYG,REG,16,PHI,home,NYG,PHI,53,2023-12-25,235,235,235,Half2,0,20,0,4,1,0,03:55,PHI 47,10,50,(3:55) (Shotgun) 0-D.Swift left guard to NYG 48 for 5 yards (29-X.McKinney).,run,5,1,0,0,0,0,0,NA,NA,NA,NA,left,guard,NA,NA,NA,NA,2,2,0,NA,NA,NA,NA,2,2,30,25,30,25,5,30,25,5,0.3600104749202728,0.05428040400147438,3.901856835000217e-4,0.07125327736139297,0.21208642423152924,0.004614970181137323,0.2973642647266388,0,0,2.06464454124216,-0.02437847532564774,7.293101634597822,-7.293101634597822,0.9872270478994079,-0.9872270478994079,11.17162467668325,-11.17162467668325,NA,NA,0,0,10.71707518195035,-10.71707518195035,7.000382303522201,-7.000382303522201,14.8279585178243,-14.8279585178243,-3.460302502285659,3.460302502285659,0.8829449415206909,0.11705505847930908,0.8829449415206909,0.11705505847930908,-0.002594470977783203,-0.0018600225448608398,-0.0018600225448608398,0.8803504705429077,0.11964952945709229,0.9409948587417603,0.9409948587417603,0.1706395225249615,-0.1706395225249615,0.1651856104158096,-0.1651856104158096,NA,NA,0,0,0.10360406339168549,-0.10360406339168549,0.19490928107725902,-0.19490928107725902,-0.5286953076720238,0.5286953076720238,0.693258504035347,-0.693258504035347,0,0,0,0,0,0,0,0,0,0,0,0,0,0,0,0,0,0,0,0,0,0,0,0,1,0,0,0,0,0,0,0,1,0,0,0,0,0,0,0,0,0,0,0,0,0,0,0,0,0,0,NA,NA,NA,NA,NA,NA,00-0036275,D.Swift,5,NA,NA,NA,NA,NA,NA,NA,NA,NA,NA,NA,NA,NA,NA,NA,NA,NA,NA,NA,NA,NA,NA,NA,NA,NA,NA,NA,NA,NA,NA,NA,NA,NA,NA,NA,NA,NA,NA,NA,NA,NA,NA,NYG,NA,00-0036388,NA,X.McKinney,NA,NA,NA,NA,NA,NA,NA,NA,NA,NA,NA,NA,NA,0,NA,NA,NA,NA,NA,NA,NA,NA,NA,NA,NA,NA,NA,NA,NA,NA,NA,NA,NA,NA,NA,NA,NA,NA,NA,NA,NA,NA,NA,NA,NA,0,NA,NA,NA,NA,0,NA,NA,0,0,0,0,NA,NA,2023,NA,NA,51,1,First down,4064,"12/25/23, 16:35:39",2023-12-26T00:34:30.133Z,Lincoln Financial Field,"Cloudy Temp: 51° F, Humidity: 68%, Wind: NE 5 mph",cbaf6e72-f053-11ed-b4a7-bab79e4492fa,0,0,RUSH,0,NA,2023-12-26T00:34:33.103Z,NA,19,Field goal,2023-12-26T00:32:15.817Z,9,4:12,3,0,1,4,4,0,KICKOFF,FIELD_GOAL,05:22,01:10,PHI 25,NYG 25,4003,4220,25,33,Home,8,58,14,41,1,outdoors,grass,51,5,Nick Sirianni,Brian Daboll,PHI00,Lincoln Financial Field,0,0,NA,NA,D.Swift,0,NA,NA,0,1,0,0,1,NA,00-0036275,NA,D.Swift,0,00-0036275,D.Swift,00-0036275,D.Swift,00-0036275,0,0,-0.02437847532564774,NA,NA,NA,NA,NA,0.2072497010231018,-20.72497010231018
4086,2023_16_NYG_PHI,2023122501,PHI,NYG,REG,16,PHI,home,NYG,NYG,48,2023-12-25,196,196,196,Half2,0,20,0,4,2,0,03:16,NYG 48,5,50,(3:16) (Shotgun) 0-D.Swift left guard to NYG 39 for 9 yards (58-B.Okereke).,run,9,1,0,0,0,0,0,NA,NA,NA,NA,left,guard,NA,NA,NA,NA,2,2,0,NA,NA,NA,NA,2,2,30,25,30,25,5,30,25,5,0.3737165033817291,0.05244601517915726,3.347093879710883e-4,0.07061675935983658,0.20074686408042908,0.0049247657880187035,0.2972143888473511,0,0,2.040266065916512,0.712824665766675,8.005926300364498,-8.005926300364498,1.7000517136660829,-1.7000517136660829,11.17162467668325,-11.17162467668325,NA,NA,0,0,10.71707518195035,-10.71707518195035,7.000382303522201,-7.000382303522201,14.8279585178243,-14.8279585178243,-3.460302502285659,3.460302502285659,0.8803504705429077,0.11964952945709229,0.8803504705429077,0.11964952945709229,0.03542143106460571,0.01850205659866333,0.01850205659866333,0.9157719016075134,0.08422809839248657,0.9391348361968994,0.9391348361968994,0.20606095358956722,-0.20606095358956722,0.1651856104158096,-0.1651856104158096,NA,NA,0,0,0.10360406339168549,-0.10360406339168549,0.19490928107725902,-0.19490928107725902,-0.5286953076720238,0.5286953076720238,0.693258504035347,-0.693258504035347,0,1,0,0,0,0,0,0,0,0,0,0,0,0,0,0,0,0,0,0,0,0,0,0,1,0,0,0,0,0,0,0,1,0,0,0,0,0,0,0,0,0,0,0,0,0,0,0,0,0,0,NA,NA,NA,NA,NA,NA,00-0036275,D.Swift,9,NA,NA,NA,NA,NA,NA,NA,NA,NA,NA,NA,NA,NA,NA,NA,NA,NA,NA,NA,NA,NA,NA,NA,NA,NA,NA,NA,NA,NA,NA,NA,NA,NA,NA,NA,NA,NA,NA,NA,NA,NA,NA,NYG,NA,00-0035687,NA,B.Okereke,NA,NA,NA,NA,NA,NA,NA,NA,NA,NA,NA,NA,NA,0,NA,NA,NA,NA,NA,NA,NA,NA,NA,NA,NA,NA,NA,NA,NA,NA,NA,NA,NA,NA,NA,NA,NA,NA,NA,NA,NA,NA,NA,NA,NA,0,NA,NA,NA,NA,0,NA,NA,0,0,0,0,NA,NA,2023,NA,NA,51,1,First down,4086,"12/25/23, 16:35:39",2023-12-26T00:35:10.007Z,Lincoln Financial Field,"Cloudy Temp: 51° F, Humidity: 68%, Wind: NE 5 mph",cbaf6e72-f053-11ed-b4a7-bab79e4492fa,0,0,RUSH,0,NA,2023-12-26T00:35:15.320Z,NA,19,Field goal,2023-12-26T00:32:15.817Z,9,4:12,3,0,1,4,4,0,KICKOFF,FIELD_GOAL,05:22,01:10,PHI 25,NYG 25,4003,4220,25,33,Home,8,58,14,41,1,outdoors,grass,51,5,Nick Sirianni,Brian Daboll,PHI00,Lincoln Financial Field,0,1,NA,NA,D.Swift,0,NA,NA,0,1,1,0,1,NA,00-0036275,NA,D.Swift,0,00-0036275,D.Swift,00-0036275,D.Swift,00-0036275,0,0,0.712824665766675,NA,NA,NA,NA,NA,0.28109267354011536,-28.109267354011536
4108,2023_16_NYG_PHI,2023122501,PHI,NYG,REG,16,PHI,home,NYG,NYG,39,2023-12-25,154,154,154,Half2,0,20,0,4,1,0,02:34,NYG 39,10,50,(2:34) (Shotgun) 0-D.Swift left end to NYG 27 for 12 yards (58-B.Okereke).,run,12,1,0,0,0,0,0,NA,NA,NA,NA,left,end,NA,NA,NA,NA,2,2,0,NA,NA,NA,NA,2,2,30,25,30,25,5,30,25,5,0.3432292938232422,0.03523029759526253,2.664379426278174e-4,0.03513842448592186,0.24462386965751648,0.0038339211605489254,0.3376777172088623,0,0,2.753090731683187,0.3819242397439666,8.387850540108465,-8.387850540108465,2.0819759534100495,-2.0819759534100495,11.17162467668325,-11.17162467668325,NA,NA,0,0,10.71707518195035,-10.71707518195035,7.000382303522201,-7.000382303522201,14.8279585178243,-14.8279585178243,-3.460302502285659,3.460302502285659,0.9157719016075134,0.08422809839248657,0.9157719016075134,0.08422809839248657,0.01610743999481201,0.007888495922088623,0.007888495922088623,0.9318793416023254,0.06812065839767456,0.9576368927955627,0.9576368927955627,0.22216839358437923,-0.22216839358437923,0.1651856104158096,-0.1651856104158096,NA,NA,0,0,0.10360406339168549,-0.10360406339168549,0.19490928107725902,-0.19490928107725902,-0.5286953076720238,0.5286953076720238,0.693258504035347,-0.693258504035347,0,1,0,0,0,0,0,0,0,0,0,0,0,0,0,0,0,0,0,0,0,0,0,0,1,0,0,0,0,0,0,0,1,0,0,0,0,0,0,0,0,0,0,0,0,0,0,0,0,0,0,NA,NA,NA,NA,NA,NA,00-0036275,D.Swift,12,NA,NA,NA,NA,NA,NA,NA,NA,NA,NA,NA,NA,NA,NA,NA,NA,NA,NA,NA,NA,NA,NA,NA,NA,NA,NA,NA,NA,NA,NA,NA,NA,NA,NA,NA,NA,NA,NA,NA,NA,NA,NA,NYG,NA,00-0035687,NA,B.Okereke,NA,NA,NA,NA,NA,NA,NA,NA,NA,NA,NA,NA,NA,0,NA,NA,NA,NA,NA,NA,NA,NA,NA,NA,NA,NA,NA,NA,NA,NA,NA,NA,NA,NA,NA,NA,NA,NA,NA,NA,NA,NA,NA,NA,NA,0,NA,NA,NA,NA,0,NA,NA,0,0,0,0,NA,NA,2023,NA,NA,52,1,First down,4108,"12/25/23, 16:35:39",2023-12-26T00:35:52.183Z,Lincoln Financial Field,"Cloudy Temp: 51° F, Humidity: 68%, Wind: NE 5 mph",cbaf6e72-f053-11ed-b4a7-bab79e4492fa,0,0,RUSH,0,NA,2023-12-26T00:36:02.160Z,NA,19,Field goal,2023-12-26T00:32:15.817Z,9,4:12,3,0,1,4,4,0,KICKOFF,FIELD_GOAL,05:22,01:10,PHI 25,NYG 25,4003,4220,25,33,Home,8,58,14,41,1,outdoors,grass,51,5,Nick Sirianni,Brian Daboll,PHI00,Lincoln Financial Field,0,1,NA,NA,D.Swift,0,NA,NA,0,1,1,0,1,NA,00-0036275,NA,D.Swift,0,00-0036275,D.Swift,00-0036275,D.Swift,00-0036275,0,0,0.3819242397439666,NA,NA,NA,NA,NA,0.1366913616657257,-13.66913616657257
4142,2023_16_NYG_PHI,2023122501,PHI,NYG,REG,16,NA,NA,NA,NA,NA,2023-12-25,143,143,143,Half2,0,20,0,4,NA,0,02:23,NYG 27,0,50,Timeout #2 by NYG at 02:23.,no_play,0,0,0,0,0,0,0,NA,NA,NA,NA,NA,NA,NA,NA,NA,NA,2,1,1,NYG,NA,NA,NA,NA,NA,30,25,NA,NA,NA,NA,NA,NA,0,0,0,0,0,0,0,0,0,3.135014971427154,0,8.387850540108465,-8.387850540108465,2.0819759534100495,-2.0819759534100495,11.17162467668325,-11.17162467668325,NA,NA,0,0,10.71707518195035,-10.71707518195035,7.000382303522201,-7.000382303522201,14.8279585178243,-14.8279585178243,-3.460302502285659,3.460302502285659,0.9318793416023254,0.06812065839767456,0.9318793416023254,0.06812065839767456,0,0,0,NA,NA,0.9655253887176514,0.9655253887176514,0.22216839358437923,-0.22216839358437923,0.1651856104158096,-0.1651856104158096,NA,NA,0,0,0.10360406339168549,-0.10360406339168549,0.19490928107725902,-0.19490928107725902,-0.5286953076720238,0.5286953076720238,0.693258504035347,-0.693258504035347,0,0,0,0,0,0,0,0,0,0,0,0,0,0,0,0,0,0,0,0,0,0,0,0,0,0,0,0,0,0,0,0,0,0,0,0,0,0,0,0,0,0,0,0,0,0,0,0,0,0,0,NA,NA,NA,NA,NA,NA,NA,NA,NA,NA,NA,NA,NA,NA,NA,NA,NA,NA,NA,NA,NA,NA,NA,NA,NA,NA,NA,NA,NA,NA,NA,NA,NA,NA,NA,NA,NA,NA,NA,NA,NA,NA,NA,NA,NA,NA,NA,NA,NA,NA,NA,NA,NA,NA,NA,NA,NA,NA,NA,NA,NA,NA,NA,NA,NA,NA,NA,NA,NA,0,NA,NA,NA,NA,NA,NA,NA,NA,NA,NA,NA,NA,NA,NA,NA,NA,NA,NA,NA,NA,NA,NA,NA,NA,NA,NA,NA,NA,NA,NA,NA,0,NA,NA,NA,NA,0,NA,NA,0,0,0,0,NA,NA,2023,NA,NA,53,0,Field goal,4119,"12/25/23, 16:35:39",2023-12-26T00:36:26Z,Lincoln Financial Field,"Cloudy Temp: 51° F, Humidity: 68%, Wind: NE 5 mph",cbaf6e72-f053-11ed-b4a7-bab79e4492fa,0,0,TIMEOUT,0,NA,NA,NA,19,Field goal,2023-12-26T00:32:15.817Z,9,4:12,3,0,1,4,4,0,KICKOFF,FIELD_GOAL,05:22,01:10,PHI 25,NYG 25,4003,4220,25,33,Home,8,58,14,41,1,outdoors,grass,51,5,Nick Sirianni,Brian Daboll,PHI00,Lincoln Financial Field,0,0,NA,NA,NA,NA,NA,NA,0,0,0,0,0,NA,NA,NA,NA,NA,NA,NA,NA,NA,NA,0,0,0,NA,NA,NA,NA,NA,NA,NA
4130,2023_16_NYG_PHI,2023122501,PHI,NYG,REG,16,PHI,home,NYG,NYG,27,2023-12-25,143,143,143,Half2,0,20,0,4,1,0,02:23,NYG 27,10,50,(2:23) (Shotgun) 0-D.Swift left end to NYG 28 for -1 yards (91-As.Robinson).,run,-1,1,0,0,0,0,0,NA,NA,NA,NA,left,end,NA,NA,NA,NA,2,1,0,NA,NA,NA,NA,2,1,30,25,30,25,5,30,25,5,0.2754141390323639,0.023311441764235497,2.797978522721678e-4,0.025007113814353943,0.33466237783432007,0.0025408067740499973,0.33878427743911743,0,0,3.135014971427154,-1.4423833098844625,6.9454672302240015,-6.9454672302240015,0.639592643525587,-0.639592643525587,11.17162467668325,-11.17162467668325,NA,NA,0,0,10.71707518195035,-10.71707518195035,7.000382303522201,-7.000382303522201,14.8279585178243,-14.8279585178243,-3.460302502285659,3.460302502285659,0.9318793416023254,0.06812065839767456,0.9318793416023254,0.06812065839767456,0.003892958164215088,2.976655960083008e-4,2.976655960083008e-4,0.9357722997665405,0.06422770023345947,0.9655253887176514,0.9655253887176514,0.22606135174859432,-0.22606135174859432,0.1651856104158096,-0.1651856104158096,NA,NA,0,0,0.10360406339168549,-0.10360406339168549,0.19490928107725902,-0.19490928107725902,-0.5286953076720238,0.5286953076720238,0.693258504035347,-0.693258504035347,0,0,0,0,0,0,0,0,0,0,0,0,0,0,0,0,0,0,0,0,0,0,0,0,1,0,0,1,0,0,0,0,1,0,0,0,0,0,0,0,0,0,0,0,0,0,0,0,0,0,0,NA,NA,NA,NA,NA,NA,00-0036275,D.Swift,-1,NA,NA,NA,NA,NA,NA,NA,NA,NA,NA,NA,NA,NA,NA,NA,NA,NA,NA,NA,NA,NA,NA,NA,NA,NA,NA,NA,NA,00-0032889,As.Robinson,NA,NA,NA,NA,NA,NA,NA,NA,NA,NA,NA,NA,NYG,NA,00-0032889,NA,As.Robinson,NA,NA,NA,NA,NA,NA,NA,NA,NA,NA,NA,NA,NA,0,NA,NA,NA,NA,NA,NA,NA,NA,NA,NA,NA,NA,NA,NA,NA,NA,NA,NA,NA,NA,NA,NA,NA,NA,NA,NA,NA,NA,NA,NA,NA,0,NA,NA,NA,NA,0,NA,NA,0,0,0,0,NA,NA,2023,NA,NA,53,0,Field goal,4130,"12/25/23, 16:35:39",2023-12-26T00:37:27.977Z,Lincoln Financial Field,"Cloudy Temp: 51° F, Humidity: 68%, Wind: NE 5 mph",cbaf6e72-f053-11ed-b4a7-bab79e4492fa,0,0,RUSH,0,NA,2023-12-26T00:37:32.227Z,NA,19,Field goal,2023-12-26T00:32:15.817Z,9,4:12,3,0,1,4,4,0,KICKOFF,FIELD_GOAL,05:22,01:10,PHI 25,NYG 25,4003,4220,25,33,Home,8,58,14,41,1,outdoors,grass,51,5,Nick Sirianni,Brian Daboll,PHI00,Lincoln Financial Field,0,0,NA,NA,D.Swift,0,NA,NA,0,1,0,0,1,NA,00-0036275,NA,D.Swift,0,00-0036275,D.Swift,00-0036275,D.Swift,00-0036275,0,0,-1.4423833098844625,NA,NA,NA,NA,NA,0.09178760647773743,-9.178760647773743
4171,2023_16_NYG_PHI,2023122501,PHI,NYG,REG,16,NA,NA,NA,NA,NA,2023-12-25,139,139,139,Half2,0,20,0,4,NA,0,02:19,NYG 28,0,50,Timeout #3 by NYG at 02:19.,no_play,0,0,0,0,0,0,0,NA,NA,NA,NA,NA,NA,NA,NA,NA,NA,2,0,1,NYG,NA,NA,NA,NA,NA,30,25,NA,NA,NA,NA,NA,NA,0,0,0,0,0,0,0,0,0,1.6926316615426913,0,6.9454672302240015,-6.9454672302240015,0.639592643525587,-0.639592643525587,11.17162467668325,-11.17162467668325,NA,NA,0,0,10.71707518195035,-10.71707518195035,7.000382303522201,-7.000382303522201,14.8279585178243,-14.8279585178243,-3.460302502285659,3.460302502285659,0.9357722997665405,0.06422770023345947,0.9357722997665405,0.06422770023345947,0,0,0,NA,NA,0.9658230543136597,0.9658230543136597,0.22606135174859432,-0.22606135174859432,0.1651856104158096,-0.1651856104158096,NA,NA,0,0,0.10360406339168549,-0.10360406339168549,0.19490928107725902,-0.19490928107725902,-0.5286953076720238,0.5286953076720238,0.693258504035347,-0.693258504035347,0,0,0,0,0,0,0,0,0,0,0,0,0,0,0,0,0,0,0,0,0,0,0,0,0,0,0,0,0,0,0,0,0,0,0,0,0,0,0,0,0,0,0,0,0,0,0,0,0,0,0,NA,NA,NA,NA,NA,NA,NA,NA,NA,NA,NA,NA,NA,NA,NA,NA,NA,NA,NA,NA,NA,NA,NA,NA,NA,NA,NA,NA,NA,NA,NA,NA,NA,NA,NA,NA,NA,NA,NA,NA,NA,NA,NA,NA,NA,NA,NA,NA,NA,NA,NA,NA,NA,NA,NA,NA,NA,NA,NA,NA,NA,NA,NA,NA,NA,NA,NA,NA,NA,0,NA,NA,NA,NA,NA,NA,NA,NA,NA,NA,NA,NA,NA,NA,NA,NA,NA,NA,NA,NA,NA,NA,NA,NA,NA,NA,NA,NA,NA,NA,NA,0,NA,NA,NA,NA,0,NA,NA,0,0,0,0,NA,NA,2023,NA,NA,53,0,Field goal,4144,"12/25/23, 16:35:39",2023-12-26T00:37:58Z,Lincoln Financial Field,"Cloudy Temp: 51° F, Humidity: 68%, Wind: NE 5 mph",cbaf6e72-f053-11ed-b4a7-bab79e4492fa,0,0,TIMEOUT,0,NA,NA,NA,19,Field goal,2023-12-26T00:32:15.817Z,9,4:12,3,0,1,4,4,0,KICKOFF,FIELD_GOAL,05:22,01:10,PHI 25,NYG 25,4003,4220,25,33,Home,8,58,14,41,1,outdoors,grass,51,5,Nick Sirianni,Brian Daboll,PHI00,Lincoln Financial Field,0,0,NA,NA,NA,NA,NA,NA,0,0,0,0,0,NA,NA,NA,NA,NA,NA,NA,NA,NA,NA,0,0,0,NA,NA,NA,NA,NA,NA,NA
4159,2023_16_NYG_PHI,2023122501,PHI,NYG,REG,16,PHI,home,NYG,NYG,28,2023-12-25,139,139,139,Half2,0,20,0,4,2,0,02:19,NYG 28,11,50,(2:19) (Shotgun) 0-D.Swift left tackle to NYG 32 for -4 yards (55-J.Ward).,run,-4,1,0,0,0,0,0,NA,NA,NA,NA,left,tackle,NA,NA,NA,NA,2,0,0,NA,NA,NA,NA,2,0,30,25,30,25,5,30,25,5,0.45653897523880005,0.024279499426484108,2.733943401835859e-4,0.030055511742830276,0.3583715856075287,0.0024153662379831076,0.12806572020053864,0,0,1.6926316615426913,-0.6384138276334852,6.307053402590516,-6.307053402590516,0.001178815892101781,-0.001178815892101781,11.17162467668325,-11.17162467668325,NA,NA,0,0,10.71707518195035,-10.71707518195035,7.000382303522201,-7.000382303522201,14.8279585178243,-14.8279585178243,-3.460302502285659,3.460302502285659,0.9357722997665405,0.06422770023345947,0.9357722997665405,0.06422770023345947,0.008378684520721436,0.0035271048545837402,0.0035271048545837402,0.944150984287262,0.05584901571273804,0.9658230543136597,0.9658230543136597,0.23444003626931575,-0.23444003626931575,0.1651856104158096,-0.1651856104158096,NA,NA,0,0,0.10360406339168549,-0.10360406339168549,0.19490928107725902,-0.19490928107725902,-0.5286953076720238,0.5286953076720238,0.693258504035347,-0.693258504035347,0,0,0,0,0,0,0,0,0,0,0,0,0,0,0,0,0,0,0,0,0,0,0,0,1,0,0,1,0,0,0,0,1,0,0,0,0,0,0,0,0,0,0,0,0,0,0,0,0,0,0,NA,NA,NA,NA,NA,NA,00-0036275,D.Swift,-4,NA,NA,NA,NA,NA,NA,NA,NA,NA,NA,NA,NA,NA,NA,NA,NA,NA,NA,NA,NA,NA,NA,NA,NA,NA,NA,NA,NA,00-0033046,J.Ward,NA,NA,NA,NA,NA,NA,NA,NA,NA,NA,NA,NA,NYG,NA,00-0033046,NA,J.Ward,NA,NA,NA,NA,NA,NA,NA,NA,NA,NA,NA,NA,NA,0,NA,NA,NA,NA,NA,NA,NA,NA,NA,NA,NA,NA,NA,NA,NA,NA,NA,NA,NA,NA,NA,NA,NA,NA,NA,NA,NA,NA,NA,NA,NA,0,NA,NA,NA,NA,0,NA,NA,0,0,0,0,NA,NA,2023,NA,NA,53,0,Field goal,4159,"12/25/23, 16:35:39",2023-12-26T00:38:47.357Z,Lincoln Financial Field,"Cloudy Temp: 51° F, Humidity: 68%, Wind: NE 5 mph",cbaf6e72-f053-11ed-b4a7-bab79e4492fa,0,0,RUSH,0,NA,2023-12-26T00:38:51.217Z,NA,19,Field goal,2023-12-26T00:32:15.817Z,9,4:12,3,0,1,4,4,0,KICKOFF,FIELD_GOAL,05:22,01:10,PHI 25,NYG 25,4003,4220,25,33,Home,8,58,14,41,1,outdoors,grass,51,5,Nick Sirianni,Brian Daboll,PHI00,Lincoln Financial Field,0,0,NA,NA,D.Swift,0,NA,NA,0,1,0,0,1,NA,00-0036275,NA,D.Swift,0,00-0036275,D.Swift,00-0036275,D.Swift,00-0036275,0,0,-0.6384138276334852,NA,NA,NA,NA,NA,0.20874786376953125,-20.874786376953125
4188,2023_16_NYG_PHI,2023122501,PHI,NYG,REG,16,PHI,home,NYG,NYG,32,2023-12-25,120,120,120,Half2,0,20,0,4,3,0,02:00,NYG 32,15,50,(2:00) (Shotgun) 1-J.Hurts pass short right to 6-D.Smith to NYG 25 for 7 yards (22-A.Jackson).,pass,7,1,0,1,0,0,0,short,right,0,7,NA,NA,NA,NA,NA,NA,2,0,0,NA,NA,NA,NA,2,0,30,25,30,25,5,30,25,5,0.5389528870582581,0.039498623460531235,2.7955399127677083e-4,0.0381123349070549,0.3075394630432129,0.0023757785093039274,0.07324131578207016,0,0,1.054217833909206,1.21442526472763,7.521478667318147,-7.521478667318147,0.001178815892101781,-0.001178815892101781,12.38604994141088,-12.38604994141088,-0.4722804644261487,1.6867057291537786,-0.4722804644261487,1.6867057291537786,10.2447947175242,-10.2447947175242,8.68708803267598,-8.68708803267598,14.355678053398151,-14.355678053398151,-1.7735967731318805,1.7735967731318805,0.944150984287262,0.05584901571273804,0.944150984287262,0.05584901571273804,0.0260007381439209,0.01340484619140625,0.01340484619140625,0.9701517224311829,0.02984827756881714,0.9693501591682434,0.9693501591682434,0.23444003626931575,-0.23444003626931575,0.1911863485597305,-0.1911863485597305,0,0.0260007381439209,0,0.0260007381439209,0.10360406339168549,-0.10360406339168549,0.22091001922117992,-0.22091001922117992,-0.5286953076720238,0.5286953076720238,0.7192592421792678,-0.7192592421792678,0,0,0,0,0,1,0,0,0,0,0,0,0,0,0,0,0,0,0,0,0,0,0,0,1,0,0,0,0,0,0,0,0,1,0,0,0,0,0,0,0,0,0,0,0,1,0,0,0,0,0,00-0036389,J.Hurts,7,00-0036912,D.Smith,7,NA,NA,NA,NA,NA,NA,NA,NA,NA,NA,NA,NA,NA,NA,NA,NA,NA,NA,NA,NA,NA,NA,NA,NA,NA,NA,NA,NA,NA,NA,NA,NA,NA,NA,NA,NA,NA,NA,NA,NA,NA,NA,NA,NA,NA,NYG,NA,00-0033878,NA,A.Jackson,NA,NA,NA,NA,NA,NA,NA,NA,NA,NA,NA,NA,NA,0,NA,NA,NA,NA,NA,NA,NA,NA,NA,NA,NA,NA,NA,NA,NA,NA,NA,NA,NA,NA,NA,NA,NA,NA,NA,NA,NA,NA,NA,NA,NA,0,NA,NA,NA,NA,0,NA,NA,0,0,0,0,NA,NA,2023,0.7376934289932251,26.23065710067749,53,0,Field goal,4188,"12/25/23, 16:35:39",2023-12-26T00:42:07.090Z,Lincoln Financial Field,"Cloudy Temp: 51° F, Humidity: 68%, Wind: NE 5 mph",cbaf6e72-f053-11ed-b4a7-bab79e4492fa,0,0,PASS,0,NA,2023-12-26T00:42:12.657Z,NA,19,Field goal,2023-12-26T00:32:15.817Z,9,4:12,3,0,1,4,4,0,KICKOFF,FIELD_GOAL,05:22,01:10,PHI 25,NYG 25,4003,4220,25,33,Home,8,58,14,41,1,outdoors,grass,51,5,Nick Sirianni,Brian Daboll,PHI00,Lincoln Financial Field,0,1,J.Hurts,1,NA,NA,D.Smith,6,1,0,0,0,1,00-0036389,NA,00-0036912,J.Hurts,1,00-0036389,D.Smith,00-0036912,D.Smith,00-0036912,0,0,1.21442526472763,1.128324822790515,7.61514173541218,7,0.8180366029846482,0.10784224997041747,0.25856953859329224,74.14304614067078
4232,2023_16_NYG_PHI,2023122501,PHI,NYG,REG,16,NA,NA,NA,NA,NA,2023-12-25,74,74,74,Half2,0,20,0,4,NA,0,01:14,NYG 25,0,50,Timeout #2 by PHI at 01:14.,no_play,0,0,0,0,0,0,0,NA,NA,NA,NA,NA,NA,NA,NA,NA,NA,1,0,1,PHI,NA,NA,NA,NA,NA,30,25,NA,NA,NA,NA,NA,NA,0,0,0,0,0,0,0,0,0,2.268643098636836,0,7.521478667318147,-7.521478667318147,0.001178815892101781,-0.001178815892101781,12.38604994141088,-12.38604994141088,NA,NA,0,0,10.2447947175242,-10.2447947175242,8.68708803267598,-8.68708803267598,14.355678053398151,-14.355678053398151,-1.7735967731318805,1.7735967731318805,0.9701517224311829,0.02984827756881714,0.9701517224311829,0.02984827756881714,0,0,0,NA,NA,0.9827550053596497,0.9827550053596497,0.23444003626931575,-0.23444003626931575,0.1911863485597305,-0.1911863485597305,NA,NA,0,0,0.10360406339168549,-0.10360406339168549,0.22091001922117992,-0.22091001922117992,-0.5286953076720238,0.5286953076720238,0.7192592421792678,-0.7192592421792678,0,0,0,0,0,0,0,0,0,0,0,0,0,0,0,0,0,0,0,0,0,0,0,0,0,0,0,0,0,0,0,0,0,0,0,0,0,0,0,0,0,0,0,0,0,0,0,0,0,0,0,NA,NA,NA,NA,NA,NA,NA,NA,NA,NA,NA,NA,NA,NA,NA,NA,NA,NA,NA,NA,NA,NA,NA,NA,NA,NA,NA,NA,NA,NA,NA,NA,NA,NA,NA,NA,NA,NA,NA,NA,NA,NA,NA,NA,NA,NA,NA,NA,NA,NA,NA,NA,NA,NA,NA,NA,NA,NA,NA,NA,NA,NA,NA,NA,NA,NA,NA,NA,NA,0,NA,NA,NA,NA,NA,NA,NA,NA,NA,NA,NA,NA,NA,NA,NA,NA,NA,NA,NA,NA,NA,NA,NA,NA,NA,NA,NA,NA,NA,NA,NA,0,NA,NA,NA,NA,0,NA,NA,0,0,0,0,NA,NA,2023,NA,NA,53,0,Field goal,4204,"12/25/23, 16:35:39",2023-12-26T00:42:55Z,Lincoln Financial Field,"Cloudy Temp: 51° F, Humidity: 68%, Wind: NE 5 mph",cbaf6e72-f053-11ed-b4a7-bab79e4492fa,0,0,TIMEOUT,0,NA,NA,NA,19,Field goal,2023-12-26T00:32:15.817Z,9,4:12,3,0,1,4,4,0,KICKOFF,FIELD_GOAL,05:22,01:10,PHI 25,NYG 25,4003,4220,25,33,Home,8,58,14,41,1,outdoors,grass,51,5,Nick Sirianni,Brian Daboll,PHI00,Lincoln Financial Field,0,0,NA,NA,NA,NA,NA,NA,0,0,0,0,0,NA,NA,NA,NA,NA,NA,NA,NA,NA,NA,0,0,0,NA,NA,NA,NA,NA,NA,NA
4220,2023_16_NYG_PHI,2023122501,PHI,NYG,REG,16,PHI,home,NYG,NYG,25,2023-12-25,74,74,74,Half2,0,20,1,4,4,0,01:14,NYG 25,8,50,"(1:14) 4-J.Elliott 43 yard field goal is GOOD, Center-45-R.Lovato, Holder-10-B.Mann.",field_goal,0,0,0,0,0,0,0,NA,NA,NA,NA,NA,NA,made,43,NA,NA,1,0,0,NA,NA,NA,NA,1,0,33,25,30,25,5,33,25,8,0.14434439067805813,0.03475904830384419,1.2817634292361488e-4,0.010935881009792904,0.8045658271401553,1.67304570856653e-4,0.005099381820083862,0,0,2.268643098636836,0.731356901363164,8.252835568681311,-8.252835568681311,0.001178815892101781,-0.001178815892101781,12.38604994141088,-12.38604994141088,NA,NA,0,0,10.2447947175242,-10.2447947175242,8.68708803267598,-8.68708803267598,14.355678053398151,-14.355678053398151,-1.7735967731318805,1.7735967731318805,0.9701517224311829,0.02984827756881714,0.9701517224311829,0.02984827756881714,-0.015809740871191025,-0.015134785324335098,-0.015134785324335098,0.9543419815599918,0.04565801844000816,0.9827550053596497,0.9827550053596497,0.23444003626931575,-0.23444003626931575,0.1911863485597305,-0.1911863485597305,NA,NA,0,0,0.10360406339168549,-0.10360406339168549,0.22091001922117992,-0.22091001922117992,-0.5286953076720238,0.5286953076720238,0.7192592421792678,-0.7192592421792678,0,0,0,0,0,0,0,0,0,0,0,0,0,0,0,0,0,0,0,0,0,0,0,0,0,0,0,0,0,0,0,0,0,0,0,0,0,0,0,0,0,1,0,0,0,0,0,0,0,0,0,NA,NA,NA,NA,NA,NA,NA,NA,NA,NA,NA,NA,NA,NA,NA,NA,NA,NA,NA,NA,NA,NA,NA,NA,NA,NA,NA,NA,NA,NA,NA,J.Elliott,00-0033787,NA,NA,NA,NA,NA,NA,NA,NA,NA,NA,NA,NA,NA,NA,NA,NA,NA,NA,NA,NA,NA,NA,NA,NA,NA,NA,NA,NA,NA,NA,NA,NA,NA,NA,NA,NA,0,NA,NA,NA,NA,NA,NA,NA,NA,NA,NA,NA,NA,NA,NA,NA,NA,NA,NA,NA,NA,NA,NA,NA,NA,NA,NA,NA,NA,NA,NA,NA,0,NA,NA,NA,NA,0,NA,NA,0,0,0,0,NA,NA,2023,NA,NA,53,0,Field goal,4220,"12/25/23, 16:35:39",2023-12-26T00:43:49.560Z,Lincoln Financial Field,"Cloudy Temp: 51° F, Humidity: 68%, Wind: NE 5 mph",cbaf6e72-f053-11ed-b4a7-bab79e4492fa,0,0,FIELD_GOAL,0,NA,2023-12-26T00:43:53.140Z,NA,19,Field goal,2023-12-26T00:32:15.817Z,9,4:12,3,0,1,4,4,0,KICKOFF,FIELD_GOAL,05:22,01:10,PHI 25,NYG 25,4003,4220,25,33,Home,8,58,14,41,1,outdoors,grass,51,5,Nick Sirianni,Brian Daboll,PHI00,Lincoln Financial Field,0,1,NA,NA,NA,NA,NA,NA,0,0,0,1,0,NA,NA,NA,NA,NA,NA,NA,NA,NA,NA,0,0,0.731356901363164,NA,NA,NA,NA,NA,NA,NA
4247,2023_16_NYG_PHI,2023122501,PHI,NYG,REG,16,NYG,away,PHI,PHI,35,2023-12-25,70,70,70,Half2,0,21,0,4,NA,0,01:10,PHI 35,0,49,"4-J.Elliott kicks 65 yards from PHI 35 to end zone, Touchback.",kickoff,0,0,0,0,0,0,0,NA,NA,NA,NA,NA,NA,NA,65,NA,NA,1,0,0,NA,NA,NA,NA,0,1,33,25,25,33,-8,25,33,-8,0.7801552414894104,0.022965051233768463,9.754046332091093e-4,0.02376611903309822,0.10291676968336105,5.222615436650813e-4,0.0686991959810257,0,0,0.553480407805182,-0,8.252835568681311,-8.252835568681311,0.001178815892101781,-0.001178815892101781,12.38604994141088,-12.38604994141088,NA,NA,0,0,10.2447947175242,-10.2447947175242,8.68708803267598,-8.68708803267598,14.355678053398151,-14.355678053398151,-1.7735967731318805,1.7735967731318805,0.04565801844000816,0.9543419815599918,0.9543419815599918,0.04565801844000816,-0,-0,0,0.9543419815599918,0.04565801844000816,0.03237977996468544,0.9676202200353146,0.23444003626931575,-0.23444003626931575,0.1911863485597305,-0.1911863485597305,NA,NA,0,0,0.10360406339168549,-0.10360406339168549,0.22091001922117992,-0.22091001922117992,-0.5286953076720238,0.5286953076720238,0.7192592421792678,-0.7192592421792678,0,0,0,0,0,0,0,0,0,1,0,0,0,0,0,0,0,0,0,0,0,0,0,0,0,0,0,0,0,0,0,0,0,0,0,0,0,0,0,0,0,0,1,0,0,0,0,0,0,0,0,NA,NA,NA,NA,NA,NA,NA,NA,NA,NA,NA,NA,NA,NA,NA,NA,NA,NA,NA,NA,NA,NA,NA,NA,NA,NA,NA,NA,NA,NA,NA,J.Elliott,00-0033787,NA,NA,NA,NA,NA,NA,NA,NA,NA,NA,NA,NA,NA,NA,NA,NA,NA,NA,NA,NA,NA,NA,NA,NA,NA,NA,NA,NA,NA,NA,NA,NA,NA,NA,NA,NA,0,NA,NA,NA,NA,NA,NA,NA,NA,NA,NA,NA,NA,NA,NA,NA,NA,NA,NA,NA,NA,NA,NA,NA,NA,NA,NA,NA,NA,NA,NA,NYG,0,NA,NA,NA,NA,0,NA,NA,0,0,0,0,NA,NA,2023,NA,NA,54,1,First down,4247,"12/25/23, 16:35:39",2023-12-26T00:45:11.440Z,Lincoln Financial Field,"Cloudy Temp: 51° F, Humidity: 68%, Wind: NE 5 mph",cbaf6e72-f053-11ed-b4a7-bab79e4492fa,0,0,KICK_OFF,1,NA,2023-12-26T00:45:15.973Z,NA,20,Turnover,2023-12-26T00:45:11.440Z,9,1:10,3,0,0,4,4,15,KICKOFF,INTERCEPTION,01:10,00:00,NYG 25,PHI 26,4247,4499,25,33,Home,8,58,14,41,1,outdoors,grass,51,5,Nick Sirianni,Brian Daboll,PHI00,Lincoln Financial Field,0,0,NA,NA,NA,NA,NA,NA,0,0,0,1,0,NA,NA,NA,NA,NA,NA,NA,NA,NA,NA,0,0,-0,NA,NA,NA,NA,NA,NA,NA
4263,2023_16_NYG_PHI,2023122501,PHI,NYG,REG,16,NYG,away,PHI,NYG,75,2023-12-25,70,70,70,Half2,0,21,0,4,1,0,01:10,NYG 25,10,49,"(1:10) (Shotgun) 2-T.Taylor pass incomplete deep left to 12-D.Waller (32-R.Blankenship). PENALTY on PHI-7-H.Reddick, Roughing the Passer, 15 yards, enforced at NYG 25 - No Play.",no_play,0,1,0,0,0,0,0,NA,NA,NA,NA,NA,NA,NA,NA,NA,NA,1,0,0,NA,NA,NA,NA,0,1,33,25,25,33,-8,25,33,-8,0.7801552414894104,0.022965051233768463,9.754046332091093e-4,0.02376611903309822,0.10291676968336105,5.222615436650813e-4,0.0686991959810257,0,0,0.553480407805182,0.5773325476329774,7.675503021048333,-7.675503021048333,0.001178815892101781,-0.001178815892101781,12.38604994141088,-12.38604994141088,NA,NA,0,0,10.2447947175242,-10.2447947175242,8.68708803267598,-8.68708803267598,14.355678053398151,-14.355678053398151,-1.7735967731318805,1.7735967731318805,0.04565801844000816,0.9543419815599918,0.9543419815599918,0.04565801844000816,0.006873339414596558,0.007642984390258789,-0.007642984390258789,0.9474686421453953,0.05253135785460472,0.03237977996468544,0.9676202200353146,0.23444003626931575,-0.23444003626931575,0.1911863485597305,-0.1911863485597305,NA,NA,0,0,0.10360406339168549,-0.10360406339168549,0.22091001922117992,-0.22091001922117992,-0.5286953076720238,0.5286953076720238,0.7192592421792678,-0.7192592421792678,0,0,0,1,0,0,0,0,0,0,0,0,0,0,0,0,0,0,0,0,0,0,0,0,0,0,1,0,0,0,0,0,0,0,0,0,0,0,0,0,0,0,0,0,0,0,0,0,0,0,0,NA,NA,NA,NA,NA,NA,NA,NA,NA,NA,NA,NA,NA,NA,NA,NA,NA,NA,NA,NA,NA,NA,NA,NA,NA,NA,NA,NA,NA,NA,NA,NA,NA,NA,NA,NA,NA,NA,NA,NA,NA,NA,NA,NA,NA,NA,NA,NA,NA,NA,NA,NA,NA,NA,NA,NA,NA,NA,NA,NA,NA,NA,NA,NA,NA,NA,NA,NA,NA,0,NA,NA,NA,NA,NA,NA,NA,NA,NA,NA,NA,NA,NA,NA,NA,NA,NA,NA,NA,NA,NA,NA,NA,NA,NA,NA,NA,NA,NA,NA,NA,0,PHI,00-0033875,H.Reddick,15,0,NA,Roughing the Passer,0,0,0,0,NA,NA,2023,NA,NA,54,1,First down,4263,"12/25/23, 16:35:39",2023-12-26T00:45:47.443Z,Lincoln Financial Field,"Cloudy Temp: 51° F, Humidity: 68%, Wind: NE 5 mph",cbaf6e72-f053-11ed-b4a7-bab79e4492fa,0,0,PENALTY,0,NA,2023-12-26T00:45:53.683Z,NA,20,Turnover,2023-12-26T00:45:11.440Z,9,1:10,3,0,0,4,4,15,KICKOFF,INTERCEPTION,01:10,00:00,NYG 25,PHI 26,4247,4499,25,33,Home,8,58,14,41,1,outdoors,grass,51,5,Nick Sirianni,Brian Daboll,PHI00,Lincoln Financial Field,0,1,T.Taylor,2,NA,NA,D.Waller,12,1,0,1,0,1,00-0028118,NA,00-0031610,T.Taylor,2,00-0028118,NA,NA,D.Waller,00-0031610,0,0,0.5773325476329774,NA,NA,NA,NA,NA,0.9875989556312561,1.2401044368743896
4297,2023_16_NYG_PHI,2023122501,PHI,NYG,REG,16,NYG,away,PHI,NYG,60,2023-12-25,63,63,63,Half2,0,21,0,4,1,0,01:03,NYG 40,10,49,(1:03) (Shotgun) 2-T.Taylor pass incomplete deep right to 17-W.Robinson.,pass,0,1,0,1,0,0,0,deep,right,22,NA,NA,NA,NA,NA,NA,NA,1,0,0,NA,NA,NA,NA,0,1,33,25,25,33,-8,25,33,-8,0.6981911659240723,0.014000439085066319,5.196133861318231e-4,0.017430750653147697,0.14774557948112488,4.309786600060761e-4,0.12168143689632416,0,0,1.1308129554381594,-0.24837107624625787,7.923874097294591,-7.923874097294591,0.001178815892101781,-0.001178815892101781,12.634421017657138,-12.634421017657138,1.2957418581354432,-1.544112934381701,0,0,10.2447947175242,-10.2447947175242,8.68708803267598,-8.68708803267598,13.059936195262708,-13.059936195262708,-0.22948383875017941,0.22948383875017941,0.05253135785460472,0.9474686421453953,0.9474686421453953,0.05253135785460472,-0.009934961795806885,-0.001990996301174164,0.001990996301174164,0.9574036039412022,0.042596396058797836,0.04002276435494423,0.9599772356450558,0.23444003626931575,-0.23444003626931575,0.20112131035553737,-0.20112131035553737,0,-0.009934961795806885,0,0,0.10360406339168549,-0.10360406339168549,0.22091001922117992,-0.22091001922117992,-0.5286953076720238,0.5286953076720238,0.7291942039750747,-0.7291942039750747,0,0,0,0,0,0,0,0,1,0,0,0,0,0,0,0,0,0,0,0,0,0,0,0,0,0,0,0,0,0,0,0,0,1,0,0,0,0,0,0,0,0,0,0,0,0,0,0,0,0,0,00-0028118,T.Taylor,NA,00-0038117,W.Robinson,NA,NA,NA,NA,NA,NA,NA,NA,NA,NA,NA,NA,NA,NA,NA,NA,NA,NA,NA,NA,NA,NA,NA,NA,NA,NA,NA,NA,NA,NA,NA,NA,NA,NA,NA,NA,NA,NA,NA,NA,NA,NA,NA,NA,NA,NA,NA,NA,NA,NA,NA,NA,NA,NA,NA,NA,NA,NA,NA,NA,NA,NA,NA,NA,0,NA,NA,NA,NA,NA,NA,NA,NA,NA,NA,NA,NA,NA,NA,NA,NA,NA,NA,NA,NA,NA,NA,NA,NA,NA,NA,NA,NA,NA,NA,NA,0,NA,NA,NA,NA,0,NA,NA,0,0,0,0,NA,NA,2023,0.4702577292919159,-47.02577292919159,55,1,First down,4297,"12/25/23, 16:35:39",2023-12-26T00:46:54.077Z,Lincoln Financial Field,"Cloudy Temp: 51° F, Humidity: 68%, Wind: NE 5 mph",cbaf6e72-f053-11ed-b4a7-bab79e4492fa,0,0,PASS,0,NA,2023-12-26T00:47:01.287Z,NA,20,Turnover,2023-12-26T00:45:11.440Z,9,1:10,3,0,0,4,4,15,KICKOFF,INTERCEPTION,01:10,00:00,NYG 25,PHI 26,4247,4499,25,33,Home,8,58,14,41,1,outdoors,grass,51,5,Nick Sirianni,Brian Daboll,PHI00,Lincoln Financial Field,0,0,T.Taylor,2,NA,NA,W.Robinson,17,1,0,0,0,1,00-0028118,NA,00-0038117,T.Taylor,2,00-0028118,W.Robinson,00-0038117,W.Robinson,00-0038117,0,0,-0.24837107624625787,0.8083731584641569,8.491782175435219,3,1,1,0.9934871196746826,0.6512880325317383
4320,2023_16_NYG_PHI,2023122501,PHI,NYG,REG,16,NYG,away,PHI,NYG,60,2023-12-25,56,56,56,Half2,0,21,0,4,2,0,00:56,NYG 40,10,49,(:56) (Shotgun) 2-T.Taylor pass incomplete deep right to 17-W.Robinson.,pass,0,1,0,1,0,0,0,deep,right,20,NA,NA,NA,NA,NA,NA,NA,1,0,0,NA,NA,NA,NA,0,1,33,25,25,33,-8,25,33,-8,0.7413424253463745,0.017081350088119507,5.784599925391376e-4,0.017192337661981583,0.1273329257965088,4.2347158887423575e-4,0.09604907035827637,0,0,0.8824418791919015,-0.27363508130656555,8.197509178601157,-8.197509178601157,0.001178815892101781,-0.001178815892101781,12.908056098963703,-12.908056098963703,1.2868857307475992,-1.5605208120541647,0,0,10.2447947175242,-10.2447947175242,8.68708803267598,-8.68708803267598,11.773050464515109,-11.773050464515109,1.3310369733039853,-1.3310369733039853,0.042596396058797836,0.9574036039412022,0.9574036039412022,0.042596396058797836,-0.007777512073516846,-0.012125955894589424,0.012125955894589424,0.965181116014719,0.03481888398528099,0.038031768053770065,0.9619682319462299,0.23444003626931575,-0.23444003626931575,0.20889882242905422,-0.20889882242905422,-0.006770540028810501,-0.0010069720447063446,0,0,0.10360406339168549,-0.10360406339168549,0.22091001922117992,-0.22091001922117992,-0.5219247676432133,0.5219247676432133,0.7302011760197811,-0.7302011760197811,0,0,0,0,0,0,0,0,1,0,0,0,0,0,0,0,0,0,0,0,0,0,0,0,0,0,0,0,0,0,0,0,0,1,0,0,0,0,0,0,0,0,0,0,0,0,0,0,0,0,0,00-0028118,T.Taylor,NA,00-0038117,W.Robinson,NA,NA,NA,NA,NA,NA,NA,NA,NA,NA,NA,NA,NA,NA,NA,NA,NA,NA,NA,NA,NA,NA,NA,NA,NA,NA,NA,NA,NA,NA,NA,NA,NA,NA,NA,NA,NA,NA,NA,NA,NA,NA,NA,NA,NA,NA,NA,NA,NA,NA,NA,NA,NA,NA,NA,NA,NA,NA,NA,NA,NA,NA,NA,NA,0,NA,NA,NA,NA,NA,NA,NA,NA,NA,NA,NA,NA,NA,NA,NA,NA,NA,NA,NA,NA,NA,NA,NA,NA,NA,NA,NA,NA,NA,NA,NA,0,NA,NA,NA,NA,0,NA,NA,0,0,0,0,NA,NA,2023,0.4766845107078552,-47.66845107078552,55,1,First down,4320,"12/25/23, 16:35:39",2023-12-26T00:47:33.083Z,Lincoln Financial Field,"Cloudy Temp: 51° F, Humidity: 68%, Wind: NE 5 mph",cbaf6e72-f053-11ed-b4a7-bab79e4492fa,0,0,PASS,0,NA,2023-12-26T00:47:38.657Z,NA,20,Turnover,2023-12-26T00:45:11.440Z,9,1:10,3,0,0,4,4,15,KICKOFF,INTERCEPTION,01:10,00:00,NYG 25,PHI 26,4247,4499,25,33,Home,8,58,14,41,1,outdoors,grass,51,5,Nick Sirianni,Brian Daboll,PHI00,Lincoln Financial Field,0,0,T.Taylor,2,NA,NA,W.Robinson,17,1,0,0,0,1,00-0028118,NA,00-0038117,T.Taylor,2,00-0028118,W.Robinson,00-0038117,W.Robinson,00-0038117,0,0,-0.27363508130656555,0.43670651407048644,5.057327425281983,2,1,1,0.9939495325088501,0.6050467491149902
4343,2023_16_NYG_PHI,2023122501,PHI,NYG,REG,16,NYG,away,PHI,NYG,60,2023-12-25,51,51,51,Half2,0,21,0,4,3,0,00:51,NYG 40,10,49,"(:51) (Shotgun) 2-T.Taylor pass short middle to 12-D.Waller to PHI 48 for 12 yards (24-J.Bradberry, 32-R.Blankenship) [7-H.Reddick].",pass,12,1,0,1,0,0,0,short,middle,7,5,NA,NA,NA,NA,NA,NA,1,0,0,NA,NA,NA,NA,0,1,33,25,25,33,-8,25,33,-8,0.7853450775146484,0.021817700937390327,5.970027996227145e-4,0.018957652151584625,0.10077821463346481,3.415110404603183e-4,0.07216282933950424,0,0,0.608806797885336,0.8184537632623687,7.3790554153387875,-7.3790554153387875,0.001178815892101781,-0.001178815892101781,12.089602335701334,-12.089602335701334,-0.347851469181478,1.1663052324438468,-0.347851469181478,1.1663052324438468,10.592646186705679,-10.592646186705679,7.5207828002321335,-7.5207828002321335,12.120901933696587,-12.120901933696587,0.16473174086013853,-0.16473174086013853,0.03481888398528099,0.965181116014719,0.965181116014719,0.03481888398528099,0.030452053993940353,0.0055799540132284164,-0.0055799540132284164,0.9347290620207787,0.06527093797922134,0.02590581215918064,0.9740941878408194,0.23444003626931575,-0.23444003626931575,0.17844676843511387,-0.17844676843511387,0,0.030452053993940353,0,0.030452053993940353,0.10360406339168549,-0.10360406339168549,0.19045796522723957,-0.19045796522723957,-0.5219247676432133,0.5219247676432133,0.6997491220258407,-0.6997491220258407,0,0,1,0,1,0,0,0,0,0,0,0,0,0,0,0,0,0,0,0,0,0,0,0,0,0,0,0,0,0,0,1,0,1,0,0,0,0,0,0,0,0,0,0,0,1,1,0,0,0,0,00-0028118,T.Taylor,12,00-0031610,D.Waller,12,NA,NA,NA,NA,NA,NA,NA,NA,NA,NA,NA,NA,NA,NA,NA,NA,NA,NA,NA,NA,NA,NA,NA,NA,NA,NA,NA,NA,NA,NA,NA,NA,NA,NA,NA,00-0033875,H.Reddick,NA,NA,NA,NA,NA,NA,NA,NA,NA,NA,NA,NA,NA,NA,00-0037130,R.Blankenship,PHI,NA,NA,NA,NA,NA,NA,NA,NA,NA,1,00-0032890,J.Bradberry,PHI,NA,NA,NA,NA,NA,NA,NA,NA,NA,NA,NA,NA,NA,NA,NA,NA,NA,NA,NA,NA,NA,NA,NA,NA,NA,NA,NA,NA,0,NA,NA,NA,NA,0,NA,NA,0,0,0,0,NA,NA,2023,0.5081713199615479,49.182868003845215,55,1,First down,4343,"12/25/23, 16:35:39",2023-12-26T00:48:15Z,Lincoln Financial Field,"Cloudy Temp: 51° F, Humidity: 68%, Wind: NE 5 mph",cbaf6e72-f053-11ed-b4a7-bab79e4492fa,0,0,PASS,0,NA,NA,NA,20,Turnover,2023-12-26T00:45:11.440Z,9,1:10,3,0,0,4,4,15,KICKOFF,INTERCEPTION,01:10,00:00,NYG 25,PHI 26,4247,4499,25,33,Home,8,58,14,41,1,outdoors,grass,51,5,Nick Sirianni,Brian Daboll,PHI00,Lincoln Financial Field,0,1,T.Taylor,2,NA,NA,D.Waller,12,1,0,1,0,1,00-0028118,NA,00-0031610,T.Taylor,2,00-0028118,D.Waller,00-0031610,D.Waller,00-0031610,0,0,0.8184537632623687,0.7465662804146269,4.443182801565854,2,0.44924208836164325,0.44924208836164325,0.9920331835746765,0.7966816425323486
4368,2023_16_NYG_PHI,2023122501,PHI,NYG,REG,16,NYG,away,PHI,PHI,48,2023-12-25,38,38,38,Half2,0,21,0,4,1,0,00:38,PHI 48,10,49,(:38) (No Huddle) 2-T.Taylor spiked the ball to stop the clock.,qb_spike,0,0,1,0,0,1,0,NA,NA,-1,NA,NA,NA,NA,NA,NA,NA,1,0,0,NA,NA,NA,NA,0,1,33,25,25,33,-8,25,33,-8,0.6335117816925049,0.010755257681012154,3.296374634373933e-4,0.00886202696710825,0.2254549115896225,3.498524019960314e-4,0.12073647975921631,0,0,1.4272605611477047,-0.17693585500819609,7.555991270346984,-7.555991270346984,0.001178815892101781,-0.001178815892101781,12.089602335701334,-12.089602335701334,NA,NA,0,0,10.592646186705679,-10.592646186705679,7.5207828002321335,-7.5207828002321335,12.120901933696587,-12.120901933696587,0.16473174086013853,-0.16473174086013853,0.06527093797922134,0.9347290620207787,0.9347290620207787,0.06527093797922134,-0.012209389358758926,-0.0034030210226774216,0.0034030210226774216,0.9469384513795376,0.05306154862046242,0.03148576617240906,0.9685142338275909,0.23444003626931575,-0.23444003626931575,0.17844676843511387,-0.17844676843511387,NA,NA,0,0,0.10360406339168549,-0.10360406339168549,0.19045796522723957,-0.19045796522723957,-0.5219247676432133,0.5219247676432133,0.6997491220258407,-0.6997491220258407,0,0,0,0,0,0,0,0,1,0,0,0,0,0,0,0,0,0,0,0,0,0,0,0,0,0,0,0,0,0,0,0,0,1,0,0,0,0,0,0,0,0,0,0,0,0,0,0,0,0,0,00-0028118,T.Taylor,NA,NA,NA,NA,NA,NA,NA,NA,NA,NA,NA,NA,NA,NA,NA,NA,NA,NA,NA,NA,NA,NA,NA,NA,NA,NA,NA,NA,NA,NA,NA,NA,NA,NA,NA,NA,NA,NA,NA,NA,NA,NA,NA,NA,NA,NA,NA,NA,NA,NA,NA,NA,NA,NA,NA,NA,NA,NA,NA,NA,NA,NA,NA,NA,NA,NA,NA,0,NA,NA,NA,NA,NA,NA,NA,NA,NA,NA,NA,NA,NA,NA,NA,NA,NA,NA,NA,NA,NA,NA,NA,NA,NA,NA,NA,NA,NA,NA,NA,0,NA,NA,NA,NA,0,NA,NA,0,0,0,0,NA,NA,2023,NA,NA,56,1,First down,4368,"12/25/23, 16:35:39",2023-12-26T00:48:28Z,Lincoln Financial Field,"Cloudy Temp: 51° F, Humidity: 68%, Wind: NE 5 mph",cbaf6e72-f053-11ed-b4a7-bab79e4492fa,0,0,PASS,0,NA,NA,NA,20,Turnover,2023-12-26T00:45:11.440Z,9,1:10,3,0,0,4,4,15,KICKOFF,INTERCEPTION,01:10,00:00,NYG 25,PHI 26,4247,4499,25,33,Home,8,58,14,41,1,outdoors,grass,51,5,Nick Sirianni,Brian Daboll,PHI00,Lincoln Financial Field,0,0,NA,NA,NA,NA,NA,NA,0,0,0,0,0,NA,NA,NA,NA,NA,NA,NA,NA,NA,NA,0,0,-0.17693585500819609,NA,NA,NA,NA,NA,NA,NA
4391,2023_16_NYG_PHI,2023122501,PHI,NYG,REG,16,NYG,away,PHI,PHI,48,2023-12-25,37,37,37,Half2,0,21,0,4,2,0,00:37,PHI 48,10,49,(:37) (Shotgun) 2-T.Taylor pass short right to 26-S.Barkley pushed ob at PHI 46 for 2 yards (24-J.Bradberry).,pass,2,1,0,1,0,0,0,short,right,0,2,NA,NA,NA,NA,NA,NA,1,0,0,NA,NA,NA,NA,0,1,33,25,25,33,-8,25,33,-8,0.6726340055465698,0.013105516321957111,3.417839470785111e-4,0.008604833856225014,0.19620218873023987,3.659348003566265e-4,0.1087457463145256,0,0,1.2503247061395086,-0.14590153144672513,7.701892801793709,-7.701892801793709,0.001178815892101781,-0.001178815892101781,12.23550386714806,-12.23550386714806,-0.32273887435439974,0.1768373429076746,-0.32273887435439974,0.1768373429076746,10.915385061060078,-10.915385061060078,7.343945457324459,-7.343945457324459,12.443640808050986,-12.443640808050986,-0.01210560204753608,0.01210560204753608,0.05306154862046242,0.9469384513795376,0.9469384513795376,0.05306154862046242,0.0066200122237205505,0.0025732703506946564,-0.0025732703506946564,0.940318439155817,0.05968156084418297,0.028082745149731636,0.9719172548502684,0.23444003626931575,-0.23444003626931575,0.17182675621139332,-0.17182675621139332,-0.0012798942625522614,0.007899906486272812,-0.0012798942625522614,0.007899906486272812,0.10488395765423775,-0.10488395765423775,0.18255805874096676,-0.18255805874096676,-0.520644873380661,0.520644873380661,0.6918492155395679,-0.6918492155395679,0,0,0,0,0,0,0,0,0,0,0,0,0,0,0,0,0,0,0,0,0,0,0,0,1,0,0,0,0,0,0,0,0,1,0,0,0,0,0,0,0,0,0,0,0,1,0,0,0,0,0,00-0028118,T.Taylor,2,00-0034844,S.Barkley,2,NA,NA,NA,NA,NA,NA,NA,NA,NA,NA,NA,NA,NA,NA,NA,NA,NA,NA,NA,NA,NA,NA,NA,NA,NA,NA,NA,NA,NA,NA,NA,NA,NA,NA,NA,NA,NA,NA,NA,NA,NA,NA,NA,NA,NA,PHI,NA,00-0032890,NA,J.Bradberry,NA,NA,NA,NA,NA,NA,NA,NA,NA,NA,NA,NA,NA,0,NA,NA,NA,NA,NA,NA,NA,NA,NA,NA,NA,NA,NA,NA,NA,NA,NA,NA,NA,NA,NA,NA,NA,NA,NA,NA,NA,NA,NA,NA,NA,0,NA,NA,NA,NA,0,NA,NA,0,0,0,0,NA,NA,2023,0.721470832824707,27.852916717529297,56,1,First down,4391,"12/25/23, 16:35:39",2023-12-26T00:49:00Z,Lincoln Financial Field,"Cloudy Temp: 51° F, Humidity: 68%, Wind: NE 5 mph",cbaf6e72-f053-11ed-b4a7-bab79e4492fa,0,0,PASS,0,NA,NA,NA,20,Turnover,2023-12-26T00:45:11.440Z,9,1:10,3,0,0,4,4,15,KICKOFF,INTERCEPTION,01:10,00:00,NYG 25,PHI 26,4247,4499,25,33,Home,8,58,14,41,1,outdoors,grass,51,5,Nick Sirianni,Brian Daboll,PHI00,Lincoln Financial Field,0,0,T.Taylor,2,NA,NA,S.Barkley,26,1,0,0,0,1,00-0028118,NA,00-0034844,T.Taylor,2,00-0028118,S.Barkley,00-0034844,S.Barkley,00-0034844,1,0,-0.14590153144672513,0.6298138342217869,6.814772157638799,6,0.5906761333462782,0.22214796097250655,0.9935978651046753,0.6402134895324707
4421,2023_16_NYG_PHI,2023122501,PHI,NYG,REG,16,NYG,away,PHI,PHI,46,2023-12-25,32,32,32,Half2,0,21,0,4,3,0,00:32,PHI 46,8,49,(:32) (Shotgun) 2-T.Taylor pass incomplete deep left to 17-W.Robinson.,pass,0,1,0,1,0,0,0,deep,left,33,NA,NA,NA,NA,NA,NA,NA,1,0,0,NA,NA,NA,NA,0,1,33,25,25,33,-8,25,33,-8,0.7013280987739563,0.016788892447948456,3.524263156577945e-4,0.007070234976708889,0.1785476952791214,4.0908940718509257e-4,0.09550358355045319,0,0,1.1044231746927835,-0.8372438059304841,8.539136607724194,-8.539136607724194,0.001178815892101781,-0.001178815892101781,13.072747673078544,-13.072747673078544,3.0503854250418954,-3.8876292309723794,0,0,10.915385061060078,-10.915385061060078,7.343945457324459,-7.343945457324459,9.393255383009091,-9.393255383009091,3.875523628924843,-3.875523628924843,0.05968156084418297,0.940318439155817,0.940318439155817,0.05968156084418297,-0.0229756198823452,-0.006487049162387848,0.006487049162387848,0.9632940590381622,0.03670594096183777,0.030656015500426292,0.9693439844995737,0.23444003626931575,-0.23444003626931575,0.19480237609373852,-0.19480237609373852,-0.012535270303487778,-0.010440349578857422,0,0,0.10488395765423775,-0.10488395765423775,0.18255805874096676,-0.18255805874096676,-0.5081096030771732,0.5081096030771732,0.7022895651184253,-0.7022895651184253,0,0,0,0,0,1,0,0,1,0,0,0,0,0,0,0,0,0,0,0,0,0,0,0,0,0,0,0,0,0,0,0,0,1,0,0,0,0,0,0,0,0,0,0,0,0,0,0,0,0,0,00-0028118,T.Taylor,NA,00-0038117,W.Robinson,NA,NA,NA,NA,NA,NA,NA,NA,NA,NA,NA,NA,NA,NA,NA,NA,NA,NA,NA,NA,NA,NA,NA,NA,NA,NA,NA,NA,NA,NA,NA,NA,NA,NA,NA,NA,NA,NA,NA,NA,NA,NA,NA,NA,NA,NA,NA,NA,NA,NA,NA,NA,NA,NA,NA,NA,NA,NA,NA,NA,NA,NA,NA,NA,0,NA,NA,NA,NA,NA,NA,NA,NA,NA,NA,NA,NA,NA,NA,NA,NA,NA,NA,NA,NA,NA,NA,NA,NA,NA,NA,NA,NA,NA,NA,NA,0,NA,NA,NA,NA,0,NA,NA,0,0,0,0,NA,NA,2023,0.296674907207489,-29.6674907207489,56,1,First down,4421,"12/25/23, 16:35:39",2023-12-26T00:49:37Z,Lincoln Financial Field,"Cloudy Temp: 51° F, Humidity: 68%, Wind: NE 5 mph",cbaf6e72-f053-11ed-b4a7-bab79e4492fa,0,0,PASS,0,NA,NA,NA,20,Turnover,2023-12-26T00:45:11.440Z,9,1:10,3,0,0,4,4,15,KICKOFF,INTERCEPTION,01:10,00:00,NYG 25,PHI 26,4247,4499,25,33,Home,8,58,14,41,1,outdoors,grass,51,5,Nick Sirianni,Brian Daboll,PHI00,Lincoln Financial Field,0,0,T.Taylor,2,NA,NA,W.Robinson,17,1,0,0,0,1,00-0028118,NA,00-0038117,T.Taylor,2,00-0028118,W.Robinson,00-0038117,W.Robinson,00-0038117,0,0,-0.8372438059304841,0.8538626307209682,5.334741909435252,4,1,1,0.9925011992454529,0.7498800754547119
4456,2023_16_NYG_PHI,2023122501,PHI,NYG,REG,16,NA,NA,NA,NA,NA,2023-12-25,26,26,26,Half2,0,21,0,4,NA,0,00:26,PHI 46,0,49,Timeout #3 by PHI at 00:26.,no_play,0,0,0,0,0,0,0,NA,NA,NA,NA,NA,NA,NA,NA,NA,NA,0,0,1,PHI,NA,NA,NA,NA,NA,33,25,NA,NA,NA,NA,NA,NA,0,0,0,0,0,0,0,0,0,0.2671793687622994,-0,8.539136607724194,-8.539136607724194,0.001178815892101781,-0.001178815892101781,13.072747673078544,-13.072747673078544,NA,NA,0,0,10.915385061060078,-10.915385061060078,7.343945457324459,-7.343945457324459,9.393255383009091,-9.393255383009091,3.875523628924843,-3.875523628924843,0.03670594096183777,0.9632940590381622,0.9632940590381622,0.03670594096183777,-0,-0,0,NA,NA,0.024168966338038445,0.9758310336619616,0.23444003626931575,-0.23444003626931575,0.19480237609373852,-0.19480237609373852,NA,NA,0,0,0.10488395765423775,-0.10488395765423775,0.18255805874096676,-0.18255805874096676,-0.5081096030771732,0.5081096030771732,0.7022895651184253,-0.7022895651184253,0,0,0,0,0,0,0,0,0,0,0,0,0,0,0,0,0,0,0,0,0,0,0,0,0,0,0,0,0,0,0,0,0,0,0,0,0,0,0,0,0,0,0,0,0,0,0,0,0,0,0,NA,NA,NA,NA,NA,NA,NA,NA,NA,NA,NA,NA,NA,NA,NA,NA,NA,NA,NA,NA,NA,NA,NA,NA,NA,NA,NA,NA,NA,NA,NA,NA,NA,NA,NA,NA,NA,NA,NA,NA,NA,NA,NA,NA,NA,NA,NA,NA,NA,NA,NA,NA,NA,NA,NA,NA,NA,NA,NA,NA,NA,NA,NA,NA,NA,NA,NA,NA,NA,0,NA,NA,NA,NA,NA,NA,NA,NA,NA,NA,NA,NA,NA,NA,NA,NA,NA,NA,NA,NA,NA,NA,NA,NA,NA,NA,NA,NA,NA,NA,NA,0,NA,NA,NA,NA,0,NA,NA,0,0,0,0,NA,NA,2023,NA,NA,56,1,First down,4432,"12/25/23, 16:35:39",2023-12-26T00:50:27Z,Lincoln Financial Field,"Cloudy Temp: 51° F, Humidity: 68%, Wind: NE 5 mph",cbaf6e72-f053-11ed-b4a7-bab79e4492fa,0,0,TIMEOUT,0,NA,NA,NA,20,Turnover,2023-12-26T00:45:11.440Z,9,1:10,3,0,0,4,4,15,KICKOFF,INTERCEPTION,01:10,00:00,NYG 25,PHI 26,4247,4499,25,33,Home,8,58,14,41,1,outdoors,grass,51,5,Nick Sirianni,Brian Daboll,PHI00,Lincoln Financial Field,0,0,NA,NA,NA,NA,NA,NA,0,0,0,0,0,NA,NA,NA,NA,NA,NA,NA,NA,NA,NA,0,0,-0,NA,NA,NA,NA,NA,NA,NA
4444,2023_16_NYG_PHI,2023122501,PHI,NYG,REG,16,NYG,away,PHI,PHI,46,2023-12-25,26,26,26,Half2,0,21,0,4,4,0,00:26,PHI 46,8,49,(:26) (Shotgun) 2-T.Taylor pass deep left to 12-D.Waller to PHI 26 for 20 yards (22-K.Ringo).,pass,20,1,0,1,0,0,0,deep,left,20,0,NA,NA,NA,NA,NA,NA,0,0,0,NA,NA,NA,NA,0,0,33,25,25,33,-8,25,33,-8,0.895879864692688,0.012864560820162296,5.661497125402093e-4,0.008105842396616936,0.0451064333319664,0.006802572403103113,0.030674543231725693,0,0,0.2671793687622994,1.2656746007851325,7.27346200693906,-7.27346200693906,0.001178815892101781,-0.001178815892101781,11.807073072293411,-11.807073072293411,1.2656746007851325,0,1.2656746007851325,0,9.649710460274946,-9.649710460274946,7.343945457324459,-7.343945457324459,8.127580782223959,-8.127580782223959,3.875523628924843,-3.875523628924843,0.03670594096183777,0.9632940590381622,0.9632940590381622,0.03670594096183777,0.014068666845560074,6.609149277210236e-4,-6.609149277210236e-4,0.9492253921926022,0.05077460780739784,0.024168966338038445,0.9758310336619616,0.23444003626931575,-0.23444003626931575,0.18073370924817844,-0.18073370924817844,0.014068666845560074,0,0.014068666845560074,0,0.09081529080867767,-0.09081529080867767,0.18255805874096676,-0.18255805874096676,-0.5221782699227333,0.5221782699227333,0.7022895651184253,-0.7022895651184253,0,0,1,0,0,0,1,0,0,0,0,0,0,0,0,0,0,0,0,0,0,0,0,0,1,0,0,0,0,0,0,0,0,1,0,0,0,0,0,0,0,0,0,0,0,1,0,0,0,0,0,00-0028118,T.Taylor,20,00-0031610,D.Waller,20,NA,NA,NA,NA,NA,NA,NA,NA,NA,NA,NA,NA,NA,NA,NA,NA,NA,NA,NA,NA,NA,NA,NA,NA,NA,NA,NA,NA,NA,NA,NA,NA,NA,NA,NA,NA,NA,NA,NA,NA,NA,NA,NA,NA,NA,PHI,NA,00-0039140,NA,K.Ringo,NA,NA,NA,NA,NA,NA,NA,NA,NA,NA,NA,NA,NA,0,NA,NA,NA,NA,NA,NA,NA,NA,NA,NA,NA,NA,NA,NA,NA,NA,NA,NA,NA,NA,NA,NA,NA,NA,NA,NA,NA,NA,NA,NA,NA,0,NA,NA,NA,NA,0,NA,NA,0,0,0,0,NA,NA,2023,0.40801358222961426,59.198641777038574,56,1,First down,4444,"12/25/23, 16:35:39",2023-12-26T00:51:22.013Z,Lincoln Financial Field,"Cloudy Temp: 51° F, Humidity: 68%, Wind: NE 5 mph",cbaf6e72-f053-11ed-b4a7-bab79e4492fa,0,0,PASS,0,NA,2023-12-26T00:51:28.110Z,NA,20,Turnover,2023-12-26T00:45:11.440Z,9,1:10,3,0,0,4,4,15,KICKOFF,INTERCEPTION,01:10,00:00,NYG 25,PHI 26,4247,4499,25,33,Home,8,58,14,41,1,outdoors,grass,51,5,Nick Sirianni,Brian Daboll,PHI00,Lincoln Financial Field,0,1,T.Taylor,2,NA,NA,D.Waller,12,1,0,1,0,1,00-0028118,NA,00-0031610,T.Taylor,2,00-0028118,D.Waller,00-0031610,D.Waller,00-0031610,0,0,1.2656746007851325,0.858702512068108,4.172029161127284,2,1,1,0.9960849285125732,0.3915071487426758
4476,2023_16_NYG_PHI,2023122501,PHI,NYG,REG,16,NYG,away,PHI,PHI,26,2023-12-25,5,5,5,Half2,0,21,0,4,1,0,00:05,PHI 26,10,49,(:05) (No Huddle) 2-T.Taylor spiked the ball to stop the clock.,qb_spike,0,0,1,0,0,1,0,NA,NA,0,NA,NA,NA,NA,NA,NA,NA,0,0,0,NA,NA,NA,NA,0,0,33,25,25,33,-8,25,33,-8,0.4945247173309326,0.0011989304330199957,2.6081959367729723e-4,0.0038685088511556387,0.48374539613723755,3.9912224747240543e-4,0.016002504155039787,0,0,1.532853969547432,0.019310152158141136,7.254151854780919,-7.254151854780919,0.001178815892101781,-0.001178815892101781,11.807073072293411,-11.807073072293411,NA,NA,0,0,9.649710460274946,-9.649710460274946,7.343945457324459,-7.343945457324459,8.127580782223959,-8.127580782223959,3.875523628924843,-3.875523628924843,0.05077460780739784,0.9492253921926022,0.9492253921926022,0.05077460780739784,-0.0011695027351379395,-0.0016010887920856476,0.0016010887920856476,0.9503948949277401,0.0496051050722599,0.024829881265759468,0.9751701187342405,0.23444003626931575,-0.23444003626931575,0.18073370924817844,-0.18073370924817844,NA,NA,0,0,0.09081529080867767,-0.09081529080867767,0.18255805874096676,-0.18255805874096676,-0.5221782699227333,0.5221782699227333,0.7022895651184253,-0.7022895651184253,0,0,0,0,0,0,0,0,1,0,0,0,0,0,0,0,0,0,0,0,0,0,0,0,0,0,0,0,0,0,0,0,0,1,0,0,0,0,0,0,0,0,0,0,0,0,0,0,0,0,0,00-0028118,T.Taylor,NA,NA,NA,NA,NA,NA,NA,NA,NA,NA,NA,NA,NA,NA,NA,NA,NA,NA,NA,NA,NA,NA,NA,NA,NA,NA,NA,NA,NA,NA,NA,NA,NA,NA,NA,NA,NA,NA,NA,NA,NA,NA,NA,NA,NA,NA,NA,NA,NA,NA,NA,NA,NA,NA,NA,NA,NA,NA,NA,NA,NA,NA,NA,NA,NA,NA,NA,0,NA,NA,NA,NA,NA,NA,NA,NA,NA,NA,NA,NA,NA,NA,NA,NA,NA,NA,NA,NA,NA,NA,NA,NA,NA,NA,NA,NA,NA,NA,NA,0,NA,NA,NA,NA,0,NA,NA,0,0,0,0,NA,NA,2023,NA,NA,57,0,Turnover,4476,"12/25/23, 16:35:39",2023-12-26T00:51:42Z,Lincoln Financial Field,"Cloudy Temp: 51° F, Humidity: 68%, Wind: NE 5 mph",cbaf6e72-f053-11ed-b4a7-bab79e4492fa,0,0,PASS,0,NA,NA,NA,20,Turnover,2023-12-26T00:45:11.440Z,9,1:10,3,0,0,4,4,15,KICKOFF,INTERCEPTION,01:10,00:00,NYG 25,PHI 26,4247,4499,25,33,Home,8,58,14,41,1,outdoors,grass,51,5,Nick Sirianni,Brian Daboll,PHI00,Lincoln Financial Field,0,1,NA,NA,NA,NA,NA,NA,0,0,0,0,0,NA,NA,NA,NA,NA,NA,NA,NA,NA,NA,0,0,0.019310152158141136,NA,NA,NA,NA,NA,NA,NA
4499,2023_16_NYG_PHI,2023122501,PHI,NYG,REG,16,NYG,away,PHI,PHI,26,2023-12-25,4,4,4,Half2,0,21,0,4,2,0,00:04,PHI 26,10,49,(:04) (Shotgun) 2-T.Taylor pass deep left intended for 26-S.Barkley INTERCEPTED by 22-K.Ringo at PHI -4. Touchback.,pass,0,1,0,1,0,0,0,deep,left,26,NA,NA,NA,NA,NA,NA,NA,0,0,0,NA,NA,NA,NA,0,0,33,25,25,33,-8,25,33,-8,0.4903053641319275,9.875083342194557e-4,2.749166451394558e-4,0.0036135681439191103,0.4877098798751831,3.839628479909152e-4,0.01672484166920185,0,0,1.552164121705573,-1.552164121705573,8.806315976486493,-8.806315976486493,0.001178815892101781,-0.001178815892101781,13.359237193998984,-13.359237193998984,5.447835878294427,-7,0,0,9.649710460274946,-9.649710460274946,7.343945457324459,-7.343945457324459,2.6797449039295316,-2.6797449039295316,10.875523628924844,-10.875523628924844,0.0496051050722599,0.9503948949277401,0.9503948949277401,0.0496051050722599,-0.0496051050722599,-0.02322879247367382,0.02322879247367382,1,0,0.02322879247367382,0.9767712075263262,0.23444003626931575,-0.23444003626931575,0.23033881432043835,-0.23033881432043835,-0.0496051050722599,0,0,0,0.09081529080867767,-0.09081529080867767,0.18255805874096676,-0.18255805874096676,-0.4725731648504734,0.4725731648504734,0.7022895651184253,-0.7022895651184253,0,0,0,0,0,0,0,0,0,1,1,0,0,0,0,0,0,0,0,0,0,0,0,0,0,0,0,0,0,0,0,0,0,1,0,0,0,0,0,0,0,0,0,0,0,0,0,0,0,0,0,00-0028118,T.Taylor,NA,00-0034844,S.Barkley,NA,NA,NA,NA,NA,NA,NA,NA,NA,NA,NA,NA,00-0039140,K.Ringo,NA,NA,NA,NA,NA,NA,NA,NA,NA,NA,NA,NA,NA,NA,NA,NA,NA,NA,NA,NA,NA,NA,NA,NA,NA,NA,NA,NA,NA,NA,NA,NA,NA,NA,NA,NA,NA,NA,NA,NA,NA,NA,NA,NA,NA,NA,NA,NA,NA,NA,0,NA,NA,NA,NA,NA,NA,00-0039140,K.Ringo,NA,NA,NA,NA,NA,NA,NA,NA,NA,NA,NA,NA,NA,NA,NA,NA,NA,NA,NA,NA,NA,NA,PHI,0,NA,NA,NA,NA,0,NA,NA,0,0,0,0,NA,NA,2023,0.2801326811313629,-28.01326811313629,57,0,Turnover,4499,"12/25/23, 16:35:39",2023-12-26T00:52:26Z,Lincoln Financial Field,"Cloudy Temp: 51° F, Humidity: 68%, Wind: NE 5 mph",cbaf6e72-f053-11ed-b4a7-bab79e4492fa,0,0,INTERCEPTION,0,NA,NA,NA,20,Turnover,2023-12-26T00:45:11.440Z,9,1:10,3,0,0,4,4,15,KICKOFF,INTERCEPTION,01:10,00:00,NYG 25,PHI 26,4247,4499,25,33,Home,8,58,14,41,1,outdoors,grass,51,5,Nick Sirianni,Brian Daboll,PHI00,Lincoln Financial Field,0,0,T.Taylor,2,NA,NA,S.Barkley,26,1,0,0,0,1,00-0028118,NA,00-0034844,T.Taylor,2,00-0028118,S.Barkley,00-0034844,S.Barkley,00-0034844,0,0,-1.552164121705573,NA,NA,NA,NA,NA,0.9842128157615662,1.5787184238433838
4527,2023_16_NYG_PHI,2023122501,PHI,NYG,REG,16,PHI,home,NYG,NA,NA,2023-12-25,0,0,0,Half2,0,NA,0,4,NA,0,00:00,NA,0,NA,END GAME,NA,NA,0,0,NA,0,0,0,NA,NA,NA,NA,NA,NA,NA,NA,NA,NA,0,0,NA,NA,NA,NA,NA,0,0,33,25,33,25,8,33,25,8,0,0,0,0,0,0,0,0,0,NA,NA,8.806315976486493,-8.806315976486493,0.001178815892101781,-0.001178815892101781,13.359237193998984,-13.359237193998984,NA,NA,NA,NA,9.649710460274946,-9.649710460274946,7.343945457324459,-7.343945457324459,2.6797449039295316,-2.6797449039295316,10.875523628924844,-10.875523628924844,NA,NA,1,0,NA,NA,NA,1,0,NA,1,0.23444003626931575,-0.23444003626931575,0.23033881432043835,-0.23033881432043835,NA,NA,NA,NA,0.09081529080867767,-0.09081529080867767,0.18255805874096676,-0.18255805874096676,-0.4725731648504734,0.4725731648504734,0.7022895651184253,-0.7022895651184253,NA,NA,NA,NA,NA,NA,NA,NA,NA,0,NA,NA,NA,NA,NA,NA,NA,NA,NA,NA,NA,NA,NA,NA,NA,NA,NA,NA,NA,NA,NA,NA,NA,NA,NA,NA,NA,NA,NA,NA,NA,NA,NA,NA,NA,NA,NA,NA,NA,NA,NA,NA,NA,NA,NA,NA,NA,NA,NA,NA,NA,NA,NA,NA,NA,NA,NA,NA,NA,NA,NA,NA,NA,NA,NA,NA,NA,NA,NA,NA,NA,NA,NA,NA,NA,NA,NA,NA,NA,NA,NA,NA,NA,NA,NA,NA,NA,NA,NA,NA,NA,NA,NA,NA,NA,NA,NA,NA,NA,NA,NA,NA,NA,NA,NA,NA,NA,NA,NA,NA,NA,NA,NA,NA,NA,NA,NA,NA,NA,NA,NA,NA,NA,NA,NA,NA,NA,NA,NA,NA,NA,NA,NA,NA,NA,NA,NA,NA,NA,NA,NA,NA,NA,NA,NA,NA,NA,0,NA,NA,NA,NA,NA,NA,NA,NA,2023,NA,NA,58,0,End of half,4527,"12/25/23, 16:35:39",NA,Lincoln Financial Field,"Cloudy Temp: 51° F, Humidity: 68%, Wind: NE 5 mph",cbaf6e72-f053-11ed-b4a7-bab79e4492fa,0,0,END_GAME,0,NA,NA,NA,21,End of half,NA,NA,NA,NA,NA,NA,NA,NA,NA,NA,NA,NA,NA,NA,NA,NA,NA,25,33,Home,8,58,14,41,1,outdoors,grass,51,5,Nick Sirianni,Brian Daboll,PHI00,Lincoln Financial Field,0,NA,NA,NA,NA,NA,NA,NA,0,0,NA,0,0,NA,NA,NA,NA,NA,NA,NA,NA,NA,NA,0,0,NA,NA,NA,NA,NA,NA,NA,NA
