play_id,game_id,old_game_id,home_team,away_team,season_type,week,posteam,posteam_type,defteam,side_of_field,yardline_100,game_date,quarter_seconds_remaining,half_seconds_remaining,game_seconds_remaining,game_half,quarter_end,drive,sp,qtr,down,goal_to_go,time,yrdln,ydstogo,ydsnet,desc,play_type,yards_gained,shotgun,no_huddle,qb_dropback,qb_kneel,qb_spike,qb_scramble,pass_length,pass_location,air_yards,yards_after_catch,run_location,run_gap,field_goal_result,kick_distance,extra_point_result,two_point_conv_result,home_timeouts_remaining,away_timeouts_remaining,timeout,timeout_team,td_team,td_player_name,td_player_id,posteam_timeouts_remaining,defteam_timeouts_remaining,total_home_score,total_away_score,posteam_score,defteam_score,score_differential,posteam_score_post,defteam_score_post,score_differential_post,no_score_prob,opp_fg_prob,opp_safety_prob,opp_td_prob,fg_prob,safety_prob,td_prob,extra_point_prob,two_point_conversion_prob,ep,epa,total_home_epa,total_away_epa,total_home_rush_epa,total_away_rush_epa,total_home_pass_epa,total_away_pass_epa,air_epa,yac_epa,comp_air_epa,comp_yac_epa,total_home_comp_air_epa,total_away_comp_air_epa,total_home_comp_yac_epa,total_away_comp_yac_epa,total_home_raw_air_epa,total_away_raw_air_epa,total_home_raw_yac_epa,total_away_raw_yac_epa,wp,def_wp,home_wp,away_wp,wpa,vegas_wpa,vegas_home_wpa,home_wp_post,away_wp_post,vegas_wp,vegas_home_wp,total_home_rush_wpa,total_away_rush_wpa,total_home_pass_wpa,total_away_pass_wpa,air_wpa,yac_wpa,comp_air_wpa,comp_yac_wpa,total_home_comp_air_wpa,total_away_comp_air_wpa,total_home_comp_yac_wpa,total_away_comp_yac_wpa,total_home_raw_air_wpa,total_away_raw_air_wpa,total_home_raw_yac_wpa,total_away_raw_yac_wpa,punt_blocked,first_down_rush,first_down_pass,first_down_penalty,third_down_converted,third_down_failed,fourth_down_converted,fourth_down_failed,incomplete_pass,touchback,interception,punt_inside_twenty,punt_in_endzone,punt_out_of_bounds,punt_downed,punt_fair_catch,kickoff_inside_twenty,kickoff_in_endzone,kickoff_out_of_bounds,kickoff_downed,kickoff_fair_catch,fumble_forced,fumble_not_forced,fumble_out_of_bounds,solo_tackle,safety,penalty,tackled_for_loss,fumble_lost,own_kickoff_recovery,own_kickoff_recovery_td,qb_hit,rush_attempt,pass_attempt,sack,touchdown,pass_touchdown,rush_touchdown,return_touchdown,extra_point_attempt,two_point_attempt,field_goal_attempt,kickoff_attempt,punt_attempt,fumble,complete_pass,assist_tackle,lateral_reception,lateral_rush,lateral_return,lateral_recovery,passer_player_id,passer_player_name,passing_yards,receiver_player_id,receiver_player_name,receiving_yards,rusher_player_id,rusher_player_name,rushing_yards,lateral_receiver_player_id,lateral_receiver_player_name,lateral_receiving_yards,lateral_rusher_player_id,lateral_rusher_player_name,lateral_rushing_yards,lateral_sack_player_id,lateral_sack_player_name,interception_player_id,interception_player_name,lateral_interception_player_id,lateral_interception_player_name,punt_returner_player_id,punt_returner_player_name,lateral_punt_returner_player_id,lateral_punt_returner_player_name,kickoff_returner_player_name,kickoff_returner_player_id,lateral_kickoff_returner_player_id,lateral_kickoff_returner_player_name,punter_player_id,punter_player_name,kicker_player_name,kicker_player_id,own_kickoff_recovery_player_id,own_kickoff_recovery_player_name,blocked_player_id,blocked_player_name,tackle_for_loss_1_player_id,tackle_for_loss_1_player_name,tackle_for_loss_2_player_id,tackle_for_loss_2_player_name,qb_hit_1_player_id,qb_hit_1_player_name,qb_hit_2_player_id,qb_hit_2_player_name,forced_fumble_player_1_team,forced_fumble_player_1_player_id,forced_fumble_player_1_player_name,forced_fumble_player_2_team,forced_fumble_player_2_player_id,forced_fumble_player_2_player_name,solo_tackle_1_team,solo_tackle_2_team,solo_tackle_1_player_id,solo_tackle_2_player_id,solo_tackle_1_player_name,solo_tackle_2_player_name,assist_tackle_1_player_id,assist_tackle_1_player_name,assist_tackle_1_team,assist_tackle_2_player_id,assist_tackle_2_player_name,assist_tackle_2_team,assist_tackle_3_player_id,assist_tackle_3_player_name,assist_tackle_3_team,assist_tackle_4_player_id,assist_tackle_4_player_name,assist_tackle_4_team,tackle_with_assist,tackle_with_assist_1_player_id,tackle_with_assist_1_player_name,tackle_with_assist_1_team,tackle_with_assist_2_player_id,tackle_with_assist_2_player_name,tackle_with_assist_2_team,pass_defense_1_player_id,pass_defense_1_player_name,pass_defense_2_player_id,pass_defense_2_player_name,fumbled_1_team,fumbled_1_player_id,fumbled_1_player_name,fumbled_2_player_id,fumbled_2_player_name,fumbled_2_team,fumble_recovery_1_team,fumble_recovery_1_yards,fumble_recovery_1_player_id,fumble_recovery_1_player_name,fumble_recovery_2_team,fumble_recovery_2_yards,fumble_recovery_2_player_id,fumble_recovery_2_player_name,sack_player_id,sack_player_name,half_sack_1_player_id,half_sack_1_player_name,half_sack_2_player_id,half_sack_2_player_name,return_team,return_yards,penalty_team,penalty_player_id,penalty_player_name,penalty_yards,replay_or_challenge,replay_or_challenge_result,penalty_type,defensive_two_point_attempt,defensive_two_point_conv,defensive_extra_point_attempt,defensive_extra_point_conv,safety_player_name,safety_player_id,season,cp,cpoe,series,series_success,series_result,order_sequence,start_time,time_of_day,stadium,weather,nfl_api_id,play_clock,play_deleted,play_type_nfl,special_teams_play,st_play_type,end_clock_time,end_yard_line,fixed_drive,fixed_drive_result,drive_real_start_time,drive_play_count,drive_time_of_possession,drive_first_downs,drive_inside20,drive_ended_with_score,drive_quarter_start,drive_quarter_end,drive_yards_penalized,drive_start_transition,drive_end_transition,drive_game_clock_start,drive_game_clock_end,drive_start_yard_line,drive_end_yard_line,drive_play_id_started,drive_play_id_ended,away_score,home_score,location,result,total,spread_line,total_line,div_game,roof,surface,temp,wind,home_coach,away_coach,stadium_id,game_stadium,aborted_play,success,passer,passer_jersey_number,rusher,rusher_jersey_number,receiver,receiver_jersey_number,pass,rush,first_down,special,play,passer_id,rusher_id,receiver_id,name,jersey_number,id,fantasy_player_name,fantasy_player_id,fantasy,fantasy_id,out_of_bounds,home_opening_kickoff,qb_epa,xyac_epa,xyac_mean_yardage,xyac_median_yardage,xyac_success,xyac_fd,xpass,pass_oe,go_boost,first_down_prob,wp_fail,wp_succeed,go_wp,fg_make_prob,miss_fg_wp,make_fg_wp,fg_wp,punt_wp,phi_coach,opp_coach,game_clock,fg_prob_calculated,fg_prob_calculated_pct,actual_decision_calculated,go_wp_pct,first_down_prob_pct,wp_fail_pct,wp_succeed_pct,punt_wp_pct,fg_wp_pct,make_fg_wp_pct,miss_fg_wp_pct
1,2002_12_PHI_SF,2002112500,SF,PHI,REG,12,NA,NA,NA,NA,NA,2002-11-25,900,1800,3600,Half1,0,NA,0,1,NA,0,15:00,PHI 30,0,NA,GAME,NA,NA,0,0,NA,0,0,0,NA,NA,NA,NA,NA,NA,NA,NA,NA,NA,3,3,NA,NA,NA,NA,NA,NA,NA,0,0,NA,NA,NA,NA,NA,NA,0,0,0,0,0,0,0,0,0,0.8167660105973482,0,0,0,0,0,0,0,NA,NA,NA,NA,NA,NA,NA,NA,NA,NA,NA,NA,0.5418533086776733,0.45814669132232666,0.5418533086776733,0.45814669132232666,0,0,0,NA,NA,0.7353708148002625,0.7353708148002625,0,0,0,0,NA,NA,NA,NA,NA,NA,NA,NA,NA,NA,NA,NA,NA,NA,NA,NA,NA,NA,NA,NA,NA,0,NA,NA,NA,NA,NA,NA,NA,NA,NA,NA,NA,NA,NA,NA,NA,NA,NA,NA,NA,NA,NA,NA,NA,NA,NA,NA,NA,NA,NA,NA,NA,NA,NA,NA,NA,NA,NA,NA,NA,NA,NA,NA,NA,NA,NA,NA,NA,NA,NA,NA,NA,NA,NA,NA,NA,NA,NA,NA,NA,NA,NA,NA,NA,NA,NA,NA,NA,NA,NA,NA,NA,NA,NA,NA,NA,NA,NA,NA,NA,NA,NA,NA,NA,NA,NA,NA,NA,NA,NA,NA,NA,NA,NA,NA,NA,NA,NA,NA,NA,NA,NA,NA,NA,NA,NA,NA,NA,NA,NA,NA,NA,NA,NA,NA,NA,NA,NA,NA,NA,NA,NA,NA,NA,NA,NA,NA,NA,NA,NA,NA,NA,NA,NA,NA,NA,NA,NA,NA,NA,NA,NA,NA,NA,NA,NA,NA,NA,0,NA,NA,NA,NA,NA,NA,NA,NA,2002,NA,NA,1,1,First down,1,21:00:00,NA,3COM Park,"Clear skies Temp: 64° F, Humidity: 28%, Wind: SE 8 mph",10160000-0182-69e4-1c08-4240bfea771a,0,0,GAME_START,0,NA,NA,NA,1,Punt,NA,NA,NA,NA,NA,NA,NA,NA,NA,NA,NA,NA,NA,NA,NA,NA,NA,38,17,Home,-21,55,7,37.5,0,outdoors,grass,64,8,Steve Mariucci,Andy Reid,SFO00,3Com Park,0,0,NA,NA,NA,NA,NA,NA,0,0,NA,0,0,NA,NA,NA,NA,NA,NA,NA,NA,NA,NA,0,1,0,NA,NA,NA,NA,NA,NA,NA,NA,NA,NA,NA,NA,NA,NA,NA,NA,NA,Andy Reid,Steve Mariucci,15:00,NA,NA,NA,NA,NA,NA,NA,NA,NA,NA,NA
35,2002_12_PHI_SF,2002112500,SF,PHI,REG,12,SF,home,PHI,PHI,30,2002-11-25,900,1800,3600,Half1,0,1,0,1,NA,0,15:00,PHI 30,0,31,"2-D.Akers kicks 67 yards from PHI 30 to SF 3. 23-J.Williams to SF 26 for 23 yards (94-N.Kalu). PENALTY on SF-18-J.Jordan, Offensive Holding, 10 yards, enforced at SF 26.",kickoff,0,0,0,0,0,0,0,NA,NA,NA,NA,NA,NA,NA,67,NA,NA,3,3,0,NA,NA,NA,NA,3,3,0,0,0,0,0,0,0,0,0.008395222015678883,0.17558228969573975,0.004213578067719936,0.2452271729707718,0.2194686383008957,0.003933414816856384,0.3431796431541443,0,0,0.8167660105973482,-0.22195607144385576,-0.22195607144385576,0.22195607144385576,0,0,0,0,NA,NA,NA,NA,NA,NA,NA,NA,NA,NA,NA,NA,0.5418533086776733,0.45814669132232666,0.5418533086776733,0.45814669132232666,-0.004802286624908447,-0.03483659029006958,-0.03483659029006958,0.5370510220527649,0.4629489779472351,0.7353708148002625,0.7353708148002625,0,0,0,0,NA,NA,NA,NA,NA,NA,NA,NA,NA,NA,NA,NA,0,0,0,0,0,0,0,0,0,0,0,0,0,0,0,0,0,0,0,0,0,0,0,0,1,0,1,0,0,0,0,0,0,0,0,0,0,0,0,0,0,0,1,0,0,0,0,0,0,0,0,NA,NA,NA,NA,NA,NA,NA,NA,NA,NA,NA,NA,NA,NA,NA,NA,NA,NA,NA,NA,NA,NA,NA,NA,NA,J.Williams,00-0020327,NA,NA,NA,NA,D.Akers,00-0000108,NA,NA,NA,NA,NA,NA,NA,NA,NA,NA,NA,NA,NA,NA,NA,NA,NA,NA,PHI,NA,00-0009001,NA,N.Kalu,NA,NA,NA,NA,NA,NA,NA,NA,NA,NA,NA,NA,NA,0,NA,NA,NA,NA,NA,NA,NA,NA,NA,NA,NA,NA,NA,NA,NA,NA,NA,NA,NA,NA,NA,NA,NA,NA,NA,NA,NA,NA,NA,NA,SF,23,SF,00-0020062,J.Jordan,10,0,NA,Offensive Holding,0,0,0,0,NA,NA,2002,NA,NA,1,1,First down,35,21:00:00,18:08:58,3COM Park,"Clear skies Temp: 64° F, Humidity: 28%, Wind: SE 8 mph",10160000-0182-69e4-1c08-4240bfea771a,0,0,KICK_OFF,1,NA,NA,SF 16,1,Punt,NA,7,3:15,2,0,0,1,1,0,KICKOFF,PUNT,15:00,11:45,SF 16,SF 47,35,210,38,17,Home,-21,55,7,37.5,0,outdoors,grass,64,8,Steve Mariucci,Andy Reid,SFO00,3Com Park,0,0,NA,NA,NA,NA,NA,NA,0,0,0,1,0,NA,NA,NA,NA,NA,NA,NA,NA,NA,NA,0,1,-0.22195607144385576,NA,NA,NA,NA,NA,NA,NA,NA,NA,NA,NA,NA,NA,NA,NA,NA,NA,Andy Reid,Steve Mariucci,15:00,NA,NA,Other (Penalty),NA,NA,NA,NA,NA,NA,NA,NA
68,2002_12_PHI_SF,2002112500,SF,PHI,REG,12,SF,home,PHI,SF,84,2002-11-25,895,1795,3595,Half1,0,1,0,1,1,0,14:55,SF 16,10,31,"(14:55) 5-J.Garcia pass to 40-F.Beasley to SF 31 for 15 yards (51-C.Emmons, 56-S.Barber). Caught at SF 16.",pass,15,0,0,1,0,0,0,NA,NA,NA,NA,NA,NA,NA,NA,NA,NA,3,3,0,NA,NA,NA,NA,3,3,0,0,0,0,0,0,0,0,0.008937504142522812,0.1882445514202118,0.006392696872353554,0.2538650333881378,0.20725825428962708,0.003900845069438219,0.33140110969543457,0,0,0.5948099391534925,1.027789072599262,0.8058330011554062,-0.8058330011554062,0,0,1.027789072599262,-1.027789072599262,NA,NA,NA,NA,NA,NA,NA,NA,NA,NA,NA,NA,0.5370510220527649,0.4629489779472351,0.5370510220527649,0.4629489779472351,0.015437066555023193,0.026536285877227783,0.026536285877227783,0.5524880886077881,0.4475119113922119,0.7005342245101929,0.7005342245101929,0,0,0.015437066555023193,-0.015437066555023193,NA,NA,NA,NA,NA,NA,NA,NA,NA,NA,NA,NA,0,0,1,0,0,0,0,0,0,0,0,0,0,0,0,0,0,0,0,0,0,0,0,0,0,0,0,0,0,0,0,0,0,1,0,0,0,0,0,0,0,0,0,0,0,1,1,0,0,0,0,00-0005755,J.Garcia,15,00-0000942,F.Beasley,15,NA,NA,NA,NA,NA,NA,NA,NA,NA,NA,NA,NA,NA,NA,NA,NA,NA,NA,NA,NA,NA,NA,NA,NA,NA,NA,NA,NA,NA,NA,NA,NA,NA,NA,NA,NA,NA,NA,NA,NA,NA,NA,NA,NA,NA,NA,NA,NA,NA,NA,NA,00-0000743,S.Barber,PHI,NA,NA,NA,NA,NA,NA,NA,NA,NA,1,00-0004901,C.Emmons,PHI,NA,NA,NA,NA,NA,NA,NA,NA,NA,NA,NA,NA,NA,NA,NA,NA,NA,NA,NA,NA,NA,NA,NA,NA,NA,NA,NA,NA,0,NA,NA,NA,NA,0,NA,NA,0,0,0,0,NA,NA,2002,NA,NA,1,1,First down,68,21:00:00,18:09:54,3COM Park,"Clear skies Temp: 64° F, Humidity: 28%, Wind: SE 8 mph",10160000-0182-69e4-1c08-4240bfea771a,0,0,PASS,0,NA,NA,SF 31,1,Punt,NA,7,3:15,2,0,0,1,1,0,KICKOFF,PUNT,15:00,11:45,SF 16,SF 47,35,210,38,17,Home,-21,55,7,37.5,0,outdoors,grass,64,8,Steve Mariucci,Andy Reid,SFO00,3Com Park,0,1,J.Garcia,5,NA,NA,F.Beasley,40,1,0,1,0,1,00-0005755,NA,00-0000942,J.Garcia,5,00-0005755,F.Beasley,00-0000942,F.Beasley,00-0000942,0,1,1.027789072599262,NA,NA,NA,NA,NA,NA,NA,NA,NA,NA,NA,NA,NA,NA,NA,NA,NA,Andy Reid,Steve Mariucci,14:55,NA,NA,Other,NA,NA,NA,NA,NA,NA,NA,NA
93,2002_12_PHI_SF,2002112500,SF,PHI,REG,12,SF,home,PHI,SF,69,2002-11-25,854,1754,3554,Half1,0,1,0,1,1,0,14:14,SF 31,10,31,(14:14) 20-G.Hearst left end to SF 38 for 7 yards (24-B.Bishop).,run,7,0,0,0,0,0,0,NA,NA,NA,NA,left,end,NA,NA,NA,NA,3,3,0,NA,NA,NA,NA,3,3,0,0,0,0,0,0,0,0,0.009745139628648758,0.1409747302532196,0.002430159831419587,0.20518766343593597,0.24625341594219208,0.003985084127634764,0.3914238214492798,0,0,1.6225990117527544,0.3732261690311134,1.1790591701865196,-1.1790591701865196,0.3732261690311134,-0.3732261690311134,1.027789072599262,-1.027789072599262,NA,NA,NA,NA,NA,NA,NA,NA,NA,NA,NA,NA,0.5524880886077881,0.4475119113922119,0.5524880886077881,0.4475119113922119,0.0256803035736084,0.023685812950134277,0.023685812950134277,0.5781683921813965,0.4218316078186035,0.7270705103874207,0.7270705103874207,0.0256803035736084,-0.0256803035736084,0.015437066555023193,-0.015437066555023193,NA,NA,NA,NA,NA,NA,NA,NA,NA,NA,NA,NA,0,0,0,0,0,0,0,0,0,0,0,0,0,0,0,0,0,0,0,0,0,0,0,0,1,0,0,0,0,0,0,0,1,0,0,0,0,0,0,0,0,0,0,0,0,0,0,0,0,0,0,NA,NA,NA,NA,NA,NA,00-0007180,G.Hearst,7,NA,NA,NA,NA,NA,NA,NA,NA,NA,NA,NA,NA,NA,NA,NA,NA,NA,NA,NA,NA,NA,NA,NA,NA,NA,NA,NA,NA,NA,NA,NA,NA,NA,NA,NA,NA,NA,NA,NA,NA,NA,NA,PHI,NA,00-0001266,NA,B.Bishop,NA,NA,NA,NA,NA,NA,NA,NA,NA,NA,NA,NA,NA,0,NA,NA,NA,NA,NA,NA,NA,NA,NA,NA,NA,NA,NA,NA,NA,NA,NA,NA,NA,NA,NA,NA,NA,NA,NA,NA,NA,NA,NA,NA,NA,0,NA,NA,NA,NA,0,NA,NA,0,0,0,0,NA,NA,2002,NA,NA,2,1,First down,93,21:00:00,18:10:35,3COM Park,"Clear skies Temp: 64° F, Humidity: 28%, Wind: SE 8 mph",10160000-0182-69e4-1c08-4240bfea771a,0,0,RUSH,0,NA,NA,SF 38,1,Punt,NA,7,3:15,2,0,0,1,1,0,KICKOFF,PUNT,15:00,11:45,SF 16,SF 47,35,210,38,17,Home,-21,55,7,37.5,0,outdoors,grass,64,8,Steve Mariucci,Andy Reid,SFO00,3Com Park,0,1,NA,NA,G.Hearst,20,NA,NA,0,1,0,0,1,NA,00-0007180,NA,G.Hearst,20,00-0007180,G.Hearst,00-0007180,G.Hearst,00-0007180,0,1,0.3732261690311134,NA,NA,NA,NA,NA,NA,NA,NA,NA,NA,NA,NA,NA,NA,NA,NA,NA,Andy Reid,Steve Mariucci,14:14,NA,NA,Other,NA,NA,NA,NA,NA,NA,NA,NA
114,2002_12_PHI_SF,2002112500,SF,PHI,REG,12,SF,home,PHI,SF,62,2002-11-25,813,1713,3513,Half1,0,1,0,1,2,0,13:33,SF 38,3,31,(13:33) 5-J.Garcia pass incomplete to 81-T.Owens.,pass,0,0,0,1,0,0,0,NA,NA,NA,NA,NA,NA,NA,NA,NA,NA,3,3,0,NA,NA,NA,NA,3,3,0,0,0,0,0,0,0,0,0.009775695390999317,0.12380888313055038,0.0020986683666706085,0.19177711009979248,0.24269142746925354,0.004624557681381702,0.4252236485481262,0,0,1.9958251807838678,-0.7240807441994548,0.45497842598706484,-0.45497842598706484,0.3732261690311134,-0.3732261690311134,0.3037083283998072,-0.3037083283998072,NA,NA,NA,NA,NA,NA,NA,NA,NA,NA,NA,NA,0.5781683921813965,0.4218316078186035,0.5781683921813965,0.4218316078186035,-0.0275651216506958,-0.01667100191116333,-0.01667100191116333,0.5506032705307007,0.4493967294692993,0.7507563233375549,0.7507563233375549,0.0256803035736084,-0.0256803035736084,-0.012128055095672607,0.012128055095672607,NA,NA,NA,NA,NA,NA,NA,NA,NA,NA,NA,NA,0,0,0,0,0,0,0,0,1,0,0,0,0,0,0,0,0,0,0,0,0,0,0,0,0,0,0,0,0,0,0,0,0,1,0,0,0,0,0,0,0,0,0,0,0,0,0,0,0,0,0,00-0005755,J.Garcia,NA,00-0012478,T.Owens,NA,NA,NA,NA,NA,NA,NA,NA,NA,NA,NA,NA,NA,NA,NA,NA,NA,NA,NA,NA,NA,NA,NA,NA,NA,NA,NA,NA,NA,NA,NA,NA,NA,NA,NA,NA,NA,NA,NA,NA,NA,NA,NA,NA,NA,NA,NA,NA,NA,NA,NA,NA,NA,NA,NA,NA,NA,NA,NA,NA,NA,NA,NA,NA,0,NA,NA,NA,NA,NA,NA,NA,NA,NA,NA,NA,NA,NA,NA,NA,NA,NA,NA,NA,NA,NA,NA,NA,NA,NA,NA,NA,NA,NA,NA,NA,0,NA,NA,NA,NA,0,NA,NA,0,0,0,0,NA,NA,2002,NA,NA,2,1,First down,114,21:00:00,18:11:15,3COM Park,"Clear skies Temp: 64° F, Humidity: 28%, Wind: SE 8 mph",10160000-0182-69e4-1c08-4240bfea771a,0,0,PASS,0,NA,NA,SF 38,1,Punt,NA,7,3:15,2,0,0,1,1,0,KICKOFF,PUNT,15:00,11:45,SF 16,SF 47,35,210,38,17,Home,-21,55,7,37.5,0,outdoors,grass,64,8,Steve Mariucci,Andy Reid,SFO00,3Com Park,0,0,J.Garcia,5,NA,NA,T.Owens,81,1,0,0,0,1,00-0005755,NA,00-0012478,J.Garcia,5,00-0005755,T.Owens,00-0012478,T.Owens,00-0012478,0,1,-0.7240807441994548,NA,NA,NA,NA,NA,NA,NA,NA,NA,NA,NA,NA,NA,NA,NA,NA,NA,Andy Reid,Steve Mariucci,13:33,NA,NA,Other,NA,NA,NA,NA,NA,NA,NA,NA
132,2002_12_PHI_SF,2002112500,SF,PHI,REG,12,SF,home,PHI,SF,62,2002-11-25,808,1708,3508,Half1,0,1,0,1,3,0,13:28,SF 38,3,31,(13:28) 5-J.Garcia right tackle to SF 45 for 7 yards (20-B.Dawkins).,run,7,0,0,0,0,0,1,NA,NA,NA,NA,right,tackle,NA,NA,NA,NA,3,3,0,NA,NA,NA,NA,3,3,0,0,0,0,0,0,0,0,0.01028955727815628,0.15146900713443756,0.0022211065515875816,0.2290598303079605,0.22255964577198029,0.004894445184618235,0.379506379365921,0,0,1.271744436584413,1.2660843036137521,1.721062729600817,-1.721062729600817,1.6393104726448655,-1.6393104726448655,0.3037083283998072,-0.3037083283998072,NA,NA,NA,NA,NA,NA,NA,NA,NA,NA,NA,NA,0.5506032705307007,0.4493967294692993,0.5506032705307007,0.4493967294692993,0.0293731689453125,-5.944371223449707e-4,-5.944371223449707e-4,0.5799764394760132,0.4200235605239868,0.7340853214263916,0.7340853214263916,0.0550534725189209,-0.0550534725189209,-0.012128055095672607,0.012128055095672607,NA,NA,NA,NA,NA,NA,NA,NA,NA,NA,NA,NA,0,1,0,0,1,0,0,0,0,0,0,0,0,0,0,0,0,0,0,0,0,0,0,0,1,0,0,0,0,0,0,0,1,0,0,0,0,0,0,0,0,0,0,0,0,0,0,0,0,0,0,NA,NA,NA,NA,NA,NA,00-0005755,J.Garcia,7,NA,NA,NA,NA,NA,NA,NA,NA,NA,NA,NA,NA,NA,NA,NA,NA,NA,NA,NA,NA,NA,NA,NA,NA,NA,NA,NA,NA,NA,NA,NA,NA,NA,NA,NA,NA,NA,NA,NA,NA,NA,NA,PHI,NA,00-0004073,NA,B.Dawkins,NA,NA,NA,NA,NA,NA,NA,NA,NA,NA,NA,NA,NA,0,NA,NA,NA,NA,NA,NA,NA,NA,NA,NA,NA,NA,NA,NA,NA,NA,NA,NA,NA,NA,NA,NA,NA,NA,NA,NA,NA,NA,NA,NA,NA,0,NA,NA,NA,NA,0,NA,NA,0,0,0,0,NA,NA,2002,NA,NA,2,1,First down,132,21:00:00,18:11:55,3COM Park,"Clear skies Temp: 64° F, Humidity: 28%, Wind: SE 8 mph",10160000-0182-69e4-1c08-4240bfea771a,0,0,RUSH,0,NA,NA,SF 45,1,Punt,NA,7,3:15,2,0,0,1,1,0,KICKOFF,PUNT,15:00,11:45,SF 16,SF 47,35,210,38,17,Home,-21,55,7,37.5,0,outdoors,grass,64,8,Steve Mariucci,Andy Reid,SFO00,3Com Park,0,1,NA,NA,J.Garcia,5,NA,NA,1,0,1,0,1,NA,00-0005755,NA,J.Garcia,5,00-0005755,J.Garcia,00-0005755,J.Garcia,00-0005755,0,1,1.2660843036137521,NA,NA,NA,NA,NA,NA,NA,NA,NA,NA,NA,NA,NA,NA,NA,NA,NA,Andy Reid,Steve Mariucci,13:28,NA,NA,Other,NA,NA,NA,NA,NA,NA,NA,NA
153,2002_12_PHI_SF,2002112500,SF,PHI,REG,12,SF,home,PHI,SF,55,2002-11-25,767,1667,3467,Half1,0,1,0,1,1,0,12:47,SF 45,10,31,(12:47) 5-J.Garcia pass incomplete to 20-G.Hearst.,pass,0,0,0,1,0,0,0,NA,NA,NA,NA,NA,NA,NA,NA,NA,NA,3,3,0,NA,NA,NA,NA,3,3,0,0,0,0,0,0,0,0,0.009799306280910969,0.1059081181883812,0.001732569420710206,0.15747232735157013,0.27196839451789856,0.005283108446747065,0.44783616065979004,0,0,2.537828740198165,-0.44803022616542876,1.2730325034353882,-1.2730325034353882,1.6393104726448655,-1.6393104726448655,-0.14432189776562154,0.14432189776562154,NA,NA,NA,NA,NA,NA,NA,NA,NA,NA,NA,NA,0.5799764394760132,0.4200235605239868,0.5799764394760132,0.4200235605239868,-0.017963409423828125,-0.013870954513549805,-0.013870954513549805,0.5620130300521851,0.43798696994781494,0.7334908843040466,0.7334908843040466,0.0550534725189209,-0.0550534725189209,-0.030091464519500732,0.030091464519500732,NA,NA,NA,NA,NA,NA,NA,NA,NA,NA,NA,NA,0,0,0,0,0,0,0,0,1,0,0,0,0,0,0,0,0,0,0,0,0,0,0,0,0,0,0,0,0,0,0,0,0,1,0,0,0,0,0,0,0,0,0,0,0,0,0,0,0,0,0,00-0005755,J.Garcia,NA,00-0007180,G.Hearst,NA,NA,NA,NA,NA,NA,NA,NA,NA,NA,NA,NA,NA,NA,NA,NA,NA,NA,NA,NA,NA,NA,NA,NA,NA,NA,NA,NA,NA,NA,NA,NA,NA,NA,NA,NA,NA,NA,NA,NA,NA,NA,NA,NA,NA,NA,NA,NA,NA,NA,NA,NA,NA,NA,NA,NA,NA,NA,NA,NA,NA,NA,NA,NA,0,NA,NA,NA,NA,NA,NA,NA,NA,NA,NA,NA,NA,NA,NA,NA,NA,NA,NA,NA,NA,NA,NA,NA,NA,NA,NA,NA,NA,NA,NA,NA,0,NA,NA,NA,NA,0,NA,NA,0,0,0,0,NA,NA,2002,NA,NA,3,0,Punt,153,21:00:00,18:12:36,3COM Park,"Clear skies Temp: 64° F, Humidity: 28%, Wind: SE 8 mph",10160000-0182-69e4-1c08-4240bfea771a,0,0,PASS,0,NA,NA,SF 45,1,Punt,NA,7,3:15,2,0,0,1,1,0,KICKOFF,PUNT,15:00,11:45,SF 16,SF 47,35,210,38,17,Home,-21,55,7,37.5,0,outdoors,grass,64,8,Steve Mariucci,Andy Reid,SFO00,3Com Park,0,0,J.Garcia,5,NA,NA,G.Hearst,20,1,0,0,0,1,00-0005755,NA,00-0007180,J.Garcia,5,00-0005755,G.Hearst,00-0007180,G.Hearst,00-0007180,0,1,-0.44803022616542876,NA,NA,NA,NA,NA,NA,NA,NA,NA,NA,NA,NA,NA,NA,NA,NA,NA,Andy Reid,Steve Mariucci,12:47,NA,NA,Other,NA,NA,NA,NA,NA,NA,NA,NA
171,2002_12_PHI_SF,2002112500,SF,PHI,REG,12,SF,home,PHI,SF,55,2002-11-25,763,1663,3463,Half1,0,1,0,1,2,0,12:43,SF 45,10,31,(12:43) 20-G.Hearst up the middle to SF 47 for 2 yards (96-P.Grasmanis).,run,2,0,0,0,0,0,0,NA,NA,NA,NA,middle,NA,NA,NA,NA,NA,3,3,0,NA,NA,NA,NA,3,3,0,0,0,0,0,0,0,0,0.010175513103604317,0.12104224413633347,0.0018663773080334067,0.18213704228401184,0.25812751054763794,0.0058648413978517056,0.42078644037246704,0,0,2.0897985140327364,-0.7471482525579631,0.5258842508774251,-0.5258842508774251,0.8921622200869024,-0.8921622200869024,-0.14432189776562154,0.14432189776562154,NA,NA,NA,NA,NA,NA,NA,NA,NA,NA,NA,NA,0.5620130300521851,0.43798696994781494,0.5620130300521851,0.43798696994781494,-0.03574854135513306,-0.04330569505691528,-0.04330569505691528,0.526264488697052,0.473735511302948,0.7196199297904968,0.7196199297904968,0.019304931163787842,-0.019304931163787842,-0.030091464519500732,0.030091464519500732,NA,NA,NA,NA,NA,NA,NA,NA,NA,NA,NA,NA,0,0,0,0,0,0,0,0,0,0,0,0,0,0,0,0,0,0,0,0,0,0,0,0,1,0,0,0,0,0,0,0,1,0,0,0,0,0,0,0,0,0,0,0,0,0,0,0,0,0,0,NA,NA,NA,NA,NA,NA,00-0007180,G.Hearst,2,NA,NA,NA,NA,NA,NA,NA,NA,NA,NA,NA,NA,NA,NA,NA,NA,NA,NA,NA,NA,NA,NA,NA,NA,NA,NA,NA,NA,NA,NA,NA,NA,NA,NA,NA,NA,NA,NA,NA,NA,NA,NA,PHI,NA,00-0006251,NA,P.Grasmanis,NA,NA,NA,NA,NA,NA,NA,NA,NA,NA,NA,NA,NA,0,NA,NA,NA,NA,NA,NA,NA,NA,NA,NA,NA,NA,NA,NA,NA,NA,NA,NA,NA,NA,NA,NA,NA,NA,NA,NA,NA,NA,NA,NA,NA,0,NA,NA,NA,NA,0,NA,NA,0,0,0,0,NA,NA,2002,NA,NA,3,0,Punt,171,21:00:00,18:13:15,3COM Park,"Clear skies Temp: 64° F, Humidity: 28%, Wind: SE 8 mph",10160000-0182-69e4-1c08-4240bfea771a,0,0,RUSH,0,NA,NA,SF 47,1,Punt,NA,7,3:15,2,0,0,1,1,0,KICKOFF,PUNT,15:00,11:45,SF 16,SF 47,35,210,38,17,Home,-21,55,7,37.5,0,outdoors,grass,64,8,Steve Mariucci,Andy Reid,SFO00,3Com Park,0,0,NA,NA,G.Hearst,20,NA,NA,0,1,0,0,1,NA,00-0007180,NA,G.Hearst,20,00-0007180,G.Hearst,00-0007180,G.Hearst,00-0007180,0,1,-0.7471482525579631,NA,NA,NA,NA,NA,NA,NA,NA,NA,NA,NA,NA,NA,NA,NA,NA,NA,Andy Reid,Steve Mariucci,12:43,NA,NA,Other,NA,NA,NA,NA,NA,NA,NA,NA
192,2002_12_PHI_SF,2002112500,SF,PHI,REG,12,SF,home,PHI,SF,53,2002-11-25,722,1622,3422,Half1,0,1,0,1,3,0,12:02,SF 47,8,31,(12:02) 5-J.Garcia pass incomplete to 81-T.Owens.,pass,0,0,0,1,0,0,0,NA,NA,NA,NA,NA,NA,NA,NA,NA,NA,3,3,0,NA,NA,NA,NA,3,3,0,0,0,0,0,0,0,0,0.011236277408897877,0.14438872039318085,0.001951031037606299,0.22060202062129974,0.24739563465118408,0.007847627624869347,0.3665786385536194,0,0,1.3426502614747733,-1.4517438418697566,-0.9258595909923315,0.9258595909923315,0.8921622200869024,-0.8921622200869024,-1.5960657396353781,1.5960657396353781,NA,NA,NA,NA,NA,NA,NA,NA,NA,NA,NA,NA,0.526264488697052,0.473735511302948,0.526264488697052,0.473735511302948,-0.03579944372177124,-0.04423844814300537,-0.04423844814300537,0.49046504497528076,0.5095349550247192,0.6763142347335815,0.6763142347335815,0.019304931163787842,-0.019304931163787842,-0.06589090824127197,0.06589090824127197,NA,NA,NA,NA,NA,NA,NA,NA,NA,NA,NA,NA,0,0,0,0,0,1,0,0,1,0,0,0,0,0,0,0,0,0,0,0,0,0,0,0,0,0,0,0,0,0,0,0,0,1,0,0,0,0,0,0,0,0,0,0,0,0,0,0,0,0,0,00-0005755,J.Garcia,NA,00-0012478,T.Owens,NA,NA,NA,NA,NA,NA,NA,NA,NA,NA,NA,NA,NA,NA,NA,NA,NA,NA,NA,NA,NA,NA,NA,NA,NA,NA,NA,NA,NA,NA,NA,NA,NA,NA,NA,NA,NA,NA,NA,NA,NA,NA,NA,NA,NA,NA,NA,NA,NA,NA,NA,NA,NA,NA,NA,NA,NA,NA,NA,NA,NA,NA,NA,NA,0,NA,NA,NA,NA,NA,NA,NA,NA,NA,NA,NA,NA,NA,NA,NA,NA,NA,NA,NA,NA,NA,NA,NA,NA,NA,NA,NA,NA,NA,NA,NA,0,NA,NA,NA,NA,0,NA,NA,0,0,0,0,NA,NA,2002,NA,NA,3,0,Punt,192,21:00:00,18:13:56,3COM Park,"Clear skies Temp: 64° F, Humidity: 28%, Wind: SE 8 mph",10160000-0182-69e4-1c08-4240bfea771a,0,0,PASS,0,NA,NA,SF 47,1,Punt,NA,7,3:15,2,0,0,1,1,0,KICKOFF,PUNT,15:00,11:45,SF 16,SF 47,35,210,38,17,Home,-21,55,7,37.5,0,outdoors,grass,64,8,Steve Mariucci,Andy Reid,SFO00,3Com Park,0,0,J.Garcia,5,NA,NA,T.Owens,81,1,0,0,0,1,00-0005755,NA,00-0012478,J.Garcia,5,00-0005755,T.Owens,00-0012478,T.Owens,00-0012478,0,1,-1.4517438418697566,NA,NA,NA,NA,NA,NA,NA,NA,NA,NA,NA,NA,NA,NA,NA,NA,NA,Andy Reid,Steve Mariucci,12:02,NA,NA,Other,NA,NA,NA,NA,NA,NA,NA,NA
210,2002_12_PHI_SF,2002112500,SF,PHI,REG,12,SF,home,PHI,SF,53,2002-11-25,717,1617,3417,Half1,0,1,0,1,4,0,11:57,SF 47,8,31,"(11:57) 7-J.Baker punts 43 yards to PHI 10, Center-86-B.Jennings, downed by SF-23-J.Williams.",punt,0,0,0,0,0,0,0,NA,NA,NA,NA,NA,NA,NA,43,NA,NA,3,3,0,NA,NA,NA,NA,3,3,0,0,0,0,0,0,0,0,0.0123294023796916,0.1948687583208084,0.0023884857073426247,0.30313122272491455,0.18805788457393646,0.01130699273198843,0.28791722655296326,0,0,-0.10909358039498329,0.8473310577683151,-0.07852853322401643,0.07852853322401643,0.8921622200869024,-0.8921622200869024,-1.5960657396353781,1.5960657396353781,NA,NA,NA,NA,NA,NA,NA,NA,NA,NA,NA,NA,0.49046504497528076,0.5095349550247192,0.49046504497528076,0.5095349550247192,0.038060903549194336,0.07302582263946533,0.07302582263946533,0.5285259485244751,0.4714740514755249,0.6320757865905762,0.6320757865905762,0.019304931163787842,-0.019304931163787842,-0.06589090824127197,0.06589090824127197,NA,NA,NA,NA,NA,NA,NA,NA,NA,NA,NA,NA,0,0,0,0,0,0,0,0,0,0,0,1,0,0,1,0,0,0,0,0,0,0,0,0,0,0,0,0,0,0,0,0,0,0,0,0,0,0,0,0,0,0,0,1,0,0,0,0,0,0,0,NA,NA,NA,NA,NA,NA,NA,NA,NA,NA,NA,NA,NA,NA,NA,NA,NA,NA,NA,NA,NA,NA,NA,NA,NA,NA,NA,NA,NA,00-0019921,J.Baker,NA,NA,NA,NA,NA,NA,NA,NA,NA,NA,NA,NA,NA,NA,NA,NA,NA,NA,NA,NA,NA,NA,NA,NA,NA,NA,NA,NA,NA,NA,NA,NA,NA,NA,NA,NA,NA,NA,0,NA,NA,NA,NA,NA,NA,NA,NA,NA,NA,NA,NA,NA,NA,NA,NA,NA,NA,NA,NA,NA,NA,NA,NA,NA,NA,NA,NA,NA,NA,PHI,0,NA,NA,NA,NA,0,NA,NA,0,0,0,0,NA,NA,2002,NA,NA,3,0,Punt,210,21:00:00,18:14:33,3COM Park,"Clear skies Temp: 64° F, Humidity: 28%, Wind: SE 8 mph",10160000-0182-69e4-1c08-4240bfea771a,0,0,PUNT,1,NA,11:45,PHI 10,1,Punt,NA,7,3:15,2,0,0,1,1,0,KICKOFF,PUNT,15:00,11:45,SF 16,SF 47,35,210,38,17,Home,-21,55,7,37.5,0,outdoors,grass,64,8,Steve Mariucci,Andy Reid,SFO00,3Com Park,0,1,NA,NA,NA,NA,NA,NA,0,0,0,1,0,NA,NA,NA,NA,NA,NA,NA,NA,NA,NA,0,1,0.8473310577683151,NA,NA,NA,NA,NA,NA,NA,NA,0.2608648510213243,0.46721109806561467,NA,NA,0,0.4536566771566868,0.5453006289899349,0.4536566771566868,0.523419292170867,Andy Reid,Steve Mariucci,11:57,0,0,Other,NA,26,47,NA,52,45,55,45
229,2002_12_PHI_SF,2002112500,SF,PHI,REG,12,PHI,away,SF,PHI,90,2002-11-25,705,1605,3405,Half1,0,2,0,1,1,0,11:45,PHI 10,10,0,(11:45) 10-K.Detmer sacked at PHI 2 for -8 yards (sack split by 96-A.Carter and 97-B.Young).,pass,-8,0,0,1,0,0,0,NA,NA,NA,NA,NA,NA,NA,NA,NA,NA,3,3,0,NA,NA,NA,NA,3,3,0,0,0,0,0,0,0,0,0.011297344230115414,0.2189910113811493,0.01384365651756525,0.3339087665081024,0.16445384919643402,0.0024230529088526964,0.255082368850708,0,0,-0.7382374773733318,-1.4233732621651143,1.3448447289410979,-1.3448447289410979,0.8921622200869024,-0.8921622200869024,-0.17269247747026384,0.17269247747026384,NA,NA,NA,NA,NA,NA,NA,NA,NA,NA,NA,NA,0.4714740514755249,0.5285259485244751,0.5285259485244751,0.4714740514755249,-0.025553852319717407,-0.04265838861465454,0.04265838861465454,0.5540798008441925,0.4459201991558075,0.2948983907699585,0.7051016092300415,0.019304931163787842,-0.019304931163787842,-0.040337055921554565,0.040337055921554565,NA,NA,NA,NA,NA,NA,NA,NA,NA,NA,NA,NA,0,0,0,0,0,0,0,0,0,0,0,0,0,0,0,0,0,0,0,0,0,0,0,0,0,0,0,0,0,0,0,1,0,1,1,0,0,0,0,0,0,0,0,0,0,0,1,0,0,0,0,00-0004229,K.Detmer,NA,NA,NA,NA,NA,NA,NA,NA,NA,NA,NA,NA,NA,NA,NA,NA,NA,NA,NA,NA,NA,NA,NA,NA,NA,NA,NA,NA,NA,NA,NA,NA,NA,NA,NA,NA,NA,NA,NA,00-0020489,A.Carter,00-0018405,B.Young,NA,NA,NA,NA,NA,NA,NA,NA,NA,NA,NA,NA,00-0020489,A.Carter,SF,00-0018405,B.Young,SF,NA,NA,NA,NA,NA,NA,0,NA,NA,NA,NA,NA,NA,NA,NA,NA,NA,NA,NA,NA,NA,NA,NA,NA,NA,NA,NA,NA,NA,NA,NA,NA,NA,00-0020489,A.Carter,00-0018405,B.Young,NA,0,NA,NA,NA,NA,0,NA,NA,0,0,0,0,NA,NA,2002,NA,NA,4,0,Punt,229,21:00:00,18:16:58,3COM Park,"Clear skies Temp: 64° F, Humidity: 28%, Wind: SE 8 mph",10160000-0182-69e4-1c08-4240bfea771a,0,0,SACK,0,NA,NA,PHI 2,2,Punt,NA,3,1:54,0,0,0,1,1,4,PUNT,PUNT,11:45,09:51,PHI 10,PHI 10,229,333,38,17,Home,-21,55,7,37.5,0,outdoors,grass,64,8,Steve Mariucci,Andy Reid,SFO00,3Com Park,0,0,K.Detmer,10,NA,NA,NA,NA,1,0,0,0,1,00-0004229,NA,NA,K.Detmer,10,00-0004229,NA,NA,NA,NA,0,1,-1.4233732621651143,NA,NA,NA,NA,NA,NA,NA,NA,NA,NA,NA,NA,NA,NA,NA,NA,NA,Andy Reid,Steve Mariucci,11:45,NA,NA,Other,NA,NA,NA,NA,NA,NA,NA,NA
248,2002_12_PHI_SF,2002112500,SF,PHI,REG,12,PHI,away,SF,PHI,98,2002-11-25,674,1574,3374,Half1,0,2,0,1,2,0,11:14,PHI 2,18,0,"(11:14) PENALTY on PHI-74-D.Brzezinski, False Start, 1 yard, enforced at PHI 2 - No Play.",no_play,0,0,0,0,0,0,0,NA,NA,NA,NA,NA,NA,NA,NA,NA,NA,3,3,0,NA,NA,NA,NA,3,3,0,0,0,0,0,0,0,0,0.008537926711142063,0.28876611590385437,0.05303718522191048,0.3766734302043915,0.11365793645381927,0.0017579522682353854,0.15756946802139282,0,0,-2.161610739538446,-0.13744283164851367,1.4822875605896115,-1.4822875605896115,0.8921622200869024,-0.8921622200869024,-0.17269247747026384,0.17269247747026384,NA,NA,NA,NA,NA,NA,NA,NA,NA,NA,NA,NA,0.4459201991558075,0.5540798008441925,0.5540798008441925,0.4459201991558075,-0,-0.00871625542640686,0.00871625542640686,0.5540798008441925,0.4459201991558075,0.25224000215530396,0.747759997844696,0.019304931163787842,-0.019304931163787842,-0.040337055921554565,0.040337055921554565,NA,NA,NA,NA,NA,NA,NA,NA,NA,NA,NA,NA,0,0,0,0,0,0,0,0,0,0,0,0,0,0,0,0,0,0,0,0,0,0,0,0,0,0,1,0,0,0,0,0,0,0,0,0,0,0,0,0,0,0,0,0,0,0,0,0,0,0,0,NA,NA,NA,NA,NA,NA,NA,NA,NA,NA,NA,NA,NA,NA,NA,NA,NA,NA,NA,NA,NA,NA,NA,NA,NA,NA,NA,NA,NA,NA,NA,NA,NA,NA,NA,NA,NA,NA,NA,NA,NA,NA,NA,NA,NA,NA,NA,NA,NA,NA,NA,NA,NA,NA,NA,NA,NA,NA,NA,NA,NA,NA,NA,NA,NA,NA,NA,NA,NA,0,NA,NA,NA,NA,NA,NA,NA,NA,NA,NA,NA,NA,NA,NA,NA,NA,NA,NA,NA,NA,NA,NA,NA,NA,NA,NA,NA,NA,NA,NA,NA,0,PHI,00-0002160,D.Brzezinski,1,0,NA,False Start,0,0,0,0,NA,NA,2002,NA,NA,4,0,Punt,248,21:00:00,18:17:40,3COM Park,"Clear skies Temp: 64° F, Humidity: 28%, Wind: SE 8 mph",10160000-0182-69e4-1c08-4240bfea771a,0,0,PENALTY,0,NA,NA,PHI 1,2,Punt,NA,3,1:54,0,0,0,1,1,4,PUNT,PUNT,11:45,09:51,PHI 10,PHI 10,229,333,38,17,Home,-21,55,7,37.5,0,outdoors,grass,64,8,Steve Mariucci,Andy Reid,SFO00,3Com Park,0,0,NA,NA,NA,NA,NA,NA,0,0,0,0,1,NA,NA,NA,NA,NA,NA,NA,NA,NA,NA,0,1,-0.13744283164851367,NA,NA,NA,NA,NA,NA,NA,NA,NA,NA,NA,NA,NA,NA,NA,NA,NA,Andy Reid,Steve Mariucci,11:14,NA,NA,Other (Penalty),NA,NA,NA,NA,NA,NA,NA,NA
271,2002_12_PHI_SF,2002112500,SF,PHI,REG,12,PHI,away,SF,PHI,99,2002-11-25,662,1562,3362,Half1,0,2,0,1,2,0,11:02,PHI 1,19,0,"(11:02) PENALTY on SF-97-B.Young, Encroachment, 5 yards, enforced at PHI 1 - No Play.",no_play,0,0,0,0,0,0,0,NA,NA,NA,NA,NA,NA,NA,NA,NA,NA,3,3,0,NA,NA,NA,NA,3,3,0,0,0,0,0,0,0,0,0.008194230496883392,0.2783758044242859,0.09351098537445068,0.370917409658432,0.10382101684808731,0.0016418700106441975,0.143538698554039,0,0,-2.2990535711869597,0.42988046328537166,1.0524070973042399,-1.0524070973042399,0.8921622200869024,-0.8921622200869024,-0.17269247747026384,0.17269247747026384,NA,NA,NA,NA,NA,NA,NA,NA,NA,NA,NA,NA,0.4459201991558075,0.5540798008441925,0.5540798008441925,0.4459201991558075,-0,0.021609097719192505,-0.021609097719192505,0.5540798008441925,0.4459201991558075,0.2435237467288971,0.7564762532711029,0.019304931163787842,-0.019304931163787842,-0.040337055921554565,0.040337055921554565,NA,NA,NA,NA,NA,NA,NA,NA,NA,NA,NA,NA,0,0,0,0,0,0,0,0,0,0,0,0,0,0,0,0,0,0,0,0,0,0,0,0,0,0,1,0,0,0,0,0,0,0,0,0,0,0,0,0,0,0,0,0,0,0,0,0,0,0,0,NA,NA,NA,NA,NA,NA,NA,NA,NA,NA,NA,NA,NA,NA,NA,NA,NA,NA,NA,NA,NA,NA,NA,NA,NA,NA,NA,NA,NA,NA,NA,NA,NA,NA,NA,NA,NA,NA,NA,NA,NA,NA,NA,NA,NA,NA,NA,NA,NA,NA,NA,NA,NA,NA,NA,NA,NA,NA,NA,NA,NA,NA,NA,NA,NA,NA,NA,NA,NA,0,NA,NA,NA,NA,NA,NA,NA,NA,NA,NA,NA,NA,NA,NA,NA,NA,NA,NA,NA,NA,NA,NA,NA,NA,NA,NA,NA,NA,NA,NA,NA,0,SF,00-0018405,B.Young,5,0,NA,Encroachment,0,0,0,0,NA,NA,2002,NA,NA,4,0,Punt,271,21:00:00,18:18:18,3COM Park,"Clear skies Temp: 64° F, Humidity: 28%, Wind: SE 8 mph",10160000-0182-69e4-1c08-4240bfea771a,0,0,PENALTY,0,NA,NA,PHI 6,2,Punt,NA,3,1:54,0,0,0,1,1,4,PUNT,PUNT,11:45,09:51,PHI 10,PHI 10,229,333,38,17,Home,-21,55,7,37.5,0,outdoors,grass,64,8,Steve Mariucci,Andy Reid,SFO00,3Com Park,0,1,NA,NA,NA,NA,NA,NA,0,0,0,0,1,NA,NA,NA,NA,NA,NA,NA,NA,NA,NA,0,1,0.42988046328537166,NA,NA,NA,NA,NA,NA,NA,NA,NA,NA,NA,NA,NA,NA,NA,NA,NA,Andy Reid,Steve Mariucci,11:02,NA,NA,Other (Penalty),NA,NA,NA,NA,NA,NA,NA,NA
294,2002_12_PHI_SF,2002112500,SF,PHI,REG,12,PHI,away,SF,PHI,94,2002-11-25,650,1550,3350,Half1,0,2,0,1,2,0,10:50,PHI 6,14,0,(10:50) 22-D.Staley right tackle to PHI 10 for 4 yards (53-J.Ulbrich).,run,4,0,0,0,0,0,0,NA,NA,NA,NA,right,tackle,NA,NA,NA,NA,3,3,0,NA,NA,NA,NA,3,3,0,0,0,0,0,0,0,0,0.010723484680056572,0.26891857385635376,0.035423994064331055,0.37246161699295044,0.1406896561384201,0.0017771207494661212,0.17000553011894226,0,0,-1.869173107901588,0.06486217374913394,0.9875449235551059,-0.9875449235551059,0.8273000463377684,-0.8273000463377684,-0.17269247747026384,0.17269247747026384,NA,NA,NA,NA,NA,NA,NA,NA,NA,NA,NA,NA,0.4459201991558075,0.5540798008441925,0.5540798008441925,0.4459201991558075,-0.018984228372573853,0.004448503255844116,-0.004448503255844116,0.5730640292167664,0.42693597078323364,0.2651328444480896,0.7348671555519104,0.038289159536361694,-0.038289159536361694,-0.040337055921554565,0.040337055921554565,NA,NA,NA,NA,NA,NA,NA,NA,NA,NA,NA,NA,0,0,0,0,0,0,0,0,0,0,0,0,0,0,0,0,0,0,0,0,0,0,0,0,1,0,0,0,0,0,0,0,1,0,0,0,0,0,0,0,0,0,0,0,0,0,0,0,0,0,0,NA,NA,NA,NA,NA,NA,00-0015523,D.Staley,4,NA,NA,NA,NA,NA,NA,NA,NA,NA,NA,NA,NA,NA,NA,NA,NA,NA,NA,NA,NA,NA,NA,NA,NA,NA,NA,NA,NA,NA,NA,NA,NA,NA,NA,NA,NA,NA,NA,NA,NA,NA,NA,SF,NA,00-0019586,NA,J.Ulbrich,NA,NA,NA,NA,NA,NA,NA,NA,NA,NA,NA,NA,NA,0,NA,NA,NA,NA,NA,NA,NA,NA,NA,NA,NA,NA,NA,NA,NA,NA,NA,NA,NA,NA,NA,NA,NA,NA,NA,NA,NA,NA,NA,NA,NA,0,NA,NA,NA,NA,0,NA,NA,0,0,0,0,NA,NA,2002,NA,NA,4,0,Punt,294,21:00:00,18:18:59,3COM Park,"Clear skies Temp: 64° F, Humidity: 28%, Wind: SE 8 mph",10160000-0182-69e4-1c08-4240bfea771a,0,0,RUSH,0,NA,NA,PHI 10,2,Punt,NA,3,1:54,0,0,0,1,1,4,PUNT,PUNT,11:45,09:51,PHI 10,PHI 10,229,333,38,17,Home,-21,55,7,37.5,0,outdoors,grass,64,8,Steve Mariucci,Andy Reid,SFO00,3Com Park,0,1,NA,NA,D.Staley,22,NA,NA,0,1,0,0,1,NA,00-0015523,NA,D.Staley,22,00-0015523,D.Staley,00-0015523,D.Staley,00-0015523,0,1,0.06486217374913394,NA,NA,NA,NA,NA,NA,NA,NA,NA,NA,NA,NA,NA,NA,NA,NA,NA,Andy Reid,Steve Mariucci,10:50,NA,NA,Other,NA,NA,NA,NA,NA,NA,NA,NA
315,2002_12_PHI_SF,2002112500,SF,PHI,REG,12,PHI,away,SF,PHI,90,2002-11-25,609,1509,3309,Half1,0,2,0,1,3,0,10:09,PHI 10,10,0,(10:09) 10-K.Detmer pass incomplete to 89-C.Lewis (98-J.Peterson).,pass,0,0,0,1,0,0,0,NA,NA,NA,NA,NA,NA,NA,NA,NA,NA,3,3,0,NA,NA,NA,NA,3,3,0,0,0,0,0,0,0,0,0.011789572425186634,0.26943424344062805,0.016720503568649292,0.3834509551525116,0.12458314746618271,0.002062241779640317,0.19195936620235443,0,0,-1.8043109341524541,-0.968106250744313,1.955651174299419,-1.955651174299419,0.8273000463377684,-0.8273000463377684,0.7954137732740492,-0.7954137732740492,NA,NA,NA,NA,NA,NA,NA,NA,NA,NA,NA,NA,0.42693597078323364,0.5730640292167664,0.5730640292167664,0.42693597078323364,-0.01971757411956787,-0.019617557525634766,0.019617557525634766,0.5927816033363342,0.40721839666366577,0.2695813477039337,0.7304186522960663,0.038289159536361694,-0.038289159536361694,-0.020619481801986694,0.020619481801986694,NA,NA,NA,NA,NA,NA,NA,NA,NA,NA,NA,NA,0,0,0,0,0,1,0,0,1,0,0,0,0,0,0,0,0,0,0,0,0,0,0,0,0,0,0,0,0,0,0,0,0,1,0,0,0,0,0,0,0,0,0,0,0,0,0,0,0,0,0,00-0004229,K.Detmer,NA,00-0009842,C.Lewis,NA,NA,NA,NA,NA,NA,NA,NA,NA,NA,NA,NA,NA,NA,NA,NA,NA,NA,NA,NA,NA,NA,NA,NA,NA,NA,NA,NA,NA,NA,NA,NA,NA,NA,NA,NA,NA,NA,NA,NA,NA,NA,NA,NA,NA,NA,NA,NA,NA,NA,NA,NA,NA,NA,NA,NA,NA,NA,NA,NA,NA,NA,NA,NA,0,NA,NA,NA,NA,NA,NA,00-0019695,J.Peterson,NA,NA,NA,NA,NA,NA,NA,NA,NA,NA,NA,NA,NA,NA,NA,NA,NA,NA,NA,NA,NA,NA,NA,0,NA,NA,NA,NA,0,NA,NA,0,0,0,0,NA,NA,2002,NA,NA,4,0,Punt,315,21:00:00,18:19:40,3COM Park,"Clear skies Temp: 64° F, Humidity: 28%, Wind: SE 8 mph",10160000-0182-69e4-1c08-4240bfea771a,0,0,PASS,0,NA,NA,PHI 10,2,Punt,NA,3,1:54,0,0,0,1,1,4,PUNT,PUNT,11:45,09:51,PHI 10,PHI 10,229,333,38,17,Home,-21,55,7,37.5,0,outdoors,grass,64,8,Steve Mariucci,Andy Reid,SFO00,3Com Park,0,0,K.Detmer,10,NA,NA,C.Lewis,89,1,0,0,0,1,00-0004229,NA,00-0009842,K.Detmer,10,00-0004229,C.Lewis,00-0009842,C.Lewis,00-0009842,0,1,-0.968106250744313,NA,NA,NA,NA,NA,NA,NA,NA,NA,NA,NA,NA,NA,NA,NA,NA,NA,Andy Reid,Steve Mariucci,10:09,NA,NA,Other,NA,NA,NA,NA,NA,NA,NA,NA
333,2002_12_PHI_SF,2002112500,SF,PHI,REG,12,PHI,away,SF,PHI,90,2002-11-25,604,1504,3304,Half1,0,2,0,1,4,0,10:04,PHI 10,10,0,"(10:04) 7-S.Landeta punts 55 yards to SF 35, Center-88-M.Bartrum, downed by PHI-39-S.Brown.",punt,0,0,0,0,0,0,0,NA,NA,NA,NA,NA,NA,NA,55,NA,NA,3,3,0,NA,NA,NA,NA,3,3,0,0,0,0,0,0,0,0,0.011131039820611477,0.3220101296901703,0.013829096220433712,0.4261567294597626,0.0934847891330719,0.0019606207497417927,0.1314275562763214,0,0,-2.772417184896767,0.998623285908252,0.9570278883911669,-0.9570278883911669,0.8273000463377684,-0.8273000463377684,0.7954137732740492,-0.7954137732740492,NA,NA,NA,NA,NA,NA,NA,NA,NA,NA,NA,NA,0.40721839666366577,0.5927816033363342,0.5927816033363342,0.40721839666366577,0.02639138698577881,0.020109087228775024,-0.020109087228775024,0.5663902163505554,0.4336097836494446,0.24996379017829895,0.750036209821701,0.038289159536361694,-0.038289159536361694,-0.020619481801986694,0.020619481801986694,NA,NA,NA,NA,NA,NA,NA,NA,NA,NA,NA,NA,0,0,0,0,0,0,0,0,0,0,0,0,0,0,1,0,0,0,0,0,0,0,0,0,0,0,0,0,0,0,0,0,0,0,0,0,0,0,0,0,0,0,0,1,0,0,0,0,0,0,0,NA,NA,NA,NA,NA,NA,NA,NA,NA,NA,NA,NA,NA,NA,NA,NA,NA,NA,NA,NA,NA,NA,NA,NA,NA,NA,NA,NA,NA,00-0009584,S.Landeta,NA,NA,NA,NA,NA,NA,NA,NA,NA,NA,NA,NA,NA,NA,NA,NA,NA,NA,NA,NA,NA,NA,NA,NA,NA,NA,NA,NA,NA,NA,NA,NA,NA,NA,NA,NA,NA,NA,0,NA,NA,NA,NA,NA,NA,NA,NA,NA,NA,NA,NA,NA,NA,NA,NA,NA,NA,NA,NA,NA,NA,NA,NA,NA,NA,NA,NA,NA,NA,SF,0,NA,NA,NA,NA,0,NA,NA,0,0,0,0,NA,NA,2002,NA,NA,4,0,Punt,333,21:00:00,18:20:14,3COM Park,"Clear skies Temp: 64° F, Humidity: 28%, Wind: SE 8 mph",10160000-0182-69e4-1c08-4240bfea771a,0,0,PUNT,1,NA,09:51,SF 35,2,Punt,NA,3,1:54,0,0,0,1,1,4,PUNT,PUNT,11:45,09:51,PHI 10,PHI 10,229,333,38,17,Home,-21,55,7,37.5,0,outdoors,grass,64,8,Steve Mariucci,Andy Reid,SFO00,3Com Park,0,1,NA,NA,NA,NA,NA,NA,0,0,0,1,0,NA,NA,NA,NA,NA,NA,NA,NA,NA,NA,0,1,0.998623285908252,NA,NA,NA,NA,NA,NA,NA,NA,0.2159672078632866,NA,0.48384504482600277,NA,0,0.7657314315438271,0.9182369597256184,0.7657314315438271,0.8415698547810614,Andy Reid,Steve Mariucci,10:04,0,0,Other,NA,22,NA,48,84,77,92,77
352,2002_12_PHI_SF,2002112500,SF,PHI,REG,12,SF,home,PHI,SF,65,2002-11-25,591,1491,3291,Half1,0,3,0,1,1,0,09:51,SF 35,10,3,"(9:51) 5-J.Garcia pass to 81-T.Owens ran ob at SF 39 for 4 yards (21-B.Taylor, 93-L.Kirkland). Caught at SF 39.",pass,4,0,0,1,0,0,0,NA,NA,NA,NA,NA,NA,NA,NA,NA,NA,3,3,0,NA,NA,NA,NA,3,3,0,0,0,0,0,0,0,0,0.013425304554402828,0.13079647719860077,0.0020717361476272345,0.19934090971946716,0.24786490201950073,0.004677223041653633,0.4018234312534332,0,0,1.7737938989885151,0.018079243134707212,0.9751071315258741,-0.9751071315258741,0.8273000463377684,-0.8273000463377684,0.8134930164087564,-0.8134930164087564,NA,NA,NA,NA,NA,NA,NA,NA,NA,NA,NA,NA,0.5663902163505554,0.4336097836494446,0.5663902163505554,0.4336097836494446,-0.006655633449554443,-0.00730741024017334,-0.00730741024017334,0.559734582901001,0.440265417098999,0.729927122592926,0.729927122592926,0.038289159536361694,-0.038289159536361694,-0.027275115251541138,0.027275115251541138,NA,NA,NA,NA,NA,NA,NA,NA,NA,NA,NA,NA,0,0,0,0,0,0,0,0,0,0,0,0,0,0,0,0,0,0,0,0,0,0,0,0,0,0,0,0,0,0,0,0,0,1,0,0,0,0,0,0,0,0,0,0,0,1,1,0,0,0,0,00-0005755,J.Garcia,4,00-0012478,T.Owens,4,NA,NA,NA,NA,NA,NA,NA,NA,NA,NA,NA,NA,NA,NA,NA,NA,NA,NA,NA,NA,NA,NA,NA,NA,NA,NA,NA,NA,NA,NA,NA,NA,NA,NA,NA,NA,NA,NA,NA,NA,NA,NA,NA,NA,NA,NA,NA,NA,NA,NA,NA,00-0009298,L.Kirkland,PHI,NA,NA,NA,NA,NA,NA,NA,NA,NA,1,00-0016082,B.Taylor,PHI,NA,NA,NA,NA,NA,NA,NA,NA,NA,NA,NA,NA,NA,NA,NA,NA,NA,NA,NA,NA,NA,NA,NA,NA,NA,NA,NA,NA,0,NA,NA,NA,NA,0,NA,NA,0,0,0,0,NA,NA,2002,NA,NA,5,0,Punt,352,21:00:00,18:22:41,3COM Park,"Clear skies Temp: 64° F, Humidity: 28%, Wind: SE 8 mph",10160000-0182-69e4-1c08-4240bfea771a,0,0,PASS,0,NA,NA,SF 39,3,Punt,NA,3,1:37,0,0,0,1,1,0,PUNT,PUNT,09:51,08:14,SF 35,SF 38,352,416,38,17,Home,-21,55,7,37.5,0,outdoors,grass,64,8,Steve Mariucci,Andy Reid,SFO00,3Com Park,0,1,J.Garcia,5,NA,NA,T.Owens,81,1,0,0,0,1,00-0005755,NA,00-0012478,J.Garcia,5,00-0005755,T.Owens,00-0012478,T.Owens,00-0012478,1,1,0.018079243134707212,NA,NA,NA,NA,NA,NA,NA,NA,NA,NA,NA,NA,NA,NA,NA,NA,NA,Andy Reid,Steve Mariucci,9:51,NA,NA,Other,NA,NA,NA,NA,NA,NA,NA,NA
373,2002_12_PHI_SF,2002112500,SF,PHI,REG,12,SF,home,PHI,SF,61,2002-11-25,548,1448,3248,Half1,0,3,0,1,2,0,09:08,SF 39,6,3,(9:08) 32-K.Barlow right guard to SF 38 for -1 yards (56-S.Barber).,run,-1,0,0,0,0,0,0,NA,NA,NA,NA,right,guard,NA,NA,NA,NA,3,3,0,NA,NA,NA,NA,3,3,0,0,0,0,0,0,0,0,0.016672130674123764,0.12371474504470825,0.0020076557993888855,0.2009417563676834,0.24987873435020447,0.004701249301433563,0.40208375453948975,0,0,1.7918731421232224,-0.8986768508329988,0.07643028069287539,-0.07643028069287539,-0.07137680449523032,0.07137680449523032,0.8134930164087564,-0.8134930164087564,NA,NA,NA,NA,NA,NA,NA,NA,NA,NA,NA,NA,0.559734582901001,0.440265417098999,0.559734582901001,0.440265417098999,-0.03630566596984863,-0.019288957118988037,-0.019288957118988037,0.5234289169311523,0.47657108306884766,0.7226197123527527,0.7226197123527527,0.0019834935665130615,-0.0019834935665130615,-0.027275115251541138,0.027275115251541138,NA,NA,NA,NA,NA,NA,NA,NA,NA,NA,NA,NA,0,0,0,0,0,0,0,0,0,0,0,0,0,0,0,0,0,0,0,0,0,0,0,0,1,0,0,1,0,0,0,0,1,0,0,0,0,0,0,0,0,0,0,0,0,0,0,0,0,0,0,NA,NA,NA,NA,NA,NA,00-0020474,K.Barlow,-1,NA,NA,NA,NA,NA,NA,NA,NA,NA,NA,NA,NA,NA,NA,NA,NA,NA,NA,NA,NA,NA,NA,NA,NA,NA,NA,NA,NA,00-0000743,S.Barber,NA,NA,NA,NA,NA,NA,NA,NA,NA,NA,NA,NA,PHI,NA,00-0000743,NA,S.Barber,NA,NA,NA,NA,NA,NA,NA,NA,NA,NA,NA,NA,NA,0,NA,NA,NA,NA,NA,NA,NA,NA,NA,NA,NA,NA,NA,NA,NA,NA,NA,NA,NA,NA,NA,NA,NA,NA,NA,NA,NA,NA,NA,NA,NA,0,NA,NA,NA,NA,0,NA,NA,0,0,0,0,NA,NA,2002,NA,NA,5,0,Punt,373,21:00:00,18:23:24,3COM Park,"Clear skies Temp: 64° F, Humidity: 28%, Wind: SE 8 mph",10160000-0182-69e4-1c08-4240bfea771a,0,0,RUSH,0,NA,NA,SF 38,3,Punt,NA,3,1:37,0,0,0,1,1,0,PUNT,PUNT,09:51,08:14,SF 35,SF 38,352,416,38,17,Home,-21,55,7,37.5,0,outdoors,grass,64,8,Steve Mariucci,Andy Reid,SFO00,3Com Park,0,0,NA,NA,K.Barlow,32,NA,NA,0,1,0,0,1,NA,00-0020474,NA,K.Barlow,32,00-0020474,K.Barlow,00-0020474,K.Barlow,00-0020474,0,1,-0.8986768508329988,NA,NA,NA,NA,NA,NA,NA,NA,NA,NA,NA,NA,NA,NA,NA,NA,NA,Andy Reid,Steve Mariucci,9:08,NA,NA,Other,NA,NA,NA,NA,NA,NA,NA,NA
398,2002_12_PHI_SF,2002112500,SF,PHI,REG,12,SF,home,PHI,SF,62,2002-11-25,510,1410,3210,Half1,0,3,0,1,3,0,08:30,SF 38,7,3,(8:30) (Shotgun) 5-J.Garcia pass incomplete to 83-J.Stokes.,pass,0,1,0,1,0,0,0,NA,NA,NA,NA,NA,NA,NA,NA,NA,NA,3,3,0,NA,NA,NA,NA,3,3,0,0,0,0,0,0,0,0,0.01916431076824665,0.15354661643505096,0.0021600467152893543,0.2523157298564911,0.2151135802268982,0.004974469542503357,0.35272523760795593,0,0,0.8931962912902236,-1.3044391432777047,-1.2280088625848293,1.2280088625848293,-0.07137680449523032,0.07137680449523032,-0.49094612686894834,0.49094612686894834,NA,NA,NA,NA,NA,NA,NA,NA,NA,NA,NA,NA,0.5234289169311523,0.47657108306884766,0.5234289169311523,0.47657108306884766,-0.02611479163169861,-0.03547835350036621,-0.03547835350036621,0.49731412529945374,0.5026858747005463,0.7033307552337646,0.7033307552337646,0.0019834935665130615,-0.0019834935665130615,-0.053389906883239746,0.053389906883239746,NA,NA,NA,NA,NA,NA,NA,NA,NA,NA,NA,NA,0,0,0,0,0,1,0,0,1,0,0,0,0,0,0,0,0,0,0,0,0,0,0,0,0,0,0,0,0,0,0,0,0,1,0,0,0,0,0,0,0,0,0,0,0,0,0,0,0,0,0,00-0005755,J.Garcia,NA,00-0015751,J.Stokes,NA,NA,NA,NA,NA,NA,NA,NA,NA,NA,NA,NA,NA,NA,NA,NA,NA,NA,NA,NA,NA,NA,NA,NA,NA,NA,NA,NA,NA,NA,NA,NA,NA,NA,NA,NA,NA,NA,NA,NA,NA,NA,NA,NA,NA,NA,NA,NA,NA,NA,NA,NA,NA,NA,NA,NA,NA,NA,NA,NA,NA,NA,NA,NA,0,NA,NA,NA,NA,NA,NA,NA,NA,NA,NA,NA,NA,NA,NA,NA,NA,NA,NA,NA,NA,NA,NA,NA,NA,NA,NA,NA,NA,NA,NA,NA,0,NA,NA,NA,NA,0,NA,NA,0,0,0,0,NA,NA,2002,NA,NA,5,0,Punt,398,21:00:00,18:24:02,3COM Park,"Clear skies Temp: 64° F, Humidity: 28%, Wind: SE 8 mph",10160000-0182-69e4-1c08-4240bfea771a,0,0,PASS,0,NA,NA,SF 38,3,Punt,NA,3,1:37,0,0,0,1,1,0,PUNT,PUNT,09:51,08:14,SF 35,SF 38,352,416,38,17,Home,-21,55,7,37.5,0,outdoors,grass,64,8,Steve Mariucci,Andy Reid,SFO00,3Com Park,0,0,J.Garcia,5,NA,NA,J.Stokes,83,1,0,0,0,1,00-0005755,NA,00-0015751,J.Garcia,5,00-0005755,J.Stokes,00-0015751,J.Stokes,00-0015751,0,1,-1.3044391432777047,NA,NA,NA,NA,NA,NA,NA,NA,NA,NA,NA,NA,NA,NA,NA,NA,NA,Andy Reid,Steve Mariucci,8:30,NA,NA,Other,NA,NA,NA,NA,NA,NA,NA,NA
416,2002_12_PHI_SF,2002112500,SF,PHI,REG,12,SF,home,PHI,SF,62,2002-11-25,505,1405,3205,Half1,0,3,0,1,4,0,08:25,SF 38,7,3,"(8:25) 7-J.Baker punts 35 yards to PHI 27, Center-86-B.Jennings. 30-B.Mitchell to PHI 35 for 8 yards (56-B.Moore).",punt,0,0,0,0,0,0,0,NA,NA,NA,NA,NA,NA,NA,35,NA,NA,3,3,0,NA,NA,NA,NA,3,3,0,0,0,0,0,0,0,0,0.020153122022747993,0.1970129758119583,0.0027225278317928314,0.3270284831523895,0.1659623235464096,0.0066580092534422874,0.28046250343322754,0,0,-0.4112428519874811,-0.4399904375895858,-1.6679993001744151,1.6679993001744151,-0.07137680449523032,0.07137680449523032,-0.49094612686894834,0.49094612686894834,NA,NA,NA,NA,NA,NA,NA,NA,NA,NA,NA,NA,0.49731412529945374,0.5026858747005463,0.49731412529945374,0.5026858747005463,-0.013452917337417603,-0.007666051387786865,-0.007666051387786865,0.48386120796203613,0.5161387920379639,0.6678524017333984,0.6678524017333984,0.0019834935665130615,-0.0019834935665130615,-0.053389906883239746,0.053389906883239746,NA,NA,NA,NA,NA,NA,NA,NA,NA,NA,NA,NA,0,0,0,0,0,0,0,0,0,0,0,0,0,0,0,0,0,0,0,0,0,0,0,0,1,0,0,0,0,0,0,0,0,0,0,0,0,0,0,0,0,0,0,1,0,0,0,0,0,0,0,NA,NA,NA,NA,NA,NA,NA,NA,NA,NA,NA,NA,NA,NA,NA,NA,NA,NA,NA,NA,NA,00-0011399,B.Mitchell,NA,NA,NA,NA,NA,NA,00-0019921,J.Baker,NA,NA,NA,NA,NA,NA,NA,NA,NA,NA,NA,NA,NA,NA,NA,NA,NA,NA,NA,NA,SF,NA,00-0020664,NA,B.Moore,NA,NA,NA,NA,NA,NA,NA,NA,NA,NA,NA,NA,NA,0,NA,NA,NA,NA,NA,NA,NA,NA,NA,NA,NA,NA,NA,NA,NA,NA,NA,NA,NA,NA,NA,NA,NA,NA,NA,NA,NA,NA,NA,NA,PHI,8,NA,NA,NA,NA,0,NA,NA,0,0,0,0,NA,NA,2002,NA,NA,5,0,Punt,416,21:00:00,18:24:41,3COM Park,"Clear skies Temp: 64° F, Humidity: 28%, Wind: SE 8 mph",10160000-0182-69e4-1c08-4240bfea771a,0,0,PUNT,1,NA,08:14,PHI 35,3,Punt,NA,3,1:37,0,0,0,1,1,0,PUNT,PUNT,09:51,08:14,SF 35,SF 38,352,416,38,17,Home,-21,55,7,37.5,0,outdoors,grass,64,8,Steve Mariucci,Andy Reid,SFO00,3Com Park,0,0,NA,NA,NA,NA,NA,NA,0,0,0,1,0,NA,NA,NA,NA,NA,NA,NA,NA,NA,NA,0,1,-0.4399904375895858,NA,NA,NA,NA,NA,NA,NA,NA,0.27243624621769413,0.452782026882989,NA,NA,0,0.4435475841164589,0.5588650573045015,0.4435475841164589,0.5185579234260561,Andy Reid,Steve Mariucci,8:25,0,0,Other,NA,27,45,NA,52,44,56,44
441,2002_12_PHI_SF,2002112500,SF,PHI,REG,12,PHI,away,SF,PHI,65,2002-11-25,494,1394,3194,Half1,0,4,0,1,1,0,08:14,PHI 35,10,35,"(8:14) 36-B.Westbrook left end to PHI 39 for 4 yards (50-D.Smith, 98-J.Peterson).",run,4,0,0,0,0,0,0,NA,NA,NA,NA,left,end,NA,NA,NA,NA,3,3,0,NA,NA,NA,NA,3,3,0,0,0,0,0,0,0,0,0.01899115927517414,0.14594760537147522,0.0032641803845763206,0.25528401136398315,0.2327532321214676,0.004397145938128233,0.33936265110969543,0,0,0.8512332895770669,0.09913912368938327,-1.7671384238637984,1.7671384238637984,-0.17051592818461359,0.17051592818461359,-0.49094612686894834,0.49094612686894834,NA,NA,NA,NA,NA,NA,NA,NA,NA,NA,NA,NA,0.5161387920379639,0.48386120796203613,0.48386120796203613,0.5161387920379639,-0.002138853073120117,0.006960481405258179,-0.006960481405258179,0.48600006103515625,0.51399993896484375,0.33981364965438843,0.6601863503456116,0.004122346639633179,-0.004122346639633179,-0.053389906883239746,0.053389906883239746,NA,NA,NA,NA,NA,NA,NA,NA,NA,NA,NA,NA,0,0,0,0,0,0,0,0,0,0,0,0,0,0,0,0,0,0,0,0,0,0,0,0,0,0,0,0,0,0,0,0,1,0,0,0,0,0,0,0,0,0,0,0,0,0,1,0,0,0,0,NA,NA,NA,NA,NA,NA,00-0021216,B.Westbrook,4,NA,NA,NA,NA,NA,NA,NA,NA,NA,NA,NA,NA,NA,NA,NA,NA,NA,NA,NA,NA,NA,NA,NA,NA,NA,NA,NA,NA,NA,NA,NA,NA,NA,NA,NA,NA,NA,NA,NA,NA,NA,NA,NA,NA,NA,NA,NA,NA,00-0019695,J.Peterson,SF,NA,NA,NA,NA,NA,NA,NA,NA,NA,1,00-0015151,D.Smith,SF,NA,NA,NA,NA,NA,NA,NA,NA,NA,NA,NA,NA,NA,NA,NA,NA,NA,NA,NA,NA,NA,NA,NA,NA,NA,NA,NA,NA,0,NA,NA,NA,NA,0,NA,NA,0,0,0,0,NA,NA,2002,NA,NA,6,1,First down,441,21:00:00,18:27:10,3COM Park,"Clear skies Temp: 64° F, Humidity: 28%, Wind: SE 8 mph",10160000-0182-69e4-1c08-4240bfea771a,0,0,RUSH,0,NA,NA,PHI 39,4,Missed field goal,NA,7,2:20,1,0,0,1,1,-5,PUNT,MISSED_FG,08:14,05:54,PHI 35,SF 30,441,598,38,17,Home,-21,55,7,37.5,0,outdoors,grass,64,8,Steve Mariucci,Andy Reid,SFO00,3Com Park,0,1,NA,NA,B.Westbrook,36,NA,NA,0,1,0,0,1,NA,00-0021216,NA,B.Westbrook,36,00-0021216,B.Westbrook,00-0021216,B.Westbrook,00-0021216,0,1,0.09913912368938327,NA,NA,NA,NA,NA,NA,NA,NA,NA,NA,NA,NA,NA,NA,NA,NA,NA,Andy Reid,Steve Mariucci,8:14,NA,NA,Other,NA,NA,NA,NA,NA,NA,NA,NA
462,2002_12_PHI_SF,2002112500,SF,PHI,REG,12,PHI,away,SF,PHI,61,2002-11-25,457,1357,3157,Half1,0,4,0,1,2,0,07:37,PHI 39,6,35,(7:37) 10-K.Detmer pass incomplete to 80-J.Thrash (24-M.Rumph).,pass,0,0,0,1,0,0,0,NA,NA,NA,NA,NA,NA,NA,NA,NA,NA,3,3,0,NA,NA,NA,NA,3,3,0,0,0,0,0,0,0,0,0.02226990833878517,0.14286932349205017,0.002810683334246278,0.24630847573280334,0.24231161177158356,0.004436742980033159,0.33899325132369995,0,0,0.9503724132664502,-0.7830951674841344,-0.9840432563796639,0.9840432563796639,-0.17051592818461359,0.17051592818461359,0.2921490406151861,-0.2921490406151861,NA,NA,NA,NA,NA,NA,NA,NA,NA,NA,NA,NA,0.51399993896484375,0.48600006103515625,0.48600006103515625,0.51399993896484375,-0.027902305126190186,-0.016597270965576172,0.016597270965576172,0.5139023661613464,0.48609763383865356,0.3467741310596466,0.6532258689403534,0.004122346639633179,-0.004122346639633179,-0.02548760175704956,0.02548760175704956,NA,NA,NA,NA,NA,NA,NA,NA,NA,NA,NA,NA,0,0,0,0,0,0,0,0,1,0,0,0,0,0,0,0,0,0,0,0,0,0,0,0,0,0,0,0,0,0,0,0,0,1,0,0,0,0,0,0,0,0,0,0,0,0,0,0,0,0,0,00-0004229,K.Detmer,NA,00-0016440,J.Thrash,NA,NA,NA,NA,NA,NA,NA,NA,NA,NA,NA,NA,NA,NA,NA,NA,NA,NA,NA,NA,NA,NA,NA,NA,NA,NA,NA,NA,NA,NA,NA,NA,NA,NA,NA,NA,NA,NA,NA,NA,NA,NA,NA,NA,NA,NA,NA,NA,NA,NA,NA,NA,NA,NA,NA,NA,NA,NA,NA,NA,NA,NA,NA,NA,0,NA,NA,NA,NA,NA,NA,00-0021158,M.Rumph,NA,NA,NA,NA,NA,NA,NA,NA,NA,NA,NA,NA,NA,NA,NA,NA,NA,NA,NA,NA,NA,NA,NA,0,NA,NA,NA,NA,0,NA,NA,0,0,0,0,NA,NA,2002,NA,NA,6,1,First down,462,21:00:00,18:27:47,3COM Park,"Clear skies Temp: 64° F, Humidity: 28%, Wind: SE 8 mph",10160000-0182-69e4-1c08-4240bfea771a,0,0,PASS,0,NA,NA,PHI 39,4,Missed field goal,NA,7,2:20,1,0,0,1,1,-5,PUNT,MISSED_FG,08:14,05:54,PHI 35,SF 30,441,598,38,17,Home,-21,55,7,37.5,0,outdoors,grass,64,8,Steve Mariucci,Andy Reid,SFO00,3Com Park,0,0,K.Detmer,10,NA,NA,J.Thrash,80,1,0,0,0,1,00-0004229,NA,00-0016440,K.Detmer,10,00-0004229,J.Thrash,00-0016440,J.Thrash,00-0016440,0,1,-0.7830951674841344,NA,NA,NA,NA,NA,NA,NA,NA,NA,NA,NA,NA,NA,NA,NA,NA,NA,Andy Reid,Steve Mariucci,7:37,NA,NA,Other,NA,NA,NA,NA,NA,NA,NA,NA
480,2002_12_PHI_SF,2002112500,SF,PHI,REG,12,PHI,away,SF,PHI,61,2002-11-25,450,1350,3150,Half1,0,4,0,1,3,0,07:30,PHI 39,6,35,(7:30) 10-K.Detmer pass to 87-T.Pinkston pushed ob at SF 29 for 32 yards (24-M.Rumph). Caught at SF 33.,pass,32,0,0,1,0,0,0,NA,NA,NA,NA,NA,NA,NA,NA,NA,NA,3,3,0,NA,NA,NA,NA,3,3,0,0,0,0,0,0,0,0,0.023228632286190987,0.16918103396892548,0.002925378270447254,0.29141849279403687,0.21235132217407227,0.004543904680758715,0.29635125398635864,0,0,0.16727724578231573,3.481430073501542,-4.465473329881206,4.465473329881206,-0.17051592818461359,0.17051592818461359,-3.189281032886356,3.189281032886356,NA,NA,NA,NA,NA,NA,NA,NA,NA,NA,NA,NA,0.48609763383865356,0.5139023661613464,0.5139023661613464,0.48609763383865356,0.12752914428710938,0.07406380772590637,-0.07406380772590637,0.38637322187423706,0.6136267781257629,0.33017686009407043,0.6698231399059296,0.004122346639633179,-0.004122346639633179,-0.15301674604415894,0.15301674604415894,NA,NA,NA,NA,NA,NA,NA,NA,NA,NA,NA,NA,0,0,1,0,1,0,0,0,0,0,0,0,0,0,0,0,0,0,0,0,0,0,0,0,1,0,0,0,0,0,0,0,0,1,0,0,0,0,0,0,0,0,0,0,0,1,0,0,0,0,0,00-0004229,K.Detmer,32,00-0019606,T.Pinkston,32,NA,NA,NA,NA,NA,NA,NA,NA,NA,NA,NA,NA,NA,NA,NA,NA,NA,NA,NA,NA,NA,NA,NA,NA,NA,NA,NA,NA,NA,NA,NA,NA,NA,NA,NA,NA,NA,NA,NA,NA,NA,NA,NA,NA,NA,SF,NA,00-0021158,NA,M.Rumph,NA,NA,NA,NA,NA,NA,NA,NA,NA,NA,NA,NA,NA,0,NA,NA,NA,NA,NA,NA,NA,NA,NA,NA,NA,NA,NA,NA,NA,NA,NA,NA,NA,NA,NA,NA,NA,NA,NA,NA,NA,NA,NA,NA,NA,0,NA,NA,NA,NA,0,NA,NA,0,0,0,0,NA,NA,2002,NA,NA,6,1,First down,480,21:00:00,18:28:29,3COM Park,"Clear skies Temp: 64° F, Humidity: 28%, Wind: SE 8 mph",10160000-0182-69e4-1c08-4240bfea771a,0,0,PASS,0,NA,NA,SF 29,4,Missed field goal,NA,7,2:20,1,0,0,1,1,-5,PUNT,MISSED_FG,08:14,05:54,PHI 35,SF 30,441,598,38,17,Home,-21,55,7,37.5,0,outdoors,grass,64,8,Steve Mariucci,Andy Reid,SFO00,3Com Park,0,1,K.Detmer,10,NA,NA,T.Pinkston,87,1,0,1,0,1,00-0004229,NA,00-0019606,K.Detmer,10,00-0004229,T.Pinkston,00-0019606,T.Pinkston,00-0019606,1,1,3.481430073501542,NA,NA,NA,NA,NA,NA,NA,NA,NA,NA,NA,NA,NA,NA,NA,NA,NA,Andy Reid,Steve Mariucci,7:30,NA,NA,Other,NA,NA,NA,NA,NA,NA,NA,NA
505,2002_12_PHI_SF,2002112500,SF,PHI,REG,12,PHI,away,SF,SF,29,2002-11-25,426,1326,3126,Half1,0,4,0,1,1,0,07:06,SF 29,10,35,(7:06) 10-K.Detmer pass incomplete to 87-T.Pinkston.,pass,0,0,0,1,0,0,0,NA,NA,NA,NA,NA,NA,NA,NA,NA,NA,3,3,0,NA,NA,NA,NA,3,3,0,0,0,0,0,0,0,0,0.009121752344071865,0.050157904624938965,8.876033825799823e-4,0.08779112994670868,0.3858621120452881,0.0010697273537516594,0.46510976552963257,0,0,3.648707319283858,-0.40858897392172366,-4.0568843559594825,4.0568843559594825,-0.17051592818461359,0.17051592818461359,-2.7806920589646325,2.7806920589646325,NA,NA,NA,NA,NA,NA,NA,NA,NA,NA,NA,NA,0.6136267781257629,0.38637322187423706,0.38637322187423706,0.6136267781257629,-0.012304723262786865,-0.019347071647644043,0.019347071647644043,0.3986779451370239,0.6013220548629761,0.4042406678199768,0.5957593321800232,0.004122346639633179,-0.004122346639633179,-0.14071202278137207,0.14071202278137207,NA,NA,NA,NA,NA,NA,NA,NA,NA,NA,NA,NA,0,0,0,0,0,0,0,0,1,0,0,0,0,0,0,0,0,0,0,0,0,0,0,0,0,0,0,0,0,0,0,0,0,1,0,0,0,0,0,0,0,0,0,0,0,0,0,0,0,0,0,00-0004229,K.Detmer,NA,00-0019606,T.Pinkston,NA,NA,NA,NA,NA,NA,NA,NA,NA,NA,NA,NA,NA,NA,NA,NA,NA,NA,NA,NA,NA,NA,NA,NA,NA,NA,NA,NA,NA,NA,NA,NA,NA,NA,NA,NA,NA,NA,NA,NA,NA,NA,NA,NA,NA,NA,NA,NA,NA,NA,NA,NA,NA,NA,NA,NA,NA,NA,NA,NA,NA,NA,NA,NA,0,NA,NA,NA,NA,NA,NA,NA,NA,NA,NA,NA,NA,NA,NA,NA,NA,NA,NA,NA,NA,NA,NA,NA,NA,NA,NA,NA,NA,NA,NA,NA,0,NA,NA,NA,NA,0,NA,NA,0,0,0,0,NA,NA,2002,NA,NA,7,0,Missed field goal,505,21:00:00,18:29:10,3COM Park,"Clear skies Temp: 64° F, Humidity: 28%, Wind: SE 8 mph",10160000-0182-69e4-1c08-4240bfea771a,0,0,PASS,0,NA,NA,SF 29,4,Missed field goal,NA,7,2:20,1,0,0,1,1,-5,PUNT,MISSED_FG,08:14,05:54,PHI 35,SF 30,441,598,38,17,Home,-21,55,7,37.5,0,outdoors,grass,64,8,Steve Mariucci,Andy Reid,SFO00,3Com Park,0,0,K.Detmer,10,NA,NA,T.Pinkston,87,1,0,0,0,1,00-0004229,NA,00-0019606,K.Detmer,10,00-0004229,T.Pinkston,00-0019606,T.Pinkston,00-0019606,0,1,-0.40858897392172366,NA,NA,NA,NA,NA,NA,NA,NA,NA,NA,NA,NA,NA,NA,NA,NA,NA,Andy Reid,Steve Mariucci,7:06,NA,NA,Other,NA,NA,NA,NA,NA,NA,NA,NA
523,2002_12_PHI_SF,2002112500,SF,PHI,REG,12,PHI,away,SF,SF,29,2002-11-25,420,1320,3120,Half1,0,4,0,1,2,0,07:00,SF 29,10,35,"(7:00) 22-D.Staley right guard to SF 26 for 3 yards (53-J.Ulbrich). PENALTY on PHI-22-D.Staley, Illegal Motion, 5 yards, enforced at SF 29 - No Play.",no_play,0,0,0,0,0,0,0,NA,NA,NA,NA,NA,NA,NA,NA,NA,NA,3,3,0,NA,NA,NA,NA,3,3,0,0,0,0,0,0,0,0,0.009239387698471546,0.06001877784729004,9.045088081620634e-4,0.09924383461475372,0.42299923300743103,0.0010933540761470795,0.4065008759498596,0,0,3.2401183453621343,-0.9632228919072077,-3.093661464052275,3.093661464052275,-0.17051592818461359,0.17051592818461359,-2.7806920589646325,2.7806920589646325,NA,NA,NA,NA,NA,NA,NA,NA,NA,NA,NA,NA,0.6013220548629761,0.3986779451370239,0.3986779451370239,0.6013220548629761,-0.019946753978729248,-0.03202247619628906,0.03202247619628906,0.4186246991157532,0.5813753008842468,0.38489359617233276,0.6151064038276672,0.004122346639633179,-0.004122346639633179,-0.14071202278137207,0.14071202278137207,NA,NA,NA,NA,NA,NA,NA,NA,NA,NA,NA,NA,0,0,0,0,0,0,0,0,0,0,0,0,0,0,0,0,0,0,0,0,0,0,0,0,0,0,1,0,0,0,0,0,0,0,0,0,0,0,0,0,0,0,0,0,0,0,0,0,0,0,0,NA,NA,NA,NA,NA,NA,NA,NA,NA,NA,NA,NA,NA,NA,NA,NA,NA,NA,NA,NA,NA,NA,NA,NA,NA,NA,NA,NA,NA,NA,NA,NA,NA,NA,NA,NA,NA,NA,NA,NA,NA,NA,NA,NA,NA,NA,NA,NA,NA,NA,NA,NA,NA,NA,NA,NA,NA,NA,NA,NA,NA,NA,NA,NA,NA,NA,NA,NA,NA,0,NA,NA,NA,NA,NA,NA,NA,NA,NA,NA,NA,NA,NA,NA,NA,NA,NA,NA,NA,NA,NA,NA,NA,NA,NA,NA,NA,NA,NA,NA,NA,0,PHI,00-0015523,D.Staley,5,0,NA,Illegal Motion,0,0,0,0,NA,NA,2002,NA,NA,7,0,Missed field goal,523,21:00:00,18:29:50,3COM Park,"Clear skies Temp: 64° F, Humidity: 28%, Wind: SE 8 mph",10160000-0182-69e4-1c08-4240bfea771a,0,0,PENALTY,0,NA,NA,SF 34,4,Missed field goal,NA,7,2:20,1,0,0,1,1,-5,PUNT,MISSED_FG,08:14,05:54,PHI 35,SF 30,441,598,38,17,Home,-21,55,7,37.5,0,outdoors,grass,64,8,Steve Mariucci,Andy Reid,SFO00,3Com Park,0,0,NA,NA,D.Staley,22,NA,NA,0,1,0,0,1,NA,00-0015523,NA,D.Staley,22,00-0015523,NA,NA,D.Staley,00-0015523,0,1,-0.9632228919072077,NA,NA,NA,NA,NA,NA,NA,NA,NA,NA,NA,NA,NA,NA,NA,NA,NA,Andy Reid,Steve Mariucci,7:00,NA,NA,Other (Penalty),NA,NA,NA,NA,NA,NA,NA,NA
559,2002_12_PHI_SF,2002112500,SF,PHI,REG,12,PHI,away,SF,SF,34,2002-11-25,398,1298,3098,Half1,0,4,0,1,2,0,06:38,SF 34,15,35,(6:38) 10-K.Detmer pass incomplete to 87-T.Pinkston (29-A.Plummer).,pass,0,0,0,1,0,0,0,NA,NA,NA,NA,NA,NA,NA,NA,NA,NA,3,3,0,NA,NA,NA,NA,3,3,0,0,0,0,0,0,0,0,0.012151394039392471,0.07824540883302689,0.0017049849266186357,0.15095208585262299,0.4290601313114166,0.002135239774361253,0.32575076818466187,0,0,2.2768954534549266,-0.8846461623907089,-2.209015301661566,2.209015301661566,-0.17051592818461359,0.17051592818461359,-1.8960458965739235,1.8960458965739235,NA,NA,NA,NA,NA,NA,NA,NA,NA,NA,NA,NA,0.5813753008842468,0.4186246991157532,0.4186246991157532,0.5813753008842468,-0.029432177543640137,-0.0198519229888916,0.0198519229888916,0.4480568766593933,0.5519431233406067,0.3528711199760437,0.6471288800239563,0.004122346639633179,-0.004122346639633179,-0.11127984523773193,0.11127984523773193,NA,NA,NA,NA,NA,NA,NA,NA,NA,NA,NA,NA,0,0,0,0,0,0,0,0,1,0,0,0,0,0,0,0,0,0,0,0,0,0,0,0,0,0,0,0,0,0,0,0,0,1,0,0,0,0,0,0,0,0,0,0,0,0,0,0,0,0,0,00-0004229,K.Detmer,NA,00-0019606,T.Pinkston,NA,NA,NA,NA,NA,NA,NA,NA,NA,NA,NA,NA,NA,NA,NA,NA,NA,NA,NA,NA,NA,NA,NA,NA,NA,NA,NA,NA,NA,NA,NA,NA,NA,NA,NA,NA,NA,NA,NA,NA,NA,NA,NA,NA,NA,NA,NA,NA,NA,NA,NA,NA,NA,NA,NA,NA,NA,NA,NA,NA,NA,NA,NA,NA,0,NA,NA,NA,NA,NA,NA,00-0019603,A.Plummer,NA,NA,NA,NA,NA,NA,NA,NA,NA,NA,NA,NA,NA,NA,NA,NA,NA,NA,NA,NA,NA,NA,NA,0,NA,NA,NA,NA,0,NA,NA,0,0,0,0,NA,NA,2002,NA,NA,7,0,Missed field goal,559,21:00:00,18:30:47,3COM Park,"Clear skies Temp: 64° F, Humidity: 28%, Wind: SE 8 mph",10160000-0182-69e4-1c08-4240bfea771a,0,0,PASS,0,NA,NA,SF 34,4,Missed field goal,NA,7,2:20,1,0,0,1,1,-5,PUNT,MISSED_FG,08:14,05:54,PHI 35,SF 30,441,598,38,17,Home,-21,55,7,37.5,0,outdoors,grass,64,8,Steve Mariucci,Andy Reid,SFO00,3Com Park,0,0,K.Detmer,10,NA,NA,T.Pinkston,87,1,0,0,0,1,00-0004229,NA,00-0019606,K.Detmer,10,00-0004229,T.Pinkston,00-0019606,T.Pinkston,00-0019606,0,1,-0.8846461623907089,NA,NA,NA,NA,NA,NA,NA,NA,NA,NA,NA,NA,NA,NA,NA,NA,NA,Andy Reid,Steve Mariucci,6:38,NA,NA,Other,NA,NA,NA,NA,NA,NA,NA,NA
577,2002_12_PHI_SF,2002112500,SF,PHI,REG,12,PHI,away,SF,SF,34,2002-11-25,394,1294,3094,Half1,0,4,0,1,3,0,06:34,SF 34,15,35,(6:34) 10-K.Detmer pass to 86-A.Freeman to SF 30 for 4 yards (36-J.Webster). Caught at SF 30.,pass,4,0,0,1,0,0,0,NA,NA,NA,NA,NA,NA,NA,NA,NA,NA,3,3,0,NA,NA,NA,NA,3,3,0,0,0,0,0,0,0,0,0.01328591350466013,0.09840408712625504,0.0018782435217872262,0.19018064439296722,0.45988547801971436,0.002346675144508481,0.2340189665555954,0,0,1.3922492910642177,-0.008632836995679405,-2.2003824646658865,2.2003824646658865,-0.17051592818461359,0.17051592818461359,-1.8874130595782441,1.8874130595782441,NA,NA,NA,NA,NA,NA,NA,NA,NA,NA,NA,NA,0.5519431233406067,0.4480568766593933,0.4480568766593933,0.5519431233406067,-0.02710658311843872,0.005997687578201294,-0.005997687578201294,0.47516345977783203,0.524836540222168,0.3330191969871521,0.6669808030128479,0.004122346639633179,-0.004122346639633179,-0.08417326211929321,0.08417326211929321,NA,NA,NA,NA,NA,NA,NA,NA,NA,NA,NA,NA,0,0,0,0,0,1,0,0,0,0,0,0,0,0,0,0,0,0,0,0,0,0,0,0,1,0,0,0,0,0,0,0,0,1,0,0,0,0,0,0,0,0,0,0,0,1,0,0,0,0,0,00-0004229,K.Detmer,4,00-0005562,A.Freeman,4,NA,NA,NA,NA,NA,NA,NA,NA,NA,NA,NA,NA,NA,NA,NA,NA,NA,NA,NA,NA,NA,NA,NA,NA,NA,NA,NA,NA,NA,NA,NA,NA,NA,NA,NA,NA,NA,NA,NA,NA,NA,NA,NA,NA,NA,SF,NA,00-0019653,NA,J.Webster,NA,NA,NA,NA,NA,NA,NA,NA,NA,NA,NA,NA,NA,0,NA,NA,NA,NA,NA,NA,NA,NA,NA,NA,NA,NA,NA,NA,NA,NA,NA,NA,NA,NA,NA,NA,NA,NA,NA,NA,NA,NA,NA,NA,NA,0,NA,NA,NA,NA,0,NA,NA,0,0,0,0,NA,NA,2002,NA,NA,7,0,Missed field goal,577,21:00:00,18:31:24,3COM Park,"Clear skies Temp: 64° F, Humidity: 28%, Wind: SE 8 mph",10160000-0182-69e4-1c08-4240bfea771a,0,0,PASS,0,NA,NA,SF 30,4,Missed field goal,NA,7,2:20,1,0,0,1,1,-5,PUNT,MISSED_FG,08:14,05:54,PHI 35,SF 30,441,598,38,17,Home,-21,55,7,37.5,0,outdoors,grass,64,8,Steve Mariucci,Andy Reid,SFO00,3Com Park,0,0,K.Detmer,10,NA,NA,A.Freeman,86,1,0,0,0,1,00-0004229,NA,00-0005562,K.Detmer,10,00-0004229,A.Freeman,00-0005562,A.Freeman,00-0005562,0,1,-0.008632836995679405,NA,NA,NA,NA,NA,NA,NA,NA,NA,NA,NA,NA,NA,NA,NA,NA,NA,Andy Reid,Steve Mariucci,6:34,NA,NA,Other,NA,NA,NA,NA,NA,NA,NA,NA
598,2002_12_PHI_SF,2002112500,SF,PHI,REG,12,PHI,away,SF,SF,30,2002-11-25,359,1259,3059,Half1,0,4,0,1,4,0,05:59,SF 30,11,35,"(5:59) 2-D.Akers 48 yard field goal is No Good, Wide Right, Center-88-M.Bartrum, Holder-10-K.Detmer.",field_goal,0,0,0,0,0,0,0,NA,NA,NA,NA,NA,NA,missed,48,NA,NA,3,3,0,NA,NA,NA,NA,3,3,0,0,0,0,0,0,0,0,0.010816723029839092,0.0922005542885725,0.0016724405207256584,0.14044573610597585,0.6580923227902405,9.998763590159778e-4,0.09577234708982636,0,0,1.3836164540685383,-3.3753741787355063,1.1749917140696198,-1.1749917140696198,-0.17051592818461359,0.17051592818461359,-1.8874130595782441,1.8874130595782441,NA,NA,NA,NA,NA,NA,NA,NA,NA,NA,NA,NA,0.524836540222168,0.47516345977783203,0.47516345977783203,0.524836540222168,-0.1002051830291748,-0.09392520785331726,0.09392520785331726,0.5753686428070068,0.42463135719299316,0.3390168845653534,0.6609831154346466,0.004122346639633179,-0.004122346639633179,-0.08417326211929321,0.08417326211929321,NA,NA,NA,NA,NA,NA,NA,NA,NA,NA,NA,NA,0,0,0,0,0,0,0,0,0,0,0,0,0,0,0,0,0,0,0,0,0,0,0,0,0,0,0,0,0,0,0,0,0,0,0,0,0,0,0,0,0,1,0,0,0,0,0,0,0,0,0,NA,NA,NA,NA,NA,NA,NA,NA,NA,NA,NA,NA,NA,NA,NA,NA,NA,NA,NA,NA,NA,NA,NA,NA,NA,NA,NA,NA,NA,NA,NA,D.Akers,00-0000108,NA,NA,NA,NA,NA,NA,NA,NA,NA,NA,NA,NA,NA,NA,NA,NA,NA,NA,NA,NA,NA,NA,NA,NA,NA,NA,NA,NA,NA,NA,NA,NA,NA,NA,NA,NA,0,NA,NA,NA,NA,NA,NA,NA,NA,NA,NA,NA,NA,NA,NA,NA,NA,NA,NA,NA,NA,NA,NA,NA,NA,NA,NA,NA,NA,NA,NA,NA,0,NA,NA,NA,NA,0,NA,NA,0,0,0,0,NA,NA,2002,NA,NA,7,0,Missed field goal,598,21:00:00,18:31:59,3COM Park,"Clear skies Temp: 64° F, Humidity: 28%, Wind: SE 8 mph",10160000-0182-69e4-1c08-4240bfea771a,0,0,FIELD_GOAL,1,NA,05:54,SF 30,4,Missed field goal,NA,7,2:20,1,0,0,1,1,-5,PUNT,MISSED_FG,08:14,05:54,PHI 35,SF 30,441,598,38,17,Home,-21,55,7,37.5,0,outdoors,grass,64,8,Steve Mariucci,Andy Reid,SFO00,3Com Park,0,0,NA,NA,NA,NA,NA,NA,0,0,0,1,0,NA,NA,NA,NA,NA,NA,NA,NA,NA,NA,0,1,-3.3753741787355063,NA,NA,NA,NA,NA,NA,NA,NA,0.18191373676381772,0.888107130597857,NA,NA,NA,0.8701144717633724,0.9337391834706068,NA,NA,Andy Reid,Steve Mariucci,5:59,0.6580923227902405,66,Other,NA,18,89,NA,NA,NA,93,87
622,2002_12_PHI_SF,2002112500,SF,PHI,REG,12,SF,home,PHI,SF,62,2002-11-25,354,1254,3054,Half1,0,5,0,1,1,0,05:54,SF 38,10,9,(5:54) 20-G.Hearst right tackle to SF 44 for 6 yards (51-C.Emmons).,run,6,0,0,0,0,0,0,NA,NA,NA,NA,right,tackle,NA,NA,NA,NA,3,3,0,NA,NA,NA,NA,3,3,0,0,0,0,0,0,0,0,0.02602285146713257,0.11629389226436615,0.00180285784881562,0.18950419127941132,0.24340257048606873,0.004049776121973991,0.41892388463020325,0,0,1.991757724666968,0.2969100617337972,1.471901775803417,-1.471901775803417,0.1263941335491836,-0.1263941335491836,-1.8874130595782441,1.8874130595782441,NA,NA,NA,NA,NA,NA,NA,NA,NA,NA,NA,NA,0.5753686428070068,0.42463135719299316,0.5753686428070068,0.42463135719299316,-0.001697540283203125,-0.004313349723815918,-0.004313349723815918,0.5736711025238037,0.4263288974761963,0.7549083232879639,0.7549083232879639,0.0024248063564300537,-0.0024248063564300537,-0.08417326211929321,0.08417326211929321,NA,NA,NA,NA,NA,NA,NA,NA,NA,NA,NA,NA,0,0,0,0,0,0,0,0,0,0,0,0,0,0,0,0,0,0,0,0,0,0,0,0,1,0,0,0,0,0,0,0,1,0,0,0,0,0,0,0,0,0,0,0,0,0,0,0,0,0,0,NA,NA,NA,NA,NA,NA,00-0007180,G.Hearst,6,NA,NA,NA,NA,NA,NA,NA,NA,NA,NA,NA,NA,NA,NA,NA,NA,NA,NA,NA,NA,NA,NA,NA,NA,NA,NA,NA,NA,NA,NA,NA,NA,NA,NA,NA,NA,NA,NA,NA,NA,NA,NA,PHI,NA,00-0004901,NA,C.Emmons,NA,NA,NA,NA,NA,NA,NA,NA,NA,NA,NA,NA,NA,0,NA,NA,NA,NA,NA,NA,NA,NA,NA,NA,NA,NA,NA,NA,NA,NA,NA,NA,NA,NA,NA,NA,NA,NA,NA,NA,NA,NA,NA,NA,NA,0,NA,NA,NA,NA,0,NA,NA,0,0,0,0,NA,NA,2002,NA,NA,8,0,Punt,622,21:00:00,18:34:25,3COM Park,"Clear skies Temp: 64° F, Humidity: 28%, Wind: SE 8 mph",10160000-0182-69e4-1c08-4240bfea771a,0,0,RUSH,0,NA,NA,SF 44,5,Punt,NA,3,1:30,0,0,0,1,1,0,MISSED_FG,PUNT,05:54,04:24,SF 38,SF 47,622,682,38,17,Home,-21,55,7,37.5,0,outdoors,grass,64,8,Steve Mariucci,Andy Reid,SFO00,3Com Park,0,1,NA,NA,G.Hearst,20,NA,NA,0,1,0,0,1,NA,00-0007180,NA,G.Hearst,20,00-0007180,G.Hearst,00-0007180,G.Hearst,00-0007180,0,1,0.2969100617337972,NA,NA,NA,NA,NA,NA,NA,NA,NA,NA,NA,NA,NA,NA,NA,NA,NA,Andy Reid,Steve Mariucci,5:54,NA,NA,Other,NA,NA,NA,NA,NA,NA,NA,NA
643,2002_12_PHI_SF,2002112500,SF,PHI,REG,12,SF,home,PHI,SF,56,2002-11-25,316,1216,3016,Half1,0,5,0,1,2,0,05:16,SF 44,4,9,(5:16) 20-G.Hearst left end to SF 47 for 3 yards (93-L.Kirkland).,run,3,0,0,0,0,0,0,NA,NA,NA,NA,left,end,NA,NA,NA,NA,3,3,0,NA,NA,NA,NA,3,3,0,0,0,0,0,0,0,0,0.02489268034696579,0.11319224536418915,0.0018404859583824873,0.17176777124404907,0.2402316927909851,0.004584178794175386,0.4434909224510193,0,0,2.288667786400765,-0.05581275187432766,1.4160890239290893,-1.4160890239290893,0.07058138167485595,-0.07058138167485595,-1.8874130595782441,1.8874130595782441,NA,NA,NA,NA,NA,NA,NA,NA,NA,NA,NA,NA,0.5736711025238037,0.4263288974761963,0.5736711025238037,0.4263288974761963,-0.011613667011260986,-0.025905132293701172,-0.025905132293701172,0.5620574355125427,0.4379425644874573,0.750594973564148,0.750594973564148,-0.009188860654830933,0.009188860654830933,-0.08417326211929321,0.08417326211929321,NA,NA,NA,NA,NA,NA,NA,NA,NA,NA,NA,NA,0,0,0,0,0,0,0,0,0,0,0,0,0,0,0,0,0,0,0,0,0,0,0,0,1,0,0,0,0,0,0,0,1,0,0,0,0,0,0,0,0,0,0,0,0,0,0,0,0,0,0,NA,NA,NA,NA,NA,NA,00-0007180,G.Hearst,3,NA,NA,NA,NA,NA,NA,NA,NA,NA,NA,NA,NA,NA,NA,NA,NA,NA,NA,NA,NA,NA,NA,NA,NA,NA,NA,NA,NA,NA,NA,NA,NA,NA,NA,NA,NA,NA,NA,NA,NA,NA,NA,PHI,NA,00-0009298,NA,L.Kirkland,NA,NA,NA,NA,NA,NA,NA,NA,NA,NA,NA,NA,NA,0,NA,NA,NA,NA,NA,NA,NA,NA,NA,NA,NA,NA,NA,NA,NA,NA,NA,NA,NA,NA,NA,NA,NA,NA,NA,NA,NA,NA,NA,NA,NA,0,NA,NA,NA,NA,0,NA,NA,0,0,0,0,NA,NA,2002,NA,NA,8,0,Punt,643,21:00:00,18:35:04,3COM Park,"Clear skies Temp: 64° F, Humidity: 28%, Wind: SE 8 mph",10160000-0182-69e4-1c08-4240bfea771a,0,0,RUSH,0,NA,NA,SF 47,5,Punt,NA,3,1:30,0,0,0,1,1,0,MISSED_FG,PUNT,05:54,04:24,SF 38,SF 47,622,682,38,17,Home,-21,55,7,37.5,0,outdoors,grass,64,8,Steve Mariucci,Andy Reid,SFO00,3Com Park,0,0,NA,NA,G.Hearst,20,NA,NA,0,1,0,0,1,NA,00-0007180,NA,G.Hearst,20,00-0007180,G.Hearst,00-0007180,G.Hearst,00-0007180,0,1,-0.05581275187432766,NA,NA,NA,NA,NA,NA,NA,NA,NA,NA,NA,NA,NA,NA,NA,NA,NA,Andy Reid,Steve Mariucci,5:16,NA,NA,Other,NA,NA,NA,NA,NA,NA,NA,NA
664,2002_12_PHI_SF,2002112500,SF,PHI,REG,12,SF,home,PHI,SF,53,2002-11-25,277,1177,2977,Half1,0,5,0,1,3,0,04:37,SF 47,1,9,(4:37) 5-J.Garcia pass incomplete to 81-T.Owens.,pass,0,0,0,1,0,0,0,NA,NA,NA,NA,NA,NA,NA,NA,NA,NA,3,3,0,NA,NA,NA,NA,3,3,0,0,0,0,0,0,0,0,0.027672896161675453,0.11743547022342682,0.001969150034710765,0.16853709518909454,0.2497193068265915,0.004592244978994131,0.4300738573074341,0,0,2.2328550345264375,-1.6023402991704643,-0.18625127524137497,0.18625127524137497,0.07058138167485595,-0.07058138167485595,-3.4897533587487084,3.4897533587487084,NA,NA,NA,NA,NA,NA,NA,NA,NA,NA,NA,NA,0.5620574355125427,0.4379425644874573,0.5620574355125427,0.4379425644874573,-0.05467510223388672,-0.010326921939849854,-0.010326921939849854,0.507382333278656,0.492617666721344,0.7246898412704468,0.7246898412704468,-0.009188860654830933,0.009188860654830933,-0.13884836435317993,0.13884836435317993,NA,NA,NA,NA,NA,NA,NA,NA,NA,NA,NA,NA,0,0,0,0,0,1,0,0,1,0,0,0,0,0,0,0,0,0,0,0,0,0,0,0,0,0,0,0,0,0,0,0,0,1,0,0,0,0,0,0,0,0,0,0,0,0,0,0,0,0,0,00-0005755,J.Garcia,NA,00-0012478,T.Owens,NA,NA,NA,NA,NA,NA,NA,NA,NA,NA,NA,NA,NA,NA,NA,NA,NA,NA,NA,NA,NA,NA,NA,NA,NA,NA,NA,NA,NA,NA,NA,NA,NA,NA,NA,NA,NA,NA,NA,NA,NA,NA,NA,NA,NA,NA,NA,NA,NA,NA,NA,NA,NA,NA,NA,NA,NA,NA,NA,NA,NA,NA,NA,NA,0,NA,NA,NA,NA,NA,NA,NA,NA,NA,NA,NA,NA,NA,NA,NA,NA,NA,NA,NA,NA,NA,NA,NA,NA,NA,NA,NA,NA,NA,NA,NA,0,NA,NA,NA,NA,0,NA,NA,0,0,0,0,NA,NA,2002,NA,NA,8,0,Punt,664,21:00:00,18:35:43,3COM Park,"Clear skies Temp: 64° F, Humidity: 28%, Wind: SE 8 mph",10160000-0182-69e4-1c08-4240bfea771a,0,0,PASS,0,NA,NA,SF 47,5,Punt,NA,3,1:30,0,0,0,1,1,0,MISSED_FG,PUNT,05:54,04:24,SF 38,SF 47,622,682,38,17,Home,-21,55,7,37.5,0,outdoors,grass,64,8,Steve Mariucci,Andy Reid,SFO00,3Com Park,0,0,J.Garcia,5,NA,NA,T.Owens,81,1,0,0,0,1,00-0005755,NA,00-0012478,J.Garcia,5,00-0005755,T.Owens,00-0012478,T.Owens,00-0012478,0,1,-1.6023402991704643,NA,NA,NA,NA,NA,NA,NA,NA,NA,NA,NA,NA,NA,NA,NA,NA,NA,Andy Reid,Steve Mariucci,4:37,NA,NA,Other,NA,NA,NA,NA,NA,NA,NA,NA
682,2002_12_PHI_SF,2002112500,SF,PHI,REG,12,SF,home,PHI,SF,53,2002-11-25,272,1172,2972,Half1,0,5,0,1,4,0,04:32,SF 47,1,9,"(4:32) 7-J.Baker punts 43 yards to PHI 10, Center-86-B.Jennings, fair catch by 30-B.Mitchell.",punt,0,0,0,0,0,0,0,NA,NA,NA,NA,NA,NA,NA,43,NA,NA,3,3,0,NA,NA,NA,NA,3,3,0,0,0,0,0,0,0,0,0.030910439789295197,0.17398764193058014,0.0026124496944248676,0.2602444887161255,0.1779262274503708,0.006919180508702993,0.3473995625972748,0,0,0.6305147353559732,0.08567610499449074,-0.10057517024688423,0.10057517024688423,0.07058138167485595,-0.07058138167485595,-3.4897533587487084,3.4897533587487084,NA,NA,NA,NA,NA,NA,NA,NA,NA,NA,NA,NA,0.507382333278656,0.492617666721344,0.507382333278656,0.492617666721344,0.017987072467803955,-0.021349310874938965,-0.021349310874938965,0.52536940574646,0.47463059425354004,0.7143629193305969,0.7143629193305969,-0.009188860654830933,0.009188860654830933,-0.13884836435317993,0.13884836435317993,NA,NA,NA,NA,NA,NA,NA,NA,NA,NA,NA,NA,0,0,0,0,0,0,0,0,0,0,0,1,0,0,0,1,0,0,0,0,0,0,0,0,0,0,0,0,0,0,0,0,0,0,0,0,0,0,0,0,0,0,0,1,0,0,0,0,0,0,0,NA,NA,NA,NA,NA,NA,NA,NA,NA,NA,NA,NA,NA,NA,NA,NA,NA,NA,NA,NA,NA,00-0011399,B.Mitchell,NA,NA,NA,NA,NA,NA,00-0019921,J.Baker,NA,NA,NA,NA,NA,NA,NA,NA,NA,NA,NA,NA,NA,NA,NA,NA,NA,NA,NA,NA,NA,NA,NA,NA,NA,NA,NA,NA,NA,NA,NA,NA,NA,NA,NA,NA,NA,NA,0,NA,NA,NA,NA,NA,NA,NA,NA,NA,NA,NA,NA,NA,NA,NA,NA,NA,NA,NA,NA,NA,NA,NA,NA,NA,NA,NA,NA,NA,NA,PHI,0,NA,NA,NA,NA,0,NA,NA,0,0,0,0,NA,NA,2002,NA,NA,8,0,Punt,682,21:00:00,18:36:23,3COM Park,"Clear skies Temp: 64° F, Humidity: 28%, Wind: SE 8 mph",10160000-0182-69e4-1c08-4240bfea771a,0,0,PUNT,1,NA,04:24,PHI 10,5,Punt,NA,3,1:30,0,0,0,1,1,0,MISSED_FG,PUNT,05:54,04:24,SF 38,SF 47,622,682,38,17,Home,-21,55,7,37.5,0,outdoors,grass,64,8,Steve Mariucci,Andy Reid,SFO00,3Com Park,0,1,NA,NA,NA,NA,NA,NA,0,0,0,1,0,NA,NA,NA,NA,NA,NA,NA,NA,NA,NA,0,1,0.08567610499449074,NA,NA,NA,NA,NA,NA,NA,NA,0.6435020889875886,0.48603383067873734,NA,NA,0,0.4654981233179569,0.5708877881988883,0.4654981233179569,0.5310734634879195,Andy Reid,Steve Mariucci,4:32,0,0,Other,NA,64,49,NA,53,47,57,47
701,2002_12_PHI_SF,2002112500,SF,PHI,REG,12,PHI,away,SF,PHI,90,2002-11-25,264,1164,2964,Half1,0,6,0,1,1,0,04:24,PHI 10,10,90,(4:24) 22-D.Staley up the middle to PHI 14 for 4 yards (38-R.Heard).,run,4,0,0,0,0,0,0,NA,NA,NA,NA,middle,NA,NA,NA,NA,NA,3,3,0,NA,NA,NA,NA,3,3,0,0,0,0,0,0,0,0,0.032854773104190826,0.2057694047689438,0.015538614243268967,0.33420825004577637,0.15011444687843323,0.001858568168245256,0.25965598225593567,0,0,-0.716190840350464,-0.1359954106155783,0.03542024036869407,-0.03542024036869407,0.20657679229043424,-0.20657679229043424,-3.4897533587487084,3.4897533587487084,NA,NA,NA,NA,NA,NA,NA,NA,NA,NA,NA,NA,0.47463059425354004,0.52536940574646,0.52536940574646,0.47463059425354004,7.510185241699219e-5,-7.95125961303711e-5,7.95125961303711e-5,0.525294303894043,0.47470569610595703,0.30698639154434204,0.693013608455658,-0.009263962507247925,0.009263962507247925,-0.13884836435317993,0.13884836435317993,NA,NA,NA,NA,NA,NA,NA,NA,NA,NA,NA,NA,0,0,0,0,0,0,0,0,0,0,0,0,0,0,0,0,0,0,0,0,0,0,0,0,1,0,0,0,0,0,0,0,1,0,0,0,0,0,0,0,0,0,0,0,0,0,0,0,0,0,0,NA,NA,NA,NA,NA,NA,00-0015523,D.Staley,4,NA,NA,NA,NA,NA,NA,NA,NA,NA,NA,NA,NA,NA,NA,NA,NA,NA,NA,NA,NA,NA,NA,NA,NA,NA,NA,NA,NA,NA,NA,NA,NA,NA,NA,NA,NA,NA,NA,NA,NA,NA,NA,SF,NA,00-0019070,NA,R.Heard,NA,NA,NA,NA,NA,NA,NA,NA,NA,NA,NA,NA,NA,0,NA,NA,NA,NA,NA,NA,NA,NA,NA,NA,NA,NA,NA,NA,NA,NA,NA,NA,NA,NA,NA,NA,NA,NA,NA,NA,NA,NA,NA,NA,NA,0,NA,NA,NA,NA,0,NA,NA,0,0,0,0,NA,NA,2002,NA,NA,9,1,First down,701,21:00:00,18:38:44,3COM Park,"Clear skies Temp: 64° F, Humidity: 28%, Wind: SE 8 mph",10160000-0182-69e4-1c08-4240bfea771a,0,0,RUSH,0,NA,NA,PHI 14,6,Touchdown,NA,12,5:39,5,0,1,1,2,0,PUNT,TOUCHDOWN,04:24,13:45,PHI 10,SF 25,701,980,38,17,Home,-21,55,7,37.5,0,outdoors,grass,64,8,Steve Mariucci,Andy Reid,SFO00,3Com Park,0,0,NA,NA,D.Staley,22,NA,NA,0,1,0,0,1,NA,00-0015523,NA,D.Staley,22,00-0015523,D.Staley,00-0015523,D.Staley,00-0015523,0,1,-0.1359954106155783,NA,NA,NA,NA,NA,NA,NA,NA,NA,NA,NA,NA,NA,NA,NA,NA,NA,Andy Reid,Steve Mariucci,4:24,NA,NA,Other,NA,NA,NA,NA,NA,NA,NA,NA
722,2002_12_PHI_SF,2002112500,SF,PHI,REG,12,PHI,away,SF,PHI,86,2002-11-25,231,1131,2931,Half1,0,6,0,1,2,0,03:51,PHI 14,6,90,(3:51) 25-D.Levens right end to PHI 17 for 3 yards (50-D.Smith).,run,3,0,0,0,0,0,0,NA,NA,NA,NA,right,end,NA,NA,NA,NA,3,3,0,NA,NA,NA,NA,3,3,0,0,0,0,0,0,0,0,0.03341645002365112,0.2173125445842743,0.007753829937428236,0.33865511417388916,0.15519274771213531,0.0026837156619876623,0.24498559534549713,0,0,-0.8521862509660423,-0.1795280985534191,0.21494833892211318,-0.21494833892211318,0.38610489084385335,-0.38610489084385335,-3.4897533587487084,3.4897533587487084,NA,NA,NA,NA,NA,NA,NA,NA,NA,NA,NA,NA,0.47470569610595703,0.525294303894043,0.525294303894043,0.47470569610595703,-0.014493405818939209,-0.027628064155578613,0.027628064155578613,0.5397877097129822,0.4602122902870178,0.30690687894821167,0.6930931210517883,0.005229443311691284,-0.005229443311691284,-0.13884836435317993,0.13884836435317993,NA,NA,NA,NA,NA,NA,NA,NA,NA,NA,NA,NA,0,0,0,0,0,0,0,0,0,0,0,0,0,0,0,0,0,0,0,0,0,0,0,0,1,0,0,0,0,0,0,0,1,0,0,0,0,0,0,0,0,0,0,0,0,0,0,0,0,0,0,NA,NA,NA,NA,NA,NA,00-0009829,D.Levens,3,NA,NA,NA,NA,NA,NA,NA,NA,NA,NA,NA,NA,NA,NA,NA,NA,NA,NA,NA,NA,NA,NA,NA,NA,NA,NA,NA,NA,NA,NA,NA,NA,NA,NA,NA,NA,NA,NA,NA,NA,NA,NA,SF,NA,00-0015151,NA,D.Smith,NA,NA,NA,NA,NA,NA,NA,NA,NA,NA,NA,NA,NA,0,NA,NA,NA,NA,NA,NA,NA,NA,NA,NA,NA,NA,NA,NA,NA,NA,NA,NA,NA,NA,NA,NA,NA,NA,NA,NA,NA,NA,NA,NA,NA,0,NA,NA,NA,NA,0,NA,NA,0,0,0,0,NA,NA,2002,NA,NA,9,1,First down,722,21:00:00,18:39:18,3COM Park,"Clear skies Temp: 64° F, Humidity: 28%, Wind: SE 8 mph",10160000-0182-69e4-1c08-4240bfea771a,0,0,RUSH,0,NA,NA,PHI 17,6,Touchdown,NA,12,5:39,5,0,1,1,2,0,PUNT,TOUCHDOWN,04:24,13:45,PHI 10,SF 25,701,980,38,17,Home,-21,55,7,37.5,0,outdoors,grass,64,8,Steve Mariucci,Andy Reid,SFO00,3Com Park,0,0,NA,NA,D.Levens,25,NA,NA,0,1,0,0,1,NA,00-0009829,NA,D.Levens,25,00-0009829,D.Levens,00-0009829,D.Levens,00-0009829,0,1,-0.1795280985534191,NA,NA,NA,NA,NA,NA,NA,NA,NA,NA,NA,NA,NA,NA,NA,NA,NA,Andy Reid,Steve Mariucci,3:51,NA,NA,Other,NA,NA,NA,NA,NA,NA,NA,NA
743,2002_12_PHI_SF,2002112500,SF,PHI,REG,12,PHI,away,SF,PHI,83,2002-11-25,189,1089,2889,Half1,0,6,0,1,3,0,03:09,PHI 17,3,90,"(3:09) 80-J.Thrash left end to PHI 29 for 12 yards (24-M.Rumph, 38-R.Heard).",run,12,0,0,0,0,0,0,NA,NA,NA,NA,left,end,NA,NA,NA,NA,3,3,0,NA,NA,NA,NA,3,3,0,0,0,0,0,0,0,0,0.03984516113996506,0.2138868123292923,0.0072813681326806545,0.3524530529975891,0.15029221773147583,0.0025772282388061285,0.2336641550064087,0,0,-1.0317143495194614,1.6228714054450393,-1.407923066522926,1.407923066522926,-1.236766514601186,1.236766514601186,-3.4897533587487084,3.4897533587487084,NA,NA,NA,NA,NA,NA,NA,NA,NA,NA,NA,NA,0.4602122902870178,0.5397877097129822,0.5397877097129822,0.4602122902870178,0.035019129514694214,0.05060252547264099,-0.05060252547264099,0.504768580198288,0.49523141980171204,0.27927881479263306,0.7207211852073669,-0.02978968620300293,0.02978968620300293,-0.13884836435317993,0.13884836435317993,NA,NA,NA,NA,NA,NA,NA,NA,NA,NA,NA,NA,0,1,0,0,1,0,0,0,0,0,0,0,0,0,0,0,0,0,0,0,0,0,0,0,0,0,0,0,0,0,0,0,1,0,0,0,0,0,0,0,0,0,0,0,0,0,1,0,0,0,0,NA,NA,NA,NA,NA,NA,00-0016440,J.Thrash,12,NA,NA,NA,NA,NA,NA,NA,NA,NA,NA,NA,NA,NA,NA,NA,NA,NA,NA,NA,NA,NA,NA,NA,NA,NA,NA,NA,NA,NA,NA,NA,NA,NA,NA,NA,NA,NA,NA,NA,NA,NA,NA,NA,NA,NA,NA,NA,NA,00-0019070,R.Heard,SF,NA,NA,NA,NA,NA,NA,NA,NA,NA,1,00-0021158,M.Rumph,SF,NA,NA,NA,NA,NA,NA,NA,NA,NA,NA,NA,NA,NA,NA,NA,NA,NA,NA,NA,NA,NA,NA,NA,NA,NA,NA,NA,NA,0,NA,NA,NA,NA,0,NA,NA,0,0,0,0,NA,NA,2002,NA,NA,9,1,First down,743,21:00:00,18:39:59,3COM Park,"Clear skies Temp: 64° F, Humidity: 28%, Wind: SE 8 mph",10160000-0182-69e4-1c08-4240bfea771a,0,0,RUSH,0,NA,NA,PHI 29,6,Touchdown,NA,12,5:39,5,0,1,1,2,0,PUNT,TOUCHDOWN,04:24,13:45,PHI 10,SF 25,701,980,38,17,Home,-21,55,7,37.5,0,outdoors,grass,64,8,Steve Mariucci,Andy Reid,SFO00,3Com Park,0,1,NA,NA,J.Thrash,80,NA,NA,0,1,1,0,1,NA,00-0016440,NA,J.Thrash,80,00-0016440,J.Thrash,00-0016440,J.Thrash,00-0016440,0,1,1.6228714054450393,NA,NA,NA,NA,NA,NA,NA,NA,NA,NA,NA,NA,NA,NA,NA,NA,NA,Andy Reid,Steve Mariucci,3:09,NA,NA,Other,NA,NA,NA,NA,NA,NA,NA,NA
764,2002_12_PHI_SF,2002112500,SF,PHI,REG,12,PHI,away,SF,PHI,71,2002-11-25,151,1051,2851,Half1,0,6,0,1,1,0,02:31,PHI 29,10,90,(2:31) 10-K.Detmer pass incomplete to 89-C.Lewis.,pass,0,0,0,1,0,0,0,NA,NA,NA,NA,NA,NA,NA,NA,NA,NA,3,3,0,NA,NA,NA,NA,3,3,0,0,0,0,0,0,0,0,0.04349286109209061,0.15529873967170715,0.003413098631426692,0.2655622959136963,0.19679369032382965,0.0031281993724405766,0.33231115341186523,0,0,0.5911570559255779,-0.47235916182398796,-0.9355639046989381,0.9355639046989381,-1.236766514601186,1.236766514601186,-3.0173941969247204,3.0173941969247204,NA,NA,NA,NA,NA,NA,NA,NA,NA,NA,NA,NA,0.49523141980171204,0.504768580198288,0.504768580198288,0.49523141980171204,-0.015667051076889038,0.016920149326324463,-0.016920149326324463,0.520435631275177,0.479564368724823,0.32988134026527405,0.670118659734726,-0.02978968620300293,0.02978968620300293,-0.1231813132762909,0.1231813132762909,NA,NA,NA,NA,NA,NA,NA,NA,NA,NA,NA,NA,0,0,0,0,0,0,0,0,1,0,0,0,0,0,0,0,0,0,0,0,0,0,0,0,0,0,0,0,0,0,0,0,0,1,0,0,0,0,0,0,0,0,0,0,0,0,0,0,0,0,0,00-0004229,K.Detmer,NA,00-0009842,C.Lewis,NA,NA,NA,NA,NA,NA,NA,NA,NA,NA,NA,NA,NA,NA,NA,NA,NA,NA,NA,NA,NA,NA,NA,NA,NA,NA,NA,NA,NA,NA,NA,NA,NA,NA,NA,NA,NA,NA,NA,NA,NA,NA,NA,NA,NA,NA,NA,NA,NA,NA,NA,NA,NA,NA,NA,NA,NA,NA,NA,NA,NA,NA,NA,NA,0,NA,NA,NA,NA,NA,NA,NA,NA,NA,NA,NA,NA,NA,NA,NA,NA,NA,NA,NA,NA,NA,NA,NA,NA,NA,NA,NA,NA,NA,NA,NA,0,NA,NA,NA,NA,0,NA,NA,0,0,0,0,NA,NA,2002,NA,NA,10,1,First down,764,21:00:00,18:40:38,3COM Park,"Clear skies Temp: 64° F, Humidity: 28%, Wind: SE 8 mph",10160000-0182-69e4-1c08-4240bfea771a,0,0,PASS,0,NA,NA,PHI 29,6,Touchdown,NA,12,5:39,5,0,1,1,2,0,PUNT,TOUCHDOWN,04:24,13:45,PHI 10,SF 25,701,980,38,17,Home,-21,55,7,37.5,0,outdoors,grass,64,8,Steve Mariucci,Andy Reid,SFO00,3Com Park,0,0,K.Detmer,10,NA,NA,C.Lewis,89,1,0,0,0,1,00-0004229,NA,00-0009842,K.Detmer,10,00-0004229,C.Lewis,00-0009842,C.Lewis,00-0009842,0,1,-0.47235916182398796,NA,NA,NA,NA,NA,NA,NA,NA,NA,NA,NA,NA,NA,NA,NA,NA,NA,Andy Reid,Steve Mariucci,2:31,NA,NA,Other,NA,NA,NA,NA,NA,NA,NA,NA
782,2002_12_PHI_SF,2002112500,SF,PHI,REG,12,PHI,away,SF,PHI,71,2002-11-25,147,1047,2847,Half1,0,6,0,1,2,0,02:27,PHI 29,10,90,"(2:27) 10-K.Detmer pass to 89-C.Lewis to PHI 35 for 6 yards (50-D.Smith, 36-J.Webster). Caught at PHI 32.",pass,6,0,0,1,0,0,0,NA,NA,NA,NA,NA,NA,NA,NA,NA,NA,3,3,0,NA,NA,NA,NA,3,3,0,0,0,0,0,0,0,0,0.043255388736724854,0.16911406815052032,0.0039507499895989895,0.29403793811798096,0.17991776764392853,0.003102961229160428,0.30662113428115845,0,0,0.11879789410158992,-0.10660531558096409,-0.828958589117974,0.828958589117974,-1.236766514601186,1.236766514601186,-2.9107888813437564,2.9107888813437564,NA,NA,NA,NA,NA,NA,NA,NA,NA,NA,NA,NA,0.479564368724823,0.520435631275177,0.520435631275177,0.479564368724823,0.003639131784439087,-0.017791569232940674,0.017791569232940674,0.5167964994907379,0.4832035005092621,0.3468014895915985,0.6531985104084015,-0.02978968620300293,0.02978968620300293,-0.12682044506072998,0.12682044506072998,NA,NA,NA,NA,NA,NA,NA,NA,NA,NA,NA,NA,0,0,0,0,0,0,0,0,0,0,0,0,0,0,0,0,0,0,0,0,0,0,0,0,0,0,0,0,0,0,0,0,0,1,0,0,0,0,0,0,0,0,0,0,0,1,1,0,0,0,0,00-0004229,K.Detmer,6,00-0009842,C.Lewis,6,NA,NA,NA,NA,NA,NA,NA,NA,NA,NA,NA,NA,NA,NA,NA,NA,NA,NA,NA,NA,NA,NA,NA,NA,NA,NA,NA,NA,NA,NA,NA,NA,NA,NA,NA,NA,NA,NA,NA,NA,NA,NA,NA,NA,NA,NA,NA,NA,NA,NA,NA,00-0019653,J.Webster,SF,NA,NA,NA,NA,NA,NA,NA,NA,NA,1,00-0015151,D.Smith,SF,NA,NA,NA,NA,NA,NA,NA,NA,NA,NA,NA,NA,NA,NA,NA,NA,NA,NA,NA,NA,NA,NA,NA,NA,NA,NA,NA,NA,0,NA,NA,NA,NA,0,NA,NA,0,0,0,0,NA,NA,2002,NA,NA,10,1,First down,782,21:00:00,18:41:15,3COM Park,"Clear skies Temp: 64° F, Humidity: 28%, Wind: SE 8 mph",10160000-0182-69e4-1c08-4240bfea771a,0,0,PASS,0,NA,NA,PHI 35,6,Touchdown,NA,12,5:39,5,0,1,1,2,0,PUNT,TOUCHDOWN,04:24,13:45,PHI 10,SF 25,701,980,38,17,Home,-21,55,7,37.5,0,outdoors,grass,64,8,Steve Mariucci,Andy Reid,SFO00,3Com Park,0,0,K.Detmer,10,NA,NA,C.Lewis,89,1,0,0,0,1,00-0004229,NA,00-0009842,K.Detmer,10,00-0004229,C.Lewis,00-0009842,C.Lewis,00-0009842,0,1,-0.10660531558096409,NA,NA,NA,NA,NA,NA,NA,NA,NA,NA,NA,NA,NA,NA,NA,NA,NA,Andy Reid,Steve Mariucci,2:27,NA,NA,Other,NA,NA,NA,NA,NA,NA,NA,NA
803,2002_12_PHI_SF,2002112500,SF,PHI,REG,12,PHI,away,SF,PHI,65,2002-11-25,107,1007,2807,Half1,0,6,0,1,3,0,01:47,PHI 35,4,90,(1:47) 10-K.Detmer pass to 87-T.Pinkston pushed ob at PHI 42 for 7 yards (36-J.Webster). Caught at PHI 40.,pass,7,0,0,1,0,0,0,NA,NA,NA,NA,NA,NA,NA,NA,NA,NA,3,3,0,NA,NA,NA,NA,3,3,0,0,0,0,0,0,0,0,0.05189463496208191,0.17562851309776306,0.0030151812825351954,0.29301318526268005,0.17988942563533783,0.003876148723065853,0.2926828861236572,0,0,0.01219257852062583,1.3478920590132475,-2.1768506481312215,2.1768506481312215,-1.236766514601186,1.236766514601186,-4.258680940357004,4.258680940357004,NA,NA,NA,NA,NA,NA,NA,NA,NA,NA,NA,NA,0.4832035005092621,0.5167964994907379,0.5167964994907379,0.4832035005092621,0.03864327073097229,0.02776271104812622,-0.02776271104812622,0.4781532287597656,0.5218467712402344,0.32900992035865784,0.6709900796413422,-0.02978968620300293,0.02978968620300293,-0.16546371579170227,0.16546371579170227,NA,NA,NA,NA,NA,NA,NA,NA,NA,NA,NA,NA,0,0,1,0,1,0,0,0,0,0,0,0,0,0,0,0,0,0,0,0,0,0,0,0,1,0,0,0,0,0,0,0,0,1,0,0,0,0,0,0,0,0,0,0,0,1,0,0,0,0,0,00-0004229,K.Detmer,7,00-0019606,T.Pinkston,7,NA,NA,NA,NA,NA,NA,NA,NA,NA,NA,NA,NA,NA,NA,NA,NA,NA,NA,NA,NA,NA,NA,NA,NA,NA,NA,NA,NA,NA,NA,NA,NA,NA,NA,NA,NA,NA,NA,NA,NA,NA,NA,NA,NA,NA,SF,NA,00-0019653,NA,J.Webster,NA,NA,NA,NA,NA,NA,NA,NA,NA,NA,NA,NA,NA,0,NA,NA,NA,NA,NA,NA,NA,NA,NA,NA,NA,NA,NA,NA,NA,NA,NA,NA,NA,NA,NA,NA,NA,NA,NA,NA,NA,NA,NA,NA,NA,0,NA,NA,NA,NA,0,NA,NA,0,0,0,0,NA,NA,2002,NA,NA,10,1,First down,803,21:00:00,18:41:55,3COM Park,"Clear skies Temp: 64° F, Humidity: 28%, Wind: SE 8 mph",10160000-0182-69e4-1c08-4240bfea771a,0,0,PASS,0,NA,NA,PHI 42,6,Touchdown,NA,12,5:39,5,0,1,1,2,0,PUNT,TOUCHDOWN,04:24,13:45,PHI 10,SF 25,701,980,38,17,Home,-21,55,7,37.5,0,outdoors,grass,64,8,Steve Mariucci,Andy Reid,SFO00,3Com Park,0,1,K.Detmer,10,NA,NA,T.Pinkston,87,1,0,1,0,1,00-0004229,NA,00-0019606,K.Detmer,10,00-0004229,T.Pinkston,00-0019606,T.Pinkston,00-0019606,1,1,1.3478920590132475,NA,NA,NA,NA,NA,NA,NA,NA,NA,NA,NA,NA,NA,NA,NA,NA,NA,Andy Reid,Steve Mariucci,1:47,NA,NA,Other,NA,NA,NA,NA,NA,NA,NA,NA
828,2002_12_PHI_SF,2002112500,SF,PHI,REG,12,PHI,away,SF,PHI,58,2002-11-25,75,975,2775,Half1,0,6,0,1,1,0,01:15,PHI 42,10,90,(1:15) 10-K.Detmer pass to 89-C.Lewis to SF 49 for 9 yards (98-J.Peterson). Caught at PHI 45.,pass,9,0,0,1,0,0,0,NA,NA,NA,NA,NA,NA,NA,NA,NA,NA,3,3,0,NA,NA,NA,NA,3,3,0,0,0,0,0,0,0,0,0.051132094115018845,0.1279047131538391,0.0020655400585383177,0.21538686752319336,0.23721295595169067,0.00401719706133008,0.3622806668281555,0,0,1.3600846375338733,0.8414347236976027,-3.0182853718288243,3.0182853718288243,-1.236766514601186,1.236766514601186,-5.100115664054607,5.100115664054607,NA,NA,NA,NA,NA,NA,NA,NA,NA,NA,NA,NA,0.5218467712402344,0.4781532287597656,0.4781532287597656,0.5218467712402344,0.026270151138305664,0.00487065315246582,-0.00487065315246582,0.45188307762145996,0.54811692237854,0.35677263140678406,0.6432273685932159,-0.02978968620300293,0.02978968620300293,-0.19173386693000793,0.19173386693000793,NA,NA,NA,NA,NA,NA,NA,NA,NA,NA,NA,NA,0,0,0,0,0,0,0,0,0,0,0,0,0,0,0,0,0,0,0,0,0,0,0,0,1,0,0,0,0,0,0,0,0,1,0,0,0,0,0,0,0,0,0,0,0,1,0,0,0,0,0,00-0004229,K.Detmer,9,00-0009842,C.Lewis,9,NA,NA,NA,NA,NA,NA,NA,NA,NA,NA,NA,NA,NA,NA,NA,NA,NA,NA,NA,NA,NA,NA,NA,NA,NA,NA,NA,NA,NA,NA,NA,NA,NA,NA,NA,NA,NA,NA,NA,NA,NA,NA,NA,NA,NA,SF,NA,00-0019695,NA,J.Peterson,NA,NA,NA,NA,NA,NA,NA,NA,NA,NA,NA,NA,NA,0,NA,NA,NA,NA,NA,NA,NA,NA,NA,NA,NA,NA,NA,NA,NA,NA,NA,NA,NA,NA,NA,NA,NA,NA,NA,NA,NA,NA,NA,NA,NA,0,NA,NA,NA,NA,0,NA,NA,0,0,0,0,NA,NA,2002,NA,NA,11,1,First down,828,21:00:00,18:42:40,3COM Park,"Clear skies Temp: 64° F, Humidity: 28%, Wind: SE 8 mph",10160000-0182-69e4-1c08-4240bfea771a,0,0,PASS,0,NA,NA,SF 49,6,Touchdown,NA,12,5:39,5,0,1,1,2,0,PUNT,TOUCHDOWN,04:24,13:45,PHI 10,SF 25,701,980,38,17,Home,-21,55,7,37.5,0,outdoors,grass,64,8,Steve Mariucci,Andy Reid,SFO00,3Com Park,0,1,K.Detmer,10,NA,NA,C.Lewis,89,1,0,0,0,1,00-0004229,NA,00-0009842,K.Detmer,10,00-0004229,C.Lewis,00-0009842,C.Lewis,00-0009842,0,1,0.8414347236976027,NA,NA,NA,NA,NA,NA,NA,NA,NA,NA,NA,NA,NA,NA,NA,NA,NA,Andy Reid,Steve Mariucci,1:15,NA,NA,Other,NA,NA,NA,NA,NA,NA,NA,NA
863,2002_12_PHI_SF,2002112500,SF,PHI,REG,12,PHI,away,SF,SF,49,2002-11-25,38,938,2738,Half1,0,6,0,1,2,0,00:38,SF 49,1,90,"(:38) 22-D.Staley right end to SF 43 for 6 yards (91-C.Okeafor, 50-D.Smith).",run,6,0,0,0,0,0,0,NA,NA,NA,NA,right,end,NA,NA,NA,NA,3,3,0,NA,NA,NA,NA,3,3,0,0,0,0,0,0,0,0,0.05213702842593193,0.1035299152135849,0.001474590040743351,0.16626740992069244,0.2596285343170166,0.0037386531475931406,0.41322389245033264,0,0,2.201519361231476,0.11953760590404272,-3.137822977732867,3.137822977732867,-1.3563041205052286,1.3563041205052286,-5.100115664054607,5.100115664054607,NA,NA,NA,NA,NA,NA,NA,NA,NA,NA,NA,NA,0.54811692237854,0.45188307762145996,0.45188307762145996,0.54811692237854,-0.001064896583557129,0.019734472036361694,-0.019734472036361694,0.4529479742050171,0.5470520257949829,0.3616432845592499,0.6383567154407501,-0.0287247896194458,0.0287247896194458,-0.19173386693000793,0.19173386693000793,NA,NA,NA,NA,NA,NA,NA,NA,NA,NA,NA,NA,0,1,0,0,0,0,0,0,0,0,0,0,0,0,0,0,0,0,0,0,0,0,0,0,0,0,0,0,0,0,0,0,1,0,0,0,0,0,0,0,0,0,0,0,0,0,1,0,0,0,0,NA,NA,NA,NA,NA,NA,00-0015523,D.Staley,6,NA,NA,NA,NA,NA,NA,NA,NA,NA,NA,NA,NA,NA,NA,NA,NA,NA,NA,NA,NA,NA,NA,NA,NA,NA,NA,NA,NA,NA,NA,NA,NA,NA,NA,NA,NA,NA,NA,NA,NA,NA,NA,NA,NA,NA,NA,NA,NA,00-0015151,D.Smith,SF,NA,NA,NA,NA,NA,NA,NA,NA,NA,1,00-0012333,C.Okeafor,SF,NA,NA,NA,NA,NA,NA,NA,NA,NA,NA,NA,NA,NA,NA,NA,NA,NA,NA,NA,NA,NA,NA,NA,NA,NA,NA,NA,NA,0,NA,NA,NA,NA,0,NA,NA,0,0,0,0,NA,NA,2002,NA,NA,11,1,First down,863,21:00:00,18:43:17,3COM Park,"Clear skies Temp: 64° F, Humidity: 28%, Wind: SE 8 mph",10160000-0182-69e4-1c08-4240bfea771a,0,0,RUSH,0,NA,NA,SF 43,6,Touchdown,NA,12,5:39,5,0,1,1,2,0,PUNT,TOUCHDOWN,04:24,13:45,PHI 10,SF 25,701,980,38,17,Home,-21,55,7,37.5,0,outdoors,grass,64,8,Steve Mariucci,Andy Reid,SFO00,3Com Park,0,1,NA,NA,D.Staley,22,NA,NA,0,1,1,0,1,NA,00-0015523,NA,D.Staley,22,00-0015523,D.Staley,00-0015523,D.Staley,00-0015523,0,1,0.11953760590404272,NA,NA,NA,NA,NA,NA,NA,NA,NA,NA,NA,NA,NA,NA,NA,NA,NA,Andy Reid,Steve Mariucci,0:38,NA,NA,Other,NA,NA,NA,NA,NA,NA,NA,NA
884,2002_12_PHI_SF,2002112500,SF,PHI,REG,12,PHI,away,SF,SF,43,2002-11-25,10,910,2710,Half1,0,6,0,1,1,0,00:10,SF 43,10,90,(:10) 25-D.Levens up the middle to SF 36 for 7 yards (50-D.Smith).,run,7,0,0,0,0,0,0,NA,NA,NA,NA,middle,NA,NA,NA,NA,NA,3,3,0,NA,NA,NA,NA,3,3,0,0,0,0,0,0,0,0,0.05160454288125038,0.09337204694747925,0.0015297478530555964,0.16059228777885437,0.2760537266731262,0.0035431506112217903,0.4133044481277466,0,0,2.321056967135519,0.5183160901069641,-3.656139067839831,3.656139067839831,-1.8746202106121927,1.8746202106121927,-5.100115664054607,5.100115664054607,NA,NA,NA,NA,NA,NA,NA,NA,NA,NA,NA,NA,0.5470520257949829,0.4529479742050171,0.4529479742050171,0.5470520257949829,0.04179328680038452,0.01877385377883911,-0.01877385377883911,0.41115468740463257,0.5888453125953674,0.38137775659561157,0.6186222434043884,-0.07051807641983032,0.07051807641983032,-0.19173386693000793,0.19173386693000793,NA,NA,NA,NA,NA,NA,NA,NA,NA,NA,NA,NA,0,0,0,0,0,0,0,0,0,0,0,0,0,0,0,0,0,0,0,0,0,0,0,0,1,0,0,0,0,0,0,0,1,0,0,0,0,0,0,0,0,0,0,0,0,0,0,0,0,0,0,NA,NA,NA,NA,NA,NA,00-0009829,D.Levens,7,NA,NA,NA,NA,NA,NA,NA,NA,NA,NA,NA,NA,NA,NA,NA,NA,NA,NA,NA,NA,NA,NA,NA,NA,NA,NA,NA,NA,NA,NA,NA,NA,NA,NA,NA,NA,NA,NA,NA,NA,NA,NA,SF,NA,00-0015151,NA,D.Smith,NA,NA,NA,NA,NA,NA,NA,NA,NA,NA,NA,NA,NA,0,NA,NA,NA,NA,NA,NA,NA,NA,NA,NA,NA,NA,NA,NA,NA,NA,NA,NA,NA,NA,NA,NA,NA,NA,NA,NA,NA,NA,NA,NA,NA,0,NA,NA,NA,NA,0,NA,NA,0,0,0,0,NA,NA,2002,NA,NA,12,1,First down,884,21:00:00,18:43:58,3COM Park,"Clear skies Temp: 64° F, Humidity: 28%, Wind: SE 8 mph",10160000-0182-69e4-1c08-4240bfea771a,0,0,RUSH,0,NA,NA,SF 36,6,Touchdown,NA,12,5:39,5,0,1,1,2,0,PUNT,TOUCHDOWN,04:24,13:45,PHI 10,SF 25,701,980,38,17,Home,-21,55,7,37.5,0,outdoors,grass,64,8,Steve Mariucci,Andy Reid,SFO00,3Com Park,0,1,NA,NA,D.Levens,25,NA,NA,0,1,0,0,1,NA,00-0009829,NA,D.Levens,25,00-0009829,D.Levens,00-0009829,D.Levens,00-0009829,0,1,0.5183160901069641,NA,NA,NA,NA,NA,NA,NA,NA,NA,NA,NA,NA,NA,NA,NA,NA,NA,Andy Reid,Steve Mariucci,0:10,NA,NA,Other,NA,NA,NA,NA,NA,NA,NA,NA
905,2002_12_PHI_SF,2002112500,SF,PHI,REG,12,PHI,away,SF,NA,NA,2002-11-25,0,900,2700,Half1,1,6,0,1,NA,0,00:00,SF 36,0,90,END QUARTER 1,NA,NA,0,0,NA,0,0,0,NA,NA,NA,NA,NA,NA,NA,NA,NA,NA,3,3,NA,NA,NA,NA,NA,3,3,0,0,0,0,0,0,0,0,0,0,0,0,0,0,0,0,0,2.839373057242483,-0,-3.656139067839831,3.656139067839831,-1.8746202106121927,1.8746202106121927,-5.100115664054607,5.100115664054607,NA,NA,NA,NA,NA,NA,NA,NA,NA,NA,NA,NA,0.5888453125953674,0.41115468740463257,0.41115468740463257,0.5888453125953674,-0,-0,0,0.41115468740463257,0.5888453125953674,0.4001516103744507,0.5998483896255493,-0.07051807641983032,0.07051807641983032,-0.19173386693000793,0.19173386693000793,NA,NA,NA,NA,NA,NA,NA,NA,NA,NA,NA,NA,NA,NA,NA,NA,NA,NA,NA,NA,NA,0,NA,NA,NA,NA,NA,NA,NA,NA,NA,NA,NA,NA,NA,NA,NA,NA,NA,NA,NA,NA,NA,NA,NA,NA,NA,NA,NA,NA,NA,NA,NA,NA,NA,NA,NA,NA,NA,NA,NA,NA,NA,NA,NA,NA,NA,NA,NA,NA,NA,NA,NA,NA,NA,NA,NA,NA,NA,NA,NA,NA,NA,NA,NA,NA,NA,NA,NA,NA,NA,NA,NA,NA,NA,NA,NA,NA,NA,NA,NA,NA,NA,NA,NA,NA,NA,NA,NA,NA,NA,NA,NA,NA,NA,NA,NA,NA,NA,NA,NA,NA,NA,NA,NA,NA,NA,NA,NA,NA,NA,NA,NA,NA,NA,NA,NA,NA,NA,NA,NA,NA,NA,NA,NA,NA,NA,NA,NA,NA,NA,NA,NA,NA,NA,NA,NA,NA,NA,NA,NA,NA,NA,NA,NA,NA,NA,NA,NA,0,NA,NA,NA,NA,NA,NA,NA,NA,2002,NA,NA,12,1,First down,905,21:00:00,NA,3COM Park,"Clear skies Temp: 64° F, Humidity: 28%, Wind: SE 8 mph",10160000-0182-69e4-1c08-4240bfea771a,0,0,END_QUARTER,0,NA,NA,NA,6,Touchdown,NA,12,5:39,5,0,1,1,2,0,PUNT,TOUCHDOWN,04:24,13:45,PHI 10,SF 25,701,980,38,17,Home,-21,55,7,37.5,0,outdoors,grass,64,8,Steve Mariucci,Andy Reid,SFO00,3Com Park,0,0,NA,NA,NA,NA,NA,NA,0,0,NA,0,0,NA,NA,NA,NA,NA,NA,NA,NA,NA,NA,0,1,-0,NA,NA,NA,NA,NA,NA,NA,NA,NA,NA,NA,NA,NA,NA,NA,NA,NA,Andy Reid,Steve Mariucci,0:00,NA,NA,NA,NA,NA,NA,NA,NA,NA,NA,NA
921,2002_12_PHI_SF,2002112500,SF,PHI,REG,12,PHI,away,SF,SF,36,2002-11-25,900,900,2700,Half1,0,6,0,2,2,0,15:00,SF 36,3,90,(15:00) 22-D.Staley up the middle to SF 28 for 8 yards (98-J.Peterson).,run,8,0,0,0,0,0,0,NA,NA,NA,NA,middle,NA,NA,NA,NA,NA,3,3,0,NA,NA,NA,NA,3,3,0,0,0,0,0,0,0,0,0.04027770459651947,0.07346655428409576,0.0010934441816061735,0.13568325340747833,0.3054771423339844,0.0025404240004718304,0.441461443901062,0,0,2.839373057242483,0.8095323832239956,-4.465671451063827,4.465671451063827,-2.6841525938361883,2.6841525938361883,-5.100115664054607,5.100115664054607,NA,NA,NA,NA,NA,NA,NA,NA,NA,NA,NA,NA,0.5888453125953674,0.41115468740463257,0.41115468740463257,0.5888453125953674,0.02235621213912964,0.02567616105079651,-0.02567616105079651,0.38879847526550293,0.6112015247344971,0.4001516103744507,0.5998483896255493,-0.09287428855895996,0.09287428855895996,-0.19173386693000793,0.19173386693000793,NA,NA,NA,NA,NA,NA,NA,NA,NA,NA,NA,NA,0,1,0,0,0,0,0,0,0,0,0,0,0,0,0,0,0,0,0,0,0,0,0,0,1,0,0,0,0,0,0,0,1,0,0,0,0,0,0,0,0,0,0,0,0,0,0,0,0,0,0,NA,NA,NA,NA,NA,NA,00-0015523,D.Staley,8,NA,NA,NA,NA,NA,NA,NA,NA,NA,NA,NA,NA,NA,NA,NA,NA,NA,NA,NA,NA,NA,NA,NA,NA,NA,NA,NA,NA,NA,NA,NA,NA,NA,NA,NA,NA,NA,NA,NA,NA,NA,NA,SF,NA,00-0019695,NA,J.Peterson,NA,NA,NA,NA,NA,NA,NA,NA,NA,NA,NA,NA,NA,0,NA,NA,NA,NA,NA,NA,NA,NA,NA,NA,NA,NA,NA,NA,NA,NA,NA,NA,NA,NA,NA,NA,NA,NA,NA,NA,NA,NA,NA,NA,NA,0,NA,NA,NA,NA,0,NA,NA,0,0,0,0,NA,NA,2002,NA,NA,12,1,First down,921,21:00:00,18:46:35,3COM Park,"Clear skies Temp: 64° F, Humidity: 28%, Wind: SE 8 mph",10160000-0182-69e4-1c08-4240bfea771a,0,0,RUSH,0,NA,NA,SF 28,6,Touchdown,NA,12,5:39,5,0,1,1,2,0,PUNT,TOUCHDOWN,04:24,13:45,PHI 10,SF 25,701,980,38,17,Home,-21,55,7,37.5,0,outdoors,grass,64,8,Steve Mariucci,Andy Reid,SFO00,3Com Park,0,1,NA,NA,D.Staley,22,NA,NA,0,1,1,0,1,NA,00-0015523,NA,D.Staley,22,00-0015523,D.Staley,00-0015523,D.Staley,00-0015523,0,1,0.8095323832239956,NA,NA,NA,NA,NA,NA,NA,NA,NA,NA,NA,NA,NA,NA,NA,NA,NA,Andy Reid,Steve Mariucci,15:00,NA,NA,Other,NA,NA,NA,NA,NA,NA,NA,NA
942,2002_12_PHI_SF,2002112500,SF,PHI,REG,12,PHI,away,SF,SF,28,2002-11-25,867,867,2667,Half1,0,6,0,2,1,0,14:27,SF 28,10,90,"(14:27) 36-B.Westbrook up the middle to SF 25 for 3 yards (26-R.Holman, 50-D.Smith).",run,3,0,0,0,0,0,0,NA,NA,NA,NA,middle,NA,NA,NA,NA,NA,3,3,0,NA,NA,NA,NA,3,3,0,0,0,0,0,0,0,0,0.030527690425515175,0.046784646809101105,7.0551922544837e-4,0.08456983417272568,0.3685639500617981,9.94206522591412e-4,0.4678541421890259,0,0,3.6489054404664785,-0.17532508738804609,-4.290346363675781,4.290346363675781,-2.5088275064481422,2.5088275064481422,-5.100115664054607,5.100115664054607,NA,NA,NA,NA,NA,NA,NA,NA,NA,NA,NA,NA,0.6112015247344971,0.38879847526550293,0.38879847526550293,0.6112015247344971,-0.0063013434410095215,-0.0010870397090911865,0.0010870397090911865,0.39509981870651245,0.6049001812934875,0.4258277714252472,0.5741722285747528,-0.08657294511795044,0.08657294511795044,-0.19173386693000793,0.19173386693000793,NA,NA,NA,NA,NA,NA,NA,NA,NA,NA,NA,NA,0,0,0,0,0,0,0,0,0,0,0,0,0,0,0,0,0,0,0,0,0,0,0,0,0,0,0,0,0,0,0,0,1,0,0,0,0,0,0,0,0,0,0,0,0,0,1,0,0,0,0,NA,NA,NA,NA,NA,NA,00-0021216,B.Westbrook,3,NA,NA,NA,NA,NA,NA,NA,NA,NA,NA,NA,NA,NA,NA,NA,NA,NA,NA,NA,NA,NA,NA,NA,NA,NA,NA,NA,NA,NA,NA,NA,NA,NA,NA,NA,NA,NA,NA,NA,NA,NA,NA,NA,NA,NA,NA,NA,NA,00-0015151,D.Smith,SF,NA,NA,NA,NA,NA,NA,NA,NA,NA,1,00-0020454,R.Holman,SF,NA,NA,NA,NA,NA,NA,NA,NA,NA,NA,NA,NA,NA,NA,NA,NA,NA,NA,NA,NA,NA,NA,NA,NA,NA,NA,NA,NA,0,NA,NA,NA,NA,0,NA,NA,0,0,0,0,NA,NA,2002,NA,NA,13,1,Touchdown,942,21:00:00,18:47:08,3COM Park,"Clear skies Temp: 64° F, Humidity: 28%, Wind: SE 8 mph",10160000-0182-69e4-1c08-4240bfea771a,0,0,RUSH,0,NA,NA,SF 25,6,Touchdown,NA,12,5:39,5,0,1,1,2,0,PUNT,TOUCHDOWN,04:24,13:45,PHI 10,SF 25,701,980,38,17,Home,-21,55,7,37.5,0,outdoors,grass,64,8,Steve Mariucci,Andy Reid,SFO00,3Com Park,0,0,NA,NA,B.Westbrook,36,NA,NA,0,1,0,0,1,NA,00-0021216,NA,B.Westbrook,36,00-0021216,B.Westbrook,00-0021216,B.Westbrook,00-0021216,0,1,-0.17532508738804609,NA,NA,NA,NA,NA,NA,NA,NA,NA,NA,NA,NA,NA,NA,NA,NA,NA,Andy Reid,Steve Mariucci,14:27,NA,NA,Other,NA,NA,NA,NA,NA,NA,NA,NA
963,2002_12_PHI_SF,2002112500,SF,PHI,REG,12,PHI,away,SF,SF,25,2002-11-25,832,832,2632,Half1,0,6,1,2,2,0,13:52,SF 25,7,90,"(13:52) 10-K.Detmer pass to 87-T.Pinkston for 25 yards, TOUCHDOWN. Caught at SF 1.",pass,25,0,0,1,0,0,0,NA,NA,NA,NA,NA,NA,NA,NA,NA,NA,3,3,0,NA,PHI,T.Pinkston,00-0019606,3,3,0,6,0,0,0,6,0,6,0.024962864816188812,0.04426784813404083,7.016210583969951e-4,0.08939387649297714,0.4115781784057617,9.71876026596874e-4,0.42812371253967285,0,0,3.4735803530784324,3.5264196469215676,-7.816766010597348,7.816766010597348,-2.5088275064481422,2.5088275064481422,-8.626535310976173,8.626535310976173,NA,NA,NA,NA,NA,NA,NA,NA,NA,NA,NA,NA,0.6049001812934875,0.39509981870651245,0.39509981870651245,0.6049001812934875,0.07508022468959363,0.09282498592068433,-0.09282498592068433,0.3200195940169188,0.6799804059830812,0.424740731716156,0.575259268283844,-0.08657294511795044,0.08657294511795044,-0.26681409161960157,0.26681409161960157,NA,NA,NA,NA,NA,NA,NA,NA,NA,NA,NA,NA,0,0,1,0,0,0,0,0,0,0,0,0,0,0,0,0,0,0,0,0,0,0,0,0,0,0,0,0,0,0,0,0,0,1,0,1,1,0,0,0,0,0,0,0,0,1,0,0,0,0,0,00-0004229,K.Detmer,25,00-0019606,T.Pinkston,25,NA,NA,NA,NA,NA,NA,NA,NA,NA,NA,NA,NA,NA,NA,NA,NA,NA,NA,NA,NA,NA,NA,NA,NA,NA,NA,NA,NA,NA,NA,NA,NA,NA,NA,NA,NA,NA,NA,NA,NA,NA,NA,NA,NA,NA,NA,NA,NA,NA,NA,NA,NA,NA,NA,NA,NA,NA,NA,NA,NA,NA,NA,NA,0,NA,NA,NA,NA,NA,NA,NA,NA,NA,NA,NA,NA,NA,NA,NA,NA,NA,NA,NA,NA,NA,NA,NA,NA,NA,NA,NA,NA,NA,NA,NA,0,NA,NA,NA,NA,0,NA,NA,0,0,0,0,NA,NA,2002,NA,NA,13,1,Touchdown,963,21:00:00,18:47:44,3COM Park,"Clear skies Temp: 64° F, Humidity: 28%, Wind: SE 8 mph",10160000-0182-69e4-1c08-4240bfea771a,0,0,PASS,0,NA,13:45,NA,6,Touchdown,NA,12,5:39,5,0,1,1,2,0,PUNT,TOUCHDOWN,04:24,13:45,PHI 10,SF 25,701,980,38,17,Home,-21,55,7,37.5,0,outdoors,grass,64,8,Steve Mariucci,Andy Reid,SFO00,3Com Park,0,1,K.Detmer,10,NA,NA,T.Pinkston,87,1,0,1,0,1,00-0004229,NA,00-0019606,K.Detmer,10,00-0004229,T.Pinkston,00-0019606,T.Pinkston,00-0019606,0,1,3.5264196469215676,NA,NA,NA,NA,NA,NA,NA,NA,NA,NA,NA,NA,NA,NA,NA,NA,NA,Andy Reid,Steve Mariucci,13:52,NA,NA,Other,NA,NA,NA,NA,NA,NA,NA,NA
980,2002_12_PHI_SF,2002112500,SF,PHI,REG,12,PHI,away,SF,SF,2,2002-11-25,825,825,2625,Half1,0,6,1,2,NA,0,13:45,SF 2,0,90,"2-D.Akers extra point is GOOD, Center-88-M.Bartrum, Holder-10-K.Detmer.",extra_point,0,0,0,0,0,0,0,NA,NA,NA,NA,NA,NA,NA,20,good,NA,3,3,0,NA,NA,NA,NA,3,3,0,7,6,0,6,7,0,7,0,0,0,0,0,0,0,0.9862267078059223,0,0.9862267078059223,0.013773292194077746,-7.830539302791426,7.830539302791426,-2.5088275064481422,2.5088275064481422,-8.626535310976173,8.626535310976173,NA,NA,NA,NA,NA,NA,NA,NA,NA,NA,NA,NA,0.6799804059830812,0.3200195940169188,0.3200195940169188,0.6799804059830812,0.00638886410320727,0.0027595258362126396,-0.0027595258362126396,0.31363072991371155,0.6863692700862885,0.5175657176368403,0.48243428236315966,-0.08657294511795044,0.08657294511795044,-0.26681409161960157,0.26681409161960157,NA,NA,NA,NA,NA,NA,NA,NA,NA,NA,NA,NA,0,0,0,0,0,0,0,0,0,0,0,0,0,0,0,0,0,0,0,0,0,0,0,0,0,0,0,0,0,0,0,0,0,0,0,0,0,0,0,1,0,0,0,0,0,0,0,0,0,0,0,NA,NA,NA,NA,NA,NA,NA,NA,NA,NA,NA,NA,NA,NA,NA,NA,NA,NA,NA,NA,NA,NA,NA,NA,NA,NA,NA,NA,NA,NA,NA,D.Akers,00-0000108,NA,NA,NA,NA,NA,NA,NA,NA,NA,NA,NA,NA,NA,NA,NA,NA,NA,NA,NA,NA,NA,NA,NA,NA,NA,NA,NA,NA,NA,NA,NA,NA,NA,NA,NA,NA,0,NA,NA,NA,NA,NA,NA,NA,NA,NA,NA,NA,NA,NA,NA,NA,NA,NA,NA,NA,NA,NA,NA,NA,NA,NA,NA,NA,NA,NA,NA,NA,0,NA,NA,NA,NA,0,NA,NA,0,0,0,0,NA,NA,2002,NA,NA,13,1,Touchdown,980,21:00:00,18:48:25,3COM Park,"Clear skies Temp: 64° F, Humidity: 28%, Wind: SE 8 mph",10160000-0182-69e4-1c08-4240bfea771a,0,0,XP_KICK,1,NA,NA,NA,6,Touchdown,NA,12,5:39,5,0,1,1,2,0,PUNT,TOUCHDOWN,04:24,13:45,PHI 10,SF 25,701,980,38,17,Home,-21,55,7,37.5,0,outdoors,grass,64,8,Steve Mariucci,Andy Reid,SFO00,3Com Park,0,1,NA,NA,NA,NA,NA,NA,0,0,0,1,0,NA,NA,NA,NA,NA,NA,NA,NA,NA,NA,0,1,0.013773292194077746,NA,NA,NA,NA,NA,NA,NA,NA,NA,NA,NA,NA,NA,NA,NA,NA,NA,Andy Reid,Steve Mariucci,13:45,NA,NA,Other,NA,NA,NA,NA,NA,NA,NA,NA
1000,2002_12_PHI_SF,2002112500,SF,PHI,REG,12,SF,home,PHI,PHI,30,2002-11-25,825,825,2625,Half1,0,7,0,2,NA,0,13:45,PHI 30,0,22,"2-D.Akers kicks 64 yards from PHI 30 to SF 6. 23-J.Williams to SF 18 for 12 yards (39-S.Brown, 57-K.Adams).",kickoff,0,0,0,0,0,0,0,NA,NA,NA,NA,NA,NA,NA,64,NA,NA,3,3,0,NA,NA,NA,NA,3,3,0,7,0,7,-7,0,7,-7,0.08433108031749725,0.16331632435321808,0.0033288607373833656,0.23209090530872345,0.19405855238437653,0.0029515945352613926,0.31992268562316895,0,0,0.7062946138903499,-0.12867063144221902,-7.959209934233645,7.959209934233645,-2.5088275064481422,2.5088275064481422,-8.626535310976173,8.626535310976173,NA,NA,NA,NA,NA,NA,NA,NA,NA,NA,NA,NA,0.31363072991371155,0.6863692700862885,0.31363072991371155,0.6863692700862885,0,-6.923675537109375e-4,-6.923675537109375e-4,0.31363072991371155,0.6863692700862885,0.479674756526947,0.479674756526947,-0.08657294511795044,0.08657294511795044,-0.26681409161960157,0.26681409161960157,NA,NA,NA,NA,NA,NA,NA,NA,NA,NA,NA,NA,0,0,0,0,0,0,0,0,0,0,0,0,0,0,0,0,1,0,0,0,0,0,0,0,0,0,0,0,0,0,0,0,0,0,0,0,0,0,0,0,0,0,1,0,0,0,1,0,0,0,0,NA,NA,NA,NA,NA,NA,NA,NA,NA,NA,NA,NA,NA,NA,NA,NA,NA,NA,NA,NA,NA,NA,NA,NA,NA,J.Williams,00-0020327,NA,NA,NA,NA,D.Akers,00-0000108,NA,NA,NA,NA,NA,NA,NA,NA,NA,NA,NA,NA,NA,NA,NA,NA,NA,NA,NA,NA,NA,NA,NA,NA,00-0020488,K.Adams,PHI,NA,NA,NA,NA,NA,NA,NA,NA,NA,1,00-0021186,S.Brown,PHI,NA,NA,NA,NA,NA,NA,NA,NA,NA,NA,NA,NA,NA,NA,NA,NA,NA,NA,NA,NA,NA,NA,NA,NA,NA,NA,NA,SF,12,NA,NA,NA,NA,0,NA,NA,0,0,0,0,NA,NA,2002,NA,NA,14,1,First down,1000,21:00:00,18:50:46,3COM Park,"Clear skies Temp: 64° F, Humidity: 28%, Wind: SE 8 mph",10160000-0182-69e4-1c08-4240bfea771a,0,0,KICK_OFF,1,NA,NA,SF 18,7,Opp touchdown,NA,6,3:26,1,0,0,2,2,0,KICKOFF,PUNT,13:45,10:19,SF 18,SF 40,1000,1157,38,17,Home,-21,55,7,37.5,0,outdoors,grass,64,8,Steve Mariucci,Andy Reid,SFO00,3Com Park,0,0,NA,NA,NA,NA,NA,NA,0,0,0,1,0,NA,NA,NA,NA,NA,NA,NA,NA,NA,NA,0,1,-0.12867063144221902,NA,NA,NA,NA,NA,NA,NA,NA,NA,NA,NA,NA,NA,NA,NA,NA,NA,Andy Reid,Steve Mariucci,13:45,NA,NA,Other,NA,NA,NA,NA,NA,NA,NA,NA
1022,2002_12_PHI_SF,2002112500,SF,PHI,REG,12,SF,home,PHI,SF,82,2002-11-25,819,819,2619,Half1,0,7,0,2,1,0,13:39,SF 18,10,22,"(13:39) 5-J.Garcia pass to 81-T.Owens to SF 21 for 3 yards (23-T.Vincent, 20-B.Dawkins). Caught at SF 21.",pass,3,0,0,1,0,0,0,NA,NA,NA,NA,NA,NA,NA,NA,NA,NA,3,3,0,NA,NA,NA,NA,3,3,0,7,0,7,-7,0,7,-7,0.08639761060476303,0.16684465110301971,0.0036304141394793987,0.23821678757667542,0.19177991151809692,0.0028635577764362097,0.31026706099510193,0,0,0.5776239824481308,-0.2491979100741446,-8.20840784430779,8.20840784430779,-2.5088275064481422,2.5088275064481422,-8.875733221050318,8.875733221050318,NA,NA,NA,NA,NA,NA,NA,NA,NA,NA,NA,NA,0.31363072991371155,0.6863692700862885,0.31363072991371155,0.6863692700862885,-0.0072095394134521484,0.012083083391189575,0.012083083391189575,0.3064211905002594,0.6935788094997406,0.4789823889732361,0.4789823889732361,-0.08657294511795044,0.08657294511795044,-0.2740236310330537,0.2740236310330537,NA,NA,NA,NA,NA,NA,NA,NA,NA,NA,NA,NA,0,0,0,0,0,0,0,0,0,0,0,0,0,0,0,0,0,0,0,0,0,0,0,0,0,0,0,0,0,0,0,0,0,1,0,0,0,0,0,0,0,0,0,0,0,1,1,0,0,0,0,00-0005755,J.Garcia,3,00-0012478,T.Owens,3,NA,NA,NA,NA,NA,NA,NA,NA,NA,NA,NA,NA,NA,NA,NA,NA,NA,NA,NA,NA,NA,NA,NA,NA,NA,NA,NA,NA,NA,NA,NA,NA,NA,NA,NA,NA,NA,NA,NA,NA,NA,NA,NA,NA,NA,NA,NA,NA,NA,NA,NA,00-0004073,B.Dawkins,PHI,NA,NA,NA,NA,NA,NA,NA,NA,NA,1,00-0016924,T.Vincent,PHI,NA,NA,NA,NA,NA,NA,NA,NA,NA,NA,NA,NA,NA,NA,NA,NA,NA,NA,NA,NA,NA,NA,NA,NA,NA,NA,NA,NA,0,NA,NA,NA,NA,0,NA,NA,0,0,0,0,NA,NA,2002,NA,NA,14,1,First down,1022,21:00:00,18:51:37,3COM Park,"Clear skies Temp: 64° F, Humidity: 28%, Wind: SE 8 mph",10160000-0182-69e4-1c08-4240bfea771a,0,0,PASS,0,NA,NA,SF 21,7,Opp touchdown,NA,6,3:26,1,0,0,2,2,0,KICKOFF,PUNT,13:45,10:19,SF 18,SF 40,1000,1157,38,17,Home,-21,55,7,37.5,0,outdoors,grass,64,8,Steve Mariucci,Andy Reid,SFO00,3Com Park,0,0,J.Garcia,5,NA,NA,T.Owens,81,1,0,0,0,1,00-0005755,NA,00-0012478,J.Garcia,5,00-0005755,T.Owens,00-0012478,T.Owens,00-0012478,0,1,-0.2491979100741446,NA,NA,NA,NA,NA,NA,NA,NA,NA,NA,NA,NA,NA,NA,NA,NA,NA,Andy Reid,Steve Mariucci,13:39,NA,NA,Other,NA,NA,NA,NA,NA,NA,NA,NA
1043,2002_12_PHI_SF,2002112500,SF,PHI,REG,12,SF,home,PHI,SF,79,2002-11-25,779,779,2579,Half1,0,7,0,2,2,0,12:59,SF 21,7,22,(12:59) 32-K.Barlow up the middle to SF 22 for 1 yard (90-C.Simon).,run,1,0,0,0,0,0,0,NA,NA,NA,NA,middle,NA,NA,NA,NA,NA,3,3,0,NA,NA,NA,NA,3,3,0,7,0,7,-7,0,7,-7,0.0882079228758812,0.16664358973503113,0.0034686464350670576,0.25693416595458984,0.1862657219171524,0.0028646697755903006,0.2956152558326721,0,0,0.32842607237398624,-0.6083002788946033,-8.8167081232023925,8.8167081232023925,-3.1171277853427455,3.1171277853427455,-8.875733221050318,8.875733221050318,NA,NA,NA,NA,NA,NA,NA,NA,NA,NA,NA,NA,0.3064211905002594,0.6935788094997406,0.3064211905002594,0.6935788094997406,-0.0075092613697052,-0.026975929737091064,-0.026975929737091064,0.2989119291305542,0.7010880708694458,0.49106547236442566,0.49106547236442566,-0.09408220648765564,0.09408220648765564,-0.2740236310330537,0.2740236310330537,NA,NA,NA,NA,NA,NA,NA,NA,NA,NA,NA,NA,0,0,0,0,0,0,0,0,0,0,0,0,0,0,0,0,0,0,0,0,0,0,0,0,1,0,0,0,0,0,0,0,1,0,0,0,0,0,0,0,0,0,0,0,0,0,0,0,0,0,0,NA,NA,NA,NA,NA,NA,00-0020474,K.Barlow,1,NA,NA,NA,NA,NA,NA,NA,NA,NA,NA,NA,NA,NA,NA,NA,NA,NA,NA,NA,NA,NA,NA,NA,NA,NA,NA,NA,NA,NA,NA,NA,NA,NA,NA,NA,NA,NA,NA,NA,NA,NA,NA,PHI,NA,00-0019694,NA,C.Simon,NA,NA,NA,NA,NA,NA,NA,NA,NA,NA,NA,NA,NA,0,NA,NA,NA,NA,NA,NA,NA,NA,NA,NA,NA,NA,NA,NA,NA,NA,NA,NA,NA,NA,NA,NA,NA,NA,NA,NA,NA,NA,NA,NA,NA,0,NA,NA,NA,NA,0,NA,NA,0,0,0,0,NA,NA,2002,NA,NA,14,1,First down,1043,21:00:00,18:52:17,3COM Park,"Clear skies Temp: 64° F, Humidity: 28%, Wind: SE 8 mph",10160000-0182-69e4-1c08-4240bfea771a,0,0,RUSH,0,NA,NA,SF 22,7,Opp touchdown,NA,6,3:26,1,0,0,2,2,0,KICKOFF,PUNT,13:45,10:19,SF 18,SF 40,1000,1157,38,17,Home,-21,55,7,37.5,0,outdoors,grass,64,8,Steve Mariucci,Andy Reid,SFO00,3Com Park,0,0,NA,NA,K.Barlow,32,NA,NA,0,1,0,0,1,NA,00-0020474,NA,K.Barlow,32,00-0020474,K.Barlow,00-0020474,K.Barlow,00-0020474,0,1,-0.6083002788946033,NA,NA,NA,NA,NA,NA,NA,NA,NA,NA,NA,NA,NA,NA,NA,NA,NA,Andy Reid,Steve Mariucci,12:59,NA,NA,Other,NA,NA,NA,NA,NA,NA,NA,NA
1068,2002_12_PHI_SF,2002112500,SF,PHI,REG,12,SF,home,PHI,SF,78,2002-11-25,738,738,2538,Half1,0,7,0,2,3,0,12:18,SF 22,6,22,(12:18) (Shotgun) 5-J.Garcia pass to 89-T.Streets ran ob at SF 34 for 12 yards (31-A.Harris). Caught at SF 33.,pass,12,1,0,1,0,0,0,NA,NA,NA,NA,NA,NA,NA,NA,NA,NA,3,3,0,NA,NA,NA,NA,3,3,0,7,0,7,-7,0,7,-7,0.10133878141641617,0.18655332922935486,0.0032863253727555275,0.2854885160923004,0.1656065136194229,0.003225490916520357,0.254501074552536,0,0,-0.279874206520617,1.9108585647772998,-6.905849558425093,6.905849558425093,-3.1171277853427455,3.1171277853427455,-6.964874656273019,6.964874656273019,NA,NA,NA,NA,NA,NA,NA,NA,NA,NA,NA,NA,0.2989119291305542,0.7010880708694458,0.2989119291305542,0.7010880708694458,0.038790106773376465,0.045195072889328,0.045195072889328,0.33770203590393066,0.6622979640960693,0.4640895426273346,0.4640895426273346,-0.09408220648765564,0.09408220648765564,-0.23523352425967725,0.23523352425967725,NA,NA,NA,NA,NA,NA,NA,NA,NA,NA,NA,NA,0,0,1,0,1,0,0,0,0,0,0,0,0,0,0,0,0,0,0,0,0,0,0,0,1,0,0,0,0,0,0,0,0,1,0,0,0,0,0,0,0,0,0,0,0,1,0,0,0,0,0,00-0005755,J.Garcia,12,00-0015811,T.Streets,12,NA,NA,NA,NA,NA,NA,NA,NA,NA,NA,NA,NA,NA,NA,NA,NA,NA,NA,NA,NA,NA,NA,NA,NA,NA,NA,NA,NA,NA,NA,NA,NA,NA,NA,NA,NA,NA,NA,NA,NA,NA,NA,NA,NA,NA,PHI,NA,00-0006915,NA,A.Harris,NA,NA,NA,NA,NA,NA,NA,NA,NA,NA,NA,NA,NA,0,NA,NA,NA,NA,NA,NA,NA,NA,NA,NA,NA,NA,NA,NA,NA,NA,NA,NA,NA,NA,NA,NA,NA,NA,NA,NA,NA,NA,NA,NA,NA,0,NA,NA,NA,NA,0,NA,NA,0,0,0,0,NA,NA,2002,NA,NA,14,1,First down,1068,21:00:00,18:52:59,3COM Park,"Clear skies Temp: 64° F, Humidity: 28%, Wind: SE 8 mph",10160000-0182-69e4-1c08-4240bfea771a,0,0,PASS,0,NA,NA,SF 34,7,Opp touchdown,NA,6,3:26,1,0,0,2,2,0,KICKOFF,PUNT,13:45,10:19,SF 18,SF 40,1000,1157,38,17,Home,-21,55,7,37.5,0,outdoors,grass,64,8,Steve Mariucci,Andy Reid,SFO00,3Com Park,0,1,J.Garcia,5,NA,NA,T.Streets,89,1,0,1,0,1,00-0005755,NA,00-0015811,J.Garcia,5,00-0005755,T.Streets,00-0015811,T.Streets,00-0015811,1,1,1.9108585647772998,NA,NA,NA,NA,NA,NA,NA,NA,NA,NA,NA,NA,NA,NA,NA,NA,NA,Andy Reid,Steve Mariucci,12:18,NA,NA,Other,NA,NA,NA,NA,NA,NA,NA,NA
1089,2002_12_PHI_SF,2002112500,SF,PHI,REG,12,SF,home,PHI,SF,66,2002-11-25,715,715,2515,Half1,0,7,0,2,1,0,11:55,SF 34,10,22,"(11:55) 20-G.Hearst up the middle to SF 32 for -2 yards (93-L.Kirkland, 98-B.Whiting).",run,-2,0,0,0,0,0,0,NA,NA,NA,NA,middle,NA,NA,NA,NA,NA,3,3,0,NA,NA,NA,NA,3,3,0,7,0,7,-7,0,7,-7,0.1072496846318245,0.11712517589330673,0.001891487860120833,0.17872220277786255,0.22740909457206726,0.003649079706519842,0.36395326256752014,0,0,1.6309843582566828,-0.7405695354100317,-7.646419093835124,7.646419093835124,-3.857697320752777,3.857697320752777,-6.964874656273019,6.964874656273019,NA,NA,NA,NA,NA,NA,NA,NA,NA,NA,NA,NA,0.33770203590393066,0.6622979640960693,0.33770203590393066,0.6622979640960693,-0.04136177897453308,-0.037953078746795654,-0.037953078746795654,0.2963402569293976,0.7036597430706024,0.5092846155166626,0.5092846155166626,-0.13544398546218872,0.13544398546218872,-0.23523352425967725,0.23523352425967725,NA,NA,NA,NA,NA,NA,NA,NA,NA,NA,NA,NA,0,0,0,0,0,0,0,0,0,0,0,0,0,0,0,0,0,0,0,0,0,0,0,0,0,0,0,1,0,0,0,0,1,0,0,0,0,0,0,0,0,0,0,0,0,0,1,0,0,0,0,NA,NA,NA,NA,NA,NA,00-0007180,G.Hearst,-2,NA,NA,NA,NA,NA,NA,NA,NA,NA,NA,NA,NA,NA,NA,NA,NA,NA,NA,NA,NA,NA,NA,NA,NA,NA,NA,NA,NA,00-0009298,L.Kirkland,NA,NA,NA,NA,NA,NA,NA,NA,NA,NA,NA,NA,NA,NA,NA,NA,NA,NA,00-0017594,B.Whiting,PHI,NA,NA,NA,NA,NA,NA,NA,NA,NA,1,00-0009298,L.Kirkland,PHI,NA,NA,NA,NA,NA,NA,NA,NA,NA,NA,NA,NA,NA,NA,NA,NA,NA,NA,NA,NA,NA,NA,NA,NA,NA,NA,NA,NA,0,NA,NA,NA,NA,0,NA,NA,0,0,0,0,NA,NA,2002,NA,NA,15,0,Opp touchdown,1089,21:00:00,18:53:36,3COM Park,"Clear skies Temp: 64° F, Humidity: 28%, Wind: SE 8 mph",10160000-0182-69e4-1c08-4240bfea771a,0,0,RUSH,0,NA,NA,SF 32,7,Opp touchdown,NA,6,3:26,1,0,0,2,2,0,KICKOFF,PUNT,13:45,10:19,SF 18,SF 40,1000,1157,38,17,Home,-21,55,7,37.5,0,outdoors,grass,64,8,Steve Mariucci,Andy Reid,SFO00,3Com Park,0,0,NA,NA,G.Hearst,20,NA,NA,0,1,0,0,1,NA,00-0007180,NA,G.Hearst,20,00-0007180,G.Hearst,00-0007180,G.Hearst,00-0007180,0,1,-0.7405695354100317,NA,NA,NA,NA,NA,NA,NA,NA,NA,NA,NA,NA,NA,NA,NA,NA,NA,Andy Reid,Steve Mariucci,11:55,NA,NA,Other,NA,NA,NA,NA,NA,NA,NA,NA
1114,2002_12_PHI_SF,2002112500,SF,PHI,REG,12,SF,home,PHI,SF,68,2002-11-25,677,677,2477,Half1,0,7,0,2,2,0,11:17,SF 32,12,22,(11:17) 5-J.Garcia pass incomplete to 88-J.Swift.,pass,0,0,0,1,0,0,0,NA,NA,NA,NA,NA,NA,NA,NA,NA,NA,3,3,0,NA,NA,NA,NA,3,3,0,7,0,7,-7,0,7,-7,0.1292356550693512,0.1385902315378189,0.002939702710136771,0.21823745965957642,0.18045179545879364,0.0030888428445905447,0.3274562954902649,0,0,0.8904148228466511,-0.7595675964839756,-8.4059866903191,8.4059866903191,-3.857697320752777,3.857697320752777,-7.724442252756995,7.724442252756995,NA,NA,NA,NA,NA,NA,NA,NA,NA,NA,NA,NA,0.2963402569293976,0.7036597430706024,0.2963402569293976,0.7036597430706024,-0.014890193939208984,-0.028787553310394287,-0.028787553310394287,0.2814500629901886,0.7185499370098114,0.47133153676986694,0.47133153676986694,-0.13544398546218872,0.13544398546218872,-0.25012371819888624,0.25012371819888624,NA,NA,NA,NA,NA,NA,NA,NA,NA,NA,NA,NA,0,0,0,0,0,0,0,0,1,0,0,0,0,0,0,0,0,0,0,0,0,0,0,0,0,0,0,0,0,0,0,0,0,1,0,0,0,0,0,0,0,0,0,0,0,0,0,0,0,0,0,00-0005755,J.Garcia,NA,00-0015970,J.Swift,NA,NA,NA,NA,NA,NA,NA,NA,NA,NA,NA,NA,NA,NA,NA,NA,NA,NA,NA,NA,NA,NA,NA,NA,NA,NA,NA,NA,NA,NA,NA,NA,NA,NA,NA,NA,NA,NA,NA,NA,NA,NA,NA,NA,NA,NA,NA,NA,NA,NA,NA,NA,NA,NA,NA,NA,NA,NA,NA,NA,NA,NA,NA,NA,0,NA,NA,NA,NA,NA,NA,NA,NA,NA,NA,NA,NA,NA,NA,NA,NA,NA,NA,NA,NA,NA,NA,NA,NA,NA,NA,NA,NA,NA,NA,NA,0,NA,NA,NA,NA,0,NA,NA,0,0,0,0,NA,NA,2002,NA,NA,15,0,Opp touchdown,1114,21:00:00,18:54:14,3COM Park,"Clear skies Temp: 64° F, Humidity: 28%, Wind: SE 8 mph",10160000-0182-69e4-1c08-4240bfea771a,0,0,PASS,0,NA,NA,SF 32,7,Opp touchdown,NA,6,3:26,1,0,0,2,2,0,KICKOFF,PUNT,13:45,10:19,SF 18,SF 40,1000,1157,38,17,Home,-21,55,7,37.5,0,outdoors,grass,64,8,Steve Mariucci,Andy Reid,SFO00,3Com Park,0,0,J.Garcia,5,NA,NA,J.Swift,88,1,0,0,0,1,00-0005755,NA,00-0015970,J.Garcia,5,00-0005755,J.Swift,00-0015970,J.Swift,00-0015970,0,1,-0.7595675964839756,NA,NA,NA,NA,NA,NA,NA,NA,NA,NA,NA,NA,NA,NA,NA,NA,NA,Andy Reid,Steve Mariucci,11:17,NA,NA,Other,NA,NA,NA,NA,NA,NA,NA,NA
1132,2002_12_PHI_SF,2002112500,SF,PHI,REG,12,SF,home,PHI,SF,68,2002-11-25,672,672,2472,Half1,0,7,0,2,3,0,11:12,SF 32,12,22,"(11:12) (Shotgun) 5-J.Garcia pass to 20-G.Hearst to SF 40 for 8 yards (21-B.Taylor, 58-I.Reese). Caught at SF 35.",pass,8,1,0,1,0,0,0,NA,NA,NA,NA,NA,NA,NA,NA,NA,NA,3,3,0,NA,NA,NA,NA,3,3,0,7,0,7,-7,0,7,-7,0.13184276223182678,0.16140826046466827,0.0031050732359290123,0.2622653841972351,0.1541784703731537,0.0031591772567480803,0.2840408682823181,0,0,0.13084722636267543,-0.40071019949391484,-8.806696889813015,8.806696889813015,-3.857697320752777,3.857697320752777,-8.125152452250909,8.125152452250909,NA,NA,NA,NA,NA,NA,NA,NA,NA,NA,NA,NA,0.2814500629901886,0.7185499370098114,0.2814500629901886,0.7185499370098114,5.76317310333252e-4,-0.022508054971694946,-0.022508054971694946,0.28202638030052185,0.7179736196994781,0.44254398345947266,0.44254398345947266,-0.13544398546218872,0.13544398546218872,-0.24954740088855298,0.24954740088855298,NA,NA,NA,NA,NA,NA,NA,NA,NA,NA,NA,NA,0,0,0,0,0,1,0,0,0,0,0,0,0,0,0,0,0,0,0,0,0,0,0,0,0,0,0,0,0,0,0,0,0,1,0,0,0,0,0,0,0,0,0,0,0,1,1,0,0,0,0,00-0005755,J.Garcia,8,00-0007180,G.Hearst,8,NA,NA,NA,NA,NA,NA,NA,NA,NA,NA,NA,NA,NA,NA,NA,NA,NA,NA,NA,NA,NA,NA,NA,NA,NA,NA,NA,NA,NA,NA,NA,NA,NA,NA,NA,NA,NA,NA,NA,NA,NA,NA,NA,NA,NA,NA,NA,NA,NA,NA,NA,00-0013535,I.Reese,PHI,NA,NA,NA,NA,NA,NA,NA,NA,NA,1,00-0016082,B.Taylor,PHI,NA,NA,NA,NA,NA,NA,NA,NA,NA,NA,NA,NA,NA,NA,NA,NA,NA,NA,NA,NA,NA,NA,NA,NA,NA,NA,NA,NA,0,NA,NA,NA,NA,0,NA,NA,0,0,0,0,NA,NA,2002,NA,NA,15,0,Opp touchdown,1132,21:00:00,18:54:57,3COM Park,"Clear skies Temp: 64° F, Humidity: 28%, Wind: SE 8 mph",10160000-0182-69e4-1c08-4240bfea771a,0,0,PASS,0,NA,NA,SF 40,7,Opp touchdown,NA,6,3:26,1,0,0,2,2,0,KICKOFF,PUNT,13:45,10:19,SF 18,SF 40,1000,1157,38,17,Home,-21,55,7,37.5,0,outdoors,grass,64,8,Steve Mariucci,Andy Reid,SFO00,3Com Park,0,0,J.Garcia,5,NA,NA,G.Hearst,20,1,0,0,0,1,00-0005755,NA,00-0007180,J.Garcia,5,00-0005755,G.Hearst,00-0007180,G.Hearst,00-0007180,0,1,-0.40071019949391484,NA,NA,NA,NA,NA,NA,NA,NA,NA,NA,NA,NA,NA,NA,NA,NA,NA,Andy Reid,Steve Mariucci,11:12,NA,NA,Other,NA,NA,NA,NA,NA,NA,NA,NA
1157,2002_12_PHI_SF,2002112500,SF,PHI,REG,12,SF,home,PHI,SF,60,2002-11-25,635,635,2435,Half1,0,7,1,2,4,0,10:35,SF 40,4,22,"(10:35) 7-J.Baker punts 36 yards to PHI 24, Center-86-B.Jennings. 30-B.Mitchell for 76 yards, TOUCHDOWN.",punt,0,0,0,0,0,0,0,NA,NA,NA,NA,NA,NA,NA,36,NA,NA,3,3,0,NA,PHI,B.Mitchell,00-0011399,3,3,0,13,0,7,-7,0,13,-13,0.14760926365852356,0.16560350358486176,0.0023708054795861244,0.2812553942203522,0.14606519043445587,0.007477950770407915,0.24961791932582855,0,0,-0.2698629731312394,-6.730137026868761,-15.536833916681775,15.536833916681775,-3.857697320752777,3.857697320752777,-8.125152452250909,8.125152452250909,NA,NA,NA,NA,NA,NA,NA,NA,NA,NA,NA,NA,0.28202638030052185,0.7179736196994781,0.28202638030052185,0.7179736196994781,-0.13294509203964444,-0.12745229214166431,-0.12745229214166431,0.1490812882608774,0.8509187117391226,0.4200359284877777,0.4200359284877777,-0.13544398546218872,0.13544398546218872,-0.24954740088855298,0.24954740088855298,NA,NA,NA,NA,NA,NA,NA,NA,NA,NA,NA,NA,0,0,0,0,0,0,0,0,0,0,0,0,0,0,0,0,0,0,0,0,0,0,0,0,0,0,0,0,0,0,0,0,0,0,0,1,0,0,1,0,0,0,0,1,0,0,0,0,0,0,0,NA,NA,NA,NA,NA,NA,NA,NA,NA,NA,NA,NA,NA,NA,NA,NA,NA,NA,NA,NA,NA,00-0011399,B.Mitchell,NA,NA,NA,NA,NA,NA,00-0019921,J.Baker,NA,NA,NA,NA,NA,NA,NA,NA,NA,NA,NA,NA,NA,NA,NA,NA,NA,NA,NA,NA,NA,NA,NA,NA,NA,NA,NA,NA,NA,NA,NA,NA,NA,NA,NA,NA,NA,NA,0,NA,NA,NA,NA,NA,NA,NA,NA,NA,NA,NA,NA,NA,NA,NA,NA,NA,NA,NA,NA,NA,NA,NA,NA,NA,NA,NA,NA,NA,NA,PHI,76,NA,NA,NA,NA,0,NA,NA,0,0,0,0,NA,NA,2002,NA,NA,15,0,Opp touchdown,1157,21:00:00,18:55:35,3COM Park,"Clear skies Temp: 64° F, Humidity: 28%, Wind: SE 8 mph",10160000-0182-69e4-1c08-4240bfea771a,0,0,PUNT,1,NA,10:19,NA,7,Opp touchdown,NA,6,3:26,1,0,0,2,2,0,KICKOFF,PUNT,13:45,10:19,SF 18,SF 40,1000,1157,38,17,Home,-21,55,7,37.5,0,outdoors,grass,64,8,Steve Mariucci,Andy Reid,SFO00,3Com Park,0,0,NA,NA,NA,NA,NA,NA,0,0,0,1,0,NA,NA,NA,NA,NA,NA,NA,NA,NA,NA,0,1,-6.730137026868761,NA,NA,NA,NA,NA,NA,NA,NA,0.36365529221802717,0.3771747408522963,NA,NA,0,0.3688144367188215,0.47543198615312576,0.3688144367188215,0.4446636011219662,Andy Reid,Steve Mariucci,10:35,0,0,Other,NA,36,38,NA,44,37,48,37
1178,2002_12_PHI_SF,2002112500,SF,PHI,REG,12,PHI,away,SF,SF,2,2002-11-25,619,619,2419,Half1,0,7,1,2,NA,0,10:19,SF 2,0,22,"2-D.Akers extra point is GOOD, Center-88-M.Bartrum, Holder-10-K.Detmer.",extra_point,0,0,0,0,0,0,0,NA,NA,NA,NA,NA,NA,NA,20,good,NA,3,3,0,NA,NA,NA,NA,3,3,0,14,13,0,13,14,0,14,0,0,0,0,0,0,0,0.9862267078059223,0,0.9862267078059223,0.013773292194077746,-15.550607208875853,15.550607208875853,-3.857697320752777,3.857697320752777,-8.125152452250909,8.125152452250909,NA,NA,NA,NA,NA,NA,NA,NA,NA,NA,NA,NA,0.8509187117391226,0.1490812882608774,0.1490812882608774,0.8509187117391226,0.004278837127149382,0.0047427633431074145,-0.0047427633431074145,0.14480245113372803,0.855197548866272,0.7074163636538866,0.2925836363461134,-0.13544398546218872,0.13544398546218872,-0.24954740088855298,0.24954740088855298,NA,NA,NA,NA,NA,NA,NA,NA,NA,NA,NA,NA,0,0,0,0,0,0,0,0,0,0,0,0,0,0,0,0,0,0,0,0,0,0,0,0,0,0,0,0,0,0,0,0,0,0,0,0,0,0,0,1,0,0,0,0,0,0,0,0,0,0,0,NA,NA,NA,NA,NA,NA,NA,NA,NA,NA,NA,NA,NA,NA,NA,NA,NA,NA,NA,NA,NA,NA,NA,NA,NA,NA,NA,NA,NA,NA,NA,D.Akers,00-0000108,NA,NA,NA,NA,NA,NA,NA,NA,NA,NA,NA,NA,NA,NA,NA,NA,NA,NA,NA,NA,NA,NA,NA,NA,NA,NA,NA,NA,NA,NA,NA,NA,NA,NA,NA,NA,0,NA,NA,NA,NA,NA,NA,NA,NA,NA,NA,NA,NA,NA,NA,NA,NA,NA,NA,NA,NA,NA,NA,NA,NA,NA,NA,NA,NA,NA,NA,NA,0,NA,NA,NA,NA,0,NA,NA,0,0,0,0,NA,NA,2002,NA,NA,15,0,Opp touchdown,1178,21:00:00,18:56:30,3COM Park,"Clear skies Temp: 64° F, Humidity: 28%, Wind: SE 8 mph",10160000-0182-69e4-1c08-4240bfea771a,0,0,XP_KICK,1,NA,NA,NA,7,Opp touchdown,NA,6,3:26,1,0,0,2,2,0,KICKOFF,PUNT,13:45,10:19,SF 18,SF 40,1000,1157,38,17,Home,-21,55,7,37.5,0,outdoors,grass,64,8,Steve Mariucci,Andy Reid,SFO00,3Com Park,0,1,NA,NA,NA,NA,NA,NA,0,0,0,1,0,NA,NA,NA,NA,NA,NA,NA,NA,NA,NA,0,1,0.013773292194077746,NA,NA,NA,NA,NA,NA,NA,NA,NA,NA,NA,NA,NA,NA,NA,NA,NA,Andy Reid,Steve Mariucci,10:19,NA,NA,Other,NA,NA,NA,NA,NA,NA,NA,NA
1194,2002_12_PHI_SF,2002112500,SF,PHI,REG,12,SF,home,PHI,PHI,30,2002-11-25,619,619,2419,Half1,0,8,0,2,NA,0,10:19,PHI 30,0,55,2-D.Akers kicks 58 yards from PHI 30 to SF 12. 23-J.Williams pushed ob at SF 45 for 33 yards (57-K.Adams).,kickoff,0,0,0,0,0,0,0,NA,NA,NA,NA,NA,NA,NA,58,NA,NA,3,3,0,NA,NA,NA,NA,3,3,0,14,0,14,-14,0,14,-14,0.16326472163200378,0.1468309462070465,0.003047423902899027,0.20859313011169434,0.17507217824459076,0.0025399653241038322,0.3006516396999359,0,0,0.7281183460727334,1.5259264681953937,-14.02468074068046,14.02468074068046,-3.857697320752777,3.857697320752777,-8.125152452250909,8.125152452250909,NA,NA,NA,NA,NA,NA,NA,NA,NA,NA,NA,NA,0.14480245113372803,0.855197548866272,0.14480245113372803,0.855197548866272,0.028946787118911743,0.037273406982421875,0.037273406982421875,0.17374923825263977,0.8262507617473602,0.287840873003006,0.287840873003006,-0.13544398546218872,0.13544398546218872,-0.24954740088855298,0.24954740088855298,NA,NA,NA,NA,NA,NA,NA,NA,NA,NA,NA,NA,0,0,0,0,0,0,0,0,0,0,0,0,0,0,0,0,0,0,0,0,0,0,0,0,1,0,0,0,0,0,0,0,0,0,0,0,0,0,0,0,0,0,1,0,0,0,0,0,0,0,0,NA,NA,NA,NA,NA,NA,NA,NA,NA,NA,NA,NA,NA,NA,NA,NA,NA,NA,NA,NA,NA,NA,NA,NA,NA,J.Williams,00-0020327,NA,NA,NA,NA,D.Akers,00-0000108,NA,NA,NA,NA,NA,NA,NA,NA,NA,NA,NA,NA,NA,NA,NA,NA,NA,NA,PHI,NA,00-0020488,NA,K.Adams,NA,NA,NA,NA,NA,NA,NA,NA,NA,NA,NA,NA,NA,0,NA,NA,NA,NA,NA,NA,NA,NA,NA,NA,NA,NA,NA,NA,NA,NA,NA,NA,NA,NA,NA,NA,NA,NA,NA,NA,NA,NA,NA,NA,SF,33,NA,NA,NA,NA,0,NA,NA,0,0,0,0,NA,NA,2002,NA,NA,16,1,First down,1194,21:00:00,18:59:04,3COM Park,"Clear skies Temp: 64° F, Humidity: 28%, Wind: SE 8 mph",10160000-0182-69e4-1c08-4240bfea771a,0,0,KICK_OFF,1,NA,NA,SF 45,8,Touchdown,NA,8,4:03,3,1,1,2,2,0,KICKOFF,TOUCHDOWN,10:19,06:16,SF 45,PHI 3,1194,1389,38,17,Home,-21,55,7,37.5,0,outdoors,grass,64,8,Steve Mariucci,Andy Reid,SFO00,3Com Park,0,1,NA,NA,NA,NA,NA,NA,0,0,0,1,0,NA,NA,NA,NA,NA,NA,NA,NA,NA,NA,1,1,1.5259264681953937,NA,NA,NA,NA,NA,NA,NA,NA,NA,NA,NA,NA,NA,NA,NA,NA,NA,Andy Reid,Steve Mariucci,10:19,NA,NA,Other,NA,NA,NA,NA,NA,NA,NA,NA
1216,2002_12_PHI_SF,2002112500,SF,PHI,REG,12,SF,home,PHI,SF,55,2002-11-25,611,611,2411,Half1,0,8,0,2,1,0,10:11,SF 45,10,55,"(10:11) 20-G.Hearst right end to SF 47 for 2 yards (23-T.Vincent, 93-L.Kirkland).",run,2,0,0,0,0,0,0,NA,NA,NA,NA,right,end,NA,NA,NA,NA,3,3,0,NA,NA,NA,NA,3,3,0,14,0,14,-14,0,14,-14,0.13300934433937073,0.0928129106760025,0.0015010688221082091,0.1369938850402832,0.2340402901172638,0.0038350368849933147,0.39780741930007935,0,0,2.254044814268127,-0.37561453389935195,-14.400295274579811,14.400295274579811,-4.233311854652129,4.233311854652129,-8.125152452250909,8.125152452250909,NA,NA,NA,NA,NA,NA,NA,NA,NA,NA,NA,NA,0.17374923825263977,0.8262507617473602,0.17374923825263977,0.8262507617473602,-0.010929808020591736,-0.004202693700790405,-0.004202693700790405,0.16281943023204803,0.837180569767952,0.32511427998542786,0.32511427998542786,-0.14637379348278046,0.14637379348278046,-0.24954740088855298,0.24954740088855298,NA,NA,NA,NA,NA,NA,NA,NA,NA,NA,NA,NA,0,0,0,0,0,0,0,0,0,0,0,0,0,0,0,0,0,0,0,0,0,0,0,0,0,0,0,0,0,0,0,0,1,0,0,0,0,0,0,0,0,0,0,0,0,0,1,0,0,0,0,NA,NA,NA,NA,NA,NA,00-0007180,G.Hearst,2,NA,NA,NA,NA,NA,NA,NA,NA,NA,NA,NA,NA,NA,NA,NA,NA,NA,NA,NA,NA,NA,NA,NA,NA,NA,NA,NA,NA,NA,NA,NA,NA,NA,NA,NA,NA,NA,NA,NA,NA,NA,NA,NA,NA,NA,NA,NA,NA,00-0009298,L.Kirkland,PHI,NA,NA,NA,NA,NA,NA,NA,NA,NA,1,00-0016924,T.Vincent,PHI,NA,NA,NA,NA,NA,NA,NA,NA,NA,NA,NA,NA,NA,NA,NA,NA,NA,NA,NA,NA,NA,NA,NA,NA,NA,NA,NA,NA,0,NA,NA,NA,NA,0,NA,NA,0,0,0,0,NA,NA,2002,NA,NA,16,1,First down,1216,21:00:00,18:59:53,3COM Park,"Clear skies Temp: 64° F, Humidity: 28%, Wind: SE 8 mph",10160000-0182-69e4-1c08-4240bfea771a,0,0,RUSH,0,NA,NA,SF 47,8,Touchdown,NA,8,4:03,3,1,1,2,2,0,KICKOFF,TOUCHDOWN,10:19,06:16,SF 45,PHI 3,1194,1389,38,17,Home,-21,55,7,37.5,0,outdoors,grass,64,8,Steve Mariucci,Andy Reid,SFO00,3Com Park,0,0,NA,NA,G.Hearst,20,NA,NA,0,1,0,0,1,NA,00-0007180,NA,G.Hearst,20,00-0007180,G.Hearst,00-0007180,G.Hearst,00-0007180,0,1,-0.37561453389935195,NA,NA,NA,NA,NA,NA,NA,NA,NA,NA,NA,NA,NA,NA,NA,NA,NA,Andy Reid,Steve Mariucci,10:11,NA,NA,Other,NA,NA,NA,NA,NA,NA,NA,NA
1237,2002_12_PHI_SF,2002112500,SF,PHI,REG,12,SF,home,PHI,SF,53,2002-11-25,572,572,2372,Half1,0,8,0,2,2,0,09:32,SF 47,8,55,"(9:32) 5-J.Garcia pass to 81-T.Owens to PHI 21 for 32 yards (24-B.Bishop, 20-B.Dawkins). Caught at PHI 27.",pass,32,0,0,1,0,0,0,NA,NA,NA,NA,NA,NA,NA,NA,NA,NA,3,3,0,NA,NA,NA,NA,3,3,0,14,0,14,-14,0,14,-14,0.15140828490257263,0.09775406867265701,0.0015372035559266806,0.14887021481990814,0.24112394452095032,0.004331459756940603,0.35497480630874634,0,0,1.8784302803687751,2.534743472118862,-11.86555180246095,11.86555180246095,-4.233311854652129,4.233311854652129,-5.590408980132048,5.590408980132048,NA,NA,NA,NA,NA,NA,NA,NA,NA,NA,NA,NA,0.16281943023204803,0.837180569767952,0.16281943023204803,0.837180569767952,0.05548332631587982,0.07541203498840332,0.07541203498840332,0.21830275654792786,0.7816972434520721,0.32091158628463745,0.32091158628463745,-0.14637379348278046,0.14637379348278046,-0.19406407457267316,0.19406407457267316,NA,NA,NA,NA,NA,NA,NA,NA,NA,NA,NA,NA,0,0,1,0,0,0,0,0,0,0,0,0,0,0,0,0,0,0,0,0,0,0,0,0,0,0,0,0,0,0,0,0,0,1,0,0,0,0,0,0,0,0,0,0,0,1,1,0,0,0,0,00-0005755,J.Garcia,32,00-0012478,T.Owens,32,NA,NA,NA,NA,NA,NA,NA,NA,NA,NA,NA,NA,NA,NA,NA,NA,NA,NA,NA,NA,NA,NA,NA,NA,NA,NA,NA,NA,NA,NA,NA,NA,NA,NA,NA,NA,NA,NA,NA,NA,NA,NA,NA,NA,NA,NA,NA,NA,NA,NA,NA,00-0004073,B.Dawkins,PHI,NA,NA,NA,NA,NA,NA,NA,NA,NA,1,00-0001266,B.Bishop,PHI,NA,NA,NA,NA,NA,NA,NA,NA,NA,NA,NA,NA,NA,NA,NA,NA,NA,NA,NA,NA,NA,NA,NA,NA,NA,NA,NA,NA,0,NA,NA,NA,NA,0,NA,NA,0,0,0,0,NA,NA,2002,NA,NA,16,1,First down,1237,21:00:00,19:00:33,3COM Park,"Clear skies Temp: 64° F, Humidity: 28%, Wind: SE 8 mph",10160000-0182-69e4-1c08-4240bfea771a,0,0,PASS,0,NA,NA,PHI 21,8,Touchdown,NA,8,4:03,3,1,1,2,2,0,KICKOFF,TOUCHDOWN,10:19,06:16,SF 45,PHI 3,1194,1389,38,17,Home,-21,55,7,37.5,0,outdoors,grass,64,8,Steve Mariucci,Andy Reid,SFO00,3Com Park,0,1,J.Garcia,5,NA,NA,T.Owens,81,1,0,1,0,1,00-0005755,NA,00-0012478,J.Garcia,5,00-0005755,T.Owens,00-0012478,T.Owens,00-0012478,0,1,2.534743472118862,NA,NA,NA,NA,NA,NA,NA,NA,NA,NA,NA,NA,NA,NA,NA,NA,NA,Andy Reid,Steve Mariucci,9:32,NA,NA,Other,NA,NA,NA,NA,NA,NA,NA,NA
1262,2002_12_PHI_SF,2002112500,SF,PHI,REG,12,SF,home,PHI,PHI,21,2002-11-25,532,532,2332,Half1,0,8,0,2,1,0,08:52,PHI 21,10,55,(8:52) 5-J.Garcia pass incomplete to 89-T.Streets.,pass,0,0,0,1,0,0,0,NA,NA,NA,NA,NA,NA,NA,NA,NA,NA,3,3,0,NA,NA,NA,NA,3,3,0,14,0,14,-14,0,14,-14,0.04317352920770645,0.025442587211728096,5.489203031174839e-4,0.041535016149282455,0.35955363512039185,0.001108136959373951,0.5286381840705872,0,0,4.413173752487637,-0.4086228256346658,-12.274174628095615,12.274174628095615,-4.233311854652129,4.233311854652129,-5.999031805766713,5.999031805766713,NA,NA,NA,NA,NA,NA,NA,NA,NA,NA,NA,NA,0.21830275654792786,0.7816972434520721,0.21830275654792786,0.7816972434520721,-0.011218398809432983,-0.013768136501312256,-0.013768136501312256,0.20708435773849487,0.7929156422615051,0.39632362127304077,0.39632362127304077,-0.14637379348278046,0.14637379348278046,-0.20528247338210615,0.20528247338210615,NA,NA,NA,NA,NA,NA,NA,NA,NA,NA,NA,NA,0,0,0,0,0,0,0,0,1,0,0,0,0,0,0,0,0,0,0,0,0,0,0,0,0,0,0,0,0,0,0,0,0,1,0,0,0,0,0,0,0,0,0,0,0,0,0,0,0,0,0,00-0005755,J.Garcia,NA,00-0015811,T.Streets,NA,NA,NA,NA,NA,NA,NA,NA,NA,NA,NA,NA,NA,NA,NA,NA,NA,NA,NA,NA,NA,NA,NA,NA,NA,NA,NA,NA,NA,NA,NA,NA,NA,NA,NA,NA,NA,NA,NA,NA,NA,NA,NA,NA,NA,NA,NA,NA,NA,NA,NA,NA,NA,NA,NA,NA,NA,NA,NA,NA,NA,NA,NA,NA,0,NA,NA,NA,NA,NA,NA,NA,NA,NA,NA,NA,NA,NA,NA,NA,NA,NA,NA,NA,NA,NA,NA,NA,NA,NA,NA,NA,NA,NA,NA,NA,0,NA,NA,NA,NA,0,NA,NA,0,0,0,0,NA,NA,2002,NA,NA,17,1,First down,1262,21:00:00,19:01:13,3COM Park,"Clear skies Temp: 64° F, Humidity: 28%, Wind: SE 8 mph",10160000-0182-69e4-1c08-4240bfea771a,0,0,PASS,0,NA,NA,PHI 21,8,Touchdown,NA,8,4:03,3,1,1,2,2,0,KICKOFF,TOUCHDOWN,10:19,06:16,SF 45,PHI 3,1194,1389,38,17,Home,-21,55,7,37.5,0,outdoors,grass,64,8,Steve Mariucci,Andy Reid,SFO00,3Com Park,0,0,J.Garcia,5,NA,NA,T.Streets,89,1,0,0,0,1,00-0005755,NA,00-0015811,J.Garcia,5,00-0005755,T.Streets,00-0015811,T.Streets,00-0015811,0,1,-0.4086228256346658,NA,NA,NA,NA,NA,NA,NA,NA,NA,NA,NA,NA,NA,NA,NA,NA,NA,Andy Reid,Steve Mariucci,8:52,NA,NA,Other,NA,NA,NA,NA,NA,NA,NA,NA
1284,2002_12_PHI_SF,2002112500,SF,PHI,REG,12,SF,home,PHI,PHI,21,2002-11-25,525,525,2325,Half1,0,8,0,2,2,0,08:45,PHI 21,10,55,(8:45) 5-J.Garcia pass to 88-J.Swift to PHI 13 for 8 yards (51-C.Emmons). Whiting injured on play.,pass,8,0,0,1,0,0,0,NA,NA,NA,NA,NA,NA,NA,NA,NA,NA,3,3,0,NA,NA,NA,NA,3,3,0,14,0,14,-14,0,14,-14,0.04708441346883774,0.02707805670797825,5.800020880997181e-4,0.047644052654504776,0.4292500913143158,0.0011680775787681341,0.44719529151916504,0,0,4.004550926852971,0.4107627241173759,-11.863411903978239,11.863411903978239,-4.233311854652129,4.233311854652129,-5.5882690816493374,5.5882690816493374,NA,NA,NA,NA,NA,NA,NA,NA,NA,NA,NA,NA,0.20708435773849487,0.7929156422615051,0.20708435773849487,0.7929156422615051,0.013427451252937317,0.012812048196792603,0.012812048196792603,0.2205118089914322,0.7794881910085678,0.3825554847717285,0.3825554847717285,-0.14637379348278046,0.14637379348278046,-0.19185502212916883,0.19185502212916883,NA,NA,NA,NA,NA,NA,NA,NA,NA,NA,NA,NA,0,0,0,0,0,0,0,0,0,0,0,0,0,0,0,0,0,0,0,0,0,0,0,0,1,0,0,0,0,0,0,0,0,1,0,0,0,0,0,0,0,0,0,0,0,1,0,0,0,0,0,00-0005755,J.Garcia,8,00-0015970,J.Swift,8,NA,NA,NA,NA,NA,NA,NA,NA,NA,NA,NA,NA,NA,NA,NA,NA,NA,NA,NA,NA,NA,NA,NA,NA,NA,NA,NA,NA,NA,NA,NA,NA,NA,NA,NA,NA,NA,NA,NA,NA,NA,NA,NA,NA,NA,PHI,NA,00-0004901,NA,C.Emmons,NA,NA,NA,NA,NA,NA,NA,NA,NA,NA,NA,NA,NA,0,NA,NA,NA,NA,NA,NA,NA,NA,NA,NA,NA,NA,NA,NA,NA,NA,NA,NA,NA,NA,NA,NA,NA,NA,NA,NA,NA,NA,NA,NA,NA,0,NA,NA,NA,NA,0,NA,NA,0,0,0,0,NA,NA,2002,NA,NA,17,1,First down,1284,21:00:00,19:01:58,3COM Park,"Clear skies Temp: 64° F, Humidity: 28%, Wind: SE 8 mph",10160000-0182-69e4-1c08-4240bfea771a,0,0,PASS,0,NA,NA,PHI 13,8,Touchdown,NA,8,4:03,3,1,1,2,2,0,KICKOFF,TOUCHDOWN,10:19,06:16,SF 45,PHI 3,1194,1389,38,17,Home,-21,55,7,37.5,0,outdoors,grass,64,8,Steve Mariucci,Andy Reid,SFO00,3Com Park,0,1,J.Garcia,5,NA,NA,J.Swift,88,1,0,0,0,1,00-0005755,NA,00-0015970,J.Garcia,5,00-0005755,J.Swift,00-0015970,J.Swift,00-0015970,0,1,0.4107627241173759,NA,NA,NA,NA,NA,NA,NA,NA,NA,NA,NA,NA,NA,NA,NA,NA,NA,Andy Reid,Steve Mariucci,8:45,NA,NA,Other,NA,NA,NA,NA,NA,NA,NA,NA
1309,2002_12_PHI_SF,2002112500,SF,PHI,REG,12,SF,home,PHI,PHI,13,2002-11-25,503,503,2303,Half1,0,8,0,2,3,0,08:23,PHI 13,2,55,(8:23) 5-J.Garcia pass to 89-T.Streets to PHI 9 for 4 yards (21-B.Taylor).,pass,4,0,0,1,0,0,0,NA,NA,NA,NA,NA,NA,NA,NA,NA,NA,3,3,0,NA,NA,NA,NA,3,3,0,14,0,14,-14,0,14,-14,0.03258568421006203,0.015263301320374012,4.6791479690000415e-4,0.034115105867385864,0.4289745092391968,0.001246588071808219,0.48734691739082336,0,0,4.415313650970347,0.6188640281325206,-11.244547875845718,11.244547875845718,-4.233311854652129,4.233311854652129,-4.969405053516817,4.969405053516817,NA,NA,NA,NA,NA,NA,NA,NA,NA,NA,NA,NA,0.2205118089914322,0.7794881910085678,0.2205118089914322,0.7794881910085678,0.016384974122047424,0.026878327131271362,0.026878327131271362,0.23689678311347961,0.7631032168865204,0.3953675329685211,0.3953675329685211,-0.14637379348278046,0.14637379348278046,-0.1754700480071214,0.1754700480071214,NA,NA,NA,NA,NA,NA,NA,NA,NA,NA,NA,NA,0,0,1,0,1,0,0,0,0,0,0,0,0,0,0,0,0,0,0,0,0,0,0,0,1,0,0,0,0,0,0,0,0,1,0,0,0,0,0,0,0,0,0,0,0,1,0,0,0,0,0,00-0005755,J.Garcia,4,00-0015811,T.Streets,4,NA,NA,NA,NA,NA,NA,NA,NA,NA,NA,NA,NA,NA,NA,NA,NA,NA,NA,NA,NA,NA,NA,NA,NA,NA,NA,NA,NA,NA,NA,NA,NA,NA,NA,NA,NA,NA,NA,NA,NA,NA,NA,NA,NA,NA,PHI,NA,00-0016082,NA,B.Taylor,NA,NA,NA,NA,NA,NA,NA,NA,NA,NA,NA,NA,NA,0,NA,NA,NA,NA,NA,NA,NA,NA,NA,NA,NA,NA,NA,NA,NA,NA,NA,NA,NA,NA,NA,NA,NA,NA,NA,NA,NA,NA,NA,NA,NA,0,NA,NA,NA,NA,0,NA,NA,0,0,0,0,NA,NA,2002,NA,NA,17,1,First down,1309,21:00:00,19:04:47,3COM Park,"Clear skies Temp: 64° F, Humidity: 28%, Wind: SE 8 mph",10160000-0182-69e4-1c08-4240bfea771a,0,0,PASS,0,NA,NA,PHI 9,8,Touchdown,NA,8,4:03,3,1,1,2,2,0,KICKOFF,TOUCHDOWN,10:19,06:16,SF 45,PHI 3,1194,1389,38,17,Home,-21,55,7,37.5,0,outdoors,grass,64,8,Steve Mariucci,Andy Reid,SFO00,3Com Park,0,1,J.Garcia,5,NA,NA,T.Streets,89,1,0,1,0,1,00-0005755,NA,00-0015811,J.Garcia,5,00-0005755,T.Streets,00-0015811,T.Streets,00-0015811,0,1,0.6188640281325206,NA,NA,NA,NA,NA,NA,NA,NA,NA,NA,NA,NA,NA,NA,NA,NA,NA,Andy Reid,Steve Mariucci,8:23,NA,NA,Other,NA,NA,NA,NA,NA,NA,NA,NA
1330,2002_12_PHI_SF,2002112500,SF,PHI,REG,12,SF,home,PHI,PHI,9,2002-11-25,464,464,2264,Half1,0,8,0,2,1,1,07:44,PHI 9,9,55,"(7:44) 20-G.Hearst right tackle to PHI 8 for 1 yard (20-B.Dawkins, 23-T.Vincent).",run,1,0,0,0,0,0,0,NA,NA,NA,NA,right,tackle,NA,NA,NA,NA,3,3,0,NA,NA,NA,NA,3,3,0,14,0,14,-14,0,14,-14,0.03339946269989014,0.012612657621502876,4.2022194247692823e-4,0.02249467372894287,0.3201250433921814,0.0013384359190240502,0.6096095442771912,0,0,5.034177679102868,-0.3547086550388485,-11.599256530884567,11.599256530884567,-4.588020509690978,4.588020509690978,-4.969405053516817,4.969405053516817,NA,NA,NA,NA,NA,NA,NA,NA,NA,NA,NA,NA,0.23689678311347961,0.7631032168865204,0.23689678311347961,0.7631032168865204,-0.01273435354232788,-0.017061501741409302,-0.017061501741409302,0.22416242957115173,0.7758375704288483,0.4222458600997925,0.4222458600997925,-0.15910814702510834,0.15910814702510834,-0.1754700480071214,0.1754700480071214,NA,NA,NA,NA,NA,NA,NA,NA,NA,NA,NA,NA,0,0,0,0,0,0,0,0,0,0,0,0,0,0,0,0,0,0,0,0,0,0,0,0,0,0,0,0,0,0,0,0,1,0,0,0,0,0,0,0,0,0,0,0,0,0,1,0,0,0,0,NA,NA,NA,NA,NA,NA,00-0007180,G.Hearst,1,NA,NA,NA,NA,NA,NA,NA,NA,NA,NA,NA,NA,NA,NA,NA,NA,NA,NA,NA,NA,NA,NA,NA,NA,NA,NA,NA,NA,NA,NA,NA,NA,NA,NA,NA,NA,NA,NA,NA,NA,NA,NA,NA,NA,NA,NA,NA,NA,00-0016924,T.Vincent,PHI,NA,NA,NA,NA,NA,NA,NA,NA,NA,1,00-0004073,B.Dawkins,PHI,NA,NA,NA,NA,NA,NA,NA,NA,NA,NA,NA,NA,NA,NA,NA,NA,NA,NA,NA,NA,NA,NA,NA,NA,NA,NA,NA,NA,0,NA,NA,NA,NA,0,NA,NA,0,0,0,0,NA,NA,2002,NA,NA,18,1,Touchdown,1330,21:00:00,19:05:27,3COM Park,"Clear skies Temp: 64° F, Humidity: 28%, Wind: SE 8 mph",10160000-0182-69e4-1c08-4240bfea771a,0,0,RUSH,0,NA,NA,PHI 8,8,Touchdown,NA,8,4:03,3,1,1,2,2,0,KICKOFF,TOUCHDOWN,10:19,06:16,SF 45,PHI 3,1194,1389,38,17,Home,-21,55,7,37.5,0,outdoors,grass,64,8,Steve Mariucci,Andy Reid,SFO00,3Com Park,0,0,NA,NA,G.Hearst,20,NA,NA,0,1,0,0,1,NA,00-0007180,NA,G.Hearst,20,00-0007180,G.Hearst,00-0007180,G.Hearst,00-0007180,0,1,-0.3547086550388485,NA,NA,NA,NA,NA,NA,NA,NA,NA,NA,NA,NA,NA,NA,NA,NA,NA,Andy Reid,Steve Mariucci,7:44,NA,NA,Other,NA,NA,NA,NA,NA,NA,NA,NA
1351,2002_12_PHI_SF,2002112500,SF,PHI,REG,12,SF,home,PHI,PHI,8,2002-11-25,425,425,2225,Half1,0,8,0,2,2,1,07:05,PHI 8,8,55,(7:05) 5-J.Garcia up the middle to PHI 3 for 5 yards (93-L.Kirkland).,run,5,0,0,0,0,0,1,NA,NA,NA,NA,middle,NA,NA,NA,NA,NA,3,3,0,NA,NA,NA,NA,3,3,0,14,0,14,-14,0,14,-14,0.038239236921072006,0.015279424376785755,4.010415868833661e-4,0.02162441425025463,0.39658382534980774,0.00147514627315104,0.5263969302177429,0,0,4.679469024064019,-0.13590626505902037,-11.735162795943587,11.735162795943587,-4.723926774749998,4.723926774749998,-4.969405053516817,4.969405053516817,NA,NA,NA,NA,NA,NA,NA,NA,NA,NA,NA,NA,0.22416242957115173,0.7758375704288483,0.22416242957115173,0.7758375704288483,0.007826536893844604,0.01640668511390686,0.01640668511390686,0.23198896646499634,0.7680110335350037,0.4051843583583832,0.4051843583583832,-0.15128161013126373,0.15128161013126373,-0.1754700480071214,0.1754700480071214,NA,NA,NA,NA,NA,NA,NA,NA,NA,NA,NA,NA,0,0,0,0,0,0,0,0,0,0,0,0,0,0,0,0,0,0,0,0,0,0,0,0,1,0,0,0,0,0,0,0,1,0,0,0,0,0,0,0,0,0,0,0,0,0,0,0,0,0,0,NA,NA,NA,NA,NA,NA,00-0005755,J.Garcia,5,NA,NA,NA,NA,NA,NA,NA,NA,NA,NA,NA,NA,NA,NA,NA,NA,NA,NA,NA,NA,NA,NA,NA,NA,NA,NA,NA,NA,NA,NA,NA,NA,NA,NA,NA,NA,NA,NA,NA,NA,NA,NA,PHI,NA,00-0009298,NA,L.Kirkland,NA,NA,NA,NA,NA,NA,NA,NA,NA,NA,NA,NA,NA,0,NA,NA,NA,NA,NA,NA,NA,NA,NA,NA,NA,NA,NA,NA,NA,NA,NA,NA,NA,NA,NA,NA,NA,NA,NA,NA,NA,NA,NA,NA,NA,0,NA,NA,NA,NA,0,NA,NA,0,0,0,0,NA,NA,2002,NA,NA,18,1,Touchdown,1351,21:00:00,19:06:06,3COM Park,"Clear skies Temp: 64° F, Humidity: 28%, Wind: SE 8 mph",10160000-0182-69e4-1c08-4240bfea771a,0,0,RUSH,0,NA,NA,PHI 3,8,Touchdown,NA,8,4:03,3,1,1,2,2,0,KICKOFF,TOUCHDOWN,10:19,06:16,SF 45,PHI 3,1194,1389,38,17,Home,-21,55,7,37.5,0,outdoors,grass,64,8,Steve Mariucci,Andy Reid,SFO00,3Com Park,0,0,NA,NA,J.Garcia,5,NA,NA,1,0,0,0,1,NA,00-0005755,NA,J.Garcia,5,00-0005755,J.Garcia,00-0005755,J.Garcia,00-0005755,0,1,-0.13590626505902037,NA,NA,NA,NA,NA,NA,NA,NA,NA,NA,NA,NA,NA,NA,NA,NA,NA,Andy Reid,Steve Mariucci,7:05,NA,NA,Other,NA,NA,NA,NA,NA,NA,NA,NA
1372,2002_12_PHI_SF,2002112500,SF,PHI,REG,12,SF,home,PHI,PHI,3,2002-11-25,380,380,2180,Half1,0,8,1,2,3,1,06:20,PHI 3,3,55,"(6:20) 5-J.Garcia pass to 81-T.Owens for 3 yards, TOUCHDOWN.",pass,3,0,0,1,0,0,0,NA,NA,NA,NA,NA,NA,NA,NA,NA,NA,3,3,0,NA,SF,T.Owens,00-0012478,3,3,6,14,0,14,-14,6,14,-8,0.04727160185575485,0.014818769879639149,3.9930743514560163e-4,0.020514754578471184,0.41900721192359924,0.002103782957419753,0.4958845376968384,0,0,4.543562759004999,2.456437240995001,-9.278725554948586,9.278725554948586,-4.723926774749998,4.723926774749998,-2.512967812521816,2.512967812521816,NA,NA,NA,NA,NA,NA,NA,NA,NA,NA,NA,NA,0.23198896646499634,0.7680110335350037,0.23198896646499634,0.7680110335350037,0.038704105875971284,-0.030849601116168857,-0.030849601116168857,0.2706930723409676,0.7293069276590324,0.42159104347229004,0.42159104347229004,-0.15128161013126373,0.15128161013126373,-0.13676594213115012,0.13676594213115012,NA,NA,NA,NA,NA,NA,NA,NA,NA,NA,NA,NA,0,0,1,0,1,0,0,0,0,0,0,0,0,0,0,0,0,0,0,0,0,0,0,0,0,0,0,0,0,0,0,0,0,1,0,1,1,0,0,0,0,0,0,0,0,1,0,0,0,0,0,00-0005755,J.Garcia,3,00-0012478,T.Owens,3,NA,NA,NA,NA,NA,NA,NA,NA,NA,NA,NA,NA,NA,NA,NA,NA,NA,NA,NA,NA,NA,NA,NA,NA,NA,NA,NA,NA,NA,NA,NA,NA,NA,NA,NA,NA,NA,NA,NA,NA,NA,NA,NA,NA,NA,NA,NA,NA,NA,NA,NA,NA,NA,NA,NA,NA,NA,NA,NA,NA,NA,NA,NA,0,NA,NA,NA,NA,NA,NA,NA,NA,NA,NA,NA,NA,NA,NA,NA,NA,NA,NA,NA,NA,NA,NA,NA,NA,NA,NA,NA,NA,NA,NA,NA,0,NA,NA,NA,NA,0,NA,NA,0,0,0,0,NA,NA,2002,NA,NA,18,1,Touchdown,1372,21:00:00,19:06:51,3COM Park,"Clear skies Temp: 64° F, Humidity: 28%, Wind: SE 8 mph",10160000-0182-69e4-1c08-4240bfea771a,0,0,PASS,0,NA,06:16,NA,8,Touchdown,NA,8,4:03,3,1,1,2,2,0,KICKOFF,TOUCHDOWN,10:19,06:16,SF 45,PHI 3,1194,1389,38,17,Home,-21,55,7,37.5,0,outdoors,grass,64,8,Steve Mariucci,Andy Reid,SFO00,3Com Park,0,1,J.Garcia,5,NA,NA,T.Owens,81,1,0,1,0,1,00-0005755,NA,00-0012478,J.Garcia,5,00-0005755,T.Owens,00-0012478,T.Owens,00-0012478,0,1,2.456437240995001,NA,NA,NA,NA,NA,NA,NA,NA,NA,NA,NA,NA,NA,NA,NA,NA,NA,Andy Reid,Steve Mariucci,6:20,NA,NA,Other,NA,NA,NA,NA,NA,NA,NA,NA
1389,2002_12_PHI_SF,2002112500,SF,PHI,REG,12,SF,home,PHI,PHI,2,2002-11-25,376,376,2176,Half1,0,8,1,2,NA,0,06:16,PHI 2,0,55,"3-J.Chandler extra point is GOOD, Center-86-B.Jennings, Holder-7-J.Baker.",extra_point,0,0,0,0,0,0,0,NA,NA,NA,NA,NA,NA,NA,20,good,NA,3,3,0,NA,NA,NA,NA,3,3,7,14,6,14,-8,7,14,-7,0,0,0,0,0,0,0,0.9862267078059223,0,0.9862267078059223,0.013773292194077746,-9.264952262754509,9.264952262754509,-4.723926774749998,4.723926774749998,-2.512967812521816,2.512967812521816,NA,NA,NA,NA,NA,NA,NA,NA,NA,NA,NA,NA,0.2706930723409676,0.7293069276590324,0.2706930723409676,0.7293069276590324,0.013744584061620269,0.013157094802844882,0.013157094802844882,0.2844376564025879,0.7155623435974121,0.3907414423561212,0.3907414423561212,-0.15128161013126373,0.15128161013126373,-0.13676594213115012,0.13676594213115012,NA,NA,NA,NA,NA,NA,NA,NA,NA,NA,NA,NA,0,0,0,0,0,0,0,0,0,0,0,0,0,0,0,0,0,0,0,0,0,0,0,0,0,0,0,0,0,0,0,0,0,0,0,0,0,0,0,1,0,0,0,0,0,0,0,0,0,0,0,NA,NA,NA,NA,NA,NA,NA,NA,NA,NA,NA,NA,NA,NA,NA,NA,NA,NA,NA,NA,NA,NA,NA,NA,NA,NA,NA,NA,NA,NA,NA,J.Chandler,00-0021226,NA,NA,NA,NA,NA,NA,NA,NA,NA,NA,NA,NA,NA,NA,NA,NA,NA,NA,NA,NA,NA,NA,NA,NA,NA,NA,NA,NA,NA,NA,NA,NA,NA,NA,NA,NA,0,NA,NA,NA,NA,NA,NA,NA,NA,NA,NA,NA,NA,NA,NA,NA,NA,NA,NA,NA,NA,NA,NA,NA,NA,NA,NA,NA,NA,NA,NA,NA,0,NA,NA,NA,NA,0,NA,NA,0,0,0,0,NA,NA,2002,NA,NA,18,1,Touchdown,1389,21:00:00,19:07:35,3COM Park,"Clear skies Temp: 64° F, Humidity: 28%, Wind: SE 8 mph",10160000-0182-69e4-1c08-4240bfea771a,0,0,XP_KICK,1,NA,NA,NA,8,Touchdown,NA,8,4:03,3,1,1,2,2,0,KICKOFF,TOUCHDOWN,10:19,06:16,SF 45,PHI 3,1194,1389,38,17,Home,-21,55,7,37.5,0,outdoors,grass,64,8,Steve Mariucci,Andy Reid,SFO00,3Com Park,0,1,NA,NA,NA,NA,NA,NA,0,0,0,1,0,NA,NA,NA,NA,NA,NA,NA,NA,NA,NA,0,1,0.013773292194077746,NA,NA,NA,NA,NA,NA,NA,NA,NA,NA,NA,NA,NA,NA,NA,NA,NA,Andy Reid,Steve Mariucci,6:16,NA,NA,Other,NA,NA,NA,NA,NA,NA,NA,NA
1405,2002_12_PHI_SF,2002112500,SF,PHI,REG,12,PHI,away,SF,SF,30,2002-11-25,376,376,2176,Half1,0,9,0,2,NA,0,06:16,SF 30,0,1,"3-J.Chandler kicks 70 yards from SF 30 to end zone, Touchback.",kickoff,0,0,0,0,0,0,0,NA,NA,NA,NA,NA,NA,NA,70,NA,NA,3,3,0,NA,NA,NA,NA,3,3,7,14,14,7,7,14,7,7,0.2892523407936096,0.1356877088546753,0.0032797858584672213,0.1938253939151764,0.13101430237293243,0.0022542832884937525,0.24468620121479034,0,0,0.33995442651212215,-0,-9.264952262754509,9.264952262754509,-4.723926774749998,4.723926774749998,-2.512967812521816,2.512967812521816,NA,NA,NA,NA,NA,NA,NA,NA,NA,NA,NA,NA,0.7155623435974121,0.2844376564025879,0.2844376564025879,0.7155623435974121,-0,-0,0,0.2844376564025879,0.7155623435974121,0.5961014628410339,0.40389853715896606,-0.15128161013126373,0.15128161013126373,-0.13676594213115012,0.13676594213115012,NA,NA,NA,NA,NA,NA,NA,NA,NA,NA,NA,NA,0,0,0,0,0,0,0,0,0,1,0,0,0,0,0,0,0,0,0,0,0,0,0,0,0,0,0,0,0,0,0,0,0,0,0,0,0,0,0,0,0,0,1,0,0,0,0,0,0,0,0,NA,NA,NA,NA,NA,NA,NA,NA,NA,NA,NA,NA,NA,NA,NA,NA,NA,NA,NA,NA,NA,NA,NA,NA,NA,NA,NA,NA,NA,NA,NA,J.Chandler,00-0021226,NA,NA,NA,NA,NA,NA,NA,NA,NA,NA,NA,NA,NA,NA,NA,NA,NA,NA,NA,NA,NA,NA,NA,NA,NA,NA,NA,NA,NA,NA,NA,NA,NA,NA,NA,NA,0,NA,NA,NA,NA,NA,NA,NA,NA,NA,NA,NA,NA,NA,NA,NA,NA,NA,NA,NA,NA,NA,NA,NA,NA,NA,NA,NA,NA,NA,NA,PHI,0,NA,NA,NA,NA,0,NA,NA,0,0,0,0,NA,NA,2002,NA,NA,19,0,Punt,1405,21:00:00,19:09:56,3COM Park,"Clear skies Temp: 64° F, Humidity: 28%, Wind: SE 8 mph",10160000-0182-69e4-1c08-4240bfea771a,0,0,KICK_OFF,1,NA,NA,PHI 25,9,Punt,NA,3,1:03,0,0,0,2,2,0,KICKOFF,PUNT,06:16,05:13,PHI 20,PHI 21,1405,1476,38,17,Home,-21,55,7,37.5,0,outdoors,grass,64,8,Steve Mariucci,Andy Reid,SFO00,3Com Park,0,0,NA,NA,NA,NA,NA,NA,0,0,0,1,0,NA,NA,NA,NA,NA,NA,NA,NA,NA,NA,0,1,-0,NA,NA,NA,NA,NA,NA,NA,NA,NA,NA,NA,NA,NA,NA,NA,NA,NA,Andy Reid,Steve Mariucci,6:16,NA,NA,Other,NA,NA,NA,NA,NA,NA,NA,NA
1419,2002_12_PHI_SF,2002112500,SF,PHI,REG,12,PHI,away,SF,PHI,80,2002-11-25,376,376,2176,Half1,0,9,0,2,1,0,06:16,PHI 20,10,1,(6:16) 10-K.Detmer pass incomplete to 86-A.Freeman.,pass,0,0,0,1,0,0,0,NA,NA,NA,NA,NA,NA,NA,NA,NA,NA,3,3,0,NA,NA,NA,NA,3,3,7,14,14,7,7,14,7,7,0.2892523407936096,0.1356877088546753,0.0032797858584672213,0.1938253939151764,0.13101430237293243,0.0022542832884937525,0.24468620121479034,0,0,0.33995442651212215,-0.48015934927389026,-8.784792913480619,8.784792913480619,-4.723926774749998,4.723926774749998,-2.0328084632479255,2.0328084632479255,NA,NA,NA,NA,NA,NA,NA,NA,NA,NA,NA,NA,0.7155623435974121,0.2844376564025879,0.2844376564025879,0.7155623435974121,-0.00864344835281372,-0.014892399311065674,0.014892399311065674,0.2930811047554016,0.7069188952445984,0.5961014628410339,0.40389853715896606,-0.15128161013126373,0.15128161013126373,-0.1281224937783364,0.1281224937783364,NA,NA,NA,NA,NA,NA,NA,NA,NA,NA,NA,NA,0,0,0,0,0,0,0,0,1,0,0,0,0,0,0,0,0,0,0,0,0,0,0,0,0,0,0,0,0,0,0,0,0,1,0,0,0,0,0,0,0,0,0,0,0,0,0,0,0,0,0,00-0004229,K.Detmer,NA,00-0005562,A.Freeman,NA,NA,NA,NA,NA,NA,NA,NA,NA,NA,NA,NA,NA,NA,NA,NA,NA,NA,NA,NA,NA,NA,NA,NA,NA,NA,NA,NA,NA,NA,NA,NA,NA,NA,NA,NA,NA,NA,NA,NA,NA,NA,NA,NA,NA,NA,NA,NA,NA,NA,NA,NA,NA,NA,NA,NA,NA,NA,NA,NA,NA,NA,NA,NA,0,NA,NA,NA,NA,NA,NA,NA,NA,NA,NA,NA,NA,NA,NA,NA,NA,NA,NA,NA,NA,NA,NA,NA,NA,NA,NA,NA,NA,NA,NA,NA,0,NA,NA,NA,NA,0,NA,NA,0,0,0,0,NA,NA,2002,NA,NA,19,0,Punt,1419,21:00:00,19:10:41,3COM Park,"Clear skies Temp: 64° F, Humidity: 28%, Wind: SE 8 mph",10160000-0182-69e4-1c08-4240bfea771a,0,0,PASS,0,NA,NA,PHI 20,9,Punt,NA,3,1:03,0,0,0,2,2,0,KICKOFF,PUNT,06:16,05:13,PHI 20,PHI 21,1405,1476,38,17,Home,-21,55,7,37.5,0,outdoors,grass,64,8,Steve Mariucci,Andy Reid,SFO00,3Com Park,0,0,K.Detmer,10,NA,NA,A.Freeman,86,1,0,0,0,1,00-0004229,NA,00-0005562,K.Detmer,10,00-0004229,A.Freeman,00-0005562,A.Freeman,00-0005562,0,1,-0.48015934927389026,NA,NA,NA,NA,NA,NA,NA,NA,NA,NA,NA,NA,NA,NA,NA,NA,NA,Andy Reid,Steve Mariucci,6:16,NA,NA,Other,NA,NA,NA,NA,NA,NA,NA,NA
1437,2002_12_PHI_SF,2002112500,SF,PHI,REG,12,PHI,away,SF,PHI,80,2002-11-25,371,371,2171,Half1,0,9,0,2,2,0,06:11,PHI 20,10,1,(6:11) 25-D.Levens up the middle to PHI 21 for 1 yard (96-A.Carter).,run,1,0,0,0,0,0,0,NA,NA,NA,NA,middle,NA,NA,NA,NA,NA,3,3,0,NA,NA,NA,NA,3,3,7,14,14,7,7,14,7,7,0.28689122200012207,0.1518431454896927,0.003613361855968833,0.221104696393013,0.11860545724630356,0.002225455828011036,0.21571668982505798,0,0,-0.1402049227617681,-0.5908124558627605,-8.193980457617858,8.193980457617858,-4.1331143188872375,4.1331143188872375,-2.0328084632479255,2.0328084632479255,NA,NA,NA,NA,NA,NA,NA,NA,NA,NA,NA,NA,0.7069188952445984,0.2930811047554016,0.2930811047554016,0.7069188952445984,-0.014352798461914062,-0.00566476583480835,0.00566476583480835,0.3074339032173157,0.6925660967826843,0.5812090635299683,0.41879093647003174,-0.13692881166934967,0.13692881166934967,-0.1281224937783364,0.1281224937783364,NA,NA,NA,NA,NA,NA,NA,NA,NA,NA,NA,NA,0,0,0,0,0,0,0,0,0,0,0,0,0,0,0,0,0,0,0,0,0,0,0,0,1,0,0,0,0,0,0,0,1,0,0,0,0,0,0,0,0,0,0,0,0,0,0,0,0,0,0,NA,NA,NA,NA,NA,NA,00-0009829,D.Levens,1,NA,NA,NA,NA,NA,NA,NA,NA,NA,NA,NA,NA,NA,NA,NA,NA,NA,NA,NA,NA,NA,NA,NA,NA,NA,NA,NA,NA,NA,NA,NA,NA,NA,NA,NA,NA,NA,NA,NA,NA,NA,NA,SF,NA,00-0020489,NA,A.Carter,NA,NA,NA,NA,NA,NA,NA,NA,NA,NA,NA,NA,NA,0,NA,NA,NA,NA,NA,NA,NA,NA,NA,NA,NA,NA,NA,NA,NA,NA,NA,NA,NA,NA,NA,NA,NA,NA,NA,NA,NA,NA,NA,NA,NA,0,NA,NA,NA,NA,0,NA,NA,0,0,0,0,NA,NA,2002,NA,NA,19,0,Punt,1437,21:00:00,19:11:18,3COM Park,"Clear skies Temp: 64° F, Humidity: 28%, Wind: SE 8 mph",10160000-0182-69e4-1c08-4240bfea771a,0,0,RUSH,0,NA,NA,PHI 21,9,Punt,NA,3,1:03,0,0,0,2,2,0,KICKOFF,PUNT,06:16,05:13,PHI 20,PHI 21,1405,1476,38,17,Home,-21,55,7,37.5,0,outdoors,grass,64,8,Steve Mariucci,Andy Reid,SFO00,3Com Park,0,0,NA,NA,D.Levens,25,NA,NA,0,1,0,0,1,NA,00-0009829,NA,D.Levens,25,00-0009829,D.Levens,00-0009829,D.Levens,00-0009829,0,1,-0.5908124558627605,NA,NA,NA,NA,NA,NA,NA,NA,NA,NA,NA,NA,NA,NA,NA,NA,NA,Andy Reid,Steve Mariucci,6:11,NA,NA,Other,NA,NA,NA,NA,NA,NA,NA,NA
1458,2002_12_PHI_SF,2002112500,SF,PHI,REG,12,PHI,away,SF,PHI,79,2002-11-25,332,332,2132,Half1,0,9,0,2,3,0,05:32,PHI 21,9,1,(5:32) 10-K.Detmer pass incomplete to 86-A.Freeman.,pass,0,0,0,1,0,0,0,NA,NA,NA,NA,NA,NA,NA,NA,NA,NA,3,3,0,NA,NA,NA,NA,3,3,7,14,14,7,7,14,7,7,0.30787527561187744,0.15856759250164032,0.0026001178193837404,0.25151461362838745,0.10867944359779358,0.0021781777031719685,0.16858474910259247,0,0,-0.7310173786245286,-0.8838731460273266,-7.3101073115905315,7.3101073115905315,-4.1331143188872375,4.1331143188872375,-1.148935317220599,1.148935317220599,NA,NA,NA,NA,NA,NA,NA,NA,NA,NA,NA,NA,0.6925660967826843,0.3074339032173157,0.3074339032173157,0.6925660967826843,-0.03109574317932129,-0.031443774700164795,0.031443774700164795,0.33852964639663696,0.661470353603363,0.5755442976951599,0.4244557023048401,-0.13692881166934967,0.13692881166934967,-0.09702675059901511,0.09702675059901511,NA,NA,NA,NA,NA,NA,NA,NA,NA,NA,NA,NA,0,0,0,0,0,1,0,0,1,0,0,0,0,0,0,0,0,0,0,0,0,0,0,0,0,0,0,0,0,0,0,0,0,1,0,0,0,0,0,0,0,0,0,0,0,0,0,0,0,0,0,00-0004229,K.Detmer,NA,00-0005562,A.Freeman,NA,NA,NA,NA,NA,NA,NA,NA,NA,NA,NA,NA,NA,NA,NA,NA,NA,NA,NA,NA,NA,NA,NA,NA,NA,NA,NA,NA,NA,NA,NA,NA,NA,NA,NA,NA,NA,NA,NA,NA,NA,NA,NA,NA,NA,NA,NA,NA,NA,NA,NA,NA,NA,NA,NA,NA,NA,NA,NA,NA,NA,NA,NA,NA,0,NA,NA,NA,NA,NA,NA,NA,NA,NA,NA,NA,NA,NA,NA,NA,NA,NA,NA,NA,NA,NA,NA,NA,NA,NA,NA,NA,NA,NA,NA,NA,0,NA,NA,NA,NA,0,NA,NA,0,0,0,0,NA,NA,2002,NA,NA,19,0,Punt,1458,21:00:00,19:11:58,3COM Park,"Clear skies Temp: 64° F, Humidity: 28%, Wind: SE 8 mph",10160000-0182-69e4-1c08-4240bfea771a,0,0,PASS,0,NA,NA,PHI 21,9,Punt,NA,3,1:03,0,0,0,2,2,0,KICKOFF,PUNT,06:16,05:13,PHI 20,PHI 21,1405,1476,38,17,Home,-21,55,7,37.5,0,outdoors,grass,64,8,Steve Mariucci,Andy Reid,SFO00,3Com Park,0,0,K.Detmer,10,NA,NA,A.Freeman,86,1,0,0,0,1,00-0004229,NA,00-0005562,K.Detmer,10,00-0004229,A.Freeman,00-0005562,A.Freeman,00-0005562,0,1,-0.8838731460273266,NA,NA,NA,NA,NA,NA,NA,NA,NA,NA,NA,NA,NA,NA,NA,NA,NA,Andy Reid,Steve Mariucci,5:32,NA,NA,Other,NA,NA,NA,NA,NA,NA,NA,NA
1476,2002_12_PHI_SF,2002112500,SF,PHI,REG,12,PHI,away,SF,PHI,79,2002-11-25,327,327,2127,Half1,0,9,0,2,4,0,05:27,PHI 21,9,1,"(5:27) 7-S.Landeta punts 46 yards to SF 33, Center-88-M.Bartrum. 23-J.Williams to SF 37 for 4 yards (32-M.Lewis, 83-J.Thomason). PENALTY on SF, Illegal Block Above the Waist, 10 yards, enforced at SF 37.",punt,0,0,0,0,0,0,0,NA,NA,NA,NA,NA,NA,NA,46,NA,NA,3,3,0,NA,NA,NA,NA,3,3,7,14,14,7,7,14,7,7,0.31072941422462463,0.19719873368740082,0.003459821455180645,0.2942444980144501,0.0766245573759079,0.0021475350949913263,0.11559543758630753,0,0,-1.6148905246518552,0.7493539790157229,-8.059461290606254,8.059461290606254,-4.1331143188872375,4.1331143188872375,-1.148935317220599,1.148935317220599,NA,NA,NA,NA,NA,NA,NA,NA,NA,NA,NA,NA,0.661470353603363,0.33852964639663696,0.33852964639663696,0.661470353603363,0.03743743896484375,-0.008574694395065308,0.008574694395065308,0.3010922074317932,0.6989077925682068,0.5441005229949951,0.4558994770050049,-0.13692881166934967,0.13692881166934967,-0.09702675059901511,0.09702675059901511,NA,NA,NA,NA,NA,NA,NA,NA,NA,NA,NA,NA,0,0,0,0,0,0,0,0,0,0,0,0,0,0,0,0,0,0,0,0,0,0,0,0,0,0,1,0,0,0,0,0,0,0,0,0,0,0,0,0,0,0,0,1,0,0,1,0,0,0,0,NA,NA,NA,NA,NA,NA,NA,NA,NA,NA,NA,NA,NA,NA,NA,NA,NA,NA,NA,NA,NA,00-0020327,J.Williams,NA,NA,NA,NA,NA,NA,00-0009584,S.Landeta,NA,NA,NA,NA,NA,NA,NA,NA,NA,NA,NA,NA,NA,NA,NA,NA,NA,NA,NA,NA,NA,NA,NA,NA,NA,NA,00-0016347,J.Thomason,PHI,NA,NA,NA,NA,NA,NA,NA,NA,NA,1,00-0021185,M.Lewis,PHI,NA,NA,NA,NA,NA,NA,NA,NA,NA,NA,NA,NA,NA,NA,NA,NA,NA,NA,NA,NA,NA,NA,NA,NA,NA,NA,NA,SF,4,SF,NA,NA,10,0,NA,Illegal Block Above the Waist,0,0,0,0,NA,NA,2002,NA,NA,19,0,Punt,1476,21:00:00,19:12:38,3COM Park,"Clear skies Temp: 64° F, Humidity: 28%, Wind: SE 8 mph",10160000-0182-69e4-1c08-4240bfea771a,0,0,PUNT,1,NA,05:13,SF 27,9,Punt,NA,3,1:03,0,0,0,2,2,0,KICKOFF,PUNT,06:16,05:13,PHI 20,PHI 21,1405,1476,38,17,Home,-21,55,7,37.5,0,outdoors,grass,64,8,Steve Mariucci,Andy Reid,SFO00,3Com Park,0,1,NA,NA,NA,NA,NA,NA,0,0,0,1,0,NA,NA,NA,NA,NA,NA,NA,NA,NA,NA,0,1,0.7493539790157229,NA,NA,NA,NA,NA,NA,NA,-9.287416707121466,0.22917061989573995,0.9558170977969686,0.5777116496818794,0.8691664413506738,0,0.9544115643948317,0.9822639067424461,0.9544115643948317,0.9620406084218884,Andy Reid,Steve Mariucci,5:27,0,0,Other (Penalty),87,23,96,58,96,95,98,95
1512,2002_12_PHI_SF,2002112500,SF,PHI,REG,12,SF,home,PHI,SF,73,2002-11-25,313,313,2113,Half1,0,10,0,2,1,0,05:13,SF 27,10,16,(5:13) 5-J.Garcia pass to 81-T.Owens pushed ob at SF 46 for 19 yards (93-L.Kirkland). Caught at SF 30.,pass,19,0,0,1,0,0,0,NA,NA,NA,NA,NA,NA,NA,NA,NA,NA,3,3,0,NA,NA,NA,NA,3,3,7,14,7,14,-7,7,14,-7,0.32245421409606934,0.10385972261428833,0.001401533023454249,0.15616998076438904,0.15621422231197357,0.002967267530038953,0.2569330632686615,0,0,0.8655365456361324,1.2451041988097131,-6.814357091796541,6.814357091796541,-4.1331143188872375,4.1331143188872375,0.09616888158911419,-0.09616888158911419,NA,NA,NA,NA,NA,NA,NA,NA,NA,NA,NA,NA,0.3010922074317932,0.6989077925682068,0.3010922074317932,0.6989077925682068,0.04605144262313843,0.041539281606674194,0.041539281606674194,0.34714365005493164,0.6528563499450684,0.4644741714000702,0.4644741714000702,-0.13692881166934967,0.13692881166934967,-0.05097530797587668,0.05097530797587668,NA,NA,NA,NA,NA,NA,NA,NA,NA,NA,NA,NA,0,0,1,0,0,0,0,0,0,0,0,0,0,0,0,0,0,0,0,0,0,0,0,0,1,0,0,0,0,0,0,0,0,1,0,0,0,0,0,0,0,0,0,0,0,1,0,0,0,0,0,00-0005755,J.Garcia,19,00-0012478,T.Owens,19,NA,NA,NA,NA,NA,NA,NA,NA,NA,NA,NA,NA,NA,NA,NA,NA,NA,NA,NA,NA,NA,NA,NA,NA,NA,NA,NA,NA,NA,NA,NA,NA,NA,NA,NA,NA,NA,NA,NA,NA,NA,NA,NA,NA,NA,PHI,NA,00-0009298,NA,L.Kirkland,NA,NA,NA,NA,NA,NA,NA,NA,NA,NA,NA,NA,NA,0,NA,NA,NA,NA,NA,NA,NA,NA,NA,NA,NA,NA,NA,NA,NA,NA,NA,NA,NA,NA,NA,NA,NA,NA,NA,NA,NA,NA,NA,NA,NA,0,NA,NA,NA,NA,0,NA,NA,0,0,0,0,NA,NA,2002,NA,NA,20,1,First down,1512,21:00:00,19:13:51,3COM Park,"Clear skies Temp: 64° F, Humidity: 28%, Wind: SE 8 mph",10160000-0182-69e4-1c08-4240bfea771a,0,0,PASS,0,NA,NA,SF 46,10,Punt,NA,4,1:31,1,0,0,2,2,0,PUNT,PUNT,05:13,03:42,SF 27,SF 43,1512,1594,38,17,Home,-21,55,7,37.5,0,outdoors,grass,64,8,Steve Mariucci,Andy Reid,SFO00,3Com Park,0,1,J.Garcia,5,NA,NA,T.Owens,81,1,0,1,0,1,00-0005755,NA,00-0012478,J.Garcia,5,00-0005755,T.Owens,00-0012478,T.Owens,00-0012478,1,1,1.2451041988097131,NA,NA,NA,NA,NA,NA,NA,NA,NA,NA,NA,NA,NA,NA,NA,NA,NA,Andy Reid,Steve Mariucci,5:13,NA,NA,Other,NA,NA,NA,NA,NA,NA,NA,NA
1537,2002_12_PHI_SF,2002112500,SF,PHI,REG,12,SF,home,PHI,SF,54,2002-11-25,288,288,2088,Half1,0,10,0,2,1,0,04:48,SF 46,10,16,(4:48) 5-J.Garcia pass incomplete to 40-F.Beasley (20-B.Dawkins).,pass,0,0,0,1,0,0,0,NA,NA,NA,NA,NA,NA,NA,NA,NA,NA,3,3,0,NA,NA,NA,NA,3,3,7,14,7,14,-7,7,14,-7,0.29908066987991333,0.0627429187297821,5.571275250986218e-4,0.09680875390768051,0.19723384082317352,0.0038187247700989246,0.3397580087184906,0,0,2.1106407444458455,-0.47916496987454593,-7.293522061671087,7.293522061671087,-4.1331143188872375,4.1331143188872375,-0.38299608828543175,0.38299608828543175,NA,NA,NA,NA,NA,NA,NA,NA,NA,NA,NA,NA,0.34714365005493164,0.6528563499450684,0.34714365005493164,0.6528563499450684,-0.017485499382019043,-0.02394235134124756,-0.02394235134124756,0.3296581506729126,0.6703418493270874,0.5060134530067444,0.5060134530067444,-0.13692881166934967,0.13692881166934967,-0.06846080735789573,0.06846080735789573,NA,NA,NA,NA,NA,NA,NA,NA,NA,NA,NA,NA,0,0,0,0,0,0,0,0,1,0,0,0,0,0,0,0,0,0,0,0,0,0,0,0,0,0,0,0,0,0,0,0,0,1,0,0,0,0,0,0,0,0,0,0,0,0,0,0,0,0,0,00-0005755,J.Garcia,NA,00-0000942,F.Beasley,NA,NA,NA,NA,NA,NA,NA,NA,NA,NA,NA,NA,NA,NA,NA,NA,NA,NA,NA,NA,NA,NA,NA,NA,NA,NA,NA,NA,NA,NA,NA,NA,NA,NA,NA,NA,NA,NA,NA,NA,NA,NA,NA,NA,NA,NA,NA,NA,NA,NA,NA,NA,NA,NA,NA,NA,NA,NA,NA,NA,NA,NA,NA,NA,0,NA,NA,NA,NA,NA,NA,00-0004073,B.Dawkins,NA,NA,NA,NA,NA,NA,NA,NA,NA,NA,NA,NA,NA,NA,NA,NA,NA,NA,NA,NA,NA,NA,NA,0,NA,NA,NA,NA,0,NA,NA,0,0,0,0,NA,NA,2002,NA,NA,21,0,Punt,1537,21:00:00,19:14:31,3COM Park,"Clear skies Temp: 64° F, Humidity: 28%, Wind: SE 8 mph",10160000-0182-69e4-1c08-4240bfea771a,0,0,PASS,0,NA,NA,SF 46,10,Punt,NA,4,1:31,1,0,0,2,2,0,PUNT,PUNT,05:13,03:42,SF 27,SF 43,1512,1594,38,17,Home,-21,55,7,37.5,0,outdoors,grass,64,8,Steve Mariucci,Andy Reid,SFO00,3Com Park,0,0,J.Garcia,5,NA,NA,F.Beasley,40,1,0,0,0,1,00-0005755,NA,00-0000942,J.Garcia,5,00-0005755,F.Beasley,00-0000942,F.Beasley,00-0000942,0,1,-0.47916496987454593,NA,NA,NA,NA,NA,NA,NA,NA,NA,NA,NA,NA,NA,NA,NA,NA,NA,Andy Reid,Steve Mariucci,4:48,NA,NA,Other,NA,NA,NA,NA,NA,NA,NA,NA
1555,2002_12_PHI_SF,2002112500,SF,PHI,REG,12,SF,home,PHI,SF,54,2002-11-25,281,281,2081,Half1,0,10,0,2,2,0,04:41,SF 46,10,16,(4:41) 32-K.Barlow left guard to SF 43 for -3 yards (96-P.Grasmanis).,run,-3,0,0,0,0,0,0,NA,NA,NA,NA,left,guard,NA,NA,NA,NA,3,3,0,NA,NA,NA,NA,3,3,7,14,7,14,-7,7,14,-7,0.314187616109848,0.06996103376150131,5.594873800873756e-4,0.12183742225170135,0.18444959819316864,0.004208531230688095,0.3047962784767151,0,0,1.6314757745712996,-1.1131740517448634,-8.40669611341595,8.40669611341595,-5.246288370632101,5.246288370632101,-0.38299608828543175,0.38299608828543175,NA,NA,NA,NA,NA,NA,NA,NA,NA,NA,NA,NA,0.3296581506729126,0.6703418493270874,0.3296581506729126,0.6703418493270874,-0.030667245388031006,-0.017706185579299927,-0.017706185579299927,0.2989909052848816,0.7010090947151184,0.4820711016654968,0.4820711016654968,-0.16759605705738068,0.16759605705738068,-0.06846080735789573,0.06846080735789573,NA,NA,NA,NA,NA,NA,NA,NA,NA,NA,NA,NA,0,0,0,0,0,0,0,0,0,0,0,0,0,0,0,0,0,0,0,0,0,0,0,0,1,0,0,1,0,0,0,0,1,0,0,0,0,0,0,0,0,0,0,0,0,0,0,0,0,0,0,NA,NA,NA,NA,NA,NA,00-0020474,K.Barlow,-3,NA,NA,NA,NA,NA,NA,NA,NA,NA,NA,NA,NA,NA,NA,NA,NA,NA,NA,NA,NA,NA,NA,NA,NA,NA,NA,NA,NA,00-0006251,P.Grasmanis,NA,NA,NA,NA,NA,NA,NA,NA,NA,NA,NA,NA,PHI,NA,00-0006251,NA,P.Grasmanis,NA,NA,NA,NA,NA,NA,NA,NA,NA,NA,NA,NA,NA,0,NA,NA,NA,NA,NA,NA,NA,NA,NA,NA,NA,NA,NA,NA,NA,NA,NA,NA,NA,NA,NA,NA,NA,NA,NA,NA,NA,NA,NA,NA,NA,0,NA,NA,NA,NA,0,NA,NA,0,0,0,0,NA,NA,2002,NA,NA,21,0,Punt,1555,21:00:00,19:15:17,3COM Park,"Clear skies Temp: 64° F, Humidity: 28%, Wind: SE 8 mph",10160000-0182-69e4-1c08-4240bfea771a,0,0,RUSH,0,NA,NA,SF 43,10,Punt,NA,4,1:31,1,0,0,2,2,0,PUNT,PUNT,05:13,03:42,SF 27,SF 43,1512,1594,38,17,Home,-21,55,7,37.5,0,outdoors,grass,64,8,Steve Mariucci,Andy Reid,SFO00,3Com Park,0,0,NA,NA,K.Barlow,32,NA,NA,0,1,0,0,1,NA,00-0020474,NA,K.Barlow,32,00-0020474,K.Barlow,00-0020474,K.Barlow,00-0020474,0,1,-1.1131740517448634,NA,NA,NA,NA,NA,NA,NA,NA,NA,NA,NA,NA,NA,NA,NA,NA,NA,Andy Reid,Steve Mariucci,4:41,NA,NA,Other,NA,NA,NA,NA,NA,NA,NA,NA
1576,2002_12_PHI_SF,2002112500,SF,PHI,REG,12,SF,home,PHI,SF,57,2002-11-25,239,239,2039,Half1,0,10,0,2,3,0,03:59,SF 43,13,16,(3:59) (Shotgun) 5-J.Garcia pass incomplete to 89-T.Streets (39-S.Brown).,pass,0,1,0,1,0,0,0,NA,NA,NA,NA,NA,NA,NA,NA,NA,NA,3,3,0,NA,NA,NA,NA,3,3,7,14,7,14,-7,7,14,-7,0.39403706789016724,0.08543067425489426,8.795530302450061e-4,0.16091223061084747,0.14539825916290283,0.00537034822627902,0.20797185599803925,0,0,0.5183017228264362,-0.9966894292738289,-9.40338554268978,9.40338554268978,-5.246288370632101,5.246288370632101,-1.3796855175592606,1.3796855175592606,NA,NA,NA,NA,NA,NA,NA,NA,NA,NA,NA,NA,0.2989909052848816,0.7010090947151184,0.2989909052848816,0.7010090947151184,-0.03292667865753174,-0.037174344062805176,-0.037174344062805176,0.26606422662734985,0.7339357733726501,0.4643649160861969,0.4643649160861969,-0.16759605705738068,0.16759605705738068,-0.10138748601542746,0.10138748601542746,NA,NA,NA,NA,NA,NA,NA,NA,NA,NA,NA,NA,0,0,0,0,0,1,0,0,1,0,0,0,0,0,0,0,0,0,0,0,0,0,0,0,0,0,0,0,0,0,0,0,0,1,0,0,0,0,0,0,0,0,0,0,0,0,0,0,0,0,0,00-0005755,J.Garcia,NA,00-0015811,T.Streets,NA,NA,NA,NA,NA,NA,NA,NA,NA,NA,NA,NA,NA,NA,NA,NA,NA,NA,NA,NA,NA,NA,NA,NA,NA,NA,NA,NA,NA,NA,NA,NA,NA,NA,NA,NA,NA,NA,NA,NA,NA,NA,NA,NA,NA,NA,NA,NA,NA,NA,NA,NA,NA,NA,NA,NA,NA,NA,NA,NA,NA,NA,NA,NA,0,NA,NA,NA,NA,NA,NA,00-0021186,S.Brown,NA,NA,NA,NA,NA,NA,NA,NA,NA,NA,NA,NA,NA,NA,NA,NA,NA,NA,NA,NA,NA,NA,NA,0,NA,NA,NA,NA,0,NA,NA,0,0,0,0,NA,NA,2002,NA,NA,21,0,Punt,1576,21:00:00,19:16:00,3COM Park,"Clear skies Temp: 64° F, Humidity: 28%, Wind: SE 8 mph",10160000-0182-69e4-1c08-4240bfea771a,0,0,PASS,0,NA,NA,SF 43,10,Punt,NA,4,1:31,1,0,0,2,2,0,PUNT,PUNT,05:13,03:42,SF 27,SF 43,1512,1594,38,17,Home,-21,55,7,37.5,0,outdoors,grass,64,8,Steve Mariucci,Andy Reid,SFO00,3Com Park,0,0,J.Garcia,5,NA,NA,T.Streets,89,1,0,0,0,1,00-0005755,NA,00-0015811,J.Garcia,5,00-0005755,T.Streets,00-0015811,T.Streets,00-0015811,0,1,-0.9966894292738289,NA,NA,NA,NA,NA,NA,NA,NA,NA,NA,NA,NA,NA,NA,NA,NA,NA,Andy Reid,Steve Mariucci,3:59,NA,NA,Other,NA,NA,NA,NA,NA,NA,NA,NA
1594,2002_12_PHI_SF,2002112500,SF,PHI,REG,12,SF,home,PHI,SF,57,2002-11-25,234,234,2034,Half1,0,10,0,2,4,0,03:54,SF 43,13,16,"(3:54) 7-J.Baker punts 46 yards to PHI 11, Center-86-B.Jennings. 30-B.Mitchell to PHI 26 for 15 yards (54-Q.Stewart).",punt,0,0,0,0,0,0,0,NA,NA,NA,NA,NA,NA,NA,46,NA,NA,3,3,0,NA,NA,NA,NA,3,3,7,14,7,14,-7,7,14,-7,0.4407658576965332,0.11471115052700043,0.0011071718763560057,0.20014066994190216,0.09885597229003906,0.007711399812251329,0.13670772314071655,0,0,-0.4783877064473927,-0.07075281161814928,-9.474138354307929,9.474138354307929,-5.246288370632101,5.246288370632101,-1.3796855175592606,1.3796855175592606,NA,NA,NA,NA,NA,NA,NA,NA,NA,NA,NA,NA,0.26606422662734985,0.7339357733726501,0.26606422662734985,0.7339357733726501,-0.01772075891494751,-0.03806707262992859,-0.03806707262992859,0.24834346771240234,0.7516565322875977,0.4271905720233917,0.4271905720233917,-0.16759605705738068,0.16759605705738068,-0.10138748601542746,0.10138748601542746,NA,NA,NA,NA,NA,NA,NA,NA,NA,NA,NA,NA,0,0,0,0,0,0,0,0,0,0,0,0,0,0,0,0,0,0,0,0,0,0,0,0,1,0,0,0,0,0,0,0,0,0,0,0,0,0,0,0,0,0,0,1,0,0,0,0,0,0,0,NA,NA,NA,NA,NA,NA,NA,NA,NA,NA,NA,NA,NA,NA,NA,NA,NA,NA,NA,NA,NA,00-0011399,B.Mitchell,NA,NA,NA,NA,NA,NA,00-0019921,J.Baker,NA,NA,NA,NA,NA,NA,NA,NA,NA,NA,NA,NA,NA,NA,NA,NA,NA,NA,NA,NA,SF,NA,00-0019789,NA,Q.Stewart,NA,NA,NA,NA,NA,NA,NA,NA,NA,NA,NA,NA,NA,0,NA,NA,NA,NA,NA,NA,NA,NA,NA,NA,NA,NA,NA,NA,NA,NA,NA,NA,NA,NA,NA,NA,NA,NA,NA,NA,NA,NA,NA,NA,PHI,15,NA,NA,NA,NA,0,NA,NA,0,0,0,0,NA,NA,2002,NA,NA,21,0,Punt,1594,21:00:00,19:16:37,3COM Park,"Clear skies Temp: 64° F, Humidity: 28%, Wind: SE 8 mph",10160000-0182-69e4-1c08-4240bfea771a,0,0,PUNT,1,NA,03:42,PHI 26,10,Punt,NA,4,1:31,1,0,0,2,2,0,PUNT,PUNT,05:13,03:42,SF 27,SF 43,1512,1594,38,17,Home,-21,55,7,37.5,0,outdoors,grass,64,8,Steve Mariucci,Andy Reid,SFO00,3Com Park,0,0,NA,NA,NA,NA,NA,NA,0,0,0,1,0,NA,NA,NA,NA,NA,NA,NA,NA,NA,NA,0,1,-0.07075281161814928,NA,NA,NA,NA,NA,NA,NA,NA,0.14004564883362036,0.39834411402638603,NA,NA,0,0.3799211448058486,0.4865550398826599,0.3799211448058486,0.4533151129833826,Andy Reid,Steve Mariucci,3:54,0,0,Other,NA,14,40,NA,45,38,49,38
1619,2002_12_PHI_SF,2002112500,SF,PHI,REG,12,PHI,away,SF,PHI,74,2002-11-25,222,222,2022,Half1,0,11,0,2,1,0,03:42,PHI 26,10,74,(3:42) 22-D.Staley right guard to PHI 28 for 2 yards (94-D.Stubblefield).,run,2,0,0,0,0,0,0,NA,NA,NA,NA,right,guard,NA,NA,NA,NA,3,3,0,NA,NA,NA,NA,3,3,7,14,14,7,7,14,7,7,0.42955484986305237,0.10037277638912201,0.0013049314729869366,0.1380128413438797,0.12132149934768677,0.002207534620538354,0.20722557604312897,0,0,0.549140518065542,-0.42202300019562244,-9.052115354112306,9.052115354112306,-4.824265370436478,4.824265370436478,-1.3796855175592606,1.3796855175592606,NA,NA,NA,NA,NA,NA,NA,NA,NA,NA,NA,NA,0.7516565322875977,0.24834346771240234,0.24834346771240234,0.7516565322875977,-0.012336432933807373,-0.0015680193901062012,0.0015680193901062012,0.2606799006462097,0.7393200993537903,0.6108765006065369,0.38912349939346313,-0.1552596241235733,0.1552596241235733,-0.10138748601542746,0.10138748601542746,NA,NA,NA,NA,NA,NA,NA,NA,NA,NA,NA,NA,0,0,0,0,0,0,0,0,0,0,0,0,0,0,0,0,0,0,0,0,0,0,0,0,1,0,0,0,0,0,0,0,1,0,0,0,0,0,0,0,0,0,0,0,0,0,0,0,0,0,0,NA,NA,NA,NA,NA,NA,00-0015523,D.Staley,2,NA,NA,NA,NA,NA,NA,NA,NA,NA,NA,NA,NA,NA,NA,NA,NA,NA,NA,NA,NA,NA,NA,NA,NA,NA,NA,NA,NA,NA,NA,NA,NA,NA,NA,NA,NA,NA,NA,NA,NA,NA,NA,SF,NA,00-0015847,NA,D.Stubblefield,NA,NA,NA,NA,NA,NA,NA,NA,NA,NA,NA,NA,NA,0,NA,NA,NA,NA,NA,NA,NA,NA,NA,NA,NA,NA,NA,NA,NA,NA,NA,NA,NA,NA,NA,NA,NA,NA,NA,NA,NA,NA,NA,NA,NA,0,NA,NA,NA,NA,0,NA,NA,0,0,0,0,NA,NA,2002,NA,NA,22,1,First down,1619,21:00:00,19:17:27,3COM Park,"Clear skies Temp: 64° F, Humidity: 28%, Wind: SE 8 mph",10160000-0182-69e4-1c08-4240bfea771a,0,0,RUSH,0,NA,NA,PHI 28,11,Touchdown,NA,8,2:47,4,1,1,2,2,0,PUNT,TOUCHDOWN,03:42,00:55,PHI 26,SF 11,1619,1846,38,17,Home,-21,55,7,37.5,0,outdoors,grass,64,8,Steve Mariucci,Andy Reid,SFO00,3Com Park,0,0,NA,NA,D.Staley,22,NA,NA,0,1,0,0,1,NA,00-0015523,NA,D.Staley,22,00-0015523,D.Staley,00-0015523,D.Staley,00-0015523,0,1,-0.42202300019562244,NA,NA,NA,NA,NA,NA,NA,NA,NA,NA,NA,NA,NA,NA,NA,NA,NA,Andy Reid,Steve Mariucci,3:42,NA,NA,Other,NA,NA,NA,NA,NA,NA,NA,NA
1640,2002_12_PHI_SF,2002112500,SF,PHI,REG,12,PHI,away,SF,PHI,72,2002-11-25,187,187,1987,Half1,0,11,0,2,2,0,03:07,PHI 28,8,74,(3:07) 80-J.Thrash left end to PHI 49 for 21 yards (38-R.Heard).,run,21,0,0,0,0,0,0,NA,NA,NA,NA,left,end,NA,NA,NA,NA,3,3,0,NA,NA,NA,NA,3,3,7,14,14,7,7,14,7,7,0.44326290488243103,0.10690318048000336,0.0013835185673087835,0.15797166526317596,0.1163892075419426,0.002279739361256361,0.17180980741977692,0,0,0.12711751786991954,1.7131928215967491,-10.765308175709055,10.765308175709055,-6.5374581920332275,6.5374581920332275,-1.3796855175592606,1.3796855175592606,NA,NA,NA,NA,NA,NA,NA,NA,NA,NA,NA,NA,0.7393200993537903,0.2606799006462097,0.2606799006462097,0.7393200993537903,0.0533941388130188,0.07574605941772461,-0.07574605941772461,0.20728576183319092,0.7927142381668091,0.6093084812164307,0.39069151878356934,-0.2086537629365921,0.2086537629365921,-0.10138748601542746,0.10138748601542746,NA,NA,NA,NA,NA,NA,NA,NA,NA,NA,NA,NA,0,1,0,0,0,0,0,0,0,0,0,0,0,0,0,0,0,0,0,0,0,0,0,0,1,0,0,0,0,0,0,0,1,0,0,0,0,0,0,0,0,0,0,0,0,0,0,0,0,0,0,NA,NA,NA,NA,NA,NA,00-0016440,J.Thrash,21,NA,NA,NA,NA,NA,NA,NA,NA,NA,NA,NA,NA,NA,NA,NA,NA,NA,NA,NA,NA,NA,NA,NA,NA,NA,NA,NA,NA,NA,NA,NA,NA,NA,NA,NA,NA,NA,NA,NA,NA,NA,NA,SF,NA,00-0019070,NA,R.Heard,NA,NA,NA,NA,NA,NA,NA,NA,NA,NA,NA,NA,NA,0,NA,NA,NA,NA,NA,NA,NA,NA,NA,NA,NA,NA,NA,NA,NA,NA,NA,NA,NA,NA,NA,NA,NA,NA,NA,NA,NA,NA,NA,NA,NA,0,NA,NA,NA,NA,0,NA,NA,0,0,0,0,NA,NA,2002,NA,NA,22,1,First down,1640,21:00:00,19:18:02,3COM Park,"Clear skies Temp: 64° F, Humidity: 28%, Wind: SE 8 mph",10160000-0182-69e4-1c08-4240bfea771a,0,0,RUSH,0,NA,NA,PHI 49,11,Touchdown,NA,8,2:47,4,1,1,2,2,0,PUNT,TOUCHDOWN,03:42,00:55,PHI 26,SF 11,1619,1846,38,17,Home,-21,55,7,37.5,0,outdoors,grass,64,8,Steve Mariucci,Andy Reid,SFO00,3Com Park,0,1,NA,NA,J.Thrash,80,NA,NA,0,1,1,0,1,NA,00-0016440,NA,J.Thrash,80,00-0016440,J.Thrash,00-0016440,J.Thrash,00-0016440,0,1,1.7131928215967491,NA,NA,NA,NA,NA,NA,NA,NA,NA,NA,NA,NA,NA,NA,NA,NA,NA,Andy Reid,Steve Mariucci,3:07,NA,NA,Other,NA,NA,NA,NA,NA,NA,NA,NA
1661,2002_12_PHI_SF,2002112500,SF,PHI,REG,12,PHI,away,SF,PHI,51,2002-11-25,146,146,1946,Half1,0,11,0,2,1,0,02:26,PHI 49,10,74,(2:26) 10-K.Detmer pass to 22-D.Staley pushed ob at SF 46 for 5 yards (36-J.Webster).,pass,5,0,0,1,0,0,0,NA,NA,NA,NA,NA,NA,NA,NA,NA,NA,3,3,0,NA,NA,NA,NA,3,3,7,14,14,7,7,14,7,7,0.4102320969104767,0.056989673525094986,5.847866996191442e-4,0.06959312409162521,0.18142633140087128,0.0025792366359382868,0.2785947620868683,0,0,1.8403103394666687,0.15535200969316065,-10.920660185402216,10.920660185402216,-6.5374581920332275,6.5374581920332275,-1.5350375272524213,1.5350375272524213,NA,NA,NA,NA,NA,NA,NA,NA,NA,NA,NA,NA,0.7927142381668091,0.20728576183319092,0.20728576183319092,0.7927142381668091,-0.0069266557693481445,-0.009167790412902832,0.009167790412902832,0.21421241760253906,0.7857875823974609,0.6850545406341553,0.3149454593658447,-0.2086537629365921,0.2086537629365921,-0.09446083024607932,0.09446083024607932,NA,NA,NA,NA,NA,NA,NA,NA,NA,NA,NA,NA,0,0,0,0,0,0,0,0,0,0,0,0,0,0,0,0,0,0,0,0,0,0,0,0,1,0,0,0,0,0,0,0,0,1,0,0,0,0,0,0,0,0,0,0,0,1,0,0,0,0,0,00-0004229,K.Detmer,5,00-0015523,D.Staley,5,NA,NA,NA,NA,NA,NA,NA,NA,NA,NA,NA,NA,NA,NA,NA,NA,NA,NA,NA,NA,NA,NA,NA,NA,NA,NA,NA,NA,NA,NA,NA,NA,NA,NA,NA,NA,NA,NA,NA,NA,NA,NA,NA,NA,NA,SF,NA,00-0019653,NA,J.Webster,NA,NA,NA,NA,NA,NA,NA,NA,NA,NA,NA,NA,NA,0,NA,NA,NA,NA,NA,NA,NA,NA,NA,NA,NA,NA,NA,NA,NA,NA,NA,NA,NA,NA,NA,NA,NA,NA,NA,NA,NA,NA,NA,NA,NA,0,NA,NA,NA,NA,0,NA,NA,0,0,0,0,NA,NA,2002,NA,NA,23,1,First down,1661,21:00:00,19:18:43,3COM Park,"Clear skies Temp: 64° F, Humidity: 28%, Wind: SE 8 mph",10160000-0182-69e4-1c08-4240bfea771a,0,0,PASS,0,NA,NA,SF 46,11,Touchdown,NA,8,2:47,4,1,1,2,2,0,PUNT,TOUCHDOWN,03:42,00:55,PHI 26,SF 11,1619,1846,38,17,Home,-21,55,7,37.5,0,outdoors,grass,64,8,Steve Mariucci,Andy Reid,SFO00,3Com Park,0,1,K.Detmer,10,NA,NA,D.Staley,22,1,0,0,0,1,00-0004229,NA,00-0015523,K.Detmer,10,00-0004229,D.Staley,00-0015523,D.Staley,00-0015523,1,1,0.15535200969316065,NA,NA,NA,NA,NA,NA,NA,NA,NA,NA,NA,NA,NA,NA,NA,NA,NA,Andy Reid,Steve Mariucci,2:26,NA,NA,Other,NA,NA,NA,NA,NA,NA,NA,NA
1699,2002_12_PHI_SF,2002112500,SF,PHI,REG,12,PHI,away,SF,SF,46,2002-11-25,120,120,1920,Half1,0,11,0,2,2,0,02:00,SF 46,5,74,"(2:00) 10-K.Detmer pass to 89-C.Lewis pushed ob at SF 25 for 21 yards (24-M.Rumph, 38-R.Heard). Caught at SF 44.",pass,21,0,0,1,0,0,0,NA,NA,NA,NA,NA,NA,NA,NA,NA,NA,3,3,0,NA,NA,NA,NA,3,3,7,14,14,7,7,14,7,7,0.4281584918498993,0.05260960012674332,5.159557913430035e-4,0.05352611467242241,0.17910875380039215,0.002137641189619899,0.2839434742927551,0,0,1.9956623491598293,1.3853763925144449,-12.306036577916661,12.306036577916661,-6.5374581920332275,6.5374581920332275,-2.920413919766866,2.920413919766866,NA,NA,NA,NA,NA,NA,NA,NA,NA,NA,NA,NA,0.7857875823974609,0.21421241760253906,0.21421241760253906,0.7857875823974609,0.04751461744308472,0.06988435983657837,-0.06988435983657837,0.16669780015945435,0.8333021998405457,0.6758867502212524,0.32411324977874756,-0.2086537629365921,0.2086537629365921,-0.14197544768916404,0.14197544768916404,NA,NA,NA,NA,NA,NA,NA,NA,NA,NA,NA,NA,0,0,1,0,0,0,0,0,0,0,0,0,0,0,0,0,0,0,0,0,0,0,0,0,0,0,0,0,0,0,0,0,0,1,0,0,0,0,0,0,0,0,0,0,0,1,1,0,0,0,0,00-0004229,K.Detmer,21,00-0009842,C.Lewis,21,NA,NA,NA,NA,NA,NA,NA,NA,NA,NA,NA,NA,NA,NA,NA,NA,NA,NA,NA,NA,NA,NA,NA,NA,NA,NA,NA,NA,NA,NA,NA,NA,NA,NA,NA,NA,NA,NA,NA,NA,NA,NA,NA,NA,NA,NA,NA,NA,NA,NA,NA,00-0019070,R.Heard,SF,NA,NA,NA,NA,NA,NA,NA,NA,NA,1,00-0021158,M.Rumph,SF,NA,NA,NA,NA,NA,NA,NA,NA,NA,NA,NA,NA,NA,NA,NA,NA,NA,NA,NA,NA,NA,NA,NA,NA,NA,NA,NA,NA,0,NA,NA,NA,NA,0,NA,NA,0,0,0,0,NA,NA,2002,NA,NA,23,1,First down,1699,21:00:00,19:21:33,3COM Park,"Clear skies Temp: 64° F, Humidity: 28%, Wind: SE 8 mph",10160000-0182-69e4-1c08-4240bfea771a,0,0,PASS,0,NA,NA,SF 25,11,Touchdown,NA,8,2:47,4,1,1,2,2,0,PUNT,TOUCHDOWN,03:42,00:55,PHI 26,SF 11,1619,1846,38,17,Home,-21,55,7,37.5,0,outdoors,grass,64,8,Steve Mariucci,Andy Reid,SFO00,3Com Park,0,1,K.Detmer,10,NA,NA,C.Lewis,89,1,0,1,0,1,00-0004229,NA,00-0009842,K.Detmer,10,00-0004229,C.Lewis,00-0009842,C.Lewis,00-0009842,1,1,1.3853763925144449,NA,NA,NA,NA,NA,NA,NA,NA,NA,NA,NA,NA,NA,NA,NA,NA,NA,Andy Reid,Steve Mariucci,2:00,NA,NA,Other,NA,NA,NA,NA,NA,NA,NA,NA
1724,2002_12_PHI_SF,2002112500,SF,PHI,REG,12,PHI,away,SF,SF,25,2002-11-25,114,114,1914,Half1,0,11,0,2,1,0,01:54,SF 25,10,74,(1:54) 25-D.Levens up the middle to SF 21 for 4 yards (36-J.Webster).,run,4,0,0,0,0,0,0,NA,NA,NA,NA,middle,NA,NA,NA,NA,NA,3,3,0,NA,NA,NA,NA,3,3,7,14,14,7,7,14,7,7,0.21795754134655,0.025658374652266502,3.6065292079001665e-4,0.03872007504105568,0.3214985430240631,0.0010707377223297954,0.39473408460617065,0,0,3.381038741674274,0.11159035190939903,-12.41762692982606,12.41762692982606,-6.649048543942627,6.649048543942627,-2.920413919766866,2.920413919766866,NA,NA,NA,NA,NA,NA,NA,NA,NA,NA,NA,NA,0.8333021998405457,0.16669780015945435,0.16669780015945435,0.8333021998405457,-0.004805505275726318,-0.004782140254974365,0.004782140254974365,0.17150330543518066,0.8284966945648193,0.7457711100578308,0.2542288899421692,-0.20384825766086578,0.20384825766086578,-0.14197544768916404,0.14197544768916404,NA,NA,NA,NA,NA,NA,NA,NA,NA,NA,NA,NA,0,0,0,0,0,0,0,0,0,0,0,0,0,0,0,0,0,0,0,0,0,0,0,0,1,0,0,0,0,0,0,0,1,0,0,0,0,0,0,0,0,0,0,0,0,0,0,0,0,0,0,NA,NA,NA,NA,NA,NA,00-0009829,D.Levens,4,NA,NA,NA,NA,NA,NA,NA,NA,NA,NA,NA,NA,NA,NA,NA,NA,NA,NA,NA,NA,NA,NA,NA,NA,NA,NA,NA,NA,NA,NA,NA,NA,NA,NA,NA,NA,NA,NA,NA,NA,NA,NA,SF,NA,00-0019653,NA,J.Webster,NA,NA,NA,NA,NA,NA,NA,NA,NA,NA,NA,NA,NA,0,NA,NA,NA,NA,NA,NA,NA,NA,NA,NA,NA,NA,NA,NA,NA,NA,NA,NA,NA,NA,NA,NA,NA,NA,NA,NA,NA,NA,NA,NA,NA,0,NA,NA,NA,NA,0,NA,NA,0,0,0,0,NA,NA,2002,NA,NA,24,1,First down,1724,21:00:00,19:22:12,3COM Park,"Clear skies Temp: 64° F, Humidity: 28%, Wind: SE 8 mph",10160000-0182-69e4-1c08-4240bfea771a,0,0,RUSH,0,NA,NA,SF 21,11,Touchdown,NA,8,2:47,4,1,1,2,2,0,PUNT,TOUCHDOWN,03:42,00:55,PHI 26,SF 11,1619,1846,38,17,Home,-21,55,7,37.5,0,outdoors,grass,64,8,Steve Mariucci,Andy Reid,SFO00,3Com Park,0,1,NA,NA,D.Levens,25,NA,NA,0,1,0,0,1,NA,00-0009829,NA,D.Levens,25,00-0009829,D.Levens,00-0009829,D.Levens,00-0009829,0,1,0.11159035190939903,NA,NA,NA,NA,NA,NA,NA,NA,NA,NA,NA,NA,NA,NA,NA,NA,NA,Andy Reid,Steve Mariucci,1:54,NA,NA,Other,NA,NA,NA,NA,NA,NA,NA,NA
1745,2002_12_PHI_SF,2002112500,SF,PHI,REG,12,PHI,away,SF,SF,21,2002-11-25,79,79,1879,Half1,0,11,0,2,2,0,01:19,SF 21,6,74,"(1:19) 10-K.Detmer pass to 22-D.Staley to SF 14 for 7 yards (53-J.Ulbrich, 97-B.Young). Caught at SF 19.",pass,7,0,0,1,0,0,0,NA,NA,NA,NA,NA,NA,NA,NA,NA,NA,3,3,0,NA,NA,NA,NA,3,3,7,14,14,7,7,14,7,7,0.20672567188739777,0.019035452976822853,3.350592451170087e-4,0.02554372139275074,0.37564995884895325,0.001341756316833198,0.37136831879615784,0,0,3.4926290935836732,0.7079964845324866,-13.125623414358547,13.125623414358547,-6.649048543942627,6.649048543942627,-3.628410404299353,3.628410404299353,NA,NA,NA,NA,NA,NA,NA,NA,NA,NA,NA,NA,0.8284966945648193,0.17150330543518066,0.17150330543518066,0.8284966945648193,0.011698901653289795,0.018994390964508057,-0.018994390964508057,0.15980440378189087,0.8401955962181091,0.7409889698028564,0.25901103019714355,-0.20384825766086578,0.20384825766086578,-0.15367434934245383,0.15367434934245383,NA,NA,NA,NA,NA,NA,NA,NA,NA,NA,NA,NA,0,0,1,0,0,0,0,0,0,0,0,0,0,0,0,0,0,0,0,0,0,0,0,0,0,0,0,0,0,0,0,0,0,1,0,0,0,0,0,0,0,0,0,0,0,1,1,0,0,0,0,00-0004229,K.Detmer,7,00-0015523,D.Staley,7,NA,NA,NA,NA,NA,NA,NA,NA,NA,NA,NA,NA,NA,NA,NA,NA,NA,NA,NA,NA,NA,NA,NA,NA,NA,NA,NA,NA,NA,NA,NA,NA,NA,NA,NA,NA,NA,NA,NA,NA,NA,NA,NA,NA,NA,NA,NA,NA,NA,NA,NA,00-0018405,B.Young,SF,NA,NA,NA,NA,NA,NA,NA,NA,NA,1,00-0019586,J.Ulbrich,SF,NA,NA,NA,NA,NA,NA,NA,NA,NA,NA,NA,NA,NA,NA,NA,NA,NA,NA,NA,NA,NA,NA,NA,NA,NA,NA,NA,NA,0,NA,NA,NA,NA,0,NA,NA,0,0,0,0,NA,NA,2002,NA,NA,24,1,First down,1745,21:00:00,19:22:47,3COM Park,"Clear skies Temp: 64° F, Humidity: 28%, Wind: SE 8 mph",10160000-0182-69e4-1c08-4240bfea771a,0,0,PASS,0,NA,NA,SF 14,11,Touchdown,NA,8,2:47,4,1,1,2,2,0,PUNT,TOUCHDOWN,03:42,00:55,PHI 26,SF 11,1619,1846,38,17,Home,-21,55,7,37.5,0,outdoors,grass,64,8,Steve Mariucci,Andy Reid,SFO00,3Com Park,0,1,K.Detmer,10,NA,NA,D.Staley,22,1,0,1,0,1,00-0004229,NA,00-0015523,K.Detmer,10,00-0004229,D.Staley,00-0015523,D.Staley,00-0015523,0,1,0.7079964845324866,NA,NA,NA,NA,NA,NA,NA,NA,NA,NA,NA,NA,NA,NA,NA,NA,NA,Andy Reid,Steve Mariucci,1:19,NA,NA,Other,NA,NA,NA,NA,NA,NA,NA,NA
1770,2002_12_PHI_SF,2002112500,SF,PHI,REG,12,NA,NA,NA,NA,NA,2002-11-25,64,64,1864,Half1,0,11,0,2,NA,0,01:04,SF 14,0,74,Timeout #1 by PHI at 01:04.,no_play,0,0,0,0,0,0,0,NA,NA,NA,NA,NA,NA,NA,NA,NA,NA,3,2,1,PHI,NA,NA,NA,NA,NA,7,14,NA,NA,NA,NA,NA,NA,0,0,0,0,0,0,0,0,0,4.20062557811616,-0,-13.125623414358547,13.125623414358547,-6.649048543942627,6.649048543942627,-3.628410404299353,3.628410404299353,NA,NA,NA,NA,NA,NA,NA,NA,NA,NA,NA,NA,0.8401955962181091,0.15980440378189087,0.15980440378189087,0.8401955962181091,-0,-0,0,NA,NA,0.7599833607673645,0.2400166392326355,-0.20384825766086578,0.20384825766086578,-0.15367434934245383,0.15367434934245383,NA,NA,NA,NA,NA,NA,NA,NA,NA,NA,NA,NA,0,0,0,0,0,0,0,0,0,0,0,0,0,0,0,0,0,0,0,0,0,0,0,0,0,0,0,0,0,0,0,0,0,0,0,0,0,0,0,0,0,0,0,0,0,0,0,0,0,0,0,NA,NA,NA,NA,NA,NA,NA,NA,NA,NA,NA,NA,NA,NA,NA,NA,NA,NA,NA,NA,NA,NA,NA,NA,NA,NA,NA,NA,NA,NA,NA,NA,NA,NA,NA,NA,NA,NA,NA,NA,NA,NA,NA,NA,NA,NA,NA,NA,NA,NA,NA,NA,NA,NA,NA,NA,NA,NA,NA,NA,NA,NA,NA,NA,NA,NA,NA,NA,NA,0,NA,NA,NA,NA,NA,NA,NA,NA,NA,NA,NA,NA,NA,NA,NA,NA,NA,NA,NA,NA,NA,NA,NA,NA,NA,NA,NA,NA,NA,NA,NA,0,NA,NA,NA,NA,0,NA,NA,0,0,0,0,NA,NA,2002,NA,NA,25,1,Touchdown,1770,21:00:00,19:23:12,3COM Park,"Clear skies Temp: 64° F, Humidity: 28%, Wind: SE 8 mph",10160000-0182-69e4-1c08-4240bfea771a,0,0,TIMEOUT,0,NA,NA,NA,11,Touchdown,NA,8,2:47,4,1,1,2,2,0,PUNT,TOUCHDOWN,03:42,00:55,PHI 26,SF 11,1619,1846,38,17,Home,-21,55,7,37.5,0,outdoors,grass,64,8,Steve Mariucci,Andy Reid,SFO00,3Com Park,0,0,NA,NA,NA,NA,NA,NA,0,0,0,0,0,NA,NA,NA,NA,NA,NA,NA,NA,NA,NA,0,1,-0,NA,NA,NA,NA,NA,NA,NA,NA,NA,NA,NA,NA,NA,NA,NA,NA,NA,Andy Reid,Steve Mariucci,1:04,NA,NA,Other,NA,NA,NA,NA,NA,NA,NA,NA
1787,2002_12_PHI_SF,2002112500,SF,PHI,REG,12,PHI,away,SF,SF,14,2002-11-25,64,64,1864,Half1,0,11,0,2,1,0,01:04,SF 14,10,74,(1:04) 36-B.Westbrook right end pushed ob at SF 11 for 3 yards (98-J.Peterson).,run,3,0,0,0,0,0,0,NA,NA,NA,NA,right,end,NA,NA,NA,NA,3,2,0,NA,NA,NA,NA,2,3,7,14,14,7,7,14,7,7,0.17891690135002136,0.009484536945819855,3.1368984491564333e-4,0.012782138772308826,0.3169246017932892,5.27877826243639e-4,0.4810502827167511,0,0,4.20062557811616,-0.18196017981972545,-12.943663234538821,12.943663234538821,-6.467088364122901,6.467088364122901,-3.628410404299353,3.628410404299353,NA,NA,NA,NA,NA,NA,NA,NA,NA,NA,NA,NA,0.8401955962181091,0.15980440378189087,0.15980440378189087,0.8401955962181091,-0.007138192653656006,-0.0030038952827453613,0.0030038952827453613,0.16694259643554688,0.8330574035644531,0.7599833607673645,0.2400166392326355,-0.19671006500720978,0.19671006500720978,-0.15367434934245383,0.15367434934245383,NA,NA,NA,NA,NA,NA,NA,NA,NA,NA,NA,NA,0,0,0,0,0,0,0,0,0,0,0,0,0,0,0,0,0,0,0,0,0,0,0,0,1,0,0,0,0,0,0,0,1,0,0,0,0,0,0,0,0,0,0,0,0,0,0,0,0,0,0,NA,NA,NA,NA,NA,NA,00-0021216,B.Westbrook,3,NA,NA,NA,NA,NA,NA,NA,NA,NA,NA,NA,NA,NA,NA,NA,NA,NA,NA,NA,NA,NA,NA,NA,NA,NA,NA,NA,NA,NA,NA,NA,NA,NA,NA,NA,NA,NA,NA,NA,NA,NA,NA,SF,NA,00-0019695,NA,J.Peterson,NA,NA,NA,NA,NA,NA,NA,NA,NA,NA,NA,NA,NA,0,NA,NA,NA,NA,NA,NA,NA,NA,NA,NA,NA,NA,NA,NA,NA,NA,NA,NA,NA,NA,NA,NA,NA,NA,NA,NA,NA,NA,NA,NA,NA,0,NA,NA,NA,NA,0,NA,NA,0,0,0,0,NA,NA,2002,NA,NA,25,1,Touchdown,1787,21:00:00,19:24:06,3COM Park,"Clear skies Temp: 64° F, Humidity: 28%, Wind: SE 8 mph",10160000-0182-69e4-1c08-4240bfea771a,0,0,RUSH,0,NA,NA,SF 11,11,Touchdown,NA,8,2:47,4,1,1,2,2,0,PUNT,TOUCHDOWN,03:42,00:55,PHI 26,SF 11,1619,1846,38,17,Home,-21,55,7,37.5,0,outdoors,grass,64,8,Steve Mariucci,Andy Reid,SFO00,3Com Park,0,0,NA,NA,B.Westbrook,36,NA,NA,0,1,0,0,1,NA,00-0021216,NA,B.Westbrook,36,00-0021216,B.Westbrook,00-0021216,B.Westbrook,00-0021216,1,1,-0.18196017981972545,NA,NA,NA,NA,NA,NA,NA,NA,NA,NA,NA,NA,NA,NA,NA,NA,NA,Andy Reid,Steve Mariucci,1:04,NA,NA,Other,NA,NA,NA,NA,NA,NA,NA,NA
1808,2002_12_PHI_SF,2002112500,SF,PHI,REG,12,NA,NA,NA,NA,NA,2002-11-25,59,59,1859,Half1,0,11,0,2,NA,0,00:59,SF 11,0,74,Timeout #2 by PHI at 00:59.,no_play,0,0,0,0,0,0,0,NA,NA,NA,NA,NA,NA,NA,NA,NA,NA,3,1,1,PHI,NA,NA,NA,NA,NA,7,14,NA,NA,NA,NA,NA,NA,0,0,0,0,0,0,0,0,0,4.018665398296434,-0,-12.943663234538821,12.943663234538821,-6.467088364122901,6.467088364122901,-3.628410404299353,3.628410404299353,NA,NA,NA,NA,NA,NA,NA,NA,NA,NA,NA,NA,0.8330574035644531,0.16694259643554688,0.16694259643554688,0.8330574035644531,-0,-0,0,NA,NA,0.7569794654846191,0.24302053451538086,-0.19671006500720978,0.19671006500720978,-0.15367434934245383,0.15367434934245383,NA,NA,NA,NA,NA,NA,NA,NA,NA,NA,NA,NA,0,0,0,0,0,0,0,0,0,0,0,0,0,0,0,0,0,0,0,0,0,0,0,0,0,0,0,0,0,0,0,0,0,0,0,0,0,0,0,0,0,0,0,0,0,0,0,0,0,0,0,NA,NA,NA,NA,NA,NA,NA,NA,NA,NA,NA,NA,NA,NA,NA,NA,NA,NA,NA,NA,NA,NA,NA,NA,NA,NA,NA,NA,NA,NA,NA,NA,NA,NA,NA,NA,NA,NA,NA,NA,NA,NA,NA,NA,NA,NA,NA,NA,NA,NA,NA,NA,NA,NA,NA,NA,NA,NA,NA,NA,NA,NA,NA,NA,NA,NA,NA,NA,NA,0,NA,NA,NA,NA,NA,NA,NA,NA,NA,NA,NA,NA,NA,NA,NA,NA,NA,NA,NA,NA,NA,NA,NA,NA,NA,NA,NA,NA,NA,NA,NA,0,NA,NA,NA,NA,0,NA,NA,0,0,0,0,NA,NA,2002,NA,NA,25,1,Touchdown,1808,21:00:00,19:25:00,3COM Park,"Clear skies Temp: 64° F, Humidity: 28%, Wind: SE 8 mph",10160000-0182-69e4-1c08-4240bfea771a,0,0,TIMEOUT,0,NA,NA,NA,11,Touchdown,NA,8,2:47,4,1,1,2,2,0,PUNT,TOUCHDOWN,03:42,00:55,PHI 26,SF 11,1619,1846,38,17,Home,-21,55,7,37.5,0,outdoors,grass,64,8,Steve Mariucci,Andy Reid,SFO00,3Com Park,0,0,NA,NA,NA,NA,NA,NA,0,0,0,0,0,NA,NA,NA,NA,NA,NA,NA,NA,NA,NA,0,1,-0,NA,NA,NA,NA,NA,NA,NA,NA,NA,NA,NA,NA,NA,NA,NA,NA,NA,Andy Reid,Steve Mariucci,0:59,NA,NA,Other,NA,NA,NA,NA,NA,NA,NA,NA
1825,2002_12_PHI_SF,2002112500,SF,PHI,REG,12,PHI,away,SF,SF,11,2002-11-25,59,59,1859,Half1,0,11,1,2,2,0,00:59,SF 11,7,74,"(:59) 10-K.Detmer pass to 86-A.Freeman for 11 yards, TOUCHDOWN. Caught at SF 4.",pass,11,0,0,1,0,0,0,NA,NA,NA,NA,NA,NA,NA,NA,NA,NA,3,1,0,NA,PHI,A.Freeman,00-0005562,1,3,7,20,14,7,7,20,7,13,0.18622663617134094,0.006437292322516441,3.3280611387453973e-4,0.010673736222088337,0.36460357904434204,5.066727753728628e-4,0.43121927976608276,0,0,4.018665398296434,2.9813346017035656,-15.924997836242387,15.924997836242387,-6.467088364122901,6.467088364122901,-6.609745006002918,6.609745006002918,NA,NA,NA,NA,NA,NA,NA,NA,NA,NA,NA,NA,0.8330574035644531,0.16694259643554688,0.16694259643554688,0.8330574035644531,0.02301229707814023,0.015201750162212813,-0.015201750162212813,0.14393029935740664,0.8560697006425934,0.7569794654846191,0.24302053451538086,-0.19671006500720978,0.19671006500720978,-0.17668664642059406,0.17668664642059406,NA,NA,NA,NA,NA,NA,NA,NA,NA,NA,NA,NA,0,0,1,0,0,0,0,0,0,0,0,0,0,0,0,0,0,0,0,0,0,0,0,0,0,0,0,0,0,0,0,0,0,1,0,1,1,0,0,0,0,0,0,0,0,1,0,0,0,0,0,00-0004229,K.Detmer,11,00-0005562,A.Freeman,11,NA,NA,NA,NA,NA,NA,NA,NA,NA,NA,NA,NA,NA,NA,NA,NA,NA,NA,NA,NA,NA,NA,NA,NA,NA,NA,NA,NA,NA,NA,NA,NA,NA,NA,NA,NA,NA,NA,NA,NA,NA,NA,NA,NA,NA,NA,NA,NA,NA,NA,NA,NA,NA,NA,NA,NA,NA,NA,NA,NA,NA,NA,NA,0,NA,NA,NA,NA,NA,NA,NA,NA,NA,NA,NA,NA,NA,NA,NA,NA,NA,NA,NA,NA,NA,NA,NA,NA,NA,NA,NA,NA,NA,NA,NA,0,NA,NA,NA,NA,0,NA,NA,0,0,0,0,NA,NA,2002,NA,NA,25,1,Touchdown,1825,21:00:00,19:25:58,3COM Park,"Clear skies Temp: 64° F, Humidity: 28%, Wind: SE 8 mph",10160000-0182-69e4-1c08-4240bfea771a,0,0,PASS,0,NA,00:55,NA,11,Touchdown,NA,8,2:47,4,1,1,2,2,0,PUNT,TOUCHDOWN,03:42,00:55,PHI 26,SF 11,1619,1846,38,17,Home,-21,55,7,37.5,0,outdoors,grass,64,8,Steve Mariucci,Andy Reid,SFO00,3Com Park,0,1,K.Detmer,10,NA,NA,A.Freeman,86,1,0,1,0,1,00-0004229,NA,00-0005562,K.Detmer,10,00-0004229,A.Freeman,00-0005562,A.Freeman,00-0005562,0,1,2.9813346017035656,NA,NA,NA,NA,NA,NA,NA,NA,NA,NA,NA,NA,NA,NA,NA,NA,NA,Andy Reid,Steve Mariucci,0:59,NA,NA,Other,NA,NA,NA,NA,NA,NA,NA,NA
1846,2002_12_PHI_SF,2002112500,SF,PHI,REG,12,PHI,away,SF,SF,2,2002-11-25,55,55,1855,Half1,0,11,1,2,NA,0,00:55,SF 2,0,74,"2-D.Akers extra point is GOOD, Center-88-M.Bartrum, Holder-10-K.Detmer.",extra_point,0,0,0,0,0,0,0,NA,NA,NA,NA,NA,NA,NA,20,good,NA,3,1,0,NA,NA,NA,NA,1,3,7,21,20,7,13,21,7,14,0,0,0,0,0,0,0,0.9862267078059223,0,0.9862267078059223,0.013773292194077746,-15.938771128436464,15.938771128436464,-6.467088364122901,6.467088364122901,-6.609745006002918,6.609745006002918,NA,NA,NA,NA,NA,NA,NA,NA,NA,NA,NA,NA,0.8560697006425934,0.14393029935740664,0.14393029935740664,0.8560697006425934,0.0038090331115646636,0.0019132467478824022,-0.0019132467478824022,0.14012126624584198,0.859878733754158,0.772181215646832,0.22781878435316805,-0.19671006500720978,0.19671006500720978,-0.17668664642059406,0.17668664642059406,NA,NA,NA,NA,NA,NA,NA,NA,NA,NA,NA,NA,0,0,0,0,0,0,0,0,0,0,0,0,0,0,0,0,0,0,0,0,0,0,0,0,0,0,0,0,0,0,0,0,0,0,0,0,0,0,0,1,0,0,0,0,0,0,0,0,0,0,0,NA,NA,NA,NA,NA,NA,NA,NA,NA,NA,NA,NA,NA,NA,NA,NA,NA,NA,NA,NA,NA,NA,NA,NA,NA,NA,NA,NA,NA,NA,NA,D.Akers,00-0000108,NA,NA,NA,NA,NA,NA,NA,NA,NA,NA,NA,NA,NA,NA,NA,NA,NA,NA,NA,NA,NA,NA,NA,NA,NA,NA,NA,NA,NA,NA,NA,NA,NA,NA,NA,NA,0,NA,NA,NA,NA,NA,NA,NA,NA,NA,NA,NA,NA,NA,NA,NA,NA,NA,NA,NA,NA,NA,NA,NA,NA,NA,NA,NA,NA,NA,NA,NA,0,NA,NA,NA,NA,0,NA,NA,0,0,0,0,NA,NA,2002,NA,NA,25,1,Touchdown,1846,21:00:00,19:26:31,3COM Park,"Clear skies Temp: 64° F, Humidity: 28%, Wind: SE 8 mph",10160000-0182-69e4-1c08-4240bfea771a,0,0,XP_KICK,1,NA,NA,NA,11,Touchdown,NA,8,2:47,4,1,1,2,2,0,PUNT,TOUCHDOWN,03:42,00:55,PHI 26,SF 11,1619,1846,38,17,Home,-21,55,7,37.5,0,outdoors,grass,64,8,Steve Mariucci,Andy Reid,SFO00,3Com Park,0,1,NA,NA,NA,NA,NA,NA,0,0,0,1,0,NA,NA,NA,NA,NA,NA,NA,NA,NA,NA,0,1,0.013773292194077746,NA,NA,NA,NA,NA,NA,NA,NA,NA,NA,NA,NA,NA,NA,NA,NA,NA,Andy Reid,Steve Mariucci,0:55,NA,NA,Other,NA,NA,NA,NA,NA,NA,NA,NA
1862,2002_12_PHI_SF,2002112500,SF,PHI,REG,12,SF,home,PHI,PHI,30,2002-11-25,55,55,1855,Half1,0,12,0,2,NA,0,00:55,PHI 30,0,13,2-D.Akers kicks 53 yards from PHI 30 to SF 17. 23-J.Williams to SF 33 for 16 yards (52-B.Gardner).,kickoff,0,0,0,0,0,0,0,NA,NA,NA,NA,NA,NA,NA,53,NA,NA,3,1,0,NA,NA,NA,NA,3,1,7,21,7,21,-14,7,21,-14,0.7230151295661926,0.04435531795024872,0.001492068637162447,0.03240329772233963,0.1405564844608307,5.080750561319292e-4,0.05766960233449936,0,0,0.463499644654803,0.2093766931211576,-15.729394435315307,15.729394435315307,-6.467088364122901,6.467088364122901,-6.609745006002918,6.609745006002918,NA,NA,NA,NA,NA,NA,NA,NA,NA,NA,NA,NA,0.14012126624584198,0.859878733754158,0.14012126624584198,0.859878733754158,0.01091073453426361,0.020509332418441772,0.020509332418441772,0.1510320007801056,0.8489679992198944,0.22590553760528564,0.22590553760528564,-0.19671006500720978,0.19671006500720978,-0.17668664642059406,0.17668664642059406,NA,NA,NA,NA,NA,NA,NA,NA,NA,NA,NA,NA,0,0,0,0,0,0,0,0,0,0,0,0,0,0,0,0,0,0,0,0,0,0,0,0,1,0,0,0,0,0,0,0,0,0,0,0,0,0,0,0,0,0,1,0,0,0,0,0,0,0,0,NA,NA,NA,NA,NA,NA,NA,NA,NA,NA,NA,NA,NA,NA,NA,NA,NA,NA,NA,NA,NA,NA,NA,NA,NA,J.Williams,00-0020327,NA,NA,NA,NA,D.Akers,00-0000108,NA,NA,NA,NA,NA,NA,NA,NA,NA,NA,NA,NA,NA,NA,NA,NA,NA,NA,PHI,NA,00-0005763,NA,B.Gardner,NA,NA,NA,NA,NA,NA,NA,NA,NA,NA,NA,NA,NA,0,NA,NA,NA,NA,NA,NA,NA,NA,NA,NA,NA,NA,NA,NA,NA,NA,NA,NA,NA,NA,NA,NA,NA,NA,NA,NA,NA,NA,NA,NA,SF,16,NA,NA,NA,NA,0,NA,NA,0,0,0,0,NA,NA,2002,NA,NA,26,1,First down,1862,21:00:00,19:28:05,3COM Park,"Clear skies Temp: 64° F, Humidity: 28%, Wind: SE 8 mph",10160000-0182-69e4-1c08-4240bfea771a,0,0,KICK_OFF,1,NA,NA,SF 33,12,End of half,NA,5,0:55,1,0,0,2,2,-10,KICKOFF,NA,00:55,00:00,SF 33,SF 46,1862,2066,38,17,Home,-21,55,7,37.5,0,outdoors,grass,64,8,Steve Mariucci,Andy Reid,SFO00,3Com Park,0,1,NA,NA,NA,NA,NA,NA,0,0,0,1,0,NA,NA,NA,NA,NA,NA,NA,NA,NA,NA,0,1,0.2093766931211576,NA,NA,NA,NA,NA,NA,NA,NA,NA,NA,NA,NA,NA,NA,NA,NA,NA,Andy Reid,Steve Mariucci,0:55,NA,NA,Other,NA,NA,NA,NA,NA,NA,NA,NA
1884,2002_12_PHI_SF,2002112500,SF,PHI,REG,12,SF,home,PHI,SF,67,2002-11-25,50,50,1850,Half1,0,12,0,2,1,0,00:50,SF 33,10,13,(:50) (Shotgun) 5-J.Garcia pass to 83-J.Stokes to SF 36 for 3 yards (31-A.Harris). Caught at SF 35.,pass,3,1,0,1,0,0,0,NA,NA,NA,NA,NA,NA,NA,NA,NA,NA,3,1,0,NA,NA,NA,NA,3,1,7,21,7,21,-14,7,21,-14,0.6913953423500061,0.0307777039706707,6.213342421688139e-4,0.029803341254591942,0.18869775533676147,3.898019785992801e-4,0.05831466242671013,0,0,0.6728763377759606,-0.20748100627679378,-15.9368754415921,15.9368754415921,-6.467088364122901,6.467088364122901,-6.817226012279712,6.817226012279712,NA,NA,NA,NA,NA,NA,NA,NA,NA,NA,NA,NA,0.1510320007801056,0.8489679992198944,0.1510320007801056,0.8489679992198944,-0.004044428467750549,-0.005577296018600464,-0.005577296018600464,0.14698757231235504,0.853012427687645,0.24641487002372742,0.24641487002372742,-0.19671006500720978,0.19671006500720978,-0.1807310748883446,0.1807310748883446,NA,NA,NA,NA,NA,NA,NA,NA,NA,NA,NA,NA,0,0,0,0,0,0,0,0,0,0,0,0,0,0,0,0,0,0,0,0,0,0,0,0,1,0,0,0,0,0,0,0,0,1,0,0,0,0,0,0,0,0,0,0,0,1,0,0,0,0,0,00-0005755,J.Garcia,3,00-0015751,J.Stokes,3,NA,NA,NA,NA,NA,NA,NA,NA,NA,NA,NA,NA,NA,NA,NA,NA,NA,NA,NA,NA,NA,NA,NA,NA,NA,NA,NA,NA,NA,NA,NA,NA,NA,NA,NA,NA,NA,NA,NA,NA,NA,NA,NA,NA,NA,PHI,NA,00-0006915,NA,A.Harris,NA,NA,NA,NA,NA,NA,NA,NA,NA,NA,NA,NA,NA,0,NA,NA,NA,NA,NA,NA,NA,NA,NA,NA,NA,NA,NA,NA,NA,NA,NA,NA,NA,NA,NA,NA,NA,NA,NA,NA,NA,NA,NA,NA,NA,0,NA,NA,NA,NA,0,NA,NA,0,0,0,0,NA,NA,2002,NA,NA,26,1,First down,1884,21:00:00,19:28:56,3COM Park,"Clear skies Temp: 64° F, Humidity: 28%, Wind: SE 8 mph",10160000-0182-69e4-1c08-4240bfea771a,0,0,PASS,0,NA,NA,SF 36,12,End of half,NA,5,0:55,1,0,0,2,2,-10,KICKOFF,NA,00:55,00:00,SF 33,SF 46,1862,2066,38,17,Home,-21,55,7,37.5,0,outdoors,grass,64,8,Steve Mariucci,Andy Reid,SFO00,3Com Park,0,0,J.Garcia,5,NA,NA,J.Stokes,83,1,0,0,0,1,00-0005755,NA,00-0015751,J.Garcia,5,00-0005755,J.Stokes,00-0015751,J.Stokes,00-0015751,0,1,-0.20748100627679378,NA,NA,NA,NA,NA,NA,NA,NA,NA,NA,NA,NA,NA,NA,NA,NA,NA,Andy Reid,Steve Mariucci,0:50,NA,NA,Other,NA,NA,NA,NA,NA,NA,NA,NA
1909,2002_12_PHI_SF,2002112500,SF,PHI,REG,12,SF,home,PHI,SF,64,2002-11-25,29,29,1829,Half1,0,12,0,2,2,0,00:29,SF 36,7,13,(:29) 5-J.Garcia pass to 89-T.Streets pushed ob at SF 37 for 1 yard (31-A.Harris).,pass,1,0,0,1,0,0,0,NA,NA,NA,NA,NA,NA,NA,NA,NA,NA,3,1,0,NA,NA,NA,NA,3,1,7,21,7,21,-14,7,21,-14,0.7985250353813171,0.020699070766568184,4.8538646660745144e-4,0.013380489312112331,0.13617226481437683,3.1078822212293744e-4,0.030426910147070885,0,0,0.4653953314991668,-0.1724696768214926,-16.109345118413593,16.109345118413593,-6.467088364122901,6.467088364122901,-6.989695689101205,6.989695689101205,NA,NA,NA,NA,NA,NA,NA,NA,NA,NA,NA,NA,0.14698757231235504,0.853012427687645,0.14698757231235504,0.853012427687645,-0.018671423196792603,-0.01263059675693512,-0.01263059675693512,0.12831614911556244,0.8716838508844376,0.24083757400512695,0.24083757400512695,-0.19671006500720978,0.19671006500720978,-0.19940249808513721,0.19940249808513721,NA,NA,NA,NA,NA,NA,NA,NA,NA,NA,NA,NA,0,0,0,0,0,0,0,0,0,0,0,0,0,0,0,0,0,0,0,0,0,0,0,0,1,0,0,0,0,0,0,0,0,1,0,0,0,0,0,0,0,0,0,0,0,1,0,0,0,0,0,00-0005755,J.Garcia,1,00-0015811,T.Streets,1,NA,NA,NA,NA,NA,NA,NA,NA,NA,NA,NA,NA,NA,NA,NA,NA,NA,NA,NA,NA,NA,NA,NA,NA,NA,NA,NA,NA,NA,NA,NA,NA,NA,NA,NA,NA,NA,NA,NA,NA,NA,NA,NA,NA,NA,PHI,NA,00-0006915,NA,A.Harris,NA,NA,NA,NA,NA,NA,NA,NA,NA,NA,NA,NA,NA,0,NA,NA,NA,NA,NA,NA,NA,NA,NA,NA,NA,NA,NA,NA,NA,NA,NA,NA,NA,NA,NA,NA,NA,NA,NA,NA,NA,NA,NA,NA,NA,0,NA,NA,NA,NA,0,NA,NA,0,0,0,0,NA,NA,2002,NA,NA,26,1,First down,1909,21:00:00,19:29:18,3COM Park,"Clear skies Temp: 64° F, Humidity: 28%, Wind: SE 8 mph",10160000-0182-69e4-1c08-4240bfea771a,0,0,PASS,0,NA,NA,SF 37,12,End of half,NA,5,0:55,1,0,0,2,2,-10,KICKOFF,NA,00:55,00:00,SF 33,SF 46,1862,2066,38,17,Home,-21,55,7,37.5,0,outdoors,grass,64,8,Steve Mariucci,Andy Reid,SFO00,3Com Park,0,0,J.Garcia,5,NA,NA,T.Streets,89,1,0,0,0,1,00-0005755,NA,00-0015811,J.Garcia,5,00-0005755,T.Streets,00-0015811,T.Streets,00-0015811,1,1,-0.1724696768214926,NA,NA,NA,NA,NA,NA,NA,NA,NA,NA,NA,NA,NA,NA,NA,NA,NA,Andy Reid,Steve Mariucci,0:29,NA,NA,Other,NA,NA,NA,NA,NA,NA,NA,NA
1930,2002_12_PHI_SF,2002112500,SF,PHI,REG,12,SF,home,PHI,SF,63,2002-11-25,25,25,1825,Half1,0,12,0,2,3,0,00:25,SF 37,6,13,(:25) (Shotgun) 5-J.Garcia pass to 81-T.Owens to SF 47 for 10 yards (21-B.Taylor). Caught at SF 46.,pass,10,1,0,1,0,0,0,NA,NA,NA,NA,NA,NA,NA,NA,NA,NA,3,1,0,NA,NA,NA,NA,3,1,7,21,7,21,-14,7,21,-14,0.8475494384765625,0.015232685953378677,4.27794671850279e-4,0.014657788909971714,0.10284256190061569,2.943369618151337e-4,0.01899535208940506,0,0,0.2929256546776742,0.49444398627383634,-15.614901132139757,15.614901132139757,-6.467088364122901,6.467088364122901,-6.495251702827368,6.495251702827368,NA,NA,NA,NA,NA,NA,NA,NA,NA,NA,NA,NA,0.12831614911556244,0.8716838508844376,0.12831614911556244,0.8716838508844376,0.012385115027427673,-0.020548030734062195,-0.020548030734062195,0.1407012641429901,0.8592987358570099,0.22820697724819183,0.22820697724819183,-0.19671006500720978,0.19671006500720978,-0.18701738305770954,0.18701738305770954,NA,NA,NA,NA,NA,NA,NA,NA,NA,NA,NA,NA,0,0,1,0,1,0,0,0,0,0,0,0,0,0,0,0,0,0,0,0,0,0,0,0,1,0,0,0,0,0,0,0,0,1,0,0,0,0,0,0,0,0,0,0,0,1,0,0,0,0,0,00-0005755,J.Garcia,10,00-0012478,T.Owens,10,NA,NA,NA,NA,NA,NA,NA,NA,NA,NA,NA,NA,NA,NA,NA,NA,NA,NA,NA,NA,NA,NA,NA,NA,NA,NA,NA,NA,NA,NA,NA,NA,NA,NA,NA,NA,NA,NA,NA,NA,NA,NA,NA,NA,NA,PHI,NA,00-0016082,NA,B.Taylor,NA,NA,NA,NA,NA,NA,NA,NA,NA,NA,NA,NA,NA,0,NA,NA,NA,NA,NA,NA,NA,NA,NA,NA,NA,NA,NA,NA,NA,NA,NA,NA,NA,NA,NA,NA,NA,NA,NA,NA,NA,NA,NA,NA,NA,0,NA,NA,NA,NA,0,NA,NA,0,0,0,0,NA,NA,2002,NA,NA,26,1,First down,1930,21:00:00,19:29:57,3COM Park,"Clear skies Temp: 64° F, Humidity: 28%, Wind: SE 8 mph",10160000-0182-69e4-1c08-4240bfea771a,0,0,PASS,0,NA,NA,SF 47,12,End of half,NA,5,0:55,1,0,0,2,2,-10,KICKOFF,NA,00:55,00:00,SF 33,SF 46,1862,2066,38,17,Home,-21,55,7,37.5,0,outdoors,grass,64,8,Steve Mariucci,Andy Reid,SFO00,3Com Park,0,1,J.Garcia,5,NA,NA,T.Owens,81,1,0,1,0,1,00-0005755,NA,00-0012478,J.Garcia,5,00-0005755,T.Owens,00-0012478,T.Owens,00-0012478,0,1,0.49444398627383634,NA,NA,NA,NA,NA,NA,NA,NA,NA,NA,NA,NA,NA,NA,NA,NA,NA,Andy Reid,Steve Mariucci,0:25,NA,NA,Other,NA,NA,NA,NA,NA,NA,NA,NA
1951,2002_12_PHI_SF,2002112500,SF,PHI,REG,12,NA,NA,NA,NA,NA,2002-11-25,20,20,1820,Half1,0,12,0,2,NA,0,00:20,SF 47,0,13,Timeout #1 by SF at 00:20.,no_play,0,0,0,0,0,0,0,NA,NA,NA,NA,NA,NA,NA,NA,NA,NA,2,1,1,SF,NA,NA,NA,NA,NA,7,21,NA,NA,NA,NA,NA,NA,0,0,0,0,0,0,0,0,0,0.7873696409515105,0,-15.614901132139757,15.614901132139757,-6.467088364122901,6.467088364122901,-6.495251702827368,6.495251702827368,NA,NA,NA,NA,NA,NA,NA,NA,NA,NA,NA,NA,0.1407012641429901,0.8592987358570099,0.1407012641429901,0.8592987358570099,0,0,0,NA,NA,0.20765894651412964,0.20765894651412964,-0.19671006500720978,0.19671006500720978,-0.18701738305770954,0.18701738305770954,NA,NA,NA,NA,NA,NA,NA,NA,NA,NA,NA,NA,0,0,0,0,0,0,0,0,0,0,0,0,0,0,0,0,0,0,0,0,0,0,0,0,0,0,0,0,0,0,0,0,0,0,0,0,0,0,0,0,0,0,0,0,0,0,0,0,0,0,0,NA,NA,NA,NA,NA,NA,NA,NA,NA,NA,NA,NA,NA,NA,NA,NA,NA,NA,NA,NA,NA,NA,NA,NA,NA,NA,NA,NA,NA,NA,NA,NA,NA,NA,NA,NA,NA,NA,NA,NA,NA,NA,NA,NA,NA,NA,NA,NA,NA,NA,NA,NA,NA,NA,NA,NA,NA,NA,NA,NA,NA,NA,NA,NA,NA,NA,NA,NA,NA,0,NA,NA,NA,NA,NA,NA,NA,NA,NA,NA,NA,NA,NA,NA,NA,NA,NA,NA,NA,NA,NA,NA,NA,NA,NA,NA,NA,NA,NA,NA,NA,0,NA,NA,NA,NA,0,NA,NA,0,0,0,0,NA,NA,2002,NA,NA,27,0,End of half,1951,21:00:00,19:30:20,3COM Park,"Clear skies Temp: 64° F, Humidity: 28%, Wind: SE 8 mph",10160000-0182-69e4-1c08-4240bfea771a,0,0,TIMEOUT,0,NA,NA,NA,12,End of half,NA,5,0:55,1,0,0,2,2,-10,KICKOFF,NA,00:55,00:00,SF 33,SF 46,1862,2066,38,17,Home,-21,55,7,37.5,0,outdoors,grass,64,8,Steve Mariucci,Andy Reid,SFO00,3Com Park,0,0,NA,NA,NA,NA,NA,NA,0,0,0,0,0,NA,NA,NA,NA,NA,NA,NA,NA,NA,NA,0,1,0,NA,NA,NA,NA,NA,NA,NA,NA,NA,NA,NA,NA,NA,NA,NA,NA,NA,Andy Reid,Steve Mariucci,0:20,NA,NA,Other,NA,NA,NA,NA,NA,NA,NA,NA
1968,2002_12_PHI_SF,2002112500,SF,PHI,REG,12,SF,home,PHI,SF,53,2002-11-25,20,20,1820,Half1,0,12,0,2,1,0,00:20,SF 47,10,13,"(:20) 5-J.Garcia pass incomplete to 89-T.Streets. PENALTY on SF-65-R.Stone, Offensive Holding, 10 yards, enforced at SF 47 - No Play.",no_play,0,0,0,0,0,0,0,NA,NA,NA,NA,NA,NA,NA,NA,NA,NA,2,1,0,NA,NA,NA,NA,2,1,7,21,7,21,-14,7,21,-14,0.7311937212944031,0.006019828375428915,3.4462378243915737e-4,0.00811960268765688,0.228916198015213,3.271009190939367e-4,0.025078970938920975,0,0,0.7873696409515105,-0.693367232743185,-16.30826836488294,16.30826836488294,-6.467088364122901,6.467088364122901,-6.495251702827368,6.495251702827368,NA,NA,NA,NA,NA,NA,NA,NA,NA,NA,NA,NA,0.1407012641429901,0.8592987358570099,0.1407012641429901,0.8592987358570099,-0.014184892177581787,-0.007574841380119324,-0.007574841380119324,NA,NA,0.20765894651412964,0.20765894651412964,-0.19671006500720978,0.19671006500720978,-0.18701738305770954,0.18701738305770954,NA,NA,NA,NA,NA,NA,NA,NA,NA,NA,NA,NA,0,0,0,0,0,0,0,0,0,0,0,0,0,0,0,0,0,0,0,0,0,0,0,0,0,0,1,0,0,0,0,0,0,0,0,0,0,0,0,0,0,0,0,0,0,0,0,0,0,0,0,NA,NA,NA,NA,NA,NA,NA,NA,NA,NA,NA,NA,NA,NA,NA,NA,NA,NA,NA,NA,NA,NA,NA,NA,NA,NA,NA,NA,NA,NA,NA,NA,NA,NA,NA,NA,NA,NA,NA,NA,NA,NA,NA,NA,NA,NA,NA,NA,NA,NA,NA,NA,NA,NA,NA,NA,NA,NA,NA,NA,NA,NA,NA,NA,NA,NA,NA,NA,NA,0,NA,NA,NA,NA,NA,NA,NA,NA,NA,NA,NA,NA,NA,NA,NA,NA,NA,NA,NA,NA,NA,NA,NA,NA,NA,NA,NA,NA,NA,NA,NA,0,SF,00-0015761,R.Stone,10,0,NA,Offensive Holding,0,0,0,0,NA,NA,2002,NA,NA,27,0,End of half,1968,21:00:00,19:31:05,3COM Park,"Clear skies Temp: 64° F, Humidity: 28%, Wind: SE 8 mph",10160000-0182-69e4-1c08-4240bfea771a,0,0,PENALTY,0,NA,NA,SF 37,12,End of half,NA,5,0:55,1,0,0,2,2,-10,KICKOFF,NA,00:55,00:00,SF 33,SF 46,1862,2066,38,17,Home,-21,55,7,37.5,0,outdoors,grass,64,8,Steve Mariucci,Andy Reid,SFO00,3Com Park,0,0,J.Garcia,5,NA,NA,T.Streets,89,1,0,0,0,1,00-0005755,NA,00-0015811,J.Garcia,5,00-0005755,NA,NA,T.Streets,00-0015811,0,1,-0.693367232743185,NA,NA,NA,NA,NA,NA,NA,NA,NA,NA,NA,NA,NA,NA,NA,NA,NA,Andy Reid,Steve Mariucci,0:20,NA,NA,Other (Penalty),NA,NA,NA,NA,NA,NA,NA,NA
1990,2002_12_PHI_SF,2002112500,SF,PHI,REG,12,SF,home,PHI,SF,63,2002-11-25,14,14,1814,Half1,0,12,0,2,1,0,00:14,SF 37,20,13,"(:14) (Shotgun) 5-J.Garcia pass to 20-G.Hearst to SF 46 for 9 yards (20-B.Dawkins, 58-I.Reese). Caught at SF 36.",pass,9,1,0,1,0,0,0,NA,NA,NA,NA,NA,NA,NA,NA,NA,NA,2,1,0,NA,NA,NA,NA,2,1,7,21,7,21,-14,7,21,-14,0.9114901423454285,0.00472075492143631,5.70281408727169e-4,0.01852199248969555,0.053117893636226654,2.893131459131837e-4,0.011289553716778755,0,0,0.0940024082083255,0.07197932474082336,-16.23628904014212,16.23628904014212,-6.467088364122901,6.467088364122901,-6.423272378086545,6.423272378086545,NA,NA,NA,NA,NA,NA,NA,NA,NA,NA,NA,NA,0.12651637196540833,0.8734836280345917,0.12651637196540833,0.8734836280345917,-0.004805773496627808,0.0022925138473510742,0.0022925138473510742,0.12171059846878052,0.8782894015312195,0.20008410513401031,0.20008410513401031,-0.19671006500720978,0.19671006500720978,-0.19182315655433735,0.19182315655433735,NA,NA,NA,NA,NA,NA,NA,NA,NA,NA,NA,NA,0,0,0,0,0,0,0,0,0,0,0,0,0,0,0,0,0,0,0,0,0,0,0,0,0,0,0,0,0,0,0,0,0,1,0,0,0,0,0,0,0,0,0,0,0,1,1,0,0,0,0,00-0005755,J.Garcia,9,00-0007180,G.Hearst,9,NA,NA,NA,NA,NA,NA,NA,NA,NA,NA,NA,NA,NA,NA,NA,NA,NA,NA,NA,NA,NA,NA,NA,NA,NA,NA,NA,NA,NA,NA,NA,NA,NA,NA,NA,NA,NA,NA,NA,NA,NA,NA,NA,NA,NA,NA,NA,NA,NA,NA,NA,00-0013535,I.Reese,PHI,NA,NA,NA,NA,NA,NA,NA,NA,NA,1,00-0004073,B.Dawkins,PHI,NA,NA,NA,NA,NA,NA,NA,NA,NA,NA,NA,NA,NA,NA,NA,NA,NA,NA,NA,NA,NA,NA,NA,NA,NA,NA,NA,NA,0,NA,NA,NA,NA,0,NA,NA,0,0,0,0,NA,NA,2002,NA,NA,27,0,End of half,1990,21:00:00,19:32:07,3COM Park,"Clear skies Temp: 64° F, Humidity: 28%, Wind: SE 8 mph",10160000-0182-69e4-1c08-4240bfea771a,0,0,PASS,0,NA,NA,SF 46,12,End of half,NA,5,0:55,1,0,0,2,2,-10,KICKOFF,NA,00:55,00:00,SF 33,SF 46,1862,2066,38,17,Home,-21,55,7,37.5,0,outdoors,grass,64,8,Steve Mariucci,Andy Reid,SFO00,3Com Park,0,1,J.Garcia,5,NA,NA,G.Hearst,20,1,0,0,0,1,00-0005755,NA,00-0007180,J.Garcia,5,00-0005755,G.Hearst,00-0007180,G.Hearst,00-0007180,0,1,0.07197932474082336,NA,NA,NA,NA,NA,NA,NA,NA,NA,NA,NA,NA,NA,NA,NA,NA,NA,Andy Reid,Steve Mariucci,0:14,NA,NA,Other,NA,NA,NA,NA,NA,NA,NA,NA
2027,2002_12_PHI_SF,2002112500,SF,PHI,REG,12,NA,NA,NA,NA,NA,2002-11-25,4,4,1804,Half1,0,12,0,2,NA,0,00:04,SF 46,0,13,Timeout #2 by SF at 00:04.,no_play,0,0,0,0,0,0,0,NA,NA,NA,NA,NA,NA,NA,NA,NA,NA,1,1,1,SF,NA,NA,NA,NA,NA,7,21,NA,NA,NA,NA,NA,NA,0,0,0,0,0,0,0,0,0,0.16598173294914886,0,-16.23628904014212,16.23628904014212,-6.467088364122901,6.467088364122901,-6.423272378086545,6.423272378086545,NA,NA,NA,NA,NA,NA,NA,NA,NA,NA,NA,NA,0.12171059846878052,0.8782894015312195,0.12171059846878052,0.8782894015312195,0,0,0,NA,NA,0.2023766189813614,0.2023766189813614,-0.19671006500720978,0.19671006500720978,-0.19182315655433735,0.19182315655433735,NA,NA,NA,NA,NA,NA,NA,NA,NA,NA,NA,NA,0,0,0,0,0,0,0,0,0,0,0,0,0,0,0,0,0,0,0,0,0,0,0,0,0,0,0,0,0,0,0,0,0,0,0,0,0,0,0,0,0,0,0,0,0,0,0,0,0,0,0,NA,NA,NA,NA,NA,NA,NA,NA,NA,NA,NA,NA,NA,NA,NA,NA,NA,NA,NA,NA,NA,NA,NA,NA,NA,NA,NA,NA,NA,NA,NA,NA,NA,NA,NA,NA,NA,NA,NA,NA,NA,NA,NA,NA,NA,NA,NA,NA,NA,NA,NA,NA,NA,NA,NA,NA,NA,NA,NA,NA,NA,NA,NA,NA,NA,NA,NA,NA,NA,0,NA,NA,NA,NA,NA,NA,NA,NA,NA,NA,NA,NA,NA,NA,NA,NA,NA,NA,NA,NA,NA,NA,NA,NA,NA,NA,NA,NA,NA,NA,NA,0,NA,NA,NA,NA,0,NA,NA,0,0,0,0,NA,NA,2002,NA,NA,27,0,End of half,2027,21:00:00,19:32:36,3COM Park,"Clear skies Temp: 64° F, Humidity: 28%, Wind: SE 8 mph",10160000-0182-69e4-1c08-4240bfea771a,0,0,TIMEOUT,0,NA,NA,NA,12,End of half,NA,5,0:55,1,0,0,2,2,-10,KICKOFF,NA,00:55,00:00,SF 33,SF 46,1862,2066,38,17,Home,-21,55,7,37.5,0,outdoors,grass,64,8,Steve Mariucci,Andy Reid,SFO00,3Com Park,0,0,NA,NA,NA,NA,NA,NA,0,0,0,0,0,NA,NA,NA,NA,NA,NA,NA,NA,NA,NA,0,1,0,NA,NA,NA,NA,NA,NA,NA,NA,NA,NA,NA,NA,NA,NA,NA,NA,NA,Andy Reid,Steve Mariucci,0:04,NA,NA,Other,NA,NA,NA,NA,NA,NA,NA,NA
2044,2002_12_PHI_SF,2002112500,SF,PHI,REG,12,SF,home,PHI,SF,54,2002-11-25,4,4,1804,Half1,0,12,0,2,2,0,00:04,SF 46,11,13,(:04) (Shotgun) 5-J.Garcia pass incomplete to 82-E.Johnson.,pass,0,1,0,1,0,0,0,NA,NA,NA,NA,NA,NA,NA,NA,NA,NA,1,1,0,NA,NA,NA,NA,1,1,7,21,7,21,-14,7,21,-14,0.9298332929611206,0.0014852762687951326,4.4604120193980634e-4,0.006975268945097923,0.05177538841962814,3.1259405659511685e-4,0.009172167629003525,0,0,0.16598173294914886,-0.16598173294914886,-16.402270773091267,16.402270773091267,-6.467088364122901,6.467088364122901,-6.589254111035694,6.589254111035694,NA,NA,NA,NA,NA,NA,NA,NA,NA,NA,NA,NA,0.12171059846878052,0.8782894015312195,0.12171059846878052,0.8782894015312195,-0.011913955211639404,0.012517079710960388,0.012517079710960388,0.10979664325714111,0.8902033567428589,0.2023766189813614,0.2023766189813614,-0.19671006500720978,0.19671006500720978,-0.20373711176597675,0.20373711176597675,NA,NA,NA,NA,NA,NA,NA,NA,NA,NA,NA,NA,0,0,0,0,0,0,0,0,1,0,0,0,0,0,0,0,0,0,0,0,0,0,0,0,0,0,0,0,0,0,0,0,0,1,0,0,0,0,0,0,0,0,0,0,0,0,0,0,0,0,0,00-0005755,J.Garcia,NA,00-0020455,E.Johnson,NA,NA,NA,NA,NA,NA,NA,NA,NA,NA,NA,NA,NA,NA,NA,NA,NA,NA,NA,NA,NA,NA,NA,NA,NA,NA,NA,NA,NA,NA,NA,NA,NA,NA,NA,NA,NA,NA,NA,NA,NA,NA,NA,NA,NA,NA,NA,NA,NA,NA,NA,NA,NA,NA,NA,NA,NA,NA,NA,NA,NA,NA,NA,NA,0,NA,NA,NA,NA,NA,NA,NA,NA,NA,NA,NA,NA,NA,NA,NA,NA,NA,NA,NA,NA,NA,NA,NA,NA,NA,NA,NA,NA,NA,NA,NA,0,NA,NA,NA,NA,0,NA,NA,0,0,0,0,NA,NA,2002,NA,NA,27,0,End of half,2044,21:00:00,19:33:24,3COM Park,"Clear skies Temp: 64° F, Humidity: 28%, Wind: SE 8 mph",10160000-0182-69e4-1c08-4240bfea771a,0,0,PASS,0,NA,NA,SF 46,12,End of half,NA,5,0:55,1,0,0,2,2,-10,KICKOFF,NA,00:55,00:00,SF 33,SF 46,1862,2066,38,17,Home,-21,55,7,37.5,0,outdoors,grass,64,8,Steve Mariucci,Andy Reid,SFO00,3Com Park,0,0,J.Garcia,5,NA,NA,E.Johnson,82,1,0,0,0,1,00-0005755,NA,00-0020455,J.Garcia,5,00-0005755,E.Johnson,00-0020455,E.Johnson,00-0020455,0,1,-0.16598173294914886,NA,NA,NA,NA,NA,NA,NA,NA,NA,NA,NA,NA,NA,NA,NA,NA,NA,Andy Reid,Steve Mariucci,0:04,NA,NA,Other,NA,NA,NA,NA,NA,NA,NA,NA
2066,2002_12_PHI_SF,2002112500,SF,PHI,REG,12,NA,NA,NA,NA,NA,2002-11-25,0,0,1800,Half1,1,12,0,2,NA,0,00:00,SF 30,0,13,END QUARTER 2,NA,NA,0,0,NA,0,0,0,NA,NA,NA,NA,NA,NA,NA,NA,NA,NA,1,1,NA,NA,NA,NA,NA,NA,NA,7,21,NA,NA,NA,NA,NA,NA,0,0,0,0,0,0,0,0,0,NA,NA,-16.402270773091267,16.402270773091267,-6.467088364122901,6.467088364122901,-6.589254111035694,6.589254111035694,NA,NA,NA,NA,NA,NA,NA,NA,NA,NA,NA,NA,0.8902033567428589,0.10979664325714111,0.10979664325714111,0.8902033567428589,-0,-0,0,NA,NA,0.7851063013076782,0.21489369869232178,-0.19671006500720978,0.19671006500720978,-0.20373711176597675,0.20373711176597675,NA,NA,NA,NA,NA,NA,NA,NA,NA,NA,NA,NA,NA,NA,NA,NA,NA,NA,NA,NA,NA,0,NA,NA,NA,NA,NA,NA,NA,NA,NA,NA,NA,NA,NA,NA,NA,NA,NA,NA,NA,NA,NA,NA,NA,NA,NA,NA,NA,NA,NA,NA,NA,NA,NA,NA,NA,NA,NA,NA,NA,NA,NA,NA,NA,NA,NA,NA,NA,NA,NA,NA,NA,NA,NA,NA,NA,NA,NA,NA,NA,NA,NA,NA,NA,NA,NA,NA,NA,NA,NA,NA,NA,NA,NA,NA,NA,NA,NA,NA,NA,NA,NA,NA,NA,NA,NA,NA,NA,NA,NA,NA,NA,NA,NA,NA,NA,NA,NA,NA,NA,NA,NA,NA,NA,NA,NA,NA,NA,NA,NA,NA,NA,NA,NA,NA,NA,NA,NA,NA,NA,NA,NA,NA,NA,NA,NA,NA,NA,NA,NA,NA,NA,NA,NA,NA,NA,NA,NA,NA,NA,NA,NA,NA,NA,NA,NA,NA,NA,0,NA,NA,NA,NA,NA,NA,NA,NA,2002,NA,NA,27,0,End of half,2066,21:00:00,NA,3COM Park,"Clear skies Temp: 64° F, Humidity: 28%, Wind: SE 8 mph",10160000-0182-69e4-1c08-4240bfea771a,0,0,END_QUARTER,0,NA,NA,NA,12,End of half,NA,5,0:55,1,0,0,2,2,-10,KICKOFF,NA,00:55,00:00,SF 33,SF 46,1862,2066,38,17,Home,-21,55,7,37.5,0,outdoors,grass,64,8,Steve Mariucci,Andy Reid,SFO00,3Com Park,0,NA,NA,NA,NA,NA,NA,NA,0,0,NA,0,0,NA,NA,NA,NA,NA,NA,NA,NA,NA,NA,0,1,NA,NA,NA,NA,NA,NA,NA,NA,NA,NA,NA,NA,NA,NA,NA,NA,NA,NA,Andy Reid,Steve Mariucci,0:00,NA,NA,NA,NA,NA,NA,NA,NA,NA,NA,NA
2082,2002_12_PHI_SF,2002112500,SF,PHI,REG,12,PHI,away,SF,SF,30,2002-11-25,900,1800,1800,Half2,0,13,0,3,NA,0,15:00,SF 30,0,8,3-J.Chandler kicks 67 yards from SF 30 to PHI 3. 30-B.Mitchell to PHI 28 for 25 yards (95-J.Engelberger).,kickoff,0,0,0,0,0,0,0,NA,NA,NA,NA,NA,NA,NA,67,NA,NA,3,3,0,NA,NA,NA,NA,3,3,7,21,21,7,14,21,7,14,0.00840418878942728,0.18858635425567627,0.0057108839973807335,0.3130587041378021,0.18593928217887878,0.003402943490073085,0.2948976755142212,0,0,-0.13968429761007428,0.5081116235814989,-16.910382396672766,16.910382396672766,-6.467088364122901,6.467088364122901,-6.589254111035694,6.589254111035694,NA,NA,NA,NA,NA,NA,NA,NA,NA,NA,NA,NA,0.8902033567428589,0.10979664325714111,0.10979664325714111,0.8902033567428589,0.004980504512786865,0.010519087314605713,-0.010519087314605713,0.10481613874435425,0.8951838612556458,0.7851063013076782,0.21489369869232178,-0.19671006500720978,0.19671006500720978,-0.20373711176597675,0.20373711176597675,NA,NA,NA,NA,NA,NA,NA,NA,NA,NA,NA,NA,0,0,0,0,0,0,0,0,0,0,0,0,0,0,0,0,0,0,0,0,0,0,0,0,1,0,0,0,0,0,0,0,0,0,0,0,0,0,0,0,0,0,1,0,0,0,0,0,0,0,0,NA,NA,NA,NA,NA,NA,NA,NA,NA,NA,NA,NA,NA,NA,NA,NA,NA,NA,NA,NA,NA,NA,NA,NA,NA,B.Mitchell,00-0011399,NA,NA,NA,NA,J.Chandler,00-0021226,NA,NA,NA,NA,NA,NA,NA,NA,NA,NA,NA,NA,NA,NA,NA,NA,NA,NA,SF,NA,00-0019651,NA,J.Engelberger,NA,NA,NA,NA,NA,NA,NA,NA,NA,NA,NA,NA,NA,0,NA,NA,NA,NA,NA,NA,NA,NA,NA,NA,NA,NA,NA,NA,NA,NA,NA,NA,NA,NA,NA,NA,NA,NA,NA,NA,NA,NA,NA,NA,PHI,25,NA,NA,NA,NA,0,NA,NA,0,0,0,0,NA,NA,2002,NA,NA,28,0,Punt,2082,21:00:00,19:47:48,3COM Park,"Clear skies Temp: 64° F, Humidity: 28%, Wind: SE 8 mph",10160000-0182-69e4-1c08-4240bfea771a,0,0,KICK_OFF,1,NA,NA,PHI 28,13,Punt,NA,4,2:25,0,0,0,3,3,-10,KICKOFF,PUNT,15:00,12:35,PHI 28,PHI 36,2082,2204,38,17,Home,-21,55,7,37.5,0,outdoors,grass,64,8,Steve Mariucci,Andy Reid,SFO00,3Com Park,0,1,NA,NA,NA,NA,NA,NA,0,0,0,1,0,NA,NA,NA,NA,NA,NA,NA,NA,NA,NA,0,1,0.5081116235814989,NA,NA,NA,NA,NA,NA,NA,NA,NA,NA,NA,NA,NA,NA,NA,NA,NA,Andy Reid,Steve Mariucci,15:00,NA,NA,Other,NA,NA,NA,NA,NA,NA,NA,NA
2104,2002_12_PHI_SF,2002112500,SF,PHI,REG,12,PHI,away,SF,PHI,72,2002-11-25,893,1793,1793,Half2,0,13,0,3,1,0,14:53,PHI 28,10,8,"(14:53) 22-D.Staley right guard to PHI 29 for 1 yard (96-A.Carter, 50-D.Smith).",run,1,0,0,0,0,0,0,NA,NA,NA,NA,right,guard,NA,NA,NA,NA,3,3,0,NA,NA,NA,NA,3,3,7,21,21,7,14,21,7,14,0.008625440299510956,0.16673488914966583,0.004311622120440006,0.2865409553050995,0.20883478224277496,0.003625746350735426,0.3213265836238861,0,0,0.3684273259714246,-0.31472854781895876,-16.595653848853807,16.595653848853807,-6.152359816303942,6.152359816303942,-6.589254111035694,6.589254111035694,NA,NA,NA,NA,NA,NA,NA,NA,NA,NA,NA,NA,0.8951838612556458,0.10481613874435425,0.10481613874435425,0.8951838612556458,-0.008158385753631592,8.028745651245117e-5,-8.028745651245117e-5,0.11297452449798584,0.8870254755020142,0.7956253886222839,0.20437461137771606,-0.18855167925357819,0.18855167925357819,-0.20373711176597675,0.20373711176597675,NA,NA,NA,NA,NA,NA,NA,NA,NA,NA,NA,NA,0,0,0,0,0,0,0,0,0,0,0,0,0,0,0,0,0,0,0,0,0,0,0,0,0,0,0,0,0,0,0,0,1,0,0,0,0,0,0,0,0,0,0,0,0,0,1,0,0,0,0,NA,NA,NA,NA,NA,NA,00-0015523,D.Staley,1,NA,NA,NA,NA,NA,NA,NA,NA,NA,NA,NA,NA,NA,NA,NA,NA,NA,NA,NA,NA,NA,NA,NA,NA,NA,NA,NA,NA,NA,NA,NA,NA,NA,NA,NA,NA,NA,NA,NA,NA,NA,NA,NA,NA,NA,NA,NA,NA,00-0015151,D.Smith,SF,NA,NA,NA,NA,NA,NA,NA,NA,NA,1,00-0020489,A.Carter,SF,NA,NA,NA,NA,NA,NA,NA,NA,NA,NA,NA,NA,NA,NA,NA,NA,NA,NA,NA,NA,NA,NA,NA,NA,NA,NA,NA,NA,0,NA,NA,NA,NA,0,NA,NA,0,0,0,0,NA,NA,2002,NA,NA,28,0,Punt,2104,21:00:00,19:48:34,3COM Park,"Clear skies Temp: 64° F, Humidity: 28%, Wind: SE 8 mph",10160000-0182-69e4-1c08-4240bfea771a,0,0,RUSH,0,NA,NA,PHI 29,13,Punt,NA,4,2:25,0,0,0,3,3,-10,KICKOFF,PUNT,15:00,12:35,PHI 28,PHI 36,2082,2204,38,17,Home,-21,55,7,37.5,0,outdoors,grass,64,8,Steve Mariucci,Andy Reid,SFO00,3Com Park,0,0,NA,NA,D.Staley,22,NA,NA,0,1,0,0,1,NA,00-0015523,NA,D.Staley,22,00-0015523,D.Staley,00-0015523,D.Staley,00-0015523,0,1,-0.31472854781895876,NA,NA,NA,NA,NA,NA,NA,NA,NA,NA,NA,NA,NA,NA,NA,NA,NA,Andy Reid,Steve Mariucci,14:53,NA,NA,Other,NA,NA,NA,NA,NA,NA,NA,NA
2125,2002_12_PHI_SF,2002112500,SF,PHI,REG,12,PHI,away,SF,PHI,71,2002-11-25,857,1757,1757,Half2,0,13,0,3,2,0,14:17,PHI 29,9,8,"(14:17) 80-J.Thrash left end ran ob at PHI 33 for 4 yards (98-J.Peterson, 38-R.Heard). PENALTY on PHI-87-T.Pinkston, Offensive Holding, 10 yards, enforced at PHI 33.",run,4,0,0,0,0,0,0,NA,NA,NA,NA,left,end,NA,NA,NA,NA,3,3,0,NA,NA,NA,NA,3,3,7,21,21,7,14,21,7,14,0.010226587764918804,0.1761644333600998,0.004466834478080273,0.3028808832168579,0.20346085727214813,0.003738674335181713,0.29906171560287476,0,0,0.05369877815246582,-0.887501884251833,-15.708151964601974,15.708151964601974,-5.264857932052109,5.264857932052109,-6.589254111035694,6.589254111035694,NA,NA,NA,NA,NA,NA,NA,NA,NA,NA,NA,NA,0.8870254755020142,0.11297452449798584,0.11297452449798584,0.8870254755020142,-0.006988346576690674,-0.0184594988822937,0.0184594988822937,0.11996287107467651,0.8800371289253235,0.7957056760787964,0.2042943239212036,-0.1815633326768875,0.1815633326768875,-0.20373711176597675,0.20373711176597675,NA,NA,NA,NA,NA,NA,NA,NA,NA,NA,NA,NA,0,0,0,0,0,0,0,0,0,0,0,0,0,0,0,0,0,0,0,0,0,0,0,0,0,0,1,0,0,0,0,0,1,0,0,0,0,0,0,0,0,0,0,0,0,0,1,0,0,0,0,NA,NA,NA,NA,NA,NA,00-0016440,J.Thrash,4,NA,NA,NA,NA,NA,NA,NA,NA,NA,NA,NA,NA,NA,NA,NA,NA,NA,NA,NA,NA,NA,NA,NA,NA,NA,NA,NA,NA,NA,NA,NA,NA,NA,NA,NA,NA,NA,NA,NA,NA,NA,NA,NA,NA,NA,NA,NA,NA,00-0019070,R.Heard,SF,NA,NA,NA,NA,NA,NA,NA,NA,NA,1,00-0019695,J.Peterson,SF,NA,NA,NA,NA,NA,NA,NA,NA,NA,NA,NA,NA,NA,NA,NA,NA,NA,NA,NA,NA,NA,NA,NA,NA,NA,NA,NA,NA,0,PHI,00-0019606,T.Pinkston,10,0,NA,Offensive Holding,0,0,0,0,NA,NA,2002,NA,NA,28,0,Punt,2125,21:00:00,19:49:11,3COM Park,"Clear skies Temp: 64° F, Humidity: 28%, Wind: SE 8 mph",10160000-0182-69e4-1c08-4240bfea771a,0,0,RUSH,0,NA,NA,PHI 23,13,Punt,NA,4,2:25,0,0,0,3,3,-10,KICKOFF,PUNT,15:00,12:35,PHI 28,PHI 36,2082,2204,38,17,Home,-21,55,7,37.5,0,outdoors,grass,64,8,Steve Mariucci,Andy Reid,SFO00,3Com Park,0,0,NA,NA,J.Thrash,80,NA,NA,0,1,0,0,1,NA,00-0016440,NA,J.Thrash,80,00-0016440,J.Thrash,00-0016440,J.Thrash,00-0016440,1,1,-0.887501884251833,NA,NA,NA,NA,NA,NA,NA,NA,NA,NA,NA,NA,NA,NA,NA,NA,NA,Andy Reid,Steve Mariucci,14:17,NA,NA,Other (Penalty),NA,NA,NA,NA,NA,NA,NA,NA
2162,2002_12_PHI_SF,2002112500,SF,PHI,REG,12,PHI,away,SF,PHI,77,2002-11-25,857,1757,1757,Half2,0,13,0,3,2,0,14:17,PHI 23,15,8,(14:17) 10-K.Detmer pass to 25-D.Levens to PHI 25 for 2 yards (94-D.Stubblefield). Caught at PHI 23.,pass,2,0,0,1,0,0,0,NA,NA,NA,NA,NA,NA,NA,NA,NA,NA,3,3,0,NA,NA,NA,NA,3,3,7,21,21,7,14,21,7,14,0.009553426876664162,0.2156718373298645,0.006501510739326477,0.3492835760116577,0.16051796078681946,0.003931006416678429,0.25454065203666687,0,0,-0.8338031060993671,-0.34164470341056585,-15.366507261191408,15.366507261191408,-5.264857932052109,5.264857932052109,-6.247609407625128,6.247609407625128,NA,NA,NA,NA,NA,NA,NA,NA,NA,NA,NA,NA,0.8800371289253235,0.11996287107467651,0.11996287107467651,0.8800371289253235,-0.009107410907745361,-0.0033279061317443848,0.0033279061317443848,0.12907028198242188,0.8709297180175781,0.7772461771965027,0.22275382280349731,-0.1815633326768875,0.1815633326768875,-0.1946297008582314,0.1946297008582314,NA,NA,NA,NA,NA,NA,NA,NA,NA,NA,NA,NA,0,0,0,0,0,0,0,0,0,0,0,0,0,0,0,0,0,0,0,0,0,0,0,0,1,0,0,0,0,0,0,0,0,1,0,0,0,0,0,0,0,0,0,0,0,1,0,0,0,0,0,00-0004229,K.Detmer,2,00-0009829,D.Levens,2,NA,NA,NA,NA,NA,NA,NA,NA,NA,NA,NA,NA,NA,NA,NA,NA,NA,NA,NA,NA,NA,NA,NA,NA,NA,NA,NA,NA,NA,NA,NA,NA,NA,NA,NA,NA,NA,NA,NA,NA,NA,NA,NA,NA,NA,SF,NA,00-0015847,NA,D.Stubblefield,NA,NA,NA,NA,NA,NA,NA,NA,NA,NA,NA,NA,NA,0,NA,NA,NA,NA,NA,NA,NA,NA,NA,NA,NA,NA,NA,NA,NA,NA,NA,NA,NA,NA,NA,NA,NA,NA,NA,NA,NA,NA,NA,NA,NA,0,NA,NA,NA,NA,0,NA,NA,0,0,0,0,NA,NA,2002,NA,NA,28,0,Punt,2162,21:00:00,NA,3COM Park,"Clear skies Temp: 64° F, Humidity: 28%, Wind: SE 8 mph",10160000-0182-69e4-1c08-4240bfea771a,0,0,PASS,0,NA,NA,PHI 25,13,Punt,NA,4,2:25,0,0,0,3,3,-10,KICKOFF,PUNT,15:00,12:35,PHI 28,PHI 36,2082,2204,38,17,Home,-21,55,7,37.5,0,outdoors,grass,64,8,Steve Mariucci,Andy Reid,SFO00,3Com Park,0,0,K.Detmer,10,NA,NA,D.Levens,25,1,0,0,0,1,00-0004229,NA,00-0009829,K.Detmer,10,00-0004229,D.Levens,00-0009829,D.Levens,00-0009829,0,1,-0.34164470341056585,NA,NA,NA,NA,NA,NA,NA,NA,NA,NA,NA,NA,NA,NA,NA,NA,NA,Andy Reid,Steve Mariucci,14:17,NA,NA,Other,NA,NA,NA,NA,NA,NA,NA,NA
2183,2002_12_PHI_SF,2002112500,SF,PHI,REG,12,PHI,away,SF,PHI,75,2002-11-25,802,1702,1702,Half2,0,13,0,3,3,0,13:22,PHI 25,13,8,"(13:22) 10-K.Detmer pass to 87-T.Pinkston to PHI 36 for 11 yards (29-A.Plummer, 96-A.Carter). Caught at PHI 30.",pass,11,0,0,1,0,0,0,NA,NA,NA,NA,NA,NA,NA,NA,NA,NA,3,3,0,NA,NA,NA,NA,3,3,7,21,21,7,14,21,7,14,0.009790211915969849,0.22871828079223633,0.006630210671573877,0.3677199184894562,0.14822733402252197,0.003814627416431904,0.23509937524795532,0,0,-1.175447809509933,0.047783234156668186,-15.414290495348077,15.414290495348077,-5.264857932052109,5.264857932052109,-6.295392641781796,6.295392641781796,NA,NA,NA,NA,NA,NA,NA,NA,NA,NA,NA,NA,0.8709297180175781,0.12907028198242188,0.12907028198242188,0.8709297180175781,0.026141881942749023,0.016735374927520752,-0.016735374927520752,0.10292840003967285,0.8970715999603271,0.7739182710647583,0.2260817289352417,-0.1815633326768875,0.1815633326768875,-0.22077158280098041,0.22077158280098041,NA,NA,NA,NA,NA,NA,NA,NA,NA,NA,NA,NA,0,0,0,0,0,1,0,0,0,0,0,0,0,0,0,0,0,0,0,0,0,0,0,0,0,0,0,0,0,0,0,0,0,1,0,0,0,0,0,0,0,0,0,0,0,1,1,0,0,0,0,00-0004229,K.Detmer,11,00-0019606,T.Pinkston,11,NA,NA,NA,NA,NA,NA,NA,NA,NA,NA,NA,NA,NA,NA,NA,NA,NA,NA,NA,NA,NA,NA,NA,NA,NA,NA,NA,NA,NA,NA,NA,NA,NA,NA,NA,NA,NA,NA,NA,NA,NA,NA,NA,NA,NA,NA,NA,NA,NA,NA,NA,00-0020489,A.Carter,SF,NA,NA,NA,NA,NA,NA,NA,NA,NA,1,00-0019603,A.Plummer,SF,NA,NA,NA,NA,NA,NA,NA,NA,NA,NA,NA,NA,NA,NA,NA,NA,NA,NA,NA,NA,NA,NA,NA,NA,NA,NA,NA,NA,0,NA,NA,NA,NA,0,NA,NA,0,0,0,0,NA,NA,2002,NA,NA,28,0,Punt,2183,21:00:00,19:50:44,3COM Park,"Clear skies Temp: 64° F, Humidity: 28%, Wind: SE 8 mph",10160000-0182-69e4-1c08-4240bfea771a,0,0,PASS,0,NA,NA,PHI 36,13,Punt,NA,4,2:25,0,0,0,3,3,-10,KICKOFF,PUNT,15:00,12:35,PHI 28,PHI 36,2082,2204,38,17,Home,-21,55,7,37.5,0,outdoors,grass,64,8,Steve Mariucci,Andy Reid,SFO00,3Com Park,0,1,K.Detmer,10,NA,NA,T.Pinkston,87,1,0,0,0,1,00-0004229,NA,00-0019606,K.Detmer,10,00-0004229,T.Pinkston,00-0019606,T.Pinkston,00-0019606,0,1,0.047783234156668186,NA,NA,NA,NA,NA,NA,NA,NA,NA,NA,NA,NA,NA,NA,NA,NA,NA,Andy Reid,Steve Mariucci,13:22,NA,NA,Other,NA,NA,NA,NA,NA,NA,NA,NA
2204,2002_12_PHI_SF,2002112500,SF,PHI,REG,12,PHI,away,SF,PHI,64,2002-11-25,760,1660,1660,Half2,0,13,0,3,4,0,12:40,PHI 36,2,8,"(12:40) 7-S.Landeta punts 40 yards to SF 24, Center-88-M.Bartrum, fair catch by 23-J.Williams.",punt,0,0,0,0,0,0,0,NA,NA,NA,NA,NA,NA,NA,40,NA,NA,3,3,0,NA,NA,NA,NA,3,3,7,21,21,7,14,21,7,14,0.010763417929410934,0.213910773396492,0.004651208873838186,0.37153807282447815,0.16223874688148499,0.00417278753593564,0.23272497951984406,0,0,-1.1276645753532648,0.14363369205966592,-15.557924187407743,15.557924187407743,-5.264857932052109,5.264857932052109,-6.295392641781796,6.295392641781796,NA,NA,NA,NA,NA,NA,NA,NA,NA,NA,NA,NA,0.8970715999603271,0.10292840003967285,0.10292840003967285,0.8970715999603271,-0.02915942668914795,-0.010315895080566406,0.010315895080566406,0.1320878267288208,0.8679121732711792,0.790653645992279,0.20934635400772095,-0.1815633326768875,0.1815633326768875,-0.22077158280098041,0.22077158280098041,NA,NA,NA,NA,NA,NA,NA,NA,NA,NA,NA,NA,0,0,0,0,0,0,0,0,0,0,0,0,0,0,0,1,0,0,0,0,0,0,0,0,0,0,0,0,0,0,0,0,0,0,0,0,0,0,0,0,0,0,0,1,0,0,0,0,0,0,0,NA,NA,NA,NA,NA,NA,NA,NA,NA,NA,NA,NA,NA,NA,NA,NA,NA,NA,NA,NA,NA,00-0020327,J.Williams,NA,NA,NA,NA,NA,NA,00-0009584,S.Landeta,NA,NA,NA,NA,NA,NA,NA,NA,NA,NA,NA,NA,NA,NA,NA,NA,NA,NA,NA,NA,NA,NA,NA,NA,NA,NA,NA,NA,NA,NA,NA,NA,NA,NA,NA,NA,NA,NA,0,NA,NA,NA,NA,NA,NA,NA,NA,NA,NA,NA,NA,NA,NA,NA,NA,NA,NA,NA,NA,NA,NA,NA,NA,NA,NA,NA,NA,NA,NA,SF,0,NA,NA,NA,NA,0,NA,NA,0,0,0,0,NA,NA,2002,NA,NA,28,0,Punt,2204,21:00:00,19:51:26,3COM Park,"Clear skies Temp: 64° F, Humidity: 28%, Wind: SE 8 mph",10160000-0182-69e4-1c08-4240bfea771a,0,0,PUNT,1,NA,12:35,SF 24,13,Punt,NA,4,2:25,0,0,0,3,3,-10,KICKOFF,PUNT,15:00,12:35,PHI 28,PHI 36,2082,2204,38,17,Home,-21,55,7,37.5,0,outdoors,grass,64,8,Steve Mariucci,Andy Reid,SFO00,3Com Park,0,1,NA,NA,NA,NA,NA,NA,0,0,0,1,0,NA,NA,NA,NA,NA,NA,NA,NA,NA,NA,0,1,0.14363369205966592,NA,NA,NA,NA,NA,NA,NA,NA,0.4009332134119177,0.9877230201515634,NA,NA,0,0.9867377437185496,0.9946036424371414,0.9867377437185496,0.985586150394558,Andy Reid,Steve Mariucci,12:40,0,0,Other,NA,40,99,NA,99,99,99,99
2223,2002_12_PHI_SF,2002112500,SF,PHI,REG,12,SF,home,PHI,SF,76,2002-11-25,755,1655,1655,Half2,0,14,0,3,1,0,12:35,SF 24,10,59,(12:35) 5-J.Garcia pass to 81-T.Owens ran ob at SF 45 for 21 yards. Caught at SF 34.,pass,21,0,0,1,0,0,0,NA,NA,NA,NA,NA,NA,NA,NA,NA,NA,3,3,0,NA,NA,NA,NA,3,3,7,21,7,21,-14,7,21,-14,0.010564737021923065,0.15765945613384247,0.003156266873702407,0.24330367147922516,0.22723746299743652,0.004362744744867086,0.3537156581878662,0,0,0.9840308832935989,1.5134535895194858,-14.044470597888257,14.044470597888257,-5.264857932052109,5.264857932052109,-4.78193905226231,4.78193905226231,NA,NA,NA,NA,NA,NA,NA,NA,NA,NA,NA,NA,0.1320878267288208,0.8679121732711792,0.1320878267288208,0.8679121732711792,0.023752108216285706,0.03521415591239929,0.03521415591239929,0.1558399349451065,0.8441600650548935,0.21966224908828735,0.21966224908828735,-0.1815633326768875,0.1815633326768875,-0.1970194745846947,0.1970194745846947,NA,NA,NA,NA,NA,NA,NA,NA,NA,NA,NA,NA,0,0,1,0,0,0,0,0,0,0,0,0,0,0,0,0,0,0,0,0,0,0,0,0,0,0,0,0,0,0,0,0,0,1,0,0,0,0,0,0,0,0,0,0,0,1,0,0,0,0,0,00-0005755,J.Garcia,21,00-0012478,T.Owens,21,NA,NA,NA,NA,NA,NA,NA,NA,NA,NA,NA,NA,NA,NA,NA,NA,NA,NA,NA,NA,NA,NA,NA,NA,NA,NA,NA,NA,NA,NA,NA,NA,NA,NA,NA,NA,NA,NA,NA,NA,NA,NA,NA,NA,NA,NA,NA,NA,NA,NA,NA,NA,NA,NA,NA,NA,NA,NA,NA,NA,NA,NA,NA,0,NA,NA,NA,NA,NA,NA,NA,NA,NA,NA,NA,NA,NA,NA,NA,NA,NA,NA,NA,NA,NA,NA,NA,NA,NA,NA,NA,NA,NA,NA,NA,0,NA,NA,NA,NA,0,NA,NA,0,0,0,0,NA,NA,2002,NA,NA,29,1,First down,2223,21:00:00,19:53:42,3COM Park,"Clear skies Temp: 64° F, Humidity: 28%, Wind: SE 8 mph",10160000-0182-69e4-1c08-4240bfea771a,0,0,PASS,0,NA,NA,SF 45,14,Field goal,NA,9,3:31,4,1,1,3,3,5,PUNT,FIELD_GOAL,12:35,09:04,SF 24,PHI 17,2223,2425,38,17,Home,-21,55,7,37.5,0,outdoors,grass,64,8,Steve Mariucci,Andy Reid,SFO00,3Com Park,0,1,J.Garcia,5,NA,NA,T.Owens,81,1,0,1,0,1,00-0005755,NA,00-0012478,J.Garcia,5,00-0005755,T.Owens,00-0012478,T.Owens,00-0012478,1,1,1.5134535895194858,NA,NA,NA,NA,NA,NA,NA,NA,NA,NA,NA,NA,NA,NA,NA,NA,NA,Andy Reid,Steve Mariucci,12:35,NA,NA,Other,NA,NA,NA,NA,NA,NA,NA,NA
2256,2002_12_PHI_SF,2002112500,SF,PHI,REG,12,SF,home,PHI,SF,55,2002-11-25,724,1624,1624,Half2,0,14,0,3,1,0,12:04,SF 45,10,59,(12:04) 5-J.Garcia pass to 81-T.Owens ran ob at PHI 44 for 11 yards (20-B.Dawkins). Caught at SF 44.,pass,11,0,0,1,0,0,0,NA,NA,NA,NA,NA,NA,NA,NA,NA,NA,3,3,0,NA,NA,NA,NA,3,3,7,21,7,21,-14,7,21,-14,0.010121051222085953,0.1046915128827095,0.0017299734754487872,0.16182279586791992,0.2693219780921936,0.005275193136185408,0.4470374584197998,0,0,2.4974844728130847,0.6098552355542779,-13.434615362333979,13.434615362333979,-5.264857932052109,5.264857932052109,-4.1720838167080325,4.1720838167080325,NA,NA,NA,NA,NA,NA,NA,NA,NA,NA,NA,NA,0.1558399349451065,0.8441600650548935,0.1558399349451065,0.8441600650548935,0,0.030918210744857788,0.030918210744857788,0.1558399349451065,0.8441600650548935,0.25487640500068665,0.25487640500068665,-0.1815633326768875,0.1815633326768875,-0.1970194745846947,0.1970194745846947,NA,NA,NA,NA,NA,NA,NA,NA,NA,NA,NA,NA,0,0,1,0,0,0,0,0,0,0,0,0,0,0,0,0,0,0,0,0,0,0,0,0,1,0,0,0,0,0,0,0,0,1,0,0,0,0,0,0,0,0,0,0,0,1,0,0,0,0,0,00-0005755,J.Garcia,11,00-0012478,T.Owens,11,NA,NA,NA,NA,NA,NA,NA,NA,NA,NA,NA,NA,NA,NA,NA,NA,NA,NA,NA,NA,NA,NA,NA,NA,NA,NA,NA,NA,NA,NA,NA,NA,NA,NA,NA,NA,NA,NA,NA,NA,NA,NA,NA,NA,NA,PHI,NA,00-0004073,NA,B.Dawkins,NA,NA,NA,NA,NA,NA,NA,NA,NA,NA,NA,NA,NA,0,NA,NA,NA,NA,NA,NA,NA,NA,NA,NA,NA,NA,NA,NA,NA,NA,NA,NA,NA,NA,NA,NA,NA,NA,NA,NA,NA,NA,NA,NA,NA,0,NA,NA,NA,NA,0,NA,NA,0,0,0,0,NA,NA,2002,NA,NA,30,1,First down,2256,21:00:00,19:54:26,3COM Park,"Clear skies Temp: 64° F, Humidity: 28%, Wind: SE 8 mph",10160000-0182-69e4-1c08-4240bfea771a,0,0,PASS,0,NA,NA,PHI 44,14,Field goal,NA,9,3:31,4,1,1,3,3,5,PUNT,FIELD_GOAL,12:35,09:04,SF 24,PHI 17,2223,2425,38,17,Home,-21,55,7,37.5,0,outdoors,grass,64,8,Steve Mariucci,Andy Reid,SFO00,3Com Park,0,1,J.Garcia,5,NA,NA,T.Owens,81,1,0,1,0,1,00-0005755,NA,00-0012478,J.Garcia,5,00-0005755,T.Owens,00-0012478,T.Owens,00-0012478,1,1,0.6098552355542779,NA,NA,NA,NA,NA,NA,NA,NA,NA,NA,NA,NA,NA,NA,NA,NA,NA,Andy Reid,Steve Mariucci,12:04,NA,NA,Other,NA,NA,NA,NA,NA,NA,NA,NA
2281,2002_12_PHI_SF,2002112500,SF,PHI,REG,12,SF,home,PHI,PHI,44,2002-11-25,687,1587,1587,Half2,0,14,0,3,1,0,11:27,PHI 44,10,59,(11:27) 20-G.Hearst left end to PHI 32 for 12 yards (21-B.Taylor).,run,12,0,0,0,0,0,0,NA,NA,NA,NA,left,end,NA,NA,NA,NA,3,3,0,NA,NA,NA,NA,3,3,7,21,7,21,-14,7,21,-14,0.010326080955564976,0.08174346387386322,0.0014349994016811252,0.1255035102367401,0.3023642897605896,0.004704365506768227,0.47392329573631287,0,0,3.1073397083673626,0.6959818983450532,-12.738633463988926,12.738633463988926,-4.568876033707056,4.568876033707056,-4.1720838167080325,4.1720838167080325,NA,NA,NA,NA,NA,NA,NA,NA,NA,NA,NA,NA,0.1558399349451065,0.8441600650548935,0.1558399349451065,0.8441600650548935,0.014514416456222534,-0.007274419069290161,-0.007274419069290161,0.17035435140132904,0.829645648598671,0.28579461574554443,0.28579461574554443,-0.16704891622066498,0.16704891622066498,-0.1970194745846947,0.1970194745846947,NA,NA,NA,NA,NA,NA,NA,NA,NA,NA,NA,NA,0,1,0,0,0,0,0,0,0,0,0,0,0,0,0,0,0,0,0,0,0,0,0,0,1,0,0,0,0,0,0,0,1,0,0,0,0,0,0,0,0,0,0,0,0,0,0,0,0,0,0,NA,NA,NA,NA,NA,NA,00-0007180,G.Hearst,12,NA,NA,NA,NA,NA,NA,NA,NA,NA,NA,NA,NA,NA,NA,NA,NA,NA,NA,NA,NA,NA,NA,NA,NA,NA,NA,NA,NA,NA,NA,NA,NA,NA,NA,NA,NA,NA,NA,NA,NA,NA,NA,PHI,NA,00-0016082,NA,B.Taylor,NA,NA,NA,NA,NA,NA,NA,NA,NA,NA,NA,NA,NA,0,NA,NA,NA,NA,NA,NA,NA,NA,NA,NA,NA,NA,NA,NA,NA,NA,NA,NA,NA,NA,NA,NA,NA,NA,NA,NA,NA,NA,NA,NA,NA,0,NA,NA,NA,NA,0,NA,NA,0,0,0,0,NA,NA,2002,NA,NA,31,1,First down,2281,21:00:00,19:55:17,3COM Park,"Clear skies Temp: 64° F, Humidity: 28%, Wind: SE 8 mph",10160000-0182-69e4-1c08-4240bfea771a,0,0,RUSH,0,NA,NA,PHI 32,14,Field goal,NA,9,3:31,4,1,1,3,3,5,PUNT,FIELD_GOAL,12:35,09:04,SF 24,PHI 17,2223,2425,38,17,Home,-21,55,7,37.5,0,outdoors,grass,64,8,Steve Mariucci,Andy Reid,SFO00,3Com Park,0,1,NA,NA,G.Hearst,20,NA,NA,0,1,1,0,1,NA,00-0007180,NA,G.Hearst,20,00-0007180,G.Hearst,00-0007180,G.Hearst,00-0007180,0,1,0.6959818983450532,NA,NA,NA,NA,NA,NA,NA,NA,NA,NA,NA,NA,NA,NA,NA,NA,NA,Andy Reid,Steve Mariucci,11:27,NA,NA,Other,NA,NA,NA,NA,NA,NA,NA,NA
2302,2002_12_PHI_SF,2002112500,SF,PHI,REG,12,SF,home,PHI,PHI,32,2002-11-25,642,1542,1542,Half2,0,14,0,3,1,0,10:42,PHI 32,10,59,(10:42) 5-J.Garcia pass incomplete to 40-F.Beasley.,pass,0,0,0,1,0,0,0,NA,NA,NA,NA,NA,NA,NA,NA,NA,NA,3,3,0,NA,NA,NA,NA,3,3,7,21,7,21,-14,7,21,-14,0.007883242331445217,0.05117319896817207,8.198748109862208e-4,0.08308112621307373,0.3618197441101074,0.002393945585936308,0.4928288161754608,0,0,3.803321606712416,-0.3686172526795417,-13.107250716668467,13.107250716668467,-4.568876033707056,4.568876033707056,-4.540701069387574,4.540701069387574,NA,NA,NA,NA,NA,NA,NA,NA,NA,NA,NA,NA,0.17035435140132904,0.829645648598671,0.17035435140132904,0.829645648598671,-0.009262129664421082,-0.01560431718826294,-0.01560431718826294,0.16109222173690796,0.838907778263092,0.2785201966762543,0.2785201966762543,-0.16704891622066498,0.16704891622066498,-0.2062816042491158,0.2062816042491158,NA,NA,NA,NA,NA,NA,NA,NA,NA,NA,NA,NA,0,0,0,0,0,0,0,0,1,0,0,0,0,0,0,0,0,0,0,0,0,0,0,0,0,0,0,0,0,0,0,0,0,1,0,0,0,0,0,0,0,0,0,0,0,0,0,0,0,0,0,00-0005755,J.Garcia,NA,00-0000942,F.Beasley,NA,NA,NA,NA,NA,NA,NA,NA,NA,NA,NA,NA,NA,NA,NA,NA,NA,NA,NA,NA,NA,NA,NA,NA,NA,NA,NA,NA,NA,NA,NA,NA,NA,NA,NA,NA,NA,NA,NA,NA,NA,NA,NA,NA,NA,NA,NA,NA,NA,NA,NA,NA,NA,NA,NA,NA,NA,NA,NA,NA,NA,NA,NA,NA,0,NA,NA,NA,NA,NA,NA,NA,NA,NA,NA,NA,NA,NA,NA,NA,NA,NA,NA,NA,NA,NA,NA,NA,NA,NA,NA,NA,NA,NA,NA,NA,0,NA,NA,NA,NA,0,NA,NA,0,0,0,0,NA,NA,2002,NA,NA,32,1,First down,2302,21:00:00,19:56:01,3COM Park,"Clear skies Temp: 64° F, Humidity: 28%, Wind: SE 8 mph",10160000-0182-69e4-1c08-4240bfea771a,0,0,PASS,0,NA,NA,PHI 32,14,Field goal,NA,9,3:31,4,1,1,3,3,5,PUNT,FIELD_GOAL,12:35,09:04,SF 24,PHI 17,2223,2425,38,17,Home,-21,55,7,37.5,0,outdoors,grass,64,8,Steve Mariucci,Andy Reid,SFO00,3Com Park,0,0,J.Garcia,5,NA,NA,F.Beasley,40,1,0,0,0,1,00-0005755,NA,00-0000942,J.Garcia,5,00-0005755,F.Beasley,00-0000942,F.Beasley,00-0000942,0,1,-0.3686172526795417,NA,NA,NA,NA,NA,NA,NA,NA,NA,NA,NA,NA,NA,NA,NA,NA,NA,Andy Reid,Steve Mariucci,10:42,NA,NA,Other,NA,NA,NA,NA,NA,NA,NA,NA
2320,2002_12_PHI_SF,2002112500,SF,PHI,REG,12,SF,home,PHI,PHI,32,2002-11-25,637,1537,1537,Half2,0,14,0,3,2,0,10:37,PHI 32,10,59,"(10:37) PENALTY on PHI-96-P.Grasmanis, Encroachment, 5 yards, enforced at PHI 32 - No Play.",no_play,0,0,0,0,0,0,0,NA,NA,NA,NA,NA,NA,NA,NA,NA,NA,3,3,0,NA,NA,NA,NA,3,3,7,21,7,21,-14,7,21,-14,0.008247205056250095,0.06007799133658409,8.543878793716431e-4,0.09390246123075485,0.39293336868286133,0.0025456035509705544,0.4414390027523041,0,0,3.434704354032874,0.44038096989970654,-12.66686974676876,12.66686974676876,-4.568876033707056,4.568876033707056,-4.540701069387574,4.540701069387574,NA,NA,NA,NA,NA,NA,NA,NA,NA,NA,NA,NA,0.16109222173690796,0.838907778263092,0.16109222173690796,0.838907778263092,0.02827616035938263,0.030771970748901367,0.030771970748901367,0.1893683820962906,0.8106316179037094,0.26291587948799133,0.26291587948799133,-0.16704891622066498,0.16704891622066498,-0.2062816042491158,0.2062816042491158,NA,NA,NA,NA,NA,NA,NA,NA,NA,NA,NA,NA,0,0,0,0,0,0,0,0,0,0,0,0,0,0,0,0,0,0,0,0,0,0,0,0,0,0,1,0,0,0,0,0,0,0,0,0,0,0,0,0,0,0,0,0,0,0,0,0,0,0,0,NA,NA,NA,NA,NA,NA,NA,NA,NA,NA,NA,NA,NA,NA,NA,NA,NA,NA,NA,NA,NA,NA,NA,NA,NA,NA,NA,NA,NA,NA,NA,NA,NA,NA,NA,NA,NA,NA,NA,NA,NA,NA,NA,NA,NA,NA,NA,NA,NA,NA,NA,NA,NA,NA,NA,NA,NA,NA,NA,NA,NA,NA,NA,NA,NA,NA,NA,NA,NA,0,NA,NA,NA,NA,NA,NA,NA,NA,NA,NA,NA,NA,NA,NA,NA,NA,NA,NA,NA,NA,NA,NA,NA,NA,NA,NA,NA,NA,NA,NA,NA,0,PHI,00-0006251,P.Grasmanis,5,0,NA,Encroachment,0,0,0,0,NA,NA,2002,NA,NA,32,1,First down,2320,21:00:00,19:56:44,3COM Park,"Clear skies Temp: 64° F, Humidity: 28%, Wind: SE 8 mph",10160000-0182-69e4-1c08-4240bfea771a,0,0,PENALTY,0,NA,NA,PHI 27,14,Field goal,NA,9,3:31,4,1,1,3,3,5,PUNT,FIELD_GOAL,12:35,09:04,SF 24,PHI 17,2223,2425,38,17,Home,-21,55,7,37.5,0,outdoors,grass,64,8,Steve Mariucci,Andy Reid,SFO00,3Com Park,0,1,NA,NA,NA,NA,NA,NA,0,0,0,0,1,NA,NA,NA,NA,NA,NA,NA,NA,NA,NA,0,1,0.44038096989970654,NA,NA,NA,NA,NA,NA,NA,NA,NA,NA,NA,NA,NA,NA,NA,NA,NA,Andy Reid,Steve Mariucci,10:37,NA,NA,Other (Penalty),NA,NA,NA,NA,NA,NA,NA,NA
2343,2002_12_PHI_SF,2002112500,SF,PHI,REG,12,SF,home,PHI,PHI,27,2002-11-25,637,1537,1537,Half2,0,14,0,3,2,0,10:37,PHI 27,5,59,"(10:37) 5-J.Garcia pass to 83-J.Stokes to PHI 22 for 5 yards (21-B.Taylor, 20-B.Dawkins). Caught at PHI 24.",pass,5,0,0,1,0,0,0,NA,NA,NA,NA,NA,NA,NA,NA,NA,NA,3,3,0,NA,NA,NA,NA,3,3,7,21,7,21,-14,7,21,-14,0.007542965468019247,0.046492189168930054,7.27195234503597e-4,0.0732828825712204,0.39207950234413147,0.001273777219466865,0.47860148549079895,0,0,3.8750853239325806,0.6026399529073387,-12.064229793861422,12.064229793861422,-4.568876033707056,4.568876033707056,-3.9380611164802355,3.9380611164802355,NA,NA,NA,NA,NA,NA,NA,NA,NA,NA,NA,NA,0.1893683820962906,0.8106316179037094,0.1893683820962906,0.8106316179037094,0.010477140545845032,0.012551993131637573,0.012551993131637573,0.19984552264213562,0.8001544773578644,0.2936878502368927,0.2936878502368927,-0.16704891622066498,0.16704891622066498,-0.19580446370327076,0.19580446370327076,NA,NA,NA,NA,NA,NA,NA,NA,NA,NA,NA,NA,0,0,1,0,0,0,0,0,0,0,0,0,0,0,0,0,0,0,0,0,0,0,0,0,0,0,0,0,0,0,0,0,0,1,0,0,0,0,0,0,0,0,0,0,0,1,1,0,0,0,0,00-0005755,J.Garcia,5,00-0015751,J.Stokes,5,NA,NA,NA,NA,NA,NA,NA,NA,NA,NA,NA,NA,NA,NA,NA,NA,NA,NA,NA,NA,NA,NA,NA,NA,NA,NA,NA,NA,NA,NA,NA,NA,NA,NA,NA,NA,NA,NA,NA,NA,NA,NA,NA,NA,NA,NA,NA,NA,NA,NA,NA,00-0004073,B.Dawkins,PHI,NA,NA,NA,NA,NA,NA,NA,NA,NA,1,00-0016082,B.Taylor,PHI,NA,NA,NA,NA,NA,NA,NA,NA,NA,NA,NA,NA,NA,NA,NA,NA,NA,NA,NA,NA,NA,NA,NA,NA,NA,NA,NA,NA,0,NA,NA,NA,NA,0,NA,NA,0,0,0,0,NA,NA,2002,NA,NA,32,1,First down,2343,21:00:00,19:57:35,3COM Park,"Clear skies Temp: 64° F, Humidity: 28%, Wind: SE 8 mph",10160000-0182-69e4-1c08-4240bfea771a,0,0,PASS,0,NA,NA,PHI 22,14,Field goal,NA,9,3:31,4,1,1,3,3,5,PUNT,FIELD_GOAL,12:35,09:04,SF 24,PHI 17,2223,2425,38,17,Home,-21,55,7,37.5,0,outdoors,grass,64,8,Steve Mariucci,Andy Reid,SFO00,3Com Park,0,1,J.Garcia,5,NA,NA,J.Stokes,83,1,0,1,0,1,00-0005755,NA,00-0015751,J.Garcia,5,00-0005755,J.Stokes,00-0015751,J.Stokes,00-0015751,0,1,0.6026399529073387,NA,NA,NA,NA,NA,NA,NA,NA,NA,NA,NA,NA,NA,NA,NA,NA,NA,Andy Reid,Steve Mariucci,10:37,NA,NA,Other,NA,NA,NA,NA,NA,NA,NA,NA
2368,2002_12_PHI_SF,2002112500,SF,PHI,REG,12,SF,home,PHI,PHI,22,2002-11-25,600,1500,1500,Half2,0,14,0,3,1,0,10:00,PHI 22,10,59,(10:00) 5-J.Garcia pass incomplete to 83-J.Stokes.,pass,0,0,0,1,0,0,0,NA,NA,NA,NA,NA,NA,NA,NA,NA,NA,3,3,0,NA,NA,NA,NA,3,3,7,21,7,21,-14,7,21,-14,0.006375432480126619,0.0321865975856781,6.367165478877723e-4,0.04344520717859268,0.38396865129470825,0.0011885373387485743,0.5321988463401794,0,0,4.477725276839919,-0.39739181741606444,-12.461621611277486,12.461621611277486,-4.568876033707056,4.568876033707056,-4.3354529338963,4.3354529338963,NA,NA,NA,NA,NA,NA,NA,NA,NA,NA,NA,NA,0.19984552264213562,0.8001544773578644,0.19984552264213562,0.8001544773578644,-0.010499626398086548,-0.014967530965805054,-0.014967530965805054,0.18934589624404907,0.8106541037559509,0.3062398433685303,0.3062398433685303,-0.16704891622066498,0.16704891622066498,-0.2063040901013573,0.2063040901013573,NA,NA,NA,NA,NA,NA,NA,NA,NA,NA,NA,NA,0,0,0,0,0,0,0,0,1,0,0,0,0,0,0,0,0,0,0,0,0,0,0,0,0,0,0,0,0,0,0,0,0,1,0,0,0,0,0,0,0,0,0,0,0,0,0,0,0,0,0,00-0005755,J.Garcia,NA,00-0015751,J.Stokes,NA,NA,NA,NA,NA,NA,NA,NA,NA,NA,NA,NA,NA,NA,NA,NA,NA,NA,NA,NA,NA,NA,NA,NA,NA,NA,NA,NA,NA,NA,NA,NA,NA,NA,NA,NA,NA,NA,NA,NA,NA,NA,NA,NA,NA,NA,NA,NA,NA,NA,NA,NA,NA,NA,NA,NA,NA,NA,NA,NA,NA,NA,NA,NA,0,NA,NA,NA,NA,NA,NA,NA,NA,NA,NA,NA,NA,NA,NA,NA,NA,NA,NA,NA,NA,NA,NA,NA,NA,NA,NA,NA,NA,NA,NA,NA,0,NA,NA,NA,NA,0,NA,NA,0,0,0,0,NA,NA,2002,NA,NA,33,0,Field goal,2368,21:00:00,19:59:03,3COM Park,"Clear skies Temp: 64° F, Humidity: 28%, Wind: SE 8 mph",10160000-0182-69e4-1c08-4240bfea771a,0,0,PASS,0,NA,NA,PHI 22,14,Field goal,NA,9,3:31,4,1,1,3,3,5,PUNT,FIELD_GOAL,12:35,09:04,SF 24,PHI 17,2223,2425,38,17,Home,-21,55,7,37.5,0,outdoors,grass,64,8,Steve Mariucci,Andy Reid,SFO00,3Com Park,0,0,J.Garcia,5,NA,NA,J.Stokes,83,1,0,0,0,1,00-0005755,NA,00-0015751,J.Garcia,5,00-0005755,J.Stokes,00-0015751,J.Stokes,00-0015751,0,1,-0.39739181741606444,NA,NA,NA,NA,NA,NA,NA,NA,NA,NA,NA,NA,NA,NA,NA,NA,NA,Andy Reid,Steve Mariucci,10:00,NA,NA,Other,NA,NA,NA,NA,NA,NA,NA,NA
2386,2002_12_PHI_SF,2002112500,SF,PHI,REG,12,SF,home,PHI,PHI,22,2002-11-25,591,1491,1491,Half2,0,14,0,3,2,0,09:51,PHI 22,10,59,(9:51) 5-J.Garcia pass incomplete to 82-E.Johnson.,pass,0,0,0,1,0,0,0,NA,NA,NA,NA,NA,NA,NA,NA,NA,NA,3,3,0,NA,NA,NA,NA,3,3,7,21,7,21,-14,7,21,-14,0.006707016844302416,0.03399902582168579,6.701847305521369e-4,0.04884342849254608,0.4591562747955322,0.0012524193152785301,0.4493716061115265,0,0,4.080333459423855,-0.5784183788346127,-13.0400399901121,13.0400399901121,-4.568876033707056,4.568876033707056,-4.913871312730913,4.913871312730913,NA,NA,NA,NA,NA,NA,NA,NA,NA,NA,NA,NA,0.18934589624404907,0.8106541037559509,0.18934589624404907,0.8106541037559509,-0.021340832114219666,-0.01711338758468628,-0.01711338758468628,0.1680050641298294,0.8319949358701706,0.2912723124027252,0.2912723124027252,-0.16704891622066498,0.16704891622066498,-0.22764492221557697,0.22764492221557697,NA,NA,NA,NA,NA,NA,NA,NA,NA,NA,NA,NA,0,0,0,0,0,0,0,0,1,0,0,0,0,0,0,0,0,0,0,0,0,0,0,0,0,0,0,0,0,0,0,0,0,1,0,0,0,0,0,0,0,0,0,0,0,0,0,0,0,0,0,00-0005755,J.Garcia,NA,00-0020455,E.Johnson,NA,NA,NA,NA,NA,NA,NA,NA,NA,NA,NA,NA,NA,NA,NA,NA,NA,NA,NA,NA,NA,NA,NA,NA,NA,NA,NA,NA,NA,NA,NA,NA,NA,NA,NA,NA,NA,NA,NA,NA,NA,NA,NA,NA,NA,NA,NA,NA,NA,NA,NA,NA,NA,NA,NA,NA,NA,NA,NA,NA,NA,NA,NA,NA,0,NA,NA,NA,NA,NA,NA,NA,NA,NA,NA,NA,NA,NA,NA,NA,NA,NA,NA,NA,NA,NA,NA,NA,NA,NA,NA,NA,NA,NA,NA,NA,0,NA,NA,NA,NA,0,NA,NA,0,0,0,0,NA,NA,2002,NA,NA,33,0,Field goal,2386,21:00:00,19:59:54,3COM Park,"Clear skies Temp: 64° F, Humidity: 28%, Wind: SE 8 mph",10160000-0182-69e4-1c08-4240bfea771a,0,0,PASS,0,NA,NA,PHI 22,14,Field goal,NA,9,3:31,4,1,1,3,3,5,PUNT,FIELD_GOAL,12:35,09:04,SF 24,PHI 17,2223,2425,38,17,Home,-21,55,7,37.5,0,outdoors,grass,64,8,Steve Mariucci,Andy Reid,SFO00,3Com Park,0,0,J.Garcia,5,NA,NA,E.Johnson,82,1,0,0,0,1,00-0005755,NA,00-0020455,J.Garcia,5,00-0005755,E.Johnson,00-0020455,E.Johnson,00-0020455,0,1,-0.5784183788346127,NA,NA,NA,NA,NA,NA,NA,NA,NA,NA,NA,NA,NA,NA,NA,NA,NA,Andy Reid,Steve Mariucci,9:51,NA,NA,Other,NA,NA,NA,NA,NA,NA,NA,NA
2404,2002_12_PHI_SF,2002112500,SF,PHI,REG,12,SF,home,PHI,PHI,22,2002-11-25,586,1486,1486,Half2,0,14,0,3,3,0,09:46,PHI 22,10,59,(9:46) (Shotgun) 5-J.Garcia pass to 81-T.Owens to PHI 17 for 5 yards (20-B.Dawkins).,pass,5,1,0,1,0,0,0,NA,NA,NA,NA,NA,NA,NA,NA,NA,NA,3,3,0,NA,NA,NA,NA,3,3,7,21,7,21,-14,7,21,-14,0.006747856270521879,0.03762304410338402,6.728799198754132e-4,0.05315893515944481,0.5795127749443054,0.0012574553256854415,0.3210270404815674,0,0,3.5019150805892423,-1.2337522372034684,-14.273792227315568,14.273792227315568,-4.568876033707056,4.568876033707056,-6.147623549934381,6.147623549934381,NA,NA,NA,NA,NA,NA,NA,NA,NA,NA,NA,NA,0.1680050641298294,0.8319949358701706,0.1680050641298294,0.8319949358701706,-0.028896793723106384,-0.033981576561927795,-0.033981576561927795,0.13910827040672302,0.860891729593277,0.27415892481803894,0.27415892481803894,-0.16704891622066498,0.16704891622066498,-0.25654171593868336,0.25654171593868336,NA,NA,NA,NA,NA,NA,NA,NA,NA,NA,NA,NA,0,0,0,0,0,1,0,0,0,0,0,0,0,0,0,0,0,0,0,0,0,0,0,0,1,0,0,0,0,0,0,0,0,1,0,0,0,0,0,0,0,0,0,0,0,1,0,0,0,0,0,00-0005755,J.Garcia,5,00-0012478,T.Owens,5,NA,NA,NA,NA,NA,NA,NA,NA,NA,NA,NA,NA,NA,NA,NA,NA,NA,NA,NA,NA,NA,NA,NA,NA,NA,NA,NA,NA,NA,NA,NA,NA,NA,NA,NA,NA,NA,NA,NA,NA,NA,NA,NA,NA,NA,PHI,NA,00-0004073,NA,B.Dawkins,NA,NA,NA,NA,NA,NA,NA,NA,NA,NA,NA,NA,NA,0,NA,NA,NA,NA,NA,NA,NA,NA,NA,NA,NA,NA,NA,NA,NA,NA,NA,NA,NA,NA,NA,NA,NA,NA,NA,NA,NA,NA,NA,NA,NA,0,NA,NA,NA,NA,0,NA,NA,0,0,0,0,NA,NA,2002,NA,NA,33,0,Field goal,2404,21:00:00,20:00:39,3COM Park,"Clear skies Temp: 64° F, Humidity: 28%, Wind: SE 8 mph",10160000-0182-69e4-1c08-4240bfea771a,0,0,PASS,0,NA,NA,PHI 17,14,Field goal,NA,9,3:31,4,1,1,3,3,5,PUNT,FIELD_GOAL,12:35,09:04,SF 24,PHI 17,2223,2425,38,17,Home,-21,55,7,37.5,0,outdoors,grass,64,8,Steve Mariucci,Andy Reid,SFO00,3Com Park,0,0,J.Garcia,5,NA,NA,T.Owens,81,1,0,0,0,1,00-0005755,NA,00-0012478,J.Garcia,5,00-0005755,T.Owens,00-0012478,T.Owens,00-0012478,0,1,-1.2337522372034684,NA,NA,NA,NA,NA,NA,NA,NA,NA,NA,NA,NA,NA,NA,NA,NA,NA,Andy Reid,Steve Mariucci,9:46,NA,NA,Other,NA,NA,NA,NA,NA,NA,NA,NA
2425,2002_12_PHI_SF,2002112500,SF,PHI,REG,12,SF,home,PHI,PHI,17,2002-11-25,549,1449,1449,Half2,0,14,1,3,4,0,09:09,PHI 17,5,59,"(9:09) 3-J.Chandler 35 yard field goal is GOOD, Center-86-B.Jennings, Holder-7-J.Baker.",field_goal,0,0,0,0,0,0,0,NA,NA,NA,NA,NA,NA,made,35,NA,NA,3,3,0,NA,NA,NA,NA,3,3,10,21,7,21,-14,10,21,-11,0.002844372969462482,0.039104822435236546,6.7980230908176e-4,0.06418693210703413,0.8533947622316267,5.127929076969159e-4,0.03927650964980176,0,0,2.268162843385774,0.7318371566142261,-13.541955070701341,13.541955070701341,-4.568876033707056,4.568876033707056,-6.147623549934381,6.147623549934381,NA,NA,NA,NA,NA,NA,NA,NA,NA,NA,NA,NA,0.13910827040672302,0.860891729593277,0.13910827040672302,0.860891729593277,-0.002155095338821411,0.01843266189098358,0.01843266189098358,0.1369531750679016,0.8630468249320984,0.24017734825611115,0.24017734825611115,-0.16704891622066498,0.16704891622066498,-0.25654171593868336,0.25654171593868336,NA,NA,NA,NA,NA,NA,NA,NA,NA,NA,NA,NA,0,0,0,0,0,0,0,0,0,0,0,0,0,0,0,0,0,0,0,0,0,0,0,0,0,0,0,0,0,0,0,0,0,0,0,0,0,0,0,0,0,1,0,0,0,0,0,0,0,0,0,NA,NA,NA,NA,NA,NA,NA,NA,NA,NA,NA,NA,NA,NA,NA,NA,NA,NA,NA,NA,NA,NA,NA,NA,NA,NA,NA,NA,NA,NA,NA,J.Chandler,00-0021226,NA,NA,NA,NA,NA,NA,NA,NA,NA,NA,NA,NA,NA,NA,NA,NA,NA,NA,NA,NA,NA,NA,NA,NA,NA,NA,NA,NA,NA,NA,NA,NA,NA,NA,NA,NA,0,NA,NA,NA,NA,NA,NA,NA,NA,NA,NA,NA,NA,NA,NA,NA,NA,NA,NA,NA,NA,NA,NA,NA,NA,NA,NA,NA,NA,NA,NA,NA,0,NA,NA,NA,NA,0,NA,NA,0,0,0,0,NA,NA,2002,NA,NA,33,0,Field goal,2425,21:00:00,20:01:17,3COM Park,"Clear skies Temp: 64° F, Humidity: 28%, Wind: SE 8 mph",10160000-0182-69e4-1c08-4240bfea771a,0,0,FIELD_GOAL,1,NA,09:04,NA,14,Field goal,NA,9,3:31,4,1,1,3,3,5,PUNT,FIELD_GOAL,12:35,09:04,SF 24,PHI 17,2223,2425,38,17,Home,-21,55,7,37.5,0,outdoors,grass,64,8,Steve Mariucci,Andy Reid,SFO00,3Com Park,0,1,NA,NA,NA,NA,NA,NA,0,0,0,1,0,NA,NA,NA,NA,NA,NA,NA,NA,NA,NA,0,1,0.7318371566142261,NA,NA,NA,NA,NA,NA,NA,NA,0.3069598456204403,0.3633666461940045,NA,NA,NA,0.3591949990950525,0.4157729856669903,NA,NA,Andy Reid,Steve Mariucci,9:09,0.8533947622316267,85,Other,NA,31,36,NA,NA,NA,42,36
2444,2002_12_PHI_SF,2002112500,SF,PHI,REG,12,PHI,away,SF,SF,30,2002-11-25,544,1444,1444,Half2,0,15,0,3,NA,0,09:04,SF 30,0,64,"3-J.Chandler kicks 59 yards from SF 30 to PHI 11. 30-B.Mitchell to PHI 36 for 25 yards (54-Q.Stewart, 26-R.Holman).",kickoff,0,0,0,0,0,0,0,NA,NA,NA,NA,NA,NA,NA,59,NA,NA,3,3,0,NA,NA,NA,NA,3,3,10,21,21,10,11,21,10,11,0.01692235842347145,0.18251937627792358,0.005719299428164959,0.3036646246910095,0.18791218101978302,0.0034913336858153343,0.2997708022594452,0,0,-0.015534274280071259,1.0828338144347072,-14.624788885136049,14.624788885136049,-4.568876033707056,4.568876033707056,-6.147623549934381,6.147623549934381,NA,NA,NA,NA,NA,NA,NA,NA,NA,NA,NA,NA,0.8630468249320984,0.1369531750679016,0.1369531750679016,0.8630468249320984,0.019062936305999756,0.030540645122528076,-0.030540645122528076,0.11789023876190186,0.8821097612380981,0.7413899898529053,0.2586100101470947,-0.16704891622066498,0.16704891622066498,-0.25654171593868336,0.25654171593868336,NA,NA,NA,NA,NA,NA,NA,NA,NA,NA,NA,NA,0,0,0,0,0,0,0,0,0,0,0,0,0,0,0,0,0,0,0,0,0,0,0,0,0,0,0,0,0,0,0,0,0,0,0,0,0,0,0,0,0,0,1,0,0,0,1,0,0,0,0,NA,NA,NA,NA,NA,NA,NA,NA,NA,NA,NA,NA,NA,NA,NA,NA,NA,NA,NA,NA,NA,NA,NA,NA,NA,B.Mitchell,00-0011399,NA,NA,NA,NA,J.Chandler,00-0021226,NA,NA,NA,NA,NA,NA,NA,NA,NA,NA,NA,NA,NA,NA,NA,NA,NA,NA,NA,NA,NA,NA,NA,NA,00-0020454,R.Holman,SF,NA,NA,NA,NA,NA,NA,NA,NA,NA,1,00-0019789,Q.Stewart,SF,NA,NA,NA,NA,NA,NA,NA,NA,NA,NA,NA,NA,NA,NA,NA,NA,NA,NA,NA,NA,NA,NA,NA,NA,NA,NA,NA,PHI,25,NA,NA,NA,NA,0,NA,NA,0,0,0,0,NA,NA,2002,NA,NA,34,1,First down,2444,21:00:00,20:03:32,3COM Park,"Clear skies Temp: 64° F, Humidity: 28%, Wind: SE 8 mph",10160000-0182-69e4-1c08-4240bfea771a,0,0,KICK_OFF,1,NA,NA,PHI 36,15,Touchdown,NA,7,3:25,4,1,1,3,3,0,KICKOFF,TOUCHDOWN,09:04,05:39,PHI 36,SF 1,2444,2651,38,17,Home,-21,55,7,37.5,0,outdoors,grass,64,8,Steve Mariucci,Andy Reid,SFO00,3Com Park,0,1,NA,NA,NA,NA,NA,NA,0,0,0,1,0,NA,NA,NA,NA,NA,NA,NA,NA,NA,NA,0,1,1.0828338144347072,NA,NA,NA,NA,NA,NA,NA,NA,NA,NA,NA,NA,NA,NA,NA,NA,NA,Andy Reid,Steve Mariucci,9:04,NA,NA,Other,NA,NA,NA,NA,NA,NA,NA,NA
2466,2002_12_PHI_SF,2002112500,SF,PHI,REG,12,PHI,away,SF,PHI,64,2002-11-25,538,1438,1438,Half2,0,15,0,3,1,0,08:58,PHI 36,10,64,(8:58) 10-K.Detmer pass to 87-T.Pinkston pushed ob at PHI 44 for 8 yards (36-J.Webster). Caught at PHI 40.,pass,8,0,0,1,0,0,0,NA,NA,NA,NA,NA,NA,NA,NA,NA,NA,3,3,0,NA,NA,NA,NA,3,3,10,21,21,10,11,21,10,11,0.016695847734808922,0.13946327567100525,0.003296982031315565,0.24487988650798798,0.235330730676651,0.004376501776278019,0.3559567630290985,0,0,1.067299540154636,0.603376557584852,-15.2281654427209,15.2281654427209,-4.568876033707056,4.568876033707056,-6.751000107519233,6.751000107519233,NA,NA,NA,NA,NA,NA,NA,NA,NA,NA,NA,NA,0.8821097612380981,0.11789023876190186,0.11789023876190186,0.8821097612380981,0.00469660758972168,0.014855027198791504,-0.014855027198791504,0.11319363117218018,0.8868063688278198,0.7719306349754333,0.22806936502456665,-0.16704891622066498,0.16704891622066498,-0.26123832352840504,0.26123832352840504,NA,NA,NA,NA,NA,NA,NA,NA,NA,NA,NA,NA,0,0,0,0,0,0,0,0,0,0,0,0,0,0,0,0,0,0,0,0,0,0,0,0,1,0,0,0,0,0,0,0,0,1,0,0,0,0,0,0,0,0,0,0,0,1,0,0,0,0,0,00-0004229,K.Detmer,8,00-0019606,T.Pinkston,8,NA,NA,NA,NA,NA,NA,NA,NA,NA,NA,NA,NA,NA,NA,NA,NA,NA,NA,NA,NA,NA,NA,NA,NA,NA,NA,NA,NA,NA,NA,NA,NA,NA,NA,NA,NA,NA,NA,NA,NA,NA,NA,NA,NA,NA,SF,NA,00-0019653,NA,J.Webster,NA,NA,NA,NA,NA,NA,NA,NA,NA,NA,NA,NA,NA,0,NA,NA,NA,NA,NA,NA,NA,NA,NA,NA,NA,NA,NA,NA,NA,NA,NA,NA,NA,NA,NA,NA,NA,NA,NA,NA,NA,NA,NA,NA,NA,0,NA,NA,NA,NA,0,NA,NA,0,0,0,0,NA,NA,2002,NA,NA,34,1,First down,2466,21:00:00,20:05:55,3COM Park,"Clear skies Temp: 64° F, Humidity: 28%, Wind: SE 8 mph",10160000-0182-69e4-1c08-4240bfea771a,0,0,PASS,0,NA,NA,PHI 44,15,Touchdown,NA,7,3:25,4,1,1,3,3,0,KICKOFF,TOUCHDOWN,09:04,05:39,PHI 36,SF 1,2444,2651,38,17,Home,-21,55,7,37.5,0,outdoors,grass,64,8,Steve Mariucci,Andy Reid,SFO00,3Com Park,0,1,K.Detmer,10,NA,NA,T.Pinkston,87,1,0,0,0,1,00-0004229,NA,00-0019606,K.Detmer,10,00-0004229,T.Pinkston,00-0019606,T.Pinkston,00-0019606,1,1,0.603376557584852,NA,NA,NA,NA,NA,NA,NA,NA,NA,NA,NA,NA,NA,NA,NA,NA,NA,Andy Reid,Steve Mariucci,8:58,NA,NA,Other,NA,NA,NA,NA,NA,NA,NA,NA
2496,2002_12_PHI_SF,2002112500,SF,PHI,REG,12,PHI,away,SF,PHI,56,2002-11-25,516,1416,1416,Half2,0,15,0,3,2,0,08:36,PHI 44,2,64,(8:36) 22-D.Staley left guard to PHI 44 for no gain (94-D.Stubblefield).,run,0,0,0,0,0,0,0,NA,NA,NA,NA,left,guard,NA,NA,NA,NA,3,3,0,NA,NA,NA,NA,3,3,10,21,21,10,11,21,10,11,0.017069708555936813,0.12659363448619843,0.002531948732212186,0.20509450137615204,0.256664901971817,0.004625942092388868,0.3874194025993347,0,0,1.6706760977394879,-0.7300959466956556,-14.498069496025245,14.498069496025245,-3.8387800870114006,3.8387800870114006,-6.751000107519233,6.751000107519233,NA,NA,NA,NA,NA,NA,NA,NA,NA,NA,NA,NA,0.8868063688278198,0.11319363117218018,0.11319363117218018,0.8868063688278198,-0.012292087078094482,-0.01573026180267334,0.01573026180267334,0.12548571825027466,0.8745142817497253,0.7867856621742249,0.21321433782577515,-0.1547568291425705,0.1547568291425705,-0.26123832352840504,0.26123832352840504,NA,NA,NA,NA,NA,NA,NA,NA,NA,NA,NA,NA,0,0,0,0,0,0,0,0,0,0,0,0,0,0,0,0,0,0,0,0,0,0,0,0,1,0,0,0,0,0,0,0,1,0,0,0,0,0,0,0,0,0,0,0,0,0,0,0,0,0,0,NA,NA,NA,NA,NA,NA,00-0015523,D.Staley,0,NA,NA,NA,NA,NA,NA,NA,NA,NA,NA,NA,NA,NA,NA,NA,NA,NA,NA,NA,NA,NA,NA,NA,NA,NA,NA,NA,NA,NA,NA,NA,NA,NA,NA,NA,NA,NA,NA,NA,NA,NA,NA,SF,NA,00-0015847,NA,D.Stubblefield,NA,NA,NA,NA,NA,NA,NA,NA,NA,NA,NA,NA,NA,0,NA,NA,NA,NA,NA,NA,NA,NA,NA,NA,NA,NA,NA,NA,NA,NA,NA,NA,NA,NA,NA,NA,NA,NA,NA,NA,NA,NA,NA,NA,NA,0,NA,NA,NA,NA,0,NA,NA,0,0,0,0,NA,NA,2002,NA,NA,34,1,First down,2496,21:00:00,20:06:30,3COM Park,"Clear skies Temp: 64° F, Humidity: 28%, Wind: SE 8 mph",10160000-0182-69e4-1c08-4240bfea771a,0,0,RUSH,0,NA,NA,PHI 44,15,Touchdown,NA,7,3:25,4,1,1,3,3,0,KICKOFF,TOUCHDOWN,09:04,05:39,PHI 36,SF 1,2444,2651,38,17,Home,-21,55,7,37.5,0,outdoors,grass,64,8,Steve Mariucci,Andy Reid,SFO00,3Com Park,0,0,NA,NA,D.Staley,22,NA,NA,0,1,0,0,1,NA,00-0015523,NA,D.Staley,22,00-0015523,D.Staley,00-0015523,D.Staley,00-0015523,0,1,-0.7300959466956556,NA,NA,NA,NA,NA,NA,NA,NA,NA,NA,NA,NA,NA,NA,NA,NA,NA,Andy Reid,Steve Mariucci,8:36,NA,NA,Other,NA,NA,NA,NA,NA,NA,NA,NA
2517,2002_12_PHI_SF,2002112500,SF,PHI,REG,12,PHI,away,SF,PHI,56,2002-11-25,476,1376,1376,Half2,0,15,0,3,3,0,07:56,PHI 44,2,64,(7:56) 10-K.Detmer pass to 89-C.Lewis pushed ob at PHI 48 for 4 yards (98-J.Peterson).,pass,4,0,0,1,0,0,0,NA,NA,NA,NA,NA,NA,NA,NA,NA,NA,3,3,0,NA,NA,NA,NA,3,3,10,21,21,10,11,21,10,11,0.020822057500481606,0.15431147813796997,0.002683914266526699,0.24173763394355774,0.23417802155017853,0.005071351770311594,0.34119558334350586,0,0,0.9405801510438323,0.982536946889013,-15.480606442914258,15.480606442914258,-3.8387800870114006,3.8387800870114006,-7.733537054408246,7.733537054408246,NA,NA,NA,NA,NA,NA,NA,NA,NA,NA,NA,NA,0.8745142817497253,0.12548571825027466,0.12548571825027466,0.8745142817497253,0.011186718940734863,0.0322609543800354,-0.0322609543800354,0.1142989993095398,0.8857010006904602,0.7710554003715515,0.2289445996284485,-0.1547568291425705,0.1547568291425705,-0.2724250424691399,0.2724250424691399,NA,NA,NA,NA,NA,NA,NA,NA,NA,NA,NA,NA,0,0,1,0,1,0,0,0,0,0,0,0,0,0,0,0,0,0,0,0,0,0,0,0,1,0,0,0,0,0,0,0,0,1,0,0,0,0,0,0,0,0,0,0,0,1,0,0,0,0,0,00-0004229,K.Detmer,4,00-0009842,C.Lewis,4,NA,NA,NA,NA,NA,NA,NA,NA,NA,NA,NA,NA,NA,NA,NA,NA,NA,NA,NA,NA,NA,NA,NA,NA,NA,NA,NA,NA,NA,NA,NA,NA,NA,NA,NA,NA,NA,NA,NA,NA,NA,NA,NA,NA,NA,SF,NA,00-0019695,NA,J.Peterson,NA,NA,NA,NA,NA,NA,NA,NA,NA,NA,NA,NA,NA,0,NA,NA,NA,NA,NA,NA,NA,NA,NA,NA,NA,NA,NA,NA,NA,NA,NA,NA,NA,NA,NA,NA,NA,NA,NA,NA,NA,NA,NA,NA,NA,0,NA,NA,NA,NA,0,NA,NA,0,0,0,0,NA,NA,2002,NA,NA,34,1,First down,2517,21:00:00,20:07:10,3COM Park,"Clear skies Temp: 64° F, Humidity: 28%, Wind: SE 8 mph",10160000-0182-69e4-1c08-4240bfea771a,0,0,PASS,0,NA,NA,PHI 48,15,Touchdown,NA,7,3:25,4,1,1,3,3,0,KICKOFF,TOUCHDOWN,09:04,05:39,PHI 36,SF 1,2444,2651,38,17,Home,-21,55,7,37.5,0,outdoors,grass,64,8,Steve Mariucci,Andy Reid,SFO00,3Com Park,0,1,K.Detmer,10,NA,NA,C.Lewis,89,1,0,1,0,1,00-0004229,NA,00-0009842,K.Detmer,10,00-0004229,C.Lewis,00-0009842,C.Lewis,00-0009842,1,1,0.982536946889013,NA,NA,NA,NA,NA,NA,NA,NA,NA,NA,NA,NA,NA,NA,NA,NA,NA,Andy Reid,Steve Mariucci,7:56,NA,NA,Other,NA,NA,NA,NA,NA,NA,NA,NA
2538,2002_12_PHI_SF,2002112500,SF,PHI,REG,12,PHI,away,SF,PHI,52,2002-11-25,455,1355,1355,Half2,0,15,0,3,1,0,07:35,PHI 48,10,64,(7:35) 10-K.Detmer pass to 87-T.Pinkston ran ob at SF 41 for 11 yards (38-R.Heard). Caught at PHI 48.,pass,11,0,0,1,0,0,0,NA,NA,NA,NA,NA,NA,NA,NA,NA,NA,3,3,0,NA,NA,NA,NA,3,3,10,21,21,10,11,21,10,11,0.016705723479390144,0.11114215105772018,0.0020717920269817114,0.19187948107719421,0.2802142798900604,0.004541110247373581,0.3934454917907715,0,0,1.9231170979328454,0.8204530589282513,-16.30105950184251,16.30105950184251,-3.8387800870114006,3.8387800870114006,-8.553990113336496,8.553990113336496,NA,NA,NA,NA,NA,NA,NA,NA,NA,NA,NA,NA,0.8857010006904602,0.1142989993095398,0.1142989993095398,0.8857010006904602,0.004513680934906006,0.012813985347747803,-0.012813985347747803,0.10978531837463379,0.8902146816253662,0.8033163547515869,0.19668364524841309,-0.1547568291425705,0.1547568291425705,-0.2769387234040459,0.2769387234040459,NA,NA,NA,NA,NA,NA,NA,NA,NA,NA,NA,NA,0,0,1,0,0,0,0,0,0,0,0,0,0,0,0,0,0,0,0,0,0,0,0,0,1,0,0,0,0,0,0,0,0,1,0,0,0,0,0,0,0,0,0,0,0,1,0,0,0,0,0,00-0004229,K.Detmer,11,00-0019606,T.Pinkston,11,NA,NA,NA,NA,NA,NA,NA,NA,NA,NA,NA,NA,NA,NA,NA,NA,NA,NA,NA,NA,NA,NA,NA,NA,NA,NA,NA,NA,NA,NA,NA,NA,NA,NA,NA,NA,NA,NA,NA,NA,NA,NA,NA,NA,NA,SF,NA,00-0019070,NA,R.Heard,NA,NA,NA,NA,NA,NA,NA,NA,NA,NA,NA,NA,NA,0,NA,NA,NA,NA,NA,NA,NA,NA,NA,NA,NA,NA,NA,NA,NA,NA,NA,NA,NA,NA,NA,NA,NA,NA,NA,NA,NA,NA,NA,NA,NA,0,NA,NA,NA,NA,0,NA,NA,0,0,0,0,NA,NA,2002,NA,NA,35,1,First down,2538,21:00:00,20:07:45,3COM Park,"Clear skies Temp: 64° F, Humidity: 28%, Wind: SE 8 mph",10160000-0182-69e4-1c08-4240bfea771a,0,0,PASS,0,NA,NA,SF 41,15,Touchdown,NA,7,3:25,4,1,1,3,3,0,KICKOFF,TOUCHDOWN,09:04,05:39,PHI 36,SF 1,2444,2651,38,17,Home,-21,55,7,37.5,0,outdoors,grass,64,8,Steve Mariucci,Andy Reid,SFO00,3Com Park,0,1,K.Detmer,10,NA,NA,T.Pinkston,87,1,0,1,0,1,00-0004229,NA,00-0019606,K.Detmer,10,00-0004229,T.Pinkston,00-0019606,T.Pinkston,00-0019606,1,1,0.8204530589282513,NA,NA,NA,NA,NA,NA,NA,NA,NA,NA,NA,NA,NA,NA,NA,NA,NA,Andy Reid,Steve Mariucci,7:35,NA,NA,Other,NA,NA,NA,NA,NA,NA,NA,NA
2563,2002_12_PHI_SF,2002112500,SF,PHI,REG,12,PHI,away,SF,SF,41,2002-11-25,455,1355,1355,Half2,0,15,0,3,1,0,07:35,SF 41,10,64,(7:35) 10-K.Detmer pass to 86-A.Freeman to SF 38 for 3 yards (53-J.Ulbrich). Caught at SF 38.,pass,3,0,0,1,0,0,0,NA,NA,NA,NA,NA,NA,NA,NA,NA,NA,3,3,0,NA,NA,NA,NA,3,3,10,21,21,10,11,21,10,11,0.01346547156572342,0.08342856913805008,0.001899541588500142,0.14850804209709167,0.3025297522544861,0.004311741795390844,0.4458569288253784,0,0,2.7435701568610966,-0.3257758754771203,-15.975283626365389,15.975283626365389,-3.8387800870114006,3.8387800870114006,-8.228214237859376,8.228214237859376,NA,NA,NA,NA,NA,NA,NA,NA,NA,NA,NA,NA,0.8902146816253662,0.10978531837463379,0.10978531837463379,0.8902146816253662,0.004339158535003662,3.1572580337524414e-4,-3.1572580337524414e-4,0.10544615983963013,0.8945538401603699,0.8161303400993347,0.18386965990066528,-0.1547568291425705,0.1547568291425705,-0.28127788193904957,0.28127788193904957,NA,NA,NA,NA,NA,NA,NA,NA,NA,NA,NA,NA,0,0,0,0,0,0,0,0,0,0,0,0,0,0,0,0,0,0,0,0,0,0,0,0,1,0,0,0,0,0,0,0,0,1,0,0,0,0,0,0,0,0,0,0,0,1,0,0,0,0,0,00-0004229,K.Detmer,3,00-0005562,A.Freeman,3,NA,NA,NA,NA,NA,NA,NA,NA,NA,NA,NA,NA,NA,NA,NA,NA,NA,NA,NA,NA,NA,NA,NA,NA,NA,NA,NA,NA,NA,NA,NA,NA,NA,NA,NA,NA,NA,NA,NA,NA,NA,NA,NA,NA,NA,SF,NA,00-0019586,NA,J.Ulbrich,NA,NA,NA,NA,NA,NA,NA,NA,NA,NA,NA,NA,NA,0,NA,NA,NA,NA,NA,NA,NA,NA,NA,NA,NA,NA,NA,NA,NA,NA,NA,NA,NA,NA,NA,NA,NA,NA,NA,NA,NA,NA,NA,NA,NA,0,NA,NA,NA,NA,0,NA,NA,0,0,0,0,NA,NA,2002,NA,NA,36,1,First down,2563,21:00:00,NA,3COM Park,"Clear skies Temp: 64° F, Humidity: 28%, Wind: SE 8 mph",10160000-0182-69e4-1c08-4240bfea771a,0,0,PASS,0,NA,NA,SF 38,15,Touchdown,NA,7,3:25,4,1,1,3,3,0,KICKOFF,TOUCHDOWN,09:04,05:39,PHI 36,SF 1,2444,2651,38,17,Home,-21,55,7,37.5,0,outdoors,grass,64,8,Steve Mariucci,Andy Reid,SFO00,3Com Park,0,0,K.Detmer,10,NA,NA,A.Freeman,86,1,0,0,0,1,00-0004229,NA,00-0005562,K.Detmer,10,00-0004229,A.Freeman,00-0005562,A.Freeman,00-0005562,0,1,-0.3257758754771203,NA,NA,NA,NA,NA,NA,NA,NA,NA,NA,NA,NA,NA,NA,NA,NA,NA,Andy Reid,Steve Mariucci,7:35,NA,NA,Other,NA,NA,NA,NA,NA,NA,NA,NA
2588,2002_12_PHI_SF,2002112500,SF,PHI,REG,12,PHI,away,SF,SF,38,2002-11-25,393,1293,1293,Half2,0,15,0,3,2,0,06:33,SF 38,7,64,(6:33) 10-K.Detmer pass to 80-J.Thrash to SF 1 for 37 yards (38-R.Heard). Caught at SF 1.,pass,37,0,0,1,0,0,0,NA,NA,NA,NA,NA,NA,NA,NA,NA,NA,3,3,0,NA,NA,NA,NA,3,3,10,21,21,10,11,21,10,11,0.015349661000072956,0.08952678740024567,0.0016728794435039163,0.1653231978416443,0.3067743182182312,0.004562487360090017,0.4167906939983368,0,0,2.4177942813839763,3.815531745844055,-19.790815372209444,19.790815372209444,-3.8387800870114006,3.8387800870114006,-12.043745983703431,12.043745983703431,NA,NA,NA,NA,NA,NA,NA,NA,NA,NA,NA,NA,0.8945538401603699,0.10544615983963013,0.10544615983963013,0.8945538401603699,0.04458940029144287,0.07145589590072632,-0.07145589590072632,0.060856759548187256,0.9391432404518127,0.81644606590271,0.18355393409729004,-0.1547568291425705,0.1547568291425705,-0.32586728223049244,0.32586728223049244,NA,NA,NA,NA,NA,NA,NA,NA,NA,NA,NA,NA,0,0,1,0,0,0,0,0,0,0,0,0,0,0,0,0,0,0,0,0,0,0,0,0,1,0,0,0,0,0,0,0,0,1,0,0,0,0,0,0,0,0,0,0,0,1,0,0,0,0,0,00-0004229,K.Detmer,37,00-0016440,J.Thrash,37,NA,NA,NA,NA,NA,NA,NA,NA,NA,NA,NA,NA,NA,NA,NA,NA,NA,NA,NA,NA,NA,NA,NA,NA,NA,NA,NA,NA,NA,NA,NA,NA,NA,NA,NA,NA,NA,NA,NA,NA,NA,NA,NA,NA,NA,SF,NA,00-0019070,NA,R.Heard,NA,NA,NA,NA,NA,NA,NA,NA,NA,NA,NA,NA,NA,0,NA,NA,NA,NA,NA,NA,NA,NA,NA,NA,NA,NA,NA,NA,NA,NA,NA,NA,NA,NA,NA,NA,NA,NA,NA,NA,NA,NA,NA,NA,NA,0,NA,NA,NA,NA,0,NA,NA,0,0,0,0,NA,NA,2002,NA,NA,36,1,First down,2588,21:00:00,20:09:04,3COM Park,"Clear skies Temp: 64° F, Humidity: 28%, Wind: SE 8 mph",10160000-0182-69e4-1c08-4240bfea771a,0,0,PASS,0,NA,NA,SF 1,15,Touchdown,NA,7,3:25,4,1,1,3,3,0,KICKOFF,TOUCHDOWN,09:04,05:39,PHI 36,SF 1,2444,2651,38,17,Home,-21,55,7,37.5,0,outdoors,grass,64,8,Steve Mariucci,Andy Reid,SFO00,3Com Park,0,1,K.Detmer,10,NA,NA,J.Thrash,80,1,0,1,0,1,00-0004229,NA,00-0016440,K.Detmer,10,00-0004229,J.Thrash,00-0016440,J.Thrash,00-0016440,0,1,3.815531745844055,NA,NA,NA,NA,NA,NA,NA,NA,NA,NA,NA,NA,NA,NA,NA,NA,NA,Andy Reid,Steve Mariucci,6:33,NA,NA,Other,NA,NA,NA,NA,NA,NA,NA,NA
2613,2002_12_PHI_SF,2002112500,SF,PHI,REG,12,NA,NA,NA,NA,NA,2002-11-25,346,1246,1246,Half2,0,15,0,3,NA,0,05:46,SF 1,0,64,Timeout #1 by PHI at 05:46.,no_play,0,0,0,0,0,0,0,NA,NA,NA,NA,NA,NA,NA,NA,NA,NA,3,2,1,PHI,NA,NA,NA,NA,NA,10,21,NA,NA,NA,NA,NA,NA,0,0,0,0,0,0,0,0,0,6.233326027228031,-0,-19.790815372209444,19.790815372209444,-3.8387800870114006,3.8387800870114006,-12.043745983703431,12.043745983703431,NA,NA,NA,NA,NA,NA,NA,NA,NA,NA,NA,NA,0.9391432404518127,0.060856759548187256,0.060856759548187256,0.9391432404518127,-0,-0,0,NA,NA,0.8879019618034363,0.11209803819656372,-0.1547568291425705,0.1547568291425705,-0.32586728223049244,0.32586728223049244,NA,NA,NA,NA,NA,NA,NA,NA,NA,NA,NA,NA,0,0,0,0,0,0,0,0,0,0,0,0,0,0,0,0,0,0,0,0,0,0,0,0,0,0,0,0,0,0,0,0,0,0,0,0,0,0,0,0,0,0,0,0,0,0,0,0,0,0,0,NA,NA,NA,NA,NA,NA,NA,NA,NA,NA,NA,NA,NA,NA,NA,NA,NA,NA,NA,NA,NA,NA,NA,NA,NA,NA,NA,NA,NA,NA,NA,NA,NA,NA,NA,NA,NA,NA,NA,NA,NA,NA,NA,NA,NA,NA,NA,NA,NA,NA,NA,NA,NA,NA,NA,NA,NA,NA,NA,NA,NA,NA,NA,NA,NA,NA,NA,NA,NA,0,NA,NA,NA,NA,NA,NA,NA,NA,NA,NA,NA,NA,NA,NA,NA,NA,NA,NA,NA,NA,NA,NA,NA,NA,NA,NA,NA,NA,NA,NA,NA,0,NA,NA,NA,NA,0,NA,NA,0,0,0,0,NA,NA,2002,NA,NA,37,1,Touchdown,2613,21:00:00,20:10:11,3COM Park,"Clear skies Temp: 64° F, Humidity: 28%, Wind: SE 8 mph",10160000-0182-69e4-1c08-4240bfea771a,0,0,TIMEOUT,0,NA,NA,NA,15,Touchdown,NA,7,3:25,4,1,1,3,3,0,KICKOFF,TOUCHDOWN,09:04,05:39,PHI 36,SF 1,2444,2651,38,17,Home,-21,55,7,37.5,0,outdoors,grass,64,8,Steve Mariucci,Andy Reid,SFO00,3Com Park,0,0,NA,NA,NA,NA,NA,NA,0,0,0,0,0,NA,NA,NA,NA,NA,NA,NA,NA,NA,NA,0,1,-0,NA,NA,NA,NA,NA,NA,NA,NA,NA,NA,NA,NA,NA,NA,NA,NA,NA,Andy Reid,Steve Mariucci,5:46,NA,NA,Other,NA,NA,NA,NA,NA,NA,NA,NA
2630,2002_12_PHI_SF,2002112500,SF,PHI,REG,12,PHI,away,SF,SF,1,2002-11-25,346,1246,1246,Half2,0,15,1,3,1,1,05:46,SF 1,1,64,"(5:46) 10-K.Detmer up the middle for 1 yard, TOUCHDOWN.",run,1,0,0,0,0,0,0,NA,NA,NA,NA,middle,NA,NA,NA,NA,NA,3,2,0,NA,PHI,K.Detmer,00-0004229,2,3,10,27,21,10,11,27,10,17,0.003896730486303568,0.009893327951431274,3.067484067287296e-4,0.019045665860176086,0.09097138792276382,0.0014355272287502885,0.8744505643844604,0,0,6.233326027228031,0.7666739727719687,-20.557489344981413,20.557489344981413,-4.605454059783369,4.605454059783369,-12.043745983703431,12.043745983703431,NA,NA,NA,NA,NA,NA,NA,NA,NA,NA,NA,NA,0.9391432404518127,0.060856759548187256,0.060856759548187256,0.9391432404518127,0.00784284293502202,0.006593697599869608,-0.006593697599869608,0.053013916613165235,0.9469860833868348,0.8879019618034363,0.11209803819656372,-0.16259967207759252,0.16259967207759252,-0.32586728223049244,0.32586728223049244,NA,NA,NA,NA,NA,NA,NA,NA,NA,NA,NA,NA,0,1,0,0,0,0,0,0,0,0,0,0,0,0,0,0,0,0,0,0,0,0,0,0,0,0,0,0,0,0,0,0,1,0,0,1,0,1,0,0,0,0,0,0,0,0,0,0,0,0,0,NA,NA,NA,NA,NA,NA,00-0004229,K.Detmer,1,NA,NA,NA,NA,NA,NA,NA,NA,NA,NA,NA,NA,NA,NA,NA,NA,NA,NA,NA,NA,NA,NA,NA,NA,NA,NA,NA,NA,NA,NA,NA,NA,NA,NA,NA,NA,NA,NA,NA,NA,NA,NA,NA,NA,NA,NA,NA,NA,NA,NA,NA,NA,NA,NA,NA,NA,NA,NA,NA,NA,0,NA,NA,NA,NA,NA,NA,NA,NA,NA,NA,NA,NA,NA,NA,NA,NA,NA,NA,NA,NA,NA,NA,NA,NA,NA,NA,NA,NA,NA,NA,NA,0,NA,NA,NA,NA,0,NA,NA,0,0,0,0,NA,NA,2002,NA,NA,37,1,Touchdown,2630,21:00:00,20:11:02,3COM Park,"Clear skies Temp: 64° F, Humidity: 28%, Wind: SE 8 mph",10160000-0182-69e4-1c08-4240bfea771a,0,0,RUSH,0,NA,05:39,NA,15,Touchdown,NA,7,3:25,4,1,1,3,3,0,KICKOFF,TOUCHDOWN,09:04,05:39,PHI 36,SF 1,2444,2651,38,17,Home,-21,55,7,37.5,0,outdoors,grass,64,8,Steve Mariucci,Andy Reid,SFO00,3Com Park,0,1,NA,NA,K.Detmer,10,NA,NA,0,1,1,0,1,NA,00-0004229,NA,K.Detmer,10,00-0004229,K.Detmer,00-0004229,K.Detmer,00-0004229,0,1,0.7666739727719687,NA,NA,NA,NA,NA,NA,NA,NA,NA,NA,NA,NA,NA,NA,NA,NA,NA,Andy Reid,Steve Mariucci,5:46,NA,NA,Other,NA,NA,NA,NA,NA,NA,NA,NA
2651,2002_12_PHI_SF,2002112500,SF,PHI,REG,12,PHI,away,SF,SF,2,2002-11-25,339,1239,1239,Half2,0,15,1,3,NA,0,05:39,SF 2,0,64,"2-D.Akers extra point is GOOD, Center-88-M.Bartrum, Holder-10-K.Detmer.",extra_point,0,0,0,0,0,0,0,NA,NA,NA,NA,NA,NA,NA,20,good,NA,3,2,0,NA,NA,NA,NA,2,3,10,28,27,10,17,28,10,18,0,0,0,0,0,0,0,0.9862267078059223,0,0.9862267078059223,0.013773292194077746,-20.57126263717549,20.57126263717549,-4.605454059783369,4.605454059783369,-12.043745983703431,12.043745983703431,NA,NA,NA,NA,NA,NA,NA,NA,NA,NA,NA,NA,0.9469860833868348,0.053013916613165235,0.053013916613165235,0.9469860833868348,0.004500880391899442,0.005923978157538534,-0.005923978157538534,0.04851303622126579,0.9514869637787342,0.8944956594033059,0.10550434059669411,-0.16259967207759252,0.16259967207759252,-0.32586728223049244,0.32586728223049244,NA,NA,NA,NA,NA,NA,NA,NA,NA,NA,NA,NA,0,0,0,0,0,0,0,0,0,0,0,0,0,0,0,0,0,0,0,0,0,0,0,0,0,0,0,0,0,0,0,0,0,0,0,0,0,0,0,1,0,0,0,0,0,0,0,0,0,0,0,NA,NA,NA,NA,NA,NA,NA,NA,NA,NA,NA,NA,NA,NA,NA,NA,NA,NA,NA,NA,NA,NA,NA,NA,NA,NA,NA,NA,NA,NA,NA,D.Akers,00-0000108,NA,NA,NA,NA,NA,NA,NA,NA,NA,NA,NA,NA,NA,NA,NA,NA,NA,NA,NA,NA,NA,NA,NA,NA,NA,NA,NA,NA,NA,NA,NA,NA,NA,NA,NA,NA,0,NA,NA,NA,NA,NA,NA,NA,NA,NA,NA,NA,NA,NA,NA,NA,NA,NA,NA,NA,NA,NA,NA,NA,NA,NA,NA,NA,NA,NA,NA,NA,0,NA,NA,NA,NA,0,NA,NA,0,0,0,0,NA,NA,2002,NA,NA,37,1,Touchdown,2651,21:00:00,20:11:41,3COM Park,"Clear skies Temp: 64° F, Humidity: 28%, Wind: SE 8 mph",10160000-0182-69e4-1c08-4240bfea771a,0,0,XP_KICK,1,NA,NA,NA,15,Touchdown,NA,7,3:25,4,1,1,3,3,0,KICKOFF,TOUCHDOWN,09:04,05:39,PHI 36,SF 1,2444,2651,38,17,Home,-21,55,7,37.5,0,outdoors,grass,64,8,Steve Mariucci,Andy Reid,SFO00,3Com Park,0,1,NA,NA,NA,NA,NA,NA,0,0,0,1,0,NA,NA,NA,NA,NA,NA,NA,NA,NA,NA,0,1,0.013773292194077746,NA,NA,NA,NA,NA,NA,NA,NA,NA,NA,NA,NA,NA,NA,NA,NA,NA,Andy Reid,Steve Mariucci,5:39,NA,NA,Other,NA,NA,NA,NA,NA,NA,NA,NA
2667,2002_12_PHI_SF,2002112500,SF,PHI,REG,12,SF,home,PHI,PHI,30,2002-11-25,339,1239,1239,Half2,0,16,0,3,NA,0,05:39,PHI 30,0,-27,2-D.Akers kicks 64 yards from PHI 30 to SF 6. 23-J.Williams to SF 31 for 25 yards (82-D.Douglas).,kickoff,0,0,0,0,0,0,0,NA,NA,NA,NA,NA,NA,NA,64,NA,NA,3,2,0,NA,NA,NA,NA,3,2,10,28,10,28,-18,10,28,-18,0.031024163588881493,0.17076832056045532,0.004605146590620279,0.23818247020244598,0.2042047530412674,0.002985901664942503,0.3482292592525482,0,0,0.8673983309417963,0.7445555264130235,-19.826707110762467,19.826707110762467,-4.605454059783369,4.605454059783369,-12.043745983703431,12.043745983703431,NA,NA,NA,NA,NA,NA,NA,NA,NA,NA,NA,NA,0.04851303622126579,0.9514869637787342,0.04851303622126579,0.9514869637787342,0.014186631888151169,-0.003316938877105713,-0.003316938877105713,0.06269966810941696,0.937300331890583,0.09958036243915558,0.09958036243915558,-0.16259967207759252,0.16259967207759252,-0.32586728223049244,0.32586728223049244,NA,NA,NA,NA,NA,NA,NA,NA,NA,NA,NA,NA,0,0,0,0,0,0,0,0,0,0,0,0,0,0,0,0,0,0,0,0,0,0,0,0,1,0,0,0,0,0,0,0,0,0,0,0,0,0,0,0,0,0,1,0,0,0,0,0,0,0,0,NA,NA,NA,NA,NA,NA,NA,NA,NA,NA,NA,NA,NA,NA,NA,NA,NA,NA,NA,NA,NA,NA,NA,NA,NA,J.Williams,00-0020327,NA,NA,NA,NA,D.Akers,00-0000108,NA,NA,NA,NA,NA,NA,NA,NA,NA,NA,NA,NA,NA,NA,NA,NA,NA,NA,PHI,NA,00-0004463,NA,D.Douglas,NA,NA,NA,NA,NA,NA,NA,NA,NA,NA,NA,NA,NA,0,NA,NA,NA,NA,NA,NA,NA,NA,NA,NA,NA,NA,NA,NA,NA,NA,NA,NA,NA,NA,NA,NA,NA,NA,NA,NA,NA,NA,NA,NA,SF,25,NA,NA,NA,NA,0,NA,NA,0,0,0,0,NA,NA,2002,NA,NA,38,0,Punt,2667,21:00:00,20:13:56,3COM Park,"Clear skies Temp: 64° F, Humidity: 28%, Wind: SE 8 mph",10160000-0182-69e4-1c08-4240bfea771a,0,0,KICK_OFF,1,NA,NA,SF 31,16,Punt,NA,3,1:09,0,0,0,3,3,-30,KICKOFF,PUNT,05:39,04:30,SF 31,SF 4,2667,2859,38,17,Home,-21,55,7,37.5,0,outdoors,grass,64,8,Steve Mariucci,Andy Reid,SFO00,3Com Park,0,1,NA,NA,NA,NA,NA,NA,0,0,0,1,0,NA,NA,NA,NA,NA,NA,NA,NA,NA,NA,0,1,0.7445555264130235,NA,NA,NA,NA,NA,NA,NA,NA,NA,NA,NA,NA,NA,NA,NA,NA,NA,Andy Reid,Steve Mariucci,5:39,NA,NA,Other,NA,NA,NA,NA,NA,NA,NA,NA
2689,2002_12_PHI_SF,2002112500,SF,PHI,REG,12,SF,home,PHI,SF,69,2002-11-25,330,1230,1230,Half2,0,16,0,3,1,0,05:30,SF 31,10,-27,(5:30) 5-J.Garcia pass to 32-K.Barlow to SF 34 for 3 yards (96-P.Grasmanis). Caught at SF 30. Grasmanis and Barlow injured on play.,pass,3,0,0,1,0,0,0,NA,NA,NA,NA,NA,NA,NA,NA,NA,NA,3,2,0,NA,NA,NA,NA,3,2,10,28,10,28,-18,10,28,-18,0.03009963594377041,0.1384863257408142,0.0023503873962908983,0.20271886885166168,0.22909356653690338,0.0033787477295845747,0.3938724994659424,0,0,1.6119538573548198,-0.23350103897973895,-20.060208149742206,20.060208149742206,-4.605454059783369,4.605454059783369,-12.27724702268317,12.27724702268317,NA,NA,NA,NA,NA,NA,NA,NA,NA,NA,NA,NA,0.06269966810941696,0.937300331890583,0.06269966810941696,0.937300331890583,-0.012880746275186539,-0.01119646430015564,-0.01119646430015564,0.04981892183423042,0.9501810781657696,0.09626342356204987,0.09626342356204987,-0.16259967207759252,0.16259967207759252,-0.338748028505679,0.338748028505679,NA,NA,NA,NA,NA,NA,NA,NA,NA,NA,NA,NA,0,0,0,0,0,0,0,0,0,0,0,0,0,0,0,0,0,0,0,0,0,0,0,0,1,0,0,0,0,0,0,0,0,1,0,0,0,0,0,0,0,0,0,0,0,1,0,0,0,0,0,00-0005755,J.Garcia,3,00-0020474,K.Barlow,3,NA,NA,NA,NA,NA,NA,NA,NA,NA,NA,NA,NA,NA,NA,NA,NA,NA,NA,NA,NA,NA,NA,NA,NA,NA,NA,NA,NA,NA,NA,NA,NA,NA,NA,NA,NA,NA,NA,NA,NA,NA,NA,NA,NA,NA,PHI,NA,00-0006251,NA,P.Grasmanis,NA,NA,NA,NA,NA,NA,NA,NA,NA,NA,NA,NA,NA,0,NA,NA,NA,NA,NA,NA,NA,NA,NA,NA,NA,NA,NA,NA,NA,NA,NA,NA,NA,NA,NA,NA,NA,NA,NA,NA,NA,NA,NA,NA,NA,0,NA,NA,NA,NA,0,NA,NA,0,0,0,0,NA,NA,2002,NA,NA,38,0,Punt,2689,21:00:00,20:16:22,3COM Park,"Clear skies Temp: 64° F, Humidity: 28%, Wind: SE 8 mph",10160000-0182-69e4-1c08-4240bfea771a,0,0,PASS,0,NA,NA,SF 34,16,Punt,NA,3,1:09,0,0,0,3,3,-30,KICKOFF,PUNT,05:39,04:30,SF 31,SF 4,2667,2859,38,17,Home,-21,55,7,37.5,0,outdoors,grass,64,8,Steve Mariucci,Andy Reid,SFO00,3Com Park,0,0,J.Garcia,5,NA,NA,K.Barlow,32,1,0,0,0,1,00-0005755,NA,00-0020474,J.Garcia,5,00-0005755,K.Barlow,00-0020474,K.Barlow,00-0020474,0,1,-0.23350103897973895,NA,NA,NA,NA,NA,NA,NA,NA,NA,NA,NA,NA,NA,NA,NA,NA,NA,Andy Reid,Steve Mariucci,5:30,NA,NA,Other,NA,NA,NA,NA,NA,NA,NA,NA
2718,2002_12_PHI_SF,2002112500,SF,PHI,REG,12,SF,home,PHI,SF,66,2002-11-25,303,1203,1203,Half2,0,16,0,3,2,0,05:03,SF 34,7,-27,(5:03) 5-J.Garcia pass incomplete to 83-J.Stokes (31-A.Harris). Snap sailed over Garcia's head.,pass,0,0,0,1,0,0,0,NA,NA,NA,NA,NA,NA,NA,NA,NA,NA,3,2,0,NA,NA,NA,NA,3,2,10,28,10,28,-18,10,28,-18,0.03128727525472641,0.14323319494724274,0.002247483702376485,0.21510683000087738,0.22985059022903442,0.003815731965005398,0.37445884943008423,0,0,1.3784528183750808,-0.6783207659609616,-20.738528915703167,20.738528915703167,-4.605454059783369,4.605454059783369,-12.955567788644132,12.955567788644132,NA,NA,NA,NA,NA,NA,NA,NA,NA,NA,NA,NA,0.04981892183423042,0.9501810781657696,0.04981892183423042,0.9501810781657696,-0.009082034230232239,-0.005552172660827637,-0.005552172660827637,0.040736887603998184,0.9592631123960018,0.08506695926189423,0.08506695926189423,-0.16259967207759252,0.16259967207759252,-0.3478300627359112,0.3478300627359112,NA,NA,NA,NA,NA,NA,NA,NA,NA,NA,NA,NA,0,0,0,0,0,0,0,0,1,0,0,0,0,0,0,0,0,0,0,0,0,0,0,0,0,0,0,0,0,0,0,0,0,1,0,0,0,0,0,0,0,0,0,0,0,0,0,0,0,0,0,00-0005755,J.Garcia,NA,00-0015751,J.Stokes,NA,NA,NA,NA,NA,NA,NA,NA,NA,NA,NA,NA,NA,NA,NA,NA,NA,NA,NA,NA,NA,NA,NA,NA,NA,NA,NA,NA,NA,NA,NA,NA,NA,NA,NA,NA,NA,NA,NA,NA,NA,NA,NA,NA,NA,NA,NA,NA,NA,NA,NA,NA,NA,NA,NA,NA,NA,NA,NA,NA,NA,NA,NA,NA,0,NA,NA,NA,NA,NA,NA,00-0006915,A.Harris,NA,NA,NA,NA,NA,NA,NA,NA,NA,NA,NA,NA,NA,NA,NA,NA,NA,NA,NA,NA,NA,NA,NA,0,NA,NA,NA,NA,0,NA,NA,0,0,0,0,NA,NA,2002,NA,NA,38,0,Punt,2718,21:00:00,20:18:23,3COM Park,"Clear skies Temp: 64° F, Humidity: 28%, Wind: SE 8 mph",10160000-0182-69e4-1c08-4240bfea771a,0,0,PASS,0,NA,NA,SF 34,16,Punt,NA,3,1:09,0,0,0,3,3,-30,KICKOFF,PUNT,05:39,04:30,SF 31,SF 4,2667,2859,38,17,Home,-21,55,7,37.5,0,outdoors,grass,64,8,Steve Mariucci,Andy Reid,SFO00,3Com Park,0,0,J.Garcia,5,NA,NA,J.Stokes,83,1,0,0,0,1,00-0005755,NA,00-0015751,J.Garcia,5,00-0005755,J.Stokes,00-0015751,J.Stokes,00-0015751,0,1,-0.6783207659609616,NA,NA,NA,NA,NA,NA,NA,NA,NA,NA,NA,NA,NA,NA,NA,NA,NA,Andy Reid,Steve Mariucci,5:03,NA,NA,Other,NA,NA,NA,NA,NA,NA,NA,NA
2736,2002_12_PHI_SF,2002112500,SF,PHI,REG,12,SF,home,PHI,SF,66,2002-11-25,298,1198,1198,Half2,0,16,0,3,3,0,04:58,SF 34,7,-27,"(4:58) (Shotgun) 62-J.Newberry to SF 34 for no gain. FUMBLES, recovered by SF-5-J.Garcia at SF 8. 5-J.Garcia pass incomplete. Snap sailed over Garcia's head. PENALTY on SF-5-J.Garcia, Intentional Grounding, 26 yards, enforced at SF 34.",pass,0,1,0,1,0,0,0,NA,NA,NA,NA,NA,NA,NA,NA,NA,NA,3,2,0,NA,NA,NA,NA,3,2,10,28,10,28,-18,10,28,-18,0.03241671994328499,0.1704423427581787,0.0024165119975805283,0.25119736790657043,0.20255164802074432,0.003961864393204451,0.3370135724544525,0,0,0.7001320524141192,-3.3609056018758565,-24.099434517579024,24.099434517579024,-4.605454059783369,4.605454059783369,-16.316473390519988,16.316473390519988,NA,NA,NA,NA,NA,NA,NA,NA,NA,NA,NA,NA,0.040736887603998184,0.9592631123960018,0.040736887603998184,0.9592631123960018,-0.022122442722320557,-0.038855232298374176,-0.038855232298374176,0.018614444881677628,0.9813855551183224,0.07951478660106659,0.07951478660106659,-0.16259967207759252,0.16259967207759252,-0.3699525054582318,0.3699525054582318,NA,NA,NA,NA,NA,NA,NA,NA,NA,NA,NA,NA,0,0,0,0,0,1,0,0,1,0,0,0,0,0,0,0,0,0,0,0,0,0,1,0,0,0,1,0,0,0,0,0,0,1,0,0,0,0,0,0,0,0,0,0,1,0,0,0,0,0,0,00-0005755,J.Garcia,NA,NA,NA,NA,NA,NA,NA,NA,NA,NA,NA,NA,NA,NA,NA,NA,NA,NA,NA,NA,NA,NA,NA,NA,NA,NA,NA,NA,NA,NA,NA,NA,NA,NA,NA,NA,NA,NA,NA,NA,NA,NA,NA,NA,NA,NA,NA,NA,NA,NA,NA,NA,NA,NA,NA,NA,NA,NA,NA,NA,NA,NA,NA,NA,NA,NA,NA,0,NA,NA,NA,NA,NA,NA,NA,NA,NA,NA,SF,00-0012042,J.Newberry,NA,NA,NA,SF,0,00-0005755,J.Garcia,NA,NA,NA,NA,NA,NA,NA,NA,NA,NA,NA,0,SF,00-0005755,J.Garcia,26,0,NA,Intentional Grounding,0,0,0,0,NA,NA,2002,NA,NA,38,0,Punt,2736,21:00:00,20:19:07,3COM Park,"Clear skies Temp: 64° F, Humidity: 28%, Wind: SE 8 mph",10160000-0182-69e4-1c08-4240bfea771a,0,0,PASS,0,NA,NA,SF 8,16,Punt,NA,3,1:09,0,0,0,3,3,-30,KICKOFF,PUNT,05:39,04:30,SF 31,SF 4,2667,2859,38,17,Home,-21,55,7,37.5,0,outdoors,grass,64,8,Steve Mariucci,Andy Reid,SFO00,3Com Park,0,0,J.Garcia,5,NA,NA,NA,NA,1,0,0,0,1,00-0005755,NA,NA,J.Garcia,5,00-0005755,NA,NA,NA,NA,0,1,-3.3609056018758565,NA,NA,NA,NA,NA,NA,NA,NA,NA,NA,NA,NA,NA,NA,NA,NA,NA,Andy Reid,Steve Mariucci,4:58,NA,NA,Other (Penalty),NA,NA,NA,NA,NA,NA,NA,NA
2793,2002_12_PHI_SF,2002112500,SF,PHI,REG,12,SF,home,PHI,SF,92,2002-11-25,298,1198,1198,Half2,0,16,0,3,4,0,04:58,SF 8,33,-27,"(4:58) PENALTY on SF-27-P.Smith, Offensive Holding, 4 yards, enforced at SF 8 - No Play.",no_play,0,0,0,0,0,0,0,NA,NA,NA,NA,NA,NA,NA,NA,NA,NA,3,2,0,NA,NA,NA,NA,3,2,10,28,10,28,-18,10,28,-18,0.025689484551548958,0.30767109990119934,0.024963272735476494,0.4176759123802185,0.08113597333431244,0.0015120020834729075,0.14135225117206573,0,0,-2.6607735494617373,-0.17712709051556885,-24.276561608094593,24.276561608094593,-4.605454059783369,4.605454059783369,-16.316473390519988,16.316473390519988,NA,NA,NA,NA,NA,NA,NA,NA,NA,NA,NA,NA,0.018614444881677628,0.9813855551183224,0.018614444881677628,0.9813855551183224,-0.0015343483537435532,-0.0017384476959705353,-0.0017384476959705353,0.017080096527934074,0.9829199034720659,0.04065955430269241,0.04065955430269241,-0.16259967207759252,0.16259967207759252,-0.3699525054582318,0.3699525054582318,NA,NA,NA,NA,NA,NA,NA,NA,NA,NA,NA,NA,0,0,0,0,0,0,0,0,0,0,0,0,0,0,0,0,0,0,0,0,0,0,0,0,0,0,1,0,0,0,0,0,0,0,0,0,0,0,0,0,0,0,0,0,0,0,0,0,0,0,0,NA,NA,NA,NA,NA,NA,NA,NA,NA,NA,NA,NA,NA,NA,NA,NA,NA,NA,NA,NA,NA,NA,NA,NA,NA,NA,NA,NA,NA,NA,NA,NA,NA,NA,NA,NA,NA,NA,NA,NA,NA,NA,NA,NA,NA,NA,NA,NA,NA,NA,NA,NA,NA,NA,NA,NA,NA,NA,NA,NA,NA,NA,NA,NA,NA,NA,NA,NA,NA,0,NA,NA,NA,NA,NA,NA,NA,NA,NA,NA,NA,NA,NA,NA,NA,NA,NA,NA,NA,NA,NA,NA,NA,NA,NA,NA,NA,NA,NA,NA,NA,0,SF,00-0019673,P.Smith,4,0,NA,Offensive Holding,0,0,0,0,NA,NA,2002,NA,NA,38,0,Punt,2793,21:00:00,NA,3COM Park,"Clear skies Temp: 64° F, Humidity: 28%, Wind: SE 8 mph",10160000-0182-69e4-1c08-4240bfea771a,0,0,PENALTY,1,NA,NA,SF 4,16,Punt,NA,3,1:09,0,0,0,3,3,-30,KICKOFF,PUNT,05:39,04:30,SF 31,SF 4,2667,2859,38,17,Home,-21,55,7,37.5,0,outdoors,grass,64,8,Steve Mariucci,Andy Reid,SFO00,3Com Park,0,0,NA,NA,NA,NA,NA,NA,0,0,0,0,1,NA,NA,NA,NA,NA,NA,NA,NA,NA,NA,0,1,-0.17712709051556885,NA,NA,NA,NA,NA,NA,NA,NA,0.015952327903505648,NA,0.002973924719431592,NA,0,0.09861881867982447,0.3178255979437381,0.09861881867982447,0.20211112814867815,Andy Reid,Steve Mariucci,4:58,0,0,Other (Penalty),NA,2,NA,0,20,10,32,10
2859,2002_12_PHI_SF,2002112500,SF,PHI,REG,12,SF,home,PHI,SF,96,2002-11-25,298,1198,1198,Half2,0,16,0,3,4,0,04:58,SF 4,37,-27,"(4:58) 7-J.Baker punts 37 yards to SF 41, Center-86-B.Jennings, fair catch by 30-B.Mitchell.",punt,0,0,0,0,0,0,0,NA,NA,NA,NA,NA,NA,NA,37,NA,NA,3,2,0,NA,NA,NA,NA,3,2,10,28,10,28,-18,10,28,-18,0.024306202307343483,0.31750795245170593,0.021108539775013924,0.42409470677375793,0.08957824110984802,0.0014123667497187853,0.12199196964502335,0,0,-2.837900639977306,0.21571641322225332,-24.06084519487234,24.06084519487234,-4.605454059783369,4.605454059783369,-16.316473390519988,16.316473390519988,NA,NA,NA,NA,NA,NA,NA,NA,NA,NA,NA,NA,0.017080096527934074,0.9829199034720659,0.017080096527934074,0.9829199034720659,0.009798498824238777,0.01306213065981865,0.01306213065981865,0.02687859535217285,0.9731214046478271,0.03892110660672188,0.03892110660672188,-0.16259967207759252,0.16259967207759252,-0.3699525054582318,0.3699525054582318,NA,NA,NA,NA,NA,NA,NA,NA,NA,NA,NA,NA,0,0,0,0,0,0,0,0,0,0,0,0,0,0,0,1,0,0,0,0,0,0,0,0,0,0,0,0,0,0,0,0,0,0,0,0,0,0,0,0,0,0,0,1,0,0,0,0,0,0,0,NA,NA,NA,NA,NA,NA,NA,NA,NA,NA,NA,NA,NA,NA,NA,NA,NA,NA,NA,NA,NA,00-0011399,B.Mitchell,NA,NA,NA,NA,NA,NA,00-0019921,J.Baker,NA,NA,NA,NA,NA,NA,NA,NA,NA,NA,NA,NA,NA,NA,NA,NA,NA,NA,NA,NA,NA,NA,NA,NA,NA,NA,NA,NA,NA,NA,NA,NA,NA,NA,NA,NA,NA,NA,0,NA,NA,NA,NA,NA,NA,NA,NA,NA,NA,NA,NA,NA,NA,NA,NA,NA,NA,NA,NA,NA,NA,NA,NA,NA,NA,NA,NA,NA,NA,PHI,0,NA,NA,NA,NA,0,NA,NA,0,0,0,0,NA,NA,2002,NA,NA,38,0,Punt,2859,21:00:00,NA,3COM Park,"Clear skies Temp: 64° F, Humidity: 28%, Wind: SE 8 mph",10160000-0182-69e4-1c08-4240bfea771a,0,0,PUNT,1,NA,04:30,SF 41,16,Punt,NA,3,1:09,0,0,0,3,3,-30,KICKOFF,PUNT,05:39,04:30,SF 31,SF 4,2667,2859,38,17,Home,-21,55,7,37.5,0,outdoors,grass,64,8,Steve Mariucci,Andy Reid,SFO00,3Com Park,0,1,NA,NA,NA,NA,NA,NA,0,0,0,1,0,NA,NA,NA,NA,NA,NA,NA,NA,NA,NA,0,1,0.21571641322225332,NA,NA,NA,NA,NA,NA,NA,NA,0.012120573759602848,NA,0.002941312859284923,NA,0,0.09861881867982447,0.3178255979437381,0.09861881867982447,0.19401546807180858,Andy Reid,Steve Mariucci,4:58,0,0,Other,NA,1,NA,0,19,10,32,10
2882,2002_12_PHI_SF,2002112500,SF,PHI,REG,12,PHI,away,SF,SF,41,2002-11-25,270,1170,1170,Half2,0,17,0,3,1,0,04:30,SF 41,10,41,(4:30) 22-D.Staley up the middle to SF 30 for 11 yards (33-T.Parrish). Heard hurt on play,run,11,0,0,0,0,0,0,NA,NA,NA,NA,middle,NA,NA,NA,NA,NA,3,2,0,NA,NA,NA,NA,2,3,10,28,28,10,18,28,10,18,0.02741277776658535,0.08470955491065979,0.0017193483654409647,0.1510445922613144,0.29551953077316284,0.005330850835889578,0.43426334857940674,0,0,2.622184226755053,0.778555741533637,-24.839400936405976,24.839400936405976,-5.384009801317006,5.384009801317006,-16.316473390519988,16.316473390519988,NA,NA,NA,NA,NA,NA,NA,NA,NA,NA,NA,NA,0.9731214046478271,0.02687859535217285,0.02687859535217285,0.9731214046478271,0.005142390727996826,0.011927247047424316,-0.011927247047424316,0.021736204624176025,0.978263795375824,0.9480167627334595,0.05198323726654053,-0.16774206280558934,0.16774206280558934,-0.3699525054582318,0.3699525054582318,NA,NA,NA,NA,NA,NA,NA,NA,NA,NA,NA,NA,0,1,0,0,0,0,0,0,0,0,0,0,0,0,0,0,0,0,0,0,0,0,0,0,1,0,0,0,0,0,0,0,1,0,0,0,0,0,0,0,0,0,0,0,0,0,0,0,0,0,0,NA,NA,NA,NA,NA,NA,00-0015523,D.Staley,11,NA,NA,NA,NA,NA,NA,NA,NA,NA,NA,NA,NA,NA,NA,NA,NA,NA,NA,NA,NA,NA,NA,NA,NA,NA,NA,NA,NA,NA,NA,NA,NA,NA,NA,NA,NA,NA,NA,NA,NA,NA,NA,SF,NA,00-0012614,NA,T.Parrish,NA,NA,NA,NA,NA,NA,NA,NA,NA,NA,NA,NA,NA,0,NA,NA,NA,NA,NA,NA,NA,NA,NA,NA,NA,NA,NA,NA,NA,NA,NA,NA,NA,NA,NA,NA,NA,NA,NA,NA,NA,NA,NA,NA,NA,0,NA,NA,NA,NA,0,NA,NA,0,0,0,0,NA,NA,2002,NA,NA,39,1,First down,2882,21:00:00,NA,3COM Park,"Clear skies Temp: 64° F, Humidity: 28%, Wind: SE 8 mph",10160000-0182-69e4-1c08-4240bfea771a,0,0,RUSH,0,NA,NA,SF 30,17,Touchdown,NA,5,1:49,4,1,1,3,3,6,PUNT,TOUCHDOWN,04:30,02:41,SF 41,SF 1,2882,3033,38,17,Home,-21,55,7,37.5,0,outdoors,grass,64,8,Steve Mariucci,Andy Reid,SFO00,3Com Park,0,1,NA,NA,D.Staley,22,NA,NA,0,1,1,0,1,NA,00-0015523,NA,D.Staley,22,00-0015523,D.Staley,00-0015523,D.Staley,00-0015523,0,1,0.778555741533637,NA,NA,NA,NA,NA,NA,NA,NA,NA,NA,NA,NA,NA,NA,NA,NA,NA,Andy Reid,Steve Mariucci,4:30,NA,NA,Other,NA,NA,NA,NA,NA,NA,NA,NA
2903,2002_12_PHI_SF,2002112500,SF,PHI,REG,12,PHI,away,SF,SF,30,2002-11-25,242,1142,1142,Half2,0,17,0,3,1,0,04:02,SF 30,10,41,(4:02) 10-K.Detmer pass incomplete to 87-T.Pinkston (36-J.Webster).,pass,0,0,0,1,0,0,0,NA,NA,NA,NA,NA,NA,NA,NA,NA,NA,3,2,0,NA,NA,NA,NA,2,3,10,28,28,10,18,28,10,18,0.017021305859088898,0.05264575034379959,8.483767742291093e-4,0.10408084839582443,0.37097251415252686,9.99206560663879e-4,0.45343199372291565,0,0,3.40073996828869,-0.4134618855314329,-24.425939050874543,24.425939050874543,-5.384009801317006,5.384009801317006,-15.903011504988555,15.903011504988555,NA,NA,NA,NA,NA,NA,NA,NA,NA,NA,NA,NA,0.978263795375824,0.021736204624176025,0.021736204624176025,0.978263795375824,-0.0017852187156677246,-0.003675401210784912,0.003675401210784912,0.02352142333984375,0.97647857666015625,0.9599440097808838,0.04005599021911621,-0.16774206280558934,0.16774206280558934,-0.36816728674256405,0.36816728674256405,NA,NA,NA,NA,NA,NA,NA,NA,NA,NA,NA,NA,0,0,0,0,0,0,0,0,1,0,0,0,0,0,0,0,0,0,0,0,0,0,0,0,0,0,0,0,0,0,0,0,0,1,0,0,0,0,0,0,0,0,0,0,0,0,0,0,0,0,0,00-0004229,K.Detmer,NA,00-0019606,T.Pinkston,NA,NA,NA,NA,NA,NA,NA,NA,NA,NA,NA,NA,NA,NA,NA,NA,NA,NA,NA,NA,NA,NA,NA,NA,NA,NA,NA,NA,NA,NA,NA,NA,NA,NA,NA,NA,NA,NA,NA,NA,NA,NA,NA,NA,NA,NA,NA,NA,NA,NA,NA,NA,NA,NA,NA,NA,NA,NA,NA,NA,NA,NA,NA,NA,0,NA,NA,NA,NA,NA,NA,00-0019653,J.Webster,NA,NA,NA,NA,NA,NA,NA,NA,NA,NA,NA,NA,NA,NA,NA,NA,NA,NA,NA,NA,NA,NA,NA,0,NA,NA,NA,NA,0,NA,NA,0,0,0,0,NA,NA,2002,NA,NA,40,1,First down,2903,21:00:00,20:25:03,3COM Park,"Clear skies Temp: 64° F, Humidity: 28%, Wind: SE 8 mph",10160000-0182-69e4-1c08-4240bfea771a,0,0,PASS,0,NA,NA,SF 30,17,Touchdown,NA,5,1:49,4,1,1,3,3,6,PUNT,TOUCHDOWN,04:30,02:41,SF 41,SF 1,2882,3033,38,17,Home,-21,55,7,37.5,0,outdoors,grass,64,8,Steve Mariucci,Andy Reid,SFO00,3Com Park,0,0,K.Detmer,10,NA,NA,T.Pinkston,87,1,0,0,0,1,00-0004229,NA,00-0019606,K.Detmer,10,00-0004229,T.Pinkston,00-0019606,T.Pinkston,00-0019606,0,1,-0.4134618855314329,NA,NA,NA,NA,NA,NA,NA,NA,NA,NA,NA,NA,NA,NA,NA,NA,NA,Andy Reid,Steve Mariucci,4:02,NA,NA,Other,NA,NA,NA,NA,NA,NA,NA,NA
2925,2002_12_PHI_SF,2002112500,SF,PHI,REG,12,PHI,away,SF,SF,30,2002-11-25,238,1138,1138,Half2,0,17,0,3,2,0,03:58,SF 30,10,41,"(3:58) 10-K.Detmer pass to 83-J.Thomason to SF 6 for 24 yards (36-J.Webster, 38-R.Heard). Caught at SF 19. Detmer hurt on play. K.Detmer dislocated his left elbow on the play.",pass,24,0,0,1,0,0,0,NA,NA,NA,NA,NA,NA,NA,NA,NA,NA,3,2,0,NA,NA,NA,NA,2,3,10,28,28,10,18,28,10,18,0.017543023452162743,0.0634869933128357,8.575074025429785e-4,0.11724214255809784,0.4002116620540619,0.0010193607304245234,0.3996393382549286,0,0,2.987278082757257,2.4043573885574006,-26.830296439431944,26.830296439431944,-5.384009801317006,5.384009801317006,-18.307368893545956,18.307368893545956,NA,NA,NA,NA,NA,NA,NA,NA,NA,NA,NA,NA,0.97647857666015625,0.02352142333984375,0.02352142333984375,0.97647857666015625,0.006039321422576904,0.01757723093032837,-0.01757723093032837,0.017482101917266846,0.9825178980827332,0.9562686085700989,0.04373139142990112,-0.16774206280558934,0.16774206280558934,-0.37420660816514095,0.37420660816514095,NA,NA,NA,NA,NA,NA,NA,NA,NA,NA,NA,NA,0,0,1,0,0,0,0,0,0,0,0,0,0,0,0,0,0,0,0,0,0,0,0,0,0,0,0,0,0,0,0,0,0,1,0,0,0,0,0,0,0,0,0,0,0,1,1,0,0,0,0,00-0004229,K.Detmer,24,00-0016347,J.Thomason,24,NA,NA,NA,NA,NA,NA,NA,NA,NA,NA,NA,NA,NA,NA,NA,NA,NA,NA,NA,NA,NA,NA,NA,NA,NA,NA,NA,NA,NA,NA,NA,NA,NA,NA,NA,NA,NA,NA,NA,NA,NA,NA,NA,NA,NA,NA,NA,NA,NA,NA,NA,00-0019070,R.Heard,SF,NA,NA,NA,NA,NA,NA,NA,NA,NA,1,00-0019653,J.Webster,SF,NA,NA,NA,NA,NA,NA,NA,NA,NA,NA,NA,NA,NA,NA,NA,NA,NA,NA,NA,NA,NA,NA,NA,NA,NA,NA,NA,NA,0,NA,NA,NA,NA,0,NA,NA,0,0,0,0,NA,NA,2002,NA,NA,40,1,First down,2925,21:00:00,20:25:44,3COM Park,"Clear skies Temp: 64° F, Humidity: 28%, Wind: SE 8 mph",10160000-0182-69e4-1c08-4240bfea771a,0,0,PASS,0,NA,NA,SF 6,17,Touchdown,NA,5,1:49,4,1,1,3,3,6,PUNT,TOUCHDOWN,04:30,02:41,SF 41,SF 1,2882,3033,38,17,Home,-21,55,7,37.5,0,outdoors,grass,64,8,Steve Mariucci,Andy Reid,SFO00,3Com Park,0,1,K.Detmer,10,NA,NA,J.Thomason,83,1,0,1,0,1,00-0004229,NA,00-0016347,K.Detmer,10,00-0004229,J.Thomason,00-0016347,J.Thomason,00-0016347,0,1,2.4043573885574006,NA,NA,NA,NA,NA,NA,NA,NA,NA,NA,NA,NA,NA,NA,NA,NA,NA,Andy Reid,Steve Mariucci,3:58,NA,NA,Other,NA,NA,NA,NA,NA,NA,NA,NA
2954,2002_12_PHI_SF,2002112500,SF,PHI,REG,12,PHI,away,SF,SF,6,2002-11-25,212,1112,1112,Half2,0,17,0,3,1,1,03:32,SF 6,6,41,"(3:32) Feeley in at QB. 22-D.Staley right end to SF 7 for -1 yards (97-B.Young, 29-A.Plummer).",run,-1,0,0,0,0,0,0,NA,NA,NA,NA,right,end,NA,NA,NA,NA,3,2,0,NA,NA,NA,NA,2,3,10,28,28,10,18,28,10,18,0.008816552348434925,0.01597047597169876,4.434818110894412e-4,0.026806993409991264,0.2505367398262024,0.0011014962801709771,0.6963242292404175,0,0,5.3916354713146575,-0.6413752618827857,-26.188921177549158,26.188921177549158,-4.742634539434221,4.742634539434221,-18.307368893545956,18.307368893545956,NA,NA,NA,NA,NA,NA,NA,NA,NA,NA,NA,NA,0.9825178980827332,0.017482101917266846,0.017482101917266846,0.9825178980827332,-0.0016933083534240723,-2.968311309814453e-5,2.968311309814453e-5,0.019175410270690918,0.9808245897293091,0.9738458395004272,0.026154160499572754,-0.16604875445216527,0.16604875445216527,-0.37420660816514095,0.37420660816514095,NA,NA,NA,NA,NA,NA,NA,NA,NA,NA,NA,NA,0,0,0,0,0,0,0,0,0,0,0,0,0,0,0,0,0,0,0,0,0,0,0,0,0,0,0,1,0,0,0,0,1,0,0,0,0,0,0,0,0,0,0,0,0,0,1,0,0,0,0,NA,NA,NA,NA,NA,NA,00-0015523,D.Staley,-1,NA,NA,NA,NA,NA,NA,NA,NA,NA,NA,NA,NA,NA,NA,NA,NA,NA,NA,NA,NA,NA,NA,NA,NA,NA,NA,NA,NA,00-0018405,B.Young,NA,NA,NA,NA,NA,NA,NA,NA,NA,NA,NA,NA,NA,NA,NA,NA,NA,NA,00-0019603,A.Plummer,SF,NA,NA,NA,NA,NA,NA,NA,NA,NA,1,00-0018405,B.Young,SF,NA,NA,NA,NA,NA,NA,NA,NA,NA,NA,NA,NA,NA,NA,NA,NA,NA,NA,NA,NA,NA,NA,NA,NA,NA,NA,NA,NA,0,NA,NA,NA,NA,0,NA,NA,0,0,0,0,NA,NA,2002,NA,NA,41,1,First down,2954,21:00:00,20:30:47,3COM Park,"Clear skies Temp: 64° F, Humidity: 28%, Wind: SE 8 mph",10160000-0182-69e4-1c08-4240bfea771a,0,0,RUSH,0,NA,NA,SF 7,17,Touchdown,NA,5,1:49,4,1,1,3,3,6,PUNT,TOUCHDOWN,04:30,02:41,SF 41,SF 1,2882,3033,38,17,Home,-21,55,7,37.5,0,outdoors,grass,64,8,Steve Mariucci,Andy Reid,SFO00,3Com Park,0,0,NA,NA,D.Staley,22,NA,NA,0,1,0,0,1,NA,00-0015523,NA,D.Staley,22,00-0015523,D.Staley,00-0015523,D.Staley,00-0015523,0,1,-0.6413752618827857,NA,NA,NA,NA,NA,NA,NA,NA,NA,NA,NA,NA,NA,NA,NA,NA,NA,Andy Reid,Steve Mariucci,3:32,NA,NA,Other,NA,NA,NA,NA,NA,NA,NA,NA
2983,2002_12_PHI_SF,2002112500,SF,PHI,REG,12,PHI,away,SF,SF,7,2002-11-25,171,1071,1071,Half2,0,17,0,3,2,1,02:51,SF 7,7,41,"(2:51) 14-A.Feeley pass incomplete to 87-T.Pinkston (36-J.Webster). PENALTY on SF-36-J.Webster, Defensive Pass Interference, 6 yards, enforced at SF 7 - No Play.",no_play,0,0,0,0,0,0,0,NA,NA,NA,NA,NA,NA,NA,NA,NA,NA,3,2,0,NA,NA,NA,NA,2,3,10,28,28,10,18,28,10,18,0.010166960768401623,0.017766468226909637,4.98205772601068e-4,0.03184590861201286,0.38615885376930237,0.0011888903100043535,0.5523747205734253,0,0,4.750260209431872,1.4908970350516029,-27.67981821260076,27.67981821260076,-4.742634539434221,4.742634539434221,-18.307368893545956,18.307368893545956,NA,NA,NA,NA,NA,NA,NA,NA,NA,NA,NA,NA,0.9808245897293091,0.019175410270690918,0.019175410270690918,0.9808245897293091,0.005132853984832764,0.009512543678283691,-0.009512543678283691,0.014042556285858154,0.9859574437141418,0.9738161563873291,0.0261838436126709,-0.16604875445216527,0.16604875445216527,-0.37420660816514095,0.37420660816514095,NA,NA,NA,NA,NA,NA,NA,NA,NA,NA,NA,NA,0,0,0,1,0,0,0,0,0,0,0,0,0,0,0,0,0,0,0,0,0,0,0,0,0,0,1,0,0,0,0,0,0,0,0,0,0,0,0,0,0,0,0,0,0,0,0,0,0,0,0,NA,NA,NA,NA,NA,NA,NA,NA,NA,NA,NA,NA,NA,NA,NA,NA,NA,NA,NA,NA,NA,NA,NA,NA,NA,NA,NA,NA,NA,NA,NA,NA,NA,NA,NA,NA,NA,NA,NA,NA,NA,NA,NA,NA,NA,NA,NA,NA,NA,NA,NA,NA,NA,NA,NA,NA,NA,NA,NA,NA,NA,NA,NA,NA,NA,NA,NA,NA,NA,0,NA,NA,NA,NA,NA,NA,NA,NA,NA,NA,NA,NA,NA,NA,NA,NA,NA,NA,NA,NA,NA,NA,NA,NA,NA,NA,NA,NA,NA,NA,NA,0,SF,00-0019653,J.Webster,6,0,NA,Defensive Pass Interference,0,0,0,0,NA,NA,2002,NA,NA,41,1,First down,2983,21:00:00,20:31:28,3COM Park,"Clear skies Temp: 64° F, Humidity: 28%, Wind: SE 8 mph",10160000-0182-69e4-1c08-4240bfea771a,0,0,PENALTY,0,NA,NA,SF 1,17,Touchdown,NA,5,1:49,4,1,1,3,3,6,PUNT,TOUCHDOWN,04:30,02:41,SF 41,SF 1,2882,3033,38,17,Home,-21,55,7,37.5,0,outdoors,grass,64,8,Steve Mariucci,Andy Reid,SFO00,3Com Park,0,1,A.Feeley,14,NA,NA,T.Pinkston,87,1,0,1,0,1,00-0020305,NA,00-0019606,A.Feeley,14,00-0020305,NA,NA,T.Pinkston,00-0019606,0,1,1.4908970350516029,NA,NA,NA,NA,NA,NA,NA,NA,NA,NA,NA,NA,NA,NA,NA,NA,NA,Andy Reid,Steve Mariucci,2:51,NA,NA,Other (Penalty),NA,NA,NA,NA,NA,NA,NA,NA
3016,2002_12_PHI_SF,2002112500,SF,PHI,REG,12,PHI,away,SF,SF,1,2002-11-25,166,1066,1066,Half2,0,17,1,3,1,1,02:46,SF 1,1,41,"(2:46) 14-A.Feeley pass to 89-C.Lewis for 1 yard, TOUCHDOWN.",pass,1,0,0,1,0,0,0,NA,NA,NA,NA,NA,NA,NA,NA,NA,NA,3,2,0,NA,PHI,C.Lewis,00-0009842,2,3,10,34,28,10,18,34,10,24,0.005665335338562727,0.009794821962714195,2.771959116216749e-4,0.01937888190150261,0.08537638187408447,0.0011865101987496018,0.8783208727836609,0,0,6.241157244483475,0.7588427555165254,-28.438660968117286,28.438660968117286,-4.742634539434221,4.742634539434221,-19.06621164906248,19.06621164906248,NA,NA,NA,NA,NA,NA,NA,NA,NA,NA,NA,NA,0.9859574437141418,0.014042556285858154,0.014042556285858154,0.9859574437141418,0.006863034702727977,0.005813275530617057,-0.005813275530617057,0.007179521583130177,0.9928204784168698,0.9833287000656128,0.016671299934387207,-0.16604875445216527,0.16604875445216527,-0.38106964286786893,0.38106964286786893,NA,NA,NA,NA,NA,NA,NA,NA,NA,NA,NA,NA,0,0,1,0,0,0,0,0,0,0,0,0,0,0,0,0,0,0,0,0,0,0,0,0,0,0,0,0,0,0,0,0,0,1,0,1,1,0,0,0,0,0,0,0,0,1,0,0,0,0,0,00-0020305,A.Feeley,1,00-0009842,C.Lewis,1,NA,NA,NA,NA,NA,NA,NA,NA,NA,NA,NA,NA,NA,NA,NA,NA,NA,NA,NA,NA,NA,NA,NA,NA,NA,NA,NA,NA,NA,NA,NA,NA,NA,NA,NA,NA,NA,NA,NA,NA,NA,NA,NA,NA,NA,NA,NA,NA,NA,NA,NA,NA,NA,NA,NA,NA,NA,NA,NA,NA,NA,NA,NA,0,NA,NA,NA,NA,NA,NA,NA,NA,NA,NA,NA,NA,NA,NA,NA,NA,NA,NA,NA,NA,NA,NA,NA,NA,NA,NA,NA,NA,NA,NA,NA,0,NA,NA,NA,NA,0,NA,NA,0,0,0,0,NA,NA,2002,NA,NA,42,1,Touchdown,3016,21:00:00,20:32:20,3COM Park,"Clear skies Temp: 64° F, Humidity: 28%, Wind: SE 8 mph",10160000-0182-69e4-1c08-4240bfea771a,0,0,PASS,0,NA,02:41,NA,17,Touchdown,NA,5,1:49,4,1,1,3,3,6,PUNT,TOUCHDOWN,04:30,02:41,SF 41,SF 1,2882,3033,38,17,Home,-21,55,7,37.5,0,outdoors,grass,64,8,Steve Mariucci,Andy Reid,SFO00,3Com Park,0,1,A.Feeley,14,NA,NA,C.Lewis,89,1,0,1,0,1,00-0020305,NA,00-0009842,A.Feeley,14,00-0020305,C.Lewis,00-0009842,C.Lewis,00-0009842,0,1,0.7588427555165254,NA,NA,NA,NA,NA,NA,NA,NA,NA,NA,NA,NA,NA,NA,NA,NA,NA,Andy Reid,Steve Mariucci,2:46,NA,NA,Other,NA,NA,NA,NA,NA,NA,NA,NA
3033,2002_12_PHI_SF,2002112500,SF,PHI,REG,12,PHI,away,SF,SF,2,2002-11-25,161,1061,1061,Half2,0,17,1,3,NA,0,02:41,SF 2,0,41,"2-D.Akers extra point is GOOD, Center-88-M.Bartrum, Holder-89-C.Lewis.",extra_point,0,0,0,0,0,0,0,NA,NA,NA,NA,NA,NA,NA,20,good,NA,3,2,0,NA,NA,NA,NA,2,3,10,35,34,10,24,35,10,25,0,0,0,0,0,0,0,0.9862267078059223,0,0.9862267078059223,0.013773292194077746,-28.452434260311364,28.452434260311364,-4.742634539434221,4.742634539434221,-19.06621164906248,19.06621164906248,NA,NA,NA,NA,NA,NA,NA,NA,NA,NA,NA,NA,0.9928204784168698,0.007179521583130177,0.007179521583130177,0.9928204784168698,6.07422646244582e-4,4.2834312500494853e-4,-4.2834312500494853e-4,0.006572098936885595,0.9934279010631144,0.9891419755962298,0.01085802440377015,-0.16604875445216527,0.16604875445216527,-0.38106964286786893,0.38106964286786893,NA,NA,NA,NA,NA,NA,NA,NA,NA,NA,NA,NA,0,0,0,0,0,0,0,0,0,0,0,0,0,0,0,0,0,0,0,0,0,0,0,0,0,0,0,0,0,0,0,0,0,0,0,0,0,0,0,1,0,0,0,0,0,0,0,0,0,0,0,NA,NA,NA,NA,NA,NA,NA,NA,NA,NA,NA,NA,NA,NA,NA,NA,NA,NA,NA,NA,NA,NA,NA,NA,NA,NA,NA,NA,NA,NA,NA,D.Akers,00-0000108,NA,NA,NA,NA,NA,NA,NA,NA,NA,NA,NA,NA,NA,NA,NA,NA,NA,NA,NA,NA,NA,NA,NA,NA,NA,NA,NA,NA,NA,NA,NA,NA,NA,NA,NA,NA,0,NA,NA,NA,NA,NA,NA,NA,NA,NA,NA,NA,NA,NA,NA,NA,NA,NA,NA,NA,NA,NA,NA,NA,NA,NA,NA,NA,NA,NA,NA,NA,0,NA,NA,NA,NA,0,NA,NA,0,0,0,0,NA,NA,2002,NA,NA,42,1,Touchdown,3033,21:00:00,20:33:00,3COM Park,"Clear skies Temp: 64° F, Humidity: 28%, Wind: SE 8 mph",10160000-0182-69e4-1c08-4240bfea771a,0,0,XP_KICK,1,NA,NA,NA,17,Touchdown,NA,5,1:49,4,1,1,3,3,6,PUNT,TOUCHDOWN,04:30,02:41,SF 41,SF 1,2882,3033,38,17,Home,-21,55,7,37.5,0,outdoors,grass,64,8,Steve Mariucci,Andy Reid,SFO00,3Com Park,0,1,NA,NA,NA,NA,NA,NA,0,0,0,1,0,NA,NA,NA,NA,NA,NA,NA,NA,NA,NA,0,1,0.013773292194077746,NA,NA,NA,NA,NA,NA,NA,NA,NA,NA,NA,NA,NA,NA,NA,NA,NA,Andy Reid,Steve Mariucci,2:41,NA,NA,Other,NA,NA,NA,NA,NA,NA,NA,NA
3049,2002_12_PHI_SF,2002112500,SF,PHI,REG,12,SF,home,PHI,PHI,30,2002-11-25,161,1061,1061,Half2,0,18,0,3,NA,0,02:41,PHI 30,0,68,2-D.Akers kicks 56 yards from PHI 30 to SF 14. 23-J.Williams to SF 32 for 18 yards (36-B.Westbrook).,kickoff,0,0,0,0,0,0,0,NA,NA,NA,NA,NA,NA,NA,56,NA,NA,3,2,0,NA,NA,NA,NA,3,2,10,35,10,35,-25,10,35,-25,0.04561040922999382,0.16887138783931732,0.0038320773746818304,0.2346182018518448,0.20338593423366547,0.0028858324512839317,0.3407961130142212,0,0,0.8448965274728835,0.8625436904840171,-27.589890569827347,27.589890569827347,-4.742634539434221,4.742634539434221,-19.06621164906248,19.06621164906248,NA,NA,NA,NA,NA,NA,NA,NA,NA,NA,NA,NA,0.006572098936885595,0.9934279010631144,0.006572098936885595,0.9934279010631144,0.0012576314620673656,0.0017361454665660858,0.0017361454665660858,0.007829730398952961,0.992170269601047,0.010429681278765202,0.010429681278765202,-0.16604875445216527,0.16604875445216527,-0.38106964286786893,0.38106964286786893,NA,NA,NA,NA,NA,NA,NA,NA,NA,NA,NA,NA,0,0,0,0,0,0,0,0,0,0,0,0,0,0,0,0,0,0,0,0,0,0,0,0,1,0,0,0,0,0,0,0,0,0,0,0,0,0,0,0,0,0,1,0,0,0,0,0,0,0,0,NA,NA,NA,NA,NA,NA,NA,NA,NA,NA,NA,NA,NA,NA,NA,NA,NA,NA,NA,NA,NA,NA,NA,NA,NA,J.Williams,00-0020327,NA,NA,NA,NA,D.Akers,00-0000108,NA,NA,NA,NA,NA,NA,NA,NA,NA,NA,NA,NA,NA,NA,NA,NA,NA,NA,PHI,NA,00-0021216,NA,B.Westbrook,NA,NA,NA,NA,NA,NA,NA,NA,NA,NA,NA,NA,NA,0,NA,NA,NA,NA,NA,NA,NA,NA,NA,NA,NA,NA,NA,NA,NA,NA,NA,NA,NA,NA,NA,NA,NA,NA,NA,NA,NA,NA,NA,NA,SF,18,NA,NA,NA,NA,0,NA,NA,0,0,0,0,NA,NA,2002,NA,NA,43,1,First down,3049,21:00:00,20:34:37,3COM Park,"Clear skies Temp: 64° F, Humidity: 28%, Wind: SE 8 mph",10160000-0182-69e4-1c08-4240bfea771a,0,0,KICK_OFF,1,NA,NA,SF 32,18,Touchdown,NA,4,1:40,4,1,1,3,3,20,KICKOFF,TOUCHDOWN,02:41,01:01,SF 32,PHI 18,3049,3190,38,17,Home,-21,55,7,37.5,0,outdoors,grass,64,8,Steve Mariucci,Andy Reid,SFO00,3Com Park,0,1,NA,NA,NA,NA,NA,NA,0,0,0,1,0,NA,NA,NA,NA,NA,NA,NA,NA,NA,NA,0,1,0.8625436904840171,NA,NA,NA,NA,NA,NA,NA,NA,NA,NA,NA,NA,NA,NA,NA,NA,NA,Andy Reid,Steve Mariucci,2:41,NA,NA,Other,NA,NA,NA,NA,NA,NA,NA,NA
3071,2002_12_PHI_SF,2002112500,SF,PHI,REG,12,SF,home,PHI,SF,68,2002-11-25,155,1055,1055,Half2,0,18,0,3,1,0,02:35,SF 32,10,68,(2:35) 5-J.Garcia pass to 20-G.Hearst to SF 41 for 9 yards (97-D.Walker). Caught at SF 32.,pass,9,0,0,1,0,0,0,NA,NA,NA,NA,NA,NA,NA,NA,NA,NA,3,2,0,NA,NA,NA,NA,3,2,10,35,10,35,-25,10,35,-25,0.044057995080947876,0.13194970786571503,0.0022725651506334543,0.19444134831428528,0.22640669345855713,0.003279573516920209,0.39759209752082825,0,0,1.7074402179569006,0.7609031035099179,-26.82898746631743,26.82898746631743,-4.742634539434221,4.742634539434221,-18.305308545552563,18.305308545552563,NA,NA,NA,NA,NA,NA,NA,NA,NA,NA,NA,NA,0.007829730398952961,0.992170269601047,0.007829730398952961,0.992170269601047,-0.001809767447412014,-0.003626030869781971,-0.003626030869781971,0.006019962951540947,0.993980037048459,0.012165826745331287,0.012165826745331287,-0.16604875445216527,0.16604875445216527,-0.38287941031528094,0.38287941031528094,NA,NA,NA,NA,NA,NA,NA,NA,NA,NA,NA,NA,0,0,0,0,0,0,0,0,0,0,0,0,0,0,0,0,0,0,0,0,0,0,0,0,1,0,0,0,0,0,0,0,0,1,0,0,0,0,0,0,0,0,0,0,0,1,0,0,0,0,0,00-0005755,J.Garcia,9,00-0007180,G.Hearst,9,NA,NA,NA,NA,NA,NA,NA,NA,NA,NA,NA,NA,NA,NA,NA,NA,NA,NA,NA,NA,NA,NA,NA,NA,NA,NA,NA,NA,NA,NA,NA,NA,NA,NA,NA,NA,NA,NA,NA,NA,NA,NA,NA,NA,NA,PHI,NA,00-0019459,NA,D.Walker,NA,NA,NA,NA,NA,NA,NA,NA,NA,NA,NA,NA,NA,0,NA,NA,NA,NA,NA,NA,NA,NA,NA,NA,NA,NA,NA,NA,NA,NA,NA,NA,NA,NA,NA,NA,NA,NA,NA,NA,NA,NA,NA,NA,NA,0,NA,NA,NA,NA,0,NA,NA,0,0,0,0,NA,NA,2002,NA,NA,43,1,First down,3071,21:00:00,20:35:24,3COM Park,"Clear skies Temp: 64° F, Humidity: 28%, Wind: SE 8 mph",10160000-0182-69e4-1c08-4240bfea771a,0,0,PASS,0,NA,NA,SF 41,18,Touchdown,NA,4,1:40,4,1,1,3,3,20,KICKOFF,TOUCHDOWN,02:41,01:01,SF 32,PHI 18,3049,3190,38,17,Home,-21,55,7,37.5,0,outdoors,grass,64,8,Steve Mariucci,Andy Reid,SFO00,3Com Park,0,1,J.Garcia,5,NA,NA,G.Hearst,20,1,0,0,0,1,00-0005755,NA,00-0007180,J.Garcia,5,00-0005755,G.Hearst,00-0007180,G.Hearst,00-0007180,0,1,0.7609031035099179,NA,NA,NA,NA,NA,NA,NA,NA,NA,NA,NA,NA,NA,NA,NA,NA,NA,Andy Reid,Steve Mariucci,2:35,NA,NA,Other,NA,NA,NA,NA,NA,NA,NA,NA
3092,2002_12_PHI_SF,2002112500,SF,PHI,REG,12,SF,home,PHI,SF,59,2002-11-25,126,1026,1026,Half2,0,18,0,3,2,0,02:06,SF 41,1,68,(2:06) 5-J.Garcia pass to 89-T.Streets to SF 48 for 7 yards (23-T.Vincent).,pass,7,0,0,1,0,0,0,NA,NA,NA,NA,NA,NA,NA,NA,NA,NA,3,2,0,NA,NA,NA,NA,3,2,10,35,10,35,-25,10,35,-25,0.04570052772760391,0.11114034056663513,0.0018975733546540141,0.147547647356987,0.24931007623672485,0.004072854295372963,0.44033101201057434,0,0,2.4683433214668185,0.2077306341379881,-26.62125683217944,26.62125683217944,-4.742634539434221,4.742634539434221,-18.097577911414575,18.097577911414575,NA,NA,NA,NA,NA,NA,NA,NA,NA,NA,NA,NA,0.006019962951540947,0.993980037048459,0.006019962951540947,0.993980037048459,-2.7479324489831924e-4,-0.0022057080641388893,-0.0022057080641388893,0.005745169706642628,0.9942548302933574,0.008539795875549316,0.008539795875549316,-0.16604875445216527,0.16604875445216527,-0.38315420356017926,0.38315420356017926,NA,NA,NA,NA,NA,NA,NA,NA,NA,NA,NA,NA,0,0,1,0,0,0,0,0,0,0,0,0,0,0,0,0,0,0,0,0,0,0,0,0,1,0,0,0,0,0,0,0,0,1,0,0,0,0,0,0,0,0,0,0,0,1,0,0,0,0,0,00-0005755,J.Garcia,7,00-0015811,T.Streets,7,NA,NA,NA,NA,NA,NA,NA,NA,NA,NA,NA,NA,NA,NA,NA,NA,NA,NA,NA,NA,NA,NA,NA,NA,NA,NA,NA,NA,NA,NA,NA,NA,NA,NA,NA,NA,NA,NA,NA,NA,NA,NA,NA,NA,NA,PHI,NA,00-0016924,NA,T.Vincent,NA,NA,NA,NA,NA,NA,NA,NA,NA,NA,NA,NA,NA,0,NA,NA,NA,NA,NA,NA,NA,NA,NA,NA,NA,NA,NA,NA,NA,NA,NA,NA,NA,NA,NA,NA,NA,NA,NA,NA,NA,NA,NA,NA,NA,0,NA,NA,NA,NA,0,NA,NA,0,0,0,0,NA,NA,2002,NA,NA,43,1,First down,3092,21:00:00,20:35:54,3COM Park,"Clear skies Temp: 64° F, Humidity: 28%, Wind: SE 8 mph",10160000-0182-69e4-1c08-4240bfea771a,0,0,PASS,0,NA,NA,SF 48,18,Touchdown,NA,4,1:40,4,1,1,3,3,20,KICKOFF,TOUCHDOWN,02:41,01:01,SF 32,PHI 18,3049,3190,38,17,Home,-21,55,7,37.5,0,outdoors,grass,64,8,Steve Mariucci,Andy Reid,SFO00,3Com Park,0,1,J.Garcia,5,NA,NA,T.Streets,89,1,0,1,0,1,00-0005755,NA,00-0015811,J.Garcia,5,00-0005755,T.Streets,00-0015811,T.Streets,00-0015811,0,1,0.2077306341379881,NA,NA,NA,NA,NA,NA,NA,NA,NA,NA,NA,NA,NA,NA,NA,NA,NA,Andy Reid,Steve Mariucci,2:06,NA,NA,Other,NA,NA,NA,NA,NA,NA,NA,NA
3117,2002_12_PHI_SF,2002112500,SF,PHI,REG,12,SF,home,PHI,SF,52,2002-11-25,99,999,999,Half2,0,18,0,3,1,0,01:39,SF 48,10,68,(1:39) 5-J.Garcia pass to 89-T.Streets to PHI 38 for 14 yards (23-T.Vincent). Caught at PHI 39.,pass,14,0,0,1,0,0,0,NA,NA,NA,NA,NA,NA,NA,NA,NA,NA,3,2,0,NA,NA,NA,NA,3,2,10,35,10,35,-25,10,35,-25,0.04344535619020462,0.09256380051374435,0.0014099670806899667,0.14034956693649292,0.274407297372818,0.003791572293266654,0.4440324604511261,0,0,2.6760739556048065,0.7364579767454416,-25.884798855434,25.884798855434,-4.742634539434221,4.742634539434221,-17.361119934669134,17.361119934669134,NA,NA,NA,NA,NA,NA,NA,NA,NA,NA,NA,NA,0.005745169706642628,0.9942548302933574,0.005745169706642628,0.9942548302933574,0.0013785925693809986,0.0010683448053896427,0.0010683448053896427,0.007123762276023626,0.9928762377239764,0.006334087811410427,0.006334087811410427,-0.16604875445216527,0.16604875445216527,-0.38177561099079826,0.38177561099079826,NA,NA,NA,NA,NA,NA,NA,NA,NA,NA,NA,NA,0,0,1,0,0,0,0,0,0,0,0,0,0,0,0,0,0,0,0,0,0,0,0,0,1,0,0,0,0,0,0,0,0,1,0,0,0,0,0,0,0,0,0,0,0,1,0,0,0,0,0,00-0005755,J.Garcia,14,00-0015811,T.Streets,14,NA,NA,NA,NA,NA,NA,NA,NA,NA,NA,NA,NA,NA,NA,NA,NA,NA,NA,NA,NA,NA,NA,NA,NA,NA,NA,NA,NA,NA,NA,NA,NA,NA,NA,NA,NA,NA,NA,NA,NA,NA,NA,NA,NA,NA,PHI,NA,00-0016924,NA,T.Vincent,NA,NA,NA,NA,NA,NA,NA,NA,NA,NA,NA,NA,NA,0,NA,NA,NA,NA,NA,NA,NA,NA,NA,NA,NA,NA,NA,NA,NA,NA,NA,NA,NA,NA,NA,NA,NA,NA,NA,NA,NA,NA,NA,NA,NA,0,NA,NA,NA,NA,0,NA,NA,0,0,0,0,NA,NA,2002,NA,NA,44,1,First down,3117,21:00:00,20:36:21,3COM Park,"Clear skies Temp: 64° F, Humidity: 28%, Wind: SE 8 mph",10160000-0182-69e4-1c08-4240bfea771a,0,0,PASS,0,NA,NA,PHI 38,18,Touchdown,NA,4,1:40,4,1,1,3,3,20,KICKOFF,TOUCHDOWN,02:41,01:01,SF 32,PHI 18,3049,3190,38,17,Home,-21,55,7,37.5,0,outdoors,grass,64,8,Steve Mariucci,Andy Reid,SFO00,3Com Park,0,1,J.Garcia,5,NA,NA,T.Streets,89,1,0,1,0,1,00-0005755,NA,00-0015811,J.Garcia,5,00-0005755,T.Streets,00-0015811,T.Streets,00-0015811,0,1,0.7364579767454416,NA,NA,NA,NA,NA,NA,NA,NA,NA,NA,NA,NA,NA,NA,NA,NA,NA,Andy Reid,Steve Mariucci,1:39,NA,NA,Other,NA,NA,NA,NA,NA,NA,NA,NA
3138,2002_12_PHI_SF,2002112500,SF,PHI,REG,12,SF,home,PHI,PHI,38,2002-11-25,74,974,974,Half2,0,18,0,3,1,0,01:14,PHI 38,10,68,"(1:14) 5-J.Garcia pass intended for 89-T.Streets INTERCEPTED by 23-T.Vincent at PHI 18. 23-T.Vincent to PHI 18 for no gain (89-T.Streets). PENALTY on PHI-23-T.Vincent, Defensive Pass Interference, 20 yards, enforced at PHI 38 - No Play.",no_play,0,0,0,0,0,0,0,NA,NA,NA,NA,NA,NA,NA,NA,NA,NA,3,2,0,NA,NA,NA,NA,3,2,10,35,10,35,-25,10,35,-25,0.03894725814461708,0.06189603731036186,0.001121049514040351,0.1028728187084198,0.30699464678764343,0.0035178684629499912,0.48465031385421753,0,0,3.412531932350248,1.3043076071189716,-24.580491248315028,24.580491248315028,-4.742634539434221,4.742634539434221,-17.361119934669134,17.361119934669134,NA,NA,NA,NA,NA,NA,NA,NA,NA,NA,NA,NA,0.007123762276023626,0.9928762377239764,0.007123762276023626,0.9928762377239764,2.415059134364128e-4,0.001356756780296564,0.001356756780296564,0.007365268189460039,0.99263473181054,0.00740243261680007,0.00740243261680007,-0.16604875445216527,0.16604875445216527,-0.38177561099079826,0.38177561099079826,NA,NA,NA,NA,NA,NA,NA,NA,NA,NA,NA,NA,0,0,0,1,0,0,0,0,0,0,0,0,0,0,0,0,0,0,0,0,0,0,0,0,0,0,1,0,0,0,0,0,0,0,0,0,0,0,0,0,0,0,0,0,0,0,0,0,0,0,0,NA,NA,NA,NA,NA,NA,NA,NA,NA,NA,NA,NA,NA,NA,NA,NA,NA,NA,NA,NA,NA,NA,NA,NA,NA,NA,NA,NA,NA,NA,NA,NA,NA,NA,NA,NA,NA,NA,NA,NA,NA,NA,NA,NA,NA,NA,NA,NA,NA,NA,NA,NA,NA,NA,NA,NA,NA,NA,NA,NA,NA,NA,NA,NA,NA,NA,NA,NA,NA,0,NA,NA,NA,NA,NA,NA,NA,NA,NA,NA,NA,NA,NA,NA,NA,NA,NA,NA,NA,NA,NA,NA,NA,NA,NA,NA,NA,NA,NA,NA,NA,0,PHI,00-0016924,T.Vincent,20,0,NA,Defensive Pass Interference,0,0,0,0,NA,NA,2002,NA,NA,45,1,First down,3138,21:00:00,20:36:45,3COM Park,"Clear skies Temp: 64° F, Humidity: 28%, Wind: SE 8 mph",10160000-0182-69e4-1c08-4240bfea771a,0,0,PENALTY,0,NA,NA,PHI 18,18,Touchdown,NA,4,1:40,4,1,1,3,3,20,KICKOFF,TOUCHDOWN,02:41,01:01,SF 32,PHI 18,3049,3190,38,17,Home,-21,55,7,37.5,0,outdoors,grass,64,8,Steve Mariucci,Andy Reid,SFO00,3Com Park,0,1,J.Garcia,5,NA,NA,T.Streets,89,1,0,1,0,1,00-0005755,NA,00-0015811,J.Garcia,5,00-0005755,NA,NA,T.Streets,00-0015811,0,1,1.3043076071189716,NA,NA,NA,NA,NA,NA,NA,NA,NA,NA,NA,NA,NA,NA,NA,NA,NA,Andy Reid,Steve Mariucci,1:14,NA,NA,Other (Penalty),NA,NA,NA,NA,NA,NA,NA,NA
3173,2002_12_PHI_SF,2002112500,SF,PHI,REG,12,SF,home,PHI,PHI,18,2002-11-25,66,966,966,Half2,0,18,1,3,1,0,01:06,PHI 18,10,68,"(1:06) 5-J.Garcia pass to 81-T.Owens for 18 yards, TOUCHDOWN.",pass,18,0,0,1,0,0,0,NA,NA,NA,NA,NA,NA,NA,NA,NA,NA,3,2,0,NA,SF,T.Owens,00-0012478,3,2,16,35,10,35,-25,16,35,-19,0.012852765619754791,0.021702902391552925,4.963192041032016e-4,0.03750915825366974,0.3603222668170929,0.0010555265471339226,0.5660610198974609,0,0,4.71683953946922,2.2831604605307803,-22.297330787784247,22.297330787784247,-4.742634539434221,4.742634539434221,-15.077959474138353,15.077959474138353,NA,NA,NA,NA,NA,NA,NA,NA,NA,NA,NA,NA,0.007365268189460039,0.99263473181054,0.007365268189460039,0.99263473181054,0.009727365032090818,0.018479805387665693,0.018479805387665693,0.017092633221550857,0.9829073667784491,0.008759189397096634,0.008759189397096634,-0.16604875445216527,0.16604875445216527,-0.37204824595870745,0.37204824595870745,NA,NA,NA,NA,NA,NA,NA,NA,NA,NA,NA,NA,0,0,1,0,0,0,0,0,0,0,0,0,0,0,0,0,0,0,0,0,0,0,0,0,0,0,0,0,0,0,0,0,0,1,0,1,1,0,0,0,0,0,0,0,0,1,0,0,0,0,0,00-0005755,J.Garcia,18,00-0012478,T.Owens,18,NA,NA,NA,NA,NA,NA,NA,NA,NA,NA,NA,NA,NA,NA,NA,NA,NA,NA,NA,NA,NA,NA,NA,NA,NA,NA,NA,NA,NA,NA,NA,NA,NA,NA,NA,NA,NA,NA,NA,NA,NA,NA,NA,NA,NA,NA,NA,NA,NA,NA,NA,NA,NA,NA,NA,NA,NA,NA,NA,NA,NA,NA,NA,0,NA,NA,NA,NA,NA,NA,NA,NA,NA,NA,NA,NA,NA,NA,NA,NA,NA,NA,NA,NA,NA,NA,NA,NA,NA,NA,NA,NA,NA,NA,NA,0,NA,NA,NA,NA,0,NA,NA,0,0,0,0,NA,NA,2002,NA,NA,46,1,Touchdown,3173,21:00:00,20:37:49,3COM Park,"Clear skies Temp: 64° F, Humidity: 28%, Wind: SE 8 mph",10160000-0182-69e4-1c08-4240bfea771a,0,0,PASS,0,NA,01:01,NA,18,Touchdown,NA,4,1:40,4,1,1,3,3,20,KICKOFF,TOUCHDOWN,02:41,01:01,SF 32,PHI 18,3049,3190,38,17,Home,-21,55,7,37.5,0,outdoors,grass,64,8,Steve Mariucci,Andy Reid,SFO00,3Com Park,0,1,J.Garcia,5,NA,NA,T.Owens,81,1,0,1,0,1,00-0005755,NA,00-0012478,J.Garcia,5,00-0005755,T.Owens,00-0012478,T.Owens,00-0012478,0,1,2.2831604605307803,NA,NA,NA,NA,NA,NA,NA,NA,NA,NA,NA,NA,NA,NA,NA,NA,NA,Andy Reid,Steve Mariucci,1:06,NA,NA,Other,NA,NA,NA,NA,NA,NA,NA,NA
3190,2002_12_PHI_SF,2002112500,SF,PHI,REG,12,SF,home,PHI,PHI,2,2002-11-25,61,961,961,Half2,0,18,1,3,NA,0,01:01,PHI 2,0,68,"3-J.Chandler extra point is GOOD, Center-86-B.Jennings, Holder-7-J.Baker.",extra_point,0,0,0,0,0,0,0,NA,NA,NA,NA,NA,NA,NA,20,good,NA,3,2,0,NA,NA,NA,NA,3,2,17,35,16,35,-19,17,35,-18,0,0,0,0,0,0,0,0.9862267078059223,0,0.9862267078059223,0.013773292194077746,-22.28355749559017,22.28355749559017,-4.742634539434221,4.742634539434221,-15.077959474138353,15.077959474138353,NA,NA,NA,NA,NA,NA,NA,NA,NA,NA,NA,NA,0.017092633221550857,0.9829073667784491,0.017092633221550857,0.9829073667784491,0.002594840552405442,0.0029675066991549093,0.0029675066991549093,0.0196874737739563,0.9803125262260437,0.027238994784762327,0.027238994784762327,-0.16604875445216527,0.16604875445216527,-0.37204824595870745,0.37204824595870745,NA,NA,NA,NA,NA,NA,NA,NA,NA,NA,NA,NA,0,0,0,0,0,0,0,0,0,0,0,0,0,0,0,0,0,0,0,0,0,0,0,0,0,0,0,0,0,0,0,0,0,0,0,0,0,0,0,1,0,0,0,0,0,0,0,0,0,0,0,NA,NA,NA,NA,NA,NA,NA,NA,NA,NA,NA,NA,NA,NA,NA,NA,NA,NA,NA,NA,NA,NA,NA,NA,NA,NA,NA,NA,NA,NA,NA,J.Chandler,00-0021226,NA,NA,NA,NA,NA,NA,NA,NA,NA,NA,NA,NA,NA,NA,NA,NA,NA,NA,NA,NA,NA,NA,NA,NA,NA,NA,NA,NA,NA,NA,NA,NA,NA,NA,NA,NA,0,NA,NA,NA,NA,NA,NA,NA,NA,NA,NA,NA,NA,NA,NA,NA,NA,NA,NA,NA,NA,NA,NA,NA,NA,NA,NA,NA,NA,NA,NA,NA,0,NA,NA,NA,NA,0,NA,NA,0,0,0,0,NA,NA,2002,NA,NA,46,1,Touchdown,3190,21:00:00,20:38:30,3COM Park,"Clear skies Temp: 64° F, Humidity: 28%, Wind: SE 8 mph",10160000-0182-69e4-1c08-4240bfea771a,0,0,XP_KICK,1,NA,NA,NA,18,Touchdown,NA,4,1:40,4,1,1,3,3,20,KICKOFF,TOUCHDOWN,02:41,01:01,SF 32,PHI 18,3049,3190,38,17,Home,-21,55,7,37.5,0,outdoors,grass,64,8,Steve Mariucci,Andy Reid,SFO00,3Com Park,0,1,NA,NA,NA,NA,NA,NA,0,0,0,1,0,NA,NA,NA,NA,NA,NA,NA,NA,NA,NA,0,1,0.013773292194077746,NA,NA,NA,NA,NA,NA,NA,NA,NA,NA,NA,NA,NA,NA,NA,NA,NA,Andy Reid,Steve Mariucci,1:01,NA,NA,Other,NA,NA,NA,NA,NA,NA,NA,NA
3210,2002_12_PHI_SF,2002112500,SF,PHI,REG,12,PHI,away,SF,SF,30,2002-11-25,61,961,961,Half2,0,19,0,3,NA,0,01:01,SF 30,0,8,"3-J.Chandler kicks 60 yards from SF 30 to PHI 10. 30-B.Mitchell to SF 33 for 57 yards (24-M.Rumph, 54-Q.Stewart).",kickoff,0,0,0,0,0,0,0,NA,NA,NA,NA,NA,NA,NA,60,NA,NA,3,2,0,NA,NA,NA,NA,2,3,17,35,35,17,18,35,17,18,0.06248927861452103,0.18209515511989594,0.003762681968510151,0.29473134875297546,0.16819122433662415,0.00282517122104764,0.285905122756958,0,0,-0.10537039581686258,3.2412161014508456,-25.524773597041015,25.524773597041015,-4.742634539434221,4.742634539434221,-15.077959474138353,15.077959474138353,NA,NA,NA,NA,NA,NA,NA,NA,NA,NA,NA,NA,0.9803125262260437,0.0196874737739563,0.0196874737739563,0.9803125262260437,0.004566550254821777,0.007057666778564453,-0.007057666778564453,0.015120923519134521,0.9848790764808655,0.9697934985160828,0.030206501483917236,-0.16604875445216527,0.16604875445216527,-0.37204824595870745,0.37204824595870745,NA,NA,NA,NA,NA,NA,NA,NA,NA,NA,NA,NA,0,0,0,0,0,0,0,0,0,0,0,0,0,0,0,0,0,0,0,0,0,0,0,0,0,0,0,0,0,0,0,0,0,0,0,0,0,0,0,0,0,0,1,0,0,0,1,0,0,0,0,NA,NA,NA,NA,NA,NA,NA,NA,NA,NA,NA,NA,NA,NA,NA,NA,NA,NA,NA,NA,NA,NA,NA,NA,NA,B.Mitchell,00-0011399,NA,NA,NA,NA,J.Chandler,00-0021226,NA,NA,NA,NA,NA,NA,NA,NA,NA,NA,NA,NA,NA,NA,NA,NA,NA,NA,NA,NA,NA,NA,NA,NA,00-0019789,Q.Stewart,SF,NA,NA,NA,NA,NA,NA,NA,NA,NA,1,00-0021158,M.Rumph,SF,NA,NA,NA,NA,NA,NA,NA,NA,NA,NA,NA,NA,NA,NA,NA,NA,NA,NA,NA,NA,NA,NA,NA,NA,NA,NA,NA,PHI,57,NA,NA,NA,NA,0,NA,NA,0,0,0,0,NA,NA,2002,NA,NA,47,0,Field goal,3210,21:00:00,20:40:05,3COM Park,"Clear skies Temp: 64° F, Humidity: 28%, Wind: SE 8 mph",10160000-0182-69e4-1c08-4240bfea771a,0,0,KICK_OFF,1,NA,NA,SF 33,19,Field goal,NA,4,1:24,0,0,1,3,4,0,KICKOFF,FIELD_GOAL,01:01,14:37,SF 33,SF 25,3210,3328,38,17,Home,-21,55,7,37.5,0,outdoors,grass,64,8,Steve Mariucci,Andy Reid,SFO00,3Com Park,0,1,NA,NA,NA,NA,NA,NA,0,0,0,1,0,NA,NA,NA,NA,NA,NA,NA,NA,NA,NA,0,1,3.2412161014508456,NA,NA,NA,NA,NA,NA,NA,NA,NA,NA,NA,NA,NA,NA,NA,NA,NA,Andy Reid,Steve Mariucci,1:01,NA,NA,Other,NA,NA,NA,NA,NA,NA,NA,NA
3236,2002_12_PHI_SF,2002112500,SF,PHI,REG,12,PHI,away,SF,SF,33,2002-11-25,51,951,951,Half2,0,19,0,3,1,0,00:51,SF 33,10,8,(:51) 80-J.Thrash left end to SF 41 for -8 yards (98-J.Peterson).,run,-8,0,0,0,0,0,0,NA,NA,NA,NA,left,end,NA,NA,NA,NA,3,2,0,NA,NA,NA,NA,2,3,17,35,35,17,18,35,17,18,0.03981633484363556,0.062301039695739746,0.0010483994847163558,0.11131671816110611,0.34663188457489014,0.0016064217779785395,0.4372791647911072,0,0,3.135845705633983,-1.6741057413164526,-23.850667855724563,23.850667855724563,-3.068528798117768,3.068528798117768,-15.077959474138353,15.077959474138353,NA,NA,NA,NA,NA,NA,NA,NA,NA,NA,NA,NA,0.9848790764808655,0.015120923519134521,0.015120923519134521,0.9848790764808655,-0.006069004535675049,-0.005452454090118408,0.005452454090118408,0.02118992805480957,0.9788100719451904,0.9768511652946472,0.023148834705352783,-0.15997974991649022,0.15997974991649022,-0.37204824595870745,0.37204824595870745,NA,NA,NA,NA,NA,NA,NA,NA,NA,NA,NA,NA,0,0,0,0,0,0,0,0,0,0,0,0,0,0,0,0,0,0,0,0,0,0,0,0,1,0,0,1,0,0,0,0,1,0,0,0,0,0,0,0,0,0,0,0,0,0,0,0,0,0,0,NA,NA,NA,NA,NA,NA,00-0016440,J.Thrash,-8,NA,NA,NA,NA,NA,NA,NA,NA,NA,NA,NA,NA,NA,NA,NA,NA,NA,NA,NA,NA,NA,NA,NA,NA,NA,NA,NA,NA,00-0019695,J.Peterson,NA,NA,NA,NA,NA,NA,NA,NA,NA,NA,NA,NA,SF,NA,00-0019695,NA,J.Peterson,NA,NA,NA,NA,NA,NA,NA,NA,NA,NA,NA,NA,NA,0,NA,NA,NA,NA,NA,NA,NA,NA,NA,NA,NA,NA,NA,NA,NA,NA,NA,NA,NA,NA,NA,NA,NA,NA,NA,NA,NA,NA,NA,NA,NA,0,NA,NA,NA,NA,0,NA,NA,0,0,0,0,NA,NA,2002,NA,NA,47,0,Field goal,3236,21:00:00,20:41:00,3COM Park,"Clear skies Temp: 64° F, Humidity: 28%, Wind: SE 8 mph",10160000-0182-69e4-1c08-4240bfea771a,0,0,RUSH,0,NA,NA,SF 41,19,Field goal,NA,4,1:24,0,0,1,3,4,0,KICKOFF,FIELD_GOAL,01:01,14:37,SF 33,SF 25,3210,3328,38,17,Home,-21,55,7,37.5,0,outdoors,grass,64,8,Steve Mariucci,Andy Reid,SFO00,3Com Park,0,0,NA,NA,J.Thrash,80,NA,NA,0,1,0,0,1,NA,00-0016440,NA,J.Thrash,80,00-0016440,J.Thrash,00-0016440,J.Thrash,00-0016440,0,1,-1.6741057413164526,NA,NA,NA,NA,NA,NA,NA,NA,NA,NA,NA,NA,NA,NA,NA,NA,NA,Andy Reid,Steve Mariucci,0:51,NA,NA,Other,NA,NA,NA,NA,NA,NA,NA,NA
3257,2002_12_PHI_SF,2002112500,SF,PHI,REG,12,PHI,away,SF,SF,41,2002-11-25,10,910,910,Half2,0,19,0,3,2,0,00:10,SF 41,18,8,"(:10) 14-A.Feeley pass to 86-A.Freeman to SF 33 for 8 yards (53-J.Ulbrich, 33-T.Parrish). Caught at SF 35.",pass,8,0,0,1,0,0,0,NA,NA,NA,NA,NA,NA,NA,NA,NA,NA,3,2,0,NA,NA,NA,NA,2,3,17,35,35,17,18,35,17,18,0.06498171389102936,0.11473347246646881,0.002262506866827607,0.18964146077632904,0.3080211281776428,0.005725152790546417,0.3146345615386963,0,0,1.4617399643175304,0.553115698043257,-24.40378355376782,24.40378355376782,-3.068528798117768,3.068528798117768,-15.63107517218161,15.63107517218161,NA,NA,NA,NA,NA,NA,NA,NA,NA,NA,NA,NA,0.9788100719451904,0.02118992805480957,0.02118992805480957,0.9788100719451904,6.139278411865234e-4,-0.0016324520111083984,0.0016324520111083984,0.020576000213623047,0.979423999786377,0.9713987112045288,0.02860128879547119,-0.15997974991649022,0.15997974991649022,-0.37266217379989397,0.37266217379989397,NA,NA,NA,NA,NA,NA,NA,NA,NA,NA,NA,NA,0,0,0,0,0,0,0,0,0,0,0,0,0,0,0,0,0,0,0,0,0,0,0,0,0,0,0,0,0,0,0,0,0,1,0,0,0,0,0,0,0,0,0,0,0,1,1,0,0,0,0,00-0020305,A.Feeley,8,00-0005562,A.Freeman,8,NA,NA,NA,NA,NA,NA,NA,NA,NA,NA,NA,NA,NA,NA,NA,NA,NA,NA,NA,NA,NA,NA,NA,NA,NA,NA,NA,NA,NA,NA,NA,NA,NA,NA,NA,NA,NA,NA,NA,NA,NA,NA,NA,NA,NA,NA,NA,NA,NA,NA,NA,00-0012614,T.Parrish,SF,NA,NA,NA,NA,NA,NA,NA,NA,NA,1,00-0019586,J.Ulbrich,SF,NA,NA,NA,NA,NA,NA,NA,NA,NA,NA,NA,NA,NA,NA,NA,NA,NA,NA,NA,NA,NA,NA,NA,NA,NA,NA,NA,NA,0,NA,NA,NA,NA,0,NA,NA,0,0,0,0,NA,NA,2002,NA,NA,47,0,Field goal,3257,21:00:00,20:41:41,3COM Park,"Clear skies Temp: 64° F, Humidity: 28%, Wind: SE 8 mph",10160000-0182-69e4-1c08-4240bfea771a,0,0,PASS,0,NA,NA,SF 33,19,Field goal,NA,4,1:24,0,0,1,3,4,0,KICKOFF,FIELD_GOAL,01:01,14:37,SF 33,SF 25,3210,3328,38,17,Home,-21,55,7,37.5,0,outdoors,grass,64,8,Steve Mariucci,Andy Reid,SFO00,3Com Park,0,1,A.Feeley,14,NA,NA,A.Freeman,86,1,0,0,0,1,00-0020305,NA,00-0005562,A.Feeley,14,00-0020305,A.Freeman,00-0005562,A.Freeman,00-0005562,0,1,0.553115698043257,NA,NA,NA,NA,NA,NA,NA,NA,NA,NA,NA,NA,NA,NA,NA,NA,NA,Andy Reid,Steve Mariucci,0:10,NA,NA,Other,NA,NA,NA,NA,NA,NA,NA,NA
3278,2002_12_PHI_SF,2002112500,SF,PHI,REG,12,PHI,away,SF,NA,NA,2002-11-25,0,900,900,Half2,1,19,0,3,NA,0,00:00,SF 33,0,8,END QUARTER 3,NA,NA,0,0,NA,0,0,0,NA,NA,NA,NA,NA,NA,NA,NA,NA,NA,3,2,NA,NA,NA,NA,NA,2,3,17,35,35,17,18,35,17,18,0,0,0,0,0,0,0,0,0,2.0148556623607874,-0,-24.40378355376782,24.40378355376782,-3.068528798117768,3.068528798117768,-15.63107517218161,15.63107517218161,NA,NA,NA,NA,NA,NA,NA,NA,NA,NA,NA,NA,0.979423999786377,0.020576000213623047,0.020576000213623047,0.979423999786377,-0,-0,0,0.020576000213623047,0.979423999786377,0.9697662591934204,0.03023374080657959,-0.15997974991649022,0.15997974991649022,-0.37266217379989397,0.37266217379989397,NA,NA,NA,NA,NA,NA,NA,NA,NA,NA,NA,NA,NA,NA,NA,NA,NA,NA,NA,NA,NA,0,NA,NA,NA,NA,NA,NA,NA,NA,NA,NA,NA,NA,NA,NA,NA,NA,NA,NA,NA,NA,NA,NA,NA,NA,NA,NA,NA,NA,NA,NA,NA,NA,NA,NA,NA,NA,NA,NA,NA,NA,NA,NA,NA,NA,NA,NA,NA,NA,NA,NA,NA,NA,NA,NA,NA,NA,NA,NA,NA,NA,NA,NA,NA,NA,NA,NA,NA,NA,NA,NA,NA,NA,NA,NA,NA,NA,NA,NA,NA,NA,NA,NA,NA,NA,NA,NA,NA,NA,NA,NA,NA,NA,NA,NA,NA,NA,NA,NA,NA,NA,NA,NA,NA,NA,NA,NA,NA,NA,NA,NA,NA,NA,NA,NA,NA,NA,NA,NA,NA,NA,NA,NA,NA,NA,NA,NA,NA,NA,NA,NA,NA,NA,NA,NA,NA,NA,NA,NA,NA,NA,NA,NA,NA,NA,NA,NA,NA,0,NA,NA,NA,NA,NA,NA,NA,NA,2002,NA,NA,47,0,Field goal,3278,21:00:00,NA,3COM Park,"Clear skies Temp: 64° F, Humidity: 28%, Wind: SE 8 mph",10160000-0182-69e4-1c08-4240bfea771a,0,0,END_QUARTER,0,NA,NA,NA,19,Field goal,NA,4,1:24,0,0,1,3,4,0,KICKOFF,FIELD_GOAL,01:01,14:37,SF 33,SF 25,3210,3328,38,17,Home,-21,55,7,37.5,0,outdoors,grass,64,8,Steve Mariucci,Andy Reid,SFO00,3Com Park,0,0,NA,NA,NA,NA,NA,NA,0,0,NA,0,0,NA,NA,NA,NA,NA,NA,NA,NA,NA,NA,0,1,-0,NA,NA,NA,NA,NA,NA,NA,NA,NA,NA,NA,NA,NA,NA,NA,NA,NA,Andy Reid,Steve Mariucci,0:00,NA,NA,NA,NA,NA,NA,NA,NA,NA,NA,NA
3294,2002_12_PHI_SF,2002112500,SF,PHI,REG,12,PHI,away,SF,SF,33,2002-11-25,900,900,900,Half2,0,19,0,4,3,0,15:00,SF 33,10,8,(15:00) 14-A.Feeley pass to 80-J.Thrash pushed ob at SF 25 for 8 yards (29-A.Plummer).,pass,8,0,0,1,0,0,0,NA,NA,NA,NA,NA,NA,NA,NA,NA,NA,3,2,0,NA,NA,NA,NA,2,3,17,35,35,17,18,35,17,18,0.04541769251227379,0.08705771714448929,0.0011498760432004929,0.15764617919921875,0.3925488591194153,0.0018105199560523033,0.31436917185783386,0,0,2.0148556623607874,-0.06529212741918644,-24.338491426348636,24.338491426348636,-3.068528798117768,3.068528798117768,-15.565783044762425,15.565783044762425,NA,NA,NA,NA,NA,NA,NA,NA,NA,NA,NA,NA,0.979423999786377,0.020576000213623047,0.020576000213623047,0.979423999786377,-0.0029578208923339844,-0.001953721046447754,0.001953721046447754,0.02353382110595703,0.976466178894043,0.9697662591934204,0.03023374080657959,-0.15997974991649022,0.15997974991649022,-0.36970435290756,0.36970435290756,NA,NA,NA,NA,NA,NA,NA,NA,NA,NA,NA,NA,0,0,0,0,0,1,0,0,0,0,0,0,0,0,0,0,0,0,0,0,0,0,0,0,1,0,0,0,0,0,0,0,0,1,0,0,0,0,0,0,0,0,0,0,0,1,0,0,0,0,0,00-0020305,A.Feeley,8,00-0016440,J.Thrash,8,NA,NA,NA,NA,NA,NA,NA,NA,NA,NA,NA,NA,NA,NA,NA,NA,NA,NA,NA,NA,NA,NA,NA,NA,NA,NA,NA,NA,NA,NA,NA,NA,NA,NA,NA,NA,NA,NA,NA,NA,NA,NA,NA,NA,NA,SF,NA,00-0019603,NA,A.Plummer,NA,NA,NA,NA,NA,NA,NA,NA,NA,NA,NA,NA,NA,0,NA,NA,NA,NA,NA,NA,NA,NA,NA,NA,NA,NA,NA,NA,NA,NA,NA,NA,NA,NA,NA,NA,NA,NA,NA,NA,NA,NA,NA,NA,NA,0,NA,NA,NA,NA,0,NA,NA,0,0,0,0,NA,NA,2002,NA,NA,47,0,Field goal,3294,21:00:00,20:44:28,3COM Park,"Clear skies Temp: 64° F, Humidity: 28%, Wind: SE 8 mph",10160000-0182-69e4-1c08-4240bfea771a,0,0,PASS,0,NA,NA,SF 25,19,Field goal,NA,4,1:24,0,0,1,3,4,0,KICKOFF,FIELD_GOAL,01:01,14:37,SF 33,SF 25,3210,3328,38,17,Home,-21,55,7,37.5,0,outdoors,grass,64,8,Steve Mariucci,Andy Reid,SFO00,3Com Park,0,0,A.Feeley,14,NA,NA,J.Thrash,80,1,0,0,0,1,00-0020305,NA,00-0016440,A.Feeley,14,00-0020305,J.Thrash,00-0016440,J.Thrash,00-0016440,1,1,-0.06529212741918644,NA,NA,NA,NA,NA,NA,NA,NA,NA,NA,NA,NA,NA,NA,NA,NA,NA,Andy Reid,Steve Mariucci,15:00,NA,NA,Other,NA,NA,NA,NA,NA,NA,NA,NA
3328,2002_12_PHI_SF,2002112500,SF,PHI,REG,12,PHI,away,SF,SF,25,2002-11-25,882,882,882,Half2,0,19,1,4,4,0,14:42,SF 25,2,8,"(14:42) 2-D.Akers 43 yard field goal is GOOD, Center-88-M.Bartrum, Holder-89-C.Lewis.",field_goal,0,0,0,0,0,0,0,NA,NA,NA,NA,NA,NA,made,43,NA,NA,3,2,0,NA,NA,NA,NA,2,3,17,38,35,17,18,38,17,21,0.024537219527280163,0.05788424653812486,0.001028521794357641,0.0908432466554601,0.7537434724716978,7.594761882428123e-4,0.07120381070590466,0,0,1.949563534941601,1.050436465058399,-25.388927891407032,25.388927891407032,-3.068528798117768,3.068528798117768,-15.565783044762425,15.565783044762425,NA,NA,NA,NA,NA,NA,NA,NA,NA,NA,NA,NA,0.976466178894043,0.02353382110595703,0.02353382110595703,0.976466178894043,0.007989568635821342,0.011108027771115303,-0.011108027771115303,0.015544252470135689,0.9844557475298643,0.9678125381469727,0.032187461853027344,-0.15997974991649022,0.15997974991649022,-0.36970435290756,0.36970435290756,NA,NA,NA,NA,NA,NA,NA,NA,NA,NA,NA,NA,0,0,0,0,0,0,0,0,0,0,0,0,0,0,0,0,0,0,0,0,0,0,0,0,0,0,0,0,0,0,0,0,0,0,0,0,0,0,0,0,0,1,0,0,0,0,0,0,0,0,0,NA,NA,NA,NA,NA,NA,NA,NA,NA,NA,NA,NA,NA,NA,NA,NA,NA,NA,NA,NA,NA,NA,NA,NA,NA,NA,NA,NA,NA,NA,NA,D.Akers,00-0000108,NA,NA,NA,NA,NA,NA,NA,NA,NA,NA,NA,NA,NA,NA,NA,NA,NA,NA,NA,NA,NA,NA,NA,NA,NA,NA,NA,NA,NA,NA,NA,NA,NA,NA,NA,NA,0,NA,NA,NA,NA,NA,NA,NA,NA,NA,NA,NA,NA,NA,NA,NA,NA,NA,NA,NA,NA,NA,NA,NA,NA,NA,NA,NA,NA,NA,NA,NA,0,NA,NA,NA,NA,0,NA,NA,0,0,0,0,NA,NA,2002,NA,NA,47,0,Field goal,3328,21:00:00,20:45:06,3COM Park,"Clear skies Temp: 64° F, Humidity: 28%, Wind: SE 8 mph",10160000-0182-69e4-1c08-4240bfea771a,0,0,FIELD_GOAL,1,NA,14:37,NA,19,Field goal,NA,4,1:24,0,0,1,3,4,0,KICKOFF,FIELD_GOAL,01:01,14:37,SF 33,SF 25,3210,3328,38,17,Home,-21,55,7,37.5,0,outdoors,grass,64,8,Steve Mariucci,Andy Reid,SFO00,3Com Park,0,1,NA,NA,NA,NA,NA,NA,0,0,0,1,0,NA,NA,NA,NA,NA,NA,NA,NA,NA,NA,0,1,1.050436465058399,NA,NA,NA,NA,NA,NA,NA,NA,0.3909229424643854,0.9988470631319624,NA,NA,NA,0.9986163805588149,0.9992370796608157,NA,NA,Andy Reid,Steve Mariucci,14:42,0.7537434724716978,75,Other,NA,39,100,NA,NA,NA,100,100
3347,2002_12_PHI_SF,2002112500,SF,PHI,REG,12,SF,home,PHI,PHI,30,2002-11-25,877,877,877,Half2,0,20,0,4,NA,0,14:37,PHI 30,0,46,"2-D.Akers kicks 66 yards from PHI 30 to SF 4. 23-J.Williams to SF 25 for 21 yards (83-J.Thomason). PENALTY on SF-24-M.Rumph, Illegal Block Above the Waist, 10 yards, enforced at SF 25.",kickoff,0,0,0,0,0,0,0,NA,NA,NA,NA,NA,NA,NA,66,NA,NA,3,2,0,NA,NA,NA,NA,3,2,17,38,17,38,-21,17,38,-21,0.0789930522441864,0.16899637877941132,0.0033911035861819983,0.2230565994977951,0.19955798983573914,0.0028518179897218943,0.323153018951416,0,0,0.7912811981514096,-0.33420262625440955,-25.723130517661442,25.723130517661442,-3.068528798117768,3.068528798117768,-15.565783044762425,15.565783044762425,NA,NA,NA,NA,NA,NA,NA,NA,NA,NA,NA,NA,0.015544252470135689,0.9844557475298643,0.015544252470135689,0.9844557475298643,-0.0013205567374825478,-4.6010687947273254e-4,-4.6010687947273254e-4,0.014223695732653141,0.9857763042673469,0.02107943408191204,0.02107943408191204,-0.15997974991649022,0.15997974991649022,-0.36970435290756,0.36970435290756,NA,NA,NA,NA,NA,NA,NA,NA,NA,NA,NA,NA,0,0,0,0,0,0,0,0,0,0,0,0,0,0,0,0,0,0,0,0,0,0,0,0,1,0,1,0,0,0,0,0,0,0,0,0,0,0,0,0,0,0,1,0,0,0,0,0,0,0,0,NA,NA,NA,NA,NA,NA,NA,NA,NA,NA,NA,NA,NA,NA,NA,NA,NA,NA,NA,NA,NA,NA,NA,NA,NA,J.Williams,00-0020327,NA,NA,NA,NA,D.Akers,00-0000108,NA,NA,NA,NA,NA,NA,NA,NA,NA,NA,NA,NA,NA,NA,NA,NA,NA,NA,PHI,NA,00-0016347,NA,J.Thomason,NA,NA,NA,NA,NA,NA,NA,NA,NA,NA,NA,NA,NA,0,NA,NA,NA,NA,NA,NA,NA,NA,NA,NA,NA,NA,NA,NA,NA,NA,NA,NA,NA,NA,NA,NA,NA,NA,NA,NA,NA,NA,NA,NA,SF,21,SF,00-0021158,M.Rumph,10,0,NA,Illegal Block Above the Waist,0,0,0,0,NA,NA,2002,NA,NA,48,1,First down,3347,21:00:00,20:47:26,3COM Park,"Clear skies Temp: 64° F, Humidity: 28%, Wind: SE 8 mph",10160000-0182-69e4-1c08-4240bfea771a,0,0,KICK_OFF,1,NA,NA,SF 15,20,Turnover on downs,NA,12,3:39,3,0,0,4,4,0,KICKOFF,DOWNS,14:37,10:58,SF 15,PHI 39,3347,3690,38,17,Home,-21,55,7,37.5,0,outdoors,grass,64,8,Steve Mariucci,Andy Reid,SFO00,3Com Park,0,0,NA,NA,NA,NA,NA,NA,0,0,0,1,0,NA,NA,NA,NA,NA,NA,NA,NA,NA,NA,0,1,-0.33420262625440955,NA,NA,NA,NA,NA,NA,NA,NA,NA,NA,NA,NA,NA,NA,NA,NA,NA,Andy Reid,Steve Mariucci,14:37,NA,NA,Other (Penalty),NA,NA,NA,NA,NA,NA,NA,NA
3380,2002_12_PHI_SF,2002112500,SF,PHI,REG,12,SF,home,PHI,SF,85,2002-11-25,868,868,868,Half2,0,20,0,4,1,0,14:28,SF 15,10,46,"(14:28) (Shotgun) 5-J.Garcia up the middle to SF 16 for 1 yard (97-D.Walker, 94-N.Kalu).",run,1,1,0,0,0,0,1,NA,NA,NA,NA,middle,NA,NA,NA,NA,NA,3,2,0,NA,NA,NA,NA,3,2,17,38,17,38,-21,17,38,-21,0.08382583409547806,0.18264728784561157,0.004943171516060829,0.23784512281417847,0.18534903228282928,0.0027902869042009115,0.3025992810726166,0,0,0.4570785718970001,-0.4281758372671902,-26.151306354928632,26.151306354928632,-3.4967046353849582,3.4967046353849582,-15.565783044762425,15.565783044762425,NA,NA,NA,NA,NA,NA,NA,NA,NA,NA,NA,NA,0.014223695732653141,0.9857763042673469,0.014223695732653141,0.9857763042673469,-0.002321864478290081,-0.005037069320678711,-0.005037069320678711,0.01190183125436306,0.9880981687456369,0.020619327202439308,0.020619327202439308,-0.1623016143947803,0.1623016143947803,-0.36970435290756,0.36970435290756,NA,NA,NA,NA,NA,NA,NA,NA,NA,NA,NA,NA,0,0,0,0,0,0,0,0,0,0,0,0,0,0,0,0,0,0,0,0,0,0,0,0,0,0,0,0,0,0,0,0,1,0,0,0,0,0,0,0,0,0,0,0,0,0,1,0,0,0,0,NA,NA,NA,NA,NA,NA,00-0005755,J.Garcia,1,NA,NA,NA,NA,NA,NA,NA,NA,NA,NA,NA,NA,NA,NA,NA,NA,NA,NA,NA,NA,NA,NA,NA,NA,NA,NA,NA,NA,NA,NA,NA,NA,NA,NA,NA,NA,NA,NA,NA,NA,NA,NA,NA,NA,NA,NA,NA,NA,00-0009001,N.Kalu,PHI,NA,NA,NA,NA,NA,NA,NA,NA,NA,1,00-0019459,D.Walker,PHI,NA,NA,NA,NA,NA,NA,NA,NA,NA,NA,NA,NA,NA,NA,NA,NA,NA,NA,NA,NA,NA,NA,NA,NA,NA,NA,NA,NA,0,NA,NA,NA,NA,0,NA,NA,0,0,0,0,NA,NA,2002,NA,NA,48,1,First down,3380,21:00:00,20:48:37,3COM Park,"Clear skies Temp: 64° F, Humidity: 28%, Wind: SE 8 mph",10160000-0182-69e4-1c08-4240bfea771a,0,0,RUSH,0,NA,NA,SF 16,20,Turnover on downs,NA,12,3:39,3,0,0,4,4,0,KICKOFF,DOWNS,14:37,10:58,SF 15,PHI 39,3347,3690,38,17,Home,-21,55,7,37.5,0,outdoors,grass,64,8,Steve Mariucci,Andy Reid,SFO00,3Com Park,0,0,NA,NA,J.Garcia,5,NA,NA,1,0,0,0,1,NA,00-0005755,NA,J.Garcia,5,00-0005755,J.Garcia,00-0005755,J.Garcia,00-0005755,0,1,-0.4281758372671902,NA,NA,NA,NA,NA,NA,NA,NA,NA,NA,NA,NA,NA,NA,NA,NA,NA,Andy Reid,Steve Mariucci,14:28,NA,NA,Other,NA,NA,NA,NA,NA,NA,NA,NA
3401,2002_12_PHI_SF,2002112500,SF,PHI,REG,12,SF,home,PHI,SF,84,2002-11-25,839,839,839,Half2,0,20,0,4,2,0,13:59,SF 16,9,46,"(13:59) 5-J.Garcia sacked at SF 11 for -5 yards (56-S.Barber). FUMBLES (56-S.Barber), RECOVERED by PHI-97-D.Walker at SF 14. 97-D.Walker to SF 4 for 10 yards (63-D.Deese). Play Challenged by SF and REVERSED. 5-J.Garcia pass incomplete.",pass,0,0,0,1,0,0,0,NA,NA,NA,NA,NA,NA,NA,NA,NA,NA,3,2,0,NA,NA,NA,NA,3,2,17,38,17,38,-21,17,38,-21,0.08808571100234985,0.19724979996681213,0.005574619863182306,0.2581113576889038,0.17610536515712738,0.0027694515883922577,0.2721036970615387,0,0,0.028902734629809856,-0.6537368907593191,-26.80504324568795,26.80504324568795,-3.4967046353849582,3.4967046353849582,-16.219519935521745,16.219519935521745,NA,NA,NA,NA,NA,NA,NA,NA,NA,NA,NA,NA,0.01190183125436306,0.9880981687456369,0.01190183125436306,0.9880981687456369,-8.154604583978653e-4,-0.0011219475418329239,-0.0011219475418329239,0.011086370795965195,0.9889136292040348,0.015582257881760597,0.015582257881760597,-0.1623016143947803,0.1623016143947803,-0.37051981336595785,0.37051981336595785,NA,NA,NA,NA,NA,NA,NA,NA,NA,NA,NA,NA,0,0,0,0,0,0,0,0,1,0,0,0,0,0,0,0,0,0,0,0,0,0,0,0,0,0,0,0,0,0,0,0,0,1,0,0,0,0,0,0,0,0,0,0,0,0,0,0,0,0,0,00-0005755,J.Garcia,NA,NA,NA,NA,NA,NA,NA,NA,NA,NA,NA,NA,NA,NA,NA,NA,NA,NA,NA,NA,NA,NA,NA,NA,NA,NA,NA,NA,NA,NA,NA,NA,NA,NA,NA,NA,NA,NA,NA,NA,NA,NA,NA,NA,NA,NA,NA,NA,NA,NA,NA,NA,NA,NA,NA,NA,NA,NA,NA,NA,NA,NA,NA,NA,NA,NA,NA,0,NA,NA,NA,NA,NA,NA,NA,NA,NA,NA,NA,NA,NA,NA,NA,NA,NA,NA,NA,NA,NA,NA,NA,NA,NA,NA,NA,NA,NA,NA,NA,0,NA,NA,NA,NA,1,reversed,NA,0,0,0,0,NA,NA,2002,NA,NA,48,1,First down,3401,21:00:00,20:49:06,3COM Park,"Clear skies Temp: 64° F, Humidity: 28%, Wind: SE 8 mph",10160000-0182-69e4-1c08-4240bfea771a,0,0,PASS,0,NA,NA,SF 16,20,Turnover on downs,NA,12,3:39,3,0,0,4,4,0,KICKOFF,DOWNS,14:37,10:58,SF 15,PHI 39,3347,3690,38,17,Home,-21,55,7,37.5,0,outdoors,grass,64,8,Steve Mariucci,Andy Reid,SFO00,3Com Park,0,0,J.Garcia,5,NA,NA,NA,NA,1,0,0,0,1,00-0005755,NA,NA,J.Garcia,5,00-0005755,NA,NA,NA,NA,0,1,-0.6537368907593191,NA,NA,NA,NA,NA,NA,NA,NA,NA,NA,NA,NA,NA,NA,NA,NA,NA,Andy Reid,Steve Mariucci,13:59,NA,NA,Other,NA,NA,NA,NA,NA,NA,NA,NA
3465,2002_12_PHI_SF,2002112500,SF,PHI,REG,12,SF,home,PHI,SF,84,2002-11-25,836,836,836,Half2,0,20,0,4,3,0,13:56,SF 16,9,46,(13:56) (Shotgun) 5-J.Garcia pass to 83-J.Stokes to SF 24 for 8 yards (23-T.Vincent). Douglas hurt on play. Play Challenged by SF and REVERSED. (Shotgun) 5-J.Garcia pass to 83-J.Stokes to SF 25 for 9 yards (23-T.Vincent). Douglas hurt on play.,pass,9,1,0,1,0,0,0,NA,NA,NA,NA,NA,NA,NA,NA,NA,NA,3,2,0,NA,NA,NA,NA,3,2,17,38,17,38,-21,17,38,-21,0.08592130988836288,0.22726856172084808,0.005728117655962706,0.29052525758743286,0.1545564979314804,0.0027132744435220957,0.23328693211078644,0,0,-0.6248341561295092,1.8146478333510458,-24.990395412336905,24.990395412336905,-3.4967046353849582,3.4967046353849582,-14.404872102170698,14.404872102170698,NA,NA,NA,NA,NA,NA,NA,NA,NA,NA,NA,NA,0.011086370795965195,0.9889136292040348,0.011086370795965195,0.9889136292040348,0.004143945872783661,0.0038609933108091354,0.0038609933108091354,0.015230316668748856,0.9847696833312511,0.014460310339927673,0.014460310339927673,-0.1623016143947803,0.1623016143947803,-0.3663758674931742,0.3663758674931742,NA,NA,NA,NA,NA,NA,NA,NA,NA,NA,NA,NA,0,0,1,0,1,0,0,0,0,0,0,0,0,0,0,0,0,0,0,0,0,0,0,0,1,0,0,0,0,0,0,0,0,1,0,0,0,0,0,0,0,0,0,0,0,1,0,0,0,0,0,00-0005755,J.Garcia,9,00-0015751,J.Stokes,9,NA,NA,NA,NA,NA,NA,NA,NA,NA,NA,NA,NA,NA,NA,NA,NA,NA,NA,NA,NA,NA,NA,NA,NA,NA,NA,NA,NA,NA,NA,NA,NA,NA,NA,NA,NA,NA,NA,NA,NA,NA,NA,NA,NA,NA,PHI,NA,00-0016924,NA,T.Vincent,NA,NA,NA,NA,NA,NA,NA,NA,NA,NA,NA,NA,NA,0,NA,NA,NA,NA,NA,NA,NA,NA,NA,NA,NA,NA,NA,NA,NA,NA,NA,NA,NA,NA,NA,NA,NA,NA,NA,NA,NA,NA,NA,NA,NA,0,NA,NA,NA,NA,1,reversed,NA,0,0,0,0,NA,NA,2002,NA,NA,48,1,First down,3465,21:00:00,20:54:00,3COM Park,"Clear skies Temp: 64° F, Humidity: 28%, Wind: SE 8 mph",10160000-0182-69e4-1c08-4240bfea771a,0,0,PASS,0,NA,NA,SF 25,20,Turnover on downs,NA,12,3:39,3,0,0,4,4,0,KICKOFF,DOWNS,14:37,10:58,SF 15,PHI 39,3347,3690,38,17,Home,-21,55,7,37.5,0,outdoors,grass,64,8,Steve Mariucci,Andy Reid,SFO00,3Com Park,0,1,J.Garcia,5,NA,NA,J.Stokes,83,1,0,1,0,1,00-0005755,NA,00-0015751,J.Garcia,5,00-0005755,J.Stokes,00-0015751,J.Stokes,00-0015751,0,1,1.8146478333510458,NA,NA,NA,NA,NA,NA,NA,NA,NA,NA,NA,NA,NA,NA,NA,NA,NA,Andy Reid,Steve Mariucci,13:56,NA,NA,Other,NA,NA,NA,NA,NA,NA,NA,NA
3529,2002_12_PHI_SF,2002112500,SF,PHI,REG,12,SF,home,PHI,SF,75,2002-11-25,811,811,811,Half2,0,20,0,4,1,0,13:31,SF 25,10,46,(13:31) 5-J.Garcia pass incomplete to 83-J.Stokes.,pass,0,0,0,1,0,0,0,NA,NA,NA,NA,NA,NA,NA,NA,NA,NA,3,2,0,NA,NA,NA,NA,3,2,17,38,17,38,-21,17,38,-21,0.08812752366065979,0.14257928729057312,0.002484705299139023,0.205509752035141,0.21289733052253723,0.0032825302332639694,0.3451188802719116,0,0,1.1898136772215366,-0.4741817060858011,-25.464577118422707,25.464577118422707,-3.4967046353849582,3.4967046353849582,-14.879053808256499,14.879053808256499,NA,NA,NA,NA,NA,NA,NA,NA,NA,NA,NA,NA,0.015230316668748856,0.9847696833312511,0.015230316668748856,0.9847696833312511,-0.002259654924273491,-0.0020130202174186707,-0.0020130202174186707,0.012970661744475365,0.9870293382555246,0.01832130365073681,0.01832130365073681,-0.1623016143947803,0.1623016143947803,-0.3686355224174477,0.3686355224174477,NA,NA,NA,NA,NA,NA,NA,NA,NA,NA,NA,NA,0,0,0,0,0,0,0,0,1,0,0,0,0,0,0,0,0,0,0,0,0,0,0,0,0,0,0,0,0,0,0,0,0,1,0,0,0,0,0,0,0,0,0,0,0,0,0,0,0,0,0,00-0005755,J.Garcia,NA,00-0015751,J.Stokes,NA,NA,NA,NA,NA,NA,NA,NA,NA,NA,NA,NA,NA,NA,NA,NA,NA,NA,NA,NA,NA,NA,NA,NA,NA,NA,NA,NA,NA,NA,NA,NA,NA,NA,NA,NA,NA,NA,NA,NA,NA,NA,NA,NA,NA,NA,NA,NA,NA,NA,NA,NA,NA,NA,NA,NA,NA,NA,NA,NA,NA,NA,NA,NA,0,NA,NA,NA,NA,NA,NA,NA,NA,NA,NA,NA,NA,NA,NA,NA,NA,NA,NA,NA,NA,NA,NA,NA,NA,NA,NA,NA,NA,NA,NA,NA,0,NA,NA,NA,NA,0,NA,NA,0,0,0,0,NA,NA,2002,NA,NA,49,1,First down,3529,21:00:00,21:00:33,3COM Park,"Clear skies Temp: 64° F, Humidity: 28%, Wind: SE 8 mph",10160000-0182-69e4-1c08-4240bfea771a,0,0,PASS,0,NA,NA,SF 25,20,Turnover on downs,NA,12,3:39,3,0,0,4,4,0,KICKOFF,DOWNS,14:37,10:58,SF 15,PHI 39,3347,3690,38,17,Home,-21,55,7,37.5,0,outdoors,grass,64,8,Steve Mariucci,Andy Reid,SFO00,3Com Park,0,0,J.Garcia,5,NA,NA,J.Stokes,83,1,0,0,0,1,00-0005755,NA,00-0015751,J.Garcia,5,00-0005755,J.Stokes,00-0015751,J.Stokes,00-0015751,0,1,-0.4741817060858011,NA,NA,NA,NA,NA,NA,NA,NA,NA,NA,NA,NA,NA,NA,NA,NA,NA,Andy Reid,Steve Mariucci,13:31,NA,NA,Other,NA,NA,NA,NA,NA,NA,NA,NA
3547,2002_12_PHI_SF,2002112500,SF,PHI,REG,12,SF,home,PHI,SF,75,2002-11-25,805,805,805,Half2,0,20,0,4,2,0,13:25,SF 25,10,46,(13:25) 20-G.Hearst up the middle ran ob at PHI 47 for 28 yards (23-T.Vincent).,run,28,0,0,0,0,0,0,NA,NA,NA,NA,middle,NA,NA,NA,NA,NA,3,2,0,NA,NA,NA,NA,3,2,17,38,17,38,-21,17,38,-21,0.0894293412566185,0.15966646373271942,0.0028267898596823215,0.23179292678833008,0.19370801746845245,0.0032648141495883465,0.3193116784095764,0,0,0.7156319711357355,2.0999933178536594,-23.364583800569047,23.364583800569047,-1.3967113175312988,1.3967113175312988,-14.879053808256499,14.879053808256499,NA,NA,NA,NA,NA,NA,NA,NA,NA,NA,NA,NA,0.012970661744475365,0.9870293382555246,0.012970661744475365,0.9870293382555246,0.007337883114814758,0.009110759943723679,0.009110759943723679,0.020308544859290123,0.9796914551407099,0.016308283433318138,0.016308283433318138,-0.15496373127996554,0.15496373127996554,-0.3686355224174477,0.3686355224174477,NA,NA,NA,NA,NA,NA,NA,NA,NA,NA,NA,NA,0,1,0,0,0,0,0,0,0,0,0,0,0,0,0,0,0,0,0,0,0,0,0,0,1,0,0,0,0,0,0,0,1,0,0,0,0,0,0,0,0,0,0,0,0,0,0,0,0,0,0,NA,NA,NA,NA,NA,NA,00-0007180,G.Hearst,28,NA,NA,NA,NA,NA,NA,NA,NA,NA,NA,NA,NA,NA,NA,NA,NA,NA,NA,NA,NA,NA,NA,NA,NA,NA,NA,NA,NA,NA,NA,NA,NA,NA,NA,NA,NA,NA,NA,NA,NA,NA,NA,PHI,NA,00-0016924,NA,T.Vincent,NA,NA,NA,NA,NA,NA,NA,NA,NA,NA,NA,NA,NA,0,NA,NA,NA,NA,NA,NA,NA,NA,NA,NA,NA,NA,NA,NA,NA,NA,NA,NA,NA,NA,NA,NA,NA,NA,NA,NA,NA,NA,NA,NA,NA,0,NA,NA,NA,NA,0,NA,NA,0,0,0,0,NA,NA,2002,NA,NA,49,1,First down,3547,21:00:00,21:01:17,3COM Park,"Clear skies Temp: 64° F, Humidity: 28%, Wind: SE 8 mph",10160000-0182-69e4-1c08-4240bfea771a,0,0,RUSH,0,NA,NA,PHI 47,20,Turnover on downs,NA,12,3:39,3,0,0,4,4,0,KICKOFF,DOWNS,14:37,10:58,SF 15,PHI 39,3347,3690,38,17,Home,-21,55,7,37.5,0,outdoors,grass,64,8,Steve Mariucci,Andy Reid,SFO00,3Com Park,0,1,NA,NA,G.Hearst,20,NA,NA,0,1,1,0,1,NA,00-0007180,NA,G.Hearst,20,00-0007180,G.Hearst,00-0007180,G.Hearst,00-0007180,1,1,2.0999933178536594,NA,NA,NA,NA,NA,NA,NA,NA,NA,NA,NA,NA,NA,NA,NA,NA,NA,Andy Reid,Steve Mariucci,13:25,NA,NA,Other,NA,NA,NA,NA,NA,NA,NA,NA
3568,2002_12_PHI_SF,2002112500,SF,PHI,REG,12,SF,home,PHI,PHI,47,2002-11-25,779,779,779,Half2,0,20,0,4,1,0,12:59,PHI 47,10,46,(12:59) (Shotgun) 5-J.Garcia pass to 81-T.Owens to PHI 40 for 7 yards (58-I.Reese).,pass,7,1,0,1,0,0,0,NA,NA,NA,NA,NA,NA,NA,NA,NA,NA,3,2,0,NA,NA,NA,NA,3,2,17,38,17,38,-21,17,38,-21,0.06752175837755203,0.08375172317028046,0.0012368785683065653,0.12261655926704407,0.2820860743522644,0.003619392402470112,0.4391675889492035,0,0,2.815625288989395,0.22108046151697636,-23.14350333905207,23.14350333905207,-1.3967113175312988,1.3967113175312988,-14.657973346739523,14.657973346739523,NA,NA,NA,NA,NA,NA,NA,NA,NA,NA,NA,NA,0.020308544859290123,0.9796914551407099,0.020308544859290123,0.9796914551407099,0.0022466499358415604,9.852424263954163e-4,9.852424263954163e-4,0.022555194795131683,0.9774448052048683,0.025419043377041817,0.025419043377041817,-0.15496373127996554,0.15496373127996554,-0.3663888724816061,0.3663888724816061,NA,NA,NA,NA,NA,NA,NA,NA,NA,NA,NA,NA,0,0,0,0,0,0,0,0,0,0,0,0,0,0,0,0,0,0,0,0,0,0,0,0,1,0,0,0,0,0,0,0,0,1,0,0,0,0,0,0,0,0,0,0,0,1,0,0,0,0,0,00-0005755,J.Garcia,7,00-0012478,T.Owens,7,NA,NA,NA,NA,NA,NA,NA,NA,NA,NA,NA,NA,NA,NA,NA,NA,NA,NA,NA,NA,NA,NA,NA,NA,NA,NA,NA,NA,NA,NA,NA,NA,NA,NA,NA,NA,NA,NA,NA,NA,NA,NA,NA,NA,NA,PHI,NA,00-0013535,NA,I.Reese,NA,NA,NA,NA,NA,NA,NA,NA,NA,NA,NA,NA,NA,0,NA,NA,NA,NA,NA,NA,NA,NA,NA,NA,NA,NA,NA,NA,NA,NA,NA,NA,NA,NA,NA,NA,NA,NA,NA,NA,NA,NA,NA,NA,NA,0,NA,NA,NA,NA,0,NA,NA,0,0,0,0,NA,NA,2002,NA,NA,50,1,First down,3568,21:00:00,21:01:59,3COM Park,"Clear skies Temp: 64° F, Humidity: 28%, Wind: SE 8 mph",10160000-0182-69e4-1c08-4240bfea771a,0,0,PASS,0,NA,NA,PHI 40,20,Turnover on downs,NA,12,3:39,3,0,0,4,4,0,KICKOFF,DOWNS,14:37,10:58,SF 15,PHI 39,3347,3690,38,17,Home,-21,55,7,37.5,0,outdoors,grass,64,8,Steve Mariucci,Andy Reid,SFO00,3Com Park,0,1,J.Garcia,5,NA,NA,T.Owens,81,1,0,0,0,1,00-0005755,NA,00-0012478,J.Garcia,5,00-0005755,T.Owens,00-0012478,T.Owens,00-0012478,0,1,0.22108046151697636,NA,NA,NA,NA,NA,NA,NA,NA,NA,NA,NA,NA,NA,NA,NA,NA,NA,Andy Reid,Steve Mariucci,12:59,NA,NA,Other,NA,NA,NA,NA,NA,NA,NA,NA
3589,2002_12_PHI_SF,2002112500,SF,PHI,REG,12,SF,home,PHI,PHI,40,2002-11-25,756,756,756,Half2,0,20,0,4,2,0,12:36,PHI 40,3,46,(12:36) 5-J.Garcia pass incomplete to 83-J.Stokes (97-D.Walker).,pass,0,0,0,1,0,0,0,NA,NA,NA,NA,NA,NA,NA,NA,NA,NA,3,2,0,NA,NA,NA,NA,3,2,17,38,17,38,-21,17,38,-21,0.07019902765750885,0.07354328781366348,0.001084060175344348,0.11349407583475113,0.2795749306678772,0.0038989954628050327,0.4582056403160095,0,0,3.0367057505063713,-0.7111909550148994,-23.85469429406697,23.85469429406697,-1.3967113175312988,1.3967113175312988,-15.369164301754422,15.369164301754422,NA,NA,NA,NA,NA,NA,NA,NA,NA,NA,NA,NA,0.022555194795131683,0.9774448052048683,0.022555194795131683,0.9774448052048683,-0.0021837204694747925,1.5809759497642517e-4,1.5809759497642517e-4,0.02037147432565689,0.9796285256743431,0.026404285803437233,0.026404285803437233,-0.15496373127996554,0.15496373127996554,-0.3685725929510809,0.3685725929510809,NA,NA,NA,NA,NA,NA,NA,NA,NA,NA,NA,NA,0,0,0,0,0,0,0,0,1,0,0,0,0,0,0,0,0,0,0,0,0,0,0,0,0,0,0,0,0,0,0,0,0,1,0,0,0,0,0,0,0,0,0,0,0,0,0,0,0,0,0,00-0005755,J.Garcia,NA,00-0015751,J.Stokes,NA,NA,NA,NA,NA,NA,NA,NA,NA,NA,NA,NA,NA,NA,NA,NA,NA,NA,NA,NA,NA,NA,NA,NA,NA,NA,NA,NA,NA,NA,NA,NA,NA,NA,NA,NA,NA,NA,NA,NA,NA,NA,NA,NA,NA,NA,NA,NA,NA,NA,NA,NA,NA,NA,NA,NA,NA,NA,NA,NA,NA,NA,NA,NA,0,NA,NA,NA,NA,NA,NA,00-0019459,D.Walker,NA,NA,NA,NA,NA,NA,NA,NA,NA,NA,NA,NA,NA,NA,NA,NA,NA,NA,NA,NA,NA,NA,NA,0,NA,NA,NA,NA,0,NA,NA,0,0,0,0,NA,NA,2002,NA,NA,50,1,First down,3589,21:00:00,21:02:22,3COM Park,"Clear skies Temp: 64° F, Humidity: 28%, Wind: SE 8 mph",10160000-0182-69e4-1c08-4240bfea771a,0,0,PASS,0,NA,NA,PHI 40,20,Turnover on downs,NA,12,3:39,3,0,0,4,4,0,KICKOFF,DOWNS,14:37,10:58,SF 15,PHI 39,3347,3690,38,17,Home,-21,55,7,37.5,0,outdoors,grass,64,8,Steve Mariucci,Andy Reid,SFO00,3Com Park,0,0,J.Garcia,5,NA,NA,J.Stokes,83,1,0,0,0,1,00-0005755,NA,00-0015751,J.Garcia,5,00-0005755,J.Stokes,00-0015751,J.Stokes,00-0015751,0,1,-0.7111909550148994,NA,NA,NA,NA,NA,NA,NA,NA,NA,NA,NA,NA,NA,NA,NA,NA,NA,Andy Reid,Steve Mariucci,12:36,NA,NA,Other,NA,NA,NA,NA,NA,NA,NA,NA
3607,2002_12_PHI_SF,2002112500,SF,PHI,REG,12,SF,home,PHI,PHI,40,2002-11-25,752,752,752,Half2,0,20,0,4,3,0,12:32,PHI 40,3,46,(12:32) 20-G.Hearst right guard to PHI 34 for 6 yards (24-B.Bishop).,run,6,0,0,0,0,0,0,NA,NA,NA,NA,right,guard,NA,NA,NA,NA,3,2,0,NA,NA,NA,NA,3,2,17,38,17,38,-21,17,38,-21,0.07725662738084793,0.09583929926156998,0.0011965761659666896,0.14827202260494232,0.2665606439113617,0.004495191387832165,0.40637966990470886,0,0,2.325514795491472,1.1346848215907812,-22.72000947247619,22.72000947247619,-0.26202649594051763,0.26202649594051763,-15.369164301754422,15.369164301754422,NA,NA,NA,NA,NA,NA,NA,NA,NA,NA,NA,NA,0.02037147432565689,0.9796285256743431,0.02037147432565689,0.9796285256743431,0.0032107289880514145,0.001223711296916008,0.001223711296916008,0.023582203313708305,0.9764177966862917,0.026562383398413658,0.026562383398413658,-0.15175300229191413,0.15175300229191413,-0.3685725929510809,0.3685725929510809,NA,NA,NA,NA,NA,NA,NA,NA,NA,NA,NA,NA,0,1,0,0,1,0,0,0,0,0,0,0,0,0,0,0,0,0,0,0,0,0,0,0,1,0,0,0,0,0,0,0,1,0,0,0,0,0,0,0,0,0,0,0,0,0,0,0,0,0,0,NA,NA,NA,NA,NA,NA,00-0007180,G.Hearst,6,NA,NA,NA,NA,NA,NA,NA,NA,NA,NA,NA,NA,NA,NA,NA,NA,NA,NA,NA,NA,NA,NA,NA,NA,NA,NA,NA,NA,NA,NA,NA,NA,NA,NA,NA,NA,NA,NA,NA,NA,NA,NA,PHI,NA,00-0001266,NA,B.Bishop,NA,NA,NA,NA,NA,NA,NA,NA,NA,NA,NA,NA,NA,0,NA,NA,NA,NA,NA,NA,NA,NA,NA,NA,NA,NA,NA,NA,NA,NA,NA,NA,NA,NA,NA,NA,NA,NA,NA,NA,NA,NA,NA,NA,NA,0,NA,NA,NA,NA,0,NA,NA,0,0,0,0,NA,NA,2002,NA,NA,50,1,First down,3607,21:00:00,21:03:00,3COM Park,"Clear skies Temp: 64° F, Humidity: 28%, Wind: SE 8 mph",10160000-0182-69e4-1c08-4240bfea771a,0,0,RUSH,0,NA,NA,PHI 34,20,Turnover on downs,NA,12,3:39,3,0,0,4,4,0,KICKOFF,DOWNS,14:37,10:58,SF 15,PHI 39,3347,3690,38,17,Home,-21,55,7,37.5,0,outdoors,grass,64,8,Steve Mariucci,Andy Reid,SFO00,3Com Park,0,1,NA,NA,G.Hearst,20,NA,NA,0,1,1,0,1,NA,00-0007180,NA,G.Hearst,20,00-0007180,G.Hearst,00-0007180,G.Hearst,00-0007180,0,1,1.1346848215907812,NA,NA,NA,NA,NA,NA,NA,NA,NA,NA,NA,NA,NA,NA,NA,NA,NA,Andy Reid,Steve Mariucci,12:32,NA,NA,Other,NA,NA,NA,NA,NA,NA,NA,NA
3628,2002_12_PHI_SF,2002112500,SF,PHI,REG,12,SF,home,PHI,PHI,34,2002-11-25,730,730,730,Half2,0,20,0,4,1,0,12:10,PHI 34,10,46,(12:10) 5-J.Garcia pass incomplete to 20-G.Hearst.,pass,0,0,0,1,0,0,0,NA,NA,NA,NA,NA,NA,NA,NA,NA,NA,3,2,0,NA,NA,NA,NA,3,2,17,38,17,38,-21,17,38,-21,0.047860924154520035,0.050666552037000656,8.598552085459232e-4,0.09241866320371628,0.34689897298812866,0.0017824923852458596,0.45951253175735474,0,0,3.460199617082253,-0.4255727337440476,-23.145582206220237,23.145582206220237,-0.26202649594051763,0.26202649594051763,-15.79473703549847,15.79473703549847,NA,NA,NA,NA,NA,NA,NA,NA,NA,NA,NA,NA,0.023582203313708305,0.9764177966862917,0.023582203313708305,0.9764177966862917,-0.002606719732284546,-0.0028486941009759903,-0.0028486941009759903,0.02097548358142376,0.9790245164185762,0.027786094695329666,0.027786094695329666,-0.15175300229191413,0.15175300229191413,-0.37117931268336546,0.37117931268336546,NA,NA,NA,NA,NA,NA,NA,NA,NA,NA,NA,NA,0,0,0,0,0,0,0,0,1,0,0,0,0,0,0,0,0,0,0,0,0,0,0,0,0,0,0,0,0,0,0,0,0,1,0,0,0,0,0,0,0,0,0,0,0,0,0,0,0,0,0,00-0005755,J.Garcia,NA,00-0007180,G.Hearst,NA,NA,NA,NA,NA,NA,NA,NA,NA,NA,NA,NA,NA,NA,NA,NA,NA,NA,NA,NA,NA,NA,NA,NA,NA,NA,NA,NA,NA,NA,NA,NA,NA,NA,NA,NA,NA,NA,NA,NA,NA,NA,NA,NA,NA,NA,NA,NA,NA,NA,NA,NA,NA,NA,NA,NA,NA,NA,NA,NA,NA,NA,NA,NA,0,NA,NA,NA,NA,NA,NA,NA,NA,NA,NA,NA,NA,NA,NA,NA,NA,NA,NA,NA,NA,NA,NA,NA,NA,NA,NA,NA,NA,NA,NA,NA,0,NA,NA,NA,NA,0,NA,NA,0,0,0,0,NA,NA,2002,NA,NA,51,0,Turnover on downs,3628,21:00:00,21:03:22,3COM Park,"Clear skies Temp: 64° F, Humidity: 28%, Wind: SE 8 mph",10160000-0182-69e4-1c08-4240bfea771a,0,0,PASS,0,NA,NA,PHI 34,20,Turnover on downs,NA,12,3:39,3,0,0,4,4,0,KICKOFF,DOWNS,14:37,10:58,SF 15,PHI 39,3347,3690,38,17,Home,-21,55,7,37.5,0,outdoors,grass,64,8,Steve Mariucci,Andy Reid,SFO00,3Com Park,0,0,J.Garcia,5,NA,NA,G.Hearst,20,1,0,0,0,1,00-0005755,NA,00-0007180,J.Garcia,5,00-0005755,G.Hearst,00-0007180,G.Hearst,00-0007180,0,1,-0.4255727337440476,NA,NA,NA,NA,NA,NA,NA,NA,NA,NA,NA,NA,NA,NA,NA,NA,NA,Andy Reid,Steve Mariucci,12:10,NA,NA,Other,NA,NA,NA,NA,NA,NA,NA,NA
3646,2002_12_PHI_SF,2002112500,SF,PHI,REG,12,SF,home,PHI,PHI,34,2002-11-25,725,725,725,Half2,0,20,0,4,2,0,12:05,PHI 34,10,46,(12:05) 5-J.Garcia pass to 89-T.Streets to PHI 30 for 4 yards (39-S.Brown). Caught at PHI 32.,pass,4,0,0,1,0,0,0,NA,NA,NA,NA,NA,NA,NA,NA,NA,NA,3,2,0,NA,NA,NA,NA,3,2,17,38,17,38,-21,17,38,-21,0.05168769508600235,0.05965618044137955,8.96279641892761e-4,0.10960960388183594,0.3637671172618866,0.0018655130406841636,0.4125175476074219,0,0,3.0346268833382055,-0.27558951906394213,-23.42117172528418,23.42117172528418,-0.26202649594051763,0.26202649594051763,-16.070326554562413,16.070326554562413,NA,NA,NA,NA,NA,NA,NA,NA,NA,NA,NA,NA,0.02097548358142376,0.9790245164185762,0.02097548358142376,0.9790245164185762,-0.0014185383915901184,-0.0012872684746980667,-0.0012872684746980667,0.01955694518983364,0.9804430548101664,0.024937400594353676,0.024937400594353676,-0.15175300229191413,0.15175300229191413,-0.3725978510749556,0.3725978510749556,NA,NA,NA,NA,NA,NA,NA,NA,NA,NA,NA,NA,0,0,0,0,0,0,0,0,0,0,0,0,0,0,0,0,0,0,0,0,0,0,0,0,1,0,0,0,0,0,0,0,0,1,0,0,0,0,0,0,0,0,0,0,0,1,0,0,0,0,0,00-0005755,J.Garcia,4,00-0015811,T.Streets,4,NA,NA,NA,NA,NA,NA,NA,NA,NA,NA,NA,NA,NA,NA,NA,NA,NA,NA,NA,NA,NA,NA,NA,NA,NA,NA,NA,NA,NA,NA,NA,NA,NA,NA,NA,NA,NA,NA,NA,NA,NA,NA,NA,NA,NA,PHI,NA,00-0021186,NA,S.Brown,NA,NA,NA,NA,NA,NA,NA,NA,NA,NA,NA,NA,NA,0,NA,NA,NA,NA,NA,NA,NA,NA,NA,NA,NA,NA,NA,NA,NA,NA,NA,NA,NA,NA,NA,NA,NA,NA,NA,NA,NA,NA,NA,NA,NA,0,NA,NA,NA,NA,0,NA,NA,0,0,0,0,NA,NA,2002,NA,NA,51,0,Turnover on downs,3646,21:00:00,21:04:06,3COM Park,"Clear skies Temp: 64° F, Humidity: 28%, Wind: SE 8 mph",10160000-0182-69e4-1c08-4240bfea771a,0,0,PASS,0,NA,NA,PHI 30,20,Turnover on downs,NA,12,3:39,3,0,0,4,4,0,KICKOFF,DOWNS,14:37,10:58,SF 15,PHI 39,3347,3690,38,17,Home,-21,55,7,37.5,0,outdoors,grass,64,8,Steve Mariucci,Andy Reid,SFO00,3Com Park,0,0,J.Garcia,5,NA,NA,T.Streets,89,1,0,0,0,1,00-0005755,NA,00-0015811,J.Garcia,5,00-0005755,T.Streets,00-0015811,T.Streets,00-0015811,0,1,-0.27558951906394213,NA,NA,NA,NA,NA,NA,NA,NA,NA,NA,NA,NA,NA,NA,NA,NA,NA,Andy Reid,Steve Mariucci,12:05,NA,NA,Other,NA,NA,NA,NA,NA,NA,NA,NA
3667,2002_12_PHI_SF,2002112500,SF,PHI,REG,12,SF,home,PHI,PHI,30,2002-11-25,697,697,697,Half2,0,20,0,4,3,0,11:37,PHI 30,6,46,(11:37) (Shotgun) 5-J.Garcia sacked at PHI 39 for -9 yards (39-S.Brown).,pass,-9,1,0,1,0,0,0,NA,NA,NA,NA,NA,NA,NA,NA,NA,NA,3,2,0,NA,NA,NA,NA,3,2,17,38,17,38,-21,17,38,-21,0.05311691388487816,0.06246572360396385,6.327243754640222e-4,0.10332091897726059,0.44650062918663025,0.0012594895670190454,0.3327036499977112,0,0,2.7590373642742634,-2.7834085379727185,-26.204580263256897,26.204580263256897,-0.26202649594051763,0.26202649594051763,-18.853735092535132,18.853735092535132,NA,NA,NA,NA,NA,NA,NA,NA,NA,NA,NA,NA,0.01955694518983364,0.9804430548101664,0.01955694518983364,0.9804430548101664,-0.00932291615754366,-0.011976426467299461,-0.011976426467299461,0.010234029032289982,0.98976597096771,0.02365013211965561,0.02365013211965561,-0.15175300229191413,0.15175300229191413,-0.38192076723249924,0.38192076723249924,NA,NA,NA,NA,NA,NA,NA,NA,NA,NA,NA,NA,0,0,0,0,0,1,0,0,0,0,0,0,0,0,0,0,0,0,0,0,0,0,0,0,1,0,0,0,0,0,0,1,0,1,1,0,0,0,0,0,0,0,0,0,0,0,0,0,0,0,0,00-0005755,J.Garcia,NA,NA,NA,NA,NA,NA,NA,NA,NA,NA,NA,NA,NA,NA,NA,NA,NA,NA,NA,NA,NA,NA,NA,NA,NA,NA,NA,NA,NA,NA,NA,NA,NA,NA,NA,00-0021186,S.Brown,NA,NA,00-0021186,S.Brown,NA,NA,NA,NA,NA,NA,NA,NA,PHI,NA,00-0021186,NA,S.Brown,NA,NA,NA,NA,NA,NA,NA,NA,NA,NA,NA,NA,NA,0,NA,NA,NA,NA,NA,NA,NA,NA,NA,NA,NA,NA,NA,NA,NA,NA,NA,NA,NA,NA,NA,NA,NA,NA,00-0021186,S.Brown,NA,NA,NA,NA,NA,0,NA,NA,NA,NA,0,NA,NA,0,0,0,0,NA,NA,2002,NA,NA,51,0,Turnover on downs,3667,21:00:00,21:04:35,3COM Park,"Clear skies Temp: 64° F, Humidity: 28%, Wind: SE 8 mph",10160000-0182-69e4-1c08-4240bfea771a,0,0,SACK,0,NA,NA,PHI 39,20,Turnover on downs,NA,12,3:39,3,0,0,4,4,0,KICKOFF,DOWNS,14:37,10:58,SF 15,PHI 39,3347,3690,38,17,Home,-21,55,7,37.5,0,outdoors,grass,64,8,Steve Mariucci,Andy Reid,SFO00,3Com Park,0,0,J.Garcia,5,NA,NA,NA,NA,1,0,0,0,1,00-0005755,NA,NA,J.Garcia,5,00-0005755,NA,NA,NA,NA,0,1,-2.7834085379727185,NA,NA,NA,NA,NA,NA,NA,NA,NA,NA,NA,NA,NA,NA,NA,NA,NA,Andy Reid,Steve Mariucci,11:37,NA,NA,Other,NA,NA,NA,NA,NA,NA,NA,NA
3690,2002_12_PHI_SF,2002112500,SF,PHI,REG,12,SF,home,PHI,PHI,39,2002-11-25,666,666,666,Half2,0,20,0,4,4,0,11:06,PHI 39,15,46,(11:06) (Shotgun) 5-J.Garcia pass incomplete to 81-T.Owens.,pass,0,1,0,1,0,0,0,NA,NA,NA,NA,NA,NA,NA,NA,NA,NA,3,2,0,NA,NA,NA,NA,3,2,17,38,17,38,-21,17,38,-21,0.12870189547538757,0.17303602397441864,0.0019213075283914804,0.2540760934352875,0.19271308183670044,0.009577644988894463,0.23997394740581512,0,0,-0.024371173698455095,-1.1333319623954594,-27.337912225652357,27.337912225652357,-0.26202649594051763,0.26202649594051763,-19.98706705493059,19.98706705493059,NA,NA,NA,NA,NA,NA,NA,NA,NA,NA,NA,NA,0.010234029032289982,0.98976597096771,0.010234029032289982,0.98976597096771,-0.007015974260866642,-0.0040102768689394,-0.0040102768689394,0.00321805477142334,0.9967819452285767,0.011673705652356148,0.011673705652356148,-0.15175300229191413,0.15175300229191413,-0.3889367414933659,0.3889367414933659,NA,NA,NA,NA,NA,NA,NA,NA,NA,NA,NA,NA,0,0,0,0,0,0,0,1,1,0,0,0,0,0,0,0,0,0,0,0,0,0,0,0,0,0,0,0,0,0,0,0,0,1,0,0,0,0,0,0,0,0,0,0,0,0,0,0,0,0,0,00-0005755,J.Garcia,NA,00-0012478,T.Owens,NA,NA,NA,NA,NA,NA,NA,NA,NA,NA,NA,NA,NA,NA,NA,NA,NA,NA,NA,NA,NA,NA,NA,NA,NA,NA,NA,NA,NA,NA,NA,NA,NA,NA,NA,NA,NA,NA,NA,NA,NA,NA,NA,NA,NA,NA,NA,NA,NA,NA,NA,NA,NA,NA,NA,NA,NA,NA,NA,NA,NA,NA,NA,NA,0,NA,NA,NA,NA,NA,NA,NA,NA,NA,NA,NA,NA,NA,NA,NA,NA,NA,NA,NA,NA,NA,NA,NA,NA,NA,NA,NA,NA,NA,NA,NA,0,NA,NA,NA,NA,0,NA,NA,0,0,0,0,NA,NA,2002,NA,NA,51,0,Turnover on downs,3690,21:00:00,21:05:19,3COM Park,"Clear skies Temp: 64° F, Humidity: 28%, Wind: SE 8 mph",10160000-0182-69e4-1c08-4240bfea771a,0,0,PASS,0,NA,10:58,PHI 39,20,Turnover on downs,NA,12,3:39,3,0,0,4,4,0,KICKOFF,DOWNS,14:37,10:58,SF 15,PHI 39,3347,3690,38,17,Home,-21,55,7,37.5,0,outdoors,grass,64,8,Steve Mariucci,Andy Reid,SFO00,3Com Park,0,0,J.Garcia,5,NA,NA,T.Owens,81,1,0,0,0,1,00-0005755,NA,00-0012478,J.Garcia,5,00-0005755,T.Owens,00-0012478,T.Owens,00-0012478,0,1,-1.1333319623954594,NA,NA,NA,NA,NA,NA,NA,NA,0.1094614045941853,0.06974652754253097,NA,NA,NA,0.05810915390611626,0.14269511896418408,NA,0.10870432068761716,Andy Reid,Steve Mariucci,11:06,NA,NA,Other,NA,11,7,NA,11,NA,14,6
3708,2002_12_PHI_SF,2002112500,SF,PHI,REG,12,PHI,away,SF,PHI,61,2002-11-25,658,658,658,Half2,0,21,0,4,1,0,10:58,PHI 39,10,18,"(10:58) 22-D.Staley up the middle to PHI 46 for 7 yards (50-D.Smith, 29-A.Plummer).",run,7,0,0,0,0,0,0,NA,NA,NA,NA,middle,NA,NA,NA,NA,NA,3,2,0,NA,NA,NA,NA,2,3,17,38,38,17,21,38,17,21,0.14279970526695251,0.11702856421470642,0.001847325824201107,0.19954757392406464,0.2109420895576477,0.0036705820821225643,0.32416415214538574,0,0,1.1577031360939145,0.4296496578026563,-27.767561883455013,27.767561883455013,-0.6916761537431739,0.6916761537431739,-19.98706705493059,19.98706705493059,NA,NA,NA,NA,NA,NA,NA,NA,NA,NA,NA,NA,0.9967819452285767,0.00321805477142334,0.00321805477142334,0.9967819452285767,0.0010216832160949707,0.0028426051139831543,-0.0028426051139831543,0.002196371555328369,0.9978036284446716,0.9923365712165833,0.007663428783416748,-0.1527746855080091,0.1527746855080091,-0.3889367414933659,0.3889367414933659,NA,NA,NA,NA,NA,NA,NA,NA,NA,NA,NA,NA,0,0,0,0,0,0,0,0,0,0,0,0,0,0,0,0,0,0,0,0,0,0,0,0,0,0,0,0,0,0,0,0,1,0,0,0,0,0,0,0,0,0,0,0,0,0,1,0,0,0,0,NA,NA,NA,NA,NA,NA,00-0015523,D.Staley,7,NA,NA,NA,NA,NA,NA,NA,NA,NA,NA,NA,NA,NA,NA,NA,NA,NA,NA,NA,NA,NA,NA,NA,NA,NA,NA,NA,NA,NA,NA,NA,NA,NA,NA,NA,NA,NA,NA,NA,NA,NA,NA,NA,NA,NA,NA,NA,NA,00-0019603,A.Plummer,SF,NA,NA,NA,NA,NA,NA,NA,NA,NA,1,00-0015151,D.Smith,SF,NA,NA,NA,NA,NA,NA,NA,NA,NA,NA,NA,NA,NA,NA,NA,NA,NA,NA,NA,NA,NA,NA,NA,NA,NA,NA,NA,NA,0,NA,NA,NA,NA,0,NA,NA,0,0,0,0,NA,NA,2002,NA,NA,52,1,First down,3708,21:00:00,21:07:46,3COM Park,"Clear skies Temp: 64° F, Humidity: 28%, Wind: SE 8 mph",10160000-0182-69e4-1c08-4240bfea771a,0,0,RUSH,0,NA,NA,PHI 46,21,Punt,NA,5,3:31,1,0,0,4,4,0,DOWNS,PUNT,10:58,07:27,PHI 39,SF 43,3708,3818,38,17,Home,-21,55,7,37.5,0,outdoors,grass,64,8,Steve Mariucci,Andy Reid,SFO00,3Com Park,0,1,NA,NA,D.Staley,22,NA,NA,0,1,0,0,1,NA,00-0015523,NA,D.Staley,22,00-0015523,D.Staley,00-0015523,D.Staley,00-0015523,0,1,0.4296496578026563,NA,NA,NA,NA,NA,NA,NA,NA,NA,NA,NA,NA,NA,NA,NA,NA,NA,Andy Reid,Steve Mariucci,10:58,NA,NA,Other,NA,NA,NA,NA,NA,NA,NA,NA
3729,2002_12_PHI_SF,2002112500,SF,PHI,REG,12,PHI,away,SF,PHI,54,2002-11-25,617,617,617,Half2,0,21,0,4,2,0,10:17,PHI 46,3,18,(10:17) 22-D.Staley right guard to SF 47 for 7 yards (91-C.Okeafor).,run,7,0,0,0,0,0,0,NA,NA,NA,NA,right,guard,NA,NA,NA,NA,3,2,0,NA,NA,NA,NA,2,3,17,38,38,17,21,38,17,21,0.15822628140449524,0.11094117164611816,0.0015861120773479342,0.16600924730300903,0.20927508175373077,0.00402934942394495,0.3499327600002289,0,0,1.5873527938965708,0.5232024125289172,-28.29076429598393,28.29076429598393,-1.2148785662720911,1.2148785662720911,-19.98706705493059,19.98706705493059,NA,NA,NA,NA,NA,NA,NA,NA,NA,NA,NA,NA,0.9978036284446716,0.002196371555328369,0.002196371555328369,0.9978036284446716,0.0013011693954467773,0.0026984214782714844,-0.0026984214782714844,8.952021598815918e-4,0.9991047978401184,0.9951791763305664,0.004820823669433594,-0.15407585490345588,0.15407585490345588,-0.3889367414933659,0.3889367414933659,NA,NA,NA,NA,NA,NA,NA,NA,NA,NA,NA,NA,0,1,0,0,0,0,0,0,0,0,0,0,0,0,0,0,0,0,0,0,0,0,0,0,1,0,0,0,0,0,0,0,1,0,0,0,0,0,0,0,0,0,0,0,0,0,0,0,0,0,0,NA,NA,NA,NA,NA,NA,00-0015523,D.Staley,7,NA,NA,NA,NA,NA,NA,NA,NA,NA,NA,NA,NA,NA,NA,NA,NA,NA,NA,NA,NA,NA,NA,NA,NA,NA,NA,NA,NA,NA,NA,NA,NA,NA,NA,NA,NA,NA,NA,NA,NA,NA,NA,SF,NA,00-0012333,NA,C.Okeafor,NA,NA,NA,NA,NA,NA,NA,NA,NA,NA,NA,NA,NA,0,NA,NA,NA,NA,NA,NA,NA,NA,NA,NA,NA,NA,NA,NA,NA,NA,NA,NA,NA,NA,NA,NA,NA,NA,NA,NA,NA,NA,NA,NA,NA,0,NA,NA,NA,NA,0,NA,NA,0,0,0,0,NA,NA,2002,NA,NA,52,1,First down,3729,21:00:00,21:08:29,3COM Park,"Clear skies Temp: 64° F, Humidity: 28%, Wind: SE 8 mph",10160000-0182-69e4-1c08-4240bfea771a,0,0,RUSH,0,NA,NA,SF 47,21,Punt,NA,5,3:31,1,0,0,4,4,0,DOWNS,PUNT,10:58,07:27,PHI 39,SF 43,3708,3818,38,17,Home,-21,55,7,37.5,0,outdoors,grass,64,8,Steve Mariucci,Andy Reid,SFO00,3Com Park,0,1,NA,NA,D.Staley,22,NA,NA,0,1,1,0,1,NA,00-0015523,NA,D.Staley,22,00-0015523,D.Staley,00-0015523,D.Staley,00-0015523,0,1,0.5232024125289172,NA,NA,NA,NA,NA,NA,NA,NA,NA,NA,NA,NA,NA,NA,NA,NA,NA,Andy Reid,Steve Mariucci,10:17,NA,NA,Other,NA,NA,NA,NA,NA,NA,NA,NA
3750,2002_12_PHI_SF,2002112500,SF,PHI,REG,12,PHI,away,SF,SF,47,2002-11-25,575,575,575,Half2,0,21,0,4,1,0,09:35,SF 47,10,18,"(9:35) 22-D.Staley right end to SF 49 for -2 yards (28-J.Keith, 36-J.Webster).",run,-2,0,0,0,0,0,0,NA,NA,NA,NA,right,end,NA,NA,NA,NA,3,2,0,NA,NA,NA,NA,2,3,17,38,38,17,21,38,17,21,0.15497715771198273,0.08604850620031357,0.0014366807881742716,0.1389935463666916,0.24199454486370087,0.0034603539388626814,0.3730892241001129,0,0,2.110555206425488,-0.865376892965287,-27.425387403018643,27.425387403018643,-0.34950167330680415,0.34950167330680415,-19.98706705493059,19.98706705493059,NA,NA,NA,NA,NA,NA,NA,NA,NA,NA,NA,NA,0.9991047978401184,8.952021598815918e-4,8.952021598815918e-4,0.9991047978401184,-9.894967079162598e-4,-5.577206611633301e-4,5.577206611633301e-4,0.0018846988677978516,0.9981153011322021,0.9978775978088379,0.0021224021911621094,-0.15308635819553962,0.15308635819553962,-0.3889367414933659,0.3889367414933659,NA,NA,NA,NA,NA,NA,NA,NA,NA,NA,NA,NA,0,0,0,0,0,0,0,0,0,0,0,0,0,0,0,0,0,0,0,0,0,0,0,0,0,0,0,1,0,0,0,0,1,0,0,0,0,0,0,0,0,0,0,0,0,0,1,0,0,0,0,NA,NA,NA,NA,NA,NA,00-0015523,D.Staley,-2,NA,NA,NA,NA,NA,NA,NA,NA,NA,NA,NA,NA,NA,NA,NA,NA,NA,NA,NA,NA,NA,NA,NA,NA,NA,NA,NA,NA,00-0019612,J.Keith,NA,NA,NA,NA,NA,NA,NA,NA,NA,NA,NA,NA,NA,NA,NA,NA,NA,NA,00-0019653,J.Webster,SF,NA,NA,NA,NA,NA,NA,NA,NA,NA,1,00-0019612,J.Keith,SF,NA,NA,NA,NA,NA,NA,NA,NA,NA,NA,NA,NA,NA,NA,NA,NA,NA,NA,NA,NA,NA,NA,NA,NA,NA,NA,NA,NA,0,NA,NA,NA,NA,0,NA,NA,0,0,0,0,NA,NA,2002,NA,NA,53,0,Punt,3750,21:00:00,21:09:10,3COM Park,"Clear skies Temp: 64° F, Humidity: 28%, Wind: SE 8 mph",10160000-0182-69e4-1c08-4240bfea771a,0,0,RUSH,0,NA,NA,SF 49,21,Punt,NA,5,3:31,1,0,0,4,4,0,DOWNS,PUNT,10:58,07:27,PHI 39,SF 43,3708,3818,38,17,Home,-21,55,7,37.5,0,outdoors,grass,64,8,Steve Mariucci,Andy Reid,SFO00,3Com Park,0,0,NA,NA,D.Staley,22,NA,NA,0,1,0,0,1,NA,00-0015523,NA,D.Staley,22,00-0015523,D.Staley,00-0015523,D.Staley,00-0015523,0,1,-0.865376892965287,NA,NA,NA,NA,NA,NA,NA,NA,NA,NA,NA,NA,NA,NA,NA,NA,NA,Andy Reid,Steve Mariucci,9:35,NA,NA,Other,NA,NA,NA,NA,NA,NA,NA,NA
3771,2002_12_PHI_SF,2002112500,SF,PHI,REG,12,PHI,away,SF,SF,49,2002-11-25,533,533,533,Half2,0,21,0,4,2,0,08:53,SF 49,12,18,(8:53) 22-D.Staley right guard to SF 47 for 2 yards (97-B.Young).,run,2,0,0,0,0,0,0,NA,NA,NA,NA,right,guard,NA,NA,NA,NA,3,2,0,NA,NA,NA,NA,2,3,17,38,38,17,21,38,17,21,0.18401086330413818,0.1033678725361824,0.0018442429136484861,0.17975620925426483,0.21937797963619232,0.004473922308534384,0.3071688711643219,0,0,1.245178313460201,-0.2784066174644977,-27.146980785554145,27.146980785554145,-0.07109505584230646,0.07109505584230646,-19.98706705493059,19.98706705493059,NA,NA,NA,NA,NA,NA,NA,NA,NA,NA,NA,NA,0.9981153011322021,0.0018846988677978516,0.0018846988677978516,0.9981153011322021,5.82575798034668e-4,3.081560134887695e-5,-3.081560134887695e-5,0.0013021230697631836,0.9986978769302368,0.9973198771476746,0.0026801228523254395,-0.15366893399357429,0.15366893399357429,-0.3889367414933659,0.3889367414933659,NA,NA,NA,NA,NA,NA,NA,NA,NA,NA,NA,NA,0,0,0,0,0,0,0,0,0,0,0,0,0,0,0,0,0,0,0,0,0,0,0,0,1,0,0,0,0,0,0,0,1,0,0,0,0,0,0,0,0,0,0,0,0,0,0,0,0,0,0,NA,NA,NA,NA,NA,NA,00-0015523,D.Staley,2,NA,NA,NA,NA,NA,NA,NA,NA,NA,NA,NA,NA,NA,NA,NA,NA,NA,NA,NA,NA,NA,NA,NA,NA,NA,NA,NA,NA,NA,NA,NA,NA,NA,NA,NA,NA,NA,NA,NA,NA,NA,NA,SF,NA,00-0018405,NA,B.Young,NA,NA,NA,NA,NA,NA,NA,NA,NA,NA,NA,NA,NA,0,NA,NA,NA,NA,NA,NA,NA,NA,NA,NA,NA,NA,NA,NA,NA,NA,NA,NA,NA,NA,NA,NA,NA,NA,NA,NA,NA,NA,NA,NA,NA,0,NA,NA,NA,NA,0,NA,NA,0,0,0,0,NA,NA,2002,NA,NA,53,0,Punt,3771,21:00:00,21:09:52,3COM Park,"Clear skies Temp: 64° F, Humidity: 28%, Wind: SE 8 mph",10160000-0182-69e4-1c08-4240bfea771a,0,0,RUSH,0,NA,NA,SF 47,21,Punt,NA,5,3:31,1,0,0,4,4,0,DOWNS,PUNT,10:58,07:27,PHI 39,SF 43,3708,3818,38,17,Home,-21,55,7,37.5,0,outdoors,grass,64,8,Steve Mariucci,Andy Reid,SFO00,3Com Park,0,0,NA,NA,D.Staley,22,NA,NA,0,1,0,0,1,NA,00-0015523,NA,D.Staley,22,00-0015523,D.Staley,00-0015523,D.Staley,00-0015523,0,1,-0.2784066174644977,NA,NA,NA,NA,NA,NA,NA,NA,NA,NA,NA,NA,NA,NA,NA,NA,NA,Andy Reid,Steve Mariucci,8:53,NA,NA,Other,NA,NA,NA,NA,NA,NA,NA,NA
3792,2002_12_PHI_SF,2002112500,SF,PHI,REG,12,PHI,away,SF,SF,47,2002-11-25,488,488,488,Half2,0,21,0,4,3,0,08:08,SF 47,10,18,"(8:08) 22-D.Staley right end pushed ob at SF 43 for 4 yards (29-A.Plummer, 50-D.Smith).",run,4,0,0,0,0,0,0,NA,NA,NA,NA,right,end,NA,NA,NA,NA,3,2,0,NA,NA,NA,NA,2,3,17,38,38,17,21,38,17,21,0.22501923143863678,0.10809092968702316,0.0016103003872558475,0.18386560678482056,0.19200900197029114,0.004107472486793995,0.2852974832057953,0,0,0.9667716959957033,-1.268926912220195,-25.87805387333395,25.87805387333395,1.1978318563778885,-1.1978318563778885,-19.98706705493059,19.98706705493059,NA,NA,NA,NA,NA,NA,NA,NA,NA,NA,NA,NA,0.9986978769302368,0.0013021230697631836,0.0013021230697631836,0.9986978769302368,1.5223026275634766e-4,5.764961242675781e-4,-5.764961242675781e-4,0.001149892807006836,0.9988501071929932,0.9973506927490234,0.0026493072509765625,-0.15382116425633063,0.15382116425633063,-0.3889367414933659,0.3889367414933659,NA,NA,NA,NA,NA,NA,NA,NA,NA,NA,NA,NA,0,0,0,0,0,1,0,0,0,0,0,0,0,0,0,0,0,0,0,0,0,0,0,0,0,0,0,0,0,0,0,0,1,0,0,0,0,0,0,0,0,0,0,0,0,0,1,0,0,0,0,NA,NA,NA,NA,NA,NA,00-0015523,D.Staley,4,NA,NA,NA,NA,NA,NA,NA,NA,NA,NA,NA,NA,NA,NA,NA,NA,NA,NA,NA,NA,NA,NA,NA,NA,NA,NA,NA,NA,NA,NA,NA,NA,NA,NA,NA,NA,NA,NA,NA,NA,NA,NA,NA,NA,NA,NA,NA,NA,00-0015151,D.Smith,SF,NA,NA,NA,NA,NA,NA,NA,NA,NA,1,00-0019603,A.Plummer,SF,NA,NA,NA,NA,NA,NA,NA,NA,NA,NA,NA,NA,NA,NA,NA,NA,NA,NA,NA,NA,NA,NA,NA,NA,NA,NA,NA,NA,0,NA,NA,NA,NA,0,NA,NA,0,0,0,0,NA,NA,2002,NA,NA,53,0,Punt,3792,21:00:00,21:10:37,3COM Park,"Clear skies Temp: 64° F, Humidity: 28%, Wind: SE 8 mph",10160000-0182-69e4-1c08-4240bfea771a,0,0,RUSH,0,NA,NA,SF 43,21,Punt,NA,5,3:31,1,0,0,4,4,0,DOWNS,PUNT,10:58,07:27,PHI 39,SF 43,3708,3818,38,17,Home,-21,55,7,37.5,0,outdoors,grass,64,8,Steve Mariucci,Andy Reid,SFO00,3Com Park,0,0,NA,NA,D.Staley,22,NA,NA,0,1,0,0,1,NA,00-0015523,NA,D.Staley,22,00-0015523,D.Staley,00-0015523,D.Staley,00-0015523,1,1,-1.268926912220195,NA,NA,NA,NA,NA,NA,NA,NA,NA,NA,NA,NA,NA,NA,NA,NA,NA,Andy Reid,Steve Mariucci,8:08,NA,NA,Other,NA,NA,NA,NA,NA,NA,NA,NA
3818,2002_12_PHI_SF,2002112500,SF,PHI,REG,12,PHI,away,SF,SF,43,2002-11-25,456,456,456,Half2,0,21,0,4,4,0,07:36,SF 43,6,18,"(7:36) 7-S.Landeta punts 29 yards to SF 14, Center-88-M.Bartrum. 23-J.Williams to SF 15 for 1 yard (56-S.Barber).",punt,0,0,0,0,0,0,0,NA,NA,NA,NA,NA,NA,NA,29,NA,NA,3,2,0,NA,NA,NA,NA,2,3,17,38,38,17,21,38,17,21,0.26259663701057434,0.14084990322589874,0.0020223581232130527,0.2464948296546936,0.13721147179603577,0.007500961422920227,0.20332381129264832,0,0,-0.3021552162244916,-0.20928623853251338,-25.668767634801437,25.668767634801437,1.1978318563778885,-1.1978318563778885,-19.98706705493059,19.98706705493059,NA,NA,NA,NA,NA,NA,NA,NA,NA,NA,NA,NA,0.9988501071929932,0.001149892807006836,0.001149892807006836,0.9988501071929932,-4.096089396625757e-4,4.4493807945400476e-4,-4.4493807945400476e-4,0.0015595017466694117,0.9984404982533306,0.997927188873291,0.0020728111267089844,-0.15382116425633063,0.15382116425633063,-0.3889367414933659,0.3889367414933659,NA,NA,NA,NA,NA,NA,NA,NA,NA,NA,NA,NA,0,0,0,0,0,0,0,0,0,0,0,1,0,0,0,0,0,0,0,0,0,0,0,0,1,0,0,0,0,0,0,0,0,0,0,0,0,0,0,0,0,0,0,1,0,0,0,0,0,0,0,NA,NA,NA,NA,NA,NA,NA,NA,NA,NA,NA,NA,NA,NA,NA,NA,NA,NA,NA,NA,NA,00-0020327,J.Williams,NA,NA,NA,NA,NA,NA,00-0009584,S.Landeta,NA,NA,NA,NA,NA,NA,NA,NA,NA,NA,NA,NA,NA,NA,NA,NA,NA,NA,NA,NA,PHI,NA,00-0000743,NA,S.Barber,NA,NA,NA,NA,NA,NA,NA,NA,NA,NA,NA,NA,NA,0,NA,NA,NA,NA,NA,NA,NA,NA,NA,NA,NA,NA,NA,NA,NA,NA,NA,NA,NA,NA,NA,NA,NA,NA,NA,NA,NA,NA,NA,NA,SF,1,NA,NA,NA,NA,0,NA,NA,0,0,0,0,NA,NA,2002,NA,NA,53,0,Punt,3818,21:00:00,21:11:25,3COM Park,"Clear skies Temp: 64° F, Humidity: 28%, Wind: SE 8 mph",10160000-0182-69e4-1c08-4240bfea771a,0,0,PUNT,1,NA,07:27,SF 15,21,Punt,NA,5,3:31,1,0,0,4,4,0,DOWNS,PUNT,10:58,07:27,PHI 39,SF 43,3708,3818,38,17,Home,-21,55,7,37.5,0,outdoors,grass,64,8,Steve Mariucci,Andy Reid,SFO00,3Com Park,0,0,NA,NA,NA,NA,NA,NA,0,0,0,1,0,NA,NA,NA,NA,NA,NA,NA,NA,NA,NA,0,1,-0.20928623853251338,NA,NA,NA,NA,NA,NA,NA,NA,0.3091733626788482,0.9997632248998772,NA,NA,NA,0.9997500167737599,0.999925977588191,NA,0.999229324309021,Andy Reid,Steve Mariucci,7:36,NA,NA,Other,NA,31,100,NA,100,NA,100,100
3843,2002_12_PHI_SF,2002112500,SF,PHI,REG,12,SF,home,PHI,SF,85,2002-11-25,447,447,447,Half2,0,22,0,4,1,0,07:27,SF 15,10,18,(7:27) (Shotgun) 5-J.Garcia pass incomplete to 81-T.Owens.,pass,0,1,0,1,0,0,0,NA,NA,NA,NA,NA,NA,NA,NA,NA,NA,3,2,0,NA,NA,NA,NA,3,2,17,38,17,38,-21,17,38,-21,0.26534050703048706,0.1363404095172882,0.00472236517816782,0.1873699277639389,0.1474529504776001,0.002455809386447072,0.256318062543869,0,0,0.511441454757005,-0.5266623254865408,-26.195429960287978,26.195429960287978,1.1978318563778885,-1.1978318563778885,-20.513729380417132,20.513729380417132,NA,NA,NA,NA,NA,NA,NA,NA,NA,NA,NA,NA,0.0015595017466694117,0.9984404982533306,0.0015595017466694117,0.9984404982533306,-3.715227358043194e-4,-2.1812820341438055e-4,-2.1812820341438055e-4,0.0011879790108650923,0.9988120209891349,0.0016278730472549796,0.0016278730472549796,-0.15382116425633063,0.15382116425633063,-0.3893082642291702,0.3893082642291702,NA,NA,NA,NA,NA,NA,NA,NA,NA,NA,NA,NA,0,0,0,0,0,0,0,0,1,0,0,0,0,0,0,0,0,0,0,0,0,0,0,0,0,0,0,0,0,0,0,0,0,1,0,0,0,0,0,0,0,0,0,0,0,0,0,0,0,0,0,00-0005755,J.Garcia,NA,00-0012478,T.Owens,NA,NA,NA,NA,NA,NA,NA,NA,NA,NA,NA,NA,NA,NA,NA,NA,NA,NA,NA,NA,NA,NA,NA,NA,NA,NA,NA,NA,NA,NA,NA,NA,NA,NA,NA,NA,NA,NA,NA,NA,NA,NA,NA,NA,NA,NA,NA,NA,NA,NA,NA,NA,NA,NA,NA,NA,NA,NA,NA,NA,NA,NA,NA,NA,0,NA,NA,NA,NA,NA,NA,NA,NA,NA,NA,NA,NA,NA,NA,NA,NA,NA,NA,NA,NA,NA,NA,NA,NA,NA,NA,NA,NA,NA,NA,NA,0,NA,NA,NA,NA,0,NA,NA,0,0,0,0,NA,NA,2002,NA,NA,54,1,First down,3843,21:00:00,21:13:48,3COM Park,"Clear skies Temp: 64° F, Humidity: 28%, Wind: SE 8 mph",10160000-0182-69e4-1c08-4240bfea771a,0,0,PASS,0,NA,NA,SF 15,22,Turnover on downs,NA,7,2:05,1,0,0,4,4,-5,PUNT,DOWNS,07:27,05:22,SF 15,SF 44,3843,4008,38,17,Home,-21,55,7,37.5,0,outdoors,grass,64,8,Steve Mariucci,Andy Reid,SFO00,3Com Park,0,0,J.Garcia,5,NA,NA,T.Owens,81,1,0,0,0,1,00-0005755,NA,00-0012478,J.Garcia,5,00-0005755,T.Owens,00-0012478,T.Owens,00-0012478,0,1,-0.5266623254865408,NA,NA,NA,NA,NA,NA,NA,NA,NA,NA,NA,NA,NA,NA,NA,NA,NA,Andy Reid,Steve Mariucci,7:27,NA,NA,Other,NA,NA,NA,NA,NA,NA,NA,NA
3861,2002_12_PHI_SF,2002112500,SF,PHI,REG,12,SF,home,PHI,SF,85,2002-11-25,442,442,442,Half2,0,22,0,4,2,0,07:22,SF 15,10,18,(7:22) (Shotgun) 5-J.Garcia pass to 20-G.Hearst to SF 20 for 5 yards (21-B.Taylor). Caught at SF 16.,pass,5,1,0,1,0,0,0,NA,NA,NA,NA,NA,NA,NA,NA,NA,NA,3,2,0,NA,NA,NA,NA,3,2,17,38,17,38,-21,17,38,-21,0.26693588495254517,0.1571502834558487,0.0053591555915772915,0.21245050430297852,0.1351371556520462,0.002415689406916499,0.2205512821674347,0,0,-0.015220870729535818,-0.05878421012312174,-26.2542141704111,26.2542141704111,1.1978318563778885,-1.1978318563778885,-20.572513590540254,20.572513590540254,NA,NA,NA,NA,NA,NA,NA,NA,NA,NA,NA,NA,0.0011879790108650923,0.9988120209891349,0.0011879790108650923,0.9988120209891349,2.134324749931693e-4,9.323458652943373e-5,9.323458652943373e-5,0.0014014114858582616,0.9985985885141417,0.001409744843840599,0.001409744843840599,-0.15382116425633063,0.15382116425633063,-0.38909483175417703,0.38909483175417703,NA,NA,NA,NA,NA,NA,NA,NA,NA,NA,NA,NA,0,0,0,0,0,0,0,0,0,0,0,0,0,0,0,0,0,0,0,0,0,0,0,0,1,0,0,0,0,0,0,0,0,1,0,0,0,0,0,0,0,0,0,0,0,1,0,0,0,0,0,00-0005755,J.Garcia,5,00-0007180,G.Hearst,5,NA,NA,NA,NA,NA,NA,NA,NA,NA,NA,NA,NA,NA,NA,NA,NA,NA,NA,NA,NA,NA,NA,NA,NA,NA,NA,NA,NA,NA,NA,NA,NA,NA,NA,NA,NA,NA,NA,NA,NA,NA,NA,NA,NA,NA,PHI,NA,00-0016082,NA,B.Taylor,NA,NA,NA,NA,NA,NA,NA,NA,NA,NA,NA,NA,NA,0,NA,NA,NA,NA,NA,NA,NA,NA,NA,NA,NA,NA,NA,NA,NA,NA,NA,NA,NA,NA,NA,NA,NA,NA,NA,NA,NA,NA,NA,NA,NA,0,NA,NA,NA,NA,0,NA,NA,0,0,0,0,NA,NA,2002,NA,NA,54,1,First down,3861,21:00:00,21:14:27,3COM Park,"Clear skies Temp: 64° F, Humidity: 28%, Wind: SE 8 mph",10160000-0182-69e4-1c08-4240bfea771a,0,0,PASS,0,NA,NA,SF 20,22,Turnover on downs,NA,7,2:05,1,0,0,4,4,-5,PUNT,DOWNS,07:27,05:22,SF 15,SF 44,3843,4008,38,17,Home,-21,55,7,37.5,0,outdoors,grass,64,8,Steve Mariucci,Andy Reid,SFO00,3Com Park,0,0,J.Garcia,5,NA,NA,G.Hearst,20,1,0,0,0,1,00-0005755,NA,00-0007180,J.Garcia,5,00-0005755,G.Hearst,00-0007180,G.Hearst,00-0007180,0,1,-0.05878421012312174,NA,NA,NA,NA,NA,NA,NA,NA,NA,NA,NA,NA,NA,NA,NA,NA,NA,Andy Reid,Steve Mariucci,7:22,NA,NA,Other,NA,NA,NA,NA,NA,NA,NA,NA
3882,2002_12_PHI_SF,2002112500,SF,PHI,REG,12,SF,home,PHI,SF,80,2002-11-25,417,417,417,Half2,0,22,0,4,3,0,06:57,SF 20,5,18,(6:57) 5-J.Garcia pass to 81-T.Owens pushed ob at SF 46 for 26 yards (56-S.Barber). Caught at SF 27.,pass,26,0,0,1,0,0,0,NA,NA,NA,NA,NA,NA,NA,NA,NA,NA,3,2,0,NA,NA,NA,NA,3,2,17,38,17,38,-21,17,38,-21,0.2726011872291565,0.1633961945772171,0.003641432151198387,0.2094639092683792,0.1386231631040573,0.0024148959200829268,0.2098592072725296,0,0,-0.07400508085265756,2.3845865055918694,-23.86962766481923,23.86962766481923,1.1978318563778885,-1.1978318563778885,-18.187927084948385,18.187927084948385,NA,NA,NA,NA,NA,NA,NA,NA,NA,NA,NA,NA,0.0014014114858582616,0.9985985885141417,0.0014014114858582616,0.9985985885141417,6.446323823183775e-5,-3.3353944309055805e-4,-3.3353944309055805e-4,0.0014658747240900993,0.9985341252759099,0.0015029794303700328,0.0015029794303700328,-0.15382116425633063,0.15382116425633063,-0.3890303685159452,0.3890303685159452,NA,NA,NA,NA,NA,NA,NA,NA,NA,NA,NA,NA,0,0,1,0,1,0,0,0,0,0,0,0,0,0,0,0,0,0,0,0,0,0,0,0,1,0,0,0,0,0,0,0,0,1,0,0,0,0,0,0,0,0,0,0,0,1,0,0,0,0,0,00-0005755,J.Garcia,26,00-0012478,T.Owens,26,NA,NA,NA,NA,NA,NA,NA,NA,NA,NA,NA,NA,NA,NA,NA,NA,NA,NA,NA,NA,NA,NA,NA,NA,NA,NA,NA,NA,NA,NA,NA,NA,NA,NA,NA,NA,NA,NA,NA,NA,NA,NA,NA,NA,NA,PHI,NA,00-0000743,NA,S.Barber,NA,NA,NA,NA,NA,NA,NA,NA,NA,NA,NA,NA,NA,0,NA,NA,NA,NA,NA,NA,NA,NA,NA,NA,NA,NA,NA,NA,NA,NA,NA,NA,NA,NA,NA,NA,NA,NA,NA,NA,NA,NA,NA,NA,NA,0,NA,NA,NA,NA,0,NA,NA,0,0,0,0,NA,NA,2002,NA,NA,54,1,First down,3882,21:00:00,21:14:52,3COM Park,"Clear skies Temp: 64° F, Humidity: 28%, Wind: SE 8 mph",10160000-0182-69e4-1c08-4240bfea771a,0,0,PASS,0,NA,NA,SF 46,22,Turnover on downs,NA,7,2:05,1,0,0,4,4,-5,PUNT,DOWNS,07:27,05:22,SF 15,SF 44,3843,4008,38,17,Home,-21,55,7,37.5,0,outdoors,grass,64,8,Steve Mariucci,Andy Reid,SFO00,3Com Park,0,1,J.Garcia,5,NA,NA,T.Owens,81,1,0,1,0,1,00-0005755,NA,00-0012478,J.Garcia,5,00-0005755,T.Owens,00-0012478,T.Owens,00-0012478,1,1,2.3845865055918694,NA,NA,NA,NA,NA,NA,NA,NA,NA,NA,NA,NA,NA,NA,NA,NA,NA,Andy Reid,Steve Mariucci,6:57,NA,NA,Other,NA,NA,NA,NA,NA,NA,NA,NA
3911,2002_12_PHI_SF,2002112500,SF,PHI,REG,12,SF,home,PHI,SF,54,2002-11-25,389,389,389,Half2,0,22,0,4,1,0,06:29,SF 46,10,18,"(6:29) (Shotgun) 62-J.Newberry to SF 40 for -6 yards. FUMBLES, recovered by SF-5-J.Garcia at SF 40. 5-J.Garcia sacked at SF 40 for -6 yards (90-C.Simon). Garcia recovers low snap from Newberry.",pass,-6,1,0,1,0,0,0,NA,NA,NA,NA,NA,NA,NA,NA,NA,NA,3,2,0,NA,NA,NA,NA,3,2,17,38,17,38,-21,17,38,-21,0.24770790338516235,0.07054737955331802,0.0013104274403303862,0.09979300200939178,0.20579513907432556,0.003582639154046774,0.3712635338306427,0,0,2.310581424739212,-1.130514483898878,-25.00014214871811,25.00014214871811,1.1978318563778885,-1.1978318563778885,-19.318441568847263,19.318441568847263,NA,NA,NA,NA,NA,NA,NA,NA,NA,NA,NA,NA,0.0014658747240900993,0.9985341252759099,0.0014658747240900993,0.9985341252759099,-4.663140280172229e-4,-3.160687047056854e-4,-3.160687047056854e-4,9.995606960728765e-4,0.9990004393039271,0.0011694399872794747,0.0011694399872794747,-0.15382116425633063,0.15382116425633063,-0.3894966825439624,0.3894966825439624,NA,NA,NA,NA,NA,NA,NA,NA,NA,NA,NA,NA,0,0,0,0,0,0,0,0,0,0,0,0,0,0,0,0,0,0,0,0,0,0,1,0,1,0,0,0,0,0,0,1,0,1,1,0,0,0,0,0,0,0,0,0,1,0,0,0,0,0,0,00-0005755,J.Garcia,NA,NA,NA,NA,NA,NA,NA,NA,NA,NA,NA,NA,NA,NA,NA,NA,NA,NA,NA,NA,NA,NA,NA,NA,NA,NA,NA,NA,NA,NA,NA,NA,NA,NA,NA,00-0019694,C.Simon,NA,NA,00-0019694,C.Simon,NA,NA,NA,NA,NA,NA,NA,NA,PHI,NA,00-0019694,NA,C.Simon,NA,NA,NA,NA,NA,NA,NA,NA,NA,NA,NA,NA,NA,0,NA,NA,NA,NA,NA,NA,NA,NA,NA,NA,SF,00-0012042,J.Newberry,NA,NA,NA,SF,0,00-0005755,J.Garcia,NA,NA,NA,NA,00-0019694,C.Simon,NA,NA,NA,NA,NA,0,NA,NA,NA,NA,0,NA,NA,0,0,0,0,NA,NA,2002,NA,NA,55,0,Turnover on downs,3911,21:00:00,21:15:36,3COM Park,"Clear skies Temp: 64° F, Humidity: 28%, Wind: SE 8 mph",10160000-0182-69e4-1c08-4240bfea771a,0,0,SACK,0,NA,NA,SF 40,22,Turnover on downs,NA,7,2:05,1,0,0,4,4,-5,PUNT,DOWNS,07:27,05:22,SF 15,SF 44,3843,4008,38,17,Home,-21,55,7,37.5,0,outdoors,grass,64,8,Steve Mariucci,Andy Reid,SFO00,3Com Park,0,0,J.Garcia,5,NA,NA,NA,NA,1,0,0,0,1,00-0005755,NA,NA,J.Garcia,5,00-0005755,NA,NA,NA,NA,0,1,-1.130514483898878,NA,NA,NA,NA,NA,NA,NA,NA,NA,NA,NA,NA,NA,NA,NA,NA,NA,Andy Reid,Steve Mariucci,6:29,NA,NA,Other,NA,NA,NA,NA,NA,NA,NA,NA
3946,2002_12_PHI_SF,2002112500,SF,PHI,REG,12,SF,home,PHI,SF,60,2002-11-25,389,389,389,Half2,0,22,0,4,2,0,06:29,SF 40,16,18,(6:29) 5-J.Garcia pass to 83-J.Stokes to SF 49 for 9 yards (58-I.Reese). Caught at SF 47.,pass,9,0,0,1,0,0,0,NA,NA,NA,NA,NA,NA,NA,NA,NA,NA,3,2,0,NA,NA,NA,NA,3,2,17,38,17,38,-21,17,38,-21,0.28039517998695374,0.10029656440019608,0.0025813684333115816,0.14946910738945007,0.17907220125198364,0.004422476515173912,0.2837630808353424,0,0,1.1800669408403337,0.20252283080480993,-24.7976193179133,24.7976193179133,1.1978318563778885,-1.1978318563778885,-19.115918738042453,19.115918738042453,NA,NA,NA,NA,NA,NA,NA,NA,NA,NA,NA,NA,9.995606960728765e-4,0.9990004393039271,9.995606960728765e-4,0.9990004393039271,-2.8001668397337198e-5,1.4042697148397565e-4,1.4042697148397565e-4,9.715590276755393e-4,0.9990284409723245,8.533712825737894e-4,8.533712825737894e-4,-0.15382116425633063,0.15382116425633063,-0.38952468421235975,0.38952468421235975,NA,NA,NA,NA,NA,NA,NA,NA,NA,NA,NA,NA,0,0,0,0,0,0,0,0,0,0,0,0,0,0,0,0,0,0,0,0,0,0,0,0,1,0,0,0,0,0,0,0,0,1,0,0,0,0,0,0,0,0,0,0,0,1,0,0,0,0,0,00-0005755,J.Garcia,9,00-0015751,J.Stokes,9,NA,NA,NA,NA,NA,NA,NA,NA,NA,NA,NA,NA,NA,NA,NA,NA,NA,NA,NA,NA,NA,NA,NA,NA,NA,NA,NA,NA,NA,NA,NA,NA,NA,NA,NA,NA,NA,NA,NA,NA,NA,NA,NA,NA,NA,PHI,NA,00-0013535,NA,I.Reese,NA,NA,NA,NA,NA,NA,NA,NA,NA,NA,NA,NA,NA,0,NA,NA,NA,NA,NA,NA,NA,NA,NA,NA,NA,NA,NA,NA,NA,NA,NA,NA,NA,NA,NA,NA,NA,NA,NA,NA,NA,NA,NA,NA,NA,0,NA,NA,NA,NA,0,NA,NA,0,0,0,0,NA,NA,2002,NA,NA,55,0,Turnover on downs,3946,21:00:00,NA,3COM Park,"Clear skies Temp: 64° F, Humidity: 28%, Wind: SE 8 mph",10160000-0182-69e4-1c08-4240bfea771a,0,0,PASS,0,NA,NA,SF 49,22,Turnover on downs,NA,7,2:05,1,0,0,4,4,-5,PUNT,DOWNS,07:27,05:22,SF 15,SF 44,3843,4008,38,17,Home,-21,55,7,37.5,0,outdoors,grass,64,8,Steve Mariucci,Andy Reid,SFO00,3Com Park,0,1,J.Garcia,5,NA,NA,J.Stokes,83,1,0,0,0,1,00-0005755,NA,00-0015751,J.Garcia,5,00-0005755,J.Stokes,00-0015751,J.Stokes,00-0015751,0,1,0.20252283080480993,NA,NA,NA,NA,NA,NA,NA,NA,NA,NA,NA,NA,NA,NA,NA,NA,NA,Andy Reid,Steve Mariucci,6:29,NA,NA,Other,NA,NA,NA,NA,NA,NA,NA,NA
3967,2002_12_PHI_SF,2002112500,SF,PHI,REG,12,SF,home,PHI,SF,51,2002-11-25,389,389,389,Half2,0,22,0,4,3,0,06:29,SF 49,7,18,"(6:29) PENALTY on SF, False Start, 5 yards, enforced at SF 49 - No Play.",no_play,0,0,0,0,0,0,0,NA,NA,NA,NA,NA,NA,NA,NA,NA,NA,3,2,0,NA,NA,NA,NA,3,2,17,38,17,38,-21,17,38,-21,0.27028128504753113,0.0961117222905159,0.0013690319610759616,0.14108048379421234,0.18872839212417603,0.004392488393932581,0.2980366051197052,0,0,1.3825897716451436,-0.6590590418782085,-25.456678359791507,25.456678359791507,1.1978318563778885,-1.1978318563778885,-19.115918738042453,19.115918738042453,NA,NA,NA,NA,NA,NA,NA,NA,NA,NA,NA,NA,9.715590276755393e-4,0.9990284409723245,9.715590276755393e-4,0.9990284409723245,-7.652095519006252e-5,-1.82151619810611e-4,-1.82151619810611e-4,8.950380724854767e-4,0.9991049619275145,9.93798254057765e-4,9.93798254057765e-4,-0.15382116425633063,0.15382116425633063,-0.38952468421235975,0.38952468421235975,NA,NA,NA,NA,NA,NA,NA,NA,NA,NA,NA,NA,0,0,0,0,0,0,0,0,0,0,0,0,0,0,0,0,0,0,0,0,0,0,0,0,0,0,1,0,0,0,0,0,0,0,0,0,0,0,0,0,0,0,0,0,0,0,0,0,0,0,0,NA,NA,NA,NA,NA,NA,NA,NA,NA,NA,NA,NA,NA,NA,NA,NA,NA,NA,NA,NA,NA,NA,NA,NA,NA,NA,NA,NA,NA,NA,NA,NA,NA,NA,NA,NA,NA,NA,NA,NA,NA,NA,NA,NA,NA,NA,NA,NA,NA,NA,NA,NA,NA,NA,NA,NA,NA,NA,NA,NA,NA,NA,NA,NA,NA,NA,NA,NA,NA,0,NA,NA,NA,NA,NA,NA,NA,NA,NA,NA,NA,NA,NA,NA,NA,NA,NA,NA,NA,NA,NA,NA,NA,NA,NA,NA,NA,NA,NA,NA,NA,0,SF,NA,NA,5,0,NA,False Start,0,0,0,0,NA,NA,2002,NA,NA,55,0,Turnover on downs,3967,21:00:00,NA,3COM Park,"Clear skies Temp: 64° F, Humidity: 28%, Wind: SE 8 mph",10160000-0182-69e4-1c08-4240bfea771a,0,0,PENALTY,0,NA,NA,SF 44,22,Turnover on downs,NA,7,2:05,1,0,0,4,4,-5,PUNT,DOWNS,07:27,05:22,SF 15,SF 44,3843,4008,38,17,Home,-21,55,7,37.5,0,outdoors,grass,64,8,Steve Mariucci,Andy Reid,SFO00,3Com Park,0,0,NA,NA,NA,NA,NA,NA,0,0,0,0,1,NA,NA,NA,NA,NA,NA,NA,NA,NA,NA,0,1,-0.6590590418782085,NA,NA,NA,NA,NA,NA,NA,NA,NA,NA,NA,NA,NA,NA,NA,NA,NA,Andy Reid,Steve Mariucci,6:29,NA,NA,Other (Penalty),NA,NA,NA,NA,NA,NA,NA,NA
3990,2002_12_PHI_SF,2002112500,SF,PHI,REG,12,SF,home,PHI,SF,56,2002-11-25,337,337,337,Half2,0,22,0,4,3,0,05:37,SF 44,12,18,(5:37) (Shotgun) 5-J.Garcia pass incomplete to 81-T.Owens.,pass,0,1,0,1,0,0,0,NA,NA,NA,NA,NA,NA,NA,NA,NA,NA,3,2,0,NA,NA,NA,NA,3,2,17,38,17,38,-21,17,38,-21,0.3207433819770813,0.09834838658571243,0.0023040648084133863,0.168651282787323,0.16065014898777008,0.0046653239987790585,0.2446374148130417,0,0,0.7235307297669351,-1.0072811599820852,-26.463959519773592,26.463959519773592,1.1978318563778885,-1.1978318563778885,-20.123199898024538,20.123199898024538,NA,NA,NA,NA,NA,NA,NA,NA,NA,NA,NA,NA,8.950380724854767e-4,0.9991049619275145,8.950380724854767e-4,0.9991049619275145,1.0039715562015772e-5,-1.4010642189532518e-4,-1.4010642189532518e-4,9.050777880474925e-4,0.9990949222119525,8.11646634247154e-4,8.11646634247154e-4,-0.15382116425633063,0.15382116425633063,-0.38951464449679774,0.38951464449679774,NA,NA,NA,NA,NA,NA,NA,NA,NA,NA,NA,NA,0,0,0,0,0,1,0,0,1,0,0,0,0,0,0,0,0,0,0,0,0,0,0,0,0,0,0,0,0,0,0,0,0,1,0,0,0,0,0,0,0,0,0,0,0,0,0,0,0,0,0,00-0005755,J.Garcia,NA,00-0012478,T.Owens,NA,NA,NA,NA,NA,NA,NA,NA,NA,NA,NA,NA,NA,NA,NA,NA,NA,NA,NA,NA,NA,NA,NA,NA,NA,NA,NA,NA,NA,NA,NA,NA,NA,NA,NA,NA,NA,NA,NA,NA,NA,NA,NA,NA,NA,NA,NA,NA,NA,NA,NA,NA,NA,NA,NA,NA,NA,NA,NA,NA,NA,NA,NA,NA,0,NA,NA,NA,NA,NA,NA,NA,NA,NA,NA,NA,NA,NA,NA,NA,NA,NA,NA,NA,NA,NA,NA,NA,NA,NA,NA,NA,NA,NA,NA,NA,0,NA,NA,NA,NA,0,NA,NA,0,0,0,0,NA,NA,2002,NA,NA,55,0,Turnover on downs,3990,21:00:00,21:17:16,3COM Park,"Clear skies Temp: 64° F, Humidity: 28%, Wind: SE 8 mph",10160000-0182-69e4-1c08-4240bfea771a,0,0,PASS,0,NA,NA,SF 44,22,Turnover on downs,NA,7,2:05,1,0,0,4,4,-5,PUNT,DOWNS,07:27,05:22,SF 15,SF 44,3843,4008,38,17,Home,-21,55,7,37.5,0,outdoors,grass,64,8,Steve Mariucci,Andy Reid,SFO00,3Com Park,0,0,J.Garcia,5,NA,NA,T.Owens,81,1,0,0,0,1,00-0005755,NA,00-0012478,J.Garcia,5,00-0005755,T.Owens,00-0012478,T.Owens,00-0012478,0,1,-1.0072811599820852,NA,NA,NA,NA,NA,NA,NA,NA,NA,NA,NA,NA,NA,NA,NA,NA,NA,Andy Reid,Steve Mariucci,5:37,NA,NA,Other,NA,NA,NA,NA,NA,NA,NA,NA
4008,2002_12_PHI_SF,2002112500,SF,PHI,REG,12,SF,home,PHI,SF,56,2002-11-25,332,332,332,Half2,0,22,0,4,4,0,05:32,SF 44,12,18,(5:32) (Shotgun) 5-J.Garcia sacked at SF 33 for -11 yards (53-H.Douglas).,pass,-11,1,0,1,0,0,0,NA,NA,NA,NA,NA,NA,NA,NA,NA,NA,3,2,0,NA,NA,NA,NA,3,2,17,38,17,38,-21,17,38,-21,0.3565506637096405,0.13015791773796082,0.0029875391628593206,0.2116566002368927,0.11470454931259155,0.007483614142984152,0.17645910382270813,0,0,-0.2837504302151501,-2.8789947958430275,-29.34295431561662,29.34295431561662,1.1978318563778885,-1.1978318563778885,-23.002194693867565,23.002194693867565,NA,NA,NA,NA,NA,NA,NA,NA,NA,NA,NA,NA,9.050777880474925e-4,0.9990949222119525,9.050777880474925e-4,0.9990949222119525,2.1662202198058367e-4,5.200758459977806e-4,5.200758459977806e-4,0.0011216998100280762,0.9988783001899719,6.715402123518288e-4,6.715402123518288e-4,-0.15382116425633063,0.15382116425633063,-0.38929802247481715,0.38929802247481715,NA,NA,NA,NA,NA,NA,NA,NA,NA,NA,NA,NA,0,0,0,0,0,0,0,1,0,0,0,0,0,0,0,0,0,0,0,0,0,0,0,0,1,0,0,0,0,0,0,1,0,1,1,0,0,0,0,0,0,0,0,0,0,0,0,0,0,0,0,00-0005755,J.Garcia,NA,NA,NA,NA,NA,NA,NA,NA,NA,NA,NA,NA,NA,NA,NA,NA,NA,NA,NA,NA,NA,NA,NA,NA,NA,NA,NA,NA,NA,NA,NA,NA,NA,NA,NA,00-0004470,H.Douglas,NA,NA,00-0004470,H.Douglas,NA,NA,NA,NA,NA,NA,NA,NA,PHI,NA,00-0004470,NA,H.Douglas,NA,NA,NA,NA,NA,NA,NA,NA,NA,NA,NA,NA,NA,0,NA,NA,NA,NA,NA,NA,NA,NA,NA,NA,NA,NA,NA,NA,NA,NA,NA,NA,NA,NA,NA,NA,NA,NA,00-0004470,H.Douglas,NA,NA,NA,NA,NA,0,NA,NA,NA,NA,0,NA,NA,0,0,0,0,NA,NA,2002,NA,NA,55,0,Turnover on downs,4008,21:00:00,21:17:54,3COM Park,"Clear skies Temp: 64° F, Humidity: 28%, Wind: SE 8 mph",10160000-0182-69e4-1c08-4240bfea771a,0,0,SACK,0,NA,05:22,SF 33,22,Turnover on downs,NA,7,2:05,1,0,0,4,4,-5,PUNT,DOWNS,07:27,05:22,SF 15,SF 44,3843,4008,38,17,Home,-21,55,7,37.5,0,outdoors,grass,64,8,Steve Mariucci,Andy Reid,SFO00,3Com Park,0,0,J.Garcia,5,NA,NA,NA,NA,1,0,0,0,1,00-0005755,NA,NA,J.Garcia,5,00-0005755,NA,NA,NA,NA,0,1,-2.8789947958430275,NA,NA,NA,NA,NA,NA,NA,NA,0.1612459743701038,0.01651605606062541,NA,NA,0,0.014150751056149602,0.042968149136868306,0.014150751056149602,0.03861967179081082,Andy Reid,Steve Mariucci,5:32,0,0,Other,NA,16,2,NA,4,1,4,1
4027,2002_12_PHI_SF,2002112500,SF,PHI,REG,12,PHI,away,SF,SF,33,2002-11-25,322,322,322,Half2,0,23,0,4,1,0,05:22,SF 33,10,2,(5:22) 22-D.Staley right guard to SF 31 for 2 yards (56-B.Moore).,run,2,0,0,0,0,0,0,NA,NA,NA,NA,right,guard,NA,NA,NA,NA,3,2,0,NA,NA,NA,NA,2,3,17,38,38,17,21,38,17,21,0.1646919995546341,0.04042860120534897,6.397645338438451e-4,0.07270414382219315,0.31236532330513,0.0014095230726525187,0.4077606499195099,0,0,3.1627452260581776,-0.2479710227344185,-29.0949832928822,29.0949832928822,1.445802879112307,-1.445802879112307,-23.002194693867565,23.002194693867565,NA,NA,NA,NA,NA,NA,NA,NA,NA,NA,NA,NA,0.9988783001899719,0.0011216998100280762,0.0011216998100280762,0.9988783001899719,1.3178586959838867e-4,-9.47713851928711e-5,9.47713851928711e-5,9.899139404296875e-4,0.9990100860595703,0.9988083839416504,0.0011916160583496094,-0.15395295012592902,0.15395295012592902,-0.38929802247481715,0.38929802247481715,NA,NA,NA,NA,NA,NA,NA,NA,NA,NA,NA,NA,0,0,0,0,0,0,0,0,0,0,0,0,0,0,0,0,0,0,0,0,0,0,0,0,1,0,0,0,0,0,0,0,1,0,0,0,0,0,0,0,0,0,0,0,0,0,0,0,0,0,0,NA,NA,NA,NA,NA,NA,00-0015523,D.Staley,2,NA,NA,NA,NA,NA,NA,NA,NA,NA,NA,NA,NA,NA,NA,NA,NA,NA,NA,NA,NA,NA,NA,NA,NA,NA,NA,NA,NA,NA,NA,NA,NA,NA,NA,NA,NA,NA,NA,NA,NA,NA,NA,SF,NA,00-0020664,NA,B.Moore,NA,NA,NA,NA,NA,NA,NA,NA,NA,NA,NA,NA,NA,0,NA,NA,NA,NA,NA,NA,NA,NA,NA,NA,NA,NA,NA,NA,NA,NA,NA,NA,NA,NA,NA,NA,NA,NA,NA,NA,NA,NA,NA,NA,NA,0,NA,NA,NA,NA,0,NA,NA,0,0,0,0,NA,NA,2002,NA,NA,56,0,Punt,4027,21:00:00,21:20:34,3COM Park,"Clear skies Temp: 64° F, Humidity: 28%, Wind: SE 8 mph",10160000-0182-69e4-1c08-4240bfea771a,0,0,RUSH,0,NA,NA,SF 31,23,Punt,NA,3,0:31,0,0,0,4,4,0,DOWNS,PUNT,05:22,04:51,SF 33,SF 31,4027,4157,38,17,Home,-21,55,7,37.5,0,outdoors,grass,64,8,Steve Mariucci,Andy Reid,SFO00,3Com Park,0,0,NA,NA,D.Staley,22,NA,NA,0,1,0,0,1,NA,00-0015523,NA,D.Staley,22,00-0015523,D.Staley,00-0015523,D.Staley,00-0015523,0,1,-0.2479710227344185,NA,NA,NA,NA,NA,NA,NA,NA,NA,NA,NA,NA,NA,NA,NA,NA,NA,Andy Reid,Steve Mariucci,5:22,NA,NA,Other,NA,NA,NA,NA,NA,NA,NA,NA
4064,2002_12_PHI_SF,2002112500,SF,PHI,REG,12,NA,NA,NA,NA,NA,2002-11-25,316,316,316,Half2,0,23,0,4,NA,0,05:16,SF 31,0,2,Timeout #1 by SF at 05:16.,no_play,0,0,0,0,0,0,0,NA,NA,NA,NA,NA,NA,NA,NA,NA,NA,2,2,1,SF,NA,NA,NA,NA,NA,17,38,NA,NA,NA,NA,NA,NA,0,0,0,0,0,0,0,0,0,2.914774203323759,-0,-29.0949832928822,29.0949832928822,1.445802879112307,-1.445802879112307,-23.002194693867565,23.002194693867565,NA,NA,NA,NA,NA,NA,NA,NA,NA,NA,NA,NA,0.9990100860595703,9.899139404296875e-4,9.899139404296875e-4,0.9990100860595703,-0,-0,0,NA,NA,0.9987136125564575,0.0012863874435424805,-0.15395295012592902,0.15395295012592902,-0.38929802247481715,0.38929802247481715,NA,NA,NA,NA,NA,NA,NA,NA,NA,NA,NA,NA,0,0,0,0,0,0,0,0,0,0,0,0,0,0,0,0,0,0,0,0,0,0,0,0,0,0,0,0,0,0,0,0,0,0,0,0,0,0,0,0,0,0,0,0,0,0,0,0,0,0,0,NA,NA,NA,NA,NA,NA,NA,NA,NA,NA,NA,NA,NA,NA,NA,NA,NA,NA,NA,NA,NA,NA,NA,NA,NA,NA,NA,NA,NA,NA,NA,NA,NA,NA,NA,NA,NA,NA,NA,NA,NA,NA,NA,NA,NA,NA,NA,NA,NA,NA,NA,NA,NA,NA,NA,NA,NA,NA,NA,NA,NA,NA,NA,NA,NA,NA,NA,NA,NA,0,NA,NA,NA,NA,NA,NA,NA,NA,NA,NA,NA,NA,NA,NA,NA,NA,NA,NA,NA,NA,NA,NA,NA,NA,NA,NA,NA,NA,NA,NA,NA,0,NA,NA,NA,NA,0,NA,NA,0,0,0,0,NA,NA,2002,NA,NA,56,0,Punt,4064,21:00:00,21:21:11,3COM Park,"Clear skies Temp: 64° F, Humidity: 28%, Wind: SE 8 mph",10160000-0182-69e4-1c08-4240bfea771a,0,0,TIMEOUT,0,NA,NA,NA,23,Punt,NA,3,0:31,0,0,0,4,4,0,DOWNS,PUNT,05:22,04:51,SF 33,SF 31,4027,4157,38,17,Home,-21,55,7,37.5,0,outdoors,grass,64,8,Steve Mariucci,Andy Reid,SFO00,3Com Park,0,0,NA,NA,NA,NA,NA,NA,0,0,0,0,0,NA,NA,NA,NA,NA,NA,NA,NA,NA,NA,0,1,-0,NA,NA,NA,NA,NA,NA,NA,NA,NA,NA,NA,NA,NA,NA,NA,NA,NA,Andy Reid,Steve Mariucci,5:16,NA,NA,Other,NA,NA,NA,NA,NA,NA,NA,NA
4081,2002_12_PHI_SF,2002112500,SF,PHI,REG,12,PHI,away,SF,SF,31,2002-11-25,316,316,316,Half2,0,23,0,4,2,0,05:16,SF 31,8,2,"(5:16) 22-D.Staley right end to SF 31 for no gain (91-C.Okeafor, 53-J.Ulbrich).",run,0,0,0,0,0,0,0,NA,NA,NA,NA,right,end,NA,NA,NA,NA,2,2,0,NA,NA,NA,NA,2,2,17,38,38,17,21,38,17,21,0.18023525178432465,0.04579021781682968,5.352379521355033e-4,0.06793016195297241,0.35145634412765503,8.02476133685559e-4,0.3532503545284271,0,0,2.914774203323759,-0.6280673465225846,-28.466915946359617,28.466915946359617,2.0738702256348915,-2.0738702256348915,-23.002194693867565,23.002194693867565,NA,NA,NA,NA,NA,NA,NA,NA,NA,NA,NA,NA,0.9990100860595703,9.899139404296875e-4,9.899139404296875e-4,0.9990100860595703,1.150965690612793e-4,-0.00017404556274414062,0.00017404556274414062,8.748173713684082e-4,0.9991251826286316,0.9987136125564575,0.0012863874435424805,-0.1540680466949903,0.1540680466949903,-0.38929802247481715,0.38929802247481715,NA,NA,NA,NA,NA,NA,NA,NA,NA,NA,NA,NA,0,0,0,0,0,0,0,0,0,0,0,0,0,0,0,0,0,0,0,0,0,0,0,0,0,0,0,0,0,0,0,0,1,0,0,0,0,0,0,0,0,0,0,0,0,0,1,0,0,0,0,NA,NA,NA,NA,NA,NA,00-0015523,D.Staley,0,NA,NA,NA,NA,NA,NA,NA,NA,NA,NA,NA,NA,NA,NA,NA,NA,NA,NA,NA,NA,NA,NA,NA,NA,NA,NA,NA,NA,NA,NA,NA,NA,NA,NA,NA,NA,NA,NA,NA,NA,NA,NA,NA,NA,NA,NA,NA,NA,00-0019586,J.Ulbrich,SF,NA,NA,NA,NA,NA,NA,NA,NA,NA,1,00-0012333,C.Okeafor,SF,NA,NA,NA,NA,NA,NA,NA,NA,NA,NA,NA,NA,NA,NA,NA,NA,NA,NA,NA,NA,NA,NA,NA,NA,NA,NA,NA,NA,0,NA,NA,NA,NA,0,NA,NA,0,0,0,0,NA,NA,2002,NA,NA,56,0,Punt,4081,21:00:00,21:21:41,3COM Park,"Clear skies Temp: 64° F, Humidity: 28%, Wind: SE 8 mph",10160000-0182-69e4-1c08-4240bfea771a,0,0,RUSH,0,NA,NA,SF 31,23,Punt,NA,3,0:31,0,0,0,4,4,0,DOWNS,PUNT,05:22,04:51,SF 33,SF 31,4027,4157,38,17,Home,-21,55,7,37.5,0,outdoors,grass,64,8,Steve Mariucci,Andy Reid,SFO00,3Com Park,0,0,NA,NA,D.Staley,22,NA,NA,0,1,0,0,1,NA,00-0015523,NA,D.Staley,22,00-0015523,D.Staley,00-0015523,D.Staley,00-0015523,0,1,-0.6280673465225846,NA,NA,NA,NA,NA,NA,NA,NA,NA,NA,NA,NA,NA,NA,NA,NA,NA,Andy Reid,Steve Mariucci,5:16,NA,NA,Other,NA,NA,NA,NA,NA,NA,NA,NA
4102,2002_12_PHI_SF,2002112500,SF,PHI,REG,12,NA,NA,NA,NA,NA,2002-11-25,307,307,307,Half2,0,23,0,4,NA,0,05:07,SF 31,0,2,Timeout #2 by SF at 05:07.,no_play,0,0,0,0,0,0,0,NA,NA,NA,NA,NA,NA,NA,NA,NA,NA,1,2,1,SF,NA,NA,NA,NA,NA,17,38,NA,NA,NA,NA,NA,NA,0,0,0,0,0,0,0,0,0,2.2867068568011746,-0,-28.466915946359617,28.466915946359617,2.0738702256348915,-2.0738702256348915,-23.002194693867565,23.002194693867565,NA,NA,NA,NA,NA,NA,NA,NA,NA,NA,NA,NA,0.9991251826286316,8.748173713684082e-4,8.748173713684082e-4,0.9991251826286316,-0,-0,0,NA,NA,0.9985395669937134,0.001460433006286621,-0.1540680466949903,0.1540680466949903,-0.38929802247481715,0.38929802247481715,NA,NA,NA,NA,NA,NA,NA,NA,NA,NA,NA,NA,0,0,0,0,0,0,0,0,0,0,0,0,0,0,0,0,0,0,0,0,0,0,0,0,0,0,0,0,0,0,0,0,0,0,0,0,0,0,0,0,0,0,0,0,0,0,0,0,0,0,0,NA,NA,NA,NA,NA,NA,NA,NA,NA,NA,NA,NA,NA,NA,NA,NA,NA,NA,NA,NA,NA,NA,NA,NA,NA,NA,NA,NA,NA,NA,NA,NA,NA,NA,NA,NA,NA,NA,NA,NA,NA,NA,NA,NA,NA,NA,NA,NA,NA,NA,NA,NA,NA,NA,NA,NA,NA,NA,NA,NA,NA,NA,NA,NA,NA,NA,NA,NA,NA,0,NA,NA,NA,NA,NA,NA,NA,NA,NA,NA,NA,NA,NA,NA,NA,NA,NA,NA,NA,NA,NA,NA,NA,NA,NA,NA,NA,NA,NA,NA,NA,0,NA,NA,NA,NA,0,NA,NA,0,0,0,0,NA,NA,2002,NA,NA,56,0,Punt,4102,21:00:00,21:22:21,3COM Park,"Clear skies Temp: 64° F, Humidity: 28%, Wind: SE 8 mph",10160000-0182-69e4-1c08-4240bfea771a,0,0,TIMEOUT,0,NA,NA,NA,23,Punt,NA,3,0:31,0,0,0,4,4,0,DOWNS,PUNT,05:22,04:51,SF 33,SF 31,4027,4157,38,17,Home,-21,55,7,37.5,0,outdoors,grass,64,8,Steve Mariucci,Andy Reid,SFO00,3Com Park,0,0,NA,NA,NA,NA,NA,NA,0,0,0,0,0,NA,NA,NA,NA,NA,NA,NA,NA,NA,NA,0,1,-0,NA,NA,NA,NA,NA,NA,NA,NA,NA,NA,NA,NA,NA,NA,NA,NA,NA,Andy Reid,Steve Mariucci,5:07,NA,NA,Other,NA,NA,NA,NA,NA,NA,NA,NA
4119,2002_12_PHI_SF,2002112500,SF,PHI,REG,12,PHI,away,SF,SF,31,2002-11-25,307,307,307,Half2,0,23,0,4,3,0,05:07,SF 31,8,2,(5:07) 80-J.Thrash left end to SF 31 for no gain (36-J.Webster).,run,0,0,0,0,0,0,0,NA,NA,NA,NA,left,end,NA,NA,NA,NA,1,2,0,NA,NA,NA,NA,2,1,17,38,38,17,21,38,17,21,0.19723334908485413,0.05694568529725075,6.886166520416737e-4,0.08454865217208862,0.392242431640625,8.709488320164382e-4,0.2674703598022461,0,0,2.2867068568011746,-1.772037494694814,-26.694878451664803,26.694878451664803,3.8459077203297056,-3.8459077203297056,-23.002194693867565,23.002194693867565,NA,NA,NA,NA,NA,NA,NA,NA,NA,NA,NA,NA,0.9991251826286316,8.748173713684082e-4,8.748173713684082e-4,0.9991251826286316,-9.47117805480957e-5,-8.296966552734375e-5,8.296966552734375e-5,9.695291519165039e-4,0.9990304708480835,0.9985395669937134,0.001460433006286621,-0.1539733349144422,0.1539733349144422,-0.38929802247481715,0.38929802247481715,NA,NA,NA,NA,NA,NA,NA,NA,NA,NA,NA,NA,0,0,0,0,0,1,0,0,0,0,0,0,0,0,0,0,0,0,0,0,0,0,0,0,1,0,0,0,0,0,0,0,1,0,0,0,0,0,0,0,0,0,0,0,0,0,0,0,0,0,0,NA,NA,NA,NA,NA,NA,00-0016440,J.Thrash,0,NA,NA,NA,NA,NA,NA,NA,NA,NA,NA,NA,NA,NA,NA,NA,NA,NA,NA,NA,NA,NA,NA,NA,NA,NA,NA,NA,NA,NA,NA,NA,NA,NA,NA,NA,NA,NA,NA,NA,NA,NA,NA,SF,NA,00-0019653,NA,J.Webster,NA,NA,NA,NA,NA,NA,NA,NA,NA,NA,NA,NA,NA,0,NA,NA,NA,NA,NA,NA,NA,NA,NA,NA,NA,NA,NA,NA,NA,NA,NA,NA,NA,NA,NA,NA,NA,NA,NA,NA,NA,NA,NA,NA,NA,0,NA,NA,NA,NA,0,NA,NA,0,0,0,0,NA,NA,2002,NA,NA,56,0,Punt,4119,21:00:00,21:22:47,3COM Park,"Clear skies Temp: 64° F, Humidity: 28%, Wind: SE 8 mph",10160000-0182-69e4-1c08-4240bfea771a,0,0,RUSH,0,NA,NA,SF 31,23,Punt,NA,3,0:31,0,0,0,4,4,0,DOWNS,PUNT,05:22,04:51,SF 33,SF 31,4027,4157,38,17,Home,-21,55,7,37.5,0,outdoors,grass,64,8,Steve Mariucci,Andy Reid,SFO00,3Com Park,0,0,NA,NA,J.Thrash,80,NA,NA,0,1,0,0,1,NA,00-0016440,NA,J.Thrash,80,00-0016440,J.Thrash,00-0016440,J.Thrash,00-0016440,0,1,-1.772037494694814,NA,NA,NA,NA,NA,NA,NA,NA,NA,NA,NA,NA,NA,NA,NA,NA,NA,Andy Reid,Steve Mariucci,5:07,NA,NA,Other,NA,NA,NA,NA,NA,NA,NA,NA
4140,2002_12_PHI_SF,2002112500,SF,PHI,REG,12,NA,NA,NA,NA,NA,2002-11-25,299,299,299,Half2,0,23,0,4,NA,0,04:59,SF 31,0,2,Timeout #3 by SF at 04:59.,no_play,0,0,0,0,0,0,0,NA,NA,NA,NA,NA,NA,NA,NA,NA,NA,0,2,1,SF,NA,NA,NA,NA,NA,17,38,NA,NA,NA,NA,NA,NA,0,0,0,0,0,0,0,0,0,0.5146693621063605,-0,-26.694878451664803,26.694878451664803,3.8459077203297056,-3.8459077203297056,-23.002194693867565,23.002194693867565,NA,NA,NA,NA,NA,NA,NA,NA,NA,NA,NA,NA,0.9990304708480835,9.695291519165039e-4,9.695291519165039e-4,0.9990304708480835,-0,-0,0,NA,NA,0.998456597328186,0.0015434026718139648,-0.1539733349144422,0.1539733349144422,-0.38929802247481715,0.38929802247481715,NA,NA,NA,NA,NA,NA,NA,NA,NA,NA,NA,NA,0,0,0,0,0,0,0,0,0,0,0,0,0,0,0,0,0,0,0,0,0,0,0,0,0,0,0,0,0,0,0,0,0,0,0,0,0,0,0,0,0,0,0,0,0,0,0,0,0,0,0,NA,NA,NA,NA,NA,NA,NA,NA,NA,NA,NA,NA,NA,NA,NA,NA,NA,NA,NA,NA,NA,NA,NA,NA,NA,NA,NA,NA,NA,NA,NA,NA,NA,NA,NA,NA,NA,NA,NA,NA,NA,NA,NA,NA,NA,NA,NA,NA,NA,NA,NA,NA,NA,NA,NA,NA,NA,NA,NA,NA,NA,NA,NA,NA,NA,NA,NA,NA,NA,0,NA,NA,NA,NA,NA,NA,NA,NA,NA,NA,NA,NA,NA,NA,NA,NA,NA,NA,NA,NA,NA,NA,NA,NA,NA,NA,NA,NA,NA,NA,NA,0,NA,NA,NA,NA,0,NA,NA,0,0,0,0,NA,NA,2002,NA,NA,56,0,Punt,4140,21:00:00,21:23:19,3COM Park,"Clear skies Temp: 64° F, Humidity: 28%, Wind: SE 8 mph",10160000-0182-69e4-1c08-4240bfea771a,0,0,TIMEOUT,0,NA,NA,NA,23,Punt,NA,3,0:31,0,0,0,4,4,0,DOWNS,PUNT,05:22,04:51,SF 33,SF 31,4027,4157,38,17,Home,-21,55,7,37.5,0,outdoors,grass,64,8,Steve Mariucci,Andy Reid,SFO00,3Com Park,0,0,NA,NA,NA,NA,NA,NA,0,0,0,0,0,NA,NA,NA,NA,NA,NA,NA,NA,NA,NA,0,1,-0,NA,NA,NA,NA,NA,NA,NA,NA,NA,NA,NA,NA,NA,NA,NA,NA,NA,Andy Reid,Steve Mariucci,4:59,NA,NA,Other,NA,NA,NA,NA,NA,NA,NA,NA
4157,2002_12_PHI_SF,2002112500,SF,PHI,REG,12,PHI,away,SF,SF,31,2002-11-25,299,299,299,Half2,0,23,0,4,4,0,04:59,SF 31,8,2,"(4:59) 7-S.Landeta punts 26 yards to SF 5, Center-88-M.Bartrum, downed by PHI-82-D.Douglas.",punt,0,0,0,0,0,0,0,NA,NA,NA,NA,NA,NA,NA,26,NA,NA,0,2,0,NA,NA,NA,NA,2,0,17,38,38,17,21,38,17,21,0.33028674125671387,0.06861968338489532,9.629455744288862e-4,0.1402553766965866,0.3776954710483551,8.205890189856291e-4,0.08135919272899628,0,0,0.5146693621063605,-0.4609387927921489,-26.233939658872654,26.233939658872654,3.8459077203297056,-3.8459077203297056,-23.002194693867565,23.002194693867565,NA,NA,NA,NA,NA,NA,NA,NA,NA,NA,NA,NA,0.9990304708480835,9.695291519165039e-4,9.695291519165039e-4,0.9990304708480835,-2.2169924341142178e-4,0.0011119057016912848,-0.0011119057016912848,0.0011912283953279257,0.9988087716046721,0.998456597328186,0.0015434026718139648,-0.1539733349144422,0.1539733349144422,-0.38929802247481715,0.38929802247481715,NA,NA,NA,NA,NA,NA,NA,NA,NA,NA,NA,NA,0,0,0,0,0,0,0,0,0,0,0,1,0,0,1,0,0,0,0,0,0,0,0,0,0,0,0,0,0,0,0,0,0,0,0,0,0,0,0,0,0,0,0,1,0,0,0,0,0,0,0,NA,NA,NA,NA,NA,NA,NA,NA,NA,NA,NA,NA,NA,NA,NA,NA,NA,NA,NA,NA,NA,NA,NA,NA,NA,NA,NA,NA,NA,00-0009584,S.Landeta,NA,NA,NA,NA,NA,NA,NA,NA,NA,NA,NA,NA,NA,NA,NA,NA,NA,NA,NA,NA,NA,NA,NA,NA,NA,NA,NA,NA,NA,NA,NA,NA,NA,NA,NA,NA,NA,NA,0,NA,NA,NA,NA,NA,NA,NA,NA,NA,NA,NA,NA,NA,NA,NA,NA,NA,NA,NA,NA,NA,NA,NA,NA,NA,NA,NA,NA,NA,NA,SF,0,NA,NA,NA,NA,0,NA,NA,0,0,0,0,NA,NA,2002,NA,NA,56,0,Punt,4157,21:00:00,21:23:53,3COM Park,"Clear skies Temp: 64° F, Humidity: 28%, Wind: SE 8 mph",10160000-0182-69e4-1c08-4240bfea771a,0,0,PUNT,1,NA,04:51,SF 5,23,Punt,NA,3,0:31,0,0,0,4,4,0,DOWNS,PUNT,05:22,04:51,SF 33,SF 31,4027,4157,38,17,Home,-21,55,7,37.5,0,outdoors,grass,64,8,Steve Mariucci,Andy Reid,SFO00,3Com Park,0,0,NA,NA,NA,NA,NA,NA,0,0,0,1,0,NA,NA,NA,NA,NA,NA,NA,NA,NA,NA,0,1,-0.4609387927921489,NA,NA,NA,NA,NA,NA,NA,NA,0.2516223454440478,0.9999018581263035,NA,NA,NA,0.9998911068078087,0.9999625689213758,NA,0.9996485891869413,Andy Reid,Steve Mariucci,4:59,NA,NA,Other,NA,25,100,NA,100,NA,100,100
4192,2002_12_PHI_SF,2002112500,SF,PHI,REG,12,SF,home,PHI,SF,95,2002-11-25,291,291,291,Half2,0,24,0,4,1,0,04:51,SF 5,10,76,(4:51) 13-T.Rattay pass incomplete to 89-T.Streets (53-H.Douglas).,pass,0,0,0,1,0,0,0,NA,NA,NA,NA,NA,NA,NA,NA,NA,NA,0,2,0,NA,NA,NA,NA,0,2,17,38,17,38,-21,17,38,-21,0.5376062989234924,0.0760708600282669,0.010775387287139893,0.15638984739780426,0.058615412563085556,0.0017759001348167658,0.1587662398815155,0,0,-0.05373056931421161,-0.3726950832642615,-26.606634742136915,26.606634742136915,3.8459077203297056,-3.8459077203297056,-23.374889777131827,23.374889777131827,NA,NA,NA,NA,NA,NA,NA,NA,NA,NA,NA,NA,0.0011912283953279257,0.9988087716046721,0.0011912283953279257,0.9988087716046721,-1.0169821325689554e-4,-5.753792356699705e-5,-5.753792356699705e-5,0.0010895301820710301,0.998910469817929,4.3149697012268007e-4,4.3149697012268007e-4,-0.1539733349144422,0.1539733349144422,-0.38939972068807405,0.38939972068807405,NA,NA,NA,NA,NA,NA,NA,NA,NA,NA,NA,NA,0,0,0,0,0,0,0,0,1,0,0,0,0,0,0,0,0,0,0,0,0,0,0,0,0,0,0,0,0,0,0,0,0,1,0,0,0,0,0,0,0,0,0,0,0,0,0,0,0,0,0,00-0019623,T.Rattay,NA,00-0015811,T.Streets,NA,NA,NA,NA,NA,NA,NA,NA,NA,NA,NA,NA,NA,NA,NA,NA,NA,NA,NA,NA,NA,NA,NA,NA,NA,NA,NA,NA,NA,NA,NA,NA,NA,NA,NA,NA,NA,NA,NA,NA,NA,NA,NA,NA,NA,NA,NA,NA,NA,NA,NA,NA,NA,NA,NA,NA,NA,NA,NA,NA,NA,NA,NA,NA,0,NA,NA,NA,NA,NA,NA,00-0004470,H.Douglas,NA,NA,NA,NA,NA,NA,NA,NA,NA,NA,NA,NA,NA,NA,NA,NA,NA,NA,NA,NA,NA,NA,NA,0,NA,NA,NA,NA,0,NA,NA,0,0,0,0,NA,NA,2002,NA,NA,57,1,First down,4192,21:00:00,21:24:50,3COM Park,"Clear skies Temp: 64° F, Humidity: 28%, Wind: SE 8 mph",10160000-0182-69e4-1c08-4240bfea771a,0,0,PASS,0,NA,NA,SF 5,24,Turnover on downs,NA,15,4:01,4,1,0,4,4,0,PUNT,DOWNS,04:51,00:50,SF 5,PHI 19,4192,4498,38,17,Home,-21,55,7,37.5,0,outdoors,grass,64,8,Steve Mariucci,Andy Reid,SFO00,3Com Park,0,0,T.Rattay,13,NA,NA,T.Streets,89,1,0,0,0,1,00-0019623,NA,00-0015811,T.Rattay,13,00-0019623,T.Streets,00-0015811,T.Streets,00-0015811,0,1,-0.3726950832642615,NA,NA,NA,NA,NA,NA,NA,NA,NA,NA,NA,NA,NA,NA,NA,NA,NA,Andy Reid,Steve Mariucci,4:51,NA,NA,Other,NA,NA,NA,NA,NA,NA,NA,NA
4211,2002_12_PHI_SF,2002112500,SF,PHI,REG,12,SF,home,PHI,SF,95,2002-11-25,286,286,286,Half2,0,24,0,4,2,0,04:46,SF 5,10,76,"(4:46) 27-P.Smith left guard to SF 18 for 13 yards (32-M.Lewis, 39-S.Brown).",run,13,0,0,0,0,0,0,NA,NA,NA,NA,left,guard,NA,NA,NA,NA,0,2,0,NA,NA,NA,NA,0,2,17,38,17,38,-21,17,38,-21,0.5140071511268616,0.09367527812719345,0.012205194681882858,0.183058500289917,0.05257762223482132,0.001729312352836132,0.1427469402551651,0,0,-0.4264256525784731,1.0818635048344731,-25.524771237302442,25.524771237302442,4.927771225164179,-4.927771225164179,-23.374889777131827,23.374889777131827,NA,NA,NA,NA,NA,NA,NA,NA,NA,NA,NA,NA,0.0010895301820710301,0.998910469817929,0.0010895301820710301,0.998910469817929,7.79804540798068e-5,1.4976595412008464e-4,1.4976595412008464e-4,0.001167510636150837,0.9988324893638492,3.73959046555683e-4,3.73959046555683e-4,-0.1538953544603624,0.1538953544603624,-0.38939972068807405,0.38939972068807405,NA,NA,NA,NA,NA,NA,NA,NA,NA,NA,NA,NA,0,1,0,0,0,0,0,0,0,0,0,0,0,0,0,0,0,0,0,0,0,0,0,0,0,0,0,0,0,0,0,0,1,0,0,0,0,0,0,0,0,0,0,0,0,0,1,0,0,0,0,NA,NA,NA,NA,NA,NA,00-0019673,P.Smith,13,NA,NA,NA,NA,NA,NA,NA,NA,NA,NA,NA,NA,NA,NA,NA,NA,NA,NA,NA,NA,NA,NA,NA,NA,NA,NA,NA,NA,NA,NA,NA,NA,NA,NA,NA,NA,NA,NA,NA,NA,NA,NA,NA,NA,NA,NA,NA,NA,00-0021186,S.Brown,PHI,NA,NA,NA,NA,NA,NA,NA,NA,NA,1,00-0021185,M.Lewis,PHI,NA,NA,NA,NA,NA,NA,NA,NA,NA,NA,NA,NA,NA,NA,NA,NA,NA,NA,NA,NA,NA,NA,NA,NA,NA,NA,NA,NA,0,NA,NA,NA,NA,0,NA,NA,0,0,0,0,NA,NA,2002,NA,NA,57,1,First down,4211,21:00:00,21:25:28,3COM Park,"Clear skies Temp: 64° F, Humidity: 28%, Wind: SE 8 mph",10160000-0182-69e4-1c08-4240bfea771a,0,0,RUSH,0,NA,NA,SF 18,24,Turnover on downs,NA,15,4:01,4,1,0,4,4,0,PUNT,DOWNS,04:51,00:50,SF 5,PHI 19,4192,4498,38,17,Home,-21,55,7,37.5,0,outdoors,grass,64,8,Steve Mariucci,Andy Reid,SFO00,3Com Park,0,1,NA,NA,P.Smith,27,NA,NA,0,1,1,0,1,NA,00-0019673,NA,P.Smith,27,00-0019673,P.Smith,00-0019673,P.Smith,00-0019673,0,1,1.0818635048344731,NA,NA,NA,NA,NA,NA,NA,NA,NA,NA,NA,NA,NA,NA,NA,NA,NA,Andy Reid,Steve Mariucci,4:46,NA,NA,Other,NA,NA,NA,NA,NA,NA,NA,NA
4232,2002_12_PHI_SF,2002112500,SF,PHI,REG,12,SF,home,PHI,SF,82,2002-11-25,261,261,261,Half2,0,24,0,4,1,0,04:21,SF 18,10,76,(4:21) 13-T.Rattay pass incomplete to 89-T.Streets.,pass,0,0,0,1,0,0,0,NA,NA,NA,NA,NA,NA,NA,NA,NA,NA,0,2,0,NA,NA,NA,NA,0,2,17,38,17,38,-21,17,38,-21,0.5470960736274719,0.06118813157081604,0.001738268882036209,0.1121617779135704,0.07267105579376221,0.0052829585038125515,0.19986173510551453,0,0,0.655437852256,-0.377450502011925,-25.902221739314367,25.902221739314367,4.927771225164179,-4.927771225164179,-23.752340279143752,23.752340279143752,NA,NA,NA,NA,NA,NA,NA,NA,NA,NA,NA,NA,0.001167510636150837,0.9988324893638492,0.001167510636150837,0.9988324893638492,-2.7822109404951334e-4,-9.173477883450687e-5,-9.173477883450687e-5,8.892895421013236e-4,0.9991107104578987,5.237250006757677e-4,5.237250006757677e-4,-0.1538953544603624,0.1538953544603624,-0.38967794178212356,0.38967794178212356,NA,NA,NA,NA,NA,NA,NA,NA,NA,NA,NA,NA,0,0,0,0,0,0,0,0,1,0,0,0,0,0,0,0,0,0,0,0,0,0,0,0,0,0,0,0,0,0,0,0,0,1,0,0,0,0,0,0,0,0,0,0,0,0,0,0,0,0,0,00-0019623,T.Rattay,NA,00-0015811,T.Streets,NA,NA,NA,NA,NA,NA,NA,NA,NA,NA,NA,NA,NA,NA,NA,NA,NA,NA,NA,NA,NA,NA,NA,NA,NA,NA,NA,NA,NA,NA,NA,NA,NA,NA,NA,NA,NA,NA,NA,NA,NA,NA,NA,NA,NA,NA,NA,NA,NA,NA,NA,NA,NA,NA,NA,NA,NA,NA,NA,NA,NA,NA,NA,NA,0,NA,NA,NA,NA,NA,NA,NA,NA,NA,NA,NA,NA,NA,NA,NA,NA,NA,NA,NA,NA,NA,NA,NA,NA,NA,NA,NA,NA,NA,NA,NA,0,NA,NA,NA,NA,0,NA,NA,0,0,0,0,NA,NA,2002,NA,NA,58,1,First down,4232,21:00:00,21:25:54,3COM Park,"Clear skies Temp: 64° F, Humidity: 28%, Wind: SE 8 mph",10160000-0182-69e4-1c08-4240bfea771a,0,0,PASS,0,NA,NA,SF 18,24,Turnover on downs,NA,15,4:01,4,1,0,4,4,0,PUNT,DOWNS,04:51,00:50,SF 5,PHI 19,4192,4498,38,17,Home,-21,55,7,37.5,0,outdoors,grass,64,8,Steve Mariucci,Andy Reid,SFO00,3Com Park,0,0,T.Rattay,13,NA,NA,T.Streets,89,1,0,0,0,1,00-0019623,NA,00-0015811,T.Rattay,13,00-0019623,T.Streets,00-0015811,T.Streets,00-0015811,0,1,-0.377450502011925,NA,NA,NA,NA,NA,NA,NA,NA,NA,NA,NA,NA,NA,NA,NA,NA,NA,Andy Reid,Steve Mariucci,4:21,NA,NA,Other,NA,NA,NA,NA,NA,NA,NA,NA
4250,2002_12_PHI_SF,2002112500,SF,PHI,REG,12,SF,home,PHI,SF,82,2002-11-25,254,254,254,Half2,0,24,0,4,2,0,04:14,SF 18,10,76,(4:14) 13-T.Rattay pass to 83-J.Stokes to SF 20 for 2 yards (31-A.Harris).,pass,2,0,0,1,0,0,0,NA,NA,NA,NA,NA,NA,NA,NA,NA,NA,0,2,0,NA,NA,NA,NA,0,2,17,38,17,38,-21,17,38,-21,0.5477453470230103,0.07263250648975372,0.0018235023599117994,0.13254526257514954,0.06579998135566711,0.005245027132332325,0.1742083877325058,0,0,0.27798735024407506,-0.3549796771258116,-26.25720141644018,26.25720141644018,4.927771225164179,-4.927771225164179,-24.107319956269563,24.107319956269563,NA,NA,NA,NA,NA,NA,NA,NA,NA,NA,NA,NA,8.892895421013236e-4,0.9991107104578987,8.892895421013236e-4,0.9991107104578987,-2.587592462077737e-5,-2.9282760806381702e-5,-2.9282760806381702e-5,8.634136174805462e-4,0.9991365863825195,4.319902218412608e-4,4.319902218412608e-4,-0.1538953544603624,0.1538953544603624,-0.38970381770674434,0.38970381770674434,NA,NA,NA,NA,NA,NA,NA,NA,NA,NA,NA,NA,0,0,0,0,0,0,0,0,0,0,0,0,0,0,0,0,0,0,0,0,0,0,0,0,1,0,0,0,0,0,0,0,0,1,0,0,0,0,0,0,0,0,0,0,0,1,0,0,0,0,0,00-0019623,T.Rattay,2,00-0015751,J.Stokes,2,NA,NA,NA,NA,NA,NA,NA,NA,NA,NA,NA,NA,NA,NA,NA,NA,NA,NA,NA,NA,NA,NA,NA,NA,NA,NA,NA,NA,NA,NA,NA,NA,NA,NA,NA,NA,NA,NA,NA,NA,NA,NA,NA,NA,NA,PHI,NA,00-0006915,NA,A.Harris,NA,NA,NA,NA,NA,NA,NA,NA,NA,NA,NA,NA,NA,0,NA,NA,NA,NA,NA,NA,NA,NA,NA,NA,NA,NA,NA,NA,NA,NA,NA,NA,NA,NA,NA,NA,NA,NA,NA,NA,NA,NA,NA,NA,NA,0,NA,NA,NA,NA,0,NA,NA,0,0,0,0,NA,NA,2002,NA,NA,58,1,First down,4250,21:00:00,21:26:40,3COM Park,"Clear skies Temp: 64° F, Humidity: 28%, Wind: SE 8 mph",10160000-0182-69e4-1c08-4240bfea771a,0,0,PASS,0,NA,NA,SF 20,24,Turnover on downs,NA,15,4:01,4,1,0,4,4,0,PUNT,DOWNS,04:51,00:50,SF 5,PHI 19,4192,4498,38,17,Home,-21,55,7,37.5,0,outdoors,grass,64,8,Steve Mariucci,Andy Reid,SFO00,3Com Park,0,0,T.Rattay,13,NA,NA,J.Stokes,83,1,0,0,0,1,00-0019623,NA,00-0015751,T.Rattay,13,00-0019623,J.Stokes,00-0015751,J.Stokes,00-0015751,0,1,-0.3549796771258116,NA,NA,NA,NA,NA,NA,NA,NA,NA,NA,NA,NA,NA,NA,NA,NA,NA,Andy Reid,Steve Mariucci,4:14,NA,NA,Other,NA,NA,NA,NA,NA,NA,NA,NA
4275,2002_12_PHI_SF,2002112500,SF,PHI,REG,12,SF,home,PHI,SF,80,2002-11-25,249,249,249,Half2,0,24,0,4,3,0,04:09,SF 20,8,76,(4:09) 13-T.Rattay pass to 27-P.Smith to SF 25 for 5 yards (26-L.Sheppard). Caught at SF 21.,pass,5,0,0,1,0,0,0,NA,NA,NA,NA,NA,NA,NA,NA,NA,NA,0,2,0,NA,NA,NA,NA,0,2,17,38,17,38,-21,17,38,-21,0.5587758421897888,0.08239497989416122,0.0014780021738260984,0.1458057463169098,0.06533198058605194,0.0051402077078819275,0.14107321202754974,0,0,-0.07699232688173652,-0.3170433121267706,-26.57424472856695,26.57424472856695,4.927771225164179,-4.927771225164179,-24.424363268396334,24.424363268396334,NA,NA,NA,NA,NA,NA,NA,NA,NA,NA,NA,NA,8.634136174805462e-4,0.9991365863825195,8.634136174805462e-4,0.9991365863825195,1.2436561519280076e-4,-1.0001525515690446e-4,-1.0001525515690446e-4,9.87779232673347e-4,0.9990122207673267,4.027074610348791e-4,4.027074610348791e-4,-0.1538953544603624,0.1538953544603624,-0.38957945209155154,0.38957945209155154,NA,NA,NA,NA,NA,NA,NA,NA,NA,NA,NA,NA,0,0,0,0,0,1,0,0,0,0,0,0,0,0,0,0,0,0,0,0,0,0,0,0,1,0,0,0,0,0,0,0,0,1,0,0,0,0,0,0,0,0,0,0,0,1,0,0,0,0,0,00-0019623,T.Rattay,5,00-0019673,P.Smith,5,NA,NA,NA,NA,NA,NA,NA,NA,NA,NA,NA,NA,NA,NA,NA,NA,NA,NA,NA,NA,NA,NA,NA,NA,NA,NA,NA,NA,NA,NA,NA,NA,NA,NA,NA,NA,NA,NA,NA,NA,NA,NA,NA,NA,NA,PHI,NA,00-0021157,NA,L.Sheppard,NA,NA,NA,NA,NA,NA,NA,NA,NA,NA,NA,NA,NA,0,NA,NA,NA,NA,NA,NA,NA,NA,NA,NA,NA,NA,NA,NA,NA,NA,NA,NA,NA,NA,NA,NA,NA,NA,NA,NA,NA,NA,NA,NA,NA,0,NA,NA,NA,NA,0,NA,NA,0,0,0,0,NA,NA,2002,NA,NA,58,1,First down,4275,21:00:00,21:27:19,3COM Park,"Clear skies Temp: 64° F, Humidity: 28%, Wind: SE 8 mph",10160000-0182-69e4-1c08-4240bfea771a,0,0,PASS,0,NA,NA,SF 25,24,Turnover on downs,NA,15,4:01,4,1,0,4,4,0,PUNT,DOWNS,04:51,00:50,SF 5,PHI 19,4192,4498,38,17,Home,-21,55,7,37.5,0,outdoors,grass,64,8,Steve Mariucci,Andy Reid,SFO00,3Com Park,0,0,T.Rattay,13,NA,NA,P.Smith,27,1,0,0,0,1,00-0019623,NA,00-0019673,T.Rattay,13,00-0019623,P.Smith,00-0019673,P.Smith,00-0019673,0,1,-0.3170433121267706,NA,NA,NA,NA,NA,NA,NA,NA,NA,NA,NA,NA,NA,NA,NA,NA,NA,Andy Reid,Steve Mariucci,4:09,NA,NA,Other,NA,NA,NA,NA,NA,NA,NA,NA
4300,2002_12_PHI_SF,2002112500,SF,PHI,REG,12,SF,home,PHI,SF,75,2002-11-25,206,206,206,Half2,0,24,0,4,4,0,03:26,SF 25,3,76,"(3:26) 13-T.Rattay pass to 81-T.Owens to SF 32 for 7 yards (58-I.Reese, 26-L.Sheppard).",pass,7,0,0,1,0,0,0,NA,NA,NA,NA,NA,NA,NA,NA,NA,NA,0,2,0,NA,NA,NA,NA,0,2,17,38,17,38,-21,17,38,-21,0.602409839630127,0.09529202431440353,0.001254127244465053,0.14378269016742706,0.043646350502967834,0.005083315074443817,0.10853169113397598,0,0,-0.39403563900850713,1.7884589339373633,-24.785785794629586,24.785785794629586,4.927771225164179,-4.927771225164179,-22.63590433445897,22.63590433445897,NA,NA,NA,NA,NA,NA,NA,NA,NA,NA,NA,NA,9.87779232673347e-4,0.9990122207673267,9.87779232673347e-4,0.9990122207673267,-2.435874193906784e-6,1.1929785250686109e-4,1.1929785250686109e-4,9.853433584794402e-4,0.9990146566415206,3.0269220587797463e-4,3.0269220587797463e-4,-0.1538953544603624,0.1538953544603624,-0.38958188796574544,0.38958188796574544,NA,NA,NA,NA,NA,NA,NA,NA,NA,NA,NA,NA,0,0,1,0,0,0,1,0,0,0,0,0,0,0,0,0,0,0,0,0,0,0,0,0,0,0,0,0,0,0,0,0,0,1,0,0,0,0,0,0,0,0,0,0,0,1,1,0,0,0,0,00-0019623,T.Rattay,7,00-0012478,T.Owens,7,NA,NA,NA,NA,NA,NA,NA,NA,NA,NA,NA,NA,NA,NA,NA,NA,NA,NA,NA,NA,NA,NA,NA,NA,NA,NA,NA,NA,NA,NA,NA,NA,NA,NA,NA,NA,NA,NA,NA,NA,NA,NA,NA,NA,NA,NA,NA,NA,NA,NA,NA,00-0021157,L.Sheppard,PHI,NA,NA,NA,NA,NA,NA,NA,NA,NA,1,00-0013535,I.Reese,PHI,NA,NA,NA,NA,NA,NA,NA,NA,NA,NA,NA,NA,NA,NA,NA,NA,NA,NA,NA,NA,NA,NA,NA,NA,NA,NA,NA,NA,0,NA,NA,NA,NA,0,NA,NA,0,0,0,0,NA,NA,2002,NA,NA,58,1,First down,4300,21:00:00,21:28:02,3COM Park,"Clear skies Temp: 64° F, Humidity: 28%, Wind: SE 8 mph",10160000-0182-69e4-1c08-4240bfea771a,0,0,PASS,0,NA,NA,SF 32,24,Turnover on downs,NA,15,4:01,4,1,0,4,4,0,PUNT,DOWNS,04:51,00:50,SF 5,PHI 19,4192,4498,38,17,Home,-21,55,7,37.5,0,outdoors,grass,64,8,Steve Mariucci,Andy Reid,SFO00,3Com Park,0,1,T.Rattay,13,NA,NA,T.Owens,81,1,0,1,0,1,00-0019623,NA,00-0012478,T.Rattay,13,00-0019623,T.Owens,00-0012478,T.Owens,00-0012478,0,1,1.7884589339373633,NA,NA,NA,NA,NA,NA,NA,-1.3050750569496883,0.3997765198291745,0.005020659823837208,1.2076507565347957e-4,0.0030617969274312692,0,0.003863191323034698,0.024967947720142547,0.003863191323034698,0.016112547496928153,Andy Reid,Steve Mariucci,3:26,0,0,Other,0,40,1,0,2,0,2,0
4321,2002_12_PHI_SF,2002112500,SF,PHI,REG,12,SF,home,PHI,SF,68,2002-11-25,183,183,183,Half2,0,24,0,4,1,0,03:03,SF 32,10,76,(3:03) 13-T.Rattay pass incomplete to 27-P.Smith.,pass,0,0,0,1,0,0,0,NA,NA,NA,NA,NA,NA,NA,NA,NA,NA,0,2,0,NA,NA,NA,NA,0,2,17,38,17,38,-21,17,38,-21,0.5802605748176575,0.03973239287734032,6.249541766010225e-4,0.05857899412512779,0.07487613707780838,0.004238741006702185,0.24168820679187775,0,0,1.3944232949288562,-0.382343718665652,-25.168129513295238,25.168129513295238,4.927771225164179,-4.927771225164179,-23.018248053124623,23.018248053124623,NA,NA,NA,NA,NA,NA,NA,NA,NA,NA,NA,NA,9.853433584794402e-4,0.9990146566415206,9.853433584794402e-4,0.9990146566415206,-2.452786429785192e-4,-7.421235204674304e-5,-7.421235204674304e-5,7.40064715500921e-4,0.9992599352844991,4.219900583848357e-4,4.219900583848357e-4,-0.1538953544603624,0.1538953544603624,-0.38982716660872396,0.38982716660872396,NA,NA,NA,NA,NA,NA,NA,NA,NA,NA,NA,NA,0,0,0,0,0,0,0,0,1,0,0,0,0,0,0,0,0,0,0,0,0,0,0,0,0,0,0,0,0,0,0,0,0,1,0,0,0,0,0,0,0,0,0,0,0,0,0,0,0,0,0,00-0019623,T.Rattay,NA,00-0019673,P.Smith,NA,NA,NA,NA,NA,NA,NA,NA,NA,NA,NA,NA,NA,NA,NA,NA,NA,NA,NA,NA,NA,NA,NA,NA,NA,NA,NA,NA,NA,NA,NA,NA,NA,NA,NA,NA,NA,NA,NA,NA,NA,NA,NA,NA,NA,NA,NA,NA,NA,NA,NA,NA,NA,NA,NA,NA,NA,NA,NA,NA,NA,NA,NA,NA,0,NA,NA,NA,NA,NA,NA,NA,NA,NA,NA,NA,NA,NA,NA,NA,NA,NA,NA,NA,NA,NA,NA,NA,NA,NA,NA,NA,NA,NA,NA,NA,0,NA,NA,NA,NA,0,NA,NA,0,0,0,0,NA,NA,2002,NA,NA,59,1,First down,4321,21:00:00,21:28:25,3COM Park,"Clear skies Temp: 64° F, Humidity: 28%, Wind: SE 8 mph",10160000-0182-69e4-1c08-4240bfea771a,0,0,PASS,0,NA,NA,SF 32,24,Turnover on downs,NA,15,4:01,4,1,0,4,4,0,PUNT,DOWNS,04:51,00:50,SF 5,PHI 19,4192,4498,38,17,Home,-21,55,7,37.5,0,outdoors,grass,64,8,Steve Mariucci,Andy Reid,SFO00,3Com Park,0,0,T.Rattay,13,NA,NA,P.Smith,27,1,0,0,0,1,00-0019623,NA,00-0019673,T.Rattay,13,00-0019623,P.Smith,00-0019673,P.Smith,00-0019673,0,1,-0.382343718665652,NA,NA,NA,NA,NA,NA,NA,NA,NA,NA,NA,NA,NA,NA,NA,NA,NA,Andy Reid,Steve Mariucci,3:03,NA,NA,Other,NA,NA,NA,NA,NA,NA,NA,NA
4339,2002_12_PHI_SF,2002112500,SF,PHI,REG,12,SF,home,PHI,SF,68,2002-11-25,179,179,179,Half2,0,24,0,4,2,0,02:59,SF 32,10,76,(2:59) 13-T.Rattay pass to 84-C.Wilson to SF 41 for 9 yards (51-C.Emmons).,pass,9,0,0,1,0,0,0,NA,NA,NA,NA,NA,NA,NA,NA,NA,NA,0,2,0,NA,NA,NA,NA,0,2,17,38,17,38,-21,17,38,-21,0.5924813151359558,0.04933689162135124,6.721498211845756e-4,0.07384329289197922,0.07199602574110031,0.0038686045445501804,0.20780175924301147,0,0,1.0120795762632042,0.3224025263916701,-24.845726986903568,24.845726986903568,4.927771225164179,-4.927771225164179,-22.695845526732953,22.695845526732953,NA,NA,NA,NA,NA,NA,NA,NA,NA,NA,NA,NA,7.40064715500921e-4,0.9992599352844991,7.40064715500921e-4,0.9992599352844991,3.557588788680732e-4,9.877808042801917e-5,9.877808042801917e-5,0.0010958235943689942,0.998904176405631,3.477777063380927e-4,3.477777063380927e-4,-0.1538953544603624,0.1538953544603624,-0.3894714077298559,0.3894714077298559,NA,NA,NA,NA,NA,NA,NA,NA,NA,NA,NA,NA,0,0,0,0,0,0,0,0,0,0,0,0,0,0,0,0,0,0,0,0,0,0,0,0,1,0,0,0,0,0,0,0,0,1,0,0,0,0,0,0,0,0,0,0,0,1,0,0,0,0,0,00-0019623,T.Rattay,9,00-0020452,C.Wilson,9,NA,NA,NA,NA,NA,NA,NA,NA,NA,NA,NA,NA,NA,NA,NA,NA,NA,NA,NA,NA,NA,NA,NA,NA,NA,NA,NA,NA,NA,NA,NA,NA,NA,NA,NA,NA,NA,NA,NA,NA,NA,NA,NA,NA,NA,PHI,NA,00-0004901,NA,C.Emmons,NA,NA,NA,NA,NA,NA,NA,NA,NA,NA,NA,NA,NA,0,NA,NA,NA,NA,NA,NA,NA,NA,NA,NA,NA,NA,NA,NA,NA,NA,NA,NA,NA,NA,NA,NA,NA,NA,NA,NA,NA,NA,NA,NA,NA,0,NA,NA,NA,NA,0,NA,NA,0,0,0,0,NA,NA,2002,NA,NA,59,1,First down,4339,21:00:00,21:29:04,3COM Park,"Clear skies Temp: 64° F, Humidity: 28%, Wind: SE 8 mph",10160000-0182-69e4-1c08-4240bfea771a,0,0,PASS,0,NA,NA,SF 41,24,Turnover on downs,NA,15,4:01,4,1,0,4,4,0,PUNT,DOWNS,04:51,00:50,SF 5,PHI 19,4192,4498,38,17,Home,-21,55,7,37.5,0,outdoors,grass,64,8,Steve Mariucci,Andy Reid,SFO00,3Com Park,0,1,T.Rattay,13,NA,NA,C.Wilson,84,1,0,0,0,1,00-0019623,NA,00-0020452,T.Rattay,13,00-0019623,C.Wilson,00-0020452,C.Wilson,00-0020452,0,1,0.3224025263916701,NA,NA,NA,NA,NA,NA,NA,NA,NA,NA,NA,NA,NA,NA,NA,NA,NA,Andy Reid,Steve Mariucci,2:59,NA,NA,Other,NA,NA,NA,NA,NA,NA,NA,NA
4360,2002_12_PHI_SF,2002112500,SF,PHI,REG,12,SF,home,PHI,SF,59,2002-11-25,156,156,156,Half2,0,24,0,4,3,0,02:36,SF 41,1,76,"(2:36) 27-P.Smith up the middle to PHI 43 for 16 yards (58-I.Reese, 32-M.Lewis).",run,16,0,0,0,0,0,0,NA,NA,NA,NA,middle,NA,NA,NA,NA,NA,0,2,0,NA,NA,NA,NA,0,2,17,38,17,38,-21,17,38,-21,0.603503942489624,0.034152429550886154,5.97725622355938e-4,0.0509394071996212,0.08889637887477875,0.005069843027740717,0.21684026718139648,0,0,1.3344821026548743,1.095094887248706,-23.75063209965486,23.75063209965486,6.022866112412885,-6.022866112412885,-22.695845526732953,22.695845526732953,NA,NA,NA,NA,NA,NA,NA,NA,NA,NA,NA,NA,0.0010958235943689942,0.998904176405631,0.0010958235943689942,0.998904176405631,-1.5506974887102842e-4,2.185070188716054e-4,2.185070188716054e-4,9.407538454979658e-4,0.999059246154502,4.4655578676611185e-4,4.4655578676611185e-4,-0.15405042420923343,0.15405042420923343,-0.3894714077298559,0.3894714077298559,NA,NA,NA,NA,NA,NA,NA,NA,NA,NA,NA,NA,0,1,0,0,1,0,0,0,0,0,0,0,0,0,0,0,0,0,0,0,0,0,0,0,0,0,0,0,0,0,0,0,1,0,0,0,0,0,0,0,0,0,0,0,0,0,1,0,0,0,0,NA,NA,NA,NA,NA,NA,00-0019673,P.Smith,16,NA,NA,NA,NA,NA,NA,NA,NA,NA,NA,NA,NA,NA,NA,NA,NA,NA,NA,NA,NA,NA,NA,NA,NA,NA,NA,NA,NA,NA,NA,NA,NA,NA,NA,NA,NA,NA,NA,NA,NA,NA,NA,NA,NA,NA,NA,NA,NA,00-0021185,M.Lewis,PHI,NA,NA,NA,NA,NA,NA,NA,NA,NA,1,00-0013535,I.Reese,PHI,NA,NA,NA,NA,NA,NA,NA,NA,NA,NA,NA,NA,NA,NA,NA,NA,NA,NA,NA,NA,NA,NA,NA,NA,NA,NA,NA,NA,0,NA,NA,NA,NA,0,NA,NA,0,0,0,0,NA,NA,2002,NA,NA,59,1,First down,4360,21:00:00,21:29:27,3COM Park,"Clear skies Temp: 64° F, Humidity: 28%, Wind: SE 8 mph",10160000-0182-69e4-1c08-4240bfea771a,0,0,RUSH,0,NA,NA,PHI 43,24,Turnover on downs,NA,15,4:01,4,1,0,4,4,0,PUNT,DOWNS,04:51,00:50,SF 5,PHI 19,4192,4498,38,17,Home,-21,55,7,37.5,0,outdoors,grass,64,8,Steve Mariucci,Andy Reid,SFO00,3Com Park,0,1,NA,NA,P.Smith,27,NA,NA,0,1,1,0,1,NA,00-0019673,NA,P.Smith,27,00-0019673,P.Smith,00-0019673,P.Smith,00-0019673,0,1,1.095094887248706,NA,NA,NA,NA,NA,NA,NA,NA,NA,NA,NA,NA,NA,NA,NA,NA,NA,Andy Reid,Steve Mariucci,2:36,NA,NA,Other,NA,NA,NA,NA,NA,NA,NA,NA
4381,2002_12_PHI_SF,2002112500,SF,PHI,REG,12,SF,home,PHI,PHI,43,2002-11-25,136,136,136,Half2,0,24,0,4,1,0,02:16,PHI 43,10,76,(2:16) 13-T.Rattay pass to 27-P.Smith to PHI 36 for 7 yards (26-L.Sheppard).,pass,7,0,0,1,0,0,0,NA,NA,NA,NA,NA,NA,NA,NA,NA,NA,0,2,0,NA,NA,NA,NA,0,2,17,38,17,38,-21,17,38,-21,0.509648859500885,0.01593879610300064,2.61357199633494e-4,0.027035068720579147,0.11060549318790436,0.004045593086630106,0.3324648439884186,0,0,2.4295769899035804,0.2379822858783882,-23.512649813776473,23.512649813776473,6.022866112412885,-6.022866112412885,-22.457863240854564,22.457863240854564,NA,NA,NA,NA,NA,NA,NA,NA,NA,NA,NA,NA,9.407538454979658e-4,0.999059246154502,9.407538454979658e-4,0.999059246154502,1.5630386769771576e-4,2.8002774342894554e-5,2.8002774342894554e-5,0.0010970577131956816,0.9989029422868043,6.650628056377172e-4,6.650628056377172e-4,-0.15405042420923343,0.15405042420923343,-0.3893151038621582,0.3893151038621582,NA,NA,NA,NA,NA,NA,NA,NA,NA,NA,NA,NA,0,0,0,0,0,0,0,0,0,0,0,0,0,0,0,0,0,0,0,0,0,0,0,0,1,0,0,0,0,0,0,0,0,1,0,0,0,0,0,0,0,0,0,0,0,1,0,0,0,0,0,00-0019623,T.Rattay,7,00-0019673,P.Smith,7,NA,NA,NA,NA,NA,NA,NA,NA,NA,NA,NA,NA,NA,NA,NA,NA,NA,NA,NA,NA,NA,NA,NA,NA,NA,NA,NA,NA,NA,NA,NA,NA,NA,NA,NA,NA,NA,NA,NA,NA,NA,NA,NA,NA,NA,PHI,NA,00-0021157,NA,L.Sheppard,NA,NA,NA,NA,NA,NA,NA,NA,NA,NA,NA,NA,NA,0,NA,NA,NA,NA,NA,NA,NA,NA,NA,NA,NA,NA,NA,NA,NA,NA,NA,NA,NA,NA,NA,NA,NA,NA,NA,NA,NA,NA,NA,NA,NA,0,NA,NA,NA,NA,0,NA,NA,0,0,0,0,NA,NA,2002,NA,NA,60,1,First down,4381,21:00:00,21:29:48,3COM Park,"Clear skies Temp: 64° F, Humidity: 28%, Wind: SE 8 mph",10160000-0182-69e4-1c08-4240bfea771a,0,0,PASS,0,NA,NA,PHI 36,24,Turnover on downs,NA,15,4:01,4,1,0,4,4,0,PUNT,DOWNS,04:51,00:50,SF 5,PHI 19,4192,4498,38,17,Home,-21,55,7,37.5,0,outdoors,grass,64,8,Steve Mariucci,Andy Reid,SFO00,3Com Park,0,1,T.Rattay,13,NA,NA,P.Smith,27,1,0,0,0,1,00-0019623,NA,00-0019673,T.Rattay,13,00-0019623,P.Smith,00-0019673,P.Smith,00-0019673,0,1,0.2379822858783882,NA,NA,NA,NA,NA,NA,NA,NA,NA,NA,NA,NA,NA,NA,NA,NA,NA,Andy Reid,Steve Mariucci,2:16,NA,NA,Other,NA,NA,NA,NA,NA,NA,NA,NA
4419,2002_12_PHI_SF,2002112500,SF,PHI,REG,12,SF,home,PHI,PHI,36,2002-11-25,120,120,120,Half2,0,24,0,4,2,0,02:00,PHI 36,3,76,(2:00) 13-T.Rattay pass to 89-T.Streets to PHI 22 for 14 yards (32-M.Lewis).,pass,14,0,0,1,0,0,0,NA,NA,NA,NA,NA,NA,NA,NA,NA,NA,0,2,0,NA,NA,NA,NA,0,2,17,38,17,38,-21,17,38,-21,0.46817368268966675,0.016891350969672203,2.4287197447847575e-4,0.01912432350218296,0.14935240149497986,0.003795086406171322,0.3424202799797058,0,0,2.6675592757819686,1.1485488589096349,-22.36410095486684,22.36410095486684,6.022866112412885,-6.022866112412885,-21.30931438194493,21.30931438194493,NA,NA,NA,NA,NA,NA,NA,NA,NA,NA,NA,NA,0.0010970577131956816,0.9989029422868043,0.0010970577131956816,0.9989029422868043,-1.3108784332871437e-4,1.5301688108593225e-5,1.5301688108593225e-5,9.659698698669672e-4,0.999034030130133,6.930655799806118e-4,6.930655799806118e-4,-0.15405042420923343,0.15405042420923343,-0.3894461917054869,0.3894461917054869,NA,NA,NA,NA,NA,NA,NA,NA,NA,NA,NA,NA,0,0,1,0,0,0,0,0,0,0,0,0,0,0,0,0,0,0,0,0,0,0,0,0,1,0,0,0,0,0,0,0,0,1,0,0,0,0,0,0,0,0,0,0,0,1,0,0,0,0,0,00-0019623,T.Rattay,14,00-0015811,T.Streets,14,NA,NA,NA,NA,NA,NA,NA,NA,NA,NA,NA,NA,NA,NA,NA,NA,NA,NA,NA,NA,NA,NA,NA,NA,NA,NA,NA,NA,NA,NA,NA,NA,NA,NA,NA,NA,NA,NA,NA,NA,NA,NA,NA,NA,NA,PHI,NA,00-0021185,NA,M.Lewis,NA,NA,NA,NA,NA,NA,NA,NA,NA,NA,NA,NA,NA,0,NA,NA,NA,NA,NA,NA,NA,NA,NA,NA,NA,NA,NA,NA,NA,NA,NA,NA,NA,NA,NA,NA,NA,NA,NA,NA,NA,NA,NA,NA,NA,0,NA,NA,NA,NA,0,NA,NA,0,0,0,0,NA,NA,2002,NA,NA,60,1,First down,4419,21:00:00,21:32:14,3COM Park,"Clear skies Temp: 64° F, Humidity: 28%, Wind: SE 8 mph",10160000-0182-69e4-1c08-4240bfea771a,0,0,PASS,0,NA,NA,PHI 22,24,Turnover on downs,NA,15,4:01,4,1,0,4,4,0,PUNT,DOWNS,04:51,00:50,SF 5,PHI 19,4192,4498,38,17,Home,-21,55,7,37.5,0,outdoors,grass,64,8,Steve Mariucci,Andy Reid,SFO00,3Com Park,0,1,T.Rattay,13,NA,NA,T.Streets,89,1,0,1,0,1,00-0019623,NA,00-0015811,T.Rattay,13,00-0019623,T.Streets,00-0015811,T.Streets,00-0015811,0,1,1.1485488589096349,NA,NA,NA,NA,NA,NA,NA,NA,NA,NA,NA,NA,NA,NA,NA,NA,NA,Andy Reid,Steve Mariucci,2:00,NA,NA,Other,NA,NA,NA,NA,NA,NA,NA,NA
4440,2002_12_PHI_SF,2002112500,SF,PHI,REG,12,SF,home,PHI,PHI,22,2002-11-25,101,101,101,Half2,0,24,0,4,1,0,01:41,PHI 22,10,76,(1:41) 13-T.Rattay pass to 89-T.Streets to PHI 13 for 9 yards (26-L.Sheppard).,pass,9,0,0,1,0,0,0,NA,NA,NA,NA,NA,NA,NA,NA,NA,NA,0,2,0,NA,NA,NA,NA,0,2,17,38,17,38,-21,17,38,-21,0.30238139629364014,0.005614507477730513,2.694872091524303e-4,0.012634696438908577,0.2056185007095337,0.0018583857454359531,0.471623033285141,0,0,3.8161081346916035,0.7873623459599912,-21.576738608906847,21.576738608906847,6.022866112412885,-6.022866112412885,-20.52195203598494,20.52195203598494,NA,NA,NA,NA,NA,NA,NA,NA,NA,NA,NA,NA,9.659698698669672e-4,0.999034030130133,9.659698698669672e-4,0.999034030130133,0.0018044067546725273,6.266877171583474e-4,6.266877171583474e-4,0.0027703766245394945,0.9972296233754605,7.08367268089205e-4,7.08367268089205e-4,-0.15405042420923343,0.15405042420923343,-0.38764178495081436,0.38764178495081436,NA,NA,NA,NA,NA,NA,NA,NA,NA,NA,NA,NA,0,0,0,0,0,0,0,0,0,0,0,0,0,0,0,0,0,0,0,0,0,0,0,0,1,0,0,0,0,0,0,0,0,1,0,0,0,0,0,0,0,0,0,0,0,1,0,0,0,0,0,00-0019623,T.Rattay,9,00-0015811,T.Streets,9,NA,NA,NA,NA,NA,NA,NA,NA,NA,NA,NA,NA,NA,NA,NA,NA,NA,NA,NA,NA,NA,NA,NA,NA,NA,NA,NA,NA,NA,NA,NA,NA,NA,NA,NA,NA,NA,NA,NA,NA,NA,NA,NA,NA,NA,PHI,NA,00-0021157,NA,L.Sheppard,NA,NA,NA,NA,NA,NA,NA,NA,NA,NA,NA,NA,NA,0,NA,NA,NA,NA,NA,NA,NA,NA,NA,NA,NA,NA,NA,NA,NA,NA,NA,NA,NA,NA,NA,NA,NA,NA,NA,NA,NA,NA,NA,NA,NA,0,NA,NA,NA,NA,0,NA,NA,0,0,0,0,NA,NA,2002,NA,NA,61,0,Turnover on downs,4440,21:00:00,21:32:36,3COM Park,"Clear skies Temp: 64° F, Humidity: 28%, Wind: SE 8 mph",10160000-0182-69e4-1c08-4240bfea771a,0,0,PASS,0,NA,NA,PHI 13,24,Turnover on downs,NA,15,4:01,4,1,0,4,4,0,PUNT,DOWNS,04:51,00:50,SF 5,PHI 19,4192,4498,38,17,Home,-21,55,7,37.5,0,outdoors,grass,64,8,Steve Mariucci,Andy Reid,SFO00,3Com Park,0,1,T.Rattay,13,NA,NA,T.Streets,89,1,0,0,0,1,00-0019623,NA,00-0015811,T.Rattay,13,00-0019623,T.Streets,00-0015811,T.Streets,00-0015811,0,1,0.7873623459599912,NA,NA,NA,NA,NA,NA,NA,NA,NA,NA,NA,NA,NA,NA,NA,NA,NA,Andy Reid,Steve Mariucci,1:41,NA,NA,Other,NA,NA,NA,NA,NA,NA,NA,NA
4461,2002_12_PHI_SF,2002112500,SF,PHI,REG,12,SF,home,PHI,PHI,13,2002-11-25,82,82,82,Half2,0,24,0,4,2,0,01:22,PHI 13,1,76,(1:22) 13-T.Rattay sacked at PHI 19 for -6 yards (97-D.Walker).,pass,-6,0,0,1,0,0,0,NA,NA,NA,NA,NA,NA,NA,NA,NA,NA,0,2,0,NA,NA,NA,NA,0,2,17,38,17,38,-21,17,38,-21,0.2133173793554306,0.0025047126691788435,2.4644617224112153e-4,0.007603984326124191,0.189872145652771,0.002019735984504223,0.5844356417655945,0,0,4.603470480651595,-1.5118743967614137,-23.08861300566826,23.08861300566826,6.022866112412885,-6.022866112412885,-22.033826432746352,22.033826432746352,NA,NA,NA,NA,NA,NA,NA,NA,NA,NA,NA,NA,0.0027703766245394945,0.9972296233754605,0.0027703766245394945,0.9972296233754605,-0.0017174119129776955,-7.665749872103333e-4,-7.665749872103333e-4,0.001052964711561799,0.9989470352884382,0.0013350549852475524,0.0013350549852475524,-0.15405042420923343,0.15405042420923343,-0.38935919686379206,0.38935919686379206,NA,NA,NA,NA,NA,NA,NA,NA,NA,NA,NA,NA,0,0,0,0,0,0,0,0,0,0,0,0,0,0,0,0,0,0,0,0,0,0,0,0,1,0,0,0,0,0,0,1,0,1,1,0,0,0,0,0,0,0,0,0,0,0,0,0,0,0,0,00-0019623,T.Rattay,NA,NA,NA,NA,NA,NA,NA,NA,NA,NA,NA,NA,NA,NA,NA,NA,NA,NA,NA,NA,NA,NA,NA,NA,NA,NA,NA,NA,NA,NA,NA,NA,NA,NA,NA,00-0019459,D.Walker,NA,NA,00-0019459,D.Walker,NA,NA,NA,NA,NA,NA,NA,NA,PHI,NA,00-0019459,NA,D.Walker,NA,NA,NA,NA,NA,NA,NA,NA,NA,NA,NA,NA,NA,0,NA,NA,NA,NA,NA,NA,NA,NA,NA,NA,NA,NA,NA,NA,NA,NA,NA,NA,NA,NA,NA,NA,NA,NA,00-0019459,D.Walker,NA,NA,NA,NA,NA,0,NA,NA,NA,NA,0,NA,NA,0,0,0,0,NA,NA,2002,NA,NA,61,0,Turnover on downs,4461,21:00:00,21:32:55,3COM Park,"Clear skies Temp: 64° F, Humidity: 28%, Wind: SE 8 mph",10160000-0182-69e4-1c08-4240bfea771a,0,0,SACK,0,NA,NA,PHI 19,24,Turnover on downs,NA,15,4:01,4,1,0,4,4,0,PUNT,DOWNS,04:51,00:50,SF 5,PHI 19,4192,4498,38,17,Home,-21,55,7,37.5,0,outdoors,grass,64,8,Steve Mariucci,Andy Reid,SFO00,3Com Park,0,0,T.Rattay,13,NA,NA,NA,NA,1,0,0,0,1,00-0019623,NA,NA,T.Rattay,13,00-0019623,NA,NA,NA,NA,0,1,-1.5118743967614137,NA,NA,NA,NA,NA,NA,NA,NA,NA,NA,NA,NA,NA,NA,NA,NA,NA,Andy Reid,Steve Mariucci,1:22,NA,NA,Other,NA,NA,NA,NA,NA,NA,NA,NA
4480,2002_12_PHI_SF,2002112500,SF,PHI,REG,12,SF,home,PHI,PHI,19,2002-11-25,59,59,59,Half2,0,24,0,4,3,0,00:59,PHI 19,7,76,(:59) 13-T.Rattay pass incomplete to 84-C.Wilson.,pass,0,0,0,1,0,0,0,NA,NA,NA,NA,NA,NA,NA,NA,NA,NA,0,2,0,NA,NA,NA,NA,0,2,17,38,17,38,-21,17,38,-21,0.3197246491909027,0.005289863329380751,2.9090032330714166e-4,0.010277989320456982,0.36703649163246155,5.553259397856891e-4,0.29682475328445435,0,0,3.091596083890181,-0.9463591414387338,-24.034972147106995,24.034972147106995,6.022866112412885,-6.022866112412885,-22.980185574185086,22.980185574185086,NA,NA,NA,NA,NA,NA,NA,NA,NA,NA,NA,NA,0.001052964711561799,0.9989470352884382,0.001052964711561799,0.9989470352884382,-2.2474199067801237e-4,-1.6966211842373013e-4,-1.6966211842373013e-4,8.282227208837867e-4,0.9991717772791162,5.68479998037219e-4,5.68479998037219e-4,-0.15405042420923343,0.15405042420923343,-0.38958393885447007,0.38958393885447007,NA,NA,NA,NA,NA,NA,NA,NA,NA,NA,NA,NA,0,0,0,0,0,1,0,0,1,0,0,0,0,0,0,0,0,0,0,0,0,0,0,0,0,0,0,0,0,0,0,0,0,1,0,0,0,0,0,0,0,0,0,0,0,0,0,0,0,0,0,00-0019623,T.Rattay,NA,00-0020452,C.Wilson,NA,NA,NA,NA,NA,NA,NA,NA,NA,NA,NA,NA,NA,NA,NA,NA,NA,NA,NA,NA,NA,NA,NA,NA,NA,NA,NA,NA,NA,NA,NA,NA,NA,NA,NA,NA,NA,NA,NA,NA,NA,NA,NA,NA,NA,NA,NA,NA,NA,NA,NA,NA,NA,NA,NA,NA,NA,NA,NA,NA,NA,NA,NA,NA,0,NA,NA,NA,NA,NA,NA,NA,NA,NA,NA,NA,NA,NA,NA,NA,NA,NA,NA,NA,NA,NA,NA,NA,NA,NA,NA,NA,NA,NA,NA,NA,0,NA,NA,NA,NA,0,NA,NA,0,0,0,0,NA,NA,2002,NA,NA,61,0,Turnover on downs,4480,21:00:00,21:33:18,3COM Park,"Clear skies Temp: 64° F, Humidity: 28%, Wind: SE 8 mph",10160000-0182-69e4-1c08-4240bfea771a,0,0,PASS,0,NA,NA,PHI 19,24,Turnover on downs,NA,15,4:01,4,1,0,4,4,0,PUNT,DOWNS,04:51,00:50,SF 5,PHI 19,4192,4498,38,17,Home,-21,55,7,37.5,0,outdoors,grass,64,8,Steve Mariucci,Andy Reid,SFO00,3Com Park,0,0,T.Rattay,13,NA,NA,C.Wilson,84,1,0,0,0,1,00-0019623,NA,00-0020452,T.Rattay,13,00-0019623,C.Wilson,00-0020452,C.Wilson,00-0020452,0,1,-0.9463591414387338,NA,NA,NA,NA,NA,NA,NA,NA,NA,NA,NA,NA,NA,NA,NA,NA,NA,Andy Reid,Steve Mariucci,0:59,NA,NA,Other,NA,NA,NA,NA,NA,NA,NA,NA
4498,2002_12_PHI_SF,2002112500,SF,PHI,REG,12,SF,home,PHI,PHI,19,2002-11-25,55,55,55,Half2,0,24,0,4,4,0,00:55,PHI 19,7,76,"(:55) 13-T.Rattay pass incomplete to 18-J.Jordan. Penalty on SF-18-J.Jordan, Offensive Pass Interference, declined.",pass,0,0,0,1,0,0,0,NA,NA,NA,NA,NA,NA,NA,NA,NA,NA,0,2,0,NA,NA,NA,NA,0,2,17,38,17,38,-21,17,38,-21,0.36469972133636475,0.006916183978319168,3.009664360433817e-4,0.009482335299253464,0.5236676335334778,5.142409354448318e-4,0.09441891312599182,0,0,2.1452369424514472,-2.1452369424514472,-26.180209089558442,26.180209089558442,6.022866112412885,-6.022866112412885,-25.125422516636533,25.125422516636533,NA,NA,NA,NA,NA,NA,NA,NA,NA,NA,NA,NA,8.282227208837867e-4,0.9991717772791162,8.282227208837867e-4,0.9991717772791162,-5.247158696874976e-4,-1.8179736798629165e-4,-1.8179736798629165e-4,3.0350685119628906e-4,0.9996964931488037,3.988178796134889e-4,3.988178796134889e-4,-0.15405042420923343,0.15405042420923343,-0.39010865472415757,0.39010865472415757,NA,NA,NA,NA,NA,NA,NA,NA,NA,NA,NA,NA,0,0,0,0,0,0,0,1,1,0,0,0,0,0,0,0,0,0,0,0,0,0,0,0,0,0,0,0,0,0,0,0,0,1,0,0,0,0,0,0,0,0,0,0,0,0,0,0,0,0,0,00-0019623,T.Rattay,NA,00-0020062,J.Jordan,NA,NA,NA,NA,NA,NA,NA,NA,NA,NA,NA,NA,NA,NA,NA,NA,NA,NA,NA,NA,NA,NA,NA,NA,NA,NA,NA,NA,NA,NA,NA,NA,NA,NA,NA,NA,NA,NA,NA,NA,NA,NA,NA,NA,NA,NA,NA,NA,NA,NA,NA,NA,NA,NA,NA,NA,NA,NA,NA,NA,NA,NA,NA,NA,0,NA,NA,NA,NA,NA,NA,NA,NA,NA,NA,NA,NA,NA,NA,NA,NA,NA,NA,NA,NA,NA,NA,NA,NA,NA,NA,NA,NA,NA,NA,NA,0,NA,NA,NA,NA,0,NA,NA,0,0,0,0,NA,NA,2002,NA,NA,61,0,Turnover on downs,4498,21:00:00,21:34:02,3COM Park,"Clear skies Temp: 64° F, Humidity: 28%, Wind: SE 8 mph",10160000-0182-69e4-1c08-4240bfea771a,0,0,PASS,0,NA,00:50,PHI 19,24,Turnover on downs,NA,15,4:01,4,1,0,4,4,0,PUNT,DOWNS,04:51,00:50,SF 5,PHI 19,4192,4498,38,17,Home,-21,55,7,37.5,0,outdoors,grass,64,8,Steve Mariucci,Andy Reid,SFO00,3Com Park,0,0,T.Rattay,13,NA,NA,J.Jordan,18,1,0,0,0,1,00-0019623,NA,00-0020062,T.Rattay,13,00-0019623,J.Jordan,00-0020062,J.Jordan,00-0020062,0,1,-2.1452369424514472,NA,NA,NA,NA,NA,NA,NA,NA,0.2293784727153252,0,NA,NA,NA,0,0,NA,NA,Andy Reid,Steve Mariucci,0:55,NA,NA,Other (Penalty),NA,23,0,NA,NA,NA,0,0
4527,2002_12_PHI_SF,2002112500,SF,PHI,REG,12,PHI,away,SF,PHI,81,2002-11-25,50,50,50,Half2,0,25,0,4,1,0,00:50,PHI 19,10,-3,(:50) 14-A.Feeley kneels to PHI 17 for -2 yards.,qb_kneel,-2,0,0,0,1,0,0,NA,NA,NA,NA,NA,NA,NA,NA,NA,NA,0,2,0,NA,NA,NA,NA,2,0,17,38,38,17,21,38,17,21,1,0,0,0,0,0,0,0,0,0,-0,-26.180209089558442,26.180209089558442,6.022866112412885,-6.022866112412885,-25.125422516636533,25.125422516636533,NA,NA,NA,NA,NA,NA,NA,NA,NA,NA,NA,NA,0.9996964931488037,3.0350685119628906e-4,3.0350685119628906e-4,0.9996964931488037,NA,NA,2.384185791015625e-5,NA,NA,0.9997829794883728,2.1702051162719727e-4,-0.15405042420923343,0.15405042420923343,-0.39010865472415757,0.39010865472415757,NA,NA,NA,NA,NA,NA,NA,NA,NA,NA,NA,NA,0,0,0,0,0,0,0,0,0,0,0,0,0,0,0,0,0,0,0,0,0,0,0,0,0,0,0,0,0,0,0,0,1,0,0,0,0,0,0,0,0,0,0,0,0,0,0,0,0,0,0,NA,NA,NA,NA,NA,NA,00-0020305,A.Feeley,-2,NA,NA,NA,NA,NA,NA,NA,NA,NA,NA,NA,NA,NA,NA,NA,NA,NA,NA,NA,NA,NA,NA,NA,NA,NA,NA,NA,NA,NA,NA,NA,NA,NA,NA,NA,NA,NA,NA,NA,NA,NA,NA,NA,NA,NA,NA,NA,NA,NA,NA,NA,NA,NA,NA,NA,NA,NA,NA,NA,NA,0,NA,NA,NA,NA,NA,NA,NA,NA,NA,NA,NA,NA,NA,NA,NA,NA,NA,NA,NA,NA,NA,NA,NA,NA,NA,NA,NA,NA,NA,NA,NA,0,NA,NA,NA,NA,0,NA,NA,0,0,0,0,NA,NA,2002,NA,NA,62,0,QB kneel,4527,21:00:00,21:35:00,3COM Park,"Clear skies Temp: 64° F, Humidity: 28%, Wind: SE 8 mph",10160000-0182-69e4-1c08-4240bfea771a,0,0,RUSH,0,NA,NA,PHI 17,25,End of half,NA,2,0:50,0,0,0,4,4,0,DOWNS,NA,00:50,00:00,PHI 19,PHI 17,4527,4569,38,17,Home,-21,55,7,37.5,0,outdoors,grass,64,8,Steve Mariucci,Andy Reid,SFO00,3Com Park,0,0,NA,NA,A.Feeley,NA,NA,NA,0,0,0,0,0,NA,00-0020305,NA,A.Feeley,NA,00-0020305,A.Feeley,00-0020305,A.Feeley,00-0020305,0,1,-0,NA,NA,NA,NA,NA,NA,NA,NA,NA,NA,NA,NA,NA,NA,NA,NA,NA,Andy Reid,Steve Mariucci,0:50,NA,NA,Other,NA,NA,NA,NA,NA,NA,NA,NA
4548,2002_12_PHI_SF,2002112500,SF,PHI,REG,12,PHI,away,SF,PHI,83,2002-11-25,29,29,29,Half2,0,25,0,4,2,0,00:29,PHI 17,12,-3,(:29) 14-A.Feeley kneels to PHI 16 for -1 yards.,qb_kneel,-1,0,0,0,1,0,0,NA,NA,NA,NA,NA,NA,NA,NA,NA,NA,0,2,0,NA,NA,NA,NA,2,0,17,38,38,17,21,38,17,21,1,0,0,0,0,0,0,0,0,0,0,-26.180209089558442,26.180209089558442,6.022866112412885,-6.022866112412885,-25.125422516636533,25.125422516636533,NA,NA,NA,NA,NA,NA,NA,NA,NA,NA,NA,NA,0.999560534954071,4.394650459289551e-4,4.394650459289551e-4,0.999560534954071,NA,NA,-2.4086236953735352e-4,NA,NA,0.9997591376304626,2.4086236953735352e-4,-0.15405042420923343,0.15405042420923343,-0.39010865472415757,0.39010865472415757,NA,NA,NA,NA,NA,NA,NA,NA,NA,NA,NA,NA,0,0,0,0,0,0,0,0,0,0,0,0,0,0,0,0,0,0,0,0,0,0,0,0,0,0,0,0,0,0,0,0,1,0,0,0,0,0,0,0,0,0,0,0,0,0,0,0,0,0,0,NA,NA,NA,NA,NA,NA,00-0020305,A.Feeley,-1,NA,NA,NA,NA,NA,NA,NA,NA,NA,NA,NA,NA,NA,NA,NA,NA,NA,NA,NA,NA,NA,NA,NA,NA,NA,NA,NA,NA,NA,NA,NA,NA,NA,NA,NA,NA,NA,NA,NA,NA,NA,NA,NA,NA,NA,NA,NA,NA,NA,NA,NA,NA,NA,NA,NA,NA,NA,NA,NA,NA,0,NA,NA,NA,NA,NA,NA,NA,NA,NA,NA,NA,NA,NA,NA,NA,NA,NA,NA,NA,NA,NA,NA,NA,NA,NA,NA,NA,NA,NA,NA,NA,0,NA,NA,NA,NA,0,NA,NA,0,0,0,0,NA,NA,2002,NA,NA,62,0,QB kneel,4548,21:00:00,21:35:21,3COM Park,"Clear skies Temp: 64° F, Humidity: 28%, Wind: SE 8 mph",10160000-0182-69e4-1c08-4240bfea771a,0,0,RUSH,0,NA,NA,PHI 16,25,End of half,NA,2,0:50,0,0,0,4,4,0,DOWNS,NA,00:50,00:00,PHI 19,PHI 17,4527,4569,38,17,Home,-21,55,7,37.5,0,outdoors,grass,64,8,Steve Mariucci,Andy Reid,SFO00,3Com Park,0,0,NA,NA,A.Feeley,NA,NA,NA,0,0,0,0,0,NA,00-0020305,NA,A.Feeley,NA,00-0020305,A.Feeley,00-0020305,A.Feeley,00-0020305,0,1,0,NA,NA,NA,NA,NA,NA,NA,NA,NA,NA,NA,NA,NA,NA,NA,NA,NA,Andy Reid,Steve Mariucci,0:29,NA,NA,Other,NA,NA,NA,NA,NA,NA,NA,NA
4569,2002_12_PHI_SF,2002112500,SF,PHI,REG,12,NA,NA,NA,NA,NA,2002-11-25,0,0,0,Half2,0,25,0,4,NA,0,00:00,NA,0,-3,END GAME,NA,NA,0,0,NA,0,0,0,NA,NA,NA,NA,NA,NA,NA,NA,NA,NA,0,2,NA,NA,NA,NA,NA,NA,NA,17,38,NA,NA,NA,NA,NA,NA,0,0,0,0,0,0,0,0,0,NA,NA,-26.180209089558442,26.180209089558442,6.022866112412885,-6.022866112412885,-25.125422516636533,25.125422516636533,NA,NA,NA,NA,NA,NA,NA,NA,NA,NA,NA,NA,NA,NA,0,1,NA,NA,NA,NA,NA,NA,0,-0.15405042420923343,0.15405042420923343,-0.39010865472415757,0.39010865472415757,NA,NA,NA,NA,NA,NA,NA,NA,NA,NA,NA,NA,NA,NA,NA,NA,NA,NA,NA,NA,NA,0,NA,NA,NA,NA,NA,NA,NA,NA,NA,NA,NA,NA,NA,NA,NA,NA,NA,NA,NA,NA,NA,NA,NA,NA,NA,NA,NA,NA,NA,NA,NA,NA,NA,NA,NA,NA,NA,NA,NA,NA,NA,NA,NA,NA,NA,NA,NA,NA,NA,NA,NA,NA,NA,NA,NA,NA,NA,NA,NA,NA,NA,NA,NA,NA,NA,NA,NA,NA,NA,NA,NA,NA,NA,NA,NA,NA,NA,NA,NA,NA,NA,NA,NA,NA,NA,NA,NA,NA,NA,NA,NA,NA,NA,NA,NA,NA,NA,NA,NA,NA,NA,NA,NA,NA,NA,NA,NA,NA,NA,NA,NA,NA,NA,NA,NA,NA,NA,NA,NA,NA,NA,NA,NA,NA,NA,NA,NA,NA,NA,NA,NA,NA,NA,NA,NA,NA,NA,NA,NA,NA,NA,NA,NA,NA,NA,NA,NA,0,NA,NA,NA,NA,NA,NA,NA,NA,2002,NA,NA,62,0,QB kneel,4569,21:00:00,NA,3COM Park,"Clear skies Temp: 64° F, Humidity: 28%, Wind: SE 8 mph",10160000-0182-69e4-1c08-4240bfea771a,0,0,END_GAME,0,NA,NA,NA,25,End of half,NA,2,0:50,0,0,0,4,4,0,DOWNS,NA,00:50,00:00,PHI 19,PHI 17,4527,4569,38,17,Home,-21,55,7,37.5,0,outdoors,grass,64,8,Steve Mariucci,Andy Reid,SFO00,3Com Park,0,NA,NA,NA,NA,NA,NA,NA,0,0,NA,0,0,NA,NA,NA,NA,NA,NA,NA,NA,NA,NA,0,1,NA,NA,NA,NA,NA,NA,NA,NA,NA,NA,NA,NA,NA,NA,NA,NA,NA,NA,Andy Reid,Steve Mariucci,0:00,NA,NA,NA,NA,NA,NA,NA,NA,NA,NA,NA
