play_id,game_id,old_game_id,home_team,away_team,season_type,week,posteam,posteam_type,defteam,side_of_field,yardline_100,game_date,quarter_seconds_remaining,half_seconds_remaining,game_seconds_remaining,game_half,quarter_end,drive,sp,qtr,down,goal_to_go,time,yrdln,ydstogo,ydsnet,desc,play_type,yards_gained,shotgun,no_huddle,qb_dropback,qb_kneel,qb_spike,qb_scramble,pass_length,pass_location,air_yards,yards_after_catch,run_location,run_gap,field_goal_result,kick_distance,extra_point_result,two_point_conv_result,home_timeouts_remaining,away_timeouts_remaining,timeout,timeout_team,td_team,td_player_name,td_player_id,posteam_timeouts_remaining,defteam_timeouts_remaining,total_home_score,total_away_score,posteam_score,defteam_score,score_differential,posteam_score_post,defteam_score_post,score_differential_post,no_score_prob,opp_fg_prob,opp_safety_prob,opp_td_prob,fg_prob,safety_prob,td_prob,extra_point_prob,two_point_conversion_prob,ep,epa,total_home_epa,total_away_epa,total_home_rush_epa,total_away_rush_epa,total_home_pass_epa,total_away_pass_epa,air_epa,yac_epa,comp_air_epa,comp_yac_epa,total_home_comp_air_epa,total_away_comp_air_epa,total_home_comp_yac_epa,total_away_comp_yac_epa,total_home_raw_air_epa,total_away_raw_air_epa,total_home_raw_yac_epa,total_away_raw_yac_epa,wp,def_wp,home_wp,away_wp,wpa,vegas_wpa,vegas_home_wpa,home_wp_post,away_wp_post,vegas_wp,vegas_home_wp,total_home_rush_wpa,total_away_rush_wpa,total_home_pass_wpa,total_away_pass_wpa,air_wpa,yac_wpa,comp_air_wpa,comp_yac_wpa,total_home_comp_air_wpa,total_away_comp_air_wpa,total_home_comp_yac_wpa,total_away_comp_yac_wpa,total_home_raw_air_wpa,total_away_raw_air_wpa,total_home_raw_yac_wpa,total_away_raw_yac_wpa,punt_blocked,first_down_rush,first_down_pass,first_down_penalty,third_down_converted,third_down_failed,fourth_down_converted,fourth_down_failed,incomplete_pass,touchback,interception,punt_inside_twenty,punt_in_endzone,punt_out_of_bounds,punt_downed,punt_fair_catch,kickoff_inside_twenty,kickoff_in_endzone,kickoff_out_of_bounds,kickoff_downed,kickoff_fair_catch,fumble_forced,fumble_not_forced,fumble_out_of_bounds,solo_tackle,safety,penalty,tackled_for_loss,fumble_lost,own_kickoff_recovery,own_kickoff_recovery_td,qb_hit,rush_attempt,pass_attempt,sack,touchdown,pass_touchdown,rush_touchdown,return_touchdown,extra_point_attempt,two_point_attempt,field_goal_attempt,kickoff_attempt,punt_attempt,fumble,complete_pass,assist_tackle,lateral_reception,lateral_rush,lateral_return,lateral_recovery,passer_player_id,passer_player_name,passing_yards,receiver_player_id,receiver_player_name,receiving_yards,rusher_player_id,rusher_player_name,rushing_yards,lateral_receiver_player_id,lateral_receiver_player_name,lateral_receiving_yards,lateral_rusher_player_id,lateral_rusher_player_name,lateral_rushing_yards,lateral_sack_player_id,lateral_sack_player_name,interception_player_id,interception_player_name,lateral_interception_player_id,lateral_interception_player_name,punt_returner_player_id,punt_returner_player_name,lateral_punt_returner_player_id,lateral_punt_returner_player_name,kickoff_returner_player_name,kickoff_returner_player_id,lateral_kickoff_returner_player_id,lateral_kickoff_returner_player_name,punter_player_id,punter_player_name,kicker_player_name,kicker_player_id,own_kickoff_recovery_player_id,own_kickoff_recovery_player_name,blocked_player_id,blocked_player_name,tackle_for_loss_1_player_id,tackle_for_loss_1_player_name,tackle_for_loss_2_player_id,tackle_for_loss_2_player_name,qb_hit_1_player_id,qb_hit_1_player_name,qb_hit_2_player_id,qb_hit_2_player_name,forced_fumble_player_1_team,forced_fumble_player_1_player_id,forced_fumble_player_1_player_name,forced_fumble_player_2_team,forced_fumble_player_2_player_id,forced_fumble_player_2_player_name,solo_tackle_1_team,solo_tackle_2_team,solo_tackle_1_player_id,solo_tackle_2_player_id,solo_tackle_1_player_name,solo_tackle_2_player_name,assist_tackle_1_player_id,assist_tackle_1_player_name,assist_tackle_1_team,assist_tackle_2_player_id,assist_tackle_2_player_name,assist_tackle_2_team,assist_tackle_3_player_id,assist_tackle_3_player_name,assist_tackle_3_team,assist_tackle_4_player_id,assist_tackle_4_player_name,assist_tackle_4_team,tackle_with_assist,tackle_with_assist_1_player_id,tackle_with_assist_1_player_name,tackle_with_assist_1_team,tackle_with_assist_2_player_id,tackle_with_assist_2_player_name,tackle_with_assist_2_team,pass_defense_1_player_id,pass_defense_1_player_name,pass_defense_2_player_id,pass_defense_2_player_name,fumbled_1_team,fumbled_1_player_id,fumbled_1_player_name,fumbled_2_player_id,fumbled_2_player_name,fumbled_2_team,fumble_recovery_1_team,fumble_recovery_1_yards,fumble_recovery_1_player_id,fumble_recovery_1_player_name,fumble_recovery_2_team,fumble_recovery_2_yards,fumble_recovery_2_player_id,fumble_recovery_2_player_name,sack_player_id,sack_player_name,half_sack_1_player_id,half_sack_1_player_name,half_sack_2_player_id,half_sack_2_player_name,return_team,return_yards,penalty_team,penalty_player_id,penalty_player_name,penalty_yards,replay_or_challenge,replay_or_challenge_result,penalty_type,defensive_two_point_attempt,defensive_two_point_conv,defensive_extra_point_attempt,defensive_extra_point_conv,safety_player_name,safety_player_id,season,cp,cpoe,series,series_success,series_result,order_sequence,start_time,time_of_day,stadium,weather,nfl_api_id,play_clock,play_deleted,play_type_nfl,special_teams_play,st_play_type,end_clock_time,end_yard_line,fixed_drive,fixed_drive_result,drive_real_start_time,drive_play_count,drive_time_of_possession,drive_first_downs,drive_inside20,drive_ended_with_score,drive_quarter_start,drive_quarter_end,drive_yards_penalized,drive_start_transition,drive_end_transition,drive_game_clock_start,drive_game_clock_end,drive_start_yard_line,drive_end_yard_line,drive_play_id_started,drive_play_id_ended,away_score,home_score,location,result,total,spread_line,total_line,div_game,roof,surface,temp,wind,home_coach,away_coach,stadium_id,game_stadium,aborted_play,success,passer,passer_jersey_number,rusher,rusher_jersey_number,receiver,receiver_jersey_number,pass,rush,first_down,special,play,passer_id,rusher_id,receiver_id,name,jersey_number,id,fantasy_player_name,fantasy_player_id,fantasy,fantasy_id,out_of_bounds,home_opening_kickoff,qb_epa,xyac_epa,xyac_mean_yardage,xyac_median_yardage,xyac_success,xyac_fd,xpass,pass_oe,season_orig,actual_decision,go_boost,first_down_prob,wp_fail,wp_succeed,go_wp,fg_make_prob,miss_fg_wp,make_fg_wp,fg_wp,punt_wp,phi_coach,opp_coach,game_clock,fg_prob_calculated,fg_prob_calculated_pct,actual_decision_calculated,model_recommendation,go_wp_pct,first_down_prob_pct,wp_fail_pct,wp_succeed_pct,punt_wp_pct,fg_wp_pct,make_fg_wp_pct,miss_fg_wp_pct
1,2025_13_CHI_PHI,2025112800,PHI,CHI,REG,13,NA,NA,NA,NA,NA,2025-11-28,900,1800,3600,Half1,0,NA,0,1,NA,0,15:00,PHI 35,0,NA,GAME,NA,NA,0,0,NA,0,0,0,NA,NA,NA,NA,NA,NA,NA,NA,NA,NA,3,3,NA,NA,NA,NA,NA,NA,NA,0,0,NA,NA,NA,NA,NA,NA,0,0,0,0,0,0,0,0,0,0.7702223667874932,-0,0,0,0,0,0,0,NA,NA,NA,NA,0,0,0,0,0,0,0,0,0.4332079589366913,0.5667920410633087,0.5667920410633087,0.4332079589366913,-0,-0,0,NA,NA,0.23059748113155365,0.7694025188684464,0,0,0,0,NA,NA,NA,NA,0,0,0,0,0,0,0,0,NA,NA,NA,NA,NA,NA,NA,NA,NA,0,NA,NA,NA,NA,NA,NA,NA,NA,NA,NA,NA,NA,NA,NA,NA,NA,NA,NA,NA,NA,NA,NA,NA,NA,NA,NA,NA,NA,NA,NA,NA,NA,NA,NA,NA,NA,NA,NA,NA,NA,NA,NA,NA,NA,NA,NA,NA,NA,NA,NA,NA,NA,NA,NA,NA,NA,NA,NA,NA,NA,NA,NA,NA,NA,NA,NA,NA,NA,NA,NA,NA,NA,NA,NA,NA,NA,NA,NA,NA,NA,NA,NA,NA,NA,NA,NA,NA,NA,NA,NA,NA,NA,NA,NA,NA,NA,NA,NA,NA,NA,NA,NA,NA,NA,NA,NA,NA,NA,NA,NA,NA,NA,NA,NA,NA,NA,NA,NA,NA,NA,NA,NA,NA,NA,NA,NA,NA,NA,NA,NA,NA,NA,NA,NA,NA,NA,NA,NA,NA,NA,NA,NA,NA,NA,NA,NA,NA,0,NA,NA,NA,NA,NA,NA,NA,NA,2025,NA,NA,1,1,First down,1,"11/28/25, 15:02:44",NA,Lincoln Financial Field,"Sunny Temp: 42° F, Humidity: 35%, Wind: W 18 mph",f85755f8-311e-11f0-b670-ae1250fadad1,0,0,GAME_START,0,NA,NA,NA,1,Turnover on downs,NA,NA,NA,NA,NA,NA,NA,NA,NA,NA,NA,NA,NA,NA,NA,NA,NA,24,15,Home,-9,39,7,43.5,0,outdoors,,NA,NA,Nick Sirianni,Ben Johnson,PHI00,Lincoln Financial Field,0,0,NA,NA,NA,NA,NA,NA,0,0,NA,0,0,NA,NA,NA,NA,NA,NA,NA,NA,NA,NA,0,0,-0,NA,NA,NA,NA,NA,NA,NA,2025,Other,NA,NA,NA,NA,NA,NA,NA,NA,NA,NA,Nick Sirianni,Ben Johnson,15:00,NA,NA,NA,Toss Up,NA,NA,NA,NA,NA,NA,NA,NA
39,2025_13_CHI_PHI,2025112800,PHI,CHI,REG,13,CHI,away,PHI,PHI,35,2025-11-28,900,1800,3600,Half1,0,1,0,1,NA,0,15:00,PHI 35,0,42,4-J.Elliott kicks 56 yards from PHI 35 to CHI 9. 39-J.Blackwell to CHI 33 for 24 yards (48-P.Johnson).,kickoff,0,0,0,0,0,0,0,NA,NA,NA,NA,NA,NA,NA,56,NA,NA,3,3,0,NA,NA,NA,NA,3,3,0,0,0,0,0,0,0,0,0.004567968193441629,0.14358530938625336,0.0023245513439178467,0.2759856581687927,0.21522638201713562,0.0032645841129124165,0.35504552721977234,0,0,0.7702223667874932,0.5224390407092869,-0.5224390407092869,0.5224390407092869,0,0,0,0,NA,NA,0,0,0,0,0,0,0,0,0,0,0.4332079589366913,0.5667920410633087,0.5667920410633087,0.4332079589366913,0.006420731544494629,0.0018689781427383423,-0.0018689781427383423,0.5603713095188141,0.4396286904811859,0.23059748113155365,0.7694025188684464,0,0,0,0,NA,NA,0,0,0,0,0,0,0,0,0,0,0,0,0,0,0,0,0,0,0,0,0,0,0,0,0,0,0,0,0,0,0,0,0,0,1,0,0,0,0,0,0,0,0,0,0,0,0,0,0,0,0,0,1,0,0,0,0,0,0,0,0,NA,NA,NA,NA,NA,NA,NA,NA,NA,NA,NA,NA,NA,NA,NA,NA,NA,NA,NA,NA,NA,NA,NA,NA,NA,J.Blackwell,00-0037129,NA,NA,NA,NA,J.Elliott,00-0033787,NA,NA,NA,NA,NA,NA,NA,NA,NA,NA,NA,NA,NA,NA,NA,NA,NA,NA,PHI,NA,00-0036922,NA,P.Johnson,NA,NA,NA,NA,NA,NA,NA,NA,NA,NA,NA,NA,NA,0,NA,NA,NA,NA,NA,NA,NA,NA,NA,NA,NA,NA,NA,NA,NA,NA,NA,NA,NA,NA,NA,NA,NA,NA,NA,NA,NA,NA,NA,NA,CHI,24,NA,NA,NA,NA,0,NA,NA,0,0,0,0,NA,NA,2025,NA,NA,1,1,First down,39,"11/28/25, 15:02:44",2025-11-28T20:02:44.297Z,Lincoln Financial Field,"Sunny Temp: 42° F, Humidity: 35%, Wind: W 18 mph",f85755f8-311e-11f0-b670-ae1250fadad1,0,0,KICK_OFF,1,NA,2025-11-28T20:02:52.967Z,NA,1,Turnover on downs,2025-11-28T20:02:44.297Z,11,5:26,3,0,0,1,1,0,KICKOFF,DOWNS,15:00,09:34,CHI 33,PHI 25,39,293,24,15,Home,-9,39,7,43.5,0,outdoors,,NA,NA,Nick Sirianni,Ben Johnson,PHI00,Lincoln Financial Field,0,1,NA,NA,NA,NA,NA,NA,0,0,0,1,0,NA,NA,NA,NA,NA,NA,NA,NA,NA,NA,0,0,0.5224390407092869,NA,NA,NA,NA,NA,NA,NA,2025,Other,NA,NA,NA,NA,NA,NA,NA,NA,NA,NA,Nick Sirianni,Ben Johnson,15:00,NA,NA,Other,Toss Up,NA,NA,NA,NA,NA,NA,NA,NA
62,2025_13_CHI_PHI,2025112800,PHI,CHI,REG,13,CHI,away,PHI,CHI,67,2025-11-28,894,1794,3594,Half1,0,1,0,1,1,0,14:54,CHI 33,10,42,(14:54) 4-D.Swift left tackle to CHI 36 for 3 yards (3-N.Smith; 53-Z.Baun).,run,3,0,0,0,0,0,0,NA,NA,NA,NA,left,tackle,NA,NA,NA,NA,3,3,0,NA,NA,NA,NA,3,3,0,0,0,0,0,0,0,0,0.004747385159134865,0.13132019340991974,0.0022216152865439653,0.2430567443370819,0.22945831716060638,0.004056548699736595,0.38513919711112976,0,0,1.2926614074967802,-0.21087035117670894,-0.311568689532578,0.311568689532578,0.21087035117670894,-0.21087035117670894,0,0,NA,NA,0,0,0,0,0,0,0,0,0,0,0.4396286904811859,0.5603713095188141,0.5603713095188141,0.4396286904811859,0.0018194615840911865,0.007775992155075073,-0.007775992155075073,0.5585518479347229,0.4414481520652771,0.232466459274292,0.767533540725708,-0.0018194615840911865,0.0018194615840911865,0,0,NA,NA,0,0,0,0,0,0,0,0,0,0,0,0,0,0,0,0,0,0,0,0,0,0,0,0,0,0,0,0,0,0,0,0,0,0,0,0,0,0,0,0,0,0,1,0,0,0,0,0,0,0,0,0,0,0,0,0,1,0,0,0,0,NA,NA,NA,NA,NA,NA,00-0036275,D.Swift,3,NA,NA,NA,NA,NA,NA,NA,NA,NA,NA,NA,NA,NA,NA,NA,NA,NA,NA,NA,NA,NA,NA,NA,NA,NA,NA,NA,NA,NA,NA,NA,NA,NA,NA,NA,NA,NA,NA,NA,NA,NA,NA,NA,NA,NA,NA,NA,NA,00-0039013,N.Smith,PHI,00-0036418,Z.Baun,PHI,NA,NA,NA,NA,NA,NA,0,NA,NA,NA,NA,NA,NA,NA,NA,NA,NA,NA,NA,NA,NA,NA,NA,NA,NA,NA,NA,NA,NA,NA,NA,NA,NA,NA,NA,NA,NA,NA,0,NA,NA,NA,NA,0,NA,NA,0,0,0,0,NA,NA,2025,NA,NA,1,1,First down,62,"11/28/25, 15:02:44",2025-11-28T20:03:36.957Z,Lincoln Financial Field,"Sunny Temp: 42° F, Humidity: 35%, Wind: W 18 mph",f85755f8-311e-11f0-b670-ae1250fadad1,0,0,RUSH,0,NA,2025-11-28T20:03:40.727Z,NA,1,Turnover on downs,2025-11-28T20:02:44.297Z,11,5:26,3,0,0,1,1,0,KICKOFF,DOWNS,15:00,09:34,CHI 33,PHI 25,39,293,24,15,Home,-9,39,7,43.5,0,outdoors,,NA,NA,Nick Sirianni,Ben Johnson,PHI00,Lincoln Financial Field,0,0,NA,NA,D.Swift,4,NA,NA,0,1,0,0,1,NA,00-0036275,NA,D.Swift,4,00-0036275,D.Swift,00-0036275,D.Swift,00-0036275,0,0,-0.21087035117670894,NA,NA,NA,NA,NA,0.4177224934101105,-41.77224934101105,2025,Go for it,NA,NA,NA,NA,NA,NA,NA,NA,NA,NA,Nick Sirianni,Ben Johnson,14:54,NA,NA,Go for it,Toss Up,NA,NA,NA,NA,NA,NA,NA,NA
84,2025_13_CHI_PHI,2025112800,PHI,CHI,REG,13,CHI,away,PHI,CHI,64,2025-11-28,856,1756,3556,Half1,0,1,0,1,2,0,14:16,CHI 36,7,42,(14:16) (Shotgun) 18-C.Williams pass short left to 85-C.Kmet to CHI 42 for 6 yards (32-R.Blankenship; 53-Z.Baun).,pass,6,1,0,1,0,0,0,short,left,-3,9,NA,NA,NA,NA,NA,NA,3,3,0,NA,NA,NA,NA,3,3,0,0,0,0,0,0,0,0,0.005191116128116846,0.13022480905056,0.0021972539834678173,0.2587892711162567,0.22895927727222443,0.004192123655229807,0.370446115732193,0,0,1.0817910563200712,0.4753249967470765,-0.7868936862796545,0.7868936862796545,0.21087035117670894,-0.21087035117670894,-0.4753249967470765,0.4753249967470765,-1.149198843166232,1.6245238399133086,-1.149198843166232,1.6245238399133086,1.149198843166232,-1.149198843166232,-1.6245238399133086,1.6245238399133086,1.149198843166232,-1.149198843166232,-1.6245238399133086,1.6245238399133086,0.4414481520652771,0.5585518479347229,0.5585518479347229,0.4414481520652771,-0.010929673910140991,0.015275686979293823,-0.015275686979293823,0.5694815218448639,0.4305184781551361,0.24024245142936707,0.7597575485706329,-0.0018194615840911865,0.0018194615840911865,0.010929673910140991,-0.010929673910140991,0,-0.010929673910140991,0,-0.010929673910140991,0,0,0.010929673910140991,-0.010929673910140991,0,0,0.010929673910140991,-0.010929673910140991,0,0,0,0,0,0,0,0,0,0,0,0,0,0,0,0,0,0,0,0,0,0,0,0,0,0,0,0,0,0,0,0,0,1,0,0,0,0,0,0,0,0,0,0,0,1,1,0,0,0,0,00-0039918,C.Williams,6,00-0036290,C.Kmet,6,NA,NA,NA,NA,NA,NA,NA,NA,NA,NA,NA,NA,NA,NA,NA,NA,NA,NA,NA,NA,NA,NA,NA,NA,NA,NA,NA,NA,NA,NA,NA,NA,NA,NA,NA,NA,NA,NA,NA,NA,NA,NA,NA,NA,NA,NA,NA,NA,NA,NA,NA,00-0037130,R.Blankenship,PHI,00-0036418,Z.Baun,PHI,NA,NA,NA,NA,NA,NA,0,NA,NA,NA,NA,NA,NA,NA,NA,NA,NA,NA,NA,NA,NA,NA,NA,NA,NA,NA,NA,NA,NA,NA,NA,NA,NA,NA,NA,NA,NA,NA,0,NA,NA,NA,NA,0,NA,NA,0,0,0,0,NA,NA,2025,0.8681551218032837,13.18448781967163,1,1,First down,84,"11/28/25, 15:02:44",2025-11-28T20:04:14.897Z,Lincoln Financial Field,"Sunny Temp: 42° F, Humidity: 35%, Wind: W 18 mph",f85755f8-311e-11f0-b670-ae1250fadad1,0,0,PASS,0,NA,2025-11-28T20:04:21.973Z,NA,1,Turnover on downs,2025-11-28T20:02:44.297Z,11,5:26,3,0,0,1,1,0,KICKOFF,DOWNS,15:00,09:34,CHI 33,PHI 25,39,293,24,15,Home,-9,39,7,43.5,0,outdoors,,NA,NA,Nick Sirianni,Ben Johnson,PHI00,Lincoln Financial Field,0,1,C.Williams,18,NA,NA,C.Kmet,85,1,0,0,0,1,00-0039918,NA,00-0036290,C.Williams,18,00-0039918,C.Kmet,00-0036290,C.Kmet,00-0036290,0,0,0.4753249967470765,1.336713111261783,9.151839364465559,8,0.5086009406950325,0.36730583547614515,0.6055684685707092,39.44315314292908,2025,Go for it,NA,NA,NA,NA,NA,NA,NA,NA,NA,NA,Nick Sirianni,Ben Johnson,14:16,NA,NA,Go for it,Toss Up,NA,NA,NA,NA,NA,NA,NA,NA
109,2025_13_CHI_PHI,2025112800,PHI,CHI,REG,13,CHI,away,PHI,CHI,58,2025-11-28,814,1714,3514,Half1,0,1,0,1,3,0,13:34,CHI 42,1,42,(13:34) 18-C.Williams left guard to CHI 45 for 3 yards (17-N.Dean).,run,3,0,0,0,0,0,0,NA,NA,NA,NA,left,guard,NA,NA,NA,NA,3,3,0,NA,NA,NA,NA,3,3,0,0,0,0,0,0,0,0,0.005434773862361908,0.1298174113035202,0.0018110875971615314,0.22065740823745728,0.24436327815055847,0.004741955548524857,0.39317408204078674,0,0,1.5571160530671477,0.6294233584776521,-1.4163170447573066,1.4163170447573066,-0.41855300730094314,0.41855300730094314,-0.4753249967470765,0.4753249967470765,NA,NA,0,0,1.149198843166232,-1.149198843166232,-1.6245238399133086,1.6245238399133086,1.149198843166232,-1.149198843166232,-1.6245238399133086,1.6245238399133086,0.4305184781551361,0.5694815218448639,0.5694815218448639,0.4305184781551361,0.03190857172012329,0.0010005533695220947,-0.0010005533695220947,0.5375729501247406,0.4624270498752594,0.2555181384086609,0.7444818615913391,-0.03372803330421448,0.03372803330421448,0.010929673910140991,-0.010929673910140991,NA,NA,0,0,0,0,0.010929673910140991,-0.010929673910140991,0,0,0.010929673910140991,-0.010929673910140991,0,1,0,0,1,0,0,0,0,0,0,0,0,0,0,0,0,0,0,0,0,0,0,0,1,0,0,0,0,0,0,0,1,0,0,0,0,0,0,0,0,0,0,0,0,0,0,0,0,0,0,NA,NA,NA,NA,NA,NA,00-0039918,C.Williams,3,NA,NA,NA,NA,NA,NA,NA,NA,NA,NA,NA,NA,NA,NA,NA,NA,NA,NA,NA,NA,NA,NA,NA,NA,NA,NA,NA,NA,NA,NA,NA,NA,NA,NA,NA,NA,NA,NA,NA,NA,NA,NA,PHI,NA,00-0037615,NA,N.Dean,NA,NA,NA,NA,NA,NA,NA,NA,NA,NA,NA,NA,NA,0,NA,NA,NA,NA,NA,NA,NA,NA,NA,NA,NA,NA,NA,NA,NA,NA,NA,NA,NA,NA,NA,NA,NA,NA,NA,NA,NA,NA,NA,NA,NA,0,NA,NA,NA,NA,0,NA,NA,0,0,0,0,NA,NA,2025,NA,NA,1,1,First down,109,"11/28/25, 15:02:44",2025-11-28T20:04:56.587Z,Lincoln Financial Field,"Sunny Temp: 42° F, Humidity: 35%, Wind: W 18 mph",f85755f8-311e-11f0-b670-ae1250fadad1,0,0,RUSH,0,NA,2025-11-28T20:04:58.853Z,NA,1,Turnover on downs,2025-11-28T20:02:44.297Z,11,5:26,3,0,0,1,1,0,KICKOFF,DOWNS,15:00,09:34,CHI 33,PHI 25,39,293,24,15,Home,-9,39,7,43.5,0,outdoors,,NA,NA,Nick Sirianni,Ben Johnson,PHI00,Lincoln Financial Field,0,1,NA,NA,C.Williams,18,NA,NA,0,1,1,0,1,NA,00-0039918,NA,C.Williams,18,00-0039918,C.Williams,00-0039918,C.Williams,00-0039918,0,0,0.6294233584776521,NA,NA,NA,NA,NA,0.23094399273395538,-23.09439927339554,2025,Go for it,NA,NA,NA,NA,NA,NA,NA,NA,NA,NA,Nick Sirianni,Ben Johnson,13:34,NA,NA,Go for it,Toss Up,NA,NA,NA,NA,NA,NA,NA,NA
131,2025_13_CHI_PHI,2025112800,PHI,CHI,REG,13,CHI,away,PHI,CHI,55,2025-11-28,779,1679,3479,Half1,0,1,0,1,1,0,12:59,CHI 45,10,42,(12:59) 18-C.Williams pass incomplete deep right to 15-R.Odunze (33-C.DeJean).,pass,0,0,0,1,0,0,0,deep,right,17,NA,NA,NA,NA,NA,NA,NA,3,3,0,NA,NA,NA,NA,3,3,0,0,0,0,0,0,0,0,0.005122757516801357,0.10323856770992279,0.0015469137579202652,0.18864905834197998,0.2669702172279358,0.00446506030857563,0.43000736832618713,0,0,2.1865394115448,-0.514396081212908,-0.9019209635443985,0.9019209635443985,-0.41855300730094314,0.41855300730094314,0.03907108446583152,-0.03907108446583152,1.1873727291822433,-1.7017688103951514,0,0,1.149198843166232,-1.149198843166232,-1.6245238399133086,1.6245238399133086,-0.03817388601601124,0.03817388601601124,0.07724497048184276,-0.07724497048184276,0.4624270498752594,0.5375729501247406,0.5375729501247406,0.4624270498752594,-0.01817336678504944,-0.009660959243774414,0.009660959243774414,0.55574631690979,0.44425368309020996,0.256518691778183,0.743481308221817,-0.03372803330421448,0.03372803330421448,0.02910304069519043,-0.02910304069519043,0,-0.01817336678504944,0,0,0,0,0.010929673910140991,-0.010929673910140991,0,0,0.02910304069519043,-0.02910304069519043,0,0,0,0,0,0,0,0,1,0,0,0,0,0,0,0,0,0,0,0,0,0,0,0,0,0,0,0,0,0,0,0,0,1,0,0,0,0,0,0,0,0,0,0,0,0,0,0,0,0,0,00-0039918,C.Williams,NA,00-0039919,R.Odunze,NA,NA,NA,NA,NA,NA,NA,NA,NA,NA,NA,NA,NA,NA,NA,NA,NA,NA,NA,NA,NA,NA,NA,NA,NA,NA,NA,NA,NA,NA,NA,NA,NA,NA,NA,NA,NA,NA,NA,NA,NA,NA,NA,NA,NA,NA,NA,NA,NA,NA,NA,NA,NA,NA,NA,NA,NA,NA,NA,NA,NA,NA,NA,NA,0,NA,NA,NA,NA,NA,NA,00-0039841,C.DeJean,NA,NA,NA,NA,NA,NA,NA,NA,NA,NA,NA,NA,NA,NA,NA,NA,NA,NA,NA,NA,NA,NA,NA,0,NA,NA,NA,NA,0,NA,NA,0,0,0,0,NA,NA,2025,0.5897319316864014,-58.97319316864014,2,1,First down,131,"11/28/25, 15:02:44",2025-11-28T20:05:32.160Z,Lincoln Financial Field,"Sunny Temp: 42° F, Humidity: 35%, Wind: W 18 mph",f85755f8-311e-11f0-b670-ae1250fadad1,0,0,PASS,0,NA,2025-11-28T20:05:37.133Z,NA,1,Turnover on downs,2025-11-28T20:02:44.297Z,11,5:26,3,0,0,1,1,0,KICKOFF,DOWNS,15:00,09:34,CHI 33,PHI 25,39,293,24,15,Home,-9,39,7,43.5,0,outdoors,,NA,NA,Nick Sirianni,Ben Johnson,PHI00,Lincoln Financial Field,0,0,C.Williams,18,NA,NA,R.Odunze,15,1,0,0,0,1,00-0039918,NA,00-0039919,C.Williams,18,00-0039918,R.Odunze,00-0039919,R.Odunze,00-0039919,0,0,-0.514396081212908,0.30247044602550566,4.103545195772313,2,1,1,0.4476351737976074,55.23648262023926,2025,Go for it,NA,NA,NA,NA,NA,NA,NA,NA,NA,NA,Nick Sirianni,Ben Johnson,12:59,NA,NA,Go for it,Toss Up,NA,NA,NA,NA,NA,NA,NA,NA
154,2025_13_CHI_PHI,2025112800,PHI,CHI,REG,13,CHI,away,PHI,CHI,55,2025-11-28,774,1674,3474,Half1,0,1,0,1,2,0,12:54,CHI 45,10,42,(12:54) 4-D.Swift left tackle to 50 for 5 yards (90-J.Davis; 58-J.Hunt).,run,5,0,0,0,0,0,0,NA,NA,NA,NA,left,tackle,NA,NA,NA,NA,3,3,0,NA,NA,NA,NA,3,3,0,0,0,0,0,0,0,0,0.0053370120003819466,0.11928042024374008,0.0016631155740469694,0.21759748458862305,0.25293073058128357,0.0049274819903075695,0.39826372265815735,0,0,1.6721433303318918,-0.2722155509982258,-0.6297054125461727,0.6297054125461727,-0.14633745630271733,0.14633745630271733,0.03907108446583152,-0.03907108446583152,NA,NA,0,0,1.149198843166232,-1.149198843166232,-1.6245238399133086,1.6245238399133086,-0.03817388601601124,0.03817388601601124,0.07724497048184276,-0.07724497048184276,0.44425368309020996,0.55574631690979,0.55574631690979,0.44425368309020996,-9.514689445495605e-4,-0.013625860214233398,0.013625860214233398,0.5566977858543396,0.4433022141456604,0.24685773253440857,0.7531422674655914,-0.03277656435966492,0.03277656435966492,0.02910304069519043,-0.02910304069519043,NA,NA,0,0,0,0,0.010929673910140991,-0.010929673910140991,0,0,0.02910304069519043,-0.02910304069519043,0,0,0,0,0,0,0,0,0,0,0,0,0,0,0,0,0,0,0,0,0,0,0,0,0,0,0,0,0,0,0,0,1,0,0,0,0,0,0,0,0,0,0,0,0,0,1,0,0,0,0,NA,NA,NA,NA,NA,NA,00-0036275,D.Swift,5,NA,NA,NA,NA,NA,NA,NA,NA,NA,NA,NA,NA,NA,NA,NA,NA,NA,NA,NA,NA,NA,NA,NA,NA,NA,NA,NA,NA,NA,NA,NA,NA,NA,NA,NA,NA,NA,NA,NA,NA,NA,NA,NA,NA,NA,NA,NA,NA,00-0037073,J.Davis,PHI,00-0039740,J.Hunt,PHI,NA,NA,NA,NA,NA,NA,0,NA,NA,NA,NA,NA,NA,NA,NA,NA,NA,NA,NA,NA,NA,NA,NA,NA,NA,NA,NA,NA,NA,NA,NA,NA,NA,NA,NA,NA,NA,NA,0,NA,NA,NA,NA,0,NA,NA,0,0,0,0,NA,NA,2025,NA,NA,2,1,First down,154,"11/28/25, 15:02:44",2025-11-28T20:06:08.700Z,Lincoln Financial Field,"Sunny Temp: 42° F, Humidity: 35%, Wind: W 18 mph",f85755f8-311e-11f0-b670-ae1250fadad1,0,0,RUSH,0,NA,2025-11-28T20:06:12.907Z,NA,1,Turnover on downs,2025-11-28T20:02:44.297Z,11,5:26,3,0,0,1,1,0,KICKOFF,DOWNS,15:00,09:34,CHI 33,PHI 25,39,293,24,15,Home,-9,39,7,43.5,0,outdoors,,NA,NA,Nick Sirianni,Ben Johnson,PHI00,Lincoln Financial Field,0,0,NA,NA,D.Swift,4,NA,NA,0,1,0,0,1,NA,00-0036275,NA,D.Swift,4,00-0036275,D.Swift,00-0036275,D.Swift,00-0036275,0,0,-0.2722155509982258,NA,NA,NA,NA,NA,0.505807101726532,-50.5807101726532,2025,Go for it,NA,NA,NA,NA,NA,NA,NA,NA,NA,NA,Nick Sirianni,Ben Johnson,12:54,NA,NA,Go for it,Toss Up,NA,NA,NA,NA,NA,NA,NA,NA
176,2025_13_CHI_PHI,2025112800,PHI,CHI,REG,13,CHI,away,PHI,50,50,2025-11-28,736,1636,3436,Half1,0,1,0,1,3,0,12:16,MID 50,5,42,(12:16) (Shotgun) 18-C.Williams pass short right to 15-R.Odunze to PHI 45 for 5 yards (8-A.Jackson).,pass,5,1,0,1,0,0,0,short,right,5,0,NA,NA,NA,NA,NA,NA,3,3,0,NA,NA,NA,NA,3,3,0,0,0,0,0,0,0,0,0.006210040766745806,0.1339922696352005,0.001365161850117147,0.2276715338230133,0.24770262837409973,0.005236110650002956,0.37782222032546997,0,0,1.399927779333666,1.4836812289431691,-2.113386641489342,2.113386641489342,-0.14633745630271733,0.14633745630271733,-1.4446101444773376,1.4446101444773376,1.4836812289431691,0,1.4836812289431691,0,-0.334482385776937,0.334482385776937,-1.6245238399133086,1.6245238399133086,-1.5218551149591804,1.5218551149591804,0.07724497048184276,-0.07724497048184276,0.4433022141456604,0.5566977858543396,0.5566977858543396,0.4433022141456604,0.03681567311286926,0.0659199059009552,-0.0659199059009552,0.5198821127414703,0.48011788725852966,0.23323187232017517,0.7667681276798248,-0.03277656435966492,0.03277656435966492,-0.007712632417678833,0.007712632417678833,0.03681567311286926,0,0.03681567311286926,0,-0.03681567311286926,0.03681567311286926,0.010929673910140991,-0.010929673910140991,-0.03681567311286926,0.03681567311286926,0.02910304069519043,-0.02910304069519043,0,0,1,0,1,0,0,0,0,0,0,0,0,0,0,0,0,0,0,0,0,0,0,0,1,0,0,0,0,0,0,0,0,1,0,0,0,0,0,0,0,0,0,0,0,1,0,0,0,0,0,00-0039918,C.Williams,5,00-0039919,R.Odunze,5,NA,NA,NA,NA,NA,NA,NA,NA,NA,NA,NA,NA,NA,NA,NA,NA,NA,NA,NA,NA,NA,NA,NA,NA,NA,NA,NA,NA,NA,NA,NA,NA,NA,NA,NA,NA,NA,NA,NA,NA,NA,NA,NA,NA,NA,PHI,NA,00-0033878,NA,A.Jackson,NA,NA,NA,NA,NA,NA,NA,NA,NA,NA,NA,NA,NA,0,NA,NA,NA,NA,NA,NA,NA,NA,NA,NA,NA,NA,NA,NA,NA,NA,NA,NA,NA,NA,NA,NA,NA,NA,NA,NA,NA,NA,NA,NA,NA,0,NA,NA,NA,NA,0,NA,NA,0,0,0,0,NA,NA,2025,0.6508259177207947,34.91740822792053,2,1,First down,176,"11/28/25, 15:02:44",2025-11-28T20:06:46.507Z,Lincoln Financial Field,"Sunny Temp: 42° F, Humidity: 35%, Wind: W 18 mph",f85755f8-311e-11f0-b670-ae1250fadad1,0,0,PASS,0,NA,2025-11-28T20:06:50.277Z,NA,1,Turnover on downs,2025-11-28T20:02:44.297Z,11,5:26,3,0,0,1,1,0,KICKOFF,DOWNS,15:00,09:34,CHI 33,PHI 25,39,293,24,15,Home,-9,39,7,43.5,0,outdoors,,NA,NA,Nick Sirianni,Ben Johnson,PHI00,Lincoln Financial Field,0,1,C.Williams,18,NA,NA,R.Odunze,15,1,0,1,0,1,00-0039918,NA,00-0039919,C.Williams,18,00-0039918,R.Odunze,00-0039919,R.Odunze,00-0039919,0,0,1.4836812289431691,0.2567231523380722,4.3693260189611465,2,0.9807217221532483,0.9807217221532483,0.962197482585907,3.7802517414093018,2025,Go for it,NA,NA,NA,NA,NA,NA,NA,NA,NA,NA,Nick Sirianni,Ben Johnson,12:16,NA,NA,Go for it,Toss Up,NA,NA,NA,NA,NA,NA,NA,NA
201,2025_13_CHI_PHI,2025112800,PHI,CHI,REG,13,CHI,away,PHI,PHI,45,2025-11-28,696,1596,3396,Half1,0,1,0,1,1,0,11:36,PHI 45,10,42,(11:36) 18-C.Williams pass short left to 10-L.Burden to PHI 34 for 11 yards (33-C.DeJean).,pass,11,0,0,1,0,0,0,short,left,7,4,NA,NA,NA,NA,NA,NA,3,3,0,NA,NA,NA,NA,3,3,0,0,0,0,0,0,0,0,0.00562206469476223,0.08001404255628586,0.0011484416900202632,0.14246928691864014,0.31289589405059814,0.004081282764673233,0.4537689685821533,0,0,2.883609008276835,0.6505826601060107,-2.7639693015953526,2.7639693015953526,-0.14633745630271733,0.14633745630271733,-2.0951928045833483,2.0951928045833483,0.3117184364236891,0.3388642236823216,0.3117184364236891,0.3388642236823216,-0.6462008222006261,0.6462008222006261,-1.9633880635956302,1.9633880635956302,-1.8335735513828695,1.8335735513828695,-0.26161925320047885,0.26161925320047885,0.48011788725852966,0.5198821127414703,0.5198821127414703,0.48011788725852966,0.05029389262199402,0.013579040765762329,-0.013579040765762329,0.4695882201194763,0.5304117798805237,0.29915177822113037,0.7008482217788696,-0.03277656435966492,0.03277656435966492,-0.05800652503967285,0.05800652503967285,0,0.05029389262199402,0,0.05029389262199402,-0.03681567311286926,0.03681567311286926,-0.03936421871185303,0.03936421871185303,-0.03681567311286926,0.03681567311286926,-0.02119085192680359,0.02119085192680359,0,0,1,0,0,0,0,0,0,0,0,0,0,0,0,0,0,0,0,0,0,0,0,0,1,0,0,0,0,0,0,0,0,1,0,0,0,0,0,0,0,0,0,0,0,1,0,0,0,0,0,00-0039918,C.Williams,11,00-0040735,L.Burden,11,NA,NA,NA,NA,NA,NA,NA,NA,NA,NA,NA,NA,NA,NA,NA,NA,NA,NA,NA,NA,NA,NA,NA,NA,NA,NA,NA,NA,NA,NA,NA,NA,NA,NA,NA,NA,NA,NA,NA,NA,NA,NA,NA,NA,NA,PHI,NA,00-0039841,NA,C.DeJean,NA,NA,NA,NA,NA,NA,NA,NA,NA,NA,NA,NA,NA,0,NA,NA,NA,NA,NA,NA,NA,NA,NA,NA,NA,NA,NA,NA,NA,NA,NA,NA,NA,NA,NA,NA,NA,NA,NA,NA,NA,NA,NA,NA,NA,0,NA,NA,NA,NA,0,NA,NA,0,0,0,0,NA,NA,2025,0.7063117027282715,29.36882972717285,3,1,First down,201,"11/28/25, 15:02:44",2025-11-28T20:07:26.110Z,Lincoln Financial Field,"Sunny Temp: 42° F, Humidity: 35%, Wind: W 18 mph",f85755f8-311e-11f0-b670-ae1250fadad1,0,0,PASS,0,NA,2025-11-28T20:07:31.550Z,NA,1,Turnover on downs,2025-11-28T20:02:44.297Z,11,5:26,3,0,0,1,1,0,KICKOFF,DOWNS,15:00,09:34,CHI 33,PHI 25,39,293,24,15,Home,-9,39,7,43.5,0,outdoors,,NA,NA,Nick Sirianni,Ben Johnson,PHI00,Lincoln Financial Field,0,1,C.Williams,18,NA,NA,L.Burden,10,1,0,1,0,1,00-0039918,NA,00-0040735,C.Williams,18,00-0039918,L.Burden,00-0040735,L.Burden,00-0040735,0,0,0.6505826601060107,0.3436868642318325,3.5237896236940287,2,0.9980164387088735,0.3725719724607188,0.4529380202293396,54.70619797706604,2025,Go for it,NA,NA,NA,NA,NA,NA,NA,NA,NA,NA,Nick Sirianni,Ben Johnson,11:36,NA,NA,Go for it,Toss Up,NA,NA,NA,NA,NA,NA,NA,NA
226,2025_13_CHI_PHI,2025112800,PHI,CHI,REG,13,CHI,away,PHI,PHI,34,2025-11-28,665,1565,3365,Half1,0,1,0,1,1,0,11:05,PHI 34,10,42,(11:05) 4-D.Swift right end to PHI 31 for 3 yards (50-J.Phillips).,run,3,0,0,0,0,0,0,NA,NA,NA,NA,right,end,NA,NA,NA,NA,3,3,0,NA,NA,NA,NA,3,3,0,0,0,0,0,0,0,0,0.005054043140262365,0.05326447635889053,8.236057474277914e-4,0.10039646923542023,0.3692501485347748,0.0015643165679648519,0.4696469306945801,0,0,3.534191668382846,-0.10909345268737525,-2.6548758489079773,2.6548758489079773,-0.03724400361534208,0.03724400361534208,-2.0951928045833483,2.0951928045833483,NA,NA,0,0,-0.6462008222006261,0.6462008222006261,-1.9633880635956302,1.9633880635956302,-1.8335735513828695,1.8335735513828695,-0.26161925320047885,0.26161925320047885,0.5304117798805237,0.4695882201194763,0.4695882201194763,0.5304117798805237,-0.013120889663696289,0.010573416948318481,-0.010573416948318481,0.4827091097831726,0.5172908902168274,0.3127308189868927,0.6872691810131073,-0.019655674695968628,0.019655674695968628,-0.05800652503967285,0.05800652503967285,NA,NA,0,0,-0.03681567311286926,0.03681567311286926,-0.03936421871185303,0.03936421871185303,-0.03681567311286926,0.03681567311286926,-0.02119085192680359,0.02119085192680359,0,0,0,0,0,0,0,0,0,0,0,0,0,0,0,0,0,0,0,0,0,0,0,0,1,0,0,0,0,0,0,0,1,0,0,0,0,0,0,0,0,0,0,0,0,0,0,0,0,0,0,NA,NA,NA,NA,NA,NA,00-0036275,D.Swift,3,NA,NA,NA,NA,NA,NA,NA,NA,NA,NA,NA,NA,NA,NA,NA,NA,NA,NA,NA,NA,NA,NA,NA,NA,NA,NA,NA,NA,NA,NA,NA,NA,NA,NA,NA,NA,NA,NA,NA,NA,NA,NA,PHI,NA,00-0036934,NA,J.Phillips,NA,NA,NA,NA,NA,NA,NA,NA,NA,NA,NA,NA,NA,0,NA,NA,NA,NA,NA,NA,NA,NA,NA,NA,NA,NA,NA,NA,NA,NA,NA,NA,NA,NA,NA,NA,NA,NA,NA,NA,NA,NA,NA,NA,NA,0,NA,NA,NA,NA,0,NA,NA,0,0,0,0,NA,NA,2025,NA,NA,4,0,Turnover on downs,226,"11/28/25, 15:02:44",2025-11-28T20:07:57.750Z,Lincoln Financial Field,"Sunny Temp: 42° F, Humidity: 35%, Wind: W 18 mph",f85755f8-311e-11f0-b670-ae1250fadad1,0,0,RUSH,0,NA,2025-11-28T20:08:03.027Z,NA,1,Turnover on downs,2025-11-28T20:02:44.297Z,11,5:26,3,0,0,1,1,0,KICKOFF,DOWNS,15:00,09:34,CHI 33,PHI 25,39,293,24,15,Home,-9,39,7,43.5,0,outdoors,,NA,NA,Nick Sirianni,Ben Johnson,PHI00,Lincoln Financial Field,0,0,NA,NA,D.Swift,4,NA,NA,0,1,0,0,1,NA,00-0036275,NA,D.Swift,4,00-0036275,D.Swift,00-0036275,D.Swift,00-0036275,0,0,-0.10909345268737525,NA,NA,NA,NA,NA,0.42561960220336914,-42.561960220336914,2025,Go for it,NA,NA,NA,NA,NA,NA,NA,NA,NA,NA,Nick Sirianni,Ben Johnson,11:05,NA,NA,Go for it,Toss Up,NA,NA,NA,NA,NA,NA,NA,NA
248,2025_13_CHI_PHI,2025112800,PHI,CHI,REG,13,CHI,away,PHI,PHI,31,2025-11-28,623,1523,3323,Half1,0,1,0,1,2,0,10:23,PHI 31,7,42,(10:23) (Shotgun) 18-C.Williams pass incomplete short right to 84-C.Loveland (98-J.Carter).,pass,0,1,0,1,0,0,0,short,right,15,NA,NA,NA,NA,NA,NA,NA,3,3,0,NA,NA,NA,NA,3,3,0,0,0,0,0,0,0,0,0.004536836873739958,0.05744083225727081,6.616881582885981e-4,0.09326023608446121,0.4130665957927704,9.741270914673805e-4,0.43005967140197754,0,0,3.4250982156954706,-0.7076336272293702,-1.9472422216786072,1.9472422216786072,-0.03724400361534208,0.03724400361534208,-1.3875591773539782,1.3875591773539782,1.3387531797634438,-2.046386806992814,0,0,-0.6462008222006261,0.6462008222006261,-1.9633880635956302,1.9633880635956302,-3.1723267311463133,3.1723267311463133,1.784767553792335,-1.784767553792335,0.5172908902168274,0.4827091097831726,0.4827091097831726,0.5172908902168274,-0.032668501138687134,-0.022510677576065063,0.022510677576065063,0.5153776109218597,0.48462238907814026,0.3233042359352112,0.6766957640647888,-0.019655674695968628,0.019655674695968628,-0.025338023900985718,0.025338023900985718,0,-0.032668501138687134,0,0,-0.03681567311286926,0.03681567311286926,-0.03936421871185303,0.03936421871185303,-0.03681567311286926,0.03681567311286926,0.011477649211883545,-0.011477649211883545,0,0,0,0,0,0,0,0,1,0,0,0,0,0,0,0,0,0,0,0,0,0,0,0,0,0,0,0,0,0,0,0,0,1,0,0,0,0,0,0,0,0,0,0,0,0,0,0,0,0,0,00-0039918,C.Williams,NA,00-0040126,C.Loveland,NA,NA,NA,NA,NA,NA,NA,NA,NA,NA,NA,NA,NA,NA,NA,NA,NA,NA,NA,NA,NA,NA,NA,NA,NA,NA,NA,NA,NA,NA,NA,NA,NA,NA,NA,NA,NA,NA,NA,NA,NA,NA,NA,NA,NA,NA,NA,NA,NA,NA,NA,NA,NA,NA,NA,NA,NA,NA,NA,NA,NA,NA,NA,NA,0,NA,NA,NA,NA,NA,NA,00-0038386,J.Carter,NA,NA,NA,NA,NA,NA,NA,NA,NA,NA,NA,NA,NA,NA,NA,NA,NA,NA,NA,NA,NA,NA,NA,0,NA,NA,NA,NA,0,NA,NA,0,0,0,0,NA,NA,2025,0.5473995804786682,-54.73995804786682,4,0,Turnover on downs,248,"11/28/25, 15:02:44",2025-11-28T20:08:39.740Z,Lincoln Financial Field,"Sunny Temp: 42° F, Humidity: 35%, Wind: W 18 mph",f85755f8-311e-11f0-b670-ae1250fadad1,0,0,PASS,0,NA,2025-11-28T20:08:43.047Z,NA,1,Turnover on downs,2025-11-28T20:02:44.297Z,11,5:26,3,0,0,1,1,0,KICKOFF,DOWNS,15:00,09:34,CHI 33,PHI 25,39,293,24,15,Home,-9,39,7,43.5,0,outdoors,,NA,NA,Nick Sirianni,Ben Johnson,PHI00,Lincoln Financial Field,0,0,C.Williams,18,NA,NA,C.Loveland,84,1,0,0,0,1,00-0039918,NA,00-0040126,C.Williams,18,00-0039918,C.Loveland,00-0040126,C.Loveland,00-0040126,0,0,-0.7076336272293702,0.2568703086621045,3.004239382222295,1,1,1,0.634611189365387,36.538881063461304,2025,Go for it,NA,NA,NA,NA,NA,NA,NA,NA,NA,NA,Nick Sirianni,Ben Johnson,10:23,NA,NA,Go for it,Toss Up,NA,NA,NA,NA,NA,NA,NA,NA
271,2025_13_CHI_PHI,2025112800,PHI,CHI,REG,13,CHI,away,PHI,PHI,31,2025-11-28,619,1519,3319,Half1,0,1,0,1,3,0,10:19,PHI 31,7,42,(10:19) (Shotgun) 4-D.Swift left end to PHI 25 for 6 yards (8-A.Jackson).,run,6,1,0,0,0,0,0,NA,NA,NA,NA,left,end,NA,NA,NA,NA,3,3,0,NA,NA,NA,NA,3,3,0,0,0,0,0,0,0,0,0.004769978579133749,0.07094547152519226,7.012283313088119e-4,0.11744267493486404,0.4710191488265991,0.0010210891487076879,0.3341003656387329,0,0,2.7174645884661004,-0.18568753299769014,-1.761554688680917,1.761554688680917,0.14844352938234806,-0.14844352938234806,-1.3875591773539782,1.3875591773539782,NA,NA,0,0,-0.6462008222006261,0.6462008222006261,-1.9633880635956302,1.9633880635956302,-3.1723267311463133,3.1723267311463133,1.784767553792335,-1.784767553792335,0.48462238907814026,0.5153776109218597,0.5153776109218597,0.48462238907814026,-0.0011466443538665771,-0.012155294418334961,0.012155294418334961,0.5165242552757263,0.4834757447242737,0.3007935583591461,0.6992064416408539,-0.01850903034210205,0.01850903034210205,-0.025338023900985718,0.025338023900985718,NA,NA,0,0,-0.03681567311286926,0.03681567311286926,-0.03936421871185303,0.03936421871185303,-0.03681567311286926,0.03681567311286926,0.011477649211883545,-0.011477649211883545,0,0,0,0,0,1,0,0,0,0,0,0,0,0,0,0,0,0,0,0,0,0,0,0,1,0,0,0,0,0,0,0,1,0,0,0,0,0,0,0,0,0,0,0,0,0,0,0,0,0,0,NA,NA,NA,NA,NA,NA,00-0036275,D.Swift,6,NA,NA,NA,NA,NA,NA,NA,NA,NA,NA,NA,NA,NA,NA,NA,NA,NA,NA,NA,NA,NA,NA,NA,NA,NA,NA,NA,NA,NA,NA,NA,NA,NA,NA,NA,NA,NA,NA,NA,NA,NA,NA,PHI,NA,00-0033878,NA,A.Jackson,NA,NA,NA,NA,NA,NA,NA,NA,NA,NA,NA,NA,NA,0,NA,NA,NA,NA,NA,NA,NA,NA,NA,NA,NA,NA,NA,NA,NA,NA,NA,NA,NA,NA,NA,NA,NA,NA,NA,NA,NA,NA,NA,NA,NA,0,NA,NA,NA,NA,0,NA,NA,0,0,0,0,NA,NA,2025,NA,NA,4,0,Turnover on downs,271,"11/28/25, 15:02:44",2025-11-28T20:09:22.793Z,Lincoln Financial Field,"Sunny Temp: 42° F, Humidity: 35%, Wind: W 18 mph",f85755f8-311e-11f0-b670-ae1250fadad1,0,0,RUSH,0,NA,2025-11-28T20:09:27.807Z,NA,1,Turnover on downs,2025-11-28T20:02:44.297Z,11,5:26,3,0,0,1,1,0,KICKOFF,DOWNS,15:00,09:34,CHI 33,PHI 25,39,293,24,15,Home,-9,39,7,43.5,0,outdoors,,NA,NA,Nick Sirianni,Ben Johnson,PHI00,Lincoln Financial Field,0,0,NA,NA,D.Swift,4,NA,NA,0,1,0,0,1,NA,00-0036275,NA,D.Swift,4,00-0036275,D.Swift,00-0036275,D.Swift,00-0036275,0,0,-0.18568753299769014,NA,NA,NA,NA,NA,0.9706956148147583,-97.06956148147583,2025,Go for it,NA,NA,NA,NA,NA,NA,NA,NA,NA,NA,Nick Sirianni,Ben Johnson,10:19,NA,NA,Go for it,Toss Up,NA,NA,NA,NA,NA,NA,NA,NA
293,2025_13_CHI_PHI,2025112800,PHI,CHI,REG,13,CHI,away,PHI,PHI,25,2025-11-28,576,1476,3276,Half1,0,1,0,1,4,0,09:36,PHI 25,1,42,"(9:36) 25-K.Monangai right guard to PHI 24 for 1 yard (94-B.Young, 98-J.Carter). Philadelphia challenged the first down ruling, and the play was REVERSED. 25-K.Monangai right guard to PHI 25 for no gain (94-B.Young, 98-J.Carter).",run,0,0,0,0,0,0,0,NA,NA,NA,NA,right,guard,NA,NA,NA,NA,3,3,0,NA,NA,NA,NA,3,3,0,0,0,0,0,0,0,0,0.004825941286981106,0.07892497628927231,7.558035431429744e-4,0.12289410084486008,0.47827884554862976,9.513596305623651e-4,0.3133690059185028,0,0,2.5317770554684103,-3.9375140639021993,2.1759593752212822,-2.1759593752212822,4.085957593284547,-4.085957593284547,-1.3875591773539782,1.3875591773539782,NA,NA,0,0,-0.6462008222006261,0.6462008222006261,-1.9633880635956302,1.9633880635956302,-3.1723267311463133,3.1723267311463133,1.784767553792335,-1.784767553792335,0.4834757447242737,0.5165242552757263,0.5165242552757263,0.4834757447242737,-0.09617286920547485,-0.04787197709083557,0.04787197709083557,0.6126971244812012,0.38730287551879883,0.28863826394081116,0.7113617360591888,0.0776638388633728,-0.0776638388633728,-0.025338023900985718,0.025338023900985718,NA,NA,0,0,-0.03681567311286926,0.03681567311286926,-0.03936421871185303,0.03936421871185303,-0.03681567311286926,0.03681567311286926,0.011477649211883545,-0.011477649211883545,0,0,0,0,0,0,0,1,0,0,0,0,0,0,0,0,0,0,0,0,0,0,0,0,0,0,0,0,0,0,0,0,1,0,0,0,0,0,0,0,0,0,0,0,0,0,1,0,0,0,0,NA,NA,NA,NA,NA,NA,00-0040236,K.Monangai,0,NA,NA,NA,NA,NA,NA,NA,NA,NA,NA,NA,NA,NA,NA,NA,NA,NA,NA,NA,NA,NA,NA,NA,NA,NA,NA,NA,NA,NA,NA,NA,NA,NA,NA,NA,NA,NA,NA,NA,NA,NA,NA,NA,NA,NA,NA,NA,NA,00-0038386,J.Carter,PHI,NA,NA,NA,NA,NA,NA,NA,NA,NA,1,00-0038978,B.Young,PHI,NA,NA,NA,NA,NA,NA,NA,NA,NA,NA,NA,NA,NA,NA,NA,NA,NA,NA,NA,NA,NA,NA,NA,NA,NA,NA,NA,NA,0,NA,NA,NA,NA,1,reversed,NA,0,0,0,0,NA,NA,2025,NA,NA,4,0,Turnover on downs,293,"11/28/25, 15:02:44",2025-11-28T20:10:05.743Z,Lincoln Financial Field,"Sunny Temp: 42° F, Humidity: 35%, Wind: W 18 mph",f85755f8-311e-11f0-b670-ae1250fadad1,0,0,RUSH,0,NA,2025-11-28T20:10:09.917Z,NA,1,Turnover on downs,2025-11-28T20:02:44.297Z,11,5:26,3,0,0,1,1,0,KICKOFF,DOWNS,15:00,09:34,CHI 33,PHI 25,39,293,24,15,Home,-9,39,7,43.5,0,outdoors,,NA,NA,Nick Sirianni,Ben Johnson,PHI00,Lincoln Financial Field,0,0,NA,NA,K.Monangai,25,NA,NA,0,1,0,0,1,NA,00-0040236,NA,K.Monangai,25,00-0040236,K.Monangai,00-0040236,K.Monangai,00-0040236,0,0,-3.9375140639021993,NA,NA,NA,NA,NA,0.17851561307907104,-17.851561307907104,2025,Go for it,1.8409060432231783,0.6502496532557416,0.23467626175844095,0.34482667464340877,0.3063015251153347,0.8014288408191178,0.220805823802948,0.304514616727829,0.2878924646831029,NA,Nick Sirianni,Ben Johnson,9:36,0.8014288408191178,80,Go for it,Go for it,31,65,23,34,NA,29,30,22
342,2025_13_CHI_PHI,2025112800,PHI,CHI,REG,13,PHI,home,CHI,PHI,75,2025-11-28,574,1474,3274,Half1,0,2,0,1,1,0,09:34,PHI 25,10,15,(9:34) 26-S.Barkley left tackle to PHI 30 for 5 yards (45-A.Ogbongbemiga).,run,5,0,0,0,0,0,0,NA,NA,NA,NA,left,tackle,NA,NA,NA,NA,3,3,0,NA,NA,NA,NA,3,3,0,0,0,0,0,0,0,0,0.0094066197052598,0.13678814470767975,0.001995574217289686,0.23373545706272125,0.21362440288066864,0.003156171413138509,0.4012936055660248,0,0,1.405737008433789,0.018160007428377867,2.19411938264966,-2.19411938264966,4.104117600712925,-4.104117600712925,-1.3875591773539782,1.3875591773539782,NA,NA,0,0,-0.6462008222006261,0.6462008222006261,-1.9633880635956302,1.9633880635956302,-3.1723267311463133,3.1723267311463133,1.784767553792335,-1.784767553792335,0.6126971244812012,0.38730287551879883,0.6126971244812012,0.38730287551879883,-0.0011022090911865234,0.013405025005340576,0.013405025005340576,0.6115949153900146,0.38840508460998535,0.7592337131500244,0.7592337131500244,0.07656162977218628,-0.07656162977218628,-0.025338023900985718,0.025338023900985718,NA,NA,0,0,-0.03681567311286926,0.03681567311286926,-0.03936421871185303,0.03936421871185303,-0.03681567311286926,0.03681567311286926,0.011477649211883545,-0.011477649211883545,0,0,0,0,0,0,0,0,0,0,0,0,0,0,0,0,0,0,0,0,0,0,0,0,1,0,0,0,0,0,0,0,1,0,0,0,0,0,0,0,0,0,0,0,0,0,0,0,0,0,0,NA,NA,NA,NA,NA,NA,00-0034844,S.Barkley,5,NA,NA,NA,NA,NA,NA,NA,NA,NA,NA,NA,NA,NA,NA,NA,NA,NA,NA,NA,NA,NA,NA,NA,NA,NA,NA,NA,NA,NA,NA,NA,NA,NA,NA,NA,NA,NA,NA,NA,NA,NA,NA,CHI,NA,00-0036716,NA,A.Ogbongbemiga,NA,NA,NA,NA,NA,NA,NA,NA,NA,NA,NA,NA,NA,0,NA,NA,NA,NA,NA,NA,NA,NA,NA,NA,NA,NA,NA,NA,NA,NA,NA,NA,NA,NA,NA,NA,NA,NA,NA,NA,NA,NA,NA,NA,NA,0,NA,NA,NA,NA,0,NA,NA,0,0,0,0,NA,NA,2025,NA,NA,5,1,First down,342,"11/28/25, 15:02:44",2025-11-28T20:14:13.233Z,Lincoln Financial Field,"Sunny Temp: 42° F, Humidity: 35%, Wind: W 18 mph",f85755f8-311e-11f0-b670-ae1250fadad1,0,0,RUSH,0,NA,2025-11-28T20:14:17.540Z,NA,2,Punt,2025-11-28T20:14:13.233Z,5,2:37,1,0,0,1,1,-5,DOWNS,PUNT,09:34,06:57,PHI 25,PHI 40,342,488,24,15,Home,-9,39,7,43.5,0,outdoors,,NA,NA,Nick Sirianni,Ben Johnson,PHI00,Lincoln Financial Field,0,1,NA,NA,S.Barkley,26,NA,NA,0,1,0,0,1,NA,00-0034844,NA,S.Barkley,26,00-0034844,S.Barkley,00-0034844,S.Barkley,00-0034844,0,0,0.018160007428377867,NA,NA,NA,NA,NA,0.4973422586917877,-49.73422586917877,2025,Go for it,NA,NA,NA,NA,NA,NA,NA,NA,NA,NA,Nick Sirianni,Ben Johnson,9:34,NA,NA,Go for it,Toss Up,NA,NA,NA,NA,NA,NA,NA,NA
371,2025_13_CHI_PHI,2025112800,PHI,CHI,REG,13,PHI,home,CHI,PHI,70,2025-11-28,533,1433,3233,Half1,0,2,0,1,2,0,08:53,PHI 30,5,15,"(8:53) (Shotgun) PENALTY on PHI-11-A.Brown, False Start, 5 yards, enforced at PHI 30 - No Play.",no_play,0,1,0,0,0,0,0,NA,NA,NA,NA,NA,NA,NA,NA,NA,NA,3,3,0,NA,NA,NA,NA,3,3,0,0,0,0,0,0,0,0,0.011278360150754452,0.13668416440486908,0.0021376637741923332,0.234044149518013,0.2048770636320114,0.002989549655467272,0.40798908472061157,0,0,1.4238970158621669,-0.5859466646797955,1.6081727179698646,-1.6081727179698646,4.104117600712925,-4.104117600712925,-1.3875591773539782,1.3875591773539782,NA,NA,0,0,-0.6462008222006261,0.6462008222006261,-1.9633880635956302,1.9633880635956302,-3.1723267311463133,3.1723267311463133,1.784767553792335,-1.784767553792335,0.6115949153900146,0.38840508460998535,0.6115949153900146,0.38840508460998535,-0.013880610466003418,-0.016843736171722412,-0.016843736171722412,0.5977143049240112,0.40228569507598877,0.772638738155365,0.772638738155365,0.07656162977218628,-0.07656162977218628,-0.025338023900985718,0.025338023900985718,NA,NA,0,0,-0.03681567311286926,0.03681567311286926,-0.03936421871185303,0.03936421871185303,-0.03681567311286926,0.03681567311286926,0.011477649211883545,-0.011477649211883545,0,0,0,0,0,0,0,0,0,0,0,0,0,0,0,0,0,0,0,0,0,0,0,0,0,0,1,0,0,0,0,0,0,0,0,0,0,0,0,0,0,0,0,0,0,0,0,0,0,0,0,NA,NA,NA,NA,NA,NA,NA,NA,NA,NA,NA,NA,NA,NA,NA,NA,NA,NA,NA,NA,NA,NA,NA,NA,NA,NA,NA,NA,NA,NA,NA,NA,NA,NA,NA,NA,NA,NA,NA,NA,NA,NA,NA,NA,NA,NA,NA,NA,NA,NA,NA,NA,NA,NA,NA,NA,NA,NA,NA,NA,NA,NA,NA,NA,NA,NA,NA,NA,NA,0,NA,NA,NA,NA,NA,NA,NA,NA,NA,NA,NA,NA,NA,NA,NA,NA,NA,NA,NA,NA,NA,NA,NA,NA,NA,NA,NA,NA,NA,NA,NA,0,PHI,00-0035676,A.Brown,5,0,NA,False Start,0,0,0,0,NA,NA,2025,NA,NA,5,1,First down,371,"11/28/25, 15:02:44",2025-11-28T20:15:09Z,Lincoln Financial Field,"Sunny Temp: 42° F, Humidity: 35%, Wind: W 18 mph",f85755f8-311e-11f0-b670-ae1250fadad1,0,0,PENALTY,0,NA,NA,NA,2,Punt,2025-11-28T20:14:13.233Z,5,2:37,1,0,0,1,1,-5,DOWNS,PUNT,09:34,06:57,PHI 25,PHI 40,342,488,24,15,Home,-9,39,7,43.5,0,outdoors,,NA,NA,Nick Sirianni,Ben Johnson,PHI00,Lincoln Financial Field,0,0,NA,NA,NA,NA,NA,NA,0,0,0,0,1,NA,NA,NA,NA,NA,NA,NA,NA,NA,NA,0,0,-0.5859466646797955,NA,NA,NA,NA,NA,0.530089259147644,NA,2025,Other,NA,NA,NA,NA,NA,NA,NA,NA,NA,NA,Nick Sirianni,Ben Johnson,8:53,NA,NA,Other (Penalty),Toss Up,NA,NA,NA,NA,NA,NA,NA,NA
395,2025_13_CHI_PHI,2025112800,PHI,CHI,REG,13,PHI,home,CHI,PHI,75,2025-11-28,512,1412,3212,Half1,0,2,0,1,2,0,08:32,PHI 25,10,15,(8:32) (Shotgun) 1-J.Hurts pass short right to 11-A.Brown to PHI 35 for 10 yards (35-C.Gardner-Johnson).,pass,10,1,0,1,0,0,0,short,right,5,5,NA,NA,NA,NA,NA,NA,3,3,0,NA,NA,NA,NA,3,3,0,0,0,0,0,0,0,0,0.012852405197918415,0.1503521353006363,0.0021461816504597664,0.2673880159854889,0.19749939441680908,0.003163298824802041,0.36659863591194153,0,0,0.8379503511823714,1.146163024706766,2.7543357426766306,-2.7543357426766306,4.104117600712925,-4.104117600712925,-0.24139615264721215,0.24139615264721215,-0.23764659045264125,1.3838096151594073,-0.23764659045264125,1.3838096151594073,-0.8838474126532674,0.8838474126532674,-0.579578448436223,0.579578448436223,-3.4099733215989545,3.4099733215989545,3.1685771689517424,-3.1685771689517424,0.5977143049240112,0.40228569507598877,0.5977143049240112,0.40228569507598877,0.0369030237197876,0.008091390132904053,0.008091390132904053,0.6346173286437988,0.36538267135620117,0.7557950019836426,0.7557950019836426,0.07656162977218628,-0.07656162977218628,0.01156499981880188,-0.01156499981880188,0,0.0369030237197876,0,0.0369030237197876,-0.03681567311286926,0.03681567311286926,-0.0024611949920654297,0.0024611949920654297,-0.03681567311286926,0.03681567311286926,0.04838067293167114,-0.04838067293167114,0,0,1,0,0,0,0,0,0,0,0,0,0,0,0,0,0,0,0,0,0,0,0,0,1,0,0,0,0,0,0,0,0,1,0,0,0,0,0,0,0,0,0,0,0,1,0,0,0,0,0,00-0036389,J.Hurts,10,00-0035676,A.Brown,10,NA,NA,NA,NA,NA,NA,NA,NA,NA,NA,NA,NA,NA,NA,NA,NA,NA,NA,NA,NA,NA,NA,NA,NA,NA,NA,NA,NA,NA,NA,NA,NA,NA,NA,NA,NA,NA,NA,NA,NA,NA,NA,NA,NA,NA,CHI,NA,00-0035253,NA,C.Gardner-Johnson,NA,NA,NA,NA,NA,NA,NA,NA,NA,NA,NA,NA,NA,0,NA,NA,NA,NA,NA,NA,NA,NA,NA,NA,NA,NA,NA,NA,NA,NA,NA,NA,NA,NA,NA,NA,NA,NA,NA,NA,NA,NA,NA,NA,NA,0,NA,NA,NA,NA,0,NA,NA,0,0,0,0,NA,NA,2025,0.7669289708137512,23.307102918624878,5,1,First down,395,"11/28/25, 15:02:44",2025-11-28T20:15:29.520Z,Lincoln Financial Field,"Sunny Temp: 42° F, Humidity: 35%, Wind: W 18 mph",f85755f8-311e-11f0-b670-ae1250fadad1,0,0,PASS,0,NA,2025-11-28T20:15:34.260Z,NA,2,Punt,2025-11-28T20:14:13.233Z,5,2:37,1,0,0,1,1,-5,DOWNS,PUNT,09:34,06:57,PHI 25,PHI 40,342,488,24,15,Home,-9,39,7,43.5,0,outdoors,,NA,NA,Nick Sirianni,Ben Johnson,PHI00,Lincoln Financial Field,0,1,J.Hurts,1,NA,NA,A.Brown,11,1,0,1,0,1,00-0036389,NA,00-0035676,J.Hurts,1,00-0036389,A.Brown,00-0035676,A.Brown,00-0035676,0,0,1.146163024706766,0.7427995301870889,3.8792961643848685,2,0.5781610746926162,0.2593794156855438,0.5665914416313171,43.340855836868286,2025,Go for it,NA,NA,NA,NA,NA,NA,NA,NA,NA,NA,Nick Sirianni,Ben Johnson,8:32,NA,NA,Go for it,Toss Up,NA,NA,NA,NA,NA,NA,NA,NA
420,2025_13_CHI_PHI,2025112800,PHI,CHI,REG,13,PHI,home,CHI,PHI,65,2025-11-28,476,1376,3176,Half1,0,2,0,1,1,0,07:56,PHI 35,10,15,(7:56) (Shotgun) 26-S.Barkley left tackle to PHI 40 for 5 yards (99-G.Dexter; 94-A.Booker).,run,5,1,0,0,0,0,0,NA,NA,NA,NA,left,tackle,NA,NA,NA,NA,3,3,0,NA,NA,NA,NA,3,3,0,0,0,0,0,0,0,0,0.01454697735607624,0.11509628593921661,0.0017670098459348083,0.20013190805912018,0.2312055230140686,0.004104575142264366,0.43314769864082336,0,0,1.9841133758891374,0.07828946877270937,2.83262521144934,-2.83262521144934,4.182407069485635,-4.182407069485635,-0.24139615264721215,0.24139615264721215,NA,NA,0,0,-0.8838474126532674,0.8838474126532674,-0.579578448436223,0.579578448436223,-3.4099733215989545,3.4099733215989545,3.1685771689517424,-3.1685771689517424,0.6346173286437988,0.36538267135620117,0.6346173286437988,0.36538267135620117,-0.0038172006607055664,0.019751787185668945,0.019751787185668945,0.6308001279830933,0.36919987201690674,0.7638863921165466,0.7638863921165466,0.07274442911148071,-0.07274442911148071,0.01156499981880188,-0.01156499981880188,NA,NA,0,0,-0.03681567311286926,0.03681567311286926,-0.0024611949920654297,0.0024611949920654297,-0.03681567311286926,0.03681567311286926,0.04838067293167114,-0.04838067293167114,0,0,0,0,0,0,0,0,0,0,0,0,0,0,0,0,0,0,0,0,0,0,0,0,0,0,0,0,0,0,0,0,1,0,0,0,0,0,0,0,0,0,0,0,0,0,1,0,0,0,0,NA,NA,NA,NA,NA,NA,00-0034844,S.Barkley,5,NA,NA,NA,NA,NA,NA,NA,NA,NA,NA,NA,NA,NA,NA,NA,NA,NA,NA,NA,NA,NA,NA,NA,NA,NA,NA,NA,NA,NA,NA,NA,NA,NA,NA,NA,NA,NA,NA,NA,NA,NA,NA,NA,NA,NA,NA,NA,NA,00-0039070,G.Dexter,CHI,00-0039840,A.Booker,CHI,NA,NA,NA,NA,NA,NA,0,NA,NA,NA,NA,NA,NA,NA,NA,NA,NA,NA,NA,NA,NA,NA,NA,NA,NA,NA,NA,NA,NA,NA,NA,NA,NA,NA,NA,NA,NA,NA,0,NA,NA,NA,NA,0,NA,NA,0,0,0,0,NA,NA,2025,NA,NA,6,0,Punt,420,"11/28/25, 15:02:44",2025-11-28T20:16:06.460Z,Lincoln Financial Field,"Sunny Temp: 42° F, Humidity: 35%, Wind: W 18 mph",f85755f8-311e-11f0-b670-ae1250fadad1,0,0,RUSH,0,NA,2025-11-28T20:16:10.767Z,NA,2,Punt,2025-11-28T20:14:13.233Z,5,2:37,1,0,0,1,1,-5,DOWNS,PUNT,09:34,06:57,PHI 25,PHI 40,342,488,24,15,Home,-9,39,7,43.5,0,outdoors,,NA,NA,Nick Sirianni,Ben Johnson,PHI00,Lincoln Financial Field,0,1,NA,NA,S.Barkley,26,NA,NA,0,1,0,0,1,NA,00-0034844,NA,S.Barkley,26,00-0034844,S.Barkley,00-0034844,S.Barkley,00-0034844,0,0,0.07828946877270937,NA,NA,NA,NA,NA,0.5027607083320618,-50.27607083320618,2025,Go for it,NA,NA,NA,NA,NA,NA,NA,NA,NA,NA,Nick Sirianni,Ben Johnson,7:56,NA,NA,Go for it,Toss Up,NA,NA,NA,NA,NA,NA,NA,NA
442,2025_13_CHI_PHI,2025112800,PHI,CHI,REG,13,PHI,home,CHI,PHI,60,2025-11-28,436,1336,3136,Half1,0,2,0,1,2,0,07:16,PHI 40,5,15,(7:16) (Shotgun) 1-J.Hurts pass incomplete short right to 6-D.Smith.,pass,0,1,0,1,0,0,0,short,right,10,NA,NA,NA,NA,NA,NA,NA,3,3,0,NA,NA,NA,NA,3,3,0,0,0,0,0,0,0,0,0.01488541904836893,0.10993507504463196,0.0017661208985373378,0.1978415995836258,0.23142775893211365,0.004532007500529289,0.4396120309829712,0,0,2.0624028446618468,-0.8688106334302574,1.9638145780190825,-1.9638145780190825,4.182407069485635,-4.182407069485635,-1.1102067860774696,1.1102067860774696,0.9532334066461772,-1.8220440400764346,0,0,-0.8838474126532674,0.8838474126532674,-0.579578448436223,0.579578448436223,-2.4567399149527773,2.4567399149527773,1.3465331288753077,-1.3465331288753077,0.6308001279830933,0.36919987201690674,0.6308001279830933,0.36919987201690674,-0.025033414363861084,-0.017137348651885986,-0.017137348651885986,0.6057667136192322,0.3942332863807678,0.7836381793022156,0.7836381793022156,0.07274442911148071,-0.07274442911148071,-0.013468414545059204,0.013468414545059204,0,-0.025033414363861084,0,0,-0.03681567311286926,0.03681567311286926,-0.0024611949920654297,0.0024611949920654297,-0.03681567311286926,0.03681567311286926,0.02334725856781006,-0.02334725856781006,0,0,0,0,0,0,0,0,1,0,0,0,0,0,0,0,0,0,0,0,0,0,0,0,0,0,0,0,0,0,0,0,0,1,0,0,0,0,0,0,0,0,0,0,0,0,0,0,0,0,0,00-0036389,J.Hurts,NA,00-0036912,D.Smith,NA,NA,NA,NA,NA,NA,NA,NA,NA,NA,NA,NA,NA,NA,NA,NA,NA,NA,NA,NA,NA,NA,NA,NA,NA,NA,NA,NA,NA,NA,NA,NA,NA,NA,NA,NA,NA,NA,NA,NA,NA,NA,NA,NA,NA,NA,NA,NA,NA,NA,NA,NA,NA,NA,NA,NA,NA,NA,NA,NA,NA,NA,NA,NA,0,NA,NA,NA,NA,NA,NA,NA,NA,NA,NA,NA,NA,NA,NA,NA,NA,NA,NA,NA,NA,NA,NA,NA,NA,NA,NA,NA,NA,NA,NA,NA,0,NA,NA,NA,NA,0,NA,NA,0,0,0,0,NA,NA,2025,0.6447699069976807,-64.47699069976807,6,0,Punt,442,"11/28/25, 15:02:44",2025-11-28T20:16:45.533Z,Lincoln Financial Field,"Sunny Temp: 42° F, Humidity: 35%, Wind: W 18 mph",f85755f8-311e-11f0-b670-ae1250fadad1,0,0,PASS,0,NA,2025-11-28T20:16:49.407Z,NA,2,Punt,2025-11-28T20:14:13.233Z,5,2:37,1,0,0,1,1,-5,DOWNS,PUNT,09:34,06:57,PHI 25,PHI 40,342,488,24,15,Home,-9,39,7,43.5,0,outdoors,,NA,NA,Nick Sirianni,Ben Johnson,PHI00,Lincoln Financial Field,0,0,J.Hurts,1,NA,NA,D.Smith,6,1,0,0,0,1,00-0036389,NA,00-0036912,J.Hurts,1,00-0036389,D.Smith,00-0036912,D.Smith,00-0036912,0,0,-0.8688106334302574,0.20386938493370832,3.6448499319085386,1,1,1,0.5211418867111206,47.88581132888794,2025,Go for it,NA,NA,NA,NA,NA,NA,NA,NA,NA,NA,Nick Sirianni,Ben Johnson,7:16,NA,NA,Go for it,Toss Up,NA,NA,NA,NA,NA,NA,NA,NA
465,2025_13_CHI_PHI,2025112800,PHI,CHI,REG,13,PHI,home,CHI,PHI,60,2025-11-28,432,1332,3132,Half1,0,2,0,1,3,0,07:12,PHI 40,5,15,(7:12) (Shotgun) 1-J.Hurts pass incomplete short right.,pass,0,1,0,1,0,0,0,short,right,8,NA,NA,NA,NA,NA,NA,NA,3,3,0,NA,NA,NA,NA,3,3,0,0,0,0,0,0,0,0,0.01583986170589924,0.13669340312480927,0.0019310605712234974,0.24634331464767456,0.20939981937408447,0.004961855243891478,0.38483065366744995,0,0,1.1935922112315893,-1.5428462391719222,0.42096833884716034,-0.42096833884716034,4.182407069485635,-4.182407069485635,-2.653053025249392,2.653053025249392,1.7204229906201363,-3.2632692297920585,0,0,-0.8838474126532674,0.8838474126532674,-0.579578448436223,0.579578448436223,-0.7363169243326411,0.7363169243326411,-1.9167361009167507,1.9167361009167507,0.6057667136192322,0.3942332863807678,0.6057667136192322,0.3942332863807678,-0.021400034427642822,-0.02298206090927124,-0.02298206090927124,0.5843666791915894,0.41563332080841064,0.7665008306503296,0.7665008306503296,0.07274442911148071,-0.07274442911148071,-0.034868448972702026,0.034868448972702026,0,-0.021400034427642822,0,0,-0.03681567311286926,0.03681567311286926,-0.0024611949920654297,0.0024611949920654297,-0.03681567311286926,0.03681567311286926,0.0019472241401672363,-0.0019472241401672363,0,0,0,0,0,1,0,0,1,0,0,0,0,0,0,0,0,0,0,0,0,0,0,0,0,0,0,0,0,0,0,0,0,1,0,0,0,0,0,0,0,0,0,0,0,0,0,0,0,0,0,00-0036389,J.Hurts,NA,NA,NA,NA,NA,NA,NA,NA,NA,NA,NA,NA,NA,NA,NA,NA,NA,NA,NA,NA,NA,NA,NA,NA,NA,NA,NA,NA,NA,NA,NA,NA,NA,NA,NA,NA,NA,NA,NA,NA,NA,NA,NA,NA,NA,NA,NA,NA,NA,NA,NA,NA,NA,NA,NA,NA,NA,NA,NA,NA,NA,NA,NA,NA,NA,NA,NA,0,NA,NA,NA,NA,NA,NA,NA,NA,NA,NA,NA,NA,NA,NA,NA,NA,NA,NA,NA,NA,NA,NA,NA,NA,NA,NA,NA,NA,NA,NA,NA,0,NA,NA,NA,NA,0,NA,NA,0,0,0,0,NA,NA,2025,NA,NA,6,0,Punt,465,"11/28/25, 15:02:44",2025-11-28T20:17:27.910Z,Lincoln Financial Field,"Sunny Temp: 42° F, Humidity: 35%, Wind: W 18 mph",f85755f8-311e-11f0-b670-ae1250fadad1,0,0,PASS,0,NA,2025-11-28T20:17:35.587Z,NA,2,Punt,2025-11-28T20:14:13.233Z,5,2:37,1,0,0,1,1,-5,DOWNS,PUNT,09:34,06:57,PHI 25,PHI 40,342,488,24,15,Home,-9,39,7,43.5,0,outdoors,,NA,NA,Nick Sirianni,Ben Johnson,PHI00,Lincoln Financial Field,0,0,J.Hurts,1,NA,NA,NA,NA,1,0,0,0,1,00-0036389,NA,NA,J.Hurts,1,00-0036389,NA,NA,NA,NA,0,0,-1.5428462391719222,NA,NA,NA,NA,NA,0.9690773487091064,3.0922651290893555,2025,Go for it,NA,NA,NA,NA,NA,NA,NA,NA,NA,NA,Nick Sirianni,Ben Johnson,7:12,NA,NA,Go for it,Toss Up,NA,NA,NA,NA,NA,NA,NA,NA
488,2025_13_CHI_PHI,2025112800,PHI,CHI,REG,13,PHI,home,CHI,PHI,60,2025-11-28,425,1325,3125,Half1,0,2,0,1,4,0,07:05,PHI 40,5,15,"(7:05) 10-B.Mann punts 38 yards to CHI 22, Center-57-C.Adomitis, fair catch by 12-D.Duvernay.",punt,0,0,0,0,0,0,0,NA,NA,NA,NA,NA,NA,NA,38,NA,NA,3,3,0,NA,NA,NA,NA,3,3,0,0,0,0,0,0,0,0,0.01854957826435566,0.18303528428077698,0.0025421245954930782,0.33603668212890625,0.15530653297901154,0.008087114430963993,0.2964427173137665,0,0,-0.3492540279403329,-0.1264819367788732,0.29448640206828713,-0.29448640206828713,4.182407069485635,-4.182407069485635,-2.653053025249392,2.653053025249392,NA,NA,0,0,-0.8838474126532674,0.8838474126532674,-0.579578448436223,0.579578448436223,-0.7363169243326411,0.7363169243326411,-1.9167361009167507,1.9167361009167507,0.5843666791915894,0.41563332080841064,0.5843666791915894,0.41563332080841064,-0.017673075199127197,-0.01805812120437622,-0.01805812120437622,0.5666936039924622,0.43330639600753784,0.7435187697410583,0.7435187697410583,0.07274442911148071,-0.07274442911148071,-0.034868448972702026,0.034868448972702026,NA,NA,0,0,-0.03681567311286926,0.03681567311286926,-0.0024611949920654297,0.0024611949920654297,-0.03681567311286926,0.03681567311286926,0.0019472241401672363,-0.0019472241401672363,0,0,0,0,0,0,0,0,0,0,0,0,0,0,0,1,0,0,0,0,0,0,0,0,0,0,0,0,0,0,0,0,0,0,0,0,0,0,0,0,0,0,0,1,0,0,0,0,0,0,0,NA,NA,NA,NA,NA,NA,NA,NA,NA,NA,NA,NA,NA,NA,NA,NA,NA,NA,NA,NA,NA,00-0036331,D.Duvernay,NA,NA,NA,NA,NA,NA,00-0036313,B.Mann,NA,NA,NA,NA,NA,NA,NA,NA,NA,NA,NA,NA,NA,NA,NA,NA,NA,NA,NA,NA,NA,NA,NA,NA,NA,NA,NA,NA,NA,NA,NA,NA,NA,NA,NA,NA,NA,NA,0,NA,NA,NA,NA,NA,NA,NA,NA,NA,NA,NA,NA,NA,NA,NA,NA,NA,NA,NA,NA,NA,NA,NA,NA,NA,NA,NA,NA,NA,NA,CHI,0,NA,NA,NA,NA,0,NA,NA,0,0,0,0,NA,NA,2025,NA,NA,6,0,Punt,488,"11/28/25, 15:02:44",2025-11-28T20:18:08.353Z,Lincoln Financial Field,"Sunny Temp: 42° F, Humidity: 35%, Wind: W 18 mph",f85755f8-311e-11f0-b670-ae1250fadad1,0,0,PUNT,1,NA,2025-11-28T20:18:13.553Z,NA,2,Punt,2025-11-28T20:14:13.233Z,5,2:37,1,0,0,1,1,-5,DOWNS,PUNT,09:34,06:57,PHI 25,PHI 40,342,488,24,15,Home,-9,39,7,43.5,0,outdoors,,NA,NA,Nick Sirianni,Ben Johnson,PHI00,Lincoln Financial Field,0,0,NA,NA,NA,NA,NA,NA,0,0,0,1,0,NA,NA,NA,NA,NA,NA,NA,NA,NA,NA,0,0,-0.1264819367788732,NA,NA,NA,NA,NA,NA,NA,2025,Punt,-0.10465350559594189,0.44600063461984973,0.6788852934932125,0.8110800443765924,0.7378442551990535,0,0.6671525537967682,0.7818047478795052,0.6671525537967682,0.7388907902550129,Nick Sirianni,Ben Johnson,7:05,0,0,Punt,Punt,74,45,68,81,74,67,78,67
508,2025_13_CHI_PHI,2025112800,PHI,CHI,REG,13,CHI,away,PHI,CHI,78,2025-11-28,417,1317,3117,Half1,0,3,0,1,1,0,06:57,CHI 22,10,78,(6:57) 25-K.Monangai right guard to CHI 39 for 17 yards (21-S.Brown).,run,17,0,0,0,0,0,0,NA,NA,NA,NA,right,guard,NA,NA,NA,NA,3,3,0,NA,NA,NA,NA,3,3,0,0,0,0,0,0,0,0,0.01728280447423458,0.15141062438488007,0.002464495599269867,0.2901909649372101,0.19711162149906158,0.0031755503732711077,0.3383639454841614,0,0,0.4757359647192061,1.2771628077607602,-0.982676405692473,0.982676405692473,2.9052442617248744,-2.9052442617248744,-2.653053025249392,2.653053025249392,NA,NA,0,0,-0.8838474126532674,0.8838474126532674,-0.579578448436223,0.579578448436223,-0.7363169243326411,0.7363169243326411,-1.9167361009167507,1.9167361009167507,0.43330639600753784,0.5666936039924622,0.5666936039924622,0.43330639600753784,0.030138015747070312,0.02376919984817505,-0.02376919984817505,0.5365555882453918,0.46344441175460815,0.27453935146331787,0.7254606485366821,0.0426064133644104,-0.0426064133644104,-0.034868448972702026,0.034868448972702026,NA,NA,0,0,-0.03681567311286926,0.03681567311286926,-0.0024611949920654297,0.0024611949920654297,-0.03681567311286926,0.03681567311286926,0.0019472241401672363,-0.0019472241401672363,0,1,0,0,0,0,0,0,0,0,0,0,0,0,0,0,0,0,0,0,0,0,0,0,1,0,0,0,0,0,0,0,1,0,0,0,0,0,0,0,0,0,0,0,0,0,0,0,0,0,0,NA,NA,NA,NA,NA,NA,00-0040236,K.Monangai,17,NA,NA,NA,NA,NA,NA,NA,NA,NA,NA,NA,NA,NA,NA,NA,NA,NA,NA,NA,NA,NA,NA,NA,NA,NA,NA,NA,NA,NA,NA,NA,NA,NA,NA,NA,NA,NA,NA,NA,NA,NA,NA,PHI,NA,00-0039002,NA,S.Brown,NA,NA,NA,NA,NA,NA,NA,NA,NA,NA,NA,NA,NA,0,NA,NA,NA,NA,NA,NA,NA,NA,NA,NA,NA,NA,NA,NA,NA,NA,NA,NA,NA,NA,NA,NA,NA,NA,NA,NA,NA,NA,NA,NA,NA,0,NA,NA,NA,NA,0,NA,NA,0,0,0,0,NA,NA,2025,NA,NA,7,1,First down,508,"11/28/25, 15:02:44",2025-11-28T20:21:11.733Z,Lincoln Financial Field,"Sunny Temp: 42° F, Humidity: 35%, Wind: W 18 mph",f85755f8-311e-11f0-b670-ae1250fadad1,0,0,RUSH,0,NA,2025-11-28T20:21:17.373Z,NA,3,Touchdown,2025-11-28T20:21:11.733Z,11,5:26,5,1,1,1,1,0,PUNT,TOUCHDOWN,06:57,01:31,CHI 22,PHI 3,508,766,24,15,Home,-9,39,7,43.5,0,outdoors,,NA,NA,Nick Sirianni,Ben Johnson,PHI00,Lincoln Financial Field,0,1,NA,NA,K.Monangai,25,NA,NA,0,1,1,0,1,NA,00-0040236,NA,K.Monangai,25,00-0040236,K.Monangai,00-0040236,K.Monangai,00-0040236,0,0,1.2771628077607602,NA,NA,NA,NA,NA,0.4601094722747803,-46.01094722747803,2025,Go for it,NA,NA,NA,NA,NA,NA,NA,NA,NA,NA,Nick Sirianni,Ben Johnson,6:57,NA,NA,Go for it,Toss Up,NA,NA,NA,NA,NA,NA,NA,NA
537,2025_13_CHI_PHI,2025112800,PHI,CHI,REG,13,CHI,away,PHI,CHI,61,2025-11-28,387,1287,3087,Half1,0,3,0,1,1,0,06:27,CHI 39,10,78,(6:27) (Shotgun) 18-C.Williams pass short right to 10-L.Burden to CHI 45 for 6 yards (17-N.Dean).,pass,6,1,0,1,0,0,0,short,right,6,0,NA,NA,NA,NA,NA,NA,3,3,0,NA,NA,NA,NA,3,3,0,0,0,0,0,0,0,0,0.017685681581497192,0.10878759622573853,0.0018963053589686751,0.21412892639636993,0.25027796626091003,0.0038883397355675697,0.40333515405654907,0,0,1.7528987724799663,0.2961045424453914,-1.2787809481378645,1.2787809481378645,2.9052442617248744,-2.9052442617248744,-2.949157567694783,2.949157567694783,0.2961045424453914,0,0.2961045424453914,0,-1.1799519550986588,1.1799519550986588,-0.579578448436223,0.579578448436223,-1.0324214667780325,1.0324214667780325,-1.9167361009167507,1.9167361009167507,0.46344441175460815,0.5365555882453918,0.5365555882453918,0.46344441175460815,-0.0047296881675720215,0.008121222257614136,-0.008121222257614136,0.5412852764129639,0.45871472358703613,0.2983085513114929,0.7016914486885071,0.0426064133644104,-0.0426064133644104,-0.030138760805130005,0.030138760805130005,-0.0047296881675720215,0,-0.0047296881675720215,0,-0.03208598494529724,0.03208598494529724,-0.0024611949920654297,0.0024611949920654297,-0.03208598494529724,0.03208598494529724,0.0019472241401672363,-0.0019472241401672363,0,0,0,0,0,0,0,0,0,0,0,0,0,0,0,0,0,0,0,0,0,0,0,0,1,0,0,0,0,0,0,0,0,1,0,0,0,0,0,0,0,0,0,0,0,1,0,0,0,0,0,00-0039918,C.Williams,6,00-0040735,L.Burden,6,NA,NA,NA,NA,NA,NA,NA,NA,NA,NA,NA,NA,NA,NA,NA,NA,NA,NA,NA,NA,NA,NA,NA,NA,NA,NA,NA,NA,NA,NA,NA,NA,NA,NA,NA,NA,NA,NA,NA,NA,NA,NA,NA,NA,NA,PHI,NA,00-0037615,NA,N.Dean,NA,NA,NA,NA,NA,NA,NA,NA,NA,NA,NA,NA,NA,0,NA,NA,NA,NA,NA,NA,NA,NA,NA,NA,NA,NA,NA,NA,NA,NA,NA,NA,NA,NA,NA,NA,NA,NA,NA,NA,NA,NA,NA,NA,NA,0,NA,NA,NA,NA,0,NA,NA,0,0,0,0,NA,NA,2025,0.7560366988182068,24.39633011817932,8,1,First down,537,"11/28/25, 15:02:44",2025-11-28T20:21:42.430Z,Lincoln Financial Field,"Sunny Temp: 42° F, Humidity: 35%, Wind: W 18 mph",f85755f8-311e-11f0-b670-ae1250fadad1,0,0,PASS,0,NA,2025-11-28T20:21:46.200Z,NA,3,Touchdown,2025-11-28T20:21:11.733Z,11,5:26,5,1,1,1,1,0,PUNT,TOUCHDOWN,06:57,01:31,CHI 22,PHI 3,508,766,24,15,Home,-9,39,7,43.5,0,outdoors,,NA,NA,Nick Sirianni,Ben Johnson,PHI00,Lincoln Financial Field,0,1,C.Williams,18,NA,NA,L.Burden,10,1,0,0,0,1,00-0039918,NA,00-0040735,C.Williams,18,00-0039918,L.Burden,00-0040735,L.Burden,00-0040735,0,0,0.2961045424453914,0.38144862476564234,3.680345061889966,2,0.9955499231000431,0.3225617495481856,0.4656134843826294,53.43865156173706,2025,Go for it,NA,NA,NA,NA,NA,NA,NA,NA,NA,NA,Nick Sirianni,Ben Johnson,6:27,NA,NA,Go for it,Toss Up,NA,NA,NA,NA,NA,NA,NA,NA
562,2025_13_CHI_PHI,2025112800,PHI,CHI,REG,13,CHI,away,PHI,CHI,55,2025-11-28,353,1253,3053,Half1,0,3,0,1,2,0,05:53,CHI 45,4,78,(5:53) 25-K.Monangai left tackle to 50 for 5 yards (53-Z.Baun).,run,5,0,0,0,0,0,0,NA,NA,NA,NA,left,tackle,NA,NA,NA,NA,3,3,0,NA,NA,NA,NA,3,3,0,0,0,0,0,0,0,0,0.017576314508914948,0.10811154544353485,0.0015304196858778596,0.19512932002544403,0.24492277204990387,0.00431431271135807,0.42841529846191406,0,0,2.0490033149253577,0.5042665607761592,-1.7830475089140236,1.7830475089140236,2.400977700948715,-2.400977700948715,-2.949157567694783,2.949157567694783,NA,NA,0,0,-1.1799519550986588,1.1799519550986588,-0.579578448436223,0.579578448436223,-1.0324214667780325,1.0324214667780325,-1.9167361009167507,1.9167361009167507,0.45871472358703613,0.5412852764129639,0.5412852764129639,0.45871472358703613,0.029997140169143677,0.018173784017562866,-0.018173784017562866,0.5112881362438202,0.4887118637561798,0.30642977356910706,0.6935702264308929,0.012609273195266724,-0.012609273195266724,-0.030138760805130005,0.030138760805130005,NA,NA,0,0,-0.03208598494529724,0.03208598494529724,-0.0024611949920654297,0.0024611949920654297,-0.03208598494529724,0.03208598494529724,0.0019472241401672363,-0.0019472241401672363,0,1,0,0,0,0,0,0,0,0,0,0,0,0,0,0,0,0,0,0,0,0,0,0,1,0,0,0,0,0,0,0,1,0,0,0,0,0,0,0,0,0,0,0,0,0,0,0,0,0,0,NA,NA,NA,NA,NA,NA,00-0040236,K.Monangai,5,NA,NA,NA,NA,NA,NA,NA,NA,NA,NA,NA,NA,NA,NA,NA,NA,NA,NA,NA,NA,NA,NA,NA,NA,NA,NA,NA,NA,NA,NA,NA,NA,NA,NA,NA,NA,NA,NA,NA,NA,NA,NA,PHI,NA,00-0036418,NA,Z.Baun,NA,NA,NA,NA,NA,NA,NA,NA,NA,NA,NA,NA,NA,0,NA,NA,NA,NA,NA,NA,NA,NA,NA,NA,NA,NA,NA,NA,NA,NA,NA,NA,NA,NA,NA,NA,NA,NA,NA,NA,NA,NA,NA,NA,NA,0,NA,NA,NA,NA,0,NA,NA,0,0,0,0,NA,NA,2025,NA,NA,8,1,First down,562,"11/28/25, 15:02:44",2025-11-28T20:22:16.637Z,Lincoln Financial Field,"Sunny Temp: 42° F, Humidity: 35%, Wind: W 18 mph",f85755f8-311e-11f0-b670-ae1250fadad1,0,0,RUSH,0,NA,2025-11-28T20:22:20.773Z,NA,3,Touchdown,2025-11-28T20:21:11.733Z,11,5:26,5,1,1,1,1,0,PUNT,TOUCHDOWN,06:57,01:31,CHI 22,PHI 3,508,766,24,15,Home,-9,39,7,43.5,0,outdoors,,NA,NA,Nick Sirianni,Ben Johnson,PHI00,Lincoln Financial Field,0,1,NA,NA,K.Monangai,25,NA,NA,0,1,1,0,1,NA,00-0040236,NA,K.Monangai,25,00-0040236,K.Monangai,00-0040236,K.Monangai,00-0040236,0,0,0.5042665607761592,NA,NA,NA,NA,NA,0.4225781559944153,-42.25781559944153,2025,Go for it,NA,NA,NA,NA,NA,NA,NA,NA,NA,NA,Nick Sirianni,Ben Johnson,5:53,NA,NA,Go for it,Toss Up,NA,NA,NA,NA,NA,NA,NA,NA
584,2025_13_CHI_PHI,2025112800,PHI,CHI,REG,13,CHI,away,PHI,50,50,2025-11-28,314,1214,3014,Half1,0,3,0,1,1,0,05:14,MID 50,10,78,(5:14) 25-K.Monangai up the middle to PHI 45 for 5 yards (32-R.Blankenship).,run,5,0,0,0,0,0,0,NA,NA,NA,NA,middle,NA,NA,NA,NA,NA,3,3,0,NA,NA,NA,NA,3,3,0,0,0,0,0,0,0,0,0.014738436788320541,0.09083305299282074,0.0012079116422683,0.1622391641139984,0.28299111127853394,0.004209272563457489,0.4437810182571411,0,0,2.553269875701517,0.056526217609643936,-1.8395737265236676,1.8395737265236676,2.3444514833390713,-2.3444514833390713,-2.949157567694783,2.949157567694783,NA,NA,0,0,-1.1799519550986588,1.1799519550986588,-0.579578448436223,0.579578448436223,-1.0324214667780325,1.0324214667780325,-1.9167361009167507,1.9167361009167507,0.4887118637561798,0.5112881362438202,0.5112881362438202,0.4887118637561798,-0.013050973415374756,-0.03204962611198425,0.03204962611198425,0.524339109659195,0.47566089034080505,0.3246035575866699,0.6753964424133301,0.02566024661064148,-0.02566024661064148,-0.030138760805130005,0.030138760805130005,NA,NA,0,0,-0.03208598494529724,0.03208598494529724,-0.0024611949920654297,0.0024611949920654297,-0.03208598494529724,0.03208598494529724,0.0019472241401672363,-0.0019472241401672363,0,0,0,0,0,0,0,0,0,0,0,0,0,0,0,0,0,0,0,0,0,0,0,0,1,0,0,0,0,0,0,0,1,0,0,0,0,0,0,0,0,0,0,0,0,0,0,0,0,0,0,NA,NA,NA,NA,NA,NA,00-0040236,K.Monangai,5,NA,NA,NA,NA,NA,NA,NA,NA,NA,NA,NA,NA,NA,NA,NA,NA,NA,NA,NA,NA,NA,NA,NA,NA,NA,NA,NA,NA,NA,NA,NA,NA,NA,NA,NA,NA,NA,NA,NA,NA,NA,NA,PHI,NA,00-0037130,NA,R.Blankenship,NA,NA,NA,NA,NA,NA,NA,NA,NA,NA,NA,NA,NA,0,NA,NA,NA,NA,NA,NA,NA,NA,NA,NA,NA,NA,NA,NA,NA,NA,NA,NA,NA,NA,NA,NA,NA,NA,NA,NA,NA,NA,NA,NA,NA,0,NA,NA,NA,NA,0,NA,NA,0,0,0,0,NA,NA,2025,NA,NA,9,1,First down,584,"11/28/25, 15:02:44",2025-11-28T20:22:54.957Z,Lincoln Financial Field,"Sunny Temp: 42° F, Humidity: 35%, Wind: W 18 mph",f85755f8-311e-11f0-b670-ae1250fadad1,0,0,RUSH,0,NA,2025-11-28T20:22:58.997Z,NA,3,Touchdown,2025-11-28T20:21:11.733Z,11,5:26,5,1,1,1,1,0,PUNT,TOUCHDOWN,06:57,01:31,CHI 22,PHI 3,508,766,24,15,Home,-9,39,7,43.5,0,outdoors,,NA,NA,Nick Sirianni,Ben Johnson,PHI00,Lincoln Financial Field,0,1,NA,NA,K.Monangai,25,NA,NA,0,1,0,0,1,NA,00-0040236,NA,K.Monangai,25,00-0040236,K.Monangai,00-0040236,K.Monangai,00-0040236,0,0,0.056526217609643936,NA,NA,NA,NA,NA,0.46277669072151184,-46.277669072151184,2025,Go for it,NA,NA,NA,NA,NA,NA,NA,NA,NA,NA,Nick Sirianni,Ben Johnson,5:14,NA,NA,Go for it,Toss Up,NA,NA,NA,NA,NA,NA,NA,NA
606,2025_13_CHI_PHI,2025112800,PHI,CHI,REG,13,CHI,away,PHI,PHI,45,2025-11-28,278,1178,2978,Half1,0,3,0,1,2,0,04:38,PHI 45,5,78,(4:38) 4-D.Swift right guard to PHI 22 for 23 yards (8-A.Jackson).,run,23,0,0,0,0,0,0,NA,NA,NA,NA,right,guard,NA,NA,NA,NA,3,3,0,NA,NA,NA,NA,3,3,0,0,0,0,0,0,0,0,0.01771881803870201,0.08754079043865204,0.0011116231326013803,0.1564248502254486,0.2924981415271759,0.004163888283073902,0.44054192304611206,0,0,2.609796093311161,1.8644499441143125,-3.70402367063798,3.70402367063798,0.48000153922475874,-0.48000153922475874,-2.949157567694783,2.949157567694783,NA,NA,0,0,-1.1799519550986588,1.1799519550986588,-0.579578448436223,0.579578448436223,-1.0324214667780325,1.0324214667780325,-1.9167361009167507,1.9167361009167507,0.47566089034080505,0.524339109659195,0.524339109659195,0.47566089034080505,0.09352478384971619,0.06391388177871704,-0.06391388177871704,0.43081432580947876,0.5691856741905212,0.29255393147468567,0.7074460685253143,-0.06786453723907471,0.06786453723907471,-0.030138760805130005,0.030138760805130005,NA,NA,0,0,-0.03208598494529724,0.03208598494529724,-0.0024611949920654297,0.0024611949920654297,-0.03208598494529724,0.03208598494529724,0.0019472241401672363,-0.0019472241401672363,0,1,0,0,0,0,0,0,0,0,0,0,0,0,0,0,0,0,0,0,0,0,0,0,1,0,0,0,0,0,0,0,1,0,0,0,0,0,0,0,0,0,0,0,0,0,0,0,0,0,0,NA,NA,NA,NA,NA,NA,00-0036275,D.Swift,23,NA,NA,NA,NA,NA,NA,NA,NA,NA,NA,NA,NA,NA,NA,NA,NA,NA,NA,NA,NA,NA,NA,NA,NA,NA,NA,NA,NA,NA,NA,NA,NA,NA,NA,NA,NA,NA,NA,NA,NA,NA,NA,PHI,NA,00-0033878,NA,A.Jackson,NA,NA,NA,NA,NA,NA,NA,NA,NA,NA,NA,NA,NA,0,NA,NA,NA,NA,NA,NA,NA,NA,NA,NA,NA,NA,NA,NA,NA,NA,NA,NA,NA,NA,NA,NA,NA,NA,NA,NA,NA,NA,NA,NA,NA,0,NA,NA,NA,NA,0,NA,NA,0,0,0,0,NA,NA,2025,NA,NA,9,1,First down,606,"11/28/25, 15:02:44",2025-11-28T20:23:31.297Z,Lincoln Financial Field,"Sunny Temp: 42° F, Humidity: 35%, Wind: W 18 mph",f85755f8-311e-11f0-b670-ae1250fadad1,0,0,RUSH,0,NA,2025-11-28T20:23:37.337Z,NA,3,Touchdown,2025-11-28T20:21:11.733Z,11,5:26,5,1,1,1,1,0,PUNT,TOUCHDOWN,06:57,01:31,CHI 22,PHI 3,508,766,24,15,Home,-9,39,7,43.5,0,outdoors,,NA,NA,Nick Sirianni,Ben Johnson,PHI00,Lincoln Financial Field,0,1,NA,NA,D.Swift,4,NA,NA,0,1,1,0,1,NA,00-0036275,NA,D.Swift,4,00-0036275,D.Swift,00-0036275,D.Swift,00-0036275,0,0,1.8644499441143125,NA,NA,NA,NA,NA,0.4918937385082245,-49.18937385082245,2025,Go for it,NA,NA,NA,NA,NA,NA,NA,NA,NA,NA,Nick Sirianni,Ben Johnson,4:38,NA,NA,Go for it,Toss Up,NA,NA,NA,NA,NA,NA,NA,NA
628,2025_13_CHI_PHI,2025112800,PHI,CHI,REG,13,CHI,away,PHI,PHI,22,2025-11-28,236,1136,2936,Half1,0,3,0,1,1,0,03:56,PHI 22,10,78,(3:56) (Shotgun) 18-C.Williams pass incomplete short right.,pass,0,1,0,1,0,0,0,short,right,10,NA,NA,NA,NA,NA,NA,NA,3,3,0,NA,NA,NA,NA,3,3,0,0,0,0,0,0,0,0,0.006030023097991943,0.029118770733475685,5.564088351093233e-4,0.05102047324180603,0.36731162667274475,7.630857289768755e-4,0.5451996326446533,0,0,4.474246037425473,-0.4677210800582543,-3.236302590579726,3.236302590579726,0.48000153922475874,-0.48000153922475874,-2.481436487636529,2.481436487636529,0.5304216101649217,-0.998142690223176,0,0,-1.1799519550986588,1.1799519550986588,-0.579578448436223,0.579578448436223,-1.5628430769429542,1.5628430769429542,-0.9185934106935747,0.9185934106935747,0.5691856741905212,0.43081432580947876,0.43081432580947876,0.5691856741905212,-0.015321552753448486,-0.013630539178848267,0.013630539178848267,0.44613587856292725,0.5538641214370728,0.3564678132534027,0.6435321867465973,-0.06786453723907471,0.06786453723907471,-0.014817208051681519,0.014817208051681519,0,-0.015321552753448486,0,0,-0.03208598494529724,0.03208598494529724,-0.0024611949920654297,0.0024611949920654297,-0.03208598494529724,0.03208598494529724,0.017268776893615723,-0.017268776893615723,0,0,0,0,0,0,0,0,1,0,0,0,0,0,0,0,0,0,0,0,0,0,0,0,0,0,0,0,0,0,0,0,0,1,0,0,0,0,0,0,0,0,0,0,0,0,0,0,0,0,0,00-0039918,C.Williams,NA,NA,NA,NA,NA,NA,NA,NA,NA,NA,NA,NA,NA,NA,NA,NA,NA,NA,NA,NA,NA,NA,NA,NA,NA,NA,NA,NA,NA,NA,NA,NA,NA,NA,NA,NA,NA,NA,NA,NA,NA,NA,NA,NA,NA,NA,NA,NA,NA,NA,NA,NA,NA,NA,NA,NA,NA,NA,NA,NA,NA,NA,NA,NA,NA,NA,NA,0,NA,NA,NA,NA,NA,NA,NA,NA,NA,NA,NA,NA,NA,NA,NA,NA,NA,NA,NA,NA,NA,NA,NA,NA,NA,NA,NA,NA,NA,NA,NA,0,NA,NA,NA,NA,0,NA,NA,0,0,0,0,NA,NA,2025,NA,NA,10,1,First down,628,"11/28/25, 15:02:44",2025-11-28T20:24:12.843Z,Lincoln Financial Field,"Sunny Temp: 42° F, Humidity: 35%, Wind: W 18 mph",f85755f8-311e-11f0-b670-ae1250fadad1,0,0,PASS,0,NA,2025-11-28T20:24:18.183Z,NA,3,Touchdown,2025-11-28T20:21:11.733Z,11,5:26,5,1,1,1,1,0,PUNT,TOUCHDOWN,06:57,01:31,CHI 22,PHI 3,508,766,24,15,Home,-9,39,7,43.5,0,outdoors,,NA,NA,Nick Sirianni,Ben Johnson,PHI00,Lincoln Financial Field,0,0,C.Williams,18,NA,NA,NA,NA,1,0,0,0,1,00-0039918,NA,NA,C.Williams,18,00-0039918,NA,NA,NA,NA,0,0,-0.4677210800582543,NA,NA,NA,NA,NA,0.4045106768608093,59.54893231391907,2025,Go for it,NA,NA,NA,NA,NA,NA,NA,NA,NA,NA,Nick Sirianni,Ben Johnson,3:56,NA,NA,Go for it,Toss Up,NA,NA,NA,NA,NA,NA,NA,NA
651,2025_13_CHI_PHI,2025112800,PHI,CHI,REG,13,CHI,away,PHI,PHI,22,2025-11-28,231,1131,2931,Half1,0,3,0,1,2,0,03:51,PHI 22,10,78,(3:51) (Shotgun) 18-C.Williams pass short right to 84-C.Loveland to PHI 14 for 8 yards (32-R.Blankenship).,pass,8,1,0,1,0,0,0,short,right,8,0,NA,NA,NA,NA,NA,NA,3,3,0,NA,NA,NA,NA,3,3,0,0,0,0,0,0,0,0,0.0065523479133844376,0.032038070261478424,6.051158998161554e-4,0.05885845795273781,0.44841858744621277,8.178726420737803e-4,0.4527095854282379,0,0,4.006524957367219,0.39433999586617574,-3.6306425864459015,3.6306425864459015,0.48000153922475874,-0.48000153922475874,-2.8757764835027047,2.8757764835027047,0.39433999586617574,0,0.39433999586617574,0,-1.5742919509648345,1.5742919509648345,-0.579578448436223,0.579578448436223,-1.95718307280913,1.95718307280913,-0.9185934106935747,0.9185934106935747,0.5538641214370728,0.44613587856292725,0.44613587856292725,0.5538641214370728,0.007346391677856445,-0.0036076605319976807,0.0036076605319976807,0.4387894868850708,0.5612105131149292,0.34283727407455444,0.6571627259254456,-0.06786453723907471,0.06786453723907471,-0.022163599729537964,0.022163599729537964,0.007346391677856445,0,0.007346391677856445,0,-0.039432376623153687,0.039432376623153687,-0.0024611949920654297,0.0024611949920654297,-0.039432376623153687,0.039432376623153687,0.017268776893615723,-0.017268776893615723,0,0,0,0,0,0,0,0,0,0,0,0,0,0,0,0,0,0,0,0,0,0,0,0,1,0,0,0,0,0,0,0,0,1,0,0,0,0,0,0,0,0,0,0,0,1,0,0,0,0,0,00-0039918,C.Williams,8,00-0040126,C.Loveland,8,NA,NA,NA,NA,NA,NA,NA,NA,NA,NA,NA,NA,NA,NA,NA,NA,NA,NA,NA,NA,NA,NA,NA,NA,NA,NA,NA,NA,NA,NA,NA,NA,NA,NA,NA,NA,NA,NA,NA,NA,NA,NA,NA,NA,NA,PHI,NA,00-0037130,NA,R.Blankenship,NA,NA,NA,NA,NA,NA,NA,NA,NA,NA,NA,NA,NA,0,NA,NA,NA,NA,NA,NA,NA,NA,NA,NA,NA,NA,NA,NA,NA,NA,NA,NA,NA,NA,NA,NA,NA,NA,NA,NA,NA,NA,NA,NA,NA,0,NA,NA,NA,NA,0,NA,NA,0,0,0,0,NA,NA,2025,0.6613296270370483,33.867037296295166,10,1,First down,651,"11/28/25, 15:02:44",2025-11-28T20:24:54.987Z,Lincoln Financial Field,"Sunny Temp: 42° F, Humidity: 35%, Wind: W 18 mph",f85755f8-311e-11f0-b670-ae1250fadad1,0,0,PASS,0,NA,2025-11-28T20:24:59.160Z,NA,3,Touchdown,2025-11-28T20:21:11.733Z,11,5:26,5,1,1,1,1,0,PUNT,TOUCHDOWN,06:57,01:31,CHI 22,PHI 3,508,766,24,15,Home,-9,39,7,43.5,0,outdoors,,NA,NA,Nick Sirianni,Ben Johnson,PHI00,Lincoln Financial Field,0,1,C.Williams,18,NA,NA,C.Loveland,84,1,0,0,0,1,00-0039918,NA,00-0040126,C.Williams,18,00-0039918,C.Loveland,00-0040126,C.Loveland,00-0040126,0,0,0.39433999586617574,0.46054443954322244,2.5945511900936253,1,0.9946711809025146,0.4513087478117086,0.538871169090271,46.1128830909729,2025,Go for it,NA,NA,NA,NA,NA,NA,NA,NA,NA,NA,Nick Sirianni,Ben Johnson,3:51,NA,NA,Go for it,Toss Up,NA,NA,NA,NA,NA,NA,NA,NA
676,2025_13_CHI_PHI,2025112800,PHI,CHI,REG,13,CHI,away,PHI,PHI,14,2025-11-28,192,1092,2892,Half1,0,3,0,1,3,0,03:12,PHI 14,2,78,(3:12) 25-K.Monangai up the middle to PHI 11 for 3 yards (97-M.Ojomo; 3-N.Smith).,run,3,0,0,0,0,0,0,NA,NA,NA,NA,middle,NA,NA,NA,NA,NA,3,3,0,NA,NA,NA,NA,3,3,0,0,0,0,0,0,0,0,0.005473522003740072,0.01744706742465496,4.489959392230958e-4,0.045424774289131165,0.43562597036361694,7.715558167546988e-4,0.4948080778121948,0,0,4.400864953233395,0.6086211261572316,-4.239263712603133,4.239263712603133,-0.12861958693247288,0.12861958693247288,-2.8757764835027047,2.8757764835027047,NA,NA,0,0,-1.5742919509648345,1.5742919509648345,-0.579578448436223,0.579578448436223,-1.95718307280913,1.95718307280913,-0.9185934106935747,0.9185934106935747,0.5612105131149292,0.4387894868850708,0.4387894868850708,0.5612105131149292,0.022910773754119873,0.056775301694869995,-0.056775301694869995,0.41587871313095093,0.5841212868690491,0.33922961354255676,0.6607703864574432,-0.09077531099319458,0.09077531099319458,-0.022163599729537964,0.022163599729537964,NA,NA,0,0,-0.039432376623153687,0.039432376623153687,-0.0024611949920654297,0.0024611949920654297,-0.039432376623153687,0.039432376623153687,0.017268776893615723,-0.017268776893615723,0,1,0,0,1,0,0,0,0,0,0,0,0,0,0,0,0,0,0,0,0,0,0,0,0,0,0,0,0,0,0,0,1,0,0,0,0,0,0,0,0,0,0,0,0,0,1,0,0,0,0,NA,NA,NA,NA,NA,NA,00-0040236,K.Monangai,3,NA,NA,NA,NA,NA,NA,NA,NA,NA,NA,NA,NA,NA,NA,NA,NA,NA,NA,NA,NA,NA,NA,NA,NA,NA,NA,NA,NA,NA,NA,NA,NA,NA,NA,NA,NA,NA,NA,NA,NA,NA,NA,NA,NA,NA,NA,NA,NA,00-0038412,M.Ojomo,PHI,00-0039013,N.Smith,PHI,NA,NA,NA,NA,NA,NA,0,NA,NA,NA,NA,NA,NA,NA,NA,NA,NA,NA,NA,NA,NA,NA,NA,NA,NA,NA,NA,NA,NA,NA,NA,NA,NA,NA,NA,NA,NA,NA,0,NA,NA,NA,NA,0,NA,NA,0,0,0,0,NA,NA,2025,NA,NA,10,1,First down,676,"11/28/25, 15:02:44",2025-11-28T20:25:34.283Z,Lincoln Financial Field,"Sunny Temp: 42° F, Humidity: 35%, Wind: W 18 mph",f85755f8-311e-11f0-b670-ae1250fadad1,0,0,RUSH,0,NA,2025-11-28T20:25:41.227Z,NA,3,Touchdown,2025-11-28T20:21:11.733Z,11,5:26,5,1,1,1,1,0,PUNT,TOUCHDOWN,06:57,01:31,CHI 22,PHI 3,508,766,24,15,Home,-9,39,7,43.5,0,outdoors,,NA,NA,Nick Sirianni,Ben Johnson,PHI00,Lincoln Financial Field,0,1,NA,NA,K.Monangai,25,NA,NA,0,1,1,0,1,NA,00-0040236,NA,K.Monangai,25,00-0040236,K.Monangai,00-0040236,K.Monangai,00-0040236,0,0,0.6086211261572316,NA,NA,NA,NA,NA,0.6334245800971985,-63.34245800971985,2025,Go for it,NA,NA,NA,NA,NA,NA,NA,NA,NA,NA,Nick Sirianni,Ben Johnson,3:12,NA,NA,Go for it,Toss Up,NA,NA,NA,NA,NA,NA,NA,NA
698,2025_13_CHI_PHI,2025112800,PHI,CHI,REG,13,CHI,away,PHI,PHI,11,2025-11-28,144,1044,2844,Half1,0,3,0,1,1,0,02:24,PHI 11,10,78,(2:24) 18-C.Williams pass incomplete short middle to 14-O.Zaccheaus [3-N.Smith].,pass,0,0,0,1,0,0,0,short,middle,11,NA,NA,NA,NA,NA,NA,NA,3,3,0,NA,NA,NA,NA,3,3,0,0,0,0,0,0,0,0,0.00518413819372654,0.015220273286104202,4.75595094030723e-4,0.031911689788103104,0.3368377089500427,7.254466763697565e-4,0.6096451282501221,0,0,5.009486079390626,-0.4738536306540482,-3.765410081949085,3.765410081949085,-0.12861958693247288,0.12861958693247288,-2.4019228528486565,2.4019228528486565,1.9905139206093736,-2.4643675512634218,0,0,-1.5742919509648345,1.5742919509648345,-0.579578448436223,0.579578448436223,-3.9476969934185036,3.9476969934185036,1.545774140569847,-1.545774140569847,0.5841212868690491,0.41587871313095093,0.41587871313095093,0.5841212868690491,-0.015192627906799316,-0.014031141996383667,0.014031141996383667,0.43107134103775024,0.5689286589622498,0.39600491523742676,0.6039950847625732,-0.09077531099319458,0.09077531099319458,-0.0069709718227386475,0.0069709718227386475,0,-0.015192627906799316,0,0,-0.039432376623153687,0.039432376623153687,-0.0024611949920654297,0.0024611949920654297,-0.039432376623153687,0.039432376623153687,0.03246140480041504,-0.03246140480041504,0,0,0,0,0,0,0,0,1,0,0,0,0,0,0,0,0,0,0,0,0,0,0,0,0,0,0,0,0,0,0,1,0,1,0,0,0,0,0,0,0,0,0,0,0,0,0,0,0,0,0,00-0039918,C.Williams,NA,00-0035208,O.Zaccheaus,NA,NA,NA,NA,NA,NA,NA,NA,NA,NA,NA,NA,NA,NA,NA,NA,NA,NA,NA,NA,NA,NA,NA,NA,NA,NA,NA,NA,NA,NA,NA,NA,NA,NA,NA,NA,00-0039013,N.Smith,NA,NA,NA,NA,NA,NA,NA,NA,NA,NA,NA,NA,NA,NA,NA,NA,NA,NA,NA,NA,NA,NA,NA,NA,NA,NA,0,NA,NA,NA,NA,NA,NA,NA,NA,NA,NA,NA,NA,NA,NA,NA,NA,NA,NA,NA,NA,NA,NA,NA,NA,NA,NA,NA,NA,NA,NA,NA,0,NA,NA,NA,NA,0,NA,NA,0,0,0,0,NA,NA,2025,0.3795553743839264,-37.95553743839264,11,1,Touchdown,698,"11/28/25, 15:02:44",2025-11-28T20:26:22Z,Lincoln Financial Field,"Sunny Temp: 42° F, Humidity: 35%, Wind: W 18 mph",f85755f8-311e-11f0-b670-ae1250fadad1,0,0,PASS,0,NA,2025-11-28T20:26:27.207Z,NA,3,Touchdown,2025-11-28T20:21:11.733Z,11,5:26,5,1,1,1,1,0,PUNT,TOUCHDOWN,06:57,01:31,CHI 22,PHI 3,508,766,24,15,Home,-9,39,7,43.5,0,outdoors,,NA,NA,Nick Sirianni,Ben Johnson,PHI00,Lincoln Financial Field,0,0,C.Williams,18,NA,NA,O.Zaccheaus,14,1,0,0,0,1,00-0039918,NA,00-0035208,C.Williams,18,00-0039918,O.Zaccheaus,00-0035208,O.Zaccheaus,00-0035208,0,0,-0.4738536306540482,NA,NA,NA,NA,NA,0.34991133213043213,65.00886678695679,2025,Go for it,NA,NA,NA,NA,NA,NA,NA,NA,NA,NA,Nick Sirianni,Ben Johnson,2:24,NA,NA,Go for it,Toss Up,NA,NA,NA,NA,NA,NA,NA,NA
721,2025_13_CHI_PHI,2025112800,PHI,CHI,REG,13,CHI,away,PHI,PHI,11,2025-11-28,139,1039,2839,Half1,0,3,0,1,2,0,02:19,PHI 11,10,78,(2:19) (Shotgun) 25-K.Monangai left guard to PHI 3 for 8 yards (32-R.Blankenship; 17-N.Dean).,run,8,1,0,0,0,0,0,NA,NA,NA,NA,left,guard,NA,NA,NA,NA,3,3,0,NA,NA,NA,NA,3,3,0,0,0,0,0,0,0,0,0.005651673302054405,0.016879012808203697,5.291112465783954e-4,0.036324433982372284,0.43467652797698975,8.010260062292218e-4,0.5051381587982178,0,0,4.535632448736578,0.41862083319574594,-4.184030915144831,4.184030915144831,-0.5472404201282188,0.5472404201282188,-2.4019228528486565,2.4019228528486565,NA,NA,0,0,-1.5742919509648345,1.5742919509648345,-0.579578448436223,0.579578448436223,-3.9476969934185036,3.9476969934185036,1.545774140569847,-1.545774140569847,0.5689286589622498,0.43107134103775024,0.43107134103775024,0.5689286589622498,0.016708076000213623,0.006199955940246582,-0.006199955940246582,0.4143632650375366,0.5856367349624634,0.3819737732410431,0.6180262267589569,-0.1074833869934082,0.1074833869934082,-0.0069709718227386475,0.0069709718227386475,NA,NA,0,0,-0.039432376623153687,0.039432376623153687,-0.0024611949920654297,0.0024611949920654297,-0.039432376623153687,0.039432376623153687,0.03246140480041504,-0.03246140480041504,0,0,0,0,0,0,0,0,0,0,0,0,0,0,0,0,0,0,0,0,0,0,0,0,0,0,0,0,0,0,0,0,1,0,0,0,0,0,0,0,0,0,0,0,0,0,1,0,0,0,0,NA,NA,NA,NA,NA,NA,00-0040236,K.Monangai,8,NA,NA,NA,NA,NA,NA,NA,NA,NA,NA,NA,NA,NA,NA,NA,NA,NA,NA,NA,NA,NA,NA,NA,NA,NA,NA,NA,NA,NA,NA,NA,NA,NA,NA,NA,NA,NA,NA,NA,NA,NA,NA,NA,NA,NA,NA,NA,NA,00-0037130,R.Blankenship,PHI,00-0037615,N.Dean,PHI,NA,NA,NA,NA,NA,NA,0,NA,NA,NA,NA,NA,NA,NA,NA,NA,NA,NA,NA,NA,NA,NA,NA,NA,NA,NA,NA,NA,NA,NA,NA,NA,NA,NA,NA,NA,NA,NA,0,NA,NA,NA,NA,0,NA,NA,0,0,0,0,NA,NA,2025,NA,NA,11,1,Touchdown,721,"11/28/25, 15:02:44",2025-11-28T20:27:07.197Z,Lincoln Financial Field,"Sunny Temp: 42° F, Humidity: 35%, Wind: W 18 mph",f85755f8-311e-11f0-b670-ae1250fadad1,0,0,RUSH,0,NA,2025-11-28T20:27:12.437Z,NA,3,Touchdown,2025-11-28T20:21:11.733Z,11,5:26,5,1,1,1,1,0,PUNT,TOUCHDOWN,06:57,01:31,CHI 22,PHI 3,508,766,24,15,Home,-9,39,7,43.5,0,outdoors,,NA,NA,Nick Sirianni,Ben Johnson,PHI00,Lincoln Financial Field,0,1,NA,NA,K.Monangai,25,NA,NA,0,1,0,0,1,NA,00-0040236,NA,K.Monangai,25,00-0040236,K.Monangai,00-0040236,K.Monangai,00-0040236,0,0,0.41862083319574594,NA,NA,NA,NA,NA,0.5479914546012878,-54.799145460128784,2025,Go for it,NA,NA,NA,NA,NA,NA,NA,NA,NA,NA,Nick Sirianni,Ben Johnson,2:19,NA,NA,Go for it,Toss Up,NA,NA,NA,NA,NA,NA,NA,NA
743,2025_13_CHI_PHI,2025112800,PHI,CHI,REG,13,CHI,away,PHI,PHI,3,2025-11-28,95,995,2795,Half1,0,3,1,1,3,0,01:35,PHI 3,2,78,"(1:35) (Shotgun) 4-D.Swift right guard for 3 yards, TOUCHDOWN.",run,3,1,0,0,0,0,0,NA,NA,NA,NA,right,guard,NA,NA,NA,NA,3,3,0,NA,CHI,D.Swift,00-0036275,3,3,0,6,0,0,0,6,0,6,0.006504338700324297,0.014604555442929268,0.00043235381599515676,0.028429243713617325,0.3615127205848694,0.0012438028352335095,0.5872729420661926,0,0,4.954253281932324,2.045746718067676,-6.229777633212507,6.229777633212507,-2.5929871381958947,2.5929871381958947,-2.4019228528486565,2.4019228528486565,NA,NA,0,0,-1.5742919509648345,1.5742919509648345,-0.579578448436223,0.579578448436223,-3.9476969934185036,3.9476969934185036,1.545774140569847,-1.545774140569847,0.5856367349624634,0.4143632650375366,0.4143632650375366,0.5856367349624634,0.03796522127157709,0.05986380510057787,-0.05986380510057787,0.37639804376595953,0.6236019562340405,0.3881737291812897,0.6118262708187103,-0.1454486082649853,0.1454486082649853,-0.0069709718227386475,0.0069709718227386475,NA,NA,0,0,-0.039432376623153687,0.039432376623153687,-0.0024611949920654297,0.0024611949920654297,-0.039432376623153687,0.039432376623153687,0.03246140480041504,-0.03246140480041504,0,1,0,0,1,0,0,0,0,0,0,0,0,0,0,0,0,0,0,0,0,0,0,0,0,0,0,0,0,0,0,0,1,0,0,1,0,1,0,0,0,0,0,0,0,0,0,0,0,0,0,NA,NA,NA,NA,NA,NA,00-0036275,D.Swift,3,NA,NA,NA,NA,NA,NA,NA,NA,NA,NA,NA,NA,NA,NA,NA,NA,NA,NA,NA,NA,NA,NA,NA,NA,NA,NA,NA,NA,NA,NA,NA,NA,NA,NA,NA,NA,NA,NA,NA,NA,NA,NA,NA,NA,NA,NA,NA,NA,NA,NA,NA,NA,NA,NA,NA,NA,NA,NA,NA,NA,0,NA,NA,NA,NA,NA,NA,NA,NA,NA,NA,NA,NA,NA,NA,NA,NA,NA,NA,NA,NA,NA,NA,NA,NA,NA,NA,NA,NA,NA,NA,NA,0,NA,NA,NA,NA,0,NA,NA,0,0,0,0,NA,NA,2025,NA,NA,11,1,Touchdown,743,"11/28/25, 15:02:44",2025-11-28T20:27:50.270Z,Lincoln Financial Field,"Sunny Temp: 42° F, Humidity: 35%, Wind: W 18 mph",f85755f8-311e-11f0-b670-ae1250fadad1,0,0,RUSH,0,NA,2025-11-28T20:27:54.073Z,NA,3,Touchdown,2025-11-28T20:21:11.733Z,11,5:26,5,1,1,1,1,0,PUNT,TOUCHDOWN,06:57,01:31,CHI 22,PHI 3,508,766,24,15,Home,-9,39,7,43.5,0,outdoors,,NA,NA,Nick Sirianni,Ben Johnson,PHI00,Lincoln Financial Field,0,1,NA,NA,D.Swift,4,NA,NA,0,1,1,0,1,NA,00-0036275,NA,D.Swift,4,00-0036275,D.Swift,00-0036275,D.Swift,00-0036275,0,0,2.045746718067676,NA,NA,NA,NA,NA,0.676176130771637,-67.6176130771637,2025,Go for it,NA,NA,NA,NA,NA,NA,NA,NA,NA,NA,Nick Sirianni,Ben Johnson,1:35,NA,NA,Go for it,Toss Up,NA,NA,NA,NA,NA,NA,NA,NA
766,2025_13_CHI_PHI,2025112800,PHI,CHI,REG,13,CHI,away,PHI,PHI,15,2025-11-28,91,991,2791,Half1,0,3,1,1,NA,0,01:31,PHI 15,0,78,"8-C.Santos extra point is GOOD, Center-46-S.Daly, Holder-19-T.Taylor.",extra_point,0,0,0,0,0,0,0,NA,NA,NA,NA,NA,NA,NA,33,good,NA,3,3,0,NA,NA,NA,NA,3,3,0,7,6,0,6,7,0,7,0,0,0,0,0,0,0,0.9324269968923669,0,0.9324269968923669,0.067573003107633145,-6.2973506363201395,6.2973506363201395,-2.5929871381958947,2.5929871381958947,-2.4019228528486565,2.4019228528486565,NA,NA,0,0,-1.5742919509648345,1.5742919509648345,-0.579578448436223,0.579578448436223,-3.9476969934185036,3.9476969934185036,1.545774140569847,-1.545774140569847,0.6236019562340405,0.37639804376595953,0.37639804376595953,0.6236019562340405,0.0012655426406238401,7.292933014454439e-4,-7.292933014454439e-4,0.3751325011253357,0.6248674988746643,0.44803753428186754,0.5519624657181325,-0.1454486082649853,0.1454486082649853,-0.0069709718227386475,0.0069709718227386475,NA,NA,0,0,-0.039432376623153687,0.039432376623153687,-0.0024611949920654297,0.0024611949920654297,-0.039432376623153687,0.039432376623153687,0.03246140480041504,-0.03246140480041504,0,0,0,0,0,0,0,0,0,0,0,0,0,0,0,0,0,0,0,0,0,0,0,0,0,0,0,0,0,0,0,0,0,0,0,0,0,0,0,1,0,0,0,0,0,0,0,0,0,0,0,NA,NA,NA,NA,NA,NA,NA,NA,NA,NA,NA,NA,NA,NA,NA,NA,NA,NA,NA,NA,NA,NA,NA,NA,NA,NA,NA,NA,NA,NA,NA,C.Santos,00-0031203,NA,NA,NA,NA,NA,NA,NA,NA,NA,NA,NA,NA,NA,NA,NA,NA,NA,NA,NA,NA,NA,NA,NA,NA,NA,NA,NA,NA,NA,NA,NA,NA,NA,NA,NA,NA,0,NA,NA,NA,NA,NA,NA,NA,NA,NA,NA,NA,NA,NA,NA,NA,NA,NA,NA,NA,NA,NA,NA,NA,NA,NA,NA,NA,NA,NA,NA,NA,0,NA,NA,NA,NA,0,NA,NA,0,0,0,0,NA,NA,2025,NA,NA,11,1,Touchdown,766,"11/28/25, 15:02:44",2025-11-28T20:28:34Z,Lincoln Financial Field,"Sunny Temp: 42° F, Humidity: 35%, Wind: W 18 mph",f85755f8-311e-11f0-b670-ae1250fadad1,0,0,XP_KICK,1,NA,NA,NA,3,Touchdown,2025-11-28T20:21:11.733Z,11,5:26,5,1,1,1,1,0,PUNT,TOUCHDOWN,06:57,01:31,CHI 22,PHI 3,508,766,24,15,Home,-9,39,7,43.5,0,outdoors,,NA,NA,Nick Sirianni,Ben Johnson,PHI00,Lincoln Financial Field,0,1,NA,NA,NA,NA,NA,NA,0,0,0,1,0,NA,NA,NA,NA,NA,NA,NA,NA,NA,NA,0,0,0.067573003107633145,NA,NA,NA,NA,NA,NA,NA,2025,Other,NA,NA,NA,NA,NA,NA,NA,NA,NA,NA,Nick Sirianni,Ben Johnson,1:31,NA,NA,Other,Toss Up,NA,NA,NA,NA,NA,NA,NA,NA
781,2025_13_CHI_PHI,2025112800,PHI,CHI,REG,13,PHI,home,CHI,CHI,35,2025-11-28,91,991,2791,Half1,0,4,0,1,NA,0,01:31,CHI 35,0,39,"8-C.Santos kicks 65 yards from CHI 35 to end zone, Touchback to the PHI 35.",kickoff,0,0,0,0,0,0,0,NA,NA,NA,NA,NA,NA,NA,65,NA,NA,3,3,0,NA,NA,NA,NA,3,3,0,7,0,7,-7,0,7,-7,0.0396774597465992,0.13488656282424927,0.0020035889465361834,0.22462372481822968,0.20891216397285461,0.002664183033630252,0.38723233342170715,0,0,1.3616582518443465,0.5598650616593659,-5.737485574660774,5.737485574660774,-2.5929871381958947,2.5929871381958947,-2.4019228528486565,2.4019228528486565,NA,NA,0,0,-1.5742919509648345,1.5742919509648345,-0.579578448436223,0.579578448436223,-3.9476969934185036,3.9476969934185036,1.545774140569847,-1.545774140569847,0.3751325011253357,0.6248674988746643,0.3751325011253357,0.6248674988746643,0.022138983011245728,0.027951598167419434,0.027951598167419434,0.3972714841365814,0.6027285158634186,0.551233172416687,0.551233172416687,-0.1454486082649853,0.1454486082649853,-0.0069709718227386475,0.0069709718227386475,NA,NA,0,0,-0.039432376623153687,0.039432376623153687,-0.0024611949920654297,0.0024611949920654297,-0.039432376623153687,0.039432376623153687,0.03246140480041504,-0.03246140480041504,0,0,0,0,0,0,0,0,0,1,0,0,0,0,0,0,0,0,0,0,0,0,0,0,0,0,0,0,0,0,0,0,0,0,0,0,0,0,0,0,0,0,1,0,0,0,0,0,0,0,0,NA,NA,NA,NA,NA,NA,NA,NA,NA,NA,NA,NA,NA,NA,NA,NA,NA,NA,NA,NA,NA,NA,NA,NA,NA,NA,NA,NA,NA,NA,NA,C.Santos,00-0031203,NA,NA,NA,NA,NA,NA,NA,NA,NA,NA,NA,NA,NA,NA,NA,NA,NA,NA,NA,NA,NA,NA,NA,NA,NA,NA,NA,NA,NA,NA,NA,NA,NA,NA,NA,NA,0,NA,NA,NA,NA,NA,NA,NA,NA,NA,NA,NA,NA,NA,NA,NA,NA,NA,NA,NA,NA,NA,NA,NA,NA,NA,NA,NA,NA,NA,NA,PHI,0,NA,NA,NA,NA,0,NA,NA,0,0,0,0,NA,NA,2025,NA,NA,12,1,First down,781,"11/28/25, 15:02:44",2025-11-28T20:31:24.687Z,Lincoln Financial Field,"Sunny Temp: 42° F, Humidity: 35%, Wind: W 18 mph",f85755f8-311e-11f0-b670-ae1250fadad1,0,0,KICK_OFF,1,NA,2025-11-28T20:31:28.020Z,NA,4,Field goal,2025-11-28T20:31:24.687Z,7,3:27,1,0,1,1,2,-5,KICKOFF,FIELD_GOAL,01:31,13:04,PHI 35,CHI 26,781,995,24,15,Home,-9,39,7,43.5,0,outdoors,,NA,NA,Nick Sirianni,Ben Johnson,PHI00,Lincoln Financial Field,0,1,NA,NA,NA,NA,NA,NA,0,0,0,1,0,NA,NA,NA,NA,NA,NA,NA,NA,NA,NA,0,0,0.5598650616593659,NA,NA,NA,NA,NA,NA,NA,2025,Other,NA,NA,NA,NA,NA,NA,NA,NA,NA,NA,Nick Sirianni,Ben Johnson,1:31,NA,NA,Other,Toss Up,NA,NA,NA,NA,NA,NA,NA,NA
805,2025_13_CHI_PHI,2025112800,PHI,CHI,REG,13,PHI,home,CHI,PHI,65,2025-11-28,91,991,2791,Half1,0,4,0,1,1,0,01:31,PHI 35,10,39,(1:31) (Shotgun) 26-S.Barkley right guard to PHI 44 for 9 yards (91-Ch.Williams; 48-D.Jackson).,run,9,1,0,0,0,0,0,NA,NA,NA,NA,right,guard,NA,NA,NA,NA,3,3,0,NA,NA,NA,NA,3,3,0,7,0,7,-7,0,7,-7,0.037918657064437866,0.11486461013555527,0.0017517020460218191,0.19443821907043457,0.22730647027492523,0.003454787191003561,0.4202655851840973,0,0,1.9215233135037124,0.8342274366877973,-4.903258137972976,4.903258137972976,-1.7587597015080974,1.7587597015080974,-2.4019228528486565,2.4019228528486565,NA,NA,0,0,-1.5742919509648345,1.5742919509648345,-0.579578448436223,0.579578448436223,-3.9476969934185036,3.9476969934185036,1.545774140569847,-1.545774140569847,0.3972714841365814,0.6027285158634186,0.3972714841365814,0.6027285158634186,0.031208425760269165,0.0242651104927063,0.0242651104927063,0.4284799098968506,0.5715200901031494,0.5791847705841064,0.5791847705841064,-0.11424018250471613,0.11424018250471613,-0.0069709718227386475,0.0069709718227386475,NA,NA,0,0,-0.039432376623153687,0.039432376623153687,-0.0024611949920654297,0.0024611949920654297,-0.039432376623153687,0.039432376623153687,0.03246140480041504,-0.03246140480041504,0,0,0,0,0,0,0,0,0,0,0,0,0,0,0,0,0,0,0,0,0,0,0,0,0,0,0,0,0,0,0,0,1,0,0,0,0,0,0,0,0,0,0,0,0,0,1,0,0,0,0,NA,NA,NA,NA,NA,NA,00-0034844,S.Barkley,9,NA,NA,NA,NA,NA,NA,NA,NA,NA,NA,NA,NA,NA,NA,NA,NA,NA,NA,NA,NA,NA,NA,NA,NA,NA,NA,NA,NA,NA,NA,NA,NA,NA,NA,NA,NA,NA,NA,NA,NA,NA,NA,NA,NA,NA,NA,NA,NA,00-0035857,Ch.Williams,CHI,00-0037271,D.Jackson,CHI,NA,NA,NA,NA,NA,NA,0,NA,NA,NA,NA,NA,NA,NA,NA,NA,NA,NA,NA,NA,NA,NA,NA,NA,NA,NA,NA,NA,NA,NA,NA,NA,NA,NA,NA,NA,NA,NA,0,NA,NA,NA,NA,0,NA,NA,0,0,0,0,NA,NA,2025,NA,NA,12,1,First down,805,"11/28/25, 15:02:44",2025-11-28T20:32:09.713Z,Lincoln Financial Field,"Sunny Temp: 42° F, Humidity: 35%, Wind: W 18 mph",f85755f8-311e-11f0-b670-ae1250fadad1,0,0,RUSH,0,NA,2025-11-28T20:32:14.920Z,NA,4,Field goal,2025-11-28T20:31:24.687Z,7,3:27,1,0,1,1,2,-5,KICKOFF,FIELD_GOAL,01:31,13:04,PHI 35,CHI 26,781,995,24,15,Home,-9,39,7,43.5,0,outdoors,,NA,NA,Nick Sirianni,Ben Johnson,PHI00,Lincoln Financial Field,0,1,NA,NA,S.Barkley,26,NA,NA,0,1,0,0,1,NA,00-0034844,NA,S.Barkley,26,00-0034844,S.Barkley,00-0034844,S.Barkley,00-0034844,0,0,0.8342274366877973,NA,NA,NA,NA,NA,0.5259774327278137,-52.59774327278137,2025,Go for it,NA,NA,NA,NA,NA,NA,NA,NA,NA,NA,Nick Sirianni,Ben Johnson,1:31,NA,NA,Go for it,Toss Up,NA,NA,NA,NA,NA,NA,NA,NA
827,2025_13_CHI_PHI,2025112800,PHI,CHI,REG,13,PHI,home,CHI,PHI,56,2025-11-28,61,961,2761,Half1,0,4,0,1,2,0,01:01,PHI 44,1,39,"(1:01) (No Huddle, Shotgun) PENALTY on PHI-69-L.Dickerson, False Start, 5 yards, enforced at PHI 44 - No Play.",no_play,0,1,1,0,0,0,0,NA,NA,NA,NA,NA,NA,NA,NA,NA,NA,3,3,0,NA,NA,NA,NA,3,3,0,7,0,7,-7,0,7,-7,0.03507504612207413,0.09882818907499313,0.001825409010052681,0.14373502135276794,0.2407723367214203,0.003726713825017214,0.47603726387023926,0,0,2.7557507501915097,-0.9528831501957029,-5.856141288168679,5.856141288168679,-1.7587597015080974,1.7587597015080974,-2.4019228528486565,2.4019228528486565,NA,NA,0,0,-1.5742919509648345,1.5742919509648345,-0.579578448436223,0.579578448436223,-3.9476969934185036,3.9476969934185036,1.545774140569847,-1.545774140569847,0.4284799098968506,0.5715200901031494,0.4284799098968506,0.5715200901031494,-0.03511995077133179,-0.0382344126701355,-0.0382344126701355,0.3933599591255188,0.6066400408744812,0.6034498810768127,0.6034498810768127,-0.11424018250471613,0.11424018250471613,-0.0069709718227386475,0.0069709718227386475,NA,NA,0,0,-0.039432376623153687,0.039432376623153687,-0.0024611949920654297,0.0024611949920654297,-0.039432376623153687,0.039432376623153687,0.03246140480041504,-0.03246140480041504,0,0,0,0,0,0,0,0,0,0,0,0,0,0,0,0,0,0,0,0,0,0,0,0,0,0,1,0,0,0,0,0,0,0,0,0,0,0,0,0,0,0,0,0,0,0,0,0,0,0,0,NA,NA,NA,NA,NA,NA,NA,NA,NA,NA,NA,NA,NA,NA,NA,NA,NA,NA,NA,NA,NA,NA,NA,NA,NA,NA,NA,NA,NA,NA,NA,NA,NA,NA,NA,NA,NA,NA,NA,NA,NA,NA,NA,NA,NA,NA,NA,NA,NA,NA,NA,NA,NA,NA,NA,NA,NA,NA,NA,NA,NA,NA,NA,NA,NA,NA,NA,NA,NA,0,NA,NA,NA,NA,NA,NA,NA,NA,NA,NA,NA,NA,NA,NA,NA,NA,NA,NA,NA,NA,NA,NA,NA,NA,NA,NA,NA,NA,NA,NA,NA,0,PHI,00-0037002,L.Dickerson,5,0,NA,False Start,0,0,0,0,NA,NA,2025,NA,NA,12,1,First down,827,"11/28/25, 15:02:44",2025-11-28T20:32:38Z,Lincoln Financial Field,"Sunny Temp: 42° F, Humidity: 35%, Wind: W 18 mph",f85755f8-311e-11f0-b670-ae1250fadad1,0,0,PENALTY,0,NA,NA,NA,4,Field goal,2025-11-28T20:31:24.687Z,7,3:27,1,0,1,1,2,-5,KICKOFF,FIELD_GOAL,01:31,13:04,PHI 35,CHI 26,781,995,24,15,Home,-9,39,7,43.5,0,outdoors,,NA,NA,Nick Sirianni,Ben Johnson,PHI00,Lincoln Financial Field,0,0,NA,NA,NA,NA,NA,NA,0,0,0,0,1,NA,NA,NA,NA,NA,NA,NA,NA,NA,NA,0,0,-0.9528831501957029,NA,NA,NA,NA,NA,0.2460220456123352,NA,2025,Other,NA,NA,NA,NA,NA,NA,NA,NA,NA,NA,Nick Sirianni,Ben Johnson,1:01,NA,NA,Other (Penalty),Toss Up,NA,NA,NA,NA,NA,NA,NA,NA
851,2025_13_CHI_PHI,2025112800,PHI,CHI,REG,13,PHI,home,CHI,PHI,61,2025-11-28,40,940,2740,Half1,0,4,0,1,2,0,00:40,PHI 39,6,39,(:40) (Shotgun) 1-J.Hurts right tackle to PHI 42 for 3 yards (97-A.Billings; 91-Ch.Williams).,run,3,1,0,0,0,0,0,NA,NA,NA,NA,right,tackle,NA,NA,NA,NA,3,3,0,NA,NA,NA,NA,3,3,0,7,0,7,-7,0,7,-7,0.04314224049448967,0.1144847497344017,0.0017821782967075706,0.1989392340183258,0.23301318287849426,0.003409557044506073,0.4052288830280304,0,0,1.8028675999958068,-0.38078627036884427,-6.2369275585375235,6.2369275585375235,-2.1395459718769416,2.1395459718769416,-2.4019228528486565,2.4019228528486565,NA,NA,0,0,-1.5742919509648345,1.5742919509648345,-0.579578448436223,0.579578448436223,-3.9476969934185036,3.9476969934185036,1.545774140569847,-1.545774140569847,0.3933599591255188,0.6066400408744812,0.3933599591255188,0.6066400408744812,-0.005162477493286133,0.011243879795074463,0.011243879795074463,0.38819748163223267,0.6118025183677673,0.5652154684066772,0.5652154684066772,-0.11940265999800226,0.11940265999800226,-0.0069709718227386475,0.0069709718227386475,NA,NA,0,0,-0.039432376623153687,0.039432376623153687,-0.0024611949920654297,0.0024611949920654297,-0.039432376623153687,0.039432376623153687,0.03246140480041504,-0.03246140480041504,0,0,0,0,0,0,0,0,0,0,0,0,0,0,0,0,0,0,0,0,0,0,0,0,0,0,0,0,0,0,0,0,1,0,0,0,0,0,0,0,0,0,0,0,0,0,1,0,0,0,0,NA,NA,NA,NA,NA,NA,00-0036389,J.Hurts,3,NA,NA,NA,NA,NA,NA,NA,NA,NA,NA,NA,NA,NA,NA,NA,NA,NA,NA,NA,NA,NA,NA,NA,NA,NA,NA,NA,NA,NA,NA,NA,NA,NA,NA,NA,NA,NA,NA,NA,NA,NA,NA,NA,NA,NA,NA,NA,NA,00-0033066,A.Billings,CHI,00-0035857,Ch.Williams,CHI,NA,NA,NA,NA,NA,NA,0,NA,NA,NA,NA,NA,NA,NA,NA,NA,NA,NA,NA,NA,NA,NA,NA,NA,NA,NA,NA,NA,NA,NA,NA,NA,NA,NA,NA,NA,NA,NA,0,NA,NA,NA,NA,0,NA,NA,0,0,0,0,NA,NA,2025,NA,NA,12,1,First down,851,"11/28/25, 15:02:44",2025-11-28T20:33:21.863Z,Lincoln Financial Field,"Sunny Temp: 42° F, Humidity: 35%, Wind: W 18 mph",f85755f8-311e-11f0-b670-ae1250fadad1,0,0,RUSH,0,NA,2025-11-28T20:33:26.437Z,NA,4,Field goal,2025-11-28T20:31:24.687Z,7,3:27,1,0,1,1,2,-5,KICKOFF,FIELD_GOAL,01:31,13:04,PHI 35,CHI 26,781,995,24,15,Home,-9,39,7,43.5,0,outdoors,,NA,NA,Nick Sirianni,Ben Johnson,PHI00,Lincoln Financial Field,0,0,NA,NA,J.Hurts,1,NA,NA,0,1,0,0,1,NA,00-0036389,NA,J.Hurts,1,00-0036389,J.Hurts,00-0036389,J.Hurts,00-0036389,0,0,-0.38078627036884427,NA,NA,NA,NA,NA,0.629517138004303,-62.9517138004303,2025,Go for it,NA,NA,NA,NA,NA,NA,NA,NA,NA,NA,Nick Sirianni,Ben Johnson,0:40,NA,NA,Go for it,Toss Up,NA,NA,NA,NA,NA,NA,NA,NA
873,2025_13_CHI_PHI,2025112800,PHI,CHI,REG,13,PHI,home,CHI,NA,NA,2025-11-28,0,900,2700,Half1,1,4,0,1,NA,0,00:00,PHI 42,0,39,END QUARTER 1,NA,NA,0,0,NA,0,0,0,NA,NA,NA,NA,NA,NA,NA,NA,NA,NA,3,3,NA,NA,NA,NA,NA,3,3,0,7,0,7,-7,0,7,-7,0,0,0,0,0,0,0,0,0,1.4220813296269625,0,-6.2369275585375235,6.2369275585375235,-2.1395459718769416,2.1395459718769416,-2.4019228528486565,2.4019228528486565,NA,NA,NA,NA,-1.5742919509648345,1.5742919509648345,-0.579578448436223,0.579578448436223,-3.9476969934185036,3.9476969934185036,1.545774140569847,-1.545774140569847,0.38819748163223267,0.6118025183677673,0.38819748163223267,0.6118025183677673,0,0,0,0.38819748163223267,0.6118025183677673,0.5764593482017517,0.5764593482017517,-0.11940265999800226,0.11940265999800226,-0.0069709718227386475,0.0069709718227386475,NA,NA,NA,NA,-0.039432376623153687,0.039432376623153687,-0.0024611949920654297,0.0024611949920654297,-0.039432376623153687,0.039432376623153687,0.03246140480041504,-0.03246140480041504,NA,NA,NA,NA,NA,NA,NA,NA,NA,0,NA,NA,NA,NA,NA,NA,NA,NA,NA,NA,NA,NA,NA,NA,NA,NA,NA,NA,NA,NA,NA,NA,NA,NA,NA,NA,NA,NA,NA,NA,NA,NA,NA,NA,NA,NA,NA,NA,NA,NA,NA,NA,NA,NA,NA,NA,NA,NA,NA,NA,NA,NA,NA,NA,NA,NA,NA,NA,NA,NA,NA,NA,NA,NA,NA,NA,NA,NA,NA,NA,NA,NA,NA,NA,NA,NA,NA,NA,NA,NA,NA,NA,NA,NA,NA,NA,NA,NA,NA,NA,NA,NA,NA,NA,NA,NA,NA,NA,NA,NA,NA,NA,NA,NA,NA,NA,NA,NA,NA,NA,NA,NA,NA,NA,NA,NA,NA,NA,NA,NA,NA,NA,NA,NA,NA,NA,NA,NA,NA,NA,NA,NA,NA,NA,NA,NA,NA,NA,NA,NA,NA,NA,NA,NA,NA,NA,NA,0,NA,NA,NA,NA,NA,NA,NA,NA,2025,NA,NA,12,1,First down,873,"11/28/25, 15:02:44",NA,Lincoln Financial Field,"Sunny Temp: 42° F, Humidity: 35%, Wind: W 18 mph",f85755f8-311e-11f0-b670-ae1250fadad1,0,0,END_QUARTER,0,NA,NA,NA,4,Field goal,2025-11-28T20:31:24.687Z,7,3:27,1,0,1,1,2,-5,KICKOFF,FIELD_GOAL,01:31,13:04,PHI 35,CHI 26,781,995,24,15,Home,-9,39,7,43.5,0,outdoors,,NA,NA,Nick Sirianni,Ben Johnson,PHI00,Lincoln Financial Field,0,0,NA,NA,NA,NA,NA,NA,0,0,NA,0,0,NA,NA,NA,NA,NA,NA,NA,NA,NA,NA,0,0,0,NA,NA,NA,NA,NA,NA,NA,2025,Other,NA,NA,NA,NA,NA,NA,NA,NA,NA,NA,Nick Sirianni,Ben Johnson,0:00,NA,NA,NA,Toss Up,NA,NA,NA,NA,NA,NA,NA,NA
893,2025_13_CHI_PHI,2025112800,PHI,CHI,REG,13,PHI,home,CHI,PHI,58,2025-11-28,900,900,2700,Half1,0,4,0,2,3,0,15:00,PHI 42,3,39,(15:00) (Shotgun) 1-J.Hurts pass short right to 6-D.Smith pushed ob at CHI 28 for 30 yards (9-J.Brisker).,pass,30,1,0,1,0,0,0,short,right,14,16,NA,NA,NA,NA,NA,NA,3,3,0,NA,NA,NA,NA,3,3,0,7,0,7,-7,0,7,-7,0.04752304032444954,0.12882032990455627,0.0019234904320910573,0.21894504129886627,0.21336422860622406,0.004211120773106813,0.38521280884742737,0,0,1.4220813296269625,2.75651054631453,-3.480417012222994,3.480417012222994,-2.1395459718769416,2.1395459718769416,0.3545876934658736,-0.3545876934658736,1.6636107705999166,1.0928997757146135,1.6636107705999166,1.0928997757146135,0.08931881963508204,-0.08931881963508204,0.5133213272783905,-0.5133213272783905,-2.284086222818587,2.284086222818587,2.6386739162844606,-2.6386739162844606,0.38819748163223267,0.6118025183677673,0.38819748163223267,0.6118025183677673,0.06893590092658997,0.041048645973205566,0.041048645973205566,0.45713338255882263,0.5428666174411774,0.5764593482017517,0.5764593482017517,-0.11940265999800226,0.11940265999800226,0.06196492910385132,-0.06196492910385132,0,0.06893590092658997,0,0.06893590092658997,-0.039432376623153687,0.039432376623153687,0.06647470593452454,-0.06647470593452454,-0.039432376623153687,0.039432376623153687,0.101397305727005,-0.101397305727005,0,0,1,0,1,0,0,0,0,0,0,0,0,0,0,0,0,0,0,0,0,0,0,0,1,0,0,0,0,0,0,0,0,1,0,0,0,0,0,0,0,0,0,0,0,1,0,0,0,0,0,00-0036389,J.Hurts,30,00-0036912,D.Smith,30,NA,NA,NA,NA,NA,NA,NA,NA,NA,NA,NA,NA,NA,NA,NA,NA,NA,NA,NA,NA,NA,NA,NA,NA,NA,NA,NA,NA,NA,NA,NA,NA,NA,NA,NA,NA,NA,NA,NA,NA,NA,NA,NA,NA,NA,CHI,NA,00-0038135,NA,J.Brisker,NA,NA,NA,NA,NA,NA,NA,NA,NA,NA,NA,NA,NA,0,NA,NA,NA,NA,NA,NA,NA,NA,NA,NA,NA,NA,NA,NA,NA,NA,NA,NA,NA,NA,NA,NA,NA,NA,NA,NA,NA,NA,NA,NA,NA,0,NA,NA,NA,NA,0,NA,NA,0,0,0,0,NA,NA,2025,0.5334180593490601,46.658194065093994,12,1,First down,893,"11/28/25, 15:02:44",2025-11-28T20:37:12.720Z,Lincoln Financial Field,"Sunny Temp: 42° F, Humidity: 35%, Wind: W 18 mph",f85755f8-311e-11f0-b670-ae1250fadad1,0,0,PASS,0,NA,2025-11-28T20:37:19.160Z,NA,4,Field goal,2025-11-28T20:31:24.687Z,7,3:27,1,0,1,1,2,-5,KICKOFF,FIELD_GOAL,01:31,13:04,PHI 35,CHI 26,781,995,24,15,Home,-9,39,7,43.5,0,outdoors,,NA,NA,Nick Sirianni,Ben Johnson,PHI00,Lincoln Financial Field,0,1,J.Hurts,1,NA,NA,D.Smith,6,1,0,1,0,1,00-0036389,NA,00-0036912,J.Hurts,1,00-0036389,D.Smith,00-0036912,D.Smith,00-0036912,1,0,2.75651054631453,0.28290335026475266,4.073776638746494,2,1,1,0.8980761766433716,10.192382335662842,2025,Go for it,NA,NA,NA,NA,NA,NA,NA,NA,NA,NA,Nick Sirianni,Ben Johnson,15:00,NA,NA,Go for it,Toss Up,NA,NA,NA,NA,NA,NA,NA,NA
923,2025_13_CHI_PHI,2025112800,PHI,CHI,REG,13,PHI,home,CHI,CHI,28,2025-11-28,863,863,2663,Half1,0,4,0,2,1,0,14:23,CHI 28,10,39,(14:23) (Shotgun) 26-S.Barkley left tackle to CHI 23 for 5 yards (94-A.Booker; 31-K.Byard).,run,5,1,0,0,0,0,0,NA,NA,NA,NA,left,tackle,NA,NA,NA,NA,3,3,0,NA,NA,NA,NA,3,3,0,7,0,7,-7,0,7,-7,0.01861482858657837,0.03542576730251312,5.961921997368336e-4,0.06217221915721893,0.3642127513885498,8.437594515271485e-4,0.5181344747543335,0,0,4.178591875941493,0.20458396221511066,-3.275833050007883,3.275833050007883,-1.934962009661831,1.934962009661831,0.3545876934658736,-0.3545876934658736,NA,NA,0,0,0.08931881963508204,-0.08931881963508204,0.5133213272783905,-0.5133213272783905,-2.284086222818587,2.284086222818587,2.6386739162844606,-2.6386739162844606,0.45713338255882263,0.5428666174411774,0.45713338255882263,0.5428666174411774,0.003481924533843994,0.01492619514465332,0.01492619514465332,0.4606153070926666,0.5393846929073334,0.6175079941749573,0.6175079941749573,-0.11592073546415826,0.11592073546415826,0.06196492910385132,-0.06196492910385132,NA,NA,0,0,-0.039432376623153687,0.039432376623153687,0.06647470593452454,-0.06647470593452454,-0.039432376623153687,0.039432376623153687,0.101397305727005,-0.101397305727005,0,0,0,0,0,0,0,0,0,0,0,0,0,0,0,0,0,0,0,0,0,0,0,0,0,0,0,0,0,0,0,0,1,0,0,0,0,0,0,0,0,0,0,0,0,0,1,0,0,0,0,NA,NA,NA,NA,NA,NA,00-0034844,S.Barkley,5,NA,NA,NA,NA,NA,NA,NA,NA,NA,NA,NA,NA,NA,NA,NA,NA,NA,NA,NA,NA,NA,NA,NA,NA,NA,NA,NA,NA,NA,NA,NA,NA,NA,NA,NA,NA,NA,NA,NA,NA,NA,NA,NA,NA,NA,NA,NA,NA,00-0039840,A.Booker,CHI,00-0033132,K.Byard,CHI,NA,NA,NA,NA,NA,NA,0,NA,NA,NA,NA,NA,NA,NA,NA,NA,NA,NA,NA,NA,NA,NA,NA,NA,NA,NA,NA,NA,NA,NA,NA,NA,NA,NA,NA,NA,NA,NA,0,NA,NA,NA,NA,0,NA,NA,0,0,0,0,NA,NA,2025,NA,NA,13,0,Field goal,923,"11/28/25, 15:02:44",2025-11-28T20:37:52.597Z,Lincoln Financial Field,"Sunny Temp: 42° F, Humidity: 35%, Wind: W 18 mph",f85755f8-311e-11f0-b670-ae1250fadad1,0,0,RUSH,0,NA,2025-11-28T20:37:56.333Z,NA,4,Field goal,2025-11-28T20:31:24.687Z,7,3:27,1,0,1,1,2,-5,KICKOFF,FIELD_GOAL,01:31,13:04,PHI 35,CHI 26,781,995,24,15,Home,-9,39,7,43.5,0,outdoors,,NA,NA,Nick Sirianni,Ben Johnson,PHI00,Lincoln Financial Field,0,1,NA,NA,S.Barkley,26,NA,NA,0,1,0,0,1,NA,00-0034844,NA,S.Barkley,26,00-0034844,S.Barkley,00-0034844,S.Barkley,00-0034844,0,0,0.20458396221511066,NA,NA,NA,NA,NA,0.45106032490730286,-45.106032490730286,2025,Go for it,NA,NA,NA,NA,NA,NA,NA,NA,NA,NA,Nick Sirianni,Ben Johnson,14:23,NA,NA,Go for it,Toss Up,NA,NA,NA,NA,NA,NA,NA,NA
950,2025_13_CHI_PHI,2025112800,PHI,CHI,REG,13,PHI,home,CHI,CHI,23,2025-11-28,828,828,2628,Half1,0,4,0,2,2,0,13:48,CHI 23,5,39,(13:48) 26-S.Barkley left end to CHI 26 for -3 yards (94-A.Booker).,run,-3,0,0,0,0,0,0,NA,NA,NA,NA,left,end,NA,NA,NA,NA,3,3,0,NA,NA,NA,NA,3,3,0,7,0,7,-7,0,7,-7,0.015833929181098938,0.02951040118932724,5.113814841024578e-4,0.04515371099114418,0.39252710342407227,8.039468666538596e-4,0.515659511089325,0,0,4.383175838156603,-1.1937273825751618,-4.4695604325830445,4.4695604325830445,-3.1286893922369927,3.1286893922369927,0.3545876934658736,-0.3545876934658736,NA,NA,0,0,0.08931881963508204,-0.08931881963508204,0.5133213272783905,-0.5133213272783905,-2.284086222818587,2.284086222818587,2.6386739162844606,-2.6386739162844606,0.4606153070926666,0.5393846929073334,0.4606153070926666,0.5393846929073334,-0.03489375114440918,-0.019787907600402832,-0.019787907600402832,0.42572155594825745,0.5742784440517426,0.6324341893196106,0.6324341893196106,-0.15081448660856744,0.15081448660856744,0.06196492910385132,-0.06196492910385132,NA,NA,0,0,-0.039432376623153687,0.039432376623153687,0.06647470593452454,-0.06647470593452454,-0.039432376623153687,0.039432376623153687,0.101397305727005,-0.101397305727005,0,0,0,0,0,0,0,0,0,0,0,0,0,0,0,0,0,0,0,0,0,0,0,0,1,0,0,1,0,0,0,0,1,0,0,0,0,0,0,0,0,0,0,0,0,0,0,0,0,0,0,NA,NA,NA,NA,NA,NA,00-0034844,S.Barkley,-3,NA,NA,NA,NA,NA,NA,NA,NA,NA,NA,NA,NA,NA,NA,NA,NA,NA,NA,NA,NA,NA,NA,NA,NA,NA,NA,NA,NA,00-0039840,A.Booker,NA,NA,NA,NA,NA,NA,NA,NA,NA,NA,NA,NA,CHI,NA,00-0039840,NA,A.Booker,NA,NA,NA,NA,NA,NA,NA,NA,NA,NA,NA,NA,NA,0,NA,NA,NA,NA,NA,NA,NA,NA,NA,NA,NA,NA,NA,NA,NA,NA,NA,NA,NA,NA,NA,NA,NA,NA,NA,NA,NA,NA,NA,NA,NA,0,NA,NA,NA,NA,0,NA,NA,0,0,0,0,NA,NA,2025,NA,NA,13,0,Field goal,950,"11/28/25, 15:02:44",2025-11-28T20:38:27.893Z,Lincoln Financial Field,"Sunny Temp: 42° F, Humidity: 35%, Wind: W 18 mph",f85755f8-311e-11f0-b670-ae1250fadad1,0,0,RUSH,0,NA,2025-11-28T20:38:31.430Z,NA,4,Field goal,2025-11-28T20:31:24.687Z,7,3:27,1,0,1,1,2,-5,KICKOFF,FIELD_GOAL,01:31,13:04,PHI 35,CHI 26,781,995,24,15,Home,-9,39,7,43.5,0,outdoors,,NA,NA,Nick Sirianni,Ben Johnson,PHI00,Lincoln Financial Field,0,0,NA,NA,S.Barkley,26,NA,NA,0,1,0,0,1,NA,00-0034844,NA,S.Barkley,26,00-0034844,S.Barkley,00-0034844,S.Barkley,00-0034844,0,0,-1.1937273825751618,NA,NA,NA,NA,NA,0.5271487236022949,-52.71487236022949,2025,Go for it,NA,NA,NA,NA,NA,NA,NA,NA,NA,NA,Nick Sirianni,Ben Johnson,13:48,NA,NA,Go for it,Toss Up,NA,NA,NA,NA,NA,NA,NA,NA
972,2025_13_CHI_PHI,2025112800,PHI,CHI,REG,13,PHI,home,CHI,CHI,26,2025-11-28,792,792,2592,Half1,0,4,0,2,3,0,13:12,CHI 26,8,39,"(13:12) (No Huddle, Shotgun) 1-J.Hurts pass incomplete short middle to 6-D.Smith.",pass,0,1,1,1,0,0,0,short,middle,7,NA,NA,NA,NA,NA,NA,NA,3,3,0,NA,NA,NA,NA,3,3,0,7,0,7,-7,0,7,-7,0.01890132948756218,0.04848262295126915,6.133829592727125e-4,0.07780303806066513,0.5235773921012878,8.687768713571131e-4,0.3297535181045532,0,0,3.1894484555814415,-1.22699357617753,-5.696554008760575,5.696554008760575,-3.1286893922369927,3.1286893922369927,-0.8724058827116563,0.8724058827116563,0.13554965355433524,-1.3625432297318651,0,0,0.08931881963508204,-0.08931881963508204,0.5133213272783905,-0.5133213272783905,-2.1485365692642517,2.1485365692642517,1.2761306865525954,-1.2761306865525954,0.42572155594825745,0.5742784440517426,0.42572155594825745,0.5742784440517426,-0.033038318157196045,-0.032462120056152344,-0.032462120056152344,0.3926832377910614,0.6073167622089386,0.6126462817192078,0.6126462817192078,-0.15081448660856744,0.15081448660856744,0.028926610946655273,-0.028926610946655273,0,-0.033038318157196045,0,0,-0.039432376623153687,0.039432376623153687,0.06647470593452454,-0.06647470593452454,-0.039432376623153687,0.039432376623153687,0.06835898756980896,-0.06835898756980896,0,0,0,0,0,1,0,0,1,0,0,0,0,0,0,0,0,0,0,0,0,0,0,0,0,0,0,0,0,0,0,0,0,1,0,0,0,0,0,0,0,0,0,0,0,0,0,0,0,0,0,00-0036389,J.Hurts,NA,00-0036912,D.Smith,NA,NA,NA,NA,NA,NA,NA,NA,NA,NA,NA,NA,NA,NA,NA,NA,NA,NA,NA,NA,NA,NA,NA,NA,NA,NA,NA,NA,NA,NA,NA,NA,NA,NA,NA,NA,NA,NA,NA,NA,NA,NA,NA,NA,NA,NA,NA,NA,NA,NA,NA,NA,NA,NA,NA,NA,NA,NA,NA,NA,NA,NA,NA,NA,0,NA,NA,NA,NA,NA,NA,NA,NA,NA,NA,NA,NA,NA,NA,NA,NA,NA,NA,NA,NA,NA,NA,NA,NA,NA,NA,NA,NA,NA,NA,NA,0,NA,NA,NA,NA,0,NA,NA,0,0,0,0,NA,NA,2025,0.7064458727836609,-70.64458727836609,13,0,Field goal,972,"11/28/25, 15:02:44",2025-11-28T20:39:03.813Z,Lincoln Financial Field,"Sunny Temp: 42° F, Humidity: 35%, Wind: W 18 mph",f85755f8-311e-11f0-b670-ae1250fadad1,0,0,PASS,0,NA,2025-11-28T20:39:07.217Z,NA,4,Field goal,2025-11-28T20:31:24.687Z,7,3:27,1,0,1,1,2,-5,KICKOFF,FIELD_GOAL,01:31,13:04,PHI 35,CHI 26,781,995,24,15,Home,-9,39,7,43.5,0,outdoors,,NA,NA,Nick Sirianni,Ben Johnson,PHI00,Lincoln Financial Field,0,0,J.Hurts,1,NA,NA,D.Smith,6,1,0,0,0,1,00-0036389,NA,00-0036912,J.Hurts,1,00-0036389,D.Smith,00-0036912,D.Smith,00-0036912,0,0,-1.22699357617753,1.227549504635664,3.5731976185925305,2,0.9886862075072713,0.6956220602733083,0.9821329712867737,1.7867028713226318,2025,Go for it,NA,NA,NA,NA,NA,NA,NA,NA,NA,NA,Nick Sirianni,Ben Johnson,13:12,NA,NA,Go for it,Toss Up,NA,NA,NA,NA,NA,NA,NA,NA
995,2025_13_CHI_PHI,2025112800,PHI,CHI,REG,13,PHI,home,CHI,CHI,26,2025-11-28,788,788,2588,Half1,0,4,1,2,4,0,13:08,CHI 26,8,39,"(13:08) 4-J.Elliott 44 yard field goal is GOOD, Center-57-C.Adomitis, Holder-10-B.Mann.",field_goal,0,0,0,0,0,0,0,NA,NA,NA,NA,NA,NA,made,44,NA,NA,3,3,0,NA,NA,NA,NA,3,3,3,7,0,7,-7,3,7,-4,0.01406895744406189,0.05030080280344519,7.004699815813707e-4,0.08566392759995346,0.807127278061385,3.892160586274861e-4,0.041749350667953475,0,0,1.9624548794039116,1.0375451205960884,-4.659008888164486,4.659008888164486,-3.1286893922369927,3.1286893922369927,-0.8724058827116563,0.8724058827116563,NA,NA,0,0,0.08931881963508204,-0.08931881963508204,0.5133213272783905,-0.5133213272783905,-2.1485365692642517,2.1485365692642517,1.2761306865525954,-1.2761306865525954,0.3926832377910614,0.6073167622089386,0.3926832377910614,0.6073167622089386,0.023976892232894897,0.00905752182006836,0.00905752182006836,0.4166601300239563,0.5833398699760437,0.5801841616630554,0.5801841616630554,-0.15081448660856744,0.15081448660856744,0.028926610946655273,-0.028926610946655273,NA,NA,0,0,-0.039432376623153687,0.039432376623153687,0.06647470593452454,-0.06647470593452454,-0.039432376623153687,0.039432376623153687,0.06835898756980896,-0.06835898756980896,0,0,0,0,0,0,0,0,0,0,0,0,0,0,0,0,0,0,0,0,0,0,0,0,0,0,0,0,0,0,0,0,0,0,0,0,0,0,0,0,0,1,0,0,0,0,0,0,0,0,0,NA,NA,NA,NA,NA,NA,NA,NA,NA,NA,NA,NA,NA,NA,NA,NA,NA,NA,NA,NA,NA,NA,NA,NA,NA,NA,NA,NA,NA,NA,NA,J.Elliott,00-0033787,NA,NA,NA,NA,NA,NA,NA,NA,NA,NA,NA,NA,NA,NA,NA,NA,NA,NA,NA,NA,NA,NA,NA,NA,NA,NA,NA,NA,NA,NA,NA,NA,NA,NA,NA,NA,0,NA,NA,NA,NA,NA,NA,NA,NA,NA,NA,NA,NA,NA,NA,NA,NA,NA,NA,NA,NA,NA,NA,NA,NA,NA,NA,NA,NA,NA,NA,NA,0,NA,NA,NA,NA,0,NA,NA,0,0,0,0,NA,NA,2025,NA,NA,13,0,Field goal,995,"11/28/25, 15:02:44",2025-11-28T20:39:45.030Z,Lincoln Financial Field,"Sunny Temp: 42° F, Humidity: 35%, Wind: W 18 mph",f85755f8-311e-11f0-b670-ae1250fadad1,0,0,FIELD_GOAL,0,NA,2025-11-28T20:39:48.867Z,NA,4,Field goal,2025-11-28T20:31:24.687Z,7,3:27,1,0,1,1,2,-5,KICKOFF,FIELD_GOAL,01:31,13:04,PHI 35,CHI 26,781,995,24,15,Home,-9,39,7,43.5,0,outdoors,,NA,NA,Nick Sirianni,Ben Johnson,PHI00,Lincoln Financial Field,0,1,NA,NA,NA,NA,NA,NA,0,0,0,1,0,NA,NA,NA,NA,NA,NA,NA,NA,NA,NA,0,0,1.0375451205960884,NA,NA,NA,NA,NA,NA,NA,2025,Field Goal,-0.2560435254911897,0.3395802852755878,0.5174331159678924,0.6711806983329818,0.5696427657302722,0.7834364889778677,0.5038491189479828,0.5910981595516205,0.5722032009851841,NA,Nick Sirianni,Ben Johnson,13:08,0.807127278061385,81,Field Goal,Field Goal,57,34,52,67,NA,57,59,50
1015,2025_13_CHI_PHI,2025112800,PHI,CHI,REG,13,CHI,away,PHI,PHI,35,2025-11-28,784,784,2584,Half1,0,5,0,2,NA,0,13:04,PHI 35,0,68,"4-J.Elliott kicks 65 yards from PHI 35 to landing zone to end zone, Touchback to the CHI 20.",kickoff,0,0,0,0,0,0,0,NA,NA,NA,NA,NA,NA,NA,65,NA,NA,3,3,0,NA,NA,NA,NA,3,3,3,7,7,3,4,7,3,4,0.06723201274871826,0.13583247363567352,0.002507253782823682,0.23817116022109985,0.20515096187591553,0.0028644856065511703,0.3482416868209839,0,0,0.9791636145673692,-0.39563740650191903,-4.263371481662567,4.263371481662567,-3.1286893922369927,3.1286893922369927,-0.8724058827116563,0.8724058827116563,NA,NA,0,0,0.08931881963508204,-0.08931881963508204,0.5133213272783905,-0.5133213272783905,-2.1485365692642517,2.1485365692642517,1.2761306865525954,-1.2761306865525954,0.5833398699760437,0.4166601300239563,0.4166601300239563,0.5833398699760437,-0.0152207612991333,-0.011022955179214478,0.011022955179214478,0.4318808913230896,0.5681191086769104,0.4107583165168762,0.5892416834831238,-0.15081448660856744,0.15081448660856744,0.028926610946655273,-0.028926610946655273,NA,NA,0,0,-0.039432376623153687,0.039432376623153687,0.06647470593452454,-0.06647470593452454,-0.039432376623153687,0.039432376623153687,0.06835898756980896,-0.06835898756980896,0,0,0,0,0,0,0,0,0,1,0,0,0,0,0,0,0,0,0,0,0,0,0,0,0,0,0,0,0,0,0,0,0,0,0,0,0,0,0,0,0,0,1,0,0,0,0,0,0,0,0,NA,NA,NA,NA,NA,NA,NA,NA,NA,NA,NA,NA,NA,NA,NA,NA,NA,NA,NA,NA,NA,NA,NA,NA,NA,NA,NA,NA,NA,NA,NA,J.Elliott,00-0033787,NA,NA,NA,NA,NA,NA,NA,NA,NA,NA,NA,NA,NA,NA,NA,NA,NA,NA,NA,NA,NA,NA,NA,NA,NA,NA,NA,NA,NA,NA,NA,NA,NA,NA,NA,NA,0,NA,NA,NA,NA,NA,NA,NA,NA,NA,NA,NA,NA,NA,NA,NA,NA,NA,NA,NA,NA,NA,NA,NA,NA,NA,NA,NA,NA,NA,NA,CHI,0,NA,NA,NA,NA,0,NA,NA,0,0,0,0,NA,NA,2025,NA,NA,14,1,First down,1015,"11/28/25, 15:02:44",2025-11-28T20:42:45.013Z,Lincoln Financial Field,"Sunny Temp: 42° F, Humidity: 35%, Wind: W 18 mph",f85755f8-311e-11f0-b670-ae1250fadad1,0,0,KICK_OFF,1,NA,2025-11-28T20:42:49.947Z,NA,5,Field goal,2025-11-28T20:42:45.013Z,15,6:20,5,1,1,2,2,0,KICKOFF,FIELD_GOAL,13:04,06:44,CHI 20,PHI 12,1015,1387,24,15,Home,-9,39,7,43.5,0,outdoors,,NA,NA,Nick Sirianni,Ben Johnson,PHI00,Lincoln Financial Field,0,0,NA,NA,NA,NA,NA,NA,0,0,0,1,0,NA,NA,NA,NA,NA,NA,NA,NA,NA,NA,0,0,-0.39563740650191903,NA,NA,NA,NA,NA,NA,NA,2025,Other,NA,NA,NA,NA,NA,NA,NA,NA,NA,NA,Nick Sirianni,Ben Johnson,13:04,NA,NA,Other,Toss Up,NA,NA,NA,NA,NA,NA,NA,NA
1048,2025_13_CHI_PHI,2025112800,PHI,CHI,REG,13,CHI,away,PHI,CHI,80,2025-11-28,784,784,2584,Half1,0,5,0,2,1,0,13:04,CHI 20,10,68,(13:04) 4-D.Swift right guard to CHI 37 for 17 yards (21-S.Brown).,run,17,0,0,0,0,0,0,NA,NA,NA,NA,right,guard,NA,NA,NA,NA,3,3,0,NA,NA,NA,NA,3,3,3,7,7,3,4,7,3,4,0.06898759305477142,0.15483295917510986,0.002615624340251088,0.25683557987213135,0.18825192749500275,0.002596922917291522,0.32587939500808716,0,0,0.5835262080654502,1.1035085883922875,-5.3668800700548545,5.3668800700548545,-4.23219798062928,4.23219798062928,-0.8724058827116563,0.8724058827116563,NA,NA,0,0,0.08931881963508204,-0.08931881963508204,0.5133213272783905,-0.5133213272783905,-2.1485365692642517,2.1485365692642517,1.2761306865525954,-1.2761306865525954,0.5681191086769104,0.4318808913230896,0.4318808913230896,0.5681191086769104,0.03641164302825928,0.027718007564544678,-0.027718007564544678,0.3954692482948303,0.6045307517051697,0.39973536133766174,0.6002646386623383,-0.18722612963682672,0.18722612963682672,0.028926610946655273,-0.028926610946655273,NA,NA,0,0,-0.039432376623153687,0.039432376623153687,0.06647470593452454,-0.06647470593452454,-0.039432376623153687,0.039432376623153687,0.06835898756980896,-0.06835898756980896,0,1,0,0,0,0,0,0,0,0,0,0,0,0,0,0,0,0,0,0,0,0,0,0,1,0,0,0,0,0,0,0,1,0,0,0,0,0,0,0,0,0,0,0,0,0,0,0,0,0,0,NA,NA,NA,NA,NA,NA,00-0036275,D.Swift,17,NA,NA,NA,NA,NA,NA,NA,NA,NA,NA,NA,NA,NA,NA,NA,NA,NA,NA,NA,NA,NA,NA,NA,NA,NA,NA,NA,NA,NA,NA,NA,NA,NA,NA,NA,NA,NA,NA,NA,NA,NA,NA,PHI,NA,00-0039002,NA,S.Brown,NA,NA,NA,NA,NA,NA,NA,NA,NA,NA,NA,NA,NA,0,NA,NA,NA,NA,NA,NA,NA,NA,NA,NA,NA,NA,NA,NA,NA,NA,NA,NA,NA,NA,NA,NA,NA,NA,NA,NA,NA,NA,NA,NA,NA,0,NA,NA,NA,NA,0,NA,NA,0,0,0,0,NA,NA,2025,NA,NA,14,1,First down,1048,"11/28/25, 15:02:44",2025-11-28T20:43:35.347Z,Lincoln Financial Field,"Sunny Temp: 42° F, Humidity: 35%, Wind: W 18 mph",f85755f8-311e-11f0-b670-ae1250fadad1,0,0,RUSH,0,NA,2025-11-28T20:43:42.790Z,NA,5,Field goal,2025-11-28T20:42:45.013Z,15,6:20,5,1,1,2,2,0,KICKOFF,FIELD_GOAL,13:04,06:44,CHI 20,PHI 12,1015,1387,24,15,Home,-9,39,7,43.5,0,outdoors,,NA,NA,Nick Sirianni,Ben Johnson,PHI00,Lincoln Financial Field,0,1,NA,NA,D.Swift,4,NA,NA,0,1,1,0,1,NA,00-0036275,NA,D.Swift,4,00-0036275,D.Swift,00-0036275,D.Swift,00-0036275,0,0,1.1035085883922875,NA,NA,NA,NA,NA,0.4489488899707794,-44.89488899707794,2025,Go for it,NA,NA,NA,NA,NA,NA,NA,NA,NA,NA,Nick Sirianni,Ben Johnson,13:04,NA,NA,Go for it,Toss Up,NA,NA,NA,NA,NA,NA,NA,NA
1070,2025_13_CHI_PHI,2025112800,PHI,CHI,REG,13,CHI,away,PHI,CHI,63,2025-11-28,737,737,2537,Half1,0,5,0,2,1,0,12:17,CHI 37,10,68,(12:17) 25-K.Monangai left tackle to CHI 40 for 3 yards (90-J.Davis; 58-J.Hunt).,run,3,0,0,0,0,0,0,NA,NA,NA,NA,left,tackle,NA,NA,NA,NA,3,3,0,NA,NA,NA,NA,3,3,3,7,7,3,4,7,3,4,0.07487060874700546,0.11012956500053406,0.0017218233551830053,0.1953064203262329,0.23029977083206177,0.0033180261962115765,0.3843538165092468,0,0,1.6870347964577377,-0.22880893596448004,-5.138071134090374,5.138071134090374,-4.0033890446648,4.0033890446648,-0.8724058827116563,0.8724058827116563,NA,NA,0,0,0.08931881963508204,-0.08931881963508204,0.5133213272783905,-0.5133213272783905,-2.1485365692642517,2.1485365692642517,1.2761306865525954,-1.2761306865525954,0.6045307517051697,0.3954692482948303,0.3954692482948303,0.6045307517051697,-0.013074934482574463,-0.007782667875289917,0.007782667875289917,0.4085441827774048,0.5914558172225952,0.4274533689022064,0.5725466310977936,-0.17415119515425226,0.17415119515425226,0.028926610946655273,-0.028926610946655273,NA,NA,0,0,-0.039432376623153687,0.039432376623153687,0.06647470593452454,-0.06647470593452454,-0.039432376623153687,0.039432376623153687,0.06835898756980896,-0.06835898756980896,0,0,0,0,0,0,0,0,0,0,0,0,0,0,0,0,0,0,0,0,0,0,0,0,0,0,0,0,0,0,0,0,1,0,0,0,0,0,0,0,0,0,0,0,0,0,1,0,0,0,0,NA,NA,NA,NA,NA,NA,00-0040236,K.Monangai,3,NA,NA,NA,NA,NA,NA,NA,NA,NA,NA,NA,NA,NA,NA,NA,NA,NA,NA,NA,NA,NA,NA,NA,NA,NA,NA,NA,NA,NA,NA,NA,NA,NA,NA,NA,NA,NA,NA,NA,NA,NA,NA,NA,NA,NA,NA,NA,NA,00-0037073,J.Davis,PHI,00-0039740,J.Hunt,PHI,NA,NA,NA,NA,NA,NA,0,NA,NA,NA,NA,NA,NA,NA,NA,NA,NA,NA,NA,NA,NA,NA,NA,NA,NA,NA,NA,NA,NA,NA,NA,NA,NA,NA,NA,NA,NA,NA,0,NA,NA,NA,NA,0,NA,NA,0,0,0,0,NA,NA,2025,NA,NA,15,1,First down,1070,"11/28/25, 15:02:44",2025-11-28T20:44:23.417Z,Lincoln Financial Field,"Sunny Temp: 42° F, Humidity: 35%, Wind: W 18 mph",f85755f8-311e-11f0-b670-ae1250fadad1,0,0,RUSH,0,NA,2025-11-28T20:44:28.890Z,NA,5,Field goal,2025-11-28T20:42:45.013Z,15,6:20,5,1,1,2,2,0,KICKOFF,FIELD_GOAL,13:04,06:44,CHI 20,PHI 12,1015,1387,24,15,Home,-9,39,7,43.5,0,outdoors,,NA,NA,Nick Sirianni,Ben Johnson,PHI00,Lincoln Financial Field,0,0,NA,NA,K.Monangai,25,NA,NA,0,1,0,0,1,NA,00-0040236,NA,K.Monangai,25,00-0040236,K.Monangai,00-0040236,K.Monangai,00-0040236,0,0,-0.22880893596448004,NA,NA,NA,NA,NA,0.4639659821987152,-46.39659821987152,2025,Go for it,NA,NA,NA,NA,NA,NA,NA,NA,NA,NA,Nick Sirianni,Ben Johnson,12:17,NA,NA,Go for it,Toss Up,NA,NA,NA,NA,NA,NA,NA,NA
1092,2025_13_CHI_PHI,2025112800,PHI,CHI,REG,13,CHI,away,PHI,CHI,60,2025-11-28,693,693,2493,Half1,0,5,0,2,2,0,11:33,CHI 40,7,68,(11:33) (Shotgun) 18-C.Williams pass incomplete short right.,pass,0,1,0,1,0,0,0,short,right,-6,NA,NA,NA,NA,NA,NA,NA,3,3,0,NA,NA,NA,NA,3,3,3,7,7,3,4,7,3,4,0.09268173575401306,0.1157260462641716,0.0018317924113944173,0.1992374211549759,0.22768773138523102,0.00383609882555902,0.3589991629123688,0,0,1.4582258604932576,-0.7571524276863784,-4.380918706403996,4.380918706403996,-4.0033890446648,4.0033890446648,-0.11525345502527795,0.11525345502527795,-1.5064318783115596,0.7492794506251812,0,0,0.08931881963508204,-0.08931881963508204,0.5133213272783905,-0.5133213272783905,-0.6421046909526922,0.6421046909526922,0.5268512359274142,-0.5268512359274142,0.5914558172225952,0.4085441827774048,0.4085441827774048,0.5914558172225952,-0.020379364490509033,-0.0198991596698761,0.0198991596698761,0.4289235472679138,0.5710764527320862,0.4196707010269165,0.5803292989730835,-0.17415119515425226,0.17415119515425226,0.04930597543716431,-0.04930597543716431,0,-0.020379364490509033,0,0,-0.039432376623153687,0.039432376623153687,0.06647470593452454,-0.06647470593452454,-0.039432376623153687,0.039432376623153687,0.088738352060318,-0.088738352060318,0,0,0,0,0,0,0,0,1,0,0,0,0,0,0,0,0,0,0,0,0,0,0,0,0,0,0,0,0,0,0,0,0,1,0,0,0,0,0,0,0,0,0,0,0,0,0,0,0,0,0,00-0039918,C.Williams,NA,NA,NA,NA,NA,NA,NA,NA,NA,NA,NA,NA,NA,NA,NA,NA,NA,NA,NA,NA,NA,NA,NA,NA,NA,NA,NA,NA,NA,NA,NA,NA,NA,NA,NA,NA,NA,NA,NA,NA,NA,NA,NA,NA,NA,NA,NA,NA,NA,NA,NA,NA,NA,NA,NA,NA,NA,NA,NA,NA,NA,NA,NA,NA,NA,NA,NA,0,NA,NA,NA,NA,NA,NA,NA,NA,NA,NA,NA,NA,NA,NA,NA,NA,NA,NA,NA,NA,NA,NA,NA,NA,NA,NA,NA,NA,NA,NA,NA,0,NA,NA,NA,NA,0,NA,NA,0,0,0,0,NA,NA,2025,NA,NA,15,1,First down,1092,"11/28/25, 15:02:44",2025-11-28T20:45:06.543Z,Lincoln Financial Field,"Sunny Temp: 42° F, Humidity: 35%, Wind: W 18 mph",f85755f8-311e-11f0-b670-ae1250fadad1,0,0,PASS,0,NA,2025-11-28T20:45:08.813Z,NA,5,Field goal,2025-11-28T20:42:45.013Z,15,6:20,5,1,1,2,2,0,KICKOFF,FIELD_GOAL,13:04,06:44,CHI 20,PHI 12,1015,1387,24,15,Home,-9,39,7,43.5,0,outdoors,,NA,NA,Nick Sirianni,Ben Johnson,PHI00,Lincoln Financial Field,0,0,C.Williams,18,NA,NA,NA,NA,1,0,0,0,1,00-0039918,NA,NA,C.Williams,18,00-0039918,NA,NA,NA,NA,0,0,-0.7571524276863784,NA,NA,NA,NA,NA,0.6642765402793884,33.57234597206116,2025,Go for it,NA,NA,NA,NA,NA,NA,NA,NA,NA,NA,Nick Sirianni,Ben Johnson,11:33,NA,NA,Go for it,Toss Up,NA,NA,NA,NA,NA,NA,NA,NA
1115,2025_13_CHI_PHI,2025112800,PHI,CHI,REG,13,CHI,away,PHI,CHI,60,2025-11-28,691,691,2491,Half1,0,5,0,2,3,0,11:31,CHI 40,7,68,(11:31) (Shotgun) 18-C.Williams pass short middle to 14-O.Zaccheaus to CHI 49 for 9 yards (32-R.Blankenship).,pass,9,1,0,1,0,0,0,short,middle,6,3,NA,NA,NA,NA,NA,NA,3,3,0,NA,NA,NA,NA,3,3,3,7,7,3,4,7,3,4,0.09704160690307617,0.1426011323928833,0.0019379474688321352,0.23917709290981293,0.20175185799598694,0.004139151889830828,0.31335121393203735,0,0,0.7010734328068793,1.805853801080957,-6.186772507484953,6.186772507484953,-4.0033890446648,4.0033890446648,-1.921107256106235,1.921107256106235,-0.50493074208498,2.310784543165937,-0.50493074208498,2.310784543165937,0.594249561720062,-0.594249561720062,-1.7974632158875465,1.7974632158875465,-0.13717394886771217,0.13717394886771217,-1.7839333072385228,1.7839333072385228,0.5710764527320862,0.4289235472679138,0.4289235472679138,0.5710764527320862,0.07004493474960327,0.038732320070266724,-0.038732320070266724,0.35887861251831055,0.6411213874816895,0.3997715413570404,0.6002284586429596,-0.17415119515425226,0.17415119515425226,-0.020738959312438965,0.020738959312438965,0,0.07004493474960327,0,0.07004493474960327,-0.039432376623153687,0.039432376623153687,-0.0035702288150787354,0.0035702288150787354,-0.039432376623153687,0.039432376623153687,0.01869341731071472,-0.01869341731071472,0,0,1,0,1,0,0,0,0,0,0,0,0,0,0,0,0,0,0,0,0,0,0,0,1,0,0,0,0,0,0,0,0,1,0,0,0,0,0,0,0,0,0,0,0,1,0,0,0,0,0,00-0039918,C.Williams,9,00-0035208,O.Zaccheaus,9,NA,NA,NA,NA,NA,NA,NA,NA,NA,NA,NA,NA,NA,NA,NA,NA,NA,NA,NA,NA,NA,NA,NA,NA,NA,NA,NA,NA,NA,NA,NA,NA,NA,NA,NA,NA,NA,NA,NA,NA,NA,NA,NA,NA,NA,PHI,NA,00-0037130,NA,R.Blankenship,NA,NA,NA,NA,NA,NA,NA,NA,NA,NA,NA,NA,NA,0,NA,NA,NA,NA,NA,NA,NA,NA,NA,NA,NA,NA,NA,NA,NA,NA,NA,NA,NA,NA,NA,NA,NA,NA,NA,NA,NA,NA,NA,NA,NA,0,NA,NA,NA,NA,0,NA,NA,0,0,0,0,NA,NA,2025,0.7261068224906921,27.389317750930786,15,1,First down,1115,"11/28/25, 15:02:44",2025-11-28T20:45:40.907Z,Lincoln Financial Field,"Sunny Temp: 42° F, Humidity: 35%, Wind: W 18 mph",f85755f8-311e-11f0-b670-ae1250fadad1,0,0,PASS,0,NA,2025-11-28T20:45:45.077Z,NA,5,Field goal,2025-11-28T20:42:45.013Z,15,6:20,5,1,1,2,2,0,KICKOFF,FIELD_GOAL,13:04,06:44,CHI 20,PHI 12,1015,1387,24,15,Home,-9,39,7,43.5,0,outdoors,,NA,NA,Nick Sirianni,Ben Johnson,PHI00,Lincoln Financial Field,0,1,C.Williams,18,NA,NA,O.Zaccheaus,14,1,0,1,0,1,00-0039918,NA,00-0035208,C.Williams,18,00-0039918,O.Zaccheaus,00-0035208,O.Zaccheaus,00-0035208,0,0,1.805853801080957,1.7727843373356205,4.428885724148131,2,0.7019846744951792,0.7019846744951792,0.9810976982116699,1.8902301788330078,2025,Go for it,NA,NA,NA,NA,NA,NA,NA,NA,NA,NA,Nick Sirianni,Ben Johnson,11:31,NA,NA,Go for it,Toss Up,NA,NA,NA,NA,NA,NA,NA,NA
1140,2025_13_CHI_PHI,2025112800,PHI,CHI,REG,13,CHI,away,PHI,CHI,51,2025-11-28,656,656,2456,Half1,0,5,0,2,1,0,10:56,CHI 49,10,68,(10:56) (Shotgun) 18-C.Williams pass short middle to 10-L.Burden to PHI 42 for 9 yards (32-R.Blankenship).,pass,9,1,0,1,0,0,0,short,middle,-4,13,NA,NA,NA,NA,NA,NA,3,3,0,NA,NA,NA,NA,3,3,3,7,7,3,4,7,3,4,0.08003927022218704,0.08859754353761673,0.001170619740150869,0.1390208601951599,0.2681894898414612,0.0034474150743335485,0.419534832239151,0,0,2.5069272338878363,0.6796992833260447,-6.866471790810998,6.866471790810998,-4.0033890446648,4.0033890446648,-2.6008065394322797,2.6008065394322797,-1.0598148296121508,1.7395141129381955,-1.0598148296121508,1.7395141129381955,1.6540643913322128,-1.6540643913322128,-3.536977328825742,3.536977328825742,0.9226408807444386,-0.9226408807444386,-3.5234474201767183,3.5234474201767183,0.6411213874816895,0.35887861251831055,0.35887861251831055,0.6411213874816895,0.011025965213775635,0.019261062145233154,-0.019261062145233154,0.3478526473045349,0.6521473526954651,0.43850386142730713,0.5614961385726929,-0.17415119515425226,0.17415119515425226,-0.0317649245262146,0.0317649245262146,0,0.011025965213775635,0,0.011025965213775635,-0.039432376623153687,0.039432376623153687,-0.01459619402885437,0.01459619402885437,-0.039432376623153687,0.039432376623153687,0.007667452096939087,-0.007667452096939087,0,0,0,0,0,0,0,0,0,0,0,0,0,0,0,0,0,0,0,0,0,0,0,0,1,0,0,0,0,0,0,0,0,1,0,0,0,0,0,0,0,0,0,0,0,1,0,0,0,0,0,00-0039918,C.Williams,9,00-0040735,L.Burden,9,NA,NA,NA,NA,NA,NA,NA,NA,NA,NA,NA,NA,NA,NA,NA,NA,NA,NA,NA,NA,NA,NA,NA,NA,NA,NA,NA,NA,NA,NA,NA,NA,NA,NA,NA,NA,NA,NA,NA,NA,NA,NA,NA,NA,NA,PHI,NA,00-0037130,NA,R.Blankenship,NA,NA,NA,NA,NA,NA,NA,NA,NA,NA,NA,NA,NA,0,NA,NA,NA,NA,NA,NA,NA,NA,NA,NA,NA,NA,NA,NA,NA,NA,NA,NA,NA,NA,NA,NA,NA,NA,NA,NA,NA,NA,NA,NA,NA,0,NA,NA,NA,NA,0,NA,NA,0,0,0,0,NA,NA,2025,0.8219378590583801,17.806214094161987,16,1,First down,1140,"11/28/25, 15:02:44",2025-11-28T20:46:15.707Z,Lincoln Financial Field,"Sunny Temp: 42° F, Humidity: 35%, Wind: W 18 mph",f85755f8-311e-11f0-b670-ae1250fadad1,0,0,PASS,0,NA,2025-11-28T20:46:22.547Z,NA,5,Field goal,2025-11-28T20:42:45.013Z,15,6:20,5,1,1,2,2,0,KICKOFF,FIELD_GOAL,13:04,06:44,CHI 20,PHI 12,1015,1387,24,15,Home,-9,39,7,43.5,0,outdoors,,NA,NA,Nick Sirianni,Ben Johnson,PHI00,Lincoln Financial Field,0,1,C.Williams,18,NA,NA,L.Burden,10,1,0,0,0,1,00-0039918,NA,00-0040735,C.Williams,18,00-0039918,L.Burden,00-0040735,L.Burden,00-0040735,0,0,0.6796992833260447,1.1815476457981828,10.54653554550896,9,0.5468652736744843,0.26667582656955346,0.4675564467906952,53.24435532093048,2025,Go for it,NA,NA,NA,NA,NA,NA,NA,NA,NA,NA,Nick Sirianni,Ben Johnson,10:56,NA,NA,Go for it,Toss Up,NA,NA,NA,NA,NA,NA,NA,NA
1165,2025_13_CHI_PHI,2025112800,PHI,CHI,REG,13,CHI,away,PHI,PHI,42,2025-11-28,620,620,2420,Half1,0,5,0,2,2,0,10:20,PHI 42,1,68,(10:20) 18-C.Williams pass incomplete deep right to 2-D.Moore.,pass,0,0,0,1,0,0,0,deep,right,22,NA,NA,NA,NA,NA,NA,NA,3,3,0,NA,NA,NA,NA,3,3,3,7,7,3,4,7,3,4,0.07845523208379745,0.07239698618650436,9.964113123714924e-4,0.1020657941699028,0.27183306217193604,0.002999161370098591,0.47125333547592163,0,0,3.186626517213881,-0.5671936238650233,-6.2992781669459745,6.2992781669459745,-4.0033890446648,4.0033890446648,-2.0336129155672564,2.0336129155672564,1.2996254903264344,-1.8668191141914576,0,0,1.6540643913322128,-1.6540643913322128,-3.536977328825742,3.536977328825742,-0.37698460958199576,0.37698460958199576,-1.6566283059852607,1.6566283059852607,0.6521473526954651,0.3478526473045349,0.3478526473045349,0.6521473526954651,-0.015338778495788574,-0.01912444829940796,0.01912444829940796,0.3631914258003235,0.6368085741996765,0.4577649235725403,0.5422350764274597,-0.17415119515425226,0.17415119515425226,-0.016426146030426025,0.016426146030426025,0,-0.015338778495788574,0,0,-0.039432376623153687,0.039432376623153687,-0.01459619402885437,0.01459619402885437,-0.039432376623153687,0.039432376623153687,0.02300623059272766,-0.02300623059272766,0,0,0,0,0,0,0,0,1,0,0,0,0,0,0,0,0,0,0,0,0,0,0,0,0,0,0,0,0,0,0,0,0,1,0,0,0,0,0,0,0,0,0,0,0,0,0,0,0,0,0,00-0039918,C.Williams,NA,00-0034827,D.Moore,NA,NA,NA,NA,NA,NA,NA,NA,NA,NA,NA,NA,NA,NA,NA,NA,NA,NA,NA,NA,NA,NA,NA,NA,NA,NA,NA,NA,NA,NA,NA,NA,NA,NA,NA,NA,NA,NA,NA,NA,NA,NA,NA,NA,NA,NA,NA,NA,NA,NA,NA,NA,NA,NA,NA,NA,NA,NA,NA,NA,NA,NA,NA,NA,0,NA,NA,NA,NA,NA,NA,NA,NA,NA,NA,NA,NA,NA,NA,NA,NA,NA,NA,NA,NA,NA,NA,NA,NA,NA,NA,NA,NA,NA,NA,NA,0,NA,NA,NA,NA,0,NA,NA,0,0,0,0,NA,NA,2025,0.4578059911727905,-45.78059911727905,16,1,First down,1165,"11/28/25, 15:02:44",2025-11-28T20:46:51.950Z,Lincoln Financial Field,"Sunny Temp: 42° F, Humidity: 35%, Wind: W 18 mph",f85755f8-311e-11f0-b670-ae1250fadad1,0,0,PASS,0,NA,2025-11-28T20:46:56.957Z,NA,5,Field goal,2025-11-28T20:42:45.013Z,15,6:20,5,1,1,2,2,0,KICKOFF,FIELD_GOAL,13:04,06:44,CHI 20,PHI 12,1015,1387,24,15,Home,-9,39,7,43.5,0,outdoors,,NA,NA,Nick Sirianni,Ben Johnson,PHI00,Lincoln Financial Field,0,0,C.Williams,18,NA,NA,D.Moore,2,1,0,0,0,1,00-0039918,NA,00-0034827,C.Williams,18,00-0039918,D.Moore,00-0034827,D.Moore,00-0034827,0,0,-0.5671936238650233,0.7535500696340738,7.582455022609793,4,1,1,0.19294825196266174,80.70517480373383,2025,Go for it,NA,NA,NA,NA,NA,NA,NA,NA,NA,NA,Nick Sirianni,Ben Johnson,10:20,NA,NA,Go for it,Toss Up,NA,NA,NA,NA,NA,NA,NA,NA
1188,2025_13_CHI_PHI,2025112800,PHI,CHI,REG,13,CHI,away,PHI,PHI,42,2025-11-28,614,614,2414,Half1,0,5,0,2,3,0,10:14,PHI 42,1,68,(10:14) 18-C.Williams up the middle to PHI 40 for 2 yards (97-M.Ojomo).,run,2,0,0,0,0,0,0,NA,NA,NA,NA,middle,NA,NA,NA,NA,NA,3,3,0,NA,NA,NA,NA,3,3,3,7,7,3,4,7,3,4,0.08881409466266632,0.09210648387670517,0.0011021028039976954,0.12538087368011475,0.26388388872146606,0.003403365844860673,0.4253091812133789,0,0,2.6194328933488578,0.541998264263384,-6.841276431209359,6.841276431209359,-4.545387308928184,4.545387308928184,-2.0336129155672564,2.0336129155672564,NA,NA,0,0,1.6540643913322128,-1.6540643913322128,-3.536977328825742,3.536977328825742,-0.37698460958199576,0.37698460958199576,-1.6566283059852607,1.6566283059852607,0.6368085741996765,0.3631914258003235,0.3631914258003235,0.6368085741996765,0.02807021141052246,0.042975395917892456,-0.042975395917892456,0.335121214389801,0.664878785610199,0.4386404752731323,0.5613595247268677,-0.20222140656477472,0.20222140656477472,-0.016426146030426025,0.016426146030426025,NA,NA,0,0,-0.039432376623153687,0.039432376623153687,-0.01459619402885437,0.01459619402885437,-0.039432376623153687,0.039432376623153687,0.02300623059272766,-0.02300623059272766,0,1,0,0,1,0,0,0,0,0,0,0,0,0,0,0,0,0,0,0,0,0,0,0,1,0,0,0,0,0,0,0,1,0,0,0,0,0,0,0,0,0,0,0,0,0,0,0,0,0,0,NA,NA,NA,NA,NA,NA,00-0039918,C.Williams,2,NA,NA,NA,NA,NA,NA,NA,NA,NA,NA,NA,NA,NA,NA,NA,NA,NA,NA,NA,NA,NA,NA,NA,NA,NA,NA,NA,NA,NA,NA,NA,NA,NA,NA,NA,NA,NA,NA,NA,NA,NA,NA,PHI,NA,00-0038412,NA,M.Ojomo,NA,NA,NA,NA,NA,NA,NA,NA,NA,NA,NA,NA,NA,0,NA,NA,NA,NA,NA,NA,NA,NA,NA,NA,NA,NA,NA,NA,NA,NA,NA,NA,NA,NA,NA,NA,NA,NA,NA,NA,NA,NA,NA,NA,NA,0,NA,NA,NA,NA,0,NA,NA,0,0,0,0,NA,NA,2025,NA,NA,16,1,First down,1188,"11/28/25, 15:02:44",2025-11-28T20:47:33.990Z,Lincoln Financial Field,"Sunny Temp: 42° F, Humidity: 35%, Wind: W 18 mph",f85755f8-311e-11f0-b670-ae1250fadad1,0,0,RUSH,0,NA,2025-11-28T20:47:35.593Z,NA,5,Field goal,2025-11-28T20:42:45.013Z,15,6:20,5,1,1,2,2,0,KICKOFF,FIELD_GOAL,13:04,06:44,CHI 20,PHI 12,1015,1387,24,15,Home,-9,39,7,43.5,0,outdoors,,NA,NA,Nick Sirianni,Ben Johnson,PHI00,Lincoln Financial Field,0,1,NA,NA,C.Williams,18,NA,NA,0,1,1,0,1,NA,00-0039918,NA,C.Williams,18,00-0039918,C.Williams,00-0039918,C.Williams,00-0039918,0,0,0.541998264263384,NA,NA,NA,NA,NA,0.2666183412075043,-26.661834120750427,2025,Go for it,NA,NA,NA,NA,NA,NA,NA,NA,NA,NA,Nick Sirianni,Ben Johnson,10:14,NA,NA,Go for it,Toss Up,NA,NA,NA,NA,NA,NA,NA,NA
1210,2025_13_CHI_PHI,2025112800,PHI,CHI,REG,13,CHI,away,PHI,PHI,40,2025-11-28,579,579,2379,Half1,0,5,0,2,1,0,09:39,PHI 40,10,68,(9:39) 18-C.Williams pass short right to 15-R.Odunze pushed ob at PHI 37 for 3 yards (21-S.Brown).,pass,3,0,0,1,0,0,0,short,right,2,1,NA,NA,NA,NA,NA,NA,3,3,0,NA,NA,NA,NA,3,3,3,7,7,3,4,7,3,4,0.08725243806838989,0.06450570374727249,9.482346358709037e-4,0.09822775423526764,0.2959448993206024,0.003048524260520935,0.4500724673271179,0,0,3.161431157612242,-0.17438043060246855,-6.66689600060689,6.66689600060689,-4.545387308928184,4.545387308928184,-1.8592324849647879,1.8592324849647879,-0.36045297572854906,0.1860725451260805,-0.36045297572854906,0.1860725451260805,2.014517367060762,-2.014517367060762,-3.7230498739518225,3.7230498739518225,-0.016531633853446692,0.016531633853446692,-1.8427008511113412,1.8427008511113412,0.664878785610199,0.335121214389801,0.335121214389801,0.664878785610199,-0.011821329593658447,0.005044758319854736,-0.005044758319854736,0.3469425439834595,0.6530574560165405,0.4816158711910248,0.5183841288089752,-0.20222140656477472,0.20222140656477472,-0.004604816436767578,0.004604816436767578,0,-0.011821329593658447,0,-0.011821329593658447,-0.039432376623153687,0.039432376623153687,-0.002774864435195923,0.002774864435195923,-0.039432376623153687,0.039432376623153687,0.03482756018638611,-0.03482756018638611,0,0,0,0,0,0,0,0,0,0,0,0,0,0,0,0,0,0,0,0,0,0,0,0,1,0,0,0,0,0,0,0,0,1,0,0,0,0,0,0,0,0,0,0,0,1,0,0,0,0,0,00-0039918,C.Williams,3,00-0039919,R.Odunze,3,NA,NA,NA,NA,NA,NA,NA,NA,NA,NA,NA,NA,NA,NA,NA,NA,NA,NA,NA,NA,NA,NA,NA,NA,NA,NA,NA,NA,NA,NA,NA,NA,NA,NA,NA,NA,NA,NA,NA,NA,NA,NA,NA,NA,NA,PHI,NA,00-0039002,NA,S.Brown,NA,NA,NA,NA,NA,NA,NA,NA,NA,NA,NA,NA,NA,0,NA,NA,NA,NA,NA,NA,NA,NA,NA,NA,NA,NA,NA,NA,NA,NA,NA,NA,NA,NA,NA,NA,NA,NA,NA,NA,NA,NA,NA,NA,NA,0,NA,NA,NA,NA,0,NA,NA,0,0,0,0,NA,NA,2025,0.7968209981918335,20.31790018081665,17,1,First down,1210,"11/28/25, 15:02:44",2025-11-28T20:48:09.507Z,Lincoln Financial Field,"Sunny Temp: 42° F, Humidity: 35%, Wind: W 18 mph",f85755f8-311e-11f0-b670-ae1250fadad1,0,0,PASS,0,NA,2025-11-28T20:48:14.380Z,NA,5,Field goal,2025-11-28T20:42:45.013Z,15,6:20,5,1,1,2,2,0,KICKOFF,FIELD_GOAL,13:04,06:44,CHI 20,PHI 12,1015,1387,24,15,Home,-9,39,7,43.5,0,outdoors,,NA,NA,Nick Sirianni,Ben Johnson,PHI00,Lincoln Financial Field,0,0,C.Williams,18,NA,NA,R.Odunze,15,1,0,0,0,1,00-0039918,NA,00-0039919,C.Williams,18,00-0039918,R.Odunze,00-0039919,R.Odunze,00-0039919,1,0,-0.17438043060246855,0.7021015925628412,5.444566328078508,4,0.6288271485536825,0.23733909564907663,0.44568532705307007,55.43146729469299,2025,Go for it,NA,NA,NA,NA,NA,NA,NA,NA,NA,NA,Nick Sirianni,Ben Johnson,9:39,NA,NA,Go for it,Toss Up,NA,NA,NA,NA,NA,NA,NA,NA
1240,2025_13_CHI_PHI,2025112800,PHI,CHI,REG,13,CHI,away,PHI,PHI,37,2025-11-28,542,542,2342,Half1,0,5,0,2,2,0,09:02,PHI 37,7,68,(9:02) 10-L.Burden right end pushed ob at PHI 34 for 3 yards (33-C.DeJean; 32-R.Blankenship).,run,3,0,0,0,0,0,0,NA,NA,NA,NA,right,end,NA,NA,NA,NA,3,3,0,NA,NA,NA,NA,3,3,3,7,7,3,4,7,3,4,0.06834772229194641,0.0688708946108818,0.001020912081003189,0.10578826069831848,0.3348369896411896,0.0032469481229782104,0.4178883135318756,0,0,2.9870507270097733,-0.2603146800538525,-6.4065813205530375,6.4065813205530375,-4.285072628874332,4.285072628874332,-1.8592324849647879,1.8592324849647879,NA,NA,0,0,2.014517367060762,-2.014517367060762,-3.7230498739518225,3.7230498739518225,-0.016531633853446692,0.016531633853446692,-1.8427008511113412,1.8427008511113412,0.6530574560165405,0.3469425439834595,0.3469425439834595,0.6530574560165405,-0.010014176368713379,-0.010256171226501465,0.010256171226501465,0.35695672035217285,0.6430432796478271,0.4866606295108795,0.5133393704891205,-0.19220723019606134,0.19220723019606134,-0.004604816436767578,0.004604816436767578,NA,NA,0,0,-0.039432376623153687,0.039432376623153687,-0.002774864435195923,0.002774864435195923,-0.039432376623153687,0.039432376623153687,0.03482756018638611,-0.03482756018638611,0,0,0,0,0,0,0,0,0,0,0,0,0,0,0,0,0,0,0,0,0,0,0,0,0,0,0,0,0,0,0,0,1,0,0,0,0,0,0,0,0,0,0,0,0,0,1,0,0,0,0,NA,NA,NA,NA,NA,NA,00-0040735,L.Burden,3,NA,NA,NA,NA,NA,NA,NA,NA,NA,NA,NA,NA,NA,NA,NA,NA,NA,NA,NA,NA,NA,NA,NA,NA,NA,NA,NA,NA,NA,NA,NA,NA,NA,NA,NA,NA,NA,NA,NA,NA,NA,NA,NA,NA,NA,NA,NA,NA,00-0039841,C.DeJean,PHI,00-0037130,R.Blankenship,PHI,NA,NA,NA,NA,NA,NA,0,NA,NA,NA,NA,NA,NA,NA,NA,NA,NA,NA,NA,NA,NA,NA,NA,NA,NA,NA,NA,NA,NA,NA,NA,NA,NA,NA,NA,NA,NA,NA,0,NA,NA,NA,NA,0,NA,NA,0,0,0,0,NA,NA,2025,NA,NA,17,1,First down,1240,"11/28/25, 15:02:44",2025-11-28T20:48:48.410Z,Lincoln Financial Field,"Sunny Temp: 42° F, Humidity: 35%, Wind: W 18 mph",f85755f8-311e-11f0-b670-ae1250fadad1,0,0,RUSH,0,NA,2025-11-28T20:48:52.380Z,NA,5,Field goal,2025-11-28T20:42:45.013Z,15,6:20,5,1,1,2,2,0,KICKOFF,FIELD_GOAL,13:04,06:44,CHI 20,PHI 12,1015,1387,24,15,Home,-9,39,7,43.5,0,outdoors,,NA,NA,Nick Sirianni,Ben Johnson,PHI00,Lincoln Financial Field,0,0,NA,NA,L.Burden,10,NA,NA,0,1,0,0,1,NA,00-0040735,NA,L.Burden,10,00-0040735,L.Burden,00-0040735,L.Burden,00-0040735,1,0,-0.2603146800538525,NA,NA,NA,NA,NA,0.6522295475006104,-65.22295475006104,2025,Go for it,NA,NA,NA,NA,NA,NA,NA,NA,NA,NA,Nick Sirianni,Ben Johnson,9:02,NA,NA,Go for it,Toss Up,NA,NA,NA,NA,NA,NA,NA,NA
1267,2025_13_CHI_PHI,2025112800,PHI,CHI,REG,13,CHI,away,PHI,PHI,34,2025-11-28,512,512,2312,Half1,0,5,0,2,3,0,08:32,PHI 34,4,68,(8:32) (Shotgun) 18-C.Williams scrambles left end ran ob at PHI 29 for 5 yards (90-J.Davis).,run,5,1,0,1,0,0,1,NA,NA,NA,NA,left,end,NA,NA,NA,NA,3,3,0,NA,NA,NA,NA,3,3,3,7,7,3,4,7,3,4,0.07583338767290115,0.06174328550696373,8.136684191413224e-4,0.11574648320674896,0.37251338362693787,0.0014339798362925649,0.3719157874584198,0,0,2.7267360469559208,1.151249086484313,-7.5578304070373505,7.5578304070373505,-5.436321715358645,5.436321715358645,-1.8592324849647879,1.8592324849647879,NA,NA,0,0,2.014517367060762,-2.014517367060762,-3.7230498739518225,3.7230498739518225,-0.016531633853446692,0.016531633853446692,-1.8427008511113412,1.8427008511113412,0.6430432796478271,0.35695672035217285,0.35695672035217285,0.6430432796478271,0.028732895851135254,0.04515799880027771,-0.04515799880027771,0.3282238245010376,0.6717761754989624,0.47640445828437805,0.523595541715622,-0.2209401260471966,0.2209401260471966,-0.004604816436767578,0.004604816436767578,NA,NA,0,0,-0.039432376623153687,0.039432376623153687,-0.002774864435195923,0.002774864435195923,-0.039432376623153687,0.039432376623153687,0.03482756018638611,-0.03482756018638611,0,1,0,0,1,0,0,0,0,0,0,0,0,0,0,0,0,0,0,0,0,0,0,0,1,0,0,0,0,0,0,0,1,0,0,0,0,0,0,0,0,0,0,0,0,0,0,0,0,0,0,NA,NA,NA,NA,NA,NA,00-0039918,C.Williams,5,NA,NA,NA,NA,NA,NA,NA,NA,NA,NA,NA,NA,NA,NA,NA,NA,NA,NA,NA,NA,NA,NA,NA,NA,NA,NA,NA,NA,NA,NA,NA,NA,NA,NA,NA,NA,NA,NA,NA,NA,NA,NA,PHI,NA,00-0037073,NA,J.Davis,NA,NA,NA,NA,NA,NA,NA,NA,NA,NA,NA,NA,NA,0,NA,NA,NA,NA,NA,NA,NA,NA,NA,NA,NA,NA,NA,NA,NA,NA,NA,NA,NA,NA,NA,NA,NA,NA,NA,NA,NA,NA,NA,NA,NA,0,NA,NA,NA,NA,0,NA,NA,0,0,0,0,NA,NA,2025,NA,NA,17,1,First down,1267,"11/28/25, 15:02:44",2025-11-28T20:49:22.163Z,Lincoln Financial Field,"Sunny Temp: 42° F, Humidity: 35%, Wind: W 18 mph",f85755f8-311e-11f0-b670-ae1250fadad1,0,0,RUSH,0,NA,2025-11-28T20:49:31.047Z,NA,5,Field goal,2025-11-28T20:42:45.013Z,15,6:20,5,1,1,2,2,0,KICKOFF,FIELD_GOAL,13:04,06:44,CHI 20,PHI 12,1015,1387,24,15,Home,-9,39,7,43.5,0,outdoors,,NA,NA,Nick Sirianni,Ben Johnson,PHI00,Lincoln Financial Field,0,1,C.Williams,18,NA,18,NA,NA,1,0,1,0,1,00-0039918,NA,NA,C.Williams,18,00-0039918,C.Williams,00-0039918,C.Williams,00-0039918,1,0,1.151249086484313,NA,NA,NA,NA,NA,0.8990424275398254,10.095757246017456,2025,Go for it,NA,NA,NA,NA,NA,NA,NA,NA,NA,NA,Nick Sirianni,Ben Johnson,8:32,NA,NA,Go for it,Toss Up,NA,NA,NA,NA,NA,NA,NA,NA
1294,2025_13_CHI_PHI,2025112800,PHI,CHI,REG,13,CHI,away,PHI,PHI,29,2025-11-28,469,469,2269,Half1,0,5,0,2,1,0,07:49,PHI 29,10,68,(7:49) 4-D.Swift right guard to PHI 12 for 17 yards (17-N.Dean).,run,17,0,0,0,0,0,0,NA,NA,NA,NA,right,guard,NA,NA,NA,NA,3,3,0,NA,NA,NA,NA,3,3,3,7,7,3,4,7,3,4,0.07582736760377884,0.034344255924224854,5.630542291328311e-4,0.0562150739133358,0.36284950375556946,8.608328062109649e-4,0.46933990716934204,0,0,3.8779851334402338,1.042893240984995,-8.600723648022345,8.600723648022345,-6.47921495634364,6.47921495634364,-1.8592324849647879,1.8592324849647879,NA,NA,0,0,2.014517367060762,-2.014517367060762,-3.7230498739518225,3.7230498739518225,-0.016531633853446692,0.016531633853446692,-1.8427008511113412,1.8427008511113412,0.6717761754989624,0.3282238245010376,0.3282238245010376,0.6717761754989624,0.04130744934082031,0.04143029451370239,-0.04143029451370239,0.2869163751602173,0.7130836248397827,0.5215624570846558,0.47843754291534424,-0.2622475753880169,0.2622475753880169,-0.004604816436767578,0.004604816436767578,NA,NA,0,0,-0.039432376623153687,0.039432376623153687,-0.002774864435195923,0.002774864435195923,-0.039432376623153687,0.039432376623153687,0.03482756018638611,-0.03482756018638611,0,1,0,0,0,0,0,0,0,0,0,0,0,0,0,0,0,0,0,0,0,0,0,0,1,0,0,0,0,0,0,0,1,0,0,0,0,0,0,0,0,0,0,0,0,0,0,0,0,0,0,NA,NA,NA,NA,NA,NA,00-0036275,D.Swift,17,NA,NA,NA,NA,NA,NA,NA,NA,NA,NA,NA,NA,NA,NA,NA,NA,NA,NA,NA,NA,NA,NA,NA,NA,NA,NA,NA,NA,NA,NA,NA,NA,NA,NA,NA,NA,NA,NA,NA,NA,NA,NA,PHI,NA,00-0037615,NA,N.Dean,NA,NA,NA,NA,NA,NA,NA,NA,NA,NA,NA,NA,NA,0,NA,NA,NA,NA,NA,NA,NA,NA,NA,NA,NA,NA,NA,NA,NA,NA,NA,NA,NA,NA,NA,NA,NA,NA,NA,NA,NA,NA,NA,NA,NA,0,NA,NA,NA,NA,0,NA,NA,0,0,0,0,NA,NA,2025,NA,NA,18,1,First down,1294,"11/28/25, 15:02:44",2025-11-28T20:50:09.313Z,Lincoln Financial Field,"Sunny Temp: 42° F, Humidity: 35%, Wind: W 18 mph",f85755f8-311e-11f0-b670-ae1250fadad1,0,0,RUSH,0,NA,2025-11-28T20:50:16.157Z,NA,5,Field goal,2025-11-28T20:42:45.013Z,15,6:20,5,1,1,2,2,0,KICKOFF,FIELD_GOAL,13:04,06:44,CHI 20,PHI 12,1015,1387,24,15,Home,-9,39,7,43.5,0,outdoors,,NA,NA,Nick Sirianni,Ben Johnson,PHI00,Lincoln Financial Field,0,1,NA,NA,D.Swift,4,NA,NA,0,1,1,0,1,NA,00-0036275,NA,D.Swift,4,00-0036275,D.Swift,00-0036275,D.Swift,00-0036275,0,0,1.042893240984995,NA,NA,NA,NA,NA,0.42455875873565674,-42.455875873565674,2025,Go for it,NA,NA,NA,NA,NA,NA,NA,NA,NA,NA,Nick Sirianni,Ben Johnson,7:49,NA,NA,Go for it,Toss Up,NA,NA,NA,NA,NA,NA,NA,NA
1316,2025_13_CHI_PHI,2025112800,PHI,CHI,REG,13,CHI,away,PHI,PHI,12,2025-11-28,425,425,2225,Half1,0,5,0,2,1,0,07:05,PHI 12,10,68,(7:05) 79-T.Benedet reported in as eligible. 18-C.Williams pass incomplete short left [58-J.Hunt].,pass,0,0,0,1,0,0,0,short,left,10,NA,NA,NA,NA,NA,NA,NA,3,3,0,NA,NA,NA,NA,3,3,3,7,7,3,4,7,3,4,0.03512636199593544,0.016081368550658226,3.6378068034537137e-4,0.024980777874588966,0.32887721061706543,7.819526363164186e-4,0.5937885642051697,0,0,4.920878374425229,-0.43820092402165756,-8.162522724000688,8.162522724000688,-6.47921495634364,6.47921495634364,-1.4210315609431303,1.4210315609431303,0.8281728913425468,-1.2663738153642043,0,0,2.014517367060762,-2.014517367060762,-3.7230498739518225,3.7230498739518225,-0.8447045251959935,0.8447045251959935,-0.5763270357471368,0.5763270357471368,0.7130836248397827,0.2869163751602173,0.2869163751602173,0.7130836248397827,-0.012899637222290039,-0.018600761890411377,0.018600761890411377,0.2998160123825073,0.7001839876174927,0.5629927515983582,0.43700724840164185,-0.2622475753880169,0.2622475753880169,0.008294820785522461,-0.008294820785522461,0,-0.012899637222290039,0,0,-0.039432376623153687,0.039432376623153687,-0.002774864435195923,0.002774864435195923,-0.039432376623153687,0.039432376623153687,0.04772719740867615,-0.04772719740867615,0,0,0,0,0,0,0,0,1,0,0,0,0,0,0,0,0,0,0,0,0,0,0,0,0,0,0,0,0,0,0,1,0,1,0,0,0,0,0,0,0,0,0,0,0,0,0,0,0,0,0,00-0039918,C.Williams,NA,NA,NA,NA,NA,NA,NA,NA,NA,NA,NA,NA,NA,NA,NA,NA,NA,NA,NA,NA,NA,NA,NA,NA,NA,NA,NA,NA,NA,NA,NA,NA,NA,NA,NA,NA,NA,NA,NA,00-0039740,J.Hunt,NA,NA,NA,NA,NA,NA,NA,NA,NA,NA,NA,NA,NA,NA,NA,NA,NA,NA,NA,NA,NA,NA,NA,NA,NA,NA,0,NA,NA,NA,NA,NA,NA,NA,NA,NA,NA,NA,NA,NA,NA,NA,NA,NA,NA,NA,NA,NA,NA,NA,NA,NA,NA,NA,NA,NA,NA,NA,0,NA,NA,NA,NA,0,NA,NA,0,0,0,0,NA,NA,2025,NA,NA,19,0,Field goal,1316,"11/28/25, 15:02:44",2025-11-28T20:50:53.490Z,Lincoln Financial Field,"Sunny Temp: 42° F, Humidity: 35%, Wind: W 18 mph",f85755f8-311e-11f0-b670-ae1250fadad1,0,0,PASS,0,NA,2025-11-28T20:50:59.063Z,NA,5,Field goal,2025-11-28T20:42:45.013Z,15,6:20,5,1,1,2,2,0,KICKOFF,FIELD_GOAL,13:04,06:44,CHI 20,PHI 12,1015,1387,24,15,Home,-9,39,7,43.5,0,outdoors,,NA,NA,Nick Sirianni,Ben Johnson,PHI00,Lincoln Financial Field,0,0,C.Williams,18,NA,NA,NA,NA,1,0,0,0,1,00-0039918,NA,NA,C.Williams,18,00-0039918,NA,NA,NA,NA,0,0,-0.43820092402165756,NA,NA,NA,NA,NA,0.35633161664009094,64.3668383359909,2025,Go for it,NA,NA,NA,NA,NA,NA,NA,NA,NA,NA,Nick Sirianni,Ben Johnson,7:05,NA,NA,Go for it,Toss Up,NA,NA,NA,NA,NA,NA,NA,NA
1341,2025_13_CHI_PHI,2025112800,PHI,CHI,REG,13,CHI,away,PHI,PHI,12,2025-11-28,419,419,2219,Half1,0,5,0,2,2,0,06:59,PHI 12,10,68,(6:59) (Shotgun) 18-C.Williams pass incomplete short right to 15-R.Odunze.,pass,0,1,0,1,0,0,0,short,right,12,NA,NA,NA,NA,NA,NA,NA,3,3,0,NA,NA,NA,NA,3,3,3,7,7,3,4,7,3,4,0.039187610149383545,0.01808076724410057,3.784840228036046e-4,0.028584446758031845,0.41357558965682983,8.620481239631772e-4,0.499330997467041,0,0,4.482677450403571,-0.7557778354967013,-7.406744888503987,7.406744888503987,-6.47921495634364,6.47921495634364,-0.665253725446429,0.665253725446429,2.517322549596429,-3.27310038509313,0,0,2.014517367060762,-2.014517367060762,-3.7230498739518225,3.7230498739518225,-3.3620270747924224,3.3620270747924224,2.6967733493459933,-2.6967733493459933,0.7001839876174927,0.2998160123825073,0.2998160123825073,0.7001839876174927,-0.0103110671043396,-0.006601810455322266,0.006601810455322266,0.3101270794868469,0.6898729205131531,0.5443919897079468,0.4556080102920532,-0.2622475753880169,0.2622475753880169,0.01860588788986206,-0.01860588788986206,0,-0.0103110671043396,0,0,-0.039432376623153687,0.039432376623153687,-0.002774864435195923,0.002774864435195923,-0.039432376623153687,0.039432376623153687,0.05803826451301575,-0.05803826451301575,0,0,0,0,0,0,0,0,1,0,0,0,0,0,0,0,0,0,0,0,0,0,0,0,0,0,0,0,0,0,0,0,0,1,0,0,0,0,0,0,0,0,0,0,0,0,0,0,0,0,0,00-0039918,C.Williams,NA,00-0039919,R.Odunze,NA,NA,NA,NA,NA,NA,NA,NA,NA,NA,NA,NA,NA,NA,NA,NA,NA,NA,NA,NA,NA,NA,NA,NA,NA,NA,NA,NA,NA,NA,NA,NA,NA,NA,NA,NA,NA,NA,NA,NA,NA,NA,NA,NA,NA,NA,NA,NA,NA,NA,NA,NA,NA,NA,NA,NA,NA,NA,NA,NA,NA,NA,NA,NA,0,NA,NA,NA,NA,NA,NA,NA,NA,NA,NA,NA,NA,NA,NA,NA,NA,NA,NA,NA,NA,NA,NA,NA,NA,NA,NA,NA,NA,NA,NA,NA,0,NA,NA,NA,NA,0,NA,NA,0,0,0,0,NA,NA,2025,0.3671978712081909,-36.71978712081909,19,0,Field goal,1341,"11/28/25, 15:02:44",2025-11-28T20:51:39.627Z,Lincoln Financial Field,"Sunny Temp: 42° F, Humidity: 35%, Wind: W 18 mph",f85755f8-311e-11f0-b670-ae1250fadad1,0,0,PASS,0,NA,2025-11-28T20:51:44.967Z,NA,5,Field goal,2025-11-28T20:42:45.013Z,15,6:20,5,1,1,2,2,0,KICKOFF,FIELD_GOAL,13:04,06:44,CHI 20,PHI 12,1015,1387,24,15,Home,-9,39,7,43.5,0,outdoors,,NA,NA,Nick Sirianni,Ben Johnson,PHI00,Lincoln Financial Field,0,0,C.Williams,18,NA,NA,R.Odunze,15,1,0,0,0,1,00-0039918,NA,00-0039919,C.Williams,18,00-0039918,R.Odunze,00-0039919,R.Odunze,00-0039919,0,0,-0.7557778354967013,NA,NA,NA,NA,NA,0.5900774002075195,40.99225997924805,2025,Go for it,NA,NA,NA,NA,NA,NA,NA,NA,NA,NA,Nick Sirianni,Ben Johnson,6:59,NA,NA,Go for it,Toss Up,NA,NA,NA,NA,NA,NA,NA,NA
1364,2025_13_CHI_PHI,2025112800,PHI,CHI,REG,13,CHI,away,PHI,PHI,12,2025-11-28,413,413,2213,Half1,0,5,0,2,3,0,06:53,PHI 12,10,68,(6:53) (Shotgun) 18-C.Williams pass incomplete short right to 2-D.Moore (50-J.Phillips).,pass,0,1,0,1,0,0,0,short,right,-3,NA,NA,NA,NA,NA,NA,NA,3,3,0,NA,NA,NA,NA,3,3,3,7,7,3,4,7,3,4,0.04440183565020561,0.021527420729398727,4.179181414656341e-4,0.03290221840143204,0.5694671273231506,9.50553803704679e-4,0.3303329646587372,0,0,3.72689961490687,-0.8931855494470371,-6.51355933905695,6.51355933905695,-6.47921495634364,6.47921495634364,0.22793182400060807,-0.22793182400060807,-1.1007847051951103,0.2075991557480732,0,0,2.014517367060762,-2.014517367060762,-3.7230498739518225,3.7230498739518225,-2.261242369597312,2.261242369597312,2.48917419359792,-2.48917419359792,0.6898729205131531,0.3101270794868469,0.3101270794868469,0.6898729205131531,-0.04286223649978638,-0.036693274974823,0.036693274974823,0.3529893159866333,0.6470106840133667,0.5377901792526245,0.4622098207473755,-0.2622475753880169,0.2622475753880169,0.06146812438964844,-0.06146812438964844,0,-0.04286223649978638,0,0,-0.039432376623153687,0.039432376623153687,-0.002774864435195923,0.002774864435195923,-0.039432376623153687,0.039432376623153687,0.10090050101280212,-0.10090050101280212,0,0,0,0,0,1,0,0,1,0,0,0,0,0,0,0,0,0,0,0,0,0,0,0,0,0,0,0,0,0,0,0,0,1,0,0,0,0,0,0,0,0,0,0,0,0,0,0,0,0,0,00-0039918,C.Williams,NA,00-0034827,D.Moore,NA,NA,NA,NA,NA,NA,NA,NA,NA,NA,NA,NA,NA,NA,NA,NA,NA,NA,NA,NA,NA,NA,NA,NA,NA,NA,NA,NA,NA,NA,NA,NA,NA,NA,NA,NA,NA,NA,NA,NA,NA,NA,NA,NA,NA,NA,NA,NA,NA,NA,NA,NA,NA,NA,NA,NA,NA,NA,NA,NA,NA,NA,NA,NA,0,NA,NA,NA,NA,NA,NA,00-0036934,J.Phillips,NA,NA,NA,NA,NA,NA,NA,NA,NA,NA,NA,NA,NA,NA,NA,NA,NA,NA,NA,NA,NA,NA,NA,0,NA,NA,NA,NA,0,NA,NA,0,0,0,0,NA,NA,2025,0.8467334508895874,-84.67334508895874,19,0,Field goal,1364,"11/28/25, 15:02:44",2025-11-28T20:52:18.677Z,Lincoln Financial Field,"Sunny Temp: 42° F, Humidity: 35%, Wind: W 18 mph",f85755f8-311e-11f0-b670-ae1250fadad1,0,0,PASS,0,NA,2025-11-28T20:52:22.713Z,NA,5,Field goal,2025-11-28T20:42:45.013Z,15,6:20,5,1,1,2,2,0,KICKOFF,FIELD_GOAL,13:04,06:44,CHI 20,PHI 12,1015,1387,24,15,Home,-9,39,7,43.5,0,outdoors,,NA,NA,Nick Sirianni,Ben Johnson,PHI00,Lincoln Financial Field,0,0,C.Williams,18,NA,NA,D.Moore,2,1,0,0,0,1,00-0039918,NA,00-0034827,C.Williams,18,00-0039918,D.Moore,00-0034827,D.Moore,00-0034827,0,0,-0.8931855494470371,0.9984001546607383,7.8621083505568095,8,0.2551301324274391,0.18556222855113447,0.9653140306472778,3.468596935272217,2025,Go for it,NA,NA,NA,NA,NA,NA,NA,NA,NA,NA,Nick Sirianni,Ben Johnson,6:53,NA,NA,Go for it,Toss Up,NA,NA,NA,NA,NA,NA,NA,NA
1387,2025_13_CHI_PHI,2025112800,PHI,CHI,REG,13,CHI,away,PHI,PHI,12,2025-11-28,407,407,2207,Half1,0,5,1,2,4,0,06:47,PHI 12,10,68,"(6:47) 8-C.Santos 30 yard field goal is GOOD, Center-46-S.Daly, Holder-19-T.Taylor.",field_goal,0,0,0,0,0,0,0,NA,NA,NA,NA,NA,NA,made,30,NA,NA,3,3,0,NA,NA,NA,NA,3,3,3,10,7,3,4,10,3,7,0.011264583723522792,0.007063543535793619,1.0880871230411439e-4,0.01240434037620692,0.9603948704741777,1.1577811709838148e-4,0.00864807549550574,0,0,2.8337140654598327,0.16628593454016727,-6.679845273597117,6.679845273597117,-6.47921495634364,6.47921495634364,0.22793182400060807,-0.22793182400060807,NA,NA,0,0,2.014517367060762,-2.014517367060762,-3.7230498739518225,3.7230498739518225,-2.261242369597312,2.261242369597312,2.48917419359792,-2.48917419359792,0.6470106840133667,0.3529893159866333,0.3529893159866333,0.6470106840133667,-0.013562560081481934,-0.05415576696395874,0.05415576696395874,0.36655187606811523,0.6334481239318848,0.5010969042778015,0.4989030957221985,-0.2622475753880169,0.2622475753880169,0.06146812438964844,-0.06146812438964844,NA,NA,0,0,-0.039432376623153687,0.039432376623153687,-0.002774864435195923,0.002774864435195923,-0.039432376623153687,0.039432376623153687,0.10090050101280212,-0.10090050101280212,0,0,0,0,0,0,0,0,0,0,0,0,0,0,0,0,0,0,0,0,0,0,0,0,0,0,0,0,0,0,0,0,0,0,0,0,0,0,0,0,0,1,0,0,0,0,0,0,0,0,0,NA,NA,NA,NA,NA,NA,NA,NA,NA,NA,NA,NA,NA,NA,NA,NA,NA,NA,NA,NA,NA,NA,NA,NA,NA,NA,NA,NA,NA,NA,NA,C.Santos,00-0031203,NA,NA,NA,NA,NA,NA,NA,NA,NA,NA,NA,NA,NA,NA,NA,NA,NA,NA,NA,NA,NA,NA,NA,NA,NA,NA,NA,NA,NA,NA,NA,NA,NA,NA,NA,NA,0,NA,NA,NA,NA,NA,NA,NA,NA,NA,NA,NA,NA,NA,NA,NA,NA,NA,NA,NA,NA,NA,NA,NA,NA,NA,NA,NA,NA,NA,NA,NA,0,NA,NA,NA,NA,0,NA,NA,0,0,0,0,NA,NA,2025,NA,NA,19,0,Field goal,1387,"11/28/25, 15:02:44",2025-11-28T20:53:31.043Z,Lincoln Financial Field,"Sunny Temp: 42° F, Humidity: 35%, Wind: W 18 mph",f85755f8-311e-11f0-b670-ae1250fadad1,0,0,FIELD_GOAL,0,NA,2025-11-28T20:53:34.313Z,NA,5,Field goal,2025-11-28T20:42:45.013Z,15,6:20,5,1,1,2,2,0,KICKOFF,FIELD_GOAL,13:04,06:44,CHI 20,PHI 12,1015,1387,24,15,Home,-9,39,7,43.5,0,outdoors,,NA,NA,Nick Sirianni,Ben Johnson,PHI00,Lincoln Financial Field,0,1,NA,NA,NA,NA,NA,NA,0,0,0,1,0,NA,NA,NA,NA,NA,NA,NA,NA,NA,NA,0,0,0.16628593454016727,NA,NA,NA,NA,NA,NA,NA,2025,Field Goal,-2.5771730451953467,0.18700687235104851,0.3920536011035896,0.5607106886831088,0.42359363307564557,0.9557012266126537,0.377521276473999,0.45269548892974854,0.44936536352759904,NA,Nick Sirianni,Ben Johnson,6:47,0.9603948704741777,96,Field Goal,Field Goal,42,19,39,56,NA,45,45,38
1407,2025_13_CHI_PHI,2025112800,PHI,CHI,REG,13,PHI,home,CHI,CHI,35,2025-11-28,404,404,2204,Half1,0,6,0,2,NA,0,06:44,CHI 35,0,7,8-C.Santos kicks 58 yards from CHI 35 to PHI 7. 28-W.Shipley to PHI 30 for 23 yards (39-J.Blackwell; 92-D.Hardy).,kickoff,0,0,0,0,0,0,0,NA,NA,NA,NA,NA,NA,NA,58,NA,NA,3,3,0,NA,NA,NA,NA,3,3,3,10,3,10,-7,3,10,-7,0.23456992208957672,0.11469537019729614,0.0022591110318899155,0.17435961961746216,0.1752065271139145,0.002504232106730342,0.29640525579452515,0,0,1.0363431661389768,0.35224429424852133,-6.3276009793485954,6.3276009793485954,-6.47921495634364,6.47921495634364,0.22793182400060807,-0.22793182400060807,NA,NA,0,0,2.014517367060762,-2.014517367060762,-3.7230498739518225,3.7230498739518225,-2.261242369597312,2.261242369597312,2.48917419359792,-2.48917419359792,0.36655187606811523,0.6334481239318848,0.36655187606811523,0.6334481239318848,0.008633643388748169,0.008974194526672363,0.008974194526672363,0.3751855194568634,0.6248144805431366,0.5530588626861572,0.5530588626861572,-0.2622475753880169,0.2622475753880169,0.06146812438964844,-0.06146812438964844,NA,NA,0,0,-0.039432376623153687,0.039432376623153687,-0.002774864435195923,0.002774864435195923,-0.039432376623153687,0.039432376623153687,0.10090050101280212,-0.10090050101280212,0,0,0,0,0,0,0,0,0,0,0,0,0,0,0,0,0,0,0,0,0,0,0,0,0,0,0,0,0,0,0,0,0,0,0,0,0,0,0,0,0,0,1,0,0,0,1,0,0,0,0,NA,NA,NA,NA,NA,NA,NA,NA,NA,NA,NA,NA,NA,NA,NA,NA,NA,NA,NA,NA,NA,NA,NA,NA,NA,W.Shipley,00-0039746,NA,NA,NA,NA,C.Santos,00-0031203,NA,NA,NA,NA,NA,NA,NA,NA,NA,NA,NA,NA,NA,NA,NA,NA,NA,NA,NA,NA,NA,NA,NA,NA,00-0037129,J.Blackwell,CHI,00-0037843,D.Hardy,CHI,NA,NA,NA,NA,NA,NA,0,NA,NA,NA,NA,NA,NA,NA,NA,NA,NA,NA,NA,NA,NA,NA,NA,NA,NA,NA,NA,NA,NA,NA,NA,NA,NA,NA,NA,NA,NA,PHI,23,NA,NA,NA,NA,0,NA,NA,0,0,0,0,NA,NA,2025,NA,NA,20,0,Punt,1407,"11/28/25, 15:02:44",2025-11-28T20:56:21.977Z,Lincoln Financial Field,"Sunny Temp: 42° F, Humidity: 35%, Wind: W 18 mph",f85755f8-311e-11f0-b670-ae1250fadad1,0,0,KICK_OFF,1,NA,2025-11-28T20:56:30.083Z,NA,6,Punt,2025-11-28T20:56:21.977Z,3,1:45,0,0,0,2,2,0,KICKOFF,PUNT,06:44,04:59,PHI 30,PHI 37,1407,1512,24,15,Home,-9,39,7,43.5,0,outdoors,,NA,NA,Nick Sirianni,Ben Johnson,PHI00,Lincoln Financial Field,0,1,NA,NA,NA,NA,NA,NA,0,0,0,1,0,NA,NA,NA,NA,NA,NA,NA,NA,NA,NA,0,0,0.35224429424852133,NA,NA,NA,NA,NA,NA,NA,2025,Other,NA,NA,NA,NA,NA,NA,NA,NA,NA,NA,Nick Sirianni,Ben Johnson,6:44,NA,NA,Other,Toss Up,NA,NA,NA,NA,NA,NA,NA,NA
1437,2025_13_CHI_PHI,2025112800,PHI,CHI,REG,13,PHI,home,CHI,PHI,70,2025-11-28,398,398,2198,Half1,0,6,0,2,1,0,06:38,PHI 30,10,7,(6:38) (Shotgun) 26-S.Barkley right end to PHI 32 for 2 yards (98-M.Sweat; 9-J.Brisker).,run,2,1,0,0,0,0,0,NA,NA,NA,NA,right,end,NA,NA,NA,NA,3,3,0,NA,NA,NA,NA,3,3,3,10,3,10,-7,3,10,-7,0.23623457551002502,0.10384802520275116,0.002071239985525608,0.1554737389087677,0.17798160016536713,0.002418042393401265,0.3219727575778961,0,0,1.3885874603874981,-0.47433733800426126,-6.801938317352857,6.801938317352857,-6.953552294347901,6.953552294347901,0.22793182400060807,-0.22793182400060807,NA,NA,0,0,2.014517367060762,-2.014517367060762,-3.7230498739518225,3.7230498739518225,-2.261242369597312,2.261242369597312,2.48917419359792,-2.48917419359792,0.3751855194568634,0.6248144805431366,0.3751855194568634,0.6248144805431366,-0.021528959274291992,-0.005373775959014893,-0.005373775959014893,0.3536565601825714,0.6463434398174286,0.5620330572128296,0.5620330572128296,-0.2837765346623089,0.2837765346623089,0.06146812438964844,-0.06146812438964844,NA,NA,0,0,-0.039432376623153687,0.039432376623153687,-0.002774864435195923,0.002774864435195923,-0.039432376623153687,0.039432376623153687,0.10090050101280212,-0.10090050101280212,0,0,0,0,0,0,0,0,0,0,0,0,0,0,0,0,0,0,0,0,0,0,0,0,0,0,0,0,0,0,0,0,1,0,0,0,0,0,0,0,0,0,0,0,0,0,1,0,0,0,0,NA,NA,NA,NA,NA,NA,00-0034844,S.Barkley,2,NA,NA,NA,NA,NA,NA,NA,NA,NA,NA,NA,NA,NA,NA,NA,NA,NA,NA,NA,NA,NA,NA,NA,NA,NA,NA,NA,NA,NA,NA,NA,NA,NA,NA,NA,NA,NA,NA,NA,NA,NA,NA,NA,NA,NA,NA,NA,NA,00-0035647,M.Sweat,CHI,00-0038135,J.Brisker,CHI,NA,NA,NA,NA,NA,NA,0,NA,NA,NA,NA,NA,NA,NA,NA,NA,NA,NA,NA,NA,NA,NA,NA,NA,NA,NA,NA,NA,NA,NA,NA,NA,NA,NA,NA,NA,NA,NA,0,NA,NA,NA,NA,0,NA,NA,0,0,0,0,NA,NA,2025,NA,NA,20,0,Punt,1437,"11/28/25, 15:02:44",2025-11-28T20:57:07.287Z,Lincoln Financial Field,"Sunny Temp: 42° F, Humidity: 35%, Wind: W 18 mph",f85755f8-311e-11f0-b670-ae1250fadad1,0,0,RUSH,0,NA,2025-11-28T20:57:13.793Z,NA,6,Punt,2025-11-28T20:56:21.977Z,3,1:45,0,0,0,2,2,0,KICKOFF,PUNT,06:44,04:59,PHI 30,PHI 37,1407,1512,24,15,Home,-9,39,7,43.5,0,outdoors,,NA,NA,Nick Sirianni,Ben Johnson,PHI00,Lincoln Financial Field,0,0,NA,NA,S.Barkley,26,NA,NA,0,1,0,0,1,NA,00-0034844,NA,S.Barkley,26,00-0034844,S.Barkley,00-0034844,S.Barkley,00-0034844,0,0,-0.47433733800426126,NA,NA,NA,NA,NA,0.5360252857208252,-53.60252857208252,2025,Go for it,NA,NA,NA,NA,NA,NA,NA,NA,NA,NA,Nick Sirianni,Ben Johnson,6:38,NA,NA,Go for it,Toss Up,NA,NA,NA,NA,NA,NA,NA,NA
1459,2025_13_CHI_PHI,2025112800,PHI,CHI,REG,13,PHI,home,CHI,PHI,68,2025-11-28,354,354,2154,Half1,0,6,0,2,2,0,05:54,PHI 32,8,7,(5:54) 1-J.Hurts pass short right to 88-D.Goedert ran ob at PHI 37 for 5 yards.,pass,5,0,0,1,0,0,0,short,right,5,0,NA,NA,NA,NA,NA,NA,3,3,0,NA,NA,NA,NA,3,3,3,10,3,10,-7,3,10,-7,0.2704259157180786,0.10216689854860306,0.002183285541832447,0.17455026507377625,0.17381760478019714,0.0024951864033937454,0.27436086535453796,0,0,0.9142501223832369,0.03761347685940564,-6.764324840493451,6.764324840493451,-6.953552294347901,6.953552294347901,0.2655453008600137,-0.2655453008600137,0.03761347685940564,0,0.03761347685940564,0,2.0521308439201675,-2.0521308439201675,-3.7230498739518225,3.7230498739518225,-2.2236288927379064,2.2236288927379064,2.48917419359792,-2.48917419359792,0.3536565601825714,0.6463434398174286,0.3536565601825714,0.6463434398174286,0.011623114347457886,-0.01293802261352539,-0.01293802261352539,0.3652796745300293,0.6347203254699707,0.5566592812538147,0.5566592812538147,-0.2837765346623089,0.2837765346623089,0.07309123873710632,-0.07309123873710632,0.011623114347457886,0,0.011623114347457886,0,-0.0278092622756958,0.0278092622756958,-0.002774864435195923,0.002774864435195923,-0.0278092622756958,0.0278092622756958,0.10090050101280212,-0.10090050101280212,0,0,0,0,0,0,0,0,0,0,0,0,0,0,0,0,0,0,0,0,0,0,0,0,0,0,0,0,0,0,0,0,0,1,0,0,0,0,0,0,0,0,0,0,0,1,0,0,0,0,0,00-0036389,J.Hurts,5,00-0034351,D.Goedert,5,NA,NA,NA,NA,NA,NA,NA,NA,NA,NA,NA,NA,NA,NA,NA,NA,NA,NA,NA,NA,NA,NA,NA,NA,NA,NA,NA,NA,NA,NA,NA,NA,NA,NA,NA,NA,NA,NA,NA,NA,NA,NA,NA,NA,NA,NA,NA,NA,NA,NA,NA,NA,NA,NA,NA,NA,NA,NA,NA,NA,NA,NA,NA,0,NA,NA,NA,NA,NA,NA,NA,NA,NA,NA,NA,NA,NA,NA,NA,NA,NA,NA,NA,NA,NA,NA,NA,NA,NA,NA,NA,NA,NA,NA,NA,0,NA,NA,NA,NA,0,NA,NA,0,0,0,0,NA,NA,2025,0.7582510113716125,24.174898862838745,20,0,Punt,1459,"11/28/25, 15:02:44",2025-11-28T20:57:51.357Z,Lincoln Financial Field,"Sunny Temp: 42° F, Humidity: 35%, Wind: W 18 mph",f85755f8-311e-11f0-b670-ae1250fadad1,0,0,PASS,0,NA,2025-11-28T20:57:56.163Z,NA,6,Punt,2025-11-28T20:56:21.977Z,3,1:45,0,0,0,2,2,0,KICKOFF,PUNT,06:44,04:59,PHI 30,PHI 37,1407,1512,24,15,Home,-9,39,7,43.5,0,outdoors,,NA,NA,Nick Sirianni,Ben Johnson,PHI00,Lincoln Financial Field,0,1,J.Hurts,1,NA,NA,D.Goedert,88,1,0,0,0,1,00-0036389,NA,00-0034351,J.Hurts,1,00-0036389,D.Goedert,00-0034351,D.Goedert,00-0034351,1,0,0.03761347685940564,0.7049365146549789,3.9227615625059116,2,0.9953536571119912,0.4229632106726058,0.7511847615242004,24.881523847579956,2025,Go for it,NA,NA,NA,NA,NA,NA,NA,NA,NA,NA,Nick Sirianni,Ben Johnson,5:54,NA,NA,Go for it,Toss Up,NA,NA,NA,NA,NA,NA,NA,NA
1489,2025_13_CHI_PHI,2025112800,PHI,CHI,REG,13,PHI,home,CHI,PHI,63,2025-11-28,312,312,2112,Half1,0,6,0,2,3,0,05:12,PHI 37,3,7,(5:12) (Shotgun) 1-J.Hurts pass incomplete short middle to 88-D.Goedert.,pass,0,1,0,1,0,0,0,short,middle,11,NA,NA,NA,NA,NA,NA,NA,3,3,0,NA,NA,NA,NA,3,3,3,10,3,10,-7,3,10,-7,0.27891263365745544,0.09837467223405838,0.0016750445356592536,0.17214486002922058,0.1676134169101715,0.0032888129353523254,0.27799054980278015,0,0,0.9518635992426425,-1.5030040654819459,-8.267328905975397,8.267328905975397,-6.953552294347901,6.953552294347901,-1.2374587646219322,1.2374587646219322,1.5399189125746489,-3.0429229780565947,0,0,2.0521308439201675,-2.0521308439201675,-3.7230498739518225,3.7230498739518225,-0.6837099801632576,0.6837099801632576,-0.5537487844586746,0.5537487844586746,0.3652796745300293,0.6347203254699707,0.3652796745300293,0.6347203254699707,-0.037505507469177246,-0.029008865356445312,-0.029008865356445312,0.32777416706085205,0.672225832939148,0.5437212586402893,0.5437212586402893,-0.2837765346623089,0.2837765346623089,0.03558573126792908,-0.03558573126792908,0,-0.037505507469177246,0,0,-0.0278092622756958,0.0278092622756958,-0.002774864435195923,0.002774864435195923,-0.0278092622756958,0.0278092622756958,0.06339499354362488,-0.06339499354362488,0,0,0,0,0,1,0,0,1,0,0,0,0,0,0,0,0,0,0,0,0,0,0,0,0,0,0,0,0,0,0,0,0,1,0,0,0,0,0,0,0,0,0,0,0,0,0,0,0,0,0,00-0036389,J.Hurts,NA,00-0034351,D.Goedert,NA,NA,NA,NA,NA,NA,NA,NA,NA,NA,NA,NA,NA,NA,NA,NA,NA,NA,NA,NA,NA,NA,NA,NA,NA,NA,NA,NA,NA,NA,NA,NA,NA,NA,NA,NA,NA,NA,NA,NA,NA,NA,NA,NA,NA,NA,NA,NA,NA,NA,NA,NA,NA,NA,NA,NA,NA,NA,NA,NA,NA,NA,NA,NA,0,NA,NA,NA,NA,NA,NA,NA,NA,NA,NA,NA,NA,NA,NA,NA,NA,NA,NA,NA,NA,NA,NA,NA,NA,NA,NA,NA,NA,NA,NA,NA,0,NA,NA,NA,NA,0,NA,NA,0,0,0,0,NA,NA,2025,0.6643233895301819,-66.43233895301819,20,0,Punt,1489,"11/28/25, 15:02:44",2025-11-28T20:58:36.373Z,Lincoln Financial Field,"Sunny Temp: 42° F, Humidity: 35%, Wind: W 18 mph",f85755f8-311e-11f0-b670-ae1250fadad1,0,0,PASS,0,NA,2025-11-28T20:58:40.277Z,NA,6,Punt,2025-11-28T20:56:21.977Z,3,1:45,0,0,0,2,2,0,KICKOFF,PUNT,06:44,04:59,PHI 30,PHI 37,1407,1512,24,15,Home,-9,39,7,43.5,0,outdoors,,NA,NA,Nick Sirianni,Ben Johnson,PHI00,Lincoln Financial Field,0,0,J.Hurts,1,NA,NA,D.Goedert,88,1,0,0,0,1,00-0036389,NA,00-0034351,J.Hurts,1,00-0036389,D.Goedert,00-0034351,D.Goedert,00-0034351,0,0,-1.5030040654819459,0.34394692201736965,5.188064324102015,2,1,1,0.9013738632202148,9.862613677978516,2025,Go for it,NA,NA,NA,NA,NA,NA,NA,NA,NA,NA,Nick Sirianni,Ben Johnson,5:12,NA,NA,Go for it,Toss Up,NA,NA,NA,NA,NA,NA,NA,NA
1512,2025_13_CHI_PHI,2025112800,PHI,CHI,REG,13,PHI,home,CHI,PHI,63,2025-11-28,307,307,2107,Half1,0,6,0,2,4,0,05:07,PHI 37,3,7,"(5:07) 10-B.Mann punts 63 yards to end zone, Center-57-C.Adomitis, Touchback.",punt,0,0,0,0,0,0,0,NA,NA,NA,NA,NA,NA,NA,63,NA,NA,3,3,0,NA,NA,NA,NA,3,3,3,10,3,10,-7,3,10,-7,0.3168376088142395,0.1417788416147232,0.002484539756551385,0.24353396892547607,0.11668958514928818,0.0033788098953664303,0.17529664933681488,0,0,-0.5511404662393034,0.015000522136688232,-8.252328383838709,8.252328383838709,-6.953552294347901,6.953552294347901,-1.2374587646219322,1.2374587646219322,NA,NA,0,0,2.0521308439201675,-2.0521308439201675,-3.7230498739518225,3.7230498739518225,-0.6837099801632576,0.6837099801632576,-0.5537487844586746,0.5537487844586746,0.32777416706085205,0.672225832939148,0.32777416706085205,0.672225832939148,-0.01726430654525757,-0.05244547128677368,-0.05244547128677368,0.3105098605155945,0.6894901394844055,0.514712393283844,0.514712393283844,-0.2837765346623089,0.2837765346623089,0.03558573126792908,-0.03558573126792908,NA,NA,0,0,-0.0278092622756958,0.0278092622756958,-0.002774864435195923,0.002774864435195923,-0.0278092622756958,0.0278092622756958,0.06339499354362488,-0.06339499354362488,0,0,0,0,0,0,0,0,0,1,0,0,0,0,0,0,0,0,0,0,0,0,0,0,0,0,0,0,0,0,0,0,0,0,0,0,0,0,0,0,0,0,0,1,0,0,0,0,0,0,0,NA,NA,NA,NA,NA,NA,NA,NA,NA,NA,NA,NA,NA,NA,NA,NA,NA,NA,NA,NA,NA,NA,NA,NA,NA,NA,NA,NA,NA,00-0036313,B.Mann,NA,NA,NA,NA,NA,NA,NA,NA,NA,NA,NA,NA,NA,NA,NA,NA,NA,NA,NA,NA,NA,NA,NA,NA,NA,NA,NA,NA,NA,NA,NA,NA,NA,NA,NA,NA,NA,NA,0,NA,NA,NA,NA,NA,NA,NA,NA,NA,NA,NA,NA,NA,NA,NA,NA,NA,NA,NA,NA,NA,NA,NA,NA,NA,NA,NA,NA,NA,NA,CHI,0,NA,NA,NA,NA,0,NA,NA,0,0,0,0,NA,NA,2025,NA,NA,20,0,Punt,1512,"11/28/25, 15:02:44",2025-11-28T20:59:18Z,Lincoln Financial Field,"Sunny Temp: 42° F, Humidity: 35%, Wind: W 18 mph",f85755f8-311e-11f0-b670-ae1250fadad1,0,0,PUNT,1,NA,NA,NA,6,Punt,2025-11-28T20:56:21.977Z,3,1:45,0,0,0,2,2,0,KICKOFF,PUNT,06:44,04:59,PHI 30,PHI 37,1407,1512,24,15,Home,-9,39,7,43.5,0,outdoors,,NA,NA,Nick Sirianni,Ben Johnson,PHI00,Lincoln Financial Field,0,1,NA,NA,NA,NA,NA,NA,0,0,0,1,0,NA,NA,NA,NA,NA,NA,NA,NA,NA,NA,0,0,0.015000522136688232,NA,NA,NA,NA,NA,NA,NA,2025,Punt,1.8122592385845626,0.5128077971749008,0.3988759578899245,0.5698906819339635,0.4865736369821533,0,0.38937805593013763,0.5663671344518661,0.38937805593013763,0.46845104459630765,Nick Sirianni,Ben Johnson,5:07,0,0,Punt,Go for it,49,51,40,57,47,39,57,39
1530,2025_13_CHI_PHI,2025112800,PHI,CHI,REG,13,CHI,away,PHI,CHI,80,2025-11-28,299,299,2099,Half1,0,7,0,2,1,0,04:59,CHI 20,10,3,(4:59) 25-K.Monangai right guard to CHI 20 for no gain (90-J.Davis).,run,0,0,0,0,0,0,0,NA,NA,NA,NA,right,guard,NA,NA,NA,NA,3,3,0,NA,NA,NA,NA,3,3,3,10,10,3,7,10,3,7,0.3183498978614807,0.11727282404899597,0.0016612331382930279,0.17599689960479736,0.14277568459510803,0.00253444560803473,0.241409033536911,0,0,0.5361399441026151,-0.4001578411553055,-7.852170542683403,7.852170542683403,-6.553394453192595,6.553394453192595,-1.2374587646219322,1.2374587646219322,NA,NA,0,0,2.0521308439201675,-2.0521308439201675,-3.7230498739518225,3.7230498739518225,-0.6837099801632576,0.6837099801632576,-0.5537487844586746,0.5537487844586746,0.6894901394844055,0.3105098605155945,0.3105098605155945,0.6894901394844055,-0.011397182941436768,-0.007704198360443115,0.007704198360443115,0.32190704345703125,0.67809295654296875,0.5377330780029297,0.4622669219970703,-0.27237935172087213,0.27237935172087213,0.03558573126792908,-0.03558573126792908,NA,NA,0,0,-0.0278092622756958,0.0278092622756958,-0.002774864435195923,0.002774864435195923,-0.0278092622756958,0.0278092622756958,0.06339499354362488,-0.06339499354362488,0,0,0,0,0,0,0,0,0,0,0,0,0,0,0,0,0,0,0,0,0,0,0,0,1,0,0,0,0,0,0,0,1,0,0,0,0,0,0,0,0,0,0,0,0,0,0,0,0,0,0,NA,NA,NA,NA,NA,NA,00-0040236,K.Monangai,0,NA,NA,NA,NA,NA,NA,NA,NA,NA,NA,NA,NA,NA,NA,NA,NA,NA,NA,NA,NA,NA,NA,NA,NA,NA,NA,NA,NA,NA,NA,NA,NA,NA,NA,NA,NA,NA,NA,NA,NA,NA,NA,PHI,NA,00-0037073,NA,J.Davis,NA,NA,NA,NA,NA,NA,NA,NA,NA,NA,NA,NA,NA,0,NA,NA,NA,NA,NA,NA,NA,NA,NA,NA,NA,NA,NA,NA,NA,NA,NA,NA,NA,NA,NA,NA,NA,NA,NA,NA,NA,NA,NA,NA,NA,0,NA,NA,NA,NA,0,NA,NA,0,0,0,0,NA,NA,2025,NA,NA,21,1,First down,1530,"11/28/25, 15:02:44",2025-11-28T21:02:16.163Z,Lincoln Financial Field,"Sunny Temp: 42° F, Humidity: 35%, Wind: W 18 mph",f85755f8-311e-11f0-b670-ae1250fadad1,0,0,RUSH,0,NA,2025-11-28T21:02:20.337Z,NA,7,Punt,2025-11-28T21:02:16.163Z,5,2:12,1,0,0,2,2,0,PUNT,PUNT,04:59,02:47,CHI 20,CHI 23,1530,1650,24,15,Home,-9,39,7,43.5,0,outdoors,,NA,NA,Nick Sirianni,Ben Johnson,PHI00,Lincoln Financial Field,0,0,NA,NA,K.Monangai,25,NA,NA,0,1,0,0,1,NA,00-0040236,NA,K.Monangai,25,00-0040236,K.Monangai,00-0040236,K.Monangai,00-0040236,0,0,-0.4001578411553055,NA,NA,NA,NA,NA,0.46974024176597595,-46.974024176597595,2025,Go for it,NA,NA,NA,NA,NA,NA,NA,NA,NA,NA,Nick Sirianni,Ben Johnson,4:59,NA,NA,Go for it,Toss Up,NA,NA,NA,NA,NA,NA,NA,NA
1559,2025_13_CHI_PHI,2025112800,PHI,CHI,REG,13,CHI,away,PHI,CHI,80,2025-11-28,260,260,2060,Half1,0,7,0,2,2,0,04:20,CHI 20,10,3,(4:20) (Shotgun) 18-C.Williams pass short middle to 84-C.Loveland to CHI 33 for 13 yards (32-R.Blankenship).,pass,13,1,0,1,0,0,0,short,middle,12,1,NA,NA,NA,NA,NA,NA,3,3,0,NA,NA,NA,NA,3,3,3,10,10,3,7,10,3,7,0.35036349296569824,0.11878148466348648,0.0014786493266001344,0.19271694123744965,0.12515412271022797,0.002339384751394391,0.20916590094566345,0,0,0.1359821029473096,1.2362744157435372,-9.08844495842694,9.08844495842694,-6.553394453192595,6.553394453192595,-2.4737331803654694,2.4737331803654694,1.2617124071111903,-0.025437991367653012,1.2617124071111903,-0.025437991367653012,0.7904184368089773,-0.7904184368089773,-3.6976118825841695,3.6976118825841695,-1.9454223872744478,1.9454223872744478,-0.5283107930910216,0.5283107930910216,0.67809295654296875,0.32190704345703125,0.32190704345703125,0.67809295654296875,0.04023069143295288,0.05402404069900513,-0.05402404069900513,0.28167635202407837,0.7183236479759216,0.5300288796424866,0.46997112035751343,-0.27237935172087213,0.27237935172087213,-0.004644960165023804,0.004644960165023804,0,0.04023069143295288,0,0.04023069143295288,-0.0278092622756958,0.0278092622756958,-0.043005555868148804,0.043005555868148804,-0.0278092622756958,0.0278092622756958,0.023164302110671997,-0.023164302110671997,0,0,1,0,0,0,0,0,0,0,0,0,0,0,0,0,0,0,0,0,0,0,0,0,1,0,0,0,0,0,0,0,0,1,0,0,0,0,0,0,0,0,0,0,0,1,0,0,0,0,0,00-0039918,C.Williams,13,00-0040126,C.Loveland,13,NA,NA,NA,NA,NA,NA,NA,NA,NA,NA,NA,NA,NA,NA,NA,NA,NA,NA,NA,NA,NA,NA,NA,NA,NA,NA,NA,NA,NA,NA,NA,NA,NA,NA,NA,NA,NA,NA,NA,NA,NA,NA,NA,NA,NA,PHI,NA,00-0037130,NA,R.Blankenship,NA,NA,NA,NA,NA,NA,NA,NA,NA,NA,NA,NA,NA,0,NA,NA,NA,NA,NA,NA,NA,NA,NA,NA,NA,NA,NA,NA,NA,NA,NA,NA,NA,NA,NA,NA,NA,NA,NA,NA,NA,NA,NA,NA,NA,0,NA,NA,NA,NA,0,NA,NA,0,0,0,0,NA,NA,2025,0.7182625532150269,28.173744678497314,21,1,First down,1559,"11/28/25, 15:02:44",2025-11-28T21:02:55.240Z,Lincoln Financial Field,"Sunny Temp: 42° F, Humidity: 35%, Wind: W 18 mph",f85755f8-311e-11f0-b670-ae1250fadad1,0,0,PASS,0,NA,2025-11-28T21:02:59.577Z,NA,7,Punt,2025-11-28T21:02:16.163Z,5,2:12,1,0,0,2,2,0,PUNT,PUNT,04:59,02:47,CHI 20,CHI 23,1530,1650,24,15,Home,-9,39,7,43.5,0,outdoors,,NA,NA,Nick Sirianni,Ben Johnson,PHI00,Lincoln Financial Field,0,1,C.Williams,18,NA,NA,C.Loveland,84,1,0,1,0,1,00-0039918,NA,00-0040126,C.Williams,18,00-0039918,C.Loveland,00-0040126,C.Loveland,00-0040126,0,0,1.2362744157435372,0.1786887727486115,3.934268912031257,2,1,0.9968169337371364,0.5915181040763855,40.84818959236145,2025,Go for it,NA,NA,NA,NA,NA,NA,NA,NA,NA,NA,Nick Sirianni,Ben Johnson,4:20,NA,NA,Go for it,Toss Up,NA,NA,NA,NA,NA,NA,NA,NA
1584,2025_13_CHI_PHI,2025112800,PHI,CHI,REG,13,CHI,away,PHI,CHI,67,2025-11-28,225,225,2025,Half1,0,7,0,2,1,0,03:45,CHI 33,10,3,(3:45) 18-C.Williams pass incomplete deep right to 84-C.Loveland [58-J.Hunt].,pass,0,0,0,1,0,0,0,deep,right,22,NA,NA,NA,NA,NA,NA,NA,3,3,0,NA,NA,NA,NA,3,3,3,10,10,3,7,10,3,7,0.36813563108444214,0.08067120611667633,8.741811034269631e-4,0.11264339834451675,0.16137823462486267,0.002738737966865301,0.2735585868358612,0,0,1.3722565186908469,-0.4741758678574115,-8.614269090569529,8.614269090569529,-6.553394453192595,6.553394453192595,-1.999557312508058,1.999557312508058,1.2590053908061236,-1.7331812586635351,0,0,0.7904184368089773,-0.7904184368089773,-3.6976118825841695,3.6976118825841695,-3.2044277780805714,3.2044277780805714,1.2048704655725135,-1.2048704655725135,0.7183236479759216,0.28167635202407837,0.28167635202407837,0.7183236479759216,-0.004550457000732422,-0.016568422317504883,0.016568422317504883,0.2862268090248108,0.7137731909751892,0.5840529203414917,0.4159470796585083,-0.27237935172087213,0.27237935172087213,-9.450316429138184e-5,9.450316429138184e-5,0,-0.004550457000732422,0,0,-0.0278092622756958,0.0278092622756958,-0.043005555868148804,0.043005555868148804,-0.0278092622756958,0.0278092622756958,0.02771475911140442,-0.02771475911140442,0,0,0,0,0,0,0,0,1,0,0,0,0,0,0,0,0,0,0,0,0,0,0,0,0,0,0,0,0,0,0,1,0,1,0,0,0,0,0,0,0,0,0,0,0,0,0,0,0,0,0,00-0039918,C.Williams,NA,00-0040126,C.Loveland,NA,NA,NA,NA,NA,NA,NA,NA,NA,NA,NA,NA,NA,NA,NA,NA,NA,NA,NA,NA,NA,NA,NA,NA,NA,NA,NA,NA,NA,NA,NA,NA,NA,NA,NA,NA,00-0039740,J.Hunt,NA,NA,NA,NA,NA,NA,NA,NA,NA,NA,NA,NA,NA,NA,NA,NA,NA,NA,NA,NA,NA,NA,NA,NA,NA,NA,0,NA,NA,NA,NA,NA,NA,NA,NA,NA,NA,NA,NA,NA,NA,NA,NA,NA,NA,NA,NA,NA,NA,NA,NA,NA,NA,NA,NA,NA,NA,NA,0,NA,NA,NA,NA,0,NA,NA,0,0,0,0,NA,NA,2025,0.38392937183380127,-38.39293718338013,22,0,Punt,1584,"11/28/25, 15:02:44",2025-11-28T21:03:29.717Z,Lincoln Financial Field,"Sunny Temp: 42° F, Humidity: 35%, Wind: W 18 mph",f85755f8-311e-11f0-b670-ae1250fadad1,0,0,PASS,0,NA,2025-11-28T21:03:34.857Z,NA,7,Punt,2025-11-28T21:02:16.163Z,5,2:12,1,0,0,2,2,0,PUNT,PUNT,04:59,02:47,CHI 20,CHI 23,1530,1650,24,15,Home,-9,39,7,43.5,0,outdoors,,NA,NA,Nick Sirianni,Ben Johnson,PHI00,Lincoln Financial Field,0,0,C.Williams,18,NA,NA,C.Loveland,84,1,0,0,0,1,00-0039918,NA,00-0040126,C.Williams,18,00-0039918,C.Loveland,00-0040126,C.Loveland,00-0040126,0,0,-0.4741758678574115,0.42961978052397565,6.276124134048587,2,1,1,0.4511318802833557,54.88681197166443,2025,Go for it,NA,NA,NA,NA,NA,NA,NA,NA,NA,NA,Nick Sirianni,Ben Johnson,3:45,NA,NA,Go for it,Toss Up,NA,NA,NA,NA,NA,NA,NA,NA
1607,2025_13_CHI_PHI,2025112800,PHI,CHI,REG,13,CHI,away,PHI,CHI,67,2025-11-28,220,220,2020,Half1,0,7,0,2,2,0,03:40,CHI 33,10,3,(3:40) (Shotgun) 18-C.Williams pass incomplete short right to 15-R.Odunze.,pass,0,1,0,1,0,0,0,short,right,7,NA,NA,NA,NA,NA,NA,NA,3,3,0,NA,NA,NA,NA,3,3,3,10,10,3,7,10,3,7,0.3841135501861572,0.08851205557584763,9.659909992478788e-4,0.13624821603298187,0.1494944989681244,0.002771369181573391,0.23789429664611816,0,0,0.8980806508334354,-0.5597526904894039,-8.054516400080125,8.054516400080125,-6.553394453192595,6.553394453192595,-1.439804622018654,1.439804622018654,0.04538070072885603,-0.6051333912182599,0,0,0.7904184368089773,-0.7904184368089773,-3.6976118825841695,3.6976118825841695,-3.2498084788094275,3.2498084788094275,1.8100038567907735,-1.8100038567907735,0.7137731909751892,0.2862268090248108,0.2862268090248108,0.7137731909751892,-0.012104153633117676,-0.02073526382446289,0.02073526382446289,0.29833096265792847,0.7016690373420715,0.5674844980239868,0.4325155019760132,-0.27237935172087213,0.27237935172087213,0.012009650468826294,-0.012009650468826294,0,-0.012104153633117676,0,0,-0.0278092622756958,0.0278092622756958,-0.043005555868148804,0.043005555868148804,-0.0278092622756958,0.0278092622756958,0.039818912744522095,-0.039818912744522095,0,0,0,0,0,0,0,0,1,0,0,0,0,0,0,0,0,0,0,0,0,0,0,0,0,0,0,0,0,0,0,0,0,1,0,0,0,0,0,0,0,0,0,0,0,0,0,0,0,0,0,00-0039918,C.Williams,NA,00-0039919,R.Odunze,NA,NA,NA,NA,NA,NA,NA,NA,NA,NA,NA,NA,NA,NA,NA,NA,NA,NA,NA,NA,NA,NA,NA,NA,NA,NA,NA,NA,NA,NA,NA,NA,NA,NA,NA,NA,NA,NA,NA,NA,NA,NA,NA,NA,NA,NA,NA,NA,NA,NA,NA,NA,NA,NA,NA,NA,NA,NA,NA,NA,NA,NA,NA,NA,0,NA,NA,NA,NA,NA,NA,NA,NA,NA,NA,NA,NA,NA,NA,NA,NA,NA,NA,NA,NA,NA,NA,NA,NA,NA,NA,NA,NA,NA,NA,NA,0,NA,NA,NA,NA,0,NA,NA,0,0,0,0,NA,NA,2025,0.714361846446991,-71.4361846446991,22,0,Punt,1607,"11/28/25, 15:02:44",2025-11-28T21:04:16.150Z,Lincoln Financial Field,"Sunny Temp: 42° F, Humidity: 35%, Wind: W 18 mph",f85755f8-311e-11f0-b670-ae1250fadad1,0,0,PASS,0,NA,2025-11-28T21:04:19.620Z,NA,7,Punt,2025-11-28T21:02:16.163Z,5,2:12,1,0,0,2,2,0,PUNT,PUNT,04:59,02:47,CHI 20,CHI 23,1530,1650,24,15,Home,-9,39,7,43.5,0,outdoors,,NA,NA,Nick Sirianni,Ben Johnson,PHI00,Lincoln Financial Field,0,0,C.Williams,18,NA,NA,R.Odunze,15,1,0,0,0,1,00-0039918,NA,00-0039919,C.Williams,18,00-0039918,R.Odunze,00-0039919,R.Odunze,00-0039919,0,0,-0.5597526904894039,0.553594444390648,3.5071523389415233,2,0.9803804918192327,0.3722102656029165,0.5998015403747559,40.019845962524414,2025,Go for it,NA,NA,NA,NA,NA,NA,NA,NA,NA,NA,Nick Sirianni,Ben Johnson,3:40,NA,NA,Go for it,Toss Up,NA,NA,NA,NA,NA,NA,NA,NA
1630,2025_13_CHI_PHI,2025112800,PHI,CHI,REG,13,CHI,away,PHI,CHI,67,2025-11-28,217,217,2017,Half1,0,7,0,2,3,0,03:37,CHI 33,10,3,(3:37) (Shotgun) 18-C.Williams sacked at CHI 23 for -10 yards (98-J.Carter).,pass,-10,1,0,1,0,0,0,NA,NA,NA,NA,NA,NA,NA,NA,NA,NA,3,3,0,NA,NA,NA,NA,3,3,3,10,10,3,7,10,3,7,0.39240509271621704,0.10407469421625137,0.0010312568629160523,0.16702388226985931,0.12807466089725494,0.002835002029314637,0.20455539226531982,0,0,0.33832796034403145,-1.6998435275163502,-6.354672872563775,6.354672872563775,-6.553394453192595,6.553394453192595,0.26003890549769615,-0.26003890549769615,NA,NA,0,0,0.7904184368089773,-0.7904184368089773,-3.6976118825841695,3.6976118825841695,-3.2498084788094275,3.2498084788094275,1.8100038567907735,-1.8100038567907735,0.7016690373420715,0.29833096265792847,0.29833096265792847,0.7016690373420715,-0.06645059585571289,-0.06672477722167969,0.06672477722167969,0.36478155851364136,0.6352184414863586,0.5467492341995239,0.4532507658004761,-0.27237935172087213,0.27237935172087213,0.07846024632453918,-0.07846024632453918,NA,NA,0,0,-0.0278092622756958,0.0278092622756958,-0.043005555868148804,0.043005555868148804,-0.0278092622756958,0.0278092622756958,0.039818912744522095,-0.039818912744522095,0,0,0,0,0,1,0,0,0,0,0,0,0,0,0,0,0,0,0,0,0,0,0,0,1,0,0,0,0,0,0,1,0,1,1,0,0,0,0,0,0,0,0,0,0,0,0,0,0,0,0,00-0039918,C.Williams,NA,NA,NA,NA,NA,NA,NA,NA,NA,NA,NA,NA,NA,NA,NA,NA,NA,NA,NA,NA,NA,NA,NA,NA,NA,NA,NA,NA,NA,NA,NA,NA,NA,NA,NA,00-0038386,J.Carter,NA,NA,00-0038386,J.Carter,NA,NA,NA,NA,NA,NA,NA,NA,PHI,NA,00-0038386,NA,J.Carter,NA,NA,NA,NA,NA,NA,NA,NA,NA,NA,NA,NA,NA,0,NA,NA,NA,NA,NA,NA,NA,NA,NA,NA,NA,NA,NA,NA,NA,NA,NA,NA,NA,NA,NA,NA,NA,NA,00-0038386,J.Carter,NA,NA,NA,NA,NA,0,NA,NA,NA,NA,0,NA,NA,0,0,0,0,NA,NA,2025,NA,NA,22,0,Punt,1630,"11/28/25, 15:02:44",2025-11-28T21:04:50.013Z,Lincoln Financial Field,"Sunny Temp: 42° F, Humidity: 35%, Wind: W 18 mph",f85755f8-311e-11f0-b670-ae1250fadad1,0,0,SACK,0,NA,2025-11-28T21:04:54.353Z,NA,7,Punt,2025-11-28T21:02:16.163Z,5,2:12,1,0,0,2,2,0,PUNT,PUNT,04:59,02:47,CHI 20,CHI 23,1530,1650,24,15,Home,-9,39,7,43.5,0,outdoors,,NA,NA,Nick Sirianni,Ben Johnson,PHI00,Lincoln Financial Field,0,0,C.Williams,18,NA,NA,NA,NA,1,0,0,0,1,00-0039918,NA,NA,C.Williams,18,00-0039918,NA,NA,NA,NA,0,0,-1.6998435275163502,NA,NA,NA,NA,NA,0.9633415937423706,3.6658406257629395,2025,Go for it,NA,NA,NA,NA,NA,NA,NA,NA,NA,NA,Nick Sirianni,Ben Johnson,3:37,NA,NA,Go for it,Toss Up,NA,NA,NA,NA,NA,NA,NA,NA
1650,2025_13_CHI_PHI,2025112800,PHI,CHI,REG,13,CHI,away,PHI,CHI,77,2025-11-28,179,179,1979,Half1,0,7,0,2,4,0,02:59,CHI 23,20,3,"(2:59) 19-T.Taylor punts 49 yards to PHI 28, Center-46-S.Daly. 18-B.Covey MUFFS catch, and recovers at PHI 26. 18-B.Covey to PHI 35 for 9 yards (21-T.Homer).",punt,0,0,0,0,0,0,0,NA,NA,NA,NA,NA,NA,NA,51,NA,NA,3,3,0,NA,NA,NA,NA,3,3,3,10,10,3,7,10,3,7,0.39262187480926514,0.17821264266967773,0.0023548302706331015,0.2493390142917633,0.07667094469070435,0.0024824808351695538,0.0983181893825531,0,0,-1.3615155671723187,-0.18088631087448448,-6.17378656168929,6.17378656168929,-6.553394453192595,6.553394453192595,0.26003890549769615,-0.26003890549769615,NA,NA,0,0,0.7904184368089773,-0.7904184368089773,-3.6976118825841695,3.6976118825841695,-3.2498084788094275,3.2498084788094275,1.8100038567907735,-1.8100038567907735,0.6352184414863586,0.36478155851364136,0.36478155851364136,0.6352184414863586,-0.008242875337600708,-0.023365795612335205,0.023365795612335205,0.37302443385124207,0.6269755661487579,0.48002445697784424,0.5199755430221558,-0.27237935172087213,0.27237935172087213,0.07846024632453918,-0.07846024632453918,NA,NA,0,0,-0.0278092622756958,0.0278092622756958,-0.043005555868148804,0.043005555868148804,-0.0278092622756958,0.0278092622756958,0.039818912744522095,-0.039818912744522095,0,0,0,0,0,0,0,0,0,0,0,0,0,0,0,0,0,0,0,0,0,0,1,0,1,0,0,0,0,0,0,0,0,0,0,0,0,0,0,0,0,0,0,1,1,0,0,0,0,0,0,NA,NA,NA,NA,NA,NA,NA,NA,NA,NA,NA,NA,NA,NA,NA,NA,NA,NA,NA,NA,NA,00-0037132,B.Covey,NA,NA,NA,NA,NA,NA,00-0039745,T.Taylor,NA,NA,NA,NA,NA,NA,NA,NA,NA,NA,NA,NA,NA,NA,NA,NA,NA,NA,NA,NA,CHI,NA,00-0035594,NA,T.Homer,NA,NA,NA,NA,NA,NA,NA,NA,NA,NA,NA,NA,NA,0,NA,NA,NA,NA,NA,NA,NA,NA,NA,NA,PHI,00-0037132,B.Covey,NA,NA,NA,PHI,0,00-0037132,B.Covey,NA,NA,NA,NA,NA,NA,NA,NA,NA,NA,PHI,9,NA,NA,NA,NA,0,NA,NA,0,0,0,0,NA,NA,2025,NA,NA,22,0,Punt,1650,"11/28/25, 15:02:44",2025-11-28T21:05:28Z,Lincoln Financial Field,"Sunny Temp: 42° F, Humidity: 35%, Wind: W 18 mph",f85755f8-311e-11f0-b670-ae1250fadad1,0,0,PUNT,1,NA,NA,NA,7,Punt,2025-11-28T21:02:16.163Z,5,2:12,1,0,0,2,2,0,PUNT,PUNT,04:59,02:47,CHI 20,CHI 23,1530,1650,24,15,Home,-9,39,7,43.5,0,outdoors,,NA,NA,Nick Sirianni,Ben Johnson,PHI00,Lincoln Financial Field,0,0,NA,NA,NA,NA,NA,NA,0,0,0,1,0,NA,NA,NA,NA,NA,NA,NA,NA,NA,NA,0,0,-0.18088631087448448,NA,NA,NA,NA,NA,NA,NA,2025,Punt,-6.46645117924729,0.0741283415700309,0.40669494079416024,0.6273326455789382,0.42305044497857874,0,0.3891596496105194,0.5935062766075134,0.3891596496105194,0.48771495677105164,Nick Sirianni,Ben Johnson,2:59,0,0,Punt,Punt,42,7,41,63,49,39,59,39
1676,2025_13_CHI_PHI,2025112800,PHI,CHI,REG,13,PHI,home,CHI,PHI,65,2025-11-28,167,167,1967,Half1,0,8,0,2,1,0,02:47,PHI 35,10,2,(2:47) 1-J.Hurts pass short right to 11-A.Brown to PHI 36 for 1 yard (26-N.Wright).,pass,1,0,0,1,0,0,0,short,right,0,1,NA,NA,NA,NA,NA,NA,3,3,0,NA,NA,NA,NA,3,3,3,10,3,10,-7,3,10,-7,0.412053644657135,0.07431193441152573,6.696689524687827e-4,0.08031383156776428,0.1718936711549759,0.002421638462692499,0.2583356499671936,0,0,1.5424018780468032,-0.4847566707758233,-6.658543232465114,6.658543232465114,-6.553394453192595,6.553394453192595,-0.22471776527812715,0.22471776527812715,-0.44138548627961427,-0.043371184496209025,-0.44138548627961427,-0.043371184496209025,0.349032950529363,-0.349032950529363,-3.7409830670803785,3.7409830670803785,-3.6911939650890417,3.6911939650890417,1.7666326722945644,-1.7666326722945644,0.37302443385124207,0.6269755661487579,0.37302443385124207,0.6269755661487579,-0.015109151601791382,-0.009537756443023682,-0.009537756443023682,0.3579152822494507,0.6420847177505493,0.543341338634491,0.543341338634491,-0.27237935172087213,0.27237935172087213,0.0633510947227478,-0.0633510947227478,0,-0.015109151601791382,0,-0.015109151601791382,-0.0278092622756958,0.0278092622756958,-0.058114707469940186,0.058114707469940186,-0.0278092622756958,0.0278092622756958,0.024709761142730713,-0.024709761142730713,0,0,0,0,0,0,0,0,0,0,0,0,0,0,0,0,0,0,0,0,0,0,0,0,1,0,0,0,0,0,0,0,0,1,0,0,0,0,0,0,0,0,0,0,0,1,0,0,0,0,0,00-0036389,J.Hurts,1,00-0035676,A.Brown,1,NA,NA,NA,NA,NA,NA,NA,NA,NA,NA,NA,NA,NA,NA,NA,NA,NA,NA,NA,NA,NA,NA,NA,NA,NA,NA,NA,NA,NA,NA,NA,NA,NA,NA,NA,NA,NA,NA,NA,NA,NA,NA,NA,NA,NA,CHI,NA,00-0036986,NA,N.Wright,NA,NA,NA,NA,NA,NA,NA,NA,NA,NA,NA,NA,NA,0,NA,NA,NA,NA,NA,NA,NA,NA,NA,NA,NA,NA,NA,NA,NA,NA,NA,NA,NA,NA,NA,NA,NA,NA,NA,NA,NA,NA,NA,NA,NA,0,NA,NA,NA,NA,0,NA,NA,0,0,0,0,NA,NA,2025,0.7456911206245422,25.430887937545776,23,0,Punt,1676,"11/28/25, 15:02:44",2025-11-28T21:08:33.053Z,Lincoln Financial Field,"Sunny Temp: 42° F, Humidity: 35%, Wind: W 18 mph",f85755f8-311e-11f0-b670-ae1250fadad1,0,0,PASS,0,NA,2025-11-28T21:08:39.297Z,NA,8,Punt,2025-11-28T21:08:33.053Z,3,1:11,0,0,0,2,2,-10,PUNT,PUNT,02:47,01:36,PHI 35,PHI 37,1676,1829,24,15,Home,-9,39,7,43.5,0,outdoors,,NA,NA,Nick Sirianni,Ben Johnson,PHI00,Lincoln Financial Field,0,0,J.Hurts,1,NA,NA,A.Brown,11,1,0,0,0,1,00-0036389,NA,00-0035676,J.Hurts,1,00-0036389,A.Brown,00-0035676,A.Brown,00-0035676,0,0,-0.4847566707758233,0.5651874171904057,7.287170634015638,6,0.5197089494904503,0.23108943866100162,0.6399362087249756,36.00637912750244,2025,Go for it,NA,NA,NA,NA,NA,NA,NA,NA,NA,NA,Nick Sirianni,Ben Johnson,2:47,NA,NA,Go for it,Toss Up,NA,NA,NA,NA,NA,NA,NA,NA
1709,2025_13_CHI_PHI,2025112800,PHI,CHI,REG,13,PHI,home,CHI,PHI,64,2025-11-28,120,120,1920,Half1,0,8,0,2,2,0,02:00,PHI 36,9,2,(2:00) (Shotgun) 1-J.Hurts pass incomplete deep middle to 11-A.Brown.,pass,0,1,0,1,0,0,0,deep,middle,16,NA,NA,NA,NA,NA,NA,NA,3,3,0,NA,NA,NA,NA,3,3,3,10,3,10,-7,3,10,-7,0.4731314778327942,0.08104784786701202,7.587568834424019e-4,0.07953498512506485,0.17285959422588348,0.0016397051513195038,0.19102756679058075,0,0,1.0576452072709799,-0.5224596211919561,-7.18100285365707,7.18100285365707,-6.553394453192595,6.553394453192595,-0.7471773864700832,0.7471773864700832,1.3448909413418733,-1.8673505625338294,0,0,0.349032950529363,-0.349032950529363,-3.7409830670803785,3.7409830670803785,-2.3463030237471685,2.3463030237471685,-0.10071789023926492,0.10071789023926492,0.3579152822494507,0.6420847177505493,0.3579152822494507,0.6420847177505493,-0.02691158652305603,-0.023770928382873535,-0.023770928382873535,0.33100369572639465,0.6689963042736053,0.5338035821914673,0.5338035821914673,-0.27237935172087213,0.27237935172087213,0.03643950819969177,-0.03643950819969177,0,-0.02691158652305603,0,0,-0.0278092622756958,0.0278092622756958,-0.058114707469940186,0.058114707469940186,-0.0278092622756958,0.0278092622756958,-0.0022018253803253174,0.0022018253803253174,0,0,0,0,0,0,0,0,1,0,0,0,0,0,0,0,0,0,0,0,0,0,0,0,0,0,0,0,0,0,0,0,0,1,0,0,0,0,0,0,0,0,0,0,0,0,0,0,0,0,0,00-0036389,J.Hurts,NA,00-0035676,A.Brown,NA,NA,NA,NA,NA,NA,NA,NA,NA,NA,NA,NA,NA,NA,NA,NA,NA,NA,NA,NA,NA,NA,NA,NA,NA,NA,NA,NA,NA,NA,NA,NA,NA,NA,NA,NA,NA,NA,NA,NA,NA,NA,NA,NA,NA,NA,NA,NA,NA,NA,NA,NA,NA,NA,NA,NA,NA,NA,NA,NA,NA,NA,NA,NA,0,NA,NA,NA,NA,NA,NA,NA,NA,NA,NA,NA,NA,NA,NA,NA,NA,NA,NA,NA,NA,NA,NA,NA,NA,NA,NA,NA,NA,NA,NA,NA,0,NA,NA,NA,NA,0,NA,NA,0,0,0,0,NA,NA,2025,0.6905749440193176,-69.05749440193176,23,0,Punt,1709,"11/28/25, 15:02:44",2025-11-28T21:12:21.080Z,Lincoln Financial Field,"Sunny Temp: 42° F, Humidity: 35%, Wind: W 18 mph",f85755f8-311e-11f0-b670-ae1250fadad1,0,0,PASS,0,NA,2025-11-28T21:12:25.720Z,NA,8,Punt,2025-11-28T21:08:33.053Z,3,1:11,0,0,0,2,2,-10,PUNT,PUNT,02:47,01:36,PHI 35,PHI 37,1676,1829,24,15,Home,-9,39,7,43.5,0,outdoors,,NA,NA,Nick Sirianni,Ben Johnson,PHI00,Lincoln Financial Field,0,0,J.Hurts,1,NA,NA,A.Brown,11,1,0,0,0,1,00-0036389,NA,00-0035676,J.Hurts,1,00-0036389,A.Brown,00-0035676,A.Brown,00-0035676,0,0,-0.5224596211919561,0.28802652172450105,4.7121340279700235,2,1,1,0.8718632459640503,12.81367540359497,2025,Go for it,NA,NA,NA,NA,NA,NA,NA,NA,NA,NA,Nick Sirianni,Ben Johnson,2:00,NA,NA,Go for it,Toss Up,NA,NA,NA,NA,NA,NA,NA,NA
1753,2025_13_CHI_PHI,2025112800,PHI,CHI,REG,13,PHI,home,CHI,PHI,64,2025-11-28,115,115,1915,Half1,0,8,0,2,3,0,01:55,PHI 36,9,2,"(1:55) (Shotgun) 1-J.Hurts pass short right to 11-A.Brown ran ob at PHI 48 for 12 yards (1-J.Johnson). PENALTY on PHI-11-A.Brown, Offensive Pass Interference, 10 yards, enforced at PHI 36 - No Play.",no_play,0,1,0,0,0,0,0,NA,NA,NA,NA,NA,NA,NA,NA,NA,NA,3,3,0,NA,NA,NA,NA,3,3,3,10,3,10,-7,3,10,-7,0.4870273172855377,0.10172432661056519,8.036267827264965e-4,0.1028563380241394,0.1459028422832489,0.0015094330301508307,0.1601761132478714,0,0,0.5351855860790238,-0.7409418091410771,-7.921944662798147,7.921944662798147,-6.553394453192595,6.553394453192595,-0.7471773864700832,0.7471773864700832,NA,NA,0,0,0.349032950529363,-0.349032950529363,-3.7409830670803785,3.7409830670803785,-2.3463030237471685,2.3463030237471685,-0.10071789023926492,0.10071789023926492,0.33100369572639465,0.6689963042736053,0.33100369572639465,0.6689963042736053,-0.029832124710083008,-0.05478653311729431,-0.05478653311729431,0.30117157101631165,0.6988284289836884,0.51003265380859375,0.51003265380859375,-0.27237935172087213,0.27237935172087213,0.03643950819969177,-0.03643950819969177,NA,NA,0,0,-0.0278092622756958,0.0278092622756958,-0.058114707469940186,0.058114707469940186,-0.0278092622756958,0.0278092622756958,-0.0022018253803253174,0.0022018253803253174,0,0,0,0,0,0,0,0,0,0,0,0,0,0,0,0,0,0,0,0,0,0,0,0,0,0,1,0,0,0,0,0,0,0,0,0,0,0,0,0,0,0,0,0,0,0,0,0,0,0,0,NA,NA,NA,NA,NA,NA,NA,NA,NA,NA,NA,NA,NA,NA,NA,NA,NA,NA,NA,NA,NA,NA,NA,NA,NA,NA,NA,NA,NA,NA,NA,NA,NA,NA,NA,NA,NA,NA,NA,NA,NA,NA,NA,NA,NA,NA,NA,NA,NA,NA,NA,NA,NA,NA,NA,NA,NA,NA,NA,NA,NA,NA,NA,NA,NA,NA,NA,NA,NA,0,NA,NA,NA,NA,NA,NA,NA,NA,NA,NA,NA,NA,NA,NA,NA,NA,NA,NA,NA,NA,NA,NA,NA,NA,NA,NA,NA,NA,NA,NA,NA,0,PHI,00-0035676,A.Brown,10,0,NA,Offensive Pass Interference,0,0,0,0,NA,NA,2025,NA,NA,23,0,Punt,1753,"11/28/25, 15:02:44",2025-11-28T21:13:03.343Z,Lincoln Financial Field,"Sunny Temp: 42° F, Humidity: 35%, Wind: W 18 mph",f85755f8-311e-11f0-b670-ae1250fadad1,0,0,PENALTY,0,NA,2025-11-28T21:13:07.883Z,NA,8,Punt,2025-11-28T21:08:33.053Z,3,1:11,0,0,0,2,2,-10,PUNT,PUNT,02:47,01:36,PHI 35,PHI 37,1676,1829,24,15,Home,-9,39,7,43.5,0,outdoors,,NA,NA,Nick Sirianni,Ben Johnson,PHI00,Lincoln Financial Field,0,0,J.Hurts,1,NA,NA,A.Brown,11,1,0,0,0,1,00-0036389,NA,00-0035676,J.Hurts,1,00-0036389,NA,NA,A.Brown,00-0035676,1,0,-0.7409418091410771,NA,NA,NA,NA,NA,0.9848695993423462,1.5130400657653809,2025,Other,NA,NA,NA,NA,NA,NA,NA,NA,NA,NA,Nick Sirianni,Ben Johnson,1:55,NA,NA,Other (Penalty),Toss Up,NA,NA,NA,NA,NA,NA,NA,NA
1799,2025_13_CHI_PHI,2025112800,PHI,CHI,REG,13,PHI,home,CHI,PHI,74,2025-11-28,110,110,1910,Half1,0,8,0,2,3,0,01:50,PHI 26,19,2,(1:50) (Shotgun) 1-J.Hurts pass short right to 28-W.Shipley ran ob at PHI 37 for 11 yards.,pass,11,1,0,1,0,0,0,short,right,10,1,NA,NA,NA,NA,NA,NA,3,3,0,NA,NA,NA,NA,3,3,3,10,3,10,-7,3,10,-7,0.4923074543476105,0.16306811571121216,0.0016454330179840326,0.11816925555467606,0.11347462981939316,0.001169133116491139,0.11016594618558884,0,0,-0.20575622306205332,-0.15193423139862716,-8.073878894196774,8.073878894196774,-6.553394453192595,6.553394453192595,-0.8991116178687104,0.8991116178687104,-0.26764313667081296,0.1157089052721858,-0.26764313667081296,0.1157089052721858,0.08138981385855004,-0.08138981385855004,-3.6252741618081927,3.6252741618081927,-2.6139461604179814,2.6139461604179814,0.014991015032920885,-0.014991015032920885,0.30117157101631165,0.6988284289836884,0.30117157101631165,0.6988284289836884,0.01625719666481018,8.330643177032471e-4,8.330643177032471e-4,0.3174287676811218,0.6825712323188782,0.45524612069129944,0.45524612069129944,-0.27237935172087213,0.27237935172087213,0.05269670486450195,-0.05269670486450195,0,0.01625719666481018,0,0.01625719666481018,-0.0278092622756958,0.0278092622756958,-0.041857510805130005,0.041857510805130005,-0.0278092622756958,0.0278092622756958,0.014055371284484863,-0.014055371284484863,0,0,0,0,0,1,0,0,0,0,0,0,0,0,0,0,0,0,0,0,0,0,0,0,0,0,0,0,0,0,0,0,0,1,0,0,0,0,0,0,0,0,0,0,0,1,0,0,0,0,0,00-0036389,J.Hurts,11,00-0039746,W.Shipley,11,NA,NA,NA,NA,NA,NA,NA,NA,NA,NA,NA,NA,NA,NA,NA,NA,NA,NA,NA,NA,NA,NA,NA,NA,NA,NA,NA,NA,NA,NA,NA,NA,NA,NA,NA,NA,NA,NA,NA,NA,NA,NA,NA,NA,NA,NA,NA,NA,NA,NA,NA,NA,NA,NA,NA,NA,NA,NA,NA,NA,NA,NA,NA,0,NA,NA,NA,NA,NA,NA,NA,NA,NA,NA,NA,NA,NA,NA,NA,NA,NA,NA,NA,NA,NA,NA,NA,NA,NA,NA,NA,NA,NA,NA,NA,0,NA,NA,NA,NA,0,NA,NA,0,0,0,0,NA,NA,2025,0.6148709654808044,38.512903451919556,23,0,Punt,1799,"11/28/25, 15:02:44",2025-11-28T21:13:59.683Z,Lincoln Financial Field,"Sunny Temp: 42° F, Humidity: 35%, Wind: W 18 mph",f85755f8-311e-11f0-b670-ae1250fadad1,0,0,PASS,0,NA,2025-11-28T21:14:07.127Z,NA,8,Punt,2025-11-28T21:08:33.053Z,3,1:11,0,0,0,2,2,-10,PUNT,PUNT,02:47,01:36,PHI 35,PHI 37,1676,1829,24,15,Home,-9,39,7,43.5,0,outdoors,,NA,NA,Nick Sirianni,Ben Johnson,PHI00,Lincoln Financial Field,0,0,J.Hurts,1,NA,NA,W.Shipley,28,1,0,0,0,1,00-0036389,NA,00-0039746,J.Hurts,1,00-0036389,W.Shipley,00-0039746,W.Shipley,00-0039746,1,0,-0.15193423139862716,0.3989655466996758,3.669912394732819,2,0.2631962346495129,0.10125351051101461,0.8908783793449402,10.912162065505981,2025,Go for it,NA,NA,NA,NA,NA,NA,NA,NA,NA,NA,Nick Sirianni,Ben Johnson,1:50,NA,NA,Go for it,Toss Up,NA,NA,NA,NA,NA,NA,NA,NA
1829,2025_13_CHI_PHI,2025112800,PHI,CHI,REG,13,PHI,home,CHI,PHI,63,2025-11-28,103,103,1903,Half1,0,8,0,2,4,0,01:43,PHI 37,8,2,"(1:43) 10-B.Mann punts 44 yards to CHI 19, Center-57-C.Adomitis, out of bounds.",punt,0,0,0,0,0,0,0,NA,NA,NA,NA,NA,NA,NA,44,NA,NA,3,3,0,NA,NA,NA,NA,3,3,3,10,3,10,-7,3,10,-7,0.5380988121032715,0.14434590935707092,7.920458447188139e-4,0.12580928206443787,0.09286102652549744,0.001527406508103013,0.09656549245119095,0,0,-0.3576904544606805,-0.2064914284273982,-8.280370322624172,8.280370322624172,-6.553394453192595,6.553394453192595,-0.8991116178687104,0.8991116178687104,NA,NA,0,0,0.08138981385855004,-0.08138981385855004,-3.6252741618081927,3.6252741618081927,-2.6139461604179814,2.6139461604179814,0.014991015032920885,-0.014991015032920885,0.3174287676811218,0.6825712323188782,0.3174287676811218,0.6825712323188782,-0.020403683185577393,-0.04000049829483032,-0.04000049829483032,0.29702508449554443,0.7029749155044556,0.4560791850090027,0.4560791850090027,-0.27237935172087213,0.27237935172087213,0.05269670486450195,-0.05269670486450195,NA,NA,0,0,-0.0278092622756958,0.0278092622756958,-0.041857510805130005,0.041857510805130005,-0.0278092622756958,0.0278092622756958,0.014055371284484863,-0.014055371284484863,0,0,0,0,0,0,0,0,0,0,0,1,0,1,0,0,0,0,0,0,0,0,0,0,0,0,0,0,0,0,0,0,0,0,0,0,0,0,0,0,0,0,0,1,0,0,0,0,0,0,0,NA,NA,NA,NA,NA,NA,NA,NA,NA,NA,NA,NA,NA,NA,NA,NA,NA,NA,NA,NA,NA,NA,NA,NA,NA,NA,NA,NA,NA,00-0036313,B.Mann,NA,NA,NA,NA,NA,NA,NA,NA,NA,NA,NA,NA,NA,NA,NA,NA,NA,NA,NA,NA,NA,NA,NA,NA,NA,NA,NA,NA,NA,NA,NA,NA,NA,NA,NA,NA,NA,NA,0,NA,NA,NA,NA,NA,NA,NA,NA,NA,NA,NA,NA,NA,NA,NA,NA,NA,NA,NA,NA,NA,NA,NA,NA,NA,NA,NA,NA,NA,NA,CHI,0,NA,NA,NA,NA,0,NA,NA,0,0,0,0,NA,NA,2025,NA,NA,23,0,Punt,1829,"11/28/25, 15:02:44",2025-11-28T21:14:39.260Z,Lincoln Financial Field,"Sunny Temp: 42° F, Humidity: 35%, Wind: W 18 mph",f85755f8-311e-11f0-b670-ae1250fadad1,0,0,PUNT,1,NA,2025-11-28T21:14:45.200Z,NA,8,Punt,2025-11-28T21:08:33.053Z,3,1:11,0,0,0,2,2,-10,PUNT,PUNT,02:47,01:36,PHI 35,PHI 37,1676,1829,24,15,Home,-9,39,7,43.5,0,outdoors,,NA,NA,Nick Sirianni,Ben Johnson,PHI00,Lincoln Financial Field,0,0,NA,NA,NA,NA,NA,NA,0,0,0,1,0,NA,NA,NA,NA,NA,NA,NA,NA,NA,NA,0,0,-0.2064914284273982,NA,NA,NA,NA,NA,NA,NA,2025,Punt,-0.16991363596140507,0.3547740167705342,0.33901395395332673,0.5353487283506881,0.4086684416670117,0,0.3302345275878906,0.5369470864534378,0.3302345275878906,0.41036757802662577,Nick Sirianni,Ben Johnson,1:43,0,0,Punt,Punt,41,35,34,54,41,33,54,33
1848,2025_13_CHI_PHI,2025112800,PHI,CHI,REG,13,CHI,away,PHI,CHI,81,2025-11-28,96,96,1896,Half1,0,9,0,2,1,0,01:36,CHI 19,10,21,(1:36) (Shotgun) 4-D.Swift left guard to CHI 23 for 4 yards (21-S.Brown; 17-N.Dean).,run,4,1,0,0,0,0,0,NA,NA,NA,NA,left,guard,NA,NA,NA,NA,3,3,0,NA,NA,NA,NA,3,3,3,10,10,3,7,10,3,7,0.529512345790863,0.1040063127875328,0.0017546379240229726,0.07253161817789078,0.16312643885612488,0.0010856968583539128,0.127982959151268,0,0,0.5641818828880787,-0.05846659140661359,-8.221903731217559,8.221903731217559,-6.494927861785982,6.494927861785982,-0.8991116178687104,0.8991116178687104,NA,NA,0,0,0.08138981385855004,-0.08138981385855004,-3.6252741618081927,3.6252741618081927,-2.6139461604179814,2.6139461604179814,0.014991015032920885,-0.014991015032920885,0.7029749155044556,0.29702508449554443,0.29702508449554443,0.7029749155044556,-7.783770561218262e-4,0.00965970754623413,-0.00965970754623413,0.29780346155166626,0.7021965384483337,0.5839213132858276,0.41607868671417236,-0.2716009746647503,0.2716009746647503,0.05269670486450195,-0.05269670486450195,NA,NA,0,0,-0.0278092622756958,0.0278092622756958,-0.041857510805130005,0.041857510805130005,-0.0278092622756958,0.0278092622756958,0.014055371284484863,-0.014055371284484863,0,0,0,0,0,0,0,0,0,0,0,0,0,0,0,0,0,0,0,0,0,0,0,0,0,0,0,0,0,0,0,0,1,0,0,0,0,0,0,0,0,0,0,0,0,0,1,0,0,0,0,NA,NA,NA,NA,NA,NA,00-0036275,D.Swift,4,NA,NA,NA,NA,NA,NA,NA,NA,NA,NA,NA,NA,NA,NA,NA,NA,NA,NA,NA,NA,NA,NA,NA,NA,NA,NA,NA,NA,NA,NA,NA,NA,NA,NA,NA,NA,NA,NA,NA,NA,NA,NA,NA,NA,NA,NA,NA,NA,00-0039002,S.Brown,PHI,00-0037615,N.Dean,PHI,NA,NA,NA,NA,NA,NA,0,NA,NA,NA,NA,NA,NA,NA,NA,NA,NA,NA,NA,NA,NA,NA,NA,NA,NA,NA,NA,NA,NA,NA,NA,NA,NA,NA,NA,NA,NA,NA,0,NA,NA,NA,NA,0,NA,NA,0,0,0,0,NA,NA,2025,NA,NA,24,1,First down,1848,"11/28/25, 15:02:44",2025-11-28T21:15:50.653Z,Lincoln Financial Field,"Sunny Temp: 42° F, Humidity: 35%, Wind: W 18 mph",f85755f8-311e-11f0-b670-ae1250fadad1,0,0,RUSH,0,NA,2025-11-28T21:15:55.027Z,NA,9,End of half,2025-11-28T21:15:50.653Z,6,1:36,2,0,0,2,2,-10,PUNT,END_HALF,01:36,00:00,CHI 19,CHI 33,1848,2029,24,15,Home,-9,39,7,43.5,0,outdoors,,NA,NA,Nick Sirianni,Ben Johnson,PHI00,Lincoln Financial Field,0,0,NA,NA,D.Swift,4,NA,NA,0,1,0,0,1,NA,00-0036275,NA,D.Swift,4,00-0036275,D.Swift,00-0036275,D.Swift,00-0036275,0,0,-0.05846659140661359,NA,NA,NA,NA,NA,0.7186365127563477,-71.86365127563477,2025,Go for it,NA,NA,NA,NA,NA,NA,NA,NA,NA,NA,Nick Sirianni,Ben Johnson,1:36,NA,NA,Go for it,Toss Up,NA,NA,NA,NA,NA,NA,NA,NA
1870,2025_13_CHI_PHI,2025112800,PHI,CHI,REG,13,CHI,away,PHI,CHI,77,2025-11-28,64,64,1864,Half1,0,9,0,2,2,0,01:04,CHI 23,6,21,(1:04) 4-D.Swift right guard to CHI 30 for 7 yards (53-Z.Baun).,run,7,0,0,0,0,0,0,NA,NA,NA,NA,right,guard,NA,NA,NA,NA,3,3,0,NA,NA,NA,NA,3,3,3,10,10,3,7,10,3,7,0.6407222747802734,0.0742596909403801,0.001320276060141623,0.047770753502845764,0.14568905532360077,6.405463209375739e-4,0.0895974189043045,0,0,0.5057152914814651,-0.03104634810006246,-8.190857383117496,8.190857383117496,-6.463881513685919,6.463881513685919,-0.8991116178687104,0.8991116178687104,NA,NA,0,0,0.08138981385855004,-0.08138981385855004,-3.6252741618081927,3.6252741618081927,-2.6139461604179814,2.6139461604179814,0.014991015032920885,-0.014991015032920885,0.7021965384483337,0.29780346155166626,0.29780346155166626,0.7021965384483337,0.01390385627746582,0.011951804161071777,-0.011951804161071777,0.28389960527420044,0.7161003947257996,0.5935810208320618,0.40641897916793823,-0.2855048309422161,0.2855048309422161,0.05269670486450195,-0.05269670486450195,NA,NA,0,0,-0.0278092622756958,0.0278092622756958,-0.041857510805130005,0.041857510805130005,-0.0278092622756958,0.0278092622756958,0.014055371284484863,-0.014055371284484863,0,1,0,0,0,0,0,0,0,0,0,0,0,0,0,0,0,0,0,0,0,0,0,0,1,0,0,0,0,0,0,0,1,0,0,0,0,0,0,0,0,0,0,0,0,0,0,0,0,0,0,NA,NA,NA,NA,NA,NA,00-0036275,D.Swift,7,NA,NA,NA,NA,NA,NA,NA,NA,NA,NA,NA,NA,NA,NA,NA,NA,NA,NA,NA,NA,NA,NA,NA,NA,NA,NA,NA,NA,NA,NA,NA,NA,NA,NA,NA,NA,NA,NA,NA,NA,NA,NA,PHI,NA,00-0036418,NA,Z.Baun,NA,NA,NA,NA,NA,NA,NA,NA,NA,NA,NA,NA,NA,0,NA,NA,NA,NA,NA,NA,NA,NA,NA,NA,NA,NA,NA,NA,NA,NA,NA,NA,NA,NA,NA,NA,NA,NA,NA,NA,NA,NA,NA,NA,NA,0,NA,NA,NA,NA,0,NA,NA,0,0,0,0,NA,NA,2025,NA,NA,24,1,First down,1870,"11/28/25, 15:02:44",2025-11-28T21:16:22.127Z,Lincoln Financial Field,"Sunny Temp: 42° F, Humidity: 35%, Wind: W 18 mph",f85755f8-311e-11f0-b670-ae1250fadad1,0,0,RUSH,0,NA,2025-11-28T21:16:27.800Z,NA,9,End of half,2025-11-28T21:15:50.653Z,6,1:36,2,0,0,2,2,-10,PUNT,END_HALF,01:36,00:00,CHI 19,CHI 33,1848,2029,24,15,Home,-9,39,7,43.5,0,outdoors,,NA,NA,Nick Sirianni,Ben Johnson,PHI00,Lincoln Financial Field,0,0,NA,NA,D.Swift,4,NA,NA,0,1,1,0,1,NA,00-0036275,NA,D.Swift,4,00-0036275,D.Swift,00-0036275,D.Swift,00-0036275,0,0,-0.03104634810006246,NA,NA,NA,NA,NA,0.7984904646873474,-79.84904646873474,2025,Go for it,NA,NA,NA,NA,NA,NA,NA,NA,NA,NA,Nick Sirianni,Ben Johnson,1:04,NA,NA,Go for it,Toss Up,NA,NA,NA,NA,NA,NA,NA,NA
1892,2025_13_CHI_PHI,2025112800,PHI,CHI,REG,13,CHI,away,PHI,CHI,70,2025-11-28,39,39,1839,Half1,0,9,0,2,1,0,00:39,CHI 30,10,21,"(:39) (No Huddle, Shotgun) 18-C.Williams pass incomplete short middle to 4-D.Swift (98-J.Carter, 17-N.Dean).",pass,0,1,1,1,0,0,0,short,middle,3,NA,NA,NA,NA,NA,NA,NA,3,3,0,NA,NA,NA,NA,3,3,3,10,10,3,7,10,3,7,0.72503262758255,0.04314280301332474,7.313211099244654e-4,0.025666888803243637,0.16269731521606445,3.9339307113550603e-4,0.042335640639066696,0,0,0.47466894338140264,-0.09752944443607703,-8.09332793868142,8.09332793868142,-6.463881513685919,6.463881513685919,-0.8015821734326334,0.8015821734326334,0.008705424959771335,-0.10623486939584836,0,0,0.08138981385855004,-0.08138981385855004,-3.6252741618081927,3.6252741618081927,-2.622651585377753,2.622651585377753,0.12122588442876925,-0.12122588442876925,0.7161003947257996,0.28389960527420044,0.28389960527420044,0.7161003947257996,-0.017405807971954346,-0.021729588508605957,0.021729588508605957,0.3013054132461548,0.6986945867538452,0.6055328249931335,0.39446717500686646,-0.2855048309422161,0.2855048309422161,0.0701025128364563,-0.0701025128364563,0,-0.017405807971954346,0,0,-0.0278092622756958,0.0278092622756958,-0.041857510805130005,0.041857510805130005,-0.0278092622756958,0.0278092622756958,0.03146117925643921,-0.03146117925643921,0,0,0,0,0,0,0,0,1,0,0,0,0,0,0,0,0,0,0,0,0,0,0,0,0,0,0,0,0,0,0,0,0,1,0,0,0,0,0,0,0,0,0,0,0,0,0,0,0,0,0,00-0039918,C.Williams,NA,00-0036275,D.Swift,NA,NA,NA,NA,NA,NA,NA,NA,NA,NA,NA,NA,NA,NA,NA,NA,NA,NA,NA,NA,NA,NA,NA,NA,NA,NA,NA,NA,NA,NA,NA,NA,NA,NA,NA,NA,NA,NA,NA,NA,NA,NA,NA,NA,NA,NA,NA,NA,NA,NA,NA,NA,NA,NA,NA,NA,NA,NA,NA,NA,NA,NA,NA,NA,0,NA,NA,NA,NA,NA,NA,00-0038386,J.Carter,00-0037615,N.Dean,NA,NA,NA,NA,NA,NA,NA,NA,NA,NA,NA,NA,NA,NA,NA,NA,NA,NA,NA,NA,NA,0,NA,NA,NA,NA,0,NA,NA,0,0,0,0,NA,NA,2025,0.809853732585907,-80.9853732585907,25,1,First down,1892,"11/28/25, 15:02:44",2025-11-28T21:16:47.707Z,Lincoln Financial Field,"Sunny Temp: 42° F, Humidity: 35%, Wind: W 18 mph",f85755f8-311e-11f0-b670-ae1250fadad1,0,0,PASS,0,NA,2025-11-28T21:16:53.207Z,NA,9,End of half,2025-11-28T21:15:50.653Z,6,1:36,2,0,0,2,2,-10,PUNT,END_HALF,01:36,00:00,CHI 19,CHI 33,1848,2029,24,15,Home,-9,39,7,43.5,0,outdoors,,NA,NA,Nick Sirianni,Ben Johnson,PHI00,Lincoln Financial Field,0,0,C.Williams,18,NA,NA,D.Swift,4,1,0,0,0,1,00-0039918,NA,00-0036275,C.Williams,18,00-0039918,D.Swift,00-0036275,D.Swift,00-0036275,0,0,-0.09752944443607703,0.3011979126016183,5.12328545343189,4,0.9897279929427896,0.2500460039882455,0.8075922131538391,19.24077868461609,2025,Go for it,NA,NA,NA,NA,NA,NA,NA,NA,NA,NA,Nick Sirianni,Ben Johnson,0:39,NA,NA,Go for it,Toss Up,NA,NA,NA,NA,NA,NA,NA,NA
1915,2025_13_CHI_PHI,2025112800,PHI,CHI,REG,13,CHI,away,PHI,CHI,70,2025-11-28,33,33,1833,Half1,0,9,0,2,2,0,00:33,CHI 30,10,21,(:33) (Shotgun) 18-C.Williams pass short left to 4-D.Swift to CHI 43 for 13 yards (98-J.Carter).,pass,13,1,0,1,0,0,0,short,left,-5,18,NA,NA,NA,NA,NA,NA,3,3,0,NA,NA,NA,NA,3,3,3,10,10,3,7,10,3,7,0.794708788394928,0.04003297910094261,7.322742603719234e-4,0.013165045529603958,0.11672110110521317,3.5678804852068424e-4,0.03428306058049202,0,0,0.3771394989453256,0.4633846132783219,-8.556712551959741,8.556712551959741,-6.463881513685919,6.463881513685919,-1.2649667867109553,1.2649667867109553,-0.3189376285299659,0.7823222418082878,-0.3189376285299659,0.7823222418082878,0.4003274423885159,-0.4003274423885159,-4.4075964036164805,4.4075964036164805,-2.303713956847787,2.303713956847787,-0.6610963573795186,0.6610963573795186,0.6986945867538452,0.3013054132461548,0.3013054132461548,0.6986945867538452,0.049141883850097656,0.054101765155792236,-0.054101765155792236,0.25216352939605713,0.7478364706039429,0.5838032364845276,0.4161967635154724,-0.2855048309422161,0.2855048309422161,0.020960628986358643,-0.020960628986358643,0,0.049141883850097656,0,0.049141883850097656,-0.0278092622756958,0.0278092622756958,-0.09099939465522766,0.09099939465522766,-0.0278092622756958,0.0278092622756958,-0.017680704593658447,0.017680704593658447,0,0,1,0,0,0,0,0,0,0,0,0,0,0,0,0,0,0,0,0,0,0,0,0,1,0,0,0,0,0,0,0,0,1,0,0,0,0,0,0,0,0,0,0,0,1,0,0,0,0,0,00-0039918,C.Williams,13,00-0036275,D.Swift,13,NA,NA,NA,NA,NA,NA,NA,NA,NA,NA,NA,NA,NA,NA,NA,NA,NA,NA,NA,NA,NA,NA,NA,NA,NA,NA,NA,NA,NA,NA,NA,NA,NA,NA,NA,NA,NA,NA,NA,NA,NA,NA,NA,NA,NA,PHI,NA,00-0038386,NA,J.Carter,NA,NA,NA,NA,NA,NA,NA,NA,NA,NA,NA,NA,NA,0,NA,NA,NA,NA,NA,NA,NA,NA,NA,NA,NA,NA,NA,NA,NA,NA,NA,NA,NA,NA,NA,NA,NA,NA,NA,NA,NA,NA,NA,NA,NA,0,NA,NA,NA,NA,0,NA,NA,0,0,0,0,NA,NA,2025,0.8738114237785339,12.618857622146606,25,1,First down,1915,"11/28/25, 15:02:44",2025-11-28T21:17:25.377Z,Lincoln Financial Field,"Sunny Temp: 42° F, Humidity: 35%, Wind: W 18 mph",f85755f8-311e-11f0-b670-ae1250fadad1,0,0,PASS,0,NA,2025-11-28T21:17:32.717Z,NA,9,End of half,2025-11-28T21:15:50.653Z,6,1:36,2,0,0,2,2,-10,PUNT,END_HALF,01:36,00:00,CHI 19,CHI 33,1848,2029,24,15,Home,-9,39,7,43.5,0,outdoors,,NA,NA,Nick Sirianni,Ben Johnson,PHI00,Lincoln Financial Field,0,1,C.Williams,18,NA,NA,D.Swift,4,1,0,1,0,1,00-0039918,NA,00-0036275,C.Williams,18,00-0039918,D.Swift,00-0036275,D.Swift,00-0036275,0,0,0.4633846132783219,0.4095006776528991,10.538518696543179,9,0.34870590415084735,0.20420170348370448,0.7953416109085083,20.46583890914917,2025,Go for it,NA,NA,NA,NA,NA,NA,NA,NA,NA,NA,Nick Sirianni,Ben Johnson,0:33,NA,NA,Go for it,Toss Up,NA,NA,NA,NA,NA,NA,NA,NA
1952,2025_13_CHI_PHI,2025112800,PHI,CHI,REG,13,NA,NA,NA,NA,NA,2025-11-28,23,23,1823,Half1,0,9,0,2,NA,0,00:23,CHI 43,0,21,Timeout #1 by CHI at 00:23.,no_play,0,0,0,0,0,0,0,NA,NA,NA,NA,NA,NA,NA,NA,NA,NA,3,2,1,CHI,NA,NA,NA,NA,NA,3,10,NA,NA,NA,NA,NA,NA,0,0,0,0,0,0,0,0,0,0.8405241122236475,-0,-8.556712551959741,8.556712551959741,-6.463881513685919,6.463881513685919,-1.2649667867109553,1.2649667867109553,NA,NA,0,0,0.4003274423885159,-0.4003274423885159,-4.4075964036164805,4.4075964036164805,-2.303713956847787,2.303713956847787,-0.6610963573795186,0.6610963573795186,0.7478364706039429,0.25216352939605713,0.25216352939605713,0.7478364706039429,-0,-0,0,NA,NA,0.6379050016403198,0.3620949983596802,-0.2855048309422161,0.2855048309422161,0.020960628986358643,-0.020960628986358643,NA,NA,0,0,-0.0278092622756958,0.0278092622756958,-0.09099939465522766,0.09099939465522766,-0.0278092622756958,0.0278092622756958,-0.017680704593658447,0.017680704593658447,0,0,0,0,0,0,0,0,0,0,0,0,0,0,0,0,0,0,0,0,0,0,0,0,0,0,0,0,0,0,0,0,0,0,0,0,0,0,0,0,0,0,0,0,0,0,0,0,0,0,0,NA,NA,NA,NA,NA,NA,NA,NA,NA,NA,NA,NA,NA,NA,NA,NA,NA,NA,NA,NA,NA,NA,NA,NA,NA,NA,NA,NA,NA,NA,NA,NA,NA,NA,NA,NA,NA,NA,NA,NA,NA,NA,NA,NA,NA,NA,NA,NA,NA,NA,NA,NA,NA,NA,NA,NA,NA,NA,NA,NA,NA,NA,NA,NA,NA,NA,NA,NA,NA,0,NA,NA,NA,NA,NA,NA,NA,NA,NA,NA,NA,NA,NA,NA,NA,NA,NA,NA,NA,NA,NA,NA,NA,NA,NA,NA,NA,NA,NA,NA,NA,0,NA,NA,NA,NA,0,NA,NA,0,0,0,0,NA,NA,2025,NA,NA,26,0,End of half,1927,"11/28/25, 15:02:44",2025-11-28T21:17:46Z,Lincoln Financial Field,"Sunny Temp: 42° F, Humidity: 35%, Wind: W 18 mph",f85755f8-311e-11f0-b670-ae1250fadad1,0,0,TIMEOUT,0,NA,NA,NA,9,End of half,2025-11-28T21:15:50.653Z,6,1:36,2,0,0,2,2,-10,PUNT,END_HALF,01:36,00:00,CHI 19,CHI 33,1848,2029,24,15,Home,-9,39,7,43.5,0,outdoors,,NA,NA,Nick Sirianni,Ben Johnson,PHI00,Lincoln Financial Field,0,0,NA,NA,NA,NA,NA,NA,0,0,0,0,0,NA,NA,NA,NA,NA,NA,NA,NA,NA,NA,0,0,-0,NA,NA,NA,NA,NA,NA,NA,2025,Other,NA,NA,NA,NA,NA,NA,NA,NA,NA,NA,Nick Sirianni,Ben Johnson,0:23,NA,NA,Other,Toss Up,NA,NA,NA,NA,NA,NA,NA,NA
1940,2025_13_CHI_PHI,2025112800,PHI,CHI,REG,13,CHI,away,PHI,CHI,57,2025-11-28,23,23,1823,Half1,0,9,0,2,1,0,00:23,CHI 43,10,21,(:23) (Shotgun) 18-C.Williams pass incomplete deep left to 2-D.Moore.,pass,0,1,0,1,0,0,0,deep,left,24,NA,NA,NA,NA,NA,NA,NA,3,2,0,NA,NA,NA,NA,2,3,3,10,10,3,7,10,3,7,0.7073337435722351,0.013500073924660683,3.645186370704323e-4,0.01192829106003046,0.22525693476200104,3.6692628054879606e-4,0.041249535977840424,0,0,0.8405241122236475,-0.18573549488792196,-8.37097705707182,8.37097705707182,-6.463881513685919,6.463881513685919,-1.0792312918230333,1.0792312918230333,1.4480038863257505,-1.6337393812136725,0,0,0.4003274423885159,-0.4003274423885159,-4.4075964036164805,4.4075964036164805,-3.7517178431735374,3.7517178431735374,0.9726430238341539,-0.9726430238341539,0.7478364706039429,0.25216352939605713,0.25216352939605713,0.7478364706039429,-0.016189217567443848,-0.024184882640838623,0.024184882640838623,0.268352746963501,0.731647253036499,0.6379050016403198,0.3620949983596802,-0.2855048309422161,0.2855048309422161,0.03714984655380249,-0.03714984655380249,0,-0.016189217567443848,0,0,-0.0278092622756958,0.0278092622756958,-0.09099939465522766,0.09099939465522766,-0.0278092622756958,0.0278092622756958,-0.0014914870262145996,0.0014914870262145996,0,0,0,0,0,0,0,0,1,0,0,0,0,0,0,0,0,0,0,0,0,0,0,0,0,0,0,0,0,0,0,0,0,1,0,0,0,0,0,0,0,0,0,0,0,0,0,0,0,0,0,00-0039918,C.Williams,NA,00-0034827,D.Moore,NA,NA,NA,NA,NA,NA,NA,NA,NA,NA,NA,NA,NA,NA,NA,NA,NA,NA,NA,NA,NA,NA,NA,NA,NA,NA,NA,NA,NA,NA,NA,NA,NA,NA,NA,NA,NA,NA,NA,NA,NA,NA,NA,NA,NA,NA,NA,NA,NA,NA,NA,NA,NA,NA,NA,NA,NA,NA,NA,NA,NA,NA,NA,NA,0,NA,NA,NA,NA,NA,NA,NA,NA,NA,NA,NA,NA,NA,NA,NA,NA,NA,NA,NA,NA,NA,NA,NA,NA,NA,NA,NA,NA,NA,NA,NA,0,NA,NA,NA,NA,0,NA,NA,0,0,0,0,NA,NA,2025,0.4272201657295227,-42.72201657295227,26,0,End of half,1940,"11/28/25, 15:02:44",2025-11-28T21:18:31.113Z,Lincoln Financial Field,"Sunny Temp: 42° F, Humidity: 35%, Wind: W 18 mph",f85755f8-311e-11f0-b670-ae1250fadad1,0,0,PASS,0,NA,2025-11-28T21:18:35.550Z,NA,9,End of half,2025-11-28T21:15:50.653Z,6,1:36,2,0,0,2,2,-10,PUNT,END_HALF,01:36,00:00,CHI 19,CHI 33,1848,2029,24,15,Home,-9,39,7,43.5,0,outdoors,,NA,NA,Nick Sirianni,Ben Johnson,PHI00,Lincoln Financial Field,0,0,C.Williams,18,NA,NA,D.Moore,2,1,0,0,0,1,00-0039918,NA,00-0034827,C.Williams,18,00-0039918,D.Moore,00-0034827,D.Moore,00-0034827,0,0,-0.18573549488792196,0.6128128468497924,6.856863768334733,3,1,1,0.9416000247001648,5.8399975299835205,2025,Go for it,NA,NA,NA,NA,NA,NA,NA,NA,NA,NA,Nick Sirianni,Ben Johnson,0:23,NA,NA,Go for it,Toss Up,NA,NA,NA,NA,NA,NA,NA,NA
1970,2025_13_CHI_PHI,2025112800,PHI,CHI,REG,13,CHI,away,PHI,CHI,57,2025-11-28,18,18,1818,Half1,0,9,0,2,2,0,00:18,CHI 43,10,21,"(:18) (Shotgun) 18-C.Williams pass incomplete short right to 84-C.Loveland (53-Z.Baun). PENALTY on CHI-58-D.Wright, Offensive Holding, 10 yards, enforced at CHI 43 - No Play.",no_play,0,1,0,0,0,0,0,NA,NA,NA,NA,NA,NA,NA,NA,NA,NA,3,2,0,NA,NA,NA,NA,2,3,3,10,10,3,7,10,3,7,0.7636796832084656,0.012978621758520603,3.7454577977769077e-4,0.009149545803666115,0.18407858908176422,3.7776969838887453e-4,0.02936129830777645,0,0,0.6547886173357256,-0.5674241968663409,-7.803552860205478,7.803552860205478,-6.463881513685919,6.463881513685919,-1.0792312918230333,1.0792312918230333,NA,NA,0,0,0.4003274423885159,-0.4003274423885159,-4.4075964036164805,4.4075964036164805,-3.7517178431735374,3.7517178431735374,0.9726430238341539,-0.9726430238341539,0.731647253036499,0.268352746963501,0.268352746963501,0.731647253036499,-0.023067474365234375,-0.01316845417022705,0.01316845417022705,0.29142022132873535,0.7085797786712646,0.6137201189994812,0.3862798810005188,-0.2855048309422161,0.2855048309422161,0.03714984655380249,-0.03714984655380249,NA,NA,0,0,-0.0278092622756958,0.0278092622756958,-0.09099939465522766,0.09099939465522766,-0.0278092622756958,0.0278092622756958,-0.0014914870262145996,0.0014914870262145996,0,0,0,0,0,0,0,0,0,0,0,0,0,0,0,0,0,0,0,0,0,0,0,0,0,0,1,0,0,0,0,0,0,0,0,0,0,0,0,0,0,0,0,0,0,0,0,0,0,0,0,NA,NA,NA,NA,NA,NA,NA,NA,NA,NA,NA,NA,NA,NA,NA,NA,NA,NA,NA,NA,NA,NA,NA,NA,NA,NA,NA,NA,NA,NA,NA,NA,NA,NA,NA,NA,NA,NA,NA,NA,NA,NA,NA,NA,NA,NA,NA,NA,NA,NA,NA,NA,NA,NA,NA,NA,NA,NA,NA,NA,NA,NA,NA,NA,NA,NA,NA,NA,NA,0,NA,NA,NA,NA,NA,NA,NA,NA,NA,NA,NA,NA,NA,NA,NA,NA,NA,NA,NA,NA,NA,NA,NA,NA,NA,NA,NA,NA,NA,NA,NA,0,CHI,00-0038932,D.Wright,10,0,NA,Offensive Holding,0,0,0,0,NA,NA,2025,NA,NA,26,0,End of half,1970,"11/28/25, 15:02:44",2025-11-28T21:19:07.817Z,Lincoln Financial Field,"Sunny Temp: 42° F, Humidity: 35%, Wind: W 18 mph",f85755f8-311e-11f0-b670-ae1250fadad1,0,0,PENALTY,0,NA,2025-11-28T21:19:14.860Z,NA,9,End of half,2025-11-28T21:15:50.653Z,6,1:36,2,0,0,2,2,-10,PUNT,END_HALF,01:36,00:00,CHI 19,CHI 33,1848,2029,24,15,Home,-9,39,7,43.5,0,outdoors,,NA,NA,Nick Sirianni,Ben Johnson,PHI00,Lincoln Financial Field,0,0,C.Williams,18,NA,NA,C.Loveland,84,1,0,0,0,1,00-0039918,NA,00-0040126,C.Williams,18,00-0039918,NA,NA,C.Loveland,00-0040126,0,0,-0.5674241968663409,NA,NA,NA,NA,NA,0.9427107572555542,5.72892427444458,2025,Other,NA,NA,NA,NA,NA,NA,NA,NA,NA,NA,Nick Sirianni,Ben Johnson,0:18,NA,NA,Other (Penalty),Toss Up,NA,NA,NA,NA,NA,NA,NA,NA
2004,2025_13_CHI_PHI,2025112800,PHI,CHI,REG,13,CHI,away,PHI,CHI,67,2025-11-28,11,11,1811,Half1,0,9,0,2,2,0,00:11,CHI 33,20,21,(:11) (Shotgun) 18-C.Williams pass short right to 10-L.Burden to CHI 40 for 7 yards (17-N.Dean; 33-C.DeJean).,pass,7,1,0,1,0,0,0,short,right,0,7,NA,NA,NA,NA,NA,NA,3,2,0,NA,NA,NA,NA,2,3,3,10,10,3,7,10,3,7,0.937025785446167,0.0060471901670098305,7.458646432496607e-4,0.010893069207668304,0.03305310755968094,3.1098505132831633e-4,0.011923987418413162,0,0,0.08736442046938464,-0.08736442046938464,-7.716188439736094,7.716188439736094,-6.463881513685919,6.463881513685919,-0.9918668713536487,0.9918668713536487,-0.056993923150002956,-0.030370497319381684,-0.056993923150002956,-0.030370497319381684,0.4573213655385189,-0.4573213655385189,-4.377225906297099,4.377225906297099,-3.6947239200235344,3.6947239200235344,1.0030135211535356,-1.0030135211535356,0.7085797786712646,0.29142022132873535,0.29142022132873535,0.7085797786712646,-0.0016064047813415527,-0.037610262632369995,0.037610262632369995,0.2930266261100769,0.7069733738899231,0.6005516648292542,0.39944833517074585,-0.2855048309422161,0.2855048309422161,0.03875625133514404,-0.03875625133514404,0,-0.0016064047813415527,0,-0.0016064047813415527,-0.0278092622756958,0.0278092622756958,-0.08939298987388611,0.08939298987388611,-0.0278092622756958,0.0278092622756958,0.00011491775512695312,-0.00011491775512695312,0,0,0,0,0,0,0,0,0,0,0,0,0,0,0,0,0,0,0,0,0,0,0,0,0,0,0,0,0,0,0,0,0,1,0,0,0,0,0,0,0,0,0,0,0,1,1,0,0,0,0,00-0039918,C.Williams,7,00-0040735,L.Burden,7,NA,NA,NA,NA,NA,NA,NA,NA,NA,NA,NA,NA,NA,NA,NA,NA,NA,NA,NA,NA,NA,NA,NA,NA,NA,NA,NA,NA,NA,NA,NA,NA,NA,NA,NA,NA,NA,NA,NA,NA,NA,NA,NA,NA,NA,NA,NA,NA,NA,NA,NA,00-0037615,N.Dean,PHI,00-0039841,C.DeJean,PHI,NA,NA,NA,NA,NA,NA,0,NA,NA,NA,NA,NA,NA,NA,NA,NA,NA,NA,NA,NA,NA,NA,NA,NA,NA,NA,NA,NA,NA,NA,NA,NA,NA,NA,NA,NA,NA,NA,0,NA,NA,NA,NA,0,NA,NA,0,0,0,0,NA,NA,2025,0.7623178362846375,23.768216371536255,26,0,End of half,2004,"11/28/25, 15:02:44",2025-11-28T21:20:00.397Z,Lincoln Financial Field,"Sunny Temp: 42° F, Humidity: 35%, Wind: W 18 mph",f85755f8-311e-11f0-b670-ae1250fadad1,0,0,PASS,0,NA,2025-11-28T21:20:06.770Z,NA,9,End of half,2025-11-28T21:15:50.653Z,6,1:36,2,0,0,2,2,-10,PUNT,END_HALF,01:36,00:00,CHI 19,CHI 33,1848,2029,24,15,Home,-9,39,7,43.5,0,outdoors,,NA,NA,Nick Sirianni,Ben Johnson,PHI00,Lincoln Financial Field,0,0,C.Williams,18,NA,NA,L.Burden,10,1,0,0,0,1,00-0039918,NA,00-0040735,C.Williams,18,00-0039918,L.Burden,00-0040735,L.Burden,00-0040735,0,0,-0.08736442046938464,0.16197744625825936,7.455191104330879,6,0.551453314779792,0.04558870760956779,0.6478904485702515,35.21095514297485,2025,Go for it,NA,NA,NA,NA,NA,NA,NA,NA,NA,NA,Nick Sirianni,Ben Johnson,0:11,NA,NA,Go for it,Toss Up,NA,NA,NA,NA,NA,NA,NA,NA
2029,2025_13_CHI_PHI,2025112800,PHI,CHI,REG,13,NA,NA,NA,NA,NA,2025-11-28,0,0,1800,Half1,1,9,0,2,NA,0,00:00,CHI 35,0,21,END QUARTER 2,NA,NA,0,0,NA,0,0,0,NA,NA,NA,NA,NA,NA,NA,NA,NA,NA,3,2,NA,NA,NA,NA,NA,NA,NA,3,10,NA,NA,NA,NA,NA,NA,0,0,0,0,0,0,0,0,0,NA,NA,-7.716188439736094,7.716188439736094,-6.463881513685919,6.463881513685919,-0.9918668713536487,0.9918668713536487,NA,NA,NA,NA,0.4573213655385189,-0.4573213655385189,-4.377225906297099,4.377225906297099,-3.6947239200235344,3.6947239200235344,1.0030135211535356,-1.0030135211535356,0.2930266261100769,0.7069733738899231,0.2930266261100769,0.7069733738899231,0,0,0,NA,NA,0.43705859780311584,0.43705859780311584,-0.2855048309422161,0.2855048309422161,0.03875625133514404,-0.03875625133514404,NA,NA,NA,NA,-0.0278092622756958,0.0278092622756958,-0.08939298987388611,0.08939298987388611,-0.0278092622756958,0.0278092622756958,0.00011491775512695312,-0.00011491775512695312,NA,NA,NA,NA,NA,NA,NA,NA,NA,0,NA,NA,NA,NA,NA,NA,NA,NA,NA,NA,NA,NA,NA,NA,NA,NA,NA,NA,NA,NA,NA,NA,NA,NA,NA,NA,NA,NA,NA,NA,NA,NA,NA,NA,NA,NA,NA,NA,NA,NA,NA,NA,NA,NA,NA,NA,NA,NA,NA,NA,NA,NA,NA,NA,NA,NA,NA,NA,NA,NA,NA,NA,NA,NA,NA,NA,NA,NA,NA,NA,NA,NA,NA,NA,NA,NA,NA,NA,NA,NA,NA,NA,NA,NA,NA,NA,NA,NA,NA,NA,NA,NA,NA,NA,NA,NA,NA,NA,NA,NA,NA,NA,NA,NA,NA,NA,NA,NA,NA,NA,NA,NA,NA,NA,NA,NA,NA,NA,NA,NA,NA,NA,NA,NA,NA,NA,NA,NA,NA,NA,NA,NA,NA,NA,NA,NA,NA,NA,NA,NA,NA,NA,NA,NA,NA,NA,NA,0,NA,NA,NA,NA,NA,NA,NA,NA,2025,NA,NA,26,0,End of half,2029,"11/28/25, 15:02:44",NA,Lincoln Financial Field,"Sunny Temp: 42° F, Humidity: 35%, Wind: W 18 mph",f85755f8-311e-11f0-b670-ae1250fadad1,0,0,END_QUARTER,0,NA,NA,NA,9,End of half,2025-11-28T21:15:50.653Z,6,1:36,2,0,0,2,2,-10,PUNT,END_HALF,01:36,00:00,CHI 19,CHI 33,1848,2029,24,15,Home,-9,39,7,43.5,0,outdoors,,NA,NA,Nick Sirianni,Ben Johnson,PHI00,Lincoln Financial Field,0,NA,NA,NA,NA,NA,NA,NA,0,0,NA,0,0,NA,NA,NA,NA,NA,NA,NA,NA,NA,NA,0,0,NA,NA,NA,NA,NA,NA,NA,NA,2025,Other,NA,NA,NA,NA,NA,NA,NA,NA,NA,NA,Nick Sirianni,Ben Johnson,0:00,NA,NA,NA,Toss Up,NA,NA,NA,NA,NA,NA,NA,NA
2049,2025_13_CHI_PHI,2025112800,PHI,CHI,REG,13,PHI,home,CHI,CHI,35,2025-11-28,900,1800,1800,Half2,0,10,0,3,NA,0,15:00,CHI 35,0,1,8-C.Santos kicks 62 yards from CHI 35 to PHI 3. 28-W.Shipley to PHI 27 for 24 yards (33-J.Jones; 92-D.Hardy).,kickoff,0,0,0,0,0,0,0,NA,NA,NA,NA,NA,NA,NA,62,NA,NA,3,3,0,NA,NA,NA,NA,3,3,3,10,3,10,-7,3,10,-7,0.004660523496568203,0.14403700828552246,0.0020718346349895,0.22605130076408386,0.21260108053684235,0.0038279336877167225,0.406750351190567,0,0,1.4740977678447962,0.1280438555404544,-7.588144584195639,7.588144584195639,-6.463881513685919,6.463881513685919,-0.9918668713536487,0.9918668713536487,NA,NA,0,0,0.4573213655385189,-0.4573213655385189,-4.377225906297099,4.377225906297099,-3.6947239200235344,3.6947239200235344,1.0030135211535356,-1.0030135211535356,0.2930266261100769,0.7069733738899231,0.2930266261100769,0.7069733738899231,0,4.043877124786377e-4,4.043877124786377e-4,0.2930266261100769,0.7069733738899231,0.43705859780311584,0.43705859780311584,-0.2855048309422161,0.2855048309422161,0.03875625133514404,-0.03875625133514404,NA,NA,0,0,-0.0278092622756958,0.0278092622756958,-0.08939298987388611,0.08939298987388611,-0.0278092622756958,0.0278092622756958,0.00011491775512695312,-0.00011491775512695312,0,0,0,0,0,0,0,0,0,0,0,0,0,0,0,0,0,0,0,0,0,0,0,0,0,0,0,0,0,0,0,0,0,0,0,0,0,0,0,0,0,0,1,0,0,0,1,0,0,0,0,NA,NA,NA,NA,NA,NA,NA,NA,NA,NA,NA,NA,NA,NA,NA,NA,NA,NA,NA,NA,NA,NA,NA,NA,NA,W.Shipley,00-0039746,NA,NA,NA,NA,C.Santos,00-0031203,NA,NA,NA,NA,NA,NA,NA,NA,NA,NA,NA,NA,NA,NA,NA,NA,NA,NA,NA,NA,NA,NA,NA,NA,00-0037106,J.Jones,CHI,00-0037843,D.Hardy,CHI,NA,NA,NA,NA,NA,NA,0,NA,NA,NA,NA,NA,NA,NA,NA,NA,NA,NA,NA,NA,NA,NA,NA,NA,NA,NA,NA,NA,NA,NA,NA,NA,NA,NA,NA,NA,NA,PHI,24,NA,NA,NA,NA,0,NA,NA,0,0,0,0,NA,NA,2025,NA,NA,27,0,Punt,2049,"11/28/25, 15:02:44",2025-11-28T21:35:04.217Z,Lincoln Financial Field,"Sunny Temp: 42° F, Humidity: 35%, Wind: W 18 mph",f85755f8-311e-11f0-b670-ae1250fadad1,0,0,KICK_OFF,1,NA,2025-11-28T21:35:12.790Z,NA,10,Punt,2025-11-28T21:35:04.217Z,3,1:11,0,0,0,3,3,0,KICKOFF,PUNT,15:00,13:49,PHI 27,PHI 28,2049,2140,24,15,Home,-9,39,7,43.5,0,outdoors,,NA,NA,Nick Sirianni,Ben Johnson,PHI00,Lincoln Financial Field,0,1,NA,NA,NA,NA,NA,NA,0,0,0,1,0,NA,NA,NA,NA,NA,NA,NA,NA,NA,NA,0,0,0.1280438555404544,NA,NA,NA,NA,NA,NA,NA,2025,Other,NA,NA,NA,NA,NA,NA,NA,NA,NA,NA,Nick Sirianni,Ben Johnson,15:00,NA,NA,Other,Toss Up,NA,NA,NA,NA,NA,NA,NA,NA
2072,2025_13_CHI_PHI,2025112800,PHI,CHI,REG,13,PHI,home,CHI,PHI,73,2025-11-28,893,1793,1793,Half2,0,10,0,3,1,0,14:53,PHI 27,10,1,(14:53) (Shotgun) 1-J.Hurts pass incomplete short right to 26-S.Barkley.,pass,0,1,0,1,0,0,0,short,right,0,NA,NA,NA,NA,NA,NA,NA,3,3,0,NA,NA,NA,NA,3,3,3,10,3,10,-7,3,10,-7,0.00479911221191287,0.14196303486824036,0.001949053956195712,0.2185802310705185,0.2122678905725479,0.0035795860458165407,0.41686108708381653,0,0,1.6021416233852506,-0.5739496690221131,-8.162094253217752,8.162094253217752,-6.463881513685919,6.463881513685919,-1.5658165403757618,1.5658165403757618,-0.5974465822800994,0.023496913257986307,0,0,0.4573213655385189,-0.4573213655385189,-4.377225906297099,4.377225906297099,-4.292170502303634,4.292170502303634,1.026510434411522,-1.026510434411522,0.2930266261100769,0.7069733738899231,0.2930266261100769,0.7069733738899231,-0.015916645526885986,-0.015325337648391724,-0.015325337648391724,0.2771099805831909,0.7228900194168091,0.4374629855155945,0.4374629855155945,-0.2855048309422161,0.2855048309422161,0.022839605808258057,-0.022839605808258057,0,-0.015916645526885986,0,0,-0.0278092622756958,0.0278092622756958,-0.08939298987388611,0.08939298987388611,-0.0278092622756958,0.0278092622756958,-0.015801727771759033,0.015801727771759033,0,0,0,0,0,0,0,0,1,0,0,0,0,0,0,0,0,0,0,0,0,0,0,0,0,0,0,0,0,0,0,0,0,1,0,0,0,0,0,0,0,0,0,0,0,0,0,0,0,0,0,00-0036389,J.Hurts,NA,00-0034844,S.Barkley,NA,NA,NA,NA,NA,NA,NA,NA,NA,NA,NA,NA,NA,NA,NA,NA,NA,NA,NA,NA,NA,NA,NA,NA,NA,NA,NA,NA,NA,NA,NA,NA,NA,NA,NA,NA,NA,NA,NA,NA,NA,NA,NA,NA,NA,NA,NA,NA,NA,NA,NA,NA,NA,NA,NA,NA,NA,NA,NA,NA,NA,NA,NA,NA,0,NA,NA,NA,NA,NA,NA,NA,NA,NA,NA,NA,NA,NA,NA,NA,NA,NA,NA,NA,NA,NA,NA,NA,NA,NA,NA,NA,NA,NA,NA,NA,0,NA,NA,NA,NA,0,NA,NA,0,0,0,0,NA,NA,2025,0.7502263188362122,-75.02263188362122,27,0,Punt,2072,"11/28/25, 15:02:44",2025-11-28T21:35:57.503Z,Lincoln Financial Field,"Sunny Temp: 42° F, Humidity: 35%, Wind: W 18 mph",f85755f8-311e-11f0-b670-ae1250fadad1,0,0,PASS,0,NA,2025-11-28T21:36:00.940Z,NA,10,Punt,2025-11-28T21:35:04.217Z,3,1:11,0,0,0,3,3,0,KICKOFF,PUNT,15:00,13:49,PHI 27,PHI 28,2049,2140,24,15,Home,-9,39,7,43.5,0,outdoors,,NA,NA,Nick Sirianni,Ben Johnson,PHI00,Lincoln Financial Field,0,0,J.Hurts,1,NA,NA,S.Barkley,26,1,0,0,0,1,00-0036389,NA,00-0034844,J.Hurts,1,00-0036389,S.Barkley,00-0034844,S.Barkley,00-0034844,0,0,-0.5739496690221131,0.8272372939864865,7.131862153677503,6,0.610752139473334,0.22785179712809622,0.4430738389492035,55.69261610507965,2025,Go for it,NA,NA,NA,NA,NA,NA,NA,NA,NA,NA,Nick Sirianni,Ben Johnson,14:53,NA,NA,Go for it,Toss Up,NA,NA,NA,NA,NA,NA,NA,NA
2095,2025_13_CHI_PHI,2025112800,PHI,CHI,REG,13,PHI,home,CHI,PHI,73,2025-11-28,890,1790,1790,Half2,0,10,0,3,2,0,14:50,PHI 27,10,1,(14:50) (Shotgun) 26-S.Barkley right tackle to PHI 28 for 1 yard (93-J.Tryon).,run,1,1,0,0,0,0,0,NA,NA,NA,NA,right,tackle,NA,NA,NA,NA,3,3,0,NA,NA,NA,NA,3,3,3,10,3,10,-7,3,10,-7,0.004851204808801413,0.16003578901290894,0.002197677968069911,0.2515285015106201,0.1945503056049347,0.0036224378272891045,0.3832140564918518,0,0,1.0281919543631375,-0.7730713421478868,-8.935165595365639,8.935165595365639,-7.236952855833806,7.236952855833806,-1.5658165403757618,1.5658165403757618,NA,NA,0,0,0.4573213655385189,-0.4573213655385189,-4.377225906297099,4.377225906297099,-4.292170502303634,4.292170502303634,1.026510434411522,-1.026510434411522,0.2771099805831909,0.7228900194168091,0.2771099805831909,0.7228900194168091,-0.01495581865310669,-0.02341333031654358,-0.02341333031654358,0.26215416193008423,0.7378458380699158,0.42213764786720276,0.42213764786720276,-0.3004606495953228,0.3004606495953228,0.022839605808258057,-0.022839605808258057,NA,NA,0,0,-0.0278092622756958,0.0278092622756958,-0.08939298987388611,0.08939298987388611,-0.0278092622756958,0.0278092622756958,-0.015801727771759033,0.015801727771759033,0,0,0,0,0,0,0,0,0,0,0,0,0,0,0,0,0,0,0,0,0,0,0,0,1,0,0,0,0,0,0,0,1,0,0,0,0,0,0,0,0,0,0,0,0,0,0,0,0,0,0,NA,NA,NA,NA,NA,NA,00-0034844,S.Barkley,1,NA,NA,NA,NA,NA,NA,NA,NA,NA,NA,NA,NA,NA,NA,NA,NA,NA,NA,NA,NA,NA,NA,NA,NA,NA,NA,NA,NA,NA,NA,NA,NA,NA,NA,NA,NA,NA,NA,NA,NA,NA,NA,CHI,NA,00-0036967,NA,J.Tryon,NA,NA,NA,NA,NA,NA,NA,NA,NA,NA,NA,NA,NA,0,NA,NA,NA,NA,NA,NA,NA,NA,NA,NA,NA,NA,NA,NA,NA,NA,NA,NA,NA,NA,NA,NA,NA,NA,NA,NA,NA,NA,NA,NA,NA,0,NA,NA,NA,NA,0,NA,NA,0,0,0,0,NA,NA,2025,NA,NA,27,0,Punt,2095,"11/28/25, 15:02:44",2025-11-28T21:36:30.707Z,Lincoln Financial Field,"Sunny Temp: 42° F, Humidity: 35%, Wind: W 18 mph",f85755f8-311e-11f0-b670-ae1250fadad1,0,0,RUSH,0,NA,2025-11-28T21:36:35.080Z,NA,10,Punt,2025-11-28T21:35:04.217Z,3,1:11,0,0,0,3,3,0,KICKOFF,PUNT,15:00,13:49,PHI 27,PHI 28,2049,2140,24,15,Home,-9,39,7,43.5,0,outdoors,,NA,NA,Nick Sirianni,Ben Johnson,PHI00,Lincoln Financial Field,0,0,NA,NA,S.Barkley,26,NA,NA,0,1,0,0,1,NA,00-0034844,NA,S.Barkley,26,00-0034844,S.Barkley,00-0034844,S.Barkley,00-0034844,0,0,-0.7730713421478868,NA,NA,NA,NA,NA,0.5173287987709045,-51.732879877090454,2025,Go for it,NA,NA,NA,NA,NA,NA,NA,NA,NA,NA,Nick Sirianni,Ben Johnson,14:50,NA,NA,Go for it,Toss Up,NA,NA,NA,NA,NA,NA,NA,NA
2117,2025_13_CHI_PHI,2025112800,PHI,CHI,REG,13,PHI,home,CHI,PHI,72,2025-11-28,846,1746,1746,Half2,0,10,0,3,3,0,14:06,PHI 28,9,1,(14:06) (Shotgun) 1-J.Hurts pass incomplete short left to 88-D.Goedert (9-J.Brisker) [35-C.Gardner-Johnson].,pass,0,1,0,1,0,0,0,short,left,4,NA,NA,NA,NA,NA,NA,NA,3,3,0,NA,NA,NA,NA,3,3,3,10,3,10,-7,3,10,-7,0.00531294010579586,0.18320702016353607,0.0022447509691119194,0.2931918501853943,0.18323896825313568,0.0035548347514122725,0.32924965023994446,0,0,0.25512061221525073,-1.4431290072388947,-10.378294602604534,10.378294602604534,-7.236952855833806,7.236952855833806,-3.0089455476146565,3.0089455476146565,-0.9401184101589024,-0.5030105970799923,0,0,0.4573213655385189,-0.4573213655385189,-4.377225906297099,4.377225906297099,-5.232288912462536,5.232288912462536,0.5234998373315296,-0.5234998373315296,0.26215416193008423,0.7378458380699158,0.26215416193008423,0.7378458380699158,-0.027824193239212036,-0.044867128133773804,-0.044867128133773804,0.2343299686908722,0.7656700313091278,0.3987243175506592,0.3987243175506592,-0.3004606495953228,0.3004606495953228,-0.0049845874309539795,0.0049845874309539795,0,-0.027824193239212036,0,0,-0.0278092622756958,0.0278092622756958,-0.08939298987388611,0.08939298987388611,-0.0278092622756958,0.0278092622756958,-0.04362592101097107,0.04362592101097107,0,0,0,0,0,1,0,0,1,0,0,0,0,0,0,0,0,0,0,0,0,0,0,0,0,0,0,0,0,0,0,1,0,1,0,0,0,0,0,0,0,0,0,0,0,0,0,0,0,0,0,00-0036389,J.Hurts,NA,00-0034351,D.Goedert,NA,NA,NA,NA,NA,NA,NA,NA,NA,NA,NA,NA,NA,NA,NA,NA,NA,NA,NA,NA,NA,NA,NA,NA,NA,NA,NA,NA,NA,NA,NA,NA,NA,NA,NA,NA,00-0035253,C.Gardner-Johnson,NA,NA,NA,NA,NA,NA,NA,NA,NA,NA,NA,NA,NA,NA,NA,NA,NA,NA,NA,NA,NA,NA,NA,NA,NA,NA,0,NA,NA,NA,NA,NA,NA,00-0038135,J.Brisker,NA,NA,NA,NA,NA,NA,NA,NA,NA,NA,NA,NA,NA,NA,NA,NA,NA,NA,NA,NA,NA,NA,NA,0,NA,NA,NA,NA,0,NA,NA,0,0,0,0,NA,NA,2025,0.49503418803215027,-49.50341880321503,27,0,Punt,2117,"11/28/25, 15:02:44",2025-11-28T21:37:14.357Z,Lincoln Financial Field,"Sunny Temp: 42° F, Humidity: 35%, Wind: W 18 mph",f85755f8-311e-11f0-b670-ae1250fadad1,0,0,PASS,0,NA,2025-11-28T21:37:18.930Z,NA,10,Punt,2025-11-28T21:35:04.217Z,3,1:11,0,0,0,3,3,0,KICKOFF,PUNT,15:00,13:49,PHI 27,PHI 28,2049,2140,24,15,Home,-9,39,7,43.5,0,outdoors,,NA,NA,Nick Sirianni,Ben Johnson,PHI00,Lincoln Financial Field,0,0,J.Hurts,1,NA,NA,D.Goedert,88,1,0,0,0,1,00-0036389,NA,00-0034351,J.Hurts,1,00-0036389,D.Goedert,00-0034351,D.Goedert,00-0034351,0,0,-1.4431290072388947,1.1812503076849363,4.36599930178636,2,0.312274109426653,0.312274109426653,0.9874181747436523,1.2581825256347656,2025,Go for it,NA,NA,NA,NA,NA,NA,NA,NA,NA,NA,Nick Sirianni,Ben Johnson,14:06,NA,NA,Go for it,Toss Up,NA,NA,NA,NA,NA,NA,NA,NA
2140,2025_13_CHI_PHI,2025112800,PHI,CHI,REG,13,PHI,home,CHI,PHI,72,2025-11-28,840,1740,1740,Half2,0,10,0,3,4,0,14:00,PHI 28,9,1,"(14:00) 10-B.Mann punts 60 yards to CHI 12, Center-57-C.Adomitis. 12-D.Duvernay to CHI 24 for 12 yards (7-K.Ringo).",punt,0,0,0,0,0,0,0,NA,NA,NA,NA,NA,NA,NA,60,NA,NA,3,3,0,NA,NA,NA,NA,3,3,3,10,3,10,-7,3,10,-7,0.005687751341611147,0.23755262792110443,0.003677047323435545,0.3691785931587219,0.13806681334972382,0.003761344589293003,0.24207580089569092,0,0,-1.188008395023644,0.6024097041226923,-9.775884898481841,9.775884898481841,-7.236952855833806,7.236952855833806,-3.0089455476146565,3.0089455476146565,NA,NA,0,0,0.4573213655385189,-0.4573213655385189,-4.377225906297099,4.377225906297099,-5.232288912462536,5.232288912462536,0.5234998373315296,-0.5234998373315296,0.2343299686908722,0.7656700313091278,0.2343299686908722,0.7656700313091278,0.03431251645088196,0.01264384388923645,0.01264384388923645,0.26864248514175415,0.7313575148582458,0.3538571894168854,0.3538571894168854,-0.3004606495953228,0.3004606495953228,-0.0049845874309539795,0.0049845874309539795,NA,NA,0,0,-0.0278092622756958,0.0278092622756958,-0.08939298987388611,0.08939298987388611,-0.0278092622756958,0.0278092622756958,-0.04362592101097107,0.04362592101097107,0,0,0,0,0,0,0,0,0,0,0,0,0,0,0,0,0,0,0,0,0,0,0,0,1,0,0,0,0,0,0,0,0,0,0,0,0,0,0,0,0,0,0,1,0,0,0,0,0,0,0,NA,NA,NA,NA,NA,NA,NA,NA,NA,NA,NA,NA,NA,NA,NA,NA,NA,NA,NA,NA,NA,00-0036331,D.Duvernay,NA,NA,NA,NA,NA,NA,00-0036313,B.Mann,NA,NA,NA,NA,NA,NA,NA,NA,NA,NA,NA,NA,NA,NA,NA,NA,NA,NA,NA,NA,PHI,NA,00-0039140,NA,K.Ringo,NA,NA,NA,NA,NA,NA,NA,NA,NA,NA,NA,NA,NA,0,NA,NA,NA,NA,NA,NA,NA,NA,NA,NA,NA,NA,NA,NA,NA,NA,NA,NA,NA,NA,NA,NA,NA,NA,NA,NA,NA,NA,NA,NA,CHI,12,NA,NA,NA,NA,0,NA,NA,0,0,0,0,NA,NA,2025,NA,NA,27,0,Punt,2140,"11/28/25, 15:02:44",2025-11-28T21:37:51Z,Lincoln Financial Field,"Sunny Temp: 42° F, Humidity: 35%, Wind: W 18 mph",f85755f8-311e-11f0-b670-ae1250fadad1,0,0,PUNT,1,NA,NA,NA,10,Punt,2025-11-28T21:35:04.217Z,3,1:11,0,0,0,3,3,0,KICKOFF,PUNT,15:00,13:49,PHI 27,PHI 28,2049,2140,24,15,Home,-9,39,7,43.5,0,outdoors,,NA,NA,Nick Sirianni,Ben Johnson,PHI00,Lincoln Financial Field,0,1,NA,NA,NA,NA,NA,NA,0,0,0,1,0,NA,NA,NA,NA,NA,NA,NA,NA,NA,NA,0,0,0.6024097041226923,NA,NA,NA,NA,NA,NA,NA,2025,Punt,-1.015894237920112,0.3084201118326746,0.30157144332029,0.48625211875180074,0.3585306854558846,0,0.29018618166446686,0.49971097707748413,0.29018618166446686,0.36868962783508574,Nick Sirianni,Ben Johnson,14:00,0,0,Punt,Punt,36,31,30,49,37,29,50,29
2166,2025_13_CHI_PHI,2025112800,PHI,CHI,REG,13,CHI,away,PHI,CHI,76,2025-11-28,829,1729,1729,Half2,0,11,0,3,1,0,13:49,CHI 24,10,10,(13:49) 2-D.Moore left end pushed ob at CHI 34 for 10 yards (8-A.Jackson; 21-S.Brown).,run,10,0,0,0,0,0,0,NA,NA,NA,NA,left,end,NA,NA,NA,NA,3,3,0,NA,NA,NA,NA,3,3,3,10,10,3,7,10,3,7,0.005246996879577637,0.14757588505744934,0.002258752938359976,0.28532013297080994,0.21757632493972778,0.0033594488631933928,0.33866241574287415,0,0,0.5855986909009516,0.8479548105970025,-10.623839709078844,10.623839709078844,-8.084907666430809,8.084907666430809,-3.0089455476146565,3.0089455476146565,NA,NA,0,0,0.4573213655385189,-0.4573213655385189,-4.377225906297099,4.377225906297099,-5.232288912462536,5.232288912462536,0.5234998373315296,-0.5234998373315296,0.7313575148582458,0.26864248514175415,0.26864248514175415,0.7313575148582458,0.025729596614837646,0.013426125049591064,-0.013426125049591064,0.2429128885269165,0.7570871114730835,0.6334989666938782,0.3665010333061218,-0.32619024621016046,0.32619024621016046,-0.0049845874309539795,0.0049845874309539795,NA,NA,0,0,-0.0278092622756958,0.0278092622756958,-0.08939298987388611,0.08939298987388611,-0.0278092622756958,0.0278092622756958,-0.04362592101097107,0.04362592101097107,0,1,0,0,0,0,0,0,0,0,0,0,0,0,0,0,0,0,0,0,0,0,0,0,0,0,0,0,0,0,0,0,1,0,0,0,0,0,0,0,0,0,0,0,0,0,1,0,0,0,0,NA,NA,NA,NA,NA,NA,00-0034827,D.Moore,10,NA,NA,NA,NA,NA,NA,NA,NA,NA,NA,NA,NA,NA,NA,NA,NA,NA,NA,NA,NA,NA,NA,NA,NA,NA,NA,NA,NA,NA,NA,NA,NA,NA,NA,NA,NA,NA,NA,NA,NA,NA,NA,NA,NA,NA,NA,NA,NA,00-0033878,A.Jackson,PHI,00-0039002,S.Brown,PHI,NA,NA,NA,NA,NA,NA,0,NA,NA,NA,NA,NA,NA,NA,NA,NA,NA,NA,NA,NA,NA,NA,NA,NA,NA,NA,NA,NA,NA,NA,NA,NA,NA,NA,NA,NA,NA,NA,0,NA,NA,NA,NA,0,NA,NA,0,0,0,0,NA,NA,2025,NA,NA,28,1,First down,2166,"11/28/25, 15:02:44",2025-11-28T21:38:45.527Z,Lincoln Financial Field,"Sunny Temp: 42° F, Humidity: 35%, Wind: W 18 mph",f85755f8-311e-11f0-b670-ae1250fadad1,0,0,RUSH,0,NA,2025-11-28T21:38:50.267Z,NA,11,Punt,2025-11-28T21:38:45.527Z,4,1:29,1,0,0,3,3,-5,PUNT,PUNT,13:49,12:20,CHI 24,CHI 34,2166,2289,24,15,Home,-9,39,7,43.5,0,outdoors,,NA,NA,Nick Sirianni,Ben Johnson,PHI00,Lincoln Financial Field,0,1,NA,NA,D.Moore,2,NA,NA,0,1,1,0,1,NA,00-0034827,NA,D.Moore,2,00-0034827,D.Moore,00-0034827,D.Moore,00-0034827,1,0,0.8479548105970025,NA,NA,NA,NA,NA,0.41057881712913513,-41.05788171291351,2025,Go for it,NA,NA,NA,NA,NA,NA,NA,NA,NA,NA,Nick Sirianni,Ben Johnson,13:49,NA,NA,Go for it,Toss Up,NA,NA,NA,NA,NA,NA,NA,NA
2193,2025_13_CHI_PHI,2025112800,PHI,CHI,REG,13,CHI,away,PHI,CHI,66,2025-11-28,795,1695,1695,Half2,0,11,0,3,1,0,13:15,CHI 34,10,10,(13:15) (Shotgun) 18-C.Williams pass incomplete short left to 84-C.Loveland (27-Q.Mitchell).,pass,0,1,0,1,0,0,0,short,left,5,NA,NA,NA,NA,NA,NA,NA,3,3,0,NA,NA,NA,NA,3,3,3,10,10,3,7,10,3,7,0.005261083133518696,0.1255585253238678,0.00210726005025208,0.23241668939590454,0.24495741724967957,0.004280989058315754,0.38541802763938904,0,0,1.4335535014979541,-0.5566491675563157,-10.067190541522528,10.067190541522528,-8.084907666430809,8.084907666430809,-2.452296380058341,2.452296380058341,0.10252823657356203,-0.6591774041298777,0,0,0.4573213655385189,-0.4573213655385189,-4.377225906297099,4.377225906297099,-5.334817149036098,5.334817149036098,1.1826772414614073,-1.1826772414614073,0.7570871114730835,0.2429128885269165,0.2429128885269165,0.7570871114730835,-0.015800774097442627,-0.014943361282348633,0.014943361282348633,0.25871366262435913,0.7412863373756409,0.6469250917434692,0.35307490825653076,-0.32619024621016046,0.32619024621016046,0.010816186666488647,-0.010816186666488647,0,-0.015800774097442627,0,0,-0.0278092622756958,0.0278092622756958,-0.08939298987388611,0.08939298987388611,-0.0278092622756958,0.0278092622756958,-0.027825146913528442,0.027825146913528442,0,0,0,0,0,0,0,0,1,0,0,0,0,0,0,0,0,0,0,0,0,0,0,0,0,0,0,0,0,0,0,0,0,1,0,0,0,0,0,0,0,0,0,0,0,0,0,0,0,0,0,00-0039918,C.Williams,NA,00-0040126,C.Loveland,NA,NA,NA,NA,NA,NA,NA,NA,NA,NA,NA,NA,NA,NA,NA,NA,NA,NA,NA,NA,NA,NA,NA,NA,NA,NA,NA,NA,NA,NA,NA,NA,NA,NA,NA,NA,NA,NA,NA,NA,NA,NA,NA,NA,NA,NA,NA,NA,NA,NA,NA,NA,NA,NA,NA,NA,NA,NA,NA,NA,NA,NA,NA,NA,0,NA,NA,NA,NA,NA,NA,00-0039888,Q.Mitchell,NA,NA,NA,NA,NA,NA,NA,NA,NA,NA,NA,NA,NA,NA,NA,NA,NA,NA,NA,NA,NA,NA,NA,0,NA,NA,NA,NA,0,NA,NA,0,0,0,0,NA,NA,2025,0.7614024877548218,-76.14024877548218,29,0,Punt,2193,"11/28/25, 15:02:44",2025-11-28T21:39:25.177Z,Lincoln Financial Field,"Sunny Temp: 42° F, Humidity: 35%, Wind: W 18 mph",f85755f8-311e-11f0-b670-ae1250fadad1,0,0,PASS,0,NA,2025-11-28T21:39:28.380Z,NA,11,Punt,2025-11-28T21:38:45.527Z,4,1:29,1,0,0,3,3,-5,PUNT,PUNT,13:49,12:20,CHI 24,CHI 34,2166,2289,24,15,Home,-9,39,7,43.5,0,outdoors,,NA,NA,Nick Sirianni,Ben Johnson,PHI00,Lincoln Financial Field,0,0,C.Williams,18,NA,NA,C.Loveland,84,1,0,0,0,1,00-0039918,NA,00-0040126,C.Williams,18,00-0039918,C.Loveland,00-0040126,C.Loveland,00-0040126,0,0,-0.5566491675563157,0.44763813151763376,3.816443394869566,2,0.9863143727998249,0.25916654773755,0.42429184913635254,57.570815086364746,2025,Go for it,NA,NA,NA,NA,NA,NA,NA,NA,NA,NA,Nick Sirianni,Ben Johnson,13:15,NA,NA,Go for it,Toss Up,NA,NA,NA,NA,NA,NA,NA,NA
2216,2025_13_CHI_PHI,2025112800,PHI,CHI,REG,13,CHI,away,PHI,CHI,66,2025-11-28,792,1692,1692,Half2,0,11,0,3,2,0,13:12,CHI 34,10,10,(13:12) 4-D.Swift right guard to CHI 39 for 5 yards (17-N.Dean).,run,5,0,0,0,0,0,0,NA,NA,NA,NA,right,guard,NA,NA,NA,NA,3,3,0,NA,NA,NA,NA,3,3,3,10,10,3,7,10,3,7,0.005363044328987598,0.14213860034942627,0.002333309967070818,0.2653382122516632,0.22664587199687958,0.004370035603642464,0.3538109362125397,0,0,0.8769043339416385,-0.24420532025396824,-9.82298522126856,9.82298522126856,-7.84070234617684,7.84070234617684,-2.452296380058341,2.452296380058341,NA,NA,0,0,0.4573213655385189,-0.4573213655385189,-4.377225906297099,4.377225906297099,-5.334817149036098,5.334817149036098,1.1826772414614073,-1.1826772414614073,0.7412863373756409,0.25871366262435913,0.25871366262435913,0.7412863373756409,-0.011934041976928711,-0.017199218273162842,0.017199218273162842,0.27064770460128784,0.7293522953987122,0.6319817304611206,0.3680182695388794,-0.31425620423323175,0.31425620423323175,0.010816186666488647,-0.010816186666488647,NA,NA,0,0,-0.0278092622756958,0.0278092622756958,-0.08939298987388611,0.08939298987388611,-0.0278092622756958,0.0278092622756958,-0.027825146913528442,0.027825146913528442,0,0,0,0,0,0,0,0,0,0,0,0,0,0,0,0,0,0,0,0,0,0,0,0,1,0,0,0,0,0,0,0,1,0,0,0,0,0,0,0,0,0,0,0,0,0,0,0,0,0,0,NA,NA,NA,NA,NA,NA,00-0036275,D.Swift,5,NA,NA,NA,NA,NA,NA,NA,NA,NA,NA,NA,NA,NA,NA,NA,NA,NA,NA,NA,NA,NA,NA,NA,NA,NA,NA,NA,NA,NA,NA,NA,NA,NA,NA,NA,NA,NA,NA,NA,NA,NA,NA,PHI,NA,00-0037615,NA,N.Dean,NA,NA,NA,NA,NA,NA,NA,NA,NA,NA,NA,NA,NA,0,NA,NA,NA,NA,NA,NA,NA,NA,NA,NA,NA,NA,NA,NA,NA,NA,NA,NA,NA,NA,NA,NA,NA,NA,NA,NA,NA,NA,NA,NA,NA,0,NA,NA,NA,NA,0,NA,NA,0,0,0,0,NA,NA,2025,NA,NA,29,0,Punt,2216,"11/28/25, 15:02:44",2025-11-28T21:40:01.147Z,Lincoln Financial Field,"Sunny Temp: 42° F, Humidity: 35%, Wind: W 18 mph",f85755f8-311e-11f0-b670-ae1250fadad1,0,0,RUSH,0,NA,2025-11-28T21:40:06.187Z,NA,11,Punt,2025-11-28T21:38:45.527Z,4,1:29,1,0,0,3,3,-5,PUNT,PUNT,13:49,12:20,CHI 24,CHI 34,2166,2289,24,15,Home,-9,39,7,43.5,0,outdoors,,NA,NA,Nick Sirianni,Ben Johnson,PHI00,Lincoln Financial Field,0,0,NA,NA,D.Swift,4,NA,NA,0,1,0,0,1,NA,00-0036275,NA,D.Swift,4,00-0036275,D.Swift,00-0036275,D.Swift,00-0036275,0,0,-0.24420532025396824,NA,NA,NA,NA,NA,0.5738537311553955,-57.38537311553955,2025,Go for it,NA,NA,NA,NA,NA,NA,NA,NA,NA,NA,Nick Sirianni,Ben Johnson,13:12,NA,NA,Go for it,Toss Up,NA,NA,NA,NA,NA,NA,NA,NA
2238,2025_13_CHI_PHI,2025112800,PHI,CHI,REG,13,CHI,away,PHI,CHI,61,2025-11-28,751,1651,1651,Half2,0,11,0,3,3,0,12:31,CHI 39,5,10,(12:31) (Shotgun) 18-C.Williams pass incomplete short middle to 10-L.Burden.,pass,0,1,0,1,0,0,0,short,middle,14,NA,NA,NA,NA,NA,NA,NA,3,3,0,NA,NA,NA,NA,3,3,3,10,10,3,7,10,3,7,0.005644036922603846,0.1510619819164276,0.0019663753919303417,0.27819180488586426,0.2206389307975769,0.0044469572603702545,0.3380499482154846,0,0,0.6326990136876702,-1.4563971324823797,-8.36658808878618,8.36658808878618,-7.84070234617684,7.84070234617684,-0.9958992475759612,0.9958992475759612,2.1590944768395275,-3.615491609321907,0,0,0.4573213655385189,-0.4573213655385189,-4.377225906297099,4.377225906297099,-7.493911625875626,7.493911625875626,4.7981688507833145,-4.7981688507833145,0.7293522953987122,0.27064770460128784,0.27064770460128784,0.7293522953987122,-0.02664083242416382,-0.031141936779022217,0.031141936779022217,0.29728853702545166,0.7027114629745483,0.6147825121879578,0.38521748781204224,-0.31425620423323175,0.31425620423323175,0.037457019090652466,-0.037457019090652466,0,-0.02664083242416382,0,0,-0.0278092622756958,0.0278092622756958,-0.08939298987388611,0.08939298987388611,-0.0278092622756958,0.0278092622756958,-0.001184314489364624,0.001184314489364624,0,0,0,0,0,1,0,0,1,0,0,0,0,0,0,0,0,0,0,0,0,0,0,0,0,0,0,0,0,0,0,0,0,1,0,0,0,0,0,0,0,0,0,0,0,0,0,0,0,0,0,00-0039918,C.Williams,NA,00-0040735,L.Burden,NA,NA,NA,NA,NA,NA,NA,NA,NA,NA,NA,NA,NA,NA,NA,NA,NA,NA,NA,NA,NA,NA,NA,NA,NA,NA,NA,NA,NA,NA,NA,NA,NA,NA,NA,NA,NA,NA,NA,NA,NA,NA,NA,NA,NA,NA,NA,NA,NA,NA,NA,NA,NA,NA,NA,NA,NA,NA,NA,NA,NA,NA,NA,NA,0,NA,NA,NA,NA,NA,NA,NA,NA,NA,NA,NA,NA,NA,NA,NA,NA,NA,NA,NA,NA,NA,NA,NA,NA,NA,NA,NA,NA,NA,NA,NA,0,NA,NA,NA,NA,0,NA,NA,0,0,0,0,NA,NA,2025,0.6447644829750061,-64.47644829750061,29,0,Punt,2238,"11/28/25, 15:02:44",2025-11-28T21:40:42.167Z,Lincoln Financial Field,"Sunny Temp: 42° F, Humidity: 35%, Wind: W 18 mph",f85755f8-311e-11f0-b670-ae1250fadad1,0,0,PASS,0,NA,2025-11-28T21:40:46.673Z,NA,11,Punt,2025-11-28T21:38:45.527Z,4,1:29,1,0,0,3,3,-5,PUNT,PUNT,13:49,12:20,CHI 24,CHI 34,2166,2289,24,15,Home,-9,39,7,43.5,0,outdoors,,NA,NA,Nick Sirianni,Ben Johnson,PHI00,Lincoln Financial Field,0,0,C.Williams,18,NA,NA,L.Burden,10,1,0,0,0,1,00-0039918,NA,00-0040735,C.Williams,18,00-0039918,L.Burden,00-0040735,L.Burden,00-0040735,0,0,-1.4563971324823797,0.32691611908981466,5.076438209885964,2,1,1,0.9641191363334656,3.5880863666534424,2025,Go for it,NA,NA,NA,NA,NA,NA,NA,NA,NA,NA,Nick Sirianni,Ben Johnson,12:31,NA,NA,Go for it,Toss Up,NA,NA,NA,NA,NA,NA,NA,NA
2261,2025_13_CHI_PHI,2025112800,PHI,CHI,REG,13,CHI,away,PHI,CHI,61,2025-11-28,747,1647,1647,Half2,0,11,0,3,4,0,12:27,CHI 39,5,10,"(12:27) (Punt formation) PENALTY on CHI-43-C.Jones, False Start, 5 yards, enforced at CHI 39 - No Play.",no_play,0,0,0,0,0,0,0,NA,NA,NA,NA,NA,NA,NA,NA,NA,NA,3,3,0,NA,NA,NA,NA,3,3,3,10,10,3,7,10,3,7,0.00607543857768178,0.19297833740711212,0.002475129207596183,0.3654281795024872,0.1708967238664627,0.005905830767005682,0.2562403678894043,0,0,-0.8236981187947094,-0.4043217087164521,-7.962266380069728,7.962266380069728,-7.84070234617684,7.84070234617684,-0.9958992475759612,0.9958992475759612,NA,NA,0,0,0.4573213655385189,-0.4573213655385189,-4.377225906297099,4.377225906297099,-7.493911625875626,7.493911625875626,4.7981688507833145,-4.7981688507833145,0.7027114629745483,0.29728853702545166,0.29728853702545166,0.7027114629745483,-0.0019436478614807129,-0.006601214408874512,0.006601214408874512,0.2992321848869324,0.7007678151130676,0.5836405754089355,0.41635942459106445,-0.31425620423323175,0.31425620423323175,0.037457019090652466,-0.037457019090652466,NA,NA,0,0,-0.0278092622756958,0.0278092622756958,-0.08939298987388611,0.08939298987388611,-0.0278092622756958,0.0278092622756958,-0.001184314489364624,0.001184314489364624,0,0,0,0,0,0,0,0,0,0,0,0,0,0,0,0,0,0,0,0,0,0,0,0,0,0,1,0,0,0,0,0,0,0,0,0,0,0,0,0,0,0,0,0,0,0,0,0,0,0,0,NA,NA,NA,NA,NA,NA,NA,NA,NA,NA,NA,NA,NA,NA,NA,NA,NA,NA,NA,NA,NA,NA,NA,NA,NA,NA,NA,NA,NA,NA,NA,NA,NA,NA,NA,NA,NA,NA,NA,NA,NA,NA,NA,NA,NA,NA,NA,NA,NA,NA,NA,NA,NA,NA,NA,NA,NA,NA,NA,NA,NA,NA,NA,NA,NA,NA,NA,NA,NA,0,NA,NA,NA,NA,NA,NA,NA,NA,NA,NA,NA,NA,NA,NA,NA,NA,NA,NA,NA,NA,NA,NA,NA,NA,NA,NA,NA,NA,NA,NA,NA,0,CHI,00-0039460,C.Jones,5,0,NA,False Start,0,0,0,0,NA,NA,2025,NA,NA,29,0,Punt,2261,"11/28/25, 15:02:44",2025-11-28T21:41:14.890Z,Lincoln Financial Field,"Sunny Temp: 42° F, Humidity: 35%, Wind: W 18 mph",f85755f8-311e-11f0-b670-ae1250fadad1,0,0,UNSPECIFIED,0,NA,NA,NA,11,Punt,2025-11-28T21:38:45.527Z,4,1:29,1,0,0,3,3,-5,PUNT,PUNT,13:49,12:20,CHI 24,CHI 34,2166,2289,24,15,Home,-9,39,7,43.5,0,outdoors,,NA,NA,Nick Sirianni,Ben Johnson,PHI00,Lincoln Financial Field,0,0,NA,NA,NA,NA,NA,NA,0,0,0,0,1,NA,NA,NA,NA,NA,NA,NA,NA,NA,NA,0,0,-0.4043217087164521,NA,NA,NA,NA,NA,0.5741299986839294,NA,2025,Other,-1.3579448167228003,0.41431284771533683,0.4903398656177271,0.6768017796224831,0.5675934252638964,0,0.4748521149158478,0.6673398613929749,0.4748521149158478,0.5811728734311244,Nick Sirianni,Ben Johnson,12:27,0,0,Other (Penalty),Punt,57,41,49,68,58,47,67,47
2289,2025_13_CHI_PHI,2025112800,PHI,CHI,REG,13,CHI,away,PHI,CHI,66,2025-11-28,747,1647,1647,Half2,0,11,0,3,4,0,12:27,CHI 34,10,10,"(12:27) 19-T.Taylor punts 40 yards to PHI 26, Center-46-S.Daly, out of bounds.",punt,0,0,0,0,0,0,0,NA,NA,NA,NA,NA,NA,NA,40,NA,NA,3,3,0,NA,NA,NA,NA,3,3,3,10,10,3,7,10,3,7,0.005844432394951582,0.21043948829174042,0.0033128841314464808,0.3884230852127075,0.14847120642662048,0.004217961337417364,0.23929092288017273,0,0,-1.2280198275111616,-0.2532655303366482,-7.70900084973308,7.70900084973308,-7.84070234617684,7.84070234617684,-0.9958992475759612,0.9958992475759612,NA,NA,0,0,0.4573213655385189,-0.4573213655385189,-4.377225906297099,4.377225906297099,-7.493911625875626,7.493911625875626,4.7981688507833145,-4.7981688507833145,0.7007678151130676,0.2992321848869324,0.2992321848869324,0.7007678151130676,0.006205558776855469,-0.01596418023109436,0.01596418023109436,0.2930266261100769,0.7069733738899231,0.577039361000061,0.42296063899993896,-0.31425620423323175,0.31425620423323175,0.037457019090652466,-0.037457019090652466,NA,NA,0,0,-0.0278092622756958,0.0278092622756958,-0.08939298987388611,0.08939298987388611,-0.0278092622756958,0.0278092622756958,-0.001184314489364624,0.001184314489364624,0,0,0,0,0,0,0,0,0,0,0,0,0,1,0,0,0,0,0,0,0,0,0,0,0,0,0,0,0,0,0,0,0,0,0,0,0,0,0,0,0,0,0,1,0,0,0,0,0,0,0,NA,NA,NA,NA,NA,NA,NA,NA,NA,NA,NA,NA,NA,NA,NA,NA,NA,NA,NA,NA,NA,NA,NA,NA,NA,NA,NA,NA,NA,00-0039745,T.Taylor,NA,NA,NA,NA,NA,NA,NA,NA,NA,NA,NA,NA,NA,NA,NA,NA,NA,NA,NA,NA,NA,NA,NA,NA,NA,NA,NA,NA,NA,NA,NA,NA,NA,NA,NA,NA,NA,NA,0,NA,NA,NA,NA,NA,NA,NA,NA,NA,NA,NA,NA,NA,NA,NA,NA,NA,NA,NA,NA,NA,NA,NA,NA,NA,NA,NA,NA,NA,NA,PHI,0,NA,NA,NA,NA,0,NA,NA,0,0,0,0,NA,NA,2025,NA,NA,29,0,Punt,2289,"11/28/25, 15:02:44",2025-11-28T21:41:55.483Z,Lincoln Financial Field,"Sunny Temp: 42° F, Humidity: 35%, Wind: W 18 mph",f85755f8-311e-11f0-b670-ae1250fadad1,0,0,PUNT,1,NA,2025-11-28T21:42:02.053Z,NA,11,Punt,2025-11-28T21:38:45.527Z,4,1:29,1,0,0,3,3,-5,PUNT,PUNT,13:49,12:20,CHI 24,CHI 34,2166,2289,24,15,Home,-9,39,7,43.5,0,outdoors,,NA,NA,Nick Sirianni,Ben Johnson,PHI00,Lincoln Financial Field,0,0,NA,NA,NA,NA,NA,NA,0,0,0,1,0,NA,NA,NA,NA,NA,NA,NA,NA,NA,NA,0,0,-0.2532655303366482,NA,NA,NA,NA,NA,NA,NA,2025,Punt,-4.138765779103437,0.2513456223605317,0.48264243904446563,0.6770399260235082,0.531503378642964,0,0.46163609623908997,0.6673398613929749,0.46163609623908997,0.5728910364339984,Nick Sirianni,Ben Johnson,12:27,0,0,Punt,Punt,53,25,48,68,57,46,67,46
2308,2025_13_CHI_PHI,2025112800,PHI,CHI,REG,13,PHI,home,CHI,PHI,74,2025-11-28,740,1640,1640,Half2,0,12,0,3,1,0,12:20,PHI 26,10,0,(12:20) (Shotgun) 26-S.Barkley left guard to PHI 26 for no gain (50-G.Jarrett).,run,0,1,0,0,0,0,0,NA,NA,NA,NA,left,guard,NA,NA,NA,NA,3,3,0,NA,NA,NA,NA,3,3,3,10,3,10,-7,3,10,-7,0.0054374211467802525,0.1390402764081955,0.0019396082498133183,0.22846819460391998,0.2142297476530075,0.0034639122895896435,0.407420814037323,0,0,1.4812853578478098,-0.5916497376747429,-8.300650587407823,8.300650587407823,-8.432352083851583,8.432352083851583,-0.9958992475759612,0.9958992475759612,NA,NA,0,0,0.4573213655385189,-0.4573213655385189,-4.377225906297099,4.377225906297099,-7.493911625875626,7.493911625875626,4.7981688507833145,-4.7981688507833145,0.2930266261100769,0.7069733738899231,0.2930266261100769,0.7069733738899231,-0.015916645526885986,-0.012215882539749146,-0.012215882539749146,0.2771099805831909,0.7228900194168091,0.4389248192310333,0.4389248192310333,-0.33017284976011774,0.33017284976011774,0.037457019090652466,-0.037457019090652466,NA,NA,0,0,-0.0278092622756958,0.0278092622756958,-0.08939298987388611,0.08939298987388611,-0.0278092622756958,0.0278092622756958,-0.001184314489364624,0.001184314489364624,0,0,0,0,0,0,0,0,0,0,0,0,0,0,0,0,0,0,0,0,0,0,0,0,1,0,0,0,0,0,0,0,1,0,0,0,0,0,0,0,0,0,0,0,0,0,0,0,0,0,0,NA,NA,NA,NA,NA,NA,00-0034844,S.Barkley,0,NA,NA,NA,NA,NA,NA,NA,NA,NA,NA,NA,NA,NA,NA,NA,NA,NA,NA,NA,NA,NA,NA,NA,NA,NA,NA,NA,NA,NA,NA,NA,NA,NA,NA,NA,NA,NA,NA,NA,NA,NA,NA,CHI,NA,00-0031583,NA,G.Jarrett,NA,NA,NA,NA,NA,NA,NA,NA,NA,NA,NA,NA,NA,0,NA,NA,NA,NA,NA,NA,NA,NA,NA,NA,NA,NA,NA,NA,NA,NA,NA,NA,NA,NA,NA,NA,NA,NA,NA,NA,NA,NA,NA,NA,NA,0,NA,NA,NA,NA,0,NA,NA,0,0,0,0,NA,NA,2025,NA,NA,30,0,Turnover,2308,"11/28/25, 15:02:44",2025-11-28T21:44:54.797Z,Lincoln Financial Field,"Sunny Temp: 42° F, Humidity: 35%, Wind: W 18 mph",f85755f8-311e-11f0-b670-ae1250fadad1,0,0,RUSH,0,NA,2025-11-28T21:44:58.700Z,NA,12,Turnover,2025-11-28T21:44:54.797Z,2,0:48,0,0,0,3,3,0,PUNT,INTERCEPTION,12:20,11:32,PHI 26,PHI 26,2308,2337,24,15,Home,-9,39,7,43.5,0,outdoors,,NA,NA,Nick Sirianni,Ben Johnson,PHI00,Lincoln Financial Field,0,0,NA,NA,S.Barkley,26,NA,NA,0,1,0,0,1,NA,00-0034844,NA,S.Barkley,26,00-0034844,S.Barkley,00-0034844,S.Barkley,00-0034844,0,0,-0.5916497376747429,NA,NA,NA,NA,NA,0.48583856225013733,-48.58385622501373,2025,Go for it,NA,NA,NA,NA,NA,NA,NA,NA,NA,NA,Nick Sirianni,Ben Johnson,12:20,NA,NA,Go for it,Toss Up,NA,NA,NA,NA,NA,NA,NA,NA
2337,2025_13_CHI_PHI,2025112800,PHI,CHI,REG,13,PHI,home,CHI,PHI,74,2025-11-28,700,1600,1600,Half2,0,12,0,3,2,0,11:40,PHI 26,10,0,(11:40) (Shotgun) 1-J.Hurts pass deep right intended for 11-A.Brown INTERCEPTED by 31-K.Byard at CHI 49. 31-K.Byard ran ob at CHI 49 for no gain.,pass,0,1,0,1,0,0,0,deep,right,25,NA,NA,NA,NA,NA,NA,NA,3,3,0,NA,NA,NA,NA,3,3,3,10,3,10,-7,3,10,-7,0.0064801741391420364,0.15794023871421814,0.0020714420825242996,0.2619673013687134,0.19567641615867615,0.0033419884275645018,0.3725224435329437,0,0,0.8896356201730669,-3.362328064162284,-11.662978651570107,11.662978651570107,-8.432352083851583,8.432352083851583,-4.358227311738245,4.358227311738245,2.1975819538347423,-5.5599100179970264,0,0,0.4573213655385189,-0.4573213655385189,-4.377225906297099,4.377225906297099,-5.2963296720408835,5.2963296720408835,-0.761741167213712,0.761741167213712,0.2771099805831909,0.7228900194168091,0.2771099805831909,0.7228900194168091,-0.05104321241378784,-0.10292935371398926,-0.10292935371398926,0.22606676816940308,0.7739332318305969,0.4267089366912842,0.4267089366912842,-0.33017284976011774,0.33017284976011774,-0.013586193323135376,0.013586193323135376,0,-0.05104321241378784,0,0,-0.0278092622756958,0.0278092622756958,-0.08939298987388611,0.08939298987388611,-0.0278092622756958,0.0278092622756958,-0.052227526903152466,0.052227526903152466,0,0,0,0,0,0,0,0,0,0,1,0,0,0,0,0,0,0,0,0,0,0,0,0,0,0,0,0,0,0,0,0,0,1,0,0,0,0,0,0,0,0,0,0,0,0,0,0,0,0,0,00-0036389,J.Hurts,NA,00-0035676,A.Brown,NA,NA,NA,NA,NA,NA,NA,NA,NA,NA,NA,NA,00-0033132,K.Byard,NA,NA,NA,NA,NA,NA,NA,NA,NA,NA,NA,NA,NA,NA,NA,NA,NA,NA,NA,NA,NA,NA,NA,NA,NA,NA,NA,NA,NA,NA,NA,NA,NA,NA,NA,NA,NA,NA,NA,NA,NA,NA,NA,NA,NA,NA,NA,NA,NA,NA,0,NA,NA,NA,NA,NA,NA,00-0033132,K.Byard,NA,NA,NA,NA,NA,NA,NA,NA,NA,NA,NA,NA,NA,NA,NA,NA,NA,NA,NA,NA,NA,NA,CHI,0,NA,NA,NA,NA,0,NA,NA,0,0,0,0,NA,NA,2025,0.39052605628967285,-39.052605628967285,30,0,Turnover,2337,"11/28/25, 15:02:44",2025-11-28T21:45:34.417Z,Lincoln Financial Field,"Sunny Temp: 42° F, Humidity: 35%, Wind: W 18 mph",f85755f8-311e-11f0-b670-ae1250fadad1,0,0,INTERCEPTION,0,NA,2025-11-28T21:45:42.897Z,NA,12,Turnover,2025-11-28T21:44:54.797Z,2,0:48,0,0,0,3,3,0,PUNT,INTERCEPTION,12:20,11:32,PHI 26,PHI 26,2308,2337,24,15,Home,-9,39,7,43.5,0,outdoors,,NA,NA,Nick Sirianni,Ben Johnson,PHI00,Lincoln Financial Field,0,0,J.Hurts,1,NA,NA,A.Brown,11,1,0,0,0,1,00-0036389,NA,00-0035676,J.Hurts,1,00-0036389,A.Brown,00-0035676,A.Brown,00-0035676,1,0,-3.362328064162284,0.3919602175307939,6.364766956103267,3,1,1,0.6078347563743591,39.21652436256409,2025,Go for it,NA,NA,NA,NA,NA,NA,NA,NA,NA,NA,Nick Sirianni,Ben Johnson,11:40,NA,NA,Go for it,Toss Up,NA,NA,NA,NA,NA,NA,NA,NA
2369,2025_13_CHI_PHI,2025112800,PHI,CHI,REG,13,CHI,away,PHI,CHI,51,2025-11-28,692,1592,1592,Half2,0,13,0,3,1,0,11:32,CHI 49,10,7,(11:32) 25-K.Monangai right tackle to PHI 44 for 7 yards (90-J.Davis).,run,7,0,0,0,0,0,0,NA,NA,NA,NA,right,tackle,NA,NA,NA,NA,3,3,0,NA,NA,NA,NA,3,3,3,10,10,3,7,10,3,7,0.0061063324101269245,0.09413059055805206,0.0012389118783175945,0.16785457730293274,0.2901914119720459,0.004275455139577389,0.4362027049064636,0,0,2.4726924439892173,0.325725574279204,-11.988704225849311,11.988704225849311,-8.758077658130787,8.758077658130787,-4.358227311738245,4.358227311738245,NA,NA,0,0,0.4573213655385189,-0.4573213655385189,-4.377225906297099,4.377225906297099,-5.2963296720408835,5.2963296720408835,-0.761741167213712,0.761741167213712,0.7739332318305969,0.22606676816940308,0.22606676816940308,0.7739332318305969,-0.0037830471992492676,0.015002846717834473,-0.015002846717834473,0.22984981536865234,0.7701501846313477,0.6762204170227051,0.3237795829772949,-0.32638980256086847,0.32638980256086847,-0.013586193323135376,0.013586193323135376,NA,NA,0,0,-0.0278092622756958,0.0278092622756958,-0.08939298987388611,0.08939298987388611,-0.0278092622756958,0.0278092622756958,-0.052227526903152466,0.052227526903152466,0,0,0,0,0,0,0,0,0,0,0,0,0,0,0,0,0,0,0,0,0,0,0,0,1,0,0,0,0,0,0,0,1,0,0,0,0,0,0,0,0,0,0,0,0,0,0,0,0,0,0,NA,NA,NA,NA,NA,NA,00-0040236,K.Monangai,7,NA,NA,NA,NA,NA,NA,NA,NA,NA,NA,NA,NA,NA,NA,NA,NA,NA,NA,NA,NA,NA,NA,NA,NA,NA,NA,NA,NA,NA,NA,NA,NA,NA,NA,NA,NA,NA,NA,NA,NA,NA,NA,PHI,NA,00-0037073,NA,J.Davis,NA,NA,NA,NA,NA,NA,NA,NA,NA,NA,NA,NA,NA,0,NA,NA,NA,NA,NA,NA,NA,NA,NA,NA,NA,NA,NA,NA,NA,NA,NA,NA,NA,NA,NA,NA,NA,NA,NA,NA,NA,NA,NA,NA,NA,0,NA,NA,NA,NA,0,NA,NA,0,0,0,0,NA,NA,2025,NA,NA,31,0,Punt,2369,"11/28/25, 15:02:44",2025-11-28T21:46:42.273Z,Lincoln Financial Field,"Sunny Temp: 42° F, Humidity: 35%, Wind: W 18 mph",f85755f8-311e-11f0-b670-ae1250fadad1,0,0,RUSH,0,NA,2025-11-28T21:46:47.113Z,NA,13,Punt,2025-11-28T21:46:42.273Z,3,1:33,0,0,0,3,3,0,INTERCEPTION,PUNT,11:32,09:59,CHI 49,PHI 44,2369,2443,24,15,Home,-9,39,7,43.5,0,outdoors,,NA,NA,Nick Sirianni,Ben Johnson,PHI00,Lincoln Financial Field,0,1,NA,NA,K.Monangai,25,NA,NA,0,1,0,0,1,NA,00-0040236,NA,K.Monangai,25,00-0040236,K.Monangai,00-0040236,K.Monangai,00-0040236,0,0,0.325725574279204,NA,NA,NA,NA,NA,0.443215548992157,-44.3215548992157,2025,Go for it,NA,NA,NA,NA,NA,NA,NA,NA,NA,NA,Nick Sirianni,Ben Johnson,11:32,NA,NA,Go for it,Toss Up,NA,NA,NA,NA,NA,NA,NA,NA
2391,2025_13_CHI_PHI,2025112800,PHI,CHI,REG,13,CHI,away,PHI,PHI,44,2025-11-28,653,1553,1553,Half2,0,13,0,3,2,0,10:53,PHI 44,3,7,(10:53) 18-C.Williams sacked at PHI 44 for 0 yards (3-N.Smith).,pass,0,0,0,1,0,0,0,NA,NA,NA,NA,NA,NA,NA,NA,NA,NA,3,3,0,NA,NA,NA,NA,3,3,3,10,10,3,7,10,3,7,0.005913336295634508,0.0851529985666275,0.0011070541804656386,0.14974041283130646,0.2954370081424713,0.004116240888834,0.4585329294204712,0,0,2.7984180182684213,-0.8081931080669165,-11.180511117782395,11.180511117782395,-8.758077658130787,8.758077658130787,-3.550034203671329,3.550034203671329,NA,NA,0,0,0.4573213655385189,-0.4573213655385189,-4.377225906297099,4.377225906297099,-5.2963296720408835,5.2963296720408835,-0.761741167213712,0.761741167213712,0.7701501846313477,0.22984981536865234,0.22984981536865234,0.7701501846313477,-0.01851552724838257,-0.024181723594665527,0.024181723594665527,0.2483653426170349,0.7516346573829651,0.6912232637405396,0.30877673625946045,-0.32638980256086847,0.32638980256086847,0.004929333925247192,-0.004929333925247192,NA,NA,0,0,-0.0278092622756958,0.0278092622756958,-0.08939298987388611,0.08939298987388611,-0.0278092622756958,0.0278092622756958,-0.052227526903152466,0.052227526903152466,0,0,0,0,0,0,0,0,0,0,0,0,0,0,0,0,0,0,0,0,0,0,0,0,1,0,0,0,0,0,0,1,0,1,1,0,0,0,0,0,0,0,0,0,0,0,0,0,0,0,0,00-0039918,C.Williams,NA,NA,NA,NA,NA,NA,NA,NA,NA,NA,NA,NA,NA,NA,NA,NA,NA,NA,NA,NA,NA,NA,NA,NA,NA,NA,NA,NA,NA,NA,NA,NA,NA,NA,NA,NA,NA,NA,NA,00-0039013,N.Smith,NA,NA,NA,NA,NA,NA,NA,NA,PHI,NA,00-0039013,NA,N.Smith,NA,NA,NA,NA,NA,NA,NA,NA,NA,NA,NA,NA,NA,0,NA,NA,NA,NA,NA,NA,NA,NA,NA,NA,NA,NA,NA,NA,NA,NA,NA,NA,NA,NA,NA,NA,NA,NA,00-0039013,N.Smith,NA,NA,NA,NA,NA,0,NA,NA,NA,NA,0,NA,NA,0,0,0,0,NA,NA,2025,NA,NA,31,0,Punt,2391,"11/28/25, 15:02:44",2025-11-28T21:47:20.680Z,Lincoln Financial Field,"Sunny Temp: 42° F, Humidity: 35%, Wind: W 18 mph",f85755f8-311e-11f0-b670-ae1250fadad1,0,0,SACK,0,NA,2025-11-28T21:47:27.187Z,NA,13,Punt,2025-11-28T21:46:42.273Z,3,1:33,0,0,0,3,3,0,INTERCEPTION,PUNT,11:32,09:59,CHI 49,PHI 44,2369,2443,24,15,Home,-9,39,7,43.5,0,outdoors,,NA,NA,Nick Sirianni,Ben Johnson,PHI00,Lincoln Financial Field,0,0,C.Williams,18,NA,NA,NA,NA,1,0,0,0,1,00-0039918,NA,NA,C.Williams,18,00-0039918,NA,NA,NA,NA,0,0,-0.8081931080669165,NA,NA,NA,NA,NA,0.3363938331604004,66.36061668395996,2025,Go for it,NA,NA,NA,NA,NA,NA,NA,NA,NA,NA,Nick Sirianni,Ben Johnson,10:53,NA,NA,Go for it,Toss Up,NA,NA,NA,NA,NA,NA,NA,NA
2420,2025_13_CHI_PHI,2025112800,PHI,CHI,REG,13,CHI,away,PHI,PHI,44,2025-11-28,612,1512,1512,Half2,0,13,0,3,3,0,10:12,PHI 44,3,7,(10:12) (Shotgun) 18-C.Williams pass incomplete short right to 15-R.Odunze [33-C.DeJean].,pass,0,1,0,1,0,0,0,short,right,14,NA,NA,NA,NA,NA,NA,NA,3,3,0,NA,NA,NA,NA,3,3,3,10,10,3,7,10,3,7,0.007129553705453873,0.10830634087324142,0.0012254569446668029,0.19408634305000305,0.2812114655971527,0.0047441525384783745,0.40329664945602417,0,0,1.9902249102015048,-1.897049357648939,-9.283461760133456,9.283461760133456,-8.758077658130787,8.758077658130787,-1.65298484602239,1.65298484602239,1.8564817770384252,-3.753531134687364,0,0,0.4573213655385189,-0.4573213655385189,-4.377225906297099,4.377225906297099,-7.152811449079309,7.152811449079309,2.991789967473652,-2.991789967473652,0.7516346573829651,0.2483653426170349,0.2483653426170349,0.7516346573829651,-0.018591701984405518,-0.03519940376281738,0.03519940376281738,0.26695704460144043,0.7330429553985596,0.667041540145874,0.332958459854126,-0.32638980256086847,0.32638980256086847,0.02352103590965271,-0.02352103590965271,0,-0.018591701984405518,0,0,-0.0278092622756958,0.0278092622756958,-0.08939298987388611,0.08939298987388611,-0.0278092622756958,0.0278092622756958,-0.03363582491874695,0.03363582491874695,0,0,0,0,0,1,0,0,1,0,0,0,0,0,0,0,0,0,0,0,0,0,0,0,0,0,0,0,0,0,0,1,0,1,0,0,0,0,0,0,0,0,0,0,0,0,0,0,0,0,0,00-0039918,C.Williams,NA,00-0039919,R.Odunze,NA,NA,NA,NA,NA,NA,NA,NA,NA,NA,NA,NA,NA,NA,NA,NA,NA,NA,NA,NA,NA,NA,NA,NA,NA,NA,NA,NA,NA,NA,NA,NA,NA,NA,NA,NA,00-0039841,C.DeJean,NA,NA,NA,NA,NA,NA,NA,NA,NA,NA,NA,NA,NA,NA,NA,NA,NA,NA,NA,NA,NA,NA,NA,NA,NA,NA,0,NA,NA,NA,NA,NA,NA,NA,NA,NA,NA,NA,NA,NA,NA,NA,NA,NA,NA,NA,NA,NA,NA,NA,NA,NA,NA,NA,NA,NA,NA,NA,0,NA,NA,NA,NA,0,NA,NA,0,0,0,0,NA,NA,2025,0.3705989718437195,-37.05989718437195,31,0,Punt,2420,"11/28/25, 15:02:44",2025-11-28T21:48:01.987Z,Lincoln Financial Field,"Sunny Temp: 42° F, Humidity: 35%, Wind: W 18 mph",f85755f8-311e-11f0-b670-ae1250fadad1,0,0,PASS,0,NA,2025-11-28T21:48:07.597Z,NA,13,Punt,2025-11-28T21:46:42.273Z,3,1:33,0,0,0,3,3,0,INTERCEPTION,PUNT,11:32,09:59,CHI 49,PHI 44,2369,2443,24,15,Home,-9,39,7,43.5,0,outdoors,,NA,NA,Nick Sirianni,Ben Johnson,PHI00,Lincoln Financial Field,0,0,C.Williams,18,NA,NA,R.Odunze,15,1,0,0,0,1,00-0039918,NA,00-0039919,C.Williams,18,00-0039918,R.Odunze,00-0039919,R.Odunze,00-0039919,0,0,-1.897049357648939,0.3530735053797085,4.239492841879837,1,1,1,0.8751979470252991,12.480205297470093,2025,Go for it,NA,NA,NA,NA,NA,NA,NA,NA,NA,NA,Nick Sirianni,Ben Johnson,10:12,NA,NA,Go for it,Toss Up,NA,NA,NA,NA,NA,NA,NA,NA
2443,2025_13_CHI_PHI,2025112800,PHI,CHI,REG,13,CHI,away,PHI,PHI,44,2025-11-28,606,1506,1506,Half2,0,13,0,3,4,0,10:06,PHI 44,3,7,"(10:06) 19-T.Taylor punts 36 yards to PHI 8, Center-46-S.Daly, fair catch by 18-B.Covey.",punt,0,0,0,0,0,0,0,NA,NA,NA,NA,NA,NA,NA,36,NA,NA,3,3,0,NA,NA,NA,NA,3,3,3,10,10,3,7,10,3,7,0.009312089532613754,0.17252106964588165,0.001638558809645474,0.3024085462093353,0.20608407258987427,0.00872518215328455,0.29931044578552246,0,0,0.09317555255256593,-0.28080102824606,-9.002660731887396,9.002660731887396,-8.758077658130787,8.758077658130787,-1.65298484602239,1.65298484602239,NA,NA,0,0,0.4573213655385189,-0.4573213655385189,-4.377225906297099,4.377225906297099,-7.152811449079309,7.152811449079309,2.991789967473652,-2.991789967473652,0.7330429553985596,0.26695704460144043,0.26695704460144043,0.7330429553985596,-0.006633281707763672,0.008662968873977661,-0.008662968873977661,0.2735903263092041,0.7264096736907959,0.6318421363830566,0.36815786361694336,-0.32638980256086847,0.32638980256086847,0.02352103590965271,-0.02352103590965271,NA,NA,0,0,-0.0278092622756958,0.0278092622756958,-0.08939298987388611,0.08939298987388611,-0.0278092622756958,0.0278092622756958,-0.03363582491874695,0.03363582491874695,0,0,0,0,0,0,0,0,0,0,0,1,0,0,0,1,0,0,0,0,0,0,0,0,0,0,0,0,0,0,0,0,0,0,0,0,0,0,0,0,0,0,0,1,0,0,0,0,0,0,0,NA,NA,NA,NA,NA,NA,NA,NA,NA,NA,NA,NA,NA,NA,NA,NA,NA,NA,NA,NA,NA,00-0037132,B.Covey,NA,NA,NA,NA,NA,NA,00-0039745,T.Taylor,NA,NA,NA,NA,NA,NA,NA,NA,NA,NA,NA,NA,NA,NA,NA,NA,NA,NA,NA,NA,NA,NA,NA,NA,NA,NA,NA,NA,NA,NA,NA,NA,NA,NA,NA,NA,NA,NA,0,NA,NA,NA,NA,NA,NA,NA,NA,NA,NA,NA,NA,NA,NA,NA,NA,NA,NA,NA,NA,NA,NA,NA,NA,NA,NA,NA,NA,NA,NA,PHI,0,NA,NA,NA,NA,0,NA,NA,0,0,0,0,NA,NA,2025,NA,NA,31,0,Punt,2443,"11/28/25, 15:02:44",2025-11-28T21:48:42.230Z,Lincoln Financial Field,"Sunny Temp: 42° F, Humidity: 35%, Wind: W 18 mph",f85755f8-311e-11f0-b670-ae1250fadad1,0,0,PUNT,1,NA,2025-11-28T21:48:47.667Z,NA,13,Punt,2025-11-28T21:46:42.273Z,3,1:33,0,0,0,3,3,0,INTERCEPTION,PUNT,11:32,09:59,CHI 49,PHI 44,2369,2443,24,15,Home,-9,39,7,43.5,0,outdoors,,NA,NA,Nick Sirianni,Ben Johnson,PHI00,Lincoln Financial Field,0,0,NA,NA,NA,NA,NA,NA,0,0,0,1,0,NA,NA,NA,NA,NA,NA,NA,NA,NA,NA,0,0,-0.28080102824606,NA,NA,NA,NA,NA,NA,NA,2025,Punt,0.4228638201017154,0.4769073359639151,0.548013993069971,0.6999598100278194,0.6204780595764838,0.3072159036580707,0.5328297317028046,0.6800033003091812,0.5780437925767956,0.6162494213754667,Nick Sirianni,Ben Johnson,10:06,0.3072159036580707,31,Punt,Go for it,62,48,55,70,62,58,68,53
2463,2025_13_CHI_PHI,2025112800,PHI,CHI,REG,13,PHI,home,CHI,PHI,92,2025-11-28,599,1499,1499,Half2,0,14,0,3,1,0,09:59,PHI 8,10,92,(9:59) (Shotgun) 1-J.Hurts pass short middle to 11-A.Brown to PHI 24 for 16 yards (9-J.Brisker).,pass,16,1,0,1,0,0,0,short,middle,10,6,NA,NA,NA,NA,NA,NA,3,3,0,NA,NA,NA,NA,3,3,3,10,3,10,-7,3,10,-7,0.008308438584208488,0.19753873348236084,0.010527771897614002,0.28311601281166077,0.1783529371023178,0.0014084961730986834,0.32074764370918274,0,0,0.18762547569349408,0.915193478576839,-8.087467253310557,8.087467253310557,-8.758077658130787,8.758077658130787,-0.737791367445551,0.737791367445551,0.6013289992697537,0.3138644793070853,0.6013289992697537,0.3138644793070853,1.0586503648082726,-1.0586503648082726,-4.063361426990014,4.063361426990014,-6.551482449809555,6.551482449809555,3.3056544467807374,-3.3056544467807374,0.2735903263092041,0.7264096736907959,0.2735903263092041,0.7264096736907959,0.01229703426361084,0.027282029390335083,0.027282029390335083,0.28588736057281494,0.7141126394271851,0.3594948947429657,0.3594948947429657,-0.32638980256086847,0.32638980256086847,0.03581807017326355,-0.03581807017326355,-0.009513139724731445,0.021810173988342285,-0.009513139724731445,0.021810173988342285,-0.037322402000427246,0.037322402000427246,-0.06758281588554382,0.06758281588554382,-0.037322402000427246,0.037322402000427246,-0.011825650930404663,0.011825650930404663,0,0,1,0,0,0,0,0,0,0,0,0,0,0,0,0,0,0,0,0,0,0,0,0,1,0,0,0,0,0,0,0,0,1,0,0,0,0,0,0,0,0,0,0,0,1,0,0,0,0,0,00-0036389,J.Hurts,16,00-0035676,A.Brown,16,NA,NA,NA,NA,NA,NA,NA,NA,NA,NA,NA,NA,NA,NA,NA,NA,NA,NA,NA,NA,NA,NA,NA,NA,NA,NA,NA,NA,NA,NA,NA,NA,NA,NA,NA,NA,NA,NA,NA,NA,NA,NA,NA,NA,NA,CHI,NA,00-0038135,NA,J.Brisker,NA,NA,NA,NA,NA,NA,NA,NA,NA,NA,NA,NA,NA,0,NA,NA,NA,NA,NA,NA,NA,NA,NA,NA,NA,NA,NA,NA,NA,NA,NA,NA,NA,NA,NA,NA,NA,NA,NA,NA,NA,NA,NA,NA,NA,0,NA,NA,NA,NA,0,NA,NA,0,0,0,0,NA,NA,2025,0.7034268379211426,29.657316207885742,32,1,First down,2463,"11/28/25, 15:02:44",2025-11-28T21:51:35.287Z,Lincoln Financial Field,"Sunny Temp: 42° F, Humidity: 35%, Wind: W 18 mph",f85755f8-311e-11f0-b670-ae1250fadad1,0,0,PASS,0,NA,2025-11-28T21:51:40.693Z,NA,14,Touchdown,2025-11-28T21:51:35.287Z,5,1:54,4,0,1,3,3,15,PUNT,TOUCHDOWN,09:59,08:05,PHI 8,CHI 33,2463,2612,24,15,Home,-9,39,7,43.5,0,outdoors,,NA,NA,Nick Sirianni,Ben Johnson,PHI00,Lincoln Financial Field,0,1,J.Hurts,1,NA,NA,A.Brown,11,1,0,1,0,1,00-0036389,NA,00-0035676,J.Hurts,1,00-0036389,A.Brown,00-0035676,A.Brown,00-0035676,0,0,0.915193478576839,0.3385308173343703,5.139103611174505,3,0.9989825253142044,0.9848360886680894,0.423617959022522,57.6382040977478,2025,Go for it,NA,NA,NA,NA,NA,NA,NA,NA,NA,NA,Nick Sirianni,Ben Johnson,9:59,NA,NA,Go for it,Toss Up,NA,NA,NA,NA,NA,NA,NA,NA
2495,2025_13_CHI_PHI,2025112800,PHI,CHI,REG,13,PHI,home,CHI,PHI,76,2025-11-28,570,1470,1470,Half2,0,14,0,3,1,0,09:30,PHI 24,10,92,"(9:30) (No Huddle, Shotgun) 1-J.Hurts pass short left to 6-D.Smith to PHI 25 for 1 yard (31-K.Byard). PENALTY on CHI-99-G.Dexter, Roughing the Passer, 15 yards, enforced at PHI 25.",pass,1,1,1,1,0,0,0,short,left,0,1,NA,NA,NA,NA,NA,NA,3,3,0,NA,NA,NA,NA,3,3,3,10,3,10,-7,3,10,-7,0.009795842692255974,0.14518965780735016,0.0020376257598400116,0.25026601552963257,0.20964999496936798,0.0032101476099342108,0.37985071539878845,0,0,1.102818954270333,1.2426111733075231,-6.844856080003034,6.844856080003034,-8.758077658130787,8.758077658130787,0.5048198058619722,-0.5048198058619722,-0.566327640786767,1.8089388140942901,-0.566327640786767,1.8089388140942901,0.49232272402150556,-0.49232272402150556,-2.2544226128957234,2.2544226128957234,-7.117810090596322,7.117810090596322,5.1145932608750275,-5.1145932608750275,0.28588736057281494,0.7141126394271851,0.28588736057281494,0.7141126394271851,0.028834551572799683,0.03625696897506714,0.03625696897506714,0.3147219121456146,0.6852780878543854,0.3867769241333008,0.3867769241333008,-0.32638980256086847,0.32638980256086847,0.06465262174606323,-0.06465262174606323,0,0.028834551572799683,0,0.028834551572799683,-0.037322402000427246,0.037322402000427246,-0.03874826431274414,0.03874826431274414,-0.037322402000427246,0.037322402000427246,0.01700890064239502,-0.01700890064239502,0,0,0,1,0,0,0,0,0,0,0,0,0,0,0,0,0,0,0,0,0,0,0,0,1,0,1,0,0,0,0,0,0,1,0,0,0,0,0,0,0,0,0,0,0,1,0,0,0,0,0,00-0036389,J.Hurts,1,00-0036912,D.Smith,1,NA,NA,NA,NA,NA,NA,NA,NA,NA,NA,NA,NA,NA,NA,NA,NA,NA,NA,NA,NA,NA,NA,NA,NA,NA,NA,NA,NA,NA,NA,NA,NA,NA,NA,NA,NA,NA,NA,NA,NA,NA,NA,NA,NA,NA,CHI,NA,00-0033132,NA,K.Byard,NA,NA,NA,NA,NA,NA,NA,NA,NA,NA,NA,NA,NA,0,NA,NA,NA,NA,NA,NA,NA,NA,NA,NA,NA,NA,NA,NA,NA,NA,NA,NA,NA,NA,NA,NA,NA,NA,NA,NA,NA,NA,NA,NA,NA,0,CHI,00-0039070,G.Dexter,15,0,NA,Roughing the Passer,0,0,0,0,NA,NA,2025,0.7508289813995361,24.917101860046387,33,1,First down,2495,"11/28/25, 15:02:44",2025-11-28T21:52:03.993Z,Lincoln Financial Field,"Sunny Temp: 42° F, Humidity: 35%, Wind: W 18 mph",f85755f8-311e-11f0-b670-ae1250fadad1,0,0,PASS,0,NA,2025-11-28T21:52:08.367Z,NA,14,Touchdown,2025-11-28T21:51:35.287Z,5,1:54,4,0,1,3,3,15,PUNT,TOUCHDOWN,09:59,08:05,PHI 8,CHI 33,2463,2612,24,15,Home,-9,39,7,43.5,0,outdoors,,NA,NA,Nick Sirianni,Ben Johnson,PHI00,Lincoln Financial Field,0,1,J.Hurts,1,NA,NA,D.Smith,6,1,0,1,0,1,00-0036389,NA,00-0036912,J.Hurts,1,00-0036389,D.Smith,00-0036912,D.Smith,00-0036912,0,0,1.2426111733075231,0.9993947384313164,7.088750137452735,6,0.6851368868374266,0.23030417651170865,0.5066753625869751,49.33246374130249,2025,Go for it,NA,NA,NA,NA,NA,NA,NA,NA,NA,NA,Nick Sirianni,Ben Johnson,9:30,NA,NA,Go for it (Penalty),Toss Up,NA,NA,NA,NA,NA,NA,NA,NA
2532,2025_13_CHI_PHI,2025112800,PHI,CHI,REG,13,PHI,home,CHI,PHI,60,2025-11-28,550,1450,1450,Half2,0,14,0,3,1,0,09:10,PHI 40,10,92,(9:10) (Shotgun) 26-S.Barkley left guard to PHI 44 for 4 yards (48-D.Jackson).,run,4,1,0,0,0,0,0,NA,NA,NA,NA,left,guard,NA,NA,NA,NA,3,3,0,NA,NA,NA,NA,3,3,3,10,3,10,-7,3,10,-7,0.010059450753033161,0.10363855212926865,0.0016551417065784335,0.18139468133449554,0.2428637444972992,0.004378231707960367,0.4560101628303528,0,0,2.345430127577856,-0.08225926430895925,-6.927115344311993,6.927115344311993,-8.840336922439747,8.840336922439747,0.5048198058619722,-0.5048198058619722,NA,NA,0,0,0.49232272402150556,-0.49232272402150556,-2.2544226128957234,2.2544226128957234,-7.117810090596322,7.117810090596322,5.1145932608750275,-5.1145932608750275,0.3147219121456146,0.6852780878543854,0.3147219121456146,0.6852780878543854,0.003273904323577881,2.5588274002075195e-4,2.5588274002075195e-4,0.3179958164691925,0.6820041835308075,0.4230338931083679,0.4230338931083679,-0.3231158982372906,0.3231158982372906,0.06465262174606323,-0.06465262174606323,NA,NA,0,0,-0.037322402000427246,0.037322402000427246,-0.03874826431274414,0.03874826431274414,-0.037322402000427246,0.037322402000427246,0.01700890064239502,-0.01700890064239502,0,0,0,0,0,0,0,0,0,0,0,0,0,0,0,0,0,0,0,0,0,0,0,0,1,0,0,0,0,0,0,0,1,0,0,0,0,0,0,0,0,0,0,0,0,0,0,0,0,0,0,NA,NA,NA,NA,NA,NA,00-0034844,S.Barkley,4,NA,NA,NA,NA,NA,NA,NA,NA,NA,NA,NA,NA,NA,NA,NA,NA,NA,NA,NA,NA,NA,NA,NA,NA,NA,NA,NA,NA,NA,NA,NA,NA,NA,NA,NA,NA,NA,NA,NA,NA,NA,NA,CHI,NA,00-0037271,NA,D.Jackson,NA,NA,NA,NA,NA,NA,NA,NA,NA,NA,NA,NA,NA,0,NA,NA,NA,NA,NA,NA,NA,NA,NA,NA,NA,NA,NA,NA,NA,NA,NA,NA,NA,NA,NA,NA,NA,NA,NA,NA,NA,NA,NA,NA,NA,0,NA,NA,NA,NA,0,NA,NA,0,0,0,0,NA,NA,2025,NA,NA,34,1,First down,2532,"11/28/25, 15:02:44",2025-11-28T21:52:58.367Z,Lincoln Financial Field,"Sunny Temp: 42° F, Humidity: 35%, Wind: W 18 mph",f85755f8-311e-11f0-b670-ae1250fadad1,0,0,RUSH,0,NA,2025-11-28T21:53:01.607Z,NA,14,Touchdown,2025-11-28T21:51:35.287Z,5,1:54,4,0,1,3,3,15,PUNT,TOUCHDOWN,09:59,08:05,PHI 8,CHI 33,2463,2612,24,15,Home,-9,39,7,43.5,0,outdoors,,NA,NA,Nick Sirianni,Ben Johnson,PHI00,Lincoln Financial Field,0,0,NA,NA,S.Barkley,26,NA,NA,0,1,0,0,1,NA,00-0034844,NA,S.Barkley,26,00-0034844,S.Barkley,00-0034844,S.Barkley,00-0034844,0,0,-0.08225926430895925,NA,NA,NA,NA,NA,0.5145919322967529,-51.45919322967529,2025,Go for it,NA,NA,NA,NA,NA,NA,NA,NA,NA,NA,Nick Sirianni,Ben Johnson,9:10,NA,NA,Go for it,Toss Up,NA,NA,NA,NA,NA,NA,NA,NA
2554,2025_13_CHI_PHI,2025112800,PHI,CHI,REG,13,PHI,home,CHI,PHI,56,2025-11-28,525,1425,1425,Half2,0,14,0,3,2,0,08:45,PHI 44,6,92,"(8:45) (No Huddle, Shotgun) 1-J.Hurts left end ran ob at CHI 33 for 23 yards (9-J.Brisker).",run,23,1,1,0,0,0,0,NA,NA,NA,NA,left,end,NA,NA,NA,NA,3,3,0,NA,NA,NA,NA,3,3,3,10,3,10,-7,3,10,-7,0.01140264980494976,0.11004199087619781,0.001713955425657332,0.1826143115758896,0.24016788601875305,0.004778570495545864,0.44928058981895447,0,0,2.263170863268897,1.7195718339644372,-5.207543510347556,5.207543510347556,-7.120765088475309,7.120765088475309,0.5048198058619722,-0.5048198058619722,NA,NA,0,0,0.49232272402150556,-0.49232272402150556,-2.2544226128957234,2.2544226128957234,-7.117810090596322,7.117810090596322,5.1145932608750275,-5.1145932608750275,0.3179958164691925,0.6820041835308075,0.3179958164691925,0.6820041835308075,0.03751036524772644,0.05948847532272339,0.05948847532272339,0.35550618171691895,0.644493818283081,0.42328977584838867,0.42328977584838867,-0.28560553298956415,0.28560553298956415,0.06465262174606323,-0.06465262174606323,NA,NA,0,0,-0.037322402000427246,0.037322402000427246,-0.03874826431274414,0.03874826431274414,-0.037322402000427246,0.037322402000427246,0.01700890064239502,-0.01700890064239502,0,1,0,0,0,0,0,0,0,0,0,0,0,0,0,0,0,0,0,0,0,0,0,0,1,0,0,0,0,0,0,0,1,0,0,0,0,0,0,0,0,0,0,0,0,0,0,0,0,0,0,NA,NA,NA,NA,NA,NA,00-0036389,J.Hurts,23,NA,NA,NA,NA,NA,NA,NA,NA,NA,NA,NA,NA,NA,NA,NA,NA,NA,NA,NA,NA,NA,NA,NA,NA,NA,NA,NA,NA,NA,NA,NA,NA,NA,NA,NA,NA,NA,NA,NA,NA,NA,NA,CHI,NA,00-0038135,NA,J.Brisker,NA,NA,NA,NA,NA,NA,NA,NA,NA,NA,NA,NA,NA,0,NA,NA,NA,NA,NA,NA,NA,NA,NA,NA,NA,NA,NA,NA,NA,NA,NA,NA,NA,NA,NA,NA,NA,NA,NA,NA,NA,NA,NA,NA,NA,0,NA,NA,NA,NA,0,NA,NA,0,0,0,0,NA,NA,2025,NA,NA,34,1,First down,2554,"11/28/25, 15:02:44",2025-11-28T21:53:23.607Z,Lincoln Financial Field,"Sunny Temp: 42° F, Humidity: 35%, Wind: W 18 mph",f85755f8-311e-11f0-b670-ae1250fadad1,0,0,RUSH,0,NA,2025-11-28T21:53:30.380Z,NA,14,Touchdown,2025-11-28T21:51:35.287Z,5,1:54,4,0,1,3,3,15,PUNT,TOUCHDOWN,09:59,08:05,PHI 8,CHI 33,2463,2612,24,15,Home,-9,39,7,43.5,0,outdoors,,NA,NA,Nick Sirianni,Ben Johnson,PHI00,Lincoln Financial Field,0,1,NA,NA,J.Hurts,1,NA,NA,0,1,1,0,1,NA,00-0036389,NA,J.Hurts,1,00-0036389,J.Hurts,00-0036389,J.Hurts,00-0036389,1,0,1.7195718339644372,NA,NA,NA,NA,NA,0.645637035369873,-64.5637035369873,2025,Go for it,NA,NA,NA,NA,NA,NA,NA,NA,NA,NA,Nick Sirianni,Ben Johnson,8:45,NA,NA,Go for it,Toss Up,NA,NA,NA,NA,NA,NA,NA,NA
2586,2025_13_CHI_PHI,2025112800,PHI,CHI,REG,13,PHI,home,CHI,CHI,33,2025-11-28,491,1391,1391,Half2,0,14,1,3,1,0,08:11,CHI 33,10,92,"(8:11) (No Huddle, Shotgun) 1-J.Hurts pass deep left to 11-A.Brown for 33 yards, TOUCHDOWN.",pass,33,1,1,1,0,0,0,deep,left,28,5,NA,NA,NA,NA,NA,NA,3,3,0,NA,PHI,A.Brown,00-0035676,3,3,9,10,3,10,-7,9,10,-1,0.006830054800957441,0.04455118998885155,8.315386949107051e-4,0.08081169426441193,0.3445017635822296,0.0014161281287670135,0.521057665348053,0,0,3.982742697233334,3.017257302766666,-2.19028620758089,2.19028620758089,-7.120765088475309,7.120765088475309,3.522077108628638,-3.522077108628638,1.8309390885406174,1.1863182142260484,1.8309390885406174,1.1863182142260484,2.323261812562123,-2.323261812562123,-1.068104398669675,1.068104398669675,-5.286871002055705,5.286871002055705,6.300911475101076,-6.300911475101076,0.35550618171691895,0.644493818283081,0.35550618171691895,0.644493818283081,0.17313961695046787,0.1333601554180519,0.1333601554180519,0.5286457986673868,0.4713542013326132,0.48277825117111206,0.48277825117111206,-0.28560553298956415,0.28560553298956415,0.2377922386965311,-0.2377922386965311,0,0.17313961695046787,0,0.17313961695046787,-0.037322402000427246,0.037322402000427246,0.13439135263772373,-0.13439135263772373,-0.037322402000427246,0.037322402000427246,0.1901485175928629,-0.1901485175928629,0,0,1,0,0,0,0,0,0,0,0,0,0,0,0,0,0,0,0,0,0,0,0,0,0,0,0,0,0,0,0,0,0,1,0,1,1,0,0,0,0,0,0,0,0,1,0,0,0,0,0,00-0036389,J.Hurts,33,00-0035676,A.Brown,33,NA,NA,NA,NA,NA,NA,NA,NA,NA,NA,NA,NA,NA,NA,NA,NA,NA,NA,NA,NA,NA,NA,NA,NA,NA,NA,NA,NA,NA,NA,NA,NA,NA,NA,NA,NA,NA,NA,NA,NA,NA,NA,NA,NA,NA,NA,NA,NA,NA,NA,NA,NA,NA,NA,NA,NA,NA,NA,NA,NA,NA,NA,NA,0,NA,NA,NA,NA,NA,NA,NA,NA,NA,NA,NA,NA,NA,NA,NA,NA,NA,NA,NA,NA,NA,NA,NA,NA,NA,NA,NA,NA,NA,NA,NA,0,NA,NA,NA,NA,0,NA,NA,0,0,0,0,NA,NA,2025,0.32566526532173157,67.43347346782684,35,1,Touchdown,2586,"11/28/25, 15:02:44",2025-11-28T21:53:59.880Z,Lincoln Financial Field,"Sunny Temp: 42° F, Humidity: 35%, Wind: W 18 mph",f85755f8-311e-11f0-b670-ae1250fadad1,0,0,PASS,0,NA,2025-11-28T21:54:06.023Z,NA,14,Touchdown,2025-11-28T21:51:35.287Z,5,1:54,4,0,1,3,3,15,PUNT,TOUCHDOWN,09:59,08:05,PHI 8,CHI 33,2463,2612,24,15,Home,-9,39,7,43.5,0,outdoors,,NA,NA,Nick Sirianni,Ben Johnson,PHI00,Lincoln Financial Field,0,1,J.Hurts,1,NA,NA,A.Brown,11,1,0,1,0,1,00-0036389,NA,00-0035676,J.Hurts,1,00-0036389,A.Brown,00-0035676,A.Brown,00-0035676,0,0,3.017257302766666,0.7790132530198202,3.3411455100867897,4,1,1,0.5009149312973022,49.908506870269775,2025,Go for it,NA,NA,NA,NA,NA,NA,NA,NA,NA,NA,Nick Sirianni,Ben Johnson,8:11,NA,NA,Go for it,Toss Up,NA,NA,NA,NA,NA,NA,NA,NA
2612,2025_13_CHI_PHI,2025112800,PHI,CHI,REG,13,PHI,home,CHI,CHI,15,2025-11-28,485,1385,1385,Half2,0,14,0,3,NA,0,08:05,CHI 15,0,92,"4-J.Elliott extra point is No Good, Wide Left, Center-57-C.Adomitis, Holder-10-B.Mann.",extra_point,0,0,0,0,0,0,0,NA,NA,NA,NA,NA,NA,NA,33,failed,NA,3,3,0,NA,NA,NA,NA,3,3,9,10,9,10,-1,9,10,-1,0,0,0,0,0,0,0,0.9324269968923669,0,0.9324269968923669,-0.9324269968923669,-3.122713204473257,3.122713204473257,-7.120765088475309,7.120765088475309,3.522077108628638,-3.522077108628638,NA,NA,0,0,2.323261812562123,-2.323261812562123,-1.068104398669675,1.068104398669675,-5.286871002055705,5.286871002055705,6.300911475101076,-6.300911475101076,0.5286457986673868,0.4713542013326132,0.5286457986673868,0.4713542013326132,-0.07424978922219638,-0.07380328376544876,-0.07380328376544876,0.45439600944519043,0.5456039905548096,0.616138406589164,0.616138406589164,-0.28560553298956415,0.28560553298956415,0.2377922386965311,-0.2377922386965311,NA,NA,0,0,-0.037322402000427246,0.037322402000427246,0.13439135263772373,-0.13439135263772373,-0.037322402000427246,0.037322402000427246,0.1901485175928629,-0.1901485175928629,0,0,0,0,0,0,0,0,0,0,0,0,0,0,0,0,0,0,0,0,0,0,0,0,0,0,0,0,0,0,0,0,0,0,0,0,0,0,0,1,0,0,0,0,0,0,0,0,0,0,0,NA,NA,NA,NA,NA,NA,NA,NA,NA,NA,NA,NA,NA,NA,NA,NA,NA,NA,NA,NA,NA,NA,NA,NA,NA,NA,NA,NA,NA,NA,NA,J.Elliott,00-0033787,NA,NA,NA,NA,NA,NA,NA,NA,NA,NA,NA,NA,NA,NA,NA,NA,NA,NA,NA,NA,NA,NA,NA,NA,NA,NA,NA,NA,NA,NA,NA,NA,NA,NA,NA,NA,0,NA,NA,NA,NA,NA,NA,NA,NA,NA,NA,NA,NA,NA,NA,NA,NA,NA,NA,NA,NA,NA,NA,NA,NA,NA,NA,NA,NA,NA,NA,NA,0,NA,NA,NA,NA,0,NA,NA,0,0,0,0,NA,NA,2025,NA,NA,35,1,Touchdown,2612,"11/28/25, 15:02:44",2025-11-28T21:54:47Z,Lincoln Financial Field,"Sunny Temp: 42° F, Humidity: 35%, Wind: W 18 mph",f85755f8-311e-11f0-b670-ae1250fadad1,0,0,XP_KICK,1,NA,NA,NA,14,Touchdown,2025-11-28T21:51:35.287Z,5,1:54,4,0,1,3,3,15,PUNT,TOUCHDOWN,09:59,08:05,PHI 8,CHI 33,2463,2612,24,15,Home,-9,39,7,43.5,0,outdoors,,NA,NA,Nick Sirianni,Ben Johnson,PHI00,Lincoln Financial Field,0,0,NA,NA,NA,NA,NA,NA,0,0,0,1,0,NA,NA,NA,NA,NA,NA,NA,NA,NA,NA,0,0,-0.9324269968923669,NA,NA,NA,NA,NA,NA,NA,2025,Other,NA,NA,NA,NA,NA,NA,NA,NA,NA,NA,Nick Sirianni,Ben Johnson,8:05,NA,NA,Other,Toss Up,NA,NA,NA,NA,NA,NA,NA,NA
2627,2025_13_CHI_PHI,2025112800,PHI,CHI,REG,13,CHI,away,PHI,PHI,35,2025-11-28,485,1385,1385,Half2,0,15,0,3,NA,0,08:05,PHI 35,0,19,4-J.Elliott kicks 63 yards from PHI 35 to CHI 2. 39-J.Blackwell to CHI 36 for 34 yards (7-K.Ringo).,kickoff,0,0,0,0,0,0,0,NA,NA,NA,NA,NA,NA,NA,63,NA,NA,3,3,0,NA,NA,NA,NA,3,3,9,10,10,9,1,10,9,1,0.0136903440579772,0.1370307207107544,0.0023500651586800814,0.2672154903411865,0.21793396770954132,0.0032017105259001255,0.358577698469162,0,0,0.8839484886266291,0.7278680540621281,-3.850581258535385,3.850581258535385,-7.120765088475309,7.120765088475309,3.522077108628638,-3.522077108628638,NA,NA,0,0,2.323261812562123,-2.323261812562123,-1.068104398669675,1.068104398669675,-5.286871002055705,5.286871002055705,6.300911475101076,-6.300911475101076,0.5456039905548096,0.45439600944519043,0.45439600944519043,0.5456039905548096,0.027223706245422363,0.02300289273262024,-0.02300289273262024,0.42717230319976807,0.5728276968002319,0.4576648771762848,0.5423351228237152,-0.28560553298956415,0.28560553298956415,0.2377922386965311,-0.2377922386965311,NA,NA,0,0,-0.037322402000427246,0.037322402000427246,0.13439135263772373,-0.13439135263772373,-0.037322402000427246,0.037322402000427246,0.1901485175928629,-0.1901485175928629,0,0,0,0,0,0,0,0,0,0,0,0,0,0,0,0,0,0,0,0,0,0,0,0,1,0,0,0,0,0,0,0,0,0,0,0,0,0,0,0,0,0,1,0,0,0,0,0,0,0,0,NA,NA,NA,NA,NA,NA,NA,NA,NA,NA,NA,NA,NA,NA,NA,NA,NA,NA,NA,NA,NA,NA,NA,NA,NA,J.Blackwell,00-0037129,NA,NA,NA,NA,J.Elliott,00-0033787,NA,NA,NA,NA,NA,NA,NA,NA,NA,NA,NA,NA,NA,NA,NA,NA,NA,NA,PHI,NA,00-0039140,NA,K.Ringo,NA,NA,NA,NA,NA,NA,NA,NA,NA,NA,NA,NA,NA,0,NA,NA,NA,NA,NA,NA,NA,NA,NA,NA,NA,NA,NA,NA,NA,NA,NA,NA,NA,NA,NA,NA,NA,NA,NA,NA,NA,NA,NA,NA,CHI,34,NA,NA,NA,NA,0,NA,NA,0,0,0,0,NA,NA,2025,NA,NA,36,1,First down,2627,"11/28/25, 15:02:44",2025-11-28T21:57:40.777Z,Lincoln Financial Field,"Sunny Temp: 42° F, Humidity: 35%, Wind: W 18 mph",f85755f8-311e-11f0-b670-ae1250fadad1,0,0,KICK_OFF,1,NA,2025-11-28T21:57:51.017Z,NA,15,Turnover,2025-11-28T21:57:40.777Z,3,1:29,1,0,0,3,3,5,KICKOFF,INTERCEPTION,08:05,06:36,CHI 36,PHI 45,2627,2740,24,15,Home,-9,39,7,43.5,0,outdoors,,NA,NA,Nick Sirianni,Ben Johnson,PHI00,Lincoln Financial Field,0,1,NA,NA,NA,NA,NA,NA,0,0,0,1,0,NA,NA,NA,NA,NA,NA,NA,NA,NA,NA,0,0,0.7278680540621281,NA,NA,NA,NA,NA,NA,NA,2025,Other,NA,NA,NA,NA,NA,NA,NA,NA,NA,NA,Nick Sirianni,Ben Johnson,8:05,NA,NA,Other,Toss Up,NA,NA,NA,NA,NA,NA,NA,NA
2662,2025_13_CHI_PHI,2025112800,PHI,CHI,REG,13,CHI,away,PHI,CHI,64,2025-11-28,478,1378,1378,Half2,0,15,0,3,1,0,07:58,CHI 36,10,19,(7:58) 4-D.Swift right guard to CHI 41 for 5 yards (17-N.Dean; 53-Z.Baun).,run,5,0,0,0,0,0,0,NA,NA,NA,NA,right,guard,NA,NA,NA,NA,3,3,0,NA,NA,NA,NA,3,3,9,10,10,9,1,10,9,1,0.014795668423175812,0.113350048661232,0.0021110449451953173,0.2251364290714264,0.2399982213973999,0.0040421620942652225,0.4005663990974426,0,0,1.6118165426887572,0.019904455402866006,-3.870485713938251,3.870485713938251,-7.140669543878175,7.140669543878175,3.522077108628638,-3.522077108628638,NA,NA,0,0,2.323261812562123,-2.323261812562123,-1.068104398669675,1.068104398669675,-5.286871002055705,5.286871002055705,6.300911475101076,-6.300911475101076,0.5728276968002319,0.42717230319976807,0.42717230319976807,0.5728276968002319,-0.011597990989685059,0.01227337121963501,-0.01227337121963501,0.4387702941894531,0.5612297058105469,0.48066776990890503,0.519332230091095,-0.2740075419998791,0.2740075419998791,0.2377922386965311,-0.2377922386965311,NA,NA,0,0,-0.037322402000427246,0.037322402000427246,0.13439135263772373,-0.13439135263772373,-0.037322402000427246,0.037322402000427246,0.1901485175928629,-0.1901485175928629,0,0,0,0,0,0,0,0,0,0,0,0,0,0,0,0,0,0,0,0,0,0,0,0,0,0,0,0,0,0,0,0,1,0,0,0,0,0,0,0,0,0,0,0,0,0,1,0,0,0,0,NA,NA,NA,NA,NA,NA,00-0036275,D.Swift,5,NA,NA,NA,NA,NA,NA,NA,NA,NA,NA,NA,NA,NA,NA,NA,NA,NA,NA,NA,NA,NA,NA,NA,NA,NA,NA,NA,NA,NA,NA,NA,NA,NA,NA,NA,NA,NA,NA,NA,NA,NA,NA,NA,NA,NA,NA,NA,NA,00-0037615,N.Dean,PHI,00-0036418,Z.Baun,PHI,NA,NA,NA,NA,NA,NA,0,NA,NA,NA,NA,NA,NA,NA,NA,NA,NA,NA,NA,NA,NA,NA,NA,NA,NA,NA,NA,NA,NA,NA,NA,NA,NA,NA,NA,NA,NA,NA,0,NA,NA,NA,NA,0,NA,NA,0,0,0,0,NA,NA,2025,NA,NA,36,1,First down,2662,"11/28/25, 15:02:44",2025-11-28T21:58:24.827Z,Lincoln Financial Field,"Sunny Temp: 42° F, Humidity: 35%, Wind: W 18 mph",f85755f8-311e-11f0-b670-ae1250fadad1,0,0,RUSH,0,NA,2025-11-28T21:58:29.233Z,NA,15,Turnover,2025-11-28T21:57:40.777Z,3,1:29,1,0,0,3,3,5,KICKOFF,INTERCEPTION,08:05,06:36,CHI 36,PHI 45,2627,2740,24,15,Home,-9,39,7,43.5,0,outdoors,,NA,NA,Nick Sirianni,Ben Johnson,PHI00,Lincoln Financial Field,0,1,NA,NA,D.Swift,4,NA,NA,0,1,0,0,1,NA,00-0036275,NA,D.Swift,4,00-0036275,D.Swift,00-0036275,D.Swift,00-0036275,0,0,0.019904455402866006,NA,NA,NA,NA,NA,0.46478649973869324,-46.478649973869324,2025,Go for it,NA,NA,NA,NA,NA,NA,NA,NA,NA,NA,Nick Sirianni,Ben Johnson,7:58,NA,NA,Go for it,Toss Up,NA,NA,NA,NA,NA,NA,NA,NA
2684,2025_13_CHI_PHI,2025112800,PHI,CHI,REG,13,CHI,away,PHI,CHI,59,2025-11-28,445,1345,1345,Half2,0,15,0,3,2,0,07:25,CHI 41,5,19,"(7:25) 18-C.Williams pass incomplete short left to 15-R.Odunze. PENALTY on PHI-17-N.Dean, Defensive Holding, 5 yards, enforced at CHI 41 - No Play.",no_play,0,0,0,0,0,0,0,NA,NA,NA,NA,NA,NA,NA,NA,NA,NA,3,3,0,NA,NA,NA,NA,3,3,9,10,10,9,1,10,9,1,0.015238195657730103,0.11793554574251175,0.0018684762762859464,0.21784023940563202,0.24829626083374023,0.004498375114053488,0.3943229615688324,0,0,1.6317209980916232,0.669809440150857,-4.540295154089108,4.540295154089108,-7.140669543878175,7.140669543878175,3.522077108628638,-3.522077108628638,NA,NA,0,0,2.323261812562123,-2.323261812562123,-1.068104398669675,1.068104398669675,-5.286871002055705,5.286871002055705,6.300911475101076,-6.300911475101076,0.5612297058105469,0.4387702941894531,0.4387702941894531,0.5612297058105469,0.018999874591827393,0.0185014009475708,-0.0185014009475708,0.41977041959762573,0.5802295804023743,0.49294114112854004,0.50705885887146,-0.2740075419998791,0.2740075419998791,0.2377922386965311,-0.2377922386965311,NA,NA,0,0,-0.037322402000427246,0.037322402000427246,0.13439135263772373,-0.13439135263772373,-0.037322402000427246,0.037322402000427246,0.1901485175928629,-0.1901485175928629,0,0,0,1,0,0,0,0,0,0,0,0,0,0,0,0,0,0,0,0,0,0,0,0,0,0,1,0,0,0,0,0,0,0,0,0,0,0,0,0,0,0,0,0,0,0,0,0,0,0,0,NA,NA,NA,NA,NA,NA,NA,NA,NA,NA,NA,NA,NA,NA,NA,NA,NA,NA,NA,NA,NA,NA,NA,NA,NA,NA,NA,NA,NA,NA,NA,NA,NA,NA,NA,NA,NA,NA,NA,NA,NA,NA,NA,NA,NA,NA,NA,NA,NA,NA,NA,NA,NA,NA,NA,NA,NA,NA,NA,NA,NA,NA,NA,NA,NA,NA,NA,NA,NA,0,NA,NA,NA,NA,NA,NA,NA,NA,NA,NA,NA,NA,NA,NA,NA,NA,NA,NA,NA,NA,NA,NA,NA,NA,NA,NA,NA,NA,NA,NA,NA,0,PHI,00-0037615,N.Dean,5,0,NA,Defensive Holding,0,0,0,0,NA,NA,2025,NA,NA,36,1,First down,2684,"11/28/25, 15:02:44",2025-11-28T21:58:57.890Z,Lincoln Financial Field,"Sunny Temp: 42° F, Humidity: 35%, Wind: W 18 mph",f85755f8-311e-11f0-b670-ae1250fadad1,0,0,PENALTY,0,NA,2025-11-28T21:59:01.393Z,NA,15,Turnover,2025-11-28T21:57:40.777Z,3,1:29,1,0,0,3,3,5,KICKOFF,INTERCEPTION,08:05,06:36,CHI 36,PHI 45,2627,2740,24,15,Home,-9,39,7,43.5,0,outdoors,,NA,NA,Nick Sirianni,Ben Johnson,PHI00,Lincoln Financial Field,0,1,C.Williams,18,NA,NA,R.Odunze,15,1,0,1,0,1,00-0039918,NA,00-0039919,C.Williams,18,00-0039918,NA,NA,R.Odunze,00-0039919,0,0,0.669809440150857,NA,NA,NA,NA,NA,0.5002608895301819,49.97391104698181,2025,Other,NA,NA,NA,NA,NA,NA,NA,NA,NA,NA,Nick Sirianni,Ben Johnson,7:25,NA,NA,Other (Penalty),Toss Up,NA,NA,NA,NA,NA,NA,NA,NA
2718,2025_13_CHI_PHI,2025112800,PHI,CHI,REG,13,CHI,away,PHI,CHI,54,2025-11-28,441,1341,1341,Half2,0,15,0,3,1,0,07:21,CHI 46,10,19,(7:21) 4-D.Swift right tackle to PHI 45 for 9 yards (33-C.DeJean; 17-N.Dean).,run,9,0,0,0,0,0,0,NA,NA,NA,NA,right,tackle,NA,NA,NA,NA,3,3,0,NA,NA,NA,NA,3,3,9,10,10,9,1,10,9,1,0.013129725120961666,0.09786167740821838,0.0014862451935186982,0.1809629648923874,0.26498326659202576,0.004230816848576069,0.43734532594680786,0,0,2.30153043824248,0.7801187760196626,-5.320413930108771,5.320413930108771,-7.920788319897838,7.920788319897838,3.522077108628638,-3.522077108628638,NA,NA,0,0,2.323261812562123,-2.323261812562123,-1.068104398669675,1.068104398669675,-5.286871002055705,5.286871002055705,6.300911475101076,-6.300911475101076,0.5802295804023743,0.41977041959762573,0.41977041959762573,0.5802295804023743,0.03884172439575195,0.0317913293838501,-0.0317913293838501,0.3809286952018738,0.6190713047981262,0.5114425420761108,0.48855745792388916,-0.31284926639563104,0.31284926639563104,0.2377922386965311,-0.2377922386965311,NA,NA,0,0,-0.037322402000427246,0.037322402000427246,0.13439135263772373,-0.13439135263772373,-0.037322402000427246,0.037322402000427246,0.1901485175928629,-0.1901485175928629,0,0,0,0,0,0,0,0,0,0,0,0,0,0,0,0,0,0,0,0,0,0,0,0,0,0,0,0,0,0,0,0,1,0,0,0,0,0,0,0,0,0,0,0,0,0,1,0,0,0,0,NA,NA,NA,NA,NA,NA,00-0036275,D.Swift,9,NA,NA,NA,NA,NA,NA,NA,NA,NA,NA,NA,NA,NA,NA,NA,NA,NA,NA,NA,NA,NA,NA,NA,NA,NA,NA,NA,NA,NA,NA,NA,NA,NA,NA,NA,NA,NA,NA,NA,NA,NA,NA,NA,NA,NA,NA,NA,NA,00-0039841,C.DeJean,PHI,00-0037615,N.Dean,PHI,NA,NA,NA,NA,NA,NA,0,NA,NA,NA,NA,NA,NA,NA,NA,NA,NA,NA,NA,NA,NA,NA,NA,NA,NA,NA,NA,NA,NA,NA,NA,NA,NA,NA,NA,NA,NA,NA,0,NA,NA,NA,NA,0,NA,NA,0,0,0,0,NA,NA,2025,NA,NA,37,0,Turnover,2718,"11/28/25, 15:02:44",2025-11-28T22:00:02.957Z,Lincoln Financial Field,"Sunny Temp: 42° F, Humidity: 35%, Wind: W 18 mph",f85755f8-311e-11f0-b670-ae1250fadad1,0,0,RUSH,0,NA,2025-11-28T22:00:09.433Z,NA,15,Turnover,2025-11-28T21:57:40.777Z,3,1:29,1,0,0,3,3,5,KICKOFF,INTERCEPTION,08:05,06:36,CHI 36,PHI 45,2627,2740,24,15,Home,-9,39,7,43.5,0,outdoors,,NA,NA,Nick Sirianni,Ben Johnson,PHI00,Lincoln Financial Field,0,1,NA,NA,D.Swift,4,NA,NA,0,1,0,0,1,NA,00-0036275,NA,D.Swift,4,00-0036275,D.Swift,00-0036275,D.Swift,00-0036275,0,0,0.7801187760196626,NA,NA,NA,NA,NA,0.47279778122901917,-47.27977812290192,2025,Go for it,NA,NA,NA,NA,NA,NA,NA,NA,NA,NA,Nick Sirianni,Ben Johnson,7:21,NA,NA,Go for it,Toss Up,NA,NA,NA,NA,NA,NA,NA,NA
2740,2025_13_CHI_PHI,2025112800,PHI,CHI,REG,13,CHI,away,PHI,PHI,45,2025-11-28,404,1304,1304,Half2,0,15,0,3,2,0,06:44,PHI 45,1,19,(6:44) 18-C.Williams pass short left intended for 25-K.Monangai INTERCEPTED by 58-J.Hunt at CHI 47. 58-J.Hunt to CHI 36 for 11 yards (18-C.Williams).,pass,0,0,0,1,0,0,0,short,left,-8,NA,NA,NA,NA,NA,NA,NA,3,3,0,NA,NA,NA,NA,3,3,9,10,10,9,1,10,9,1,0.010367674753069878,0.07699653506278992,0.0011098490795120597,0.13270701467990875,0.2973226010799408,0.003726887982338667,0.4777694344520569,0,0,3.0816492142621428,-6.910081430687569,1.5896675005787984,-1.5896675005787984,-7.920788319897838,7.920788319897838,10.432158539316207,-10.432158539316207,-2.1497907547745854,-4.760290675912984,0,0,2.323261812562123,-2.323261812562123,-1.068104398669675,1.068104398669675,-3.1370802472811192,3.1370802472811192,11.06120215101406,-11.06120215101406,0.6190713047981262,0.3809286952018738,0.3809286952018738,0.6190713047981262,-0.25827455520629883,-0.22647833824157715,0.22647833824157715,0.6392032504081726,0.3607967495918274,0.5432338714599609,0.45676612854003906,-0.31284926639563104,0.31284926639563104,0.49606679390282993,-0.49606679390282993,0,-0.25827455520629883,0,0,-0.037322402000427246,0.037322402000427246,0.13439135263772373,-0.13439135263772373,-0.037322402000427246,0.037322402000427246,0.4484230727991617,-0.4484230727991617,0,0,0,0,0,0,0,0,0,0,1,0,0,0,0,0,0,0,0,0,0,0,0,0,1,0,0,0,0,0,0,0,0,1,0,0,0,0,0,0,0,0,0,0,0,0,0,0,0,0,0,00-0039918,C.Williams,NA,00-0040236,K.Monangai,NA,NA,NA,NA,NA,NA,NA,NA,NA,NA,NA,NA,00-0039740,J.Hunt,NA,NA,NA,NA,NA,NA,NA,NA,NA,NA,NA,NA,NA,NA,NA,NA,NA,NA,NA,NA,NA,NA,NA,NA,NA,NA,NA,NA,NA,NA,NA,NA,CHI,NA,00-0039918,NA,C.Williams,NA,NA,NA,NA,NA,NA,NA,NA,NA,NA,NA,NA,NA,0,NA,NA,NA,NA,NA,NA,00-0039740,J.Hunt,NA,NA,NA,NA,NA,NA,NA,NA,NA,NA,NA,NA,NA,NA,NA,NA,NA,NA,NA,NA,NA,NA,PHI,11,NA,NA,NA,NA,0,NA,NA,0,0,0,0,NA,NA,2025,0.7701607942581177,-77.01607942581177,37,0,Turnover,2740,"11/28/25, 15:02:44",2025-11-28T22:00:40.800Z,Lincoln Financial Field,"Sunny Temp: 42° F, Humidity: 35%, Wind: W 18 mph",f85755f8-311e-11f0-b670-ae1250fadad1,0,0,INTERCEPTION,0,NA,2025-11-28T22:00:47.477Z,NA,15,Turnover,2025-11-28T21:57:40.777Z,3,1:29,1,0,0,3,3,5,KICKOFF,INTERCEPTION,08:05,06:36,CHI 36,PHI 45,2627,2740,24,15,Home,-9,39,7,43.5,0,outdoors,,NA,NA,Nick Sirianni,Ben Johnson,PHI00,Lincoln Financial Field,0,0,C.Williams,18,NA,NA,K.Monangai,25,1,0,0,0,1,00-0039918,NA,00-0040236,C.Williams,18,00-0039918,K.Monangai,00-0040236,K.Monangai,00-0040236,0,0,-6.910081430687569,1.6896004045937327,11.159244130947627,10,0.39360000391025096,0.554102944326587,0.2109437733888626,78.90562266111374,2025,Go for it,NA,NA,NA,NA,NA,NA,NA,NA,NA,NA,Nick Sirianni,Ben Johnson,6:44,NA,NA,Go for it,Toss Up,NA,NA,NA,NA,NA,NA,NA,NA
2767,2025_13_CHI_PHI,2025112800,PHI,CHI,REG,13,PHI,home,CHI,CHI,36,2025-11-28,396,1296,1296,Half2,0,16,0,3,1,0,06:36,CHI 36,10,23,(6:36) (Shotgun) 26-S.Barkley left end to CHI 21 for 15 yards (9-J.Brisker).,run,15,1,0,0,0,0,0,NA,NA,NA,NA,left,end,NA,NA,NA,NA,3,3,0,NA,NA,NA,NA,3,3,9,10,9,10,-1,9,10,-1,0.008878934197127819,0.050811316817998886,9.178381296806037e-4,0.09052711725234985,0.3288419842720032,0.0020588363986462355,0.5179640054702759,0,0,3.8284322164254263,0.9864341837819666,2.576101684360765,-2.576101684360765,-6.934354136115871,6.934354136115871,10.432158539316207,-10.432158539316207,NA,NA,0,0,2.323261812562123,-2.323261812562123,-1.068104398669675,1.068104398669675,-3.1370802472811192,3.1370802472811192,11.06120215101406,-11.06120215101406,0.6392032504081726,0.3607967495918274,0.6392032504081726,0.3607967495918274,0.02770388126373291,0.038088321685791016,0.038088321685791016,0.6669071316719055,0.3330928683280945,0.6832444667816162,0.6832444667816162,-0.28514538513189813,0.28514538513189813,0.49606679390282993,-0.49606679390282993,NA,NA,0,0,-0.037322402000427246,0.037322402000427246,0.13439135263772373,-0.13439135263772373,-0.037322402000427246,0.037322402000427246,0.4484230727991617,-0.4484230727991617,0,1,0,0,0,0,0,0,0,0,0,0,0,0,0,0,0,0,0,0,0,0,0,0,1,0,0,0,0,0,0,0,1,0,0,0,0,0,0,0,0,0,0,0,0,0,0,0,0,0,0,NA,NA,NA,NA,NA,NA,00-0034844,S.Barkley,15,NA,NA,NA,NA,NA,NA,NA,NA,NA,NA,NA,NA,NA,NA,NA,NA,NA,NA,NA,NA,NA,NA,NA,NA,NA,NA,NA,NA,NA,NA,NA,NA,NA,NA,NA,NA,NA,NA,NA,NA,NA,NA,CHI,NA,00-0038135,NA,J.Brisker,NA,NA,NA,NA,NA,NA,NA,NA,NA,NA,NA,NA,NA,0,NA,NA,NA,NA,NA,NA,NA,NA,NA,NA,NA,NA,NA,NA,NA,NA,NA,NA,NA,NA,NA,NA,NA,NA,NA,NA,NA,NA,NA,NA,NA,0,NA,NA,NA,NA,0,NA,NA,0,0,0,0,NA,NA,2025,NA,NA,38,1,First down,2767,"11/28/25, 15:02:44",2025-11-28T22:01:44.843Z,Lincoln Financial Field,"Sunny Temp: 42° F, Humidity: 35%, Wind: W 18 mph",f85755f8-311e-11f0-b670-ae1250fadad1,0,0,RUSH,0,NA,2025-11-28T22:01:50.817Z,NA,16,Turnover,2025-11-28T22:01:44.843Z,4,2:03,1,1,0,3,3,0,INTERCEPTION,FUMBLE,06:36,04:33,CHI 36,CHI 12,2767,2833,24,15,Home,-9,39,7,43.5,0,outdoors,,NA,NA,Nick Sirianni,Ben Johnson,PHI00,Lincoln Financial Field,0,1,NA,NA,S.Barkley,26,NA,NA,0,1,1,0,1,NA,00-0034844,NA,S.Barkley,26,00-0034844,S.Barkley,00-0034844,S.Barkley,00-0034844,0,0,0.9864341837819666,NA,NA,NA,NA,NA,0.48745647072792053,-48.74564707279205,2025,Go for it,NA,NA,NA,NA,NA,NA,NA,NA,NA,NA,Nick Sirianni,Ben Johnson,6:36,NA,NA,Go for it,Toss Up,NA,NA,NA,NA,NA,NA,NA,NA
2789,2025_13_CHI_PHI,2025112800,PHI,CHI,REG,13,PHI,home,CHI,CHI,21,2025-11-28,364,1264,1264,Half2,0,16,0,3,1,0,06:04,CHI 21,10,23,"(6:04) (No Huddle, Shotgun) 26-S.Barkley up the middle to CHI 17 for 4 yards (45-A.Ogbongbemiga).",run,4,1,1,0,0,0,0,NA,NA,NA,NA,middle,NA,NA,NA,NA,NA,3,3,0,NA,NA,NA,NA,3,3,9,10,9,10,-1,9,10,-1,0.0041448320262134075,0.026431068778038025,5.079032853245735e-4,0.03822781890630722,0.3370898962020874,7.377829751931131e-4,0.5928606986999512,0,0,4.814866400207393,-0.13304298976436257,2.4430586945964023,-2.4430586945964023,-7.067397125880234,7.067397125880234,10.432158539316207,-10.432158539316207,NA,NA,0,0,2.323261812562123,-2.323261812562123,-1.068104398669675,1.068104398669675,-3.1370802472811192,3.1370802472811192,11.06120215101406,-11.06120215101406,0.6669071316719055,0.3330928683280945,0.6669071316719055,0.3330928683280945,-0.008091151714324951,-0.02020055055618286,-0.02020055055618286,0.6588159799575806,0.34118402004241943,0.7213327884674072,0.7213327884674072,-0.2932365368462231,0.2932365368462231,0.49606679390282993,-0.49606679390282993,NA,NA,0,0,-0.037322402000427246,0.037322402000427246,0.13439135263772373,-0.13439135263772373,-0.037322402000427246,0.037322402000427246,0.4484230727991617,-0.4484230727991617,0,0,0,0,0,0,0,0,0,0,0,0,0,0,0,0,0,0,0,0,0,0,0,0,1,0,0,0,0,0,0,0,1,0,0,0,0,0,0,0,0,0,0,0,0,0,0,0,0,0,0,NA,NA,NA,NA,NA,NA,00-0034844,S.Barkley,4,NA,NA,NA,NA,NA,NA,NA,NA,NA,NA,NA,NA,NA,NA,NA,NA,NA,NA,NA,NA,NA,NA,NA,NA,NA,NA,NA,NA,NA,NA,NA,NA,NA,NA,NA,NA,NA,NA,NA,NA,NA,NA,CHI,NA,00-0036716,NA,A.Ogbongbemiga,NA,NA,NA,NA,NA,NA,NA,NA,NA,NA,NA,NA,NA,0,NA,NA,NA,NA,NA,NA,NA,NA,NA,NA,NA,NA,NA,NA,NA,NA,NA,NA,NA,NA,NA,NA,NA,NA,NA,NA,NA,NA,NA,NA,NA,0,NA,NA,NA,NA,0,NA,NA,0,0,0,0,NA,NA,2025,NA,NA,39,0,Turnover,2789,"11/28/25, 15:02:44",2025-11-28T22:02:17.350Z,Lincoln Financial Field,"Sunny Temp: 42° F, Humidity: 35%, Wind: W 18 mph",f85755f8-311e-11f0-b670-ae1250fadad1,0,0,RUSH,0,NA,2025-11-28T22:02:21.957Z,NA,16,Turnover,2025-11-28T22:01:44.843Z,4,2:03,1,1,0,3,3,0,INTERCEPTION,FUMBLE,06:36,04:33,CHI 36,CHI 12,2767,2833,24,15,Home,-9,39,7,43.5,0,outdoors,,NA,NA,Nick Sirianni,Ben Johnson,PHI00,Lincoln Financial Field,0,0,NA,NA,S.Barkley,26,NA,NA,0,1,0,0,1,NA,00-0034844,NA,S.Barkley,26,00-0034844,S.Barkley,00-0034844,S.Barkley,00-0034844,0,0,-0.13304298976436257,NA,NA,NA,NA,NA,0.4472365379333496,-44.72365379333496,2025,Go for it,NA,NA,NA,NA,NA,NA,NA,NA,NA,NA,Nick Sirianni,Ben Johnson,6:04,NA,NA,Go for it,Toss Up,NA,NA,NA,NA,NA,NA,NA,NA
2811,2025_13_CHI_PHI,2025112800,PHI,CHI,REG,13,PHI,home,CHI,CHI,17,2025-11-28,329,1229,1229,Half2,0,16,0,3,2,0,05:29,CHI 17,6,23,(5:29) (Shotgun) 26-S.Barkley left guard to CHI 12 for 5 yards (50-G.Jarrett; 48-D.Jackson).,run,5,1,0,0,0,0,0,NA,NA,NA,NA,left,guard,NA,NA,NA,NA,3,3,0,NA,NA,NA,NA,3,3,9,10,9,10,-1,9,10,-1,0.004217419307678938,0.021906085312366486,4.67419158667326e-4,0.03648057579994202,0.3877200484275818,7.558313081972301e-4,0.5484526753425598,0,0,4.68182341044303,0.2855709643336013,2.7286296589300036,-2.7286296589300036,-6.781826161546633,6.781826161546633,10.432158539316207,-10.432158539316207,NA,NA,0,0,2.323261812562123,-2.323261812562123,-1.068104398669675,1.068104398669675,-3.1370802472811192,3.1370802472811192,11.06120215101406,-11.06120215101406,0.6588159799575806,0.34118402004241943,0.6588159799575806,0.34118402004241943,0.02299821376800537,0.02098095417022705,0.02098095417022705,0.6818141937255859,0.31818580627441406,0.7011322379112244,0.7011322379112244,-0.2702383230782177,0.2702383230782177,0.49606679390282993,-0.49606679390282993,NA,NA,0,0,-0.037322402000427246,0.037322402000427246,0.13439135263772373,-0.13439135263772373,-0.037322402000427246,0.037322402000427246,0.4484230727991617,-0.4484230727991617,0,0,0,0,0,0,0,0,0,0,0,0,0,0,0,0,0,0,0,0,0,0,0,0,0,0,0,0,0,0,0,0,1,0,0,0,0,0,0,0,0,0,0,0,0,0,1,0,0,0,0,NA,NA,NA,NA,NA,NA,00-0034844,S.Barkley,5,NA,NA,NA,NA,NA,NA,NA,NA,NA,NA,NA,NA,NA,NA,NA,NA,NA,NA,NA,NA,NA,NA,NA,NA,NA,NA,NA,NA,NA,NA,NA,NA,NA,NA,NA,NA,NA,NA,NA,NA,NA,NA,NA,NA,NA,NA,NA,NA,00-0031583,G.Jarrett,CHI,00-0037271,D.Jackson,CHI,NA,NA,NA,NA,NA,NA,0,NA,NA,NA,NA,NA,NA,NA,NA,NA,NA,NA,NA,NA,NA,NA,NA,NA,NA,NA,NA,NA,NA,NA,NA,NA,NA,NA,NA,NA,NA,NA,0,NA,NA,NA,NA,0,NA,NA,0,0,0,0,NA,NA,2025,NA,NA,39,0,Turnover,2811,"11/28/25, 15:02:44",2025-11-28T22:02:52.647Z,Lincoln Financial Field,"Sunny Temp: 42° F, Humidity: 35%, Wind: W 18 mph",f85755f8-311e-11f0-b670-ae1250fadad1,0,0,RUSH,0,NA,2025-11-28T22:02:59.157Z,NA,16,Turnover,2025-11-28T22:01:44.843Z,4,2:03,1,1,0,3,3,0,INTERCEPTION,FUMBLE,06:36,04:33,CHI 36,CHI 12,2767,2833,24,15,Home,-9,39,7,43.5,0,outdoors,,NA,NA,Nick Sirianni,Ben Johnson,PHI00,Lincoln Financial Field,0,1,NA,NA,S.Barkley,26,NA,NA,0,1,0,0,1,NA,00-0034844,NA,S.Barkley,26,00-0034844,S.Barkley,00-0034844,S.Barkley,00-0034844,0,0,0.2855709643336013,NA,NA,NA,NA,NA,0.6224329471588135,-62.24329471588135,2025,Go for it,NA,NA,NA,NA,NA,NA,NA,NA,NA,NA,Nick Sirianni,Ben Johnson,5:29,NA,NA,Go for it,Toss Up,NA,NA,NA,NA,NA,NA,NA,NA
2833,2025_13_CHI_PHI,2025112800,PHI,CHI,REG,13,PHI,home,CHI,CHI,12,2025-11-28,286,1186,1186,Half2,0,16,0,3,3,0,04:46,CHI 12,1,23,"(4:46) 1-J.Hurts up the middle to CHI 11 for 1 yard (26-N.Wright). FUMBLES (26-N.Wright), RECOVERED by CHI-26-N.Wright at CHI 13.",run,-1,0,0,0,0,0,0,NA,NA,NA,NA,middle,NA,NA,NA,NA,NA,3,3,0,NA,NA,NA,NA,3,3,9,10,9,10,-1,9,10,-1,0.0037682794500142336,0.01664995215833187,4.8313086153939366e-4,0.033682506531476974,0.33999043703079224,7.726522744633257e-4,0.6046530604362488,0,0,4.967394374776632,-4.986970319412649,-2.258340660482645,2.258340660482645,-11.768796480959281,11.768796480959281,10.432158539316207,-10.432158539316207,NA,NA,0,0,2.323261812562123,-2.323261812562123,-1.068104398669675,1.068104398669675,-3.1370802472811192,3.1370802472811192,11.06120215101406,-11.06120215101406,0.6818141937255859,0.31818580627441406,0.6818141937255859,0.31818580627441406,-0.21081537008285522,-0.1939089596271515,-0.1939089596271515,0.4709988236427307,0.5290011763572693,0.7221131920814514,0.7221131920814514,-0.48105369316107294,0.48105369316107294,0.49606679390282993,-0.49606679390282993,NA,NA,0,0,-0.037322402000427246,0.037322402000427246,0.13439135263772373,-0.13439135263772373,-0.037322402000427246,0.037322402000427246,0.4484230727991617,-0.4484230727991617,0,0,0,0,0,1,0,0,0,0,0,0,0,0,0,0,0,0,0,0,0,1,0,0,1,0,0,1,1,0,0,0,1,0,0,0,0,0,0,0,0,0,0,0,1,0,0,0,0,0,0,NA,NA,NA,NA,NA,NA,00-0036389,J.Hurts,-1,NA,NA,NA,NA,NA,NA,NA,NA,NA,NA,NA,NA,NA,NA,NA,NA,NA,NA,NA,NA,NA,NA,NA,NA,NA,NA,NA,NA,NA,NA,NA,NA,NA,NA,NA,NA,CHI,00-0036986,N.Wright,NA,NA,NA,CHI,NA,00-0036986,NA,N.Wright,NA,NA,NA,NA,NA,NA,NA,NA,NA,NA,NA,NA,NA,0,NA,NA,NA,NA,NA,NA,NA,NA,NA,NA,PHI,00-0036389,J.Hurts,NA,NA,NA,CHI,0,00-0036986,N.Wright,NA,NA,NA,NA,NA,NA,NA,NA,NA,NA,NA,0,NA,NA,NA,NA,0,NA,NA,0,0,0,0,NA,NA,2025,NA,NA,39,0,Turnover,2833,"11/28/25, 15:02:44",2025-11-28T22:03:34.917Z,Lincoln Financial Field,"Sunny Temp: 42° F, Humidity: 35%, Wind: W 18 mph",f85755f8-311e-11f0-b670-ae1250fadad1,0,0,RUSH,0,NA,2025-11-28T22:03:40.457Z,NA,16,Turnover,2025-11-28T22:01:44.843Z,4,2:03,1,1,0,3,3,0,INTERCEPTION,FUMBLE,06:36,04:33,CHI 36,CHI 12,2767,2833,24,15,Home,-9,39,7,43.5,0,outdoors,,NA,NA,Nick Sirianni,Ben Johnson,PHI00,Lincoln Financial Field,0,0,NA,NA,J.Hurts,1,NA,NA,0,1,0,0,1,NA,00-0036389,NA,J.Hurts,1,00-0036389,J.Hurts,00-0036389,J.Hurts,00-0036389,0,0,-4.986970319412649,NA,NA,NA,NA,NA,0.2281869351863861,-22.81869351863861,2025,Go for it,NA,NA,NA,NA,NA,NA,NA,NA,NA,NA,Nick Sirianni,Ben Johnson,4:46,NA,NA,Go for it,Toss Up,NA,NA,NA,NA,NA,NA,NA,NA
2871,2025_13_CHI_PHI,2025112800,PHI,CHI,REG,13,CHI,away,PHI,CHI,87,2025-11-28,273,1173,1173,Half2,0,17,0,3,1,0,04:33,CHI 13,10,87,(4:33) 25-K.Monangai right end to CHI 44 for 31 yards (32-R.Blankenship).,run,31,0,0,0,0,0,0,NA,NA,NA,NA,right,end,NA,NA,NA,NA,3,3,0,NA,NA,NA,NA,3,3,9,10,10,9,1,10,9,1,0.025216318666934967,0.1727643460035324,0.003633060958236456,0.308034747838974,0.1794099360704422,0.0026885911356657743,0.30825304985046387,0,0,0.019575944636017084,2.0715641542337835,-4.3299048147164285,4.3299048147164285,-13.840360635193065,13.840360635193065,10.432158539316207,-10.432158539316207,NA,NA,0,0,2.323261812562123,-2.323261812562123,-1.068104398669675,1.068104398669675,-3.1370802472811192,3.1370802472811192,11.06120215101406,-11.06120215101406,0.5290011763572693,0.4709988236427307,0.4709988236427307,0.5290011763572693,0.05396825075149536,0.05027911067008972,-0.05027911067008972,0.41703057289123535,0.5829694271087646,0.4717957675457001,0.5282042324542999,-0.5350219439125683,0.5350219439125683,0.49606679390282993,-0.49606679390282993,NA,NA,0,0,-0.037322402000427246,0.037322402000427246,0.13439135263772373,-0.13439135263772373,-0.037322402000427246,0.037322402000427246,0.4484230727991617,-0.4484230727991617,0,1,0,0,0,0,0,0,0,0,0,0,0,0,0,0,0,0,0,0,0,0,0,0,1,0,0,0,0,0,0,0,1,0,0,0,0,0,0,0,0,0,0,0,0,0,0,0,0,0,0,NA,NA,NA,NA,NA,NA,00-0040236,K.Monangai,31,NA,NA,NA,NA,NA,NA,NA,NA,NA,NA,NA,NA,NA,NA,NA,NA,NA,NA,NA,NA,NA,NA,NA,NA,NA,NA,NA,NA,NA,NA,NA,NA,NA,NA,NA,NA,NA,NA,NA,NA,NA,NA,PHI,NA,00-0037130,NA,R.Blankenship,NA,NA,NA,NA,NA,NA,NA,NA,NA,NA,NA,NA,NA,0,NA,NA,NA,NA,NA,NA,NA,NA,NA,NA,NA,NA,NA,NA,NA,NA,NA,NA,NA,NA,NA,NA,NA,NA,NA,NA,NA,NA,NA,NA,NA,0,NA,NA,NA,NA,0,NA,NA,0,0,0,0,NA,NA,2025,NA,NA,40,1,First down,2871,"11/28/25, 15:02:44",2025-11-28T22:07:23.523Z,Lincoln Financial Field,"Sunny Temp: 42° F, Humidity: 35%, Wind: W 18 mph",f85755f8-311e-11f0-b670-ae1250fadad1,0,0,RUSH,0,NA,2025-11-28T22:07:30.933Z,NA,17,Touchdown,2025-11-28T22:07:23.523Z,12,6:44,6,1,1,3,4,-5,FUMBLE,TOUCHDOWN,04:33,12:49,CHI 13,PHI 4,2871,3199,24,15,Home,-9,39,7,43.5,0,outdoors,,NA,NA,Nick Sirianni,Ben Johnson,PHI00,Lincoln Financial Field,0,1,NA,NA,K.Monangai,25,NA,NA,0,1,1,0,1,NA,00-0040236,NA,K.Monangai,25,00-0040236,K.Monangai,00-0040236,K.Monangai,00-0040236,0,0,2.0715641542337835,NA,NA,NA,NA,NA,0.4257272481918335,-42.57272481918335,2025,Go for it,NA,NA,NA,NA,NA,NA,NA,NA,NA,NA,Nick Sirianni,Ben Johnson,4:33,NA,NA,Go for it,Toss Up,NA,NA,NA,NA,NA,NA,NA,NA
2900,2025_13_CHI_PHI,2025112800,PHI,CHI,REG,13,CHI,away,PHI,CHI,56,2025-11-28,239,1139,1139,Half2,0,17,0,3,1,0,03:59,CHI 44,10,87,(3:59) 25-K.Monangai up the middle to CHI 49 for 5 yards (97-M.Ojomo).,run,5,0,0,0,0,0,0,NA,NA,NA,NA,middle,NA,NA,NA,NA,NA,3,3,0,NA,NA,NA,NA,3,3,9,10,10,9,1,10,9,1,0.022212229669094086,0.10411996394395828,0.0015606111846864223,0.19028963148593903,0.25363045930862427,0.003910457249730825,0.4242766201496124,0,0,2.0911400988698006,0.11908623273484409,-4.448991047451273,4.448991047451273,-13.959446867927909,13.959446867927909,10.432158539316207,-10.432158539316207,NA,NA,0,0,2.323261812562123,-2.323261812562123,-1.068104398669675,1.068104398669675,-3.1370802472811192,3.1370802472811192,11.06120215101406,-11.06120215101406,0.5829694271087646,0.41703057289123535,0.41703057289123535,0.5829694271087646,0.016200780868530273,6.353259086608887e-4,-6.353259086608887e-4,0.4008297920227051,0.5991702079772949,0.5220748782157898,0.4779251217842102,-0.5512227247810986,0.5512227247810986,0.49606679390282993,-0.49606679390282993,NA,NA,0,0,-0.037322402000427246,0.037322402000427246,0.13439135263772373,-0.13439135263772373,-0.037322402000427246,0.037322402000427246,0.4484230727991617,-0.4484230727991617,0,0,0,0,0,0,0,0,0,0,0,0,0,0,0,0,0,0,0,0,0,0,0,0,1,0,0,0,0,0,0,0,1,0,0,0,0,0,0,0,0,0,0,0,0,0,0,0,0,0,0,NA,NA,NA,NA,NA,NA,00-0040236,K.Monangai,5,NA,NA,NA,NA,NA,NA,NA,NA,NA,NA,NA,NA,NA,NA,NA,NA,NA,NA,NA,NA,NA,NA,NA,NA,NA,NA,NA,NA,NA,NA,NA,NA,NA,NA,NA,NA,NA,NA,NA,NA,NA,NA,PHI,NA,00-0038412,NA,M.Ojomo,NA,NA,NA,NA,NA,NA,NA,NA,NA,NA,NA,NA,NA,0,NA,NA,NA,NA,NA,NA,NA,NA,NA,NA,NA,NA,NA,NA,NA,NA,NA,NA,NA,NA,NA,NA,NA,NA,NA,NA,NA,NA,NA,NA,NA,0,NA,NA,NA,NA,0,NA,NA,0,0,0,0,NA,NA,2025,NA,NA,41,1,First down,2900,"11/28/25, 15:02:44",2025-11-28T22:07:57.267Z,Lincoln Financial Field,"Sunny Temp: 42° F, Humidity: 35%, Wind: W 18 mph",f85755f8-311e-11f0-b670-ae1250fadad1,0,0,RUSH,0,NA,2025-11-28T22:08:01.107Z,NA,17,Touchdown,2025-11-28T22:07:23.523Z,12,6:44,6,1,1,3,4,-5,FUMBLE,TOUCHDOWN,04:33,12:49,CHI 13,PHI 4,2871,3199,24,15,Home,-9,39,7,43.5,0,outdoors,,NA,NA,Nick Sirianni,Ben Johnson,PHI00,Lincoln Financial Field,0,1,NA,NA,K.Monangai,25,NA,NA,0,1,0,0,1,NA,00-0040236,NA,K.Monangai,25,00-0040236,K.Monangai,00-0040236,K.Monangai,00-0040236,0,0,0.11908623273484409,NA,NA,NA,NA,NA,0.47326725721359253,-47.32672572135925,2025,Go for it,NA,NA,NA,NA,NA,NA,NA,NA,NA,NA,Nick Sirianni,Ben Johnson,3:59,NA,NA,Go for it,Toss Up,NA,NA,NA,NA,NA,NA,NA,NA
2922,2025_13_CHI_PHI,2025112800,PHI,CHI,REG,13,CHI,away,PHI,CHI,51,2025-11-28,201,1101,1101,Half2,0,17,0,3,2,0,03:21,CHI 49,5,87,(3:21) 25-K.Monangai right end to PHI 42 for 9 yards (55-B.Graham; 32-R.Blankenship).,run,9,0,0,0,0,0,0,NA,NA,NA,NA,right,end,NA,NA,NA,NA,3,3,0,NA,NA,NA,NA,3,3,9,10,10,9,1,10,9,1,0.025626400485634804,0.09906412661075592,0.0012035422259941697,0.1804356724023819,0.2657364010810852,0.003974191844463348,0.4239597022533417,0,0,2.2102263316046447,0.8191403623204678,-5.26813140977174,5.26813140977174,-14.778587230248377,14.778587230248377,10.432158539316207,-10.432158539316207,NA,NA,0,0,2.323261812562123,-2.323261812562123,-1.068104398669675,1.068104398669675,-3.1370802472811192,3.1370802472811192,11.06120215101406,-11.06120215101406,0.5991702079772949,0.4008297920227051,0.4008297920227051,0.5991702079772949,0.020851492881774902,0.03729844093322754,-0.03729844093322754,0.3799782991409302,0.6200217008590698,0.5227102041244507,0.4772897958755493,-0.5720742176628735,0.5720742176628735,0.49606679390282993,-0.49606679390282993,NA,NA,0,0,-0.037322402000427246,0.037322402000427246,0.13439135263772373,-0.13439135263772373,-0.037322402000427246,0.037322402000427246,0.4484230727991617,-0.4484230727991617,0,1,0,0,0,0,0,0,0,0,0,0,0,0,0,0,0,0,0,0,0,0,0,0,0,0,0,0,0,0,0,0,1,0,0,0,0,0,0,0,0,0,0,0,0,0,1,0,0,0,0,NA,NA,NA,NA,NA,NA,00-0040236,K.Monangai,9,NA,NA,NA,NA,NA,NA,NA,NA,NA,NA,NA,NA,NA,NA,NA,NA,NA,NA,NA,NA,NA,NA,NA,NA,NA,NA,NA,NA,NA,NA,NA,NA,NA,NA,NA,NA,NA,NA,NA,NA,NA,NA,NA,NA,NA,NA,NA,NA,00-0027865,B.Graham,PHI,00-0037130,R.Blankenship,PHI,NA,NA,NA,NA,NA,NA,0,NA,NA,NA,NA,NA,NA,NA,NA,NA,NA,NA,NA,NA,NA,NA,NA,NA,NA,NA,NA,NA,NA,NA,NA,NA,NA,NA,NA,NA,NA,NA,0,NA,NA,NA,NA,0,NA,NA,0,0,0,0,NA,NA,2025,NA,NA,41,1,First down,2922,"11/28/25, 15:02:44",2025-11-28T22:08:34.617Z,Lincoln Financial Field,"Sunny Temp: 42° F, Humidity: 35%, Wind: W 18 mph",f85755f8-311e-11f0-b670-ae1250fadad1,0,0,RUSH,0,NA,2025-11-28T22:08:40.023Z,NA,17,Touchdown,2025-11-28T22:07:23.523Z,12,6:44,6,1,1,3,4,-5,FUMBLE,TOUCHDOWN,04:33,12:49,CHI 13,PHI 4,2871,3199,24,15,Home,-9,39,7,43.5,0,outdoors,,NA,NA,Nick Sirianni,Ben Johnson,PHI00,Lincoln Financial Field,0,1,NA,NA,K.Monangai,25,NA,NA,0,1,1,0,1,NA,00-0040236,NA,K.Monangai,25,00-0040236,K.Monangai,00-0040236,K.Monangai,00-0040236,0,0,0.8191403623204678,NA,NA,NA,NA,NA,0.5040007829666138,-50.40007829666138,2025,Go for it,NA,NA,NA,NA,NA,NA,NA,NA,NA,NA,Nick Sirianni,Ben Johnson,3:21,NA,NA,Go for it,Toss Up,NA,NA,NA,NA,NA,NA,NA,NA
2944,2025_13_CHI_PHI,2025112800,PHI,CHI,REG,13,CHI,away,PHI,PHI,42,2025-11-28,161,1061,1061,Half2,0,17,0,3,1,0,02:41,PHI 42,10,87,"(2:41) PENALTY on CHI-62-J.Thuney, False Start, 5 yards, enforced at PHI 42 - No Play.",no_play,0,0,0,0,0,0,0,NA,NA,NA,NA,NA,NA,NA,NA,NA,NA,3,3,0,NA,NA,NA,NA,3,3,9,10,10,9,1,10,9,1,0.023369424045085907,0.07302741706371307,0.001164754619821906,0.13144561648368835,0.30222368240356445,0.0034313290379941463,0.46533772349357605,0,0,3.0293666939251125,-0.6373360729776323,-4.630795336794108,4.630795336794108,-14.778587230248377,14.778587230248377,10.432158539316207,-10.432158539316207,NA,NA,0,0,2.323261812562123,-2.323261812562123,-1.068104398669675,1.068104398669675,-3.1370802472811192,3.1370802472811192,11.06120215101406,-11.06120215101406,0.6200217008590698,0.3799782991409302,0.3799782991409302,0.6200217008590698,-0.013225913047790527,-0.03565680980682373,0.03565680980682373,0.3932042121887207,0.6067957878112793,0.5600086450576782,0.4399913549423218,-0.5720742176628735,0.5720742176628735,0.49606679390282993,-0.49606679390282993,NA,NA,0,0,-0.037322402000427246,0.037322402000427246,0.13439135263772373,-0.13439135263772373,-0.037322402000427246,0.037322402000427246,0.4484230727991617,-0.4484230727991617,0,0,0,0,0,0,0,0,0,0,0,0,0,0,0,0,0,0,0,0,0,0,0,0,0,0,1,0,0,0,0,0,0,0,0,0,0,0,0,0,0,0,0,0,0,0,0,0,0,0,0,NA,NA,NA,NA,NA,NA,NA,NA,NA,NA,NA,NA,NA,NA,NA,NA,NA,NA,NA,NA,NA,NA,NA,NA,NA,NA,NA,NA,NA,NA,NA,NA,NA,NA,NA,NA,NA,NA,NA,NA,NA,NA,NA,NA,NA,NA,NA,NA,NA,NA,NA,NA,NA,NA,NA,NA,NA,NA,NA,NA,NA,NA,NA,NA,NA,NA,NA,NA,NA,0,NA,NA,NA,NA,NA,NA,NA,NA,NA,NA,NA,NA,NA,NA,NA,NA,NA,NA,NA,NA,NA,NA,NA,NA,NA,NA,NA,NA,NA,NA,NA,0,CHI,00-0032391,J.Thuney,5,0,NA,False Start,0,0,0,0,NA,NA,2025,NA,NA,42,1,First down,2944,"11/28/25, 15:02:44",2025-11-28T22:09:15Z,Lincoln Financial Field,"Sunny Temp: 42° F, Humidity: 35%, Wind: W 18 mph",f85755f8-311e-11f0-b670-ae1250fadad1,0,0,PENALTY,0,NA,NA,NA,17,Touchdown,2025-11-28T22:07:23.523Z,12,6:44,6,1,1,3,4,-5,FUMBLE,TOUCHDOWN,04:33,12:49,CHI 13,PHI 4,2871,3199,24,15,Home,-9,39,7,43.5,0,outdoors,,NA,NA,Nick Sirianni,Ben Johnson,PHI00,Lincoln Financial Field,0,0,NA,NA,NA,NA,NA,NA,0,0,0,0,1,NA,NA,NA,NA,NA,NA,NA,NA,NA,NA,0,0,-0.6373360729776323,NA,NA,NA,NA,NA,0.47876325249671936,NA,2025,Other,NA,NA,NA,NA,NA,NA,NA,NA,NA,NA,Nick Sirianni,Ben Johnson,2:41,NA,NA,Other (Penalty),Toss Up,NA,NA,NA,NA,NA,NA,NA,NA
2968,2025_13_CHI_PHI,2025112800,PHI,CHI,REG,13,CHI,away,PHI,PHI,47,2025-11-28,139,1039,1039,Half2,0,17,0,3,1,0,02:19,PHI 47,15,87,(2:19) 25-K.Monangai left guard to PHI 46 for 1 yard (90-J.Davis).,run,1,0,0,0,0,0,0,NA,NA,NA,NA,left,guard,NA,NA,NA,NA,3,3,0,NA,NA,NA,NA,3,3,9,10,10,9,1,10,9,1,0.025880342349410057,0.09646379202604294,0.0015318007208406925,0.15892714262008667,0.2989896237850189,0.005488909315317869,0.41271841526031494,0,0,2.39203062094748,-0.5337303651031107,-4.0970649716909975,4.0970649716909975,-14.244856865145266,14.244856865145266,10.432158539316207,-10.432158539316207,NA,NA,0,0,2.323261812562123,-2.323261812562123,-1.068104398669675,1.068104398669675,-3.1370802472811192,3.1370802472811192,11.06120215101406,-11.06120215101406,0.6067957878112793,0.3932042121887207,0.3932042121887207,0.6067957878112793,-0.024209678173065186,-0.01904618740081787,0.01904618740081787,0.4174138903617859,0.5825861096382141,0.5243518352508545,0.4756481647491455,-0.5478645394898083,0.5478645394898083,0.49606679390282993,-0.49606679390282993,NA,NA,0,0,-0.037322402000427246,0.037322402000427246,0.13439135263772373,-0.13439135263772373,-0.037322402000427246,0.037322402000427246,0.4484230727991617,-0.4484230727991617,0,0,0,0,0,0,0,0,0,0,0,0,0,0,0,0,0,0,0,0,0,0,0,0,1,0,0,0,0,0,0,0,1,0,0,0,0,0,0,0,0,0,0,0,0,0,0,0,0,0,0,NA,NA,NA,NA,NA,NA,00-0040236,K.Monangai,1,NA,NA,NA,NA,NA,NA,NA,NA,NA,NA,NA,NA,NA,NA,NA,NA,NA,NA,NA,NA,NA,NA,NA,NA,NA,NA,NA,NA,NA,NA,NA,NA,NA,NA,NA,NA,NA,NA,NA,NA,NA,NA,PHI,NA,00-0037073,NA,J.Davis,NA,NA,NA,NA,NA,NA,NA,NA,NA,NA,NA,NA,NA,0,NA,NA,NA,NA,NA,NA,NA,NA,NA,NA,NA,NA,NA,NA,NA,NA,NA,NA,NA,NA,NA,NA,NA,NA,NA,NA,NA,NA,NA,NA,NA,0,NA,NA,NA,NA,0,NA,NA,0,0,0,0,NA,NA,2025,NA,NA,42,1,First down,2968,"11/28/25, 15:02:44",2025-11-28T22:09:52.557Z,Lincoln Financial Field,"Sunny Temp: 42° F, Humidity: 35%, Wind: W 18 mph",f85755f8-311e-11f0-b670-ae1250fadad1,0,0,RUSH,0,NA,2025-11-28T22:09:55.693Z,NA,17,Touchdown,2025-11-28T22:07:23.523Z,12,6:44,6,1,1,3,4,-5,FUMBLE,TOUCHDOWN,04:33,12:49,CHI 13,PHI 4,2871,3199,24,15,Home,-9,39,7,43.5,0,outdoors,,NA,NA,Nick Sirianni,Ben Johnson,PHI00,Lincoln Financial Field,0,0,NA,NA,K.Monangai,25,NA,NA,0,1,0,0,1,NA,00-0040236,NA,K.Monangai,25,00-0040236,K.Monangai,00-0040236,K.Monangai,00-0040236,0,0,-0.5337303651031107,NA,NA,NA,NA,NA,0.7113395929336548,-71.13395929336548,2025,Go for it,NA,NA,NA,NA,NA,NA,NA,NA,NA,NA,Nick Sirianni,Ben Johnson,2:19,NA,NA,Go for it,Toss Up,NA,NA,NA,NA,NA,NA,NA,NA
2990,2025_13_CHI_PHI,2025112800,PHI,CHI,REG,13,CHI,away,PHI,PHI,46,2025-11-28,99,999,999,Half2,0,17,0,3,2,0,01:39,PHI 46,14,87,(1:39) (Shotgun) 25-K.Monangai left guard to PHI 37 for 9 yards (17-N.Dean).,run,9,1,0,0,0,0,0,NA,NA,NA,NA,left,guard,NA,NA,NA,NA,3,3,0,NA,NA,NA,NA,3,3,9,10,10,9,1,10,9,1,0.035295356065034866,0.1040322557091713,0.0016978461062535644,0.18849828839302063,0.2936764657497406,0.005069417413324118,0.37173035740852356,0,0,1.8583002558443695,0.4301804443821311,-4.527245416073129,4.527245416073129,-14.675037309527397,14.675037309527397,10.432158539316207,-10.432158539316207,NA,NA,0,0,2.323261812562123,-2.323261812562123,-1.068104398669675,1.068104398669675,-3.1370802472811192,3.1370802472811192,11.06120215101406,-11.06120215101406,0.5825861096382141,0.4174138903617859,0.4174138903617859,0.5825861096382141,0.012873709201812744,0.04281836748123169,-0.04281836748123169,0.40454018115997314,0.5954598188400269,0.5053056478500366,0.4946943521499634,-0.560738248691621,0.560738248691621,0.49606679390282993,-0.49606679390282993,NA,NA,0,0,-0.037322402000427246,0.037322402000427246,0.13439135263772373,-0.13439135263772373,-0.037322402000427246,0.037322402000427246,0.4484230727991617,-0.4484230727991617,0,0,0,0,0,0,0,0,0,0,0,0,0,0,0,0,0,0,0,0,0,0,0,0,1,0,0,0,0,0,0,0,1,0,0,0,0,0,0,0,0,0,0,0,0,0,0,0,0,0,0,NA,NA,NA,NA,NA,NA,00-0040236,K.Monangai,9,NA,NA,NA,NA,NA,NA,NA,NA,NA,NA,NA,NA,NA,NA,NA,NA,NA,NA,NA,NA,NA,NA,NA,NA,NA,NA,NA,NA,NA,NA,NA,NA,NA,NA,NA,NA,NA,NA,NA,NA,NA,NA,PHI,NA,00-0037615,NA,N.Dean,NA,NA,NA,NA,NA,NA,NA,NA,NA,NA,NA,NA,NA,0,NA,NA,NA,NA,NA,NA,NA,NA,NA,NA,NA,NA,NA,NA,NA,NA,NA,NA,NA,NA,NA,NA,NA,NA,NA,NA,NA,NA,NA,NA,NA,0,NA,NA,NA,NA,0,NA,NA,0,0,0,0,NA,NA,2025,NA,NA,42,1,First down,2990,"11/28/25, 15:02:44",2025-11-28T22:10:32.667Z,Lincoln Financial Field,"Sunny Temp: 42° F, Humidity: 35%, Wind: W 18 mph",f85755f8-311e-11f0-b670-ae1250fadad1,0,0,RUSH,0,NA,2025-11-28T22:10:36.437Z,NA,17,Touchdown,2025-11-28T22:07:23.523Z,12,6:44,6,1,1,3,4,-5,FUMBLE,TOUCHDOWN,04:33,12:49,CHI 13,PHI 4,2871,3199,24,15,Home,-9,39,7,43.5,0,outdoors,,NA,NA,Nick Sirianni,Ben Johnson,PHI00,Lincoln Financial Field,0,1,NA,NA,K.Monangai,25,NA,NA,0,1,0,0,1,NA,00-0040236,NA,K.Monangai,25,00-0040236,K.Monangai,00-0040236,K.Monangai,00-0040236,0,0,0.4301804443821311,NA,NA,NA,NA,NA,0.8560486435890198,-85.60486435890198,2025,Go for it,NA,NA,NA,NA,NA,NA,NA,NA,NA,NA,Nick Sirianni,Ben Johnson,1:39,NA,NA,Go for it,Toss Up,NA,NA,NA,NA,NA,NA,NA,NA
3012,2025_13_CHI_PHI,2025112800,PHI,CHI,REG,13,CHI,away,PHI,PHI,37,2025-11-28,60,960,960,Half2,0,17,0,3,3,0,01:00,PHI 37,5,87,(1:00) (Shotgun) 18-C.Williams pass incomplete short middle.,pass,0,1,0,1,0,0,0,short,middle,-5,NA,NA,NA,NA,NA,NA,NA,3,3,0,NA,NA,NA,NA,3,3,9,10,10,9,1,10,9,1,0.029119601473212242,0.09526043385267258,0.0012015480315312743,0.1582096517086029,0.32756277918815613,0.003815499134361744,0.3848304748535156,0,0,2.2884807002265006,-1.7543959589675069,-2.7728494571056217,2.7728494571056217,-14.675037309527397,14.675037309527397,12.186554498283714,-12.186554498283714,-2.501842779573053,0.7474468206055462,0,0,2.323261812562123,-2.323261812562123,-1.068104398669675,1.068104398669675,-0.6352374677080661,0.6352374677080661,10.313755330408513,-10.313755330408513,0.5954598188400269,0.40454018115997314,0.40454018115997314,0.5954598188400269,-0.060836613178253174,-0.058440208435058594,0.058440208435058594,0.4653767943382263,0.5346232056617737,0.5481240153312683,0.4518759846687317,-0.560738248691621,0.560738248691621,0.5569034070810831,-0.5569034070810831,0,-0.060836613178253174,0,0,-0.037322402000427246,0.037322402000427246,0.13439135263772373,-0.13439135263772373,-0.037322402000427246,0.037322402000427246,0.5092596859774149,-0.5092596859774149,0,0,0,0,0,1,0,0,1,0,0,0,0,0,0,0,0,0,0,0,0,0,0,0,0,0,0,0,0,0,0,0,0,1,0,0,0,0,0,0,0,0,0,0,0,0,0,0,0,0,0,00-0039918,C.Williams,NA,NA,NA,NA,NA,NA,NA,NA,NA,NA,NA,NA,NA,NA,NA,NA,NA,NA,NA,NA,NA,NA,NA,NA,NA,NA,NA,NA,NA,NA,NA,NA,NA,NA,NA,NA,NA,NA,NA,NA,NA,NA,NA,NA,NA,NA,NA,NA,NA,NA,NA,NA,NA,NA,NA,NA,NA,NA,NA,NA,NA,NA,NA,NA,NA,NA,NA,0,NA,NA,NA,NA,NA,NA,NA,NA,NA,NA,NA,NA,NA,NA,NA,NA,NA,NA,NA,NA,NA,NA,NA,NA,NA,NA,NA,NA,NA,NA,NA,0,NA,NA,NA,NA,0,NA,NA,0,0,0,0,NA,NA,2025,NA,NA,42,1,First down,3012,"11/28/25, 15:02:44",2025-11-28T22:11:12.107Z,Lincoln Financial Field,"Sunny Temp: 42° F, Humidity: 35%, Wind: W 18 mph",f85755f8-311e-11f0-b670-ae1250fadad1,0,0,PASS,0,NA,2025-11-28T22:11:15.110Z,NA,17,Touchdown,2025-11-28T22:07:23.523Z,12,6:44,6,1,1,3,4,-5,FUMBLE,TOUCHDOWN,04:33,12:49,CHI 13,PHI 4,2871,3199,24,15,Home,-9,39,7,43.5,0,outdoors,,NA,NA,Nick Sirianni,Ben Johnson,PHI00,Lincoln Financial Field,0,0,C.Williams,18,NA,NA,NA,NA,1,0,0,0,1,00-0039918,NA,NA,C.Williams,18,00-0039918,NA,NA,NA,NA,0,0,-1.7543959589675069,NA,NA,NA,NA,NA,0.9537027478218079,4.629725217819214,2025,Go for it,NA,NA,NA,NA,NA,NA,NA,NA,NA,NA,Nick Sirianni,Ben Johnson,1:00,NA,NA,Go for it,Toss Up,NA,NA,NA,NA,NA,NA,NA,NA
3035,2025_13_CHI_PHI,2025112800,PHI,CHI,REG,13,CHI,away,PHI,PHI,37,2025-11-28,56,956,956,Half2,0,17,0,3,4,0,00:56,PHI 37,5,87,(:56) (Shotgun) 18-C.Williams pass short left to 84-C.Loveland ran ob at PHI 30 for 7 yards.,pass,7,1,0,1,0,0,0,short,left,7,0,NA,NA,NA,NA,NA,NA,3,3,0,NA,NA,NA,NA,3,3,9,10,10,9,1,10,9,1,0.03740142658352852,0.15660104155540466,0.0016049024416133761,0.2504042088985443,0.27092793583869934,0.00685602892190218,0.2762044668197632,0,0,0.5340847412589937,3.3124207545770332,-6.085270211682655,6.085270211682655,-14.675037309527397,14.675037309527397,8.87413374370668,-8.87413374370668,3.3124207545770332,0,3.3124207545770332,0,-0.9891589420149103,0.9891589420149103,-1.068104398669675,1.068104398669675,-3.9476582222850993,3.9476582222850993,10.313755330408513,-10.313755330408513,0.5346232056617737,0.4653767943382263,0.4653767943382263,0.5346232056617737,0.10342735052108765,0.10022181272506714,-0.10022181272506714,0.36194944381713867,0.6380505561828613,0.4896838068962097,0.5103161931037903,-0.560738248691621,0.560738248691621,0.45347605655999546,-0.45347605655999546,0.10342735052108765,0,0.10342735052108765,0,-0.1407497525215149,0.1407497525215149,0.13439135263772373,-0.13439135263772373,-0.1407497525215149,0.1407497525215149,0.5092596859774149,-0.5092596859774149,0,0,1,0,0,0,1,0,0,0,0,0,0,0,0,0,0,0,0,0,0,0,0,0,0,0,0,0,0,0,0,0,0,1,0,0,0,0,0,0,0,0,0,0,0,1,0,0,0,0,0,00-0039918,C.Williams,7,00-0040126,C.Loveland,7,NA,NA,NA,NA,NA,NA,NA,NA,NA,NA,NA,NA,NA,NA,NA,NA,NA,NA,NA,NA,NA,NA,NA,NA,NA,NA,NA,NA,NA,NA,NA,NA,NA,NA,NA,NA,NA,NA,NA,NA,NA,NA,NA,NA,NA,NA,NA,NA,NA,NA,NA,NA,NA,NA,NA,NA,NA,NA,NA,NA,NA,NA,NA,0,NA,NA,NA,NA,NA,NA,NA,NA,NA,NA,NA,NA,NA,NA,NA,NA,NA,NA,NA,NA,NA,NA,NA,NA,NA,NA,NA,NA,NA,NA,NA,0,NA,NA,NA,NA,0,NA,NA,0,0,0,0,NA,NA,2025,0.6524936556816101,34.75063443183899,42,1,First down,3035,"11/28/25, 15:02:44",2025-11-28T22:12:32.523Z,Lincoln Financial Field,"Sunny Temp: 42° F, Humidity: 35%, Wind: W 18 mph",f85755f8-311e-11f0-b670-ae1250fadad1,0,0,PASS,0,NA,2025-11-28T22:12:36.993Z,NA,17,Touchdown,2025-11-28T22:07:23.523Z,12,6:44,6,1,1,3,4,-5,FUMBLE,TOUCHDOWN,04:33,12:49,CHI 13,PHI 4,2871,3199,24,15,Home,-9,39,7,43.5,0,outdoors,,NA,NA,Nick Sirianni,Ben Johnson,PHI00,Lincoln Financial Field,0,1,C.Williams,18,NA,NA,C.Loveland,84,1,0,1,0,1,00-0039918,NA,00-0040126,C.Williams,18,00-0039918,C.Loveland,00-0040126,C.Loveland,00-0040126,1,0,3.3124207545770332,0.2949886459876816,3.5638447230448946,1,0.9986142803099938,0.9986142803099938,0.9445509314537048,5.544906854629517,2025,Go for it,2.2802713060818434,0.41291832074784907,0.3890666874440937,0.6177482113938789,0.48349346756781114,0.5389211226772723,0.3792635500431061,0.5303565412759781,0.4606907545069927,0.4515818194113165,Nick Sirianni,Ben Johnson,0:56,0.5389211226772723,54,Go for it,Go for it,48,41,39,62,45,46,53,38
3065,2025_13_CHI_PHI,2025112800,PHI,CHI,REG,13,CHI,away,PHI,PHI,30,2025-11-28,20,920,920,Half2,0,17,0,3,1,0,00:20,PHI 30,10,87,(:20) 25-K.Monangai up the middle to PHI 21 for 9 yards (90-J.Davis; 21-S.Brown).,run,9,0,0,0,0,0,0,NA,NA,NA,NA,middle,NA,NA,NA,NA,NA,3,3,0,NA,NA,NA,NA,3,3,9,10,10,9,1,10,9,1,0.01694539375603199,0.042486127465963364,6.943983607925475e-4,0.07967202365398407,0.3710540235042572,8.283482166007161e-4,0.4883197247982025,0,0,3.846505495836027,0.7424039552570321,-6.827674166939687,6.827674166939687,-15.41744126478443,15.41744126478443,8.87413374370668,-8.87413374370668,NA,NA,0,0,-0.9891589420149103,0.9891589420149103,-1.068104398669675,1.068104398669675,-3.9476582222850993,3.9476582222850993,10.313755330408513,-10.313755330408513,0.6380505561828613,0.36194944381713867,0.36194944381713867,0.6380505561828613,0.04608774185180664,0.03308248519897461,-0.03308248519897461,0.31586170196533203,0.684138298034668,0.5899056196212769,0.41009438037872314,-0.6068259905434277,0.6068259905434277,0.45347605655999546,-0.45347605655999546,NA,NA,0,0,-0.1407497525215149,0.1407497525215149,0.13439135263772373,-0.13439135263772373,-0.1407497525215149,0.1407497525215149,0.5092596859774149,-0.5092596859774149,0,0,0,0,0,0,0,0,0,0,0,0,0,0,0,0,0,0,0,0,0,0,0,0,0,0,0,0,0,0,0,0,1,0,0,0,0,0,0,0,0,0,0,0,0,0,1,0,0,0,0,NA,NA,NA,NA,NA,NA,00-0040236,K.Monangai,9,NA,NA,NA,NA,NA,NA,NA,NA,NA,NA,NA,NA,NA,NA,NA,NA,NA,NA,NA,NA,NA,NA,NA,NA,NA,NA,NA,NA,NA,NA,NA,NA,NA,NA,NA,NA,NA,NA,NA,NA,NA,NA,NA,NA,NA,NA,NA,NA,00-0037073,J.Davis,PHI,00-0039002,S.Brown,PHI,NA,NA,NA,NA,NA,NA,0,NA,NA,NA,NA,NA,NA,NA,NA,NA,NA,NA,NA,NA,NA,NA,NA,NA,NA,NA,NA,NA,NA,NA,NA,NA,NA,NA,NA,NA,NA,NA,0,NA,NA,NA,NA,0,NA,NA,0,0,0,0,NA,NA,2025,NA,NA,43,1,First down,3065,"11/28/25, 15:02:44",2025-11-28T22:13:12.010Z,Lincoln Financial Field,"Sunny Temp: 42° F, Humidity: 35%, Wind: W 18 mph",f85755f8-311e-11f0-b670-ae1250fadad1,0,0,RUSH,0,NA,2025-11-28T22:13:17.017Z,NA,17,Touchdown,2025-11-28T22:07:23.523Z,12,6:44,6,1,1,3,4,-5,FUMBLE,TOUCHDOWN,04:33,12:49,CHI 13,PHI 4,2871,3199,24,15,Home,-9,39,7,43.5,0,outdoors,,NA,NA,Nick Sirianni,Ben Johnson,PHI00,Lincoln Financial Field,0,1,NA,NA,K.Monangai,25,NA,NA,0,1,0,0,1,NA,00-0040236,NA,K.Monangai,25,00-0040236,K.Monangai,00-0040236,K.Monangai,00-0040236,0,0,0.7424039552570321,NA,NA,NA,NA,NA,0.44180941581726074,-44.180941581726074,2025,Go for it,NA,NA,NA,NA,NA,NA,NA,NA,NA,NA,Nick Sirianni,Ben Johnson,0:20,NA,NA,Go for it,Toss Up,NA,NA,NA,NA,NA,NA,NA,NA
3087,2025_13_CHI_PHI,2025112800,PHI,CHI,REG,13,CHI,away,PHI,NA,NA,2025-11-28,0,900,900,Half2,1,17,0,3,NA,0,00:00,PHI 21,0,87,END QUARTER 3,NA,NA,0,0,NA,0,0,0,NA,NA,NA,NA,NA,NA,NA,NA,NA,NA,3,3,NA,NA,NA,NA,NA,3,3,9,10,10,9,1,10,9,1,0,0,0,0,0,0,0,0,0,4.588909451093059,-0,-6.827674166939687,6.827674166939687,-15.41744126478443,15.41744126478443,8.87413374370668,-8.87413374370668,NA,NA,NA,NA,-0.9891589420149103,0.9891589420149103,-1.068104398669675,1.068104398669675,-3.9476582222850993,3.9476582222850993,10.313755330408513,-10.313755330408513,0.684138298034668,0.31586170196533203,0.31586170196533203,0.684138298034668,-0,-0,0,0.31586170196533203,0.684138298034668,0.6229881048202515,0.37701189517974854,-0.6068259905434277,0.6068259905434277,0.45347605655999546,-0.45347605655999546,NA,NA,NA,NA,-0.1407497525215149,0.1407497525215149,0.13439135263772373,-0.13439135263772373,-0.1407497525215149,0.1407497525215149,0.5092596859774149,-0.5092596859774149,NA,NA,NA,NA,NA,NA,NA,NA,NA,0,NA,NA,NA,NA,NA,NA,NA,NA,NA,NA,NA,NA,NA,NA,NA,NA,NA,NA,NA,NA,NA,NA,NA,NA,NA,NA,NA,NA,NA,NA,NA,NA,NA,NA,NA,NA,NA,NA,NA,NA,NA,NA,NA,NA,NA,NA,NA,NA,NA,NA,NA,NA,NA,NA,NA,NA,NA,NA,NA,NA,NA,NA,NA,NA,NA,NA,NA,NA,NA,NA,NA,NA,NA,NA,NA,NA,NA,NA,NA,NA,NA,NA,NA,NA,NA,NA,NA,NA,NA,NA,NA,NA,NA,NA,NA,NA,NA,NA,NA,NA,NA,NA,NA,NA,NA,NA,NA,NA,NA,NA,NA,NA,NA,NA,NA,NA,NA,NA,NA,NA,NA,NA,NA,NA,NA,NA,NA,NA,NA,NA,NA,NA,NA,NA,NA,NA,NA,NA,NA,NA,NA,NA,NA,NA,NA,NA,NA,0,NA,NA,NA,NA,NA,NA,NA,NA,2025,NA,NA,43,1,First down,3087,"11/28/25, 15:02:44",NA,Lincoln Financial Field,"Sunny Temp: 42° F, Humidity: 35%, Wind: W 18 mph",f85755f8-311e-11f0-b670-ae1250fadad1,0,0,END_QUARTER,0,NA,NA,NA,17,Touchdown,2025-11-28T22:07:23.523Z,12,6:44,6,1,1,3,4,-5,FUMBLE,TOUCHDOWN,04:33,12:49,CHI 13,PHI 4,2871,3199,24,15,Home,-9,39,7,43.5,0,outdoors,,NA,NA,Nick Sirianni,Ben Johnson,PHI00,Lincoln Financial Field,0,0,NA,NA,NA,NA,NA,NA,0,0,NA,0,0,NA,NA,NA,NA,NA,NA,NA,NA,NA,NA,0,0,-0,NA,NA,NA,NA,NA,NA,NA,2025,Other,NA,NA,NA,NA,NA,NA,NA,NA,NA,NA,Nick Sirianni,Ben Johnson,0:00,NA,NA,NA,Toss Up,NA,NA,NA,NA,NA,NA,NA,NA
3107,2025_13_CHI_PHI,2025112800,PHI,CHI,REG,13,CHI,away,PHI,PHI,21,2025-11-28,900,900,900,Half2,0,17,0,4,2,0,15:00,PHI 21,1,87,(15:00) 4-D.Swift left end to PHI 15 for 6 yards (33-C.DeJean).,run,6,0,0,0,0,0,0,NA,NA,NA,NA,left,end,NA,NA,NA,NA,3,3,0,NA,NA,NA,NA,3,3,9,10,10,9,1,10,9,1,0.013539627194404602,0.03053225204348564,4.6267666039057076e-4,0.05091613903641701,0.3225504755973816,7.596885552629828e-4,0.5812391042709351,0,0,4.588909451093059,0.28010010509751737,-7.107774272037204,7.107774272037204,-15.697541369881947,15.697541369881947,8.87413374370668,-8.87413374370668,NA,NA,0,0,-0.9891589420149103,0.9891589420149103,-1.068104398669675,1.068104398669675,-3.9476582222850993,3.9476582222850993,10.313755330408513,-10.313755330408513,0.684138298034668,0.31586170196533203,0.31586170196533203,0.684138298034668,0.008256196975708008,0.005463957786560059,-0.005463957786560059,0.307605504989624,0.692394495010376,0.6229881048202515,0.37701189517974854,-0.6150821875191357,0.6150821875191357,0.45347605655999546,-0.45347605655999546,NA,NA,0,0,-0.1407497525215149,0.1407497525215149,0.13439135263772373,-0.13439135263772373,-0.1407497525215149,0.1407497525215149,0.5092596859774149,-0.5092596859774149,0,1,0,0,0,0,0,0,0,0,0,0,0,0,0,0,0,0,0,0,0,0,0,0,1,0,0,0,0,0,0,0,1,0,0,0,0,0,0,0,0,0,0,0,0,0,0,0,0,0,0,NA,NA,NA,NA,NA,NA,00-0036275,D.Swift,6,NA,NA,NA,NA,NA,NA,NA,NA,NA,NA,NA,NA,NA,NA,NA,NA,NA,NA,NA,NA,NA,NA,NA,NA,NA,NA,NA,NA,NA,NA,NA,NA,NA,NA,NA,NA,NA,NA,NA,NA,NA,NA,PHI,NA,00-0039841,NA,C.DeJean,NA,NA,NA,NA,NA,NA,NA,NA,NA,NA,NA,NA,NA,0,NA,NA,NA,NA,NA,NA,NA,NA,NA,NA,NA,NA,NA,NA,NA,NA,NA,NA,NA,NA,NA,NA,NA,NA,NA,NA,NA,NA,NA,NA,NA,0,NA,NA,NA,NA,0,NA,NA,0,0,0,0,NA,NA,2025,NA,NA,43,1,First down,3107,"11/28/25, 15:02:44",2025-11-28T22:16:43.413Z,Lincoln Financial Field,"Sunny Temp: 42° F, Humidity: 35%, Wind: W 18 mph",f85755f8-311e-11f0-b670-ae1250fadad1,0,0,RUSH,0,NA,2025-11-28T22:16:48.387Z,NA,17,Touchdown,2025-11-28T22:07:23.523Z,12,6:44,6,1,1,3,4,-5,FUMBLE,TOUCHDOWN,04:33,12:49,CHI 13,PHI 4,2871,3199,24,15,Home,-9,39,7,43.5,0,outdoors,,NA,NA,Nick Sirianni,Ben Johnson,PHI00,Lincoln Financial Field,0,1,NA,NA,D.Swift,4,NA,NA,0,1,1,0,1,NA,00-0036275,NA,D.Swift,4,00-0036275,D.Swift,00-0036275,D.Swift,00-0036275,0,0,0.28010010509751737,NA,NA,NA,NA,NA,0.1722862869501114,-17.22862869501114,2025,Go for it,NA,NA,NA,NA,NA,NA,NA,NA,NA,NA,Nick Sirianni,Ben Johnson,15:00,NA,NA,Go for it,Toss Up,NA,NA,NA,NA,NA,NA,NA,NA
3129,2025_13_CHI_PHI,2025112800,PHI,CHI,REG,13,CHI,away,PHI,PHI,15,2025-11-28,858,858,858,Half2,0,17,0,4,1,0,14:18,PHI 15,10,87,(14:18) 25-K.Monangai right guard to PHI 10 for 5 yards (32-R.Blankenship; 50-J.Phillips).,run,5,0,0,0,0,0,0,NA,NA,NA,NA,right,guard,NA,NA,NA,NA,3,3,0,NA,NA,NA,NA,3,3,9,10,10,9,1,10,9,1,0.011144103482365608,0.017506130039691925,4.2265598312951624e-4,0.03810836002230644,0.33422985672950745,7.360040908679366e-4,0.597852885723114,0,0,4.869009556190576,-0.013772989623248577,-7.094001282413956,7.094001282413956,-15.683768380258698,15.683768380258698,8.87413374370668,-8.87413374370668,NA,NA,0,0,-0.9891589420149103,0.9891589420149103,-1.068104398669675,1.068104398669675,-3.9476582222850993,3.9476582222850993,10.313755330408513,-10.313755330408513,0.692394495010376,0.307605504989624,0.307605504989624,0.692394495010376,0.009095251560211182,0.010609030723571777,-0.010609030723571777,0.29851025342941284,0.7014897465705872,0.6284520626068115,0.3715479373931885,-0.6241774390793469,0.6241774390793469,0.45347605655999546,-0.45347605655999546,NA,NA,0,0,-0.1407497525215149,0.1407497525215149,0.13439135263772373,-0.13439135263772373,-0.1407497525215149,0.1407497525215149,0.5092596859774149,-0.5092596859774149,0,0,0,0,0,0,0,0,0,0,0,0,0,0,0,0,0,0,0,0,0,0,0,0,0,0,0,0,0,0,0,0,1,0,0,0,0,0,0,0,0,0,0,0,0,0,1,0,0,0,0,NA,NA,NA,NA,NA,NA,00-0040236,K.Monangai,5,NA,NA,NA,NA,NA,NA,NA,NA,NA,NA,NA,NA,NA,NA,NA,NA,NA,NA,NA,NA,NA,NA,NA,NA,NA,NA,NA,NA,NA,NA,NA,NA,NA,NA,NA,NA,NA,NA,NA,NA,NA,NA,NA,NA,NA,NA,NA,NA,00-0037130,R.Blankenship,PHI,00-0036934,J.Phillips,PHI,NA,NA,NA,NA,NA,NA,0,NA,NA,NA,NA,NA,NA,NA,NA,NA,NA,NA,NA,NA,NA,NA,NA,NA,NA,NA,NA,NA,NA,NA,NA,NA,NA,NA,NA,NA,NA,NA,0,NA,NA,NA,NA,0,NA,NA,0,0,0,0,NA,NA,2025,NA,NA,44,1,First down,3129,"11/28/25, 15:02:44",2025-11-28T22:17:25.433Z,Lincoln Financial Field,"Sunny Temp: 42° F, Humidity: 35%, Wind: W 18 mph",f85755f8-311e-11f0-b670-ae1250fadad1,0,0,RUSH,0,NA,2025-11-28T22:17:29.570Z,NA,17,Touchdown,2025-11-28T22:07:23.523Z,12,6:44,6,1,1,3,4,-5,FUMBLE,TOUCHDOWN,04:33,12:49,CHI 13,PHI 4,2871,3199,24,15,Home,-9,39,7,43.5,0,outdoors,,NA,NA,Nick Sirianni,Ben Johnson,PHI00,Lincoln Financial Field,0,0,NA,NA,K.Monangai,25,NA,NA,0,1,0,0,1,NA,00-0040236,NA,K.Monangai,25,00-0040236,K.Monangai,00-0040236,K.Monangai,00-0040236,0,0,-0.013772989623248577,NA,NA,NA,NA,NA,0.3671049475669861,-36.71049475669861,2025,Go for it,NA,NA,NA,NA,NA,NA,NA,NA,NA,NA,Nick Sirianni,Ben Johnson,14:18,NA,NA,Go for it,Toss Up,NA,NA,NA,NA,NA,NA,NA,NA
3151,2025_13_CHI_PHI,2025112800,PHI,CHI,REG,13,CHI,away,PHI,PHI,10,2025-11-28,814,814,814,Half2,0,17,0,4,2,0,13:34,PHI 10,5,87,(13:34) 18-C.Williams pass short right to 2-D.Moore to PHI 4 for 6 yards (27-Q.Mitchell).,pass,6,0,0,1,0,0,0,short,right,6,0,NA,NA,NA,NA,NA,NA,3,3,0,NA,NA,NA,NA,3,3,9,10,10,9,1,10,9,1,0.011699735186994076,0.016902323812246323,3.745982248801738e-4,0.030226072296500206,0.36585214734077454,7.794427219778299e-4,0.5741657018661499,0,0,4.855236566567328,1.0138245942653157,-8.107825876679271,8.107825876679271,-15.683768380258698,15.683768380258698,7.860309149441365,-7.860309149441365,1.0138245942653157,0,1.0138245942653157,0,-2.002983536280226,2.002983536280226,-1.068104398669675,1.068104398669675,-4.961482816550415,4.961482816550415,10.313755330408513,-10.313755330408513,0.7014897465705872,0.29851025342941284,0.29851025342941284,0.7014897465705872,0.02968919277191162,0.022575557231903076,-0.022575557231903076,0.2688210606575012,0.7311789393424988,0.6390610933303833,0.3609389066696167,-0.6241774390793469,0.6241774390793469,0.42378686378808383,-0.42378686378808383,0.02968919277191162,0,0.02968919277191162,0,-0.1704389452934265,0.1704389452934265,0.13439135263772373,-0.13439135263772373,-0.1704389452934265,0.1704389452934265,0.5092596859774149,-0.5092596859774149,0,0,1,0,0,0,0,0,0,0,0,0,0,0,0,0,0,0,0,0,0,0,0,0,1,0,0,0,0,0,0,0,0,1,0,0,0,0,0,0,0,0,0,0,0,1,0,0,0,0,0,00-0039918,C.Williams,6,00-0034827,D.Moore,6,NA,NA,NA,NA,NA,NA,NA,NA,NA,NA,NA,NA,NA,NA,NA,NA,NA,NA,NA,NA,NA,NA,NA,NA,NA,NA,NA,NA,NA,NA,NA,NA,NA,NA,NA,NA,NA,NA,NA,NA,NA,NA,NA,NA,NA,PHI,NA,00-0039888,NA,Q.Mitchell,NA,NA,NA,NA,NA,NA,NA,NA,NA,NA,NA,NA,NA,0,NA,NA,NA,NA,NA,NA,NA,NA,NA,NA,NA,NA,NA,NA,NA,NA,NA,NA,NA,NA,NA,NA,NA,NA,NA,NA,NA,NA,NA,NA,NA,0,NA,NA,NA,NA,0,NA,NA,0,0,0,0,NA,NA,2025,0.6051868200302124,39.48131799697876,44,1,First down,3151,"11/28/25, 15:02:44",2025-11-28T22:18:08.460Z,Lincoln Financial Field,"Sunny Temp: 42° F, Humidity: 35%, Wind: W 18 mph",f85755f8-311e-11f0-b670-ae1250fadad1,0,0,PASS,0,NA,2025-11-28T22:18:12.233Z,NA,17,Touchdown,2025-11-28T22:07:23.523Z,12,6:44,6,1,1,3,4,-5,FUMBLE,TOUCHDOWN,04:33,12:49,CHI 13,PHI 4,2871,3199,24,15,Home,-9,39,7,43.5,0,outdoors,,NA,NA,Nick Sirianni,Ben Johnson,PHI00,Lincoln Financial Field,0,1,C.Williams,18,NA,NA,D.Moore,2,1,0,1,0,1,00-0039918,NA,00-0034827,C.Williams,18,00-0039918,D.Moore,00-0034827,D.Moore,00-0034827,0,0,1.0138245942653157,0.3726799530840086,1.644962197955465,1,0.9986217894766014,0.9967970873403829,0.47164684534072876,52.835315465927124,2025,Go for it,NA,NA,NA,NA,NA,NA,NA,NA,NA,NA,Nick Sirianni,Ben Johnson,13:34,NA,NA,Go for it,Toss Up,NA,NA,NA,NA,NA,NA,NA,NA
3176,2025_13_CHI_PHI,2025112800,PHI,CHI,REG,13,CHI,away,PHI,PHI,4,2025-11-28,773,773,773,Half2,0,17,1,4,1,1,12:53,PHI 4,4,87,"(12:53) 25-K.Monangai up the middle for 4 yards, TOUCHDOWN.",run,4,0,0,0,0,0,0,NA,NA,NA,NA,middle,NA,NA,NA,NA,NA,3,3,0,NA,CHI,K.Monangai,00-0040236,3,3,9,16,10,9,1,16,9,7,0.009634415619075298,0.01260178629308939,2.865833230316639e-4,0.0200501661747694,0.16173674166202545,0.0014503197744488716,0.7942399978637695,0,0,5.8690611608326435,1.1309388391673565,-9.238764715846628,9.238764715846628,-16.814707219426055,16.814707219426055,7.860309149441365,-7.860309149441365,NA,NA,0,0,-2.002983536280226,2.002983536280226,-1.068104398669675,1.068104398669675,-4.961482816550415,4.961482816550415,10.313755330408513,-10.313755330408513,0.7311789393424988,0.2688210606575012,0.2688210606575012,0.7311789393424988,0.08524373778365568,0.09101723976793408,-0.09101723976793408,0.18357732287384554,0.8164226771261545,0.6616366505622864,0.3383633494377136,-0.7094211768630025,0.7094211768630025,0.42378686378808383,-0.42378686378808383,NA,NA,0,0,-0.1704389452934265,0.1704389452934265,0.13439135263772373,-0.13439135263772373,-0.1704389452934265,0.1704389452934265,0.5092596859774149,-0.5092596859774149,0,1,0,0,0,0,0,0,0,0,0,0,0,0,0,0,0,0,0,0,0,0,0,0,0,0,0,0,0,0,0,0,1,0,0,1,0,1,0,0,0,0,0,0,0,0,0,0,0,0,0,NA,NA,NA,NA,NA,NA,00-0040236,K.Monangai,4,NA,NA,NA,NA,NA,NA,NA,NA,NA,NA,NA,NA,NA,NA,NA,NA,NA,NA,NA,NA,NA,NA,NA,NA,NA,NA,NA,NA,NA,NA,NA,NA,NA,NA,NA,NA,NA,NA,NA,NA,NA,NA,NA,NA,NA,NA,NA,NA,NA,NA,NA,NA,NA,NA,NA,NA,NA,NA,NA,NA,0,NA,NA,NA,NA,NA,NA,NA,NA,NA,NA,NA,NA,NA,NA,NA,NA,NA,NA,NA,NA,NA,NA,NA,NA,NA,NA,NA,NA,NA,NA,NA,0,NA,NA,NA,NA,0,NA,NA,0,0,0,0,NA,NA,2025,NA,NA,45,1,Touchdown,3176,"11/28/25, 15:02:44",2025-11-28T22:18:50.427Z,Lincoln Financial Field,"Sunny Temp: 42° F, Humidity: 35%, Wind: W 18 mph",f85755f8-311e-11f0-b670-ae1250fadad1,0,0,RUSH,0,NA,2025-11-28T22:18:53.767Z,NA,17,Touchdown,2025-11-28T22:07:23.523Z,12,6:44,6,1,1,3,4,-5,FUMBLE,TOUCHDOWN,04:33,12:49,CHI 13,PHI 4,2871,3199,24,15,Home,-9,39,7,43.5,0,outdoors,,NA,NA,Nick Sirianni,Ben Johnson,PHI00,Lincoln Financial Field,0,1,NA,NA,K.Monangai,25,NA,NA,0,1,1,0,1,NA,00-0040236,NA,K.Monangai,25,00-0040236,K.Monangai,00-0040236,K.Monangai,00-0040236,0,0,1.1309388391673565,NA,NA,NA,NA,NA,0.34987637400627136,-34.987637400627136,2025,Go for it,NA,NA,NA,NA,NA,NA,NA,NA,NA,NA,Nick Sirianni,Ben Johnson,12:53,NA,NA,Go for it,Toss Up,NA,NA,NA,NA,NA,NA,NA,NA
3199,2025_13_CHI_PHI,2025112800,PHI,CHI,REG,13,CHI,away,PHI,PHI,15,2025-11-28,769,769,769,Half2,0,17,1,4,NA,0,12:49,PHI 15,0,87,"8-C.Santos extra point is GOOD, Center-46-S.Daly, Holder-19-T.Taylor.",extra_point,0,0,0,0,0,0,0,NA,NA,NA,NA,NA,NA,NA,33,good,NA,3,3,0,NA,NA,NA,NA,3,3,9,17,16,9,7,17,9,8,0,0,0,0,0,0,0,0.9324269968923669,0,0.9324269968923669,0.067573003107633145,-9.30633771895426,9.30633771895426,-16.814707219426055,16.814707219426055,7.860309149441365,-7.860309149441365,NA,NA,0,0,-2.002983536280226,2.002983536280226,-1.068104398669675,1.068104398669675,-4.961482816550415,4.961482816550415,10.313755330408513,-10.313755330408513,0.8164226771261545,0.18357732287384554,0.18357732287384554,0.8164226771261545,5.005984637884708e-4,9.141480141627856e-4,-9.141480141627856e-4,0.18307672441005707,0.8169232755899429,0.7526538903302205,0.24734610966977955,-0.7094211768630025,0.7094211768630025,0.42378686378808383,-0.42378686378808383,NA,NA,0,0,-0.1704389452934265,0.1704389452934265,0.13439135263772373,-0.13439135263772373,-0.1704389452934265,0.1704389452934265,0.5092596859774149,-0.5092596859774149,0,0,0,0,0,0,0,0,0,0,0,0,0,0,0,0,0,0,0,0,0,0,0,0,0,0,0,0,0,0,0,0,0,0,0,0,0,0,0,1,0,0,0,0,0,0,0,0,0,0,0,NA,NA,NA,NA,NA,NA,NA,NA,NA,NA,NA,NA,NA,NA,NA,NA,NA,NA,NA,NA,NA,NA,NA,NA,NA,NA,NA,NA,NA,NA,NA,C.Santos,00-0031203,NA,NA,NA,NA,NA,NA,NA,NA,NA,NA,NA,NA,NA,NA,NA,NA,NA,NA,NA,NA,NA,NA,NA,NA,NA,NA,NA,NA,NA,NA,NA,NA,NA,NA,NA,NA,0,NA,NA,NA,NA,NA,NA,NA,NA,NA,NA,NA,NA,NA,NA,NA,NA,NA,NA,NA,NA,NA,NA,NA,NA,NA,NA,NA,NA,NA,NA,NA,0,NA,NA,NA,NA,0,NA,NA,0,0,0,0,NA,NA,2025,NA,NA,45,1,Touchdown,3199,"11/28/25, 15:02:44",2025-11-28T22:19:32Z,Lincoln Financial Field,"Sunny Temp: 42° F, Humidity: 35%, Wind: W 18 mph",f85755f8-311e-11f0-b670-ae1250fadad1,0,0,XP_KICK,1,NA,NA,NA,17,Touchdown,2025-11-28T22:07:23.523Z,12,6:44,6,1,1,3,4,-5,FUMBLE,TOUCHDOWN,04:33,12:49,CHI 13,PHI 4,2871,3199,24,15,Home,-9,39,7,43.5,0,outdoors,,NA,NA,Nick Sirianni,Ben Johnson,PHI00,Lincoln Financial Field,0,1,NA,NA,NA,NA,NA,NA,0,0,0,1,0,NA,NA,NA,NA,NA,NA,NA,NA,NA,NA,0,0,0.067573003107633145,NA,NA,NA,NA,NA,NA,NA,2025,Other,NA,NA,NA,NA,NA,NA,NA,NA,NA,NA,Nick Sirianni,Ben Johnson,12:49,NA,NA,Other,Toss Up,NA,NA,NA,NA,NA,NA,NA,NA
3214,2025_13_CHI_PHI,2025112800,PHI,CHI,REG,13,PHI,home,CHI,CHI,35,2025-11-28,769,769,769,Half2,0,18,0,4,NA,0,12:49,CHI 35,0,2,8-C.Santos kicks 66 yards from CHI 35 to PHI -1. 18-B.Covey to PHI 21 for 22 yards (22-E.Hicks).,kickoff,0,0,0,0,0,0,0,NA,NA,NA,NA,NA,NA,NA,66,NA,NA,3,3,0,NA,NA,NA,NA,3,3,9,17,9,17,-8,9,17,-8,0.07497937977313995,0.13168998062610626,0.0021759504452347755,0.21677282452583313,0.21022063493728638,0.0027169205714017153,0.36144426465034485,0,0,1.2493739840574563,-0.42182569531723857,-9.7281634142715,9.7281634142715,-16.814707219426055,16.814707219426055,7.860309149441365,-7.860309149441365,NA,NA,0,0,-2.002983536280226,2.002983536280226,-1.068104398669675,1.068104398669675,-4.961482816550415,4.961482816550415,10.313755330408513,-10.313755330408513,0.18307672441005707,0.8169232755899429,0.18307672441005707,0.8169232755899429,-0.004318356513977051,-0.004736036062240601,-0.004736036062240601,0.17875836789608002,0.82124163210392,0.24643196165561676,0.24643196165561676,-0.7094211768630025,0.7094211768630025,0.42378686378808383,-0.42378686378808383,NA,NA,0,0,-0.1704389452934265,0.1704389452934265,0.13439135263772373,-0.13439135263772373,-0.1704389452934265,0.1704389452934265,0.5092596859774149,-0.5092596859774149,0,0,0,0,0,0,0,0,0,0,0,0,0,0,0,0,0,1,0,0,0,0,0,0,1,0,0,0,0,0,0,0,0,0,0,0,0,0,0,0,0,0,1,0,0,0,0,0,0,0,0,NA,NA,NA,NA,NA,NA,NA,NA,NA,NA,NA,NA,NA,NA,NA,NA,NA,NA,NA,NA,NA,NA,NA,NA,NA,B.Covey,00-0037132,NA,NA,NA,NA,C.Santos,00-0031203,NA,NA,NA,NA,NA,NA,NA,NA,NA,NA,NA,NA,NA,NA,NA,NA,NA,NA,CHI,NA,00-0037096,NA,E.Hicks,NA,NA,NA,NA,NA,NA,NA,NA,NA,NA,NA,NA,NA,0,NA,NA,NA,NA,NA,NA,NA,NA,NA,NA,NA,NA,NA,NA,NA,NA,NA,NA,NA,NA,NA,NA,NA,NA,NA,NA,NA,NA,NA,NA,PHI,22,NA,NA,NA,NA,0,NA,NA,0,0,0,0,NA,NA,2025,NA,NA,46,0,Punt,3214,"11/28/25, 15:02:44",2025-11-28T22:22:28.690Z,Lincoln Financial Field,"Sunny Temp: 42° F, Humidity: 35%, Wind: W 18 mph",f85755f8-311e-11f0-b670-ae1250fadad1,0,0,KICK_OFF,1,NA,2025-11-28T22:22:38.827Z,NA,18,Punt,2025-11-28T22:22:28.690Z,3,1:34,0,0,0,4,4,-5,KICKOFF,PUNT,12:49,11:15,PHI 21,PHI 23,3214,3347,24,15,Home,-9,39,7,43.5,0,outdoors,,NA,NA,Nick Sirianni,Ben Johnson,PHI00,Lincoln Financial Field,0,0,NA,NA,NA,NA,NA,NA,0,0,0,1,0,NA,NA,NA,NA,NA,NA,NA,NA,NA,NA,0,0,-0.42182569531723857,NA,NA,NA,NA,NA,NA,NA,2025,Other,NA,NA,NA,NA,NA,NA,NA,NA,NA,NA,Nick Sirianni,Ben Johnson,12:49,NA,NA,Other,Toss Up,NA,NA,NA,NA,NA,NA,NA,NA
3249,2025_13_CHI_PHI,2025112800,PHI,CHI,REG,13,PHI,home,CHI,PHI,79,2025-11-28,762,762,762,Half2,0,18,0,4,1,0,12:42,PHI 21,10,2,(12:42) (Shotgun) 1-J.Hurts pass incomplete deep right to 6-D.Smith (45-A.Ogbongbemiga).,pass,0,1,0,1,0,0,0,deep,right,26,NA,NA,NA,NA,NA,NA,NA,3,3,0,NA,NA,NA,NA,3,3,9,17,9,17,-8,9,17,-8,0.08267782628536224,0.14781828224658966,0.0023186097387224436,0.23570847511291504,0.19564546644687653,0.0024311847519129515,0.3334001302719116,0,0,0.8275482887402177,-0.5433775894343853,-10.271541003705885,10.271541003705885,-16.814707219426055,16.814707219426055,7.31693156000698,-7.31693156000698,1.7529010309372097,-2.296278620371595,0,0,-2.002983536280226,2.002983536280226,-1.068104398669675,1.068104398669675,-3.2085817856132053,3.2085817856132053,8.017476710036918,-8.017476710036918,0.17875836789608002,0.82124163210392,0.17875836789608002,0.82124163210392,-0.016479983925819397,-0.017819344997406006,-0.017819344997406006,0.16227838397026062,0.8377216160297394,0.24169592559337616,0.24169592559337616,-0.7094211768630025,0.7094211768630025,0.40730687986226444,-0.40730687986226444,0,-0.016479983925819397,0,0,-0.1704389452934265,0.1704389452934265,0.13439135263772373,-0.13439135263772373,-0.1704389452934265,0.1704389452934265,0.4927797020515955,-0.4927797020515955,0,0,0,0,0,0,0,0,1,0,0,0,0,0,0,0,0,0,0,0,0,0,0,0,0,0,0,0,0,0,0,0,0,1,0,0,0,0,0,0,0,0,0,0,0,0,0,0,0,0,0,00-0036389,J.Hurts,NA,00-0036912,D.Smith,NA,NA,NA,NA,NA,NA,NA,NA,NA,NA,NA,NA,NA,NA,NA,NA,NA,NA,NA,NA,NA,NA,NA,NA,NA,NA,NA,NA,NA,NA,NA,NA,NA,NA,NA,NA,NA,NA,NA,NA,NA,NA,NA,NA,NA,NA,NA,NA,NA,NA,NA,NA,NA,NA,NA,NA,NA,NA,NA,NA,NA,NA,NA,NA,0,NA,NA,NA,NA,NA,NA,00-0036716,A.Ogbongbemiga,NA,NA,NA,NA,NA,NA,NA,NA,NA,NA,NA,NA,NA,NA,NA,NA,NA,NA,NA,NA,NA,NA,NA,0,NA,NA,NA,NA,0,NA,NA,0,0,0,0,NA,NA,2025,0.4083140790462494,-40.83140790462494,46,0,Punt,3249,"11/28/25, 15:02:44",2025-11-28T22:23:23.720Z,Lincoln Financial Field,"Sunny Temp: 42° F, Humidity: 35%, Wind: W 18 mph",f85755f8-311e-11f0-b670-ae1250fadad1,0,0,PASS,0,NA,2025-11-28T22:23:29.493Z,NA,18,Punt,2025-11-28T22:22:28.690Z,3,1:34,0,0,0,4,4,-5,KICKOFF,PUNT,12:49,11:15,PHI 21,PHI 23,3214,3347,24,15,Home,-9,39,7,43.5,0,outdoors,,NA,NA,Nick Sirianni,Ben Johnson,PHI00,Lincoln Financial Field,0,0,J.Hurts,1,NA,NA,D.Smith,6,1,0,0,0,1,00-0036389,NA,00-0036912,J.Hurts,1,00-0036389,D.Smith,00-0036912,D.Smith,00-0036912,0,0,-0.5433775894343853,0.4797459279904297,7.741715108539211,4,1,1,0.6486954689025879,35.13045310974121,2025,Go for it,NA,NA,NA,NA,NA,NA,NA,NA,NA,NA,Nick Sirianni,Ben Johnson,12:42,NA,NA,Go for it,Toss Up,NA,NA,NA,NA,NA,NA,NA,NA
3272,2025_13_CHI_PHI,2025112800,PHI,CHI,REG,13,PHI,home,CHI,PHI,79,2025-11-28,757,757,757,Half2,0,18,0,4,2,0,12:37,PHI 21,10,2,(12:37) (Shotgun) 26-S.Barkley left tackle to PHI 25 for 4 yards (48-D.Jackson; 35-C.Gardner-Johnson).,run,4,1,0,0,0,0,0,NA,NA,NA,NA,left,tackle,NA,NA,NA,NA,3,3,0,NA,NA,NA,NA,3,3,9,17,9,17,-8,9,17,-8,0.08154772222042084,0.16782306134700775,0.0024173532146960497,0.2652736008167267,0.1797931045293808,0.0024010424967855215,0.30074405670166016,0,0,0.2841706993058324,-0.18790409341454506,-10.45944509712043,10.45944509712043,-17.0026113128406,17.0026113128406,7.31693156000698,-7.31693156000698,NA,NA,0,0,-2.002983536280226,2.002983536280226,-1.068104398669675,1.068104398669675,-3.2085817856132053,3.2085817856132053,8.017476710036918,-8.017476710036918,0.16227838397026062,0.8377216160297394,0.16227838397026062,0.8377216160297394,-0.0014296621084213257,-0.006913527846336365,-0.006913527846336365,0.1608487218618393,0.8391512781381607,0.22387658059597015,0.22387658059597015,-0.7108508389714239,0.7108508389714239,0.40730687986226444,-0.40730687986226444,NA,NA,0,0,-0.1704389452934265,0.1704389452934265,0.13439135263772373,-0.13439135263772373,-0.1704389452934265,0.1704389452934265,0.4927797020515955,-0.4927797020515955,0,0,0,0,0,0,0,0,0,0,0,0,0,0,0,0,0,0,0,0,0,0,0,0,0,0,0,0,0,0,0,0,1,0,0,0,0,0,0,0,0,0,0,0,0,0,1,0,0,0,0,NA,NA,NA,NA,NA,NA,00-0034844,S.Barkley,4,NA,NA,NA,NA,NA,NA,NA,NA,NA,NA,NA,NA,NA,NA,NA,NA,NA,NA,NA,NA,NA,NA,NA,NA,NA,NA,NA,NA,NA,NA,NA,NA,NA,NA,NA,NA,NA,NA,NA,NA,NA,NA,NA,NA,NA,NA,NA,NA,00-0037271,D.Jackson,CHI,00-0035253,C.Gardner-Johnson,CHI,NA,NA,NA,NA,NA,NA,0,NA,NA,NA,NA,NA,NA,NA,NA,NA,NA,NA,NA,NA,NA,NA,NA,NA,NA,NA,NA,NA,NA,NA,NA,NA,NA,NA,NA,NA,NA,NA,0,NA,NA,NA,NA,0,NA,NA,0,0,0,0,NA,NA,2025,NA,NA,46,0,Punt,3272,"11/28/25, 15:02:44",2025-11-28T22:24:10.563Z,Lincoln Financial Field,"Sunny Temp: 42° F, Humidity: 35%, Wind: W 18 mph",f85755f8-311e-11f0-b670-ae1250fadad1,0,0,RUSH,0,NA,2025-11-28T22:24:14.737Z,NA,18,Punt,2025-11-28T22:22:28.690Z,3,1:34,0,0,0,4,4,-5,KICKOFF,PUNT,12:49,11:15,PHI 21,PHI 23,3214,3347,24,15,Home,-9,39,7,43.5,0,outdoors,,NA,NA,Nick Sirianni,Ben Johnson,PHI00,Lincoln Financial Field,0,0,NA,NA,S.Barkley,26,NA,NA,0,1,0,0,1,NA,00-0034844,NA,S.Barkley,26,00-0034844,S.Barkley,00-0034844,S.Barkley,00-0034844,0,0,-0.18790409341454506,NA,NA,NA,NA,NA,0.7634018063545227,-76.34018063545227,2025,Go for it,NA,NA,NA,NA,NA,NA,NA,NA,NA,NA,Nick Sirianni,Ben Johnson,12:37,NA,NA,Go for it,Toss Up,NA,NA,NA,NA,NA,NA,NA,NA
3294,2025_13_CHI_PHI,2025112800,PHI,CHI,REG,13,PHI,home,CHI,PHI,75,2025-11-28,720,720,720,Half2,0,18,0,4,3,0,12:00,PHI 25,6,2,(12:00) (Shotgun) 1-J.Hurts pass short middle to 11-A.Brown to PHI 28 for 3 yards (6-K.Gordon).,pass,3,1,0,1,0,0,0,short,middle,0,3,NA,NA,NA,NA,NA,NA,3,3,0,NA,NA,NA,NA,3,3,9,17,9,17,-8,9,17,-8,0.08886473625898361,0.16545084118843079,0.0023386767134070396,0.2763891816139221,0.1809149533510208,0.0026030796580016613,0.2834385335445404,0,0,0.09626660589128733,-1.1339958710595965,-11.593440968180026,11.593440968180026,-17.0026113128406,17.0026113128406,6.182935688947383,-6.182935688947383,-1.4236046108417213,0.28960873978212476,-1.4236046108417213,0.28960873978212476,-3.4265881471219473,3.4265881471219473,-0.7784956588875502,0.7784956588875502,-4.632186396454927,4.632186396454927,8.307085449819043,-8.307085449819043,0.1608487218618393,0.8391512781381607,0.1608487218618393,0.8391512781381607,-0.035447970032691956,-0.03941074013710022,-0.03941074013710022,0.12540075182914734,0.8745992481708527,0.2169630527496338,0.2169630527496338,-0.7108508389714239,0.7108508389714239,0.3718589098295725,-0.3718589098295725,0,-0.035447970032691956,0,-0.035447970032691956,-0.1704389452934265,0.1704389452934265,0.09894338260503177,-0.09894338260503177,-0.1704389452934265,0.1704389452934265,0.45733173201890354,-0.45733173201890354,0,0,0,0,0,1,0,0,0,0,0,0,0,0,0,0,0,0,0,0,0,0,0,0,1,0,0,0,0,0,0,0,0,1,0,0,0,0,0,0,0,0,0,0,0,1,0,0,0,0,0,00-0036389,J.Hurts,3,00-0035676,A.Brown,3,NA,NA,NA,NA,NA,NA,NA,NA,NA,NA,NA,NA,NA,NA,NA,NA,NA,NA,NA,NA,NA,NA,NA,NA,NA,NA,NA,NA,NA,NA,NA,NA,NA,NA,NA,NA,NA,NA,NA,NA,NA,NA,NA,NA,NA,CHI,NA,00-0038111,NA,K.Gordon,NA,NA,NA,NA,NA,NA,NA,NA,NA,NA,NA,NA,NA,0,NA,NA,NA,NA,NA,NA,NA,NA,NA,NA,NA,NA,NA,NA,NA,NA,NA,NA,NA,NA,NA,NA,NA,NA,NA,NA,NA,NA,NA,NA,NA,0,NA,NA,NA,NA,0,NA,NA,0,0,0,0,NA,NA,2025,0.5304017663002014,46.95982336997986,46,0,Punt,3294,"11/28/25, 15:02:44",2025-11-28T22:24:47.663Z,Lincoln Financial Field,"Sunny Temp: 42° F, Humidity: 35%, Wind: W 18 mph",f85755f8-311e-11f0-b670-ae1250fadad1,0,0,PASS,0,NA,2025-11-28T22:24:53.807Z,NA,18,Punt,2025-11-28T22:22:28.690Z,3,1:34,0,0,0,4,4,-5,KICKOFF,PUNT,12:49,11:15,PHI 21,PHI 23,3214,3347,24,15,Home,-9,39,7,43.5,0,outdoors,,NA,NA,Nick Sirianni,Ben Johnson,PHI00,Lincoln Financial Field,0,0,J.Hurts,1,NA,NA,A.Brown,11,1,0,0,0,1,00-0036389,NA,00-0035676,J.Hurts,1,00-0036389,A.Brown,00-0035676,A.Brown,00-0035676,0,0,-1.1339958710595965,1.9432709401056332,7.902920414919208,6,0.522317603812553,0.522317603812553,0.9866581559181213,1.3341844081878662,2025,Go for it,NA,NA,NA,NA,NA,NA,NA,NA,NA,NA,Nick Sirianni,Ben Johnson,12:00,NA,NA,Go for it,Toss Up,NA,NA,NA,NA,NA,NA,NA,NA
3319,2025_13_CHI_PHI,2025112800,PHI,CHI,REG,13,PHI,home,CHI,PHI,72,2025-11-28,682,682,682,Half2,0,18,0,4,4,0,11:22,PHI 28,3,2,"(11:22) (Punt formation) PENALTY on PHI-36-C.Latu, False Start, 5 yards, enforced at PHI 28 - No Play.",no_play,0,0,0,0,0,0,0,NA,NA,NA,NA,NA,NA,NA,NA,NA,NA,3,3,0,NA,NA,NA,NA,3,3,9,17,9,17,-8,9,17,-8,0.1105392575263977,0.20019301772117615,0.004170338623225689,0.33415648341178894,0.1331292688846588,0.002756664529442787,0.2150549590587616,0,0,-1.0377292651683092,-0.6147904344834387,-12.208231402663465,12.208231402663465,-17.0026113128406,17.0026113128406,6.182935688947383,-6.182935688947383,NA,NA,0,0,-3.4265881471219473,3.4265881471219473,-0.7784956588875502,0.7784956588875502,-4.632186396454927,4.632186396454927,8.307085449819043,-8.307085449819043,0.12540075182914734,0.8745992481708527,0.12540075182914734,0.8745992481708527,-0.01855599880218506,-0.011358305811882019,-0.011358305811882019,0.10684475302696228,0.8931552469730377,0.17755231261253357,0.17755231261253357,-0.7108508389714239,0.7108508389714239,0.3718589098295725,-0.3718589098295725,NA,NA,0,0,-0.1704389452934265,0.1704389452934265,0.09894338260503177,-0.09894338260503177,-0.1704389452934265,0.1704389452934265,0.45733173201890354,-0.45733173201890354,0,0,0,0,0,0,0,0,0,0,0,0,0,0,0,0,0,0,0,0,0,0,0,0,0,0,1,0,0,0,0,0,0,0,0,0,0,0,0,0,0,0,0,0,0,0,0,0,0,0,0,NA,NA,NA,NA,NA,NA,NA,NA,NA,NA,NA,NA,NA,NA,NA,NA,NA,NA,NA,NA,NA,NA,NA,NA,NA,NA,NA,NA,NA,NA,NA,NA,NA,NA,NA,NA,NA,NA,NA,NA,NA,NA,NA,NA,NA,NA,NA,NA,NA,NA,NA,NA,NA,NA,NA,NA,NA,NA,NA,NA,NA,NA,NA,NA,NA,NA,NA,NA,NA,0,NA,NA,NA,NA,NA,NA,NA,NA,NA,NA,NA,NA,NA,NA,NA,NA,NA,NA,NA,NA,NA,NA,NA,NA,NA,NA,NA,NA,NA,NA,NA,0,PHI,00-0038564,C.Latu,5,0,NA,False Start,0,0,0,0,NA,NA,2025,NA,NA,46,0,Punt,3319,"11/28/25, 15:02:44",2025-11-28T22:25:55Z,Lincoln Financial Field,"Sunny Temp: 42° F, Humidity: 35%, Wind: W 18 mph",f85755f8-311e-11f0-b670-ae1250fadad1,0,0,UNSPECIFIED,0,NA,NA,NA,18,Punt,2025-11-28T22:22:28.690Z,3,1:34,0,0,0,4,4,-5,KICKOFF,PUNT,12:49,11:15,PHI 21,PHI 23,3214,3347,24,15,Home,-9,39,7,43.5,0,outdoors,,NA,NA,Nick Sirianni,Ben Johnson,PHI00,Lincoln Financial Field,0,0,NA,NA,NA,NA,NA,NA,0,0,0,0,1,NA,NA,NA,NA,NA,NA,NA,NA,NA,NA,0,0,-0.6147904344834387,NA,NA,NA,NA,NA,0.7406122088432312,NA,2025,Other,4.412691499145052,0.51505223516142,0.11019292381264736,0.2693198219512155,0.1921515898548712,0,0.10592365264892578,0.30339445173740387,0.10592365264892578,0.1480246748634207,Nick Sirianni,Ben Johnson,11:22,0,0,Other (Penalty),Go for it,19,52,11,27,15,11,30,11
3347,2025_13_CHI_PHI,2025112800,PHI,CHI,REG,13,PHI,home,CHI,PHI,77,2025-11-28,682,682,682,Half2,0,18,0,4,4,0,11:22,PHI 23,8,2,"(11:22) 10-B.Mann punts 40 yards to CHI 37, Center-57-C.Adomitis, out of bounds.",punt,0,0,0,0,0,0,0,NA,NA,NA,NA,NA,NA,NA,40,NA,NA,3,3,0,NA,NA,NA,NA,3,3,9,17,9,17,-8,9,17,-8,0.1057131290435791,0.22107096016407013,0.0035240459255874157,0.3693443536758423,0.12147219479084015,0.0026784215588122606,0.1761969029903412,0,0,-1.652519699651748,-0.09699141839519143,-12.305222821058656,12.305222821058656,-17.0026113128406,17.0026113128406,6.182935688947383,-6.182935688947383,NA,NA,0,0,-3.4265881471219473,3.4265881471219473,-0.7784956588875502,0.7784956588875502,-4.632186396454927,4.632186396454927,8.307085449819043,-8.307085449819043,0.10684475302696228,0.8931552469730377,0.10684475302696228,0.8931552469730377,-0.01659885048866272,-0.03350047767162323,-0.03350047767162323,0.09024590253829956,0.9097540974617004,0.16619400680065155,0.16619400680065155,-0.7108508389714239,0.7108508389714239,0.3718589098295725,-0.3718589098295725,NA,NA,0,0,-0.1704389452934265,0.1704389452934265,0.09894338260503177,-0.09894338260503177,-0.1704389452934265,0.1704389452934265,0.45733173201890354,-0.45733173201890354,0,0,0,0,0,0,0,0,0,0,0,0,0,1,0,0,0,0,0,0,0,0,0,0,0,0,0,0,0,0,0,0,0,0,0,0,0,0,0,0,0,0,0,1,0,0,0,0,0,0,0,NA,NA,NA,NA,NA,NA,NA,NA,NA,NA,NA,NA,NA,NA,NA,NA,NA,NA,NA,NA,NA,NA,NA,NA,NA,NA,NA,NA,NA,00-0036313,B.Mann,NA,NA,NA,NA,NA,NA,NA,NA,NA,NA,NA,NA,NA,NA,NA,NA,NA,NA,NA,NA,NA,NA,NA,NA,NA,NA,NA,NA,NA,NA,NA,NA,NA,NA,NA,NA,NA,NA,0,NA,NA,NA,NA,NA,NA,NA,NA,NA,NA,NA,NA,NA,NA,NA,NA,NA,NA,NA,NA,NA,NA,NA,NA,NA,NA,NA,NA,NA,NA,CHI,0,NA,NA,NA,NA,0,NA,NA,0,0,0,0,NA,NA,2025,NA,NA,46,0,Punt,3347,"11/28/25, 15:02:44",2025-11-28T22:25:54.967Z,Lincoln Financial Field,"Sunny Temp: 42° F, Humidity: 35%, Wind: W 18 mph",f85755f8-311e-11f0-b670-ae1250fadad1,0,0,PUNT,1,NA,2025-11-28T22:26:01.210Z,NA,18,Punt,2025-11-28T22:22:28.690Z,3,1:34,0,0,0,4,4,-5,KICKOFF,PUNT,12:49,11:15,PHI 21,PHI 23,3214,3347,24,15,Home,-9,39,7,43.5,0,outdoors,,NA,NA,Nick Sirianni,Ben Johnson,PHI00,Lincoln Financial Field,0,0,NA,NA,NA,NA,NA,NA,0,0,0,1,0,NA,NA,NA,NA,NA,NA,NA,NA,NA,NA,0,0,-0.09699141839519143,NA,NA,NA,NA,NA,NA,NA,2025,Punt,2.1493042898800745,0.35542474567046156,0.10694237509055117,0.2687762160369086,0.16446212975913072,0,0.10340402647852898,0.30339445173740387,0.10340402647852898,0.14296908686032997,Nick Sirianni,Ben Johnson,11:22,0,0,Punt,Go for it,16,36,11,27,14,10,30,10
3367,2025_13_CHI_PHI,2025112800,PHI,CHI,REG,13,CHI,away,PHI,CHI,63,2025-11-28,675,675,675,Half2,0,19,0,4,1,0,11:15,CHI 37,10,63,(11:15) 79-T.Benedet reported in as eligible. 4-D.Swift right tackle to CHI 40 for 3 yards (97-M.Ojomo).,run,3,0,0,0,0,0,0,NA,NA,NA,NA,right,tackle,NA,NA,NA,NA,3,3,0,NA,NA,NA,NA,3,3,9,17,17,9,8,17,9,8,0.09677611291408539,0.10776793211698532,0.0016907055396586657,0.18328365683555603,0.22443346679210663,0.0032911289017647505,0.3827570378780365,0,0,1.7495111180469394,-0.2833752597216517,-12.021847561337005,12.021847561337005,-16.719236053118948,16.719236053118948,6.182935688947383,-6.182935688947383,NA,NA,0,0,-3.4265881471219473,3.4265881471219473,-0.7784956588875502,0.7784956588875502,-4.632186396454927,4.632186396454927,8.307085449819043,-8.307085449819043,0.9097540974617004,0.09024590253829956,0.09024590253829956,0.9097540974617004,-0.0074239373207092285,-0.0021172761917114258,0.0021172761917114258,0.09766983985900879,0.9023301601409912,0.8673064708709717,0.13269352912902832,-0.7034269016507146,0.7034269016507146,0.3718589098295725,-0.3718589098295725,NA,NA,0,0,-0.1704389452934265,0.1704389452934265,0.09894338260503177,-0.09894338260503177,-0.1704389452934265,0.1704389452934265,0.45733173201890354,-0.45733173201890354,0,0,0,0,0,0,0,0,0,0,0,0,0,0,0,0,0,0,0,0,0,0,0,0,1,0,0,0,0,0,0,0,1,0,0,0,0,0,0,0,0,0,0,0,0,0,0,0,0,0,0,NA,NA,NA,NA,NA,NA,00-0036275,D.Swift,3,NA,NA,NA,NA,NA,NA,NA,NA,NA,NA,NA,NA,NA,NA,NA,NA,NA,NA,NA,NA,NA,NA,NA,NA,NA,NA,NA,NA,NA,NA,NA,NA,NA,NA,NA,NA,NA,NA,NA,NA,NA,NA,PHI,NA,00-0038412,NA,M.Ojomo,NA,NA,NA,NA,NA,NA,NA,NA,NA,NA,NA,NA,NA,0,NA,NA,NA,NA,NA,NA,NA,NA,NA,NA,NA,NA,NA,NA,NA,NA,NA,NA,NA,NA,NA,NA,NA,NA,NA,NA,NA,NA,NA,NA,NA,0,NA,NA,NA,NA,0,NA,NA,0,0,0,0,NA,NA,2025,NA,NA,47,1,First down,3367,"11/28/25, 15:02:44",2025-11-28T22:29:00.317Z,Lincoln Financial Field,"Sunny Temp: 42° F, Humidity: 35%, Wind: W 18 mph",f85755f8-311e-11f0-b670-ae1250fadad1,0,0,RUSH,0,NA,2025-11-28T22:29:06.927Z,NA,19,Touchdown,2025-11-28T22:29:00.317Z,8,4:56,3,0,1,4,4,0,PUNT,TOUCHDOWN,11:15,06:19,CHI 37,PHI 28,3367,3574,24,15,Home,-9,39,7,43.5,0,outdoors,,NA,NA,Nick Sirianni,Ben Johnson,PHI00,Lincoln Financial Field,0,0,NA,NA,D.Swift,4,NA,NA,0,1,0,0,1,NA,00-0036275,NA,D.Swift,4,00-0036275,D.Swift,00-0036275,D.Swift,00-0036275,0,0,-0.2833752597216517,NA,NA,NA,NA,NA,0.3434733748435974,-34.34733748435974,2025,Go for it,NA,NA,NA,NA,NA,NA,NA,NA,NA,NA,Nick Sirianni,Ben Johnson,11:15,NA,NA,Go for it,Toss Up,NA,NA,NA,NA,NA,NA,NA,NA
3405,2025_13_CHI_PHI,2025112800,PHI,CHI,REG,13,CHI,away,PHI,CHI,60,2025-11-28,633,633,633,Half2,0,19,0,4,2,0,10:33,CHI 40,7,63,(10:33) 4-D.Swift right tackle to CHI 43 for 3 yards (90-J.Davis; 58-J.Hunt).,run,3,0,0,0,0,0,0,NA,NA,NA,NA,right,tackle,NA,NA,NA,NA,3,3,0,NA,NA,NA,NA,3,3,9,17,17,9,8,17,9,8,0.1037190780043602,0.11506874114274979,0.0018127922667190433,0.1948341280221939,0.22354348003864288,0.0037953427527099848,0.35722649097442627,0,0,1.4661358583252877,-0.2277960714418441,-11.79405148989516,11.79405148989516,-16.491439981677104,16.491439981677104,6.182935688947383,-6.182935688947383,NA,NA,0,0,-3.4265881471219473,3.4265881471219473,-0.7784956588875502,0.7784956588875502,-4.632186396454927,4.632186396454927,8.307085449819043,-8.307085449819043,0.9023301601409912,0.09766983985900879,0.09766983985900879,0.9023301601409912,0.010075747966766357,-0.011954903602600098,0.011954903602600098,0.08759409189224243,0.9124059081077576,0.8651891946792603,0.13481080532073975,-0.713502649617481,0.713502649617481,0.3718589098295725,-0.3718589098295725,NA,NA,0,0,-0.1704389452934265,0.1704389452934265,0.09894338260503177,-0.09894338260503177,-0.1704389452934265,0.1704389452934265,0.45733173201890354,-0.45733173201890354,0,0,0,0,0,0,0,0,0,0,0,0,0,0,0,0,0,0,0,0,0,0,0,0,0,0,0,0,0,0,0,0,1,0,0,0,0,0,0,0,0,0,0,0,0,0,1,0,0,0,0,NA,NA,NA,NA,NA,NA,00-0036275,D.Swift,3,NA,NA,NA,NA,NA,NA,NA,NA,NA,NA,NA,NA,NA,NA,NA,NA,NA,NA,NA,NA,NA,NA,NA,NA,NA,NA,NA,NA,NA,NA,NA,NA,NA,NA,NA,NA,NA,NA,NA,NA,NA,NA,NA,NA,NA,NA,NA,NA,00-0037073,J.Davis,PHI,00-0039740,J.Hunt,PHI,NA,NA,NA,NA,NA,NA,0,NA,NA,NA,NA,NA,NA,NA,NA,NA,NA,NA,NA,NA,NA,NA,NA,NA,NA,NA,NA,NA,NA,NA,NA,NA,NA,NA,NA,NA,NA,NA,0,NA,NA,NA,NA,0,NA,NA,0,0,0,0,NA,NA,2025,NA,NA,47,1,First down,3405,"11/28/25, 15:02:44",2025-11-28T22:29:41.920Z,Lincoln Financial Field,"Sunny Temp: 42° F, Humidity: 35%, Wind: W 18 mph",f85755f8-311e-11f0-b670-ae1250fadad1,0,0,RUSH,0,NA,2025-11-28T22:29:46.360Z,NA,19,Touchdown,2025-11-28T22:29:00.317Z,8,4:56,3,0,1,4,4,0,PUNT,TOUCHDOWN,11:15,06:19,CHI 37,PHI 28,3367,3574,24,15,Home,-9,39,7,43.5,0,outdoors,,NA,NA,Nick Sirianni,Ben Johnson,PHI00,Lincoln Financial Field,0,0,NA,NA,D.Swift,4,NA,NA,0,1,0,0,1,NA,00-0036275,NA,D.Swift,4,00-0036275,D.Swift,00-0036275,D.Swift,00-0036275,0,0,-0.2277960714418441,NA,NA,NA,NA,NA,0.5930579900741577,-59.30579900741577,2025,Go for it,NA,NA,NA,NA,NA,NA,NA,NA,NA,NA,Nick Sirianni,Ben Johnson,10:33,NA,NA,Go for it,Toss Up,NA,NA,NA,NA,NA,NA,NA,NA
3429,2025_13_CHI_PHI,2025112800,PHI,CHI,REG,13,CHI,away,PHI,CHI,57,2025-11-28,594,594,594,Half2,0,19,0,4,3,0,09:54,CHI 43,4,63,(9:54) (Shotgun) 18-C.Williams pass short right to 2-D.Moore to PHI 46 for 11 yards (53-Z.Baun).,pass,11,1,0,1,0,0,0,short,right,5,6,NA,NA,NA,NA,NA,NA,3,3,0,NA,NA,NA,NA,3,3,9,17,17,9,8,17,9,8,0.11823653429746628,0.13452653586864471,0.0016925765667110682,0.19497543573379517,0.2059323936700821,0.004024059511721134,0.3406124711036682,0,0,1.2383397868834436,1.5390323116444051,-13.333083801539566,13.333083801539566,-16.491439981677104,16.491439981677104,4.643903377302978,-4.643903377302978,1.230895806569606,0.30813650507479906,1.230895806569606,0.30813650507479906,-4.657483953691553,4.657483953691553,-1.0866321639623493,1.0866321639623493,-5.863082203024533,5.863082203024533,7.998948944744244,-7.998948944744244,0.9124059081077576,0.08759409189224243,0.08759409189224243,0.9124059081077576,0.0124129056930542,0.03575104475021362,-0.03575104475021362,0.07518118619918823,0.9248188138008118,0.8532342910766602,0.14676570892333984,-0.713502649617481,0.713502649617481,0.3594460041365183,-0.3594460041365183,0,0.0124129056930542,0,0.0124129056930542,-0.1704389452934265,0.1704389452934265,0.08653047691197757,-0.08653047691197757,-0.1704389452934265,0.1704389452934265,0.44491882632584934,-0.44491882632584934,0,0,1,0,1,0,0,0,0,0,0,0,0,0,0,0,0,0,0,0,0,0,0,0,1,0,0,0,0,0,0,0,0,1,0,0,0,0,0,0,0,0,0,0,0,1,0,0,0,0,0,00-0039918,C.Williams,11,00-0034827,D.Moore,11,NA,NA,NA,NA,NA,NA,NA,NA,NA,NA,NA,NA,NA,NA,NA,NA,NA,NA,NA,NA,NA,NA,NA,NA,NA,NA,NA,NA,NA,NA,NA,NA,NA,NA,NA,NA,NA,NA,NA,NA,NA,NA,NA,NA,NA,PHI,NA,00-0036418,NA,Z.Baun,NA,NA,NA,NA,NA,NA,NA,NA,NA,NA,NA,NA,NA,0,NA,NA,NA,NA,NA,NA,NA,NA,NA,NA,NA,NA,NA,NA,NA,NA,NA,NA,NA,NA,NA,NA,NA,NA,NA,NA,NA,NA,NA,NA,NA,0,NA,NA,NA,NA,0,NA,NA,0,0,0,0,NA,NA,2025,0.6836434006690979,31.63565993309021,47,1,First down,3429,"11/28/25, 15:02:44",2025-11-28T22:30:21.313Z,Lincoln Financial Field,"Sunny Temp: 42° F, Humidity: 35%, Wind: W 18 mph",f85755f8-311e-11f0-b670-ae1250fadad1,0,0,PASS,0,NA,2025-11-28T22:30:27.923Z,NA,19,Touchdown,2025-11-28T22:29:00.317Z,8,4:56,3,0,1,4,4,0,PUNT,TOUCHDOWN,11:15,06:19,CHI 37,PHI 28,3367,3574,24,15,Home,-9,39,7,43.5,0,outdoors,,NA,NA,Nick Sirianni,Ben Johnson,PHI00,Lincoln Financial Field,0,1,C.Williams,18,NA,NA,D.Moore,2,1,0,1,0,1,00-0039918,NA,00-0034827,C.Williams,18,00-0039918,D.Moore,00-0034827,D.Moore,00-0034827,0,0,1.5390323116444051,0.21960352413531892,3.883597879888839,2,0.9966502148017753,0.9966502148017753,0.9251733422279358,7.482665777206421,2025,Go for it,NA,NA,NA,NA,NA,NA,NA,NA,NA,NA,Nick Sirianni,Ben Johnson,9:54,NA,NA,Go for it,Toss Up,NA,NA,NA,NA,NA,NA,NA,NA
3454,2025_13_CHI_PHI,2025112800,PHI,CHI,REG,13,CHI,away,PHI,PHI,46,2025-11-28,550,550,550,Half2,0,19,0,4,1,0,09:10,PHI 46,10,63,(9:10) 4-D.Swift left tackle to PHI 42 for 4 yards (50-J.Phillips; 53-Z.Baun).,run,4,0,0,0,0,0,0,NA,NA,NA,NA,left,tackle,NA,NA,NA,NA,3,3,0,NA,NA,NA,NA,3,3,9,17,17,9,8,17,9,8,0.10545191168785095,0.07176994532346725,0.0010952998418360949,0.11744220554828644,0.2741541862487793,0.003219951642677188,0.4268665015697479,0,0,2.7773720985278487,-0.15553255984559655,-13.177551241693969,13.177551241693969,-16.335907421831507,16.335907421831507,4.643903377302978,-4.643903377302978,NA,NA,0,0,-4.657483953691553,4.657483953691553,-1.0866321639623493,1.0866321639623493,-5.863082203024533,5.863082203024533,7.998948944744244,-7.998948944744244,0.9248188138008118,0.07518118619918823,0.07518118619918823,0.9248188138008118,-0.001435995101928711,0.004998147487640381,-0.004998147487640381,0.07661718130111694,0.9233828186988831,0.8889853358268738,0.11101466417312622,-0.7120666545155523,0.7120666545155523,0.3594460041365183,-0.3594460041365183,NA,NA,0,0,-0.1704389452934265,0.1704389452934265,0.08653047691197757,-0.08653047691197757,-0.1704389452934265,0.1704389452934265,0.44491882632584934,-0.44491882632584934,0,0,0,0,0,0,0,0,0,0,0,0,0,0,0,0,0,0,0,0,0,0,0,0,0,0,0,0,0,0,0,0,1,0,0,0,0,0,0,0,0,0,0,0,0,0,1,0,0,0,0,NA,NA,NA,NA,NA,NA,00-0036275,D.Swift,4,NA,NA,NA,NA,NA,NA,NA,NA,NA,NA,NA,NA,NA,NA,NA,NA,NA,NA,NA,NA,NA,NA,NA,NA,NA,NA,NA,NA,NA,NA,NA,NA,NA,NA,NA,NA,NA,NA,NA,NA,NA,NA,NA,NA,NA,NA,NA,NA,00-0036934,J.Phillips,PHI,00-0036418,Z.Baun,PHI,NA,NA,NA,NA,NA,NA,0,NA,NA,NA,NA,NA,NA,NA,NA,NA,NA,NA,NA,NA,NA,NA,NA,NA,NA,NA,NA,NA,NA,NA,NA,NA,NA,NA,NA,NA,NA,NA,0,NA,NA,NA,NA,0,NA,NA,0,0,0,0,NA,NA,2025,NA,NA,48,1,First down,3454,"11/28/25, 15:02:44",2025-11-28T22:31:04.727Z,Lincoln Financial Field,"Sunny Temp: 42° F, Humidity: 35%, Wind: W 18 mph",f85755f8-311e-11f0-b670-ae1250fadad1,0,0,RUSH,0,NA,2025-11-28T22:31:09.567Z,NA,19,Touchdown,2025-11-28T22:29:00.317Z,8,4:56,3,0,1,4,4,0,PUNT,TOUCHDOWN,11:15,06:19,CHI 37,PHI 28,3367,3574,24,15,Home,-9,39,7,43.5,0,outdoors,,NA,NA,Nick Sirianni,Ben Johnson,PHI00,Lincoln Financial Field,0,0,NA,NA,D.Swift,4,NA,NA,0,1,0,0,1,NA,00-0036275,NA,D.Swift,4,00-0036275,D.Swift,00-0036275,D.Swift,00-0036275,0,0,-0.15553255984559655,NA,NA,NA,NA,NA,0.2913275957107544,-29.13275957107544,2025,Go for it,NA,NA,NA,NA,NA,NA,NA,NA,NA,NA,Nick Sirianni,Ben Johnson,9:10,NA,NA,Go for it,Toss Up,NA,NA,NA,NA,NA,NA,NA,NA
3476,2025_13_CHI_PHI,2025112800,PHI,CHI,REG,13,CHI,away,PHI,PHI,42,2025-11-28,511,511,511,Half2,0,19,0,4,2,0,08:31,PHI 42,6,63,(8:31) 18-C.Williams pass short left to 85-C.Kmet to PHI 40 for 2 yards (27-Q.Mitchell).,pass,2,0,0,1,0,0,0,short,left,1,1,NA,NA,NA,NA,NA,NA,3,3,0,NA,NA,NA,NA,3,3,9,17,17,9,8,17,9,8,0.11231475323438644,0.07477235794067383,0.001072705490514636,0.1208915263414383,0.28118443489074707,0.0034720012918114662,0.406292200088501,0,0,2.621839538682252,-0.2127387763466686,-12.9648124653473,12.9648124653473,-16.335907421831507,16.335907421831507,4.856642153649647,-4.856642153649647,-0.4932058211416006,0.280467044794932,-0.4932058211416006,0.280467044794932,-4.164278132549953,4.164278132549953,-1.3670992087572813,1.3670992087572813,-5.369876381882932,5.369876381882932,7.718481899949312,-7.718481899949312,0.9233828186988831,0.07661718130111694,0.07661718130111694,0.9233828186988831,0.013318181037902832,8.944272994995117e-4,-8.944272994995117e-4,0.06329900026321411,0.9367009997367859,0.8939834833145142,0.10601651668548584,-0.7120666545155523,0.7120666545155523,0.34612782309861545,-0.34612782309861545,0,0.013318181037902832,0,0.013318181037902832,-0.1704389452934265,0.1704389452934265,0.07321229587407474,-0.07321229587407474,-0.1704389452934265,0.1704389452934265,0.4316006452879465,-0.4316006452879465,0,0,0,0,0,0,0,0,0,0,0,0,0,0,0,0,0,0,0,0,0,0,0,0,1,0,0,0,0,0,0,0,0,1,0,0,0,0,0,0,0,0,0,0,0,1,0,0,0,0,0,00-0039918,C.Williams,2,00-0036290,C.Kmet,2,NA,NA,NA,NA,NA,NA,NA,NA,NA,NA,NA,NA,NA,NA,NA,NA,NA,NA,NA,NA,NA,NA,NA,NA,NA,NA,NA,NA,NA,NA,NA,NA,NA,NA,NA,NA,NA,NA,NA,NA,NA,NA,NA,NA,NA,PHI,NA,00-0039888,NA,Q.Mitchell,NA,NA,NA,NA,NA,NA,NA,NA,NA,NA,NA,NA,NA,0,NA,NA,NA,NA,NA,NA,NA,NA,NA,NA,NA,NA,NA,NA,NA,NA,NA,NA,NA,NA,NA,NA,NA,NA,NA,NA,NA,NA,NA,NA,NA,0,NA,NA,NA,NA,0,NA,NA,0,0,0,0,NA,NA,2025,0.8019748330116272,19.80251669883728,48,1,First down,3476,"11/28/25, 15:02:44",2025-11-28T22:31:43.877Z,Lincoln Financial Field,"Sunny Temp: 42° F, Humidity: 35%, Wind: W 18 mph",f85755f8-311e-11f0-b670-ae1250fadad1,0,0,PASS,0,NA,2025-11-28T22:31:48.983Z,NA,19,Touchdown,2025-11-28T22:29:00.317Z,8,4:56,3,0,1,4,4,0,PUNT,TOUCHDOWN,11:15,06:19,CHI 37,PHI 28,3367,3574,24,15,Home,-9,39,7,43.5,0,outdoors,,NA,NA,Nick Sirianni,Ben Johnson,PHI00,Lincoln Financial Field,0,0,C.Williams,18,NA,NA,C.Kmet,85,1,0,0,0,1,00-0039918,NA,00-0036290,C.Williams,18,00-0039918,C.Kmet,00-0036290,C.Kmet,00-0036290,0,0,-0.2127387763466686,0.9882103991590693,6.039922549884068,4,0.6550902644812595,0.4682257990061771,0.4539527893066406,54.60472106933594,2025,Go for it,NA,NA,NA,NA,NA,NA,NA,NA,NA,NA,Nick Sirianni,Ben Johnson,8:31,NA,NA,Go for it,Toss Up,NA,NA,NA,NA,NA,NA,NA,NA
3501,2025_13_CHI_PHI,2025112800,PHI,CHI,REG,13,CHI,away,PHI,PHI,40,2025-11-28,469,469,469,Half2,0,19,0,4,3,0,07:49,PHI 40,4,63,(7:49) (Shotgun) 18-C.Williams pass short right to 14-O.Zaccheaus to PHI 30 for 10 yards (8-A.Jackson).,pass,10,1,0,1,0,0,0,short,right,-2,12,NA,NA,NA,NA,NA,NA,3,3,0,NA,NA,NA,NA,3,3,9,17,17,9,8,17,9,8,0.13659340143203735,0.07924099266529083,0.0010194635251536965,0.12337002903223038,0.27160394191741943,0.003912821412086487,0.38425934314727783,0,0,2.4091007623355836,1.3725703774834983,-14.337382842830799,14.337382842830799,-16.335907421831507,16.335907421831507,3.4840717761661484,-3.4840717761661484,-2.27071719057858,3.643287568062078,-2.27071719057858,3.643287568062078,-1.8935609419713728,1.8935609419713728,-5.0103867768193595,5.0103867768193595,-3.099159191304352,3.099159191304352,4.075194331887234,-4.075194331887234,0.9367009997367859,0.06329900026321411,0.06329900026321411,0.9367009997367859,0.010344922542572021,0.027368664741516113,-0.027368664741516113,0.05295407772064209,0.9470459222793579,0.8948779106140137,0.10512208938598633,-0.7120666545155523,0.7120666545155523,0.33578290055604343,-0.33578290055604343,0,0.010344922542572021,0,0.010344922542572021,-0.1704389452934265,0.1704389452934265,0.06286737333150272,-0.06286737333150272,-0.1704389452934265,0.1704389452934265,0.4212557227453745,-0.4212557227453745,0,0,1,0,1,0,0,0,0,0,0,0,0,0,0,0,0,0,0,0,0,0,0,0,1,0,0,0,0,0,0,0,0,1,0,0,0,0,0,0,0,0,0,0,0,1,0,0,0,0,0,00-0039918,C.Williams,10,00-0035208,O.Zaccheaus,10,NA,NA,NA,NA,NA,NA,NA,NA,NA,NA,NA,NA,NA,NA,NA,NA,NA,NA,NA,NA,NA,NA,NA,NA,NA,NA,NA,NA,NA,NA,NA,NA,NA,NA,NA,NA,NA,NA,NA,NA,NA,NA,NA,NA,NA,PHI,NA,00-0033878,NA,A.Jackson,NA,NA,NA,NA,NA,NA,NA,NA,NA,NA,NA,NA,NA,0,NA,NA,NA,NA,NA,NA,NA,NA,NA,NA,NA,NA,NA,NA,NA,NA,NA,NA,NA,NA,NA,NA,NA,NA,NA,NA,NA,NA,NA,NA,NA,0,NA,NA,NA,NA,0,NA,NA,0,0,0,0,NA,NA,2025,0.8415111303329468,15.848886966705322,48,1,First down,3501,"11/28/25, 15:02:44",2025-11-28T22:32:25.607Z,Lincoln Financial Field,"Sunny Temp: 42° F, Humidity: 35%, Wind: W 18 mph",f85755f8-311e-11f0-b670-ae1250fadad1,0,0,PASS,0,NA,2025-11-28T22:32:30.243Z,NA,19,Touchdown,2025-11-28T22:29:00.317Z,8,4:56,3,0,1,4,4,0,PUNT,TOUCHDOWN,11:15,06:19,CHI 37,PHI 28,3367,3574,24,15,Home,-9,39,7,43.5,0,outdoors,,NA,NA,Nick Sirianni,Ben Johnson,PHI00,Lincoln Financial Field,0,1,C.Williams,18,NA,NA,O.Zaccheaus,14,1,0,1,0,1,00-0039918,NA,00-0035208,C.Williams,18,00-0039918,O.Zaccheaus,00-0035208,O.Zaccheaus,00-0035208,0,0,1.3725703774834983,2.32088412793591,8.121937844785862,7,0.5620436700992286,0.5620436700992286,0.8874339461326599,11.256605386734009,2025,Go for it,NA,NA,NA,NA,NA,NA,NA,NA,NA,NA,Nick Sirianni,Ben Johnson,7:49,NA,NA,Go for it,Toss Up,NA,NA,NA,NA,NA,NA,NA,NA
3526,2025_13_CHI_PHI,2025112800,PHI,CHI,REG,13,CHI,away,PHI,PHI,30,2025-11-28,424,424,424,Half2,0,19,0,4,1,0,07:04,PHI 30,10,63,(7:04) 4-D.Swift right guard to PHI 28 for 2 yards (32-R.Blankenship; 17-N.Dean).,run,2,0,0,0,0,0,0,NA,NA,NA,NA,right,guard,NA,NA,NA,NA,3,3,0,NA,NA,NA,NA,3,3,9,17,17,9,8,17,9,8,0.0861583724617958,0.033315107226371765,4.580719687510282e-4,0.06179150566458702,0.35213005542755127,8.690122049301863e-4,0.46527785062789917,0,0,3.781671139819082,-0.2911671051988378,-14.046215737631961,14.046215737631961,-16.04474031663267,16.04474031663267,3.4840717761661484,-3.4840717761661484,NA,NA,0,0,-1.8935609419713728,1.8935609419713728,-5.0103867768193595,5.0103867768193595,-3.099159191304352,3.099159191304352,4.075194331887234,-4.075194331887234,0.9470459222793579,0.05295407772064209,0.05295407772064209,0.9470459222793579,0.0042198896408081055,0.010641276836395264,-0.010641276836395264,0.048734188079833984,0.951265811920166,0.9222465753555298,0.07775342464447021,-0.7162865441563604,0.7162865441563604,0.33578290055604343,-0.33578290055604343,NA,NA,0,0,-0.1704389452934265,0.1704389452934265,0.06286737333150272,-0.06286737333150272,-0.1704389452934265,0.1704389452934265,0.4212557227453745,-0.4212557227453745,0,0,0,0,0,0,0,0,0,0,0,0,0,0,0,0,0,0,0,0,0,0,0,0,0,0,0,0,0,0,0,0,1,0,0,0,0,0,0,0,0,0,0,0,0,0,1,0,0,0,0,NA,NA,NA,NA,NA,NA,00-0036275,D.Swift,2,NA,NA,NA,NA,NA,NA,NA,NA,NA,NA,NA,NA,NA,NA,NA,NA,NA,NA,NA,NA,NA,NA,NA,NA,NA,NA,NA,NA,NA,NA,NA,NA,NA,NA,NA,NA,NA,NA,NA,NA,NA,NA,NA,NA,NA,NA,NA,NA,00-0037130,R.Blankenship,PHI,00-0037615,N.Dean,PHI,NA,NA,NA,NA,NA,NA,0,NA,NA,NA,NA,NA,NA,NA,NA,NA,NA,NA,NA,NA,NA,NA,NA,NA,NA,NA,NA,NA,NA,NA,NA,NA,NA,NA,NA,NA,NA,NA,0,NA,NA,NA,NA,0,NA,NA,0,0,0,0,NA,NA,2025,NA,NA,49,1,Touchdown,3526,"11/28/25, 15:02:44",2025-11-28T22:33:10.747Z,Lincoln Financial Field,"Sunny Temp: 42° F, Humidity: 35%, Wind: W 18 mph",f85755f8-311e-11f0-b670-ae1250fadad1,0,0,RUSH,0,NA,2025-11-28T22:33:15.520Z,NA,19,Touchdown,2025-11-28T22:29:00.317Z,8,4:56,3,0,1,4,4,0,PUNT,TOUCHDOWN,11:15,06:19,CHI 37,PHI 28,3367,3574,24,15,Home,-9,39,7,43.5,0,outdoors,,NA,NA,Nick Sirianni,Ben Johnson,PHI00,Lincoln Financial Field,0,0,NA,NA,D.Swift,4,NA,NA,0,1,0,0,1,NA,00-0036275,NA,D.Swift,4,00-0036275,D.Swift,00-0036275,D.Swift,00-0036275,0,0,-0.2911671051988378,NA,NA,NA,NA,NA,0.20812734961509705,-20.812734961509705,2025,Go for it,NA,NA,NA,NA,NA,NA,NA,NA,NA,NA,Nick Sirianni,Ben Johnson,7:04,NA,NA,Go for it,Toss Up,NA,NA,NA,NA,NA,NA,NA,NA
3548,2025_13_CHI_PHI,2025112800,PHI,CHI,REG,13,CHI,away,PHI,PHI,28,2025-11-28,386,386,386,Half2,0,19,1,4,2,0,06:26,PHI 28,8,63,"(6:26) 18-C.Williams pass deep middle to 85-C.Kmet for 28 yards, TOUCHDOWN.",pass,28,0,0,1,0,0,0,deep,middle,28,0,NA,NA,NA,NA,NA,NA,3,3,0,NA,CHI,C.Kmet,00-0036290,3,3,9,23,17,9,8,23,9,14,0.09859923273324966,0.03460969775915146,4.2506938916631043e-4,0.059638917446136475,0.40746039152145386,9.185142698697746e-4,0.39834821224212646,0,0,3.490504034620244,3.509495965379756,-17.555711703011717,17.555711703011717,-16.04474031663267,16.04474031663267,-0.025424189213607562,0.025424189213607562,3.509495965379756,0,3.509495965379756,0,-5.403056907351129,5.403056907351129,-5.0103867768193595,5.0103867768193595,-6.608655156684108,6.608655156684108,4.075194331887234,-4.075194331887234,0.951265811920166,0.048734188079833984,0.048734188079833984,0.951265811920166,0.019005723185968493,0.022032274794251627,-0.022032274794251627,0.02972846489386549,0.9702715351061345,0.932887852191925,0.06711214780807495,-0.7162865441563604,0.7162865441563604,0.31677717737007494,-0.31677717737007494,0.019005723185968493,0,0.019005723185968493,0,-0.189444668479395,0.189444668479395,0.06286737333150272,-0.06286737333150272,-0.189444668479395,0.189444668479395,0.4212557227453745,-0.4212557227453745,0,0,1,0,0,0,0,0,0,0,0,0,0,0,0,0,0,0,0,0,0,0,0,0,0,0,0,0,0,0,0,0,0,1,0,1,1,0,0,0,0,0,0,0,0,1,0,0,0,0,0,00-0039918,C.Williams,28,00-0036290,C.Kmet,28,NA,NA,NA,NA,NA,NA,NA,NA,NA,NA,NA,NA,NA,NA,NA,NA,NA,NA,NA,NA,NA,NA,NA,NA,NA,NA,NA,NA,NA,NA,NA,NA,NA,NA,NA,NA,NA,NA,NA,NA,NA,NA,NA,NA,NA,NA,NA,NA,NA,NA,NA,NA,NA,NA,NA,NA,NA,NA,NA,NA,NA,NA,NA,0,NA,NA,NA,NA,NA,NA,NA,NA,NA,NA,NA,NA,NA,NA,NA,NA,NA,NA,NA,NA,NA,NA,NA,NA,NA,NA,NA,NA,NA,NA,NA,0,NA,NA,NA,NA,0,NA,NA,0,0,0,0,NA,NA,2025,0.31686535477638245,68.31346452236176,49,1,Touchdown,3548,"11/28/25, 15:02:44",2025-11-28T22:33:49.007Z,Lincoln Financial Field,"Sunny Temp: 42° F, Humidity: 35%, Wind: W 18 mph",f85755f8-311e-11f0-b670-ae1250fadad1,0,0,PASS,0,NA,2025-11-28T22:33:54.877Z,NA,19,Touchdown,2025-11-28T22:29:00.317Z,8,4:56,3,0,1,4,4,0,PUNT,TOUCHDOWN,11:15,06:19,CHI 37,PHI 28,3367,3574,24,15,Home,-9,39,7,43.5,0,outdoors,,NA,NA,Nick Sirianni,Ben Johnson,PHI00,Lincoln Financial Field,0,1,C.Williams,18,NA,NA,C.Kmet,85,1,0,1,0,1,00-0039918,NA,00-0036290,C.Williams,18,00-0039918,C.Kmet,00-0036290,C.Kmet,00-0036290,0,0,3.509495965379756,NA,NA,NA,NA,NA,0.5479130744934082,45.20869255065918,2025,Go for it,NA,NA,NA,NA,NA,NA,NA,NA,NA,NA,Nick Sirianni,Ben Johnson,6:26,NA,NA,Go for it,Toss Up,NA,NA,NA,NA,NA,NA,NA,NA
3574,2025_13_CHI_PHI,2025112800,PHI,CHI,REG,13,CHI,away,PHI,PHI,15,2025-11-28,379,379,379,Half2,0,19,1,4,NA,0,06:19,PHI 15,0,63,"8-C.Santos extra point is GOOD, Center-46-S.Daly, Holder-19-T.Taylor.",extra_point,0,0,0,0,0,0,0,NA,NA,NA,NA,NA,NA,NA,33,good,NA,3,3,0,NA,NA,NA,NA,3,3,9,24,23,9,14,24,9,15,0,0,0,0,0,0,0,0.9324269968923669,0,0.9324269968923669,0.067573003107633145,-17.62328470611935,17.62328470611935,-16.04474031663267,16.04474031663267,-0.025424189213607562,0.025424189213607562,NA,NA,0,0,-5.403056907351129,5.403056907351129,-5.0103867768193595,5.0103867768193595,-6.608655156684108,6.608655156684108,4.075194331887234,-4.075194331887234,0.9702715351061345,0.02972846489386549,0.02972846489386549,0.9702715351061345,5.389788372992532e-4,5.469145956924493e-4,-5.469145956924493e-4,0.02918948605656624,0.9708105139434338,0.9549201269861767,0.045079873013823324,-0.7162865441563604,0.7162865441563604,0.31677717737007494,-0.31677717737007494,NA,NA,0,0,-0.189444668479395,0.189444668479395,0.06286737333150272,-0.06286737333150272,-0.189444668479395,0.189444668479395,0.4212557227453745,-0.4212557227453745,0,0,0,0,0,0,0,0,0,0,0,0,0,0,0,0,0,0,0,0,0,0,0,0,0,0,0,0,0,0,0,0,0,0,0,0,0,0,0,1,0,0,0,0,0,0,0,0,0,0,0,NA,NA,NA,NA,NA,NA,NA,NA,NA,NA,NA,NA,NA,NA,NA,NA,NA,NA,NA,NA,NA,NA,NA,NA,NA,NA,NA,NA,NA,NA,NA,C.Santos,00-0031203,NA,NA,NA,NA,NA,NA,NA,NA,NA,NA,NA,NA,NA,NA,NA,NA,NA,NA,NA,NA,NA,NA,NA,NA,NA,NA,NA,NA,NA,NA,NA,NA,NA,NA,NA,NA,0,NA,NA,NA,NA,NA,NA,NA,NA,NA,NA,NA,NA,NA,NA,NA,NA,NA,NA,NA,NA,NA,NA,NA,NA,NA,NA,NA,NA,NA,NA,NA,0,NA,NA,NA,NA,0,NA,NA,0,0,0,0,NA,NA,2025,NA,NA,49,1,Touchdown,3574,"11/28/25, 15:02:44",2025-11-28T22:34:37Z,Lincoln Financial Field,"Sunny Temp: 42° F, Humidity: 35%, Wind: W 18 mph",f85755f8-311e-11f0-b670-ae1250fadad1,0,0,XP_KICK,1,NA,NA,NA,19,Touchdown,2025-11-28T22:29:00.317Z,8,4:56,3,0,1,4,4,0,PUNT,TOUCHDOWN,11:15,06:19,CHI 37,PHI 28,3367,3574,24,15,Home,-9,39,7,43.5,0,outdoors,,NA,NA,Nick Sirianni,Ben Johnson,PHI00,Lincoln Financial Field,0,1,NA,NA,NA,NA,NA,NA,0,0,0,1,0,NA,NA,NA,NA,NA,NA,NA,NA,NA,NA,0,0,0.067573003107633145,NA,NA,NA,NA,NA,NA,NA,2025,Other,NA,NA,NA,NA,NA,NA,NA,NA,NA,NA,Nick Sirianni,Ben Johnson,6:19,NA,NA,Other,Toss Up,NA,NA,NA,NA,NA,NA,NA,NA
3589,2025_13_CHI_PHI,2025112800,PHI,CHI,REG,13,PHI,home,CHI,CHI,35,2025-11-28,379,379,379,Half2,0,20,0,4,NA,0,06:19,CHI 35,0,80,"8-C.Santos kicks 65 yards from CHI 35 to landing zone to end zone, Touchback to the PHI 20.",kickoff,0,0,0,0,0,0,0,NA,NA,NA,NA,NA,NA,NA,65,NA,NA,3,3,0,NA,NA,NA,NA,3,3,9,24,9,24,-15,9,24,-15,0.24610404670238495,0.11322351545095444,0.002111524809151888,0.17041674256324768,0.17295043170452118,0.0024782384280115366,0.29271548986434937,0,0,1.0360054071061313,-0.36484549660235643,-17.988130202721706,17.988130202721706,-16.04474031663267,16.04474031663267,-0.025424189213607562,0.025424189213607562,NA,NA,0,0,-5.403056907351129,5.403056907351129,-5.0103867768193595,5.0103867768193595,-6.608655156684108,6.608655156684108,4.075194331887234,-4.075194331887234,0.02918948605656624,0.9708105139434338,0.02918948605656624,0.9708105139434338,-0.0024302899837493896,-0.0010802634060382843,-0.0010802634060382843,0.02675919607281685,0.9732408039271832,0.044532958418130875,0.044532958418130875,-0.7162865441563604,0.7162865441563604,0.31677717737007494,-0.31677717737007494,NA,NA,0,0,-0.189444668479395,0.189444668479395,0.06286737333150272,-0.06286737333150272,-0.189444668479395,0.189444668479395,0.4212557227453745,-0.4212557227453745,0,0,0,0,0,0,0,0,0,1,0,0,0,0,0,0,0,0,0,0,0,0,0,0,0,0,0,0,0,0,0,0,0,0,0,0,0,0,0,0,0,0,1,0,0,0,0,0,0,0,0,NA,NA,NA,NA,NA,NA,NA,NA,NA,NA,NA,NA,NA,NA,NA,NA,NA,NA,NA,NA,NA,NA,NA,NA,NA,NA,NA,NA,NA,NA,NA,C.Santos,00-0031203,NA,NA,NA,NA,NA,NA,NA,NA,NA,NA,NA,NA,NA,NA,NA,NA,NA,NA,NA,NA,NA,NA,NA,NA,NA,NA,NA,NA,NA,NA,NA,NA,NA,NA,NA,NA,0,NA,NA,NA,NA,NA,NA,NA,NA,NA,NA,NA,NA,NA,NA,NA,NA,NA,NA,NA,NA,NA,NA,NA,NA,NA,NA,NA,NA,NA,NA,PHI,0,NA,NA,NA,NA,0,NA,NA,0,0,0,0,NA,NA,2025,NA,NA,50,1,First down,3589,"11/28/25, 15:02:44",2025-11-28T22:37:30.400Z,Lincoln Financial Field,"Sunny Temp: 42° F, Humidity: 35%, Wind: W 18 mph",f85755f8-311e-11f0-b670-ae1250fadad1,0,0,KICK_OFF,1,NA,2025-11-28T22:37:34.233Z,NA,20,Touchdown,2025-11-28T22:37:30.400Z,12,3:09,6,1,1,4,4,0,KICKOFF,TOUCHDOWN,06:19,03:10,PHI 20,CHI 4,3589,3911,24,15,Home,-9,39,7,43.5,0,outdoors,,NA,NA,Nick Sirianni,Ben Johnson,PHI00,Lincoln Financial Field,0,0,NA,NA,NA,NA,NA,NA,0,0,0,1,0,NA,NA,NA,NA,NA,NA,NA,NA,NA,NA,0,0,-0.36484549660235643,NA,NA,NA,NA,NA,NA,NA,2025,Other,NA,NA,NA,NA,NA,NA,NA,NA,NA,NA,Nick Sirianni,Ben Johnson,6:19,NA,NA,Other,Toss Up,NA,NA,NA,NA,NA,NA,NA,NA
3613,2025_13_CHI_PHI,2025112800,PHI,CHI,REG,13,PHI,home,CHI,PHI,80,2025-11-28,379,379,379,Half2,0,20,0,4,1,0,06:19,PHI 20,10,80,(6:19) (Shotgun) 1-J.Hurts pass short middle to 11-A.Brown to PHI 33 for 13 yards (31-K.Byard).,pass,13,1,0,1,0,0,0,short,middle,10,3,NA,NA,NA,NA,NA,NA,3,3,0,NA,NA,NA,NA,3,3,9,24,9,24,-15,9,24,-15,0.2523154616355896,0.12672282755374908,0.0023113146889954805,0.1873885989189148,0.1600588858127594,0.002185132820159197,0.26901775598526,0,0,0.6711599105037749,0.7861268795095384,-17.202003323212168,17.202003323212168,-16.04474031663267,16.04474031663267,0.76070269029593085,-0.76070269029593085,0.7192946216091514,0.06683225790038705,0.7192946216091514,0.06683225790038705,-4.683762285741977,4.683762285741977,-4.9435545189189725,4.9435545189189725,-5.889360535074957,5.889360535074957,4.142026589787621,-4.142026589787621,0.02675919607281685,0.9732408039271832,0.02675919607281685,0.9732408039271832,2.0362436771392822e-5,-0.005898240953683853,-0.005898240953683853,0.02677955850958824,0.9732204414904118,0.04345269501209259,0.04345269501209259,-0.7162865441563604,0.7162865441563604,0.31679753980684633,-0.31679753980684633,0,2.0362436771392822e-5,0,2.0362436771392822e-5,-0.189444668479395,0.189444668479395,0.06288773576827411,-0.06288773576827411,-0.189444668479395,0.189444668479395,0.4212760851821459,-0.4212760851821459,0,0,1,0,0,0,0,0,0,0,0,0,0,0,0,0,0,0,0,0,0,0,0,0,1,0,0,0,0,0,0,0,0,1,0,0,0,0,0,0,0,0,0,0,0,1,0,0,0,0,0,00-0036389,J.Hurts,13,00-0035676,A.Brown,13,NA,NA,NA,NA,NA,NA,NA,NA,NA,NA,NA,NA,NA,NA,NA,NA,NA,NA,NA,NA,NA,NA,NA,NA,NA,NA,NA,NA,NA,NA,NA,NA,NA,NA,NA,NA,NA,NA,NA,NA,NA,NA,NA,NA,NA,CHI,NA,00-0033132,NA,K.Byard,NA,NA,NA,NA,NA,NA,NA,NA,NA,NA,NA,NA,NA,0,NA,NA,NA,NA,NA,NA,NA,NA,NA,NA,NA,NA,NA,NA,NA,NA,NA,NA,NA,NA,NA,NA,NA,NA,NA,NA,NA,NA,NA,NA,NA,0,NA,NA,NA,NA,0,NA,NA,0,0,0,0,NA,NA,2025,0.7043728828430176,29.562711715698242,50,1,First down,3613,"11/28/25, 15:02:44",2025-11-28T22:38:18.220Z,Lincoln Financial Field,"Sunny Temp: 42° F, Humidity: 35%, Wind: W 18 mph",f85755f8-311e-11f0-b670-ae1250fadad1,0,0,PASS,0,NA,2025-11-28T22:38:23.810Z,NA,20,Touchdown,2025-11-28T22:37:30.400Z,12,3:09,6,1,1,4,4,0,KICKOFF,TOUCHDOWN,06:19,03:10,PHI 20,CHI 4,3589,3911,24,15,Home,-9,39,7,43.5,0,outdoors,,NA,NA,Nick Sirianni,Ben Johnson,PHI00,Lincoln Financial Field,0,1,J.Hurts,1,NA,NA,A.Brown,11,1,0,1,0,1,00-0036389,NA,00-0035676,J.Hurts,1,00-0036389,A.Brown,00-0035676,A.Brown,00-0035676,0,0,0.7861268795095384,0.30346138373127673,4.920982245297637,3,1,0.9811339874286205,0.9351091384887695,6.489086151123047,2025,Go for it,NA,NA,NA,NA,NA,NA,NA,NA,NA,NA,Nick Sirianni,Ben Johnson,6:19,NA,NA,Go for it,Toss Up,NA,NA,NA,NA,NA,NA,NA,NA
3638,2025_13_CHI_PHI,2025112800,PHI,CHI,REG,13,PHI,home,CHI,PHI,67,2025-11-28,351,351,351,Half2,0,20,0,4,1,0,05:51,PHI 33,10,80,"(5:51) (No Huddle, Shotgun) 1-J.Hurts pass short left to 6-D.Smith to PHI 34 for 1 yard (9-J.Brisker).",pass,1,1,1,1,0,0,0,short,left,1,0,NA,NA,NA,NA,NA,NA,3,3,0,NA,NA,NA,NA,3,3,9,24,9,24,-15,9,24,-15,0.26226183772087097,0.08818893134593964,0.0019768481142818928,0.14650215208530426,0.18558305501937866,0.0027674217708408833,0.31271976232528687,0,0,1.4572867900133133,-0.50494255265221,-17.706945875864378,17.706945875864378,-16.04474031663267,16.04474031663267,0.25576013764372085,-0.25576013764372085,-0.50494255265221,0,-0.50494255265221,0,-5.188704838394187,5.188704838394187,-4.9435545189189725,4.9435545189189725,-6.394303087727167,6.394303087727167,4.142026589787621,-4.142026589787621,0.02677955850958824,0.9732204414904118,0.02677955850958824,0.9732204414904118,-0.0068407971411943436,-0.00930756889283657,-0.00930756889283657,0.019938761368393898,0.9800612386316061,0.03755445405840874,0.03755445405840874,-0.7162865441563604,0.7162865441563604,0.309956742665652,-0.309956742665652,-0.0068407971411943436,0,-0.0068407971411943436,0,-0.19628546562058935,0.19628546562058935,0.06288773576827411,-0.06288773576827411,-0.19628546562058935,0.19628546562058935,0.4212760851821459,-0.4212760851821459,0,0,0,0,0,0,0,0,0,0,0,0,0,0,0,0,0,0,0,0,0,0,0,0,1,0,0,0,0,0,0,0,0,1,0,0,0,0,0,0,0,0,0,0,0,1,0,0,0,0,0,00-0036389,J.Hurts,1,00-0036912,D.Smith,1,NA,NA,NA,NA,NA,NA,NA,NA,NA,NA,NA,NA,NA,NA,NA,NA,NA,NA,NA,NA,NA,NA,NA,NA,NA,NA,NA,NA,NA,NA,NA,NA,NA,NA,NA,NA,NA,NA,NA,NA,NA,NA,NA,NA,NA,CHI,NA,00-0038135,NA,J.Brisker,NA,NA,NA,NA,NA,NA,NA,NA,NA,NA,NA,NA,NA,0,NA,NA,NA,NA,NA,NA,NA,NA,NA,NA,NA,NA,NA,NA,NA,NA,NA,NA,NA,NA,NA,NA,NA,NA,NA,NA,NA,NA,NA,NA,NA,0,NA,NA,NA,NA,0,NA,NA,0,0,0,0,NA,NA,2025,0.8231192231178284,17.688077688217163,51,1,First down,3638,"11/28/25, 15:02:44",2025-11-28T22:38:45.910Z,Lincoln Financial Field,"Sunny Temp: 42° F, Humidity: 35%, Wind: W 18 mph",f85755f8-311e-11f0-b670-ae1250fadad1,0,0,PASS,0,NA,2025-11-28T22:38:50.417Z,NA,20,Touchdown,2025-11-28T22:37:30.400Z,12,3:09,6,1,1,4,4,0,KICKOFF,TOUCHDOWN,06:19,03:10,PHI 20,CHI 4,3589,3911,24,15,Home,-9,39,7,43.5,0,outdoors,,NA,NA,Nick Sirianni,Ben Johnson,PHI00,Lincoln Financial Field,0,0,J.Hurts,1,NA,NA,D.Smith,6,1,0,0,0,1,00-0036389,NA,00-0036912,J.Hurts,1,00-0036389,D.Smith,00-0036912,D.Smith,00-0036912,0,0,-0.50494255265221,0.7525986566893793,6.238395711850899,5,0.6048304799187463,0.23342669635894708,0.9404482245445251,5.955177545547485,2025,Go for it,NA,NA,NA,NA,NA,NA,NA,NA,NA,NA,Nick Sirianni,Ben Johnson,5:51,NA,NA,Go for it,Toss Up,NA,NA,NA,NA,NA,NA,NA,NA
3663,2025_13_CHI_PHI,2025112800,PHI,CHI,REG,13,PHI,home,CHI,PHI,66,2025-11-28,325,325,325,Half2,0,20,0,4,2,0,05:25,PHI 34,9,80,"(5:25) (No Huddle, Shotgun) 1-J.Hurts pass incomplete short left to 26-S.Barkley.",pass,0,1,1,1,0,0,0,short,left,0,NA,NA,NA,NA,NA,NA,NA,3,3,0,NA,NA,NA,NA,3,3,9,24,9,24,-15,9,24,-15,0.27855682373046875,0.09657344222068787,0.0016177892684936523,0.16973388195037842,0.18140898644924164,0.003110624151304364,0.2689984440803528,0,0,0.9523442373611033,-0.6150588602758944,-18.322004736140272,18.322004736140272,-16.04474031663267,16.04474031663267,-0.35929872263217355,0.35929872263217355,-0.6395441635977477,0.02448530332185328,0,0,-5.188704838394187,5.188704838394187,-4.9435545189189725,4.9435545189189725,-7.033847251324914,7.033847251324914,4.166511893109474,-4.166511893109474,0.019938761368393898,0.9800612386316061,0.019938761368393898,0.9800612386316061,-0.0020494945347309113,-0.003487957641482353,-0.003487957641482353,0.017889266833662987,0.982110733166337,0.028246885165572166,0.028246885165572166,-0.7162865441563604,0.7162865441563604,0.3079072481309211,-0.3079072481309211,0,-0.0020494945347309113,0,0,-0.19628546562058935,0.19628546562058935,0.06288773576827411,-0.06288773576827411,-0.19628546562058935,0.19628546562058935,0.41922659064741497,-0.41922659064741497,0,0,0,0,0,0,0,0,1,0,0,0,0,0,0,0,0,0,0,0,0,0,0,0,0,0,0,0,0,0,0,0,0,1,0,0,0,0,0,0,0,0,0,0,0,0,0,0,0,0,0,00-0036389,J.Hurts,NA,00-0034844,S.Barkley,NA,NA,NA,NA,NA,NA,NA,NA,NA,NA,NA,NA,NA,NA,NA,NA,NA,NA,NA,NA,NA,NA,NA,NA,NA,NA,NA,NA,NA,NA,NA,NA,NA,NA,NA,NA,NA,NA,NA,NA,NA,NA,NA,NA,NA,NA,NA,NA,NA,NA,NA,NA,NA,NA,NA,NA,NA,NA,NA,NA,NA,NA,NA,NA,0,NA,NA,NA,NA,NA,NA,NA,NA,NA,NA,NA,NA,NA,NA,NA,NA,NA,NA,NA,NA,NA,NA,NA,NA,NA,NA,NA,NA,NA,NA,NA,0,NA,NA,NA,NA,0,NA,NA,0,0,0,0,NA,NA,2025,0.7347180247306824,-73.47180247306824,51,1,First down,3663,"11/28/25, 15:02:44",2025-11-28T22:39:11.883Z,Lincoln Financial Field,"Sunny Temp: 42° F, Humidity: 35%, Wind: W 18 mph",f85755f8-311e-11f0-b670-ae1250fadad1,0,0,PASS,0,NA,2025-11-28T22:39:15.020Z,NA,20,Touchdown,2025-11-28T22:37:30.400Z,12,3:09,6,1,1,4,4,0,KICKOFF,TOUCHDOWN,06:19,03:10,PHI 20,CHI 4,3589,3911,24,15,Home,-9,39,7,43.5,0,outdoors,,NA,NA,Nick Sirianni,Ben Johnson,PHI00,Lincoln Financial Field,0,0,J.Hurts,1,NA,NA,S.Barkley,26,1,0,0,0,1,00-0036389,NA,00-0034844,J.Hurts,1,00-0036389,S.Barkley,00-0034844,S.Barkley,00-0034844,0,0,-0.6150588602758944,0.9801570694876558,6.918746404218837,6,0.5898946753586642,0.273493901535403,0.9627401232719421,3.725987672805786,2025,Go for it,NA,NA,NA,NA,NA,NA,NA,NA,NA,NA,Nick Sirianni,Ben Johnson,5:25,NA,NA,Go for it,Toss Up,NA,NA,NA,NA,NA,NA,NA,NA
3686,2025_13_CHI_PHI,2025112800,PHI,CHI,REG,13,PHI,home,CHI,PHI,66,2025-11-28,321,321,321,Half2,0,20,0,4,3,0,05:21,PHI 34,9,80,(5:21) (Shotgun) 1-J.Hurts pass short right to 6-D.Smith to PHI 46 for 12 yards (31-K.Byard).,pass,12,1,0,1,0,0,0,short,right,12,0,NA,NA,NA,NA,NA,NA,3,3,0,NA,NA,NA,NA,3,3,9,24,9,24,-15,9,24,-15,0.28707095980644226,0.1116209551692009,0.0016955351456999779,0.2050335854291916,0.15886403620243073,0.00316439475864172,0.2325505018234253,0,0,0.3372853770852089,1.9104880676604807,-16.41151666847979,16.41151666847979,-16.04474031663267,16.04474031663267,1.5511893450283072,-1.5511893450283072,1.9104880676604807,0,1.9104880676604807,0,-3.2782167707337067,3.2782167707337067,-4.9435545189189725,4.9435545189189725,-5.123359183664434,5.123359183664434,4.166511893109474,-4.166511893109474,0.017889266833662987,0.982110733166337,0.017889266833662987,0.982110733166337,0.0057638827711343765,0.007578466087579727,0.007578466087579727,0.023653149604797363,0.9763468503952026,0.024758927524089813,0.024758927524089813,-0.7162865441563604,0.7162865441563604,0.31367113090205545,-0.31367113090205545,0.0057638827711343765,0,0.0057638827711343765,0,-0.19052158284945497,0.19052158284945497,0.06288773576827411,-0.06288773576827411,-0.19052158284945497,0.19052158284945497,0.41922659064741497,-0.41922659064741497,0,0,1,0,1,0,0,0,0,0,0,0,0,0,0,0,0,0,0,0,0,0,0,0,1,0,0,0,0,0,0,0,0,1,0,0,0,0,0,0,0,0,0,0,0,1,0,0,0,0,0,00-0036389,J.Hurts,12,00-0036912,D.Smith,12,NA,NA,NA,NA,NA,NA,NA,NA,NA,NA,NA,NA,NA,NA,NA,NA,NA,NA,NA,NA,NA,NA,NA,NA,NA,NA,NA,NA,NA,NA,NA,NA,NA,NA,NA,NA,NA,NA,NA,NA,NA,NA,NA,NA,NA,CHI,NA,00-0033132,NA,K.Byard,NA,NA,NA,NA,NA,NA,NA,NA,NA,NA,NA,NA,NA,0,NA,NA,NA,NA,NA,NA,NA,NA,NA,NA,NA,NA,NA,NA,NA,NA,NA,NA,NA,NA,NA,NA,NA,NA,NA,NA,NA,NA,NA,NA,NA,0,NA,NA,NA,NA,0,NA,NA,0,0,0,0,NA,NA,2025,0.5707569122314453,42.92430877685547,51,1,First down,3686,"11/28/25, 15:02:44",2025-11-28T22:39:51.987Z,Lincoln Financial Field,"Sunny Temp: 42° F, Humidity: 35%, Wind: W 18 mph",f85755f8-311e-11f0-b670-ae1250fadad1,0,0,PASS,0,NA,2025-11-28T22:39:56.960Z,NA,20,Touchdown,2025-11-28T22:37:30.400Z,12,3:09,6,1,1,4,4,0,KICKOFF,TOUCHDOWN,06:19,03:10,PHI 20,CHI 4,3589,3911,24,15,Home,-9,39,7,43.5,0,outdoors,,NA,NA,Nick Sirianni,Ben Johnson,PHI00,Lincoln Financial Field,0,1,J.Hurts,1,NA,NA,D.Smith,6,1,0,1,0,1,00-0036389,NA,00-0036912,J.Hurts,1,00-0036389,D.Smith,00-0036912,D.Smith,00-0036912,0,0,1.9104880676604807,0.28278681673560735,3.1550028475467116,1,0.9989686420303769,0.9989686420303769,0.992857813835144,0.7142186164855957,2025,Go for it,NA,NA,NA,NA,NA,NA,NA,NA,NA,NA,Nick Sirianni,Ben Johnson,5:21,NA,NA,Go for it,Toss Up,NA,NA,NA,NA,NA,NA,NA,NA
3711,2025_13_CHI_PHI,2025112800,PHI,CHI,REG,13,PHI,home,CHI,PHI,54,2025-11-28,289,289,289,Half2,0,20,0,4,1,0,04:49,PHI 46,10,80,"(4:49) (No Huddle, Shotgun) 1-J.Hurts pass short middle to 2-J.Dotson to CHI 42 for 12 yards (1-J.Johnson).",pass,12,1,1,1,0,0,0,short,middle,5,7,NA,NA,NA,NA,NA,NA,3,3,0,NA,NA,NA,NA,3,3,9,24,9,24,-15,9,24,-15,0.2639787793159485,0.06406538188457489,5.856617353856564e-4,0.10069172829389572,0.20767435431480408,0.0036136514972895384,0.35939037799835205,0,0,2.2477734447456896,0.7895890568033792,-15.621927611676412,15.621927611676412,-16.04474031663267,16.04474031663267,2.3407784018316864,-2.3407784018316864,0.06447388476226479,0.7251151720411144,0.06447388476226479,0.7251151720411144,-3.213742885971442,3.213742885971442,-4.218439346877858,4.218439346877858,-5.058885298902169,5.058885298902169,4.891627065150589,-4.891627065150589,0.023653149604797363,0.9763468503952026,0.023653149604797363,0.9763468503952026,-1.0555051267147064e-4,0.004399869590997696,0.004399869590997696,0.023547599092125893,0.9764524009078741,0.03233739361166954,0.03233739361166954,-0.7162865441563604,0.7162865441563604,0.313565580389384,-0.313565580389384,0,-1.0555051267147064e-4,0,-1.0555051267147064e-4,-0.19052158284945497,0.19052158284945497,0.06278218525560264,-0.06278218525560264,-0.19052158284945497,0.19052158284945497,0.4191210401347435,-0.4191210401347435,0,0,1,0,0,0,0,0,0,0,0,0,0,0,0,0,0,0,0,0,0,0,0,0,1,0,0,0,0,0,0,0,0,1,0,0,0,0,0,0,0,0,0,0,0,1,0,0,0,0,0,00-0036389,J.Hurts,12,00-0037741,J.Dotson,12,NA,NA,NA,NA,NA,NA,NA,NA,NA,NA,NA,NA,NA,NA,NA,NA,NA,NA,NA,NA,NA,NA,NA,NA,NA,NA,NA,NA,NA,NA,NA,NA,NA,NA,NA,NA,NA,NA,NA,NA,NA,NA,NA,NA,NA,CHI,NA,00-0036292,NA,J.Johnson,NA,NA,NA,NA,NA,NA,NA,NA,NA,NA,NA,NA,NA,0,NA,NA,NA,NA,NA,NA,NA,NA,NA,NA,NA,NA,NA,NA,NA,NA,NA,NA,NA,NA,NA,NA,NA,NA,NA,NA,NA,NA,NA,NA,NA,0,NA,NA,NA,NA,0,NA,NA,0,0,0,0,NA,NA,2025,0.7985658049583435,20.14341950416565,52,1,First down,3711,"11/28/25, 15:02:44",2025-11-28T22:40:24.363Z,Lincoln Financial Field,"Sunny Temp: 42° F, Humidity: 35%, Wind: W 18 mph",f85755f8-311e-11f0-b670-ae1250fadad1,0,0,PASS,0,NA,2025-11-28T22:40:29.237Z,NA,20,Touchdown,2025-11-28T22:37:30.400Z,12,3:09,6,1,1,4,4,0,KICKOFF,TOUCHDOWN,06:19,03:10,PHI 20,CHI 4,3589,3911,24,15,Home,-9,39,7,43.5,0,outdoors,,NA,NA,Nick Sirianni,Ben Johnson,PHI00,Lincoln Financial Field,0,1,J.Hurts,1,NA,NA,J.Dotson,2,1,0,1,0,1,00-0036389,NA,00-0037741,J.Hurts,1,00-0036389,J.Dotson,00-0037741,J.Dotson,00-0037741,0,0,0.7895890568033792,0.5659038584680425,4.868582611670718,3,0.9879083337727934,0.33343745046295226,0.9497394561767578,5.026054382324219,2025,Go for it,NA,NA,NA,NA,NA,NA,NA,NA,NA,NA,Nick Sirianni,Ben Johnson,4:49,NA,NA,Go for it,Toss Up,NA,NA,NA,NA,NA,NA,NA,NA
3736,2025_13_CHI_PHI,2025112800,PHI,CHI,REG,13,PHI,home,CHI,CHI,42,2025-11-28,266,266,266,Half2,0,20,0,4,1,0,04:26,CHI 42,10,80,"(4:26) (No Huddle, Shotgun) 1-J.Hurts pass incomplete deep left.",pass,0,1,1,1,0,0,0,deep,left,25,NA,NA,NA,NA,NA,NA,NA,3,3,0,NA,NA,NA,NA,3,3,9,24,9,24,-15,9,24,-15,0.21928085386753082,0.04794696718454361,3.7139441701583564e-4,0.06919272243976593,0.2395942509174347,0.0035568568855524063,0.4200569689273834,0,0,3.037362501549069,-0.4714301331550814,-16.093357744831494,16.093357744831494,-16.04474031663267,16.04474031663267,1.869348268676605,-1.869348268676605,1.6378942449227907,-2.109324378077872,0,0,-3.213742885971442,3.213742885971442,-4.218439346877858,4.218439346877858,-3.420991053979378,3.420991053979378,2.7823026870727166,-2.7823026870727166,0.023547599092125893,0.9764524009078741,0.023547599092125893,0.9764524009078741,-0.0038315504789352417,-0.009767094627022743,-0.009767094627022743,0.01971604861319065,0.9802839513868093,0.036737263202667236,0.036737263202667236,-0.7162865441563604,0.7162865441563604,0.30973402991044874,-0.30973402991044874,0,-0.0038315504789352417,0,0,-0.19052158284945497,0.19052158284945497,0.06278218525560264,-0.06278218525560264,-0.19052158284945497,0.19052158284945497,0.41528948965580825,-0.41528948965580825,0,0,0,0,0,0,0,0,1,0,0,0,0,0,0,0,0,0,0,0,0,0,0,0,0,0,0,0,0,0,0,0,0,1,0,0,0,0,0,0,0,0,0,0,0,0,0,0,0,0,0,00-0036389,J.Hurts,NA,NA,NA,NA,NA,NA,NA,NA,NA,NA,NA,NA,NA,NA,NA,NA,NA,NA,NA,NA,NA,NA,NA,NA,NA,NA,NA,NA,NA,NA,NA,NA,NA,NA,NA,NA,NA,NA,NA,NA,NA,NA,NA,NA,NA,NA,NA,NA,NA,NA,NA,NA,NA,NA,NA,NA,NA,NA,NA,NA,NA,NA,NA,NA,NA,NA,NA,0,NA,NA,NA,NA,NA,NA,NA,NA,NA,NA,NA,NA,NA,NA,NA,NA,NA,NA,NA,NA,NA,NA,NA,NA,NA,NA,NA,NA,NA,NA,NA,0,NA,NA,NA,NA,0,NA,NA,0,0,0,0,NA,NA,2025,NA,NA,53,1,First down,3736,"11/28/25, 15:02:44",2025-11-28T22:40:47.833Z,Lincoln Financial Field,"Sunny Temp: 42° F, Humidity: 35%, Wind: W 18 mph",f85755f8-311e-11f0-b670-ae1250fadad1,0,0,PASS,0,NA,2025-11-28T22:40:53.273Z,NA,20,Touchdown,2025-11-28T22:37:30.400Z,12,3:09,6,1,1,4,4,0,KICKOFF,TOUCHDOWN,06:19,03:10,PHI 20,CHI 4,3589,3911,24,15,Home,-9,39,7,43.5,0,outdoors,,NA,NA,Nick Sirianni,Ben Johnson,PHI00,Lincoln Financial Field,0,0,J.Hurts,1,NA,NA,NA,NA,1,0,0,0,1,00-0036389,NA,NA,J.Hurts,1,00-0036389,NA,NA,NA,NA,0,0,-0.4714301331550814,NA,NA,NA,NA,NA,0.9528803825378418,4.71196174621582,2025,Go for it,NA,NA,NA,NA,NA,NA,NA,NA,NA,NA,Nick Sirianni,Ben Johnson,4:26,NA,NA,Go for it,Toss Up,NA,NA,NA,NA,NA,NA,NA,NA
3759,2025_13_CHI_PHI,2025112800,PHI,CHI,REG,13,PHI,home,CHI,CHI,42,2025-11-28,260,260,260,Half2,0,20,0,4,2,0,04:20,CHI 42,10,80,(4:20) (Shotgun) 1-J.Hurts pass incomplete short right to 2-J.Dotson.,pass,0,1,0,1,0,0,0,short,right,14,NA,NA,NA,NA,NA,NA,NA,3,3,0,NA,NA,NA,NA,3,3,9,24,9,24,-15,9,24,-15,0.23936280608177185,0.05653762072324753,4.0067429654300213e-4,0.08726079761981964,0.23685486614704132,0.004095006268471479,0.3754882216453552,0,0,2.5659323683939874,-0.7635078820167109,-16.856865626848204,16.856865626848204,-16.04474031663267,16.04474031663267,1.105840386659894,-1.105840386659894,1.2620477279415354,-2.0255556099582464,0,0,-3.213742885971442,3.213742885971442,-4.218439346877858,4.218439346877858,-2.158943326037843,2.158943326037843,0.7567470771144702,-0.7567470771144702,0.01971604861319065,0.9802839513868093,0.01971604861319065,0.9802839513868093,-0.004007231444120407,-0.0051567163318395615,-0.0051567163318395615,0.015708817169070244,0.9842911828309298,0.026970168575644493,0.026970168575644493,-0.7162865441563604,0.7162865441563604,0.30572679846632833,-0.30572679846632833,0,-0.004007231444120407,0,0,-0.19052158284945497,0.19052158284945497,0.06278218525560264,-0.06278218525560264,-0.19052158284945497,0.19052158284945497,0.41128225821168785,-0.41128225821168785,0,0,0,0,0,0,0,0,1,0,0,0,0,0,0,0,0,0,0,0,0,0,0,0,0,0,0,0,0,0,0,0,0,1,0,0,0,0,0,0,0,0,0,0,0,0,0,0,0,0,0,00-0036389,J.Hurts,NA,00-0037741,J.Dotson,NA,NA,NA,NA,NA,NA,NA,NA,NA,NA,NA,NA,NA,NA,NA,NA,NA,NA,NA,NA,NA,NA,NA,NA,NA,NA,NA,NA,NA,NA,NA,NA,NA,NA,NA,NA,NA,NA,NA,NA,NA,NA,NA,NA,NA,NA,NA,NA,NA,NA,NA,NA,NA,NA,NA,NA,NA,NA,NA,NA,NA,NA,NA,NA,0,NA,NA,NA,NA,NA,NA,NA,NA,NA,NA,NA,NA,NA,NA,NA,NA,NA,NA,NA,NA,NA,NA,NA,NA,NA,NA,NA,NA,NA,NA,NA,0,NA,NA,NA,NA,0,NA,NA,0,0,0,0,NA,NA,2025,0.5876175165176392,-58.761751651763916,53,1,First down,3759,"11/28/25, 15:02:44",2025-11-28T22:41:32.840Z,Lincoln Financial Field,"Sunny Temp: 42° F, Humidity: 35%, Wind: W 18 mph",f85755f8-311e-11f0-b670-ae1250fadad1,0,0,PASS,0,NA,2025-11-28T22:41:37.280Z,NA,20,Touchdown,2025-11-28T22:37:30.400Z,12,3:09,6,1,1,4,4,0,KICKOFF,TOUCHDOWN,06:19,03:10,PHI 20,CHI 4,3589,3911,24,15,Home,-9,39,7,43.5,0,outdoors,,NA,NA,Nick Sirianni,Ben Johnson,PHI00,Lincoln Financial Field,0,0,J.Hurts,1,NA,NA,J.Dotson,2,1,0,0,0,1,00-0036389,NA,00-0037741,J.Hurts,1,00-0036389,J.Dotson,00-0037741,J.Dotson,00-0037741,0,0,-0.7635078820167109,0.23249319984349603,2.9094978336361237,1,1,0.9993931643548422,0.9552722573280334,4.472774267196655,2025,Go for it,NA,NA,NA,NA,NA,NA,NA,NA,NA,NA,Nick Sirianni,Ben Johnson,4:20,NA,NA,Go for it,Toss Up,NA,NA,NA,NA,NA,NA,NA,NA
3782,2025_13_CHI_PHI,2025112800,PHI,CHI,REG,13,PHI,home,CHI,CHI,42,2025-11-28,255,255,255,Half2,0,20,0,4,3,0,04:15,CHI 42,10,80,(4:15) (Shotgun) 1-J.Hurts pass deep middle to 11-A.Brown to CHI 25 for 17 yards (48-D.Jackson).,pass,17,1,0,1,0,0,0,deep,middle,17,0,NA,NA,NA,NA,NA,NA,3,3,0,NA,NA,NA,NA,3,3,9,24,9,24,-15,9,24,-15,0.2716529667377472,0.0728563666343689,4.6956370351836085e-4,0.11826290935277939,0.22095130383968353,0.004745788872241974,0.3110610842704773,0,0,1.8024244863772765,2.2542487228056416,-14.602616904042563,14.602616904042563,-16.04474031663267,16.04474031663267,3.3600891094655356,-3.3600891094655356,2.2542487228056416,0,2.2542487228056416,0,-0.9594941631658003,0.9594941631658003,-4.218439346877858,4.218439346877858,0.09530539676779881,-0.09530539676779881,0.7567470771144702,-0.7567470771144702,0.015708817169070244,0.9842911828309298,0.015708817169070244,0.9842911828309298,0.009051410481333733,0.016952697187662125,0.016952697187662125,0.024760227650403976,0.975239772349596,0.02181345224380493,0.02181345224380493,-0.7162865441563604,0.7162865441563604,0.31477820894766206,-0.31477820894766206,0.009051410481333733,0,0.009051410481333733,0,-0.18147017236812124,0.18147017236812124,0.06278218525560264,-0.06278218525560264,-0.18147017236812124,0.18147017236812124,0.41128225821168785,-0.41128225821168785,0,0,1,0,1,0,0,0,0,0,0,0,0,0,0,0,0,0,0,0,0,0,0,0,1,0,0,0,0,0,0,0,0,1,0,0,0,0,0,0,0,0,0,0,0,1,0,0,0,0,0,00-0036389,J.Hurts,17,00-0035676,A.Brown,17,NA,NA,NA,NA,NA,NA,NA,NA,NA,NA,NA,NA,NA,NA,NA,NA,NA,NA,NA,NA,NA,NA,NA,NA,NA,NA,NA,NA,NA,NA,NA,NA,NA,NA,NA,NA,NA,NA,NA,NA,NA,NA,NA,NA,NA,CHI,NA,00-0037271,NA,D.Jackson,NA,NA,NA,NA,NA,NA,NA,NA,NA,NA,NA,NA,NA,0,NA,NA,NA,NA,NA,NA,NA,NA,NA,NA,NA,NA,NA,NA,NA,NA,NA,NA,NA,NA,NA,NA,NA,NA,NA,NA,NA,NA,NA,NA,NA,0,NA,NA,NA,NA,0,NA,NA,0,0,0,0,NA,NA,2025,0.6235727071762085,37.64272928237915,53,1,First down,3782,"11/28/25, 15:02:44",2025-11-28T22:42:16.577Z,Lincoln Financial Field,"Sunny Temp: 42° F, Humidity: 35%, Wind: W 18 mph",f85755f8-311e-11f0-b670-ae1250fadad1,0,0,PASS,0,NA,2025-11-28T22:42:21.587Z,NA,20,Touchdown,2025-11-28T22:37:30.400Z,12,3:09,6,1,1,4,4,0,KICKOFF,TOUCHDOWN,06:19,03:10,PHI 20,CHI 4,3589,3911,24,15,Home,-9,39,7,43.5,0,outdoors,,NA,NA,Nick Sirianni,Ben Johnson,PHI00,Lincoln Financial Field,0,1,J.Hurts,1,NA,NA,A.Brown,11,1,0,1,0,1,00-0036389,NA,00-0035676,J.Hurts,1,00-0036389,A.Brown,00-0035676,A.Brown,00-0035676,0,0,2.2542487228056416,0.3813969544613647,4.501959952991456,2,1,1,0.9907744526863098,0.9225547313690186,2025,Go for it,NA,NA,NA,NA,NA,NA,NA,NA,NA,NA,Nick Sirianni,Ben Johnson,4:15,NA,NA,Go for it,Toss Up,NA,NA,NA,NA,NA,NA,NA,NA
3807,2025_13_CHI_PHI,2025112800,PHI,CHI,REG,13,PHI,home,CHI,CHI,25,2025-11-28,230,230,230,Half2,0,20,0,4,1,0,03:50,CHI 25,10,80,"(3:50) (No Huddle, Shotgun) 1-J.Hurts pass short left to 6-D.Smith to CHI 21 for 4 yards (31-K.Byard).",pass,4,1,1,1,0,0,0,short,left,2,2,NA,NA,NA,NA,NA,NA,3,3,0,NA,NA,NA,NA,3,3,9,24,9,24,-15,9,24,-15,0.12533842027187347,0.022277576848864555,2.78760795481503e-4,0.03812919184565544,0.32564032077789307,8.605808252468705e-4,0.48747509717941284,0,0,4.056673209182918,-0.1481884876266122,-14.750805391669175,14.750805391669175,-16.04474031663267,16.04474031663267,3.2119006218389234,-3.2119006218389234,-0.4304032946238294,0.28221480699721724,-0.4304032946238294,0.28221480699721724,-1.3898974577896297,1.3898974577896297,-3.936224539880641,3.936224539880641,-0.3350978978560306,0.3350978978560306,1.0389618841116874,-1.0389618841116874,0.024760227650403976,0.975239772349596,0.024760227650403976,0.975239772349596,-0.013271903619170189,-0.021946044638752937,-0.021946044638752937,0.011488324031233788,0.9885116759687662,0.038766149431467056,0.038766149431467056,-0.7162865441563604,0.7162865441563604,0.3015063053284919,-0.3015063053284919,0,-0.013271903619170189,0,-0.013271903619170189,-0.18147017236812124,0.18147017236812124,0.04951028163643245,-0.04951028163643245,-0.18147017236812124,0.18147017236812124,0.39801035459251766,-0.39801035459251766,0,0,0,0,0,0,0,0,0,0,0,0,0,0,0,0,0,0,0,0,0,0,0,0,1,0,0,0,0,0,0,0,0,1,0,0,0,0,0,0,0,0,0,0,0,1,0,0,0,0,0,00-0036389,J.Hurts,4,00-0036912,D.Smith,4,NA,NA,NA,NA,NA,NA,NA,NA,NA,NA,NA,NA,NA,NA,NA,NA,NA,NA,NA,NA,NA,NA,NA,NA,NA,NA,NA,NA,NA,NA,NA,NA,NA,NA,NA,NA,NA,NA,NA,NA,NA,NA,NA,NA,NA,CHI,NA,00-0033132,NA,K.Byard,NA,NA,NA,NA,NA,NA,NA,NA,NA,NA,NA,NA,NA,0,NA,NA,NA,NA,NA,NA,NA,NA,NA,NA,NA,NA,NA,NA,NA,NA,NA,NA,NA,NA,NA,NA,NA,NA,NA,NA,NA,NA,NA,NA,NA,0,NA,NA,NA,NA,0,NA,NA,0,0,0,0,NA,NA,2025,0.7954164743423462,20.45835256576538,54,1,First down,3807,"11/28/25, 15:02:44",2025-11-28T22:42:42.287Z,Lincoln Financial Field,"Sunny Temp: 42° F, Humidity: 35%, Wind: W 18 mph",f85755f8-311e-11f0-b670-ae1250fadad1,0,0,PASS,0,NA,2025-11-28T22:42:46.960Z,NA,20,Touchdown,2025-11-28T22:37:30.400Z,12,3:09,6,1,1,4,4,0,KICKOFF,TOUCHDOWN,06:19,03:10,PHI 20,CHI 4,3589,3911,24,15,Home,-9,39,7,43.5,0,outdoors,,NA,NA,Nick Sirianni,Ben Johnson,PHI00,Lincoln Financial Field,0,0,J.Hurts,1,NA,NA,D.Smith,6,1,0,0,0,1,00-0036389,NA,00-0036912,J.Hurts,1,00-0036389,D.Smith,00-0036912,D.Smith,00-0036912,0,0,-0.1481884876266122,0.7534510812942365,5.078838325163815,4,0.6318899631733075,0.22868237050715834,0.9541248083114624,4.58751916885376,2025,Go for it,NA,NA,NA,NA,NA,NA,NA,NA,NA,NA,Nick Sirianni,Ben Johnson,3:50,NA,NA,Go for it,Toss Up,NA,NA,NA,NA,NA,NA,NA,NA
3832,2025_13_CHI_PHI,2025112800,PHI,CHI,REG,13,PHI,home,CHI,CHI,21,2025-11-28,203,203,203,Half2,0,20,0,4,2,0,03:23,CHI 21,6,80,"(3:23) (No Huddle, Shotgun) 1-J.Hurts pass incomplete short middle to 2-J.Dotson.",pass,0,1,1,1,0,0,0,short,middle,13,NA,NA,NA,NA,NA,NA,NA,3,3,0,NA,NA,NA,NA,3,3,9,24,9,24,-15,9,24,-15,0.11889531463384628,0.019718600437045097,2.9288686346262693e-4,0.03541189804673195,0.3896593451499939,0.0010044322116300464,0.43501752614974976,0,0,3.908484721556306,-0.5356630788883194,-15.286468470557494,15.286468470557494,-16.04474031663267,16.04474031663267,2.676237542950604,-2.676237542950604,1.3053878985811025,-1.841050977469422,0,0,-1.3898974577896297,1.3898974577896297,-3.936224539880641,3.936224539880641,0.9702900007250719,-0.9702900007250719,-0.8020890933577345,0.8020890933577345,0.011488324031233788,0.9885116759687662,0.011488324031233788,0.9885116759687662,-5.639158189296722e-4,-0.0021580280736088753,-0.0021580280736088753,0.010924408212304115,0.9890755917876959,0.01682010479271412,0.01682010479271412,-0.7162865441563604,0.7162865441563604,0.3009423895095622,-0.3009423895095622,0,-5.639158189296722e-4,0,0,-0.18147017236812124,0.18147017236812124,0.04951028163643245,-0.04951028163643245,-0.18147017236812124,0.18147017236812124,0.397446438773588,-0.397446438773588,0,0,0,0,0,0,0,0,1,0,0,0,0,0,0,0,0,0,0,0,0,0,0,0,0,0,0,0,0,0,0,0,0,1,0,0,0,0,0,0,0,0,0,0,0,0,0,0,0,0,0,00-0036389,J.Hurts,NA,00-0037741,J.Dotson,NA,NA,NA,NA,NA,NA,NA,NA,NA,NA,NA,NA,NA,NA,NA,NA,NA,NA,NA,NA,NA,NA,NA,NA,NA,NA,NA,NA,NA,NA,NA,NA,NA,NA,NA,NA,NA,NA,NA,NA,NA,NA,NA,NA,NA,NA,NA,NA,NA,NA,NA,NA,NA,NA,NA,NA,NA,NA,NA,NA,NA,NA,NA,NA,0,NA,NA,NA,NA,NA,NA,NA,NA,NA,NA,NA,NA,NA,NA,NA,NA,NA,NA,NA,NA,NA,NA,NA,NA,NA,NA,NA,NA,NA,NA,NA,0,NA,NA,NA,NA,0,NA,NA,0,0,0,0,NA,NA,2025,0.6254344582557678,-62.54344582557678,54,1,First down,3832,"11/28/25, 15:02:44",2025-11-28T22:43:09.493Z,Lincoln Financial Field,"Sunny Temp: 42° F, Humidity: 35%, Wind: W 18 mph",f85755f8-311e-11f0-b670-ae1250fadad1,0,0,PASS,0,NA,2025-11-28T22:43:12.297Z,NA,20,Touchdown,2025-11-28T22:37:30.400Z,12,3:09,6,1,1,4,4,0,KICKOFF,TOUCHDOWN,06:19,03:10,PHI 20,CHI 4,3589,3911,24,15,Home,-9,39,7,43.5,0,outdoors,,NA,NA,Nick Sirianni,Ben Johnson,PHI00,Lincoln Financial Field,0,0,J.Hurts,1,NA,NA,J.Dotson,2,1,0,0,0,1,00-0036389,NA,00-0037741,J.Hurts,1,00-0036389,J.Dotson,00-0037741,J.Dotson,00-0037741,0,0,-0.5356630788883194,0.592854438200149,3.004212042025756,2,1,1,0.9614046216011047,3.8595378398895264,2025,Go for it,NA,NA,NA,NA,NA,NA,NA,NA,NA,NA,Nick Sirianni,Ben Johnson,3:23,NA,NA,Go for it,Toss Up,NA,NA,NA,NA,NA,NA,NA,NA
3855,2025_13_CHI_PHI,2025112800,PHI,CHI,REG,13,PHI,home,CHI,CHI,21,2025-11-28,200,200,200,Half2,0,20,0,4,3,0,03:20,CHI 21,6,80,(3:20) (Shotgun) 1-J.Hurts pass deep left to 11-A.Brown pushed ob at CHI 4 for 17 yards (26-N.Wright).,pass,17,1,0,1,0,0,0,deep,left,17,0,NA,NA,NA,NA,NA,NA,3,3,0,NA,NA,NA,NA,3,3,9,24,9,24,-15,9,24,-15,0.11947538703680038,0.02170664258301258,2.938859979622066e-4,0.041038766503334045,0.49788108468055725,0.001014508306980133,0.3185897767543793,0,0,3.3728216426679865,2.5230894042470027,-12.763379066310492,12.763379066310492,-16.04474031663267,16.04474031663267,5.199326947197607,-5.199326947197607,2.5230894042470027,0,2.5230894042470027,0,1.133191946457373,-1.133191946457373,-3.936224539880641,3.936224539880641,3.4933794049720746,-3.4933794049720746,-0.8020890933577345,0.8020890933577345,0.010924408212304115,0.9890755917876959,0.010924408212304115,0.9890755917876959,0.009406795725226402,0.016990098170936108,0.016990098170936108,0.020331203937530518,0.9796687960624695,0.014662076719105244,0.014662076719105244,-0.7162865441563604,0.7162865441563604,0.3103491852347886,-0.3103491852347886,0.009406795725226402,0,0.009406795725226402,0,-0.17206337664289484,0.17206337664289484,0.04951028163643245,-0.04951028163643245,-0.17206337664289484,0.17206337664289484,0.397446438773588,-0.397446438773588,0,0,1,0,1,0,0,0,0,0,0,0,0,0,0,0,0,0,0,0,0,0,0,0,1,0,0,0,0,0,0,0,0,1,0,0,0,0,0,0,0,0,0,0,0,1,0,0,0,0,0,00-0036389,J.Hurts,17,00-0035676,A.Brown,17,NA,NA,NA,NA,NA,NA,NA,NA,NA,NA,NA,NA,NA,NA,NA,NA,NA,NA,NA,NA,NA,NA,NA,NA,NA,NA,NA,NA,NA,NA,NA,NA,NA,NA,NA,NA,NA,NA,NA,NA,NA,NA,NA,NA,NA,CHI,NA,00-0036986,NA,N.Wright,NA,NA,NA,NA,NA,NA,NA,NA,NA,NA,NA,NA,NA,0,NA,NA,NA,NA,NA,NA,NA,NA,NA,NA,NA,NA,NA,NA,NA,NA,NA,NA,NA,NA,NA,NA,NA,NA,NA,NA,NA,NA,NA,NA,NA,0,NA,NA,NA,NA,0,NA,NA,0,0,0,0,NA,NA,2025,0.38204607367515564,61.795392632484436,54,1,First down,3855,"11/28/25, 15:02:44",2025-11-28T22:43:50.600Z,Lincoln Financial Field,"Sunny Temp: 42° F, Humidity: 35%, Wind: W 18 mph",f85755f8-311e-11f0-b670-ae1250fadad1,0,0,PASS,0,NA,2025-11-28T22:43:55.107Z,NA,20,Touchdown,2025-11-28T22:37:30.400Z,12,3:09,6,1,1,4,4,0,KICKOFF,TOUCHDOWN,06:19,03:10,PHI 20,CHI 4,3589,3911,24,15,Home,-9,39,7,43.5,0,outdoors,,NA,NA,Nick Sirianni,Ben Johnson,PHI00,Lincoln Financial Field,0,1,J.Hurts,1,NA,NA,A.Brown,11,1,0,1,0,1,00-0036389,NA,00-0035676,J.Hurts,1,00-0036389,A.Brown,00-0035676,A.Brown,00-0035676,1,0,2.5230894042470027,0.48912166439254934,2.0332406596571673,2,1,1,0.9884166121482849,1.1583387851715088,2025,Go for it,NA,NA,NA,NA,NA,NA,NA,NA,NA,NA,Nick Sirianni,Ben Johnson,3:20,NA,NA,Go for it,Toss Up,NA,NA,NA,NA,NA,NA,NA,NA
3885,2025_13_CHI_PHI,2025112800,PHI,CHI,REG,13,PHI,home,CHI,CHI,4,2025-11-28,194,194,194,Half2,0,20,1,4,1,1,03:14,CHI 4,4,80,"(3:14) (Shotgun) 1-J.Hurts pass short right to 11-A.Brown for 4 yards, TOUCHDOWN.",pass,4,1,0,1,0,0,0,short,right,4,0,NA,NA,NA,NA,NA,NA,3,3,0,NA,PHI,A.Brown,00-0035676,3,3,15,24,9,24,-15,15,24,-9,0.04858597740530968,0.00693513173609972,1.7579800623934716e-4,0.010776284150779247,0.1343899667263031,9.251353330910206e-4,0.7982116937637329,0,0,5.895911046914989,1.1040889530850109,-11.659290113225481,11.659290113225481,-16.04474031663267,16.04474031663267,6.303415900282618,-6.303415900282618,1.1040889530850109,0,1.1040889530850109,0,2.237280899542384,-2.237280899542384,-3.936224539880641,3.936224539880641,4.597468358057085,-4.597468358057085,-0.8020890933577345,0.8020890933577345,0.020331203937530518,0.9796687960624695,0.020331203937530518,0.9796687960624695,0.035578877359628724,0.03742302194237712,0.03742302194237712,0.05591008129715924,0.9440899187028408,0.03165217489004135,0.03165217489004135,-0.7162865441563604,0.7162865441563604,0.34592806259441733,-0.34592806259441733,0.035578877359628724,0,0.035578877359628724,0,-0.13648449928326611,0.13648449928326611,0.04951028163643245,-0.04951028163643245,-0.13648449928326611,0.13648449928326611,0.397446438773588,-0.397446438773588,0,0,1,0,0,0,0,0,0,0,0,0,0,0,0,0,0,0,0,0,0,0,0,0,0,0,0,0,0,0,0,0,0,1,0,1,1,0,0,0,0,0,0,0,0,1,0,0,0,0,0,00-0036389,J.Hurts,4,00-0035676,A.Brown,4,NA,NA,NA,NA,NA,NA,NA,NA,NA,NA,NA,NA,NA,NA,NA,NA,NA,NA,NA,NA,NA,NA,NA,NA,NA,NA,NA,NA,NA,NA,NA,NA,NA,NA,NA,NA,NA,NA,NA,NA,NA,NA,NA,NA,NA,NA,NA,NA,NA,NA,NA,NA,NA,NA,NA,NA,NA,NA,NA,NA,NA,NA,NA,0,NA,NA,NA,NA,NA,NA,NA,NA,NA,NA,NA,NA,NA,NA,NA,NA,NA,NA,NA,NA,NA,NA,NA,NA,NA,NA,NA,NA,NA,NA,NA,0,NA,NA,NA,NA,0,NA,NA,0,0,0,0,NA,NA,2025,0.43874767422676086,56.125232577323914,55,1,Touchdown,3885,"11/28/25, 15:02:44",2025-11-28T22:44:33.303Z,Lincoln Financial Field,"Sunny Temp: 42° F, Humidity: 35%, Wind: W 18 mph",f85755f8-311e-11f0-b670-ae1250fadad1,0,0,PASS,0,NA,2025-11-28T22:44:36.540Z,NA,20,Touchdown,2025-11-28T22:37:30.400Z,12,3:09,6,1,1,4,4,0,KICKOFF,TOUCHDOWN,06:19,03:10,PHI 20,CHI 4,3589,3911,24,15,Home,-9,39,7,43.5,0,outdoors,,NA,NA,Nick Sirianni,Ben Johnson,PHI00,Lincoln Financial Field,0,1,J.Hurts,1,NA,NA,A.Brown,11,1,0,1,0,1,00-0036389,NA,00-0035676,J.Hurts,1,00-0036389,A.Brown,00-0035676,A.Brown,00-0035676,0,0,1.1040889530850109,NA,NA,NA,NA,NA,0.9070468544960022,9.29531455039978,2025,Go for it,NA,NA,NA,NA,NA,NA,NA,NA,NA,NA,Nick Sirianni,Ben Johnson,3:14,NA,NA,Go for it,Toss Up,NA,NA,NA,NA,NA,NA,NA,NA
3911,2025_13_CHI_PHI,2025112800,PHI,CHI,REG,13,PHI,home,CHI,CHI,2,2025-11-28,190,190,190,Half2,0,20,0,4,NA,0,03:10,CHI 2,0,80,TWO-POINT CONVERSION ATTEMPT. 1-J.Hurts pass to 26-S.Barkley is incomplete. ATTEMPT FAILS.,pass,0,0,0,1,0,0,0,NA,NA,NA,NA,NA,NA,NA,NA,NA,failure,3,3,0,NA,NA,NA,NA,3,3,15,24,15,24,-9,15,24,-9,0,0,0,0,0,0,0,0,0.4735,0.947,-0.947,-12.606290113225482,12.606290113225482,-16.04474031663267,16.04474031663267,5.3564159002826175,-5.3564159002826175,NA,NA,0,0,2.237280899542384,-2.237280899542384,-3.936224539880641,3.936224539880641,4.597468358057085,-4.597468358057085,-0.8020890933577345,0.8020890933577345,0.05591008129715924,0.9440899187028408,0.05591008129715924,0.9440899187028408,-0.019105226427316713,-0.018107324689626725,-0.018107324689626725,0.03680485486984253,0.9631951451301575,0.06907519683241847,0.06907519683241847,-0.7162865441563604,0.7162865441563604,0.3268228361671006,-0.3268228361671006,NA,NA,0,0,-0.13648449928326611,0.13648449928326611,0.04951028163643245,-0.04951028163643245,-0.13648449928326611,0.13648449928326611,0.397446438773588,-0.397446438773588,0,0,0,0,0,0,0,0,0,0,0,0,0,0,0,0,0,0,0,0,0,0,0,0,0,0,0,0,0,0,0,0,0,1,0,0,0,0,0,0,1,0,0,0,0,0,0,0,0,0,0,00-0036389,J.Hurts,NA,00-0034844,S.Barkley,NA,NA,NA,NA,NA,NA,NA,NA,NA,NA,NA,NA,NA,NA,NA,NA,NA,NA,NA,NA,NA,NA,NA,NA,NA,NA,NA,NA,NA,NA,NA,NA,NA,NA,NA,NA,NA,NA,NA,NA,NA,NA,NA,NA,NA,NA,NA,NA,NA,NA,NA,NA,NA,NA,NA,NA,NA,NA,NA,NA,NA,NA,NA,NA,0,NA,NA,NA,NA,NA,NA,NA,NA,NA,NA,NA,NA,NA,NA,NA,NA,NA,NA,NA,NA,NA,NA,NA,NA,NA,NA,NA,NA,NA,NA,NA,0,NA,NA,NA,NA,0,NA,NA,0,0,0,0,NA,NA,2025,NA,NA,55,1,Touchdown,3911,"11/28/25, 15:02:44",2025-11-28T22:45:23Z,Lincoln Financial Field,"Sunny Temp: 42° F, Humidity: 35%, Wind: W 18 mph",f85755f8-311e-11f0-b670-ae1250fadad1,0,0,PAT2,0,NA,NA,NA,20,Touchdown,2025-11-28T22:37:30.400Z,12,3:09,6,1,1,4,4,0,KICKOFF,TOUCHDOWN,06:19,03:10,PHI 20,CHI 4,3589,3911,24,15,Home,-9,39,7,43.5,0,outdoors,,NA,NA,Nick Sirianni,Ben Johnson,PHI00,Lincoln Financial Field,0,0,J.Hurts,1,NA,NA,S.Barkley,26,1,0,0,0,1,00-0036389,NA,00-0034844,J.Hurts,1,00-0036389,S.Barkley,00-0034844,S.Barkley,00-0034844,0,0,-0.947,NA,NA,NA,NA,NA,NA,NA,2025,Go for it,NA,NA,NA,NA,NA,NA,NA,NA,NA,NA,Nick Sirianni,Ben Johnson,3:10,NA,NA,Go for it,Toss Up,NA,NA,NA,NA,NA,NA,NA,NA
3924,2025_13_CHI_PHI,2025112800,PHI,CHI,REG,13,CHI,away,PHI,PHI,35,2025-11-28,190,190,190,Half2,0,21,0,4,NA,0,03:10,PHI 35,0,17,4-J.Elliott kicks onside 12 yards from PHI 35 to PHI 47. 15-R.Odunze (didn't try to advance) to PHI 47 for no gain.,kickoff,0,0,0,0,0,0,0,NA,NA,NA,NA,NA,NA,NA,12,NA,NA,3,3,0,NA,NA,NA,NA,3,3,15,24,24,15,9,24,15,9,0.3985316753387451,0.09854601323604584,0.0010830919491127133,0.12370847910642624,0.142581969499588,0.0023382562212646008,0.23321054875850677,0,0,0.901132684899494,1.665146759885829,-14.27143687311131,14.27143687311131,-16.04474031663267,16.04474031663267,5.3564159002826175,-5.3564159002826175,NA,NA,0,0,2.237280899542384,-2.237280899542384,-3.936224539880641,3.936224539880641,4.597468358057085,-4.597468358057085,-0.8020890933577345,0.8020890933577345,0.9631951451301575,0.03680485486984253,0.03680485486984253,0.9631951451301575,0.006752431392669678,0.016865432262420654,-0.016865432262420654,0.03005242347717285,0.9699475765228271,0.9490321278572083,0.05096787214279175,-0.7162865441563604,0.7162865441563604,0.3268228361671006,-0.3268228361671006,NA,NA,0,0,-0.13648449928326611,0.13648449928326611,0.04951028163643245,-0.04951028163643245,-0.13648449928326611,0.13648449928326611,0.397446438773588,-0.397446438773588,0,0,0,0,0,0,0,0,0,0,0,0,0,0,0,0,0,0,0,0,0,0,0,0,0,0,0,0,0,0,0,0,0,0,0,0,0,0,0,0,0,0,1,0,0,0,0,0,0,0,0,NA,NA,NA,NA,NA,NA,NA,NA,NA,NA,NA,NA,NA,NA,NA,NA,NA,NA,NA,NA,NA,NA,NA,NA,NA,NA,NA,NA,NA,NA,NA,J.Elliott,00-0033787,NA,NA,NA,NA,NA,NA,NA,NA,NA,NA,NA,NA,NA,NA,NA,NA,NA,NA,NA,NA,NA,NA,NA,NA,NA,NA,NA,NA,NA,NA,NA,NA,NA,NA,NA,NA,0,NA,NA,NA,NA,NA,NA,NA,NA,NA,NA,NA,NA,NA,NA,NA,NA,NA,NA,NA,NA,NA,NA,NA,NA,NA,NA,NA,NA,NA,NA,NA,0,NA,NA,NA,NA,0,NA,NA,0,0,0,0,NA,NA,2025,NA,NA,56,1,First down,3924,"11/28/25, 15:02:44",2025-11-28T22:48:39.270Z,Lincoln Financial Field,"Sunny Temp: 42° F, Humidity: 35%, Wind: W 18 mph",f85755f8-311e-11f0-b670-ae1250fadad1,0,0,KICK_OFF,1,NA,2025-11-28T22:48:41.487Z,NA,21,Turnover on downs,2025-11-28T22:48:39.270Z,7,1:58,1,0,0,4,4,4,KICKOFF,DOWNS,03:10,01:12,PHI 47,PHI 30,3924,4138,24,15,Home,-9,39,7,43.5,0,outdoors,,NA,NA,Nick Sirianni,Ben Johnson,PHI00,Lincoln Financial Field,0,1,NA,NA,NA,NA,NA,NA,0,0,0,1,0,NA,NA,NA,NA,NA,NA,NA,NA,NA,NA,0,0,1.665146759885829,NA,NA,NA,NA,NA,NA,NA,2025,Other,NA,NA,NA,NA,NA,NA,NA,NA,NA,NA,Nick Sirianni,Ben Johnson,3:10,NA,NA,Other,Toss Up,NA,NA,NA,NA,NA,NA,NA,NA
3954,2025_13_CHI_PHI,2025112800,PHI,CHI,REG,13,CHI,away,PHI,PHI,47,2025-11-28,189,189,189,Half2,0,21,0,4,1,0,03:09,PHI 47,10,17,(3:09) 25-K.Monangai left guard to PHI 44 for 3 yards (90-J.Davis).,run,3,0,0,0,0,0,0,NA,NA,NA,NA,left,guard,NA,NA,NA,NA,3,3,0,NA,NA,NA,NA,3,3,15,24,24,15,9,24,15,9,0.30756616592407227,0.051941920071840286,3.979730245191604e-4,0.06483741849660873,0.2080831080675125,0.0035399983171373606,0.363633394241333,0,0,2.566279444785323,-0.27152186806779355,-13.999915005043517,13.999915005043517,-15.773218448564876,15.773218448564876,5.3564159002826175,-5.3564159002826175,NA,NA,0,0,2.237280899542384,-2.237280899542384,-3.936224539880641,3.936224539880641,4.597468358057085,-4.597468358057085,-0.8020890933577345,0.8020890933577345,0.9699475765228271,0.03005242347717285,0.03005242347717285,0.9699475765228271,0.0022127628326416016,0.005026280879974365,-0.005026280879974365,0.02783966064453125,0.97216033935546875,0.9658975601196289,0.034102439880371094,-0.718499306989002,0.718499306989002,0.3268228361671006,-0.3268228361671006,NA,NA,0,0,-0.13648449928326611,0.13648449928326611,0.04951028163643245,-0.04951028163643245,-0.13648449928326611,0.13648449928326611,0.397446438773588,-0.397446438773588,0,0,0,0,0,0,0,0,0,0,0,0,0,0,0,0,0,0,0,0,0,0,0,0,1,0,0,0,0,0,0,0,1,0,0,0,0,0,0,0,0,0,0,0,0,0,0,0,0,0,0,NA,NA,NA,NA,NA,NA,00-0040236,K.Monangai,3,NA,NA,NA,NA,NA,NA,NA,NA,NA,NA,NA,NA,NA,NA,NA,NA,NA,NA,NA,NA,NA,NA,NA,NA,NA,NA,NA,NA,NA,NA,NA,NA,NA,NA,NA,NA,NA,NA,NA,NA,NA,NA,PHI,NA,00-0037073,NA,J.Davis,NA,NA,NA,NA,NA,NA,NA,NA,NA,NA,NA,NA,NA,0,NA,NA,NA,NA,NA,NA,NA,NA,NA,NA,NA,NA,NA,NA,NA,NA,NA,NA,NA,NA,NA,NA,NA,NA,NA,NA,NA,NA,NA,NA,NA,0,NA,NA,NA,NA,0,NA,NA,0,0,0,0,NA,NA,2025,NA,NA,56,1,First down,3954,"11/28/25, 15:02:44",2025-11-28T22:49:25Z,Lincoln Financial Field,"Sunny Temp: 42° F, Humidity: 35%, Wind: W 18 mph",f85755f8-311e-11f0-b670-ae1250fadad1,0,0,RUSH,0,NA,NA,NA,21,Turnover on downs,2025-11-28T22:48:39.270Z,7,1:58,1,0,0,4,4,4,KICKOFF,DOWNS,03:10,01:12,PHI 47,PHI 30,3924,4138,24,15,Home,-9,39,7,43.5,0,outdoors,,NA,NA,Nick Sirianni,Ben Johnson,PHI00,Lincoln Financial Field,0,0,NA,NA,K.Monangai,25,NA,NA,0,1,0,0,1,NA,00-0040236,NA,K.Monangai,25,00-0040236,K.Monangai,00-0040236,K.Monangai,00-0040236,0,0,-0.27152186806779355,NA,NA,NA,NA,NA,0.08115416020154953,-8.115416020154953,2025,Go for it,NA,NA,NA,NA,NA,NA,NA,NA,NA,NA,Nick Sirianni,Ben Johnson,3:09,NA,NA,Go for it,Toss Up,NA,NA,NA,NA,NA,NA,NA,NA
3988,2025_13_CHI_PHI,2025112800,PHI,CHI,REG,13,NA,NA,NA,NA,NA,2025-11-28,185,185,185,Half2,0,21,0,4,NA,0,03:05,PHI 44,0,17,Timeout #1 by PHI at 03:05.,no_play,0,0,0,0,0,0,0,NA,NA,NA,NA,NA,NA,NA,NA,NA,NA,2,3,1,PHI,NA,NA,NA,NA,NA,15,24,NA,NA,NA,NA,NA,NA,0,0,0,0,0,0,0,0,0,2.2947575767175294,-0,-13.999915005043517,13.999915005043517,-15.773218448564876,15.773218448564876,5.3564159002826175,-5.3564159002826175,NA,NA,0,0,2.237280899542384,-2.237280899542384,-3.936224539880641,3.936224539880641,4.597468358057085,-4.597468358057085,-0.8020890933577345,0.8020890933577345,0.97216033935546875,0.02783966064453125,0.02783966064453125,0.97216033935546875,-0,-0,0,NA,NA,0.9709238409996033,0.02907615900039673,-0.718499306989002,0.718499306989002,0.3268228361671006,-0.3268228361671006,NA,NA,0,0,-0.13648449928326611,0.13648449928326611,0.04951028163643245,-0.04951028163643245,-0.13648449928326611,0.13648449928326611,0.397446438773588,-0.397446438773588,0,0,0,0,0,0,0,0,0,0,0,0,0,0,0,0,0,0,0,0,0,0,0,0,0,0,0,0,0,0,0,0,0,0,0,0,0,0,0,0,0,0,0,0,0,0,0,0,0,0,0,NA,NA,NA,NA,NA,NA,NA,NA,NA,NA,NA,NA,NA,NA,NA,NA,NA,NA,NA,NA,NA,NA,NA,NA,NA,NA,NA,NA,NA,NA,NA,NA,NA,NA,NA,NA,NA,NA,NA,NA,NA,NA,NA,NA,NA,NA,NA,NA,NA,NA,NA,NA,NA,NA,NA,NA,NA,NA,NA,NA,NA,NA,NA,NA,NA,NA,NA,NA,NA,0,NA,NA,NA,NA,NA,NA,NA,NA,NA,NA,NA,NA,NA,NA,NA,NA,NA,NA,NA,NA,NA,NA,NA,NA,NA,NA,NA,NA,NA,NA,NA,0,NA,NA,NA,NA,0,NA,NA,0,0,0,0,NA,NA,2025,NA,NA,56,1,First down,3965,"11/28/25, 15:02:44",2025-11-28T22:49:39Z,Lincoln Financial Field,"Sunny Temp: 42° F, Humidity: 35%, Wind: W 18 mph",f85755f8-311e-11f0-b670-ae1250fadad1,0,0,TIMEOUT,0,NA,NA,NA,21,Turnover on downs,2025-11-28T22:48:39.270Z,7,1:58,1,0,0,4,4,4,KICKOFF,DOWNS,03:10,01:12,PHI 47,PHI 30,3924,4138,24,15,Home,-9,39,7,43.5,0,outdoors,,NA,NA,Nick Sirianni,Ben Johnson,PHI00,Lincoln Financial Field,0,0,NA,NA,NA,NA,NA,NA,0,0,0,0,0,NA,NA,NA,NA,NA,NA,NA,NA,NA,NA,0,0,-0,NA,NA,NA,NA,NA,NA,NA,2025,Other,NA,NA,NA,NA,NA,NA,NA,NA,NA,NA,Nick Sirianni,Ben Johnson,3:05,NA,NA,Other,Toss Up,NA,NA,NA,NA,NA,NA,NA,NA
3976,2025_13_CHI_PHI,2025112800,PHI,CHI,REG,13,CHI,away,PHI,PHI,44,2025-11-28,185,185,185,Half2,0,21,0,4,2,0,03:05,PHI 44,7,17,(3:05) 25-K.Monangai right guard to PHI 40 for 4 yards (17-N.Dean; 53-Z.Baun).,run,4,0,0,0,0,0,0,NA,NA,NA,NA,right,guard,NA,NA,NA,NA,2,3,0,NA,NA,NA,NA,3,2,15,24,24,15,9,24,15,9,0.3295535743236542,0.053137511014938354,3.860743890982121e-4,0.06951192021369934,0.21915051341056824,0.0027498018462210894,0.3255106508731842,0,0,2.2947575767175294,-0.37034733791369945,-13.629567667129818,13.629567667129818,-15.402871110651176,15.402871110651176,5.3564159002826175,-5.3564159002826175,NA,NA,0,0,2.237280899542384,-2.237280899542384,-3.936224539880641,3.936224539880641,4.597468358057085,-4.597468358057085,-0.8020890933577345,0.8020890933577345,0.97216033935546875,0.02783966064453125,0.02783966064453125,0.97216033935546875,0.005816400051116943,-0.0021987557411193848,0.0021987557411193848,0.022023260593414307,0.9779767394065857,0.9709238409996033,0.02907615900039673,-0.7243157070401189,0.7243157070401189,0.3268228361671006,-0.3268228361671006,NA,NA,0,0,-0.13648449928326611,0.13648449928326611,0.04951028163643245,-0.04951028163643245,-0.13648449928326611,0.13648449928326611,0.397446438773588,-0.397446438773588,0,0,0,0,0,0,0,0,0,0,0,0,0,0,0,0,0,0,0,0,0,0,0,0,0,0,0,0,0,0,0,0,1,0,0,0,0,0,0,0,0,0,0,0,0,0,1,0,0,0,0,NA,NA,NA,NA,NA,NA,00-0040236,K.Monangai,4,NA,NA,NA,NA,NA,NA,NA,NA,NA,NA,NA,NA,NA,NA,NA,NA,NA,NA,NA,NA,NA,NA,NA,NA,NA,NA,NA,NA,NA,NA,NA,NA,NA,NA,NA,NA,NA,NA,NA,NA,NA,NA,NA,NA,NA,NA,NA,NA,00-0037615,N.Dean,PHI,00-0036418,Z.Baun,PHI,NA,NA,NA,NA,NA,NA,0,NA,NA,NA,NA,NA,NA,NA,NA,NA,NA,NA,NA,NA,NA,NA,NA,NA,NA,NA,NA,NA,NA,NA,NA,NA,NA,NA,NA,NA,NA,NA,0,NA,NA,NA,NA,0,NA,NA,0,0,0,0,NA,NA,2025,NA,NA,56,1,First down,3976,"11/28/25, 15:02:44",2025-11-28T22:50:28.160Z,Lincoln Financial Field,"Sunny Temp: 42° F, Humidity: 35%, Wind: W 18 mph",f85755f8-311e-11f0-b670-ae1250fadad1,0,0,RUSH,0,NA,2025-11-28T22:50:32.833Z,NA,21,Turnover on downs,2025-11-28T22:48:39.270Z,7,1:58,1,0,0,4,4,4,KICKOFF,DOWNS,03:10,01:12,PHI 47,PHI 30,3924,4138,24,15,Home,-9,39,7,43.5,0,outdoors,,NA,NA,Nick Sirianni,Ben Johnson,PHI00,Lincoln Financial Field,0,0,NA,NA,K.Monangai,25,NA,NA,0,1,0,0,1,NA,00-0040236,NA,K.Monangai,25,00-0040236,K.Monangai,00-0040236,K.Monangai,00-0040236,0,0,-0.37034733791369945,NA,NA,NA,NA,NA,0.24413779377937317,-24.413779377937317,2025,Go for it,NA,NA,NA,NA,NA,NA,NA,NA,NA,NA,Nick Sirianni,Ben Johnson,3:05,NA,NA,Go for it,Toss Up,NA,NA,NA,NA,NA,NA,NA,NA
4017,2025_13_CHI_PHI,2025112800,PHI,CHI,REG,13,NA,NA,NA,NA,NA,2025-11-28,179,179,179,Half2,0,21,0,4,NA,0,02:59,PHI 40,0,17,Timeout #2 by PHI at 02:59.,no_play,0,0,0,0,0,0,0,NA,NA,NA,NA,NA,NA,NA,NA,NA,NA,1,3,1,PHI,NA,NA,NA,NA,NA,15,24,NA,NA,NA,NA,NA,NA,0,0,0,0,0,0,0,0,0,1.92441023880383,-0,-13.629567667129818,13.629567667129818,-15.402871110651176,15.402871110651176,5.3564159002826175,-5.3564159002826175,NA,NA,0,0,2.237280899542384,-2.237280899542384,-3.936224539880641,3.936224539880641,4.597468358057085,-4.597468358057085,-0.8020890933577345,0.8020890933577345,0.9779767394065857,0.022023260593414307,0.022023260593414307,0.9779767394065857,-0,-0,0,NA,NA,0.9687250852584839,0.03127491474151611,-0.7243157070401189,0.7243157070401189,0.3268228361671006,-0.3268228361671006,NA,NA,0,0,-0.13648449928326611,0.13648449928326611,0.04951028163643245,-0.04951028163643245,-0.13648449928326611,0.13648449928326611,0.397446438773588,-0.397446438773588,0,0,0,0,0,0,0,0,0,0,0,0,0,0,0,0,0,0,0,0,0,0,0,0,0,0,0,0,0,0,0,0,0,0,0,0,0,0,0,0,0,0,0,0,0,0,0,0,0,0,0,NA,NA,NA,NA,NA,NA,NA,NA,NA,NA,NA,NA,NA,NA,NA,NA,NA,NA,NA,NA,NA,NA,NA,NA,NA,NA,NA,NA,NA,NA,NA,NA,NA,NA,NA,NA,NA,NA,NA,NA,NA,NA,NA,NA,NA,NA,NA,NA,NA,NA,NA,NA,NA,NA,NA,NA,NA,NA,NA,NA,NA,NA,NA,NA,NA,NA,NA,NA,NA,0,NA,NA,NA,NA,NA,NA,NA,NA,NA,NA,NA,NA,NA,NA,NA,NA,NA,NA,NA,NA,NA,NA,NA,NA,NA,NA,NA,NA,NA,NA,NA,0,NA,NA,NA,NA,0,NA,NA,0,0,0,0,NA,NA,2025,NA,NA,56,1,First down,3990,"11/28/25, 15:02:44",2025-11-28T22:50:40Z,Lincoln Financial Field,"Sunny Temp: 42° F, Humidity: 35%, Wind: W 18 mph",f85755f8-311e-11f0-b670-ae1250fadad1,0,0,TIMEOUT,0,NA,NA,NA,21,Turnover on downs,2025-11-28T22:48:39.270Z,7,1:58,1,0,0,4,4,4,KICKOFF,DOWNS,03:10,01:12,PHI 47,PHI 30,3924,4138,24,15,Home,-9,39,7,43.5,0,outdoors,,NA,NA,Nick Sirianni,Ben Johnson,PHI00,Lincoln Financial Field,0,0,NA,NA,NA,NA,NA,NA,0,0,0,0,0,NA,NA,NA,NA,NA,NA,NA,NA,NA,NA,0,0,-0,NA,NA,NA,NA,NA,NA,NA,2025,Other,NA,NA,NA,NA,NA,NA,NA,NA,NA,NA,Nick Sirianni,Ben Johnson,2:59,NA,NA,Other,Toss Up,NA,NA,NA,NA,NA,NA,NA,NA
4005,2025_13_CHI_PHI,2025112800,PHI,CHI,REG,13,CHI,away,PHI,PHI,40,2025-11-28,179,179,179,Half2,0,21,0,4,3,0,02:59,PHI 40,3,17,(2:59) 18-C.Williams scrambles left end to PHI 36 for 4 yards (32-R.Blankenship).,run,4,0,0,1,0,0,1,NA,NA,NA,NA,left,end,NA,NA,NA,NA,1,3,0,NA,NA,NA,NA,3,1,15,24,24,15,9,24,15,9,0.4114876985549927,0.049474090337753296,3.3644799259491265e-4,0.06323850899934769,0.19985845685005188,0.002526818076148629,0.27307799458503723,0,0,1.92441023880383,-0.42198754620039836,-13.20758012092942,13.20758012092942,-14.980883564450778,14.980883564450778,5.3564159002826175,-5.3564159002826175,NA,NA,0,0,2.237280899542384,-2.237280899542384,-3.936224539880641,3.936224539880641,4.597468358057085,-4.597468358057085,-0.8020890933577345,0.8020890933577345,0.9779767394065857,0.022023260593414307,0.022023260593414307,0.9779767394065857,0.009346961975097656,0.019680500030517578,-0.019680500030517578,0.01267629861831665,0.9873237013816833,0.9687250852584839,0.03127491474151611,-0.7336626690152166,0.7336626690152166,0.3268228361671006,-0.3268228361671006,NA,NA,0,0,-0.13648449928326611,0.13648449928326611,0.04951028163643245,-0.04951028163643245,-0.13648449928326611,0.13648449928326611,0.397446438773588,-0.397446438773588,0,1,0,0,1,0,0,0,0,0,0,0,0,0,0,0,0,0,0,0,0,0,0,0,1,0,0,0,0,0,0,0,1,0,0,0,0,0,0,0,0,0,0,0,0,0,0,0,0,0,0,NA,NA,NA,NA,NA,NA,00-0039918,C.Williams,4,NA,NA,NA,NA,NA,NA,NA,NA,NA,NA,NA,NA,NA,NA,NA,NA,NA,NA,NA,NA,NA,NA,NA,NA,NA,NA,NA,NA,NA,NA,NA,NA,NA,NA,NA,NA,NA,NA,NA,NA,NA,NA,PHI,NA,00-0037130,NA,R.Blankenship,NA,NA,NA,NA,NA,NA,NA,NA,NA,NA,NA,NA,NA,0,NA,NA,NA,NA,NA,NA,NA,NA,NA,NA,NA,NA,NA,NA,NA,NA,NA,NA,NA,NA,NA,NA,NA,NA,NA,NA,NA,NA,NA,NA,NA,0,NA,NA,NA,NA,0,NA,NA,0,0,0,0,NA,NA,2025,NA,NA,56,1,First down,4005,"11/28/25, 15:02:44",2025-11-28T22:51:35.070Z,Lincoln Financial Field,"Sunny Temp: 42° F, Humidity: 35%, Wind: W 18 mph",f85755f8-311e-11f0-b670-ae1250fadad1,0,0,RUSH,0,NA,2025-11-28T22:51:40.077Z,NA,21,Turnover on downs,2025-11-28T22:48:39.270Z,7,1:58,1,0,0,4,4,4,KICKOFF,DOWNS,03:10,01:12,PHI 47,PHI 30,3924,4138,24,15,Home,-9,39,7,43.5,0,outdoors,,NA,NA,Nick Sirianni,Ben Johnson,PHI00,Lincoln Financial Field,0,0,C.Williams,18,NA,18,NA,NA,1,0,1,0,1,00-0039918,NA,NA,C.Williams,18,00-0039918,C.Williams,00-0039918,C.Williams,00-0039918,0,0,-0.42198754620039836,NA,NA,NA,NA,NA,0.3954758048057556,60.45241951942444,2025,Go for it,NA,NA,NA,NA,NA,NA,NA,NA,NA,NA,Nick Sirianni,Ben Johnson,2:59,NA,NA,Go for it,Toss Up,NA,NA,NA,NA,NA,NA,NA,NA
4046,2025_13_CHI_PHI,2025112800,PHI,CHI,REG,13,NA,NA,NA,NA,NA,2025-11-28,169,169,169,Half2,0,21,0,4,NA,0,02:49,PHI 36,0,17,Timeout #3 by PHI at 02:49.,no_play,0,0,0,0,0,0,0,NA,NA,NA,NA,NA,NA,NA,NA,NA,NA,0,3,1,PHI,NA,NA,NA,NA,NA,15,24,NA,NA,NA,NA,NA,NA,0,0,0,0,0,0,0,0,0,1.5024226926034316,-0,-13.20758012092942,13.20758012092942,-14.980883564450778,14.980883564450778,5.3564159002826175,-5.3564159002826175,NA,NA,0,0,2.237280899542384,-2.237280899542384,-3.936224539880641,3.936224539880641,4.597468358057085,-4.597468358057085,-0.8020890933577345,0.8020890933577345,0.9873237013816833,0.01267629861831665,0.01267629861831665,0.9873237013816833,-0,-0,0,NA,NA,0.9884055852890015,0.011594414710998535,-0.7336626690152166,0.7336626690152166,0.3268228361671006,-0.3268228361671006,NA,NA,0,0,-0.13648449928326611,0.13648449928326611,0.04951028163643245,-0.04951028163643245,-0.13648449928326611,0.13648449928326611,0.397446438773588,-0.397446438773588,0,0,0,0,0,0,0,0,0,0,0,0,0,0,0,0,0,0,0,0,0,0,0,0,0,0,0,0,0,0,0,0,0,0,0,0,0,0,0,0,0,0,0,0,0,0,0,0,0,0,0,NA,NA,NA,NA,NA,NA,NA,NA,NA,NA,NA,NA,NA,NA,NA,NA,NA,NA,NA,NA,NA,NA,NA,NA,NA,NA,NA,NA,NA,NA,NA,NA,NA,NA,NA,NA,NA,NA,NA,NA,NA,NA,NA,NA,NA,NA,NA,NA,NA,NA,NA,NA,NA,NA,NA,NA,NA,NA,NA,NA,NA,NA,NA,NA,NA,NA,NA,NA,NA,0,NA,NA,NA,NA,NA,NA,NA,NA,NA,NA,NA,NA,NA,NA,NA,NA,NA,NA,NA,NA,NA,NA,NA,NA,NA,NA,NA,NA,NA,NA,NA,0,NA,NA,NA,NA,0,NA,NA,0,0,0,0,NA,NA,2025,NA,NA,57,0,Turnover on downs,4019,"11/28/25, 15:02:44",2025-11-28T22:51:53Z,Lincoln Financial Field,"Sunny Temp: 42° F, Humidity: 35%, Wind: W 18 mph",f85755f8-311e-11f0-b670-ae1250fadad1,0,0,TIMEOUT,0,NA,NA,NA,21,Turnover on downs,2025-11-28T22:48:39.270Z,7,1:58,1,0,0,4,4,4,KICKOFF,DOWNS,03:10,01:12,PHI 47,PHI 30,3924,4138,24,15,Home,-9,39,7,43.5,0,outdoors,,NA,NA,Nick Sirianni,Ben Johnson,PHI00,Lincoln Financial Field,0,0,NA,NA,NA,NA,NA,NA,0,0,0,0,0,NA,NA,NA,NA,NA,NA,NA,NA,NA,NA,0,0,-0,NA,NA,NA,NA,NA,NA,NA,2025,Other,NA,NA,NA,NA,NA,NA,NA,NA,NA,NA,Nick Sirianni,Ben Johnson,2:49,NA,NA,Other,Toss Up,NA,NA,NA,NA,NA,NA,NA,NA
4034,2025_13_CHI_PHI,2025112800,PHI,CHI,REG,13,CHI,away,PHI,PHI,36,2025-11-28,169,169,169,Half2,0,21,0,4,1,0,02:49,PHI 36,10,17,(2:49) 25-K.Monangai left tackle to PHI 33 for 3 yards (32-R.Blankenship).,run,3,0,0,0,0,0,0,NA,NA,NA,NA,left,tackle,NA,NA,NA,NA,0,3,0,NA,NA,NA,NA,3,0,15,24,24,15,9,24,15,9,0.6086727380752563,0.02477836236357689,2.7284707175567746e-4,0.026899993419647217,0.1506979912519455,0.0014474638737738132,0.18723064661026,0,0,1.5024226926034316,-0.12907172250561416,-13.078508398423805,13.078508398423805,-14.851811841945164,14.851811841945164,5.3564159002826175,-5.3564159002826175,NA,NA,0,0,2.237280899542384,-2.237280899542384,-3.936224539880641,3.936224539880641,4.597468358057085,-4.597468358057085,-0.8020890933577345,0.8020890933577345,0.9873237013816833,0.01267629861831665,0.01267629861831665,0.9873237013816833,0.003616511821746826,0.0049623847007751465,-0.0049623847007751465,0.009059786796569824,0.9909402132034302,0.9884055852890015,0.011594414710998535,-0.7372791808369634,0.7372791808369634,0.3268228361671006,-0.3268228361671006,NA,NA,0,0,-0.13648449928326611,0.13648449928326611,0.04951028163643245,-0.04951028163643245,-0.13648449928326611,0.13648449928326611,0.397446438773588,-0.397446438773588,0,0,0,0,0,0,0,0,0,0,0,0,0,0,0,0,0,0,0,0,0,0,0,0,1,0,0,0,0,0,0,0,1,0,0,0,0,0,0,0,0,0,0,0,0,0,0,0,0,0,0,NA,NA,NA,NA,NA,NA,00-0040236,K.Monangai,3,NA,NA,NA,NA,NA,NA,NA,NA,NA,NA,NA,NA,NA,NA,NA,NA,NA,NA,NA,NA,NA,NA,NA,NA,NA,NA,NA,NA,NA,NA,NA,NA,NA,NA,NA,NA,NA,NA,NA,NA,NA,NA,PHI,NA,00-0037130,NA,R.Blankenship,NA,NA,NA,NA,NA,NA,NA,NA,NA,NA,NA,NA,NA,0,NA,NA,NA,NA,NA,NA,NA,NA,NA,NA,NA,NA,NA,NA,NA,NA,NA,NA,NA,NA,NA,NA,NA,NA,NA,NA,NA,NA,NA,NA,NA,0,NA,NA,NA,NA,0,NA,NA,0,0,0,0,NA,NA,2025,NA,NA,57,0,Turnover on downs,4034,"11/28/25, 15:02:44",2025-11-28T22:52:40.400Z,Lincoln Financial Field,"Sunny Temp: 42° F, Humidity: 35%, Wind: W 18 mph",f85755f8-311e-11f0-b670-ae1250fadad1,0,0,RUSH,0,NA,2025-11-28T22:52:44.673Z,NA,21,Turnover on downs,2025-11-28T22:48:39.270Z,7,1:58,1,0,0,4,4,4,KICKOFF,DOWNS,03:10,01:12,PHI 47,PHI 30,3924,4138,24,15,Home,-9,39,7,43.5,0,outdoors,,NA,NA,Nick Sirianni,Ben Johnson,PHI00,Lincoln Financial Field,0,0,NA,NA,K.Monangai,25,NA,NA,0,1,0,0,1,NA,00-0040236,NA,K.Monangai,25,00-0040236,K.Monangai,00-0040236,K.Monangai,00-0040236,0,0,-0.12907172250561416,NA,NA,NA,NA,NA,0.029690736904740334,-2.9690736904740334,2025,Go for it,NA,NA,NA,NA,NA,NA,NA,NA,NA,NA,Nick Sirianni,Ben Johnson,2:49,NA,NA,Go for it,Toss Up,NA,NA,NA,NA,NA,NA,NA,NA
4063,2025_13_CHI_PHI,2025112800,PHI,CHI,REG,13,CHI,away,PHI,PHI,33,2025-11-28,126,126,126,Half2,0,21,0,4,2,0,02:06,PHI 33,7,17,(2:06) 25-K.Monangai right guard to PHI 31 for 2 yards (50-J.Phillips).,run,2,0,0,0,0,0,0,NA,NA,NA,NA,right,guard,NA,NA,NA,NA,0,3,0,NA,NA,NA,NA,3,0,15,24,24,15,9,24,15,9,0.6037412881851196,0.026089061051607132,2.9622536385431886e-4,0.027103880420327187,0.1874041110277176,0.001566538936458528,0.153798907995224,0,0,1.3733509700978175,-0.135791294160299,-12.942717104263506,12.942717104263506,-14.716020547784865,14.716020547784865,5.3564159002826175,-5.3564159002826175,NA,NA,0,0,2.237280899542384,-2.237280899542384,-3.936224539880641,3.936224539880641,4.597468358057085,-4.597468358057085,-0.8020890933577345,0.8020890933577345,0.9909402132034302,0.009059786796569824,0.009059786796569824,0.9909402132034302,-2.493858337402344e-4,-8.789896965026855e-4,8.789896965026855e-4,0.009309172630310059,0.9906908273696899,0.9933679699897766,0.006632030010223389,-0.7370297950032232,0.7370297950032232,0.3268228361671006,-0.3268228361671006,NA,NA,0,0,-0.13648449928326611,0.13648449928326611,0.04951028163643245,-0.04951028163643245,-0.13648449928326611,0.13648449928326611,0.397446438773588,-0.397446438773588,0,0,0,0,0,0,0,0,0,0,0,0,0,0,0,0,0,0,0,0,0,0,0,0,1,0,0,0,0,0,0,0,1,0,0,0,0,0,0,0,0,0,0,0,0,0,0,0,0,0,0,NA,NA,NA,NA,NA,NA,00-0040236,K.Monangai,2,NA,NA,NA,NA,NA,NA,NA,NA,NA,NA,NA,NA,NA,NA,NA,NA,NA,NA,NA,NA,NA,NA,NA,NA,NA,NA,NA,NA,NA,NA,NA,NA,NA,NA,NA,NA,NA,NA,NA,NA,NA,NA,PHI,NA,00-0036934,NA,J.Phillips,NA,NA,NA,NA,NA,NA,NA,NA,NA,NA,NA,NA,NA,0,NA,NA,NA,NA,NA,NA,NA,NA,NA,NA,NA,NA,NA,NA,NA,NA,NA,NA,NA,NA,NA,NA,NA,NA,NA,NA,NA,NA,NA,NA,NA,0,NA,NA,NA,NA,0,NA,NA,0,0,0,0,NA,NA,2025,NA,NA,57,0,Turnover on downs,4063,"11/28/25, 15:02:44",2025-11-28T22:53:23.807Z,Lincoln Financial Field,"Sunny Temp: 42° F, Humidity: 35%, Wind: W 18 mph",f85755f8-311e-11f0-b670-ae1250fadad1,0,0,RUSH,0,NA,2025-11-28T22:53:27.413Z,NA,21,Turnover on downs,2025-11-28T22:48:39.270Z,7,1:58,1,0,0,4,4,4,KICKOFF,DOWNS,03:10,01:12,PHI 47,PHI 30,3924,4138,24,15,Home,-9,39,7,43.5,0,outdoors,,NA,NA,Nick Sirianni,Ben Johnson,PHI00,Lincoln Financial Field,0,0,NA,NA,K.Monangai,25,NA,NA,0,1,0,0,1,NA,00-0040236,NA,K.Monangai,25,00-0040236,K.Monangai,00-0040236,K.Monangai,00-0040236,0,0,-0.135791294160299,NA,NA,NA,NA,NA,0.05907903611660004,-5.907903611660004,2025,Go for it,NA,NA,NA,NA,NA,NA,NA,NA,NA,NA,Nick Sirianni,Ben Johnson,2:06,NA,NA,Go for it,Toss Up,NA,NA,NA,NA,NA,NA,NA,NA
4085,2025_13_CHI_PHI,2025112800,PHI,CHI,REG,13,CHI,away,PHI,PHI,31,2025-11-28,120,120,120,Half2,0,21,0,4,3,0,02:00,PHI 31,5,17,"(2:00) PENALTY on PHI-98-J.Carter, Encroachment, 4 yards, enforced at PHI 31 - No Play.",no_play,0,0,0,0,0,0,0,NA,NA,NA,NA,NA,NA,NA,NA,NA,NA,0,3,0,NA,NA,NA,NA,3,0,15,24,24,15,9,24,15,9,0.5959147810935974,0.03067014180123806,2.850169548764825e-4,0.027969157323241234,0.2204800397157669,0.0016564358957111835,0.12302446365356445,0,0,1.2375596759375185,0.3391219187178649,-13.281839022981371,13.281839022981371,-14.716020547784865,14.716020547784865,5.3564159002826175,-5.3564159002826175,NA,NA,0,0,2.237280899542384,-2.237280899542384,-3.936224539880641,3.936224539880641,4.597468358057085,-4.597468358057085,-0.8020890933577345,0.8020890933577345,0.9906908273696899,0.009309172630310059,0.009309172630310059,0.9906908273696899,1.5437602996826172e-5,0.0015946030616760254,-0.0015946030616760254,0.009293735027313232,0.9907062649726868,0.9924889802932739,0.007511019706726074,-0.7370297950032232,0.7370297950032232,0.3268228361671006,-0.3268228361671006,NA,NA,0,0,-0.13648449928326611,0.13648449928326611,0.04951028163643245,-0.04951028163643245,-0.13648449928326611,0.13648449928326611,0.397446438773588,-0.397446438773588,0,0,0,0,0,0,0,0,0,0,0,0,0,0,0,0,0,0,0,0,0,0,0,0,0,0,1,0,0,0,0,0,0,0,0,0,0,0,0,0,0,0,0,0,0,0,0,0,0,0,0,NA,NA,NA,NA,NA,NA,NA,NA,NA,NA,NA,NA,NA,NA,NA,NA,NA,NA,NA,NA,NA,NA,NA,NA,NA,NA,NA,NA,NA,NA,NA,NA,NA,NA,NA,NA,NA,NA,NA,NA,NA,NA,NA,NA,NA,NA,NA,NA,NA,NA,NA,NA,NA,NA,NA,NA,NA,NA,NA,NA,NA,NA,NA,NA,NA,NA,NA,NA,NA,0,NA,NA,NA,NA,NA,NA,NA,NA,NA,NA,NA,NA,NA,NA,NA,NA,NA,NA,NA,NA,NA,NA,NA,NA,NA,NA,NA,NA,NA,NA,NA,0,PHI,00-0038386,J.Carter,4,0,NA,Encroachment,0,0,0,0,NA,NA,2025,NA,NA,57,0,Turnover on downs,4085,"11/28/25, 15:02:44",2025-11-28T22:55:18Z,Lincoln Financial Field,"Sunny Temp: 42° F, Humidity: 35%, Wind: W 18 mph",f85755f8-311e-11f0-b670-ae1250fadad1,0,0,PENALTY,0,NA,NA,NA,21,Turnover on downs,2025-11-28T22:48:39.270Z,7,1:58,1,0,0,4,4,4,KICKOFF,DOWNS,03:10,01:12,PHI 47,PHI 30,3924,4138,24,15,Home,-9,39,7,43.5,0,outdoors,,NA,NA,Nick Sirianni,Ben Johnson,PHI00,Lincoln Financial Field,0,1,NA,NA,NA,NA,NA,NA,0,0,0,0,1,NA,NA,NA,NA,NA,NA,NA,NA,NA,NA,0,0,0.3391219187178649,NA,NA,NA,NA,NA,0.2028624713420868,NA,2025,Other,NA,NA,NA,NA,NA,NA,NA,NA,NA,NA,Nick Sirianni,Ben Johnson,2:00,NA,NA,Other (Penalty),Toss Up,NA,NA,NA,NA,NA,NA,NA,NA
4116,2025_13_CHI_PHI,2025112800,PHI,CHI,REG,13,CHI,away,PHI,PHI,27,2025-11-28,120,120,120,Half2,0,21,0,4,3,0,02:00,PHI 27,1,17,(2:00) 25-K.Monangai right guard to PHI 30 for -3 yards (98-J.Carter).,run,-3,0,0,0,0,0,0,NA,NA,NA,NA,right,guard,NA,NA,NA,NA,0,3,0,NA,NA,NA,NA,3,0,15,24,24,15,9,24,15,9,0.5618804097175598,0.024775253608822823,2.865533751901239e-4,0.021562431007623672,0.23242402076721191,0.0016506938263773918,0.1574205756187439,0,0,1.5766815946553834,-0.4871970037929714,-12.7946420191884,12.7946420191884,-14.228823543991894,14.228823543991894,5.3564159002826175,-5.3564159002826175,NA,NA,0,0,2.237280899542384,-2.237280899542384,-3.936224539880641,3.936224539880641,4.597468358057085,-4.597468358057085,-0.8020890933577345,0.8020890933577345,0.9907062649726868,0.009293735027313232,0.009293735027313232,0.9907062649726868,0.003222048282623291,0.0014685392379760742,-0.0014685392379760742,0.006071686744689941,0.9939283132553101,0.99408358335495,0.005916416645050049,-0.7402518432858465,0.7402518432858465,0.3268228361671006,-0.3268228361671006,NA,NA,0,0,-0.13648449928326611,0.13648449928326611,0.04951028163643245,-0.04951028163643245,-0.13648449928326611,0.13648449928326611,0.397446438773588,-0.397446438773588,0,0,0,0,0,1,0,0,0,0,0,0,0,0,0,0,0,0,0,0,0,0,0,0,1,0,0,1,0,0,0,0,1,0,0,0,0,0,0,0,0,0,0,0,0,0,0,0,0,0,0,NA,NA,NA,NA,NA,NA,00-0040236,K.Monangai,-3,NA,NA,NA,NA,NA,NA,NA,NA,NA,NA,NA,NA,NA,NA,NA,NA,NA,NA,NA,NA,NA,NA,NA,NA,NA,NA,NA,NA,00-0038386,J.Carter,NA,NA,NA,NA,NA,NA,NA,NA,NA,NA,NA,NA,PHI,NA,00-0038386,NA,J.Carter,NA,NA,NA,NA,NA,NA,NA,NA,NA,NA,NA,NA,NA,0,NA,NA,NA,NA,NA,NA,NA,NA,NA,NA,NA,NA,NA,NA,NA,NA,NA,NA,NA,NA,NA,NA,NA,NA,NA,NA,NA,NA,NA,NA,NA,0,NA,NA,NA,NA,0,NA,NA,0,0,0,0,NA,NA,2025,NA,NA,57,0,Turnover on downs,4116,"11/28/25, 15:02:44",2025-11-28T22:55:56.600Z,Lincoln Financial Field,"Sunny Temp: 42° F, Humidity: 35%, Wind: W 18 mph",f85755f8-311e-11f0-b670-ae1250fadad1,0,0,RUSH,0,NA,2025-11-28T22:56:00.507Z,NA,21,Turnover on downs,2025-11-28T22:48:39.270Z,7,1:58,1,0,0,4,4,4,KICKOFF,DOWNS,03:10,01:12,PHI 47,PHI 30,3924,4138,24,15,Home,-9,39,7,43.5,0,outdoors,,NA,NA,Nick Sirianni,Ben Johnson,PHI00,Lincoln Financial Field,0,0,NA,NA,K.Monangai,25,NA,NA,0,1,0,0,1,NA,00-0040236,NA,K.Monangai,25,00-0040236,K.Monangai,00-0040236,K.Monangai,00-0040236,0,0,-0.4871970037929714,NA,NA,NA,NA,NA,0.0841982513666153,-8.41982513666153,2025,Go for it,NA,NA,NA,NA,NA,NA,NA,NA,NA,NA,Nick Sirianni,Ben Johnson,2:00,NA,NA,Go for it,Toss Up,NA,NA,NA,NA,NA,NA,NA,NA
4150,2025_13_CHI_PHI,2025112800,PHI,CHI,REG,13,NA,NA,NA,NA,NA,2025-11-28,75,75,75,Half2,0,21,0,4,NA,0,01:15,PHI 30,0,17,Timeout #1 by CHI at 01:15.,no_play,0,0,0,0,0,0,0,NA,NA,NA,NA,NA,NA,NA,NA,NA,NA,0,2,1,CHI,NA,NA,NA,NA,NA,15,24,NA,NA,NA,NA,NA,NA,0,0,0,0,0,0,0,0,0,1.089484590862412,-0,-12.7946420191884,12.7946420191884,-14.228823543991894,14.228823543991894,5.3564159002826175,-5.3564159002826175,NA,NA,0,0,2.237280899542384,-2.237280899542384,-3.936224539880641,3.936224539880641,4.597468358057085,-4.597468358057085,-0.8020890933577345,0.8020890933577345,0.9939283132553101,0.006071686744689941,0.006071686744689941,0.9939283132553101,-0,-0,0,NA,NA,0.995552122592926,0.004447877407073975,-0.7402518432858465,0.7402518432858465,0.3268228361671006,-0.3268228361671006,NA,NA,0,0,-0.13648449928326611,0.13648449928326611,0.04951028163643245,-0.04951028163643245,-0.13648449928326611,0.13648449928326611,0.397446438773588,-0.397446438773588,0,0,0,0,0,0,0,0,0,0,0,0,0,0,0,0,0,0,0,0,0,0,0,0,0,0,0,0,0,0,0,0,0,0,0,0,0,0,0,0,0,0,0,0,0,0,0,0,0,0,0,NA,NA,NA,NA,NA,NA,NA,NA,NA,NA,NA,NA,NA,NA,NA,NA,NA,NA,NA,NA,NA,NA,NA,NA,NA,NA,NA,NA,NA,NA,NA,NA,NA,NA,NA,NA,NA,NA,NA,NA,NA,NA,NA,NA,NA,NA,NA,NA,NA,NA,NA,NA,NA,NA,NA,NA,NA,NA,NA,NA,NA,NA,NA,NA,NA,NA,NA,NA,NA,0,NA,NA,NA,NA,NA,NA,NA,NA,NA,NA,NA,NA,NA,NA,NA,NA,NA,NA,NA,NA,NA,NA,NA,NA,NA,NA,NA,NA,NA,NA,NA,0,NA,NA,NA,NA,0,NA,NA,0,0,0,0,NA,NA,2025,NA,NA,57,0,Turnover on downs,4127,"11/28/25, 15:02:44",2025-11-28T22:56:45Z,Lincoln Financial Field,"Sunny Temp: 42° F, Humidity: 35%, Wind: W 18 mph",f85755f8-311e-11f0-b670-ae1250fadad1,0,0,TIMEOUT,0,NA,NA,NA,21,Turnover on downs,2025-11-28T22:48:39.270Z,7,1:58,1,0,0,4,4,4,KICKOFF,DOWNS,03:10,01:12,PHI 47,PHI 30,3924,4138,24,15,Home,-9,39,7,43.5,0,outdoors,,NA,NA,Nick Sirianni,Ben Johnson,PHI00,Lincoln Financial Field,0,0,NA,NA,NA,NA,NA,NA,0,0,0,0,0,NA,NA,NA,NA,NA,NA,NA,NA,NA,NA,0,0,-0,NA,NA,NA,NA,NA,NA,NA,2025,Other,NA,NA,NA,NA,NA,NA,NA,NA,NA,NA,Nick Sirianni,Ben Johnson,1:15,NA,NA,Other,Toss Up,NA,NA,NA,NA,NA,NA,NA,NA
4138,2025_13_CHI_PHI,2025112800,PHI,CHI,REG,13,CHI,away,PHI,PHI,30,2025-11-28,75,75,75,Half2,0,21,0,4,4,0,01:15,PHI 30,4,17,(1:15) (Shotgun) 18-C.Williams pass incomplete short middle to 10-L.Burden.,pass,0,1,0,1,0,0,0,short,middle,9,NA,NA,NA,NA,NA,NA,NA,0,2,0,NA,NA,NA,NA,2,0,15,24,24,15,9,24,15,9,0.5262964367866516,0.04799724370241165,3.8842446519993246e-4,0.025232696905732155,0.3457479178905487,0.001344496849924326,0.05299275740981102,0,0,1.089484590862412,-1.81170173647115,-10.98294028271725,10.98294028271725,-14.228823543991894,14.228823543991894,7.168117636753768,-7.168117636753768,1.8611089732148685,-3.6728107096860185,0,0,2.237280899542384,-2.237280899542384,-3.936224539880641,3.936224539880641,2.736359384842217,-2.736359384842217,2.870721616328284,-2.870721616328284,0.9939283132553101,0.006071686744689941,0.006071686744689941,0.9939283132553101,-0.012584291398525238,-0.011830927804112434,0.011830927804112434,0.01865597814321518,0.9813440218567848,0.995552122592926,0.004447877407073975,-0.7402518432858465,0.7402518432858465,0.33940712756562585,-0.33940712756562585,0,-0.012584291398525238,0,0,-0.13648449928326611,0.13648449928326611,0.04951028163643245,-0.04951028163643245,-0.13648449928326611,0.13648449928326611,0.4100307301721132,-0.4100307301721132,0,0,0,0,0,0,0,1,1,0,0,0,0,0,0,0,0,0,0,0,0,0,0,0,0,0,0,0,0,0,0,0,0,1,0,0,0,0,0,0,0,0,0,0,0,0,0,0,0,0,0,00-0039918,C.Williams,NA,00-0040735,L.Burden,NA,NA,NA,NA,NA,NA,NA,NA,NA,NA,NA,NA,NA,NA,NA,NA,NA,NA,NA,NA,NA,NA,NA,NA,NA,NA,NA,NA,NA,NA,NA,NA,NA,NA,NA,NA,NA,NA,NA,NA,NA,NA,NA,NA,NA,NA,NA,NA,NA,NA,NA,NA,NA,NA,NA,NA,NA,NA,NA,NA,NA,NA,NA,NA,0,NA,NA,NA,NA,NA,NA,NA,NA,NA,NA,NA,NA,NA,NA,NA,NA,NA,NA,NA,NA,NA,NA,NA,NA,NA,NA,NA,NA,NA,NA,NA,0,NA,NA,NA,NA,0,NA,NA,0,0,0,0,NA,NA,2025,0.6751653552055359,-67.51653552055359,57,0,Turnover on downs,4138,"11/28/25, 15:02:44",2025-11-28T22:57:46.600Z,Lincoln Financial Field,"Sunny Temp: 42° F, Humidity: 35%, Wind: W 18 mph",f85755f8-311e-11f0-b670-ae1250fadad1,0,0,PASS,0,NA,2025-11-28T22:57:49.773Z,NA,21,Turnover on downs,2025-11-28T22:48:39.270Z,7,1:58,1,0,0,4,4,4,KICKOFF,DOWNS,03:10,01:12,PHI 47,PHI 30,3924,4138,24,15,Home,-9,39,7,43.5,0,outdoors,,NA,NA,Nick Sirianni,Ben Johnson,PHI00,Lincoln Financial Field,0,0,C.Williams,18,NA,NA,L.Burden,10,1,0,0,0,1,00-0039918,NA,00-0040735,C.Williams,18,00-0039918,L.Burden,00-0040735,L.Burden,00-0040735,0,0,-1.81170173647115,0.4590500832005846,4.045562959625386,2,1,1,0.25416484475135803,74.5835155248642,2025,Go for it,-0.014985327370165002,0.4461469598536496,0.9812720367852171,0.9999402964847731,0.9896007989142326,0.7053623089841216,0.9793567368760705,0.9940923063550144,0.9897506521879342,NA,Nick Sirianni,Ben Johnson,1:15,0.7053623089841216,71,Go for it,Field Goal,99,45,98,100,NA,99,99,98
4168,2025_13_CHI_PHI,2025112800,PHI,CHI,REG,13,PHI,home,CHI,PHI,70,2025-11-28,72,72,72,Half2,0,22,0,4,1,0,01:12,PHI 30,10,36,"(1:12) (Shotgun) 1-J.Hurts scrambles right end ran ob at CHI 46 for 24 yards (24-N.McCloud). PENALTY on PHI-56-T.Steen, Offensive Holding, 10 yards, enforced at PHI 30 - No Play.",no_play,0,1,0,0,0,0,1,NA,NA,NA,NA,NA,NA,NA,NA,NA,NA,0,2,0,NA,NA,NA,NA,0,2,15,24,15,24,-9,15,24,-9,0.727380096912384,0.019451377913355827,5.705142975784838e-4,0.02949356846511364,0.14248619973659515,7.238357211463153e-4,0.07989443093538284,0,0,0.7222171456087381,-0.3683350667124614,-11.351275349429711,11.351275349429711,-14.228823543991894,14.228823543991894,7.168117636753768,-7.168117636753768,NA,NA,0,0,2.237280899542384,-2.237280899542384,-3.936224539880641,3.936224539880641,2.736359384842217,-2.736359384842217,2.870721616328284,-2.870721616328284,0.01865597814321518,0.9813440218567848,0.01865597814321518,0.9813440218567848,-0.003913303837180138,-0.005544270388782024,-0.005544270388782024,0.014742674306035042,0.985257325693965,0.01627880521118641,0.01627880521118641,-0.7402518432858465,0.7402518432858465,0.33940712756562585,-0.33940712756562585,NA,NA,0,0,-0.13648449928326611,0.13648449928326611,0.04951028163643245,-0.04951028163643245,-0.13648449928326611,0.13648449928326611,0.4100307301721132,-0.4100307301721132,0,0,0,0,0,0,0,0,0,0,0,0,0,0,0,0,0,0,0,0,0,0,0,0,0,0,1,0,0,0,0,0,0,0,0,0,0,0,0,0,0,0,0,0,0,0,0,0,0,0,0,NA,NA,NA,NA,NA,NA,NA,NA,NA,NA,NA,NA,NA,NA,NA,NA,NA,NA,NA,NA,NA,NA,NA,NA,NA,NA,NA,NA,NA,NA,NA,NA,NA,NA,NA,NA,NA,NA,NA,NA,NA,NA,NA,NA,NA,NA,NA,NA,NA,NA,NA,NA,NA,NA,NA,NA,NA,NA,NA,NA,NA,NA,NA,NA,NA,NA,NA,NA,NA,0,NA,NA,NA,NA,NA,NA,NA,NA,NA,NA,NA,NA,NA,NA,NA,NA,NA,NA,NA,NA,NA,NA,NA,NA,NA,NA,NA,NA,NA,NA,NA,0,PHI,00-0039001,T.Steen,10,0,NA,Offensive Holding,0,0,0,0,NA,NA,2025,NA,NA,58,1,First down,4168,"11/28/25, 15:02:44",2025-11-28T22:58:45.150Z,Lincoln Financial Field,"Sunny Temp: 42° F, Humidity: 35%, Wind: W 18 mph",f85755f8-311e-11f0-b670-ae1250fadad1,0,0,PENALTY,0,NA,2025-11-28T22:58:53.327Z,NA,22,Missed field goal,2025-11-28T22:58:45.150Z,6,1:03,1,0,0,4,4,-10,DOWNS,MISSED_FG,01:12,00:09,PHI 30,CHI 34,4168,4324,24,15,Home,-9,39,7,43.5,0,outdoors,,NA,NA,Nick Sirianni,Ben Johnson,PHI00,Lincoln Financial Field,0,0,J.Hurts,1,NA,1,NA,NA,1,0,0,0,1,00-0036389,NA,NA,J.Hurts,1,00-0036389,NA,NA,J.Hurts,00-0036389,1,0,-0.3683350667124614,NA,NA,NA,NA,NA,0.9925333261489868,0.7466673851013184,2025,Other,NA,NA,NA,NA,NA,NA,NA,NA,NA,NA,Nick Sirianni,Ben Johnson,1:12,NA,NA,Other (Penalty),Toss Up,NA,NA,NA,NA,NA,NA,NA,NA
4206,2025_13_CHI_PHI,2025112800,PHI,CHI,REG,13,PHI,home,CHI,PHI,80,2025-11-28,64,64,64,Half2,0,22,0,4,1,0,01:04,PHI 20,20,36,(1:04) (Shotgun) 1-J.Hurts pass deep middle to 11-A.Brown to PHI 38 for 18 yards (26-N.Wright).,pass,18,1,0,1,0,0,0,deep,middle,18,0,NA,NA,NA,NA,NA,NA,0,2,0,NA,NA,NA,NA,0,2,15,24,15,24,-9,15,24,-9,0.803032636642456,0.026738513261079788,0.001412728801369667,0.02829688787460327,0.08655136078596115,4.8558827256783843e-4,0.0534822903573513,0,0,0.35388207889627665,0.3353256956906989,-11.015949653739012,11.015949653739012,-14.228823543991894,14.228823543991894,7.5034433324444665,-7.5034433324444665,0.3353256956906989,0,0.3353256956906989,0,2.5726065952330828,-2.5726065952330828,-3.936224539880641,3.936224539880641,3.071685080532916,-3.071685080532916,2.870721616328284,-2.870721616328284,0.014742674306035042,0.985257325693965,0.014742674306035042,0.985257325693965,0.006761167198419571,0.004816512577235699,0.004816512577235699,0.021503841504454613,0.9784961584955454,0.010734534822404385,0.010734534822404385,-0.7402518432858465,0.7402518432858465,0.3461682947640454,-0.3461682947640454,0.006761167198419571,0,0.006761167198419571,0,-0.12972333208484654,0.12972333208484654,0.04951028163643245,-0.04951028163643245,-0.12972333208484654,0.12972333208484654,0.4100307301721132,-0.4100307301721132,0,0,0,0,0,0,0,0,0,0,0,0,0,0,0,0,0,0,0,0,0,0,0,0,1,0,0,0,0,0,0,0,0,1,0,0,0,0,0,0,0,0,0,0,0,1,0,0,0,0,0,00-0036389,J.Hurts,18,00-0035676,A.Brown,18,NA,NA,NA,NA,NA,NA,NA,NA,NA,NA,NA,NA,NA,NA,NA,NA,NA,NA,NA,NA,NA,NA,NA,NA,NA,NA,NA,NA,NA,NA,NA,NA,NA,NA,NA,NA,NA,NA,NA,NA,NA,NA,NA,NA,NA,CHI,NA,00-0036986,NA,N.Wright,NA,NA,NA,NA,NA,NA,NA,NA,NA,NA,NA,NA,NA,0,NA,NA,NA,NA,NA,NA,NA,NA,NA,NA,NA,NA,NA,NA,NA,NA,NA,NA,NA,NA,NA,NA,NA,NA,NA,NA,NA,NA,NA,NA,NA,0,NA,NA,NA,NA,0,NA,NA,0,0,0,0,NA,NA,2025,0.6689755916595459,33.10244083404541,58,1,First down,4206,"11/28/25, 15:02:44",2025-11-28T22:59:40.900Z,Lincoln Financial Field,"Sunny Temp: 42° F, Humidity: 35%, Wind: W 18 mph",f85755f8-311e-11f0-b670-ae1250fadad1,0,0,PASS,0,NA,2025-11-28T22:59:45.640Z,NA,22,Missed field goal,2025-11-28T22:58:45.150Z,6,1:03,1,0,0,4,4,-10,DOWNS,MISSED_FG,01:12,00:09,PHI 30,CHI 34,4168,4324,24,15,Home,-9,39,7,43.5,0,outdoors,,NA,NA,Nick Sirianni,Ben Johnson,PHI00,Lincoln Financial Field,0,1,J.Hurts,1,NA,NA,A.Brown,11,1,0,0,0,1,00-0036389,NA,00-0035676,J.Hurts,1,00-0036389,A.Brown,00-0035676,A.Brown,00-0035676,0,0,0.3353256956906989,0.6542686267359468,4.799546087786439,2,1,0.5632904040394351,0.9882217049598694,1.1778295040130615,2025,Go for it,NA,NA,NA,NA,NA,NA,NA,NA,NA,NA,Nick Sirianni,Ben Johnson,1:04,NA,NA,Go for it,Toss Up,NA,NA,NA,NA,NA,NA,NA,NA
4231,2025_13_CHI_PHI,2025112800,PHI,CHI,REG,13,PHI,home,CHI,PHI,62,2025-11-28,43,43,43,Half2,0,22,0,4,2,0,00:43,PHI 38,2,36,"(:43) (No Huddle, Shotgun) 1-J.Hurts pass deep left to 88-D.Goedert to CHI 40 for 22 yards (26-N.Wright; 31-K.Byard).",pass,22,1,1,1,0,0,0,deep,left,17,5,NA,NA,NA,NA,NA,NA,0,2,0,NA,NA,NA,NA,0,2,15,24,15,24,-9,15,24,-9,0.7499397397041321,0.01488768681883812,3.9086132892407477e-4,0.019578292965888977,0.15819962322711945,3.8497024797834456e-4,0.0566188283264637,0,0,0.6892077745869756,1.0377490274840966,-9.978200626254916,9.978200626254916,-14.228823543991894,14.228823543991894,8.541192359928564,-8.541192359928564,1.1842490576091222,-0.14650003012502566,1.1842490576091222,-0.14650003012502566,3.756855652842205,-3.756855652842205,-4.0827245700056665,4.0827245700056665,4.255934138142038,-4.255934138142038,2.7242215862032584,-2.7242215862032584,0.021503841504454613,0.9784961584955454,0.021503841504454613,0.9784961584955454,0.004994964227080345,0.008672341704368591,0.008672341704368591,0.026498805731534958,0.973501194268465,0.015551047399640083,0.015551047399640083,-0.7402518432858465,0.7402518432858465,0.35116325899112577,-0.35116325899112577,0,0.004994964227080345,0,0.004994964227080345,-0.12972333208484654,0.12972333208484654,0.0545052458635128,-0.0545052458635128,-0.12972333208484654,0.12972333208484654,0.41502569439919357,-0.41502569439919357,0,0,1,0,0,0,0,0,0,0,0,0,0,0,0,0,0,0,0,0,0,0,0,0,0,0,0,0,0,0,0,0,0,1,0,0,0,0,0,0,0,0,0,0,0,1,1,0,0,0,0,00-0036389,J.Hurts,22,00-0034351,D.Goedert,22,NA,NA,NA,NA,NA,NA,NA,NA,NA,NA,NA,NA,NA,NA,NA,NA,NA,NA,NA,NA,NA,NA,NA,NA,NA,NA,NA,NA,NA,NA,NA,NA,NA,NA,NA,NA,NA,NA,NA,NA,NA,NA,NA,NA,NA,NA,NA,NA,NA,NA,NA,00-0036986,N.Wright,CHI,00-0033132,K.Byard,CHI,NA,NA,NA,NA,NA,NA,0,NA,NA,NA,NA,NA,NA,NA,NA,NA,NA,NA,NA,NA,NA,NA,NA,NA,NA,NA,NA,NA,NA,NA,NA,NA,NA,NA,NA,NA,NA,NA,0,NA,NA,NA,NA,0,NA,NA,0,0,0,0,NA,NA,2025,0.5967683792114258,40.32316207885742,58,1,First down,4231,"11/28/25, 15:02:44",2025-11-28T23:00:02Z,Lincoln Financial Field,"Sunny Temp: 42° F, Humidity: 35%, Wind: W 18 mph",f85755f8-311e-11f0-b670-ae1250fadad1,0,0,PASS,0,NA,NA,NA,22,Missed field goal,2025-11-28T22:58:45.150Z,6,1:03,1,0,0,4,4,-10,DOWNS,MISSED_FG,01:12,00:09,PHI 30,CHI 34,4168,4324,24,15,Home,-9,39,7,43.5,0,outdoors,,NA,NA,Nick Sirianni,Ben Johnson,PHI00,Lincoln Financial Field,0,1,J.Hurts,1,NA,NA,D.Goedert,88,1,0,1,0,1,00-0036389,NA,00-0034351,J.Hurts,1,00-0036389,D.Goedert,00-0034351,D.Goedert,00-0034351,0,0,1.0377490274840966,0.395201745772674,5.490927985520102,3,1,1,0.9943572878837585,0.5642712116241455,2025,Go for it,NA,NA,NA,NA,NA,NA,NA,NA,NA,NA,Nick Sirianni,Ben Johnson,0:43,NA,NA,Go for it,Toss Up,NA,NA,NA,NA,NA,NA,NA,NA
4256,2025_13_CHI_PHI,2025112800,PHI,CHI,REG,13,PHI,home,CHI,CHI,40,2025-11-28,25,25,25,Half2,0,22,0,4,1,0,00:25,CHI 40,10,36,(:25) (No Huddle) 1-J.Hurts spiked the ball to stop the clock.,qb_spike,0,0,1,0,0,1,0,NA,NA,0,NA,NA,NA,NA,NA,NA,NA,0,2,0,NA,NA,NA,NA,0,2,15,24,15,24,-9,15,24,-9,0.540787398815155,0.005276497919112444,2.2985806572251022e-4,0.007251587696373463,0.33231306076049805,3.8465650868602097e-4,0.1137569472193718,0,0,1.7269568020710722,-0.09772615748806857,-10.075926783742984,10.075926783742984,-14.228823543991894,14.228823543991894,8.541192359928564,-8.541192359928564,NA,NA,0,0,3.756855652842205,-3.756855652842205,-4.0827245700056665,4.0827245700056665,4.255934138142038,-4.255934138142038,2.7242215862032584,-2.7242215862032584,0.026498805731534958,0.973501194268465,0.026498805731534958,0.973501194268465,-0.004202483221888542,-0.0030354876071214676,-0.0030354876071214676,0.022296322509646416,0.9777036774903536,0.024223389104008675,0.024223389104008675,-0.7402518432858465,0.7402518432858465,0.35116325899112577,-0.35116325899112577,NA,NA,0,0,-0.12972333208484654,0.12972333208484654,0.0545052458635128,-0.0545052458635128,-0.12972333208484654,0.12972333208484654,0.41502569439919357,-0.41502569439919357,0,0,0,0,0,0,0,0,1,0,0,0,0,0,0,0,0,0,0,0,0,0,0,0,0,0,0,0,0,0,0,0,0,1,0,0,0,0,0,0,0,0,0,0,0,0,0,0,0,0,0,00-0036389,J.Hurts,NA,NA,NA,NA,NA,NA,NA,NA,NA,NA,NA,NA,NA,NA,NA,NA,NA,NA,NA,NA,NA,NA,NA,NA,NA,NA,NA,NA,NA,NA,NA,NA,NA,NA,NA,NA,NA,NA,NA,NA,NA,NA,NA,NA,NA,NA,NA,NA,NA,NA,NA,NA,NA,NA,NA,NA,NA,NA,NA,NA,NA,NA,NA,NA,NA,NA,NA,0,NA,NA,NA,NA,NA,NA,NA,NA,NA,NA,NA,NA,NA,NA,NA,NA,NA,NA,NA,NA,NA,NA,NA,NA,NA,NA,NA,NA,NA,NA,NA,0,NA,NA,NA,NA,0,NA,NA,0,0,0,0,NA,NA,2025,NA,NA,59,0,Missed field goal,4256,"11/28/25, 15:02:44",2025-11-28T23:00:19Z,Lincoln Financial Field,"Sunny Temp: 42° F, Humidity: 35%, Wind: W 18 mph",f85755f8-311e-11f0-b670-ae1250fadad1,0,0,PASS,0,NA,NA,NA,22,Missed field goal,2025-11-28T22:58:45.150Z,6,1:03,1,0,0,4,4,-10,DOWNS,MISSED_FG,01:12,00:09,PHI 30,CHI 34,4168,4324,24,15,Home,-9,39,7,43.5,0,outdoors,,NA,NA,Nick Sirianni,Ben Johnson,PHI00,Lincoln Financial Field,0,0,NA,NA,NA,NA,NA,NA,0,0,0,0,0,NA,NA,NA,NA,NA,NA,NA,NA,NA,NA,0,0,-0.09772615748806857,NA,NA,NA,NA,NA,NA,NA,2025,Other,NA,NA,NA,NA,NA,NA,NA,NA,NA,NA,Nick Sirianni,Ben Johnson,0:25,NA,NA,Other,Toss Up,NA,NA,NA,NA,NA,NA,NA,NA
4279,2025_13_CHI_PHI,2025112800,PHI,CHI,REG,13,PHI,home,CHI,CHI,40,2025-11-28,24,24,24,Half2,0,22,0,4,2,0,00:24,CHI 40,10,36,(:24) (Shotgun) 1-J.Hurts up the middle to CHI 34 for 6 yards (35-C.Gardner-Johnson).,run,6,1,0,0,0,0,0,NA,NA,NA,NA,middle,NA,NA,NA,NA,NA,0,2,0,NA,NA,NA,NA,0,2,15,24,15,24,-9,15,24,-9,0.5716803073883057,0.006123614031821489,2.314614102942869e-4,0.007242108229547739,0.3005935847759247,3.8487400161102414e-4,0.1137440949678421,0,0,1.6292306445830036,0.3394488626217935,-9.73647792112119,9.73647792112119,-13.8893746813701,13.8893746813701,8.541192359928564,-8.541192359928564,NA,NA,0,0,3.756855652842205,-3.756855652842205,-4.0827245700056665,4.0827245700056665,4.255934138142038,-4.255934138142038,2.7242215862032584,-2.7242215862032584,0.022296322509646416,0.9777036774903536,0.022296322509646416,0.9777036774903536,0.006112933158874512,-0.0019427109509706497,-0.0019427109509706497,0.028409255668520927,0.9715907443314791,0.021187901496887207,0.021187901496887207,-0.734138910126972,0.734138910126972,0.35116325899112577,-0.35116325899112577,NA,NA,0,0,-0.12972333208484654,0.12972333208484654,0.0545052458635128,-0.0545052458635128,-0.12972333208484654,0.12972333208484654,0.41502569439919357,-0.41502569439919357,0,0,0,0,0,0,0,0,0,0,0,0,0,0,0,0,0,0,0,0,0,0,0,0,1,0,0,0,0,0,0,0,1,0,0,0,0,0,0,0,0,0,0,0,0,0,0,0,0,0,0,NA,NA,NA,NA,NA,NA,00-0036389,J.Hurts,6,NA,NA,NA,NA,NA,NA,NA,NA,NA,NA,NA,NA,NA,NA,NA,NA,NA,NA,NA,NA,NA,NA,NA,NA,NA,NA,NA,NA,NA,NA,NA,NA,NA,NA,NA,NA,NA,NA,NA,NA,NA,NA,CHI,NA,00-0035253,NA,C.Gardner-Johnson,NA,NA,NA,NA,NA,NA,NA,NA,NA,NA,NA,NA,NA,0,NA,NA,NA,NA,NA,NA,NA,NA,NA,NA,NA,NA,NA,NA,NA,NA,NA,NA,NA,NA,NA,NA,NA,NA,NA,NA,NA,NA,NA,NA,NA,0,NA,NA,NA,NA,0,NA,NA,0,0,0,0,NA,NA,2025,NA,NA,59,0,Missed field goal,4279,"11/28/25, 15:02:44",2025-11-28T23:00:54Z,Lincoln Financial Field,"Sunny Temp: 42° F, Humidity: 35%, Wind: W 18 mph",f85755f8-311e-11f0-b670-ae1250fadad1,0,0,RUSH,0,NA,NA,NA,22,Missed field goal,2025-11-28T22:58:45.150Z,6,1:03,1,0,0,4,4,-10,DOWNS,MISSED_FG,01:12,00:09,PHI 30,CHI 34,4168,4324,24,15,Home,-9,39,7,43.5,0,outdoors,,NA,NA,Nick Sirianni,Ben Johnson,PHI00,Lincoln Financial Field,0,1,NA,NA,J.Hurts,1,NA,NA,0,1,0,0,1,NA,00-0036389,NA,J.Hurts,1,00-0036389,J.Hurts,00-0036389,J.Hurts,00-0036389,0,0,0.3394488626217935,NA,NA,NA,NA,NA,0.9953818917274475,-99.53818917274475,2025,Go for it,NA,NA,NA,NA,NA,NA,NA,NA,NA,NA,Nick Sirianni,Ben Johnson,0:24,NA,NA,Go for it,Toss Up,NA,NA,NA,NA,NA,NA,NA,NA
4301,2025_13_CHI_PHI,2025112800,PHI,CHI,REG,13,PHI,home,CHI,CHI,34,2025-11-28,14,14,14,Half2,0,22,0,4,3,0,00:14,CHI 34,4,36,(:14) (No Huddle) 1-J.Hurts spiked the ball to stop the clock.,qb_spike,0,0,1,0,0,1,0,NA,NA,0,NA,NA,NA,NA,NA,NA,NA,0,2,0,NA,NA,NA,NA,0,2,15,24,15,24,-9,15,24,-9,0.4101628065109253,0.0028347307816147804,2.705241204239428e-4,0.006948111578822136,0.5075664520263672,3.718827210832387e-4,0.07184548676013947,0,0,1.9686795072047971,-0.21631644232225766,-9.952794363443449,9.952794363443449,-13.8893746813701,13.8893746813701,8.541192359928564,-8.541192359928564,NA,NA,0,0,3.756855652842205,-3.756855652842205,-4.0827245700056665,4.0827245700056665,4.255934138142038,-4.255934138142038,2.7242215862032584,-2.7242215862032584,0.028409255668520927,0.9715907443314791,0.028409255668520927,0.9715907443314791,-0.009923269972205162,-0.0060040391981601715,-0.0060040391981601715,0.018485985696315765,0.9815140143036842,0.019245190545916557,0.019245190545916557,-0.734138910126972,0.734138910126972,0.35116325899112577,-0.35116325899112577,NA,NA,0,0,-0.12972333208484654,0.12972333208484654,0.0545052458635128,-0.0545052458635128,-0.12972333208484654,0.12972333208484654,0.41502569439919357,-0.41502569439919357,0,0,0,0,0,1,0,0,1,0,0,0,0,0,0,0,0,0,0,0,0,0,0,0,0,0,0,0,0,0,0,0,0,1,0,0,0,0,0,0,0,0,0,0,0,0,0,0,0,0,0,00-0036389,J.Hurts,NA,NA,NA,NA,NA,NA,NA,NA,NA,NA,NA,NA,NA,NA,NA,NA,NA,NA,NA,NA,NA,NA,NA,NA,NA,NA,NA,NA,NA,NA,NA,NA,NA,NA,NA,NA,NA,NA,NA,NA,NA,NA,NA,NA,NA,NA,NA,NA,NA,NA,NA,NA,NA,NA,NA,NA,NA,NA,NA,NA,NA,NA,NA,NA,NA,NA,NA,0,NA,NA,NA,NA,NA,NA,NA,NA,NA,NA,NA,NA,NA,NA,NA,NA,NA,NA,NA,NA,NA,NA,NA,NA,NA,NA,NA,NA,NA,NA,NA,0,NA,NA,NA,NA,0,NA,NA,0,0,0,0,NA,NA,2025,NA,NA,59,0,Missed field goal,4301,"11/28/25, 15:02:44",2025-11-28T23:01:04.453Z,Lincoln Financial Field,"Sunny Temp: 42° F, Humidity: 35%, Wind: W 18 mph",f85755f8-311e-11f0-b670-ae1250fadad1,0,0,PASS,0,NA,2025-11-28T23:01:04.920Z,NA,22,Missed field goal,2025-11-28T22:58:45.150Z,6,1:03,1,0,0,4,4,-10,DOWNS,MISSED_FG,01:12,00:09,PHI 30,CHI 34,4168,4324,24,15,Home,-9,39,7,43.5,0,outdoors,,NA,NA,Nick Sirianni,Ben Johnson,PHI00,Lincoln Financial Field,0,0,NA,NA,NA,NA,NA,NA,0,0,0,0,0,NA,NA,NA,NA,NA,NA,NA,NA,NA,NA,0,0,-0.21631644232225766,NA,NA,NA,NA,NA,NA,NA,2025,Other,NA,NA,NA,NA,NA,NA,NA,NA,NA,NA,Nick Sirianni,Ben Johnson,0:14,NA,NA,Other,Toss Up,NA,NA,NA,NA,NA,NA,NA,NA
4324,2025_13_CHI_PHI,2025112800,PHI,CHI,REG,13,PHI,home,CHI,CHI,34,2025-11-28,13,13,13,Half2,0,22,0,4,4,0,00:13,CHI 34,4,36,"(:13) 4-J.Elliott 52 yard field goal is No Good, Wide Left, Center-57-C.Adomitis, Holder-10-B.Mann.",field_goal,0,0,0,0,0,0,0,NA,NA,NA,NA,NA,NA,missed,52,NA,NA,0,2,0,NA,NA,NA,NA,0,2,15,24,15,24,-9,15,24,-9,0.35900821158029705,0.021551402815498392,9.77165943484649e-5,0.0049603596169292,0.6120592236628409,1.0078942183271985e-4,0.0022222820005782734,0,0,1.7523630648825395,-1.7523630648825395,-11.705157428325988,11.705157428325988,-13.8893746813701,13.8893746813701,8.541192359928564,-8.541192359928564,NA,NA,0,0,3.756855652842205,-3.756855652842205,-4.0827245700056665,4.0827245700056665,4.255934138142038,-4.255934138142038,2.7242215862032584,-2.7242215862032584,0.018485985696315765,0.9815140143036842,0.018485985696315765,0.9815140143036842,-0.015664778649806976,-0.011988857761025429,-0.011988857761025429,0.002821207046508789,0.9971787929534912,0.013241151347756386,0.013241151347756386,-0.734138910126972,0.734138910126972,0.35116325899112577,-0.35116325899112577,NA,NA,0,0,-0.12972333208484654,0.12972333208484654,0.0545052458635128,-0.0545052458635128,-0.12972333208484654,0.12972333208484654,0.41502569439919357,-0.41502569439919357,0,0,0,0,0,0,0,0,0,0,0,0,0,0,0,0,0,0,0,0,0,0,0,0,0,0,0,0,0,0,0,0,0,0,0,0,0,0,0,0,0,1,0,0,0,0,0,0,0,0,0,NA,NA,NA,NA,NA,NA,NA,NA,NA,NA,NA,NA,NA,NA,NA,NA,NA,NA,NA,NA,NA,NA,NA,NA,NA,NA,NA,NA,NA,NA,NA,J.Elliott,00-0033787,NA,NA,NA,NA,NA,NA,NA,NA,NA,NA,NA,NA,NA,NA,NA,NA,NA,NA,NA,NA,NA,NA,NA,NA,NA,NA,NA,NA,NA,NA,NA,NA,NA,NA,NA,NA,0,NA,NA,NA,NA,NA,NA,NA,NA,NA,NA,NA,NA,NA,NA,NA,NA,NA,NA,NA,NA,NA,NA,NA,NA,NA,NA,NA,NA,NA,NA,NA,0,NA,NA,NA,NA,0,NA,NA,0,0,0,0,NA,NA,2025,NA,NA,59,0,Missed field goal,4324,"11/28/25, 15:02:44",2025-11-28T23:01:42.390Z,Lincoln Financial Field,"Sunny Temp: 42° F, Humidity: 35%, Wind: W 18 mph",f85755f8-311e-11f0-b670-ae1250fadad1,0,0,FIELD_GOAL,0,NA,2025-11-28T23:01:46.397Z,NA,22,Missed field goal,2025-11-28T22:58:45.150Z,6,1:03,1,0,0,4,4,-10,DOWNS,MISSED_FG,01:12,00:09,PHI 30,CHI 34,4168,4324,24,15,Home,-9,39,7,43.5,0,outdoors,,NA,NA,Nick Sirianni,Ben Johnson,PHI00,Lincoln Financial Field,0,0,NA,NA,NA,NA,NA,NA,0,0,0,1,0,NA,NA,NA,NA,NA,NA,NA,NA,NA,NA,0,0,-1.7523630648825395,NA,NA,NA,NA,NA,NA,NA,2025,Field Goal,NA,NA,NA,NA,NA,NA,NA,NA,NA,NA,Nick Sirianni,Ben Johnson,0:13,0.6120592236628409,61,Field Goal,Toss Up,NA,NA,NA,NA,NA,NA,NA,NA
4345,2025_13_CHI_PHI,2025112800,PHI,CHI,REG,13,CHI,away,PHI,CHI,58,2025-11-28,9,9,9,Half2,0,23,0,4,1,0,00:09,CHI 42,10,-1,(:09) 18-C.Williams kneels to CHI 41 for -1 yards.,qb_kneel,-1,0,0,0,1,0,0,NA,NA,NA,NA,NA,NA,NA,NA,NA,NA,0,2,0,NA,NA,NA,NA,2,0,15,24,24,15,9,24,15,9,1,0,0,0,0,0,0,0,0,0,0,-11.705157428325988,11.705157428325988,-13.8893746813701,13.8893746813701,8.541192359928564,-8.541192359928564,NA,NA,0,0,3.756855652842205,-3.756855652842205,-4.0827245700056665,4.0827245700056665,4.255934138142038,-4.255934138142038,2.7242215862032584,-2.7242215862032584,0.9971787929534912,0.002821207046508789,0.002821207046508789,0.9971787929534912,NA,NA,-0.001252293586730957,NA,NA,0.998747706413269,0.001252293586730957,-0.734138910126972,0.734138910126972,0.35116325899112577,-0.35116325899112577,NA,NA,0,0,-0.12972333208484654,0.12972333208484654,0.0545052458635128,-0.0545052458635128,-0.12972333208484654,0.12972333208484654,0.41502569439919357,-0.41502569439919357,0,0,0,0,0,0,0,0,0,0,0,0,0,0,0,0,0,0,0,0,0,0,0,0,0,0,0,0,0,0,0,0,1,0,0,0,0,0,0,0,0,0,0,0,0,0,0,0,0,0,0,NA,NA,NA,NA,NA,NA,00-0039918,C.Williams,-1,NA,NA,NA,NA,NA,NA,NA,NA,NA,NA,NA,NA,NA,NA,NA,NA,NA,NA,NA,NA,NA,NA,NA,NA,NA,NA,NA,NA,NA,NA,NA,NA,NA,NA,NA,NA,NA,NA,NA,NA,NA,NA,NA,NA,NA,NA,NA,NA,NA,NA,NA,NA,NA,NA,NA,NA,NA,NA,NA,NA,0,NA,NA,NA,NA,NA,NA,NA,NA,NA,NA,NA,NA,NA,NA,NA,NA,NA,NA,NA,NA,NA,NA,NA,NA,NA,NA,NA,NA,NA,NA,NA,0,NA,NA,NA,NA,0,NA,NA,0,0,0,0,NA,NA,2025,NA,NA,60,0,QB kneel,4345,"11/28/25, 15:02:44",2025-11-28T23:02:24Z,Lincoln Financial Field,"Sunny Temp: 42° F, Humidity: 35%, Wind: W 18 mph",f85755f8-311e-11f0-b670-ae1250fadad1,0,0,RUSH,0,NA,NA,NA,23,End of half,2025-11-28T23:02:24Z,1,0:09,0,0,0,4,4,0,MISSED_FG,END_GAME,00:09,00:00,CHI 42,CHI 42,4345,4367,24,15,Home,-9,39,7,43.5,0,outdoors,,NA,NA,Nick Sirianni,Ben Johnson,PHI00,Lincoln Financial Field,0,0,NA,NA,C.Williams,NA,NA,NA,0,0,0,0,0,NA,00-0039918,NA,C.Williams,NA,00-0039918,C.Williams,00-0039918,C.Williams,00-0039918,0,0,0,NA,NA,NA,NA,NA,NA,NA,2025,Other,NA,NA,NA,NA,NA,NA,NA,NA,NA,NA,Nick Sirianni,Ben Johnson,0:09,NA,NA,Other,Toss Up,NA,NA,NA,NA,NA,NA,NA,NA
4367,2025_13_CHI_PHI,2025112800,PHI,CHI,REG,13,CHI,away,PHI,NA,NA,2025-11-28,0,0,0,Half2,0,23,0,4,NA,0,00:00,NA,0,-1,END GAME,NA,NA,0,0,NA,0,0,0,NA,NA,NA,NA,NA,NA,NA,NA,NA,NA,0,2,NA,NA,NA,NA,NA,2,0,15,24,24,15,9,24,15,9,0,0,0,0,0,0,0,0,0,NA,NA,-11.705157428325988,11.705157428325988,-13.8893746813701,13.8893746813701,8.541192359928564,-8.541192359928564,NA,NA,NA,NA,3.756855652842205,-3.756855652842205,-4.0827245700056665,4.0827245700056665,4.255934138142038,-4.255934138142038,2.7242215862032584,-2.7242215862032584,NA,NA,0,1,NA,NA,NA,NA,NA,NA,0,-0.734138910126972,0.734138910126972,0.35116325899112577,-0.35116325899112577,NA,NA,NA,NA,-0.12972333208484654,0.12972333208484654,0.0545052458635128,-0.0545052458635128,-0.12972333208484654,0.12972333208484654,0.41502569439919357,-0.41502569439919357,NA,NA,NA,NA,NA,NA,NA,NA,NA,0,NA,NA,NA,NA,NA,NA,NA,NA,NA,NA,NA,NA,NA,NA,NA,NA,NA,NA,NA,NA,NA,NA,NA,NA,NA,NA,NA,NA,NA,NA,NA,NA,NA,NA,NA,NA,NA,NA,NA,NA,NA,NA,NA,NA,NA,NA,NA,NA,NA,NA,NA,NA,NA,NA,NA,NA,NA,NA,NA,NA,NA,NA,NA,NA,NA,NA,NA,NA,NA,NA,NA,NA,NA,NA,NA,NA,NA,NA,NA,NA,NA,NA,NA,NA,NA,NA,NA,NA,NA,NA,NA,NA,NA,NA,NA,NA,NA,NA,NA,NA,NA,NA,NA,NA,NA,NA,NA,NA,NA,NA,NA,NA,NA,NA,NA,NA,NA,NA,NA,NA,NA,NA,NA,NA,NA,NA,NA,NA,NA,NA,NA,NA,NA,NA,NA,NA,NA,NA,NA,NA,NA,NA,NA,NA,NA,NA,NA,0,NA,NA,NA,NA,NA,NA,NA,NA,2025,NA,NA,60,0,QB kneel,4367,"11/28/25, 15:02:44",NA,Lincoln Financial Field,"Sunny Temp: 42° F, Humidity: 35%, Wind: W 18 mph",f85755f8-311e-11f0-b670-ae1250fadad1,0,0,END_GAME,0,NA,NA,NA,23,End of half,2025-11-28T23:02:24Z,1,0:09,0,0,0,4,4,0,MISSED_FG,END_GAME,00:09,00:00,CHI 42,CHI 42,4345,4367,24,15,Home,-9,39,7,43.5,0,outdoors,,NA,NA,Nick Sirianni,Ben Johnson,PHI00,Lincoln Financial Field,0,NA,NA,NA,NA,NA,NA,NA,0,0,NA,0,0,NA,NA,NA,NA,NA,NA,NA,NA,NA,NA,0,0,NA,NA,NA,NA,NA,NA,NA,NA,2025,Other,NA,NA,NA,NA,NA,NA,NA,NA,NA,NA,Nick Sirianni,Ben Johnson,0:00,NA,NA,NA,Toss Up,NA,NA,NA,NA,NA,NA,NA,NA
