play_id,game_id,old_game_id,home_team,away_team,season_type,week,posteam,posteam_type,defteam,side_of_field,yardline_100,game_date,quarter_seconds_remaining,half_seconds_remaining,game_seconds_remaining,game_half,quarter_end,drive,sp,qtr,down,goal_to_go,time,yrdln,ydstogo,ydsnet,desc,play_type,yards_gained,shotgun,no_huddle,qb_dropback,qb_kneel,qb_spike,qb_scramble,pass_length,pass_location,air_yards,yards_after_catch,run_location,run_gap,field_goal_result,kick_distance,extra_point_result,two_point_conv_result,home_timeouts_remaining,away_timeouts_remaining,timeout,timeout_team,td_team,td_player_name,td_player_id,posteam_timeouts_remaining,defteam_timeouts_remaining,total_home_score,total_away_score,posteam_score,defteam_score,score_differential,posteam_score_post,defteam_score_post,score_differential_post,no_score_prob,opp_fg_prob,opp_safety_prob,opp_td_prob,fg_prob,safety_prob,td_prob,extra_point_prob,two_point_conversion_prob,ep,epa,total_home_epa,total_away_epa,total_home_rush_epa,total_away_rush_epa,total_home_pass_epa,total_away_pass_epa,air_epa,yac_epa,comp_air_epa,comp_yac_epa,total_home_comp_air_epa,total_away_comp_air_epa,total_home_comp_yac_epa,total_away_comp_yac_epa,total_home_raw_air_epa,total_away_raw_air_epa,total_home_raw_yac_epa,total_away_raw_yac_epa,wp,def_wp,home_wp,away_wp,wpa,vegas_wpa,vegas_home_wpa,home_wp_post,away_wp_post,vegas_wp,vegas_home_wp,total_home_rush_wpa,total_away_rush_wpa,total_home_pass_wpa,total_away_pass_wpa,air_wpa,yac_wpa,comp_air_wpa,comp_yac_wpa,total_home_comp_air_wpa,total_away_comp_air_wpa,total_home_comp_yac_wpa,total_away_comp_yac_wpa,total_home_raw_air_wpa,total_away_raw_air_wpa,total_home_raw_yac_wpa,total_away_raw_yac_wpa,punt_blocked,first_down_rush,first_down_pass,first_down_penalty,third_down_converted,third_down_failed,fourth_down_converted,fourth_down_failed,incomplete_pass,touchback,interception,punt_inside_twenty,punt_in_endzone,punt_out_of_bounds,punt_downed,punt_fair_catch,kickoff_inside_twenty,kickoff_in_endzone,kickoff_out_of_bounds,kickoff_downed,kickoff_fair_catch,fumble_forced,fumble_not_forced,fumble_out_of_bounds,solo_tackle,safety,penalty,tackled_for_loss,fumble_lost,own_kickoff_recovery,own_kickoff_recovery_td,qb_hit,rush_attempt,pass_attempt,sack,touchdown,pass_touchdown,rush_touchdown,return_touchdown,extra_point_attempt,two_point_attempt,field_goal_attempt,kickoff_attempt,punt_attempt,fumble,complete_pass,assist_tackle,lateral_reception,lateral_rush,lateral_return,lateral_recovery,passer_player_id,passer_player_name,passing_yards,receiver_player_id,receiver_player_name,receiving_yards,rusher_player_id,rusher_player_name,rushing_yards,lateral_receiver_player_id,lateral_receiver_player_name,lateral_receiving_yards,lateral_rusher_player_id,lateral_rusher_player_name,lateral_rushing_yards,lateral_sack_player_id,lateral_sack_player_name,interception_player_id,interception_player_name,lateral_interception_player_id,lateral_interception_player_name,punt_returner_player_id,punt_returner_player_name,lateral_punt_returner_player_id,lateral_punt_returner_player_name,kickoff_returner_player_name,kickoff_returner_player_id,lateral_kickoff_returner_player_id,lateral_kickoff_returner_player_name,punter_player_id,punter_player_name,kicker_player_name,kicker_player_id,own_kickoff_recovery_player_id,own_kickoff_recovery_player_name,blocked_player_id,blocked_player_name,tackle_for_loss_1_player_id,tackle_for_loss_1_player_name,tackle_for_loss_2_player_id,tackle_for_loss_2_player_name,qb_hit_1_player_id,qb_hit_1_player_name,qb_hit_2_player_id,qb_hit_2_player_name,forced_fumble_player_1_team,forced_fumble_player_1_player_id,forced_fumble_player_1_player_name,forced_fumble_player_2_team,forced_fumble_player_2_player_id,forced_fumble_player_2_player_name,solo_tackle_1_team,solo_tackle_2_team,solo_tackle_1_player_id,solo_tackle_2_player_id,solo_tackle_1_player_name,solo_tackle_2_player_name,assist_tackle_1_player_id,assist_tackle_1_player_name,assist_tackle_1_team,assist_tackle_2_player_id,assist_tackle_2_player_name,assist_tackle_2_team,assist_tackle_3_player_id,assist_tackle_3_player_name,assist_tackle_3_team,assist_tackle_4_player_id,assist_tackle_4_player_name,assist_tackle_4_team,tackle_with_assist,tackle_with_assist_1_player_id,tackle_with_assist_1_player_name,tackle_with_assist_1_team,tackle_with_assist_2_player_id,tackle_with_assist_2_player_name,tackle_with_assist_2_team,pass_defense_1_player_id,pass_defense_1_player_name,pass_defense_2_player_id,pass_defense_2_player_name,fumbled_1_team,fumbled_1_player_id,fumbled_1_player_name,fumbled_2_player_id,fumbled_2_player_name,fumbled_2_team,fumble_recovery_1_team,fumble_recovery_1_yards,fumble_recovery_1_player_id,fumble_recovery_1_player_name,fumble_recovery_2_team,fumble_recovery_2_yards,fumble_recovery_2_player_id,fumble_recovery_2_player_name,sack_player_id,sack_player_name,half_sack_1_player_id,half_sack_1_player_name,half_sack_2_player_id,half_sack_2_player_name,return_team,return_yards,penalty_team,penalty_player_id,penalty_player_name,penalty_yards,replay_or_challenge,replay_or_challenge_result,penalty_type,defensive_two_point_attempt,defensive_two_point_conv,defensive_extra_point_attempt,defensive_extra_point_conv,safety_player_name,safety_player_id,season,cp,cpoe,series,series_success,series_result,order_sequence,start_time,time_of_day,stadium,weather,nfl_api_id,play_clock,play_deleted,play_type_nfl,special_teams_play,st_play_type,end_clock_time,end_yard_line,fixed_drive,fixed_drive_result,drive_real_start_time,drive_play_count,drive_time_of_possession,drive_first_downs,drive_inside20,drive_ended_with_score,drive_quarter_start,drive_quarter_end,drive_yards_penalized,drive_start_transition,drive_end_transition,drive_game_clock_start,drive_game_clock_end,drive_start_yard_line,drive_end_yard_line,drive_play_id_started,drive_play_id_ended,away_score,home_score,location,result,total,spread_line,total_line,div_game,roof,surface,temp,wind,home_coach,away_coach,stadium_id,game_stadium,aborted_play,success,passer,passer_jersey_number,rusher,rusher_jersey_number,receiver,receiver_jersey_number,pass,rush,first_down,special,play,passer_id,rusher_id,receiver_id,name,jersey_number,id,fantasy_player_name,fantasy_player_id,fantasy,fantasy_id,out_of_bounds,home_opening_kickoff,qb_epa,xyac_epa,xyac_mean_yardage,xyac_median_yardage,xyac_success,xyac_fd,xpass,pass_oe
1,2005_09_PHI_WAS,2005110612,WAS,PHI,REG,9,NA,NA,NA,NA,NA,2005-11-06,900,1800,3600,Half1,0,NA,0,1,NA,0,15:00,PHI 30,0,NA,GAME,NA,NA,0,0,NA,0,0,0,NA,NA,NA,NA,NA,NA,NA,NA,NA,NA,3,3,NA,NA,NA,NA,NA,NA,NA,0,0,NA,NA,NA,NA,NA,NA,0,0,0,0,0,0,0,0,0,0.8167660105973482,0,0,0,0,0,0,0,NA,NA,NA,NA,NA,NA,NA,NA,NA,NA,NA,NA,0.5418533086776733,0.45814669132232666,0.5418533086776733,0.45814669132232666,0,0,0,NA,NA,0.5536361932754517,0.5536361932754517,0,0,0,0,NA,NA,NA,NA,NA,NA,NA,NA,NA,NA,NA,NA,NA,NA,NA,NA,NA,NA,NA,NA,NA,0,NA,NA,NA,NA,NA,NA,NA,NA,NA,NA,NA,NA,NA,NA,NA,NA,NA,NA,NA,NA,NA,NA,NA,NA,NA,NA,NA,NA,NA,NA,NA,NA,NA,NA,NA,NA,NA,NA,NA,NA,NA,NA,NA,NA,NA,NA,NA,NA,NA,NA,NA,NA,NA,NA,NA,NA,NA,NA,NA,NA,NA,NA,NA,NA,NA,NA,NA,NA,NA,NA,NA,NA,NA,NA,NA,NA,NA,NA,NA,NA,NA,NA,NA,NA,NA,NA,NA,NA,NA,NA,NA,NA,NA,NA,NA,NA,NA,NA,NA,NA,NA,NA,NA,NA,NA,NA,NA,NA,NA,NA,NA,NA,NA,NA,NA,NA,NA,NA,NA,NA,NA,NA,NA,NA,NA,NA,NA,NA,NA,NA,NA,NA,NA,NA,NA,NA,NA,NA,NA,NA,NA,NA,NA,NA,NA,NA,NA,0,NA,NA,NA,NA,NA,NA,NA,NA,2005,NA,NA,1,0,Punt,1,"11/6/05, 20:37:32",NA,Commanders Field,"Clear Temp: 68° F, Humidity: 54%, Wind: South 15 mph",10012005-1106-1290-9e6c-abd41ad537a6,0,0,GAME_START,0,NA,NA,NA,1,Punt,NA,NA,NA,NA,NA,NA,NA,NA,NA,NA,NA,NA,NA,NA,NA,NA,NA,10,17,Home,7,27,0,41,1,outdoors,grass,68,15,Joe Gibbs,Andy Reid,WAS00,FedExField,0,0,NA,NA,NA,NA,NA,NA,0,0,NA,0,0,NA,NA,NA,NA,NA,NA,NA,NA,NA,NA,0,1,0,NA,NA,NA,NA,NA,NA,NA
36,2005_09_PHI_WAS,2005110612,WAS,PHI,REG,9,WAS,home,PHI,PHI,30,2005-11-06,900,1800,3600,Half1,0,1,0,1,NA,0,15:00,PHI 30,0,5,6-J.Cortez kicks 69 yards from PHI 30 to WAS 1. 46-L.Betts to WAS 20 for 19 yards (21-M.Ware).,kickoff,0,0,0,0,0,0,0,NA,NA,NA,NA,NA,NA,NA,69,NA,NA,3,3,0,NA,NA,NA,NA,3,3,0,0,0,0,0,0,0,0,0.008395222015678883,0.17558228969573975,0.004213578067719936,0.2452271729707718,0.2194686383008957,0.003933414816856384,0.3431796431541443,0,0,0.8167660105973482,0.0059393178671598434,0.0059393178671598434,-0.0059393178671598434,0,0,0,0,NA,NA,NA,NA,NA,NA,NA,NA,NA,NA,NA,NA,0.5418533086776733,0.45814669132232666,0.5418533086776733,0.45814669132232666,0,-4.786849021911621e-4,-4.786849021911621e-4,0.5418533086776733,0.45814669132232666,0.5536361932754517,0.5536361932754517,0,0,0,0,NA,NA,NA,NA,NA,NA,NA,NA,NA,NA,NA,NA,0,0,0,0,0,0,0,0,0,0,0,0,0,0,0,0,0,0,0,0,0,0,0,0,1,0,0,0,0,0,0,0,0,0,0,0,0,0,0,0,0,0,1,0,0,0,0,0,0,0,0,NA,NA,NA,NA,NA,NA,NA,NA,NA,NA,NA,NA,NA,NA,NA,NA,NA,NA,NA,NA,NA,NA,NA,NA,NA,L.Betts,00-0021184,NA,NA,NA,NA,J.Cortez,00-0003501,NA,NA,NA,NA,NA,NA,NA,NA,NA,NA,NA,NA,NA,NA,NA,NA,NA,NA,PHI,NA,00-0022786,NA,M.Ware,NA,NA,NA,NA,NA,NA,NA,NA,NA,NA,NA,NA,NA,0,NA,NA,NA,NA,NA,NA,NA,NA,NA,NA,NA,NA,NA,NA,NA,NA,NA,NA,NA,NA,NA,NA,NA,NA,NA,NA,NA,NA,NA,NA,WAS,19,NA,NA,NA,NA,0,NA,NA,0,0,0,0,NA,NA,2005,NA,NA,1,0,Punt,36,"11/6/05, 20:37:32",2005-11-07T01:37:32Z,Commanders Field,"Clear Temp: 68° F, Humidity: 54%, Wind: South 15 mph",10012005-1106-1290-9e6c-abd41ad537a6,0,0,KICK_OFF,1,NA,NA,NA,1,Punt,2005-11-07T01:37:32Z,3,1:30,0,0,0,1,1,0,KICKOFF,PUNT,15:00,13:30,WAS 20,WAS 25,36,119,10,17,Home,7,27,0,41,1,outdoors,grass,68,15,Joe Gibbs,Andy Reid,WAS00,FedExField,0,1,NA,NA,NA,NA,NA,NA,0,0,0,1,0,NA,NA,NA,NA,NA,NA,NA,NA,NA,NA,0,1,0.0059393178671598434,NA,NA,NA,NA,NA,NA,NA
58,2005_09_PHI_WAS,2005110612,WAS,PHI,REG,9,WAS,home,PHI,WAS,80,2005-11-06,896,1796,3596,Half1,0,1,0,1,1,0,14:56,WAS 20,10,5,(14:56) 26-C.Portis right end to WAS 23 for 3 yards (78-H.Thomas).,run,3,0,0,0,0,0,0,NA,NA,NA,NA,right,end,NA,NA,NA,NA,3,3,0,NA,NA,NA,NA,3,3,0,0,0,0,0,0,0,0,0.008403399959206581,0.17561720311641693,0.004186981823295355,0.24475648999214172,0.21958476305007935,0.003937245812267065,0.34351393580436707,0,0,0.8227053284645081,-0.3052683677524328,-0.299329049885273,0.299329049885273,-0.3052683677524328,0.3052683677524328,0,0,NA,NA,NA,NA,NA,NA,NA,NA,NA,NA,NA,NA,0.5418533086776733,0.45814669132232666,0.5418533086776733,0.45814669132232666,-0.008393645286560059,-0.014023959636688232,-0.014023959636688232,0.5334596633911133,0.4665403366088867,0.5531575083732605,0.5531575083732605,-0.008393645286560059,0.008393645286560059,0,0,NA,NA,NA,NA,NA,NA,NA,NA,NA,NA,NA,NA,0,0,0,0,0,0,0,0,0,0,0,0,0,0,0,0,0,0,0,0,0,0,0,0,1,0,0,0,0,0,0,0,1,0,0,0,0,0,0,0,0,0,0,0,0,0,0,0,0,0,0,NA,NA,NA,NA,NA,NA,00-0021179,C.Portis,3,NA,NA,NA,NA,NA,NA,NA,NA,NA,NA,NA,NA,NA,NA,NA,NA,NA,NA,NA,NA,NA,NA,NA,NA,NA,NA,NA,NA,NA,NA,NA,NA,NA,NA,NA,NA,NA,NA,NA,NA,NA,NA,PHI,NA,00-0016271,NA,H.Thomas,NA,NA,NA,NA,NA,NA,NA,NA,NA,NA,NA,NA,NA,0,NA,NA,NA,NA,NA,NA,NA,NA,NA,NA,NA,NA,NA,NA,NA,NA,NA,NA,NA,NA,NA,NA,NA,NA,NA,NA,NA,NA,NA,NA,NA,0,NA,NA,NA,NA,0,NA,NA,0,0,0,0,NA,NA,2005,NA,NA,1,0,Punt,58,"11/6/05, 20:37:32",2005-11-07T01:38:13Z,Commanders Field,"Clear Temp: 68° F, Humidity: 54%, Wind: South 15 mph",10012005-1106-1290-9e6c-abd41ad537a6,0,0,RUSH,0,NA,NA,NA,1,Punt,2005-11-07T01:37:32Z,3,1:30,0,0,0,1,1,0,KICKOFF,PUNT,15:00,13:30,WAS 20,WAS 25,36,119,10,17,Home,7,27,0,41,1,outdoors,grass,68,15,Joe Gibbs,Andy Reid,WAS00,FedExField,0,0,NA,NA,C.Portis,26,NA,NA,0,1,0,0,1,NA,00-0021179,NA,C.Portis,26,00-0021179,C.Portis,00-0021179,C.Portis,00-0021179,0,1,-0.3052683677524328,NA,NA,NA,NA,NA,NA,NA
79,2005_09_PHI_WAS,2005110612,WAS,PHI,REG,9,WAS,home,PHI,WAS,77,2005-11-06,860,1760,3560,Half1,0,1,0,1,2,0,14:20,WAS 23,7,5,"(14:20) 26-C.Portis left tackle to WAS 25 for 2 yards (78-H.Thomas, 54-J.Trotter).",run,2,0,0,0,0,0,0,NA,NA,NA,NA,left,tackle,NA,NA,NA,NA,3,3,0,NA,NA,NA,NA,3,3,0,0,0,0,0,0,0,0,0.009077380411326885,0.17551742494106293,0.0035842927172780037,0.26865166425704956,0.21260827779769897,0.004006439819931984,0.326554536819458,0,0,0.5174369607120752,-0.2714849831536412,-0.5708140330389142,0.5708140330389142,-0.576753350906074,0.576753350906074,0,0,NA,NA,NA,NA,NA,NA,NA,NA,NA,NA,NA,NA,0.5334596633911133,0.4665403366088867,0.5334596633911133,0.4665403366088867,-0.021177828311920166,-0.02226787805557251,-0.02226787805557251,0.5122818350791931,0.4877181649208069,0.5391335487365723,0.5391335487365723,-0.029571473598480225,0.029571473598480225,0,0,NA,NA,NA,NA,NA,NA,NA,NA,NA,NA,NA,NA,0,0,0,0,0,0,0,0,0,0,0,0,0,0,0,0,0,0,0,0,0,0,0,0,0,0,0,0,0,0,0,0,1,0,0,0,0,0,0,0,0,0,0,0,0,0,1,0,0,0,0,NA,NA,NA,NA,NA,NA,00-0021179,C.Portis,2,NA,NA,NA,NA,NA,NA,NA,NA,NA,NA,NA,NA,NA,NA,NA,NA,NA,NA,NA,NA,NA,NA,NA,NA,NA,NA,NA,NA,NA,NA,NA,NA,NA,NA,NA,NA,NA,NA,NA,NA,NA,NA,NA,NA,NA,NA,NA,NA,00-0016624,J.Trotter,PHI,NA,NA,NA,NA,NA,NA,NA,NA,NA,1,00-0016271,H.Thomas,PHI,NA,NA,NA,NA,NA,NA,NA,NA,NA,NA,NA,NA,NA,NA,NA,NA,NA,NA,NA,NA,NA,NA,NA,NA,NA,NA,NA,NA,0,NA,NA,NA,NA,0,NA,NA,0,0,0,0,NA,NA,2005,NA,NA,1,0,Punt,79,"11/6/05, 20:37:32",2005-11-07T01:38:49Z,Commanders Field,"Clear Temp: 68° F, Humidity: 54%, Wind: South 15 mph",10012005-1106-1290-9e6c-abd41ad537a6,0,0,RUSH,0,NA,NA,NA,1,Punt,2005-11-07T01:37:32Z,3,1:30,0,0,0,1,1,0,KICKOFF,PUNT,15:00,13:30,WAS 20,WAS 25,36,119,10,17,Home,7,27,0,41,1,outdoors,grass,68,15,Joe Gibbs,Andy Reid,WAS00,FedExField,0,0,NA,NA,C.Portis,26,NA,NA,0,1,0,0,1,NA,00-0021179,NA,C.Portis,26,00-0021179,C.Portis,00-0021179,C.Portis,00-0021179,0,1,-0.2714849831536412,NA,NA,NA,NA,NA,NA,NA
100,2005_09_PHI_WAS,2005110612,WAS,PHI,REG,9,WAS,home,PHI,WAS,75,2005-11-06,822,1722,3522,Half1,0,1,0,1,3,0,13:42,WAS 25,5,5,(13:42) (Shotgun) 8-M.Brunell pass incomplete to 80-D.Patten.,pass,0,1,0,1,0,0,0,NA,NA,NA,NA,NA,NA,NA,NA,NA,NA,3,3,0,NA,NA,NA,NA,3,3,0,0,0,0,0,0,0,0,0.010152065195143223,0.1881914585828781,0.003541695885360241,0.28091567754745483,0.20402802526950836,0.00405240198597312,0.3091186583042145,0,0,0.245951977558434,-1.4300127224996686,-2.000826755538583,2.000826755538583,-0.576753350906074,0.576753350906074,-1.4300127224996686,1.4300127224996686,NA,NA,NA,NA,NA,NA,NA,NA,NA,NA,NA,NA,0.5122818350791931,0.4877181649208069,0.5122818350791931,0.4877181649208069,-0.04815763235092163,-0.07231608033180237,-0.07231608033180237,0.4641242027282715,0.5358757972717285,0.5168656706809998,0.5168656706809998,-0.029571473598480225,0.029571473598480225,-0.04815763235092163,0.04815763235092163,NA,NA,NA,NA,NA,NA,NA,NA,NA,NA,NA,NA,0,0,0,0,0,1,0,0,1,0,0,0,0,0,0,0,0,0,0,0,0,0,0,0,0,0,0,0,0,0,0,0,0,1,0,0,0,0,0,0,0,0,0,0,0,0,0,0,0,0,0,00-0002110,M.Brunell,NA,NA,NA,NA,NA,NA,NA,NA,NA,NA,NA,NA,NA,NA,NA,NA,NA,NA,NA,NA,NA,NA,NA,NA,NA,NA,NA,NA,NA,NA,NA,NA,NA,NA,NA,NA,NA,NA,NA,NA,NA,NA,NA,NA,NA,NA,NA,NA,NA,NA,NA,NA,NA,NA,NA,NA,NA,NA,NA,NA,NA,NA,NA,NA,NA,NA,NA,0,NA,NA,NA,NA,NA,NA,NA,NA,NA,NA,NA,NA,NA,NA,NA,NA,NA,NA,NA,NA,NA,NA,NA,NA,NA,NA,NA,NA,NA,NA,NA,0,NA,NA,NA,NA,0,NA,NA,0,0,0,0,NA,NA,2005,NA,NA,1,0,Punt,100,"11/6/05, 20:37:32",2005-11-07T01:39:27Z,Commanders Field,"Clear Temp: 68° F, Humidity: 54%, Wind: South 15 mph",10012005-1106-1290-9e6c-abd41ad537a6,0,0,PASS,0,NA,NA,NA,1,Punt,2005-11-07T01:37:32Z,3,1:30,0,0,0,1,1,0,KICKOFF,PUNT,15:00,13:30,WAS 20,WAS 25,36,119,10,17,Home,7,27,0,41,1,outdoors,grass,68,15,Joe Gibbs,Andy Reid,WAS00,FedExField,0,0,M.Brunell,8,NA,NA,D.Patten,80,1,0,0,0,1,00-0002110,NA,00-0012642,M.Brunell,8,00-0002110,NA,NA,D.Patten,00-0012642,0,1,-1.4300127224996686,NA,NA,NA,NA,NA,NA,NA
119,2005_09_PHI_WAS,2005110612,WAS,PHI,REG,9,WAS,home,PHI,WAS,75,2005-11-06,817,1717,3517,Half1,0,1,0,1,4,0,13:37,WAS 25,5,5,"(13:37) 4-D.Frost punts 43 yards to PHI 32, Center-71-E.Albright, fair catch by 26-L.Sheppard.",punt,0,0,0,0,0,0,0,NA,NA,NA,NA,NA,NA,NA,43,NA,NA,3,3,0,NA,NA,NA,NA,3,3,0,0,0,0,0,0,0,0,0.010793963447213173,0.24686795473098755,0.005862540565431118,0.3541715145111084,0.15182624757289886,0.0042708320543169975,0.2262069135904312,0,0,-1.1840607449412346,0.38206958398222923,-1.6187571715563536,1.6187571715563536,-0.576753350906074,0.576753350906074,-1.4300127224996686,1.4300127224996686,NA,NA,NA,NA,NA,NA,NA,NA,NA,NA,NA,NA,0.4641242027282715,0.5358757972717285,0.4641242027282715,0.5358757972717285,0.02887064218521118,0.014612764120101929,0.014612764120101929,0.49299484491348267,0.5070051550865173,0.4445495903491974,0.4445495903491974,-0.029571473598480225,0.029571473598480225,-0.04815763235092163,0.04815763235092163,NA,NA,NA,NA,NA,NA,NA,NA,NA,NA,NA,NA,0,0,0,0,0,0,0,0,0,0,0,0,0,0,0,1,0,0,0,0,0,0,0,0,0,0,0,0,0,0,0,0,0,0,0,0,0,0,0,0,0,0,0,1,0,0,0,0,0,0,0,NA,NA,NA,NA,NA,NA,NA,NA,NA,NA,NA,NA,NA,NA,NA,NA,NA,NA,NA,NA,NA,00-0021157,L.Sheppard,NA,NA,NA,NA,NA,NA,00-0021500,D.Frost,NA,NA,NA,NA,NA,NA,NA,NA,NA,NA,NA,NA,NA,NA,NA,NA,NA,NA,NA,NA,NA,NA,NA,NA,NA,NA,NA,NA,NA,NA,NA,NA,NA,NA,NA,NA,NA,NA,0,NA,NA,NA,NA,NA,NA,NA,NA,NA,NA,NA,NA,NA,NA,NA,NA,NA,NA,NA,NA,NA,NA,NA,NA,NA,NA,NA,NA,NA,NA,PHI,0,NA,NA,NA,NA,0,NA,NA,0,0,0,0,NA,NA,2005,NA,NA,1,0,Punt,119,"11/6/05, 20:37:32",2005-11-07T01:39:58Z,Commanders Field,"Clear Temp: 68° F, Humidity: 54%, Wind: South 15 mph",10012005-1106-1290-9e6c-abd41ad537a6,0,0,PUNT,1,NA,NA,NA,1,Punt,2005-11-07T01:37:32Z,3,1:30,0,0,0,1,1,0,KICKOFF,PUNT,15:00,13:30,WAS 20,WAS 25,36,119,10,17,Home,7,27,0,41,1,outdoors,grass,68,15,Joe Gibbs,Andy Reid,WAS00,FedExField,0,1,NA,NA,NA,NA,NA,NA,0,0,0,1,0,NA,NA,NA,NA,NA,NA,NA,NA,NA,NA,0,1,0.38206958398222923,NA,NA,NA,NA,NA,NA,NA
142,2005_09_PHI_WAS,2005110612,WAS,PHI,REG,9,PHI,away,WAS,PHI,68,2005-11-06,810,1710,3510,Half1,0,2,0,1,1,0,13:30,PHI 32,10,25,(13:30) 36-B.Westbrook left end to PHI 31 for -1 yards (27-W.Harris).,run,-1,0,0,0,0,0,0,NA,NA,NA,NA,left,end,NA,NA,NA,NA,3,3,0,NA,NA,NA,NA,3,3,0,0,0,0,0,0,0,0,0.010687800124287605,0.1561305969953537,0.0040548816323280334,0.25690943002700806,0.2274712324142456,0.003755507990717888,0.3409905731678009,0,0,0.8019911609590054,-0.7811870495788753,-0.8375701219774783,0.8375701219774783,0.20443369867280126,-0.20443369867280126,-1.4300127224996686,1.4300127224996686,NA,NA,NA,NA,NA,NA,NA,NA,NA,NA,NA,NA,0.5070051550865173,0.49299484491348267,0.49299484491348267,0.5070051550865173,-0.02364218235015869,-0.0404818058013916,0.0404818058013916,0.5166370272636414,0.48336297273635864,0.5408376455307007,0.4591623544692993,-0.005929291248321533,0.005929291248321533,-0.04815763235092163,0.04815763235092163,NA,NA,NA,NA,NA,NA,NA,NA,NA,NA,NA,NA,0,0,0,0,0,0,0,0,0,0,0,0,0,0,0,0,0,0,0,0,0,0,0,0,1,0,0,1,0,0,0,0,1,0,0,0,0,0,0,0,0,0,0,0,0,0,0,0,0,0,0,NA,NA,NA,NA,NA,NA,00-0021216,B.Westbrook,-1,NA,NA,NA,NA,NA,NA,NA,NA,NA,NA,NA,NA,NA,NA,NA,NA,NA,NA,NA,NA,NA,NA,NA,NA,NA,NA,NA,NA,NA,NA,NA,NA,NA,NA,NA,NA,NA,NA,NA,NA,NA,NA,WAS,NA,00-0007007,NA,W.Harris,NA,NA,NA,NA,NA,NA,NA,NA,NA,NA,NA,NA,NA,0,NA,NA,NA,NA,NA,NA,NA,NA,NA,NA,NA,NA,NA,NA,NA,NA,NA,NA,NA,NA,NA,NA,NA,NA,NA,NA,NA,NA,NA,NA,NA,0,NA,NA,NA,NA,0,NA,NA,0,0,0,0,NA,NA,2005,NA,NA,2,1,First down,142,"11/6/05, 20:37:32",2005-11-07T01:40:47Z,Commanders Field,"Clear Temp: 68° F, Humidity: 54%, Wind: South 15 mph",10012005-1106-1290-9e6c-abd41ad537a6,0,0,RUSH,0,NA,NA,NA,2,Punt,2005-11-07T01:40:47Z,8,4:33,2,0,0,1,1,0,PUNT,PUNT,13:30,08:57,PHI 32,WAS 43,142,308,10,17,Home,7,27,0,41,1,outdoors,grass,68,15,Joe Gibbs,Andy Reid,WAS00,FedExField,0,0,NA,NA,B.Westbrook,36,NA,NA,0,1,0,0,1,NA,00-0021216,NA,B.Westbrook,36,00-0021216,B.Westbrook,00-0021216,B.Westbrook,00-0021216,0,1,-0.7811870495788753,NA,NA,NA,NA,NA,NA,NA
163,2005_09_PHI_WAS,2005110612,WAS,PHI,REG,9,PHI,away,WAS,PHI,69,2005-11-06,776,1676,3476,Half1,0,2,0,1,2,0,12:56,PHI 31,11,25,(12:56) 36-B.Westbrook right end to PHI 36 for 5 yards (97-R.Wynn).,run,5,0,0,0,0,0,0,NA,NA,NA,NA,right,end,NA,NA,NA,NA,3,3,0,NA,NA,NA,NA,3,3,0,0,0,0,0,0,0,0,0.010400339961051941,0.18156792223453522,0.006389813032001257,0.30117955803871155,0.19938884675502777,0.003827381646260619,0.29724615812301636,0,0,0.020804111380130053,-0.006808541249483824,-0.8307615807279944,0.8307615807279944,0.21124223992228508,-0.21124223992228508,-1.4300127224996686,1.4300127224996686,NA,NA,NA,NA,NA,NA,NA,NA,NA,NA,NA,NA,0.48336297273635864,0.5166370272636414,0.5166370272636414,0.48336297273635864,7.707476615905762e-4,9.329319000244141e-4,-9.329319000244141e-4,0.5158662796020508,0.4841337203979492,0.5003558397293091,0.4996441602706909,-0.006700038909912109,0.006700038909912109,-0.04815763235092163,0.04815763235092163,NA,NA,NA,NA,NA,NA,NA,NA,NA,NA,NA,NA,0,0,0,0,0,0,0,0,0,0,0,0,0,0,0,0,0,0,0,0,0,0,0,0,1,0,0,0,0,0,0,0,1,0,0,0,0,0,0,0,0,0,0,0,0,0,0,0,0,0,0,NA,NA,NA,NA,NA,NA,00-0021216,B.Westbrook,5,NA,NA,NA,NA,NA,NA,NA,NA,NA,NA,NA,NA,NA,NA,NA,NA,NA,NA,NA,NA,NA,NA,NA,NA,NA,NA,NA,NA,NA,NA,NA,NA,NA,NA,NA,NA,NA,NA,NA,NA,NA,NA,WAS,NA,00-0018351,NA,R.Wynn,NA,NA,NA,NA,NA,NA,NA,NA,NA,NA,NA,NA,NA,0,NA,NA,NA,NA,NA,NA,NA,NA,NA,NA,NA,NA,NA,NA,NA,NA,NA,NA,NA,NA,NA,NA,NA,NA,NA,NA,NA,NA,NA,NA,NA,0,NA,NA,NA,NA,0,NA,NA,0,0,0,0,NA,NA,2005,NA,NA,2,1,First down,163,"11/6/05, 20:37:32",2005-11-07T01:41:22Z,Commanders Field,"Clear Temp: 68° F, Humidity: 54%, Wind: South 15 mph",10012005-1106-1290-9e6c-abd41ad537a6,0,0,RUSH,0,NA,NA,NA,2,Punt,2005-11-07T01:40:47Z,8,4:33,2,0,0,1,1,0,PUNT,PUNT,13:30,08:57,PHI 32,WAS 43,142,308,10,17,Home,7,27,0,41,1,outdoors,grass,68,15,Joe Gibbs,Andy Reid,WAS00,FedExField,0,0,NA,NA,B.Westbrook,36,NA,NA,0,1,0,0,1,NA,00-0021216,NA,B.Westbrook,36,00-0021216,B.Westbrook,00-0021216,B.Westbrook,00-0021216,0,1,-0.006808541249483824,NA,NA,NA,NA,NA,NA,NA
184,2005_09_PHI_WAS,2005110612,WAS,PHI,REG,9,PHI,away,WAS,PHI,64,2005-11-06,735,1635,3435,Half1,0,2,0,1,3,0,12:15,PHI 36,6,25,(12:15) 5-D.McNabb pass to 49-J.Parry pushed ob at PHI 45 for 9 yards (24-S.Springs).,pass,9,0,0,1,0,0,0,NA,NA,NA,NA,NA,NA,NA,NA,NA,NA,3,3,0,NA,NA,NA,NA,3,3,0,0,0,0,0,0,0,0,0.011463109403848648,0.17930914461612701,0.003533358685672283,0.30321067571640015,0.20312340557575226,0.004685582127422094,0.29467472434043884,0,0,0.013995570130646229,1.6129867103882134,-2.443748291116208,2.443748291116208,0.21124223992228508,-0.21124223992228508,-3.042999432887882,3.042999432887882,NA,NA,NA,NA,NA,NA,NA,NA,NA,NA,NA,NA,0.4841337203979492,0.5158662796020508,0.5158662796020508,0.4841337203979492,0.04585927724838257,0.04159343242645264,-0.04159343242645264,0.4700070023536682,0.5299929976463318,0.5012887716293335,0.4987112283706665,-0.006700038909912109,0.006700038909912109,-0.0940169095993042,0.0940169095993042,NA,NA,NA,NA,NA,NA,NA,NA,NA,NA,NA,NA,0,0,1,0,1,0,0,0,0,0,0,0,0,0,0,0,0,0,0,0,0,0,0,0,1,0,0,0,0,0,0,0,0,1,0,0,0,0,0,0,0,0,0,0,0,1,0,0,0,0,0,00-0011022,D.McNabb,9,00-0019932,J.Parry,9,NA,NA,NA,NA,NA,NA,NA,NA,NA,NA,NA,NA,NA,NA,NA,NA,NA,NA,NA,NA,NA,NA,NA,NA,NA,NA,NA,NA,NA,NA,NA,NA,NA,NA,NA,NA,NA,NA,NA,NA,NA,NA,NA,NA,NA,WAS,NA,00-0015495,NA,S.Springs,NA,NA,NA,NA,NA,NA,NA,NA,NA,NA,NA,NA,NA,0,NA,NA,NA,NA,NA,NA,NA,NA,NA,NA,NA,NA,NA,NA,NA,NA,NA,NA,NA,NA,NA,NA,NA,NA,NA,NA,NA,NA,NA,NA,NA,0,NA,NA,NA,NA,0,NA,NA,0,0,0,0,NA,NA,2005,NA,NA,2,1,First down,184,"11/6/05, 20:37:32",2005-11-07T01:42:02Z,Commanders Field,"Clear Temp: 68° F, Humidity: 54%, Wind: South 15 mph",10012005-1106-1290-9e6c-abd41ad537a6,0,0,PASS,0,NA,NA,NA,2,Punt,2005-11-07T01:40:47Z,8,4:33,2,0,0,1,1,0,PUNT,PUNT,13:30,08:57,PHI 32,WAS 43,142,308,10,17,Home,7,27,0,41,1,outdoors,grass,68,15,Joe Gibbs,Andy Reid,WAS00,FedExField,0,1,D.McNabb,5,NA,NA,J.Parry,49,1,0,1,0,1,00-0011022,NA,00-0019932,D.McNabb,5,00-0011022,J.Parry,00-0019932,J.Parry,00-0019932,1,1,1.6129867103882134,NA,NA,NA,NA,NA,NA,NA
205,2005_09_PHI_WAS,2005110612,WAS,PHI,REG,9,PHI,away,WAS,PHI,55,2005-11-06,705,1605,3405,Half1,0,2,0,1,1,0,11:45,PHI 45,10,25,(11:45) 5-D.McNabb pass to 83-G.Lewis to WAS 46 for 9 yards (98-L.Marshall).,pass,9,0,0,1,0,0,0,NA,NA,NA,NA,NA,NA,NA,NA,NA,NA,3,3,0,NA,NA,NA,NA,3,3,0,0,0,0,0,0,0,0,0.01140733901411295,0.12334175407886505,0.002268032869324088,0.21153277158737183,0.26353687047958374,0.004746078047901392,0.38316717743873596,0,0,1.6269822805188596,0.8562847564462572,-3.300033047562465,3.300033047562465,0.21124223992228508,-0.21124223992228508,-3.8992841893341392,3.8992841893341392,NA,NA,NA,NA,NA,NA,NA,NA,NA,NA,NA,NA,0.5299929976463318,0.4700070023536682,0.4700070023536682,0.5299929976463318,0.018707096576690674,0.029614388942718506,-0.029614388942718506,0.45129990577697754,0.5487000942230225,0.5428822040557861,0.45711779594421387,-0.006700038909912109,0.006700038909912109,-0.11272400617599487,0.11272400617599487,NA,NA,NA,NA,NA,NA,NA,NA,NA,NA,NA,NA,0,0,0,0,0,0,0,0,0,0,0,0,0,0,0,0,0,0,0,0,0,0,0,0,1,0,0,0,0,0,0,0,0,1,0,0,0,0,0,0,0,0,0,0,0,1,0,0,0,0,0,00-0011022,D.McNabb,9,00-0021508,G.Lewis,9,NA,NA,NA,NA,NA,NA,NA,NA,NA,NA,NA,NA,NA,NA,NA,NA,NA,NA,NA,NA,NA,NA,NA,NA,NA,NA,NA,NA,NA,NA,NA,NA,NA,NA,NA,NA,NA,NA,NA,NA,NA,NA,NA,NA,NA,WAS,NA,00-0010421,NA,L.Marshall,NA,NA,NA,NA,NA,NA,NA,NA,NA,NA,NA,NA,NA,0,NA,NA,NA,NA,NA,NA,NA,NA,NA,NA,NA,NA,NA,NA,NA,NA,NA,NA,NA,NA,NA,NA,NA,NA,NA,NA,NA,NA,NA,NA,NA,0,NA,NA,NA,NA,0,NA,NA,0,0,0,0,NA,NA,2005,NA,NA,3,1,First down,205,"11/6/05, 20:37:32",2005-11-07T01:42:46Z,Commanders Field,"Clear Temp: 68° F, Humidity: 54%, Wind: South 15 mph",10012005-1106-1290-9e6c-abd41ad537a6,0,0,PASS,0,NA,NA,NA,2,Punt,2005-11-07T01:40:47Z,8,4:33,2,0,0,1,1,0,PUNT,PUNT,13:30,08:57,PHI 32,WAS 43,142,308,10,17,Home,7,27,0,41,1,outdoors,grass,68,15,Joe Gibbs,Andy Reid,WAS00,FedExField,0,1,D.McNabb,5,NA,NA,G.Lewis,83,1,0,0,0,1,00-0011022,NA,00-0021508,D.McNabb,5,00-0011022,G.Lewis,00-0021508,G.Lewis,00-0021508,0,1,0.8562847564462572,NA,NA,NA,NA,NA,NA,NA
226,2005_09_PHI_WAS,2005110612,WAS,PHI,REG,9,PHI,away,WAS,WAS,46,2005-11-06,668,1568,3368,Half1,0,2,0,1,2,0,11:08,WAS 46,1,25,(11:08) 36-B.Westbrook left end to WAS 44 for 2 yards (27-W.Harris).,run,2,0,0,0,0,0,0,NA,NA,NA,NA,left,end,NA,NA,NA,NA,3,3,0,NA,NA,NA,NA,3,3,0,0,0,0,0,0,0,0,0.010824225842952728,0.09721054136753082,0.0017018798971548676,0.1597779244184494,0.29892539978027344,0.004189657513052225,0.4273703396320343,0,0,2.483267036965117,-0.09563204972073436,-3.2044009978417307,3.2044009978417307,0.30687428964301944,-0.30687428964301944,-3.8992841893341392,3.8992841893341392,NA,NA,NA,NA,NA,NA,NA,NA,NA,NA,NA,NA,0.5487000942230225,0.45129990577697754,0.45129990577697754,0.5487000942230225,-0.0010646581649780273,0.002606630325317383,-0.002606630325317383,0.45236456394195557,0.5476354360580444,0.5724965929985046,0.42750340700149536,-0.005635380744934082,0.005635380744934082,-0.11272400617599487,0.11272400617599487,NA,NA,NA,NA,NA,NA,NA,NA,NA,NA,NA,NA,0,1,0,0,0,0,0,0,0,0,0,0,0,0,0,0,0,0,0,0,0,0,0,0,1,0,0,0,0,0,0,0,1,0,0,0,0,0,0,0,0,0,0,0,0,0,0,0,0,0,0,NA,NA,NA,NA,NA,NA,00-0021216,B.Westbrook,2,NA,NA,NA,NA,NA,NA,NA,NA,NA,NA,NA,NA,NA,NA,NA,NA,NA,NA,NA,NA,NA,NA,NA,NA,NA,NA,NA,NA,NA,NA,NA,NA,NA,NA,NA,NA,NA,NA,NA,NA,NA,NA,WAS,NA,00-0007007,NA,W.Harris,NA,NA,NA,NA,NA,NA,NA,NA,NA,NA,NA,NA,NA,0,NA,NA,NA,NA,NA,NA,NA,NA,NA,NA,NA,NA,NA,NA,NA,NA,NA,NA,NA,NA,NA,NA,NA,NA,NA,NA,NA,NA,NA,NA,NA,0,NA,NA,NA,NA,0,NA,NA,0,0,0,0,NA,NA,2005,NA,NA,3,1,First down,226,"11/6/05, 20:37:32",2005-11-07T01:43:23Z,Commanders Field,"Clear Temp: 68° F, Humidity: 54%, Wind: South 15 mph",10012005-1106-1290-9e6c-abd41ad537a6,0,0,RUSH,0,NA,NA,NA,2,Punt,2005-11-07T01:40:47Z,8,4:33,2,0,0,1,1,0,PUNT,PUNT,13:30,08:57,PHI 32,WAS 43,142,308,10,17,Home,7,27,0,41,1,outdoors,grass,68,15,Joe Gibbs,Andy Reid,WAS00,FedExField,0,0,NA,NA,B.Westbrook,36,NA,NA,0,1,1,0,1,NA,00-0021216,NA,B.Westbrook,36,00-0021216,B.Westbrook,00-0021216,B.Westbrook,00-0021216,0,1,-0.09563204972073436,NA,NA,NA,NA,NA,NA,NA
247,2005_09_PHI_WAS,2005110612,WAS,PHI,REG,9,PHI,away,WAS,WAS,44,2005-11-06,624,1524,3324,Half1,0,2,0,1,1,0,10:24,WAS 44,10,25,(10:24) 5-D.McNabb pass incomplete to 82-L.Smith (98-L.Marshall).,pass,0,0,0,1,0,0,0,NA,NA,NA,NA,NA,NA,NA,NA,NA,NA,3,3,0,NA,NA,NA,NA,3,3,0,0,0,0,0,0,0,0,0.011181068606674671,0.09605766087770462,0.00188071362208575,0.16706790030002594,0.29888302087783813,0.004422331228852272,0.4205072820186615,0,0,2.3876349872443825,-0.505712119396776,-2.6986888784449548,2.6986888784449548,0.30687428964301944,-0.30687428964301944,-3.3935720699373633,3.3935720699373633,NA,NA,NA,NA,NA,NA,NA,NA,NA,NA,NA,NA,0.5476354360580444,0.45236456394195557,0.45236456394195557,0.5476354360580444,-0.015577435493469238,-0.015719234943389893,0.015719234943389893,0.4679419994354248,0.5320580005645752,0.575103223323822,0.424896776676178,-0.005635380744934082,0.005635380744934082,-0.09714657068252563,0.09714657068252563,NA,NA,NA,NA,NA,NA,NA,NA,NA,NA,NA,NA,0,0,0,0,0,0,0,0,1,0,0,0,0,0,0,0,0,0,0,0,0,0,0,0,0,0,0,0,0,0,0,0,0,1,0,0,0,0,0,0,0,0,0,0,0,0,0,0,0,0,0,00-0011022,D.McNabb,NA,NA,NA,NA,NA,NA,NA,NA,NA,NA,NA,NA,NA,NA,NA,NA,NA,NA,NA,NA,NA,NA,NA,NA,NA,NA,NA,NA,NA,NA,NA,NA,NA,NA,NA,NA,NA,NA,NA,NA,NA,NA,NA,NA,NA,NA,NA,NA,NA,NA,NA,NA,NA,NA,NA,NA,NA,NA,NA,NA,NA,NA,NA,NA,NA,NA,NA,0,NA,NA,NA,NA,NA,NA,00-0010421,L.Marshall,NA,NA,NA,NA,NA,NA,NA,NA,NA,NA,NA,NA,NA,NA,NA,NA,NA,NA,NA,NA,NA,NA,NA,0,NA,NA,NA,NA,0,NA,NA,0,0,0,0,NA,NA,2005,NA,NA,4,0,Punt,247,"11/6/05, 20:37:32",2005-11-07T01:44:07Z,Commanders Field,"Clear Temp: 68° F, Humidity: 54%, Wind: South 15 mph",10012005-1106-1290-9e6c-abd41ad537a6,0,0,PASS,0,NA,NA,NA,2,Punt,2005-11-07T01:40:47Z,8,4:33,2,0,0,1,1,0,PUNT,PUNT,13:30,08:57,PHI 32,WAS 43,142,308,10,17,Home,7,27,0,41,1,outdoors,grass,68,15,Joe Gibbs,Andy Reid,WAS00,FedExField,0,0,D.McNabb,5,NA,NA,L.Smith,82,1,0,0,0,1,00-0011022,NA,00-0022126,D.McNabb,5,00-0011022,NA,NA,L.Smith,00-0022126,0,1,-0.505712119396776,NA,NA,NA,NA,NA,NA,NA
266,2005_09_PHI_WAS,2005110612,WAS,PHI,REG,9,PHI,away,WAS,WAS,44,2005-11-06,618,1518,3318,Half1,0,2,0,1,2,0,10:18,WAS 44,10,25,(10:18) 36-B.Westbrook left end to WAS 44 for no gain (27-W.Harris).,run,0,0,0,0,0,0,0,NA,NA,NA,NA,left,end,NA,NA,NA,NA,3,3,0,NA,NA,NA,NA,3,3,0,0,0,0,0,0,0,0,0.011536462232470512,0.11353527009487152,0.0019478524336591363,0.19374985992908478,0.2869018018245697,0.004866720177233219,0.3874620795249939,0,0,1.8819228678476065,-0.830278069479391,-1.8684108089655638,1.8684108089655638,1.1371523591224104,-1.1371523591224104,-3.3935720699373633,3.3935720699373633,NA,NA,NA,NA,NA,NA,NA,NA,NA,NA,NA,NA,0.5320580005645752,0.4679419994354248,0.4679419994354248,0.5320580005645752,-0.033709168434143066,-0.040825486183166504,0.040825486183166504,0.5016511678695679,0.49834883213043213,0.5593839883804321,0.44061601161956787,0.028073787689208984,-0.028073787689208984,-0.09714657068252563,0.09714657068252563,NA,NA,NA,NA,NA,NA,NA,NA,NA,NA,NA,NA,0,0,0,0,0,0,0,0,0,0,0,0,0,0,0,0,0,0,0,0,0,0,0,0,1,0,0,0,0,0,0,0,1,0,0,0,0,0,0,0,0,0,0,0,0,0,0,0,0,0,0,NA,NA,NA,NA,NA,NA,00-0021216,B.Westbrook,0,NA,NA,NA,NA,NA,NA,NA,NA,NA,NA,NA,NA,NA,NA,NA,NA,NA,NA,NA,NA,NA,NA,NA,NA,NA,NA,NA,NA,NA,NA,NA,NA,NA,NA,NA,NA,NA,NA,NA,NA,NA,NA,WAS,NA,00-0007007,NA,W.Harris,NA,NA,NA,NA,NA,NA,NA,NA,NA,NA,NA,NA,NA,0,NA,NA,NA,NA,NA,NA,NA,NA,NA,NA,NA,NA,NA,NA,NA,NA,NA,NA,NA,NA,NA,NA,NA,NA,NA,NA,NA,NA,NA,NA,NA,0,NA,NA,NA,NA,0,NA,NA,0,0,0,0,NA,NA,2005,NA,NA,4,0,Punt,266,"11/6/05, 20:37:32",2005-11-07T01:44:43Z,Commanders Field,"Clear Temp: 68° F, Humidity: 54%, Wind: South 15 mph",10012005-1106-1290-9e6c-abd41ad537a6,0,0,RUSH,0,NA,NA,NA,2,Punt,2005-11-07T01:40:47Z,8,4:33,2,0,0,1,1,0,PUNT,PUNT,13:30,08:57,PHI 32,WAS 43,142,308,10,17,Home,7,27,0,41,1,outdoors,grass,68,15,Joe Gibbs,Andy Reid,WAS00,FedExField,0,0,NA,NA,B.Westbrook,36,NA,NA,0,1,0,0,1,NA,00-0021216,NA,B.Westbrook,36,00-0021216,B.Westbrook,00-0021216,B.Westbrook,00-0021216,0,1,-0.830278069479391,NA,NA,NA,NA,NA,NA,NA
287,2005_09_PHI_WAS,2005110612,WAS,PHI,REG,9,PHI,away,WAS,WAS,44,2005-11-06,577,1477,3277,Half1,0,2,0,1,3,0,09:37,WAS 44,10,25,(9:37) 5-D.McNabb pass to 36-B.Westbrook to WAS 43 for 1 yard (25-R.Clark).,pass,1,0,0,1,0,0,0,NA,NA,NA,NA,NA,NA,NA,NA,NA,NA,3,3,0,NA,NA,NA,NA,3,3,0,0,0,0,0,0,0,0,0.013600458391010761,0.1425946205854416,0.0021840506233274937,0.2392234206199646,0.2576330006122589,0.005577825475484133,0.33918657898902893,0,0,1.0516447983682156,-1.7325657368637621,-0.13584507210180163,0.13584507210180163,1.1371523591224104,-1.1371523591224104,-1.6610063330736011,1.6610063330736011,NA,NA,NA,NA,NA,NA,NA,NA,NA,NA,NA,NA,0.49834883213043213,0.5016511678695679,0.5016511678695679,0.49834883213043213,-0.026367366313934326,-0.02822098135948181,0.02822098135948181,0.5280185341835022,0.4719814658164978,0.5185585021972656,0.4814414978027344,0.028073787689208984,-0.028073787689208984,-0.07077920436859131,0.07077920436859131,NA,NA,NA,NA,NA,NA,NA,NA,NA,NA,NA,NA,0,0,0,0,0,1,0,0,0,0,0,0,0,0,0,0,0,0,0,0,0,0,0,0,1,0,0,0,0,0,0,0,0,1,0,0,0,0,0,0,0,0,0,0,0,1,0,0,0,0,0,00-0011022,D.McNabb,1,00-0021216,B.Westbrook,1,NA,NA,NA,NA,NA,NA,NA,NA,NA,NA,NA,NA,NA,NA,NA,NA,NA,NA,NA,NA,NA,NA,NA,NA,NA,NA,NA,NA,NA,NA,NA,NA,NA,NA,NA,NA,NA,NA,NA,NA,NA,NA,NA,NA,NA,WAS,NA,00-0020840,NA,R.Clark,NA,NA,NA,NA,NA,NA,NA,NA,NA,NA,NA,NA,NA,0,NA,NA,NA,NA,NA,NA,NA,NA,NA,NA,NA,NA,NA,NA,NA,NA,NA,NA,NA,NA,NA,NA,NA,NA,NA,NA,NA,NA,NA,NA,NA,0,NA,NA,NA,NA,0,NA,NA,0,0,0,0,NA,NA,2005,NA,NA,4,0,Punt,287,"11/6/05, 20:37:32",2005-11-07T01:45:25Z,Commanders Field,"Clear Temp: 68° F, Humidity: 54%, Wind: South 15 mph",10012005-1106-1290-9e6c-abd41ad537a6,0,0,PASS,0,NA,NA,NA,2,Punt,2005-11-07T01:40:47Z,8,4:33,2,0,0,1,1,0,PUNT,PUNT,13:30,08:57,PHI 32,WAS 43,142,308,10,17,Home,7,27,0,41,1,outdoors,grass,68,15,Joe Gibbs,Andy Reid,WAS00,FedExField,0,0,D.McNabb,5,NA,NA,B.Westbrook,36,1,0,0,0,1,00-0011022,NA,00-0021216,D.McNabb,5,00-0011022,B.Westbrook,00-0021216,B.Westbrook,00-0021216,0,1,-1.7325657368637621,NA,NA,NA,NA,NA,NA,NA
308,2005_09_PHI_WAS,2005110612,WAS,PHI,REG,9,PHI,away,WAS,WAS,43,2005-11-06,548,1448,3248,Half1,0,2,0,1,4,0,09:08,WAS 43,9,25,"(9:08) 3-R.Hodges punts 39 yards to WAS 4, Center-88-M.Bartrum, downed by PHI-29-R.Hood.",punt,0,0,0,0,0,0,0,NA,NA,NA,NA,NA,NA,NA,39,NA,NA,3,3,0,NA,NA,NA,NA,3,3,0,0,0,0,0,0,0,0,0.01596192643046379,0.1988312155008316,0.0026851792354136705,0.33998438715934753,0.18726873397827148,0.009570509195327759,0.24569807946681976,0,0,-0.6809209384955466,0.8933078246191144,-1.029152896720916,1.029152896720916,1.1371523591224104,-1.1371523591224104,-1.6610063330736011,1.6610063330736011,NA,NA,NA,NA,NA,NA,NA,NA,NA,NA,NA,NA,0.4719814658164978,0.5280185341835022,0.5280185341835022,0.4719814658164978,0.008993566036224365,0.026142358779907227,-0.026142358779907227,0.5190249681472778,0.48097503185272217,0.4903375208377838,0.5096624791622162,0.028073787689208984,-0.028073787689208984,-0.07077920436859131,0.07077920436859131,NA,NA,NA,NA,NA,NA,NA,NA,NA,NA,NA,NA,0,0,0,0,0,0,0,0,0,0,0,1,0,0,1,0,0,0,0,0,0,0,0,0,0,0,0,0,0,0,0,0,0,0,0,0,0,0,0,0,0,0,0,1,0,0,0,0,0,0,0,NA,NA,NA,NA,NA,NA,NA,NA,NA,NA,NA,NA,NA,NA,NA,NA,NA,NA,NA,NA,NA,NA,NA,NA,NA,NA,NA,NA,NA,00-0023642,R.Hodges,NA,NA,NA,NA,NA,NA,NA,NA,NA,NA,NA,NA,NA,NA,NA,NA,NA,NA,NA,NA,NA,NA,NA,NA,NA,NA,NA,NA,NA,NA,NA,NA,NA,NA,NA,NA,NA,NA,0,NA,NA,NA,NA,NA,NA,NA,NA,NA,NA,NA,NA,NA,NA,NA,NA,NA,NA,NA,NA,NA,NA,NA,NA,NA,NA,NA,NA,NA,NA,WAS,0,NA,NA,NA,NA,0,NA,NA,0,0,0,0,NA,NA,2005,NA,NA,4,0,Punt,308,"11/6/05, 20:37:32",2005-11-07T01:45:54Z,Commanders Field,"Clear Temp: 68° F, Humidity: 54%, Wind: South 15 mph",10012005-1106-1290-9e6c-abd41ad537a6,0,0,PUNT,1,NA,NA,NA,2,Punt,2005-11-07T01:40:47Z,8,4:33,2,0,0,1,1,0,PUNT,PUNT,13:30,08:57,PHI 32,WAS 43,142,308,10,17,Home,7,27,0,41,1,outdoors,grass,68,15,Joe Gibbs,Andy Reid,WAS00,FedExField,0,1,NA,NA,NA,NA,NA,NA,0,0,0,1,0,NA,NA,NA,NA,NA,NA,NA,NA,NA,NA,0,1,0.8933078246191144,NA,NA,NA,NA,NA,NA,NA
331,2005_09_PHI_WAS,2005110612,WAS,PHI,REG,9,WAS,home,PHI,WAS,96,2005-11-06,537,1437,3237,Half1,0,3,0,1,1,0,08:57,WAS 4,10,27,(8:57) 8-M.Brunell pass to 89-S.Moss pushed ob at WAS 18 for 14 yards (32-M.Lewis).,pass,14,0,0,1,0,0,0,NA,NA,NA,NA,NA,NA,NA,NA,NA,NA,3,3,0,NA,NA,NA,NA,3,3,0,0,0,0,0,0,0,0,0.016142969951033592,0.2090933918952942,0.024003705009818077,0.29454052448272705,0.1649761199951172,0.001789481146261096,0.2894538640975952,0,0,-0.21238688612356782,0.8771642930805683,-0.15198860364034772,0.15198860364034772,1.1371523591224104,-1.1371523591224104,-0.7838420399930328,0.7838420399930328,NA,NA,NA,NA,NA,NA,NA,NA,NA,NA,NA,NA,0.5190249681472778,0.48097503185272217,0.5190249681472778,0.48097503185272217,0.020266413688659668,0.023731261491775513,0.023731261491775513,0.5392913818359375,0.4607086181640625,0.48352012038230896,0.48352012038230896,0.028073787689208984,-0.028073787689208984,-0.05051279067993164,0.05051279067993164,NA,NA,NA,NA,NA,NA,NA,NA,NA,NA,NA,NA,0,0,1,0,0,0,0,0,0,0,0,0,0,0,0,0,0,0,0,0,0,0,0,0,1,0,0,0,0,0,0,0,0,1,0,0,0,0,0,0,0,0,0,0,0,1,0,0,0,0,0,00-0002110,M.Brunell,14,00-0020494,S.Moss,14,NA,NA,NA,NA,NA,NA,NA,NA,NA,NA,NA,NA,NA,NA,NA,NA,NA,NA,NA,NA,NA,NA,NA,NA,NA,NA,NA,NA,NA,NA,NA,NA,NA,NA,NA,NA,NA,NA,NA,NA,NA,NA,NA,NA,NA,PHI,NA,00-0021185,NA,M.Lewis,NA,NA,NA,NA,NA,NA,NA,NA,NA,NA,NA,NA,NA,0,NA,NA,NA,NA,NA,NA,NA,NA,NA,NA,NA,NA,NA,NA,NA,NA,NA,NA,NA,NA,NA,NA,NA,NA,NA,NA,NA,NA,NA,NA,NA,0,NA,NA,NA,NA,0,NA,NA,0,0,0,0,NA,NA,2005,NA,NA,5,1,First down,331,"11/6/05, 20:37:32",2005-11-07T01:48:20Z,Commanders Field,"Clear Temp: 68° F, Humidity: 54%, Wind: South 15 mph",10012005-1106-1290-9e6c-abd41ad537a6,0,0,PASS,0,NA,NA,NA,3,Punt,2005-11-07T01:48:20Z,7,2:52,2,0,0,1,1,0,PUNT,PUNT,08:57,06:05,WAS 4,WAS 31,331,472,10,17,Home,7,27,0,41,1,outdoors,grass,68,15,Joe Gibbs,Andy Reid,WAS00,FedExField,0,1,M.Brunell,8,NA,NA,S.Moss,89,1,0,1,0,1,00-0002110,NA,00-0020494,M.Brunell,8,00-0002110,S.Moss,00-0020494,S.Moss,00-0020494,1,1,0.8771642930805683,NA,NA,NA,NA,NA,NA,NA
352,2005_09_PHI_WAS,2005110612,WAS,PHI,REG,9,WAS,home,PHI,WAS,82,2005-11-06,515,1415,3215,Half1,0,3,0,1,1,0,08:35,WAS 18,10,27,(8:35) 26-C.Portis right tackle to WAS 19 for 1 yard (55-D.Jones).,run,1,0,0,0,0,0,0,NA,NA,NA,NA,right,tackle,NA,NA,NA,NA,3,3,0,NA,NA,NA,NA,3,3,0,0,0,0,0,0,0,0,0.019144173711538315,0.17121310532093048,0.004292283207178116,0.2566467225551605,0.20967160165309906,0.0037422410678118467,0.335289865732193,0,0,0.6647774069570005,-0.5220879563130438,-0.6740765599533916,0.6740765599533916,0.6150644028093666,-0.6150644028093666,-0.7838420399930328,0.7838420399930328,NA,NA,NA,NA,NA,NA,NA,NA,NA,NA,NA,NA,0.5392913818359375,0.4607086181640625,0.5392913818359375,0.4607086181640625,-0.013121485710144043,-0.013936996459960938,-0.013936996459960938,0.5261698961257935,0.47383010387420654,0.5072513818740845,0.5072513818740845,0.014952301979064941,-0.014952301979064941,-0.05051279067993164,0.05051279067993164,NA,NA,NA,NA,NA,NA,NA,NA,NA,NA,NA,NA,0,0,0,0,0,0,0,0,0,0,0,0,0,0,0,0,0,0,0,0,0,0,0,0,1,0,0,0,0,0,0,0,1,0,0,0,0,0,0,0,0,0,0,0,0,0,0,0,0,0,0,NA,NA,NA,NA,NA,NA,00-0021179,C.Portis,1,NA,NA,NA,NA,NA,NA,NA,NA,NA,NA,NA,NA,NA,NA,NA,NA,NA,NA,NA,NA,NA,NA,NA,NA,NA,NA,NA,NA,NA,NA,NA,NA,NA,NA,NA,NA,NA,NA,NA,NA,NA,NA,PHI,NA,00-0019635,NA,D.Jones,NA,NA,NA,NA,NA,NA,NA,NA,NA,NA,NA,NA,NA,0,NA,NA,NA,NA,NA,NA,NA,NA,NA,NA,NA,NA,NA,NA,NA,NA,NA,NA,NA,NA,NA,NA,NA,NA,NA,NA,NA,NA,NA,NA,NA,0,NA,NA,NA,NA,0,NA,NA,0,0,0,0,NA,NA,2005,NA,NA,6,1,First down,352,"11/6/05, 20:37:32",2005-11-07T01:48:57Z,Commanders Field,"Clear Temp: 68° F, Humidity: 54%, Wind: South 15 mph",10012005-1106-1290-9e6c-abd41ad537a6,0,0,RUSH,0,NA,NA,NA,3,Punt,2005-11-07T01:48:20Z,7,2:52,2,0,0,1,1,0,PUNT,PUNT,08:57,06:05,WAS 4,WAS 31,331,472,10,17,Home,7,27,0,41,1,outdoors,grass,68,15,Joe Gibbs,Andy Reid,WAS00,FedExField,0,0,NA,NA,C.Portis,26,NA,NA,0,1,0,0,1,NA,00-0021179,NA,C.Portis,26,00-0021179,C.Portis,00-0021179,C.Portis,00-0021179,0,1,-0.5220879563130438,NA,NA,NA,NA,NA,NA,NA
373,2005_09_PHI_WAS,2005110612,WAS,PHI,REG,9,WAS,home,PHI,WAS,81,2005-11-06,482,1382,3182,Half1,0,3,0,1,2,0,08:02,WAS 19,9,27,(8:02) 8-M.Brunell sacked at WAS 17 for -2 yards (93-J.Kearse).,pass,-2,0,0,1,0,0,0,NA,NA,NA,NA,NA,NA,NA,NA,NA,NA,3,3,0,NA,NA,NA,NA,3,3,0,0,0,0,0,0,0,0,0.021711669862270355,0.1871941238641739,0.004847273230552673,0.285075306892395,0.19470341503620148,0.0039788405410945415,0.30248937010765076,0,0,0.14268945064395666,-1.004516369663179,-1.6785929296165705,1.6785929296165705,0.6150644028093666,-0.6150644028093666,-1.7883584096562117,1.7883584096562117,NA,NA,NA,NA,NA,NA,NA,NA,NA,NA,NA,NA,0.5261698961257935,0.47383010387420654,0.5261698961257935,0.47383010387420654,-0.03787609934806824,-0.03616136312484741,-0.03616136312484741,0.4882937967777252,0.5117062032222748,0.49331438541412354,0.49331438541412354,0.014952301979064941,-0.014952301979064941,-0.08838889002799988,0.08838889002799988,NA,NA,NA,NA,NA,NA,NA,NA,NA,NA,NA,NA,0,0,0,0,0,0,0,0,0,0,0,0,0,0,0,0,0,0,0,0,0,0,0,0,1,0,0,0,0,0,0,0,0,1,1,0,0,0,0,0,0,0,0,0,0,0,0,0,0,0,0,00-0002110,M.Brunell,NA,NA,NA,NA,NA,NA,NA,NA,NA,NA,NA,NA,NA,NA,NA,NA,NA,NA,NA,NA,NA,NA,NA,NA,NA,NA,NA,NA,NA,NA,NA,NA,NA,NA,NA,NA,NA,NA,NA,NA,NA,NA,NA,NA,NA,NA,NA,NA,NA,PHI,NA,00-0009056,NA,J.Kearse,NA,NA,NA,NA,NA,NA,NA,NA,NA,NA,NA,NA,NA,0,NA,NA,NA,NA,NA,NA,NA,NA,NA,NA,NA,NA,NA,NA,NA,NA,NA,NA,NA,NA,NA,NA,NA,NA,00-0009056,J.Kearse,NA,NA,NA,NA,NA,0,NA,NA,NA,NA,0,NA,NA,0,0,0,0,NA,NA,2005,NA,NA,6,1,First down,373,"11/6/05, 20:37:32",2005-11-07T01:49:30Z,Commanders Field,"Clear Temp: 68° F, Humidity: 54%, Wind: South 15 mph",10012005-1106-1290-9e6c-abd41ad537a6,0,0,SACK,0,NA,NA,NA,3,Punt,2005-11-07T01:48:20Z,7,2:52,2,0,0,1,1,0,PUNT,PUNT,08:57,06:05,WAS 4,WAS 31,331,472,10,17,Home,7,27,0,41,1,outdoors,grass,68,15,Joe Gibbs,Andy Reid,WAS00,FedExField,0,0,M.Brunell,8,NA,NA,NA,NA,1,0,0,0,1,00-0002110,NA,NA,M.Brunell,8,00-0002110,NA,NA,NA,NA,0,1,-1.004516369663179,NA,NA,NA,NA,NA,NA,NA
392,2005_09_PHI_WAS,2005110612,WAS,PHI,REG,9,WAS,home,PHI,WAS,83,2005-11-06,454,1354,3154,Half1,0,3,0,1,3,0,07:34,WAS 17,11,27,(7:34) (Shotgun) 8-M.Brunell pass to 47-C.Cooley pushed ob at WAS 35 for 18 yards (20-B.Dawkins).,pass,18,1,0,1,0,0,0,NA,NA,NA,NA,NA,NA,NA,NA,NA,NA,3,3,0,NA,NA,NA,NA,3,3,0,0,0,0,0,0,0,0,0.021024756133556366,0.2291267216205597,0.008227506652474403,0.3349755108356476,0.159458726644516,0.0043693166226148605,0.24281743168830872,0,0,-0.8618269190192223,2.6214509713463485,0.942858041729778,-0.942858041729778,0.6150644028093666,-0.6150644028093666,0.8330925616901368,-0.8330925616901368,NA,NA,NA,NA,NA,NA,NA,NA,NA,NA,NA,NA,0.4882937967777252,0.5117062032222748,0.4882937967777252,0.5117062032222748,0.0780964195728302,0.08163994550704956,0.08163994550704956,0.5663902163505554,0.4336097836494446,0.4571530222892761,0.4571530222892761,0.014952301979064941,-0.014952301979064941,-0.010292470455169678,0.010292470455169678,NA,NA,NA,NA,NA,NA,NA,NA,NA,NA,NA,NA,0,0,1,0,1,0,0,0,0,0,0,0,0,0,0,0,0,0,0,0,0,0,0,0,1,0,0,0,0,0,0,0,0,1,0,0,0,0,0,0,0,0,0,0,0,1,0,0,0,0,0,00-0002110,M.Brunell,18,00-0022738,C.Cooley,18,NA,NA,NA,NA,NA,NA,NA,NA,NA,NA,NA,NA,NA,NA,NA,NA,NA,NA,NA,NA,NA,NA,NA,NA,NA,NA,NA,NA,NA,NA,NA,NA,NA,NA,NA,NA,NA,NA,NA,NA,NA,NA,NA,NA,NA,PHI,NA,00-0004073,NA,B.Dawkins,NA,NA,NA,NA,NA,NA,NA,NA,NA,NA,NA,NA,NA,0,NA,NA,NA,NA,NA,NA,NA,NA,NA,NA,NA,NA,NA,NA,NA,NA,NA,NA,NA,NA,NA,NA,NA,NA,NA,NA,NA,NA,NA,NA,NA,0,NA,NA,NA,NA,0,NA,NA,0,0,0,0,NA,NA,2005,NA,NA,6,1,First down,392,"11/6/05, 20:37:32",2005-11-07T01:50:11Z,Commanders Field,"Clear Temp: 68° F, Humidity: 54%, Wind: South 15 mph",10012005-1106-1290-9e6c-abd41ad537a6,0,0,PASS,0,NA,NA,NA,3,Punt,2005-11-07T01:48:20Z,7,2:52,2,0,0,1,1,0,PUNT,PUNT,08:57,06:05,WAS 4,WAS 31,331,472,10,17,Home,7,27,0,41,1,outdoors,grass,68,15,Joe Gibbs,Andy Reid,WAS00,FedExField,0,1,M.Brunell,8,NA,NA,C.Cooley,47,1,0,1,0,1,00-0002110,NA,00-0022738,M.Brunell,8,00-0002110,C.Cooley,00-0022738,C.Cooley,00-0022738,1,1,2.6214509713463485,NA,NA,NA,NA,NA,NA,NA
413,2005_09_PHI_WAS,2005110612,WAS,PHI,REG,9,WAS,home,PHI,WAS,65,2005-11-06,423,1323,3123,Half1,0,3,0,1,1,0,07:03,WAS 35,10,27,(7:03) 8-M.Brunell pass incomplete to 87-R.Johnson.,pass,0,0,0,1,0,0,0,NA,NA,NA,NA,NA,NA,NA,NA,NA,NA,3,3,0,NA,NA,NA,NA,3,3,0,0,0,0,0,0,0,0,0.022933904081583023,0.1270739883184433,0.0020528167951852083,0.19990834593772888,0.24237950146198273,0.00447769183665514,0.40117374062538147,0,0,1.7596240523271263,-0.4875830467790365,0.45527499495074153,-0.45527499495074153,0.6150644028093666,-0.6150644028093666,0.34550951491110027,-0.34550951491110027,NA,NA,NA,NA,NA,NA,NA,NA,NA,NA,NA,NA,0.5663902163505554,0.4336097836494446,0.5663902163505554,0.4336097836494446,-0.018091917037963867,-0.0170137882232666,-0.0170137882232666,0.5482982993125916,0.45170170068740845,0.5387929677963257,0.5387929677963257,0.014952301979064941,-0.014952301979064941,-0.028384387493133545,0.028384387493133545,NA,NA,NA,NA,NA,NA,NA,NA,NA,NA,NA,NA,0,0,0,0,0,0,0,0,1,0,0,0,0,0,0,0,0,0,0,0,0,0,0,0,0,0,0,0,0,0,0,0,0,1,0,0,0,0,0,0,0,0,0,0,0,0,0,0,0,0,0,00-0002110,M.Brunell,NA,NA,NA,NA,NA,NA,NA,NA,NA,NA,NA,NA,NA,NA,NA,NA,NA,NA,NA,NA,NA,NA,NA,NA,NA,NA,NA,NA,NA,NA,NA,NA,NA,NA,NA,NA,NA,NA,NA,NA,NA,NA,NA,NA,NA,NA,NA,NA,NA,NA,NA,NA,NA,NA,NA,NA,NA,NA,NA,NA,NA,NA,NA,NA,NA,NA,NA,0,NA,NA,NA,NA,NA,NA,NA,NA,NA,NA,NA,NA,NA,NA,NA,NA,NA,NA,NA,NA,NA,NA,NA,NA,NA,NA,NA,NA,NA,NA,NA,0,NA,NA,NA,NA,0,NA,NA,0,0,0,0,NA,NA,2005,NA,NA,7,0,Punt,413,"11/6/05, 20:37:32",2005-11-07T01:50:55Z,Commanders Field,"Clear Temp: 68° F, Humidity: 54%, Wind: South 15 mph",10012005-1106-1290-9e6c-abd41ad537a6,0,0,PASS,0,NA,NA,NA,3,Punt,2005-11-07T01:48:20Z,7,2:52,2,0,0,1,1,0,PUNT,PUNT,08:57,06:05,WAS 4,WAS 31,331,472,10,17,Home,7,27,0,41,1,outdoors,grass,68,15,Joe Gibbs,Andy Reid,WAS00,FedExField,0,0,M.Brunell,8,NA,NA,R.Johnson,87,1,0,0,0,1,00-0002110,NA,00-0021868,M.Brunell,8,00-0002110,NA,NA,R.Johnson,00-0021868,0,1,-0.4875830467790365,NA,NA,NA,NA,NA,NA,NA
432,2005_09_PHI_WAS,2005110612,WAS,PHI,REG,9,WAS,home,PHI,WAS,65,2005-11-06,416,1316,3116,Half1,0,3,0,1,2,0,06:56,WAS 35,10,27,(6:56) (Shotgun) 8-M.Brunell pass to 26-C.Portis to WAS 31 for -4 yards (29-R.Hood).,pass,-4,1,0,1,0,0,0,NA,NA,NA,NA,NA,NA,NA,NA,NA,NA,3,3,0,NA,NA,NA,NA,3,3,0,0,0,0,0,0,0,0,0.023478617891669273,0.14295166730880737,0.002332964213564992,0.22797828912734985,0.22472476959228516,0.0045000165700912476,0.374033659696579,0,0,1.2720410055480897,-1.2781325769610703,-0.8228575820103288,0.8228575820103288,0.6150644028093666,-0.6150644028093666,-0.93262306204997,0.93262306204997,NA,NA,NA,NA,NA,NA,NA,NA,NA,NA,NA,NA,0.5482982993125916,0.45170170068740845,0.5482982993125916,0.45170170068740845,-0.048995524644851685,-0.05196070671081543,-0.05196070671081543,0.49930277466773987,0.5006972253322601,0.5217791795730591,0.5217791795730591,0.014952301979064941,-0.014952301979064941,-0.07737991213798523,0.07737991213798523,NA,NA,NA,NA,NA,NA,NA,NA,NA,NA,NA,NA,0,0,0,0,0,0,0,0,0,0,0,0,0,0,0,0,0,0,0,0,0,0,0,0,1,0,0,0,0,0,0,0,0,1,0,0,0,0,0,0,0,0,0,0,0,1,0,0,0,0,0,00-0002110,M.Brunell,-4,00-0021179,C.Portis,-4,NA,NA,NA,NA,NA,NA,NA,NA,NA,NA,NA,NA,NA,NA,NA,NA,NA,NA,NA,NA,NA,NA,NA,NA,NA,NA,NA,NA,NA,NA,NA,NA,NA,NA,NA,NA,NA,NA,NA,NA,NA,NA,NA,NA,NA,PHI,NA,00-0021503,NA,R.Hood,NA,NA,NA,NA,NA,NA,NA,NA,NA,NA,NA,NA,NA,0,NA,NA,NA,NA,NA,NA,NA,NA,NA,NA,NA,NA,NA,NA,NA,NA,NA,NA,NA,NA,NA,NA,NA,NA,NA,NA,NA,NA,NA,NA,NA,0,NA,NA,NA,NA,0,NA,NA,0,0,0,0,NA,NA,2005,NA,NA,7,0,Punt,432,"11/6/05, 20:37:32",2005-11-07T01:51:33Z,Commanders Field,"Clear Temp: 68° F, Humidity: 54%, Wind: South 15 mph",10012005-1106-1290-9e6c-abd41ad537a6,0,0,PASS,0,NA,NA,NA,3,Punt,2005-11-07T01:48:20Z,7,2:52,2,0,0,1,1,0,PUNT,PUNT,08:57,06:05,WAS 4,WAS 31,331,472,10,17,Home,7,27,0,41,1,outdoors,grass,68,15,Joe Gibbs,Andy Reid,WAS00,FedExField,0,0,M.Brunell,8,NA,NA,C.Portis,26,1,0,0,0,1,00-0002110,NA,00-0021179,M.Brunell,8,00-0002110,C.Portis,00-0021179,C.Portis,00-0021179,0,1,-1.2781325769610703,NA,NA,NA,NA,NA,NA,NA
453,2005_09_PHI_WAS,2005110612,WAS,PHI,REG,9,WAS,home,PHI,WAS,69,2005-11-06,382,1282,3082,Half1,0,3,0,1,3,0,06:22,WAS 31,14,27,(6:22) (Shotgun) 8-M.Brunell pass incomplete to 89-S.Moss.,pass,0,1,0,1,0,0,0,NA,NA,NA,NA,NA,NA,NA,NA,NA,NA,3,3,0,NA,NA,NA,NA,3,3,0,0,0,0,0,0,0,0,0.0270505640655756,0.18810191750526428,0.003604824421927333,0.30160266160964966,0.1655641794204712,0.0037162669468671083,0.3103596270084381,0,0,-0.0060915714129805565,-0.9861139482818544,-1.8089715302921832,1.8089715302921832,0.6150644028093666,-0.6150644028093666,-1.9187370103318244,1.9187370103318244,NA,NA,NA,NA,NA,NA,NA,NA,NA,NA,NA,NA,0.49930277466773987,0.5006972253322601,0.49930277466773987,0.5006972253322601,-0.0366176962852478,-0.03740796446800232,-0.03740796446800232,0.46268507838249207,0.5373149216175079,0.46981847286224365,0.46981847286224365,0.014952301979064941,-0.014952301979064941,-0.11399760842323303,0.11399760842323303,NA,NA,NA,NA,NA,NA,NA,NA,NA,NA,NA,NA,0,0,0,0,0,1,0,0,1,0,0,0,0,0,0,0,0,0,0,0,0,0,0,0,0,0,0,0,0,0,0,0,0,1,0,0,0,0,0,0,0,0,0,0,0,0,0,0,0,0,0,00-0002110,M.Brunell,NA,NA,NA,NA,NA,NA,NA,NA,NA,NA,NA,NA,NA,NA,NA,NA,NA,NA,NA,NA,NA,NA,NA,NA,NA,NA,NA,NA,NA,NA,NA,NA,NA,NA,NA,NA,NA,NA,NA,NA,NA,NA,NA,NA,NA,NA,NA,NA,NA,NA,NA,NA,NA,NA,NA,NA,NA,NA,NA,NA,NA,NA,NA,NA,NA,NA,NA,0,NA,NA,NA,NA,NA,NA,NA,NA,NA,NA,NA,NA,NA,NA,NA,NA,NA,NA,NA,NA,NA,NA,NA,NA,NA,NA,NA,NA,NA,NA,NA,0,NA,NA,NA,NA,0,NA,NA,0,0,0,0,NA,NA,2005,NA,NA,7,0,Punt,453,"11/6/05, 20:37:32",2005-11-07T01:52:07Z,Commanders Field,"Clear Temp: 68° F, Humidity: 54%, Wind: South 15 mph",10012005-1106-1290-9e6c-abd41ad537a6,0,0,PASS,0,NA,NA,NA,3,Punt,2005-11-07T01:48:20Z,7,2:52,2,0,0,1,1,0,PUNT,PUNT,08:57,06:05,WAS 4,WAS 31,331,472,10,17,Home,7,27,0,41,1,outdoors,grass,68,15,Joe Gibbs,Andy Reid,WAS00,FedExField,0,0,M.Brunell,8,NA,NA,S.Moss,89,1,0,0,0,1,00-0002110,NA,00-0020494,M.Brunell,8,00-0002110,NA,NA,S.Moss,00-0020494,0,1,-0.9861139482818544,NA,NA,NA,NA,NA,NA,NA
472,2005_09_PHI_WAS,2005110612,WAS,PHI,REG,9,WAS,home,PHI,WAS,69,2005-11-06,375,1275,3075,Half1,0,3,0,1,4,0,06:15,WAS 31,14,27,"(6:15) 4-D.Frost punts 40 yards to PHI 29, Center-71-E.Albright, out of bounds.",punt,0,0,0,0,0,0,0,NA,NA,NA,NA,NA,NA,NA,40,NA,NA,3,3,0,NA,NA,NA,NA,3,3,0,0,0,0,0,0,0,0,0.02712755650281906,0.22493721544742584,0.005228666588664055,0.35400715470314026,0.13270990550518036,0.003788549220189452,0.2522009611129761,0,0,-0.992205519694835,0.3793989275582135,-1.4295726027339697,1.4295726027339697,0.6150644028093666,-0.6150644028093666,-1.9187370103318244,1.9187370103318244,NA,NA,NA,NA,NA,NA,NA,NA,NA,NA,NA,NA,0.46268507838249207,0.5373149216175079,0.46268507838249207,0.5373149216175079,0.03074696660041809,0.06365415453910828,0.06365415453910828,0.49343204498291016,0.5065679550170898,0.43241050839424133,0.43241050839424133,0.014952301979064941,-0.014952301979064941,-0.11399760842323303,0.11399760842323303,NA,NA,NA,NA,NA,NA,NA,NA,NA,NA,NA,NA,0,0,0,0,0,0,0,0,0,0,0,0,0,1,0,0,0,0,0,0,0,0,0,0,0,0,0,0,0,0,0,0,0,0,0,0,0,0,0,0,0,0,0,1,0,0,0,0,0,0,0,NA,NA,NA,NA,NA,NA,NA,NA,NA,NA,NA,NA,NA,NA,NA,NA,NA,NA,NA,NA,NA,NA,NA,NA,NA,NA,NA,NA,NA,00-0021500,D.Frost,NA,NA,NA,NA,NA,NA,NA,NA,NA,NA,NA,NA,NA,NA,NA,NA,NA,NA,NA,NA,NA,NA,NA,NA,NA,NA,NA,NA,NA,NA,NA,NA,NA,NA,NA,NA,NA,NA,0,NA,NA,NA,NA,NA,NA,NA,NA,NA,NA,NA,NA,NA,NA,NA,NA,NA,NA,NA,NA,NA,NA,NA,NA,NA,NA,NA,NA,NA,NA,PHI,0,NA,NA,NA,NA,0,NA,NA,0,0,0,0,NA,NA,2005,NA,NA,7,0,Punt,472,"11/6/05, 20:37:32",2005-11-07T01:52:41Z,Commanders Field,"Clear Temp: 68° F, Humidity: 54%, Wind: South 15 mph",10012005-1106-1290-9e6c-abd41ad537a6,0,0,PUNT,1,NA,NA,NA,3,Punt,2005-11-07T01:48:20Z,7,2:52,2,0,0,1,1,0,PUNT,PUNT,08:57,06:05,WAS 4,WAS 31,331,472,10,17,Home,7,27,0,41,1,outdoors,grass,68,15,Joe Gibbs,Andy Reid,WAS00,FedExField,0,1,NA,NA,NA,NA,NA,NA,0,0,0,1,0,NA,NA,NA,NA,NA,NA,NA,NA,NA,NA,0,1,0.3793989275582135,NA,NA,NA,NA,NA,NA,NA
494,2005_09_PHI_WAS,2005110612,WAS,PHI,REG,9,PHI,away,WAS,PHI,70,2005-11-06,365,1265,3065,Half1,0,4,0,1,1,0,06:05,PHI 30,10,70,(6:05) 36-B.Westbrook up the middle to PHI 33 for 3 yards (93-P.Daniels).,run,3,0,0,0,0,0,0,NA,NA,NA,NA,middle,NA,NA,NA,NA,NA,3,3,0,NA,NA,NA,NA,3,3,0,0,0,0,0,0,0,0,0.02823740988969803,0.1568634808063507,0.0038690536748617887,0.26847726106643677,0.20255835354328156,0.0034320715349167585,0.3365623950958252,0,0,0.6128065921366215,-0.23339098412543535,-1.1961816186085343,1.1961816186085343,0.8484553869348019,-0.8484553869348019,-1.9187370103318244,1.9187370103318244,NA,NA,NA,NA,NA,NA,NA,NA,NA,NA,NA,NA,0.5065679550170898,0.49343204498291016,0.49343204498291016,0.5065679550170898,-0.004758954048156738,0.00424569845199585,-0.00424569845199585,0.4981909990310669,0.5018090009689331,0.5039353370666504,0.4960646629333496,0.01971125602722168,-0.01971125602722168,-0.11399760842323303,0.11399760842323303,NA,NA,NA,NA,NA,NA,NA,NA,NA,NA,NA,NA,0,0,0,0,0,0,0,0,0,0,0,0,0,0,0,0,0,0,0,0,0,0,0,0,1,0,0,0,0,0,0,0,1,0,0,0,0,0,0,0,0,0,0,0,0,0,0,0,0,0,0,NA,NA,NA,NA,NA,NA,00-0021216,B.Westbrook,3,NA,NA,NA,NA,NA,NA,NA,NA,NA,NA,NA,NA,NA,NA,NA,NA,NA,NA,NA,NA,NA,NA,NA,NA,NA,NA,NA,NA,NA,NA,NA,NA,NA,NA,NA,NA,NA,NA,NA,NA,NA,NA,WAS,NA,00-0003874,NA,P.Daniels,NA,NA,NA,NA,NA,NA,NA,NA,NA,NA,NA,NA,NA,0,NA,NA,NA,NA,NA,NA,NA,NA,NA,NA,NA,NA,NA,NA,NA,NA,NA,NA,NA,NA,NA,NA,NA,NA,NA,NA,NA,NA,NA,NA,NA,0,NA,NA,NA,NA,0,NA,NA,0,0,0,0,NA,NA,2005,NA,NA,8,1,First down,494,"11/6/05, 20:37:32",2005-11-07T01:55:20Z,Commanders Field,"Clear Temp: 68° F, Humidity: 54%, Wind: South 15 mph",10012005-1106-1290-9e6c-abd41ad537a6,0,0,RUSH,0,NA,NA,NA,4,Touchdown,2005-11-07T01:55:20Z,5,3:10,3,0,1,1,1,0,PUNT,TOUCHDOWN,06:05,02:55,PHI 30,PHI 44,494,649,10,17,Home,7,27,0,41,1,outdoors,grass,68,15,Joe Gibbs,Andy Reid,WAS00,FedExField,0,0,NA,NA,B.Westbrook,36,NA,NA,0,1,0,0,1,NA,00-0021216,NA,B.Westbrook,36,00-0021216,B.Westbrook,00-0021216,B.Westbrook,00-0021216,0,1,-0.23339098412543535,NA,NA,NA,NA,NA,NA,NA
515,2005_09_PHI_WAS,2005110612,WAS,PHI,REG,9,PHI,away,WAS,PHI,67,2005-11-06,329,1229,3029,Half1,0,4,0,1,2,0,05:29,PHI 33,7,70,"(5:29) PENALTY on PHI-5-D.McNabb, False Start, 5 yards, enforced at PHI 33 - No Play.",no_play,0,0,0,0,0,0,0,NA,NA,NA,NA,NA,NA,NA,NA,NA,NA,3,3,0,NA,NA,NA,NA,3,3,0,0,0,0,0,0,0,0,0.028622260317206383,0.16123919188976288,0.004326219670474529,0.2806607782840729,0.20484641194343567,0.004052794072777033,0.31625232100486755,0,0,0.3794156080111861,-0.678922216873616,-0.5172594017349184,0.5172594017349184,0.8484553869348019,-0.8484553869348019,-1.9187370103318244,1.9187370103318244,NA,NA,NA,NA,NA,NA,NA,NA,NA,NA,NA,NA,0.5018090009689331,0.4981909990310669,0.4981909990310669,0.5018090009689331,-0.017705798149108887,-0.035422325134277344,0.035422325134277344,0.5158967971801758,0.4841032028198242,0.5081810355186462,0.49181896448135376,0.01971125602722168,-0.01971125602722168,-0.11399760842323303,0.11399760842323303,NA,NA,NA,NA,NA,NA,NA,NA,NA,NA,NA,NA,0,0,0,0,0,0,0,0,0,0,0,0,0,0,0,0,0,0,0,0,0,0,0,0,0,0,1,0,0,0,0,0,0,0,0,0,0,0,0,0,0,0,0,0,0,0,0,0,0,0,0,NA,NA,NA,NA,NA,NA,NA,NA,NA,NA,NA,NA,NA,NA,NA,NA,NA,NA,NA,NA,NA,NA,NA,NA,NA,NA,NA,NA,NA,NA,NA,NA,NA,NA,NA,NA,NA,NA,NA,NA,NA,NA,NA,NA,NA,NA,NA,NA,NA,NA,NA,NA,NA,NA,NA,NA,NA,NA,NA,NA,NA,NA,NA,NA,NA,NA,NA,NA,NA,0,NA,NA,NA,NA,NA,NA,NA,NA,NA,NA,NA,NA,NA,NA,NA,NA,NA,NA,NA,NA,NA,NA,NA,NA,NA,NA,NA,NA,NA,NA,NA,0,PHI,00-0011022,D.McNabb,5,0,NA,False Start,0,0,0,0,NA,NA,2005,NA,NA,8,1,First down,515,"11/6/05, 20:37:32",2005-11-07T01:55:55Z,Commanders Field,"Clear Temp: 68° F, Humidity: 54%, Wind: South 15 mph",10012005-1106-1290-9e6c-abd41ad537a6,0,0,PENALTY,0,NA,NA,NA,4,Touchdown,2005-11-07T01:55:20Z,5,3:10,3,0,1,1,1,0,PUNT,TOUCHDOWN,06:05,02:55,PHI 30,PHI 44,494,649,10,17,Home,7,27,0,41,1,outdoors,grass,68,15,Joe Gibbs,Andy Reid,WAS00,FedExField,0,0,NA,NA,NA,NA,NA,NA,0,0,0,0,1,NA,NA,NA,NA,NA,NA,NA,NA,NA,NA,0,1,-0.678922216873616,NA,NA,NA,NA,NA,NA,NA
538,2005_09_PHI_WAS,2005110612,WAS,PHI,REG,9,PHI,away,WAS,PHI,72,2005-11-06,306,1206,3006,Half1,0,4,0,1,2,0,05:06,PHI 28,12,70,"(5:06) 5-D.McNabb pass to 49-J.Parry to PHI 34 for 6 yards (98-L.Marshall). PENALTY on WAS-53-M.Washington, Illegal Contact, 5 yards, enforced at PHI 28 - No Play.",no_play,0,0,0,0,0,0,0,NA,NA,NA,NA,NA,NA,NA,NA,NA,NA,3,3,0,NA,NA,NA,NA,3,3,0,0,0,0,0,0,0,0,0.030106401070952415,0.17955337464809418,0.005615729372948408,0.3261948823928833,0.16448763012886047,0.003601589472964406,0.2904404401779175,0,0,-0.29950660886242986,1.0760824652388692,-1.5933418669737875,1.5933418669737875,0.8484553869348019,-0.8484553869348019,-1.9187370103318244,1.9187370103318244,NA,NA,NA,NA,NA,NA,NA,NA,NA,NA,NA,NA,0.4841032028198242,0.5158967971801758,0.5158967971801758,0.4841032028198242,0.0286443829536438,0.046137988567352295,-0.046137988567352295,0.5158967971801758,0.4841032028198242,0.4727587103843689,0.5272412896156311,0.01971125602722168,-0.01971125602722168,-0.11399760842323303,0.11399760842323303,NA,NA,NA,NA,NA,NA,NA,NA,NA,NA,NA,NA,0,0,0,1,0,0,0,0,0,0,0,0,0,0,0,0,0,0,0,0,0,0,0,0,0,0,1,0,0,0,0,0,0,0,0,0,0,0,0,0,0,0,0,0,0,0,0,0,0,0,0,NA,NA,NA,NA,NA,NA,NA,NA,NA,NA,NA,NA,NA,NA,NA,NA,NA,NA,NA,NA,NA,NA,NA,NA,NA,NA,NA,NA,NA,NA,NA,NA,NA,NA,NA,NA,NA,NA,NA,NA,NA,NA,NA,NA,NA,NA,NA,NA,NA,NA,NA,NA,NA,NA,NA,NA,NA,NA,NA,NA,NA,NA,NA,NA,NA,NA,NA,NA,NA,0,NA,NA,NA,NA,NA,NA,NA,NA,NA,NA,NA,NA,NA,NA,NA,NA,NA,NA,NA,NA,NA,NA,NA,NA,NA,NA,NA,NA,NA,NA,NA,0,WAS,00-0019585,M.Washington,5,0,NA,Illegal Contact,0,0,0,0,NA,NA,2005,NA,NA,8,1,First down,538,"11/6/05, 20:37:32",2005-11-07T01:56:39Z,Commanders Field,"Clear Temp: 68° F, Humidity: 54%, Wind: South 15 mph",10012005-1106-1290-9e6c-abd41ad537a6,0,0,PENALTY,0,NA,NA,NA,4,Touchdown,2005-11-07T01:55:20Z,5,3:10,3,0,1,1,1,0,PUNT,TOUCHDOWN,06:05,02:55,PHI 30,PHI 44,494,649,10,17,Home,7,27,0,41,1,outdoors,grass,68,15,Joe Gibbs,Andy Reid,WAS00,FedExField,0,1,D.McNabb,5,NA,NA,J.Parry,49,1,0,1,0,1,00-0011022,NA,00-0019932,D.McNabb,5,00-0011022,NA,NA,J.Parry,00-0019932,0,1,1.0760824652388692,NA,NA,NA,NA,NA,NA,NA
559,2005_09_PHI_WAS,2005110612,WAS,PHI,REG,9,PHI,away,WAS,PHI,67,2005-11-06,272,1172,2972,Half1,0,4,0,1,1,0,04:32,PHI 33,10,70,(4:32) 25-L.Gordon right end to PHI 35 for 2 yards (21-S.Taylor).,run,2,0,0,0,0,0,0,NA,NA,NA,NA,right,end,NA,NA,NA,NA,3,3,0,NA,NA,NA,NA,3,3,0,0,0,0,0,0,0,0,0.035091202706098557,0.1501382291316986,0.003520285477861762,0.25551798939704895,0.2117953896522522,0.004057453945279121,0.33987942337989807,0,0,0.7765758563764393,-0.45272361347451806,-1.1406182534992695,1.1406182534992695,1.30117900040932,-1.30117900040932,-1.9187370103318244,1.9187370103318244,NA,NA,NA,NA,NA,NA,NA,NA,NA,NA,NA,NA,0.512747585773468,0.487252414226532,0.487252414226532,0.512747585773468,-0.006537079811096191,-0.007441282272338867,0.007441282272338867,0.4937894940376282,0.5062105059623718,0.5188966989517212,0.4811033010482788,0.02624833583831787,-0.02624833583831787,-0.11399760842323303,0.11399760842323303,NA,NA,NA,NA,NA,NA,NA,NA,NA,NA,NA,NA,0,0,0,0,0,0,0,0,0,0,0,0,0,0,0,0,0,0,0,0,0,0,0,0,1,0,0,0,0,0,0,0,1,0,0,0,0,0,0,0,0,0,0,0,0,0,0,0,0,0,0,NA,NA,NA,NA,NA,NA,00-0021209,L.Gordon,2,NA,NA,NA,NA,NA,NA,NA,NA,NA,NA,NA,NA,NA,NA,NA,NA,NA,NA,NA,NA,NA,NA,NA,NA,NA,NA,NA,NA,NA,NA,NA,NA,NA,NA,NA,NA,NA,NA,NA,NA,NA,NA,WAS,NA,00-0022777,NA,S.Taylor,NA,NA,NA,NA,NA,NA,NA,NA,NA,NA,NA,NA,NA,0,NA,NA,NA,NA,NA,NA,NA,NA,NA,NA,NA,NA,NA,NA,NA,NA,NA,NA,NA,NA,NA,NA,NA,NA,NA,NA,NA,NA,NA,NA,NA,0,NA,NA,NA,NA,0,NA,NA,0,0,0,0,NA,NA,2005,NA,NA,9,1,First down,559,"11/6/05, 20:37:32",2005-11-07T01:57:39Z,Commanders Field,"Clear Temp: 68° F, Humidity: 54%, Wind: South 15 mph",10012005-1106-1290-9e6c-abd41ad537a6,0,0,RUSH,0,NA,NA,NA,4,Touchdown,2005-11-07T01:55:20Z,5,3:10,3,0,1,1,1,0,PUNT,TOUCHDOWN,06:05,02:55,PHI 30,PHI 44,494,649,10,17,Home,7,27,0,41,1,outdoors,grass,68,15,Joe Gibbs,Andy Reid,WAS00,FedExField,0,0,NA,NA,L.Gordon,25,NA,NA,0,1,0,0,1,NA,00-0021209,NA,L.Gordon,25,00-0021209,L.Gordon,00-0021209,L.Gordon,00-0021209,0,1,-0.45272361347451806,NA,NA,NA,NA,NA,NA,NA
592,2005_09_PHI_WAS,2005110612,WAS,PHI,REG,9,PHI,away,WAS,PHI,65,2005-11-06,235,1135,2935,Half1,0,4,0,1,2,0,03:55,PHI 35,8,70,(3:55) 5-D.McNabb pass to 36-B.Westbrook to PHI 44 for 9 yards (92-D.Evans; 53-M.Washington).,pass,9,0,0,1,0,0,0,NA,NA,NA,NA,NA,NA,NA,NA,NA,NA,3,3,0,NA,NA,NA,NA,3,3,0,0,0,0,0,0,0,0,0.035418640822172165,0.15843239426612854,0.0032573621720075607,0.28223878145217896,0.21091695129871368,0.003913245163857937,0.30582261085510254,0,0,0.32385224290192127,1.187751431018114,-2.3283696845173836,2.3283696845173836,1.30117900040932,-1.30117900040932,-3.1064884413499385,3.1064884413499385,NA,NA,NA,NA,NA,NA,NA,NA,NA,NA,NA,NA,0.5062105059623718,0.4937894940376282,0.4937894940376282,0.5062105059623718,0.02950233221054077,0.017785191535949707,-0.017785191535949707,0.4642871618270874,0.5357128381729126,0.5114554166793823,0.4885445833206177,0.02624833583831787,-0.02624833583831787,-0.1434999406337738,0.1434999406337738,NA,NA,NA,NA,NA,NA,NA,NA,NA,NA,NA,NA,0,0,1,0,0,0,0,0,0,0,0,0,0,0,0,0,0,0,0,0,0,0,0,0,0,0,0,0,0,0,0,0,0,1,0,0,0,0,0,0,0,0,0,0,0,1,1,0,0,0,0,00-0011022,D.McNabb,9,00-0021216,B.Westbrook,9,NA,NA,NA,NA,NA,NA,NA,NA,NA,NA,NA,NA,NA,NA,NA,NA,NA,NA,NA,NA,NA,NA,NA,NA,NA,NA,NA,NA,NA,NA,NA,NA,NA,NA,NA,NA,NA,NA,NA,NA,NA,NA,NA,NA,NA,NA,NA,NA,NA,NA,NA,00-0020055,D.Evans,WAS,00-0019585,M.Washington,WAS,NA,NA,NA,NA,NA,NA,0,NA,NA,NA,NA,NA,NA,NA,NA,NA,NA,NA,NA,NA,NA,NA,NA,NA,NA,NA,NA,NA,NA,NA,NA,NA,NA,NA,NA,NA,NA,NA,0,NA,NA,NA,NA,0,NA,NA,0,0,0,0,NA,NA,2005,NA,NA,9,1,First down,592,"11/6/05, 20:37:32",2005-11-07T01:58:16Z,Commanders Field,"Clear Temp: 68° F, Humidity: 54%, Wind: South 15 mph",10012005-1106-1290-9e6c-abd41ad537a6,0,0,PASS,0,NA,NA,NA,4,Touchdown,2005-11-07T01:55:20Z,5,3:10,3,0,1,1,1,0,PUNT,TOUCHDOWN,06:05,02:55,PHI 30,PHI 44,494,649,10,17,Home,7,27,0,41,1,outdoors,grass,68,15,Joe Gibbs,Andy Reid,WAS00,FedExField,0,1,D.McNabb,5,NA,NA,B.Westbrook,36,1,0,1,0,1,00-0011022,NA,00-0021216,D.McNabb,5,00-0011022,B.Westbrook,00-0021216,B.Westbrook,00-0021216,0,1,1.187751431018114,NA,NA,NA,NA,NA,NA,NA
613,2005_09_PHI_WAS,2005110612,WAS,PHI,REG,9,PHI,away,WAS,PHI,56,2005-11-06,193,1093,2893,Half1,0,4,0,1,1,0,03:13,PHI 44,10,70,(3:13) 5-D.McNabb pass incomplete to 36-B.Westbrook.,pass,0,0,0,1,0,0,0,NA,NA,NA,NA,NA,NA,NA,NA,NA,NA,3,3,0,NA,NA,NA,NA,3,3,0,0,0,0,0,0,0,0,0.03802616894245148,0.12514406442642212,0.0020641046576201916,0.2110118716955185,0.24432455003261566,0.004146254155784845,0.37528300285339355,0,0,1.5116036739200354,-0.43166364589706063,-1.896706038620323,1.896706038620323,1.30117900040932,-1.30117900040932,-2.674824795452878,2.674824795452878,NA,NA,NA,NA,NA,NA,NA,NA,NA,NA,NA,NA,0.5357128381729126,0.4642871618270874,0.4642871618270874,0.5357128381729126,-0.01562821865081787,-0.013567149639129639,0.013567149639129639,0.4799153804779053,0.5200846195220947,0.529240608215332,0.47075939178466797,0.02624833583831787,-0.02624833583831787,-0.12787172198295593,0.12787172198295593,NA,NA,NA,NA,NA,NA,NA,NA,NA,NA,NA,NA,0,0,0,0,0,0,0,0,1,0,0,0,0,0,0,0,0,0,0,0,0,0,0,0,0,0,0,0,0,0,0,0,0,1,0,0,0,0,0,0,0,0,0,0,0,0,0,0,0,0,0,00-0011022,D.McNabb,NA,NA,NA,NA,NA,NA,NA,NA,NA,NA,NA,NA,NA,NA,NA,NA,NA,NA,NA,NA,NA,NA,NA,NA,NA,NA,NA,NA,NA,NA,NA,NA,NA,NA,NA,NA,NA,NA,NA,NA,NA,NA,NA,NA,NA,NA,NA,NA,NA,NA,NA,NA,NA,NA,NA,NA,NA,NA,NA,NA,NA,NA,NA,NA,NA,NA,NA,0,NA,NA,NA,NA,NA,NA,NA,NA,NA,NA,NA,NA,NA,NA,NA,NA,NA,NA,NA,NA,NA,NA,NA,NA,NA,NA,NA,NA,NA,NA,NA,0,NA,NA,NA,NA,0,NA,NA,0,0,0,0,NA,NA,2005,NA,NA,10,1,Touchdown,613,"11/6/05, 20:37:32",2005-11-07T01:58:58Z,Commanders Field,"Clear Temp: 68° F, Humidity: 54%, Wind: South 15 mph",10012005-1106-1290-9e6c-abd41ad537a6,0,0,PASS,0,NA,NA,NA,4,Touchdown,2005-11-07T01:55:20Z,5,3:10,3,0,1,1,1,0,PUNT,TOUCHDOWN,06:05,02:55,PHI 30,PHI 44,494,649,10,17,Home,7,27,0,41,1,outdoors,grass,68,15,Joe Gibbs,Andy Reid,WAS00,FedExField,0,0,D.McNabb,5,NA,NA,B.Westbrook,36,1,0,0,0,1,00-0011022,NA,00-0021216,D.McNabb,5,00-0011022,NA,NA,B.Westbrook,00-0021216,0,1,-0.43166364589706063,NA,NA,NA,NA,NA,NA,NA
632,2005_09_PHI_WAS,2005110612,WAS,PHI,REG,9,PHI,away,WAS,PHI,56,2005-11-06,185,1085,2885,Half1,0,4,1,1,2,0,03:05,PHI 44,10,70,"(3:05) 5-D.McNabb pass to 86-R.Brown for 56 yards, TOUCHDOWN.",pass,56,0,0,1,0,0,0,NA,NA,NA,NA,NA,NA,NA,NA,NA,NA,3,3,0,NA,PHI,R.Brown,00-0023470,3,3,0,6,0,0,0,6,0,6,0.03967371955513954,0.1391725093126297,0.0022783393505960703,0.23425431549549103,0.23211070895195007,0.004422128200531006,0.3480882942676544,0,0,1.0799400280229747,5.920059971977025,-7.816766010597348,7.816766010597348,1.30117900040932,-1.30117900040932,-8.594884767429903,8.594884767429903,NA,NA,NA,NA,NA,NA,NA,NA,NA,NA,NA,NA,0.5200846195220947,0.4799153804779053,0.4799153804779053,0.5200846195220947,0.15378864395103453,0.1846419778702587,-0.1846419778702587,0.32612673652687074,0.6738732634731293,0.5156734585762024,0.4843265414237976,0.02624833583831787,-0.02624833583831787,-0.28166036593399046,0.28166036593399046,NA,NA,NA,NA,NA,NA,NA,NA,NA,NA,NA,NA,0,0,1,0,0,0,0,0,0,0,0,0,0,0,0,0,0,0,0,0,0,0,0,0,0,0,0,0,0,0,0,0,0,1,0,1,1,0,0,0,0,0,0,0,0,1,0,0,0,0,0,00-0011022,D.McNabb,56,00-0023470,R.Brown,56,NA,NA,NA,NA,NA,NA,NA,NA,NA,NA,NA,NA,NA,NA,NA,NA,NA,NA,NA,NA,NA,NA,NA,NA,NA,NA,NA,NA,NA,NA,NA,NA,NA,NA,NA,NA,NA,NA,NA,NA,NA,NA,NA,NA,NA,NA,NA,NA,NA,NA,NA,NA,NA,NA,NA,NA,NA,NA,NA,NA,NA,NA,NA,0,NA,NA,NA,NA,NA,NA,NA,NA,NA,NA,NA,NA,NA,NA,NA,NA,NA,NA,NA,NA,NA,NA,NA,NA,NA,NA,NA,NA,NA,NA,NA,0,NA,NA,NA,NA,0,NA,NA,0,0,0,0,NA,NA,2005,NA,NA,10,1,Touchdown,632,"11/6/05, 20:37:32",2005-11-07T01:59:56Z,Commanders Field,"Clear Temp: 68° F, Humidity: 54%, Wind: South 15 mph",10012005-1106-1290-9e6c-abd41ad537a6,0,0,PASS,0,NA,NA,NA,4,Touchdown,2005-11-07T01:55:20Z,5,3:10,3,0,1,1,1,0,PUNT,TOUCHDOWN,06:05,02:55,PHI 30,PHI 44,494,649,10,17,Home,7,27,0,41,1,outdoors,grass,68,15,Joe Gibbs,Andy Reid,WAS00,FedExField,0,1,D.McNabb,5,NA,NA,R.Brown,86,1,0,1,0,1,00-0011022,NA,00-0023470,D.McNabb,5,00-0011022,R.Brown,00-0023470,R.Brown,00-0023470,0,1,5.920059971977025,NA,NA,NA,NA,NA,NA,NA
649,2005_09_PHI_WAS,2005110612,WAS,PHI,REG,9,PHI,away,WAS,WAS,2,2005-11-06,175,1075,2875,Half1,0,4,1,1,NA,0,02:55,WAS 2,0,70,"2-D.Akers extra point is GOOD, Center-88-M.Bartrum, Holder-10-K.Detmer.",extra_point,0,0,0,0,0,0,0,NA,NA,NA,NA,NA,NA,NA,20,good,NA,3,3,0,NA,NA,NA,NA,3,3,0,7,6,0,6,7,0,7,0,0,0,0,0,0,0,0.9862267078059223,0,0.9862267078059223,0.013773292194077746,-7.830539302791426,7.830539302791426,1.30117900040932,-1.30117900040932,-8.594884767429903,8.594884767429903,NA,NA,NA,NA,NA,NA,NA,NA,NA,NA,NA,NA,0.6738732634731293,0.32612673652687074,0.32612673652687074,0.6738732634731293,0.006453347330474868,0.00259343711158333,-0.00259343711158333,0.3196733891963959,0.6803266108036041,0.7003154364464611,0.2996845635535389,0.02624833583831787,-0.02624833583831787,-0.28166036593399046,0.28166036593399046,NA,NA,NA,NA,NA,NA,NA,NA,NA,NA,NA,NA,0,0,0,0,0,0,0,0,0,0,0,0,0,0,0,0,0,0,0,0,0,0,0,0,0,0,0,0,0,0,0,0,0,0,0,0,0,0,0,1,0,0,0,0,0,0,0,0,0,0,0,NA,NA,NA,NA,NA,NA,NA,NA,NA,NA,NA,NA,NA,NA,NA,NA,NA,NA,NA,NA,NA,NA,NA,NA,NA,NA,NA,NA,NA,NA,NA,D.Akers,00-0000108,NA,NA,NA,NA,NA,NA,NA,NA,NA,NA,NA,NA,NA,NA,NA,NA,NA,NA,NA,NA,NA,NA,NA,NA,NA,NA,NA,NA,NA,NA,NA,NA,NA,NA,NA,NA,0,NA,NA,NA,NA,NA,NA,NA,NA,NA,NA,NA,NA,NA,NA,NA,NA,NA,NA,NA,NA,NA,NA,NA,NA,NA,NA,NA,NA,NA,NA,NA,0,NA,NA,NA,NA,0,NA,NA,0,0,0,0,NA,NA,2005,NA,NA,10,1,Touchdown,649,"11/6/05, 20:37:32",2005-11-07T02:00:49Z,Commanders Field,"Clear Temp: 68° F, Humidity: 54%, Wind: South 15 mph",10012005-1106-1290-9e6c-abd41ad537a6,0,0,XP_KICK,1,NA,NA,NA,4,Touchdown,2005-11-07T01:55:20Z,5,3:10,3,0,1,1,1,0,PUNT,TOUCHDOWN,06:05,02:55,PHI 30,PHI 44,494,649,10,17,Home,7,27,0,41,1,outdoors,grass,68,15,Joe Gibbs,Andy Reid,WAS00,FedExField,0,1,NA,NA,NA,NA,NA,NA,0,0,0,1,0,NA,NA,NA,NA,NA,NA,NA,NA,NA,NA,0,1,0.013773292194077746,NA,NA,NA,NA,NA,NA,NA
665,2005_09_PHI_WAS,2005110612,WAS,PHI,REG,9,WAS,home,PHI,PHI,30,2005-11-06,175,1075,2875,Half1,0,5,0,1,NA,0,02:55,PHI 30,0,59,6-J.Cortez kicks 62 yards from PHI 30 to WAS 8. 46-L.Betts to WAS 35 for 27 yards (50-Z.Moreno; 37-S.Considine).,kickoff,0,0,0,0,0,0,0,NA,NA,NA,NA,NA,NA,NA,62,NA,NA,3,3,0,NA,NA,NA,NA,3,3,0,7,0,7,-7,0,7,-7,0.042518191039562225,0.16533955931663513,0.0034255776554346085,0.24766729772090912,0.1991312950849533,0.0029023895040154457,0.3390156626701355,0,0,0.7397673856467009,0.9779850519262254,-6.8525542508652,6.8525542508652,1.30117900040932,-1.30117900040932,-8.594884767429903,8.594884767429903,NA,NA,NA,NA,NA,NA,NA,NA,NA,NA,NA,NA,0.3196733891963959,0.6803266108036041,0.3196733891963959,0.6803266108036041,0.024302661418914795,0.023991882801055908,0.023991882801055908,0.34397605061531067,0.6560239493846893,0.29709112644195557,0.29709112644195557,0.02624833583831787,-0.02624833583831787,-0.28166036593399046,0.28166036593399046,NA,NA,NA,NA,NA,NA,NA,NA,NA,NA,NA,NA,0,0,0,0,0,0,0,0,0,0,0,0,0,0,0,0,0,0,0,0,0,0,0,0,0,0,0,0,0,0,0,0,0,0,0,0,0,0,0,0,0,0,1,0,0,0,1,0,0,0,0,NA,NA,NA,NA,NA,NA,NA,NA,NA,NA,NA,NA,NA,NA,NA,NA,NA,NA,NA,NA,NA,NA,NA,NA,NA,L.Betts,00-0021184,NA,NA,NA,NA,J.Cortez,00-0003501,NA,NA,NA,NA,NA,NA,NA,NA,NA,NA,NA,NA,NA,NA,NA,NA,NA,NA,NA,NA,NA,NA,NA,NA,00-0020400,Z.Moreno,PHI,00-0023537,S.Considine,PHI,NA,NA,NA,NA,NA,NA,0,NA,NA,NA,NA,NA,NA,NA,NA,NA,NA,NA,NA,NA,NA,NA,NA,NA,NA,NA,NA,NA,NA,NA,NA,NA,NA,NA,NA,NA,NA,WAS,27,NA,NA,NA,NA,0,NA,NA,0,0,0,0,NA,NA,2005,NA,NA,11,1,First down,665,"11/6/05, 20:37:32",2005-11-07T02:03:17Z,Commanders Field,"Clear Temp: 68° F, Humidity: 54%, Wind: South 15 mph",10012005-1106-1290-9e6c-abd41ad537a6,0,0,KICK_OFF,1,NA,NA,NA,5,Field goal,2005-11-07T02:03:17Z,10,5:18,3,1,1,1,2,-10,KICKOFF,FIELD_GOAL,02:55,12:37,WAS 35,PHI 6,665,922,10,17,Home,7,27,0,41,1,outdoors,grass,68,15,Joe Gibbs,Andy Reid,WAS00,FedExField,0,1,NA,NA,NA,NA,NA,NA,0,0,0,1,0,NA,NA,NA,NA,NA,NA,NA,NA,NA,NA,0,1,0.9779850519262254,NA,NA,NA,NA,NA,NA,NA
687,2005_09_PHI_WAS,2005110612,WAS,PHI,REG,9,WAS,home,PHI,WAS,65,2005-11-06,169,1069,2869,Half1,0,5,0,1,1,0,02:49,WAS 35,10,59,"(2:49) 26-C.Portis right end to WAS 37 for 2 yards (54-J.Trotter, 55-D.Jones).",run,2,0,0,0,0,0,0,NA,NA,NA,NA,right,end,NA,NA,NA,NA,3,3,0,NA,NA,NA,NA,3,3,0,7,0,7,-7,0,7,-7,0.04051100090146065,0.12533974647521973,0.001958754612132907,0.19755679368972778,0.23555466532707214,0.003926130477339029,0.3951529264450073,0,0,1.7177524375729263,-0.2654877225868404,-7.118041973452041,7.118041973452041,1.0356912778224796,-1.0356912778224796,-8.594884767429903,8.594884767429903,NA,NA,NA,NA,NA,NA,NA,NA,NA,NA,NA,NA,0.34397605061531067,0.6560239493846893,0.34397605061531067,0.6560239493846893,-0.011835247278213501,-0.00564122200012207,-0.00564122200012207,0.33214080333709717,0.6678591966629028,0.3210830092430115,0.3210830092430115,0.01441308856010437,-0.01441308856010437,-0.28166036593399046,0.28166036593399046,NA,NA,NA,NA,NA,NA,NA,NA,NA,NA,NA,NA,0,0,0,0,0,0,0,0,0,0,0,0,0,0,0,0,0,0,0,0,0,0,0,0,0,0,0,0,0,0,0,0,1,0,0,0,0,0,0,0,0,0,0,0,0,0,1,0,0,0,0,NA,NA,NA,NA,NA,NA,00-0021179,C.Portis,2,NA,NA,NA,NA,NA,NA,NA,NA,NA,NA,NA,NA,NA,NA,NA,NA,NA,NA,NA,NA,NA,NA,NA,NA,NA,NA,NA,NA,NA,NA,NA,NA,NA,NA,NA,NA,NA,NA,NA,NA,NA,NA,NA,NA,NA,NA,NA,NA,00-0019635,D.Jones,PHI,NA,NA,NA,NA,NA,NA,NA,NA,NA,1,00-0016624,J.Trotter,PHI,NA,NA,NA,NA,NA,NA,NA,NA,NA,NA,NA,NA,NA,NA,NA,NA,NA,NA,NA,NA,NA,NA,NA,NA,NA,NA,NA,NA,0,NA,NA,NA,NA,0,NA,NA,0,0,0,0,NA,NA,2005,NA,NA,11,1,First down,687,"11/6/05, 20:37:32",2005-11-07T02:05:45Z,Commanders Field,"Clear Temp: 68° F, Humidity: 54%, Wind: South 15 mph",10012005-1106-1290-9e6c-abd41ad537a6,0,0,RUSH,0,NA,NA,NA,5,Field goal,2005-11-07T02:03:17Z,10,5:18,3,1,1,1,2,-10,KICKOFF,FIELD_GOAL,02:55,12:37,WAS 35,PHI 6,665,922,10,17,Home,7,27,0,41,1,outdoors,grass,68,15,Joe Gibbs,Andy Reid,WAS00,FedExField,0,0,NA,NA,C.Portis,26,NA,NA,0,1,0,0,1,NA,00-0021179,NA,C.Portis,26,00-0021179,C.Portis,00-0021179,C.Portis,00-0021179,0,1,-0.2654877225868404,NA,NA,NA,NA,NA,NA,NA
708,2005_09_PHI_WAS,2005110612,WAS,PHI,REG,9,WAS,home,PHI,WAS,63,2005-11-06,135,1035,2835,Half1,0,5,0,1,2,0,02:15,WAS 37,8,59,(2:15) (Shotgun) 8-M.Brunell pass to 89-S.Moss to PHI 43 for 20 yards (20-B.Dawkins).,pass,20,1,0,1,0,0,0,NA,NA,NA,NA,NA,NA,NA,NA,NA,NA,3,3,0,NA,NA,NA,NA,3,3,0,7,0,7,-7,0,7,-7,0.047834672033786774,0.12834328413009644,0.0019204257987439632,0.21239107847213745,0.22975948452949524,0.003932538907974958,0.37581849098205566,0,0,1.452264714986086,1.567014288622886,-5.551027684829155,5.551027684829155,1.0356912778224796,-1.0356912778224796,-7.027870478807017,7.027870478807017,NA,NA,NA,NA,NA,NA,NA,NA,NA,NA,NA,NA,0.33214080333709717,0.6678591966629028,0.33214080333709717,0.6678591966629028,0.029380083084106445,0.0382826030254364,0.0382826030254364,0.3615208864212036,0.6384791135787964,0.3154417872428894,0.3154417872428894,0.01441308856010437,-0.01441308856010437,-0.252280282849884,0.252280282849884,NA,NA,NA,NA,NA,NA,NA,NA,NA,NA,NA,NA,0,0,1,0,0,0,0,0,0,0,0,0,0,0,0,0,0,0,0,0,0,0,0,0,1,0,0,0,0,0,0,0,0,1,0,0,0,0,0,0,0,0,0,0,0,1,0,0,0,0,0,00-0002110,M.Brunell,20,00-0020494,S.Moss,20,NA,NA,NA,NA,NA,NA,NA,NA,NA,NA,NA,NA,NA,NA,NA,NA,NA,NA,NA,NA,NA,NA,NA,NA,NA,NA,NA,NA,NA,NA,NA,NA,NA,NA,NA,NA,NA,NA,NA,NA,NA,NA,NA,NA,NA,PHI,NA,00-0004073,NA,B.Dawkins,NA,NA,NA,NA,NA,NA,NA,NA,NA,NA,NA,NA,NA,0,NA,NA,NA,NA,NA,NA,NA,NA,NA,NA,NA,NA,NA,NA,NA,NA,NA,NA,NA,NA,NA,NA,NA,NA,NA,NA,NA,NA,NA,NA,NA,0,NA,NA,NA,NA,0,NA,NA,0,0,0,0,NA,NA,2005,NA,NA,11,1,First down,708,"11/6/05, 20:37:32",2005-11-07T02:06:20Z,Commanders Field,"Clear Temp: 68° F, Humidity: 54%, Wind: South 15 mph",10012005-1106-1290-9e6c-abd41ad537a6,0,0,PASS,0,NA,NA,NA,5,Field goal,2005-11-07T02:03:17Z,10,5:18,3,1,1,1,2,-10,KICKOFF,FIELD_GOAL,02:55,12:37,WAS 35,PHI 6,665,922,10,17,Home,7,27,0,41,1,outdoors,grass,68,15,Joe Gibbs,Andy Reid,WAS00,FedExField,0,1,M.Brunell,8,NA,NA,S.Moss,89,1,0,1,0,1,00-0002110,NA,00-0020494,M.Brunell,8,00-0002110,S.Moss,00-0020494,S.Moss,00-0020494,0,1,1.567014288622886,NA,NA,NA,NA,NA,NA,NA
729,2005_09_PHI_WAS,2005110612,WAS,PHI,REG,9,WAS,home,PHI,PHI,43,2005-11-06,100,1000,2800,Half1,0,5,0,1,1,0,01:40,PHI 43,10,59,(1:40) 8-M.Brunell pass to 47-C.Cooley to PHI 25 for 18 yards (32-M.Lewis).,pass,18,0,0,1,0,0,0,NA,NA,NA,NA,NA,NA,NA,NA,NA,NA,3,3,0,NA,NA,NA,NA,3,3,0,7,0,7,-7,0,7,-7,0.040851891040802,0.07772286236286163,0.001319083385169506,0.12363111972808838,0.28888291120529175,0.0038580105174332857,0.46373412013053894,0,0,3.019279003608972,1.140592776122503,-4.410434908706652,4.410434908706652,1.0356912778224796,-1.0356912778224796,-5.887277702684514,5.887277702684514,NA,NA,NA,NA,NA,NA,NA,NA,NA,NA,NA,NA,0.3615208864212036,0.6384791135787964,0.3615208864212036,0.6384791135787964,0.043767690658569336,0.07518509030342102,0.07518509030342102,0.40528857707977295,0.594711422920227,0.3537243902683258,0.3537243902683258,0.01441308856010437,-0.01441308856010437,-0.20851259219131468,0.20851259219131468,NA,NA,NA,NA,NA,NA,NA,NA,NA,NA,NA,NA,0,0,1,0,0,0,0,0,0,0,0,0,0,0,0,0,0,0,0,0,0,0,0,0,1,0,0,0,0,0,0,0,0,1,0,0,0,0,0,0,0,0,0,0,0,1,0,0,0,0,0,00-0002110,M.Brunell,18,00-0022738,C.Cooley,18,NA,NA,NA,NA,NA,NA,NA,NA,NA,NA,NA,NA,NA,NA,NA,NA,NA,NA,NA,NA,NA,NA,NA,NA,NA,NA,NA,NA,NA,NA,NA,NA,NA,NA,NA,NA,NA,NA,NA,NA,NA,NA,NA,NA,NA,PHI,NA,00-0021185,NA,M.Lewis,NA,NA,NA,NA,NA,NA,NA,NA,NA,NA,NA,NA,NA,0,NA,NA,NA,NA,NA,NA,NA,NA,NA,NA,NA,NA,NA,NA,NA,NA,NA,NA,NA,NA,NA,NA,NA,NA,NA,NA,NA,NA,NA,NA,NA,0,NA,NA,NA,NA,0,NA,NA,0,0,0,0,NA,NA,2005,NA,NA,12,1,First down,729,"11/6/05, 20:37:32",2005-11-07T02:06:55Z,Commanders Field,"Clear Temp: 68° F, Humidity: 54%, Wind: South 15 mph",10012005-1106-1290-9e6c-abd41ad537a6,0,0,PASS,0,NA,NA,NA,5,Field goal,2005-11-07T02:03:17Z,10,5:18,3,1,1,1,2,-10,KICKOFF,FIELD_GOAL,02:55,12:37,WAS 35,PHI 6,665,922,10,17,Home,7,27,0,41,1,outdoors,grass,68,15,Joe Gibbs,Andy Reid,WAS00,FedExField,0,1,M.Brunell,8,NA,NA,C.Cooley,47,1,0,1,0,1,00-0002110,NA,00-0022738,M.Brunell,8,00-0002110,C.Cooley,00-0022738,C.Cooley,00-0022738,0,1,1.140592776122503,NA,NA,NA,NA,NA,NA,NA
750,2005_09_PHI_WAS,2005110612,WAS,PHI,REG,9,WAS,home,PHI,PHI,25,2005-11-06,64,964,2764,Half1,0,5,0,1,1,0,01:04,PHI 25,10,59,(1:04) 26-C.Portis left guard to PHI 22 for 3 yards (94-N.Kalu).,run,3,0,0,0,0,0,0,NA,NA,NA,NA,left,guard,NA,NA,NA,NA,3,3,0,NA,NA,NA,NA,3,3,0,7,0,7,-7,0,7,-7,0.016909698024392128,0.034769412130117416,7.06154911313206e-4,0.06251902133226395,0.3717023730278015,0.0011269955430179834,0.5122663378715515,0,0,4.159871779731475,-0.05835804436355829,-4.46879295307021,4.46879295307021,0.9773332334589213,-0.9773332334589213,-5.887277702684514,5.887277702684514,NA,NA,NA,NA,NA,NA,NA,NA,NA,NA,NA,NA,0.40528857707977295,0.594711422920227,0.40528857707977295,0.594711422920227,-0.004659086465835571,-0.0043153464794158936,-0.0043153464794158936,0.4006294906139374,0.5993705093860626,0.4289094805717468,0.4289094805717468,0.009754002094268799,-0.009754002094268799,-0.20851259219131468,0.20851259219131468,NA,NA,NA,NA,NA,NA,NA,NA,NA,NA,NA,NA,0,0,0,0,0,0,0,0,0,0,0,0,0,0,0,0,0,0,0,0,0,0,0,0,1,0,0,0,0,0,0,0,1,0,0,0,0,0,0,0,0,0,0,0,0,0,0,0,0,0,0,NA,NA,NA,NA,NA,NA,00-0021179,C.Portis,3,NA,NA,NA,NA,NA,NA,NA,NA,NA,NA,NA,NA,NA,NA,NA,NA,NA,NA,NA,NA,NA,NA,NA,NA,NA,NA,NA,NA,NA,NA,NA,NA,NA,NA,NA,NA,NA,NA,NA,NA,NA,NA,PHI,NA,00-0009001,NA,N.Kalu,NA,NA,NA,NA,NA,NA,NA,NA,NA,NA,NA,NA,NA,0,NA,NA,NA,NA,NA,NA,NA,NA,NA,NA,NA,NA,NA,NA,NA,NA,NA,NA,NA,NA,NA,NA,NA,NA,NA,NA,NA,NA,NA,NA,NA,0,NA,NA,NA,NA,0,NA,NA,0,0,0,0,NA,NA,2005,NA,NA,13,1,First down,750,"11/6/05, 20:37:32",2005-11-07T02:07:31Z,Commanders Field,"Clear Temp: 68° F, Humidity: 54%, Wind: South 15 mph",10012005-1106-1290-9e6c-abd41ad537a6,0,0,RUSH,0,NA,NA,NA,5,Field goal,2005-11-07T02:03:17Z,10,5:18,3,1,1,1,2,-10,KICKOFF,FIELD_GOAL,02:55,12:37,WAS 35,PHI 6,665,922,10,17,Home,7,27,0,41,1,outdoors,grass,68,15,Joe Gibbs,Andy Reid,WAS00,FedExField,0,0,NA,NA,C.Portis,26,NA,NA,0,1,0,0,1,NA,00-0021179,NA,C.Portis,26,00-0021179,C.Portis,00-0021179,C.Portis,00-0021179,0,1,-0.05835804436355829,NA,NA,NA,NA,NA,NA,NA
771,2005_09_PHI_WAS,2005110612,WAS,PHI,REG,9,WAS,home,PHI,PHI,22,2005-11-06,28,928,2728,Half1,0,5,0,1,2,0,00:28,PHI 22,7,59,"(:28) (Shotgun) 8-M.Brunell pass to 47-C.Cooley to PHI 8 for 14 yards (29-R.Hood). PENALTY on WAS-66-D.Dockery, Offensive Holding, 10 yards, enforced at PHI 22 - No Play.",no_play,0,1,0,0,0,0,0,NA,NA,NA,NA,NA,NA,NA,NA,NA,NA,3,3,0,NA,NA,NA,NA,3,3,0,7,0,7,-7,0,7,-7,0.016576867550611496,0.032448239624500275,5.941549898125231e-4,0.05079583078622818,0.43392214179039,0.0011576011311262846,0.464505136013031,0,0,4.1015137353679165,-1.2931771288858727,-5.761970081956083,5.761970081956083,0.9773332334589213,-0.9773332334589213,-5.887277702684514,5.887277702684514,NA,NA,NA,NA,NA,NA,NA,NA,NA,NA,NA,NA,0.4006294906139374,0.5993705093860626,0.4006294906139374,0.5993705093860626,-0.04819902777671814,-0.05606114864349365,-0.05606114864349365,0.35243046283721924,0.6475695371627808,0.42459413409233093,0.42459413409233093,0.009754002094268799,-0.009754002094268799,-0.20851259219131468,0.20851259219131468,NA,NA,NA,NA,NA,NA,NA,NA,NA,NA,NA,NA,0,0,0,0,0,0,0,0,0,0,0,0,0,0,0,0,0,0,0,0,0,0,0,0,0,0,1,0,0,0,0,0,0,0,0,0,0,0,0,0,0,0,0,0,0,0,0,0,0,0,0,NA,NA,NA,NA,NA,NA,NA,NA,NA,NA,NA,NA,NA,NA,NA,NA,NA,NA,NA,NA,NA,NA,NA,NA,NA,NA,NA,NA,NA,NA,NA,NA,NA,NA,NA,NA,NA,NA,NA,NA,NA,NA,NA,NA,NA,NA,NA,NA,NA,NA,NA,NA,NA,NA,NA,NA,NA,NA,NA,NA,NA,NA,NA,NA,NA,NA,NA,NA,NA,0,NA,NA,NA,NA,NA,NA,NA,NA,NA,NA,NA,NA,NA,NA,NA,NA,NA,NA,NA,NA,NA,NA,NA,NA,NA,NA,NA,NA,NA,NA,NA,0,WAS,00-0022132,D.Dockery,10,0,NA,Offensive Holding,0,0,0,0,NA,NA,2005,NA,NA,13,1,First down,771,"11/6/05, 20:37:32",2005-11-07T02:08:07Z,Commanders Field,"Clear Temp: 68° F, Humidity: 54%, Wind: South 15 mph",10012005-1106-1290-9e6c-abd41ad537a6,0,0,PENALTY,0,NA,NA,NA,5,Field goal,2005-11-07T02:03:17Z,10,5:18,3,1,1,1,2,-10,KICKOFF,FIELD_GOAL,02:55,12:37,WAS 35,PHI 6,665,922,10,17,Home,7,27,0,41,1,outdoors,grass,68,15,Joe Gibbs,Andy Reid,WAS00,FedExField,0,0,M.Brunell,8,NA,NA,C.Cooley,47,1,0,0,0,1,00-0002110,NA,00-0022738,M.Brunell,8,00-0002110,NA,NA,C.Cooley,00-0022738,0,1,-1.2931771288858727,NA,NA,NA,NA,NA,NA,NA
803,2005_09_PHI_WAS,2005110612,WAS,PHI,REG,9,WAS,home,PHI,PHI,32,2005-11-06,6,906,2706,Half1,0,5,0,1,2,0,00:06,PHI 32,17,59,(:06) (Shotgun) 8-M.Brunell pass incomplete to 83-J.Thrash.,pass,0,1,0,1,0,0,0,NA,NA,NA,NA,NA,NA,NA,NA,NA,NA,3,3,0,NA,NA,NA,NA,3,3,0,7,0,7,-7,0,7,-7,0.030134273692965508,0.06021615117788315,0.0010949695715680718,0.09612327069044113,0.5031698942184448,0.0020604038145393133,0.3072010576725006,0,0,2.808336606482044,-0.6760134665528312,-6.437983548508914,6.437983548508914,0.9773332334589213,-0.9773332334589213,-6.5632911692373455,6.5632911692373455,NA,NA,NA,NA,NA,NA,NA,NA,NA,NA,NA,NA,0.35243046283721924,0.6475695371627808,0.35243046283721924,0.6475695371627808,-0.025058060884475708,-0.027249932289123535,-0.027249932289123535,0.32737240195274353,0.6726275980472565,0.3685329854488373,0.3685329854488373,0.009754002094268799,-0.009754002094268799,-0.2335706530757904,0.2335706530757904,NA,NA,NA,NA,NA,NA,NA,NA,NA,NA,NA,NA,0,0,0,0,0,0,0,0,1,0,0,0,0,0,0,0,0,0,0,0,0,0,0,0,0,0,0,0,0,0,0,0,0,1,0,0,0,0,0,0,0,0,0,0,0,0,0,0,0,0,0,00-0002110,M.Brunell,NA,NA,NA,NA,NA,NA,NA,NA,NA,NA,NA,NA,NA,NA,NA,NA,NA,NA,NA,NA,NA,NA,NA,NA,NA,NA,NA,NA,NA,NA,NA,NA,NA,NA,NA,NA,NA,NA,NA,NA,NA,NA,NA,NA,NA,NA,NA,NA,NA,NA,NA,NA,NA,NA,NA,NA,NA,NA,NA,NA,NA,NA,NA,NA,NA,NA,NA,0,NA,NA,NA,NA,NA,NA,NA,NA,NA,NA,NA,NA,NA,NA,NA,NA,NA,NA,NA,NA,NA,NA,NA,NA,NA,NA,NA,NA,NA,NA,NA,0,NA,NA,NA,NA,0,NA,NA,0,0,0,0,NA,NA,2005,NA,NA,13,1,First down,803,"11/6/05, 20:37:32",2005-11-07T02:08:59Z,Commanders Field,"Clear Temp: 68° F, Humidity: 54%, Wind: South 15 mph",10012005-1106-1290-9e6c-abd41ad537a6,0,0,PASS,0,NA,NA,NA,5,Field goal,2005-11-07T02:03:17Z,10,5:18,3,1,1,1,2,-10,KICKOFF,FIELD_GOAL,02:55,12:37,WAS 35,PHI 6,665,922,10,17,Home,7,27,0,41,1,outdoors,grass,68,15,Joe Gibbs,Andy Reid,WAS00,FedExField,0,0,M.Brunell,8,NA,NA,J.Thrash,83,1,0,0,0,1,00-0002110,NA,00-0016440,M.Brunell,8,00-0002110,NA,NA,J.Thrash,00-0016440,0,1,-0.6760134665528312,NA,NA,NA,NA,NA,NA,NA
822,2005_09_PHI_WAS,2005110612,WAS,PHI,REG,9,WAS,home,PHI,NA,NA,2005-11-06,0,900,2700,Half1,1,5,0,1,NA,0,00:00,PHI 32,0,59,END QUARTER 1,NA,NA,0,0,NA,0,0,0,NA,NA,NA,NA,NA,NA,NA,NA,NA,NA,3,3,NA,NA,NA,NA,NA,3,3,0,7,0,7,-7,0,7,-7,0,0,0,0,0,0,0,0,0,2.1323231399292126,0,-6.437983548508914,6.437983548508914,0.9773332334589213,-0.9773332334589213,-6.5632911692373455,6.5632911692373455,NA,NA,NA,NA,NA,NA,NA,NA,NA,NA,NA,NA,0.32737240195274353,0.6726275980472565,0.32737240195274353,0.6726275980472565,0,0,0,0.32737240195274353,0.6726275980472565,0.34128305315971375,0.34128305315971375,0.009754002094268799,-0.009754002094268799,-0.2335706530757904,0.2335706530757904,NA,NA,NA,NA,NA,NA,NA,NA,NA,NA,NA,NA,NA,NA,NA,NA,NA,NA,NA,NA,NA,0,NA,NA,NA,NA,NA,NA,NA,NA,NA,NA,NA,NA,NA,NA,NA,NA,NA,NA,NA,NA,NA,NA,NA,NA,NA,NA,NA,NA,NA,NA,NA,NA,NA,NA,NA,NA,NA,NA,NA,NA,NA,NA,NA,NA,NA,NA,NA,NA,NA,NA,NA,NA,NA,NA,NA,NA,NA,NA,NA,NA,NA,NA,NA,NA,NA,NA,NA,NA,NA,NA,NA,NA,NA,NA,NA,NA,NA,NA,NA,NA,NA,NA,NA,NA,NA,NA,NA,NA,NA,NA,NA,NA,NA,NA,NA,NA,NA,NA,NA,NA,NA,NA,NA,NA,NA,NA,NA,NA,NA,NA,NA,NA,NA,NA,NA,NA,NA,NA,NA,NA,NA,NA,NA,NA,NA,NA,NA,NA,NA,NA,NA,NA,NA,NA,NA,NA,NA,NA,NA,NA,NA,NA,NA,NA,NA,NA,NA,0,NA,NA,NA,NA,NA,NA,NA,NA,2005,NA,NA,13,1,First down,822,"11/6/05, 20:37:32",NA,Commanders Field,"Clear Temp: 68° F, Humidity: 54%, Wind: South 15 mph",10012005-1106-1290-9e6c-abd41ad537a6,0,0,END_QUARTER,0,NA,NA,NA,5,Field goal,2005-11-07T02:03:17Z,10,5:18,3,1,1,1,2,-10,KICKOFF,FIELD_GOAL,02:55,12:37,WAS 35,PHI 6,665,922,10,17,Home,7,27,0,41,1,outdoors,grass,68,15,Joe Gibbs,Andy Reid,WAS00,FedExField,0,0,NA,NA,NA,NA,NA,NA,0,0,NA,0,0,NA,NA,NA,NA,NA,NA,NA,NA,NA,NA,0,1,0,NA,NA,NA,NA,NA,NA,NA
838,2005_09_PHI_WAS,2005110612,WAS,PHI,REG,9,WAS,home,PHI,PHI,32,2005-11-06,900,900,2700,Half1,0,5,0,2,3,0,15:00,PHI 32,17,59,(15:00) (Shotgun) 8-M.Brunell pass to 89-S.Moss pushed ob at PHI 14 for 18 yards (54-J.Trotter).,pass,18,1,0,1,0,0,0,NA,NA,NA,NA,NA,NA,NA,NA,NA,NA,3,3,0,NA,NA,NA,NA,3,3,0,7,0,7,-7,0,7,-7,0.03269556909799576,0.07514381408691406,9.730194578878582e-4,0.12149974703788757,0.5416317582130432,0.002217829693108797,0.22583827376365662,0,0,2.1323231399292126,2.749718146165833,-3.6882654023430814,3.6882654023430814,0.9773332334589213,-0.9773332334589213,-3.8135730230715126,3.8135730230715126,NA,NA,NA,NA,NA,NA,NA,NA,NA,NA,NA,NA,0.32737240195274353,0.6726275980472565,0.32737240195274353,0.6726275980472565,0.09449401497840881,0.09865349531173706,0.09865349531173706,0.42186641693115234,0.5781335830688477,0.34128305315971375,0.34128305315971375,0.009754002094268799,-0.009754002094268799,-0.13907663809738158,0.13907663809738158,NA,NA,NA,NA,NA,NA,NA,NA,NA,NA,NA,NA,0,0,1,0,1,0,0,0,0,0,0,0,0,0,0,0,0,0,0,0,0,0,0,0,1,0,0,0,0,0,0,0,0,1,0,0,0,0,0,0,0,0,0,0,0,1,0,0,0,0,0,00-0002110,M.Brunell,18,00-0020494,S.Moss,18,NA,NA,NA,NA,NA,NA,NA,NA,NA,NA,NA,NA,NA,NA,NA,NA,NA,NA,NA,NA,NA,NA,NA,NA,NA,NA,NA,NA,NA,NA,NA,NA,NA,NA,NA,NA,NA,NA,NA,NA,NA,NA,NA,NA,NA,PHI,NA,00-0016624,NA,J.Trotter,NA,NA,NA,NA,NA,NA,NA,NA,NA,NA,NA,NA,NA,0,NA,NA,NA,NA,NA,NA,NA,NA,NA,NA,NA,NA,NA,NA,NA,NA,NA,NA,NA,NA,NA,NA,NA,NA,NA,NA,NA,NA,NA,NA,NA,0,NA,NA,NA,NA,0,NA,NA,0,0,0,0,NA,NA,2005,NA,NA,13,1,First down,838,"11/6/05, 20:37:32",2005-11-07T02:11:44Z,Commanders Field,"Clear Temp: 68° F, Humidity: 54%, Wind: South 15 mph",10012005-1106-1290-9e6c-abd41ad537a6,0,0,PASS,0,NA,NA,NA,5,Field goal,2005-11-07T02:03:17Z,10,5:18,3,1,1,1,2,-10,KICKOFF,FIELD_GOAL,02:55,12:37,WAS 35,PHI 6,665,922,10,17,Home,7,27,0,41,1,outdoors,grass,68,15,Joe Gibbs,Andy Reid,WAS00,FedExField,0,1,M.Brunell,8,NA,NA,S.Moss,89,1,0,1,0,1,00-0002110,NA,00-0020494,M.Brunell,8,00-0002110,S.Moss,00-0020494,S.Moss,00-0020494,1,1,2.749718146165833,NA,NA,NA,NA,NA,NA,NA
859,2005_09_PHI_WAS,2005110612,WAS,PHI,REG,9,WAS,home,PHI,PHI,14,2005-11-06,876,876,2676,Half1,0,5,0,2,1,0,14:36,PHI 14,10,59,(14:36) 26-C.Portis left guard to PHI 11 for 3 yards (57-K.Adams).,run,3,0,0,0,0,0,0,NA,NA,NA,NA,left,guard,NA,NA,NA,NA,3,3,0,NA,NA,NA,NA,3,3,0,7,0,7,-7,0,7,-7,0.012084714137017727,0.015515482053160667,4.976709024049342e-4,0.03536319360136986,0.3432377874851227,0.0011391963344067335,0.5921619534492493,0,0,4.8820412860950455,-0.24062738817883655,-3.928892790521918,3.928892790521918,0.7367058452800848,-0.7367058452800848,-3.8135730230715126,3.8135730230715126,NA,NA,NA,NA,NA,NA,NA,NA,NA,NA,NA,NA,0.42186641693115234,0.5781335830688477,0.42186641693115234,0.5781335830688477,-0.006459444761276245,1.334846019744873e-4,1.334846019744873e-4,0.4154069721698761,0.5845930278301239,0.4399365484714508,0.4399365484714508,0.0032945573329925537,-0.0032945573329925537,-0.13907663809738158,0.13907663809738158,NA,NA,NA,NA,NA,NA,NA,NA,NA,NA,NA,NA,0,0,0,0,0,0,0,0,0,0,0,0,0,0,0,0,0,0,0,0,0,0,0,0,1,0,0,0,0,0,0,0,1,0,0,0,0,0,0,0,0,0,0,0,0,0,0,0,0,0,0,NA,NA,NA,NA,NA,NA,00-0021179,C.Portis,3,NA,NA,NA,NA,NA,NA,NA,NA,NA,NA,NA,NA,NA,NA,NA,NA,NA,NA,NA,NA,NA,NA,NA,NA,NA,NA,NA,NA,NA,NA,NA,NA,NA,NA,NA,NA,NA,NA,NA,NA,NA,NA,PHI,NA,00-0020488,NA,K.Adams,NA,NA,NA,NA,NA,NA,NA,NA,NA,NA,NA,NA,NA,0,NA,NA,NA,NA,NA,NA,NA,NA,NA,NA,NA,NA,NA,NA,NA,NA,NA,NA,NA,NA,NA,NA,NA,NA,NA,NA,NA,NA,NA,NA,NA,0,NA,NA,NA,NA,0,NA,NA,0,0,0,0,NA,NA,2005,NA,NA,14,0,Field goal,859,"11/6/05, 20:37:32",2005-11-07T02:12:27Z,Commanders Field,"Clear Temp: 68° F, Humidity: 54%, Wind: South 15 mph",10012005-1106-1290-9e6c-abd41ad537a6,0,0,RUSH,0,NA,NA,NA,5,Field goal,2005-11-07T02:03:17Z,10,5:18,3,1,1,1,2,-10,KICKOFF,FIELD_GOAL,02:55,12:37,WAS 35,PHI 6,665,922,10,17,Home,7,27,0,41,1,outdoors,grass,68,15,Joe Gibbs,Andy Reid,WAS00,FedExField,0,0,NA,NA,C.Portis,26,NA,NA,0,1,0,0,1,NA,00-0021179,NA,C.Portis,26,00-0021179,C.Portis,00-0021179,C.Portis,00-0021179,0,1,-0.24062738817883655,NA,NA,NA,NA,NA,NA,NA
880,2005_09_PHI_WAS,2005110612,WAS,PHI,REG,9,WAS,home,PHI,PHI,11,2005-11-06,841,841,2641,Half1,0,5,0,2,2,0,14:01,PHI 11,7,59,(14:01) 26-C.Portis right end to PHI 8 for 3 yards (93-J.Kearse).,run,3,0,0,0,0,0,0,NA,NA,NA,NA,right,end,NA,NA,NA,NA,3,3,0,NA,NA,NA,NA,3,3,0,7,0,7,-7,0,7,-7,0.014438203535974026,0.01583903282880783,4.587571893353015e-4,0.031463537365198135,0.4120255708694458,0.0012816014932468534,0.5244933366775513,0,0,4.641413897916209,-0.3026961744762957,-4.231588964998213,4.231588964998213,0.43400967080378905,-0.43400967080378905,-3.8135730230715126,3.8135730230715126,NA,NA,NA,NA,NA,NA,NA,NA,NA,NA,NA,NA,0.4154069721698761,0.5845930278301239,0.4154069721698761,0.5845930278301239,0.0048761069774627686,-0.020081818103790283,-0.020081818103790283,0.42028307914733887,0.5797169208526611,0.4400700330734253,0.4400700330734253,0.008170664310455322,-0.008170664310455322,-0.13907663809738158,0.13907663809738158,NA,NA,NA,NA,NA,NA,NA,NA,NA,NA,NA,NA,0,0,0,0,0,0,0,0,0,0,0,0,0,0,0,0,0,0,0,0,0,0,0,0,1,0,0,0,0,0,0,0,1,0,0,0,0,0,0,0,0,0,0,0,0,0,0,0,0,0,0,NA,NA,NA,NA,NA,NA,00-0021179,C.Portis,3,NA,NA,NA,NA,NA,NA,NA,NA,NA,NA,NA,NA,NA,NA,NA,NA,NA,NA,NA,NA,NA,NA,NA,NA,NA,NA,NA,NA,NA,NA,NA,NA,NA,NA,NA,NA,NA,NA,NA,NA,NA,NA,PHI,NA,00-0009056,NA,J.Kearse,NA,NA,NA,NA,NA,NA,NA,NA,NA,NA,NA,NA,NA,0,NA,NA,NA,NA,NA,NA,NA,NA,NA,NA,NA,NA,NA,NA,NA,NA,NA,NA,NA,NA,NA,NA,NA,NA,NA,NA,NA,NA,NA,NA,NA,0,NA,NA,NA,NA,0,NA,NA,0,0,0,0,NA,NA,2005,NA,NA,14,0,Field goal,880,"11/6/05, 20:37:32",2005-11-07T02:13:02Z,Commanders Field,"Clear Temp: 68° F, Humidity: 54%, Wind: South 15 mph",10012005-1106-1290-9e6c-abd41ad537a6,0,0,RUSH,0,NA,NA,NA,5,Field goal,2005-11-07T02:03:17Z,10,5:18,3,1,1,1,2,-10,KICKOFF,FIELD_GOAL,02:55,12:37,WAS 35,PHI 6,665,922,10,17,Home,7,27,0,41,1,outdoors,grass,68,15,Joe Gibbs,Andy Reid,WAS00,FedExField,0,0,NA,NA,C.Portis,26,NA,NA,0,1,0,0,1,NA,00-0021179,NA,C.Portis,26,00-0021179,C.Portis,00-0021179,C.Portis,00-0021179,0,1,-0.3026961744762957,NA,NA,NA,NA,NA,NA,NA
901,2005_09_PHI_WAS,2005110612,WAS,PHI,REG,9,WAS,home,PHI,PHI,8,2005-11-06,803,803,2603,Half1,0,5,0,2,3,0,13:23,PHI 8,4,59,(13:23) 8-M.Brunell pass to 47-C.Cooley to PHI 6 for 2 yards (20-B.Dawkins; 32-M.Lewis).,pass,2,0,0,1,0,0,0,NA,NA,NA,NA,NA,NA,NA,NA,NA,NA,3,3,0,NA,NA,NA,NA,3,3,0,7,0,7,-7,0,7,-7,0.014617135748267174,0.01671256124973297,4.5686544035561383e-4,0.025972416624426842,0.5041633248329163,0.0014915444189682603,0.4365861415863037,0,0,4.338717723439913,-1.46139835446068,-5.692987319458894,5.692987319458894,0.43400967080378905,-0.43400967080378905,-5.274971377532193,5.274971377532193,NA,NA,NA,NA,NA,NA,NA,NA,NA,NA,NA,NA,0.42028307914733887,0.5797169208526611,0.42028307914733887,0.5797169208526611,-0.047719210386276245,-0.033116698265075684,-0.033116698265075684,0.3725638687610626,0.6274361312389374,0.419988214969635,0.419988214969635,0.008170664310455322,-0.008170664310455322,-0.18679584848365782,0.18679584848365782,NA,NA,NA,NA,NA,NA,NA,NA,NA,NA,NA,NA,0,0,0,0,0,1,0,0,0,0,0,0,0,0,0,0,0,0,0,0,0,0,0,0,0,0,0,0,0,0,0,0,0,1,0,0,0,0,0,0,0,0,0,0,0,1,1,0,0,0,0,00-0002110,M.Brunell,2,00-0022738,C.Cooley,2,NA,NA,NA,NA,NA,NA,NA,NA,NA,NA,NA,NA,NA,NA,NA,NA,NA,NA,NA,NA,NA,NA,NA,NA,NA,NA,NA,NA,NA,NA,NA,NA,NA,NA,NA,NA,NA,NA,NA,NA,NA,NA,NA,NA,NA,NA,NA,NA,NA,NA,NA,00-0004073,B.Dawkins,PHI,00-0021185,M.Lewis,PHI,NA,NA,NA,NA,NA,NA,0,NA,NA,NA,NA,NA,NA,NA,NA,NA,NA,NA,NA,NA,NA,NA,NA,NA,NA,NA,NA,NA,NA,NA,NA,NA,NA,NA,NA,NA,NA,NA,0,NA,NA,NA,NA,0,NA,NA,0,0,0,0,NA,NA,2005,NA,NA,14,0,Field goal,901,"11/6/05, 20:37:32",2005-11-07T02:13:40Z,Commanders Field,"Clear Temp: 68° F, Humidity: 54%, Wind: South 15 mph",10012005-1106-1290-9e6c-abd41ad537a6,0,0,PASS,0,NA,NA,NA,5,Field goal,2005-11-07T02:03:17Z,10,5:18,3,1,1,1,2,-10,KICKOFF,FIELD_GOAL,02:55,12:37,WAS 35,PHI 6,665,922,10,17,Home,7,27,0,41,1,outdoors,grass,68,15,Joe Gibbs,Andy Reid,WAS00,FedExField,0,0,M.Brunell,8,NA,NA,C.Cooley,47,1,0,0,0,1,00-0002110,NA,00-0022738,M.Brunell,8,00-0002110,C.Cooley,00-0022738,C.Cooley,00-0022738,0,1,-1.46139835446068,NA,NA,NA,NA,NA,NA,NA
922,2005_09_PHI_WAS,2005110612,WAS,PHI,REG,9,WAS,home,PHI,PHI,6,2005-11-06,760,760,2560,Half1,0,5,1,2,4,0,12:40,PHI 6,2,59,"(12:40) 10-J.Hall 24 yard field goal is GOOD, Center-71-E.Albright, Holder-4-D.Frost.",field_goal,0,0,0,0,0,0,0,NA,NA,NA,NA,NA,NA,made,24,NA,NA,3,3,0,NA,NA,NA,NA,3,3,3,7,0,7,-7,3,7,-4,0.00392483902418644,0.006772509335994079,9.794522071407023e-5,0.010670992468760424,0.969067297736039,1.8741340569519187e-4,0.009279002098637058,0,0,2.8773193689792333,0.12268063102076665,-5.5703066884381265,5.5703066884381265,0.43400967080378905,-0.43400967080378905,-5.274971377532193,5.274971377532193,NA,NA,NA,NA,NA,NA,NA,NA,NA,NA,NA,NA,0.3725638687610626,0.6274361312389374,0.3725638687610626,0.6274361312389374,-0.014477759599685669,-0.008925437927246094,-0.008925437927246094,0.35808610916137695,0.641913890838623,0.3868715167045593,0.3868715167045593,0.008170664310455322,-0.008170664310455322,-0.18679584848365782,0.18679584848365782,NA,NA,NA,NA,NA,NA,NA,NA,NA,NA,NA,NA,0,0,0,0,0,0,0,0,0,0,0,0,0,0,0,0,0,0,0,0,0,0,0,0,0,0,0,0,0,0,0,0,0,0,0,0,0,0,0,0,0,1,0,0,0,0,0,0,0,0,0,NA,NA,NA,NA,NA,NA,NA,NA,NA,NA,NA,NA,NA,NA,NA,NA,NA,NA,NA,NA,NA,NA,NA,NA,NA,NA,NA,NA,NA,NA,NA,J.Hall,00-0006662,NA,NA,NA,NA,NA,NA,NA,NA,NA,NA,NA,NA,NA,NA,NA,NA,NA,NA,NA,NA,NA,NA,NA,NA,NA,NA,NA,NA,NA,NA,NA,NA,NA,NA,NA,NA,0,NA,NA,NA,NA,NA,NA,NA,NA,NA,NA,NA,NA,NA,NA,NA,NA,NA,NA,NA,NA,NA,NA,NA,NA,NA,NA,NA,NA,NA,NA,NA,0,NA,NA,NA,NA,0,NA,NA,0,0,0,0,NA,NA,2005,NA,NA,14,0,Field goal,922,"11/6/05, 20:37:32",2005-11-07T02:14:23Z,Commanders Field,"Clear Temp: 68° F, Humidity: 54%, Wind: South 15 mph",10012005-1106-1290-9e6c-abd41ad537a6,0,0,FIELD_GOAL,0,NA,NA,NA,5,Field goal,2005-11-07T02:03:17Z,10,5:18,3,1,1,1,2,-10,KICKOFF,FIELD_GOAL,02:55,12:37,WAS 35,PHI 6,665,922,10,17,Home,7,27,0,41,1,outdoors,grass,68,15,Joe Gibbs,Andy Reid,WAS00,FedExField,0,1,NA,NA,NA,NA,NA,NA,0,0,0,1,0,NA,NA,NA,NA,NA,NA,NA,NA,NA,NA,0,1,0.12268063102076665,NA,NA,NA,NA,NA,NA,NA
941,2005_09_PHI_WAS,2005110612,WAS,PHI,REG,9,PHI,away,WAS,WAS,30,2005-11-06,757,757,2557,Half1,0,6,0,2,NA,0,12:37,WAS 30,0,20,"10-J.Hall kicks 63 yards from WAS 30 to PHI 7, out of bounds.",kickoff,0,0,0,0,0,0,0,NA,NA,NA,NA,NA,NA,NA,30,NA,NA,3,3,0,NA,NA,NA,NA,3,3,3,7,7,3,4,7,3,4,0.10426153987646103,0.16794301569461823,0.0041949995793402195,0.2720981538295746,0.16066937148571014,0.002778327791020274,0.28805455565452576,0,0,0.08704053657129407,1.1424345718696713,-6.712741260307798,6.712741260307798,0.43400967080378905,-0.43400967080378905,-5.274971377532193,5.274971377532193,NA,NA,NA,NA,NA,NA,NA,NA,NA,NA,NA,NA,0.641913890838623,0.35808610916137695,0.35808610916137695,0.641913890838623,0.03965044021606445,0.03590327501296997,-0.03590327501296997,0.3184356689453125,0.6815643310546875,0.6220539212226868,0.37794607877731323,0.008170664310455322,-0.008170664310455322,-0.18679584848365782,0.18679584848365782,NA,NA,NA,NA,NA,NA,NA,NA,NA,NA,NA,NA,0,0,0,0,0,0,0,0,0,0,0,0,0,0,0,0,0,0,1,0,0,0,0,0,0,0,0,0,0,0,0,0,0,0,0,0,0,0,0,0,0,0,1,0,0,0,0,0,0,0,0,NA,NA,NA,NA,NA,NA,NA,NA,NA,NA,NA,NA,NA,NA,NA,NA,NA,NA,NA,NA,NA,NA,NA,NA,NA,NA,NA,NA,NA,NA,NA,J.Hall,00-0006662,NA,NA,NA,NA,NA,NA,NA,NA,NA,NA,NA,NA,NA,NA,NA,NA,NA,NA,NA,NA,NA,NA,NA,NA,NA,NA,NA,NA,NA,NA,NA,NA,NA,NA,NA,NA,0,NA,NA,NA,NA,NA,NA,NA,NA,NA,NA,NA,NA,NA,NA,NA,NA,NA,NA,NA,NA,NA,NA,NA,NA,NA,NA,NA,NA,NA,NA,PHI,0,NA,NA,NA,NA,0,NA,NA,0,0,0,0,NA,NA,2005,NA,NA,15,1,First down,941,"11/6/05, 20:37:32",2005-11-07T02:16:56Z,Commanders Field,"Clear Temp: 68° F, Humidity: 54%, Wind: South 15 mph",10012005-1106-1290-9e6c-abd41ad537a6,0,0,KICK_OFF,1,NA,NA,NA,6,Punt,2005-11-07T02:16:56Z,4,2:18,1,0,0,2,2,0,KICKOFF,PUNT,12:37,10:19,PHI 40,WAS 40,941,1044,10,17,Home,7,27,0,41,1,outdoors,grass,68,15,Joe Gibbs,Andy Reid,WAS00,FedExField,0,1,NA,NA,NA,NA,NA,NA,0,0,0,1,0,NA,NA,NA,NA,NA,NA,NA,NA,NA,NA,0,1,1.1424345718696713,NA,NA,NA,NA,NA,NA,NA
960,2005_09_PHI_WAS,2005110612,WAS,PHI,REG,9,PHI,away,WAS,PHI,60,2005-11-06,757,757,2557,Half1,0,6,0,2,1,0,12:37,PHI 40,10,20,(12:37) 5-D.McNabb pass to 36-B.Westbrook pushed ob at WAS 42 for 18 yards (98-L.Marshall).,pass,18,0,0,1,0,0,0,NA,NA,NA,NA,NA,NA,NA,NA,NA,NA,3,3,0,NA,NA,NA,NA,3,3,3,7,7,3,4,7,3,4,0.09401843696832657,0.12406858801841736,0.002107456559315324,0.21079619228839874,0.22059862315654755,0.003840341232717037,0.3445703685283661,0,0,1.2294751084409654,1.2304647704586387,-7.9432060307664365,7.9432060307664365,0.43400967080378905,-0.43400967080378905,-6.505436147990832,6.505436147990832,NA,NA,NA,NA,NA,NA,NA,NA,NA,NA,NA,NA,0.6815643310546875,0.3184356689453125,0.3184356689453125,0.6815643310546875,0.044836997985839844,0.030646145343780518,-0.030646145343780518,0.27359867095947266,0.7264013290405273,0.6579571962356567,0.34204280376434326,0.008170664310455322,-0.008170664310455322,-0.23163284646949767,0.23163284646949767,NA,NA,NA,NA,NA,NA,NA,NA,NA,NA,NA,NA,0,0,1,0,0,0,0,0,0,0,0,0,0,0,0,0,0,0,0,0,0,0,0,0,1,0,0,0,0,0,0,0,0,1,0,0,0,0,0,0,0,0,0,0,0,1,0,0,0,0,0,00-0011022,D.McNabb,18,00-0021216,B.Westbrook,18,NA,NA,NA,NA,NA,NA,NA,NA,NA,NA,NA,NA,NA,NA,NA,NA,NA,NA,NA,NA,NA,NA,NA,NA,NA,NA,NA,NA,NA,NA,NA,NA,NA,NA,NA,NA,NA,NA,NA,NA,NA,NA,NA,NA,NA,WAS,NA,00-0010421,NA,L.Marshall,NA,NA,NA,NA,NA,NA,NA,NA,NA,NA,NA,NA,NA,0,NA,NA,NA,NA,NA,NA,NA,NA,NA,NA,NA,NA,NA,NA,NA,NA,NA,NA,NA,NA,NA,NA,NA,NA,NA,NA,NA,NA,NA,NA,NA,0,NA,NA,NA,NA,0,NA,NA,0,0,0,0,NA,NA,2005,NA,NA,15,1,First down,960,"11/6/05, 20:37:32",2005-11-07T02:19:51Z,Commanders Field,"Clear Temp: 68° F, Humidity: 54%, Wind: South 15 mph",10012005-1106-1290-9e6c-abd41ad537a6,0,0,PASS,0,NA,NA,NA,6,Punt,2005-11-07T02:16:56Z,4,2:18,1,0,0,2,2,0,KICKOFF,PUNT,12:37,10:19,PHI 40,WAS 40,941,1044,10,17,Home,7,27,0,41,1,outdoors,grass,68,15,Joe Gibbs,Andy Reid,WAS00,FedExField,0,1,D.McNabb,5,NA,NA,B.Westbrook,36,1,0,1,0,1,00-0011022,NA,00-0021216,D.McNabb,5,00-0011022,B.Westbrook,00-0021216,B.Westbrook,00-0021216,1,1,1.2304647704586387,NA,NA,NA,NA,NA,NA,NA
981,2005_09_PHI_WAS,2005110612,WAS,PHI,REG,9,PHI,away,WAS,WAS,42,2005-11-06,730,730,2530,Half1,0,6,0,2,1,0,12:10,WAS 42,10,20,(12:10) 36-B.Westbrook up the middle to WAS 44 for -2 yards (94-A.Jones).,run,-2,0,0,0,0,0,0,NA,NA,NA,NA,middle,NA,NA,NA,NA,NA,3,3,0,NA,NA,NA,NA,3,3,3,7,7,3,4,7,3,4,0.07654675841331482,0.08444392681121826,0.0014789821580052376,0.14797310531139374,0.2643880844116211,0.003461431013420224,0.42170774936676025,0,0,2.459939878899604,-0.8780048752669245,-7.065201155499512,7.065201155499512,1.3120145460707135,-1.3120145460707135,-6.505436147990832,6.505436147990832,NA,NA,NA,NA,NA,NA,NA,NA,NA,NA,NA,NA,0.7264013290405273,0.27359867095947266,0.27359867095947266,0.7264013290405273,-0.01698201894760132,-0.0392603874206543,0.0392603874206543,0.290580689907074,0.709419310092926,0.6886033415794373,0.31139665842056274,0.02515268325805664,-0.02515268325805664,-0.23163284646949767,0.23163284646949767,NA,NA,NA,NA,NA,NA,NA,NA,NA,NA,NA,NA,0,0,0,0,0,0,0,0,0,0,0,0,0,0,0,0,0,0,0,0,0,0,0,0,1,0,0,1,0,0,0,0,1,0,0,0,0,0,0,0,0,0,0,0,0,0,0,0,0,0,0,NA,NA,NA,NA,NA,NA,00-0021216,B.Westbrook,-2,NA,NA,NA,NA,NA,NA,NA,NA,NA,NA,NA,NA,NA,NA,NA,NA,NA,NA,NA,NA,NA,NA,NA,NA,NA,NA,NA,NA,NA,NA,NA,NA,NA,NA,NA,NA,NA,NA,NA,NA,NA,NA,WAS,NA,00-0023270,NA,A.Jones,NA,NA,NA,NA,NA,NA,NA,NA,NA,NA,NA,NA,NA,0,NA,NA,NA,NA,NA,NA,NA,NA,NA,NA,NA,NA,NA,NA,NA,NA,NA,NA,NA,NA,NA,NA,NA,NA,NA,NA,NA,NA,NA,NA,NA,0,NA,NA,NA,NA,0,NA,NA,0,0,0,0,NA,NA,2005,NA,NA,16,0,Punt,981,"11/6/05, 20:37:32",2005-11-07T02:20:36Z,Commanders Field,"Clear Temp: 68° F, Humidity: 54%, Wind: South 15 mph",10012005-1106-1290-9e6c-abd41ad537a6,0,0,RUSH,0,NA,NA,NA,6,Punt,2005-11-07T02:16:56Z,4,2:18,1,0,0,2,2,0,KICKOFF,PUNT,12:37,10:19,PHI 40,WAS 40,941,1044,10,17,Home,7,27,0,41,1,outdoors,grass,68,15,Joe Gibbs,Andy Reid,WAS00,FedExField,0,0,NA,NA,B.Westbrook,36,NA,NA,0,1,0,0,1,NA,00-0021216,NA,B.Westbrook,36,00-0021216,B.Westbrook,00-0021216,B.Westbrook,00-0021216,0,1,-0.8780048752669245,NA,NA,NA,NA,NA,NA,NA
1002,2005_09_PHI_WAS,2005110612,WAS,PHI,REG,9,PHI,away,WAS,WAS,44,2005-11-06,690,690,2490,Half1,0,6,0,2,2,0,11:30,WAS 44,12,20,(11:30) 5-D.McNabb left end ran ob at WAS 37 for 7 yards.,run,7,0,0,0,0,0,1,NA,NA,NA,NA,left,end,NA,NA,NA,NA,3,3,0,NA,NA,NA,NA,3,3,3,7,7,3,4,7,3,4,0.0967717245221138,0.11090701073408127,0.001860951422713697,0.18232004344463348,0.2597656846046448,0.0046601383946835995,0.3437144160270691,0,0,1.5819350036326796,0.26607826980762184,-7.331279425307134,7.331279425307134,1.0459362762630917,-1.0459362762630917,-6.505436147990832,6.505436147990832,NA,NA,NA,NA,NA,NA,NA,NA,NA,NA,NA,NA,0.709419310092926,0.290580689907074,0.290580689907074,0.709419310092926,-0.001820385456085205,0.009330153465270996,-0.009330153465270996,0.2924010753631592,0.7075989246368408,0.649342954158783,0.35065704584121704,0.026973068714141846,-0.026973068714141846,-0.23163284646949767,0.23163284646949767,NA,NA,NA,NA,NA,NA,NA,NA,NA,NA,NA,NA,0,0,0,0,0,0,0,0,0,0,0,0,0,0,0,0,0,0,0,0,0,0,0,0,0,0,0,0,0,0,0,0,1,0,0,0,0,0,0,0,0,0,0,0,0,0,0,0,0,0,0,NA,NA,NA,NA,NA,NA,00-0011022,D.McNabb,7,NA,NA,NA,NA,NA,NA,NA,NA,NA,NA,NA,NA,NA,NA,NA,NA,NA,NA,NA,NA,NA,NA,NA,NA,NA,NA,NA,NA,NA,NA,NA,NA,NA,NA,NA,NA,NA,NA,NA,NA,NA,NA,NA,NA,NA,NA,NA,NA,NA,NA,NA,NA,NA,NA,NA,NA,NA,NA,NA,NA,0,NA,NA,NA,NA,NA,NA,NA,NA,NA,NA,NA,NA,NA,NA,NA,NA,NA,NA,NA,NA,NA,NA,NA,NA,NA,NA,NA,NA,NA,NA,NA,0,NA,NA,NA,NA,0,NA,NA,0,0,0,0,NA,NA,2005,NA,NA,16,0,Punt,1002,"11/6/05, 20:37:32",2005-11-07T02:21:17Z,Commanders Field,"Clear Temp: 68° F, Humidity: 54%, Wind: South 15 mph",10012005-1106-1290-9e6c-abd41ad537a6,0,0,RUSH,0,NA,NA,NA,6,Punt,2005-11-07T02:16:56Z,4,2:18,1,0,0,2,2,0,KICKOFF,PUNT,12:37,10:19,PHI 40,WAS 40,941,1044,10,17,Home,7,27,0,41,1,outdoors,grass,68,15,Joe Gibbs,Andy Reid,WAS00,FedExField,0,1,D.McNabb,NA,NA,5,NA,NA,1,0,0,0,1,00-0011022,NA,NA,D.McNabb,5,00-0011022,D.McNabb,00-0011022,D.McNabb,00-0011022,1,1,0.26607826980762184,NA,NA,NA,NA,NA,NA,NA
1023,2005_09_PHI_WAS,2005110612,WAS,PHI,REG,9,PHI,away,WAS,WAS,37,2005-11-06,657,657,2457,Half1,0,6,0,2,3,0,10:57,WAS 37,5,20,(10:57) 36-B.Westbrook left end to WAS 40 for -3 yards (58-C.Clemons).,run,-3,0,0,0,0,0,0,NA,NA,NA,NA,left,end,NA,NA,NA,NA,3,3,0,NA,NA,NA,NA,3,3,3,7,7,3,4,7,3,4,0.07219094783067703,0.1079564243555069,0.001336498185992241,0.173771470785141,0.27538037300109863,0.004147128667682409,0.3652172088623047,0,0,1.8480132734403014,-2.2345012547448277,-5.096778170562306,5.096778170562306,3.2804375310079195,-3.2804375310079195,-6.505436147990832,6.505436147990832,NA,NA,NA,NA,NA,NA,NA,NA,NA,NA,NA,NA,0.7075989246368408,0.2924010753631592,0.2924010753631592,0.7075989246368408,-0.03889542818069458,-0.03990095853805542,0.03990095853805542,0.33129650354385376,0.6687034964561462,0.658673107624054,0.34132689237594604,0.06586849689483643,-0.06586849689483643,-0.23163284646949767,0.23163284646949767,NA,NA,NA,NA,NA,NA,NA,NA,NA,NA,NA,NA,0,0,0,0,0,1,0,0,0,0,0,0,0,0,0,0,0,0,0,0,0,0,0,0,1,0,0,1,0,0,0,0,1,0,0,0,0,0,0,0,0,0,0,0,0,0,0,0,0,0,0,NA,NA,NA,NA,NA,NA,00-0021216,B.Westbrook,-3,NA,NA,NA,NA,NA,NA,NA,NA,NA,NA,NA,NA,NA,NA,NA,NA,NA,NA,NA,NA,NA,NA,NA,NA,NA,NA,NA,NA,NA,NA,NA,NA,NA,NA,NA,NA,NA,NA,NA,NA,NA,NA,WAS,NA,00-0021577,NA,C.Clemons,NA,NA,NA,NA,NA,NA,NA,NA,NA,NA,NA,NA,NA,0,NA,NA,NA,NA,NA,NA,NA,NA,NA,NA,NA,NA,NA,NA,NA,NA,NA,NA,NA,NA,NA,NA,NA,NA,NA,NA,NA,NA,NA,NA,NA,0,NA,NA,NA,NA,0,NA,NA,0,0,0,0,NA,NA,2005,NA,NA,16,0,Punt,1023,"11/6/05, 20:37:32",2005-11-07T02:22:08Z,Commanders Field,"Clear Temp: 68° F, Humidity: 54%, Wind: South 15 mph",10012005-1106-1290-9e6c-abd41ad537a6,0,0,RUSH,0,NA,NA,NA,6,Punt,2005-11-07T02:16:56Z,4,2:18,1,0,0,2,2,0,KICKOFF,PUNT,12:37,10:19,PHI 40,WAS 40,941,1044,10,17,Home,7,27,0,41,1,outdoors,grass,68,15,Joe Gibbs,Andy Reid,WAS00,FedExField,0,0,NA,NA,B.Westbrook,36,NA,NA,0,1,0,0,1,NA,00-0021216,NA,B.Westbrook,36,00-0021216,B.Westbrook,00-0021216,B.Westbrook,00-0021216,0,1,-2.2345012547448277,NA,NA,NA,NA,NA,NA,NA
1044,2005_09_PHI_WAS,2005110612,WAS,PHI,REG,9,PHI,away,WAS,WAS,40,2005-11-06,626,626,2426,Half1,0,6,0,2,4,0,10:26,WAS 40,8,20,"(10:26) 3-R.Hodges punts 31 yards to WAS 9, Center-88-M.Bartrum, fair catch by 83-J.Thrash.",punt,0,0,0,0,0,0,0,NA,NA,NA,NA,NA,NA,NA,31,NA,NA,3,3,0,NA,NA,NA,NA,3,3,3,7,7,3,4,7,3,4,0.1296781599521637,0.17946985363960266,0.0018212003633379936,0.28179073333740234,0.1709820181131363,0.007730640470981598,0.22852739691734314,0,0,-0.38648798130452633,0.3290938038844615,-5.425871974446768,5.425871974446768,3.2804375310079195,-3.2804375310079195,-6.505436147990832,6.505436147990832,NA,NA,NA,NA,NA,NA,NA,NA,NA,NA,NA,NA,0.6687034964561462,0.33129650354385376,0.33129650354385376,0.6687034964561462,-0.04074624180793762,0.040109485387802124,-0.040109485387802124,0.3720427453517914,0.6279572546482086,0.6187721490859985,0.38122785091400146,0.06586849689483643,-0.06586849689483643,-0.23163284646949767,0.23163284646949767,NA,NA,NA,NA,NA,NA,NA,NA,NA,NA,NA,NA,0,0,0,0,0,0,0,0,0,0,0,1,0,0,0,1,0,0,0,0,0,0,0,0,0,0,0,0,0,0,0,0,0,0,0,0,0,0,0,0,0,0,0,1,0,0,0,0,0,0,0,NA,NA,NA,NA,NA,NA,NA,NA,NA,NA,NA,NA,NA,NA,NA,NA,NA,NA,NA,NA,NA,00-0016440,J.Thrash,NA,NA,NA,NA,NA,NA,00-0023642,R.Hodges,NA,NA,NA,NA,NA,NA,NA,NA,NA,NA,NA,NA,NA,NA,NA,NA,NA,NA,NA,NA,NA,NA,NA,NA,NA,NA,NA,NA,NA,NA,NA,NA,NA,NA,NA,NA,NA,NA,0,NA,NA,NA,NA,NA,NA,NA,NA,NA,NA,NA,NA,NA,NA,NA,NA,NA,NA,NA,NA,NA,NA,NA,NA,NA,NA,NA,NA,NA,NA,WAS,0,NA,NA,NA,NA,0,NA,NA,0,0,0,0,NA,NA,2005,NA,NA,16,0,Punt,1044,"11/6/05, 20:37:32",2005-11-07T02:22:40Z,Commanders Field,"Clear Temp: 68° F, Humidity: 54%, Wind: South 15 mph",10012005-1106-1290-9e6c-abd41ad537a6,0,0,PUNT,1,NA,NA,NA,6,Punt,2005-11-07T02:16:56Z,4,2:18,1,0,0,2,2,0,KICKOFF,PUNT,12:37,10:19,PHI 40,WAS 40,941,1044,10,17,Home,7,27,0,41,1,outdoors,grass,68,15,Joe Gibbs,Andy Reid,WAS00,FedExField,0,1,NA,NA,NA,NA,NA,NA,0,0,0,1,0,NA,NA,NA,NA,NA,NA,NA,NA,NA,NA,0,1,0.3290938038844615,NA,NA,NA,NA,NA,NA,NA
1067,2005_09_PHI_WAS,2005110612,WAS,PHI,REG,9,WAS,home,PHI,WAS,91,2005-11-06,619,619,2419,Half1,0,7,0,2,1,0,10:19,WAS 9,10,8,(10:19) 26-C.Portis right tackle to WAS 10 for 1 yard (58-T.Cole).,run,1,0,0,0,0,0,0,NA,NA,NA,NA,right,tackle,NA,NA,NA,NA,3,3,0,NA,NA,NA,NA,3,3,3,7,3,7,-4,3,7,-4,0.16959549486637115,0.1711520105600357,0.011500176042318344,0.2401803731918335,0.1430492103099823,0.0011387210106477141,0.26338401436805725,0,0,0.05739417742006481,-0.47472216305322945,-5.900594137499997,5.900594137499997,2.80571536795469,-2.80571536795469,-6.505436147990832,6.505436147990832,NA,NA,NA,NA,NA,NA,NA,NA,NA,NA,NA,NA,0.3720427453517914,0.6279572546482086,0.3720427453517914,0.6279572546482086,-0.019802331924438477,-0.01967930793762207,-0.01967930793762207,0.3522404134273529,0.6477595865726471,0.34111836552619934,0.34111836552619934,0.04606616497039795,-0.04606616497039795,-0.23163284646949767,0.23163284646949767,NA,NA,NA,NA,NA,NA,NA,NA,NA,NA,NA,NA,0,0,0,0,0,0,0,0,0,0,0,0,0,0,0,0,0,0,0,0,0,0,0,0,1,0,0,0,0,0,0,0,1,0,0,0,0,0,0,0,0,0,0,0,0,0,0,0,0,0,0,NA,NA,NA,NA,NA,NA,00-0021179,C.Portis,1,NA,NA,NA,NA,NA,NA,NA,NA,NA,NA,NA,NA,NA,NA,NA,NA,NA,NA,NA,NA,NA,NA,NA,NA,NA,NA,NA,NA,NA,NA,NA,NA,NA,NA,NA,NA,NA,NA,NA,NA,NA,NA,PHI,NA,00-0023579,NA,T.Cole,NA,NA,NA,NA,NA,NA,NA,NA,NA,NA,NA,NA,NA,0,NA,NA,NA,NA,NA,NA,NA,NA,NA,NA,NA,NA,NA,NA,NA,NA,NA,NA,NA,NA,NA,NA,NA,NA,NA,NA,NA,NA,NA,NA,NA,0,NA,NA,NA,NA,0,NA,NA,0,0,0,0,NA,NA,2005,NA,NA,17,0,Punt,1067,"11/6/05, 20:37:32",2005-11-07T02:25:02Z,Commanders Field,"Clear Temp: 68° F, Humidity: 54%, Wind: South 15 mph",10012005-1106-1290-9e6c-abd41ad537a6,0,0,RUSH,0,NA,NA,NA,7,Punt,2005-11-07T02:25:02Z,3,1:32,0,0,0,2,2,0,PUNT,PUNT,10:19,08:47,WAS 9,WAS 17,1067,1132,10,17,Home,7,27,0,41,1,outdoors,grass,68,15,Joe Gibbs,Andy Reid,WAS00,FedExField,0,0,NA,NA,C.Portis,26,NA,NA,0,1,0,0,1,NA,00-0021179,NA,C.Portis,26,00-0021179,C.Portis,00-0021179,C.Portis,00-0021179,0,1,-0.47472216305322945,NA,NA,NA,NA,NA,NA,NA
1088,2005_09_PHI_WAS,2005110612,WAS,PHI,REG,9,WAS,home,PHI,WAS,90,2005-11-06,581,581,2381,Half1,0,7,0,2,2,0,09:41,WAS 10,9,8,(9:41) (Shotgun) 8-M.Brunell pass to 89-S.Moss to WAS 17 for 7 yards (29-R.Hood).,pass,7,1,0,1,0,0,0,NA,NA,NA,NA,NA,NA,NA,NA,NA,NA,3,3,0,NA,NA,NA,NA,3,3,3,7,3,7,-4,3,7,-4,0.17027123272418976,0.19369380176067352,0.012495898641645908,0.2609604299068451,0.1288318932056427,0.0014509342145174742,0.23229581117630005,0,0,-0.41732798563316464,0.3680863459594548,-5.532507791540542,5.532507791540542,2.80571536795469,-2.80571536795469,-6.137349802031377,6.137349802031377,NA,NA,NA,NA,NA,NA,NA,NA,NA,NA,NA,NA,0.3522404134273529,0.6477595865726471,0.3522404134273529,0.6477595865726471,0.02145451307296753,0.008752435445785522,0.008752435445785522,0.37369492650032043,0.6263050734996796,0.32143905758857727,0.32143905758857727,0.04606616497039795,-0.04606616497039795,-0.21017833339653014,0.21017833339653014,NA,NA,NA,NA,NA,NA,NA,NA,NA,NA,NA,NA,0,0,0,0,0,0,0,0,0,0,0,0,0,0,0,0,0,0,0,0,0,0,0,0,1,0,0,0,0,0,0,0,0,1,0,0,0,0,0,0,0,0,0,0,0,1,0,0,0,0,0,00-0002110,M.Brunell,7,00-0020494,S.Moss,7,NA,NA,NA,NA,NA,NA,NA,NA,NA,NA,NA,NA,NA,NA,NA,NA,NA,NA,NA,NA,NA,NA,NA,NA,NA,NA,NA,NA,NA,NA,NA,NA,NA,NA,NA,NA,NA,NA,NA,NA,NA,NA,NA,NA,NA,PHI,NA,00-0021503,NA,R.Hood,NA,NA,NA,NA,NA,NA,NA,NA,NA,NA,NA,NA,NA,0,NA,NA,NA,NA,NA,NA,NA,NA,NA,NA,NA,NA,NA,NA,NA,NA,NA,NA,NA,NA,NA,NA,NA,NA,NA,NA,NA,NA,NA,NA,NA,0,NA,NA,NA,NA,0,NA,NA,0,0,0,0,NA,NA,2005,NA,NA,17,0,Punt,1088,"11/6/05, 20:37:32",2005-11-07T02:25:40Z,Commanders Field,"Clear Temp: 68° F, Humidity: 54%, Wind: South 15 mph",10012005-1106-1290-9e6c-abd41ad537a6,0,0,PASS,0,NA,NA,NA,7,Punt,2005-11-07T02:25:02Z,3,1:32,0,0,0,2,2,0,PUNT,PUNT,10:19,08:47,WAS 9,WAS 17,1067,1132,10,17,Home,7,27,0,41,1,outdoors,grass,68,15,Joe Gibbs,Andy Reid,WAS00,FedExField,0,1,M.Brunell,8,NA,NA,S.Moss,89,1,0,0,0,1,00-0002110,NA,00-0020494,M.Brunell,8,00-0002110,S.Moss,00-0020494,S.Moss,00-0020494,0,1,0.3680863459594548,NA,NA,NA,NA,NA,NA,NA
1109,2005_09_PHI_WAS,2005110612,WAS,PHI,REG,9,WAS,home,PHI,WAS,83,2005-11-06,543,543,2343,Half1,0,7,0,2,3,0,09:03,WAS 17,2,8,(9:03) (Shotgun) 8-M.Brunell pass incomplete to 89-S.Moss.,pass,0,1,0,1,0,0,0,NA,NA,NA,NA,NA,NA,NA,NA,NA,NA,3,3,0,NA,NA,NA,NA,3,3,3,7,3,7,-4,3,7,-4,0.17844632267951965,0.17501850426197052,0.005013139918446541,0.244376078248024,0.14314605295658112,0.0021929647773504257,0.25180694460868835,0,0,-0.04924163967370987,-1.3273303345777094,-6.859838126118252,6.859838126118252,2.80571536795469,-2.80571536795469,-7.464680136609086,7.464680136609086,NA,NA,NA,NA,NA,NA,NA,NA,NA,NA,NA,NA,0.37369492650032043,0.6263050734996796,0.37369492650032043,0.6263050734996796,-0.05065399408340454,-0.04043346643447876,-0.04043346643447876,0.3230409324169159,0.6769590675830841,0.3301914930343628,0.3301914930343628,0.04606616497039795,-0.04606616497039795,-0.2608323274799347,0.2608323274799347,NA,NA,NA,NA,NA,NA,NA,NA,NA,NA,NA,NA,0,0,0,0,0,1,0,0,1,0,0,0,0,0,0,0,0,0,0,0,0,0,0,0,0,0,0,0,0,0,0,0,0,1,0,0,0,0,0,0,0,0,0,0,0,0,0,0,0,0,0,00-0002110,M.Brunell,NA,NA,NA,NA,NA,NA,NA,NA,NA,NA,NA,NA,NA,NA,NA,NA,NA,NA,NA,NA,NA,NA,NA,NA,NA,NA,NA,NA,NA,NA,NA,NA,NA,NA,NA,NA,NA,NA,NA,NA,NA,NA,NA,NA,NA,NA,NA,NA,NA,NA,NA,NA,NA,NA,NA,NA,NA,NA,NA,NA,NA,NA,NA,NA,NA,NA,NA,0,NA,NA,NA,NA,NA,NA,NA,NA,NA,NA,NA,NA,NA,NA,NA,NA,NA,NA,NA,NA,NA,NA,NA,NA,NA,NA,NA,NA,NA,NA,NA,0,NA,NA,NA,NA,0,NA,NA,0,0,0,0,NA,NA,2005,NA,NA,17,0,Punt,1109,"11/6/05, 20:37:32",2005-11-07T02:26:18Z,Commanders Field,"Clear Temp: 68° F, Humidity: 54%, Wind: South 15 mph",10012005-1106-1290-9e6c-abd41ad537a6,0,0,PASS,0,NA,NA,NA,7,Punt,2005-11-07T02:25:02Z,3,1:32,0,0,0,2,2,0,PUNT,PUNT,10:19,08:47,WAS 9,WAS 17,1067,1132,10,17,Home,7,27,0,41,1,outdoors,grass,68,15,Joe Gibbs,Andy Reid,WAS00,FedExField,0,0,M.Brunell,8,NA,NA,S.Moss,89,1,0,0,0,1,00-0002110,NA,00-0020494,M.Brunell,8,00-0002110,NA,NA,S.Moss,00-0020494,0,1,-1.3273303345777094,NA,NA,NA,NA,NA,NA,NA
1132,2005_09_PHI_WAS,2005110612,WAS,PHI,REG,9,WAS,home,PHI,WAS,83,2005-11-06,539,539,2339,Half1,0,7,0,2,4,0,08:59,WAS 17,2,8,"(8:59) 4-D.Frost punts 46 yards to PHI 37, Center-71-E.Albright. 26-L.Sheppard to PHI 45 for 8 yards (83-J.Thrash).",punt,0,0,0,0,0,0,0,NA,NA,NA,NA,NA,NA,NA,46,NA,NA,3,3,0,NA,NA,NA,NA,3,3,3,7,3,7,-4,3,7,-4,0.1838727593421936,0.22473527491092682,0.007212948054075241,0.3131754696369171,0.0953531265258789,0.002264865441247821,0.17338556051254272,0,0,-1.3765719742514193,-0.32769907359033823,-7.18753719970859,7.18753719970859,2.80571536795469,-2.80571536795469,-7.464680136609086,7.464680136609086,NA,NA,NA,NA,NA,NA,NA,NA,NA,NA,NA,NA,0.3230409324169159,0.6769590675830841,0.3230409324169159,0.6769590675830841,-0.011148840188980103,0.0700039267539978,0.0700039267539978,0.3118920922279358,0.6881079077720642,0.28975802659988403,0.28975802659988403,0.04606616497039795,-0.04606616497039795,-0.2608323274799347,0.2608323274799347,NA,NA,NA,NA,NA,NA,NA,NA,NA,NA,NA,NA,0,0,0,0,0,0,0,0,0,0,0,0,0,0,0,0,0,0,0,0,0,0,0,0,1,0,0,0,0,0,0,0,0,0,0,0,0,0,0,0,0,0,0,1,0,0,0,0,0,0,0,NA,NA,NA,NA,NA,NA,NA,NA,NA,NA,NA,NA,NA,NA,NA,NA,NA,NA,NA,NA,NA,00-0021157,L.Sheppard,NA,NA,NA,NA,NA,NA,00-0021500,D.Frost,NA,NA,NA,NA,NA,NA,NA,NA,NA,NA,NA,NA,NA,NA,NA,NA,NA,NA,NA,NA,WAS,NA,00-0016440,NA,J.Thrash,NA,NA,NA,NA,NA,NA,NA,NA,NA,NA,NA,NA,NA,0,NA,NA,NA,NA,NA,NA,NA,NA,NA,NA,NA,NA,NA,NA,NA,NA,NA,NA,NA,NA,NA,NA,NA,NA,NA,NA,NA,NA,NA,NA,PHI,8,NA,NA,NA,NA,0,NA,NA,0,0,0,0,NA,NA,2005,NA,NA,17,0,Punt,1132,"11/6/05, 20:37:32",2005-11-07T02:26:47Z,Commanders Field,"Clear Temp: 68° F, Humidity: 54%, Wind: South 15 mph",10012005-1106-1290-9e6c-abd41ad537a6,0,0,PUNT,1,NA,NA,NA,7,Punt,2005-11-07T02:25:02Z,3,1:32,0,0,0,2,2,0,PUNT,PUNT,10:19,08:47,WAS 9,WAS 17,1067,1132,10,17,Home,7,27,0,41,1,outdoors,grass,68,15,Joe Gibbs,Andy Reid,WAS00,FedExField,0,0,NA,NA,NA,NA,NA,NA,0,0,0,1,0,NA,NA,NA,NA,NA,NA,NA,NA,NA,NA,0,1,-0.32769907359033823,NA,NA,NA,NA,NA,NA,NA
1157,2005_09_PHI_WAS,2005110612,WAS,PHI,REG,9,PHI,away,WAS,PHI,55,2005-11-06,527,527,2327,Half1,0,8,0,2,1,0,08:47,PHI 45,10,6,(8:47) 36-B.Westbrook right end to PHI 46 for 1 yard (24-S.Springs).,run,1,0,0,0,0,0,0,NA,NA,NA,NA,right,end,NA,NA,NA,NA,3,3,0,NA,NA,NA,NA,3,3,3,7,7,3,4,7,3,4,0.1718505620956421,0.09329976886510849,0.0017842331435531378,0.16138797998428345,0.21677614748477936,0.0034366040490567684,0.35146471858024597,0,0,1.7042710478417575,-0.31095023383386433,-6.876586965874726,6.876586965874726,3.1166656017885543,-3.1166656017885543,-7.464680136609086,7.464680136609086,NA,NA,NA,NA,NA,NA,NA,NA,NA,NA,NA,NA,0.6881079077720642,0.3118920922279358,0.3118920922279358,0.6881079077720642,-0.01246631145477295,-0.007002294063568115,0.007002294063568115,0.32435840368270874,0.6756415963172913,0.6402380466461182,0.35976195335388184,0.0585324764251709,-0.0585324764251709,-0.2608323274799347,0.2608323274799347,NA,NA,NA,NA,NA,NA,NA,NA,NA,NA,NA,NA,0,0,0,0,0,0,0,0,0,0,0,0,0,0,0,0,0,0,0,0,0,0,0,0,1,0,0,0,0,0,0,0,1,0,0,0,0,0,0,0,0,0,0,0,0,0,0,0,0,0,0,NA,NA,NA,NA,NA,NA,00-0021216,B.Westbrook,1,NA,NA,NA,NA,NA,NA,NA,NA,NA,NA,NA,NA,NA,NA,NA,NA,NA,NA,NA,NA,NA,NA,NA,NA,NA,NA,NA,NA,NA,NA,NA,NA,NA,NA,NA,NA,NA,NA,NA,NA,NA,NA,WAS,NA,00-0015495,NA,S.Springs,NA,NA,NA,NA,NA,NA,NA,NA,NA,NA,NA,NA,NA,0,NA,NA,NA,NA,NA,NA,NA,NA,NA,NA,NA,NA,NA,NA,NA,NA,NA,NA,NA,NA,NA,NA,NA,NA,NA,NA,NA,NA,NA,NA,NA,0,NA,NA,NA,NA,0,NA,NA,0,0,0,0,NA,NA,2005,NA,NA,18,1,First down,1157,"11/6/05, 20:37:32",2005-11-07T02:29:18Z,Commanders Field,"Clear Temp: 68° F, Humidity: 54%, Wind: South 15 mph",10012005-1106-1290-9e6c-abd41ad537a6,0,0,RUSH,0,NA,NA,NA,8,Punt,2005-11-07T02:29:18Z,5,2:01,1,0,0,2,2,-5,PUNT,PUNT,08:47,06:46,PHI 45,WAS 49,1157,1327,10,17,Home,7,27,0,41,1,outdoors,grass,68,15,Joe Gibbs,Andy Reid,WAS00,FedExField,0,0,NA,NA,B.Westbrook,36,NA,NA,0,1,0,0,1,NA,00-0021216,NA,B.Westbrook,36,00-0021216,B.Westbrook,00-0021216,B.Westbrook,00-0021216,0,1,-0.31095023383386433,NA,NA,NA,NA,NA,NA,NA
1178,2005_09_PHI_WAS,2005110612,WAS,PHI,REG,9,PHI,away,WAS,PHI,54,2005-11-06,487,487,2287,Half1,0,8,0,2,2,0,08:07,PHI 46,9,6,"(8:07) 5-D.McNabb pass to 82-L.Smith to WAS 44 for 10 yards (24-S.Springs, 95-J.Salave'a). Penalty on WAS-27-W.Harris, Illegal Contact, declined.",pass,10,0,0,1,0,0,0,NA,NA,NA,NA,NA,NA,NA,NA,NA,NA,3,3,0,NA,NA,NA,NA,3,3,3,7,7,3,4,7,3,4,0.20180077850818634,0.09871237725019455,0.0018169459654018283,0.16714546084403992,0.2079014778137207,0.0037909885868430138,0.3188319504261017,0,0,1.3933208140078932,0.9836014930624515,-7.860188458937177,7.860188458937177,3.1166656017885543,-3.1166656017885543,-8.448281629671538,8.448281629671538,NA,NA,NA,NA,NA,NA,NA,NA,NA,NA,NA,NA,0.6756415963172913,0.32435840368270874,0.32435840368270874,0.6756415963172913,0.05596661567687988,0.04577457904815674,-0.04577457904815674,0.26839178800582886,0.7316082119941711,0.63323575258255,0.36676424741744995,0.0585324764251709,-0.0585324764251709,-0.31679894315681456,0.31679894315681456,NA,NA,NA,NA,NA,NA,NA,NA,NA,NA,NA,NA,0,0,1,0,0,0,0,0,0,0,0,0,0,0,0,0,0,0,0,0,0,0,0,0,0,0,0,0,0,0,0,0,0,1,0,0,0,0,0,0,0,0,0,0,0,1,1,0,0,0,0,00-0011022,D.McNabb,10,00-0022126,L.Smith,10,NA,NA,NA,NA,NA,NA,NA,NA,NA,NA,NA,NA,NA,NA,NA,NA,NA,NA,NA,NA,NA,NA,NA,NA,NA,NA,NA,NA,NA,NA,NA,NA,NA,NA,NA,NA,NA,NA,NA,NA,NA,NA,NA,NA,NA,NA,NA,NA,NA,NA,NA,00-0014260,J.Salave'a,WAS,NA,NA,NA,NA,NA,NA,NA,NA,NA,1,00-0015495,S.Springs,WAS,NA,NA,NA,NA,NA,NA,NA,NA,NA,NA,NA,NA,NA,NA,NA,NA,NA,NA,NA,NA,NA,NA,NA,NA,NA,NA,NA,NA,0,NA,NA,NA,NA,0,NA,NA,0,0,0,0,NA,NA,2005,NA,NA,18,1,First down,1178,"11/6/05, 20:37:32",2005-11-07T02:29:59Z,Commanders Field,"Clear Temp: 68° F, Humidity: 54%, Wind: South 15 mph",10012005-1106-1290-9e6c-abd41ad537a6,0,0,PASS,0,NA,NA,NA,8,Punt,2005-11-07T02:29:18Z,5,2:01,1,0,0,2,2,-5,PUNT,PUNT,08:47,06:46,PHI 45,WAS 49,1157,1327,10,17,Home,7,27,0,41,1,outdoors,grass,68,15,Joe Gibbs,Andy Reid,WAS00,FedExField,0,1,D.McNabb,5,NA,NA,L.Smith,82,1,0,1,0,1,00-0011022,NA,00-0022126,D.McNabb,5,00-0011022,L.Smith,00-0022126,L.Smith,00-0022126,0,1,0.9836014930624515,NA,NA,NA,NA,NA,NA,NA
1210,2005_09_PHI_WAS,2005110612,WAS,PHI,REG,9,PHI,away,WAS,WAS,44,2005-11-06,487,487,2287,Half1,0,8,0,2,1,0,08:07,WAS 44,10,6,"(8:07) PENALTY on PHI-5-D.McNabb, Delay of Game, 5 yards, enforced at WAS 44 - No Play.",no_play,0,0,0,0,0,0,0,NA,NA,NA,NA,NA,NA,NA,NA,NA,NA,3,3,0,NA,NA,NA,NA,3,3,3,7,7,3,4,7,3,4,0.15602368116378784,0.07025673985481262,0.0014457586221396923,0.12858237326145172,0.24973717331886292,0.0032461530063301325,0.3907081186771393,0,0,2.3769223070703447,-0.5282791364006698,-7.331909322536507,7.331909322536507,3.1166656017885543,-3.1166656017885543,-8.448281629671538,8.448281629671538,NA,NA,NA,NA,NA,NA,NA,NA,NA,NA,NA,NA,0.7316082119941711,0.26839178800582886,0.26839178800582886,0.7316082119941711,-0.02273768186569214,-0.03145408630371094,0.03145408630371094,0.291129469871521,0.708870530128479,0.6790103316307068,0.3209896683692932,0.0585324764251709,-0.0585324764251709,-0.31679894315681456,0.31679894315681456,NA,NA,NA,NA,NA,NA,NA,NA,NA,NA,NA,NA,0,0,0,0,0,0,0,0,0,0,0,0,0,0,0,0,0,0,0,0,0,0,0,0,0,0,1,0,0,0,0,0,0,0,0,0,0,0,0,0,0,0,0,0,0,0,0,0,0,0,0,NA,NA,NA,NA,NA,NA,NA,NA,NA,NA,NA,NA,NA,NA,NA,NA,NA,NA,NA,NA,NA,NA,NA,NA,NA,NA,NA,NA,NA,NA,NA,NA,NA,NA,NA,NA,NA,NA,NA,NA,NA,NA,NA,NA,NA,NA,NA,NA,NA,NA,NA,NA,NA,NA,NA,NA,NA,NA,NA,NA,NA,NA,NA,NA,NA,NA,NA,NA,NA,0,NA,NA,NA,NA,NA,NA,NA,NA,NA,NA,NA,NA,NA,NA,NA,NA,NA,NA,NA,NA,NA,NA,NA,NA,NA,NA,NA,NA,NA,NA,NA,0,PHI,00-0011022,D.McNabb,5,0,NA,Delay of Game,0,0,0,0,NA,NA,2005,NA,NA,19,0,Punt,1210,"11/6/05, 20:37:32",NA,Commanders Field,"Clear Temp: 68° F, Humidity: 54%, Wind: South 15 mph",10012005-1106-1290-9e6c-abd41ad537a6,0,0,PENALTY,0,NA,NA,NA,8,Punt,2005-11-07T02:29:18Z,5,2:01,1,0,0,2,2,-5,PUNT,PUNT,08:47,06:46,PHI 45,WAS 49,1157,1327,10,17,Home,7,27,0,41,1,outdoors,grass,68,15,Joe Gibbs,Andy Reid,WAS00,FedExField,0,0,NA,NA,NA,NA,NA,NA,0,0,0,0,1,NA,NA,NA,NA,NA,NA,NA,NA,NA,NA,0,1,-0.5282791364006698,NA,NA,NA,NA,NA,NA,NA
1233,2005_09_PHI_WAS,2005110612,WAS,PHI,REG,9,PHI,away,WAS,WAS,49,2005-11-06,427,427,2227,Half1,0,8,0,2,1,0,07:07,WAS 49,15,6,(7:07) 5-D.McNabb pass incomplete to 36-B.Westbrook.,pass,0,0,0,1,0,0,0,NA,NA,NA,NA,NA,NA,NA,NA,NA,NA,3,3,0,NA,NA,NA,NA,3,3,3,7,7,3,4,7,3,4,0.21831591427326202,0.08187615871429443,0.001967286691069603,0.1321033537387848,0.22887054085731506,0.00434985663741827,0.3325169086456299,0,0,1.8486431706696749,-0.44317368930205703,-6.88873563323445,6.88873563323445,3.1166656017885543,-3.1166656017885543,-8.00510794036948,8.00510794036948,NA,NA,NA,NA,NA,NA,NA,NA,NA,NA,NA,NA,0.708870530128479,0.291129469871521,0.291129469871521,0.708870530128479,-0.013109743595123291,-0.014697074890136719,0.014697074890136719,0.3042392134666443,0.6957607865333557,0.6475562453269958,0.35244375467300415,0.0585324764251709,-0.0585324764251709,-0.30368919956169127,0.30368919956169127,NA,NA,NA,NA,NA,NA,NA,NA,NA,NA,NA,NA,0,0,0,0,0,0,0,0,1,0,0,0,0,0,0,0,0,0,0,0,0,0,0,0,0,0,0,0,0,0,0,0,0,1,0,0,0,0,0,0,0,0,0,0,0,0,0,0,0,0,0,00-0011022,D.McNabb,NA,NA,NA,NA,NA,NA,NA,NA,NA,NA,NA,NA,NA,NA,NA,NA,NA,NA,NA,NA,NA,NA,NA,NA,NA,NA,NA,NA,NA,NA,NA,NA,NA,NA,NA,NA,NA,NA,NA,NA,NA,NA,NA,NA,NA,NA,NA,NA,NA,NA,NA,NA,NA,NA,NA,NA,NA,NA,NA,NA,NA,NA,NA,NA,NA,NA,NA,0,NA,NA,NA,NA,NA,NA,NA,NA,NA,NA,NA,NA,NA,NA,NA,NA,NA,NA,NA,NA,NA,NA,NA,NA,NA,NA,NA,NA,NA,NA,NA,0,NA,NA,NA,NA,0,NA,NA,0,0,0,0,NA,NA,2005,NA,NA,19,0,Punt,1233,"11/6/05, 20:37:32",2005-11-07T02:31:57Z,Commanders Field,"Clear Temp: 68° F, Humidity: 54%, Wind: South 15 mph",10012005-1106-1290-9e6c-abd41ad537a6,0,0,PASS,0,NA,NA,NA,8,Punt,2005-11-07T02:29:18Z,5,2:01,1,0,0,2,2,-5,PUNT,PUNT,08:47,06:46,PHI 45,WAS 49,1157,1327,10,17,Home,7,27,0,41,1,outdoors,grass,68,15,Joe Gibbs,Andy Reid,WAS00,FedExField,0,0,D.McNabb,5,NA,NA,B.Westbrook,36,1,0,0,0,1,00-0011022,NA,00-0021216,D.McNabb,5,00-0011022,NA,NA,B.Westbrook,00-0021216,0,1,-0.44317368930205703,NA,NA,NA,NA,NA,NA,NA
1252,2005_09_PHI_WAS,2005110612,WAS,PHI,REG,9,PHI,away,WAS,WAS,49,2005-11-06,422,422,2222,Half1,0,8,0,2,2,0,07:02,WAS 49,15,6,(7:02) 5-D.McNabb pass incomplete to 82-L.Smith (90-N.Clemons).,pass,0,0,0,1,0,0,0,NA,NA,NA,NA,NA,NA,NA,NA,NA,NA,3,3,0,NA,NA,NA,NA,3,3,3,7,7,3,4,7,3,4,0.22965270280838013,0.09397066384553909,0.0020760183688253164,0.15367206931114197,0.21341314911842346,0.004701884463429451,0.3025135397911072,0,0,1.4054694813676178,-0.9247926035895944,-5.963943029644856,5.963943029644856,3.1166656017885543,-3.1166656017885543,-7.080315336779886,7.080315336779886,NA,NA,NA,NA,NA,NA,NA,NA,NA,NA,NA,NA,0.6957607865333557,0.3042392134666443,0.3042392134666443,0.6957607865333557,-0.02843189239501953,-0.02912318706512451,0.02912318706512451,0.3326711058616638,0.6673288941383362,0.6328591704368591,0.36714082956314087,0.0585324764251709,-0.0585324764251709,-0.27525730716667174,0.27525730716667174,NA,NA,NA,NA,NA,NA,NA,NA,NA,NA,NA,NA,0,0,0,0,0,0,0,0,1,0,0,0,0,0,0,0,0,0,0,0,0,0,0,0,0,0,0,0,0,0,0,0,0,1,0,0,0,0,0,0,0,0,0,0,0,0,0,0,0,0,0,00-0011022,D.McNabb,NA,NA,NA,NA,NA,NA,NA,NA,NA,NA,NA,NA,NA,NA,NA,NA,NA,NA,NA,NA,NA,NA,NA,NA,NA,NA,NA,NA,NA,NA,NA,NA,NA,NA,NA,NA,NA,NA,NA,NA,NA,NA,NA,NA,NA,NA,NA,NA,NA,NA,NA,NA,NA,NA,NA,NA,NA,NA,NA,NA,NA,NA,NA,NA,NA,NA,NA,0,NA,NA,NA,NA,NA,NA,00-0021578,N.Clemons,NA,NA,NA,NA,NA,NA,NA,NA,NA,NA,NA,NA,NA,NA,NA,NA,NA,NA,NA,NA,NA,NA,NA,0,NA,NA,NA,NA,0,NA,NA,0,0,0,0,NA,NA,2005,NA,NA,19,0,Punt,1252,"11/6/05, 20:37:32",2005-11-07T02:32:39Z,Commanders Field,"Clear Temp: 68° F, Humidity: 54%, Wind: South 15 mph",10012005-1106-1290-9e6c-abd41ad537a6,0,0,PASS,0,NA,NA,NA,8,Punt,2005-11-07T02:29:18Z,5,2:01,1,0,0,2,2,-5,PUNT,PUNT,08:47,06:46,PHI 45,WAS 49,1157,1327,10,17,Home,7,27,0,41,1,outdoors,grass,68,15,Joe Gibbs,Andy Reid,WAS00,FedExField,0,0,D.McNabb,5,NA,NA,L.Smith,82,1,0,0,0,1,00-0011022,NA,00-0022126,D.McNabb,5,00-0011022,NA,NA,L.Smith,00-0022126,0,1,-0.9247926035895944,NA,NA,NA,NA,NA,NA,NA
1271,2005_09_PHI_WAS,2005110612,WAS,PHI,REG,9,NA,NA,NA,NA,NA,2005-11-06,418,418,2218,Half1,0,8,0,2,NA,0,06:58,WAS 49,0,6,Timeout #1 by PHI at 06:58.,no_play,0,0,0,0,0,0,0,NA,NA,NA,NA,NA,NA,NA,NA,NA,NA,3,2,1,PHI,NA,NA,NA,NA,NA,3,7,NA,NA,NA,NA,NA,NA,0,0,0,0,0,0,0,0,0,0.4806768777780235,-0,-5.963943029644856,5.963943029644856,3.1166656017885543,-3.1166656017885543,-7.080315336779886,7.080315336779886,NA,NA,NA,NA,NA,NA,NA,NA,NA,NA,NA,NA,0.6673288941383362,0.3326711058616638,0.3326711058616638,0.6673288941383362,-0,-0,0,NA,NA,0.6037359833717346,0.3962640166282654,0.0585324764251709,-0.0585324764251709,-0.27525730716667174,0.27525730716667174,NA,NA,NA,NA,NA,NA,NA,NA,NA,NA,NA,NA,0,0,0,0,0,0,0,0,0,0,0,0,0,0,0,0,0,0,0,0,0,0,0,0,0,0,0,0,0,0,0,0,0,0,0,0,0,0,0,0,0,0,0,0,0,0,0,0,0,0,0,NA,NA,NA,NA,NA,NA,NA,NA,NA,NA,NA,NA,NA,NA,NA,NA,NA,NA,NA,NA,NA,NA,NA,NA,NA,NA,NA,NA,NA,NA,NA,NA,NA,NA,NA,NA,NA,NA,NA,NA,NA,NA,NA,NA,NA,NA,NA,NA,NA,NA,NA,NA,NA,NA,NA,NA,NA,NA,NA,NA,NA,NA,NA,NA,NA,NA,NA,NA,NA,0,NA,NA,NA,NA,NA,NA,NA,NA,NA,NA,NA,NA,NA,NA,NA,NA,NA,NA,NA,NA,NA,NA,NA,NA,NA,NA,NA,NA,NA,NA,NA,0,NA,NA,NA,NA,0,NA,NA,0,0,0,0,NA,NA,2005,NA,NA,19,0,Punt,1271,"11/6/05, 20:37:32",NA,Commanders Field,"Clear Temp: 68° F, Humidity: 54%, Wind: South 15 mph",10012005-1106-1290-9e6c-abd41ad537a6,0,0,TIMEOUT,0,NA,NA,NA,8,Punt,2005-11-07T02:29:18Z,5,2:01,1,0,0,2,2,-5,PUNT,PUNT,08:47,06:46,PHI 45,WAS 49,1157,1327,10,17,Home,7,27,0,41,1,outdoors,grass,68,15,Joe Gibbs,Andy Reid,WAS00,FedExField,0,0,NA,NA,NA,NA,NA,NA,0,0,0,0,0,NA,NA,NA,NA,NA,NA,NA,NA,NA,NA,0,1,-0,NA,NA,NA,NA,NA,NA,NA
1297,2005_09_PHI_WAS,2005110612,WAS,PHI,REG,9,PHI,away,WAS,WAS,49,2005-11-06,418,418,2218,Half1,0,8,0,2,3,0,06:58,WAS 49,15,6,"(6:58) (Shotgun) 5-D.McNabb pass incomplete to 86-R.Brown. Penalty on PHI-73-S.Andrews, Offensive Holding, declined.",pass,0,1,0,1,0,0,0,NA,NA,NA,NA,NA,NA,NA,NA,NA,NA,3,2,0,NA,NA,NA,NA,2,3,3,7,7,3,4,7,3,4,0.27250936627388,0.11243949085474014,0.0021778906229883432,0.19416014850139618,0.18091411888599396,0.005172582343220711,0.23262637853622437,0,0,0.4806768777780235,-1.034186989068985,-4.929756040575871,4.929756040575871,3.1166656017885543,-3.1166656017885543,-6.046128347710901,6.046128347710901,NA,NA,NA,NA,NA,NA,NA,NA,NA,NA,NA,NA,0.6673288941383362,0.3326711058616638,0.3326711058616638,0.6673288941383362,-0.02827376127243042,-0.037854135036468506,0.037854135036468506,0.36094486713409424,0.6390551328659058,0.6037359833717346,0.3962640166282654,0.0585324764251709,-0.0585324764251709,-0.24698354589424132,0.24698354589424132,NA,NA,NA,NA,NA,NA,NA,NA,NA,NA,NA,NA,0,0,0,0,0,1,0,0,1,0,0,0,0,0,0,0,0,0,0,0,0,0,0,0,0,0,0,0,0,0,0,0,0,1,0,0,0,0,0,0,0,0,0,0,0,0,0,0,0,0,0,00-0011022,D.McNabb,NA,NA,NA,NA,NA,NA,NA,NA,NA,NA,NA,NA,NA,NA,NA,NA,NA,NA,NA,NA,NA,NA,NA,NA,NA,NA,NA,NA,NA,NA,NA,NA,NA,NA,NA,NA,NA,NA,NA,NA,NA,NA,NA,NA,NA,NA,NA,NA,NA,NA,NA,NA,NA,NA,NA,NA,NA,NA,NA,NA,NA,NA,NA,NA,NA,NA,NA,0,NA,NA,NA,NA,NA,NA,NA,NA,NA,NA,NA,NA,NA,NA,NA,NA,NA,NA,NA,NA,NA,NA,NA,NA,NA,NA,NA,NA,NA,NA,NA,0,NA,NA,NA,NA,0,NA,NA,0,0,0,0,NA,NA,2005,NA,NA,19,0,Punt,1297,"11/6/05, 20:37:32",2005-11-07T02:36:05Z,Commanders Field,"Clear Temp: 68° F, Humidity: 54%, Wind: South 15 mph",10012005-1106-1290-9e6c-abd41ad537a6,0,0,PASS,0,NA,NA,NA,8,Punt,2005-11-07T02:29:18Z,5,2:01,1,0,0,2,2,-5,PUNT,PUNT,08:47,06:46,PHI 45,WAS 49,1157,1327,10,17,Home,7,27,0,41,1,outdoors,grass,68,15,Joe Gibbs,Andy Reid,WAS00,FedExField,0,0,D.McNabb,5,NA,NA,R.Brown,86,1,0,0,0,1,00-0011022,NA,00-0023470,D.McNabb,5,00-0011022,NA,NA,R.Brown,00-0023470,0,1,-1.034186989068985,NA,NA,NA,NA,NA,NA,NA
1327,2005_09_PHI_WAS,2005110612,WAS,PHI,REG,9,PHI,away,WAS,WAS,49,2005-11-06,411,411,2211,Half1,0,8,0,2,4,0,06:51,WAS 49,15,6,"(6:51) 3-R.Hodges punts 29 yards to WAS 20, Center-88-M.Bartrum, fair catch by 83-J.Thrash.",punt,0,0,0,0,0,0,0,NA,NA,NA,NA,NA,NA,NA,29,NA,NA,3,2,0,NA,NA,NA,NA,2,3,3,7,7,3,4,7,3,4,0.30906596779823303,0.14531943202018738,0.002595966449007392,0.24307794868946075,0.11855261027812958,0.007237694691866636,0.17415036261081696,0,0,-0.5535101112909615,-0.14183563087135553,-4.787920409704515,4.787920409704515,3.1166656017885543,-3.1166656017885543,-6.046128347710901,6.046128347710901,NA,NA,NA,NA,NA,NA,NA,NA,NA,NA,NA,NA,0.6390551328659058,0.36094486713409424,0.36094486713409424,0.6390551328659058,-0.021282702684402466,0.07992628216743469,-0.07992628216743469,0.3822275698184967,0.6177724301815033,0.5658818483352661,0.4341181516647339,0.0585324764251709,-0.0585324764251709,-0.24698354589424132,0.24698354589424132,NA,NA,NA,NA,NA,NA,NA,NA,NA,NA,NA,NA,0,0,0,0,0,0,0,0,0,0,0,0,0,0,0,1,0,0,0,0,0,0,0,0,0,0,0,0,0,0,0,0,0,0,0,0,0,0,0,0,0,0,0,1,0,0,0,0,0,0,0,NA,NA,NA,NA,NA,NA,NA,NA,NA,NA,NA,NA,NA,NA,NA,NA,NA,NA,NA,NA,NA,00-0016440,J.Thrash,NA,NA,NA,NA,NA,NA,00-0023642,R.Hodges,NA,NA,NA,NA,NA,NA,NA,NA,NA,NA,NA,NA,NA,NA,NA,NA,NA,NA,NA,NA,NA,NA,NA,NA,NA,NA,NA,NA,NA,NA,NA,NA,NA,NA,NA,NA,NA,NA,0,NA,NA,NA,NA,NA,NA,NA,NA,NA,NA,NA,NA,NA,NA,NA,NA,NA,NA,NA,NA,NA,NA,NA,NA,NA,NA,NA,NA,NA,NA,WAS,0,NA,NA,NA,NA,0,NA,NA,0,0,0,0,NA,NA,2005,NA,NA,19,0,Punt,1327,"11/6/05, 20:37:32",2005-11-07T02:36:51Z,Commanders Field,"Clear Temp: 68° F, Humidity: 54%, Wind: South 15 mph",10012005-1106-1290-9e6c-abd41ad537a6,0,0,PUNT,1,NA,NA,NA,8,Punt,2005-11-07T02:29:18Z,5,2:01,1,0,0,2,2,-5,PUNT,PUNT,08:47,06:46,PHI 45,WAS 49,1157,1327,10,17,Home,7,27,0,41,1,outdoors,grass,68,15,Joe Gibbs,Andy Reid,WAS00,FedExField,0,0,NA,NA,NA,NA,NA,NA,0,0,0,1,0,NA,NA,NA,NA,NA,NA,NA,NA,NA,NA,0,1,-0.14183563087135553,NA,NA,NA,NA,NA,NA,NA
1350,2005_09_PHI_WAS,2005110612,WAS,PHI,REG,9,WAS,home,PHI,WAS,79,2005-11-06,406,406,2206,Half1,0,9,0,2,1,0,06:46,WAS 21,10,79,(6:46) 26-C.Portis right end to WAS 36 for 15 yards (26-L.Sheppard).,run,15,0,0,0,0,0,0,NA,NA,NA,NA,right,end,NA,NA,NA,NA,3,2,0,NA,NA,NA,NA,3,2,3,7,3,7,-4,3,7,-4,0.2911352813243866,0.12760500609874725,0.003128743963316083,0.1671196073293686,0.1523873656988144,0.0026549305766820908,0.2559690773487091,0,0,0.695345742162317,1.0220160307362676,-3.7659043789682483,3.7659043789682483,4.138681632524822,-4.138681632524822,-6.046128347710901,6.046128347710901,NA,NA,NA,NA,NA,NA,NA,NA,NA,NA,NA,NA,0.3822275698184967,0.6177724301815033,0.3822275698184967,0.6177724301815033,0.03231057524681091,0.031862884759902954,0.031862884759902954,0.4145381450653076,0.5854618549346924,0.3541918694972992,0.3541918694972992,0.09084305167198181,-0.09084305167198181,-0.24698354589424132,0.24698354589424132,NA,NA,NA,NA,NA,NA,NA,NA,NA,NA,NA,NA,0,1,0,0,0,0,0,0,0,0,0,0,0,0,0,0,0,0,0,0,0,0,0,0,1,0,0,0,0,0,0,0,1,0,0,0,0,0,0,0,0,0,0,0,0,0,0,0,0,0,0,NA,NA,NA,NA,NA,NA,00-0021179,C.Portis,15,NA,NA,NA,NA,NA,NA,NA,NA,NA,NA,NA,NA,NA,NA,NA,NA,NA,NA,NA,NA,NA,NA,NA,NA,NA,NA,NA,NA,NA,NA,NA,NA,NA,NA,NA,NA,NA,NA,NA,NA,NA,NA,PHI,NA,00-0021157,NA,L.Sheppard,NA,NA,NA,NA,NA,NA,NA,NA,NA,NA,NA,NA,NA,0,NA,NA,NA,NA,NA,NA,NA,NA,NA,NA,NA,NA,NA,NA,NA,NA,NA,NA,NA,NA,NA,NA,NA,NA,NA,NA,NA,NA,NA,NA,NA,0,NA,NA,NA,NA,0,NA,NA,0,0,0,0,NA,NA,2005,NA,NA,20,1,First down,1350,"11/6/05, 20:37:32",2005-11-07T02:37:41Z,Commanders Field,"Clear Temp: 68° F, Humidity: 54%, Wind: South 15 mph",10012005-1106-1290-9e6c-abd41ad537a6,0,0,RUSH,0,NA,NA,NA,9,Touchdown,2005-11-07T02:37:41Z,5,2:29,4,1,1,2,2,39,PUNT,TOUCHDOWN,06:46,04:17,WAS 21,PHI 1,1350,1516,10,17,Home,7,27,0,41,1,outdoors,grass,68,15,Joe Gibbs,Andy Reid,WAS00,FedExField,0,1,NA,NA,C.Portis,26,NA,NA,0,1,1,0,1,NA,00-0021179,NA,C.Portis,26,00-0021179,C.Portis,00-0021179,C.Portis,00-0021179,0,1,1.0220160307362676,NA,NA,NA,NA,NA,NA,NA
1371,2005_09_PHI_WAS,2005110612,WAS,PHI,REG,9,WAS,home,PHI,WAS,64,2005-11-06,366,366,2166,Half1,0,9,0,2,1,0,06:06,WAS 36,10,79,(6:06) 26-C.Portis right end to WAS 40 for 4 yards (93-J.Kearse).,run,4,0,0,0,0,0,0,NA,NA,NA,NA,right,end,NA,NA,NA,NA,3,2,0,NA,NA,NA,NA,3,2,3,7,3,7,-4,3,7,-4,0.27992743253707886,0.08420438319444656,0.0018012039363384247,0.12364055961370468,0.17941057682037354,0.0032562848646193743,0.3277595639228821,0,0,1.7173617728985846,-0.2842186167836189,-4.050122995751867,4.050122995751867,3.854463015741203,-3.854463015741203,-6.046128347710901,6.046128347710901,NA,NA,NA,NA,NA,NA,NA,NA,NA,NA,NA,NA,0.4145381450653076,0.5854618549346924,0.4145381450653076,0.5854618549346924,-0.009824663400650024,-0.006678938865661621,-0.006678938865661621,0.4047134816646576,0.5952865183353424,0.38605475425720215,0.38605475425720215,0.08101838827133179,-0.08101838827133179,-0.24698354589424132,0.24698354589424132,NA,NA,NA,NA,NA,NA,NA,NA,NA,NA,NA,NA,0,0,0,0,0,0,0,0,0,0,0,0,0,0,0,0,0,0,0,0,0,0,0,0,1,0,0,0,0,0,0,0,1,0,0,0,0,0,0,0,0,0,0,0,0,0,0,0,0,0,0,NA,NA,NA,NA,NA,NA,00-0021179,C.Portis,4,NA,NA,NA,NA,NA,NA,NA,NA,NA,NA,NA,NA,NA,NA,NA,NA,NA,NA,NA,NA,NA,NA,NA,NA,NA,NA,NA,NA,NA,NA,NA,NA,NA,NA,NA,NA,NA,NA,NA,NA,NA,NA,PHI,NA,00-0009056,NA,J.Kearse,NA,NA,NA,NA,NA,NA,NA,NA,NA,NA,NA,NA,NA,0,NA,NA,NA,NA,NA,NA,NA,NA,NA,NA,NA,NA,NA,NA,NA,NA,NA,NA,NA,NA,NA,NA,NA,NA,NA,NA,NA,NA,NA,NA,NA,0,NA,NA,NA,NA,0,NA,NA,0,0,0,0,NA,NA,2005,NA,NA,21,1,First down,1371,"11/6/05, 20:37:32",2005-11-07T02:38:22Z,Commanders Field,"Clear Temp: 68° F, Humidity: 54%, Wind: South 15 mph",10012005-1106-1290-9e6c-abd41ad537a6,0,0,RUSH,0,NA,NA,NA,9,Touchdown,2005-11-07T02:37:41Z,5,2:29,4,1,1,2,2,39,PUNT,TOUCHDOWN,06:46,04:17,WAS 21,PHI 1,1350,1516,10,17,Home,7,27,0,41,1,outdoors,grass,68,15,Joe Gibbs,Andy Reid,WAS00,FedExField,0,0,NA,NA,C.Portis,26,NA,NA,0,1,0,0,1,NA,00-0021179,NA,C.Portis,26,00-0021179,C.Portis,00-0021179,C.Portis,00-0021179,0,1,-0.2842186167836189,NA,NA,NA,NA,NA,NA,NA
1392,2005_09_PHI_WAS,2005110612,WAS,PHI,REG,9,WAS,home,PHI,WAS,60,2005-11-06,329,329,2129,Half1,0,9,0,2,2,0,05:29,WAS 40,6,79,(5:29) 89-S.Moss right end pushed ob at WAS 42 for 2 yards (20-B.Dawkins).,run,2,0,0,0,0,0,0,NA,NA,NA,NA,right,end,NA,NA,NA,NA,3,2,0,NA,NA,NA,NA,3,2,3,7,3,7,-4,3,7,-4,0.31034553050994873,0.08183658123016357,0.0015411979984492064,0.1289539486169815,0.18425677716732025,0.00396382249891758,0.28910213708877563,0,0,1.4331431561149657,-0.2847550541628152,-4.334878049914682,4.334878049914682,3.5697079615783878,-3.5697079615783878,-6.046128347710901,6.046128347710901,NA,NA,NA,NA,NA,NA,NA,NA,NA,NA,NA,NA,0.4047134816646576,0.5952865183353424,0.4047134816646576,0.5952865183353424,-0.01685643196105957,-0.022265106439590454,-0.022265106439590454,0.387857049703598,0.612142950296402,0.3793758153915405,0.3793758153915405,0.06416195631027222,-0.06416195631027222,-0.24698354589424132,0.24698354589424132,NA,NA,NA,NA,NA,NA,NA,NA,NA,NA,NA,NA,0,0,0,0,0,0,0,0,0,0,0,0,0,0,0,0,0,0,0,0,0,0,0,0,1,0,0,0,0,0,0,0,1,0,0,0,0,0,0,0,0,0,0,0,0,0,0,0,0,0,0,NA,NA,NA,NA,NA,NA,00-0020494,S.Moss,2,NA,NA,NA,NA,NA,NA,NA,NA,NA,NA,NA,NA,NA,NA,NA,NA,NA,NA,NA,NA,NA,NA,NA,NA,NA,NA,NA,NA,NA,NA,NA,NA,NA,NA,NA,NA,NA,NA,NA,NA,NA,NA,PHI,NA,00-0004073,NA,B.Dawkins,NA,NA,NA,NA,NA,NA,NA,NA,NA,NA,NA,NA,NA,0,NA,NA,NA,NA,NA,NA,NA,NA,NA,NA,NA,NA,NA,NA,NA,NA,NA,NA,NA,NA,NA,NA,NA,NA,NA,NA,NA,NA,NA,NA,NA,0,NA,NA,NA,NA,0,NA,NA,0,0,0,0,NA,NA,2005,NA,NA,21,1,First down,1392,"11/6/05, 20:37:32",2005-11-07T02:38:58Z,Commanders Field,"Clear Temp: 68° F, Humidity: 54%, Wind: South 15 mph",10012005-1106-1290-9e6c-abd41ad537a6,0,0,RUSH,0,NA,NA,NA,9,Touchdown,2005-11-07T02:37:41Z,5,2:29,4,1,1,2,2,39,PUNT,TOUCHDOWN,06:46,04:17,WAS 21,PHI 1,1350,1516,10,17,Home,7,27,0,41,1,outdoors,grass,68,15,Joe Gibbs,Andy Reid,WAS00,FedExField,0,0,NA,NA,S.Moss,89,NA,NA,0,1,0,0,1,NA,00-0020494,NA,S.Moss,89,00-0020494,S.Moss,00-0020494,S.Moss,00-0020494,1,1,-0.2847550541628152,NA,NA,NA,NA,NA,NA,NA
1413,2005_09_PHI_WAS,2005110612,WAS,PHI,REG,9,WAS,home,PHI,WAS,58,2005-11-06,309,309,2109,Half1,0,9,0,2,3,0,05:09,WAS 42,4,79,(5:09) (Shotgun) 8-M.Brunell pass to 47-C.Cooley to PHI 40 for 18 yards (24-S.Brown; 29-R.Hood).,pass,18,1,0,1,0,0,0,NA,NA,NA,NA,NA,NA,NA,NA,NA,NA,3,2,0,NA,NA,NA,NA,3,2,3,7,3,7,-4,3,7,-4,0.32336825132369995,0.0889509990811348,0.0013542802771553397,0.14099757373332977,0.1727665364742279,0.00426070298999548,0.26830166578292847,0,0,1.1483881019521505,1.8443184456555173,-2.490559604259165,2.490559604259165,3.5697079615783878,-3.5697079615783878,-4.201809902055384,4.201809902055384,NA,NA,NA,NA,NA,NA,NA,NA,NA,NA,NA,NA,0.387857049703598,0.612142950296402,0.387857049703598,0.612142950296402,0.0740429162979126,0.09499967098236084,0.09499967098236084,0.4618999660015106,0.5381000339984894,0.3571107089519501,0.3571107089519501,0.06416195631027222,-0.06416195631027222,-0.17294062959632872,0.17294062959632872,NA,NA,NA,NA,NA,NA,NA,NA,NA,NA,NA,NA,0,0,1,0,1,0,0,0,0,0,0,0,0,0,0,0,0,0,0,0,0,0,0,0,0,0,0,0,0,0,0,0,0,1,0,0,0,0,0,0,0,0,0,0,0,1,1,0,0,0,0,00-0002110,M.Brunell,18,00-0022738,C.Cooley,18,NA,NA,NA,NA,NA,NA,NA,NA,NA,NA,NA,NA,NA,NA,NA,NA,NA,NA,NA,NA,NA,NA,NA,NA,NA,NA,NA,NA,NA,NA,NA,NA,NA,NA,NA,NA,NA,NA,NA,NA,NA,NA,NA,NA,NA,NA,NA,NA,NA,NA,NA,00-0021186,S.Brown,PHI,00-0021503,R.Hood,PHI,NA,NA,NA,NA,NA,NA,0,NA,NA,NA,NA,NA,NA,NA,NA,NA,NA,NA,NA,NA,NA,NA,NA,NA,NA,NA,NA,NA,NA,NA,NA,NA,NA,NA,NA,NA,NA,NA,0,NA,NA,NA,NA,0,NA,NA,0,0,0,0,NA,NA,2005,NA,NA,21,1,First down,1413,"11/6/05, 20:37:32",2005-11-07T02:39:34Z,Commanders Field,"Clear Temp: 68° F, Humidity: 54%, Wind: South 15 mph",10012005-1106-1290-9e6c-abd41ad537a6,0,0,PASS,0,NA,NA,NA,9,Touchdown,2005-11-07T02:37:41Z,5,2:29,4,1,1,2,2,39,PUNT,TOUCHDOWN,06:46,04:17,WAS 21,PHI 1,1350,1516,10,17,Home,7,27,0,41,1,outdoors,grass,68,15,Joe Gibbs,Andy Reid,WAS00,FedExField,0,1,M.Brunell,8,NA,NA,C.Cooley,47,1,0,1,0,1,00-0002110,NA,00-0022738,M.Brunell,8,00-0002110,C.Cooley,00-0022738,C.Cooley,00-0022738,0,1,1.8443184456555173,NA,NA,NA,NA,NA,NA,NA
1434,2005_09_PHI_WAS,2005110612,WAS,PHI,REG,9,WAS,home,PHI,PHI,40,2005-11-06,268,268,2068,Half1,0,9,0,2,1,0,04:28,PHI 40,10,79,"(4:28) (Shotgun) 8-M.Brunell pass incomplete to 80-D.Patten. PENALTY on PHI-26-L.Sheppard, Defensive Pass Interference, 39 yards, enforced at PHI 40 - No Play.",no_play,0,1,0,0,0,0,0,NA,NA,NA,NA,NA,NA,NA,NA,NA,NA,3,2,0,NA,NA,NA,NA,3,2,3,7,3,7,-4,3,7,-4,0.25436651706695557,0.043893542140722275,3.350325278006494e-4,0.05919238552451134,0.23490853607654572,0.003289882093667984,0.40401408076286316,0,0,2.9927065476076677,3.33383200908429,0.8432724048251249,-0.8432724048251249,3.5697079615783878,-3.5697079615783878,-4.201809902055384,4.201809902055384,NA,NA,NA,NA,NA,NA,NA,NA,NA,NA,NA,NA,0.4618999660015106,0.5381000339984894,0.4618999660015106,0.5381000339984894,0.1259007751941681,0.19251635670661926,0.19251635670661926,0.5878007411956787,0.4121992588043213,0.4521103799343109,0.4521103799343109,0.06416195631027222,-0.06416195631027222,-0.17294062959632872,0.17294062959632872,NA,NA,NA,NA,NA,NA,NA,NA,NA,NA,NA,NA,0,0,0,1,0,0,0,0,0,0,0,0,0,0,0,0,0,0,0,0,0,0,0,0,0,0,1,0,0,0,0,0,0,0,0,0,0,0,0,0,0,0,0,0,0,0,0,0,0,0,0,NA,NA,NA,NA,NA,NA,NA,NA,NA,NA,NA,NA,NA,NA,NA,NA,NA,NA,NA,NA,NA,NA,NA,NA,NA,NA,NA,NA,NA,NA,NA,NA,NA,NA,NA,NA,NA,NA,NA,NA,NA,NA,NA,NA,NA,NA,NA,NA,NA,NA,NA,NA,NA,NA,NA,NA,NA,NA,NA,NA,NA,NA,NA,NA,NA,NA,NA,NA,NA,0,NA,NA,NA,NA,NA,NA,NA,NA,NA,NA,NA,NA,NA,NA,NA,NA,NA,NA,NA,NA,NA,NA,NA,NA,NA,NA,NA,NA,NA,NA,NA,0,PHI,00-0021157,L.Sheppard,39,0,NA,Defensive Pass Interference,0,0,0,0,NA,NA,2005,NA,NA,22,1,First down,1434,"11/6/05, 20:37:32",2005-11-07T02:40:15Z,Commanders Field,"Clear Temp: 68° F, Humidity: 54%, Wind: South 15 mph",10012005-1106-1290-9e6c-abd41ad537a6,0,0,PENALTY,0,NA,NA,NA,9,Touchdown,2005-11-07T02:37:41Z,5,2:29,4,1,1,2,2,39,PUNT,TOUCHDOWN,06:46,04:17,WAS 21,PHI 1,1350,1516,10,17,Home,7,27,0,41,1,outdoors,grass,68,15,Joe Gibbs,Andy Reid,WAS00,FedExField,0,1,M.Brunell,8,NA,NA,D.Patten,80,1,0,1,0,1,00-0002110,NA,00-0012642,M.Brunell,8,00-0002110,NA,NA,D.Patten,00-0012642,0,1,3.33383200908429,NA,NA,NA,NA,NA,NA,NA
1464,2005_09_PHI_WAS,2005110612,WAS,PHI,REG,9,WAS,home,PHI,PHI,1,2005-11-06,261,261,2061,Half1,0,9,1,2,1,1,04:21,PHI 1,1,79,"(4:21) 45-M.Sellers up the middle for 1 yard, TOUCHDOWN. Play Challenged by PHI and Upheld. (Timeout #2 by PHI at 04:17.)",run,1,0,0,0,0,0,0,NA,NA,NA,NA,middle,NA,NA,NA,NA,NA,3,1,1,PHI,WAS,M.Sellers,00-0014655,3,1,9,7,3,7,-4,9,7,2,0.03542778268456459,0.004036273341625929,1.3377740106079727e-4,0.007336198352277279,0.06867111474275589,0.0013017811579629779,0.8830930590629578,0,0,6.326538556691958,0.6734614433080424,1.5167338481331671,-1.5167338481331671,4.24316940488643,-4.24316940488643,-4.201809902055384,4.201809902055384,NA,NA,NA,NA,NA,NA,NA,NA,NA,NA,NA,NA,0.5878007411956787,0.4121992588043213,0.5878007411956787,0.4121992588043213,0.011379637390846353,-0.003738123232294499,-0.003738123232294499,0.5991803785865251,0.40081962141347494,0.6446267366409302,0.6446267366409302,0.07554159370111857,-0.07554159370111857,-0.17294062959632872,0.17294062959632872,NA,NA,NA,NA,NA,NA,NA,NA,NA,NA,NA,NA,0,1,0,0,0,0,0,0,0,0,0,0,0,0,0,0,0,0,0,0,0,0,0,0,0,0,0,0,0,0,0,0,1,0,0,1,0,1,0,0,0,0,0,0,0,0,0,0,0,0,0,NA,NA,NA,NA,NA,NA,00-0014655,M.Sellers,1,NA,NA,NA,NA,NA,NA,NA,NA,NA,NA,NA,NA,NA,NA,NA,NA,NA,NA,NA,NA,NA,NA,NA,NA,NA,NA,NA,NA,NA,NA,NA,NA,NA,NA,NA,NA,NA,NA,NA,NA,NA,NA,NA,NA,NA,NA,NA,NA,NA,NA,NA,NA,NA,NA,NA,NA,NA,NA,NA,NA,0,NA,NA,NA,NA,NA,NA,NA,NA,NA,NA,NA,NA,NA,NA,NA,NA,NA,NA,NA,NA,NA,NA,NA,NA,NA,NA,NA,NA,NA,NA,NA,0,NA,NA,NA,NA,1,upheld,NA,0,0,0,0,NA,NA,2005,NA,NA,23,1,Touchdown,1464,"11/6/05, 20:37:32",2005-11-07T02:41:41Z,Commanders Field,"Clear Temp: 68° F, Humidity: 54%, Wind: South 15 mph",10012005-1106-1290-9e6c-abd41ad537a6,0,0,RUSH,0,NA,NA,NA,9,Touchdown,2005-11-07T02:37:41Z,5,2:29,4,1,1,2,2,39,PUNT,TOUCHDOWN,06:46,04:17,WAS 21,PHI 1,1350,1516,10,17,Home,7,27,0,41,1,outdoors,grass,68,15,Joe Gibbs,Andy Reid,WAS00,FedExField,0,1,NA,NA,M.Sellers,45,NA,NA,0,1,1,0,1,NA,00-0014655,NA,M.Sellers,45,00-0014655,M.Sellers,00-0014655,M.Sellers,00-0014655,0,1,0.6734614433080424,NA,NA,NA,NA,NA,NA,NA
1516,2005_09_PHI_WAS,2005110612,WAS,PHI,REG,9,WAS,home,PHI,PHI,2,2005-11-06,257,257,2057,Half1,0,9,1,2,NA,0,04:17,PHI 2,0,79,"10-J.Hall extra point is GOOD, Center-71-E.Albright, Holder-4-D.Frost.",extra_point,0,0,0,0,0,0,0,NA,NA,NA,NA,NA,NA,NA,20,good,NA,3,1,0,NA,NA,NA,NA,3,1,10,7,9,7,2,10,7,3,0,0,0,0,0,0,0,0.9862267078059223,0,0.9862267078059223,0.013773292194077746,1.530507140327245,-1.530507140327245,4.24316940488643,-4.24316940488643,-4.201809902055384,4.201809902055384,NA,NA,NA,NA,NA,NA,NA,NA,NA,NA,NA,NA,0.5991803785865251,0.40081962141347494,0.5991803785865251,0.40081962141347494,0.011979571908241171,0.015320468002726018,0.015320468002726018,0.6111599504947662,0.38884004950523376,0.6408886134086357,0.6408886134086357,0.07554159370111857,-0.07554159370111857,-0.17294062959632872,0.17294062959632872,NA,NA,NA,NA,NA,NA,NA,NA,NA,NA,NA,NA,0,0,0,0,0,0,0,0,0,0,0,0,0,0,0,0,0,0,0,0,0,0,0,0,0,0,0,0,0,0,0,0,0,0,0,0,0,0,0,1,0,0,0,0,0,0,0,0,0,0,0,NA,NA,NA,NA,NA,NA,NA,NA,NA,NA,NA,NA,NA,NA,NA,NA,NA,NA,NA,NA,NA,NA,NA,NA,NA,NA,NA,NA,NA,NA,NA,J.Hall,00-0006662,NA,NA,NA,NA,NA,NA,NA,NA,NA,NA,NA,NA,NA,NA,NA,NA,NA,NA,NA,NA,NA,NA,NA,NA,NA,NA,NA,NA,NA,NA,NA,NA,NA,NA,NA,NA,0,NA,NA,NA,NA,NA,NA,NA,NA,NA,NA,NA,NA,NA,NA,NA,NA,NA,NA,NA,NA,NA,NA,NA,NA,NA,NA,NA,NA,NA,NA,NA,0,NA,NA,NA,NA,0,NA,NA,0,0,0,0,NA,NA,2005,NA,NA,23,1,Touchdown,1516,"11/6/05, 20:37:32",2005-11-07T02:45:24Z,Commanders Field,"Clear Temp: 68° F, Humidity: 54%, Wind: South 15 mph",10012005-1106-1290-9e6c-abd41ad537a6,0,0,XP_KICK,1,NA,NA,NA,9,Touchdown,2005-11-07T02:37:41Z,5,2:29,4,1,1,2,2,39,PUNT,TOUCHDOWN,06:46,04:17,WAS 21,PHI 1,1350,1516,10,17,Home,7,27,0,41,1,outdoors,grass,68,15,Joe Gibbs,Andy Reid,WAS00,FedExField,0,1,NA,NA,NA,NA,NA,NA,0,0,0,1,0,NA,NA,NA,NA,NA,NA,NA,NA,NA,NA,0,1,0.013773292194077746,NA,NA,NA,NA,NA,NA,NA
1532,2005_09_PHI_WAS,2005110612,WAS,PHI,REG,9,PHI,away,WAS,WAS,30,2005-11-06,257,257,2057,Half1,0,10,0,2,NA,0,04:17,WAS 30,0,9,"10-J.Hall kicks 67 yards from WAS 30 to PHI 3. 29-R.Hood ran ob at PHI 38 for 35 yards. PENALTY on PHI-21-M.Ware, Offensive Holding, 10 yards, enforced at PHI 28.",kickoff,0,0,0,0,0,0,0,NA,NA,NA,NA,NA,NA,NA,67,NA,NA,3,1,0,NA,NA,NA,NA,1,3,10,7,7,10,-3,7,10,-3,0.44725826382637024,0.08433421701192856,0.0017911738250404596,0.15608684718608856,0.10228917002677917,0.0021462796721607447,0.20609399676322937,0,0,0.4046251177787781,-0.23411099426448345,1.7646181345917284,-1.7646181345917284,4.24316940488643,-4.24316940488643,-4.201809902055384,4.201809902055384,NA,NA,NA,NA,NA,NA,NA,NA,NA,NA,NA,NA,0.38884004950523376,0.6111599504947662,0.6111599504947662,0.38884004950523376,-0,-0.004709511995315552,0.004709511995315552,0.6111599504947662,0.38884004950523376,0.3437909185886383,0.6562090814113617,0.07554159370111857,-0.07554159370111857,-0.17294062959632872,0.17294062959632872,NA,NA,NA,NA,NA,NA,NA,NA,NA,NA,NA,NA,0,0,0,0,0,0,0,0,0,0,0,0,0,0,0,0,0,0,0,0,0,0,0,0,0,0,1,0,0,0,0,0,0,0,0,0,0,0,0,0,0,0,1,0,0,0,0,0,0,0,0,NA,NA,NA,NA,NA,NA,NA,NA,NA,NA,NA,NA,NA,NA,NA,NA,NA,NA,NA,NA,NA,NA,NA,NA,NA,R.Hood,00-0021503,NA,NA,NA,NA,J.Hall,00-0006662,NA,NA,NA,NA,NA,NA,NA,NA,NA,NA,NA,NA,NA,NA,NA,NA,NA,NA,NA,NA,NA,NA,NA,NA,NA,NA,NA,NA,NA,NA,NA,NA,NA,NA,NA,NA,0,NA,NA,NA,NA,NA,NA,NA,NA,NA,NA,NA,NA,NA,NA,NA,NA,NA,NA,NA,NA,NA,NA,NA,NA,NA,NA,NA,NA,NA,NA,PHI,25,PHI,00-0022786,M.Ware,10,0,NA,Offensive Holding,0,0,0,0,NA,NA,2005,NA,NA,24,0,Punt,1532,"11/6/05, 20:37:32",2005-11-07T02:47:09Z,Commanders Field,"Clear Temp: 68° F, Humidity: 54%, Wind: South 15 mph",10012005-1106-1290-9e6c-abd41ad537a6,0,0,KICK_OFF,1,NA,NA,NA,10,Punt,2005-11-07T02:47:09Z,3,1:33,0,0,0,2,2,0,KICKOFF,PUNT,04:17,02:44,PHI 18,PHI 27,1532,1631,10,17,Home,7,27,0,41,1,outdoors,grass,68,15,Joe Gibbs,Andy Reid,WAS00,FedExField,0,0,NA,NA,NA,NA,NA,NA,0,0,0,1,0,NA,NA,NA,NA,NA,NA,NA,NA,NA,NA,1,1,-0.23411099426448345,NA,NA,NA,NA,NA,NA,NA
1570,2005_09_PHI_WAS,2005110612,WAS,PHI,REG,9,PHI,away,WAS,PHI,82,2005-11-06,251,251,2051,Half1,0,10,0,2,1,0,04:11,PHI 18,10,9,(4:11) 5-D.McNabb pass incomplete to 36-B.Westbrook.,pass,0,0,0,1,0,0,0,NA,NA,NA,NA,NA,NA,NA,NA,NA,NA,3,1,0,NA,NA,NA,NA,1,3,10,7,7,10,-3,7,10,-3,0.4752962589263916,0.083644963800907135,0.0022688102908432484,0.1614047884941101,0.09379173815250397,0.0021418570540845394,0.18145160377025604,0,0,0.17051412351429462,-0.39777743723243475,2.162395571824163,-2.162395571824163,4.24316940488643,-4.24316940488643,-3.804032464822949,3.804032464822949,NA,NA,NA,NA,NA,NA,NA,NA,NA,NA,NA,NA,0.38884004950523376,0.6111599504947662,0.6111599504947662,0.38884004950523376,-0.011076241731643677,-0.011868923902511597,0.011868923902511597,0.6222361922264099,0.3777638077735901,0.33908140659332275,0.6609185934066772,0.07554159370111857,-0.07554159370111857,-0.16186438786468504,0.16186438786468504,NA,NA,NA,NA,NA,NA,NA,NA,NA,NA,NA,NA,0,0,0,0,0,0,0,0,1,0,0,0,0,0,0,0,0,0,0,0,0,0,0,0,0,0,0,0,0,0,0,0,0,1,0,0,0,0,0,0,0,0,0,0,0,0,0,0,0,0,0,00-0011022,D.McNabb,NA,NA,NA,NA,NA,NA,NA,NA,NA,NA,NA,NA,NA,NA,NA,NA,NA,NA,NA,NA,NA,NA,NA,NA,NA,NA,NA,NA,NA,NA,NA,NA,NA,NA,NA,NA,NA,NA,NA,NA,NA,NA,NA,NA,NA,NA,NA,NA,NA,NA,NA,NA,NA,NA,NA,NA,NA,NA,NA,NA,NA,NA,NA,NA,NA,NA,NA,0,NA,NA,NA,NA,NA,NA,NA,NA,NA,NA,NA,NA,NA,NA,NA,NA,NA,NA,NA,NA,NA,NA,NA,NA,NA,NA,NA,NA,NA,NA,NA,0,NA,NA,NA,NA,0,NA,NA,0,0,0,0,NA,NA,2005,NA,NA,24,0,Punt,1570,"11/6/05, 20:37:32",2005-11-07T02:48:17Z,Commanders Field,"Clear Temp: 68° F, Humidity: 54%, Wind: South 15 mph",10012005-1106-1290-9e6c-abd41ad537a6,0,0,PASS,0,NA,NA,NA,10,Punt,2005-11-07T02:47:09Z,3,1:33,0,0,0,2,2,0,KICKOFF,PUNT,04:17,02:44,PHI 18,PHI 27,1532,1631,10,17,Home,7,27,0,41,1,outdoors,grass,68,15,Joe Gibbs,Andy Reid,WAS00,FedExField,0,0,D.McNabb,5,NA,NA,B.Westbrook,36,1,0,0,0,1,00-0011022,NA,00-0021216,D.McNabb,5,00-0011022,NA,NA,B.Westbrook,00-0021216,0,1,-0.39777743723243475,NA,NA,NA,NA,NA,NA,NA
1589,2005_09_PHI_WAS,2005110612,WAS,PHI,REG,9,PHI,away,WAS,PHI,82,2005-11-06,247,247,2047,Half1,0,10,0,2,2,0,04:07,PHI 18,10,9,(4:07) 25-L.Gordon left tackle to PHI 23 for 5 yards (93-P.Daniels).,run,5,0,0,0,0,0,0,NA,NA,NA,NA,left,tackle,NA,NA,NA,NA,3,1,0,NA,NA,NA,NA,1,3,10,7,7,10,-3,7,10,-3,0.46405792236328125,0.09417060762643814,0.002493510255590081,0.18970991671085358,0.08711957931518555,0.0020586622413247824,0.16038984060287476,0,0,-0.22726331371814013,-0.024886632338166237,2.1872822041623294,-2.1872822041623294,4.268056037224596,-4.268056037224596,-3.804032464822949,3.804032464822949,NA,NA,NA,NA,NA,NA,NA,NA,NA,NA,NA,NA,0.3777638077735901,0.6222361922264099,0.6222361922264099,0.3777638077735901,-0.013403475284576416,-0.006663650274276733,0.006663650274276733,0.6356396675109863,0.36436033248901367,0.32721248269081116,0.6727875173091888,0.08894506898569499,-0.08894506898569499,-0.16186438786468504,0.16186438786468504,NA,NA,NA,NA,NA,NA,NA,NA,NA,NA,NA,NA,0,0,0,0,0,0,0,0,0,0,0,0,0,0,0,0,0,0,0,0,0,0,0,0,1,0,0,0,0,0,0,0,1,0,0,0,0,0,0,0,0,0,0,0,0,0,0,0,0,0,0,NA,NA,NA,NA,NA,NA,00-0021209,L.Gordon,5,NA,NA,NA,NA,NA,NA,NA,NA,NA,NA,NA,NA,NA,NA,NA,NA,NA,NA,NA,NA,NA,NA,NA,NA,NA,NA,NA,NA,NA,NA,NA,NA,NA,NA,NA,NA,NA,NA,NA,NA,NA,NA,WAS,NA,00-0003874,NA,P.Daniels,NA,NA,NA,NA,NA,NA,NA,NA,NA,NA,NA,NA,NA,0,NA,NA,NA,NA,NA,NA,NA,NA,NA,NA,NA,NA,NA,NA,NA,NA,NA,NA,NA,NA,NA,NA,NA,NA,NA,NA,NA,NA,NA,NA,NA,0,NA,NA,NA,NA,0,NA,NA,0,0,0,0,NA,NA,2005,NA,NA,24,0,Punt,1589,"11/6/05, 20:37:32",2005-11-07T02:48:57Z,Commanders Field,"Clear Temp: 68° F, Humidity: 54%, Wind: South 15 mph",10012005-1106-1290-9e6c-abd41ad537a6,0,0,RUSH,0,NA,NA,NA,10,Punt,2005-11-07T02:47:09Z,3,1:33,0,0,0,2,2,0,KICKOFF,PUNT,04:17,02:44,PHI 18,PHI 27,1532,1631,10,17,Home,7,27,0,41,1,outdoors,grass,68,15,Joe Gibbs,Andy Reid,WAS00,FedExField,0,0,NA,NA,L.Gordon,25,NA,NA,0,1,0,0,1,NA,00-0021209,NA,L.Gordon,25,00-0021209,L.Gordon,00-0021209,L.Gordon,00-0021209,0,1,-0.024886632338166237,NA,NA,NA,NA,NA,NA,NA
1610,2005_09_PHI_WAS,2005110612,WAS,PHI,REG,9,PHI,away,WAS,PHI,77,2005-11-06,208,208,2008,Half1,0,10,0,2,3,0,03:28,PHI 23,5,9,(3:28) 5-D.McNabb pass to 86-R.Brown to PHI 27 for 4 yards (53-M.Washington).,pass,4,0,0,1,0,0,0,NA,NA,NA,NA,NA,NA,NA,NA,NA,NA,3,1,0,NA,NA,NA,NA,1,3,10,7,7,10,-3,7,10,-3,0.4780524969100952,0.09740152209997177,0.0013281230349093676,0.18320630490779877,0.08625675737857819,0.0019798034336417913,0.15177501738071442,0,0,-0.25214994605630636,-0.31560727884061635,2.502889483002946,-2.502889483002946,4.268056037224596,-4.268056037224596,-3.4884251859823325,3.4884251859823325,NA,NA,NA,NA,NA,NA,NA,NA,NA,NA,NA,NA,0.36436033248901367,0.6356396675109863,0.6356396675109863,0.36436033248901367,-0.020081758499145508,-0.026926696300506592,0.026926696300506592,0.6557214260101318,0.34427857398986816,0.3205488324165344,0.6794511675834656,0.08894506898569499,-0.08894506898569499,-0.14178262936553954,0.14178262936553954,NA,NA,NA,NA,NA,NA,NA,NA,NA,NA,NA,NA,0,0,0,0,0,1,0,0,0,0,0,0,0,0,0,0,0,0,0,0,0,0,0,0,1,0,0,0,0,0,0,0,0,1,0,0,0,0,0,0,0,0,0,0,0,1,0,0,0,0,0,00-0011022,D.McNabb,4,00-0023470,R.Brown,4,NA,NA,NA,NA,NA,NA,NA,NA,NA,NA,NA,NA,NA,NA,NA,NA,NA,NA,NA,NA,NA,NA,NA,NA,NA,NA,NA,NA,NA,NA,NA,NA,NA,NA,NA,NA,NA,NA,NA,NA,NA,NA,NA,NA,NA,WAS,NA,00-0019585,NA,M.Washington,NA,NA,NA,NA,NA,NA,NA,NA,NA,NA,NA,NA,NA,0,NA,NA,NA,NA,NA,NA,NA,NA,NA,NA,NA,NA,NA,NA,NA,NA,NA,NA,NA,NA,NA,NA,NA,NA,NA,NA,NA,NA,NA,NA,NA,0,NA,NA,NA,NA,0,NA,NA,0,0,0,0,NA,NA,2005,NA,NA,24,0,Punt,1610,"11/6/05, 20:37:32",2005-11-07T02:49:36Z,Commanders Field,"Clear Temp: 68° F, Humidity: 54%, Wind: South 15 mph",10012005-1106-1290-9e6c-abd41ad537a6,0,0,PASS,0,NA,NA,NA,10,Punt,2005-11-07T02:47:09Z,3,1:33,0,0,0,2,2,0,KICKOFF,PUNT,04:17,02:44,PHI 18,PHI 27,1532,1631,10,17,Home,7,27,0,41,1,outdoors,grass,68,15,Joe Gibbs,Andy Reid,WAS00,FedExField,0,0,D.McNabb,5,NA,NA,R.Brown,86,1,0,0,0,1,00-0011022,NA,00-0023470,D.McNabb,5,00-0011022,R.Brown,00-0023470,R.Brown,00-0023470,0,1,-0.31560727884061635,NA,NA,NA,NA,NA,NA,NA
1631,2005_09_PHI_WAS,2005110612,WAS,PHI,REG,9,PHI,away,WAS,PHI,73,2005-11-06,174,174,1974,Half1,0,10,0,2,4,0,02:54,PHI 27,1,9,"(2:54) 3-R.Hodges punts 32 yards to WAS 41, Center-88-M.Bartrum. 83-J.Thrash to WAS 41 for no gain (85-D.McCants).",punt,0,0,0,0,0,0,0,NA,NA,NA,NA,NA,NA,NA,32,NA,NA,3,1,0,NA,NA,NA,NA,1,3,10,7,7,10,-3,7,10,-3,0.5191026329994202,0.11736118048429489,0.001510439207777381,0.17734931409358978,0.06359535455703735,0.0019121976802125573,0.11916884779930115,0,0,-0.5677572248969227,-0.8658216891344637,3.3687111721374094,-3.3687111721374094,4.268056037224596,-4.268056037224596,-3.4884251859823325,3.4884251859823325,NA,NA,NA,NA,NA,NA,NA,NA,NA,NA,NA,NA,0.34427857398986816,0.6557214260101318,0.6557214260101318,0.34427857398986816,-0.03536081314086914,0.06557464599609375,-0.06557464599609375,0.691082239151001,0.308917760848999,0.29362213611602783,0.7063778638839722,0.08894506898569499,-0.08894506898569499,-0.14178262936553954,0.14178262936553954,NA,NA,NA,NA,NA,NA,NA,NA,NA,NA,NA,NA,0,0,0,0,0,0,0,0,0,0,0,0,0,0,0,0,0,0,0,0,0,0,0,0,1,0,0,0,0,0,0,0,0,0,0,0,0,0,0,0,0,0,0,1,0,0,0,0,0,0,0,NA,NA,NA,NA,NA,NA,NA,NA,NA,NA,NA,NA,NA,NA,NA,NA,NA,NA,NA,NA,NA,00-0016440,J.Thrash,NA,NA,NA,NA,NA,NA,00-0023642,R.Hodges,NA,NA,NA,NA,NA,NA,NA,NA,NA,NA,NA,NA,NA,NA,NA,NA,NA,NA,NA,NA,PHI,NA,00-0020464,NA,D.McCants,NA,NA,NA,NA,NA,NA,NA,NA,NA,NA,NA,NA,NA,0,NA,NA,NA,NA,NA,NA,NA,NA,NA,NA,NA,NA,NA,NA,NA,NA,NA,NA,NA,NA,NA,NA,NA,NA,NA,NA,NA,NA,NA,NA,WAS,0,NA,NA,NA,NA,0,NA,NA,0,0,0,0,NA,NA,2005,NA,NA,24,0,Punt,1631,"11/6/05, 20:37:32",2005-11-07T02:50:10Z,Commanders Field,"Clear Temp: 68° F, Humidity: 54%, Wind: South 15 mph",10012005-1106-1290-9e6c-abd41ad537a6,0,0,PUNT,1,NA,NA,NA,10,Punt,2005-11-07T02:47:09Z,3,1:33,0,0,0,2,2,0,KICKOFF,PUNT,04:17,02:44,PHI 18,PHI 27,1532,1631,10,17,Home,7,27,0,41,1,outdoors,grass,68,15,Joe Gibbs,Andy Reid,WAS00,FedExField,0,0,NA,NA,NA,NA,NA,NA,0,0,0,1,0,NA,NA,NA,NA,NA,NA,NA,NA,NA,NA,0,1,-0.8658216891344637,NA,NA,NA,NA,NA,NA,NA
1656,2005_09_PHI_WAS,2005110612,WAS,PHI,REG,9,WAS,home,PHI,WAS,59,2005-11-06,164,164,1964,Half1,0,11,0,2,1,0,02:44,WAS 41,10,32,(2:44) 8-M.Brunell pass to 47-C.Cooley pushed ob at PHI 45 for 14 yards (32-M.Lewis).,pass,14,0,0,1,0,0,0,NA,NA,NA,NA,NA,NA,NA,NA,NA,NA,3,1,0,NA,NA,NA,NA,3,1,10,7,10,7,3,10,7,3,0.5176891088485718,0.05136704817414284,4.707071930170059e-4,0.056270796805620193,0.15602225065231323,0.0025620991364121437,0.21561801433563232,0,0,1.4335789140313864,0.6794667937210761,4.0481779658584855,-4.0481779658584855,4.268056037224596,-4.268056037224596,-2.8089583922612564,2.8089583922612564,NA,NA,NA,NA,NA,NA,NA,NA,NA,NA,NA,NA,0.691082239151001,0.308917760848999,0.691082239151001,0.308917760848999,0.01959383487701416,0.033420681953430176,0.033420681953430176,0.7106760740280151,0.28932392597198486,0.6408032178878784,0.6408032178878784,0.08894506898569499,-0.08894506898569499,-0.12218879448852538,0.12218879448852538,NA,NA,NA,NA,NA,NA,NA,NA,NA,NA,NA,NA,0,0,1,0,0,0,0,0,0,0,0,0,0,0,0,0,0,0,0,0,0,0,0,0,1,0,0,0,0,0,0,0,0,1,0,0,0,0,0,0,0,0,0,0,0,1,0,0,0,0,0,00-0002110,M.Brunell,14,00-0022738,C.Cooley,14,NA,NA,NA,NA,NA,NA,NA,NA,NA,NA,NA,NA,NA,NA,NA,NA,NA,NA,NA,NA,NA,NA,NA,NA,NA,NA,NA,NA,NA,NA,NA,NA,NA,NA,NA,NA,NA,NA,NA,NA,NA,NA,NA,NA,NA,PHI,NA,00-0021185,NA,M.Lewis,NA,NA,NA,NA,NA,NA,NA,NA,NA,NA,NA,NA,NA,0,NA,NA,NA,NA,NA,NA,NA,NA,NA,NA,NA,NA,NA,NA,NA,NA,NA,NA,NA,NA,NA,NA,NA,NA,NA,NA,NA,NA,NA,NA,NA,0,NA,NA,NA,NA,0,NA,NA,0,0,0,0,NA,NA,2005,NA,NA,25,1,First down,1656,"11/6/05, 20:37:32",2005-11-07T02:50:58Z,Commanders Field,"Clear Temp: 68° F, Humidity: 54%, Wind: South 15 mph",10012005-1106-1290-9e6c-abd41ad537a6,0,0,PASS,0,NA,NA,NA,11,Turnover,2005-11-07T02:50:58Z,6,2:09,2,0,0,2,2,0,PUNT,FUMBLE,02:44,00:35,WAS 41,PHI 20,1656,1836,10,17,Home,7,27,0,41,1,outdoors,grass,68,15,Joe Gibbs,Andy Reid,WAS00,FedExField,0,1,M.Brunell,8,NA,NA,C.Cooley,47,1,0,1,0,1,00-0002110,NA,00-0022738,M.Brunell,8,00-0002110,C.Cooley,00-0022738,C.Cooley,00-0022738,1,1,0.6794667937210761,NA,NA,NA,NA,NA,NA,NA
1677,2005_09_PHI_WAS,2005110612,WAS,PHI,REG,9,WAS,home,PHI,PHI,45,2005-11-06,143,143,1943,Half1,0,11,0,2,1,0,02:23,PHI 45,10,32,"(2:23) (Shotgun) 8-M.Brunell pass to 47-C.Cooley to PHI 43 for 2 yards (32-M.Lewis, 97-D.Walker).",pass,2,1,0,1,0,0,0,NA,NA,NA,NA,NA,NA,NA,NA,NA,NA,3,1,0,NA,NA,NA,NA,3,1,10,7,10,7,3,10,7,3,0.46525055170059204,0.03442852944135666,3.4001193125732243e-4,0.03867102786898613,0.1817145049571991,0.0029205710161477327,0.2766748368740082,0,0,2.1130457077524625,-0.40009984286734834,3.648078122991137,-3.648078122991137,4.268056037224596,-4.268056037224596,-3.2090582351286048,3.2090582351286048,NA,NA,NA,NA,NA,NA,NA,NA,NA,NA,NA,NA,0.7106760740280151,0.28932392597198486,0.7106760740280151,0.28932392597198486,-0.015309691429138184,-0.024832725524902344,-0.024832725524902344,0.695366382598877,0.30463361740112305,0.6742238998413086,0.6742238998413086,0.08894506898569499,-0.08894506898569499,-0.13749848591766356,0.13749848591766356,NA,NA,NA,NA,NA,NA,NA,NA,NA,NA,NA,NA,0,0,0,0,0,0,0,0,0,0,0,0,0,0,0,0,0,0,0,0,0,0,0,0,0,0,0,0,0,0,0,0,0,1,0,0,0,0,0,0,0,0,0,0,0,1,1,0,0,0,0,00-0002110,M.Brunell,2,00-0022738,C.Cooley,2,NA,NA,NA,NA,NA,NA,NA,NA,NA,NA,NA,NA,NA,NA,NA,NA,NA,NA,NA,NA,NA,NA,NA,NA,NA,NA,NA,NA,NA,NA,NA,NA,NA,NA,NA,NA,NA,NA,NA,NA,NA,NA,NA,NA,NA,NA,NA,NA,NA,NA,NA,00-0019459,D.Walker,PHI,NA,NA,NA,NA,NA,NA,NA,NA,NA,1,00-0021185,M.Lewis,PHI,NA,NA,NA,NA,NA,NA,NA,NA,NA,NA,NA,NA,NA,NA,NA,NA,NA,NA,NA,NA,NA,NA,NA,NA,NA,NA,NA,NA,0,NA,NA,NA,NA,0,NA,NA,0,0,0,0,NA,NA,2005,NA,NA,26,1,First down,1677,"11/6/05, 20:37:32",2005-11-07T02:51:32Z,Commanders Field,"Clear Temp: 68° F, Humidity: 54%, Wind: South 15 mph",10012005-1106-1290-9e6c-abd41ad537a6,0,0,PASS,0,NA,NA,NA,11,Turnover,2005-11-07T02:50:58Z,6,2:09,2,0,0,2,2,0,PUNT,FUMBLE,02:44,00:35,WAS 41,PHI 20,1656,1836,10,17,Home,7,27,0,41,1,outdoors,grass,68,15,Joe Gibbs,Andy Reid,WAS00,FedExField,0,0,M.Brunell,8,NA,NA,C.Cooley,47,1,0,0,0,1,00-0002110,NA,00-0022738,M.Brunell,8,00-0002110,C.Cooley,00-0022738,C.Cooley,00-0022738,0,1,-0.40009984286734834,NA,NA,NA,NA,NA,NA,NA
1715,2005_09_PHI_WAS,2005110612,WAS,PHI,REG,9,WAS,home,PHI,PHI,43,2005-11-06,120,120,1920,Half1,0,11,0,2,2,0,02:00,PHI 43,8,32,(2:00) (Shotgun) 8-M.Brunell pass to 89-S.Moss to PHI 28 for 15 yards (32-M.Lewis).,pass,15,1,0,1,0,0,0,NA,NA,NA,NA,NA,NA,NA,NA,NA,NA,3,1,0,NA,NA,NA,NA,3,1,10,7,10,7,3,10,7,3,0.5226835012435913,0.04093264043331146,2.923936699517071e-4,0.03367585688829422,0.18288511037826538,0.0026618316769599915,0.21686865389347076,0,0,1.7129458648851141,1.4879543477436528,5.13603247073479,-5.13603247073479,4.268056037224596,-4.268056037224596,-1.721103887384952,1.721103887384952,NA,NA,NA,NA,NA,NA,NA,NA,NA,NA,NA,NA,0.695366382598877,0.30463361740112305,0.695366382598877,0.30463361740112305,0.035615622997283936,0.06198078393936157,0.06198078393936157,0.7309820055961609,0.2690179944038391,0.64939117431640625,0.64939117431640625,0.08894506898569499,-0.08894506898569499,-0.10188286292037962,0.10188286292037962,NA,NA,NA,NA,NA,NA,NA,NA,NA,NA,NA,NA,0,0,1,0,0,0,0,0,0,0,0,0,0,0,0,0,0,0,0,0,0,0,0,0,1,0,0,0,0,0,0,0,0,1,0,0,0,0,0,0,0,0,0,0,0,1,0,0,0,0,0,00-0002110,M.Brunell,15,00-0020494,S.Moss,15,NA,NA,NA,NA,NA,NA,NA,NA,NA,NA,NA,NA,NA,NA,NA,NA,NA,NA,NA,NA,NA,NA,NA,NA,NA,NA,NA,NA,NA,NA,NA,NA,NA,NA,NA,NA,NA,NA,NA,NA,NA,NA,NA,NA,NA,PHI,NA,00-0021185,NA,M.Lewis,NA,NA,NA,NA,NA,NA,NA,NA,NA,NA,NA,NA,NA,0,NA,NA,NA,NA,NA,NA,NA,NA,NA,NA,NA,NA,NA,NA,NA,NA,NA,NA,NA,NA,NA,NA,NA,NA,NA,NA,NA,NA,NA,NA,NA,0,NA,NA,NA,NA,0,NA,NA,0,0,0,0,NA,NA,2005,NA,NA,26,1,First down,1715,"11/6/05, 20:37:32",2005-11-07T02:54:29Z,Commanders Field,"Clear Temp: 68° F, Humidity: 54%, Wind: South 15 mph",10012005-1106-1290-9e6c-abd41ad537a6,0,0,PASS,0,NA,NA,NA,11,Turnover,2005-11-07T02:50:58Z,6,2:09,2,0,0,2,2,0,PUNT,FUMBLE,02:44,00:35,WAS 41,PHI 20,1656,1836,10,17,Home,7,27,0,41,1,outdoors,grass,68,15,Joe Gibbs,Andy Reid,WAS00,FedExField,0,1,M.Brunell,8,NA,NA,S.Moss,89,1,0,1,0,1,00-0002110,NA,00-0020494,M.Brunell,8,00-0002110,S.Moss,00-0020494,S.Moss,00-0020494,0,1,1.4879543477436528,NA,NA,NA,NA,NA,NA,NA
1736,2005_09_PHI_WAS,2005110612,WAS,PHI,REG,9,WAS,home,PHI,PHI,28,2005-11-06,84,84,1884,Half1,0,11,0,2,1,0,01:24,PHI 28,10,32,(1:24) (Shotgun) 8-M.Brunell pass to 26-C.Portis ran ob at PHI 22 for 6 yards. Play Challenged by Review Assistant and Upheld.,pass,6,1,0,1,0,0,0,NA,NA,NA,NA,NA,NA,NA,NA,NA,NA,3,1,0,NA,NA,NA,NA,3,1,10,7,10,7,3,10,7,3,0.28831368684768677,0.022447234019637108,2.5819859001785517e-4,0.020743804052472115,0.3134242296218872,0.0019994592294096947,0.35281333327293396,0,0,3.200900212628767,0.45065222232369706,5.586684693058487,-5.586684693058487,4.268056037224596,-4.268056037224596,-1.270451665061255,1.270451665061255,NA,NA,NA,NA,NA,NA,NA,NA,NA,NA,NA,NA,0.7309820055961609,0.2690179944038391,0.7309820055961609,0.2690179944038391,0.019368410110473633,0.01670253276824951,0.01670253276824951,0.7503504157066345,0.24964958429336548,0.7113719582557678,0.7113719582557678,0.08894506898569499,-0.08894506898569499,-0.08251445280990599,0.08251445280990599,NA,NA,NA,NA,NA,NA,NA,NA,NA,NA,NA,NA,0,0,0,0,0,0,0,0,0,0,0,0,0,0,0,0,0,0,0,0,0,0,0,0,0,0,0,0,0,0,0,0,0,1,0,0,0,0,0,0,0,0,0,0,0,1,0,0,0,0,0,00-0002110,M.Brunell,6,00-0021179,C.Portis,6,NA,NA,NA,NA,NA,NA,NA,NA,NA,NA,NA,NA,NA,NA,NA,NA,NA,NA,NA,NA,NA,NA,NA,NA,NA,NA,NA,NA,NA,NA,NA,NA,NA,NA,NA,NA,NA,NA,NA,NA,NA,NA,NA,NA,NA,NA,NA,NA,NA,NA,NA,NA,NA,NA,NA,NA,NA,NA,NA,NA,NA,NA,NA,0,NA,NA,NA,NA,NA,NA,NA,NA,NA,NA,NA,NA,NA,NA,NA,NA,NA,NA,NA,NA,NA,NA,NA,NA,NA,NA,NA,NA,NA,NA,NA,0,NA,NA,NA,NA,1,upheld,NA,0,0,0,0,NA,NA,2005,NA,NA,27,0,Turnover,1736,"11/6/05, 20:37:32",2005-11-07T02:55:06Z,Commanders Field,"Clear Temp: 68° F, Humidity: 54%, Wind: South 15 mph",10012005-1106-1290-9e6c-abd41ad537a6,0,0,PASS,0,NA,NA,NA,11,Turnover,2005-11-07T02:50:58Z,6,2:09,2,0,0,2,2,0,PUNT,FUMBLE,02:44,00:35,WAS 41,PHI 20,1656,1836,10,17,Home,7,27,0,41,1,outdoors,grass,68,15,Joe Gibbs,Andy Reid,WAS00,FedExField,0,1,M.Brunell,8,NA,NA,C.Portis,26,1,0,0,0,1,00-0002110,NA,00-0021179,M.Brunell,8,00-0002110,C.Portis,00-0021179,C.Portis,00-0021179,1,1,0.45065222232369706,NA,NA,NA,NA,NA,NA,NA
1815,2005_09_PHI_WAS,2005110612,WAS,PHI,REG,9,WAS,home,PHI,PHI,22,2005-11-06,74,74,1874,Half1,0,11,0,2,2,0,01:14,PHI 22,4,32,"(1:14) (Shotgun) 26-C.Portis left tackle to PHI 20 for 2 yards (54-J.Trotter, 32-M.Lewis).",run,2,1,0,0,0,0,0,NA,NA,NA,NA,left,tackle,NA,NA,NA,NA,3,1,0,NA,NA,NA,NA,3,1,10,7,10,7,3,10,7,3,0.22110658884048462,0.014482574537396431,2.5516204186715186e-4,0.012876929715275764,0.36706864833831787,0.0010054950835183263,0.3832045793533325,0,0,3.651552434952464,-0.2305905022076331,5.356094190850854,-5.356094190850854,4.037465535016963,-4.037465535016963,-1.270451665061255,1.270451665061255,NA,NA,NA,NA,NA,NA,NA,NA,NA,NA,NA,NA,0.7503504157066345,0.24964958429336548,0.7503504157066345,0.24964958429336548,0.007233262062072754,-0.007480800151824951,-0.007480800151824951,0.7575836777687073,0.24241632223129272,0.7280744910240173,0.7280744910240173,0.09617833104776774,-0.09617833104776774,-0.08251445280990599,0.08251445280990599,NA,NA,NA,NA,NA,NA,NA,NA,NA,NA,NA,NA,0,0,0,0,0,0,0,0,0,0,0,0,0,0,0,0,0,0,0,0,0,0,0,0,0,0,0,0,0,0,0,0,1,0,0,0,0,0,0,0,0,0,0,0,0,0,1,0,0,0,0,NA,NA,NA,NA,NA,NA,00-0021179,C.Portis,2,NA,NA,NA,NA,NA,NA,NA,NA,NA,NA,NA,NA,NA,NA,NA,NA,NA,NA,NA,NA,NA,NA,NA,NA,NA,NA,NA,NA,NA,NA,NA,NA,NA,NA,NA,NA,NA,NA,NA,NA,NA,NA,NA,NA,NA,NA,NA,NA,00-0021185,M.Lewis,PHI,NA,NA,NA,NA,NA,NA,NA,NA,NA,1,00-0016624,J.Trotter,PHI,NA,NA,NA,NA,NA,NA,NA,NA,NA,NA,NA,NA,NA,NA,NA,NA,NA,NA,NA,NA,NA,NA,NA,NA,NA,NA,NA,NA,0,NA,NA,NA,NA,0,NA,NA,0,0,0,0,NA,NA,2005,NA,NA,27,0,Turnover,1815,"11/6/05, 20:37:32",2005-11-07T02:59:05Z,Commanders Field,"Clear Temp: 68° F, Humidity: 54%, Wind: South 15 mph",10012005-1106-1290-9e6c-abd41ad537a6,0,0,RUSH,0,NA,NA,NA,11,Turnover,2005-11-07T02:50:58Z,6,2:09,2,0,0,2,2,0,PUNT,FUMBLE,02:44,00:35,WAS 41,PHI 20,1656,1836,10,17,Home,7,27,0,41,1,outdoors,grass,68,15,Joe Gibbs,Andy Reid,WAS00,FedExField,0,0,NA,NA,C.Portis,26,NA,NA,0,1,0,0,1,NA,00-0021179,NA,C.Portis,26,00-0021179,C.Portis,00-0021179,C.Portis,00-0021179,0,1,-0.2305905022076331,NA,NA,NA,NA,NA,NA,NA
1836,2005_09_PHI_WAS,2005110612,WAS,PHI,REG,9,WAS,home,PHI,PHI,20,2005-11-06,44,44,1844,Half1,0,11,0,2,3,0,00:44,PHI 20,2,32,"(:44) 8-M.Brunell sacked at PHI 27 for -7 yards (58-T.Cole). FUMBLES (58-T.Cole), RECOVERED by PHI-75-J.Thomas at PHI 27. 75-J.Thomas to PHI 43 for 16 yards (26-C.Portis).",pass,-7,0,0,1,0,0,0,NA,NA,NA,NA,NA,NA,NA,NA,NA,NA,3,1,0,NA,NA,NA,NA,3,1,10,7,10,7,3,10,7,3,0.23191332817077637,0.012718519195914268,2.6068734587170184e-4,0.009184805676341057,0.42389747500419617,3.871858643833548e-4,0.32163795828819275,0,0,3.420961932744831,-4.2612440348020755,1.0948501560487784,-1.0948501560487784,4.037465535016963,-4.037465535016963,-5.531695699863331,5.531695699863331,NA,NA,NA,NA,NA,NA,NA,NA,NA,NA,NA,NA,0.7575836777687073,0.24241632223129272,0.7575836777687073,0.24241632223129272,-0.18601858615875244,-0.12040084600448608,-0.12040084600448608,0.5715650916099548,0.42843490839004517,0.7205936908721924,0.7205936908721924,0.09617833104776774,-0.09617833104776774,-0.26853303896865843,0.26853303896865843,NA,NA,NA,NA,NA,NA,NA,NA,NA,NA,NA,NA,0,0,0,0,0,1,0,0,0,0,0,0,0,0,0,0,0,0,0,0,0,1,0,0,1,0,0,0,1,0,0,0,0,1,1,0,0,0,0,0,0,0,0,0,1,0,0,0,0,0,0,00-0002110,M.Brunell,NA,NA,NA,NA,NA,NA,NA,NA,NA,NA,NA,NA,NA,NA,NA,NA,NA,NA,NA,NA,NA,NA,NA,NA,NA,NA,NA,NA,NA,NA,NA,NA,NA,NA,NA,NA,NA,NA,NA,NA,NA,NA,NA,PHI,00-0023579,T.Cole,NA,NA,NA,PHI,WAS,00-0023579,00-0021179,T.Cole,C.Portis,NA,NA,NA,NA,NA,NA,NA,NA,NA,NA,NA,NA,0,NA,NA,NA,NA,NA,NA,NA,NA,NA,NA,WAS,00-0002110,M.Brunell,NA,NA,NA,PHI,16,00-0019986,J.Thomas,NA,NA,NA,NA,00-0023579,T.Cole,NA,NA,NA,NA,NA,0,NA,NA,NA,NA,0,NA,NA,0,0,0,0,NA,NA,2005,NA,NA,27,0,Turnover,1836,"11/6/05, 20:37:32",2005-11-07T02:59:35Z,Commanders Field,"Clear Temp: 68° F, Humidity: 54%, Wind: South 15 mph",10012005-1106-1290-9e6c-abd41ad537a6,0,0,SACK,0,NA,NA,NA,11,Turnover,2005-11-07T02:50:58Z,6,2:09,2,0,0,2,2,0,PUNT,FUMBLE,02:44,00:35,WAS 41,PHI 20,1656,1836,10,17,Home,7,27,0,41,1,outdoors,grass,68,15,Joe Gibbs,Andy Reid,WAS00,FedExField,0,0,M.Brunell,8,NA,NA,NA,NA,1,0,0,0,1,00-0002110,NA,NA,M.Brunell,8,00-0002110,NA,NA,NA,NA,0,1,-4.2612440348020755,NA,NA,NA,NA,NA,NA,NA
1864,2005_09_PHI_WAS,2005110612,WAS,PHI,REG,9,PHI,away,WAS,PHI,57,2005-11-06,35,35,1835,Half1,0,12,0,2,1,0,00:35,PHI 43,10,21,(:35) (Shotgun) 5-D.McNabb pass to 83-G.Lewis to WAS 39 for 18 yards (22-C.Rogers).,pass,18,1,0,1,0,0,0,NA,NA,NA,NA,NA,NA,NA,NA,NA,NA,3,1,0,NA,NA,NA,NA,1,3,10,7,7,10,-3,7,10,-3,0.686068058013916,0.026403294876217842,8.38786771055311e-4,0.018000243231654167,0.20795215666294098,3.694825863931328e-4,0.060367975383996964,0,0,0.8402821020572446,0.6575423090835102,0.43730784696526825,-0.43730784696526825,4.037465535016963,-4.037465535016963,-6.189238008946841,6.189238008946841,NA,NA,NA,NA,NA,NA,NA,NA,NA,NA,NA,NA,0.42843490839004517,0.5715650916099548,0.5715650916099548,0.42843490839004517,0.06477245688438416,0.00860777497291565,-0.00860777497291565,0.5067926347255707,0.4932073652744293,0.3998071551322937,0.6001928448677063,0.09617833104776774,-0.09617833104776774,-0.3333054958530426,0.3333054958530426,NA,NA,NA,NA,NA,NA,NA,NA,NA,NA,NA,NA,0,0,1,0,0,0,0,0,0,0,0,0,0,0,0,0,0,0,0,0,0,0,0,0,1,0,0,0,0,0,0,0,0,1,0,0,0,0,0,0,0,0,0,0,0,1,0,0,0,0,0,00-0011022,D.McNabb,18,00-0021508,G.Lewis,18,NA,NA,NA,NA,NA,NA,NA,NA,NA,NA,NA,NA,NA,NA,NA,NA,NA,NA,NA,NA,NA,NA,NA,NA,NA,NA,NA,NA,NA,NA,NA,NA,NA,NA,NA,NA,NA,NA,NA,NA,NA,NA,NA,NA,NA,WAS,NA,00-0023444,NA,C.Rogers,NA,NA,NA,NA,NA,NA,NA,NA,NA,NA,NA,NA,NA,0,NA,NA,NA,NA,NA,NA,NA,NA,NA,NA,NA,NA,NA,NA,NA,NA,NA,NA,NA,NA,NA,NA,NA,NA,NA,NA,NA,NA,NA,NA,NA,0,NA,NA,NA,NA,0,NA,NA,0,0,0,0,NA,NA,2005,NA,NA,28,1,First down,1864,"11/6/05, 20:37:32",2005-11-07T03:00:38Z,Commanders Field,"Clear Temp: 68° F, Humidity: 54%, Wind: South 15 mph",10012005-1106-1290-9e6c-abd41ad537a6,0,0,PASS,0,NA,NA,NA,12,End of half,2005-11-07T03:00:38Z,3,0:35,2,0,0,2,2,-5,FUMBLE,END_HALF,00:35,00:00,PHI 43,WAS 31,1864,1988,10,17,Home,7,27,0,41,1,outdoors,grass,68,15,Joe Gibbs,Andy Reid,WAS00,FedExField,0,1,D.McNabb,5,NA,NA,G.Lewis,83,1,0,1,0,1,00-0011022,NA,00-0021508,D.McNabb,5,00-0011022,G.Lewis,00-0021508,G.Lewis,00-0021508,0,1,0.6575423090835102,NA,NA,NA,NA,NA,NA,NA
1885,2005_09_PHI_WAS,2005110612,WAS,PHI,REG,9,NA,NA,NA,NA,NA,2005-11-06,28,28,1828,Half1,0,12,0,2,NA,0,00:28,WAS 39,0,21,Timeout #3 by PHI at 00:28.,no_play,0,0,0,0,0,0,0,NA,NA,NA,NA,NA,NA,NA,NA,NA,NA,3,0,1,PHI,NA,NA,NA,NA,NA,10,7,NA,NA,NA,NA,NA,NA,0,0,0,0,0,0,0,0,0,1.4978244111407548,-0,0.43730784696526825,-0.43730784696526825,4.037465535016963,-4.037465535016963,-6.189238008946841,6.189238008946841,NA,NA,NA,NA,NA,NA,NA,NA,NA,NA,NA,NA,0.4932073652744293,0.5067926347255707,0.5067926347255707,0.4932073652744293,-0,-0,0,NA,NA,0.40841493010520935,0.5915850698947906,0.09617833104776774,-0.09617833104776774,-0.3333054958530426,0.3333054958530426,NA,NA,NA,NA,NA,NA,NA,NA,NA,NA,NA,NA,0,0,0,0,0,0,0,0,0,0,0,0,0,0,0,0,0,0,0,0,0,0,0,0,0,0,0,0,0,0,0,0,0,0,0,0,0,0,0,0,0,0,0,0,0,0,0,0,0,0,0,NA,NA,NA,NA,NA,NA,NA,NA,NA,NA,NA,NA,NA,NA,NA,NA,NA,NA,NA,NA,NA,NA,NA,NA,NA,NA,NA,NA,NA,NA,NA,NA,NA,NA,NA,NA,NA,NA,NA,NA,NA,NA,NA,NA,NA,NA,NA,NA,NA,NA,NA,NA,NA,NA,NA,NA,NA,NA,NA,NA,NA,NA,NA,NA,NA,NA,NA,NA,NA,0,NA,NA,NA,NA,NA,NA,NA,NA,NA,NA,NA,NA,NA,NA,NA,NA,NA,NA,NA,NA,NA,NA,NA,NA,NA,NA,NA,NA,NA,NA,NA,0,NA,NA,NA,NA,0,NA,NA,0,0,0,0,NA,NA,2005,NA,NA,29,1,First down,1885,"11/6/05, 20:37:32",2005-11-07T03:01:21Z,Commanders Field,"Clear Temp: 68° F, Humidity: 54%, Wind: South 15 mph",10012005-1106-1290-9e6c-abd41ad537a6,0,0,TIMEOUT,0,NA,NA,NA,12,End of half,2005-11-07T03:00:38Z,3,0:35,2,0,0,2,2,-5,FUMBLE,END_HALF,00:35,00:00,PHI 43,WAS 31,1864,1988,10,17,Home,7,27,0,41,1,outdoors,grass,68,15,Joe Gibbs,Andy Reid,WAS00,FedExField,0,0,NA,NA,NA,NA,NA,NA,0,0,0,0,0,NA,NA,NA,NA,NA,NA,NA,NA,NA,NA,0,1,-0,NA,NA,NA,NA,NA,NA,NA
1913,2005_09_PHI_WAS,2005110612,WAS,PHI,REG,9,PHI,away,WAS,WAS,39,2005-11-06,28,28,1828,Half1,0,12,0,2,1,0,00:28,WAS 39,10,21,(:28) (Shotgun) 5-D.McNabb pass to 80-B.McMullen to WAS 24 for 15 yards (25-R.Clark; 27-W.Harris).,pass,15,1,0,1,0,0,0,NA,NA,NA,NA,NA,NA,NA,NA,NA,NA,3,0,0,NA,NA,NA,NA,0,3,10,7,7,10,-3,7,10,-3,0.605701744556427,0.012734657153487206,3.3342643291689456e-4,0.011161407455801964,0.24344177544116974,3.7780546699650586e-4,0.12624916434288025,0,0,1.4978244111407548,1.099653909506742,-0.6623460625414737,0.6623460625414737,4.037465535016963,-4.037465535016963,-7.288891918453583,7.288891918453583,NA,NA,NA,NA,NA,NA,NA,NA,NA,NA,NA,NA,0.4932073652744293,0.5067926347255707,0.5067926347255707,0.4932073652744293,0.0390641987323761,0.0815344750881195,-0.0815344750881195,0.4677284359931946,0.5322715640068054,0.40841493010520935,0.5915850698947906,0.09617833104776774,-0.09617833104776774,-0.3723696945854187,0.3723696945854187,NA,NA,NA,NA,NA,NA,NA,NA,NA,NA,NA,NA,0,0,1,0,0,0,0,0,0,0,0,0,0,0,0,0,0,0,0,0,0,0,0,0,0,0,0,0,0,0,0,0,0,1,0,0,0,0,0,0,0,0,0,0,0,1,1,0,0,0,0,00-0011022,D.McNabb,15,00-0022135,B.McMullen,15,NA,NA,NA,NA,NA,NA,NA,NA,NA,NA,NA,NA,NA,NA,NA,NA,NA,NA,NA,NA,NA,NA,NA,NA,NA,NA,NA,NA,NA,NA,NA,NA,NA,NA,NA,NA,NA,NA,NA,NA,NA,NA,NA,NA,NA,NA,NA,NA,NA,NA,NA,00-0020840,R.Clark,WAS,00-0007007,W.Harris,WAS,NA,NA,NA,NA,NA,NA,0,NA,NA,NA,NA,NA,NA,NA,NA,NA,NA,NA,NA,NA,NA,NA,NA,NA,NA,NA,NA,NA,NA,NA,NA,NA,NA,NA,NA,NA,NA,NA,0,NA,NA,NA,NA,0,NA,NA,0,0,0,0,NA,NA,2005,NA,NA,29,1,First down,1913,"11/6/05, 20:37:32",2005-11-07T03:02:02Z,Commanders Field,"Clear Temp: 68° F, Humidity: 54%, Wind: South 15 mph",10012005-1106-1290-9e6c-abd41ad537a6,0,0,PASS,0,NA,NA,NA,12,End of half,2005-11-07T03:00:38Z,3,0:35,2,0,0,2,2,-5,FUMBLE,END_HALF,00:35,00:00,PHI 43,WAS 31,1864,1988,10,17,Home,7,27,0,41,1,outdoors,grass,68,15,Joe Gibbs,Andy Reid,WAS00,FedExField,0,1,D.McNabb,5,NA,NA,B.McMullen,80,1,0,1,0,1,00-0011022,NA,00-0022135,D.McNabb,5,00-0011022,B.McMullen,00-0022135,B.McMullen,00-0022135,0,1,1.099653909506742,NA,NA,NA,NA,NA,NA,NA
1934,2005_09_PHI_WAS,2005110612,WAS,PHI,REG,9,PHI,away,WAS,WAS,24,2005-11-06,28,28,1828,Half1,0,12,0,2,1,0,00:28,WAS 24,10,21,"(:28) (No Huddle, Shotgun) 5-D.McNabb sacked at WAS 31 for -7 yards (93-P.Daniels).",pass,-7,1,1,1,0,0,0,NA,NA,NA,NA,NA,NA,NA,NA,NA,NA,3,0,0,NA,NA,NA,NA,0,3,10,7,7,10,-3,7,10,-3,0.41013264656066895,0.007945127785205841,3.746047441381961e-4,0.014068188145756721,0.3125270903110504,3.415520186536014e-4,0.2546108365058899,0,0,2.5974783206474967,-1.11788074625656,0.45553468371508643,-0.45553468371508643,4.037465535016963,-4.037465535016963,-6.171011172197023,6.171011172197023,NA,NA,NA,NA,NA,NA,NA,NA,NA,NA,NA,NA,0.5322715640068054,0.4677284359931946,0.4677284359931946,0.5322715640068054,-0.03824380040168762,-0.0657854974269867,0.0657854974269867,0.5059722363948822,0.4940277636051178,0.48994940519332886,0.5100505948066711,0.09617833104776774,-0.09617833104776774,-0.33412589418373106,0.33412589418373106,NA,NA,NA,NA,NA,NA,NA,NA,NA,NA,NA,NA,0,0,0,0,0,0,0,0,0,0,0,0,0,0,0,0,0,0,0,0,0,0,0,0,1,0,0,0,0,0,0,0,0,1,1,0,0,0,0,0,0,0,0,0,0,0,0,0,0,0,0,00-0011022,D.McNabb,NA,NA,NA,NA,NA,NA,NA,NA,NA,NA,NA,NA,NA,NA,NA,NA,NA,NA,NA,NA,NA,NA,NA,NA,NA,NA,NA,NA,NA,NA,NA,NA,NA,NA,NA,NA,NA,NA,NA,NA,NA,NA,NA,NA,NA,NA,NA,NA,NA,WAS,NA,00-0003874,NA,P.Daniels,NA,NA,NA,NA,NA,NA,NA,NA,NA,NA,NA,NA,NA,0,NA,NA,NA,NA,NA,NA,NA,NA,NA,NA,NA,NA,NA,NA,NA,NA,NA,NA,NA,NA,NA,NA,NA,NA,00-0003874,P.Daniels,NA,NA,NA,NA,NA,0,NA,NA,NA,NA,0,NA,NA,0,0,0,0,NA,NA,2005,NA,NA,30,0,End of half,1934,"11/6/05, 20:37:32",NA,Commanders Field,"Clear Temp: 68° F, Humidity: 54%, Wind: South 15 mph",10012005-1106-1290-9e6c-abd41ad537a6,0,0,SACK,0,NA,NA,NA,12,End of half,2005-11-07T03:00:38Z,3,0:35,2,0,0,2,2,-5,FUMBLE,END_HALF,00:35,00:00,PHI 43,WAS 31,1864,1988,10,17,Home,7,27,0,41,1,outdoors,grass,68,15,Joe Gibbs,Andy Reid,WAS00,FedExField,0,0,D.McNabb,5,NA,NA,NA,NA,1,0,0,0,1,00-0011022,NA,NA,D.McNabb,5,00-0011022,NA,NA,NA,NA,0,1,-1.11788074625656,NA,NA,NA,NA,NA,NA,NA
1953,2005_09_PHI_WAS,2005110612,WAS,PHI,REG,9,PHI,away,WAS,WAS,31,2005-11-06,12,12,1812,Half1,0,12,0,2,2,0,00:12,WAS 31,17,21,"(:12) 5-D.McNabb pass incomplete. Spiked PENALTY on PHI-73-S.Andrews, False Start, 5 yards, enforced at WAS 31 - No Play.",no_play,0,0,0,0,0,0,0,NA,NA,NA,NA,NA,NA,NA,NA,NA,NA,3,0,0,NA,NA,NA,NA,0,3,10,7,7,10,-3,7,10,-3,0.5331026315689087,0.0035050343722105026,3.916466375812888e-4,0.011096194386482239,0.3982911705970764,3.194990858901292e-4,0.05329383164644241,0,0,1.4795975743909366,-1.4795975743909366,1.935132258106023,-1.935132258106023,4.037465535016963,-4.037465535016963,-6.171011172197023,6.171011172197023,NA,NA,NA,NA,NA,NA,NA,NA,NA,NA,NA,NA,0.4940277636051178,0.5059722363948822,0.5059722363948822,0.4940277636051178,-0.13335338234901428,-0.02149820327758789,0.02149820327758789,0.6393256187438965,0.3606743812561035,0.42416390776634216,0.5758360922336578,0.09617833104776774,-0.09617833104776774,-0.33412589418373106,0.33412589418373106,NA,NA,NA,NA,NA,NA,NA,NA,NA,NA,NA,NA,0,0,0,0,0,0,0,0,0,0,0,0,0,0,0,0,0,0,0,0,0,0,0,0,0,0,1,0,0,0,0,0,0,0,0,0,0,0,0,0,0,0,0,0,0,0,0,0,0,0,0,NA,NA,NA,NA,NA,NA,NA,NA,NA,NA,NA,NA,NA,NA,NA,NA,NA,NA,NA,NA,NA,NA,NA,NA,NA,NA,NA,NA,NA,NA,NA,NA,NA,NA,NA,NA,NA,NA,NA,NA,NA,NA,NA,NA,NA,NA,NA,NA,NA,NA,NA,NA,NA,NA,NA,NA,NA,NA,NA,NA,NA,NA,NA,NA,NA,NA,NA,NA,NA,0,NA,NA,NA,NA,NA,NA,NA,NA,NA,NA,NA,NA,NA,NA,NA,NA,NA,NA,NA,NA,NA,NA,NA,NA,NA,NA,NA,NA,NA,NA,NA,0,PHI,00-0022779,S.Andrews,5,0,NA,False Start,0,0,0,0,NA,NA,2005,NA,NA,30,0,End of half,1953,"11/6/05, 20:37:32",2005-11-07T03:02:33Z,Commanders Field,"Clear Temp: 68° F, Humidity: 54%, Wind: South 15 mph",10012005-1106-1290-9e6c-abd41ad537a6,0,0,PENALTY,0,NA,NA,NA,12,End of half,2005-11-07T03:00:38Z,3,0:35,2,0,0,2,2,-5,FUMBLE,END_HALF,00:35,00:00,PHI 43,WAS 31,1864,1988,10,17,Home,7,27,0,41,1,outdoors,grass,68,15,Joe Gibbs,Andy Reid,WAS00,FedExField,0,0,D.McNabb,5,NA,NA,NA,NA,1,0,0,0,1,00-0011022,NA,NA,D.McNabb,5,00-0011022,NA,NA,NA,NA,0,1,-1.4795975743909366,NA,NA,NA,NA,NA,NA,NA
1988,2005_09_PHI_WAS,2005110612,WAS,PHI,REG,9,NA,NA,NA,NA,NA,2005-11-06,0,0,1800,Half1,1,12,0,2,NA,0,00:00,WAS 30,0,21,END QUARTER 2,NA,NA,0,0,NA,0,0,0,NA,NA,NA,NA,NA,NA,NA,NA,NA,NA,3,0,NA,NA,NA,NA,NA,NA,NA,10,7,NA,NA,NA,NA,NA,NA,0,0,0,0,0,0,0,0,0,NA,NA,1.935132258106023,-1.935132258106023,4.037465535016963,-4.037465535016963,-6.171011172197023,6.171011172197023,NA,NA,NA,NA,NA,NA,NA,NA,NA,NA,NA,NA,0.3606743812561035,0.6393256187438965,0.6393256187438965,0.3606743812561035,-0,-0,0,NA,NA,0.4026657044887543,0.5973342955112457,0.09617833104776774,-0.09617833104776774,-0.33412589418373106,0.33412589418373106,NA,NA,NA,NA,NA,NA,NA,NA,NA,NA,NA,NA,NA,NA,NA,NA,NA,NA,NA,NA,NA,0,NA,NA,NA,NA,NA,NA,NA,NA,NA,NA,NA,NA,NA,NA,NA,NA,NA,NA,NA,NA,NA,NA,NA,NA,NA,NA,NA,NA,NA,NA,NA,NA,NA,NA,NA,NA,NA,NA,NA,NA,NA,NA,NA,NA,NA,NA,NA,NA,NA,NA,NA,NA,NA,NA,NA,NA,NA,NA,NA,NA,NA,NA,NA,NA,NA,NA,NA,NA,NA,NA,NA,NA,NA,NA,NA,NA,NA,NA,NA,NA,NA,NA,NA,NA,NA,NA,NA,NA,NA,NA,NA,NA,NA,NA,NA,NA,NA,NA,NA,NA,NA,NA,NA,NA,NA,NA,NA,NA,NA,NA,NA,NA,NA,NA,NA,NA,NA,NA,NA,NA,NA,NA,NA,NA,NA,NA,NA,NA,NA,NA,NA,NA,NA,NA,NA,NA,NA,NA,NA,NA,NA,NA,NA,NA,NA,NA,NA,0,NA,NA,NA,NA,NA,NA,NA,NA,2005,NA,NA,30,0,End of half,1988,"11/6/05, 20:37:32",NA,Commanders Field,"Clear Temp: 68° F, Humidity: 54%, Wind: South 15 mph",10012005-1106-1290-9e6c-abd41ad537a6,0,0,END_QUARTER,0,NA,NA,NA,12,End of half,2005-11-07T03:00:38Z,3,0:35,2,0,0,2,2,-5,FUMBLE,END_HALF,00:35,00:00,PHI 43,WAS 31,1864,1988,10,17,Home,7,27,0,41,1,outdoors,grass,68,15,Joe Gibbs,Andy Reid,WAS00,FedExField,0,NA,NA,NA,NA,NA,NA,NA,0,0,NA,0,0,NA,NA,NA,NA,NA,NA,NA,NA,NA,NA,0,1,NA,NA,NA,NA,NA,NA,NA,NA
2004,2005_09_PHI_WAS,2005110612,WAS,PHI,REG,9,PHI,away,WAS,WAS,30,2005-11-06,900,1800,1800,Half2,0,13,0,3,NA,0,15:00,WAS 30,0,4,10-J.Hall kicks 70 yards from WAS 30 to PHI 0. 29-R.Hood to PHI 20 for 20 yards (32-A.Jimoh; 83-J.Thrash).,kickoff,0,0,0,0,0,0,0,NA,NA,NA,NA,NA,NA,NA,70,NA,NA,3,3,0,NA,NA,NA,NA,3,3,10,7,7,10,-3,7,10,-3,0.00840418878942728,0.18858635425567627,0.0057108839973807335,0.3130587041378021,0.18593928217887878,0.003402943490073085,0.2948976755142212,0,0,-0.13968429761007428,0.03379505779594183,1.9013372003100812,-1.9013372003100812,4.037465535016963,-4.037465535016963,-6.171011172197023,6.171011172197023,NA,NA,NA,NA,NA,NA,NA,NA,NA,NA,NA,NA,0.3606743812561035,0.6393256187438965,0.6393256187438965,0.3606743812561035,-0,-0.007216691970825195,0.007216691970825195,0.6393256187438965,0.3606743812561035,0.4026657044887543,0.5973342955112457,0.09617833104776774,-0.09617833104776774,-0.33412589418373106,0.33412589418373106,NA,NA,NA,NA,NA,NA,NA,NA,NA,NA,NA,NA,0,0,0,0,0,0,0,0,0,0,0,0,0,0,0,0,0,1,0,0,0,0,0,0,0,0,0,0,0,0,0,0,0,0,0,0,0,0,0,0,0,0,1,0,0,0,1,0,0,0,0,NA,NA,NA,NA,NA,NA,NA,NA,NA,NA,NA,NA,NA,NA,NA,NA,NA,NA,NA,NA,NA,NA,NA,NA,NA,R.Hood,00-0021503,NA,NA,NA,NA,J.Hall,00-0006662,NA,NA,NA,NA,NA,NA,NA,NA,NA,NA,NA,NA,NA,NA,NA,NA,NA,NA,NA,NA,NA,NA,NA,NA,00-0021583,A.Jimoh,WAS,00-0016440,J.Thrash,WAS,NA,NA,NA,NA,NA,NA,0,NA,NA,NA,NA,NA,NA,NA,NA,NA,NA,NA,NA,NA,NA,NA,NA,NA,NA,NA,NA,NA,NA,NA,NA,NA,NA,NA,NA,NA,NA,PHI,20,NA,NA,NA,NA,0,NA,NA,0,0,0,0,NA,NA,2005,NA,NA,31,0,Punt,2004,"11/6/05, 20:37:32",2005-11-07T03:17:02Z,Commanders Field,"Clear Temp: 68° F, Humidity: 54%, Wind: South 15 mph",10012005-1106-1290-9e6c-abd41ad537a6,0,0,KICK_OFF,1,NA,NA,NA,13,Punt,2005-11-07T03:17:02Z,3,1:35,0,0,0,3,3,0,KICKOFF,PUNT,15:00,13:25,PHI 20,PHI 24,2004,2098,10,17,Home,7,27,0,41,1,outdoors,grass,68,15,Joe Gibbs,Andy Reid,WAS00,FedExField,0,1,NA,NA,NA,NA,NA,NA,0,0,0,1,0,NA,NA,NA,NA,NA,NA,NA,NA,NA,NA,0,1,0.03379505779594183,NA,NA,NA,NA,NA,NA,NA
2026,2005_09_PHI_WAS,2005110612,WAS,PHI,REG,9,PHI,away,WAS,PHI,80,2005-11-06,893,1793,1793,Half2,0,13,0,3,1,0,14:53,PHI 20,10,4,(14:53) 5-D.McNabb pass to 83-G.Lewis to PHI 25 for 5 yards (24-S.Springs).,pass,5,0,0,1,0,0,0,NA,NA,NA,NA,NA,NA,NA,NA,NA,NA,3,3,0,NA,NA,NA,NA,3,3,10,7,7,10,-3,7,10,-3,0.008721655234694481,0.1887637823820114,0.00556827150285244,0.30981817841529846,0.18797679245471954,0.0035447191912680864,0.2956065833568573,0,0,-0.10588923981413245,0.20783928269520402,1.6934979176148772,-1.6934979176148772,4.037465535016963,-4.037465535016963,-6.378850454892227,6.378850454892227,NA,NA,NA,NA,NA,NA,NA,NA,NA,NA,NA,NA,0.3606743812561035,0.6393256187438965,0.6393256187438965,0.3606743812561035,0.001673668622970581,0.0024558603763580322,-0.0024558603763580322,0.6376519501209259,0.3623480498790741,0.3954490125179291,0.6045509874820709,0.09617833104776774,-0.09617833104776774,-0.33579956280670165,0.33579956280670165,NA,NA,NA,NA,NA,NA,NA,NA,NA,NA,NA,NA,0,0,0,0,0,0,0,0,0,0,0,0,0,0,0,0,0,0,0,0,0,0,0,0,1,0,0,0,0,0,0,0,0,1,0,0,0,0,0,0,0,0,0,0,0,1,0,0,0,0,0,00-0011022,D.McNabb,5,00-0021508,G.Lewis,5,NA,NA,NA,NA,NA,NA,NA,NA,NA,NA,NA,NA,NA,NA,NA,NA,NA,NA,NA,NA,NA,NA,NA,NA,NA,NA,NA,NA,NA,NA,NA,NA,NA,NA,NA,NA,NA,NA,NA,NA,NA,NA,NA,NA,NA,WAS,NA,00-0015495,NA,S.Springs,NA,NA,NA,NA,NA,NA,NA,NA,NA,NA,NA,NA,NA,0,NA,NA,NA,NA,NA,NA,NA,NA,NA,NA,NA,NA,NA,NA,NA,NA,NA,NA,NA,NA,NA,NA,NA,NA,NA,NA,NA,NA,NA,NA,NA,0,NA,NA,NA,NA,0,NA,NA,0,0,0,0,NA,NA,2005,NA,NA,31,0,Punt,2026,"11/6/05, 20:37:32",2005-11-07T03:17:55Z,Commanders Field,"Clear Temp: 68° F, Humidity: 54%, Wind: South 15 mph",10012005-1106-1290-9e6c-abd41ad537a6,0,0,PASS,0,NA,NA,NA,13,Punt,2005-11-07T03:17:02Z,3,1:35,0,0,0,3,3,0,KICKOFF,PUNT,15:00,13:25,PHI 20,PHI 24,2004,2098,10,17,Home,7,27,0,41,1,outdoors,grass,68,15,Joe Gibbs,Andy Reid,WAS00,FedExField,0,1,D.McNabb,5,NA,NA,G.Lewis,83,1,0,0,0,1,00-0011022,NA,00-0021508,D.McNabb,5,00-0011022,G.Lewis,00-0021508,G.Lewis,00-0021508,0,1,0.20783928269520402,NA,NA,NA,NA,NA,NA,NA
2047,2005_09_PHI_WAS,2005110612,WAS,PHI,REG,9,PHI,away,WAS,PHI,75,2005-11-06,862,1762,1762,Half2,0,13,0,3,2,0,14:22,PHI 25,5,4,(14:22) 25-L.Gordon up the middle to PHI 27 for 2 yards (93-P.Daniels).,run,2,0,0,0,0,0,0,NA,NA,NA,NA,middle,NA,NA,NA,NA,NA,3,3,0,NA,NA,NA,NA,3,3,10,7,7,10,-3,7,10,-3,0.008615118451416492,0.1785738617181778,0.004820539616048336,0.2988884747028351,0.20175644755363464,0.0034312638454139233,0.30391430854797363,0,0,0.10195004288107157,-0.4360495558939874,2.1295474735088646,-2.1295474735088646,4.473515090910951,-4.473515090910951,-6.378850454892227,6.378850454892227,NA,NA,NA,NA,NA,NA,NA,NA,NA,NA,NA,NA,0.3623480498790741,0.6376519501209259,0.6376519501209259,0.3623480498790741,-0.017556697130203247,-0.017292171716690063,0.017292171716690063,0.6552086472511292,0.34479135274887085,0.3979048728942871,0.6020951271057129,0.11373502817797099,-0.11373502817797099,-0.33579956280670165,0.33579956280670165,NA,NA,NA,NA,NA,NA,NA,NA,NA,NA,NA,NA,0,0,0,0,0,0,0,0,0,0,0,0,0,0,0,0,0,0,0,0,0,0,0,0,1,0,0,0,0,0,0,0,1,0,0,0,0,0,0,0,0,0,0,0,0,0,0,0,0,0,0,NA,NA,NA,NA,NA,NA,00-0021209,L.Gordon,2,NA,NA,NA,NA,NA,NA,NA,NA,NA,NA,NA,NA,NA,NA,NA,NA,NA,NA,NA,NA,NA,NA,NA,NA,NA,NA,NA,NA,NA,NA,NA,NA,NA,NA,NA,NA,NA,NA,NA,NA,NA,NA,WAS,NA,00-0003874,NA,P.Daniels,NA,NA,NA,NA,NA,NA,NA,NA,NA,NA,NA,NA,NA,0,NA,NA,NA,NA,NA,NA,NA,NA,NA,NA,NA,NA,NA,NA,NA,NA,NA,NA,NA,NA,NA,NA,NA,NA,NA,NA,NA,NA,NA,NA,NA,0,NA,NA,NA,NA,0,NA,NA,0,0,0,0,NA,NA,2005,NA,NA,31,0,Punt,2047,"11/6/05, 20:37:32",2005-11-07T03:18:26Z,Commanders Field,"Clear Temp: 68° F, Humidity: 54%, Wind: South 15 mph",10012005-1106-1290-9e6c-abd41ad537a6,0,0,RUSH,0,NA,NA,NA,13,Punt,2005-11-07T03:17:02Z,3,1:35,0,0,0,3,3,0,KICKOFF,PUNT,15:00,13:25,PHI 20,PHI 24,2004,2098,10,17,Home,7,27,0,41,1,outdoors,grass,68,15,Joe Gibbs,Andy Reid,WAS00,FedExField,0,0,NA,NA,L.Gordon,25,NA,NA,0,1,0,0,1,NA,00-0021209,NA,L.Gordon,25,00-0021209,L.Gordon,00-0021209,L.Gordon,00-0021209,0,1,-0.4360495558939874,NA,NA,NA,NA,NA,NA,NA
2068,2005_09_PHI_WAS,2005110612,WAS,PHI,REG,9,PHI,away,WAS,PHI,73,2005-11-06,822,1722,1722,Half2,0,13,0,3,3,0,13:42,PHI 27,3,4,"(13:42) 5-D.McNabb FUMBLES (Aborted) at PHI 24, ball out of bounds at PHI 24.",run,0,0,0,0,0,0,0,NA,NA,NA,NA,NA,NA,NA,NA,NA,NA,3,3,0,NA,NA,NA,NA,3,3,10,7,7,10,-3,7,10,-3,0.00988788902759552,0.19023258984088898,0.005269091110676527,0.3241753876209259,0.18978050351142883,0.003511858405545354,0.2771427035331726,0,0,-0.33409951301291585,-1.8694112827070057,3.9989587562158704,-3.9989587562158704,6.342926373617956,-6.342926373617956,-6.378850454892227,6.378850454892227,NA,NA,NA,NA,NA,NA,NA,NA,NA,NA,NA,NA,0.34479135274887085,0.6552086472511292,0.6552086472511292,0.34479135274887085,-0.053839683532714844,-0.05635255575180054,0.05635255575180054,0.709048330783844,0.290951669216156,0.38061270117759705,0.619387298822403,0.16757471171068583,-0.16757471171068583,-0.33579956280670165,0.33579956280670165,NA,NA,NA,NA,NA,NA,NA,NA,NA,NA,NA,NA,0,0,0,0,0,1,0,0,0,0,0,0,0,0,0,0,0,0,0,0,0,0,1,1,0,0,0,0,0,0,0,0,1,0,0,0,0,0,0,0,0,0,0,0,1,0,0,0,0,0,1,NA,NA,NA,NA,NA,NA,00-0011022,D.McNabb,0,NA,NA,NA,NA,NA,NA,NA,NA,NA,NA,NA,NA,NA,NA,NA,NA,NA,NA,NA,NA,NA,NA,NA,NA,NA,NA,NA,NA,NA,NA,NA,NA,NA,NA,NA,NA,NA,NA,NA,NA,NA,NA,NA,NA,NA,NA,NA,NA,NA,NA,NA,NA,NA,NA,NA,NA,NA,NA,NA,NA,0,NA,NA,NA,NA,NA,NA,NA,NA,NA,NA,PHI,00-0011022,D.McNabb,NA,NA,NA,NA,NA,NA,NA,NA,NA,NA,NA,NA,NA,NA,NA,NA,NA,NA,0,NA,NA,NA,NA,0,NA,NA,0,0,0,0,NA,NA,2005,NA,NA,31,0,Punt,2068,"11/6/05, 20:37:32",2005-11-07T03:19:06Z,Commanders Field,"Clear Temp: 68° F, Humidity: 54%, Wind: South 15 mph",10012005-1106-1290-9e6c-abd41ad537a6,0,0,RUSH,0,NA,NA,NA,13,Punt,2005-11-07T03:17:02Z,3,1:35,0,0,0,3,3,0,KICKOFF,PUNT,15:00,13:25,PHI 20,PHI 24,2004,2098,10,17,Home,7,27,0,41,1,outdoors,grass,68,15,Joe Gibbs,Andy Reid,WAS00,FedExField,1,0,NA,NA,D.McNabb,5,NA,NA,0,1,0,0,1,NA,00-0011022,NA,D.McNabb,5,00-0011022,D.McNabb,00-0011022,D.McNabb,00-0011022,0,1,-1.8694112827070057,NA,NA,NA,NA,NA,NA,NA
2098,2005_09_PHI_WAS,2005110612,WAS,PHI,REG,9,PHI,away,WAS,PHI,76,2005-11-06,818,1718,1718,Half2,0,13,0,3,4,0,13:38,PHI 24,6,4,"(13:38) 3-R.Hodges punts 38 yards to WAS 38, Center-88-M.Bartrum. 83-J.Thrash MUFFS catch, recovered by WAS-20-P.Prioleau at WAS 44. 20-P.Prioleau to WAS 44 for no gain (27-Q.Mikell).",punt,0,0,0,0,0,0,0,NA,NA,NA,NA,NA,NA,NA,38,NA,NA,3,3,0,NA,NA,NA,NA,3,3,10,7,7,10,-3,7,10,-3,0.010115889832377434,0.2642960250377655,0.007229691371321678,0.42098674178123474,0.12828963994979858,0.003539870958775282,0.16554217040538788,0,0,-2.2035107957199216,-0.2827353528700769,4.281694109085947,-4.281694109085947,6.342926373617956,-6.342926373617956,-6.378850454892227,6.378850454892227,NA,NA,NA,NA,NA,NA,NA,NA,NA,NA,NA,NA,0.290951669216156,0.709048330783844,0.709048330783844,0.290951669216156,-0.006605625152587891,0.027739793062210083,-0.027739793062210083,0.7156539559364319,0.2843460440635681,0.3242601454257965,0.6757398545742035,0.16757471171068583,-0.16757471171068583,-0.33579956280670165,0.33579956280670165,NA,NA,NA,NA,NA,NA,NA,NA,NA,NA,NA,NA,0,0,0,0,0,0,0,0,0,0,0,0,0,0,0,0,0,0,0,0,0,0,1,0,1,0,0,0,0,0,0,0,0,0,0,0,0,0,0,0,0,0,0,1,1,0,0,0,0,0,0,NA,NA,NA,NA,NA,NA,NA,NA,NA,NA,NA,NA,NA,NA,NA,NA,NA,NA,NA,NA,NA,00-0016440,J.Thrash,NA,NA,NA,NA,NA,NA,00-0023642,R.Hodges,NA,NA,NA,NA,NA,NA,NA,NA,NA,NA,NA,NA,NA,NA,NA,NA,NA,NA,NA,NA,PHI,NA,00-0021512,NA,Q.Mikell,NA,NA,NA,NA,NA,NA,NA,NA,NA,NA,NA,NA,NA,0,NA,NA,NA,NA,NA,NA,NA,NA,NA,NA,WAS,00-0016440,J.Thrash,NA,NA,NA,WAS,0,00-0013255,P.Prioleau,NA,NA,NA,NA,NA,NA,NA,NA,NA,NA,WAS,0,NA,NA,NA,NA,0,NA,NA,0,0,0,0,NA,NA,2005,NA,NA,31,0,Punt,2098,"11/6/05, 20:37:32",2005-11-07T03:19:39Z,Commanders Field,"Clear Temp: 68° F, Humidity: 54%, Wind: South 15 mph",10012005-1106-1290-9e6c-abd41ad537a6,0,0,PUNT,1,NA,NA,NA,13,Punt,2005-11-07T03:17:02Z,3,1:35,0,0,0,3,3,0,KICKOFF,PUNT,15:00,13:25,PHI 20,PHI 24,2004,2098,10,17,Home,7,27,0,41,1,outdoors,grass,68,15,Joe Gibbs,Andy Reid,WAS00,FedExField,0,0,NA,NA,NA,NA,NA,NA,0,0,0,1,0,NA,NA,NA,NA,NA,NA,NA,NA,NA,NA,0,1,-0.2827353528700769,NA,NA,NA,NA,NA,NA,NA
2144,2005_09_PHI_WAS,2005110612,WAS,PHI,REG,9,WAS,home,PHI,WAS,56,2005-11-06,805,1705,1705,Half2,0,14,0,3,1,0,13:25,WAS 44,10,6,(13:25) 26-C.Portis left end to WAS 44 for no gain (98-M.Patterson).,run,0,0,0,0,0,0,0,NA,NA,NA,NA,left,end,NA,NA,NA,NA,3,3,0,NA,NA,NA,NA,3,3,10,7,10,7,3,10,7,3,0.009623939171433449,0.11176609992980957,0.0017671615350991488,0.15778222680091858,0.269618421792984,0.005079262424260378,0.44436293840408325,0,0,2.4862461485899985,-0.42744161537848413,3.854252493707463,-3.854252493707463,5.915484758239472,-5.915484758239472,-6.378850454892227,6.378850454892227,NA,NA,NA,NA,NA,NA,NA,NA,NA,NA,NA,NA,0.7156539559364319,0.2843460440635681,0.7156539559364319,0.2843460440635681,-0.01515728235244751,-0.016350984573364258,-0.016350984573364258,0.7004966735839844,0.2995033264160156,0.6480000615119934,0.6480000615119934,0.15241742935823832,-0.15241742935823832,-0.33579956280670165,0.33579956280670165,NA,NA,NA,NA,NA,NA,NA,NA,NA,NA,NA,NA,0,0,0,0,0,0,0,0,0,0,0,0,0,0,0,0,0,0,0,0,0,0,0,0,1,0,0,0,0,0,0,0,1,0,0,0,0,0,0,0,0,0,0,0,0,0,0,0,0,0,0,NA,NA,NA,NA,NA,NA,00-0021179,C.Portis,0,NA,NA,NA,NA,NA,NA,NA,NA,NA,NA,NA,NA,NA,NA,NA,NA,NA,NA,NA,NA,NA,NA,NA,NA,NA,NA,NA,NA,NA,NA,NA,NA,NA,NA,NA,NA,NA,NA,NA,NA,NA,NA,PHI,NA,00-0023466,NA,M.Patterson,NA,NA,NA,NA,NA,NA,NA,NA,NA,NA,NA,NA,NA,0,NA,NA,NA,NA,NA,NA,NA,NA,NA,NA,NA,NA,NA,NA,NA,NA,NA,NA,NA,NA,NA,NA,NA,NA,NA,NA,NA,NA,NA,NA,NA,0,NA,NA,NA,NA,0,NA,NA,0,0,0,0,NA,NA,2005,NA,NA,32,0,Punt,2144,"11/6/05, 20:37:32",2005-11-07T03:22:46Z,Commanders Field,"Clear Temp: 68° F, Humidity: 54%, Wind: South 15 mph",10012005-1106-1290-9e6c-abd41ad537a6,0,0,RUSH,0,NA,NA,NA,14,Punt,2005-11-07T03:22:46Z,3,1:25,0,0,0,3,3,0,PUNT,PUNT,13:25,12:00,WAS 44,50,2144,2213,10,17,Home,7,27,0,41,1,outdoors,grass,68,15,Joe Gibbs,Andy Reid,WAS00,FedExField,0,0,NA,NA,C.Portis,26,NA,NA,0,1,0,0,1,NA,00-0021179,NA,C.Portis,26,00-0021179,C.Portis,00-0021179,C.Portis,00-0021179,0,1,-0.42744161537848413,NA,NA,NA,NA,NA,NA,NA
2168,2005_09_PHI_WAS,2005110612,WAS,PHI,REG,9,WAS,home,PHI,WAS,56,2005-11-06,771,1671,1671,Half2,0,14,0,3,2,0,12:51,WAS 44,10,6,(12:51) 8-M.Brunell pass to 26-C.Portis to 50 for 6 yards (54-J.Trotter).,pass,6,0,0,1,0,0,0,NA,NA,NA,NA,NA,NA,NA,NA,NA,NA,3,3,0,NA,NA,NA,NA,3,3,10,7,10,7,3,10,7,3,0.010111448355019093,0.1264975517988205,0.0019426593789830804,0.1808883249759674,0.25659486651420593,0.005827916786074638,0.41813719272613525,0,0,2.0588045332115144,-0.16624954366125166,3.6880029500462115,-3.6880029500462115,5.915484758239472,-5.915484758239472,-6.545099998553479,6.545099998553479,NA,NA,NA,NA,NA,NA,NA,NA,NA,NA,NA,NA,0.7004966735839844,0.2995033264160156,0.7004966735839844,0.2995033264160156,0.011473894119262695,-0.004363715648651123,-0.004363715648651123,0.7119705677032471,0.28802943229675293,0.6316490769386292,0.6316490769386292,0.15241742935823832,-0.15241742935823832,-0.32432566868743895,0.32432566868743895,NA,NA,NA,NA,NA,NA,NA,NA,NA,NA,NA,NA,0,0,0,0,0,0,0,0,0,0,0,0,0,0,0,0,0,0,0,0,0,0,0,0,1,0,0,0,0,0,0,0,0,1,0,0,0,0,0,0,0,0,0,0,0,1,0,0,0,0,0,00-0002110,M.Brunell,6,00-0021179,C.Portis,6,NA,NA,NA,NA,NA,NA,NA,NA,NA,NA,NA,NA,NA,NA,NA,NA,NA,NA,NA,NA,NA,NA,NA,NA,NA,NA,NA,NA,NA,NA,NA,NA,NA,NA,NA,NA,NA,NA,NA,NA,NA,NA,NA,NA,NA,PHI,NA,00-0016624,NA,J.Trotter,NA,NA,NA,NA,NA,NA,NA,NA,NA,NA,NA,NA,NA,0,NA,NA,NA,NA,NA,NA,NA,NA,NA,NA,NA,NA,NA,NA,NA,NA,NA,NA,NA,NA,NA,NA,NA,NA,NA,NA,NA,NA,NA,NA,NA,0,NA,NA,NA,NA,0,NA,NA,0,0,0,0,NA,NA,2005,NA,NA,32,0,Punt,2168,"11/6/05, 20:37:32",2005-11-07T03:23:21Z,Commanders Field,"Clear Temp: 68° F, Humidity: 54%, Wind: South 15 mph",10012005-1106-1290-9e6c-abd41ad537a6,0,0,PASS,0,NA,NA,NA,14,Punt,2005-11-07T03:22:46Z,3,1:25,0,0,0,3,3,0,PUNT,PUNT,13:25,12:00,WAS 44,50,2144,2213,10,17,Home,7,27,0,41,1,outdoors,grass,68,15,Joe Gibbs,Andy Reid,WAS00,FedExField,0,0,M.Brunell,8,NA,NA,C.Portis,26,1,0,0,0,1,00-0002110,NA,00-0021179,M.Brunell,8,00-0002110,C.Portis,00-0021179,C.Portis,00-0021179,0,1,-0.16624954366125166,NA,NA,NA,NA,NA,NA,NA
2189,2005_09_PHI_WAS,2005110612,WAS,PHI,REG,9,WAS,home,PHI,50,50,2005-11-06,734,1634,1634,Half2,0,14,0,3,3,0,12:14,MID 50,4,6,(12:14) (Shotgun) 8-M.Brunell pass incomplete to 89-S.Moss (29-R.Hood).,pass,0,1,0,1,0,0,0,NA,NA,NA,NA,NA,NA,NA,NA,NA,NA,3,3,0,NA,NA,NA,NA,3,3,10,7,10,7,3,10,7,3,0.010941049084067345,0.13005226850509644,0.0017014106269925833,0.19336062669754028,0.2442397177219391,0.006203002296388149,0.4135019779205322,0,0,1.8925549895502627,-1.5648655951954424,2.123137354850769,-2.123137354850769,5.915484758239472,-5.915484758239472,-8.109965593748921,8.109965593748921,NA,NA,NA,NA,NA,NA,NA,NA,NA,NA,NA,NA,0.7119705677032471,0.28802943229675293,0.7119705677032471,0.28802943229675293,-0.0513913631439209,-0.04405045509338379,-0.04405045509338379,0.6605792045593262,0.33942079544067383,0.627285361289978,0.627285361289978,0.15241742935823832,-0.15241742935823832,-0.37571703183135985,0.37571703183135985,NA,NA,NA,NA,NA,NA,NA,NA,NA,NA,NA,NA,0,0,0,0,0,1,0,0,1,0,0,0,0,0,0,0,0,0,0,0,0,0,0,0,0,0,0,0,0,0,0,0,0,1,0,0,0,0,0,0,0,0,0,0,0,0,0,0,0,0,0,00-0002110,M.Brunell,NA,NA,NA,NA,NA,NA,NA,NA,NA,NA,NA,NA,NA,NA,NA,NA,NA,NA,NA,NA,NA,NA,NA,NA,NA,NA,NA,NA,NA,NA,NA,NA,NA,NA,NA,NA,NA,NA,NA,NA,NA,NA,NA,NA,NA,NA,NA,NA,NA,NA,NA,NA,NA,NA,NA,NA,NA,NA,NA,NA,NA,NA,NA,NA,NA,NA,NA,0,NA,NA,NA,NA,NA,NA,00-0021503,R.Hood,NA,NA,NA,NA,NA,NA,NA,NA,NA,NA,NA,NA,NA,NA,NA,NA,NA,NA,NA,NA,NA,NA,NA,0,NA,NA,NA,NA,0,NA,NA,0,0,0,0,NA,NA,2005,NA,NA,32,0,Punt,2189,"11/6/05, 20:37:32",2005-11-07T03:23:57Z,Commanders Field,"Clear Temp: 68° F, Humidity: 54%, Wind: South 15 mph",10012005-1106-1290-9e6c-abd41ad537a6,0,0,PASS,0,NA,NA,NA,14,Punt,2005-11-07T03:22:46Z,3,1:25,0,0,0,3,3,0,PUNT,PUNT,13:25,12:00,WAS 44,50,2144,2213,10,17,Home,7,27,0,41,1,outdoors,grass,68,15,Joe Gibbs,Andy Reid,WAS00,FedExField,0,0,M.Brunell,8,NA,NA,S.Moss,89,1,0,0,0,1,00-0002110,NA,00-0020494,M.Brunell,8,00-0002110,NA,NA,S.Moss,00-0020494,0,1,-1.5648655951954424,NA,NA,NA,NA,NA,NA,NA
2213,2005_09_PHI_WAS,2005110612,WAS,PHI,REG,9,WAS,home,PHI,50,50,2005-11-06,729,1629,1629,Half2,0,14,0,3,4,0,12:09,MID 50,4,6,"(12:09) 4-D.Frost punts 50 yards to end zone, Center-71-E.Albright, Touchback.",punt,0,0,0,0,0,0,0,NA,NA,NA,NA,NA,NA,NA,50,NA,NA,3,3,0,NA,NA,NA,NA,3,3,10,7,10,7,3,10,7,3,0.012310045771300793,0.18783743679523468,0.0022069886326789856,0.27733421325683594,0.1877998560667038,0.010804936289787292,0.32170653343200684,0,0,0.32768939435482025,-0.300656876526773,1.822480478323996,-1.822480478323996,5.915484758239472,-5.915484758239472,-8.109965593748921,8.109965593748921,NA,NA,NA,NA,NA,NA,NA,NA,NA,NA,NA,NA,0.6605792045593262,0.33942079544067383,0.6605792045593262,0.33942079544067383,-0.021253585815429688,0.03175264596939087,0.03175264596939087,0.6393256187438965,0.3606743812561035,0.5832349061965942,0.5832349061965942,0.15241742935823832,-0.15241742935823832,-0.37571703183135985,0.37571703183135985,NA,NA,NA,NA,NA,NA,NA,NA,NA,NA,NA,NA,0,0,0,0,0,0,0,0,0,1,0,0,0,0,0,0,0,0,0,0,0,0,0,0,0,0,0,0,0,0,0,0,0,0,0,0,0,0,0,0,0,0,0,1,0,0,0,0,0,0,0,NA,NA,NA,NA,NA,NA,NA,NA,NA,NA,NA,NA,NA,NA,NA,NA,NA,NA,NA,NA,NA,NA,NA,NA,NA,NA,NA,NA,NA,00-0021500,D.Frost,NA,NA,NA,NA,NA,NA,NA,NA,NA,NA,NA,NA,NA,NA,NA,NA,NA,NA,NA,NA,NA,NA,NA,NA,NA,NA,NA,NA,NA,NA,NA,NA,NA,NA,NA,NA,NA,NA,0,NA,NA,NA,NA,NA,NA,NA,NA,NA,NA,NA,NA,NA,NA,NA,NA,NA,NA,NA,NA,NA,NA,NA,NA,NA,NA,NA,NA,NA,NA,PHI,0,NA,NA,NA,NA,0,NA,NA,0,0,0,0,NA,NA,2005,NA,NA,32,0,Punt,2213,"11/6/05, 20:37:32",2005-11-07T03:24:28Z,Commanders Field,"Clear Temp: 68° F, Humidity: 54%, Wind: South 15 mph",10012005-1106-1290-9e6c-abd41ad537a6,0,0,PUNT,1,NA,NA,NA,14,Punt,2005-11-07T03:22:46Z,3,1:25,0,0,0,3,3,0,PUNT,PUNT,13:25,12:00,WAS 44,50,2144,2213,10,17,Home,7,27,0,41,1,outdoors,grass,68,15,Joe Gibbs,Andy Reid,WAS00,FedExField,0,0,NA,NA,NA,NA,NA,NA,0,0,0,1,0,NA,NA,NA,NA,NA,NA,NA,NA,NA,NA,0,1,-0.300656876526773,NA,NA,NA,NA,NA,NA,NA
2234,2005_09_PHI_WAS,2005110612,WAS,PHI,REG,9,PHI,away,WAS,PHI,80,2005-11-06,720,1620,1620,Half2,0,15,0,3,1,0,12:00,PHI 20,10,64,(12:00) 36-B.Westbrook left end to PHI 24 for 4 yards (98-L.Marshall).,run,4,0,0,0,0,0,0,NA,NA,NA,NA,left,end,NA,NA,NA,NA,3,3,0,NA,NA,NA,NA,3,3,10,7,7,10,-3,7,10,-3,0.011169204488396645,0.18640366196632385,0.005210984498262405,0.30404481291770935,0.1904231756925583,0.003918542992323637,0.2988296449184418,0,0,-0.027032517828047276,-0.13348104478791356,1.9559615231119096,-1.9559615231119096,6.048965803027386,-6.048965803027386,-8.109965593748921,8.109965593748921,NA,NA,NA,NA,NA,NA,NA,NA,NA,NA,NA,NA,0.3606743812561035,0.6393256187438965,0.6393256187438965,0.3606743812561035,0.0028366148471832275,0.0037946999073028564,-0.0037946999073028564,0.6364890038967133,0.36351099610328674,0.3850124478340149,0.6149875521659851,0.1495808145110551,-0.1495808145110551,-0.37571703183135985,0.37571703183135985,NA,NA,NA,NA,NA,NA,NA,NA,NA,NA,NA,NA,0,0,0,0,0,0,0,0,0,0,0,0,0,0,0,0,0,0,0,0,0,0,0,0,1,0,0,0,0,0,0,0,1,0,0,0,0,0,0,0,0,0,0,0,0,0,0,0,0,0,0,NA,NA,NA,NA,NA,NA,00-0021216,B.Westbrook,4,NA,NA,NA,NA,NA,NA,NA,NA,NA,NA,NA,NA,NA,NA,NA,NA,NA,NA,NA,NA,NA,NA,NA,NA,NA,NA,NA,NA,NA,NA,NA,NA,NA,NA,NA,NA,NA,NA,NA,NA,NA,NA,WAS,NA,00-0010421,NA,L.Marshall,NA,NA,NA,NA,NA,NA,NA,NA,NA,NA,NA,NA,NA,0,NA,NA,NA,NA,NA,NA,NA,NA,NA,NA,NA,NA,NA,NA,NA,NA,NA,NA,NA,NA,NA,NA,NA,NA,NA,NA,NA,NA,NA,NA,NA,0,NA,NA,NA,NA,0,NA,NA,0,0,0,0,NA,NA,2005,NA,NA,33,1,First down,2234,"11/6/05, 20:37:32",2005-11-07T03:26:57Z,Commanders Field,"Clear Temp: 68° F, Humidity: 54%, Wind: South 15 mph",10012005-1106-1290-9e6c-abd41ad537a6,0,0,RUSH,0,NA,NA,NA,15,Field goal,2005-11-07T03:26:57Z,11,5:34,3,1,1,3,3,0,PUNT,FIELD_GOAL,12:00,06:26,PHI 20,WAS 16,2234,2495,10,17,Home,7,27,0,41,1,outdoors,grass,68,15,Joe Gibbs,Andy Reid,WAS00,FedExField,0,0,NA,NA,B.Westbrook,36,NA,NA,0,1,0,0,1,NA,00-0021216,NA,B.Westbrook,36,00-0021216,B.Westbrook,00-0021216,B.Westbrook,00-0021216,0,1,-0.13348104478791356,NA,NA,NA,NA,NA,NA,NA
2255,2005_09_PHI_WAS,2005110612,WAS,PHI,REG,9,PHI,away,WAS,PHI,76,2005-11-06,682,1582,1582,Half2,0,15,0,3,2,0,11:22,PHI 24,6,64,(11:22) 5-D.McNabb pass to 49-J.Parry to PHI 29 for 5 yards (53-M.Washington).,pass,5,0,0,1,0,0,0,NA,NA,NA,NA,NA,NA,NA,NA,NA,NA,3,3,0,NA,NA,NA,NA,3,3,10,7,7,10,-3,7,10,-3,0.01241530105471611,0.18730860948562622,0.004952732007950544,0.31089913845062256,0.19636313617229462,0.0035810216795653105,0.2844800353050232,0,0,-0.16051356261596084,0.5635472894646227,1.392414233647287,-1.392414233647287,6.048965803027386,-6.048965803027386,-8.673512883213544,8.673512883213544,NA,NA,NA,NA,NA,NA,NA,NA,NA,NA,NA,NA,0.36351099610328674,0.6364890038967133,0.6364890038967133,0.36351099610328674,-0.010464251041412354,0.0021869242191314697,-0.0021869242191314697,0.6469532549381256,0.3530467450618744,0.38880714774131775,0.6111928522586823,0.1495808145110551,-0.1495808145110551,-0.3652527807899475,0.3652527807899475,NA,NA,NA,NA,NA,NA,NA,NA,NA,NA,NA,NA,0,0,0,0,0,0,0,0,0,0,0,0,0,0,0,0,0,0,0,0,0,0,0,0,1,0,0,0,0,0,0,0,0,1,0,0,0,0,0,0,0,0,0,0,0,1,0,0,0,0,0,00-0011022,D.McNabb,5,00-0019932,J.Parry,5,NA,NA,NA,NA,NA,NA,NA,NA,NA,NA,NA,NA,NA,NA,NA,NA,NA,NA,NA,NA,NA,NA,NA,NA,NA,NA,NA,NA,NA,NA,NA,NA,NA,NA,NA,NA,NA,NA,NA,NA,NA,NA,NA,NA,NA,WAS,NA,00-0019585,NA,M.Washington,NA,NA,NA,NA,NA,NA,NA,NA,NA,NA,NA,NA,NA,0,NA,NA,NA,NA,NA,NA,NA,NA,NA,NA,NA,NA,NA,NA,NA,NA,NA,NA,NA,NA,NA,NA,NA,NA,NA,NA,NA,NA,NA,NA,NA,0,NA,NA,NA,NA,0,NA,NA,0,0,0,0,NA,NA,2005,NA,NA,33,1,First down,2255,"11/6/05, 20:37:32",2005-11-07T03:27:35Z,Commanders Field,"Clear Temp: 68° F, Humidity: 54%, Wind: South 15 mph",10012005-1106-1290-9e6c-abd41ad537a6,0,0,PASS,0,NA,NA,NA,15,Field goal,2005-11-07T03:26:57Z,11,5:34,3,1,1,3,3,0,PUNT,FIELD_GOAL,12:00,06:26,PHI 20,WAS 16,2234,2495,10,17,Home,7,27,0,41,1,outdoors,grass,68,15,Joe Gibbs,Andy Reid,WAS00,FedExField,0,1,D.McNabb,5,NA,NA,J.Parry,49,1,0,0,0,1,00-0011022,NA,00-0019932,D.McNabb,5,00-0011022,J.Parry,00-0019932,J.Parry,00-0019932,0,1,0.5635472894646227,NA,NA,NA,NA,NA,NA,NA
2276,2005_09_PHI_WAS,2005110612,WAS,PHI,REG,9,PHI,away,WAS,PHI,71,2005-11-06,639,1539,1539,Half2,0,15,0,3,3,0,10:39,PHI 29,1,64,(10:39) 36-B.Westbrook right end to PHI 31 for 2 yards (56-L.Arrington).PHI-82-L.Smith was injured during the play. His return is Doubtful.,run,2,0,0,0,0,0,0,NA,NA,NA,NA,right,end,NA,NA,NA,NA,3,3,0,NA,NA,NA,NA,3,3,10,7,7,10,-3,7,10,-3,0.012286322191357613,0.17834198474884033,0.0047242711298167706,0.27473631501197815,0.20528355240821838,0.0035161562263965607,0.3211113512516022,0,0,0.4030337268486619,0.2567746271379292,1.1356396065093577,-1.1356396065093577,5.792191175889457,-5.792191175889457,-8.673512883213544,8.673512883213544,NA,NA,NA,NA,NA,NA,NA,NA,NA,NA,NA,NA,0.3530467450618744,0.6469532549381256,0.6469532549381256,0.3530467450618744,0.02384239435195923,0.016663819551467896,-0.016663819551467896,0.6231108605861664,0.3768891394138336,0.3909940719604492,0.6090059280395508,0.12573842015909587,-0.12573842015909587,-0.3652527807899475,0.3652527807899475,NA,NA,NA,NA,NA,NA,NA,NA,NA,NA,NA,NA,0,1,0,0,1,0,0,0,0,0,0,0,0,0,0,0,0,0,0,0,0,0,0,0,1,0,0,0,0,0,0,0,1,0,0,0,0,0,0,0,0,0,0,0,0,0,0,0,0,0,0,NA,NA,NA,NA,NA,NA,00-0021216,B.Westbrook,2,NA,NA,NA,NA,NA,NA,NA,NA,NA,NA,NA,NA,NA,NA,NA,NA,NA,NA,NA,NA,NA,NA,NA,NA,NA,NA,NA,NA,NA,NA,NA,NA,NA,NA,NA,NA,NA,NA,NA,NA,NA,NA,WAS,NA,00-0019692,NA,L.Arrington,NA,NA,NA,NA,NA,NA,NA,NA,NA,NA,NA,NA,NA,0,NA,NA,NA,NA,NA,NA,NA,NA,NA,NA,NA,NA,NA,NA,NA,NA,NA,NA,NA,NA,NA,NA,NA,NA,NA,NA,NA,NA,NA,NA,NA,0,NA,NA,NA,NA,0,NA,NA,0,0,0,0,NA,NA,2005,NA,NA,33,1,First down,2276,"11/6/05, 20:37:32",2005-11-07T03:28:19Z,Commanders Field,"Clear Temp: 68° F, Humidity: 54%, Wind: South 15 mph",10012005-1106-1290-9e6c-abd41ad537a6,0,0,RUSH,0,NA,NA,NA,15,Field goal,2005-11-07T03:26:57Z,11,5:34,3,1,1,3,3,0,PUNT,FIELD_GOAL,12:00,06:26,PHI 20,WAS 16,2234,2495,10,17,Home,7,27,0,41,1,outdoors,grass,68,15,Joe Gibbs,Andy Reid,WAS00,FedExField,0,1,NA,NA,B.Westbrook,36,NA,NA,0,1,1,0,1,NA,00-0021216,NA,B.Westbrook,36,00-0021216,B.Westbrook,00-0021216,B.Westbrook,00-0021216,0,1,0.2567746271379292,NA,NA,NA,NA,NA,NA,NA
2297,2005_09_PHI_WAS,2005110612,WAS,PHI,REG,9,PHI,away,WAS,PHI,69,2005-11-06,601,1501,1501,Half2,0,15,0,3,1,0,10:01,PHI 31,10,64,(10:01) 5-D.McNabb pass to 80-B.McMullen to WAS 31 for 38 yards (98-L.Marshall).,pass,38,0,0,1,0,0,0,NA,NA,NA,NA,NA,NA,NA,NA,NA,NA,3,3,0,NA,NA,NA,NA,3,3,10,7,7,10,-3,7,10,-3,0.013909340836107731,0.16306865215301514,0.003976444713771343,0.26268240809440613,0.2202821671962738,0.0035338287707418203,0.332547128200531,0,0,0.6598083539865911,2.7785028343787417,-1.642863227869384,1.642863227869384,5.792191175889457,-5.792191175889457,-11.452015717592285,11.452015717592285,NA,NA,NA,NA,NA,NA,NA,NA,NA,NA,NA,NA,0.3768891394138336,0.6231108605861664,0.6231108605861664,0.3768891394138336,0.10782530903816223,0.12016013264656067,-0.12016013264656067,0.5152855515480042,0.48471444845199585,0.4076578915119171,0.5923421084880829,0.12573842015909587,-0.12573842015909587,-0.4730780898281097,0.4730780898281097,NA,NA,NA,NA,NA,NA,NA,NA,NA,NA,NA,NA,0,0,1,0,0,0,0,0,0,0,0,0,0,0,0,0,0,0,0,0,0,0,0,0,1,0,0,0,0,0,0,0,0,1,0,0,0,0,0,0,0,0,0,0,0,1,0,0,0,0,0,00-0011022,D.McNabb,38,00-0022135,B.McMullen,38,NA,NA,NA,NA,NA,NA,NA,NA,NA,NA,NA,NA,NA,NA,NA,NA,NA,NA,NA,NA,NA,NA,NA,NA,NA,NA,NA,NA,NA,NA,NA,NA,NA,NA,NA,NA,NA,NA,NA,NA,NA,NA,NA,NA,NA,WAS,NA,00-0010421,NA,L.Marshall,NA,NA,NA,NA,NA,NA,NA,NA,NA,NA,NA,NA,NA,0,NA,NA,NA,NA,NA,NA,NA,NA,NA,NA,NA,NA,NA,NA,NA,NA,NA,NA,NA,NA,NA,NA,NA,NA,NA,NA,NA,NA,NA,NA,NA,0,NA,NA,NA,NA,0,NA,NA,0,0,0,0,NA,NA,2005,NA,NA,34,1,First down,2297,"11/6/05, 20:37:32",2005-11-07T03:31:43Z,Commanders Field,"Clear Temp: 68° F, Humidity: 54%, Wind: South 15 mph",10012005-1106-1290-9e6c-abd41ad537a6,0,0,PASS,0,NA,NA,NA,15,Field goal,2005-11-07T03:26:57Z,11,5:34,3,1,1,3,3,0,PUNT,FIELD_GOAL,12:00,06:26,PHI 20,WAS 16,2234,2495,10,17,Home,7,27,0,41,1,outdoors,grass,68,15,Joe Gibbs,Andy Reid,WAS00,FedExField,0,1,D.McNabb,5,NA,NA,B.McMullen,80,1,0,1,0,1,00-0011022,NA,00-0022135,D.McNabb,5,00-0011022,B.McMullen,00-0022135,B.McMullen,00-0022135,0,1,2.7785028343787417,NA,NA,NA,NA,NA,NA,NA
2322,2005_09_PHI_WAS,2005110612,WAS,PHI,REG,9,PHI,away,WAS,WAS,31,2005-11-06,560,1460,1460,Half2,0,15,0,3,1,0,09:20,WAS 31,10,64,(9:20) 5-D.McNabb pass to 41-S.Spach to WAS 25 for 6 yards (53-M.Washington).,pass,6,0,0,1,0,0,0,NA,NA,NA,NA,NA,NA,NA,NA,NA,NA,3,3,0,NA,NA,NA,NA,3,3,10,7,7,10,-3,7,10,-3,0.009826339781284332,0.05691542103886604,9.543897467665374e-4,0.10080423206090927,0.3746093809604645,0.00109273346606642,0.4557974636554718,0,0,3.438311188365333,0.27805356367025524,-1.9209167915396392,1.9209167915396392,5.792191175889457,-5.792191175889457,-11.73006928126254,11.73006928126254,NA,NA,NA,NA,NA,NA,NA,NA,NA,NA,NA,NA,0.48471444845199585,0.5152855515480042,0.5152855515480042,0.48471444845199585,0.017725348472595215,0.012012720108032227,-0.012012720108032227,0.49756020307540894,0.5024397969245911,0.5278180241584778,0.4721819758415222,0.12573842015909587,-0.12573842015909587,-0.49080343830070494,0.49080343830070494,NA,NA,NA,NA,NA,NA,NA,NA,NA,NA,NA,NA,0,0,0,0,0,0,0,0,0,0,0,0,0,0,0,0,0,0,0,0,0,0,0,0,1,0,0,0,0,0,0,0,0,1,0,0,0,0,0,0,0,0,0,0,0,1,0,0,0,0,0,00-0011022,D.McNabb,6,00-0023108,S.Spach,6,NA,NA,NA,NA,NA,NA,NA,NA,NA,NA,NA,NA,NA,NA,NA,NA,NA,NA,NA,NA,NA,NA,NA,NA,NA,NA,NA,NA,NA,NA,NA,NA,NA,NA,NA,NA,NA,NA,NA,NA,NA,NA,NA,NA,NA,WAS,NA,00-0019585,NA,M.Washington,NA,NA,NA,NA,NA,NA,NA,NA,NA,NA,NA,NA,NA,0,NA,NA,NA,NA,NA,NA,NA,NA,NA,NA,NA,NA,NA,NA,NA,NA,NA,NA,NA,NA,NA,NA,NA,NA,NA,NA,NA,NA,NA,NA,NA,0,NA,NA,NA,NA,0,NA,NA,0,0,0,0,NA,NA,2005,NA,NA,35,1,First down,2322,"11/6/05, 20:37:32",2005-11-07T03:32:24Z,Commanders Field,"Clear Temp: 68° F, Humidity: 54%, Wind: South 15 mph",10012005-1106-1290-9e6c-abd41ad537a6,0,0,PASS,0,NA,NA,NA,15,Field goal,2005-11-07T03:26:57Z,11,5:34,3,1,1,3,3,0,PUNT,FIELD_GOAL,12:00,06:26,PHI 20,WAS 16,2234,2495,10,17,Home,7,27,0,41,1,outdoors,grass,68,15,Joe Gibbs,Andy Reid,WAS00,FedExField,0,1,D.McNabb,5,NA,NA,S.Spach,41,1,0,0,0,1,00-0011022,NA,00-0023108,D.McNabb,5,00-0011022,S.Spach,00-0023108,S.Spach,00-0023108,0,1,0.27805356367025524,NA,NA,NA,NA,NA,NA,NA
2343,2005_09_PHI_WAS,2005110612,WAS,PHI,REG,9,PHI,away,WAS,WAS,25,2005-11-06,527,1427,1427,Half2,0,15,0,3,2,0,08:47,WAS 25,4,64,(8:47) 36-B.Westbrook left end to WAS 26 for -1 yards (56-L.Arrington).,run,-1,0,0,0,0,0,0,NA,NA,NA,NA,left,end,NA,NA,NA,NA,3,3,0,NA,NA,NA,NA,3,3,10,7,7,10,-3,7,10,-3,0.0071284715086221695,0.04127000272274017,8.212440880015492e-4,0.08283552527427673,0.41228875517845154,9.58407181315124e-4,0.45469754934310913,0,0,3.716364752035588,-0.688274416141212,-1.2326423753984272,1.2326423753984272,6.480465592030669,-6.480465592030669,-11.73006928126254,11.73006928126254,NA,NA,NA,NA,NA,NA,NA,NA,NA,NA,NA,NA,0.5024397969245911,0.49756020307540894,0.49756020307540894,0.5024397969245911,-0.028729379177093506,-0.03083103895187378,0.03083103895187378,0.5262895822525024,0.47371041774749756,0.53983074426651,0.46016925573349,0.15446779933618937,-0.15446779933618937,-0.49080343830070494,0.49080343830070494,NA,NA,NA,NA,NA,NA,NA,NA,NA,NA,NA,NA,0,0,0,0,0,0,0,0,0,0,0,0,0,0,0,0,0,0,0,0,0,0,0,0,1,0,0,1,0,0,0,0,1,0,0,0,0,0,0,0,0,0,0,0,0,0,0,0,0,0,0,NA,NA,NA,NA,NA,NA,00-0021216,B.Westbrook,-1,NA,NA,NA,NA,NA,NA,NA,NA,NA,NA,NA,NA,NA,NA,NA,NA,NA,NA,NA,NA,NA,NA,NA,NA,NA,NA,NA,NA,NA,NA,NA,NA,NA,NA,NA,NA,NA,NA,NA,NA,NA,NA,WAS,NA,00-0019692,NA,L.Arrington,NA,NA,NA,NA,NA,NA,NA,NA,NA,NA,NA,NA,NA,0,NA,NA,NA,NA,NA,NA,NA,NA,NA,NA,NA,NA,NA,NA,NA,NA,NA,NA,NA,NA,NA,NA,NA,NA,NA,NA,NA,NA,NA,NA,NA,0,NA,NA,NA,NA,0,NA,NA,0,0,0,0,NA,NA,2005,NA,NA,35,1,First down,2343,"11/6/05, 20:37:32",2005-11-07T03:32:57Z,Commanders Field,"Clear Temp: 68° F, Humidity: 54%, Wind: South 15 mph",10012005-1106-1290-9e6c-abd41ad537a6,0,0,RUSH,0,NA,NA,NA,15,Field goal,2005-11-07T03:26:57Z,11,5:34,3,1,1,3,3,0,PUNT,FIELD_GOAL,12:00,06:26,PHI 20,WAS 16,2234,2495,10,17,Home,7,27,0,41,1,outdoors,grass,68,15,Joe Gibbs,Andy Reid,WAS00,FedExField,0,0,NA,NA,B.Westbrook,36,NA,NA,0,1,0,0,1,NA,00-0021216,NA,B.Westbrook,36,00-0021216,B.Westbrook,00-0021216,B.Westbrook,00-0021216,0,1,-0.688274416141212,NA,NA,NA,NA,NA,NA,NA
2364,2005_09_PHI_WAS,2005110612,WAS,PHI,REG,9,PHI,away,WAS,WAS,26,2005-11-06,487,1387,1387,Half2,0,15,0,3,3,0,08:07,WAS 26,5,64,(8:07) (Shotgun) 5-D.McNabb pass to 86-R.Brown to WAS 20 for 6 yards (27-W.Harris).,pass,6,1,0,1,0,0,0,NA,NA,NA,NA,NA,NA,NA,NA,NA,NA,3,3,0,NA,NA,NA,NA,3,3,10,7,7,10,-3,7,10,-3,0.0072756302542984486,0.056142013520002365,8.32783174701035e-4,0.09635881334543228,0.49953651428222656,9.790401672944427e-4,0.3388751447200775,0,0,3.028090335894376,1.1245222351280972,-2.3571646105265245,2.3571646105265245,6.480465592030669,-6.480465592030669,-12.854591516390638,12.854591516390638,NA,NA,NA,NA,NA,NA,NA,NA,NA,NA,NA,NA,0.47371041774749756,0.5262895822525024,0.5262895822525024,0.47371041774749756,0.03698641061782837,0.054475367069244385,-0.054475367069244385,0.48930317163467407,0.5106968283653259,0.5089997053146362,0.49100029468536377,0.15446779933618937,-0.15446779933618937,-0.5277898489185333,0.5277898489185333,NA,NA,NA,NA,NA,NA,NA,NA,NA,NA,NA,NA,0,0,1,0,1,0,0,0,0,0,0,0,0,0,0,0,0,0,0,0,0,0,0,0,1,0,0,0,0,0,0,0,0,1,0,0,0,0,0,0,0,0,0,0,0,1,0,0,0,0,0,00-0011022,D.McNabb,6,00-0023470,R.Brown,6,NA,NA,NA,NA,NA,NA,NA,NA,NA,NA,NA,NA,NA,NA,NA,NA,NA,NA,NA,NA,NA,NA,NA,NA,NA,NA,NA,NA,NA,NA,NA,NA,NA,NA,NA,NA,NA,NA,NA,NA,NA,NA,NA,NA,NA,WAS,NA,00-0007007,NA,W.Harris,NA,NA,NA,NA,NA,NA,NA,NA,NA,NA,NA,NA,NA,0,NA,NA,NA,NA,NA,NA,NA,NA,NA,NA,NA,NA,NA,NA,NA,NA,NA,NA,NA,NA,NA,NA,NA,NA,NA,NA,NA,NA,NA,NA,NA,0,NA,NA,NA,NA,0,NA,NA,0,0,0,0,NA,NA,2005,NA,NA,35,1,First down,2364,"11/6/05, 20:37:32",2005-11-07T03:33:37Z,Commanders Field,"Clear Temp: 68° F, Humidity: 54%, Wind: South 15 mph",10012005-1106-1290-9e6c-abd41ad537a6,0,0,PASS,0,NA,NA,NA,15,Field goal,2005-11-07T03:26:57Z,11,5:34,3,1,1,3,3,0,PUNT,FIELD_GOAL,12:00,06:26,PHI 20,WAS 16,2234,2495,10,17,Home,7,27,0,41,1,outdoors,grass,68,15,Joe Gibbs,Andy Reid,WAS00,FedExField,0,1,D.McNabb,5,NA,NA,R.Brown,86,1,0,1,0,1,00-0011022,NA,00-0023470,D.McNabb,5,00-0011022,R.Brown,00-0023470,R.Brown,00-0023470,0,1,1.1245222351280972,NA,NA,NA,NA,NA,NA,NA
2390,2005_09_PHI_WAS,2005110612,WAS,PHI,REG,9,PHI,away,WAS,WAS,20,2005-11-06,449,1349,1349,Half2,0,15,0,3,1,0,07:29,WAS 20,10,64,(7:29) 5-D.McNabb pass incomplete to 83-G.Lewis. Play Challenged by PHI and Upheld. (Timeout #1 by PHI.),pass,0,0,0,1,0,0,0,NA,NA,NA,NA,NA,NA,NA,NA,NA,NA,3,2,1,PHI,NA,NA,NA,2,3,10,7,7,10,-3,7,10,-3,0.008624902926385403,0.035639211535453796,6.506982608698308e-4,0.061114538460969925,0.3909473419189453,0.0010743384482339025,0.5019489526748657,0,0,4.152612571022473,-0.42945883236825466,-1.9277057781582698,1.9277057781582698,6.480465592030669,-6.480465592030669,-12.425132684022383,12.425132684022383,NA,NA,NA,NA,NA,NA,NA,NA,NA,NA,NA,NA,0.5106968283653259,0.48930317163467407,0.48930317163467407,0.5106968283653259,-0.016749531030654907,-0.017704427242279053,0.017704427242279053,0.506052702665329,0.493947297334671,0.5634750723838806,0.4365249276161194,0.15446779933618937,-0.15446779933618937,-0.5110403178878784,0.5110403178878784,NA,NA,NA,NA,NA,NA,NA,NA,NA,NA,NA,NA,0,0,0,0,0,0,0,0,1,0,0,0,0,0,0,0,0,0,0,0,0,0,0,0,0,0,0,0,0,0,0,0,0,1,0,0,0,0,0,0,0,0,0,0,0,0,0,0,0,0,0,00-0011022,D.McNabb,NA,NA,NA,NA,NA,NA,NA,NA,NA,NA,NA,NA,NA,NA,NA,NA,NA,NA,NA,NA,NA,NA,NA,NA,NA,NA,NA,NA,NA,NA,NA,NA,NA,NA,NA,NA,NA,NA,NA,NA,NA,NA,NA,NA,NA,NA,NA,NA,NA,NA,NA,NA,NA,NA,NA,NA,NA,NA,NA,NA,NA,NA,NA,NA,NA,NA,NA,0,NA,NA,NA,NA,NA,NA,NA,NA,NA,NA,NA,NA,NA,NA,NA,NA,NA,NA,NA,NA,NA,NA,NA,NA,NA,NA,NA,NA,NA,NA,NA,0,NA,NA,NA,NA,1,upheld,NA,0,0,0,0,NA,NA,2005,NA,NA,36,0,Field goal,2390,"11/6/05, 20:37:32",2005-11-07T03:34:15Z,Commanders Field,"Clear Temp: 68° F, Humidity: 54%, Wind: South 15 mph",10012005-1106-1290-9e6c-abd41ad537a6,0,0,PASS,0,NA,NA,NA,15,Field goal,2005-11-07T03:26:57Z,11,5:34,3,1,1,3,3,0,PUNT,FIELD_GOAL,12:00,06:26,PHI 20,WAS 16,2234,2495,10,17,Home,7,27,0,41,1,outdoors,grass,68,15,Joe Gibbs,Andy Reid,WAS00,FedExField,0,0,D.McNabb,5,NA,NA,G.Lewis,83,1,0,0,0,1,00-0011022,NA,00-0021508,D.McNabb,5,00-0011022,NA,NA,G.Lewis,00-0021508,0,1,-0.42945883236825466,NA,NA,NA,NA,NA,NA,NA
2455,2005_09_PHI_WAS,2005110612,WAS,PHI,REG,9,PHI,away,WAS,WAS,20,2005-11-06,436,1336,1336,Half2,0,15,0,3,2,0,07:16,WAS 20,10,64,(7:16) 36-B.Westbrook up the middle to WAS 16 for 4 yards (93-P.Daniels).,run,4,0,0,0,0,0,0,NA,NA,NA,NA,middle,NA,NA,NA,NA,NA,3,2,0,NA,NA,NA,NA,2,3,10,7,7,10,-3,7,10,-3,0.009208319708704948,0.03766384720802307,6.837528781034052e-4,0.06882588565349579,0.46508675813674927,0.0011372913140803576,0.41739416122436523,0,0,3.7231537386542186,-0.2078280975110829,-1.719877680647187,1.719877680647187,6.6882936895417515,-6.6882936895417515,-12.425132684022383,12.425132684022383,NA,NA,NA,NA,NA,NA,NA,NA,NA,NA,NA,NA,0.493947297334671,0.506052702665329,0.506052702665329,0.493947297334671,-0.014363616704940796,-0.01632058620452881,0.01632058620452881,0.5204163193702698,0.4795836806297302,0.5457706451416016,0.45422935485839844,0.16883141604113017,-0.16883141604113017,-0.5110403178878784,0.5110403178878784,NA,NA,NA,NA,NA,NA,NA,NA,NA,NA,NA,NA,0,0,0,0,0,0,0,0,0,0,0,0,0,0,0,0,0,0,0,0,0,0,0,0,1,0,0,0,0,0,0,0,1,0,0,0,0,0,0,0,0,0,0,0,0,0,0,0,0,0,0,NA,NA,NA,NA,NA,NA,00-0021216,B.Westbrook,4,NA,NA,NA,NA,NA,NA,NA,NA,NA,NA,NA,NA,NA,NA,NA,NA,NA,NA,NA,NA,NA,NA,NA,NA,NA,NA,NA,NA,NA,NA,NA,NA,NA,NA,NA,NA,NA,NA,NA,NA,NA,NA,WAS,NA,00-0003874,NA,P.Daniels,NA,NA,NA,NA,NA,NA,NA,NA,NA,NA,NA,NA,NA,0,NA,NA,NA,NA,NA,NA,NA,NA,NA,NA,NA,NA,NA,NA,NA,NA,NA,NA,NA,NA,NA,NA,NA,NA,NA,NA,NA,NA,NA,NA,NA,0,NA,NA,NA,NA,0,NA,NA,0,0,0,0,NA,NA,2005,NA,NA,36,0,Field goal,2455,"11/6/05, 20:37:32",2005-11-07T03:39:34Z,Commanders Field,"Clear Temp: 68° F, Humidity: 54%, Wind: South 15 mph",10012005-1106-1290-9e6c-abd41ad537a6,0,0,RUSH,0,NA,NA,NA,15,Field goal,2005-11-07T03:26:57Z,11,5:34,3,1,1,3,3,0,PUNT,FIELD_GOAL,12:00,06:26,PHI 20,WAS 16,2234,2495,10,17,Home,7,27,0,41,1,outdoors,grass,68,15,Joe Gibbs,Andy Reid,WAS00,FedExField,0,0,NA,NA,B.Westbrook,36,NA,NA,0,1,0,0,1,NA,00-0021216,NA,B.Westbrook,36,00-0021216,B.Westbrook,00-0021216,B.Westbrook,00-0021216,0,1,-0.2078280975110829,NA,NA,NA,NA,NA,NA,NA
2476,2005_09_PHI_WAS,2005110612,WAS,PHI,REG,9,PHI,away,WAS,WAS,16,2005-11-06,394,1294,1294,Half2,0,15,0,3,3,0,06:34,WAS 16,6,64,(6:34) 5-D.McNabb pass incomplete to 36-B.Westbrook.,pass,0,0,0,1,0,0,0,NA,NA,NA,NA,NA,NA,NA,NA,NA,NA,3,2,0,NA,NA,NA,NA,2,3,10,7,7,10,-3,7,10,-3,0.007636135909706354,0.030391329899430275,5.991337238810956e-4,0.05750460922718048,0.5777701735496521,0.0011541888816282153,0.32494446635246277,0,0,3.5153256411431357,-0.9981197209597523,-0.7217579596874346,0.7217579596874346,6.6882936895417515,-6.6882936895417515,-11.42701296306263,11.42701296306263,NA,NA,NA,NA,NA,NA,NA,NA,NA,NA,NA,NA,0.4795836806297302,0.5204163193702698,0.5204163193702698,0.4795836806297302,-0.05912238359451294,-0.04599103331565857,0.04599103331565857,0.5795387029647827,0.4204612970352173,0.5294500589370728,0.47054994106292725,0.16883141604113017,-0.16883141604113017,-0.45191793429336546,0.45191793429336546,NA,NA,NA,NA,NA,NA,NA,NA,NA,NA,NA,NA,0,0,0,0,0,1,0,0,1,0,0,0,0,0,0,0,0,0,0,0,0,0,0,0,0,0,0,0,0,0,0,0,0,1,0,0,0,0,0,0,0,0,0,0,0,0,0,0,0,0,0,00-0011022,D.McNabb,NA,NA,NA,NA,NA,NA,NA,NA,NA,NA,NA,NA,NA,NA,NA,NA,NA,NA,NA,NA,NA,NA,NA,NA,NA,NA,NA,NA,NA,NA,NA,NA,NA,NA,NA,NA,NA,NA,NA,NA,NA,NA,NA,NA,NA,NA,NA,NA,NA,NA,NA,NA,NA,NA,NA,NA,NA,NA,NA,NA,NA,NA,NA,NA,NA,NA,NA,0,NA,NA,NA,NA,NA,NA,NA,NA,NA,NA,NA,NA,NA,NA,NA,NA,NA,NA,NA,NA,NA,NA,NA,NA,NA,NA,NA,NA,NA,NA,NA,0,NA,NA,NA,NA,0,NA,NA,0,0,0,0,NA,NA,2005,NA,NA,36,0,Field goal,2476,"11/6/05, 20:37:32",2005-11-07T03:40:16Z,Commanders Field,"Clear Temp: 68° F, Humidity: 54%, Wind: South 15 mph",10012005-1106-1290-9e6c-abd41ad537a6,0,0,PASS,0,NA,NA,NA,15,Field goal,2005-11-07T03:26:57Z,11,5:34,3,1,1,3,3,0,PUNT,FIELD_GOAL,12:00,06:26,PHI 20,WAS 16,2234,2495,10,17,Home,7,27,0,41,1,outdoors,grass,68,15,Joe Gibbs,Andy Reid,WAS00,FedExField,0,0,D.McNabb,5,NA,NA,B.Westbrook,36,1,0,0,0,1,00-0011022,NA,00-0021216,D.McNabb,5,00-0011022,NA,NA,B.Westbrook,00-0021216,0,1,-0.9981197209597523,NA,NA,NA,NA,NA,NA,NA
2495,2005_09_PHI_WAS,2005110612,WAS,PHI,REG,9,PHI,away,WAS,WAS,16,2005-11-06,391,1291,1291,Half2,0,15,1,3,4,0,06:31,WAS 16,6,64,"(6:31) 2-D.Akers 34 yard field goal is GOOD, Center-88-M.Bartrum, Holder-10-K.Detmer.",field_goal,0,0,0,0,0,0,0,NA,NA,NA,NA,NA,NA,made,34,NA,NA,3,2,0,NA,NA,NA,NA,2,3,10,10,7,10,-3,10,10,0,0.004937097877498457,0.030359191977231456,6.725018504891065e-4,0.047709385964648514,0.8668801818574119,6.2756681643854e-4,0.048814074623354714,0,0,2.5172059201833834,0.4827940798166166,-1.2045520395040512,1.2045520395040512,6.6882936895417515,-6.6882936895417515,-11.42701296306263,11.42701296306263,NA,NA,NA,NA,NA,NA,NA,NA,NA,NA,NA,NA,0.4204612970352173,0.5795387029647827,0.5795387029647827,0.4204612970352173,0.021486103534698486,0.006607919931411743,-0.006607919931411743,0.5580525994300842,0.44194740056991577,0.4834590256214142,0.5165409743785858,0.16883141604113017,-0.16883141604113017,-0.45191793429336546,0.45191793429336546,NA,NA,NA,NA,NA,NA,NA,NA,NA,NA,NA,NA,0,0,0,0,0,0,0,0,0,0,0,0,0,0,0,0,0,0,0,0,0,0,0,0,0,0,0,0,0,0,0,0,0,0,0,0,0,0,0,0,0,1,0,0,0,0,0,0,0,0,0,NA,NA,NA,NA,NA,NA,NA,NA,NA,NA,NA,NA,NA,NA,NA,NA,NA,NA,NA,NA,NA,NA,NA,NA,NA,NA,NA,NA,NA,NA,NA,D.Akers,00-0000108,NA,NA,NA,NA,NA,NA,NA,NA,NA,NA,NA,NA,NA,NA,NA,NA,NA,NA,NA,NA,NA,NA,NA,NA,NA,NA,NA,NA,NA,NA,NA,NA,NA,NA,NA,NA,0,NA,NA,NA,NA,NA,NA,NA,NA,NA,NA,NA,NA,NA,NA,NA,NA,NA,NA,NA,NA,NA,NA,NA,NA,NA,NA,NA,NA,NA,NA,NA,0,NA,NA,NA,NA,0,NA,NA,0,0,0,0,NA,NA,2005,NA,NA,36,0,Field goal,2495,"11/6/05, 20:37:32",2005-11-07T03:40:56Z,Commanders Field,"Clear Temp: 68° F, Humidity: 54%, Wind: South 15 mph",10012005-1106-1290-9e6c-abd41ad537a6,0,0,FIELD_GOAL,0,NA,NA,NA,15,Field goal,2005-11-07T03:26:57Z,11,5:34,3,1,1,3,3,0,PUNT,FIELD_GOAL,12:00,06:26,PHI 20,WAS 16,2234,2495,10,17,Home,7,27,0,41,1,outdoors,grass,68,15,Joe Gibbs,Andy Reid,WAS00,FedExField,0,1,NA,NA,NA,NA,NA,NA,0,0,0,1,0,NA,NA,NA,NA,NA,NA,NA,NA,NA,NA,0,1,0.4827940798166166,NA,NA,NA,NA,NA,NA,NA
2514,2005_09_PHI_WAS,2005110612,WAS,PHI,REG,9,WAS,home,PHI,PHI,30,2005-11-06,386,1286,1286,Half2,0,16,0,3,NA,0,06:26,PHI 30,0,48,"6-J.Cortez kicks 58 yards from PHI 30 to WAS 12. 46-L.Betts to PHI 48 for 40 yards (34-R.Mahe, 21-M.Ware).",kickoff,0,0,0,0,0,0,0,NA,NA,NA,NA,NA,NA,NA,58,NA,NA,3,2,0,NA,NA,NA,NA,3,2,10,10,10,10,0,10,10,0,0.029003826901316643,0.17068520188331604,0.004652239382266998,0.23995783925056458,0.20403511822223663,0.003066602163016796,0.3485991954803467,0,0,0.8573679681867361,2.0419158504810184,0.8373638109769672,-0.8373638109769672,6.6882936895417515,-6.6882936895417515,-11.42701296306263,11.42701296306263,NA,NA,NA,NA,NA,NA,NA,NA,NA,NA,NA,NA,0.5580525994300842,0.44194740056991577,0.5580525994300842,0.44194740056991577,0.046430885791778564,0.06444275379180908,0.06444275379180908,0.6044834852218628,0.3955165147781372,0.5099330544471741,0.5099330544471741,0.16883141604113017,-0.16883141604113017,-0.45191793429336546,0.45191793429336546,NA,NA,NA,NA,NA,NA,NA,NA,NA,NA,NA,NA,0,0,0,0,0,0,0,0,0,0,0,0,0,0,0,0,0,0,0,0,0,0,0,0,0,0,0,0,0,0,0,0,0,0,0,0,0,0,0,0,0,0,1,0,0,0,1,0,0,0,0,NA,NA,NA,NA,NA,NA,NA,NA,NA,NA,NA,NA,NA,NA,NA,NA,NA,NA,NA,NA,NA,NA,NA,NA,NA,L.Betts,00-0021184,NA,NA,NA,NA,J.Cortez,00-0003501,NA,NA,NA,NA,NA,NA,NA,NA,NA,NA,NA,NA,NA,NA,NA,NA,NA,NA,NA,NA,NA,NA,NA,NA,00-0022786,M.Ware,PHI,NA,NA,NA,NA,NA,NA,NA,NA,NA,1,00-0021509,R.Mahe,PHI,NA,NA,NA,NA,NA,NA,NA,NA,NA,NA,NA,NA,NA,NA,NA,NA,NA,NA,NA,NA,NA,NA,NA,NA,NA,NA,NA,WAS,40,NA,NA,NA,NA,0,NA,NA,0,0,0,0,NA,NA,2005,NA,NA,37,1,First down,2514,"11/6/05, 20:37:32",2005-11-07T03:43:33Z,Commanders Field,"Clear Temp: 68° F, Humidity: 54%, Wind: South 15 mph",10012005-1106-1290-9e6c-abd41ad537a6,0,0,KICK_OFF,1,NA,NA,NA,16,Touchdown,2005-11-07T03:43:33Z,7,3:39,3,1,1,3,3,0,KICKOFF,TOUCHDOWN,06:26,02:47,PHI 48,PHI 6,2514,2693,10,17,Home,7,27,0,41,1,outdoors,grass,68,15,Joe Gibbs,Andy Reid,WAS00,FedExField,0,1,NA,NA,NA,NA,NA,NA,0,0,0,1,0,NA,NA,NA,NA,NA,NA,NA,NA,NA,NA,0,1,2.0419158504810184,NA,NA,NA,NA,NA,NA,NA
2536,2005_09_PHI_WAS,2005110612,WAS,PHI,REG,9,WAS,home,PHI,PHI,48,2005-11-06,377,1277,1277,Half2,0,16,0,3,1,0,06:17,PHI 48,10,48,(6:17) 26-C.Portis left end to PHI 49 for -1 yards (57-K.Adams).,run,-1,0,0,0,0,0,0,NA,NA,NA,NA,left,end,NA,NA,NA,NA,3,2,0,NA,NA,NA,NA,3,2,10,10,10,10,0,10,10,0,0.017898688092827797,0.09030015021562576,0.001463179592974484,0.1353621482849121,0.2858926057815552,0.004122954793274403,0.4649602770805359,0,0,2.8992838186677545,-0.7403123169206083,0.09705149405635893,-0.09705149405635893,5.947981372621143,-5.947981372621143,-11.42701296306263,11.42701296306263,NA,NA,NA,NA,NA,NA,NA,NA,NA,NA,NA,NA,0.6044834852218628,0.3955165147781372,0.6044834852218628,0.3955165147781372,-0.03290963172912598,-0.02695995569229126,-0.02695995569229126,0.5715738534927368,0.4284261465072632,0.5743758082389832,0.5743758082389832,0.1359217843120042,-0.1359217843120042,-0.45191793429336546,0.45191793429336546,NA,NA,NA,NA,NA,NA,NA,NA,NA,NA,NA,NA,0,0,0,0,0,0,0,0,0,0,0,0,0,0,0,0,0,0,0,0,0,0,0,0,1,0,0,1,0,0,0,0,1,0,0,0,0,0,0,0,0,0,0,0,0,0,0,0,0,0,0,NA,NA,NA,NA,NA,NA,00-0021179,C.Portis,-1,NA,NA,NA,NA,NA,NA,NA,NA,NA,NA,NA,NA,NA,NA,NA,NA,NA,NA,NA,NA,NA,NA,NA,NA,NA,NA,NA,NA,NA,NA,NA,NA,NA,NA,NA,NA,NA,NA,NA,NA,NA,NA,PHI,NA,00-0020488,NA,K.Adams,NA,NA,NA,NA,NA,NA,NA,NA,NA,NA,NA,NA,NA,0,NA,NA,NA,NA,NA,NA,NA,NA,NA,NA,NA,NA,NA,NA,NA,NA,NA,NA,NA,NA,NA,NA,NA,NA,NA,NA,NA,NA,NA,NA,NA,0,NA,NA,NA,NA,0,NA,NA,0,0,0,0,NA,NA,2005,NA,NA,37,1,First down,2536,"11/6/05, 20:37:32",2005-11-07T03:44:26Z,Commanders Field,"Clear Temp: 68° F, Humidity: 54%, Wind: South 15 mph",10012005-1106-1290-9e6c-abd41ad537a6,0,0,RUSH,0,NA,NA,NA,16,Touchdown,2005-11-07T03:43:33Z,7,3:39,3,1,1,3,3,0,KICKOFF,TOUCHDOWN,06:26,02:47,PHI 48,PHI 6,2514,2693,10,17,Home,7,27,0,41,1,outdoors,grass,68,15,Joe Gibbs,Andy Reid,WAS00,FedExField,0,0,NA,NA,C.Portis,26,NA,NA,0,1,0,0,1,NA,00-0021179,NA,C.Portis,26,00-0021179,C.Portis,00-0021179,C.Portis,00-0021179,0,1,-0.7403123169206083,NA,NA,NA,NA,NA,NA,NA
2557,2005_09_PHI_WAS,2005110612,WAS,PHI,REG,9,WAS,home,PHI,PHI,49,2005-11-06,338,1238,1238,Half2,0,16,0,3,2,0,05:38,PHI 49,11,48,(5:38) (Shotgun) 8-M.Brunell pass incomplete to 47-C.Cooley (54-J.Trotter).,pass,0,1,0,1,0,0,0,NA,NA,NA,NA,NA,NA,NA,NA,NA,NA,3,2,0,NA,NA,NA,NA,3,2,10,10,10,10,0,10,10,0,0.02151123434305191,0.11224742233753204,0.001762174884788692,0.17308583855628967,0.27642232179641724,0.004644997417926788,0.4103260040283203,0,0,2.1589715017471462,-0.9023927364032716,-0.8053412423469126,0.8053412423469126,5.947981372621143,-5.947981372621143,-12.329405699465902,12.329405699465902,NA,NA,NA,NA,NA,NA,NA,NA,NA,NA,NA,NA,0.5715738534927368,0.4284261465072632,0.5715738534927368,0.4284261465072632,-0.04052126407623291,-0.04007315635681152,-0.04007315635681152,0.5310525894165039,0.4689474105834961,0.5474158525466919,0.5474158525466919,0.1359217843120042,-0.1359217843120042,-0.4924391983695984,0.4924391983695984,NA,NA,NA,NA,NA,NA,NA,NA,NA,NA,NA,NA,0,0,0,0,0,0,0,0,1,0,0,0,0,0,0,0,0,0,0,0,0,0,0,0,0,0,0,0,0,0,0,0,0,1,0,0,0,0,0,0,0,0,0,0,0,0,0,0,0,0,0,00-0002110,M.Brunell,NA,NA,NA,NA,NA,NA,NA,NA,NA,NA,NA,NA,NA,NA,NA,NA,NA,NA,NA,NA,NA,NA,NA,NA,NA,NA,NA,NA,NA,NA,NA,NA,NA,NA,NA,NA,NA,NA,NA,NA,NA,NA,NA,NA,NA,NA,NA,NA,NA,NA,NA,NA,NA,NA,NA,NA,NA,NA,NA,NA,NA,NA,NA,NA,NA,NA,NA,0,NA,NA,NA,NA,NA,NA,00-0016624,J.Trotter,NA,NA,NA,NA,NA,NA,NA,NA,NA,NA,NA,NA,NA,NA,NA,NA,NA,NA,NA,NA,NA,NA,NA,0,NA,NA,NA,NA,0,NA,NA,0,0,0,0,NA,NA,2005,NA,NA,37,1,First down,2557,"11/6/05, 20:37:32",2005-11-07T03:45:05Z,Commanders Field,"Clear Temp: 68° F, Humidity: 54%, Wind: South 15 mph",10012005-1106-1290-9e6c-abd41ad537a6,0,0,PASS,0,NA,NA,NA,16,Touchdown,2005-11-07T03:43:33Z,7,3:39,3,1,1,3,3,0,KICKOFF,TOUCHDOWN,06:26,02:47,PHI 48,PHI 6,2514,2693,10,17,Home,7,27,0,41,1,outdoors,grass,68,15,Joe Gibbs,Andy Reid,WAS00,FedExField,0,0,M.Brunell,8,NA,NA,C.Cooley,47,1,0,0,0,1,00-0002110,NA,00-0022738,M.Brunell,8,00-0002110,NA,NA,C.Cooley,00-0022738,0,1,-0.9023927364032716,NA,NA,NA,NA,NA,NA,NA
2576,2005_09_PHI_WAS,2005110612,WAS,PHI,REG,9,WAS,home,PHI,PHI,49,2005-11-06,333,1233,1233,Half2,0,16,0,3,3,0,05:33,PHI 49,11,48,(5:33) (Shotgun) 8-M.Brunell pass to 46-L.Betts to PHI 23 for 26 yards (20-B.Dawkins).,pass,26,1,0,1,0,0,0,NA,NA,NA,NA,NA,NA,NA,NA,NA,NA,3,2,0,NA,NA,NA,NA,3,2,10,10,10,10,0,10,10,0,0.02390778437256813,0.1483927071094513,0.0019642880652099848,0.218673437833786,0.24663229286670685,0.005300750955939293,0.3551287353038788,0,0,1.2565787653438747,3.1530850505223498,2.347743808175437,-2.347743808175437,5.947981372621143,-5.947981372621143,-9.176320648943552,9.176320648943552,NA,NA,NA,NA,NA,NA,NA,NA,NA,NA,NA,NA,0.5310525894165039,0.4689474105834961,0.5310525894165039,0.4689474105834961,0.15169405937194824,0.15053939819335938,0.15053939819335938,0.6827466487884521,0.31725335121154785,0.5073426961898804,0.5073426961898804,0.1359217843120042,-0.1359217843120042,-0.34074513899765013,0.34074513899765013,NA,NA,NA,NA,NA,NA,NA,NA,NA,NA,NA,NA,0,0,1,0,1,0,0,0,0,0,0,0,0,0,0,0,0,0,0,0,0,0,0,0,1,0,0,0,0,0,0,0,0,1,0,0,0,0,0,0,0,0,0,0,0,1,0,0,0,0,0,00-0002110,M.Brunell,26,00-0021184,L.Betts,26,NA,NA,NA,NA,NA,NA,NA,NA,NA,NA,NA,NA,NA,NA,NA,NA,NA,NA,NA,NA,NA,NA,NA,NA,NA,NA,NA,NA,NA,NA,NA,NA,NA,NA,NA,NA,NA,NA,NA,NA,NA,NA,NA,NA,NA,PHI,NA,00-0004073,NA,B.Dawkins,NA,NA,NA,NA,NA,NA,NA,NA,NA,NA,NA,NA,NA,0,NA,NA,NA,NA,NA,NA,NA,NA,NA,NA,NA,NA,NA,NA,NA,NA,NA,NA,NA,NA,NA,NA,NA,NA,NA,NA,NA,NA,NA,NA,NA,0,NA,NA,NA,NA,0,NA,NA,0,0,0,0,NA,NA,2005,NA,NA,37,1,First down,2576,"11/6/05, 20:37:32",2005-11-07T03:45:43Z,Commanders Field,"Clear Temp: 68° F, Humidity: 54%, Wind: South 15 mph",10012005-1106-1290-9e6c-abd41ad537a6,0,0,PASS,0,NA,NA,NA,16,Touchdown,2005-11-07T03:43:33Z,7,3:39,3,1,1,3,3,0,KICKOFF,TOUCHDOWN,06:26,02:47,PHI 48,PHI 6,2514,2693,10,17,Home,7,27,0,41,1,outdoors,grass,68,15,Joe Gibbs,Andy Reid,WAS00,FedExField,0,1,M.Brunell,8,NA,NA,L.Betts,46,1,0,1,0,1,00-0002110,NA,00-0021184,M.Brunell,8,00-0002110,L.Betts,00-0021184,L.Betts,00-0021184,0,1,3.1530850505223498,NA,NA,NA,NA,NA,NA,NA
2597,2005_09_PHI_WAS,2005110612,WAS,PHI,REG,9,WAS,home,PHI,PHI,23,2005-11-06,294,1194,1194,Half2,0,16,0,3,1,0,04:54,PHI 23,10,48,"(4:54) 26-C.Portis up the middle to PHI 23 for no gain (57-K.Adams, 54-J.Trotter).",run,0,0,0,0,0,0,0,NA,NA,NA,NA,middle,NA,NA,NA,NA,NA,3,2,0,NA,NA,NA,NA,3,2,10,10,10,10,0,10,10,0,0.0071005201898515224,0.032192640006542206,6.401469581760466e-4,0.04550562798976898,0.3925420343875885,0.0011395951732993126,0.5208794474601746,0,0,4.4096638158662245,-0.343552274745889,2.004191533429548,-2.004191533429548,5.604429097875254,-5.604429097875254,-9.176320648943552,9.176320648943552,NA,NA,NA,NA,NA,NA,NA,NA,NA,NA,NA,NA,0.6827466487884521,0.31725335121154785,0.6827466487884521,0.31725335121154785,-0.016128122806549072,-0.018092632293701172,-0.018092632293701172,0.6666185259819031,0.3333814740180969,0.6578820943832397,0.6578820943832397,0.11979366150545512,-0.11979366150545512,-0.34074513899765013,0.34074513899765013,NA,NA,NA,NA,NA,NA,NA,NA,NA,NA,NA,NA,0,0,0,0,0,0,0,0,0,0,0,0,0,0,0,0,0,0,0,0,0,0,0,0,0,0,0,0,0,0,0,0,1,0,0,0,0,0,0,0,0,0,0,0,0,0,1,0,0,0,0,NA,NA,NA,NA,NA,NA,00-0021179,C.Portis,0,NA,NA,NA,NA,NA,NA,NA,NA,NA,NA,NA,NA,NA,NA,NA,NA,NA,NA,NA,NA,NA,NA,NA,NA,NA,NA,NA,NA,NA,NA,NA,NA,NA,NA,NA,NA,NA,NA,NA,NA,NA,NA,NA,NA,NA,NA,NA,NA,00-0016624,J.Trotter,PHI,NA,NA,NA,NA,NA,NA,NA,NA,NA,1,00-0020488,K.Adams,PHI,NA,NA,NA,NA,NA,NA,NA,NA,NA,NA,NA,NA,NA,NA,NA,NA,NA,NA,NA,NA,NA,NA,NA,NA,NA,NA,NA,NA,0,NA,NA,NA,NA,0,NA,NA,0,0,0,0,NA,NA,2005,NA,NA,38,1,First down,2597,"11/6/05, 20:37:32",2005-11-07T03:46:22Z,Commanders Field,"Clear Temp: 68° F, Humidity: 54%, Wind: South 15 mph",10012005-1106-1290-9e6c-abd41ad537a6,0,0,RUSH,0,NA,NA,NA,16,Touchdown,2005-11-07T03:43:33Z,7,3:39,3,1,1,3,3,0,KICKOFF,TOUCHDOWN,06:26,02:47,PHI 48,PHI 6,2514,2693,10,17,Home,7,27,0,41,1,outdoors,grass,68,15,Joe Gibbs,Andy Reid,WAS00,FedExField,0,0,NA,NA,C.Portis,26,NA,NA,0,1,0,0,1,NA,00-0021179,NA,C.Portis,26,00-0021179,C.Portis,00-0021179,C.Portis,00-0021179,0,1,-0.343552274745889,NA,NA,NA,NA,NA,NA,NA
2618,2005_09_PHI_WAS,2005110612,WAS,PHI,REG,9,WAS,home,PHI,PHI,23,2005-11-06,258,1158,1158,Half2,0,16,0,3,2,0,04:18,PHI 23,10,48,(4:18) 8-M.Brunell left end to PHI 19 for 4 yards (58-T.Cole).,run,4,0,0,0,0,0,1,NA,NA,NA,NA,left,end,NA,NA,NA,NA,3,2,0,NA,NA,NA,NA,3,2,10,10,10,10,0,10,10,0,0.008996658027172089,0.034253813326358795,6.684781983494759e-4,0.05017879977822304,0.45347708463668823,0.0011892117327079177,0.45123597979545593,0,0,4.0661115411203355,-0.4164134751772508,1.5877780582522973,-1.5877780582522973,5.188015622698003,-5.188015622698003,-9.176320648943552,9.176320648943552,NA,NA,NA,NA,NA,NA,NA,NA,NA,NA,NA,NA,0.6666185259819031,0.3333814740180969,0.6666185259819031,0.3333814740180969,-0.013233304023742676,-0.022402584552764893,-0.022402584552764893,0.6533852219581604,0.3466147780418396,0.6397894620895386,0.6397894620895386,0.10656035748171244,-0.10656035748171244,-0.34074513899765013,0.34074513899765013,NA,NA,NA,NA,NA,NA,NA,NA,NA,NA,NA,NA,0,0,0,0,0,0,0,0,0,0,0,0,0,0,0,0,0,0,0,0,0,0,0,0,1,0,0,0,0,0,0,0,1,0,0,0,0,0,0,0,0,0,0,0,0,0,0,0,0,0,0,NA,NA,NA,NA,NA,NA,00-0002110,M.Brunell,4,NA,NA,NA,NA,NA,NA,NA,NA,NA,NA,NA,NA,NA,NA,NA,NA,NA,NA,NA,NA,NA,NA,NA,NA,NA,NA,NA,NA,NA,NA,NA,NA,NA,NA,NA,NA,NA,NA,NA,NA,NA,NA,PHI,NA,00-0023579,NA,T.Cole,NA,NA,NA,NA,NA,NA,NA,NA,NA,NA,NA,NA,NA,0,NA,NA,NA,NA,NA,NA,NA,NA,NA,NA,NA,NA,NA,NA,NA,NA,NA,NA,NA,NA,NA,NA,NA,NA,NA,NA,NA,NA,NA,NA,NA,0,NA,NA,NA,NA,0,NA,NA,0,0,0,0,NA,NA,2005,NA,NA,38,1,First down,2618,"11/6/05, 20:37:32",2005-11-07T03:46:58Z,Commanders Field,"Clear Temp: 68° F, Humidity: 54%, Wind: South 15 mph",10012005-1106-1290-9e6c-abd41ad537a6,0,0,RUSH,0,NA,NA,NA,16,Touchdown,2005-11-07T03:43:33Z,7,3:39,3,1,1,3,3,0,KICKOFF,TOUCHDOWN,06:26,02:47,PHI 48,PHI 6,2514,2693,10,17,Home,7,27,0,41,1,outdoors,grass,68,15,Joe Gibbs,Andy Reid,WAS00,FedExField,0,0,M.Brunell,NA,NA,8,NA,NA,1,0,0,0,1,00-0002110,NA,NA,M.Brunell,8,00-0002110,M.Brunell,00-0002110,M.Brunell,00-0002110,0,1,-0.4164134751772508,NA,NA,NA,NA,NA,NA,NA
2639,2005_09_PHI_WAS,2005110612,WAS,PHI,REG,9,WAS,home,PHI,PHI,19,2005-11-06,218,1118,1118,Half2,0,16,0,3,3,0,03:38,PHI 19,6,48,"(3:38) (Shotgun) 8-M.Brunell pass to 47-C.Cooley to PHI 6 for 13 yards (20-B.Dawkins). FUMBLES (20-B.Dawkins), recovered by WAS-66-D.Dockery at PHI 6. 66-D.Dockery to PHI 6 for no gain (32-M.Lewis).",pass,13,1,0,1,0,0,0,NA,NA,NA,NA,NA,NA,NA,NA,NA,NA,3,2,0,NA,NA,NA,NA,3,2,10,10,10,10,0,10,10,0,0.008660552091896534,0.03098992630839348,5.494299693964422e-4,0.05491532012820244,0.5500348210334778,0.0011760733323171735,0.35367390513420105,0,0,3.6496980659430847,1.9433389190817252,3.5311169773340225,-3.5311169773340225,5.188015622698003,-5.188015622698003,-7.232981729861827,7.232981729861827,NA,NA,NA,NA,NA,NA,NA,NA,NA,NA,NA,NA,0.6533852219581604,0.3466147780418396,0.6533852219581604,0.3466147780418396,0.06540095806121826,0.08339357376098633,0.08339357376098633,0.7187861800193787,0.28121381998062134,0.6173868775367737,0.6173868775367737,0.10656035748171244,-0.10656035748171244,-0.27534418093643187,0.27534418093643187,NA,NA,NA,NA,NA,NA,NA,NA,NA,NA,NA,NA,0,0,1,0,1,0,0,0,0,0,0,0,0,0,0,0,0,0,0,0,0,1,0,0,1,0,0,0,0,0,0,0,0,1,0,0,0,0,0,0,0,0,0,0,1,1,0,0,0,0,0,00-0002110,M.Brunell,13,00-0022738,C.Cooley,13,NA,NA,NA,NA,NA,NA,NA,NA,NA,NA,NA,NA,NA,NA,NA,NA,NA,NA,NA,NA,NA,NA,NA,NA,NA,NA,NA,NA,NA,NA,NA,NA,NA,NA,NA,NA,NA,NA,NA,PHI,00-0004073,B.Dawkins,NA,NA,NA,PHI,PHI,00-0004073,00-0021185,B.Dawkins,M.Lewis,NA,NA,NA,NA,NA,NA,NA,NA,NA,NA,NA,NA,0,NA,NA,NA,NA,NA,NA,NA,NA,NA,NA,WAS,00-0022738,C.Cooley,NA,NA,NA,WAS,0,00-0022132,D.Dockery,NA,NA,NA,NA,NA,NA,NA,NA,NA,NA,NA,0,NA,NA,NA,NA,0,NA,NA,0,0,0,0,NA,NA,2005,NA,NA,38,1,First down,2639,"11/6/05, 20:37:32",2005-11-07T03:47:38Z,Commanders Field,"Clear Temp: 68° F, Humidity: 54%, Wind: South 15 mph",10012005-1106-1290-9e6c-abd41ad537a6,0,0,PASS,0,NA,NA,NA,16,Touchdown,2005-11-07T03:43:33Z,7,3:39,3,1,1,3,3,0,KICKOFF,TOUCHDOWN,06:26,02:47,PHI 48,PHI 6,2514,2693,10,17,Home,7,27,0,41,1,outdoors,grass,68,15,Joe Gibbs,Andy Reid,WAS00,FedExField,0,1,M.Brunell,8,NA,NA,C.Cooley,47,1,0,1,0,1,00-0002110,NA,00-0022738,M.Brunell,8,00-0002110,C.Cooley,00-0022738,C.Cooley,00-0022738,0,1,1.9433389190817252,NA,NA,NA,NA,NA,NA,NA
2671,2005_09_PHI_WAS,2005110612,WAS,PHI,REG,9,WAS,home,PHI,PHI,6,2005-11-06,171,1071,1071,Half2,0,16,1,3,1,1,02:51,PHI 6,6,48,"(2:51) 26-C.Portis up the middle for 6 yards, TOUCHDOWN.",run,6,0,0,0,0,0,0,NA,NA,NA,NA,middle,NA,NA,NA,NA,NA,3,2,0,NA,WAS,C.Portis,00-0021179,3,2,16,10,10,10,0,16,10,6,0.005123964045196772,0.01362114492803812,4.164023557677865e-4,0.019700229167938232,0.23739121854305267,0.001153593068011105,0.7225934267044067,0,0,5.59303698502481,1.4069630149751902,4.938079992309213,-4.938079992309213,6.594978637673194,-6.594978637673194,-7.232981729861827,7.232981729861827,NA,NA,NA,NA,NA,NA,NA,NA,NA,NA,NA,NA,0.7187861800193787,0.28121381998062134,0.7187861800193787,0.28121381998062134,0.06650777599457669,0.07620780519450188,0.07620780519450188,0.7852939560139554,0.21470604398604465,0.70078045129776,0.70078045129776,0.17306813347628913,-0.17306813347628913,-0.27534418093643187,0.27534418093643187,NA,NA,NA,NA,NA,NA,NA,NA,NA,NA,NA,NA,0,1,0,0,0,0,0,0,0,0,0,0,0,0,0,0,0,0,0,0,0,0,0,0,0,0,0,0,0,0,0,0,1,0,0,1,0,1,0,0,0,0,0,0,0,0,0,0,0,0,0,NA,NA,NA,NA,NA,NA,00-0021179,C.Portis,6,NA,NA,NA,NA,NA,NA,NA,NA,NA,NA,NA,NA,NA,NA,NA,NA,NA,NA,NA,NA,NA,NA,NA,NA,NA,NA,NA,NA,NA,NA,NA,NA,NA,NA,NA,NA,NA,NA,NA,NA,NA,NA,NA,NA,NA,NA,NA,NA,NA,NA,NA,NA,NA,NA,NA,NA,NA,NA,NA,NA,0,NA,NA,NA,NA,NA,NA,NA,NA,NA,NA,NA,NA,NA,NA,NA,NA,NA,NA,NA,NA,NA,NA,NA,NA,NA,NA,NA,NA,NA,NA,NA,0,NA,NA,NA,NA,0,NA,NA,0,0,0,0,NA,NA,2005,NA,NA,39,1,Touchdown,2671,"11/6/05, 20:37:32",2005-11-07T03:48:25Z,Commanders Field,"Clear Temp: 68° F, Humidity: 54%, Wind: South 15 mph",10012005-1106-1290-9e6c-abd41ad537a6,0,0,RUSH,0,NA,NA,NA,16,Touchdown,2005-11-07T03:43:33Z,7,3:39,3,1,1,3,3,0,KICKOFF,TOUCHDOWN,06:26,02:47,PHI 48,PHI 6,2514,2693,10,17,Home,7,27,0,41,1,outdoors,grass,68,15,Joe Gibbs,Andy Reid,WAS00,FedExField,0,1,NA,NA,C.Portis,26,NA,NA,0,1,1,0,1,NA,00-0021179,NA,C.Portis,26,00-0021179,C.Portis,00-0021179,C.Portis,00-0021179,0,1,1.4069630149751902,NA,NA,NA,NA,NA,NA,NA
2693,2005_09_PHI_WAS,2005110612,WAS,PHI,REG,9,WAS,home,PHI,PHI,2,2005-11-06,167,1067,1067,Half2,0,16,1,3,NA,0,02:47,PHI 2,0,48,"10-J.Hall extra point is GOOD, Center-71-E.Albright, Holder-4-D.Frost.",extra_point,0,0,0,0,0,0,0,NA,NA,NA,NA,NA,NA,NA,20,good,NA,3,2,0,NA,NA,NA,NA,3,2,17,10,16,10,6,17,10,7,0,0,0,0,0,0,0,0.9862267078059223,0,0.9862267078059223,0.013773292194077746,4.95185328450329,-4.95185328450329,6.594978637673194,-6.594978637673194,-7.232981729861827,7.232981729861827,NA,NA,NA,NA,NA,NA,NA,NA,NA,NA,NA,NA,0.7852939560139554,0.21470604398604465,0.7852939560139554,0.21470604398604465,0.008410240796766999,0.011048164449090958,0.011048164449090958,0.7937041968107224,0.20629580318927765,0.7769882564922619,0.7769882564922619,0.17306813347628913,-0.17306813347628913,-0.27534418093643187,0.27534418093643187,NA,NA,NA,NA,NA,NA,NA,NA,NA,NA,NA,NA,0,0,0,0,0,0,0,0,0,0,0,0,0,0,0,0,0,0,0,0,0,0,0,0,0,0,0,0,0,0,0,0,0,0,0,0,0,0,0,1,0,0,0,0,0,0,0,0,0,0,0,NA,NA,NA,NA,NA,NA,NA,NA,NA,NA,NA,NA,NA,NA,NA,NA,NA,NA,NA,NA,NA,NA,NA,NA,NA,NA,NA,NA,NA,NA,NA,J.Hall,00-0006662,NA,NA,NA,NA,NA,NA,NA,NA,NA,NA,NA,NA,NA,NA,NA,NA,NA,NA,NA,NA,NA,NA,NA,NA,NA,NA,NA,NA,NA,NA,NA,NA,NA,NA,NA,NA,0,NA,NA,NA,NA,NA,NA,NA,NA,NA,NA,NA,NA,NA,NA,NA,NA,NA,NA,NA,NA,NA,NA,NA,NA,NA,NA,NA,NA,NA,NA,NA,0,NA,NA,NA,NA,0,NA,NA,0,0,0,0,NA,NA,2005,NA,NA,39,1,Touchdown,2693,"11/6/05, 20:37:32",2005-11-07T03:49:04Z,Commanders Field,"Clear Temp: 68° F, Humidity: 54%, Wind: South 15 mph",10012005-1106-1290-9e6c-abd41ad537a6,0,0,XP_KICK,1,NA,NA,NA,16,Touchdown,2005-11-07T03:43:33Z,7,3:39,3,1,1,3,3,0,KICKOFF,TOUCHDOWN,06:26,02:47,PHI 48,PHI 6,2514,2693,10,17,Home,7,27,0,41,1,outdoors,grass,68,15,Joe Gibbs,Andy Reid,WAS00,FedExField,0,1,NA,NA,NA,NA,NA,NA,0,0,0,1,0,NA,NA,NA,NA,NA,NA,NA,NA,NA,NA,0,1,0.013773292194077746,NA,NA,NA,NA,NA,NA,NA
2709,2005_09_PHI_WAS,2005110612,WAS,PHI,REG,9,PHI,away,WAS,WAS,30,2005-11-06,167,1067,1067,Half2,0,17,0,3,NA,0,02:47,WAS 30,0,18,10-J.Hall kicks 64 yards from WAS 30 to PHI 6. 29-R.Hood to PHI 35 for 29 yards (83-J.Thrash).,kickoff,0,0,0,0,0,0,0,NA,NA,NA,NA,NA,NA,NA,64,NA,NA,3,2,0,NA,NA,NA,NA,2,3,17,10,10,17,-7,10,17,-7,0.04911073297262192,0.17842617630958557,0.0036513598170131445,0.3060179352760315,0.17441323399543762,0.0028749846387654543,0.2855055630207062,0,0,-0.15717818308621645,0.8731909687630832,4.078662315740207,-4.078662315740207,6.594978637673194,-6.594978637673194,-7.232981729861827,7.232981729861827,NA,NA,NA,NA,NA,NA,NA,NA,NA,NA,NA,NA,0.20629580318927765,0.7937041968107224,0.7937041968107224,0.20629580318927765,0.01615147292613983,0.023392438888549805,-0.023392438888549805,0.7775527238845825,0.22244727611541748,0.21196357905864716,0.7880364209413528,0.17306813347628913,-0.17306813347628913,-0.27534418093643187,0.27534418093643187,NA,NA,NA,NA,NA,NA,NA,NA,NA,NA,NA,NA,0,0,0,0,0,0,0,0,0,0,0,0,0,0,0,0,0,0,0,0,0,0,0,0,1,0,0,0,0,0,0,0,0,0,0,0,0,0,0,0,0,0,1,0,0,0,0,0,0,0,0,NA,NA,NA,NA,NA,NA,NA,NA,NA,NA,NA,NA,NA,NA,NA,NA,NA,NA,NA,NA,NA,NA,NA,NA,NA,R.Hood,00-0021503,NA,NA,NA,NA,J.Hall,00-0006662,NA,NA,NA,NA,NA,NA,NA,NA,NA,NA,NA,NA,NA,NA,NA,NA,NA,NA,WAS,NA,00-0016440,NA,J.Thrash,NA,NA,NA,NA,NA,NA,NA,NA,NA,NA,NA,NA,NA,0,NA,NA,NA,NA,NA,NA,NA,NA,NA,NA,NA,NA,NA,NA,NA,NA,NA,NA,NA,NA,NA,NA,NA,NA,NA,NA,NA,NA,NA,NA,PHI,29,NA,NA,NA,NA,0,NA,NA,0,0,0,0,NA,NA,2005,NA,NA,40,1,First down,2709,"11/6/05, 20:37:32",2005-11-07T03:51:29Z,Commanders Field,"Clear Temp: 68° F, Humidity: 54%, Wind: South 15 mph",10012005-1106-1290-9e6c-abd41ad537a6,0,0,KICK_OFF,1,NA,NA,NA,17,Punt,2005-11-07T03:51:29Z,8,4:03,2,0,0,3,4,0,KICKOFF,PUNT,02:47,13:44,PHI 35,WAS 47,2709,2912,10,17,Home,7,27,0,41,1,outdoors,grass,68,15,Joe Gibbs,Andy Reid,WAS00,FedExField,0,1,NA,NA,NA,NA,NA,NA,0,0,0,1,0,NA,NA,NA,NA,NA,NA,NA,NA,NA,NA,0,1,0.8731909687630832,NA,NA,NA,NA,NA,NA,NA
2731,2005_09_PHI_WAS,2005110612,WAS,PHI,REG,9,PHI,away,WAS,PHI,65,2005-11-06,161,1061,1061,Half2,0,17,0,3,1,0,02:41,PHI 35,10,18,(2:41) 36-B.Westbrook right tackle to PHI 40 for 5 yards (92-D.Evans).,run,5,0,0,0,0,0,0,NA,NA,NA,NA,right,tackle,NA,NA,NA,NA,3,2,0,NA,NA,NA,NA,2,3,17,10,10,17,-7,10,17,-7,0.048793476074934006,0.14415372908115387,0.0023597104009240866,0.25459006428718567,0.22352460026741028,0.004259769804775715,0.3223186433315277,0,0,0.7160127856768668,0.158631375990808,3.9200309397493993,-3.9200309397493993,6.436347261682386,-6.436347261682386,-7.232981729861827,7.232981729861827,NA,NA,NA,NA,NA,NA,NA,NA,NA,NA,NA,NA,0.22244727611541748,0.7775527238845825,0.7775527238845825,0.22244727611541748,-0.002009272575378418,7.90819525718689e-4,-7.90819525718689e-4,0.7795619964599609,0.22043800354003906,0.23535601794719696,0.764643982052803,0.17507740605166755,-0.17507740605166755,-0.27534418093643187,0.27534418093643187,NA,NA,NA,NA,NA,NA,NA,NA,NA,NA,NA,NA,0,0,0,0,0,0,0,0,0,0,0,0,0,0,0,0,0,0,0,0,0,0,0,0,1,0,0,0,0,0,0,0,1,0,0,0,0,0,0,0,0,0,0,0,0,0,0,0,0,0,0,NA,NA,NA,NA,NA,NA,00-0021216,B.Westbrook,5,NA,NA,NA,NA,NA,NA,NA,NA,NA,NA,NA,NA,NA,NA,NA,NA,NA,NA,NA,NA,NA,NA,NA,NA,NA,NA,NA,NA,NA,NA,NA,NA,NA,NA,NA,NA,NA,NA,NA,NA,NA,NA,WAS,NA,00-0020055,NA,D.Evans,NA,NA,NA,NA,NA,NA,NA,NA,NA,NA,NA,NA,NA,0,NA,NA,NA,NA,NA,NA,NA,NA,NA,NA,NA,NA,NA,NA,NA,NA,NA,NA,NA,NA,NA,NA,NA,NA,NA,NA,NA,NA,NA,NA,NA,0,NA,NA,NA,NA,0,NA,NA,0,0,0,0,NA,NA,2005,NA,NA,40,1,First down,2731,"11/6/05, 20:37:32",2005-11-07T03:52:15Z,Commanders Field,"Clear Temp: 68° F, Humidity: 54%, Wind: South 15 mph",10012005-1106-1290-9e6c-abd41ad537a6,0,0,RUSH,0,NA,NA,NA,17,Punt,2005-11-07T03:51:29Z,8,4:03,2,0,0,3,4,0,KICKOFF,PUNT,02:47,13:44,PHI 35,WAS 47,2709,2912,10,17,Home,7,27,0,41,1,outdoors,grass,68,15,Joe Gibbs,Andy Reid,WAS00,FedExField,0,1,NA,NA,B.Westbrook,36,NA,NA,0,1,0,0,1,NA,00-0021216,NA,B.Westbrook,36,00-0021216,B.Westbrook,00-0021216,B.Westbrook,00-0021216,0,1,0.158631375990808,NA,NA,NA,NA,NA,NA,NA
2752,2005_09_PHI_WAS,2005110612,WAS,PHI,REG,9,PHI,away,WAS,PHI,60,2005-11-06,122,1022,1022,Half2,0,17,0,3,2,0,02:02,PHI 40,5,18,(2:02) 36-B.Westbrook left tackle to PHI 46 for 6 yards (56-L.Arrington).,run,6,0,0,0,0,0,0,NA,NA,NA,NA,left,tackle,NA,NA,NA,NA,3,2,0,NA,NA,NA,NA,2,3,17,10,10,17,-7,10,17,-7,0.057672761380672455,0.13763022422790527,0.001997569343075156,0.24288560450077057,0.2254875898361206,0.005003469530493021,0.32932278513908386,0,0,0.8746441616676748,0.7612843604292721,3.1587465793201273,-3.1587465793201273,5.6750629012531135,-5.6750629012531135,-7.232981729861827,7.232981729861827,NA,NA,NA,NA,NA,NA,NA,NA,NA,NA,NA,NA,0.22043800354003906,0.7795619964599609,0.7795619964599609,0.22043800354003906,0.018871888518333435,0.023244500160217285,-0.023244500160217285,0.7606901079416275,0.2393098920583725,0.23614683747291565,0.7638531625270844,0.15620551753333412,-0.15620551753333412,-0.27534418093643187,0.27534418093643187,NA,NA,NA,NA,NA,NA,NA,NA,NA,NA,NA,NA,0,1,0,0,0,0,0,0,0,0,0,0,0,0,0,0,0,0,0,0,0,0,0,0,1,0,0,0,0,0,0,0,1,0,0,0,0,0,0,0,0,0,0,0,0,0,0,0,0,0,0,NA,NA,NA,NA,NA,NA,00-0021216,B.Westbrook,6,NA,NA,NA,NA,NA,NA,NA,NA,NA,NA,NA,NA,NA,NA,NA,NA,NA,NA,NA,NA,NA,NA,NA,NA,NA,NA,NA,NA,NA,NA,NA,NA,NA,NA,NA,NA,NA,NA,NA,NA,NA,NA,WAS,NA,00-0019692,NA,L.Arrington,NA,NA,NA,NA,NA,NA,NA,NA,NA,NA,NA,NA,NA,0,NA,NA,NA,NA,NA,NA,NA,NA,NA,NA,NA,NA,NA,NA,NA,NA,NA,NA,NA,NA,NA,NA,NA,NA,NA,NA,NA,NA,NA,NA,NA,0,NA,NA,NA,NA,0,NA,NA,0,0,0,0,NA,NA,2005,NA,NA,40,1,First down,2752,"11/6/05, 20:37:32",2005-11-07T03:52:54Z,Commanders Field,"Clear Temp: 68° F, Humidity: 54%, Wind: South 15 mph",10012005-1106-1290-9e6c-abd41ad537a6,0,0,RUSH,0,NA,NA,NA,17,Punt,2005-11-07T03:51:29Z,8,4:03,2,0,0,3,4,0,KICKOFF,PUNT,02:47,13:44,PHI 35,WAS 47,2709,2912,10,17,Home,7,27,0,41,1,outdoors,grass,68,15,Joe Gibbs,Andy Reid,WAS00,FedExField,0,1,NA,NA,B.Westbrook,36,NA,NA,0,1,1,0,1,NA,00-0021216,NA,B.Westbrook,36,00-0021216,B.Westbrook,00-0021216,B.Westbrook,00-0021216,0,1,0.7612843604292721,NA,NA,NA,NA,NA,NA,NA
2773,2005_09_PHI_WAS,2005110612,WAS,PHI,REG,9,PHI,away,WAS,PHI,54,2005-11-06,87,987,987,Half2,0,17,0,3,1,0,01:27,PHI 46,10,18,(1:27) 5-D.McNabb pass to 80-B.McMullen to WAS 47 for 7 yards (56-L.Arrington).,pass,7,0,0,1,0,0,0,NA,NA,NA,NA,NA,NA,NA,NA,NA,NA,3,2,0,NA,NA,NA,NA,2,3,17,10,10,17,-7,10,17,-7,0.05603715777397156,0.11773601174354553,0.0017228120705112815,0.1978374719619751,0.24687360227108002,0.004345339722931385,0.3754475712776184,0,0,1.6359285220969468,0.3309520436450839,2.8277945356750434,-2.8277945356750434,5.6750629012531135,-5.6750629012531135,-7.5639337735069105,7.5639337735069105,NA,NA,NA,NA,NA,NA,NA,NA,NA,NA,NA,NA,0.2393098920583725,0.7606901079416275,0.7606901079416275,0.2393098920583725,0.0013696402311325073,0.0056494176387786865,-0.0056494176387786865,0.759320467710495,0.240679532289505,0.25939133763313293,0.7406086623668671,0.15620551753333412,-0.15620551753333412,-0.2767138211675644,0.2767138211675644,NA,NA,NA,NA,NA,NA,NA,NA,NA,NA,NA,NA,0,0,0,0,0,0,0,0,0,0,0,0,0,0,0,0,0,0,0,0,0,0,0,0,1,0,0,0,0,0,0,0,0,1,0,0,0,0,0,0,0,0,0,0,0,1,0,0,0,0,0,00-0011022,D.McNabb,7,00-0022135,B.McMullen,7,NA,NA,NA,NA,NA,NA,NA,NA,NA,NA,NA,NA,NA,NA,NA,NA,NA,NA,NA,NA,NA,NA,NA,NA,NA,NA,NA,NA,NA,NA,NA,NA,NA,NA,NA,NA,NA,NA,NA,NA,NA,NA,NA,NA,NA,WAS,NA,00-0019692,NA,L.Arrington,NA,NA,NA,NA,NA,NA,NA,NA,NA,NA,NA,NA,NA,0,NA,NA,NA,NA,NA,NA,NA,NA,NA,NA,NA,NA,NA,NA,NA,NA,NA,NA,NA,NA,NA,NA,NA,NA,NA,NA,NA,NA,NA,NA,NA,0,NA,NA,NA,NA,0,NA,NA,0,0,0,0,NA,NA,2005,NA,NA,41,1,First down,2773,"11/6/05, 20:37:32",2005-11-07T03:53:29Z,Commanders Field,"Clear Temp: 68° F, Humidity: 54%, Wind: South 15 mph",10012005-1106-1290-9e6c-abd41ad537a6,0,0,PASS,0,NA,NA,NA,17,Punt,2005-11-07T03:51:29Z,8,4:03,2,0,0,3,4,0,KICKOFF,PUNT,02:47,13:44,PHI 35,WAS 47,2709,2912,10,17,Home,7,27,0,41,1,outdoors,grass,68,15,Joe Gibbs,Andy Reid,WAS00,FedExField,0,1,D.McNabb,5,NA,NA,B.McMullen,80,1,0,0,0,1,00-0011022,NA,00-0022135,D.McNabb,5,00-0011022,B.McMullen,00-0022135,B.McMullen,00-0022135,0,1,0.3309520436450839,NA,NA,NA,NA,NA,NA,NA
2794,2005_09_PHI_WAS,2005110612,WAS,PHI,REG,9,PHI,away,WAS,WAS,47,2005-11-06,53,953,953,Half2,0,17,0,3,2,0,00:53,WAS 47,3,18,"(:53) 36-B.Westbrook right end to WAS 47 for no gain (56-L.Arrington, 24-S.Springs).",run,0,0,0,0,0,0,0,NA,NA,NA,NA,right,end,NA,NA,NA,NA,3,2,0,NA,NA,NA,NA,2,3,17,10,10,17,-7,10,17,-7,0.05919201299548149,0.1062641367316246,0.0014757005264982581,0.17919647693634033,0.2531178295612335,0.004326090682297945,0.396427720785141,0,0,1.9668805657420307,-0.7917478466406465,3.61954238231569,-3.61954238231569,6.46681074789376,-6.46681074789376,-7.5639337735069105,7.5639337735069105,NA,NA,NA,NA,NA,NA,NA,NA,NA,NA,NA,NA,0.240679532289505,0.759320467710495,0.759320467710495,0.240679532289505,-0.013380482792854309,-0.02726346254348755,0.02726346254348755,0.7727009505033493,0.2272990494966507,0.2650407552719116,0.7349592447280884,0.16958600032618842,-0.16958600032618842,-0.2767138211675644,0.2767138211675644,NA,NA,NA,NA,NA,NA,NA,NA,NA,NA,NA,NA,0,0,0,0,0,0,0,0,0,0,0,0,0,0,0,0,0,0,0,0,0,0,0,0,0,0,0,0,0,0,0,0,1,0,0,0,0,0,0,0,0,0,0,0,0,0,1,0,0,0,0,NA,NA,NA,NA,NA,NA,00-0021216,B.Westbrook,0,NA,NA,NA,NA,NA,NA,NA,NA,NA,NA,NA,NA,NA,NA,NA,NA,NA,NA,NA,NA,NA,NA,NA,NA,NA,NA,NA,NA,NA,NA,NA,NA,NA,NA,NA,NA,NA,NA,NA,NA,NA,NA,NA,NA,NA,NA,NA,NA,00-0015495,S.Springs,WAS,NA,NA,NA,NA,NA,NA,NA,NA,NA,1,00-0019692,L.Arrington,WAS,NA,NA,NA,NA,NA,NA,NA,NA,NA,NA,NA,NA,NA,NA,NA,NA,NA,NA,NA,NA,NA,NA,NA,NA,NA,NA,NA,NA,0,NA,NA,NA,NA,0,NA,NA,0,0,0,0,NA,NA,2005,NA,NA,41,1,First down,2794,"11/6/05, 20:37:32",2005-11-07T03:54:03Z,Commanders Field,"Clear Temp: 68° F, Humidity: 54%, Wind: South 15 mph",10012005-1106-1290-9e6c-abd41ad537a6,0,0,RUSH,0,NA,NA,NA,17,Punt,2005-11-07T03:51:29Z,8,4:03,2,0,0,3,4,0,KICKOFF,PUNT,02:47,13:44,PHI 35,WAS 47,2709,2912,10,17,Home,7,27,0,41,1,outdoors,grass,68,15,Joe Gibbs,Andy Reid,WAS00,FedExField,0,0,NA,NA,B.Westbrook,36,NA,NA,0,1,0,0,1,NA,00-0021216,NA,B.Westbrook,36,00-0021216,B.Westbrook,00-0021216,B.Westbrook,00-0021216,0,1,-0.7917478466406465,NA,NA,NA,NA,NA,NA,NA
2815,2005_09_PHI_WAS,2005110612,WAS,PHI,REG,9,PHI,away,WAS,WAS,47,2005-11-06,15,915,915,Half2,0,17,0,3,3,0,00:15,WAS 47,3,18,(:15) 5-D.McNabb up the middle to WAS 42 for 5 yards (93-P.Daniels).,run,5,0,0,0,0,0,1,NA,NA,NA,NA,middle,NA,NA,NA,NA,NA,3,2,0,NA,NA,NA,NA,2,3,17,10,10,17,-7,10,17,-7,0.06336726993322372,0.1319779008626938,0.001546937390230596,0.22285327315330505,0.22611045837402344,0.004641423001885414,0.34950271248817444,0,0,1.1751327191013843,1.1999467993155122,2.4195955830001776,-2.4195955830001776,5.266863948578248,-5.266863948578248,-7.5639337735069105,7.5639337735069105,NA,NA,NA,NA,NA,NA,NA,NA,NA,NA,NA,NA,0.2272990494966507,0.7727009505033493,0.7727009505033493,0.2272990494966507,0.02579312026500702,0.03429105877876282,-0.03429105877876282,0.7469078302383423,0.2530921697616577,0.23777729272842407,0.7622227072715759,0.1437928800611814,-0.1437928800611814,-0.2767138211675644,0.2767138211675644,NA,NA,NA,NA,NA,NA,NA,NA,NA,NA,NA,NA,0,1,0,0,1,0,0,0,0,0,0,0,0,0,0,0,0,0,0,0,0,0,0,0,1,0,0,0,0,0,0,0,1,0,0,0,0,0,0,0,0,0,0,0,0,0,0,0,0,0,0,NA,NA,NA,NA,NA,NA,00-0011022,D.McNabb,5,NA,NA,NA,NA,NA,NA,NA,NA,NA,NA,NA,NA,NA,NA,NA,NA,NA,NA,NA,NA,NA,NA,NA,NA,NA,NA,NA,NA,NA,NA,NA,NA,NA,NA,NA,NA,NA,NA,NA,NA,NA,NA,WAS,NA,00-0003874,NA,P.Daniels,NA,NA,NA,NA,NA,NA,NA,NA,NA,NA,NA,NA,NA,0,NA,NA,NA,NA,NA,NA,NA,NA,NA,NA,NA,NA,NA,NA,NA,NA,NA,NA,NA,NA,NA,NA,NA,NA,NA,NA,NA,NA,NA,NA,NA,0,NA,NA,NA,NA,0,NA,NA,0,0,0,0,NA,NA,2005,NA,NA,41,1,First down,2815,"11/6/05, 20:37:32",2005-11-07T03:54:41Z,Commanders Field,"Clear Temp: 68° F, Humidity: 54%, Wind: South 15 mph",10012005-1106-1290-9e6c-abd41ad537a6,0,0,RUSH,0,NA,NA,NA,17,Punt,2005-11-07T03:51:29Z,8,4:03,2,0,0,3,4,0,KICKOFF,PUNT,02:47,13:44,PHI 35,WAS 47,2709,2912,10,17,Home,7,27,0,41,1,outdoors,grass,68,15,Joe Gibbs,Andy Reid,WAS00,FedExField,0,1,D.McNabb,NA,NA,5,NA,NA,1,0,1,0,1,00-0011022,NA,NA,D.McNabb,5,00-0011022,D.McNabb,00-0011022,D.McNabb,00-0011022,0,1,1.1999467993155122,NA,NA,NA,NA,NA,NA,NA
2836,2005_09_PHI_WAS,2005110612,WAS,PHI,REG,9,PHI,away,WAS,NA,NA,2005-11-06,0,900,900,Half2,1,17,0,3,NA,0,00:00,WAS 42,0,18,END QUARTER 3,NA,NA,0,0,NA,0,0,0,NA,NA,NA,NA,NA,NA,NA,NA,NA,NA,3,2,NA,NA,NA,NA,NA,2,3,17,10,10,17,-7,10,17,-7,0,0,0,0,0,0,0,0,0,2.3750795184168965,-0,2.4195955830001776,-2.4195955830001776,5.266863948578248,-5.266863948578248,-7.5639337735069105,7.5639337735069105,NA,NA,NA,NA,NA,NA,NA,NA,NA,NA,NA,NA,0.2530921697616577,0.7469078302383423,0.7469078302383423,0.2530921697616577,-0,-0,0,0.7469078302383423,0.2530921697616577,0.2720683515071869,0.7279316484928131,0.1437928800611814,-0.1437928800611814,-0.2767138211675644,0.2767138211675644,NA,NA,NA,NA,NA,NA,NA,NA,NA,NA,NA,NA,NA,NA,NA,NA,NA,NA,NA,NA,NA,0,NA,NA,NA,NA,NA,NA,NA,NA,NA,NA,NA,NA,NA,NA,NA,NA,NA,NA,NA,NA,NA,NA,NA,NA,NA,NA,NA,NA,NA,NA,NA,NA,NA,NA,NA,NA,NA,NA,NA,NA,NA,NA,NA,NA,NA,NA,NA,NA,NA,NA,NA,NA,NA,NA,NA,NA,NA,NA,NA,NA,NA,NA,NA,NA,NA,NA,NA,NA,NA,NA,NA,NA,NA,NA,NA,NA,NA,NA,NA,NA,NA,NA,NA,NA,NA,NA,NA,NA,NA,NA,NA,NA,NA,NA,NA,NA,NA,NA,NA,NA,NA,NA,NA,NA,NA,NA,NA,NA,NA,NA,NA,NA,NA,NA,NA,NA,NA,NA,NA,NA,NA,NA,NA,NA,NA,NA,NA,NA,NA,NA,NA,NA,NA,NA,NA,NA,NA,NA,NA,NA,NA,NA,NA,NA,NA,NA,NA,0,NA,NA,NA,NA,NA,NA,NA,NA,2005,NA,NA,42,0,Punt,2836,"11/6/05, 20:37:32",NA,Commanders Field,"Clear Temp: 68° F, Humidity: 54%, Wind: South 15 mph",10012005-1106-1290-9e6c-abd41ad537a6,0,0,END_QUARTER,0,NA,NA,NA,17,Punt,2005-11-07T03:51:29Z,8,4:03,2,0,0,3,4,0,KICKOFF,PUNT,02:47,13:44,PHI 35,WAS 47,2709,2912,10,17,Home,7,27,0,41,1,outdoors,grass,68,15,Joe Gibbs,Andy Reid,WAS00,FedExField,0,0,NA,NA,NA,NA,NA,NA,0,0,NA,0,0,NA,NA,NA,NA,NA,NA,NA,NA,NA,NA,0,1,-0,NA,NA,NA,NA,NA,NA,NA
2853,2005_09_PHI_WAS,2005110612,WAS,PHI,REG,9,PHI,away,WAS,WAS,42,2005-11-06,900,900,900,Half2,0,17,0,4,1,0,15:00,WAS 42,10,18,(15:00) 5-D.McNabb pass incomplete to 25-L.Gordon.,pass,0,0,0,1,0,0,0,NA,NA,NA,NA,NA,NA,NA,NA,NA,NA,3,2,0,NA,NA,NA,NA,2,3,17,10,10,17,-7,10,17,-7,0.06311389058828354,0.08816245943307877,0.0014721861807629466,0.15524284541606903,0.27425050735473633,0.0035694418475031853,0.4141886830329895,0,0,2.3750795184168965,-0.5197294699028134,2.939325052902991,-2.939325052902991,5.266863948578248,-5.266863948578248,-7.044204303604097,7.044204303604097,NA,NA,NA,NA,NA,NA,NA,NA,NA,NA,NA,NA,0.2530921697616577,0.7469078302383423,0.7469078302383423,0.2530921697616577,-0.02505078911781311,-0.016513437032699585,0.016513437032699585,0.7719586193561554,0.2280413806438446,0.2720683515071869,0.7279316484928131,0.1437928800611814,-0.1437928800611814,-0.25166303204975127,0.25166303204975127,NA,NA,NA,NA,NA,NA,NA,NA,NA,NA,NA,NA,0,0,0,0,0,0,0,0,1,0,0,0,0,0,0,0,0,0,0,0,0,0,0,0,0,0,0,0,0,0,0,0,0,1,0,0,0,0,0,0,0,0,0,0,0,0,0,0,0,0,0,00-0011022,D.McNabb,NA,NA,NA,NA,NA,NA,NA,NA,NA,NA,NA,NA,NA,NA,NA,NA,NA,NA,NA,NA,NA,NA,NA,NA,NA,NA,NA,NA,NA,NA,NA,NA,NA,NA,NA,NA,NA,NA,NA,NA,NA,NA,NA,NA,NA,NA,NA,NA,NA,NA,NA,NA,NA,NA,NA,NA,NA,NA,NA,NA,NA,NA,NA,NA,NA,NA,NA,0,NA,NA,NA,NA,NA,NA,NA,NA,NA,NA,NA,NA,NA,NA,NA,NA,NA,NA,NA,NA,NA,NA,NA,NA,NA,NA,NA,NA,NA,NA,NA,0,NA,NA,NA,NA,0,NA,NA,0,0,0,0,NA,NA,2005,NA,NA,42,0,Punt,2853,"11/6/05, 20:37:32",2005-11-07T03:57:29Z,Commanders Field,"Clear Temp: 68° F, Humidity: 54%, Wind: South 15 mph",10012005-1106-1290-9e6c-abd41ad537a6,0,0,PASS,0,NA,NA,NA,17,Punt,2005-11-07T03:51:29Z,8,4:03,2,0,0,3,4,0,KICKOFF,PUNT,02:47,13:44,PHI 35,WAS 47,2709,2912,10,17,Home,7,27,0,41,1,outdoors,grass,68,15,Joe Gibbs,Andy Reid,WAS00,FedExField,0,0,D.McNabb,5,NA,NA,L.Gordon,25,1,0,0,0,1,00-0011022,NA,00-0021209,D.McNabb,5,00-0011022,NA,NA,L.Gordon,00-0021209,0,1,-0.5197294699028134,NA,NA,NA,NA,NA,NA,NA
2872,2005_09_PHI_WAS,2005110612,WAS,PHI,REG,9,PHI,away,WAS,WAS,42,2005-11-06,896,896,896,Half2,0,17,0,4,2,0,14:56,WAS 42,10,18,(14:56) 36-B.Westbrook right end to WAS 41 for 1 yard (95-J.Salave'a).,run,1,0,0,0,0,0,0,NA,NA,NA,NA,right,end,NA,NA,NA,NA,3,2,0,NA,NA,NA,NA,2,3,17,10,10,17,-7,10,17,-7,0.06615972518920898,0.10456547141075134,0.001552923466078937,0.18159648776054382,0.2649052143096924,0.003985851537436247,0.3772343397140503,0,0,1.855350048514083,-0.7609233718831092,3.7002484247861003,-3.7002484247861003,6.027787320461357,-6.027787320461357,-7.044204303604097,7.044204303604097,NA,NA,NA,NA,NA,NA,NA,NA,NA,NA,NA,NA,0.2280413806438446,0.7719586193561554,0.7719586193561554,0.2280413806438446,-0.031062275171279907,-0.03907264769077301,0.03907264769077301,0.8030208945274353,0.1969791054725647,0.2555549144744873,0.7444450855255127,0.1748551552324613,-0.1748551552324613,-0.25166303204975127,0.25166303204975127,NA,NA,NA,NA,NA,NA,NA,NA,NA,NA,NA,NA,0,0,0,0,0,0,0,0,0,0,0,0,0,0,0,0,0,0,0,0,0,0,0,0,1,0,0,0,0,0,0,0,1,0,0,0,0,0,0,0,0,0,0,0,0,0,0,0,0,0,0,NA,NA,NA,NA,NA,NA,00-0021216,B.Westbrook,1,NA,NA,NA,NA,NA,NA,NA,NA,NA,NA,NA,NA,NA,NA,NA,NA,NA,NA,NA,NA,NA,NA,NA,NA,NA,NA,NA,NA,NA,NA,NA,NA,NA,NA,NA,NA,NA,NA,NA,NA,NA,NA,WAS,NA,00-0014260,NA,J.Salave'a,NA,NA,NA,NA,NA,NA,NA,NA,NA,NA,NA,NA,NA,0,NA,NA,NA,NA,NA,NA,NA,NA,NA,NA,NA,NA,NA,NA,NA,NA,NA,NA,NA,NA,NA,NA,NA,NA,NA,NA,NA,NA,NA,NA,NA,0,NA,NA,NA,NA,0,NA,NA,0,0,0,0,NA,NA,2005,NA,NA,42,0,Punt,2872,"11/6/05, 20:37:32",2005-11-07T03:58:05Z,Commanders Field,"Clear Temp: 68° F, Humidity: 54%, Wind: South 15 mph",10012005-1106-1290-9e6c-abd41ad537a6,0,0,RUSH,0,NA,NA,NA,17,Punt,2005-11-07T03:51:29Z,8,4:03,2,0,0,3,4,0,KICKOFF,PUNT,02:47,13:44,PHI 35,WAS 47,2709,2912,10,17,Home,7,27,0,41,1,outdoors,grass,68,15,Joe Gibbs,Andy Reid,WAS00,FedExField,0,0,NA,NA,B.Westbrook,36,NA,NA,0,1,0,0,1,NA,00-0021216,NA,B.Westbrook,36,00-0021216,B.Westbrook,00-0021216,B.Westbrook,00-0021216,0,1,-0.7609233718831092,NA,NA,NA,NA,NA,NA,NA
2893,2005_09_PHI_WAS,2005110612,WAS,PHI,REG,9,PHI,away,WAS,WAS,41,2005-11-06,854,854,854,Half2,0,17,0,4,3,0,14:14,WAS 41,9,18,(14:14) 5-D.McNabb sacked at WAS 47 for -6 yards (53-M.Washington).,pass,-6,0,0,1,0,0,0,NA,NA,NA,NA,NA,NA,NA,NA,NA,NA,3,2,0,NA,NA,NA,NA,2,3,17,10,10,17,-7,10,17,-7,0.08093367516994476,0.12924309074878693,0.0017000017687678337,0.2154892086982727,0.2477961778640747,0.004654678516089916,0.3201832175254822,0,0,1.0944266766309738,-2.094034648500383,5.794283073286483,-5.794283073286483,6.027787320461357,-6.027787320461357,-4.950169655103714,4.950169655103714,NA,NA,NA,NA,NA,NA,NA,NA,NA,NA,NA,NA,0.1969791054725647,0.8030208945274353,0.8030208945274353,0.1969791054725647,-0.06576855480670929,-0.060890138149261475,0.060890138149261475,0.8687894493341446,0.1312105506658554,0.2164822667837143,0.7835177332162857,0.1748551552324613,-0.1748551552324613,-0.18589447724304198,0.18589447724304198,NA,NA,NA,NA,NA,NA,NA,NA,NA,NA,NA,NA,0,0,0,0,0,1,0,0,0,0,0,0,0,0,0,0,0,0,0,0,0,0,0,0,1,0,0,0,0,0,0,0,0,1,1,0,0,0,0,0,0,0,0,0,0,0,0,0,0,0,0,00-0011022,D.McNabb,NA,NA,NA,NA,NA,NA,NA,NA,NA,NA,NA,NA,NA,NA,NA,NA,NA,NA,NA,NA,NA,NA,NA,NA,NA,NA,NA,NA,NA,NA,NA,NA,NA,NA,NA,NA,NA,NA,NA,NA,NA,NA,NA,NA,NA,NA,NA,NA,NA,WAS,NA,00-0019585,NA,M.Washington,NA,NA,NA,NA,NA,NA,NA,NA,NA,NA,NA,NA,NA,0,NA,NA,NA,NA,NA,NA,NA,NA,NA,NA,NA,NA,NA,NA,NA,NA,NA,NA,NA,NA,NA,NA,NA,NA,00-0019585,M.Washington,NA,NA,NA,NA,NA,0,NA,NA,NA,NA,0,NA,NA,0,0,0,0,NA,NA,2005,NA,NA,42,0,Punt,2893,"11/6/05, 20:37:32",2005-11-07T03:58:47Z,Commanders Field,"Clear Temp: 68° F, Humidity: 54%, Wind: South 15 mph",10012005-1106-1290-9e6c-abd41ad537a6,0,0,SACK,0,NA,NA,NA,17,Punt,2005-11-07T03:51:29Z,8,4:03,2,0,0,3,4,0,KICKOFF,PUNT,02:47,13:44,PHI 35,WAS 47,2709,2912,10,17,Home,7,27,0,41,1,outdoors,grass,68,15,Joe Gibbs,Andy Reid,WAS00,FedExField,0,0,D.McNabb,5,NA,NA,NA,NA,1,0,0,0,1,00-0011022,NA,NA,D.McNabb,5,00-0011022,NA,NA,NA,NA,0,1,-2.094034648500383,NA,NA,NA,NA,NA,NA,NA
2912,2005_09_PHI_WAS,2005110612,WAS,PHI,REG,9,PHI,away,WAS,WAS,47,2005-11-06,835,835,835,Half2,0,17,0,4,4,0,13:55,WAS 47,15,18,"(13:55) 3-R.Hodges punts 47 yards to end zone, Center-88-M.Bartrum, Touchback. PENALTY on WAS-32-A.Jimoh, Offensive Holding, 10 yards, enforced at WAS 20.",punt,0,0,0,0,0,0,0,NA,NA,NA,NA,NA,NA,NA,47,NA,NA,3,2,0,NA,NA,NA,NA,2,3,17,10,10,17,-7,10,17,-7,0.09616377204656601,0.20488020777702332,0.0026630419306457043,0.33152148127555847,0.14307770133018494,0.008016139268875122,0.21367767453193665,0,0,-0.9996079718694091,0.8887812059838325,4.90550186730265,-4.90550186730265,6.027787320461357,-6.027787320461357,-4.950169655103714,4.950169655103714,NA,NA,NA,NA,NA,NA,NA,NA,NA,NA,NA,NA,0.1312105506658554,0.8687894493341446,0.8687894493341446,0.1312105506658554,0.04251040518283844,0.040242090821266174,-0.040242090821266174,0.8262790441513062,0.17372095584869385,0.15559212863445282,0.8444078713655472,0.1748551552324613,-0.1748551552324613,-0.18589447724304198,0.18589447724304198,NA,NA,NA,NA,NA,NA,NA,NA,NA,NA,NA,NA,0,0,0,0,0,0,0,0,0,1,0,0,0,0,0,0,0,0,0,0,0,0,0,0,0,0,1,0,0,0,0,0,0,0,0,0,0,0,0,0,0,0,0,1,0,0,0,0,0,0,0,NA,NA,NA,NA,NA,NA,NA,NA,NA,NA,NA,NA,NA,NA,NA,NA,NA,NA,NA,NA,NA,NA,NA,NA,NA,NA,NA,NA,NA,00-0023642,R.Hodges,NA,NA,NA,NA,NA,NA,NA,NA,NA,NA,NA,NA,NA,NA,NA,NA,NA,NA,NA,NA,NA,NA,NA,NA,NA,NA,NA,NA,NA,NA,NA,NA,NA,NA,NA,NA,NA,NA,0,NA,NA,NA,NA,NA,NA,NA,NA,NA,NA,NA,NA,NA,NA,NA,NA,NA,NA,NA,NA,NA,NA,NA,NA,NA,NA,NA,NA,NA,NA,WAS,0,WAS,00-0021583,A.Jimoh,10,0,NA,Offensive Holding,0,0,0,0,NA,NA,2005,NA,NA,42,0,Punt,2912,"11/6/05, 20:37:32",2005-11-07T03:59:20Z,Commanders Field,"Clear Temp: 68° F, Humidity: 54%, Wind: South 15 mph",10012005-1106-1290-9e6c-abd41ad537a6,0,0,PUNT,1,NA,NA,NA,17,Punt,2005-11-07T03:51:29Z,8,4:03,2,0,0,3,4,0,KICKOFF,PUNT,02:47,13:44,PHI 35,WAS 47,2709,2912,10,17,Home,7,27,0,41,1,outdoors,grass,68,15,Joe Gibbs,Andy Reid,WAS00,FedExField,0,1,NA,NA,NA,NA,NA,NA,0,0,0,1,0,NA,NA,NA,NA,NA,NA,NA,NA,NA,NA,0,1,0.8887812059838325,NA,NA,NA,NA,NA,NA,NA
2945,2005_09_PHI_WAS,2005110612,WAS,PHI,REG,9,WAS,home,PHI,WAS,90,2005-11-06,824,824,824,Half2,0,18,0,4,1,0,13:44,WAS 10,10,49,(13:44) 8-M.Brunell pass to 45-M.Sellers to WAS 15 for 5 yards (55-D.Jones).,pass,5,0,0,1,0,0,0,NA,NA,NA,NA,NA,NA,NA,NA,NA,NA,3,2,0,NA,NA,NA,NA,3,2,17,10,17,10,7,17,10,7,0.09189838171005249,0.1901460438966751,0.012720993719995022,0.2528577148914337,0.1703999787569046,0.0016654523788020015,0.2803114354610443,0,0,0.1108267658855766,0.060458247317001224,4.9659601146196515,-4.9659601146196515,6.027787320461357,-6.027787320461357,-4.889711407786713,4.889711407786713,NA,NA,NA,NA,NA,NA,NA,NA,NA,NA,NA,NA,0.8262790441513062,0.17372095584869385,0.8262790441513062,0.17372095584869385,0.0061476826667785645,0.005314528942108154,0.005314528942108154,0.8324267268180847,0.16757327318191528,0.804165780544281,0.804165780544281,0.1748551552324613,-0.1748551552324613,-0.1797467945762634,0.1797467945762634,NA,NA,NA,NA,NA,NA,NA,NA,NA,NA,NA,NA,0,0,0,0,0,0,0,0,0,0,0,0,0,0,0,0,0,0,0,0,0,0,0,0,1,0,0,0,0,0,0,0,0,1,0,0,0,0,0,0,0,0,0,0,0,1,0,0,0,0,0,00-0002110,M.Brunell,5,00-0014655,M.Sellers,5,NA,NA,NA,NA,NA,NA,NA,NA,NA,NA,NA,NA,NA,NA,NA,NA,NA,NA,NA,NA,NA,NA,NA,NA,NA,NA,NA,NA,NA,NA,NA,NA,NA,NA,NA,NA,NA,NA,NA,NA,NA,NA,NA,NA,NA,PHI,NA,00-0019635,NA,D.Jones,NA,NA,NA,NA,NA,NA,NA,NA,NA,NA,NA,NA,NA,0,NA,NA,NA,NA,NA,NA,NA,NA,NA,NA,NA,NA,NA,NA,NA,NA,NA,NA,NA,NA,NA,NA,NA,NA,NA,NA,NA,NA,NA,NA,NA,0,NA,NA,NA,NA,0,NA,NA,0,0,0,0,NA,NA,2005,NA,NA,43,1,First down,2945,"11/6/05, 20:37:32",2005-11-07T04:02:39Z,Commanders Field,"Clear Temp: 68° F, Humidity: 54%, Wind: South 15 mph",10012005-1106-1290-9e6c-abd41ad537a6,0,0,PASS,0,NA,NA,NA,18,Punt,2005-11-07T04:02:39Z,11,6:27,3,0,0,4,4,0,PUNT,PUNT,13:44,07:17,WAS 10,PHI 41,2945,3179,10,17,Home,7,27,0,41,1,outdoors,grass,68,15,Joe Gibbs,Andy Reid,WAS00,FedExField,0,1,M.Brunell,8,NA,NA,M.Sellers,45,1,0,0,0,1,00-0002110,NA,00-0014655,M.Brunell,8,00-0002110,M.Sellers,00-0014655,M.Sellers,00-0014655,0,1,0.060458247317001224,NA,NA,NA,NA,NA,NA,NA
2966,2005_09_PHI_WAS,2005110612,WAS,PHI,REG,9,WAS,home,PHI,WAS,85,2005-11-06,784,784,784,Half2,0,18,0,4,2,0,13:04,WAS 15,5,49,(13:04) 26-C.Portis left end to WAS 21 for 6 yards (32-M.Lewis).,run,6,0,0,0,0,0,0,NA,NA,NA,NA,left,end,NA,NA,NA,NA,3,2,0,NA,NA,NA,NA,3,2,17,10,17,10,7,17,10,7,0.09398625791072845,0.19009363651275635,0.005845625419169664,0.25078830122947693,0.17330393195152283,0.002602467080578208,0.28337979316711426,0,0,0.17128501320257783,0.6825472651980817,5.648507379817733,-5.648507379817733,6.710334585659439,-6.710334585659439,-4.889711407786713,4.889711407786713,NA,NA,NA,NA,NA,NA,NA,NA,NA,NA,NA,NA,0.8324267268180847,0.16757327318191528,0.8324267268180847,0.16757327318191528,0.02523672580718994,0.016933023929595947,0.016933023929595947,0.8576634526252747,0.14233654737472534,0.8094803094863892,0.8094803094863892,0.20009188103965125,-0.20009188103965125,-0.1797467945762634,0.1797467945762634,NA,NA,NA,NA,NA,NA,NA,NA,NA,NA,NA,NA,0,1,0,0,0,0,0,0,0,0,0,0,0,0,0,0,0,0,0,0,0,0,0,0,1,0,0,0,0,0,0,0,1,0,0,0,0,0,0,0,0,0,0,0,0,0,0,0,0,0,0,NA,NA,NA,NA,NA,NA,00-0021179,C.Portis,6,NA,NA,NA,NA,NA,NA,NA,NA,NA,NA,NA,NA,NA,NA,NA,NA,NA,NA,NA,NA,NA,NA,NA,NA,NA,NA,NA,NA,NA,NA,NA,NA,NA,NA,NA,NA,NA,NA,NA,NA,NA,NA,PHI,NA,00-0021185,NA,M.Lewis,NA,NA,NA,NA,NA,NA,NA,NA,NA,NA,NA,NA,NA,0,NA,NA,NA,NA,NA,NA,NA,NA,NA,NA,NA,NA,NA,NA,NA,NA,NA,NA,NA,NA,NA,NA,NA,NA,NA,NA,NA,NA,NA,NA,NA,0,NA,NA,NA,NA,0,NA,NA,0,0,0,0,NA,NA,2005,NA,NA,43,1,First down,2966,"11/6/05, 20:37:32",2005-11-07T04:03:20Z,Commanders Field,"Clear Temp: 68° F, Humidity: 54%, Wind: South 15 mph",10012005-1106-1290-9e6c-abd41ad537a6,0,0,RUSH,0,NA,NA,NA,18,Punt,2005-11-07T04:02:39Z,11,6:27,3,0,0,4,4,0,PUNT,PUNT,13:44,07:17,WAS 10,PHI 41,2945,3179,10,17,Home,7,27,0,41,1,outdoors,grass,68,15,Joe Gibbs,Andy Reid,WAS00,FedExField,0,1,NA,NA,C.Portis,26,NA,NA,0,1,1,0,1,NA,00-0021179,NA,C.Portis,26,00-0021179,C.Portis,00-0021179,C.Portis,00-0021179,0,1,0.6825472651980817,NA,NA,NA,NA,NA,NA,NA
2987,2005_09_PHI_WAS,2005110612,WAS,PHI,REG,9,WAS,home,PHI,WAS,79,2005-11-06,746,746,746,Half2,0,18,0,4,1,0,12:26,WAS 21,10,49,(12:26) 46-L.Betts left end to WAS 25 for 4 yards (57-K.Adams).,run,4,0,0,0,0,0,0,NA,NA,NA,NA,left,end,NA,NA,NA,NA,3,2,0,NA,NA,NA,NA,3,2,17,10,17,10,7,17,10,7,0.10977790504693985,0.154449462890625,0.0031520440243184566,0.21443304419517517,0.1970820426940918,0.0028936895541846752,0.31821179389953613,0,0,0.8538322784006596,-0.027260312344878912,5.621247067472854,-5.621247067472854,6.68307427331456,-6.68307427331456,-4.889711407786713,4.889711407786713,NA,NA,NA,NA,NA,NA,NA,NA,NA,NA,NA,NA,0.8576634526252747,0.14233654737472534,0.8576634526252747,0.14233654737472534,-0.0041564106941223145,-0.00670015811920166,-0.00670015811920166,0.8535070419311523,0.14649295806884766,0.8264133334159851,0.8264133334159851,0.19593547034552894,-0.19593547034552894,-0.1797467945762634,0.1797467945762634,NA,NA,NA,NA,NA,NA,NA,NA,NA,NA,NA,NA,0,0,0,0,0,0,0,0,0,0,0,0,0,0,0,0,0,0,0,0,0,0,0,0,1,0,0,0,0,0,0,0,1,0,0,0,0,0,0,0,0,0,0,0,0,0,0,0,0,0,0,NA,NA,NA,NA,NA,NA,00-0021184,L.Betts,4,NA,NA,NA,NA,NA,NA,NA,NA,NA,NA,NA,NA,NA,NA,NA,NA,NA,NA,NA,NA,NA,NA,NA,NA,NA,NA,NA,NA,NA,NA,NA,NA,NA,NA,NA,NA,NA,NA,NA,NA,NA,NA,PHI,NA,00-0020488,NA,K.Adams,NA,NA,NA,NA,NA,NA,NA,NA,NA,NA,NA,NA,NA,0,NA,NA,NA,NA,NA,NA,NA,NA,NA,NA,NA,NA,NA,NA,NA,NA,NA,NA,NA,NA,NA,NA,NA,NA,NA,NA,NA,NA,NA,NA,NA,0,NA,NA,NA,NA,0,NA,NA,0,0,0,0,NA,NA,2005,NA,NA,44,1,First down,2987,"11/6/05, 20:37:32",2005-11-07T04:03:58Z,Commanders Field,"Clear Temp: 68° F, Humidity: 54%, Wind: South 15 mph",10012005-1106-1290-9e6c-abd41ad537a6,0,0,RUSH,0,NA,NA,NA,18,Punt,2005-11-07T04:02:39Z,11,6:27,3,0,0,4,4,0,PUNT,PUNT,13:44,07:17,WAS 10,PHI 41,2945,3179,10,17,Home,7,27,0,41,1,outdoors,grass,68,15,Joe Gibbs,Andy Reid,WAS00,FedExField,0,0,NA,NA,L.Betts,46,NA,NA,0,1,0,0,1,NA,00-0021184,NA,L.Betts,46,00-0021184,L.Betts,00-0021184,L.Betts,00-0021184,0,1,-0.027260312344878912,NA,NA,NA,NA,NA,NA,NA
3008,2005_09_PHI_WAS,2005110612,WAS,PHI,REG,9,WAS,home,PHI,WAS,75,2005-11-06,709,709,709,Half2,0,18,0,4,2,0,11:49,WAS 25,6,49,(11:49) 8-M.Brunell pass to 89-S.Moss to WAS 30 for 5 yards (54-J.Trotter).,pass,5,0,0,1,0,0,0,NA,NA,NA,NA,NA,NA,NA,NA,NA,NA,3,2,0,NA,NA,NA,NA,3,2,17,10,17,10,7,17,10,7,0.13030357658863068,0.1445893943309784,0.0025646088179200888,0.21459339559078217,0.19307343661785126,0.003145274706184864,0.3117303252220154,0,0,0.8265719660557806,0.3730677617713809,5.994314829244235,-5.994314829244235,6.68307427331456,-6.68307427331456,-4.516643646015332,4.516643646015332,NA,NA,NA,NA,NA,NA,NA,NA,NA,NA,NA,NA,0.8535070419311523,0.14649295806884766,0.8535070419311523,0.14649295806884766,0.02853262424468994,0.0166473388671875,0.0166473388671875,0.8820396661758423,0.11796033382415771,0.8197131752967834,0.8197131752967834,0.19593547034552894,-0.19593547034552894,-0.15121417033157347,0.15121417033157347,NA,NA,NA,NA,NA,NA,NA,NA,NA,NA,NA,NA,0,0,0,0,0,0,0,0,0,0,0,0,0,0,0,0,0,0,0,0,0,0,0,0,1,0,0,0,0,0,0,0,0,1,0,0,0,0,0,0,0,0,0,0,0,1,0,0,0,0,0,00-0002110,M.Brunell,5,00-0020494,S.Moss,5,NA,NA,NA,NA,NA,NA,NA,NA,NA,NA,NA,NA,NA,NA,NA,NA,NA,NA,NA,NA,NA,NA,NA,NA,NA,NA,NA,NA,NA,NA,NA,NA,NA,NA,NA,NA,NA,NA,NA,NA,NA,NA,NA,NA,NA,PHI,NA,00-0016624,NA,J.Trotter,NA,NA,NA,NA,NA,NA,NA,NA,NA,NA,NA,NA,NA,0,NA,NA,NA,NA,NA,NA,NA,NA,NA,NA,NA,NA,NA,NA,NA,NA,NA,NA,NA,NA,NA,NA,NA,NA,NA,NA,NA,NA,NA,NA,NA,0,NA,NA,NA,NA,0,NA,NA,0,0,0,0,NA,NA,2005,NA,NA,44,1,First down,3008,"11/6/05, 20:37:32",2005-11-07T04:04:35Z,Commanders Field,"Clear Temp: 68° F, Humidity: 54%, Wind: South 15 mph",10012005-1106-1290-9e6c-abd41ad537a6,0,0,PASS,0,NA,NA,NA,18,Punt,2005-11-07T04:02:39Z,11,6:27,3,0,0,4,4,0,PUNT,PUNT,13:44,07:17,WAS 10,PHI 41,2945,3179,10,17,Home,7,27,0,41,1,outdoors,grass,68,15,Joe Gibbs,Andy Reid,WAS00,FedExField,0,1,M.Brunell,8,NA,NA,S.Moss,89,1,0,0,0,1,00-0002110,NA,00-0020494,M.Brunell,8,00-0002110,S.Moss,00-0020494,S.Moss,00-0020494,0,1,0.3730677617713809,NA,NA,NA,NA,NA,NA,NA
3029,2005_09_PHI_WAS,2005110612,WAS,PHI,REG,9,WAS,home,PHI,WAS,70,2005-11-06,670,670,670,Half2,0,18,0,4,3,0,11:10,WAS 30,1,49,"(11:10) 8-M.Brunell pass to 45-M.Sellers to WAS 43 for 13 yards (20-B.Dawkins, 32-M.Lewis).",pass,13,0,0,1,0,0,0,NA,NA,NA,NA,NA,NA,NA,NA,NA,NA,3,2,0,NA,NA,NA,NA,3,2,17,10,17,10,7,17,10,7,0.13777288794517517,0.14049744606018066,0.002563073765486479,0.18987801671028137,0.18342550098896027,0.0031827411148697138,0.34268033504486084,0,0,1.1996397278271616,1.0426707665901631,7.036985595834398,-7.036985595834398,6.68307427331456,-6.68307427331456,-3.4739728794251694,3.4739728794251694,NA,NA,NA,NA,NA,NA,NA,NA,NA,NA,NA,NA,0.8820396661758423,0.11796033382415771,0.8820396661758423,0.11796033382415771,0.01596057415008545,0.03417450189590454,0.03417450189590454,0.8980002403259277,0.10199975967407227,0.836360514163971,0.836360514163971,0.19593547034552894,-0.19593547034552894,-0.13525359618148802,0.13525359618148802,NA,NA,NA,NA,NA,NA,NA,NA,NA,NA,NA,NA,0,0,1,0,1,0,0,0,0,0,0,0,0,0,0,0,0,0,0,0,0,0,0,0,0,0,0,0,0,0,0,0,0,1,0,0,0,0,0,0,0,0,0,0,0,1,1,0,0,0,0,00-0002110,M.Brunell,13,00-0014655,M.Sellers,13,NA,NA,NA,NA,NA,NA,NA,NA,NA,NA,NA,NA,NA,NA,NA,NA,NA,NA,NA,NA,NA,NA,NA,NA,NA,NA,NA,NA,NA,NA,NA,NA,NA,NA,NA,NA,NA,NA,NA,NA,NA,NA,NA,NA,NA,NA,NA,NA,NA,NA,NA,00-0021185,M.Lewis,PHI,NA,NA,NA,NA,NA,NA,NA,NA,NA,1,00-0004073,B.Dawkins,PHI,NA,NA,NA,NA,NA,NA,NA,NA,NA,NA,NA,NA,NA,NA,NA,NA,NA,NA,NA,NA,NA,NA,NA,NA,NA,NA,NA,NA,0,NA,NA,NA,NA,0,NA,NA,0,0,0,0,NA,NA,2005,NA,NA,44,1,First down,3029,"11/6/05, 20:37:32",2005-11-07T04:05:14Z,Commanders Field,"Clear Temp: 68° F, Humidity: 54%, Wind: South 15 mph",10012005-1106-1290-9e6c-abd41ad537a6,0,0,PASS,0,NA,NA,NA,18,Punt,2005-11-07T04:02:39Z,11,6:27,3,0,0,4,4,0,PUNT,PUNT,13:44,07:17,WAS 10,PHI 41,2945,3179,10,17,Home,7,27,0,41,1,outdoors,grass,68,15,Joe Gibbs,Andy Reid,WAS00,FedExField,0,1,M.Brunell,8,NA,NA,M.Sellers,45,1,0,1,0,1,00-0002110,NA,00-0014655,M.Brunell,8,00-0002110,M.Sellers,00-0014655,M.Sellers,00-0014655,0,1,1.0426707665901631,NA,NA,NA,NA,NA,NA,NA
3050,2005_09_PHI_WAS,2005110612,WAS,PHI,REG,9,WAS,home,PHI,WAS,57,2005-11-06,633,633,633,Half2,0,18,0,4,1,0,10:33,WAS 43,10,49,(10:33) 8-M.Brunell pass to 45-M.Sellers to PHI 49 for 8 yards (55-D.Jones).,pass,8,0,0,1,0,0,0,NA,NA,NA,NA,NA,NA,NA,NA,NA,NA,3,2,0,NA,NA,NA,NA,3,2,17,10,17,10,7,17,10,7,0.12357742339372635,0.0998336598277092,0.0014625400071963668,0.13659469783306122,0.2376401126384735,0.0036524259485304356,0.39723917841911316,0,0,2.2423104944173247,0.44520888826809824,7.4821944841024965,-7.4821944841024965,6.68307427331456,-6.68307427331456,-3.028763991157071,3.028763991157071,NA,NA,NA,NA,NA,NA,NA,NA,NA,NA,NA,NA,0.8980002403259277,0.10199975967407227,0.8980002403259277,0.10199975967407227,0.017662227153778076,0.01932281255722046,0.01932281255722046,0.9156624674797058,0.08433753252029419,0.8705350160598755,0.8705350160598755,0.19593547034552894,-0.19593547034552894,-0.11759136902770995,0.11759136902770995,NA,NA,NA,NA,NA,NA,NA,NA,NA,NA,NA,NA,0,0,0,0,0,0,0,0,0,0,0,0,0,0,0,0,0,0,0,0,0,0,0,0,1,0,0,0,0,0,0,0,0,1,0,0,0,0,0,0,0,0,0,0,0,1,0,0,0,0,0,00-0002110,M.Brunell,8,00-0014655,M.Sellers,8,NA,NA,NA,NA,NA,NA,NA,NA,NA,NA,NA,NA,NA,NA,NA,NA,NA,NA,NA,NA,NA,NA,NA,NA,NA,NA,NA,NA,NA,NA,NA,NA,NA,NA,NA,NA,NA,NA,NA,NA,NA,NA,NA,NA,NA,PHI,NA,00-0019635,NA,D.Jones,NA,NA,NA,NA,NA,NA,NA,NA,NA,NA,NA,NA,NA,0,NA,NA,NA,NA,NA,NA,NA,NA,NA,NA,NA,NA,NA,NA,NA,NA,NA,NA,NA,NA,NA,NA,NA,NA,NA,NA,NA,NA,NA,NA,NA,0,NA,NA,NA,NA,0,NA,NA,0,0,0,0,NA,NA,2005,NA,NA,45,1,First down,3050,"11/6/05, 20:37:32",2005-11-07T04:05:51Z,Commanders Field,"Clear Temp: 68° F, Humidity: 54%, Wind: South 15 mph",10012005-1106-1290-9e6c-abd41ad537a6,0,0,PASS,0,NA,NA,NA,18,Punt,2005-11-07T04:02:39Z,11,6:27,3,0,0,4,4,0,PUNT,PUNT,13:44,07:17,WAS 10,PHI 41,2945,3179,10,17,Home,7,27,0,41,1,outdoors,grass,68,15,Joe Gibbs,Andy Reid,WAS00,FedExField,0,1,M.Brunell,8,NA,NA,M.Sellers,45,1,0,0,0,1,00-0002110,NA,00-0014655,M.Brunell,8,00-0002110,M.Sellers,00-0014655,M.Sellers,00-0014655,0,1,0.44520888826809824,NA,NA,NA,NA,NA,NA,NA
3071,2005_09_PHI_WAS,2005110612,WAS,PHI,REG,9,WAS,home,PHI,PHI,49,2005-11-06,597,597,597,Half2,0,18,0,4,2,0,09:57,PHI 49,2,49,(9:57) 26-C.Portis right end to PHI 49 for no gain (93-J.Kearse).,run,0,0,0,0,0,0,0,NA,NA,NA,NA,right,end,NA,NA,NA,NA,3,2,0,NA,NA,NA,NA,3,2,17,10,17,10,7,17,10,7,0.12991327047348022,0.0826653242111206,0.00125885009765625,0.11540000885725021,0.23272718489170074,0.0037192273885011673,0.43431615829467773,0,0,2.687519382685423,-0.6581285658758134,6.824065918226683,-6.824065918226683,6.0249457074387465,-6.0249457074387465,-3.028763991157071,3.028763991157071,NA,NA,NA,NA,NA,NA,NA,NA,NA,NA,NA,NA,0.9156624674797058,0.08433753252029419,0.9156624674797058,0.08433753252029419,-0.007650494575500488,-0.007269740104675293,-0.007269740104675293,0.9080119729042053,0.09198802709579468,0.889857828617096,0.889857828617096,0.18828497577002845,-0.18828497577002845,-0.11759136902770995,0.11759136902770995,NA,NA,NA,NA,NA,NA,NA,NA,NA,NA,NA,NA,0,0,0,0,0,0,0,0,0,0,0,0,0,0,0,0,0,0,0,0,0,0,0,0,1,0,0,0,0,0,0,0,1,0,0,0,0,0,0,0,0,0,0,0,0,0,0,0,0,0,0,NA,NA,NA,NA,NA,NA,00-0021179,C.Portis,0,NA,NA,NA,NA,NA,NA,NA,NA,NA,NA,NA,NA,NA,NA,NA,NA,NA,NA,NA,NA,NA,NA,NA,NA,NA,NA,NA,NA,NA,NA,NA,NA,NA,NA,NA,NA,NA,NA,NA,NA,NA,NA,PHI,NA,00-0009056,NA,J.Kearse,NA,NA,NA,NA,NA,NA,NA,NA,NA,NA,NA,NA,NA,0,NA,NA,NA,NA,NA,NA,NA,NA,NA,NA,NA,NA,NA,NA,NA,NA,NA,NA,NA,NA,NA,NA,NA,NA,NA,NA,NA,NA,NA,NA,NA,0,NA,NA,NA,NA,0,NA,NA,0,0,0,0,NA,NA,2005,NA,NA,45,1,First down,3071,"11/6/05, 20:37:32",2005-11-07T04:06:27Z,Commanders Field,"Clear Temp: 68° F, Humidity: 54%, Wind: South 15 mph",10012005-1106-1290-9e6c-abd41ad537a6,0,0,RUSH,0,NA,NA,NA,18,Punt,2005-11-07T04:02:39Z,11,6:27,3,0,0,4,4,0,PUNT,PUNT,13:44,07:17,WAS 10,PHI 41,2945,3179,10,17,Home,7,27,0,41,1,outdoors,grass,68,15,Joe Gibbs,Andy Reid,WAS00,FedExField,0,0,NA,NA,C.Portis,26,NA,NA,0,1,0,0,1,NA,00-0021179,NA,C.Portis,26,00-0021179,C.Portis,00-0021179,C.Portis,00-0021179,0,1,-0.6581285658758134,NA,NA,NA,NA,NA,NA,NA
3092,2005_09_PHI_WAS,2005110612,WAS,PHI,REG,9,WAS,home,PHI,PHI,49,2005-11-06,555,555,555,Half2,0,18,0,4,3,0,09:15,PHI 49,2,49,(9:15) 8-M.Brunell left end ran ob at PHI 46 for 3 yards.,run,3,0,0,0,0,0,1,NA,NA,NA,NA,left,end,NA,NA,NA,NA,3,2,0,NA,NA,NA,NA,3,2,17,10,17,10,7,17,10,7,0.16192331910133362,0.10229633003473282,0.0013968822313472629,0.13668742775917053,0.21672703325748444,0.004215681459754705,0.3767533004283905,0,0,2.0293908168096095,0.7103904641699046,7.534456382396588,-7.534456382396588,6.735336171608651,-6.735336171608651,-3.028763991157071,3.028763991157071,NA,NA,NA,NA,NA,NA,NA,NA,NA,NA,NA,NA,0.9080119729042053,0.09198802709579468,0.9080119729042053,0.09198802709579468,0.007806837558746338,0.019794702529907227,0.019794702529907227,0.9158188104629517,0.08418118953704834,0.8825880885124207,0.8825880885124207,0.1960918133287748,-0.1960918133287748,-0.11759136902770995,0.11759136902770995,NA,NA,NA,NA,NA,NA,NA,NA,NA,NA,NA,NA,0,1,0,0,1,0,0,0,0,0,0,0,0,0,0,0,0,0,0,0,0,0,0,0,0,0,0,0,0,0,0,0,1,0,0,0,0,0,0,0,0,0,0,0,0,0,0,0,0,0,0,NA,NA,NA,NA,NA,NA,00-0002110,M.Brunell,3,NA,NA,NA,NA,NA,NA,NA,NA,NA,NA,NA,NA,NA,NA,NA,NA,NA,NA,NA,NA,NA,NA,NA,NA,NA,NA,NA,NA,NA,NA,NA,NA,NA,NA,NA,NA,NA,NA,NA,NA,NA,NA,NA,NA,NA,NA,NA,NA,NA,NA,NA,NA,NA,NA,NA,NA,NA,NA,NA,NA,0,NA,NA,NA,NA,NA,NA,NA,NA,NA,NA,NA,NA,NA,NA,NA,NA,NA,NA,NA,NA,NA,NA,NA,NA,NA,NA,NA,NA,NA,NA,NA,0,NA,NA,NA,NA,0,NA,NA,0,0,0,0,NA,NA,2005,NA,NA,45,1,First down,3092,"11/6/05, 20:37:32",2005-11-07T04:07:09Z,Commanders Field,"Clear Temp: 68° F, Humidity: 54%, Wind: South 15 mph",10012005-1106-1290-9e6c-abd41ad537a6,0,0,RUSH,0,NA,NA,NA,18,Punt,2005-11-07T04:02:39Z,11,6:27,3,0,0,4,4,0,PUNT,PUNT,13:44,07:17,WAS 10,PHI 41,2945,3179,10,17,Home,7,27,0,41,1,outdoors,grass,68,15,Joe Gibbs,Andy Reid,WAS00,FedExField,0,1,M.Brunell,NA,NA,8,NA,NA,1,0,1,0,1,00-0002110,NA,NA,M.Brunell,8,00-0002110,M.Brunell,00-0002110,M.Brunell,00-0002110,1,1,0.7103904641699046,NA,NA,NA,NA,NA,NA,NA
3118,2005_09_PHI_WAS,2005110612,WAS,PHI,REG,9,WAS,home,PHI,PHI,46,2005-11-06,527,527,527,Half2,0,18,0,4,1,0,08:47,PHI 46,10,49,"(8:47) 26-C.Portis left end to PHI 41 for 5 yards (57-K.Adams, 55-D.Jones).",run,5,0,0,0,0,0,0,NA,NA,NA,NA,left,end,NA,NA,NA,NA,3,2,0,NA,NA,NA,NA,3,2,17,10,17,10,7,17,10,7,0.1543588638305664,0.06629186123609543,0.001228151610121131,0.10506107658147812,0.2544993758201599,0.003376380307599902,0.41518425941467285,0,0,2.739781280979514,0.05759891541674733,7.592055297813335,-7.592055297813335,6.792935087025398,-6.792935087025398,-3.028763991157071,3.028763991157071,NA,NA,NA,NA,NA,NA,NA,NA,NA,NA,NA,NA,0.9158188104629517,0.08418118953704834,0.9158188104629517,0.08418118953704834,-0.007530272006988525,0.0013315081596374512,0.0013315081596374512,0.9082885384559631,0.09171146154403687,0.9023827910423279,0.9023827910423279,0.18856154132178626,-0.18856154132178626,-0.11759136902770995,0.11759136902770995,NA,NA,NA,NA,NA,NA,NA,NA,NA,NA,NA,NA,0,0,0,0,0,0,0,0,0,0,0,0,0,0,0,0,0,0,0,0,0,0,0,0,0,0,0,0,0,0,0,0,1,0,0,0,0,0,0,0,0,0,0,0,0,0,1,0,0,0,0,NA,NA,NA,NA,NA,NA,00-0021179,C.Portis,5,NA,NA,NA,NA,NA,NA,NA,NA,NA,NA,NA,NA,NA,NA,NA,NA,NA,NA,NA,NA,NA,NA,NA,NA,NA,NA,NA,NA,NA,NA,NA,NA,NA,NA,NA,NA,NA,NA,NA,NA,NA,NA,NA,NA,NA,NA,NA,NA,00-0019635,D.Jones,PHI,NA,NA,NA,NA,NA,NA,NA,NA,NA,1,00-0020488,K.Adams,PHI,NA,NA,NA,NA,NA,NA,NA,NA,NA,NA,NA,NA,NA,NA,NA,NA,NA,NA,NA,NA,NA,NA,NA,NA,NA,NA,NA,NA,0,NA,NA,NA,NA,0,NA,NA,0,0,0,0,NA,NA,2005,NA,NA,46,0,Punt,3118,"11/6/05, 20:37:32",2005-11-07T04:07:53Z,Commanders Field,"Clear Temp: 68° F, Humidity: 54%, Wind: South 15 mph",10012005-1106-1290-9e6c-abd41ad537a6,0,0,RUSH,0,NA,NA,NA,18,Punt,2005-11-07T04:02:39Z,11,6:27,3,0,0,4,4,0,PUNT,PUNT,13:44,07:17,WAS 10,PHI 41,2945,3179,10,17,Home,7,27,0,41,1,outdoors,grass,68,15,Joe Gibbs,Andy Reid,WAS00,FedExField,0,1,NA,NA,C.Portis,26,NA,NA,0,1,0,0,1,NA,00-0021179,NA,C.Portis,26,00-0021179,C.Portis,00-0021179,C.Portis,00-0021179,0,1,0.05759891541674733,NA,NA,NA,NA,NA,NA,NA
3139,2005_09_PHI_WAS,2005110612,WAS,PHI,REG,9,WAS,home,PHI,PHI,41,2005-11-06,490,490,490,Half2,0,18,0,4,2,0,08:10,PHI 41,5,49,(8:10) 8-M.Brunell pass to 89-S.Moss to PHI 41 for no gain (24-S.Brown).,pass,0,0,0,1,0,0,0,NA,NA,NA,NA,NA,NA,NA,NA,NA,NA,3,2,0,NA,NA,NA,NA,3,2,17,10,17,10,7,17,10,7,0.15674984455108643,0.0640137791633606,0.0012102480977773666,0.10210829973220825,0.2515079975128174,0.003758563892915845,0.42065128684043884,0,0,2.7973801963962615,-0.6205977834761143,6.971457514337221,-6.971457514337221,6.792935087025398,-6.792935087025398,-3.6493617746331855,3.6493617746331855,NA,NA,NA,NA,NA,NA,NA,NA,NA,NA,NA,NA,0.9082885384559631,0.09171146154403687,0.9082885384559631,0.09171146154403687,-0.0060073137283325195,-0.008443772792816162,-0.008443772792816162,0.9022812247276306,0.09771877527236938,0.9037142992019653,0.9037142992019653,0.18856154132178626,-0.18856154132178626,-0.12359868275604247,0.12359868275604247,NA,NA,NA,NA,NA,NA,NA,NA,NA,NA,NA,NA,0,0,0,0,0,0,0,0,0,0,0,0,0,0,0,0,0,0,0,0,0,0,0,0,1,0,0,0,0,0,0,0,0,1,0,0,0,0,0,0,0,0,0,0,0,1,0,0,0,0,0,00-0002110,M.Brunell,0,00-0020494,S.Moss,0,NA,NA,NA,NA,NA,NA,NA,NA,NA,NA,NA,NA,NA,NA,NA,NA,NA,NA,NA,NA,NA,NA,NA,NA,NA,NA,NA,NA,NA,NA,NA,NA,NA,NA,NA,NA,NA,NA,NA,NA,NA,NA,NA,NA,NA,PHI,NA,00-0021186,NA,S.Brown,NA,NA,NA,NA,NA,NA,NA,NA,NA,NA,NA,NA,NA,0,NA,NA,NA,NA,NA,NA,NA,NA,NA,NA,NA,NA,NA,NA,NA,NA,NA,NA,NA,NA,NA,NA,NA,NA,NA,NA,NA,NA,NA,NA,NA,0,NA,NA,NA,NA,0,NA,NA,0,0,0,0,NA,NA,2005,NA,NA,46,0,Punt,3139,"11/6/05, 20:37:32",2005-11-07T04:08:30Z,Commanders Field,"Clear Temp: 68° F, Humidity: 54%, Wind: South 15 mph",10012005-1106-1290-9e6c-abd41ad537a6,0,0,PASS,0,NA,NA,NA,18,Punt,2005-11-07T04:02:39Z,11,6:27,3,0,0,4,4,0,PUNT,PUNT,13:44,07:17,WAS 10,PHI 41,2945,3179,10,17,Home,7,27,0,41,1,outdoors,grass,68,15,Joe Gibbs,Andy Reid,WAS00,FedExField,0,0,M.Brunell,8,NA,NA,S.Moss,89,1,0,0,0,1,00-0002110,NA,00-0020494,M.Brunell,8,00-0002110,S.Moss,00-0020494,S.Moss,00-0020494,0,1,-0.6205977834761143,NA,NA,NA,NA,NA,NA,NA
3160,2005_09_PHI_WAS,2005110612,WAS,PHI,REG,9,WAS,home,PHI,PHI,41,2005-11-06,453,453,453,Half2,0,18,0,4,3,0,07:33,PHI 41,5,49,(7:33) (Shotgun) 8-M.Brunell pass incomplete to 80-D.Patten.,pass,0,1,0,1,0,0,0,NA,NA,NA,NA,NA,NA,NA,NA,NA,NA,3,2,0,NA,NA,NA,NA,3,2,17,10,17,10,7,17,10,7,0.19669894874095917,0.07824639976024628,0.0014868343714624643,0.12137974798679352,0.23230750858783722,0.004386554937809706,0.3654939830303192,0,0,2.176782412920147,-1.718813868239522,5.252643646097699,-5.252643646097699,6.792935087025398,-6.792935087025398,-5.368175642872707,5.368175642872707,NA,NA,NA,NA,NA,NA,NA,NA,NA,NA,NA,NA,0.9022812247276306,0.09771877527236938,0.9022812247276306,0.09771877527236938,-0.029560506343841553,-0.029749512672424316,-0.029749512672424316,0.8727207183837891,0.12727928161621094,0.8952705264091492,0.8952705264091492,0.18856154132178626,-0.18856154132178626,-0.15315918909988402,0.15315918909988402,NA,NA,NA,NA,NA,NA,NA,NA,NA,NA,NA,NA,0,0,0,0,0,1,0,0,1,0,0,0,0,0,0,0,0,0,0,0,0,0,0,0,0,0,0,0,0,0,0,0,0,1,0,0,0,0,0,0,0,0,0,0,0,0,0,0,0,0,0,00-0002110,M.Brunell,NA,NA,NA,NA,NA,NA,NA,NA,NA,NA,NA,NA,NA,NA,NA,NA,NA,NA,NA,NA,NA,NA,NA,NA,NA,NA,NA,NA,NA,NA,NA,NA,NA,NA,NA,NA,NA,NA,NA,NA,NA,NA,NA,NA,NA,NA,NA,NA,NA,NA,NA,NA,NA,NA,NA,NA,NA,NA,NA,NA,NA,NA,NA,NA,NA,NA,NA,0,NA,NA,NA,NA,NA,NA,NA,NA,NA,NA,NA,NA,NA,NA,NA,NA,NA,NA,NA,NA,NA,NA,NA,NA,NA,NA,NA,NA,NA,NA,NA,0,NA,NA,NA,NA,0,NA,NA,0,0,0,0,NA,NA,2005,NA,NA,46,0,Punt,3160,"11/6/05, 20:37:32",2005-11-07T04:09:07Z,Commanders Field,"Clear Temp: 68° F, Humidity: 54%, Wind: South 15 mph",10012005-1106-1290-9e6c-abd41ad537a6,0,0,PASS,0,NA,NA,NA,18,Punt,2005-11-07T04:02:39Z,11,6:27,3,0,0,4,4,0,PUNT,PUNT,13:44,07:17,WAS 10,PHI 41,2945,3179,10,17,Home,7,27,0,41,1,outdoors,grass,68,15,Joe Gibbs,Andy Reid,WAS00,FedExField,0,0,M.Brunell,8,NA,NA,D.Patten,80,1,0,0,0,1,00-0002110,NA,00-0012642,M.Brunell,8,00-0002110,NA,NA,D.Patten,00-0012642,0,1,-1.718813868239522,NA,NA,NA,NA,NA,NA,NA
3179,2005_09_PHI_WAS,2005110612,WAS,PHI,REG,9,WAS,home,PHI,PHI,41,2005-11-06,446,446,446,Half2,0,18,0,4,4,0,07:26,PHI 41,5,49,"(7:26) 4-D.Frost punts 36 yards to PHI 5, Center-71-E.Albright, downed by WAS-83-J.Thrash.",punt,0,0,0,0,0,0,0,NA,NA,NA,NA,NA,NA,NA,36,NA,NA,3,2,0,NA,NA,NA,NA,3,2,17,10,17,10,7,17,10,7,0.25718358159065247,0.1255587339401245,0.0015400757547467947,0.2002011388540268,0.15563155710697174,0.009391235187649727,0.2504936754703522,0,0,0.4579685446806252,0.24712631502188742,5.499769961119586,-5.499769961119586,6.792935087025398,-6.792935087025398,-5.368175642872707,5.368175642872707,NA,NA,NA,NA,NA,NA,NA,NA,NA,NA,NA,NA,0.8727207183837891,0.12727928161621094,0.8727207183837891,0.12727928161621094,0.002085447311401367,0.007853060960769653,0.007853060960769653,0.8748061656951904,0.12519383430480957,0.8655210137367249,0.8655210137367249,0.18856154132178626,-0.18856154132178626,-0.15315918909988402,0.15315918909988402,NA,NA,NA,NA,NA,NA,NA,NA,NA,NA,NA,NA,0,0,0,0,0,0,0,0,0,0,0,1,0,0,1,0,0,0,0,0,0,0,0,0,0,0,0,0,0,0,0,0,0,0,0,0,0,0,0,0,0,0,0,1,0,0,0,0,0,0,0,NA,NA,NA,NA,NA,NA,NA,NA,NA,NA,NA,NA,NA,NA,NA,NA,NA,NA,NA,NA,NA,NA,NA,NA,NA,NA,NA,NA,NA,00-0021500,D.Frost,NA,NA,NA,NA,NA,NA,NA,NA,NA,NA,NA,NA,NA,NA,NA,NA,NA,NA,NA,NA,NA,NA,NA,NA,NA,NA,NA,NA,NA,NA,NA,NA,NA,NA,NA,NA,NA,NA,0,NA,NA,NA,NA,NA,NA,NA,NA,NA,NA,NA,NA,NA,NA,NA,NA,NA,NA,NA,NA,NA,NA,NA,NA,NA,NA,NA,NA,NA,NA,PHI,0,NA,NA,NA,NA,0,NA,NA,0,0,0,0,NA,NA,2005,NA,NA,46,0,Punt,3179,"11/6/05, 20:37:32",2005-11-07T04:09:45Z,Commanders Field,"Clear Temp: 68° F, Humidity: 54%, Wind: South 15 mph",10012005-1106-1290-9e6c-abd41ad537a6,0,0,PUNT,1,NA,NA,NA,18,Punt,2005-11-07T04:02:39Z,11,6:27,3,0,0,4,4,0,PUNT,PUNT,13:44,07:17,WAS 10,PHI 41,2945,3179,10,17,Home,7,27,0,41,1,outdoors,grass,68,15,Joe Gibbs,Andy Reid,WAS00,FedExField,0,1,NA,NA,NA,NA,NA,NA,0,0,0,1,0,NA,NA,NA,NA,NA,NA,NA,NA,NA,NA,0,1,0.24712631502188742,NA,NA,NA,NA,NA,NA,NA
3202,2005_09_PHI_WAS,2005110612,WAS,PHI,REG,9,PHI,away,WAS,PHI,95,2005-11-06,437,437,437,Half2,0,19,0,4,1,0,07:17,PHI 5,10,8,(7:17) 5-D.McNabb pass to 41-S.Spach to PHI 13 for 8 yards (98-L.Marshall).,pass,8,0,0,1,0,0,0,NA,NA,NA,NA,NA,NA,NA,NA,NA,NA,3,2,0,NA,NA,NA,NA,2,3,17,10,10,17,-7,10,17,-7,0.2858470380306244,0.16972696781158447,0.0258027333766222,0.23925581574440002,0.10496696084737778,0.001044368022121489,0.1733560860157013,0,0,-0.7050948597025126,0.48269474669359624,5.01707521442599,-5.01707521442599,6.792935087025398,-6.792935087025398,-5.850870389566303,5.850870389566303,NA,NA,NA,NA,NA,NA,NA,NA,NA,NA,NA,NA,0.12519383430480957,0.8748061656951904,0.8748061656951904,0.12519383430480957,0.02452675998210907,0.02230614423751831,-0.02230614423751831,0.8502794057130814,0.14972059428691864,0.1266259253025055,0.8733740746974945,0.18856154132178626,-0.18856154132178626,-0.1776859490819931,0.1776859490819931,NA,NA,NA,NA,NA,NA,NA,NA,NA,NA,NA,NA,0,0,0,0,0,0,0,0,0,0,0,0,0,0,0,0,0,0,0,0,0,0,0,0,1,0,0,0,0,0,0,0,0,1,0,0,0,0,0,0,0,0,0,0,0,1,0,0,0,0,0,00-0011022,D.McNabb,8,00-0023108,S.Spach,8,NA,NA,NA,NA,NA,NA,NA,NA,NA,NA,NA,NA,NA,NA,NA,NA,NA,NA,NA,NA,NA,NA,NA,NA,NA,NA,NA,NA,NA,NA,NA,NA,NA,NA,NA,NA,NA,NA,NA,NA,NA,NA,NA,NA,NA,WAS,NA,00-0010421,NA,L.Marshall,NA,NA,NA,NA,NA,NA,NA,NA,NA,NA,NA,NA,NA,0,NA,NA,NA,NA,NA,NA,NA,NA,NA,NA,NA,NA,NA,NA,NA,NA,NA,NA,NA,NA,NA,NA,NA,NA,NA,NA,NA,NA,NA,NA,NA,0,NA,NA,NA,NA,0,NA,NA,0,0,0,0,NA,NA,2005,NA,NA,47,0,Punt,3202,"11/6/05, 20:37:32",2005-11-07T04:12:20Z,Commanders Field,"Clear Temp: 68° F, Humidity: 54%, Wind: South 15 mph",10012005-1106-1290-9e6c-abd41ad537a6,0,0,PASS,0,NA,NA,NA,19,Punt,2005-11-07T04:12:20Z,3,1:25,0,0,0,4,4,0,PUNT,PUNT,07:17,05:52,PHI 5,PHI 13,3202,3274,10,17,Home,7,27,0,41,1,outdoors,grass,68,15,Joe Gibbs,Andy Reid,WAS00,FedExField,0,1,D.McNabb,5,NA,NA,S.Spach,41,1,0,0,0,1,00-0011022,NA,00-0023108,D.McNabb,5,00-0011022,S.Spach,00-0023108,S.Spach,00-0023108,0,1,0.48269474669359624,NA,NA,NA,NA,NA,NA,NA
3223,2005_09_PHI_WAS,2005110612,WAS,PHI,REG,9,PHI,away,WAS,PHI,87,2005-11-06,408,408,408,Half2,0,19,0,4,2,0,06:48,PHI 13,2,8,(6:48) 36-B.Westbrook right end to PHI 11 for -2 yards (56-L.Arrington).,run,-2,0,0,0,0,0,0,NA,NA,NA,NA,right,end,NA,NA,NA,NA,3,2,0,NA,NA,NA,NA,2,3,17,10,10,17,-7,10,17,-7,0.2998046875,0.15828801691532135,0.006532567553222179,0.21621109545230865,0.11110428720712662,0.0021443734876811504,0.20591501891613007,0,0,-0.22240011300891638,-0.796788088278845,5.813863302704835,-5.813863302704835,7.589723175304243,-7.589723175304243,-5.850870389566303,5.850870389566303,NA,NA,NA,NA,NA,NA,NA,NA,NA,NA,NA,NA,0.14972059428691864,0.8502794057130814,0.8502794057130814,0.14972059428691864,-0.03605371713638306,-0.024604320526123047,0.024604320526123047,0.8863331228494644,0.11366687715053558,0.1489320695400238,0.8510679304599762,0.22461525845816932,-0.22461525845816932,-0.1776859490819931,0.1776859490819931,NA,NA,NA,NA,NA,NA,NA,NA,NA,NA,NA,NA,0,0,0,0,0,0,0,0,0,0,0,0,0,0,0,0,0,0,0,0,0,0,0,0,1,0,0,1,0,0,0,0,1,0,0,0,0,0,0,0,0,0,0,0,0,0,0,0,0,0,0,NA,NA,NA,NA,NA,NA,00-0021216,B.Westbrook,-2,NA,NA,NA,NA,NA,NA,NA,NA,NA,NA,NA,NA,NA,NA,NA,NA,NA,NA,NA,NA,NA,NA,NA,NA,NA,NA,NA,NA,NA,NA,NA,NA,NA,NA,NA,NA,NA,NA,NA,NA,NA,NA,WAS,NA,00-0019692,NA,L.Arrington,NA,NA,NA,NA,NA,NA,NA,NA,NA,NA,NA,NA,NA,0,NA,NA,NA,NA,NA,NA,NA,NA,NA,NA,NA,NA,NA,NA,NA,NA,NA,NA,NA,NA,NA,NA,NA,NA,NA,NA,NA,NA,NA,NA,NA,0,NA,NA,NA,NA,0,NA,NA,0,0,0,0,NA,NA,2005,NA,NA,47,0,Punt,3223,"11/6/05, 20:37:32",2005-11-07T04:12:50Z,Commanders Field,"Clear Temp: 68° F, Humidity: 54%, Wind: South 15 mph",10012005-1106-1290-9e6c-abd41ad537a6,0,0,RUSH,0,NA,NA,NA,19,Punt,2005-11-07T04:12:20Z,3,1:25,0,0,0,4,4,0,PUNT,PUNT,07:17,05:52,PHI 5,PHI 13,3202,3274,10,17,Home,7,27,0,41,1,outdoors,grass,68,15,Joe Gibbs,Andy Reid,WAS00,FedExField,0,0,NA,NA,B.Westbrook,36,NA,NA,0,1,0,0,1,NA,00-0021216,NA,B.Westbrook,36,00-0021216,B.Westbrook,00-0021216,B.Westbrook,00-0021216,0,1,-0.796788088278845,NA,NA,NA,NA,NA,NA,NA
3244,2005_09_PHI_WAS,2005110612,WAS,PHI,REG,9,PHI,away,WAS,PHI,89,2005-11-06,366,366,366,Half2,0,19,0,4,3,0,06:06,PHI 11,4,8,"(6:06) 5-D.McNabb pass to 86-R.Brown to PHI 13 for 2 yards (22-C.Rogers). FUMBLES (22-C.Rogers), ball out of bounds at PHI 13.",pass,2,0,0,1,0,0,0,NA,NA,NA,NA,NA,NA,NA,NA,NA,NA,3,2,0,NA,NA,NA,NA,2,3,17,10,10,17,-7,10,17,-7,0.29311805963516235,0.19747483730316162,0.008345918729901314,0.25247031450271606,0.09381476789712906,0.0015313503099605441,0.1532447636127472,0,0,-1.0191882012877613,-0.6903295239899307,6.504192826694766,-6.504192826694766,7.589723175304243,-7.589723175304243,-5.1605408655763725,5.1605408655763725,NA,NA,NA,NA,NA,NA,NA,NA,NA,NA,NA,NA,0.11366687715053558,0.8863331228494644,0.8863331228494644,0.11366687715053558,-0.03134510666131973,-0.022426709532737732,0.022426709532737732,0.9176782295107841,0.08232177048921585,0.12432774901390076,0.8756722509860992,0.22461525845816932,-0.22461525845816932,-0.14634084242067336,0.14634084242067336,NA,NA,NA,NA,NA,NA,NA,NA,NA,NA,NA,NA,0,0,0,0,0,1,0,0,0,0,0,0,0,0,0,0,0,0,0,0,0,1,0,1,1,0,0,0,0,0,0,0,0,1,0,0,0,0,0,0,0,0,0,0,1,1,0,0,0,0,0,00-0011022,D.McNabb,2,00-0023470,R.Brown,2,NA,NA,NA,NA,NA,NA,NA,NA,NA,NA,NA,NA,NA,NA,NA,NA,NA,NA,NA,NA,NA,NA,NA,NA,NA,NA,NA,NA,NA,NA,NA,NA,NA,NA,NA,NA,NA,NA,NA,WAS,00-0023444,C.Rogers,NA,NA,NA,WAS,NA,00-0023444,NA,C.Rogers,NA,NA,NA,NA,NA,NA,NA,NA,NA,NA,NA,NA,NA,0,NA,NA,NA,NA,NA,NA,NA,NA,NA,NA,PHI,00-0023470,R.Brown,NA,NA,NA,NA,NA,NA,NA,NA,NA,NA,NA,NA,NA,NA,NA,NA,NA,NA,0,NA,NA,NA,NA,0,NA,NA,0,0,0,0,NA,NA,2005,NA,NA,47,0,Punt,3244,"11/6/05, 20:37:32",2005-11-07T04:13:32Z,Commanders Field,"Clear Temp: 68° F, Humidity: 54%, Wind: South 15 mph",10012005-1106-1290-9e6c-abd41ad537a6,0,0,PASS,0,NA,NA,NA,19,Punt,2005-11-07T04:12:20Z,3,1:25,0,0,0,4,4,0,PUNT,PUNT,07:17,05:52,PHI 5,PHI 13,3202,3274,10,17,Home,7,27,0,41,1,outdoors,grass,68,15,Joe Gibbs,Andy Reid,WAS00,FedExField,0,0,D.McNabb,5,NA,NA,R.Brown,86,1,0,0,0,1,00-0011022,NA,00-0023470,D.McNabb,5,00-0011022,R.Brown,00-0023470,R.Brown,00-0023470,0,1,-0.6903295239899307,NA,NA,NA,NA,NA,NA,NA
3274,2005_09_PHI_WAS,2005110612,WAS,PHI,REG,9,PHI,away,WAS,PHI,87,2005-11-06,357,357,357,Half2,0,19,0,4,4,0,05:57,PHI 13,2,8,"(5:57) 3-R.Hodges punts 46 yards to WAS 41, Center-88-M.Bartrum, fair catch by 83-J.Thrash.",punt,0,0,0,0,0,0,0,NA,NA,NA,NA,NA,NA,NA,46,NA,NA,3,2,0,NA,NA,NA,NA,2,3,17,10,10,17,-7,10,17,-7,0.3144555389881134,0.20687277615070343,0.00765067245811224,0.29351961612701416,0.06298544257879257,0.001905745593830943,0.11261020600795746,0,0,-1.709517725277692,-0.11021709651686251,6.614409923211628,-6.614409923211628,7.589723175304243,-7.589723175304243,-5.1605408655763725,5.1605408655763725,NA,NA,NA,NA,NA,NA,NA,NA,NA,NA,NA,NA,0.08232177048921585,0.9176782295107841,0.9176782295107841,0.08232177048921585,0.00258057564496994,-0.01081530749797821,0.01081530749797821,0.9150976538658142,0.08490234613418579,0.10190103948116302,0.898098960518837,0.22461525845816932,-0.22461525845816932,-0.14634084242067336,0.14634084242067336,NA,NA,NA,NA,NA,NA,NA,NA,NA,NA,NA,NA,0,0,0,0,0,0,0,0,0,0,0,0,0,0,0,1,0,0,0,0,0,0,0,0,0,0,0,0,0,0,0,0,0,0,0,0,0,0,0,0,0,0,0,1,0,0,0,0,0,0,0,NA,NA,NA,NA,NA,NA,NA,NA,NA,NA,NA,NA,NA,NA,NA,NA,NA,NA,NA,NA,NA,00-0016440,J.Thrash,NA,NA,NA,NA,NA,NA,00-0023642,R.Hodges,NA,NA,NA,NA,NA,NA,NA,NA,NA,NA,NA,NA,NA,NA,NA,NA,NA,NA,NA,NA,NA,NA,NA,NA,NA,NA,NA,NA,NA,NA,NA,NA,NA,NA,NA,NA,NA,NA,0,NA,NA,NA,NA,NA,NA,NA,NA,NA,NA,NA,NA,NA,NA,NA,NA,NA,NA,NA,NA,NA,NA,NA,NA,NA,NA,NA,NA,NA,NA,WAS,0,NA,NA,NA,NA,0,NA,NA,0,0,0,0,NA,NA,2005,NA,NA,47,0,Punt,3274,"11/6/05, 20:37:32",2005-11-07T04:14:26Z,Commanders Field,"Clear Temp: 68° F, Humidity: 54%, Wind: South 15 mph",10012005-1106-1290-9e6c-abd41ad537a6,0,0,PUNT,1,NA,NA,NA,19,Punt,2005-11-07T04:12:20Z,3,1:25,0,0,0,4,4,0,PUNT,PUNT,07:17,05:52,PHI 5,PHI 13,3202,3274,10,17,Home,7,27,0,41,1,outdoors,grass,68,15,Joe Gibbs,Andy Reid,WAS00,FedExField,0,0,NA,NA,NA,NA,NA,NA,0,0,0,1,0,NA,NA,NA,NA,NA,NA,NA,NA,NA,NA,0,1,-0.11021709651686251,NA,NA,NA,NA,NA,NA,NA
3297,2005_09_PHI_WAS,2005110612,WAS,PHI,REG,9,WAS,home,PHI,WAS,59,2005-11-06,352,352,352,Half2,0,20,0,4,1,0,05:52,WAS 41,10,-1,(5:52) 26-C.Portis left tackle to WAS 44 for 3 yards (54-J.Trotter).,run,3,0,0,0,0,0,0,NA,NA,NA,NA,left,tackle,NA,NA,NA,NA,3,2,0,NA,NA,NA,NA,3,2,17,10,17,10,7,17,10,7,0.2860427498817444,0.07665988057851791,0.001616268535144627,0.11274790018796921,0.20009467005729675,0.003594320733100176,0.31924423575401306,0,0,1.8197348217945546,-0.2051425443496555,6.409267378861973,-6.409267378861973,7.384580630954588,-7.384580630954588,-5.1605408655763725,5.1605408655763725,NA,NA,NA,NA,NA,NA,NA,NA,NA,NA,NA,NA,0.9150976538658142,0.08490234613418579,0.9150976538658142,0.08490234613418579,-0.00483095645904541,-0.004576921463012695,-0.004576921463012695,0.9102666974067688,0.0897333025932312,0.9089142680168152,0.9089142680168152,0.2197843019991239,-0.2197843019991239,-0.14634084242067336,0.14634084242067336,NA,NA,NA,NA,NA,NA,NA,NA,NA,NA,NA,NA,0,0,0,0,0,0,0,0,0,0,0,0,0,0,0,0,0,0,0,0,0,0,0,0,1,0,0,0,0,0,0,0,1,0,0,0,0,0,0,0,0,0,0,0,0,0,0,0,0,0,0,NA,NA,NA,NA,NA,NA,00-0021179,C.Portis,3,NA,NA,NA,NA,NA,NA,NA,NA,NA,NA,NA,NA,NA,NA,NA,NA,NA,NA,NA,NA,NA,NA,NA,NA,NA,NA,NA,NA,NA,NA,NA,NA,NA,NA,NA,NA,NA,NA,NA,NA,NA,NA,PHI,NA,00-0016624,NA,J.Trotter,NA,NA,NA,NA,NA,NA,NA,NA,NA,NA,NA,NA,NA,0,NA,NA,NA,NA,NA,NA,NA,NA,NA,NA,NA,NA,NA,NA,NA,NA,NA,NA,NA,NA,NA,NA,NA,NA,NA,NA,NA,NA,NA,NA,NA,0,NA,NA,NA,NA,0,NA,NA,0,0,0,0,NA,NA,2005,NA,NA,48,0,Punt,3297,"11/6/05, 20:37:32",2005-11-07T04:16:52Z,Commanders Field,"Clear Temp: 68° F, Humidity: 54%, Wind: South 15 mph",10012005-1106-1290-9e6c-abd41ad537a6,0,0,RUSH,0,NA,NA,NA,20,Punt,2005-11-07T04:16:52Z,3,3:11,0,0,0,4,4,-10,PUNT,PUNT,05:52,02:41,WAS 41,WAS 40,3297,3418,10,17,Home,7,27,0,41,1,outdoors,grass,68,15,Joe Gibbs,Andy Reid,WAS00,FedExField,0,0,NA,NA,C.Portis,26,NA,NA,0,1,0,0,1,NA,00-0021179,NA,C.Portis,26,00-0021179,C.Portis,00-0021179,C.Portis,00-0021179,0,1,-0.2051425443496555,NA,NA,NA,NA,NA,NA,NA
3318,2005_09_PHI_WAS,2005110612,WAS,PHI,REG,9,WAS,home,PHI,WAS,56,2005-11-06,311,311,311,Half2,0,20,0,4,2,0,05:11,WAS 44,7,-1,"(5:11) 26-C.Portis right guard to PHI 47 for 9 yards (24-S.Brown). PENALTY on WAS-61-C.Rabach, Offensive Holding, 10 yards, enforced at WAS 44 - No Play.",no_play,0,0,0,0,0,0,0,NA,NA,NA,NA,NA,NA,NA,NA,NA,NA,3,2,0,NA,NA,NA,NA,3,2,17,10,17,10,7,17,10,7,0.3089911639690399,0.0748741403222084,0.0014094146899878979,0.12039677798748016,0.1888928860425949,0.003983493894338608,0.3014521896839142,0,0,1.614592277444899,-0.9632482365705073,5.4460191422914654,-5.4460191422914654,7.384580630954588,-7.384580630954588,-5.1605408655763725,5.1605408655763725,NA,NA,NA,NA,NA,NA,NA,NA,NA,NA,NA,NA,0.9102666974067688,0.0897333025932312,0.9102666974067688,0.0897333025932312,0.005958735942840576,9.918212890625e-5,9.918212890625e-5,0.9162254333496094,0.083774566650390625,0.9043373465538025,0.9043373465538025,0.2197843019991239,-0.2197843019991239,-0.14634084242067336,0.14634084242067336,NA,NA,NA,NA,NA,NA,NA,NA,NA,NA,NA,NA,0,0,0,0,0,0,0,0,0,0,0,0,0,0,0,0,0,0,0,0,0,0,0,0,0,0,1,0,0,0,0,0,0,0,0,0,0,0,0,0,0,0,0,0,0,0,0,0,0,0,0,NA,NA,NA,NA,NA,NA,NA,NA,NA,NA,NA,NA,NA,NA,NA,NA,NA,NA,NA,NA,NA,NA,NA,NA,NA,NA,NA,NA,NA,NA,NA,NA,NA,NA,NA,NA,NA,NA,NA,NA,NA,NA,NA,NA,NA,NA,NA,NA,NA,NA,NA,NA,NA,NA,NA,NA,NA,NA,NA,NA,NA,NA,NA,NA,NA,NA,NA,NA,NA,0,NA,NA,NA,NA,NA,NA,NA,NA,NA,NA,NA,NA,NA,NA,NA,NA,NA,NA,NA,NA,NA,NA,NA,NA,NA,NA,NA,NA,NA,NA,NA,0,WAS,00-0020450,C.Rabach,10,0,NA,Offensive Holding,0,0,0,0,NA,NA,2005,NA,NA,48,0,Punt,3318,"11/6/05, 20:37:32",2005-11-07T04:17:32Z,Commanders Field,"Clear Temp: 68° F, Humidity: 54%, Wind: South 15 mph",10012005-1106-1290-9e6c-abd41ad537a6,0,0,PENALTY,0,NA,NA,NA,20,Punt,2005-11-07T04:16:52Z,3,3:11,0,0,0,4,4,-10,PUNT,PUNT,05:52,02:41,WAS 41,WAS 40,3297,3418,10,17,Home,7,27,0,41,1,outdoors,grass,68,15,Joe Gibbs,Andy Reid,WAS00,FedExField,0,0,NA,NA,C.Portis,26,NA,NA,0,1,0,0,1,NA,00-0021179,NA,C.Portis,26,00-0021179,NA,NA,C.Portis,00-0021179,0,1,-0.9632482365705073,NA,NA,NA,NA,NA,NA,NA
3351,2005_09_PHI_WAS,2005110612,WAS,PHI,REG,9,WAS,home,PHI,WAS,66,2005-11-06,282,282,282,Half2,0,20,0,4,2,0,04:42,WAS 34,17,-1,(4:42) 46-L.Betts left guard to WAS 34 for no gain (97-D.Walker).,run,0,0,0,0,0,0,0,NA,NA,NA,NA,left,guard,NA,NA,NA,NA,3,2,0,NA,NA,NA,NA,3,2,17,10,17,10,7,17,10,7,0.38732030987739563,0.09480945020914078,0.0011624190956354141,0.14749273657798767,0.1493576616048813,0.0033056766260415316,0.21655172109603882,0,0,0.6513440408743918,-0.565750609152019,4.880268533139446,-4.880268533139446,6.818830021802569,-6.818830021802569,-5.1605408655763725,5.1605408655763725,NA,NA,NA,NA,NA,NA,NA,NA,NA,NA,NA,NA,0.9162254333496094,0.083774566650390625,0.9162254333496094,0.083774566650390625,-6.369352340698242e-4,-0.02315676212310791,-0.02315676212310791,0.9155884981155396,0.08441150188446045,0.9044365286827087,0.9044365286827087,0.21914736676505409,-0.21914736676505409,-0.14634084242067336,0.14634084242067336,NA,NA,NA,NA,NA,NA,NA,NA,NA,NA,NA,NA,0,0,0,0,0,0,0,0,0,0,0,0,0,0,0,0,0,0,0,0,0,0,0,0,1,0,0,0,0,0,0,0,1,0,0,0,0,0,0,0,0,0,0,0,0,0,0,0,0,0,0,NA,NA,NA,NA,NA,NA,00-0021184,L.Betts,0,NA,NA,NA,NA,NA,NA,NA,NA,NA,NA,NA,NA,NA,NA,NA,NA,NA,NA,NA,NA,NA,NA,NA,NA,NA,NA,NA,NA,NA,NA,NA,NA,NA,NA,NA,NA,NA,NA,NA,NA,NA,NA,PHI,NA,00-0019459,NA,D.Walker,NA,NA,NA,NA,NA,NA,NA,NA,NA,NA,NA,NA,NA,0,NA,NA,NA,NA,NA,NA,NA,NA,NA,NA,NA,NA,NA,NA,NA,NA,NA,NA,NA,NA,NA,NA,NA,NA,NA,NA,NA,NA,NA,NA,NA,0,NA,NA,NA,NA,0,NA,NA,0,0,0,0,NA,NA,2005,NA,NA,48,0,Punt,3351,"11/6/05, 20:37:32",2005-11-07T04:18:33Z,Commanders Field,"Clear Temp: 68° F, Humidity: 54%, Wind: South 15 mph",10012005-1106-1290-9e6c-abd41ad537a6,0,0,RUSH,0,NA,NA,NA,20,Punt,2005-11-07T04:16:52Z,3,3:11,0,0,0,4,4,-10,PUNT,PUNT,05:52,02:41,WAS 41,WAS 40,3297,3418,10,17,Home,7,27,0,41,1,outdoors,grass,68,15,Joe Gibbs,Andy Reid,WAS00,FedExField,0,0,NA,NA,L.Betts,46,NA,NA,0,1,0,0,1,NA,00-0021184,NA,L.Betts,46,00-0021184,L.Betts,00-0021184,L.Betts,00-0021184,0,1,-0.565750609152019,NA,NA,NA,NA,NA,NA,NA
3372,2005_09_PHI_WAS,2005110612,WAS,PHI,REG,9,WAS,home,PHI,WAS,66,2005-11-06,238,238,238,Half2,0,20,0,4,3,0,03:58,WAS 34,17,-1,(3:58) 26-C.Portis left end to WAS 40 for 6 yards (20-B.Dawkins).,run,6,0,0,0,0,0,0,NA,NA,NA,NA,left,end,NA,NA,NA,NA,3,2,0,NA,NA,NA,NA,3,2,17,10,17,10,7,17,10,7,0.4354040324687958,0.10371840000152588,0.0011419807560741901,0.16705714166164398,0.1160631850361824,0.0032128060702234507,0.17340248823165894,0,0,0.08559343172237277,-0.410080399713479,4.470188133425967,-4.470188133425967,6.40874962208909,-6.40874962208909,-5.1605408655763725,5.1605408655763725,NA,NA,NA,NA,NA,NA,NA,NA,NA,NA,NA,NA,0.9155884981155396,0.08441150188446045,0.9155884981155396,0.08441150188446045,-0.02129805088043213,-0.0068874359130859375,-0.0068874359130859375,0.8942904472351074,0.10570955276489258,0.8812797665596008,0.8812797665596008,0.19784931588462196,-0.19784931588462196,-0.14634084242067336,0.14634084242067336,NA,NA,NA,NA,NA,NA,NA,NA,NA,NA,NA,NA,0,0,0,0,0,1,0,0,0,0,0,0,0,0,0,0,0,0,0,0,0,0,0,0,1,0,0,0,0,0,0,0,1,0,0,0,0,0,0,0,0,0,0,0,0,0,0,0,0,0,0,NA,NA,NA,NA,NA,NA,00-0021179,C.Portis,6,NA,NA,NA,NA,NA,NA,NA,NA,NA,NA,NA,NA,NA,NA,NA,NA,NA,NA,NA,NA,NA,NA,NA,NA,NA,NA,NA,NA,NA,NA,NA,NA,NA,NA,NA,NA,NA,NA,NA,NA,NA,NA,PHI,NA,00-0004073,NA,B.Dawkins,NA,NA,NA,NA,NA,NA,NA,NA,NA,NA,NA,NA,NA,0,NA,NA,NA,NA,NA,NA,NA,NA,NA,NA,NA,NA,NA,NA,NA,NA,NA,NA,NA,NA,NA,NA,NA,NA,NA,NA,NA,NA,NA,NA,NA,0,NA,NA,NA,NA,0,NA,NA,0,0,0,0,NA,NA,2005,NA,NA,48,0,Punt,3372,"11/6/05, 20:37:32",2005-11-07T04:19:17Z,Commanders Field,"Clear Temp: 68° F, Humidity: 54%, Wind: South 15 mph",10012005-1106-1290-9e6c-abd41ad537a6,0,0,RUSH,0,NA,NA,NA,20,Punt,2005-11-07T04:16:52Z,3,3:11,0,0,0,4,4,-10,PUNT,PUNT,05:52,02:41,WAS 41,WAS 40,3297,3418,10,17,Home,7,27,0,41,1,outdoors,grass,68,15,Joe Gibbs,Andy Reid,WAS00,FedExField,0,0,NA,NA,C.Portis,26,NA,NA,0,1,0,0,1,NA,00-0021179,NA,C.Portis,26,00-0021179,C.Portis,00-0021179,C.Portis,00-0021179,0,1,-0.410080399713479,NA,NA,NA,NA,NA,NA,NA
3393,2005_09_PHI_WAS,2005110612,WAS,PHI,REG,9,NA,NA,NA,NA,NA,2005-11-06,175,175,175,Half2,0,20,0,4,NA,0,02:55,WAS 40,0,-1,Timeout #1 by WAS at 02:55.,no_play,0,0,0,0,0,0,0,NA,NA,NA,NA,NA,NA,NA,NA,NA,NA,2,2,1,WAS,NA,NA,NA,NA,NA,17,10,NA,NA,NA,NA,NA,NA,0,0,0,0,0,0,0,0,0,-0.3244869679911062,0,4.470188133425967,-4.470188133425967,6.40874962208909,-6.40874962208909,-5.1605408655763725,5.1605408655763725,NA,NA,NA,NA,NA,NA,NA,NA,NA,NA,NA,NA,0.8942904472351074,0.10570955276489258,0.8942904472351074,0.10570955276489258,0,0,0,NA,NA,0.8743923306465149,0.8743923306465149,0.19784931588462196,-0.19784931588462196,-0.14634084242067336,0.14634084242067336,NA,NA,NA,NA,NA,NA,NA,NA,NA,NA,NA,NA,0,0,0,0,0,0,0,0,0,0,0,0,0,0,0,0,0,0,0,0,0,0,0,0,0,0,0,0,0,0,0,0,0,0,0,0,0,0,0,0,0,0,0,0,0,0,0,0,0,0,0,NA,NA,NA,NA,NA,NA,NA,NA,NA,NA,NA,NA,NA,NA,NA,NA,NA,NA,NA,NA,NA,NA,NA,NA,NA,NA,NA,NA,NA,NA,NA,NA,NA,NA,NA,NA,NA,NA,NA,NA,NA,NA,NA,NA,NA,NA,NA,NA,NA,NA,NA,NA,NA,NA,NA,NA,NA,NA,NA,NA,NA,NA,NA,NA,NA,NA,NA,NA,NA,0,NA,NA,NA,NA,NA,NA,NA,NA,NA,NA,NA,NA,NA,NA,NA,NA,NA,NA,NA,NA,NA,NA,NA,NA,NA,NA,NA,NA,NA,NA,NA,0,NA,NA,NA,NA,0,NA,NA,0,0,0,0,NA,NA,2005,NA,NA,48,0,Punt,3393,"11/6/05, 20:37:32",2005-11-07T04:20:28Z,Commanders Field,"Clear Temp: 68° F, Humidity: 54%, Wind: South 15 mph",10012005-1106-1290-9e6c-abd41ad537a6,0,0,TIMEOUT,0,NA,NA,NA,20,Punt,2005-11-07T04:16:52Z,3,3:11,0,0,0,4,4,-10,PUNT,PUNT,05:52,02:41,WAS 41,WAS 40,3297,3418,10,17,Home,7,27,0,41,1,outdoors,grass,68,15,Joe Gibbs,Andy Reid,WAS00,FedExField,0,0,NA,NA,NA,NA,NA,NA,0,0,0,0,0,NA,NA,NA,NA,NA,NA,NA,NA,NA,NA,0,1,0,NA,NA,NA,NA,NA,NA,NA
3418,2005_09_PHI_WAS,2005110612,WAS,PHI,REG,9,WAS,home,PHI,WAS,60,2005-11-06,175,175,175,Half2,0,20,0,4,4,0,02:55,WAS 40,11,-1,"(2:55) 4-D.Frost punts 45 yards to PHI 15, Center-71-E.Albright, downed by WAS-31-R.Cartwright.",punt,0,0,0,0,0,0,0,NA,NA,NA,NA,NA,NA,NA,45,NA,NA,2,2,0,NA,NA,NA,NA,2,2,17,10,17,10,7,17,10,7,0.5512520670890808,0.1121693104505539,6.76118244882673e-4,0.14053253829479218,0.08146092295646667,0.008928997442126274,0.10498002916574478,0,0,-0.3244869679911062,0.1361258317483589,4.606313965174326,-4.606313965174326,6.40874962208909,-6.40874962208909,-5.1605408655763725,5.1605408655763725,NA,NA,NA,NA,NA,NA,NA,NA,NA,NA,NA,NA,0.8942904472351074,0.10570955276489258,0.8942904472351074,0.10570955276489258,-0.003298066556453705,0.0030406415462493896,0.0030406415462493896,0.8909923806786537,0.10900761932134628,0.8743923306465149,0.8743923306465149,0.19784931588462196,-0.19784931588462196,-0.14634084242067336,0.14634084242067336,NA,NA,NA,NA,NA,NA,NA,NA,NA,NA,NA,NA,0,0,0,0,0,0,0,0,0,0,0,1,0,0,1,0,0,0,0,0,0,0,0,0,0,0,0,0,0,0,0,0,0,0,0,0,0,0,0,0,0,0,0,1,0,0,0,0,0,0,0,NA,NA,NA,NA,NA,NA,NA,NA,NA,NA,NA,NA,NA,NA,NA,NA,NA,NA,NA,NA,NA,NA,NA,NA,NA,NA,NA,NA,NA,00-0021500,D.Frost,NA,NA,NA,NA,NA,NA,NA,NA,NA,NA,NA,NA,NA,NA,NA,NA,NA,NA,NA,NA,NA,NA,NA,NA,NA,NA,NA,NA,NA,NA,NA,NA,NA,NA,NA,NA,NA,NA,0,NA,NA,NA,NA,NA,NA,NA,NA,NA,NA,NA,NA,NA,NA,NA,NA,NA,NA,NA,NA,NA,NA,NA,NA,NA,NA,NA,NA,NA,NA,PHI,0,NA,NA,NA,NA,0,NA,NA,0,0,0,0,NA,NA,2005,NA,NA,48,0,Punt,3418,"11/6/05, 20:37:32",2005-11-07T04:22:52Z,Commanders Field,"Clear Temp: 68° F, Humidity: 54%, Wind: South 15 mph",10012005-1106-1290-9e6c-abd41ad537a6,0,0,PUNT,1,NA,NA,NA,20,Punt,2005-11-07T04:16:52Z,3,3:11,0,0,0,4,4,-10,PUNT,PUNT,05:52,02:41,WAS 41,WAS 40,3297,3418,10,17,Home,7,27,0,41,1,outdoors,grass,68,15,Joe Gibbs,Andy Reid,WAS00,FedExField,0,1,NA,NA,NA,NA,NA,NA,0,0,0,1,0,NA,NA,NA,NA,NA,NA,NA,NA,NA,NA,0,1,0.1361258317483589,NA,NA,NA,NA,NA,NA,NA
3441,2005_09_PHI_WAS,2005110612,WAS,PHI,REG,9,PHI,away,WAS,PHI,85,2005-11-06,161,161,161,Half2,0,21,0,4,1,0,02:41,PHI 15,10,78,(2:41) 5-D.McNabb pass to 83-G.Lewis to PHI 34 for 19 yards (25-R.Clark).,pass,19,0,0,1,0,0,0,NA,NA,NA,NA,NA,NA,NA,NA,NA,NA,2,2,0,NA,NA,NA,NA,2,2,17,10,10,17,-7,10,17,-7,0.5776519775390625,0.09602844715118408,0.004870154429227114,0.09867113828659058,0.09380927681922913,0.0014652232639491558,0.12750378251075745,0,0,0.1883611362427473,0.8638513792539015,3.7424625859204252,-3.7424625859204252,6.40874962208909,-6.40874962208909,-6.024392244830274,6.024392244830274,NA,NA,NA,NA,NA,NA,NA,NA,NA,NA,NA,NA,0.10900761932134628,0.8909923806786537,0.8909923806786537,0.10900761932134628,0.02691497653722763,0.0071870386600494385,-0.0071870386600494385,0.8640774041414261,0.1359225958585739,0.12256702780723572,0.8774329721927643,0.19784931588462196,-0.19784931588462196,-0.173255818957901,0.173255818957901,NA,NA,NA,NA,NA,NA,NA,NA,NA,NA,NA,NA,0,0,1,0,0,0,0,0,0,0,0,0,0,0,0,0,0,0,0,0,0,0,0,0,1,0,0,0,0,0,0,0,0,1,0,0,0,0,0,0,0,0,0,0,0,1,0,0,0,0,0,00-0011022,D.McNabb,19,00-0021508,G.Lewis,19,NA,NA,NA,NA,NA,NA,NA,NA,NA,NA,NA,NA,NA,NA,NA,NA,NA,NA,NA,NA,NA,NA,NA,NA,NA,NA,NA,NA,NA,NA,NA,NA,NA,NA,NA,NA,NA,NA,NA,NA,NA,NA,NA,NA,NA,WAS,NA,00-0020840,NA,R.Clark,NA,NA,NA,NA,NA,NA,NA,NA,NA,NA,NA,NA,NA,0,NA,NA,NA,NA,NA,NA,NA,NA,NA,NA,NA,NA,NA,NA,NA,NA,NA,NA,NA,NA,NA,NA,NA,NA,NA,NA,NA,NA,NA,NA,NA,0,NA,NA,NA,NA,0,NA,NA,0,0,0,0,NA,NA,2005,NA,NA,49,1,First down,3441,"11/6/05, 20:37:32",2005-11-07T04:24:00Z,Commanders Field,"Clear Temp: 68° F, Humidity: 54%, Wind: South 15 mph",10012005-1106-1290-9e6c-abd41ad537a6,0,0,PASS,0,NA,NA,NA,21,Turnover,2005-11-07T04:24:00Z,8,1:16,3,1,0,4,4,0,PUNT,INTERCEPTION,02:41,01:25,PHI 15,WAS 7,3441,3639,10,17,Home,7,27,0,41,1,outdoors,grass,68,15,Joe Gibbs,Andy Reid,WAS00,FedExField,0,1,D.McNabb,5,NA,NA,G.Lewis,83,1,0,1,0,1,00-0011022,NA,00-0021508,D.McNabb,5,00-0011022,G.Lewis,00-0021508,G.Lewis,00-0021508,0,1,0.8638513792539015,NA,NA,NA,NA,NA,NA,NA
3462,2005_09_PHI_WAS,2005110612,WAS,PHI,REG,9,PHI,away,WAS,PHI,66,2005-11-06,130,130,130,Half2,0,21,0,4,1,0,02:10,PHI 34,10,78,(2:10) (No Huddle) 5-D.McNabb pass to 86-R.Brown pushed ob at WAS 40 for 26 yards (25-R.Clark).,pass,26,0,1,1,0,0,0,NA,NA,NA,NA,NA,NA,NA,NA,NA,NA,2,2,0,NA,NA,NA,NA,2,2,17,10,10,17,-7,10,17,-7,0.5598981380462646,0.06336968392133713,9.090309613384306e-4,0.061168719083070755,0.13070017099380493,0.0014919036766514182,0.18246233463287354,0,0,1.0522125154966488,1.2022198541089892,2.540242731811436,-2.540242731811436,6.40874962208909,-6.40874962208909,-7.226612098939263,7.226612098939263,NA,NA,NA,NA,NA,NA,NA,NA,NA,NA,NA,NA,0.1359225958585739,0.8640774041414261,0.8640774041414261,0.1359225958585739,0.06537008285522461,0.07005690038204193,-0.07005690038204193,0.7987073212862015,0.20129267871379852,0.12975406646728516,0.8702459335327148,0.19784931588462196,-0.19784931588462196,-0.2386259018131256,0.2386259018131256,NA,NA,NA,NA,NA,NA,NA,NA,NA,NA,NA,NA,0,0,1,0,0,0,0,0,0,0,0,0,0,0,0,0,0,0,0,0,0,0,0,0,1,0,0,0,0,0,0,0,0,1,0,0,0,0,0,0,0,0,0,0,0,1,0,0,0,0,0,00-0011022,D.McNabb,26,00-0023470,R.Brown,26,NA,NA,NA,NA,NA,NA,NA,NA,NA,NA,NA,NA,NA,NA,NA,NA,NA,NA,NA,NA,NA,NA,NA,NA,NA,NA,NA,NA,NA,NA,NA,NA,NA,NA,NA,NA,NA,NA,NA,NA,NA,NA,NA,NA,NA,WAS,NA,00-0020840,NA,R.Clark,NA,NA,NA,NA,NA,NA,NA,NA,NA,NA,NA,NA,NA,0,NA,NA,NA,NA,NA,NA,NA,NA,NA,NA,NA,NA,NA,NA,NA,NA,NA,NA,NA,NA,NA,NA,NA,NA,NA,NA,NA,NA,NA,NA,NA,0,NA,NA,NA,NA,0,NA,NA,0,0,0,0,NA,NA,2005,NA,NA,50,1,First down,3462,"11/6/05, 20:37:32",2005-11-07T04:24:31Z,Commanders Field,"Clear Temp: 68° F, Humidity: 54%, Wind: South 15 mph",10012005-1106-1290-9e6c-abd41ad537a6,0,0,PASS,0,NA,NA,NA,21,Turnover,2005-11-07T04:24:00Z,8,1:16,3,1,0,4,4,0,PUNT,INTERCEPTION,02:41,01:25,PHI 15,WAS 7,3441,3639,10,17,Home,7,27,0,41,1,outdoors,grass,68,15,Joe Gibbs,Andy Reid,WAS00,FedExField,0,1,D.McNabb,5,NA,NA,R.Brown,86,1,0,1,0,1,00-0011022,NA,00-0023470,D.McNabb,5,00-0011022,R.Brown,00-0023470,R.Brown,00-0023470,1,1,1.2022198541089892,NA,NA,NA,NA,NA,NA,NA
3489,2005_09_PHI_WAS,2005110612,WAS,PHI,REG,9,PHI,away,WAS,WAS,40,2005-11-06,123,123,123,Half2,0,21,0,4,1,0,02:03,WAS 40,10,78,(2:03) (Shotgun) 5-D.McNabb pass incomplete to 86-R.Brown.,pass,0,1,0,1,0,0,0,NA,NA,NA,NA,NA,NA,NA,NA,NA,NA,2,2,0,NA,NA,NA,NA,2,2,17,10,10,17,-7,10,17,-7,0.44953885674476624,0.0359320230782032,4.1273346869274974e-4,0.03412361070513725,0.1869659721851349,0.002033341210335493,0.29099351167678833,0,0,2.254432369605638,-0.3000090572750196,2.8402517890864556,-2.8402517890864556,6.40874962208909,-6.40874962208909,-6.926603041664244,6.926603041664244,NA,NA,NA,NA,NA,NA,NA,NA,NA,NA,NA,NA,0.20129267871379852,0.7987073212862015,0.7987073212862015,0.20129267871379852,-0.022596225142478943,-0.018012017011642456,0.018012017011642456,0.8213035464286804,0.17869645357131958,0.1998109668493271,0.8001890331506729,0.19784931588462196,-0.19784931588462196,-0.21602967667064665,0.21602967667064665,NA,NA,NA,NA,NA,NA,NA,NA,NA,NA,NA,NA,0,0,0,0,0,0,0,0,1,0,0,0,0,0,0,0,0,0,0,0,0,0,0,0,0,0,0,0,0,0,0,0,0,1,0,0,0,0,0,0,0,0,0,0,0,0,0,0,0,0,0,00-0011022,D.McNabb,NA,NA,NA,NA,NA,NA,NA,NA,NA,NA,NA,NA,NA,NA,NA,NA,NA,NA,NA,NA,NA,NA,NA,NA,NA,NA,NA,NA,NA,NA,NA,NA,NA,NA,NA,NA,NA,NA,NA,NA,NA,NA,NA,NA,NA,NA,NA,NA,NA,NA,NA,NA,NA,NA,NA,NA,NA,NA,NA,NA,NA,NA,NA,NA,NA,NA,NA,0,NA,NA,NA,NA,NA,NA,NA,NA,NA,NA,NA,NA,NA,NA,NA,NA,NA,NA,NA,NA,NA,NA,NA,NA,NA,NA,NA,NA,NA,NA,NA,0,NA,NA,NA,NA,0,NA,NA,0,0,0,0,NA,NA,2005,NA,NA,51,1,First down,3489,"11/6/05, 20:37:32",2005-11-07T04:25:16Z,Commanders Field,"Clear Temp: 68° F, Humidity: 54%, Wind: South 15 mph",10012005-1106-1290-9e6c-abd41ad537a6,0,0,PASS,0,NA,NA,NA,21,Turnover,2005-11-07T04:24:00Z,8,1:16,3,1,0,4,4,0,PUNT,INTERCEPTION,02:41,01:25,PHI 15,WAS 7,3441,3639,10,17,Home,7,27,0,41,1,outdoors,grass,68,15,Joe Gibbs,Andy Reid,WAS00,FedExField,0,0,D.McNabb,5,NA,NA,R.Brown,86,1,0,0,0,1,00-0011022,NA,00-0023470,D.McNabb,5,00-0011022,NA,NA,R.Brown,00-0023470,0,1,-0.3000090572750196,NA,NA,NA,NA,NA,NA,NA
3525,2005_09_PHI_WAS,2005110612,WAS,PHI,REG,9,PHI,away,WAS,WAS,40,2005-11-06,117,117,117,Half2,0,21,0,4,2,0,01:57,WAS 40,10,78,(1:57) (Shotgun) 5-D.McNabb pass to 36-B.Westbrook pushed ob at WAS 13 for 27 yards (21-S.Taylor).,pass,27,1,0,1,0,0,0,NA,NA,NA,NA,NA,NA,NA,NA,NA,NA,2,2,0,NA,NA,NA,NA,2,2,17,10,10,17,-7,10,17,-7,0.4822039008140564,0.042855873703956604,4.349519731476903e-4,0.03445214405655861,0.18646234273910522,0.0018994009587913752,0.25169143080711365,0,0,1.9544233123306185,2.427925904863514,0.4123258842229415,-0.4123258842229415,6.40874962208909,-6.40874962208909,-9.354528946527758,9.354528946527758,NA,NA,NA,NA,NA,NA,NA,NA,NA,NA,NA,NA,0.17869645357131958,0.8213035464286804,0.8213035464286804,0.17869645357131958,0.11464652419090271,0.06892965734004974,-0.06892965734004974,0.7066570222377777,0.2933429777622223,0.18179894983768463,0.8182010501623154,0.19784931588462196,-0.19784931588462196,-0.33067620086154936,0.33067620086154936,NA,NA,NA,NA,NA,NA,NA,NA,NA,NA,NA,NA,0,0,1,0,0,0,0,0,0,0,0,0,0,0,0,0,0,0,0,0,0,0,0,0,1,0,0,0,0,0,0,0,0,1,0,0,0,0,0,0,0,0,0,0,0,1,0,0,0,0,0,00-0011022,D.McNabb,27,00-0021216,B.Westbrook,27,NA,NA,NA,NA,NA,NA,NA,NA,NA,NA,NA,NA,NA,NA,NA,NA,NA,NA,NA,NA,NA,NA,NA,NA,NA,NA,NA,NA,NA,NA,NA,NA,NA,NA,NA,NA,NA,NA,NA,NA,NA,NA,NA,NA,NA,WAS,NA,00-0022777,NA,S.Taylor,NA,NA,NA,NA,NA,NA,NA,NA,NA,NA,NA,NA,NA,0,NA,NA,NA,NA,NA,NA,NA,NA,NA,NA,NA,NA,NA,NA,NA,NA,NA,NA,NA,NA,NA,NA,NA,NA,NA,NA,NA,NA,NA,NA,NA,0,NA,NA,NA,NA,0,NA,NA,0,0,0,0,NA,NA,2005,NA,NA,51,1,First down,3525,"11/6/05, 20:37:32",2005-11-07T04:28:01Z,Commanders Field,"Clear Temp: 68° F, Humidity: 54%, Wind: South 15 mph",10012005-1106-1290-9e6c-abd41ad537a6,0,0,PASS,0,NA,NA,NA,21,Turnover,2005-11-07T04:24:00Z,8,1:16,3,1,0,4,4,0,PUNT,INTERCEPTION,02:41,01:25,PHI 15,WAS 7,3441,3639,10,17,Home,7,27,0,41,1,outdoors,grass,68,15,Joe Gibbs,Andy Reid,WAS00,FedExField,0,1,D.McNabb,5,NA,NA,B.Westbrook,36,1,0,1,0,1,00-0011022,NA,00-0021216,D.McNabb,5,00-0011022,B.Westbrook,00-0021216,B.Westbrook,00-0021216,1,1,2.427925904863514,NA,NA,NA,NA,NA,NA,NA
3546,2005_09_PHI_WAS,2005110612,WAS,PHI,REG,9,PHI,away,WAS,WAS,13,2005-11-06,110,110,110,Half2,0,21,0,4,1,0,01:50,WAS 13,10,78,(1:50) 5-D.McNabb pass to 83-G.Lewis pushed ob at WAS 7 for 6 yards (22-C.Rogers).,pass,6,0,0,1,0,0,0,NA,NA,NA,NA,NA,NA,NA,NA,NA,NA,2,2,0,NA,NA,NA,NA,2,2,17,10,10,17,-7,10,17,-7,0.16460704803466797,0.007229562848806381,3.482710453681648e-4,0.013150859624147415,0.299496591091156,0.0015745741548016667,0.5135930776596069,0,0,4.3823492171941325,0.3179568652994931,0.0943690189234484,-0.0943690189234484,6.40874962208909,-6.40874962208909,-9.67248581182725,9.67248581182725,NA,NA,NA,NA,NA,NA,NA,NA,NA,NA,NA,NA,0.2933429777622223,0.7066570222377777,0.7066570222377777,0.2933429777622223,0.006185442209243774,0.014157146215438843,-0.014157146215438843,0.7004715800285339,0.29952841997146606,0.2507286071777344,0.7492713928222656,0.19784931588462196,-0.19784931588462196,-0.33686164307079314,0.33686164307079314,NA,NA,NA,NA,NA,NA,NA,NA,NA,NA,NA,NA,0,0,0,0,0,0,0,0,0,0,0,0,0,0,0,0,0,0,0,0,0,0,0,0,1,0,0,0,0,0,0,0,0,1,0,0,0,0,0,0,0,0,0,0,0,1,0,0,0,0,0,00-0011022,D.McNabb,6,00-0021508,G.Lewis,6,NA,NA,NA,NA,NA,NA,NA,NA,NA,NA,NA,NA,NA,NA,NA,NA,NA,NA,NA,NA,NA,NA,NA,NA,NA,NA,NA,NA,NA,NA,NA,NA,NA,NA,NA,NA,NA,NA,NA,NA,NA,NA,NA,NA,NA,WAS,NA,00-0023444,NA,C.Rogers,NA,NA,NA,NA,NA,NA,NA,NA,NA,NA,NA,NA,NA,0,NA,NA,NA,NA,NA,NA,NA,NA,NA,NA,NA,NA,NA,NA,NA,NA,NA,NA,NA,NA,NA,NA,NA,NA,NA,NA,NA,NA,NA,NA,NA,0,NA,NA,NA,NA,0,NA,NA,0,0,0,0,NA,NA,2005,NA,NA,52,0,Turnover,3546,"11/6/05, 20:37:32",2005-11-07T04:28:48Z,Commanders Field,"Clear Temp: 68° F, Humidity: 54%, Wind: South 15 mph",10012005-1106-1290-9e6c-abd41ad537a6,0,0,PASS,0,NA,NA,NA,21,Turnover,2005-11-07T04:24:00Z,8,1:16,3,1,0,4,4,0,PUNT,INTERCEPTION,02:41,01:25,PHI 15,WAS 7,3441,3639,10,17,Home,7,27,0,41,1,outdoors,grass,68,15,Joe Gibbs,Andy Reid,WAS00,FedExField,0,1,D.McNabb,5,NA,NA,G.Lewis,83,1,0,0,0,1,00-0011022,NA,00-0021508,D.McNabb,5,00-0011022,G.Lewis,00-0021508,G.Lewis,00-0021508,1,1,0.3179568652994931,NA,NA,NA,NA,NA,NA,NA
3567,2005_09_PHI_WAS,2005110612,WAS,PHI,REG,9,PHI,away,WAS,WAS,7,2005-11-06,105,105,105,Half2,0,21,0,4,2,0,01:45,WAS 7,4,78,(1:45) 5-D.McNabb pass incomplete to 86-R.Brown.,pass,0,0,0,1,0,0,0,NA,NA,NA,NA,NA,NA,NA,NA,NA,NA,2,2,0,NA,NA,NA,NA,2,2,17,10,10,17,-7,10,17,-7,0.13832272589206696,0.005807036999613047,2.9838032787665725e-4,0.010498990304768085,0.2788708806037903,0.0016419271705672145,0.564560055732727,0,0,4.700306082493626,-0.7473780567524955,0.8417470756759439,-0.8417470756759439,6.40874962208909,-6.40874962208909,-8.925107755074755,8.925107755074755,NA,NA,NA,NA,NA,NA,NA,NA,NA,NA,NA,NA,0.29952841997146606,0.7004715800285339,0.7004715800285339,0.29952841997146606,-0.03239277005195618,-0.039150580763816833,0.039150580763816833,0.7328643500804901,0.2671356499195099,0.2648857533931732,0.7351142466068268,0.19784931588462196,-0.19784931588462196,-0.30446887301883696,0.30446887301883696,NA,NA,NA,NA,NA,NA,NA,NA,NA,NA,NA,NA,0,0,0,0,0,0,0,0,1,0,0,0,0,0,0,0,0,0,0,0,0,0,0,0,0,0,0,0,0,0,0,0,0,1,0,0,0,0,0,0,0,0,0,0,0,0,0,0,0,0,0,00-0011022,D.McNabb,NA,NA,NA,NA,NA,NA,NA,NA,NA,NA,NA,NA,NA,NA,NA,NA,NA,NA,NA,NA,NA,NA,NA,NA,NA,NA,NA,NA,NA,NA,NA,NA,NA,NA,NA,NA,NA,NA,NA,NA,NA,NA,NA,NA,NA,NA,NA,NA,NA,NA,NA,NA,NA,NA,NA,NA,NA,NA,NA,NA,NA,NA,NA,NA,NA,NA,NA,0,NA,NA,NA,NA,NA,NA,NA,NA,NA,NA,NA,NA,NA,NA,NA,NA,NA,NA,NA,NA,NA,NA,NA,NA,NA,NA,NA,NA,NA,NA,NA,0,NA,NA,NA,NA,0,NA,NA,0,0,0,0,NA,NA,2005,NA,NA,52,0,Turnover,3567,"11/6/05, 20:37:32",2005-11-07T04:29:31Z,Commanders Field,"Clear Temp: 68° F, Humidity: 54%, Wind: South 15 mph",10012005-1106-1290-9e6c-abd41ad537a6,0,0,PASS,0,NA,NA,NA,21,Turnover,2005-11-07T04:24:00Z,8,1:16,3,1,0,4,4,0,PUNT,INTERCEPTION,02:41,01:25,PHI 15,WAS 7,3441,3639,10,17,Home,7,27,0,41,1,outdoors,grass,68,15,Joe Gibbs,Andy Reid,WAS00,FedExField,0,0,D.McNabb,5,NA,NA,R.Brown,86,1,0,0,0,1,00-0011022,NA,00-0023470,D.McNabb,5,00-0011022,NA,NA,R.Brown,00-0023470,0,1,-0.7473780567524955,NA,NA,NA,NA,NA,NA,NA
3586,2005_09_PHI_WAS,2005110612,WAS,PHI,REG,9,PHI,away,WAS,WAS,7,2005-11-06,97,97,97,Half2,0,21,0,4,3,0,01:37,WAS 7,4,78,(1:37) 5-D.McNabb pass incomplete to 41-S.Spach.,pass,0,0,0,1,0,0,0,NA,NA,NA,NA,NA,NA,NA,NA,NA,NA,2,2,0,NA,NA,NA,NA,2,2,17,10,10,17,-7,10,17,-7,0.16462548077106476,0.007336454465985298,3.547521773725748e-4,0.015138676390051842,0.39909738302230835,0.001961010042577982,0.4114862084388733,0,0,3.95292802574113,-1.3319966004346497,2.1737436761105937,-2.1737436761105937,6.40874962208909,-6.40874962208909,-7.5931111546401056,7.5931111546401056,NA,NA,NA,NA,NA,NA,NA,NA,NA,NA,NA,NA,0.2671356499195099,0.7328643500804901,0.7328643500804901,0.2671356499195099,-0.08768907189369202,-0.07578016817569733,0.07578016817569733,0.8205534219741821,0.17944657802581787,0.22573517262935638,0.7742648273706436,0.19784931588462196,-0.19784931588462196,-0.21677980112514494,0.21677980112514494,NA,NA,NA,NA,NA,NA,NA,NA,NA,NA,NA,NA,0,0,0,0,0,1,0,0,1,0,0,0,0,0,0,0,0,0,0,0,0,0,0,0,0,0,0,0,0,0,0,0,0,1,0,0,0,0,0,0,0,0,0,0,0,0,0,0,0,0,0,00-0011022,D.McNabb,NA,NA,NA,NA,NA,NA,NA,NA,NA,NA,NA,NA,NA,NA,NA,NA,NA,NA,NA,NA,NA,NA,NA,NA,NA,NA,NA,NA,NA,NA,NA,NA,NA,NA,NA,NA,NA,NA,NA,NA,NA,NA,NA,NA,NA,NA,NA,NA,NA,NA,NA,NA,NA,NA,NA,NA,NA,NA,NA,NA,NA,NA,NA,NA,NA,NA,NA,0,NA,NA,NA,NA,NA,NA,NA,NA,NA,NA,NA,NA,NA,NA,NA,NA,NA,NA,NA,NA,NA,NA,NA,NA,NA,NA,NA,NA,NA,NA,NA,0,NA,NA,NA,NA,0,NA,NA,0,0,0,0,NA,NA,2005,NA,NA,52,0,Turnover,3586,"11/6/05, 20:37:32",2005-11-07T04:30:19Z,Commanders Field,"Clear Temp: 68° F, Humidity: 54%, Wind: South 15 mph",10012005-1106-1290-9e6c-abd41ad537a6,0,0,PASS,0,NA,NA,NA,21,Turnover,2005-11-07T04:24:00Z,8,1:16,3,1,0,4,4,0,PUNT,INTERCEPTION,02:41,01:25,PHI 15,WAS 7,3441,3639,10,17,Home,7,27,0,41,1,outdoors,grass,68,15,Joe Gibbs,Andy Reid,WAS00,FedExField,0,0,D.McNabb,5,NA,NA,S.Spach,41,1,0,0,0,1,00-0011022,NA,00-0023108,D.McNabb,5,00-0011022,NA,NA,S.Spach,00-0023108,0,1,-1.3319966004346497,NA,NA,NA,NA,NA,NA,NA
3605,2005_09_PHI_WAS,2005110612,WAS,PHI,REG,9,NA,NA,NA,NA,NA,2005-11-06,92,92,92,Half2,0,21,0,4,NA,0,01:32,NA,0,78,Timeout #2 by PHI at 01:32.,no_play,0,0,0,0,0,0,0,NA,NA,NA,NA,NA,NA,NA,NA,NA,NA,2,1,1,PHI,NA,NA,NA,NA,NA,17,10,NA,NA,NA,NA,NA,NA,0,0,0,0,0,0,0,0,0,2.6209314253064804,-0,2.1737436761105937,-2.1737436761105937,6.40874962208909,-6.40874962208909,-7.5931111546401056,7.5931111546401056,NA,NA,NA,NA,NA,NA,NA,NA,NA,NA,NA,NA,0.17944657802581787,0.8205534219741821,0.8205534219741821,0.17944657802581787,-0,-0,0,NA,NA,0.14995500445365906,0.8500449955463409,0.19784931588462196,-0.19784931588462196,-0.21677980112514494,0.21677980112514494,NA,NA,NA,NA,NA,NA,NA,NA,NA,NA,NA,NA,0,0,0,0,0,0,0,0,0,0,0,0,0,0,0,0,0,0,0,0,0,0,0,0,0,0,0,0,0,0,0,0,0,0,0,0,0,0,0,0,0,0,0,0,0,0,0,0,0,0,0,NA,NA,NA,NA,NA,NA,NA,NA,NA,NA,NA,NA,NA,NA,NA,NA,NA,NA,NA,NA,NA,NA,NA,NA,NA,NA,NA,NA,NA,NA,NA,NA,NA,NA,NA,NA,NA,NA,NA,NA,NA,NA,NA,NA,NA,NA,NA,NA,NA,NA,NA,NA,NA,NA,NA,NA,NA,NA,NA,NA,NA,NA,NA,NA,NA,NA,NA,NA,NA,0,NA,NA,NA,NA,NA,NA,NA,NA,NA,NA,NA,NA,NA,NA,NA,NA,NA,NA,NA,NA,NA,NA,NA,NA,NA,NA,NA,NA,NA,NA,NA,0,NA,NA,NA,NA,0,NA,NA,0,0,0,0,NA,NA,2005,NA,NA,52,0,Turnover,3605,"11/6/05, 20:37:32",2005-11-07T04:30:45Z,Commanders Field,"Clear Temp: 68° F, Humidity: 54%, Wind: South 15 mph",10012005-1106-1290-9e6c-abd41ad537a6,0,0,TIMEOUT,0,NA,NA,NA,21,Turnover,2005-11-07T04:24:00Z,8,1:16,3,1,0,4,4,0,PUNT,INTERCEPTION,02:41,01:25,PHI 15,WAS 7,3441,3639,10,17,Home,7,27,0,41,1,outdoors,grass,68,15,Joe Gibbs,Andy Reid,WAS00,FedExField,0,0,NA,NA,NA,NA,NA,NA,0,0,0,0,0,NA,NA,NA,NA,NA,NA,NA,NA,NA,NA,0,1,-0,NA,NA,NA,NA,NA,NA,NA
3622,2005_09_PHI_WAS,2005110612,WAS,PHI,REG,9,NA,NA,NA,NA,NA,2005-11-06,92,92,92,Half2,0,21,0,4,NA,0,01:32,WAS 7,0,78,Timeout #2 by WAS at 01:32.,no_play,0,0,0,0,0,0,0,NA,NA,NA,NA,NA,NA,NA,NA,NA,NA,1,1,1,WAS,NA,NA,NA,NA,NA,17,10,NA,NA,NA,NA,NA,NA,0,0,0,0,0,0,0,0,0,2.6209314253064804,-0,2.1737436761105937,-2.1737436761105937,6.40874962208909,-6.40874962208909,-7.5931111546401056,7.5931111546401056,NA,NA,NA,NA,NA,NA,NA,NA,NA,NA,NA,NA,0.17944657802581787,0.8205534219741821,0.8205534219741821,0.17944657802581787,-0,-0,0,NA,NA,0.14995500445365906,0.8500449955463409,0.19784931588462196,-0.19784931588462196,-0.21677980112514494,0.21677980112514494,NA,NA,NA,NA,NA,NA,NA,NA,NA,NA,NA,NA,0,0,0,0,0,0,0,0,0,0,0,0,0,0,0,0,0,0,0,0,0,0,0,0,0,0,0,0,0,0,0,0,0,0,0,0,0,0,0,0,0,0,0,0,0,0,0,0,0,0,0,NA,NA,NA,NA,NA,NA,NA,NA,NA,NA,NA,NA,NA,NA,NA,NA,NA,NA,NA,NA,NA,NA,NA,NA,NA,NA,NA,NA,NA,NA,NA,NA,NA,NA,NA,NA,NA,NA,NA,NA,NA,NA,NA,NA,NA,NA,NA,NA,NA,NA,NA,NA,NA,NA,NA,NA,NA,NA,NA,NA,NA,NA,NA,NA,NA,NA,NA,NA,NA,0,NA,NA,NA,NA,NA,NA,NA,NA,NA,NA,NA,NA,NA,NA,NA,NA,NA,NA,NA,NA,NA,NA,NA,NA,NA,NA,NA,NA,NA,NA,NA,0,NA,NA,NA,NA,0,NA,NA,0,0,0,0,NA,NA,2005,NA,NA,52,0,Turnover,3622,"11/6/05, 20:37:32",2005-11-07T04:31:59Z,Commanders Field,"Clear Temp: 68° F, Humidity: 54%, Wind: South 15 mph",10012005-1106-1290-9e6c-abd41ad537a6,0,0,TIMEOUT,0,NA,NA,NA,21,Turnover,2005-11-07T04:24:00Z,8,1:16,3,1,0,4,4,0,PUNT,INTERCEPTION,02:41,01:25,PHI 15,WAS 7,3441,3639,10,17,Home,7,27,0,41,1,outdoors,grass,68,15,Joe Gibbs,Andy Reid,WAS00,FedExField,0,0,NA,NA,NA,NA,NA,NA,0,0,0,0,0,NA,NA,NA,NA,NA,NA,NA,NA,NA,NA,0,1,-0,NA,NA,NA,NA,NA,NA,NA
3639,2005_09_PHI_WAS,2005110612,WAS,PHI,REG,9,PHI,away,WAS,WAS,7,2005-11-06,92,92,92,Half2,0,21,0,4,4,0,01:32,WAS 7,4,78,(1:32) 5-D.McNabb pass intended for 83-G.Lewis INTERCEPTED by 25-R.Clark at WAS 3. 25-R.Clark to WAS 9 for 6 yards (83-G.Lewis).,pass,0,0,0,1,0,0,0,NA,NA,NA,NA,NA,NA,NA,NA,NA,NA,1,1,0,NA,NA,NA,NA,1,1,17,10,10,17,-7,10,17,-7,0.21627290546894073,0.006485381163656712,4.2819316149689257e-4,0.013092671521008015,0.6506916284561157,0.002077337820082903,0.11095187067985535,0,0,2.6209314253064804,-2.7951124408864416,4.968856116997035,-4.968856116997035,6.40874962208909,-6.40874962208909,-4.797998713753664,4.797998713753664,NA,NA,NA,NA,NA,NA,NA,NA,NA,NA,NA,NA,0.17944657802581787,0.8205534219741821,0.8205534219741821,0.17944657802581787,-0.1640881896018982,-0.13406679034233093,0.13406679034233093,0.9846416115760803,0.015358388423919678,0.14995500445365906,0.8500449955463409,0.19784931588462196,-0.19784931588462196,-0.05269161152324675,0.05269161152324675,NA,NA,NA,NA,NA,NA,NA,NA,NA,NA,NA,NA,0,0,0,0,0,0,0,1,0,0,1,0,0,0,0,0,0,0,0,0,0,0,0,0,1,0,0,0,0,0,0,0,0,1,0,0,0,0,0,0,0,0,0,0,0,0,0,0,0,0,0,00-0011022,D.McNabb,NA,NA,NA,NA,NA,NA,NA,NA,NA,NA,NA,NA,NA,NA,NA,00-0020840,R.Clark,NA,NA,NA,NA,NA,NA,NA,NA,NA,NA,NA,NA,NA,NA,NA,NA,NA,NA,NA,NA,NA,NA,NA,NA,NA,NA,NA,NA,NA,NA,NA,NA,PHI,NA,00-0021508,NA,G.Lewis,NA,NA,NA,NA,NA,NA,NA,NA,NA,NA,NA,NA,NA,0,NA,NA,NA,NA,NA,NA,00-0020840,R.Clark,NA,NA,NA,NA,NA,NA,NA,NA,NA,NA,NA,NA,NA,NA,NA,NA,NA,NA,NA,NA,NA,NA,WAS,6,NA,NA,NA,NA,0,NA,NA,0,0,0,0,NA,NA,2005,NA,NA,52,0,Turnover,3639,"11/6/05, 20:37:32",2005-11-07T04:33:07Z,Commanders Field,"Clear Temp: 68° F, Humidity: 54%, Wind: South 15 mph",10012005-1106-1290-9e6c-abd41ad537a6,0,0,INTERCEPTION,0,NA,NA,NA,21,Turnover,2005-11-07T04:24:00Z,8,1:16,3,1,0,4,4,0,PUNT,INTERCEPTION,02:41,01:25,PHI 15,WAS 7,3441,3639,10,17,Home,7,27,0,41,1,outdoors,grass,68,15,Joe Gibbs,Andy Reid,WAS00,FedExField,0,0,D.McNabb,5,NA,NA,G.Lewis,83,1,0,0,0,1,00-0011022,NA,00-0021508,D.McNabb,5,00-0011022,NA,NA,G.Lewis,00-0021508,0,1,-2.7951124408864416,NA,NA,NA,NA,NA,NA,NA
3663,2005_09_PHI_WAS,2005110612,WAS,PHI,REG,9,WAS,home,PHI,WAS,91,2005-11-06,85,85,85,Half2,0,22,0,4,1,0,01:25,WAS 9,10,0,(1:25) 26-C.Portis right tackle to WAS 12 for 3 yards (78-H.Thomas).,run,3,0,0,0,0,0,0,NA,NA,NA,NA,right,tackle,NA,NA,NA,NA,1,1,0,NA,NA,NA,NA,1,1,17,10,17,10,7,17,10,7,0.7201110124588013,0.06090250238776207,0.011672419495880604,0.04707532748579979,0.10195766389369965,8.159723947755992e-4,0.05746510252356529,0,0,0.17418101557996124,-0.17418101557996124,4.794675101417074,-4.794675101417074,6.234568606509129,-6.234568606509129,-4.797998713753664,4.797998713753664,NA,NA,NA,NA,NA,NA,NA,NA,NA,NA,NA,NA,0.9846416115760803,0.015358388423919678,0.9846416115760803,0.015358388423919678,-0.003548264503479004,0.0033743977546691895,0.0033743977546691895,0.9810933470726013,0.01890665292739868,0.9841117858886719,0.9841117858886719,0.19430105138114295,-0.19430105138114295,-0.05269161152324675,0.05269161152324675,NA,NA,NA,NA,NA,NA,NA,NA,NA,NA,NA,NA,0,0,0,0,0,0,0,0,0,0,0,0,0,0,0,0,0,0,0,0,0,0,0,0,1,0,0,0,0,0,0,0,1,0,0,0,0,0,0,0,0,0,0,0,0,0,0,0,0,0,0,NA,NA,NA,NA,NA,NA,00-0021179,C.Portis,3,NA,NA,NA,NA,NA,NA,NA,NA,NA,NA,NA,NA,NA,NA,NA,NA,NA,NA,NA,NA,NA,NA,NA,NA,NA,NA,NA,NA,NA,NA,NA,NA,NA,NA,NA,NA,NA,NA,NA,NA,NA,NA,PHI,NA,00-0016271,NA,H.Thomas,NA,NA,NA,NA,NA,NA,NA,NA,NA,NA,NA,NA,NA,0,NA,NA,NA,NA,NA,NA,NA,NA,NA,NA,NA,NA,NA,NA,NA,NA,NA,NA,NA,NA,NA,NA,NA,NA,NA,NA,NA,NA,NA,NA,NA,0,NA,NA,NA,NA,0,NA,NA,0,0,0,0,NA,NA,2005,NA,NA,53,0,QB kneel,3663,"11/6/05, 20:37:32",2005-11-07T04:34:11Z,Commanders Field,"Clear Temp: 68° F, Humidity: 54%, Wind: South 15 mph",10012005-1106-1290-9e6c-abd41ad537a6,0,0,RUSH,0,NA,NA,NA,22,End of half,2005-11-07T04:34:11Z,3,1:25,0,0,0,4,4,0,INTERCEPTION,END_GAME,01:25,00:00,WAS 9,WAS 10,3663,3743,10,17,Home,7,27,0,41,1,outdoors,grass,68,15,Joe Gibbs,Andy Reid,WAS00,FedExField,0,0,NA,NA,C.Portis,26,NA,NA,0,1,0,0,1,NA,00-0021179,NA,C.Portis,26,00-0021179,C.Portis,00-0021179,C.Portis,00-0021179,0,1,-0.17418101557996124,NA,NA,NA,NA,NA,NA,NA
3684,2005_09_PHI_WAS,2005110612,WAS,PHI,REG,9,NA,NA,NA,NA,NA,2005-11-06,78,78,78,Half2,0,22,0,4,NA,0,01:18,WAS 12,0,0,Timeout #3 by PHI at 01:18.,no_play,0,0,0,0,0,0,0,NA,NA,NA,NA,NA,NA,NA,NA,NA,NA,1,0,1,PHI,NA,NA,NA,NA,NA,17,10,NA,NA,NA,NA,NA,NA,0,0,0,0,0,0,0,0,0,0,0,4.794675101417074,-4.794675101417074,6.234568606509129,-6.234568606509129,-4.797998713753664,4.797998713753664,NA,NA,NA,NA,NA,NA,NA,NA,NA,NA,NA,NA,0.9810933470726013,0.01890665292739868,0.9810933470726013,0.01890665292739868,0,0,0,NA,NA,0.9874861836433411,0.9874861836433411,0.19430105138114295,-0.19430105138114295,-0.05269161152324675,0.05269161152324675,NA,NA,NA,NA,NA,NA,NA,NA,NA,NA,NA,NA,0,0,0,0,0,0,0,0,0,0,0,0,0,0,0,0,0,0,0,0,0,0,0,0,0,0,0,0,0,0,0,0,0,0,0,0,0,0,0,0,0,0,0,0,0,0,0,0,0,0,0,NA,NA,NA,NA,NA,NA,NA,NA,NA,NA,NA,NA,NA,NA,NA,NA,NA,NA,NA,NA,NA,NA,NA,NA,NA,NA,NA,NA,NA,NA,NA,NA,NA,NA,NA,NA,NA,NA,NA,NA,NA,NA,NA,NA,NA,NA,NA,NA,NA,NA,NA,NA,NA,NA,NA,NA,NA,NA,NA,NA,NA,NA,NA,NA,NA,NA,NA,NA,NA,0,NA,NA,NA,NA,NA,NA,NA,NA,NA,NA,NA,NA,NA,NA,NA,NA,NA,NA,NA,NA,NA,NA,NA,NA,NA,NA,NA,NA,NA,NA,NA,0,NA,NA,NA,NA,0,NA,NA,0,0,0,0,NA,NA,2005,NA,NA,53,0,QB kneel,3684,"11/6/05, 20:37:32",2005-11-07T04:34:31Z,Commanders Field,"Clear Temp: 68° F, Humidity: 54%, Wind: South 15 mph",10012005-1106-1290-9e6c-abd41ad537a6,0,0,TIMEOUT,0,NA,NA,NA,22,End of half,2005-11-07T04:34:11Z,3,1:25,0,0,0,4,4,0,INTERCEPTION,END_GAME,01:25,00:00,WAS 9,WAS 10,3663,3743,10,17,Home,7,27,0,41,1,outdoors,grass,68,15,Joe Gibbs,Andy Reid,WAS00,FedExField,0,0,NA,NA,NA,NA,NA,NA,0,0,0,0,0,NA,NA,NA,NA,NA,NA,NA,NA,NA,NA,0,1,0,NA,NA,NA,NA,NA,NA,NA
3701,2005_09_PHI_WAS,2005110612,WAS,PHI,REG,9,WAS,home,PHI,WAS,88,2005-11-06,78,78,78,Half2,0,22,0,4,2,0,01:18,WAS 12,7,0,(1:18) 8-M.Brunell kneels to WAS 10 for -2 yards.,qb_kneel,-2,0,0,0,1,0,0,NA,NA,NA,NA,NA,NA,NA,NA,NA,NA,1,0,0,NA,NA,NA,NA,1,0,17,10,17,10,7,17,10,7,1,0,0,0,0,0,0,0,0,0,0,4.794675101417074,-4.794675101417074,6.234568606509129,-6.234568606509129,-4.797998713753664,4.797998713753664,NA,NA,NA,NA,NA,NA,NA,NA,NA,NA,NA,NA,0.9810933470726013,0.01890665292739868,0.9810933470726013,0.01890665292739868,NA,NA,6.72459602355957e-4,NA,NA,0.9874861836433411,0.9874861836433411,0.19430105138114295,-0.19430105138114295,-0.05269161152324675,0.05269161152324675,NA,NA,NA,NA,NA,NA,NA,NA,NA,NA,NA,NA,0,0,0,0,0,0,0,0,0,0,0,0,0,0,0,0,0,0,0,0,0,0,0,0,0,0,0,0,0,0,0,0,1,0,0,0,0,0,0,0,0,0,0,0,0,0,0,0,0,0,0,NA,NA,NA,NA,NA,NA,00-0002110,M.Brunell,-2,NA,NA,NA,NA,NA,NA,NA,NA,NA,NA,NA,NA,NA,NA,NA,NA,NA,NA,NA,NA,NA,NA,NA,NA,NA,NA,NA,NA,NA,NA,NA,NA,NA,NA,NA,NA,NA,NA,NA,NA,NA,NA,NA,NA,NA,NA,NA,NA,NA,NA,NA,NA,NA,NA,NA,NA,NA,NA,NA,NA,0,NA,NA,NA,NA,NA,NA,NA,NA,NA,NA,NA,NA,NA,NA,NA,NA,NA,NA,NA,NA,NA,NA,NA,NA,NA,NA,NA,NA,NA,NA,NA,0,NA,NA,NA,NA,0,NA,NA,0,0,0,0,NA,NA,2005,NA,NA,53,0,QB kneel,3701,"11/6/05, 20:37:32",2005-11-07T04:35:35Z,Commanders Field,"Clear Temp: 68° F, Humidity: 54%, Wind: South 15 mph",10012005-1106-1290-9e6c-abd41ad537a6,0,0,RUSH,0,NA,NA,NA,22,End of half,2005-11-07T04:34:11Z,3,1:25,0,0,0,4,4,0,INTERCEPTION,END_GAME,01:25,00:00,WAS 9,WAS 10,3663,3743,10,17,Home,7,27,0,41,1,outdoors,grass,68,15,Joe Gibbs,Andy Reid,WAS00,FedExField,0,0,NA,NA,M.Brunell,NA,NA,NA,0,0,0,0,0,NA,00-0002110,NA,M.Brunell,NA,00-0002110,M.Brunell,00-0002110,M.Brunell,00-0002110,0,1,0,NA,NA,NA,NA,NA,NA,NA
3722,2005_09_PHI_WAS,2005110612,WAS,PHI,REG,9,WAS,home,PHI,WAS,90,2005-11-06,37,37,37,Half2,0,22,0,4,3,0,00:37,WAS 10,9,0,(:37) 8-M.Brunell kneels to WAS 9 for -1 yards.,qb_kneel,-1,0,0,0,1,0,0,NA,NA,NA,NA,NA,NA,NA,NA,NA,NA,1,0,0,NA,NA,NA,NA,1,0,17,10,17,10,7,17,10,7,1,0,0,0,0,0,0,0,0,0,0,4.794675101417074,-4.794675101417074,6.234568606509129,-6.234568606509129,-4.797998713753664,4.797998713753664,NA,NA,NA,NA,NA,NA,NA,NA,NA,NA,NA,NA,0.9800293445587158,0.01997065544128418,0.9800293445587158,0.01997065544128418,NA,NA,0.011841356754302979,NA,NA,0.988158643245697,0.988158643245697,0.19430105138114295,-0.19430105138114295,-0.05269161152324675,0.05269161152324675,NA,NA,NA,NA,NA,NA,NA,NA,NA,NA,NA,NA,0,0,0,0,0,1,0,0,0,0,0,0,0,0,0,0,0,0,0,0,0,0,0,0,0,0,0,0,0,0,0,0,1,0,0,0,0,0,0,0,0,0,0,0,0,0,0,0,0,0,0,NA,NA,NA,NA,NA,NA,00-0002110,M.Brunell,-1,NA,NA,NA,NA,NA,NA,NA,NA,NA,NA,NA,NA,NA,NA,NA,NA,NA,NA,NA,NA,NA,NA,NA,NA,NA,NA,NA,NA,NA,NA,NA,NA,NA,NA,NA,NA,NA,NA,NA,NA,NA,NA,NA,NA,NA,NA,NA,NA,NA,NA,NA,NA,NA,NA,NA,NA,NA,NA,NA,NA,0,NA,NA,NA,NA,NA,NA,NA,NA,NA,NA,NA,NA,NA,NA,NA,NA,NA,NA,NA,NA,NA,NA,NA,NA,NA,NA,NA,NA,NA,NA,NA,0,NA,NA,NA,NA,0,NA,NA,0,0,0,0,NA,NA,2005,NA,NA,53,0,QB kneel,3722,"11/6/05, 20:37:32",2005-11-07T04:36:16Z,Commanders Field,"Clear Temp: 68° F, Humidity: 54%, Wind: South 15 mph",10012005-1106-1290-9e6c-abd41ad537a6,0,0,RUSH,0,NA,NA,NA,22,End of half,2005-11-07T04:34:11Z,3,1:25,0,0,0,4,4,0,INTERCEPTION,END_GAME,01:25,00:00,WAS 9,WAS 10,3663,3743,10,17,Home,7,27,0,41,1,outdoors,grass,68,15,Joe Gibbs,Andy Reid,WAS00,FedExField,0,0,NA,NA,M.Brunell,NA,NA,NA,0,0,0,0,0,NA,00-0002110,NA,M.Brunell,NA,00-0002110,M.Brunell,00-0002110,M.Brunell,00-0002110,0,1,0,NA,NA,NA,NA,NA,NA,NA
3743,2005_09_PHI_WAS,2005110612,WAS,PHI,REG,9,WAS,home,PHI,NA,NA,2005-11-06,0,0,0,Half2,0,22,0,4,NA,0,00:00,NA,0,0,END GAME,NA,NA,0,0,NA,0,0,0,NA,NA,NA,NA,NA,NA,NA,NA,NA,NA,1,0,NA,NA,NA,NA,NA,1,0,17,10,17,10,7,17,10,7,0,0,0,0,0,0,0,0,0,NA,NA,4.794675101417074,-4.794675101417074,6.234568606509129,-6.234568606509129,-4.797998713753664,4.797998713753664,NA,NA,NA,NA,NA,NA,NA,NA,NA,NA,NA,NA,NA,NA,1,0,NA,NA,NA,NA,NA,NA,1,0.19430105138114295,-0.19430105138114295,-0.05269161152324675,0.05269161152324675,NA,NA,NA,NA,NA,NA,NA,NA,NA,NA,NA,NA,NA,NA,NA,NA,NA,NA,NA,NA,NA,0,NA,NA,NA,NA,NA,NA,NA,NA,NA,NA,NA,NA,NA,NA,NA,NA,NA,NA,NA,NA,NA,NA,NA,NA,NA,NA,NA,NA,NA,NA,NA,NA,NA,NA,NA,NA,NA,NA,NA,NA,NA,NA,NA,NA,NA,NA,NA,NA,NA,NA,NA,NA,NA,NA,NA,NA,NA,NA,NA,NA,NA,NA,NA,NA,NA,NA,NA,NA,NA,NA,NA,NA,NA,NA,NA,NA,NA,NA,NA,NA,NA,NA,NA,NA,NA,NA,NA,NA,NA,NA,NA,NA,NA,NA,NA,NA,NA,NA,NA,NA,NA,NA,NA,NA,NA,NA,NA,NA,NA,NA,NA,NA,NA,NA,NA,NA,NA,NA,NA,NA,NA,NA,NA,NA,NA,NA,NA,NA,NA,NA,NA,NA,NA,NA,NA,NA,NA,NA,NA,NA,NA,NA,NA,NA,NA,NA,NA,0,NA,NA,NA,NA,NA,NA,NA,NA,2005,NA,NA,53,0,QB kneel,3743,"11/6/05, 20:37:32",NA,Commanders Field,"Clear Temp: 68° F, Humidity: 54%, Wind: South 15 mph",10012005-1106-1290-9e6c-abd41ad537a6,0,0,END_GAME,0,NA,NA,NA,22,End of half,2005-11-07T04:34:11Z,3,1:25,0,0,0,4,4,0,INTERCEPTION,END_GAME,01:25,00:00,WAS 9,WAS 10,3663,3743,10,17,Home,7,27,0,41,1,outdoors,grass,68,15,Joe Gibbs,Andy Reid,WAS00,FedExField,0,NA,NA,NA,NA,NA,NA,NA,0,0,NA,0,0,NA,NA,NA,NA,NA,NA,NA,NA,NA,NA,0,1,NA,NA,NA,NA,NA,NA,NA,NA
