play_id,game_id,old_game_id,home_team,away_team,season_type,week,posteam,posteam_type,defteam,side_of_field,yardline_100,game_date,quarter_seconds_remaining,half_seconds_remaining,game_seconds_remaining,game_half,quarter_end,drive,sp,qtr,down,goal_to_go,time,yrdln,ydstogo,ydsnet,desc,play_type,yards_gained,shotgun,no_huddle,qb_dropback,qb_kneel,qb_spike,qb_scramble,pass_length,pass_location,air_yards,yards_after_catch,run_location,run_gap,field_goal_result,kick_distance,extra_point_result,two_point_conv_result,home_timeouts_remaining,away_timeouts_remaining,timeout,timeout_team,td_team,td_player_name,td_player_id,posteam_timeouts_remaining,defteam_timeouts_remaining,total_home_score,total_away_score,posteam_score,defteam_score,score_differential,posteam_score_post,defteam_score_post,score_differential_post,no_score_prob,opp_fg_prob,opp_safety_prob,opp_td_prob,fg_prob,safety_prob,td_prob,extra_point_prob,two_point_conversion_prob,ep,epa,total_home_epa,total_away_epa,total_home_rush_epa,total_away_rush_epa,total_home_pass_epa,total_away_pass_epa,air_epa,yac_epa,comp_air_epa,comp_yac_epa,total_home_comp_air_epa,total_away_comp_air_epa,total_home_comp_yac_epa,total_away_comp_yac_epa,total_home_raw_air_epa,total_away_raw_air_epa,total_home_raw_yac_epa,total_away_raw_yac_epa,wp,def_wp,home_wp,away_wp,wpa,vegas_wpa,vegas_home_wpa,home_wp_post,away_wp_post,vegas_wp,vegas_home_wp,total_home_rush_wpa,total_away_rush_wpa,total_home_pass_wpa,total_away_pass_wpa,air_wpa,yac_wpa,comp_air_wpa,comp_yac_wpa,total_home_comp_air_wpa,total_away_comp_air_wpa,total_home_comp_yac_wpa,total_away_comp_yac_wpa,total_home_raw_air_wpa,total_away_raw_air_wpa,total_home_raw_yac_wpa,total_away_raw_yac_wpa,punt_blocked,first_down_rush,first_down_pass,first_down_penalty,third_down_converted,third_down_failed,fourth_down_converted,fourth_down_failed,incomplete_pass,touchback,interception,punt_inside_twenty,punt_in_endzone,punt_out_of_bounds,punt_downed,punt_fair_catch,kickoff_inside_twenty,kickoff_in_endzone,kickoff_out_of_bounds,kickoff_downed,kickoff_fair_catch,fumble_forced,fumble_not_forced,fumble_out_of_bounds,solo_tackle,safety,penalty,tackled_for_loss,fumble_lost,own_kickoff_recovery,own_kickoff_recovery_td,qb_hit,rush_attempt,pass_attempt,sack,touchdown,pass_touchdown,rush_touchdown,return_touchdown,extra_point_attempt,two_point_attempt,field_goal_attempt,kickoff_attempt,punt_attempt,fumble,complete_pass,assist_tackle,lateral_reception,lateral_rush,lateral_return,lateral_recovery,passer_player_id,passer_player_name,passing_yards,receiver_player_id,receiver_player_name,receiving_yards,rusher_player_id,rusher_player_name,rushing_yards,lateral_receiver_player_id,lateral_receiver_player_name,lateral_receiving_yards,lateral_rusher_player_id,lateral_rusher_player_name,lateral_rushing_yards,lateral_sack_player_id,lateral_sack_player_name,interception_player_id,interception_player_name,lateral_interception_player_id,lateral_interception_player_name,punt_returner_player_id,punt_returner_player_name,lateral_punt_returner_player_id,lateral_punt_returner_player_name,kickoff_returner_player_name,kickoff_returner_player_id,lateral_kickoff_returner_player_id,lateral_kickoff_returner_player_name,punter_player_id,punter_player_name,kicker_player_name,kicker_player_id,own_kickoff_recovery_player_id,own_kickoff_recovery_player_name,blocked_player_id,blocked_player_name,tackle_for_loss_1_player_id,tackle_for_loss_1_player_name,tackle_for_loss_2_player_id,tackle_for_loss_2_player_name,qb_hit_1_player_id,qb_hit_1_player_name,qb_hit_2_player_id,qb_hit_2_player_name,forced_fumble_player_1_team,forced_fumble_player_1_player_id,forced_fumble_player_1_player_name,forced_fumble_player_2_team,forced_fumble_player_2_player_id,forced_fumble_player_2_player_name,solo_tackle_1_team,solo_tackle_2_team,solo_tackle_1_player_id,solo_tackle_2_player_id,solo_tackle_1_player_name,solo_tackle_2_player_name,assist_tackle_1_player_id,assist_tackle_1_player_name,assist_tackle_1_team,assist_tackle_2_player_id,assist_tackle_2_player_name,assist_tackle_2_team,assist_tackle_3_player_id,assist_tackle_3_player_name,assist_tackle_3_team,assist_tackle_4_player_id,assist_tackle_4_player_name,assist_tackle_4_team,tackle_with_assist,tackle_with_assist_1_player_id,tackle_with_assist_1_player_name,tackle_with_assist_1_team,tackle_with_assist_2_player_id,tackle_with_assist_2_player_name,tackle_with_assist_2_team,pass_defense_1_player_id,pass_defense_1_player_name,pass_defense_2_player_id,pass_defense_2_player_name,fumbled_1_team,fumbled_1_player_id,fumbled_1_player_name,fumbled_2_player_id,fumbled_2_player_name,fumbled_2_team,fumble_recovery_1_team,fumble_recovery_1_yards,fumble_recovery_1_player_id,fumble_recovery_1_player_name,fumble_recovery_2_team,fumble_recovery_2_yards,fumble_recovery_2_player_id,fumble_recovery_2_player_name,sack_player_id,sack_player_name,half_sack_1_player_id,half_sack_1_player_name,half_sack_2_player_id,half_sack_2_player_name,return_team,return_yards,penalty_team,penalty_player_id,penalty_player_name,penalty_yards,replay_or_challenge,replay_or_challenge_result,penalty_type,defensive_two_point_attempt,defensive_two_point_conv,defensive_extra_point_attempt,defensive_extra_point_conv,safety_player_name,safety_player_id,season,cp,cpoe,series,series_success,series_result,order_sequence,start_time,time_of_day,stadium,weather,nfl_api_id,play_clock,play_deleted,play_type_nfl,special_teams_play,st_play_type,end_clock_time,end_yard_line,fixed_drive,fixed_drive_result,drive_real_start_time,drive_play_count,drive_time_of_possession,drive_first_downs,drive_inside20,drive_ended_with_score,drive_quarter_start,drive_quarter_end,drive_yards_penalized,drive_start_transition,drive_end_transition,drive_game_clock_start,drive_game_clock_end,drive_start_yard_line,drive_end_yard_line,drive_play_id_started,drive_play_id_ended,away_score,home_score,location,result,total,spread_line,total_line,div_game,roof,surface,temp,wind,home_coach,away_coach,stadium_id,game_stadium,aborted_play,success,passer,passer_jersey_number,rusher,rusher_jersey_number,receiver,receiver_jersey_number,pass,rush,first_down,special,play,passer_id,rusher_id,receiver_id,name,jersey_number,id,fantasy_player_name,fantasy_player_id,fantasy,fantasy_id,out_of_bounds,home_opening_kickoff,qb_epa,xyac_epa,xyac_mean_yardage,xyac_median_yardage,xyac_success,xyac_fd,xpass,pass_oe,season_orig,actual_decision,go_boost,first_down_prob,wp_fail,wp_succeed,go_wp,fg_make_prob,miss_fg_wp,make_fg_wp,fg_wp,punt_wp,model_recommendation
1,2016_07_MIN_PHI,2016102307,PHI,MIN,REG,7,NA,NA,NA,NA,NA,2016-10-23,900,1800,3600,Half1,0,NA,0,1,NA,0,15:00,MIN 35,0,NA,GAME,NA,NA,0,0,NA,0,0,0,NA,NA,NA,NA,NA,NA,NA,NA,NA,NA,3,3,NA,NA,NA,NA,NA,NA,NA,0,0,NA,NA,NA,NA,NA,NA,0,0,0,0,0,0,0,0,0,1.4573911405168474,0,0,0,0,0,0,0,NA,NA,NA,NA,0,0,0,0,0,0,0,0,0.5462617874145508,0.4537382125854492,0.5462617874145508,0.4537382125854492,0,0,0,NA,NA,0.42190754413604736,0.42190754413604736,0,0,0,0,NA,NA,NA,NA,0,0,0,0,0,0,0,0,NA,NA,NA,NA,NA,NA,NA,NA,NA,0,NA,NA,NA,NA,NA,NA,NA,NA,NA,NA,NA,NA,NA,NA,NA,NA,NA,NA,NA,NA,NA,NA,NA,NA,NA,NA,NA,NA,NA,NA,NA,NA,NA,NA,NA,NA,NA,NA,NA,NA,NA,NA,NA,NA,NA,NA,NA,NA,NA,NA,NA,NA,NA,NA,NA,NA,NA,NA,NA,NA,NA,NA,NA,NA,NA,NA,NA,NA,NA,NA,NA,NA,NA,NA,NA,NA,NA,NA,NA,NA,NA,NA,NA,NA,NA,NA,NA,NA,NA,NA,NA,NA,NA,NA,NA,NA,NA,NA,NA,NA,NA,NA,NA,NA,NA,NA,NA,NA,NA,NA,NA,NA,NA,NA,NA,NA,NA,NA,NA,NA,NA,NA,NA,NA,NA,NA,NA,NA,NA,NA,NA,NA,NA,NA,NA,NA,NA,NA,NA,NA,NA,NA,NA,NA,NA,NA,NA,0,NA,NA,NA,NA,NA,NA,NA,NA,2016,NA,NA,1,0,Punt,1,"10/23/16, 13:02:59",NA,Lincoln Financial Field,"Clear Temp: 62° F, Humidity: 46%, Wind: W 20 mph",10012016-1023-0732-662e-25ff3a421c9a,0,0,GAME_START,0,NA,NA,NA,1,Punt,NA,NA,NA,NA,NA,NA,NA,NA,NA,NA,NA,NA,NA,NA,NA,NA,NA,10,21,Home,11,31,-2.5,39,0,outdoors,grass,62,20,Doug Pederson,Mike Zimmer,PHI00,Lincoln Financial Field,0,0,NA,NA,NA,NA,NA,NA,0,0,NA,0,0,NA,NA,NA,NA,NA,NA,NA,NA,NA,NA,0,1,0,NA,NA,NA,NA,NA,NA,NA,2016,Other,NA,NA,NA,NA,NA,NA,NA,NA,NA,NA,Punt
36,2016_07_MIN_PHI,2016102307,PHI,MIN,REG,7,PHI,home,MIN,MIN,35,2016-10-23,900,1800,3600,Half1,0,1,0,1,NA,0,15:00,MIN 35,0,5,"3-B.Walsh kicks 65 yards from MIN 35 to end zone, Touchback.",kickoff,0,0,0,0,0,0,0,NA,NA,NA,NA,NA,NA,NA,65,NA,NA,3,3,0,NA,NA,NA,NA,3,3,0,0,0,0,0,0,0,0,0.0041793459095060825,0.1476028561592102,0.0028813390526920557,0.21343746781349182,0.2503904402256012,0.0043413834646344185,0.3771672248840332,0,0,1.4573911405168474,0,0,0,0,0,0,0,NA,NA,0,0,0,0,0,0,0,0,0,0,0.5462617874145508,0.4537382125854492,0.5462617874145508,0.4537382125854492,0,0,0,0.5462617874145508,0.4537382125854492,0.42190754413604736,0.42190754413604736,0,0,0,0,NA,NA,0,0,0,0,0,0,0,0,0,0,0,0,0,0,0,0,0,0,0,1,0,0,0,0,0,0,0,0,0,0,0,0,0,0,0,0,0,0,0,0,0,0,0,0,0,0,0,0,0,0,0,0,1,0,0,0,0,0,0,0,0,NA,NA,NA,NA,NA,NA,NA,NA,NA,NA,NA,NA,NA,NA,NA,NA,NA,NA,NA,NA,NA,NA,NA,NA,NA,NA,NA,NA,NA,NA,NA,B.Walsh,00-0029576,NA,NA,NA,NA,NA,NA,NA,NA,NA,NA,NA,NA,NA,NA,NA,NA,NA,NA,NA,NA,NA,NA,NA,NA,NA,NA,NA,NA,NA,NA,NA,NA,NA,NA,NA,NA,0,NA,NA,NA,NA,NA,NA,NA,NA,NA,NA,NA,NA,NA,NA,NA,NA,NA,NA,NA,NA,NA,NA,NA,NA,NA,NA,NA,NA,NA,NA,PHI,0,NA,NA,NA,NA,0,NA,NA,0,0,0,0,NA,NA,2016,NA,NA,1,0,Punt,36,"10/23/16, 13:02:59",2016-10-23T17:02:59Z,Lincoln Financial Field,"Clear Temp: 62° F, Humidity: 46%, Wind: W 20 mph",10012016-1023-0732-662e-25ff3a421c9a,0,0,KICK_OFF,1,NA,NA,NA,1,Punt,2016-10-23T17:02:59Z,3,1:56,0,0,0,1,1,-5,KICKOFF,PUNT,15:00,13:04,PHI 25,PHI 30,36,141,10,21,Home,11,31,-2.5,39,0,outdoors,grass,62,20,Doug Pederson,Mike Zimmer,PHI00,Lincoln Financial Field,0,0,NA,NA,NA,NA,NA,NA,0,0,0,1,0,NA,NA,NA,NA,NA,NA,NA,NA,NA,NA,0,1,0,NA,NA,NA,NA,NA,NA,NA,2016,Other,NA,NA,NA,NA,NA,NA,NA,NA,NA,NA,Punt
51,2016_07_MIN_PHI,2016102307,PHI,MIN,REG,7,PHI,home,MIN,PHI,75,2016-10-23,900,1800,3600,Half1,0,1,0,1,1,0,15:00,PHI 25,10,5,(15:00) (Shotgun) 11-C.Wentz pass short right to 17-N.Agholor to PHI 29 for 4 yards (23-T.Newman).,pass,4,1,0,1,0,0,0,short,right,4,0,NA,NA,NA,NA,NA,NA,3,3,0,NA,NA,NA,NA,3,3,0,0,0,0,0,0,0,0,0.0041793459095060825,0.1476028561592102,0.0028813390526920557,0.21343746781349182,0.2503904402256012,0.0043413834646344185,0.3771672248840332,0,0,1.4573911405168474,-0.029406006913632154,-0.029406006913632154,0.029406006913632154,0,0,-0.029406006913632154,0.029406006913632154,-0.029406006913632154,0,-0.029406006913632154,0,-0.029406006913632154,0.029406006913632154,0,0,-0.029406006913632154,0.029406006913632154,0,0,0.5462617874145508,0.4537382125854492,0.5462617874145508,0.4537382125854492,-0.006114363670349121,-0.005169987678527832,-0.005169987678527832,0.5401474237442017,0.45985257625579834,0.42190754413604736,0.42190754413604736,0,0,-0.006114363670349121,0.006114363670349121,-0.006114363670349121,0,-0.006114363670349121,0,-0.006114363670349121,0.006114363670349121,0,0,-0.006114363670349121,0.006114363670349121,0,0,0,0,0,0,0,0,0,0,0,0,0,0,0,0,0,0,0,0,0,0,0,0,0,0,1,0,0,0,0,0,0,0,0,1,0,0,0,0,0,0,0,0,0,0,0,1,0,0,0,0,0,00-0032950,C.Wentz,4,00-0031549,N.Agholor,4,NA,NA,NA,NA,NA,NA,NA,NA,NA,NA,NA,NA,NA,NA,NA,NA,NA,NA,NA,NA,NA,NA,NA,NA,NA,NA,NA,NA,NA,NA,NA,NA,NA,NA,NA,NA,NA,NA,NA,NA,NA,NA,NA,NA,NA,MIN,NA,00-0022045,NA,T.Newman,NA,NA,NA,NA,NA,NA,NA,NA,NA,NA,NA,NA,NA,0,NA,NA,NA,NA,NA,NA,NA,NA,NA,NA,NA,NA,NA,NA,NA,NA,NA,NA,NA,NA,NA,NA,NA,NA,NA,NA,NA,NA,NA,NA,NA,0,NA,NA,NA,NA,0,NA,NA,0,0,0,0,NA,NA,2016,0.7614073753356934,23.859262466430664,1,0,Punt,51,"10/23/16, 13:02:59",2016-10-23T17:03:46Z,Lincoln Financial Field,"Clear Temp: 62° F, Humidity: 46%, Wind: W 20 mph",10012016-1023-0732-662e-25ff3a421c9a,0,0,PASS,0,NA,NA,NA,1,Punt,2016-10-23T17:02:59Z,3,1:56,0,0,0,1,1,-5,KICKOFF,PUNT,15:00,13:04,PHI 25,PHI 30,36,141,10,21,Home,11,31,-2.5,39,0,outdoors,grass,62,20,Doug Pederson,Mike Zimmer,PHI00,Lincoln Financial Field,0,0,C.Wentz,11,NA,NA,N.Agholor,17,1,0,0,0,1,00-0032950,NA,00-0031549,C.Wentz,11,00-0032950,N.Agholor,00-0031549,N.Agholor,00-0031549,0,1,-0.029406006913632154,0.40791555349753444,4.243397462072608,2,0.7776416218257509,0.2392718917108141,0.4661146104335785,53.38853895664215,2016,Go for it,NA,NA,NA,NA,NA,NA,NA,NA,NA,NA,Punt
75,2016_07_MIN_PHI,2016102307,PHI,MIN,REG,7,PHI,home,MIN,PHI,71,2016-10-23,866,1766,3566,Half1,0,1,0,1,2,0,14:26,PHI 29,6,5,"(14:26) PENALTY on PHI-72-H.Vaitai, False Start, 5 yards, enforced at PHI 29 - No Play.",no_play,0,0,0,0,0,0,0,NA,NA,NA,NA,NA,NA,NA,NA,NA,NA,3,3,0,NA,NA,NA,NA,3,3,0,0,0,0,0,0,0,0,0.004225713200867176,0.1524437814950943,0.00258086109533906,0.21524210274219513,0.24012769758701324,0.004173788707703352,0.38120603561401367,0,0,1.4279851336032152,-0.9726750971749425,-1.0020811040885746,1.0020811040885746,0,0,-0.029406006913632154,0.029406006913632154,NA,NA,0,0,-0.029406006913632154,0.029406006913632154,0,0,-0.029406006913632154,0.029406006913632154,0,0,0.5401474237442017,0.45985257625579834,0.5401474237442017,0.45985257625579834,-0.02026045322418213,-0.007605820894241333,-0.007605820894241333,0.5198869705200195,0.48011302947998047,0.41673755645751953,0.41673755645751953,0,0,-0.006114363670349121,0.006114363670349121,NA,NA,0,0,-0.006114363670349121,0.006114363670349121,0,0,-0.006114363670349121,0.006114363670349121,0,0,0,0,0,0,0,0,0,0,0,0,0,0,0,0,0,0,0,0,0,0,0,0,0,0,0,0,1,0,0,0,0,0,0,0,0,0,0,0,0,0,0,0,0,0,0,0,0,0,0,0,0,NA,NA,NA,NA,NA,NA,NA,NA,NA,NA,NA,NA,NA,NA,NA,NA,NA,NA,NA,NA,NA,NA,NA,NA,NA,NA,NA,NA,NA,NA,NA,NA,NA,NA,NA,NA,NA,NA,NA,NA,NA,NA,NA,NA,NA,NA,NA,NA,NA,NA,NA,NA,NA,NA,NA,NA,NA,NA,NA,NA,NA,NA,NA,NA,NA,NA,NA,NA,NA,0,NA,NA,NA,NA,NA,NA,NA,NA,NA,NA,NA,NA,NA,NA,NA,NA,NA,NA,NA,NA,NA,NA,NA,NA,NA,NA,NA,NA,NA,NA,NA,0,PHI,00-0032785,H.Vaitai,5,0,NA,False Start,0,0,0,0,NA,NA,2016,NA,NA,1,0,Punt,75,"10/23/16, 13:02:59",2016-10-23T17:04:20Z,Lincoln Financial Field,"Clear Temp: 62° F, Humidity: 46%, Wind: W 20 mph",10012016-1023-0732-662e-25ff3a421c9a,0,0,PENALTY,0,NA,NA,NA,1,Punt,2016-10-23T17:02:59Z,3,1:56,0,0,0,1,1,-5,KICKOFF,PUNT,15:00,13:04,PHI 25,PHI 30,36,141,10,21,Home,11,31,-2.5,39,0,outdoors,grass,62,20,Doug Pederson,Mike Zimmer,PHI00,Lincoln Financial Field,0,0,NA,NA,NA,NA,NA,NA,0,0,0,0,1,NA,NA,NA,NA,NA,NA,NA,NA,NA,NA,0,1,-0.9726750971749425,NA,NA,NA,NA,NA,0.5196676254272461,NA,2016,Other,NA,NA,NA,NA,NA,NA,NA,NA,NA,NA,Punt
98,2016_07_MIN_PHI,2016102307,PHI,MIN,REG,7,PHI,home,MIN,PHI,76,2016-10-23,845,1745,3545,Half1,0,1,0,1,2,0,14:05,PHI 24,11,5,(14:05) 24-R.Mathews left end to PHI 30 for 6 yards (54-E.Kendricks).,run,6,0,0,0,0,0,0,NA,NA,NA,NA,left,end,NA,NA,NA,NA,3,3,0,NA,NA,NA,NA,3,3,0,0,0,0,0,0,0,0,0.0046263025142252445,0.18817129731178284,0.003964519593864679,0.26488566398620605,0.2161233127117157,0.004403875209391117,0.31782498955726624,0,0,0.4553100364282727,0.29968865728005767,-0.702392446808517,0.702392446808517,0.29968865728005767,-0.29968865728005767,-0.029406006913632154,0.029406006913632154,NA,NA,0,0,-0.029406006913632154,0.029406006913632154,0,0,-0.029406006913632154,0.029406006913632154,0,0,0.5198869705200195,0.48011302947998047,0.5198869705200195,0.48011302947998047,-0.0013234615325927734,-0.014343231916427612,-0.014343231916427612,0.5185635089874268,0.48143649101257324,0.4091317355632782,0.4091317355632782,-0.0013234615325927734,0.0013234615325927734,-0.006114363670349121,0.006114363670349121,NA,NA,0,0,-0.006114363670349121,0.006114363670349121,0,0,-0.006114363670349121,0.006114363670349121,0,0,0,0,0,0,0,0,0,0,0,0,0,0,0,0,0,0,0,0,0,0,0,0,0,0,1,0,0,0,0,0,0,0,1,0,0,0,0,0,0,0,0,0,0,0,0,0,0,0,0,0,0,NA,NA,NA,NA,NA,NA,00-0027864,R.Mathews,6,NA,NA,NA,NA,NA,NA,NA,NA,NA,NA,NA,NA,NA,NA,NA,NA,NA,NA,NA,NA,NA,NA,NA,NA,NA,NA,NA,NA,NA,NA,NA,NA,NA,NA,NA,NA,NA,NA,NA,NA,NA,NA,MIN,NA,00-0031554,NA,E.Kendricks,NA,NA,NA,NA,NA,NA,NA,NA,NA,NA,NA,NA,NA,0,NA,NA,NA,NA,NA,NA,NA,NA,NA,NA,NA,NA,NA,NA,NA,NA,NA,NA,NA,NA,NA,NA,NA,NA,NA,NA,NA,NA,NA,NA,NA,0,NA,NA,NA,NA,0,NA,NA,0,0,0,0,NA,NA,2016,NA,NA,1,0,Punt,98,"10/23/16, 13:02:59",2016-10-23T17:05:01Z,Lincoln Financial Field,"Clear Temp: 62° F, Humidity: 46%, Wind: W 20 mph",10012016-1023-0732-662e-25ff3a421c9a,0,0,RUSH,0,NA,NA,NA,1,Punt,2016-10-23T17:02:59Z,3,1:56,0,0,0,1,1,-5,KICKOFF,PUNT,15:00,13:04,PHI 25,PHI 30,36,141,10,21,Home,11,31,-2.5,39,0,outdoors,grass,62,20,Doug Pederson,Mike Zimmer,PHI00,Lincoln Financial Field,0,1,NA,NA,R.Mathews,24,NA,NA,0,1,0,0,1,NA,00-0027864,NA,R.Mathews,24,00-0027864,R.Mathews,00-0027864,R.Mathews,00-0027864,0,1,0.29968865728005767,NA,NA,NA,NA,NA,0.6583979725837708,-65.83979725837708,2016,Go for it,NA,NA,NA,NA,NA,NA,NA,NA,NA,NA,Punt
119,2016_07_MIN_PHI,2016102307,PHI,MIN,REG,7,PHI,home,MIN,PHI,70,2016-10-23,802,1702,3502,Half1,0,1,0,1,3,0,13:22,PHI 30,5,5,(13:22) (Shotgun) 11-C.Wentz pass incomplete short left to 18-D.Green-Beckham.,pass,0,1,0,1,0,0,0,short,left,5,NA,NA,NA,NA,NA,NA,NA,3,3,0,NA,NA,NA,NA,3,3,0,0,0,0,0,0,0,0,0.004656789358705282,0.17678821086883545,0.0029232685919851065,0.25087282061576843,0.22109799087047577,0.004320100881159306,0.33934077620506287,0,0,0.7549986937083304,-1.516270827036351,-2.218663273844868,2.218663273844868,0.29968865728005767,-0.29968865728005767,-1.5456768339499831,1.5456768339499831,1.3112315838225186,-2.8275024108588696,0,0,-0.029406006913632154,0.029406006913632154,0,0,1.2818255769088864,-1.2818255769088864,-2.8275024108588696,2.8275024108588696,0.5185635089874268,0.48143649101257324,0.5185635089874268,0.48143649101257324,-0.04817861318588257,-0.029577404260635376,-0.029577404260635376,0.4703848958015442,0.5296151041984558,0.3947885036468506,0.3947885036468506,-0.0013234615325927734,0.0013234615325927734,-0.05429297685623169,0.05429297685623169,0,-0.04817861318588257,0,0,-0.006114363670349121,0.006114363670349121,0,0,-0.006114363670349121,0.006114363670349121,-0.04817861318588257,0.04817861318588257,0,0,0,0,0,1,0,0,1,0,0,0,0,0,0,0,0,0,0,0,0,0,0,0,0,0,0,0,0,0,0,0,0,1,0,0,0,0,0,0,0,0,0,0,0,0,0,0,0,0,0,00-0032950,C.Wentz,NA,00-0032218,D.Green-Beckham,NA,NA,NA,NA,NA,NA,NA,NA,NA,NA,NA,NA,NA,NA,NA,NA,NA,NA,NA,NA,NA,NA,NA,NA,NA,NA,NA,NA,NA,NA,NA,NA,NA,NA,NA,NA,NA,NA,NA,NA,NA,NA,NA,NA,NA,NA,NA,NA,NA,NA,NA,NA,NA,NA,NA,NA,NA,NA,NA,NA,NA,NA,NA,NA,0,NA,NA,NA,NA,NA,NA,NA,NA,NA,NA,NA,NA,NA,NA,NA,NA,NA,NA,NA,NA,NA,NA,NA,NA,NA,NA,NA,NA,NA,NA,NA,0,NA,NA,NA,NA,0,NA,NA,0,0,0,0,NA,NA,2016,0.6426143646240234,-64.26143646240234,1,0,Punt,119,"10/23/16, 13:02:59",2016-10-23T17:05:43Z,Lincoln Financial Field,"Clear Temp: 62° F, Humidity: 46%, Wind: W 20 mph",10012016-1023-0732-662e-25ff3a421c9a,0,0,PASS,0,NA,NA,NA,1,Punt,2016-10-23T17:02:59Z,3,1:56,0,0,0,1,1,-5,KICKOFF,PUNT,15:00,13:04,PHI 25,PHI 30,36,141,10,21,Home,11,31,-2.5,39,0,outdoors,grass,62,20,Doug Pederson,Mike Zimmer,PHI00,Lincoln Financial Field,0,0,C.Wentz,11,NA,NA,D.Green-Beckham,18,1,0,0,0,1,00-0032950,NA,00-0032218,C.Wentz,11,00-0032950,D.Green-Beckham,00-0032218,D.Green-Beckham,00-0032218,0,1,-1.516270827036351,0.30948990545348765,4.420916635361209,2,0.9857024878147058,0.9857024878147058,0.9707706570625305,2.9229342937469482,2016,Go for it,NA,NA,NA,NA,NA,NA,NA,NA,NA,NA,Punt
141,2016_07_MIN_PHI,2016102307,PHI,MIN,REG,7,PHI,home,MIN,PHI,70,2016-10-23,798,1698,3498,Half1,0,1,0,1,4,0,13:18,PHI 30,5,5,"(13:18) 8-D.Jones punts 60 yards to MIN 10, Center-46-J.Dorenbos. 35-M.Sherels to MIN 19 for 9 yards (47-T.Burton).",punt,0,0,0,0,0,0,0,NA,NA,NA,NA,NA,NA,NA,60,NA,NA,3,3,0,NA,NA,NA,NA,3,3,0,0,0,0,0,0,0,0,0.005042769480496645,0.2372407168149948,0.004425313323736191,0.33007344603538513,0.16739019751548767,0.0046297344379127026,0.25119781494140625,0,0,-0.7612721333280206,0.5187292932532728,-1.6999339805915952,1.6999339805915952,0.29968865728005767,-0.29968865728005767,-1.5456768339499831,1.5456768339499831,NA,NA,0,0,-0.029406006913632154,0.029406006913632154,0,0,1.2818255769088864,-1.2818255769088864,-2.8275024108588696,2.8275024108588696,0.4703848958015442,0.5296151041984558,0.4703848958015442,0.5296151041984558,0.04732483625411987,0.02633872628211975,0.02633872628211975,0.5177097320556641,0.48229026794433594,0.3652110993862152,0.3652110993862152,-0.0013234615325927734,0.0013234615325927734,-0.05429297685623169,0.05429297685623169,NA,NA,0,0,-0.006114363670349121,0.006114363670349121,0,0,-0.006114363670349121,0.006114363670349121,-0.04817861318588257,0.04817861318588257,0,0,0,0,0,0,0,0,0,0,0,1,0,0,0,0,0,0,0,0,0,0,0,0,1,0,0,0,0,0,0,0,0,0,0,0,0,0,0,0,0,0,0,1,0,0,0,0,0,0,0,NA,NA,NA,NA,NA,NA,NA,NA,NA,NA,NA,NA,NA,NA,NA,NA,NA,NA,NA,NA,NA,00-0027547,M.Sherels,NA,NA,NA,NA,NA,NA,00-0022684,D.Jones,NA,NA,NA,NA,NA,NA,NA,NA,NA,NA,NA,NA,NA,NA,NA,NA,NA,NA,NA,NA,PHI,NA,00-0030710,NA,T.Burton,NA,NA,NA,NA,NA,NA,NA,NA,NA,NA,NA,NA,NA,0,NA,NA,NA,NA,NA,NA,NA,NA,NA,NA,NA,NA,NA,NA,NA,NA,NA,NA,NA,NA,NA,NA,NA,NA,NA,NA,NA,NA,NA,NA,MIN,9,NA,NA,NA,NA,0,NA,NA,0,0,0,0,NA,NA,2016,NA,NA,1,0,Punt,141,"10/23/16, 13:02:59",2016-10-23T17:06:13Z,Lincoln Financial Field,"Clear Temp: 62° F, Humidity: 46%, Wind: W 20 mph",10012016-1023-0732-662e-25ff3a421c9a,0,0,PUNT,1,NA,NA,NA,1,Punt,2016-10-23T17:02:59Z,3,1:56,0,0,0,1,1,-5,KICKOFF,PUNT,15:00,13:04,PHI 25,PHI 30,36,141,10,21,Home,11,31,-2.5,39,0,outdoors,grass,62,20,Doug Pederson,Mike Zimmer,PHI00,Lincoln Financial Field,0,1,NA,NA,NA,NA,NA,NA,0,0,0,1,0,NA,NA,NA,NA,NA,NA,NA,NA,NA,NA,0,1,0.5187292932532728,NA,NA,NA,NA,NA,NA,NA,2016,Punt,-1.622771330297501,0.4201884661888471,0.2914588614715671,0.4620251102832307,0.3631288184009034,0,0.27988652884960175,0.43307530879974365,0.27988652884960175,0.3793565317038784,Punt
166,2016_07_MIN_PHI,2016102307,PHI,MIN,REG,7,MIN,away,PHI,MIN,81,2016-10-23,784,1684,3484,Half1,0,2,0,1,1,0,13:04,MIN 19,10,20,(13:04) 44-M.Asiata left tackle to MIN 22 for 3 yards (94-B.Allen).,run,3,0,0,0,0,0,0,NA,NA,NA,NA,left,tackle,NA,NA,NA,NA,3,3,0,NA,NA,NA,NA,3,3,0,0,0,0,0,0,0,0,0.004658655729144812,0.17656926810741425,0.005362693220376968,0.2869945466518402,0.21888642013072968,0.003484017914161086,0.30404436588287354,0,0,0.2425428400747478,-0.3449845784343779,-1.3549494021572173,1.3549494021572173,0.6446732357144356,-0.6446732357144356,-1.5456768339499831,1.5456768339499831,NA,NA,0,0,-0.029406006913632154,0.029406006913632154,0,0,1.2818255769088864,-1.2818255769088864,-2.8275024108588696,2.8275024108588696,0.48229026794433594,0.5177097320556641,0.5177097320556641,0.48229026794433594,0.0011944174766540527,5.350708961486816e-4,-5.350708961486816e-4,0.51651531457901,0.48348468542099,0.608450174331665,0.39154982566833496,-0.002517879009246826,0.002517879009246826,-0.05429297685623169,0.05429297685623169,NA,NA,0,0,-0.006114363670349121,0.006114363670349121,0,0,-0.006114363670349121,0.006114363670349121,-0.04817861318588257,0.04817861318588257,0,0,0,0,0,0,0,0,0,0,0,0,0,0,0,0,0,0,0,0,0,0,0,0,1,0,0,0,0,0,0,0,1,0,0,0,0,0,0,0,0,0,0,0,0,0,0,0,0,0,0,NA,NA,NA,NA,NA,NA,00-0028198,M.Asiata,3,NA,NA,NA,NA,NA,NA,NA,NA,NA,NA,NA,NA,NA,NA,NA,NA,NA,NA,NA,NA,NA,NA,NA,NA,NA,NA,NA,NA,NA,NA,NA,NA,NA,NA,NA,NA,NA,NA,NA,NA,NA,NA,PHI,NA,00-0031089,NA,B.Allen,NA,NA,NA,NA,NA,NA,NA,NA,NA,NA,NA,NA,NA,0,NA,NA,NA,NA,NA,NA,NA,NA,NA,NA,NA,NA,NA,NA,NA,NA,NA,NA,NA,NA,NA,NA,NA,NA,NA,NA,NA,NA,NA,NA,NA,0,NA,NA,NA,NA,0,NA,NA,0,0,0,0,NA,NA,2016,NA,NA,2,1,First down,166,"10/23/16, 13:02:59",2016-10-23T17:07:09Z,Lincoln Financial Field,"Clear Temp: 62° F, Humidity: 46%, Wind: W 20 mph",10012016-1023-0732-662e-25ff3a421c9a,0,0,RUSH,0,NA,NA,NA,2,Punt,2016-10-23T17:07:09Z,6,2:37,1,0,0,1,1,5,PUNT,PUNT,13:04,10:27,MIN 19,MIN 39,166,336,10,21,Home,11,31,-2.5,39,0,outdoors,grass,62,20,Doug Pederson,Mike Zimmer,PHI00,Lincoln Financial Field,0,0,NA,NA,M.Asiata,44,NA,NA,0,1,0,0,1,NA,00-0028198,NA,M.Asiata,44,00-0028198,M.Asiata,00-0028198,M.Asiata,00-0028198,0,1,-0.3449845784343779,NA,NA,NA,NA,NA,0.4568493664264679,-45.68493664264679,2016,Go for it,NA,NA,NA,NA,NA,NA,NA,NA,NA,NA,Punt
187,2016_07_MIN_PHI,2016102307,PHI,MIN,REG,7,MIN,away,PHI,MIN,78,2016-10-23,760,1660,3460,Half1,0,2,0,1,2,0,12:40,MIN 22,7,20,(12:40) (Shotgun) 8-S.Bradford pass short left to 44-M.Asiata to MIN 25 for 3 yards (23-R.McLeod).,pass,3,1,0,1,0,0,0,short,left,-2,5,NA,NA,NA,NA,NA,NA,3,3,0,NA,NA,NA,NA,3,3,0,0,0,0,0,0,0,0,0.004451751243323088,0.18370768427848816,0.005247505847364664,0.3080620765686035,0.21417135000228882,0.0034841420128941536,0.2808755040168762,0,0,-0.10244173835963011,-0.05036236811429262,-1.3045870340429246,1.3045870340429246,0.6446732357144356,-0.6446732357144356,-1.4953144658356905,1.4953144658356905,-0.82596576027572155,0.7756033921614289,-0.82596576027572155,0.7756033921614289,0.7965597533620894,-0.7965597533620894,-0.7756033921614289,0.7756033921614289,2.107791337184608,-2.107791337184608,-3.6031058030202985,3.6031058030202985,0.48348468542099,0.51651531457901,0.51651531457901,0.48348468542099,-0.022059887647628784,-0.011680185794830322,0.011680185794830322,0.5385752022266388,0.4614247977733612,0.6089852452278137,0.3910147547721863,-0.002517879009246826,0.002517879009246826,-0.032233089208602905,0.032233089208602905,0,-0.022059887647628784,0,-0.022059887647628784,-0.006114363670349121,0.006114363670349121,0.022059887647628784,-0.022059887647628784,-0.006114363670349121,0.006114363670349121,-0.026118725538253784,0.026118725538253784,0,0,0,0,0,0,0,0,0,0,0,0,0,0,0,0,0,0,0,0,0,0,0,0,1,0,0,0,0,0,0,0,0,1,0,0,0,0,0,0,0,0,0,0,0,1,0,0,0,0,0,00-0027854,S.Bradford,3,00-0028198,M.Asiata,3,NA,NA,NA,NA,NA,NA,NA,NA,NA,NA,NA,NA,NA,NA,NA,NA,NA,NA,NA,NA,NA,NA,NA,NA,NA,NA,NA,NA,NA,NA,NA,NA,NA,NA,NA,NA,NA,NA,NA,NA,NA,NA,NA,NA,NA,PHI,NA,00-0028899,NA,R.McLeod,NA,NA,NA,NA,NA,NA,NA,NA,NA,NA,NA,NA,NA,0,NA,NA,NA,NA,NA,NA,NA,NA,NA,NA,NA,NA,NA,NA,NA,NA,NA,NA,NA,NA,NA,NA,NA,NA,NA,NA,NA,NA,NA,NA,NA,0,NA,NA,NA,NA,0,NA,NA,0,0,0,0,NA,NA,2016,0.855074405670166,14.492559432983398,2,1,First down,187,"10/23/16, 13:02:59",2016-10-23T17:07:33Z,Lincoln Financial Field,"Clear Temp: 62° F, Humidity: 46%, Wind: W 20 mph",10012016-1023-0732-662e-25ff3a421c9a,0,0,PASS,0,NA,NA,NA,2,Punt,2016-10-23T17:07:09Z,6,2:37,1,0,0,1,1,5,PUNT,PUNT,13:04,10:27,MIN 19,MIN 39,166,336,10,21,Home,11,31,-2.5,39,0,outdoors,grass,62,20,Doug Pederson,Mike Zimmer,PHI00,Lincoln Financial Field,0,0,S.Bradford,8,NA,NA,M.Asiata,44,1,0,0,0,1,00-0027854,NA,00-0028198,S.Bradford,8,00-0027854,M.Asiata,00-0028198,M.Asiata,00-0028198,0,1,-0.05036236811429262,1.248517770287528,8.261113138440123,7,0.6038749176077545,0.3655611383728683,0.6218897700309753,37.811022996902466,2016,Go for it,NA,NA,NA,NA,NA,NA,NA,NA,NA,NA,Punt
211,2016_07_MIN_PHI,2016102307,PHI,MIN,REG,7,MIN,away,PHI,MIN,75,2016-10-23,722,1622,3422,Half1,0,2,0,1,3,0,12:02,MIN 25,4,20,(12:02) (Shotgun) 8-S.Bradford pass incomplete short right to 44-M.Asiata.,pass,0,1,0,1,0,0,0,short,right,-4,NA,NA,NA,NA,NA,NA,NA,3,3,0,NA,NA,NA,NA,3,3,0,0,0,0,0,0,0,0,0.004579691216349602,0.1865169256925583,0.0049054562114179134,0.3110945522785187,0.2093217521905899,0.0037634759210050106,0.27981817722320557,0,0,-0.15280410647392273,-1.6238016625866294,0.31921462854370475,-0.31921462854370475,0.6446732357144356,-0.6446732357144356,0.1284871967509389,-0.1284871967509389,-2.126112036872655,0.5023103742860258,0,0,0.7965597533620894,-0.7965597533620894,-0.7756033921614289,0.7756033921614289,4.233903374057263,-4.233903374057263,-4.105416177306324,4.105416177306324,0.4614247977733612,0.5385752022266388,0.5385752022266388,0.4614247977733612,-0.03944903612136841,-0.03319847583770752,0.03319847583770752,0.5780242383480072,0.4219757616519928,0.5973050594329834,0.4026949405670166,-0.002517879009246826,0.002517879009246826,0.007215946912765503,-0.007215946912765503,0,-0.03944903612136841,0,0,-0.006114363670349121,0.006114363670349121,0.022059887647628784,-0.022059887647628784,-0.006114363670349121,0.006114363670349121,0.013330310583114624,-0.013330310583114624,0,0,0,0,0,1,0,0,1,0,0,0,0,0,0,0,0,0,0,0,0,0,0,0,0,0,0,0,0,0,0,0,0,1,0,0,0,0,0,0,0,0,0,0,0,0,0,0,0,0,0,00-0027854,S.Bradford,NA,00-0028198,M.Asiata,NA,NA,NA,NA,NA,NA,NA,NA,NA,NA,NA,NA,NA,NA,NA,NA,NA,NA,NA,NA,NA,NA,NA,NA,NA,NA,NA,NA,NA,NA,NA,NA,NA,NA,NA,NA,NA,NA,NA,NA,NA,NA,NA,NA,NA,NA,NA,NA,NA,NA,NA,NA,NA,NA,NA,NA,NA,NA,NA,NA,NA,NA,NA,NA,0,NA,NA,NA,NA,NA,NA,NA,NA,NA,NA,NA,NA,NA,NA,NA,NA,NA,NA,NA,NA,NA,NA,NA,NA,NA,NA,NA,NA,NA,NA,NA,0,NA,NA,NA,NA,0,NA,NA,0,0,0,0,NA,NA,2016,0.8385140895843506,-83.85140895843506,2,1,First down,211,"10/23/16, 13:02:59",2016-10-23T17:08:11Z,Lincoln Financial Field,"Clear Temp: 62° F, Humidity: 46%, Wind: W 20 mph",10012016-1023-0732-662e-25ff3a421c9a,0,0,PASS,0,NA,NA,NA,2,Punt,2016-10-23T17:07:09Z,6,2:37,1,0,0,1,1,5,PUNT,PUNT,13:04,10:27,MIN 19,MIN 39,166,336,10,21,Home,11,31,-2.5,39,0,outdoors,grass,62,20,Doug Pederson,Mike Zimmer,PHI00,Lincoln Financial Field,0,0,S.Bradford,8,NA,NA,M.Asiata,44,1,0,0,0,1,00-0027854,NA,00-0028198,S.Bradford,8,00-0027854,M.Asiata,00-0028198,M.Asiata,00-0028198,0,1,-1.6238016625866294,2.317495436498239,10.29730470180948,8,0.5523389964946546,0.5523389964946546,0.9511539340019226,4.884606599807739,2016,Go for it,NA,NA,NA,NA,NA,NA,NA,NA,NA,NA,Punt
233,2016_07_MIN_PHI,2016102307,PHI,MIN,REG,7,MIN,away,PHI,MIN,75,2016-10-23,718,1618,3418,Half1,0,2,0,1,4,0,11:58,MIN 25,4,20,"(11:58) 18-J.Locke punts 60 yards to PHI 15, Center-47-K.McDermott. 43-D.Sproles to PHI 15 for no gain (35-M.Sherels). PENALTY on PHI-54-K.Grugier-Hill, Running Into the Kicker, 5 yards, enforced at MIN 25 - No Play.",no_play,0,0,0,0,0,0,0,NA,NA,NA,NA,NA,NA,NA,NA,NA,NA,3,3,0,NA,NA,NA,NA,3,3,0,0,0,0,0,0,0,0,0.004912109579890966,0.24675744771957397,0.007515685632824898,0.39806708693504333,0.1536090075969696,0.0039260187186300755,0.185212641954422,0,0,-1.7766057690605521,2.8240956282243133,-2.5048809996806085,2.5048809996806085,0.6446732357144356,-0.6446732357144356,0.1284871967509389,-0.1284871967509389,NA,NA,0,0,0.7965597533620894,-0.7965597533620894,-0.7756033921614289,0.7756033921614289,4.233903374057263,-4.233903374057263,-4.105416177306324,4.105416177306324,0.4219757616519928,0.5780242383480072,0.5780242383480072,0.4219757616519928,0.07884791493415833,0.06668233871459961,-0.06668233871459961,0.4991763234138489,0.5008236765861511,0.5641065835952759,0.4358934164047241,-0.002517879009246826,0.002517879009246826,0.007215946912765503,-0.007215946912765503,NA,NA,0,0,-0.006114363670349121,0.006114363670349121,0.022059887647628784,-0.022059887647628784,-0.006114363670349121,0.006114363670349121,0.013330310583114624,-0.013330310583114624,0,0,0,1,0,0,0,0,0,0,0,0,0,0,0,0,0,0,0,0,0,0,0,0,0,0,1,0,0,0,0,0,0,0,0,0,0,0,0,0,0,0,0,0,0,0,0,0,0,0,0,NA,NA,NA,NA,NA,NA,NA,NA,NA,NA,NA,NA,NA,NA,NA,NA,NA,NA,NA,NA,NA,NA,NA,NA,NA,NA,NA,NA,NA,NA,NA,NA,NA,NA,NA,NA,NA,NA,NA,NA,NA,NA,NA,NA,NA,NA,NA,NA,NA,NA,NA,NA,NA,NA,NA,NA,NA,NA,NA,NA,NA,NA,NA,NA,NA,NA,NA,NA,NA,0,NA,NA,NA,NA,NA,NA,NA,NA,NA,NA,NA,NA,NA,NA,NA,NA,NA,NA,NA,NA,NA,NA,NA,NA,NA,NA,NA,NA,NA,NA,NA,0,PHI,00-0032437,K.Grugier-Hill,5,0,NA,Running Into the Kicker,0,0,0,0,NA,NA,2016,NA,NA,2,1,First down,233,"10/23/16, 13:02:59",2016-10-23T17:08:50Z,Lincoln Financial Field,"Clear Temp: 62° F, Humidity: 46%, Wind: W 20 mph",10012016-1023-0732-662e-25ff3a421c9a,0,0,UNSPECIFIED,0,NA,NA,NA,2,Punt,2016-10-23T17:07:09Z,6,2:37,1,0,0,1,1,5,PUNT,PUNT,13:04,10:27,MIN 19,MIN 39,166,336,10,21,Home,11,31,-2.5,39,0,outdoors,grass,62,20,Doug Pederson,Mike Zimmer,PHI00,Lincoln Financial Field,0,1,NA,NA,NA,NA,NA,NA,0,0,1,0,1,NA,NA,NA,NA,NA,NA,NA,NA,NA,NA,0,1,2.8240956282243133,NA,NA,NA,NA,NA,0.46778202056884766,NA,2016,Other,-0.16115196891135497,0.46273622685839655,0.4852238454880797,0.6383117587582195,0.5560631725840344,0,0.4747101366519928,0.6364185959100723,0.4747101366519928,0.5576746922731479,Punt
269,2016_07_MIN_PHI,2016102307,PHI,MIN,REG,7,MIN,away,PHI,MIN,70,2016-10-23,709,1609,3409,Half1,0,2,0,1,1,0,11:49,MIN 30,10,20,(11:49) (Shotgun) 21-J.McKinnon up the middle to MIN 31 for 1 yard (95-M.Kendricks).,run,1,1,0,0,0,0,0,NA,NA,NA,NA,middle,NA,NA,NA,NA,NA,3,3,0,NA,NA,NA,NA,3,3,0,0,0,0,0,0,0,0,0.00506563950330019,0.1469203233718872,0.003896030131727457,0.24236705899238586,0.25055137276649475,0.0034876824356615543,0.34771183133125305,0,0,1.0474898591637611,-0.4788655135780573,-2.0260154861025512,2.0260154861025512,1.1235387492924929,-1.1235387492924929,0.1284871967509389,-0.1284871967509389,NA,NA,0,0,0.7965597533620894,-0.7965597533620894,-0.7756033921614289,0.7756033921614289,4.233903374057263,-4.233903374057263,-4.105416177306324,4.105416177306324,0.5008236765861511,0.4991763234138489,0.4991763234138489,0.5008236765861511,-0.015673965215682983,7.921457290649414e-4,-7.921457290649414e-4,0.5148502886295319,0.48514971137046814,0.6307889223098755,0.3692110776901245,0.013156086206436157,-0.013156086206436157,0.007215946912765503,-0.007215946912765503,NA,NA,0,0,-0.006114363670349121,0.006114363670349121,0.022059887647628784,-0.022059887647628784,-0.006114363670349121,0.006114363670349121,0.013330310583114624,-0.013330310583114624,0,0,0,0,0,0,0,0,0,0,0,0,0,0,0,0,0,0,0,0,0,0,0,0,1,0,0,0,0,0,0,0,1,0,0,0,0,0,0,0,0,0,0,0,0,0,0,0,0,0,0,NA,NA,NA,NA,NA,NA,00-0031376,J.McKinnon,1,NA,NA,NA,NA,NA,NA,NA,NA,NA,NA,NA,NA,NA,NA,NA,NA,NA,NA,NA,NA,NA,NA,NA,NA,NA,NA,NA,NA,NA,NA,NA,NA,NA,NA,NA,NA,NA,NA,NA,NA,NA,NA,PHI,NA,00-0029409,NA,M.Kendricks,NA,NA,NA,NA,NA,NA,NA,NA,NA,NA,NA,NA,NA,0,NA,NA,NA,NA,NA,NA,NA,NA,NA,NA,NA,NA,NA,NA,NA,NA,NA,NA,NA,NA,NA,NA,NA,NA,NA,NA,NA,NA,NA,NA,NA,0,NA,NA,NA,NA,0,NA,NA,0,0,0,0,NA,NA,2016,NA,NA,3,0,Punt,269,"10/23/16, 13:02:59",2016-10-23T17:10:09Z,Lincoln Financial Field,"Clear Temp: 62° F, Humidity: 46%, Wind: W 20 mph",10012016-1023-0732-662e-25ff3a421c9a,0,0,RUSH,0,NA,NA,NA,2,Punt,2016-10-23T17:07:09Z,6,2:37,1,0,0,1,1,5,PUNT,PUNT,13:04,10:27,MIN 19,MIN 39,166,336,10,21,Home,11,31,-2.5,39,0,outdoors,grass,62,20,Doug Pederson,Mike Zimmer,PHI00,Lincoln Financial Field,0,0,NA,NA,J.McKinnon,21,NA,NA,0,1,0,0,1,NA,00-0031376,NA,J.McKinnon,21,00-0031376,J.McKinnon,00-0031376,J.McKinnon,00-0031376,0,1,-0.4788655135780573,NA,NA,NA,NA,NA,0.46586036682128906,-46.586036682128906,2016,Go for it,NA,NA,NA,NA,NA,NA,NA,NA,NA,NA,Punt
290,2016_07_MIN_PHI,2016102307,PHI,MIN,REG,7,MIN,away,PHI,MIN,69,2016-10-23,684,1584,3384,Half1,0,2,0,1,2,0,11:24,MIN 31,9,20,"(11:24) (No Huddle, Shotgun) 8-S.Bradford pass incomplete deep left to 12-C.Johnson (22-N.Carroll) [55-B.Graham].",pass,0,1,1,1,0,0,0,deep,left,34,NA,NA,NA,NA,NA,NA,NA,3,3,0,NA,NA,NA,NA,3,3,0,0,0,0,0,0,0,0,0.005336277652531862,0.15823659300804138,0.004513141233474016,0.2697503864765167,0.2442367672920227,0.0035170274786651134,0.3144098222255707,0,0,0.5686243455857038,-0.7284932946786284,-1.2975221914239228,1.2975221914239228,1.1235387492924929,-1.1235387492924929,0.8569804914295673,-0.8569804914295673,3.002035168465227,-3.7305284631438553,0,0,0.7965597533620894,-0.7965597533620894,-0.7756033921614289,0.7756033921614289,1.2318682055920362,-1.2318682055920362,-0.3748877141624689,0.3748877141624689,0.48514971137046814,0.5148502886295319,0.5148502886295319,0.48514971137046814,-0.027351975440979004,-0.019890010356903076,0.019890010356903076,0.5422022640705109,0.45779773592948914,0.6315810680389404,0.36841893196105957,0.013156086206436157,-0.013156086206436157,0.03456792235374451,-0.03456792235374451,0,-0.027351975440979004,0,0,-0.006114363670349121,0.006114363670349121,0.022059887647628784,-0.022059887647628784,-0.006114363670349121,0.006114363670349121,0.04068228602409363,-0.04068228602409363,0,0,0,0,0,0,0,0,1,0,0,0,0,0,0,0,0,0,0,0,0,0,0,0,0,0,0,0,0,0,0,1,0,1,0,0,0,0,0,0,0,0,0,0,0,0,0,0,0,0,0,00-0027854,S.Bradford,NA,00-0030113,C.Johnson,NA,NA,NA,NA,NA,NA,NA,NA,NA,NA,NA,NA,NA,NA,NA,NA,NA,NA,NA,NA,NA,NA,NA,NA,NA,NA,NA,NA,NA,NA,NA,NA,NA,NA,NA,NA,00-0027865,B.Graham,NA,NA,NA,NA,NA,NA,NA,NA,NA,NA,NA,NA,NA,NA,NA,NA,NA,NA,NA,NA,NA,NA,NA,NA,NA,NA,0,NA,NA,NA,NA,NA,NA,00-0027744,N.Carroll,NA,NA,NA,NA,NA,NA,NA,NA,NA,NA,NA,NA,NA,NA,NA,NA,NA,NA,NA,NA,NA,NA,NA,0,NA,NA,NA,NA,0,NA,NA,0,0,0,0,NA,NA,2016,0.24193507432937622,-24.193507432937622,3,0,Punt,290,"10/23/16, 13:02:59",2016-10-23T17:10:34Z,Lincoln Financial Field,"Clear Temp: 62° F, Humidity: 46%, Wind: W 20 mph",10012016-1023-0732-662e-25ff3a421c9a,0,0,PASS,0,NA,NA,NA,2,Punt,2016-10-23T17:07:09Z,6,2:37,1,0,0,1,1,5,PUNT,PUNT,13:04,10:27,MIN 19,MIN 39,166,336,10,21,Home,11,31,-2.5,39,0,outdoors,grass,62,20,Doug Pederson,Mike Zimmer,PHI00,Lincoln Financial Field,0,0,S.Bradford,8,NA,NA,C.Johnson,12,1,0,0,0,1,00-0027854,NA,00-0030113,S.Bradford,8,00-0027854,C.Johnson,00-0030113,C.Johnson,00-0030113,0,1,-0.7284932946786284,0.6688313280343685,8.97347042162437,4,1,1,0.6679033041000366,33.20966958999634,2016,Go for it,NA,NA,NA,NA,NA,NA,NA,NA,NA,NA,Punt
312,2016_07_MIN_PHI,2016102307,PHI,MIN,REG,7,MIN,away,PHI,MIN,69,2016-10-23,679,1579,3379,Half1,0,2,0,1,3,0,11:19,MIN 31,9,20,(11:19) (Shotgun) 8-S.Bradford pass short middle to 82-K.Rudolph to MIN 39 for 8 yards (58-J.Hicks).,pass,8,1,0,1,0,0,0,short,middle,8,0,NA,NA,NA,NA,NA,NA,3,3,0,NA,NA,NA,NA,3,3,0,0,0,0,0,0,0,0,0.00535002164542675,0.1828484833240509,0.004806529730558395,0.31339165568351746,0.21128657460212708,0.0036091352812945843,0.2787075936794281,0,0,-0.1598689490929246,-0.23786975722759962,-1.0596524341963232,1.0596524341963232,1.1235387492924929,-1.1235387492924929,1.094850248657167,-1.094850248657167,-0.23786975722759962,0,-0.23786975722759962,0,1.034429510589689,-1.034429510589689,-0.7756033921614289,0.7756033921614289,1.4697379628196359,-1.4697379628196359,-0.3748877141624689,0.3748877141624689,0.45779773592948914,0.5422022640705109,0.5422022640705109,0.45779773592948914,0.017199605703353882,-0.011620700359344482,0.011620700359344482,0.525002658367157,0.474997341632843,0.6116910576820374,0.38830894231796265,0.013156086206436157,-0.013156086206436157,0.017368316650390625,-0.017368316650390625,0.017199605703353882,0,0.017199605703353882,0,-0.023313969373703003,0.023313969373703003,0.022059887647628784,-0.022059887647628784,-0.023313969373703003,0.023313969373703003,0.04068228602409363,-0.04068228602409363,0,0,0,0,0,1,0,0,0,0,0,0,0,0,0,0,0,0,0,0,0,0,0,0,1,0,0,0,0,0,0,0,0,1,0,0,0,0,0,0,0,0,0,0,0,1,0,0,0,0,0,00-0027854,S.Bradford,8,00-0027981,K.Rudolph,8,NA,NA,NA,NA,NA,NA,NA,NA,NA,NA,NA,NA,NA,NA,NA,NA,NA,NA,NA,NA,NA,NA,NA,NA,NA,NA,NA,NA,NA,NA,NA,NA,NA,NA,NA,NA,NA,NA,NA,NA,NA,NA,NA,NA,NA,PHI,NA,00-0032129,NA,J.Hicks,NA,NA,NA,NA,NA,NA,NA,NA,NA,NA,NA,NA,NA,0,NA,NA,NA,NA,NA,NA,NA,NA,NA,NA,NA,NA,NA,NA,NA,NA,NA,NA,NA,NA,NA,NA,NA,NA,NA,NA,NA,NA,NA,NA,NA,0,NA,NA,NA,NA,0,NA,NA,0,0,0,0,NA,NA,2016,0.6752542853355408,32.47457146644592,3,0,Punt,312,"10/23/16, 13:02:59",2016-10-23T17:11:17Z,Lincoln Financial Field,"Clear Temp: 62° F, Humidity: 46%, Wind: W 20 mph",10012016-1023-0732-662e-25ff3a421c9a,0,0,PASS,0,NA,NA,NA,2,Punt,2016-10-23T17:07:09Z,6,2:37,1,0,0,1,1,5,PUNT,PUNT,13:04,10:27,MIN 19,MIN 39,166,336,10,21,Home,11,31,-2.5,39,0,outdoors,grass,62,20,Doug Pederson,Mike Zimmer,PHI00,Lincoln Financial Field,0,0,S.Bradford,8,NA,NA,K.Rudolph,82,1,0,0,0,1,00-0027854,NA,00-0027981,S.Bradford,8,00-0027854,K.Rudolph,00-0027981,K.Rudolph,00-0027981,0,1,-0.23786975722759962,1.643683467378715,3.950011262531916,2,0.672419153212104,0.672419153212104,0.9823931455612183,1.7606854438781738,2016,Go for it,NA,NA,NA,NA,NA,NA,NA,NA,NA,NA,Punt
336,2016_07_MIN_PHI,2016102307,PHI,MIN,REG,7,MIN,away,PHI,MIN,61,2016-10-23,634,1534,3334,Half1,0,2,0,1,4,0,10:34,MIN 39,1,20,"(10:34) 18-J.Locke punts 50 yards to PHI 11, Center-47-K.McDermott, fair catch by 43-D.Sproles.",punt,0,0,0,0,0,0,0,NA,NA,NA,NA,NA,NA,NA,50,NA,NA,3,3,0,NA,NA,NA,NA,3,3,0,0,0,0,0,0,0,0,0.005638381466269493,0.20509763062000275,0.0036163656041026115,0.32207274436950684,0.18433777987957,0.005675387568771839,0.2735617160797119,0,0,-0.3977387063205242,0.09005748899653554,-1.1497099231928587,1.1497099231928587,1.1235387492924929,-1.1235387492924929,1.094850248657167,-1.094850248657167,NA,NA,0,0,1.034429510589689,-1.034429510589689,-0.7756033921614289,0.7756033921614289,1.4697379628196359,-1.4697379628196359,-0.3748877141624689,0.3748877141624689,0.474997341632843,0.525002658367157,0.525002658367157,0.474997341632843,-0.0060689449310302734,-0.002241581678390503,0.002241581678390503,0.5310716032981873,0.46892839670181274,0.6000703573226929,0.39992964267730713,0.013156086206436157,-0.013156086206436157,0.017368316650390625,-0.017368316650390625,NA,NA,0,0,-0.023313969373703003,0.023313969373703003,0.022059887647628784,-0.022059887647628784,-0.023313969373703003,0.023313969373703003,0.04068228602409363,-0.04068228602409363,0,0,0,0,0,0,0,0,0,0,0,1,0,0,0,1,0,0,0,0,0,0,0,0,0,0,0,0,0,0,0,0,0,0,0,0,0,0,0,0,0,0,0,1,0,0,0,0,0,0,0,NA,NA,NA,NA,NA,NA,NA,NA,NA,NA,NA,NA,NA,NA,NA,NA,NA,NA,NA,NA,NA,00-0023564,D.Sproles,NA,NA,NA,NA,NA,NA,00-0030405,J.Locke,NA,NA,NA,NA,NA,NA,NA,NA,NA,NA,NA,NA,NA,NA,NA,NA,NA,NA,NA,NA,NA,NA,NA,NA,NA,NA,NA,NA,NA,NA,NA,NA,NA,NA,NA,NA,NA,NA,0,NA,NA,NA,NA,NA,NA,NA,NA,NA,NA,NA,NA,NA,NA,NA,NA,NA,NA,NA,NA,NA,NA,NA,NA,NA,NA,NA,NA,NA,NA,PHI,0,NA,NA,NA,NA,0,NA,NA,0,0,0,0,NA,NA,2016,NA,NA,3,0,Punt,336,"10/23/16, 13:02:59",2016-10-23T17:12:02Z,Lincoln Financial Field,"Clear Temp: 62° F, Humidity: 46%, Wind: W 20 mph",10012016-1023-0732-662e-25ff3a421c9a,0,0,PUNT,1,NA,NA,NA,2,Punt,2016-10-23T17:07:09Z,6,2:37,1,0,0,1,1,5,PUNT,PUNT,13:04,10:27,MIN 19,MIN 39,166,336,10,21,Home,11,31,-2.5,39,0,outdoors,grass,62,20,Doug Pederson,Mike Zimmer,PHI00,Lincoln Financial Field,0,1,NA,NA,NA,NA,NA,NA,0,0,0,1,0,NA,NA,NA,NA,NA,NA,NA,NA,NA,NA,0,1,0.09005748899653554,NA,NA,NA,NA,NA,NA,NA,2016,Punt,2.344332332232135,0.6728363732327125,0.5094517145325446,0.6483608454626533,0.6029148290435038,0,0.49937300384044647,0.6523198187351227,0.49937300384044647,0.5794715057211824,Go for it
355,2016_07_MIN_PHI,2016102307,PHI,MIN,REG,7,PHI,home,MIN,PHI,89,2016-10-23,627,1527,3327,Half1,0,3,0,1,1,0,10:27,PHI 11,10,-2,(10:27) (Shotgun) 24-R.Mathews up the middle to PHI 17 for 6 yards (22-H.Smith).,run,6,1,0,0,0,0,0,NA,NA,NA,NA,middle,NA,NA,NA,NA,NA,3,3,0,NA,NA,NA,NA,3,3,0,0,0,0,0,0,0,0,0.005008346866816282,0.19243142008781433,0.01200511772185564,0.2711034119129181,0.2040380835533142,0.0026600107084959745,0.3127536177635193,0,0,0.3076812173239887,0.3053050758317113,-0.8444048473611474,0.8444048473611474,1.4288438251242042,-1.4288438251242042,1.094850248657167,-1.094850248657167,NA,NA,0,0,1.034429510589689,-1.034429510589689,-0.7756033921614289,0.7756033921614289,1.4697379628196359,-1.4697379628196359,-0.3748877141624689,0.3748877141624689,0.5310716032981873,0.46892839670181274,0.5310716032981873,0.46892839670181274,0.004083514213562012,0.012745916843414307,0.012745916843414307,0.5351551175117493,0.46484488248825073,0.40217122435569763,0.40217122435569763,0.01723960041999817,-0.01723960041999817,0.017368316650390625,-0.017368316650390625,NA,NA,0,0,-0.023313969373703003,0.023313969373703003,0.022059887647628784,-0.022059887647628784,-0.023313969373703003,0.023313969373703003,0.04068228602409363,-0.04068228602409363,0,0,0,0,0,0,0,0,0,0,0,0,0,0,0,0,0,0,0,0,0,0,0,0,1,0,0,0,0,0,0,0,1,0,0,0,0,0,0,0,0,0,0,0,0,0,0,0,0,0,0,NA,NA,NA,NA,NA,NA,00-0027864,R.Mathews,6,NA,NA,NA,NA,NA,NA,NA,NA,NA,NA,NA,NA,NA,NA,NA,NA,NA,NA,NA,NA,NA,NA,NA,NA,NA,NA,NA,NA,NA,NA,NA,NA,NA,NA,NA,NA,NA,NA,NA,NA,NA,NA,MIN,NA,00-0029606,NA,H.Smith,NA,NA,NA,NA,NA,NA,NA,NA,NA,NA,NA,NA,NA,0,NA,NA,NA,NA,NA,NA,NA,NA,NA,NA,NA,NA,NA,NA,NA,NA,NA,NA,NA,NA,NA,NA,NA,NA,NA,NA,NA,NA,NA,NA,NA,0,NA,NA,NA,NA,0,NA,NA,0,0,0,0,NA,NA,2016,NA,NA,4,0,Turnover,355,"10/23/16, 13:02:59",2016-10-23T17:14:29Z,Lincoln Financial Field,"Clear Temp: 62° F, Humidity: 46%, Wind: W 20 mph",10012016-1023-0732-662e-25ff3a421c9a,0,0,RUSH,0,NA,NA,NA,3,Turnover,2016-10-23T17:14:29Z,2,0:55,0,0,0,1,1,-8,PUNT,INTERCEPTION,10:27,09:32,PHI 11,PHI 9,355,409,10,21,Home,11,31,-2.5,39,0,outdoors,grass,62,20,Doug Pederson,Mike Zimmer,PHI00,Lincoln Financial Field,0,1,NA,NA,R.Mathews,24,NA,NA,0,1,0,0,1,NA,00-0027864,NA,R.Mathews,24,00-0027864,R.Mathews,00-0027864,R.Mathews,00-0027864,0,1,0.3053050758317113,NA,NA,NA,NA,NA,0.3885713815689087,-38.85713815689087,2016,Go for it,NA,NA,NA,NA,NA,NA,NA,NA,NA,NA,Punt
376,2016_07_MIN_PHI,2016102307,PHI,MIN,REG,7,PHI,home,MIN,PHI,83,2016-10-23,586,1486,3286,Half1,0,3,0,1,2,0,09:46,PHI 17,4,-2,"(9:46) 11-C.Wentz pass incomplete short right to 87-B.Celek [93-S.Stephen]. PENALTY on PHI-76-A.Barbre, Offensive Holding, 8 yards, enforced at PHI 17 - No Play.",no_play,0,0,0,0,0,0,0,NA,NA,NA,NA,NA,NA,NA,NA,NA,NA,3,3,0,NA,NA,NA,NA,3,3,0,0,0,0,0,0,0,0,0.0060683852061629295,0.181135892868042,0.0058746314607560635,0.25676390528678894,0.21716126799583435,0.003392930841073394,0.329602986574173,0,0,0.6129862931557,-1.298019386595115,-2.1424242339562625,2.1424242339562625,1.4288438251242042,-1.4288438251242042,1.094850248657167,-1.094850248657167,NA,NA,0,0,1.034429510589689,-1.034429510589689,-0.7756033921614289,0.7756033921614289,1.4697379628196359,-1.4697379628196359,-0.3748877141624689,0.3748877141624689,0.5351551175117493,0.46484488248825073,0.5351551175117493,0.46484488248825073,-0.0350266695022583,-0.036773860454559326,-0.036773860454559326,0.500128448009491,0.49987155199050903,0.41491714119911194,0.41491714119911194,0.01723960041999817,-0.01723960041999817,0.017368316650390625,-0.017368316650390625,NA,NA,0,0,-0.023313969373703003,0.023313969373703003,0.022059887647628784,-0.022059887647628784,-0.023313969373703003,0.023313969373703003,0.04068228602409363,-0.04068228602409363,0,0,0,0,0,0,0,0,0,0,0,0,0,0,0,0,0,0,0,0,0,0,0,0,0,0,1,0,0,0,0,0,0,0,0,0,0,0,0,0,0,0,0,0,0,0,0,0,0,0,0,NA,NA,NA,NA,NA,NA,NA,NA,NA,NA,NA,NA,NA,NA,NA,NA,NA,NA,NA,NA,NA,NA,NA,NA,NA,NA,NA,NA,NA,NA,NA,NA,NA,NA,NA,NA,NA,NA,NA,NA,NA,NA,NA,NA,NA,NA,NA,NA,NA,NA,NA,NA,NA,NA,NA,NA,NA,NA,NA,NA,NA,NA,NA,NA,NA,NA,NA,NA,NA,0,NA,NA,NA,NA,NA,NA,NA,NA,NA,NA,NA,NA,NA,NA,NA,NA,NA,NA,NA,NA,NA,NA,NA,NA,NA,NA,NA,NA,NA,NA,NA,0,PHI,00-0025506,A.Barbre,8,0,NA,Offensive Holding,0,0,0,0,NA,NA,2016,NA,NA,4,0,Turnover,376,"10/23/16, 13:02:59",2016-10-23T17:15:11Z,Lincoln Financial Field,"Clear Temp: 62° F, Humidity: 46%, Wind: W 20 mph",10012016-1023-0732-662e-25ff3a421c9a,0,0,PENALTY,0,NA,NA,NA,3,Turnover,2016-10-23T17:14:29Z,2,0:55,0,0,0,1,1,-8,PUNT,INTERCEPTION,10:27,09:32,PHI 11,PHI 9,355,409,10,21,Home,11,31,-2.5,39,0,outdoors,grass,62,20,Doug Pederson,Mike Zimmer,PHI00,Lincoln Financial Field,0,0,C.Wentz,11,NA,NA,B.Celek,87,1,0,0,0,1,00-0032950,NA,00-0025549,C.Wentz,11,00-0032950,NA,NA,B.Celek,00-0025549,0,1,-1.298019386595115,NA,NA,NA,NA,NA,0.4214938282966614,57.85061717033386,2016,Other,NA,NA,NA,NA,NA,NA,NA,NA,NA,NA,Punt
409,2016_07_MIN_PHI,2016102307,PHI,MIN,REG,7,PHI,home,MIN,PHI,91,2016-10-23,581,1481,3281,Half1,0,3,0,1,2,0,09:41,PHI 9,12,-2,(9:41) (Shotgun) 11-C.Wentz pass short right intended for 87-B.Celek INTERCEPTED by 34-A.Sendejo at PHI 18. 34-A.Sendejo to PHI 2 for 16 yards (11-C.Wentz; 76-A.Barbre).,pass,0,1,0,1,0,0,0,short,right,9,NA,NA,NA,NA,NA,NA,NA,3,3,0,NA,NA,NA,NA,3,3,0,0,0,0,0,0,0,0,0.0058129034005105495,0.23785558342933655,0.015263081528246403,0.3179599642753601,0.16703876852989197,0.0017649488290771842,0.25430476665496826,0,0,-0.6850330934394151,-5.570784817740787,-7.713209051697049,7.713209051697049,1.4288438251242042,-1.4288438251242042,-4.47593456908362,4.47593456908362,0.6087252737488598,-6.179510091489647,0,0,1.034429510589689,-1.034429510589689,-0.7756033921614289,0.7756033921614289,2.0784632365684956,-2.0784632365684956,-6.5543978056521155,6.5543978056521155,0.500128448009491,0.49987155199050903,0.500128448009491,0.49987155199050903,-0.14696383476257324,-0.12305781245231628,-0.12305781245231628,0.3531646132469177,0.6468353867530823,0.3781432807445526,0.3781432807445526,0.01723960041999817,-0.01723960041999817,-0.12959551811218262,0.12959551811218262,0,-0.14696383476257324,0,0,-0.023313969373703003,0.023313969373703003,0.022059887647628784,-0.022059887647628784,-0.023313969373703003,0.023313969373703003,-0.10628154873847961,0.10628154873847961,0,0,0,0,0,0,0,0,0,0,1,0,0,0,0,0,0,0,0,0,0,0,0,0,0,0,0,0,0,0,0,0,0,1,0,0,0,0,0,0,0,0,0,0,0,0,1,0,0,0,0,00-0032950,C.Wentz,NA,00-0025549,B.Celek,NA,NA,NA,NA,NA,NA,NA,NA,NA,NA,NA,NA,00-0027914,A.Sendejo,NA,NA,NA,NA,NA,NA,NA,NA,NA,NA,NA,NA,NA,NA,NA,NA,NA,NA,NA,NA,NA,NA,NA,NA,NA,NA,NA,NA,NA,NA,NA,NA,NA,NA,NA,NA,NA,NA,00-0032950,C.Wentz,PHI,00-0025506,A.Barbre,PHI,NA,NA,NA,NA,NA,NA,0,NA,NA,NA,NA,NA,NA,00-0027914,A.Sendejo,NA,NA,NA,NA,NA,NA,NA,NA,NA,NA,NA,NA,NA,NA,NA,NA,NA,NA,NA,NA,NA,NA,MIN,16,NA,NA,NA,NA,0,NA,NA,0,0,0,0,NA,NA,2016,0.6492791771888733,-64.92791771888733,4,0,Turnover,409,"10/23/16, 13:02:59",2016-10-23T17:16:13Z,Lincoln Financial Field,"Clear Temp: 62° F, Humidity: 46%, Wind: W 20 mph",10012016-1023-0732-662e-25ff3a421c9a,0,0,INTERCEPTION,0,NA,NA,NA,3,Turnover,2016-10-23T17:14:29Z,2,0:55,0,0,0,1,1,-8,PUNT,INTERCEPTION,10:27,09:32,PHI 11,PHI 9,355,409,10,21,Home,11,31,-2.5,39,0,outdoors,grass,62,20,Doug Pederson,Mike Zimmer,PHI00,Lincoln Financial Field,0,0,C.Wentz,11,NA,NA,B.Celek,87,1,0,0,0,1,00-0032950,NA,00-0025549,C.Wentz,11,00-0032950,B.Celek,00-0025549,B.Celek,00-0025549,0,1,-5.570784817740787,0.6617400878823574,3.281073161539098,2,0.9985367934568785,0.3556533794035204,0.6094799637794495,39.052003622055054,2016,Go for it,NA,NA,NA,NA,NA,NA,NA,NA,NA,NA,Punt
435,2016_07_MIN_PHI,2016102307,PHI,MIN,REG,7,MIN,away,PHI,PHI,2,2016-10-23,572,1472,3272,Half1,0,4,0,1,1,1,09:32,PHI 2,2,-4,(9:32) 44-M.Asiata up the middle to PHI 1 for 1 yard (53-N.Bradham).,run,1,0,0,0,0,0,0,NA,NA,NA,NA,middle,NA,NA,NA,NA,NA,3,3,0,NA,NA,NA,NA,3,3,0,0,0,0,0,0,0,0,0.001035051653161645,0.009929263964295387,3.259748627897352e-4,0.012953844852745533,0.11162741482257843,0.0013692645588889718,0.8627591133117676,0,0,6.255817911180202,-0.18072443909477443,-7.532484612602275,7.532484612602275,1.6095682642189786,-1.6095682642189786,-4.47593456908362,4.47593456908362,NA,NA,0,0,1.034429510589689,-1.034429510589689,-0.7756033921614289,0.7756033921614289,2.0784632365684956,-2.0784632365684956,-6.5543978056521155,6.5543978056521155,0.6468353867530823,0.3531646132469177,0.3531646132469177,0.6468353867530823,1.659393310546875e-4,-0.009691357612609863,0.009691357612609863,0.35299867391586304,0.647001326084137,0.7449145317077637,0.25508546829223633,0.01707366108894348,-0.01707366108894348,-0.12959551811218262,0.12959551811218262,NA,NA,0,0,-0.023313969373703003,0.023313969373703003,0.022059887647628784,-0.022059887647628784,-0.023313969373703003,0.023313969373703003,-0.10628154873847961,0.10628154873847961,0,0,0,0,0,0,0,0,0,0,0,0,0,0,0,0,0,0,0,0,0,0,0,0,1,0,0,0,0,0,0,0,1,0,0,0,0,0,0,0,0,0,0,0,0,0,0,0,0,0,0,NA,NA,NA,NA,NA,NA,00-0028198,M.Asiata,1,NA,NA,NA,NA,NA,NA,NA,NA,NA,NA,NA,NA,NA,NA,NA,NA,NA,NA,NA,NA,NA,NA,NA,NA,NA,NA,NA,NA,NA,NA,NA,NA,NA,NA,NA,NA,NA,NA,NA,NA,NA,NA,PHI,NA,00-0029272,NA,N.Bradham,NA,NA,NA,NA,NA,NA,NA,NA,NA,NA,NA,NA,NA,0,NA,NA,NA,NA,NA,NA,NA,NA,NA,NA,NA,NA,NA,NA,NA,NA,NA,NA,NA,NA,NA,NA,NA,NA,NA,NA,NA,NA,NA,NA,NA,0,NA,NA,NA,NA,0,NA,NA,0,0,0,0,NA,NA,2016,NA,NA,5,0,Turnover,435,"10/23/16, 13:02:59",2016-10-23T17:17:06Z,Lincoln Financial Field,"Clear Temp: 62° F, Humidity: 46%, Wind: W 20 mph",10012016-1023-0732-662e-25ff3a421c9a,0,0,RUSH,0,NA,NA,NA,4,Turnover,2016-10-23T17:17:06Z,3,1:15,0,1,0,1,1,-5,INTERCEPTION,INTERCEPTION,09:32,08:17,PHI 2,PHI 6,435,501,10,21,Home,11,31,-2.5,39,0,outdoors,grass,62,20,Doug Pederson,Mike Zimmer,PHI00,Lincoln Financial Field,0,0,NA,NA,M.Asiata,44,NA,NA,0,1,0,0,1,NA,00-0028198,NA,M.Asiata,44,00-0028198,M.Asiata,00-0028198,M.Asiata,00-0028198,0,1,-0.18072443909477443,NA,NA,NA,NA,NA,0.33952775597572327,-33.95277559757233,2016,Go for it,NA,NA,NA,NA,NA,NA,NA,NA,NA,NA,Punt
456,2016_07_MIN_PHI,2016102307,PHI,MIN,REG,7,MIN,away,PHI,PHI,1,2016-10-23,532,1432,3232,Half1,0,4,0,1,2,1,08:52,PHI 1,1,-4,"(8:52) PENALTY on MIN-85-R.Ellison, False Start, 5 yards, enforced at PHI 1 - No Play.",no_play,0,0,0,0,0,0,0,NA,NA,NA,NA,NA,NA,NA,NA,NA,NA,3,3,0,NA,NA,NA,NA,3,3,0,0,0,0,0,0,0,0,0.001255829818546772,0.011980046518146992,3.7986916140653193e-4,0.018593130633234978,0.1309705525636673,0.0017421308439224958,0.8350784778594971,0,0,6.0750934720854275,-1.0044974887860008,-6.527987123816274,6.527987123816274,1.6095682642189786,-1.6095682642189786,-4.47593456908362,4.47593456908362,NA,NA,0,0,1.034429510589689,-1.034429510589689,-0.7756033921614289,0.7756033921614289,2.0784632365684956,-2.0784632365684956,-6.5543978056521155,6.5543978056521155,0.647001326084137,0.35299867391586304,0.35299867391586304,0.647001326084137,-0.02473771572113037,-0.013085007667541504,0.013085007667541504,0.3777363896369934,0.6222636103630066,0.7352231740951538,0.2647768259048462,0.01707366108894348,-0.01707366108894348,-0.12959551811218262,0.12959551811218262,NA,NA,0,0,-0.023313969373703003,0.023313969373703003,0.022059887647628784,-0.022059887647628784,-0.023313969373703003,0.023313969373703003,-0.10628154873847961,0.10628154873847961,0,0,0,0,0,0,0,0,0,0,0,0,0,0,0,0,0,0,0,0,0,0,0,0,0,0,1,0,0,0,0,0,0,0,0,0,0,0,0,0,0,0,0,0,0,0,0,0,0,0,0,NA,NA,NA,NA,NA,NA,NA,NA,NA,NA,NA,NA,NA,NA,NA,NA,NA,NA,NA,NA,NA,NA,NA,NA,NA,NA,NA,NA,NA,NA,NA,NA,NA,NA,NA,NA,NA,NA,NA,NA,NA,NA,NA,NA,NA,NA,NA,NA,NA,NA,NA,NA,NA,NA,NA,NA,NA,NA,NA,NA,NA,NA,NA,NA,NA,NA,NA,NA,NA,0,NA,NA,NA,NA,NA,NA,NA,NA,NA,NA,NA,NA,NA,NA,NA,NA,NA,NA,NA,NA,NA,NA,NA,NA,NA,NA,NA,NA,NA,NA,NA,0,MIN,00-0029587,R.Ellison,5,0,NA,False Start,0,0,0,0,NA,NA,2016,NA,NA,5,0,Turnover,456,"10/23/16, 13:02:59",2016-10-23T17:17:45Z,Lincoln Financial Field,"Clear Temp: 62° F, Humidity: 46%, Wind: W 20 mph",10012016-1023-0732-662e-25ff3a421c9a,0,0,PENALTY,0,NA,NA,NA,4,Turnover,2016-10-23T17:17:06Z,3,1:15,0,1,0,1,1,-5,INTERCEPTION,INTERCEPTION,09:32,08:17,PHI 2,PHI 6,435,501,10,21,Home,11,31,-2.5,39,0,outdoors,grass,62,20,Doug Pederson,Mike Zimmer,PHI00,Lincoln Financial Field,0,0,NA,NA,NA,NA,NA,NA,0,0,0,0,1,NA,NA,NA,NA,NA,NA,NA,NA,NA,NA,0,1,-1.0044974887860008,NA,NA,NA,NA,NA,0.3029020130634308,NA,2016,Other,NA,NA,NA,NA,NA,NA,NA,NA,NA,NA,Punt
479,2016_07_MIN_PHI,2016102307,PHI,MIN,REG,7,MIN,away,PHI,PHI,6,2016-10-23,507,1407,3207,Half1,0,4,0,1,2,1,08:27,PHI 6,6,-4,(8:27) (Shotgun) 8-S.Bradford pass incomplete short right to 14-S.Diggs.,pass,0,1,0,1,0,0,0,short,right,6,NA,NA,NA,NA,NA,NA,NA,3,3,0,NA,NA,NA,NA,3,3,0,0,0,0,0,0,0,0,0.0017918349476531148,0.016196036711335182,4.800973110832274e-4,0.020606260746717453,0.36396366357803345,0.00124756945297122,0.5957145690917969,0,0,5.070595983299427,-0.9164227074943483,-5.611564416321926,5.611564416321926,1.6095682642189786,-1.6095682642189786,-3.5595118615892716,3.5595118615892716,1.9294040167005733,-2.8458267241949216,0,0,1.034429510589689,-1.034429510589689,-0.7756033921614289,0.7756033921614289,0.14905921986792237,-0.14905921986792237,-3.708571081457194,3.708571081457194,0.6222636103630066,0.3777363896369934,0.3777363896369934,0.6222636103630066,-0.018152952194213867,-0.02063089609146118,0.02063089609146118,0.3958893418312073,0.6041106581687927,0.7221381664276123,0.2778618335723877,0.01707366108894348,-0.01707366108894348,-0.11144256591796875,0.11144256591796875,0,-0.018152952194213867,0,0,-0.023313969373703003,0.023313969373703003,0.022059887647628784,-0.022059887647628784,-0.023313969373703003,0.023313969373703003,-0.08812859654426575,0.08812859654426575,0,0,0,0,0,0,0,0,1,0,0,0,0,0,0,0,0,0,0,0,0,0,0,0,0,0,0,0,0,0,0,0,0,1,0,0,0,0,0,0,0,0,0,0,0,0,0,0,0,0,0,00-0027854,S.Bradford,NA,00-0031588,S.Diggs,NA,NA,NA,NA,NA,NA,NA,NA,NA,NA,NA,NA,NA,NA,NA,NA,NA,NA,NA,NA,NA,NA,NA,NA,NA,NA,NA,NA,NA,NA,NA,NA,NA,NA,NA,NA,NA,NA,NA,NA,NA,NA,NA,NA,NA,NA,NA,NA,NA,NA,NA,NA,NA,NA,NA,NA,NA,NA,NA,NA,NA,NA,NA,NA,0,NA,NA,NA,NA,NA,NA,NA,NA,NA,NA,NA,NA,NA,NA,NA,NA,NA,NA,NA,NA,NA,NA,NA,NA,NA,NA,NA,NA,NA,NA,NA,0,NA,NA,NA,NA,0,NA,NA,0,0,0,0,NA,NA,2016,0.3660232126712799,-36.60232126712799,5,0,Turnover,479,"10/23/16, 13:02:59",2016-10-23T17:18:36Z,Lincoln Financial Field,"Clear Temp: 62° F, Humidity: 46%, Wind: W 20 mph",10012016-1023-0732-662e-25ff3a421c9a,0,0,PASS,0,NA,NA,NA,4,Turnover,2016-10-23T17:17:06Z,3,1:15,0,1,0,1,1,-5,INTERCEPTION,INTERCEPTION,09:32,08:17,PHI 2,PHI 6,435,501,10,21,Home,11,31,-2.5,39,0,outdoors,grass,62,20,Doug Pederson,Mike Zimmer,PHI00,Lincoln Financial Field,0,0,S.Bradford,8,NA,NA,S.Diggs,14,1,0,0,0,1,00-0027854,NA,00-0031588,S.Bradford,8,00-0027854,S.Diggs,00-0031588,S.Diggs,00-0031588,0,1,-0.9164227074943483,NA,NA,NA,NA,NA,0.6182887554168701,38.17112445831299,2016,Go for it,NA,NA,NA,NA,NA,NA,NA,NA,NA,NA,Punt
501,2016_07_MIN_PHI,2016102307,PHI,MIN,REG,7,MIN,away,PHI,PHI,6,2016-10-23,502,1402,3202,Half1,0,4,0,1,3,1,08:22,PHI 6,6,-4,(8:22) (Shotgun) 8-S.Bradford pass short middle intended for 19-A.Thielen INTERCEPTED by 23-R.McLeod [55-B.Graham] at PHI -8. Touchback (19-A.Thielen).,pass,0,1,0,1,0,0,0,short,middle,6,NA,NA,NA,NA,NA,NA,NA,3,3,0,NA,NA,NA,NA,3,3,0,0,0,0,0,0,0,0,0.002026138361543417,0.0189540795981884,5.43170899618417e-4,0.024747630581259727,0.5709225535392761,0.0014114710502326488,0.3813949525356293,0,0,4.1541732758050784,-5.1684309638803825,-0.44313345244154334,0.44313345244154334,1.6095682642189786,-1.6095682642189786,1.608919102291111,-1.608919102291111,2.8458267241949216,-8.014257688075304,0,0,1.034429510589689,-1.034429510589689,-0.7756033921614289,0.7756033921614289,-2.696767504326999,2.696767504326999,4.30568660661811,-4.30568660661811,0.6041106581687927,0.3958893418312073,0.3958893418312073,0.6041106581687927,-0.14340204000473022,-0.12370499968528748,0.12370499968528748,0.5392913818359375,0.4607086181640625,0.7015072703361511,0.2984927296638489,0.01707366108894348,-0.01707366108894348,0.031959474086761475,-0.031959474086761475,0,-0.14340204000473022,0,0,-0.023313969373703003,0.023313969373703003,0.022059887647628784,-0.022059887647628784,-0.023313969373703003,0.023313969373703003,0.05527344346046448,-0.05527344346046448,0,0,0,0,0,1,0,0,0,1,1,0,0,0,0,0,0,0,0,0,0,0,0,0,1,0,0,0,0,0,0,1,0,1,0,0,0,0,0,0,0,0,0,0,0,0,0,0,0,0,0,00-0027854,S.Bradford,NA,00-0030035,A.Thielen,NA,NA,NA,NA,NA,NA,NA,NA,NA,NA,NA,NA,00-0028899,R.McLeod,NA,NA,NA,NA,NA,NA,NA,NA,NA,NA,NA,NA,NA,NA,NA,NA,NA,NA,NA,NA,NA,NA,00-0027865,B.Graham,NA,NA,NA,NA,NA,NA,NA,NA,MIN,NA,00-0030035,NA,A.Thielen,NA,NA,NA,NA,NA,NA,NA,NA,NA,NA,NA,NA,NA,0,NA,NA,NA,NA,NA,NA,00-0028899,R.McLeod,NA,NA,NA,NA,NA,NA,NA,NA,NA,NA,NA,NA,NA,NA,NA,NA,NA,NA,NA,NA,NA,NA,PHI,0,NA,NA,NA,NA,0,NA,NA,0,0,0,0,NA,NA,2016,0.3129802346229553,-31.298023462295532,5,0,Turnover,501,"10/23/16, 13:02:59",2016-10-23T17:19:20Z,Lincoln Financial Field,"Clear Temp: 62° F, Humidity: 46%, Wind: W 20 mph",10012016-1023-0732-662e-25ff3a421c9a,0,0,INTERCEPTION,0,NA,NA,NA,4,Turnover,2016-10-23T17:17:06Z,3,1:15,0,1,0,1,1,-5,INTERCEPTION,INTERCEPTION,09:32,08:17,PHI 2,PHI 6,435,501,10,21,Home,11,31,-2.5,39,0,outdoors,grass,62,20,Doug Pederson,Mike Zimmer,PHI00,Lincoln Financial Field,0,0,S.Bradford,8,NA,NA,A.Thielen,19,1,0,0,0,1,00-0027854,NA,00-0030035,S.Bradford,8,00-0027854,A.Thielen,00-0030035,A.Thielen,00-0030035,0,1,-5.1684309638803825,NA,NA,NA,NA,NA,0.9718987941741943,2.8101205825805664,2016,Go for it,NA,NA,NA,NA,NA,NA,NA,NA,NA,NA,Punt
528,2016_07_MIN_PHI,2016102307,PHI,MIN,REG,7,PHI,home,MIN,PHI,80,2016-10-23,497,1397,3197,Half1,0,5,0,1,1,0,08:17,PHI 20,10,-3,(8:17) (Shotgun) 11-C.Wentz pass short right to 87-B.Celek to PHI 27 for 7 yards (27-J.Kearse).,pass,7,1,0,1,0,0,0,short,right,0,7,NA,NA,NA,NA,NA,NA,3,3,0,NA,NA,NA,NA,3,3,0,0,0,0,0,0,0,0,0.009503981098532677,0.1656985729932785,0.0035402383655309677,0.23552154004573822,0.2281624972820282,0.004082977771759033,0.3534901738166809,0,0,1.014257688075304,0.3418884710408747,-0.10124498140066862,0.10124498140066862,1.6095682642189786,-1.6095682642189786,1.9508075733319856,-1.9508075733319856,-0.5953465490601957,0.9372350201010704,-0.5953465490601957,0.9372350201010704,0.43908296152949333,-0.43908296152949333,0.16163162793964148,-0.16163162793964148,-3.292114053387195,3.292114053387195,5.2429216267191805,-5.2429216267191805,0.5392913818359375,0.4607086181640625,0.5392913818359375,0.4607086181640625,0.008401155471801758,-0.0012775957584381104,-0.0012775957584381104,0.5476925373077393,0.45230746269226074,0.42219772934913635,0.42219772934913635,0.01707366108894348,-0.01707366108894348,0.04036062955856323,-0.04036062955856323,0,0.008401155471801758,0,0.008401155471801758,-0.023313969373703003,0.023313969373703003,0.030461043119430542,-0.030461043119430542,-0.023313969373703003,0.023313969373703003,0.06367459893226624,-0.06367459893226624,0,0,0,0,0,0,0,0,0,0,0,0,0,0,0,0,0,0,0,0,0,0,0,0,1,0,0,0,0,0,0,0,0,1,0,0,0,0,0,0,0,0,0,0,0,1,0,0,0,0,0,00-0032950,C.Wentz,7,00-0025549,B.Celek,7,NA,NA,NA,NA,NA,NA,NA,NA,NA,NA,NA,NA,NA,NA,NA,NA,NA,NA,NA,NA,NA,NA,NA,NA,NA,NA,NA,NA,NA,NA,NA,NA,NA,NA,NA,NA,NA,NA,NA,NA,NA,NA,NA,NA,NA,MIN,NA,00-0032454,NA,J.Kearse,NA,NA,NA,NA,NA,NA,NA,NA,NA,NA,NA,NA,NA,0,NA,NA,NA,NA,NA,NA,NA,NA,NA,NA,NA,NA,NA,NA,NA,NA,NA,NA,NA,NA,NA,NA,NA,NA,NA,NA,NA,NA,NA,NA,NA,0,NA,NA,NA,NA,0,NA,NA,0,0,0,0,NA,NA,2016,0.723264753818512,27.673524618148804,6,1,First down,528,"10/23/16, 13:02:59",2016-10-23T17:22:05Z,Lincoln Financial Field,"Clear Temp: 62° F, Humidity: 46%, Wind: W 20 mph",10012016-1023-0732-662e-25ff3a421c9a,0,0,PASS,0,NA,NA,NA,5,Turnover,2016-10-23T17:22:05Z,3,1:28,1,0,0,1,1,0,INTERCEPTION,FUMBLE,08:17,06:49,PHI 20,PHI 39,528,576,10,21,Home,11,31,-2.5,39,0,outdoors,grass,62,20,Doug Pederson,Mike Zimmer,PHI00,Lincoln Financial Field,0,1,C.Wentz,11,NA,NA,B.Celek,87,1,0,0,0,1,00-0032950,NA,00-0025549,C.Wentz,11,00-0032950,B.Celek,00-0025549,B.Celek,00-0025549,0,1,0.3418884710408747,0.8149002555281175,7.022183145476447,6,0.6035496952827089,0.22453492012573406,0.45928332209587097,54.0716677904129,2016,Go for it,NA,NA,NA,NA,NA,NA,NA,NA,NA,NA,Punt
552,2016_07_MIN_PHI,2016102307,PHI,MIN,REG,7,PHI,home,MIN,PHI,73,2016-10-23,453,1353,3153,Half1,0,5,0,1,2,0,07:33,PHI 27,3,-3,(7:33) (Shotgun) 11-C.Wentz pass short left to 13-J.Huff pushed ob at PHI 39 for 12 yards (29-X.Rhodes).,pass,12,1,0,1,0,0,0,short,left,6,6,NA,NA,NA,NA,NA,NA,3,3,0,NA,NA,NA,NA,3,3,0,0,0,0,0,0,0,0,0.011429395526647568,0.1493300050497055,0.0036655215080827475,0.22368845343589783,0.22125665843486786,0.00417864415794611,0.3864513039588928,0,0,1.3561461591161788,0.9201550271827728,0.8189100457821041,-0.8189100457821041,1.6095682642189786,-1.6095682642189786,2.8709626005147584,-2.8709626005147584,0.5419878209941089,0.37816720618866384,0.5419878209941089,0.37816720618866384,0.9810707825236022,-0.9810707825236022,0.5397988341283053,-0.5397988341283053,-2.750126232393086,2.750126232393086,5.621088832907844,-5.621088832907844,0.5476925373077393,0.45230746269226074,0.5476925373077393,0.45230746269226074,0.024880826473236084,0.020978420972824097,0.020978420972824097,0.5725733637809753,0.42742663621902466,0.42092013359069824,0.42092013359069824,0.01707366108894348,-0.01707366108894348,0.06524145603179932,-0.06524145603179932,0,0.024880826473236084,0,0.024880826473236084,-0.023313969373703003,0.023313969373703003,0.055341869592666626,-0.055341869592666626,-0.023313969373703003,0.023313969373703003,0.08855542540550232,-0.08855542540550232,0,0,1,0,0,0,0,0,0,0,0,0,0,0,0,0,0,0,0,0,0,0,0,0,1,0,0,0,0,0,0,0,0,1,0,0,0,0,0,0,0,0,0,0,0,1,0,0,0,0,0,00-0032950,C.Wentz,12,00-0030990,J.Huff,12,NA,NA,NA,NA,NA,NA,NA,NA,NA,NA,NA,NA,NA,NA,NA,NA,NA,NA,NA,NA,NA,NA,NA,NA,NA,NA,NA,NA,NA,NA,NA,NA,NA,NA,NA,NA,NA,NA,NA,NA,NA,NA,NA,NA,NA,MIN,NA,00-0030575,NA,X.Rhodes,NA,NA,NA,NA,NA,NA,NA,NA,NA,NA,NA,NA,NA,0,NA,NA,NA,NA,NA,NA,NA,NA,NA,NA,NA,NA,NA,NA,NA,NA,NA,NA,NA,NA,NA,NA,NA,NA,NA,NA,NA,NA,NA,NA,NA,0,NA,NA,NA,NA,0,NA,NA,0,0,0,0,NA,NA,2016,0.7169148921966553,28.308510780334473,6,1,First down,552,"10/23/16, 13:02:59",2016-10-23T17:22:49Z,Lincoln Financial Field,"Clear Temp: 62° F, Humidity: 46%, Wind: W 20 mph",10012016-1023-0732-662e-25ff3a421c9a,0,0,PASS,0,NA,NA,NA,5,Turnover,2016-10-23T17:22:05Z,3,1:28,1,0,0,1,1,0,INTERCEPTION,FUMBLE,08:17,06:49,PHI 20,PHI 39,528,576,10,21,Home,11,31,-2.5,39,0,outdoors,grass,62,20,Doug Pederson,Mike Zimmer,PHI00,Lincoln Financial Field,0,1,C.Wentz,11,NA,NA,J.Huff,13,1,0,1,0,1,00-0032950,NA,00-0030990,C.Wentz,11,00-0032950,J.Huff,00-0030990,J.Huff,00-0030990,1,1,0.9201550271827728,0.21879504469511046,3.5106852581157,1,0.9995760812889785,0.999149915529415,0.3706769049167633,62.93230950832367,2016,Go for it,NA,NA,NA,NA,NA,NA,NA,NA,NA,NA,Punt
576,2016_07_MIN_PHI,2016102307,PHI,MIN,REG,7,PHI,home,MIN,PHI,61,2016-10-23,420,1320,3120,Half1,0,5,0,1,1,0,07:00,PHI 39,10,-3,"(7:00) 11-C.Wentz FUMBLES (Aborted) at PHI 34, RECOVERED by MIN-55-A.Barr at PHI 17. 55-A.Barr to PHI 17 for no gain (11-C.Wentz).",run,0,0,0,0,0,0,0,NA,NA,NA,NA,NA,NA,NA,NA,NA,NA,3,3,0,NA,NA,NA,NA,3,3,0,0,0,0,0,0,0,0,0.01241972204297781,0.11163187026977539,0.001771709998138249,0.1720326542854309,0.26835423707962036,0.004524526186287403,0.4292652904987335,0,0,2.2763011862989515,-6.940210659056902,-6.121300613274798,6.121300613274798,-5.330642394837923,5.330642394837923,2.8709626005147584,-2.8709626005147584,NA,NA,0,0,0.9810707825236022,-0.9810707825236022,0.5397988341283053,-0.5397988341283053,-2.750126232393086,2.750126232393086,5.621088832907844,-5.621088832907844,0.5725733637809753,0.42742663621902466,0.5725733637809753,0.42742663621902466,-0.19594669342041016,-0.15351614356040955,-0.15351614356040955,0.3766266703605652,0.6233733296394348,0.44189855456352234,0.44189855456352234,-0.17887303233146667,0.17887303233146667,0.06524145603179932,-0.06524145603179932,NA,NA,0,0,-0.023313969373703003,0.023313969373703003,0.055341869592666626,-0.055341869592666626,-0.023313969373703003,0.023313969373703003,0.08855542540550232,-0.08855542540550232,0,0,0,0,0,0,0,0,0,0,0,0,0,0,0,0,0,0,0,0,0,0,1,0,1,0,0,0,1,0,0,0,1,0,0,0,0,0,0,0,0,0,0,0,1,0,0,0,0,0,1,NA,NA,NA,NA,NA,NA,00-0032950,C.Wentz,0,NA,NA,NA,NA,NA,NA,NA,NA,NA,NA,NA,NA,NA,NA,NA,NA,NA,NA,NA,NA,NA,NA,NA,NA,NA,NA,NA,NA,NA,NA,NA,NA,NA,NA,NA,NA,NA,NA,NA,NA,NA,NA,PHI,NA,00-0032950,NA,C.Wentz,NA,NA,NA,NA,NA,NA,NA,NA,NA,NA,NA,NA,NA,0,NA,NA,NA,NA,NA,NA,NA,NA,NA,NA,PHI,00-0032950,C.Wentz,NA,NA,NA,MIN,0,00-0031256,A.Barr,NA,NA,NA,NA,NA,NA,NA,NA,NA,NA,NA,0,NA,NA,NA,NA,0,NA,NA,0,0,0,0,NA,NA,2016,NA,NA,7,0,Turnover,576,"10/23/16, 13:02:59",2016-10-23T17:23:26Z,Lincoln Financial Field,"Clear Temp: 62° F, Humidity: 46%, Wind: W 20 mph",10012016-1023-0732-662e-25ff3a421c9a,0,0,RUSH,0,NA,NA,NA,5,Turnover,2016-10-23T17:22:05Z,3,1:28,1,0,0,1,1,0,INTERCEPTION,FUMBLE,08:17,06:49,PHI 20,PHI 39,528,576,10,21,Home,11,31,-2.5,39,0,outdoors,grass,62,20,Doug Pederson,Mike Zimmer,PHI00,Lincoln Financial Field,1,0,NA,NA,C.Wentz,11,NA,NA,0,1,0,0,1,NA,00-0032950,NA,C.Wentz,11,00-0032950,C.Wentz,00-0032950,C.Wentz,00-0032950,0,1,-6.940210659056902,NA,NA,NA,NA,NA,0.4719879627227783,-47.19879627227783,2016,Go for it,NA,NA,NA,NA,NA,NA,NA,NA,NA,NA,Punt
606,2016_07_MIN_PHI,2016102307,PHI,MIN,REG,7,MIN,away,PHI,PHI,17,2016-10-23,409,1309,3109,Half1,0,6,0,1,1,0,06:49,PHI 17,10,-7,"(6:49) 8-S.Bradford sacked at PHI 25 for -8 yards (98-C.Barwin). FUMBLES (98-C.Barwin) [75-V.Curry], RECOVERED by PHI-27-M.Jenkins at PHI 24. 27-M.Jenkins for 76 yards, TOUCHDOWN. The Replay Official reviewed the runner was not down by contact ruling, and the play was REVERSED. 8-S.Bradford sacked at PHI 25 for -8 yards (98-C.Barwin). FUMBLES (98-C.Barwin) [75-V.Curry], RECOVERED by PHI-27-M.Jenkins at PHI 24. 27-M.Jenkins to PHI 24 for no gain (82-K.Rudolph). PENALTY on MIN-72-J.Long, Face Mask (15 Yards), 15 yards, enforced at PHI 24.",pass,-7,0,0,1,0,0,0,NA,NA,NA,NA,NA,NA,NA,NA,NA,NA,3,3,0,NA,NA,NA,NA,3,3,0,0,0,0,0,0,0,0,0.004074000753462315,0.023715460672974586,5.577376578003168e-4,0.03946536406874657,0.3769303262233734,0.001032396568916738,0.5542247295379639,0,0,4.66390947275795,-6.9367463937960565,0.8154457805212587,-0.8154457805212587,-5.330642394837923,5.330642394837923,9.807708994310815,-9.807708994310815,NA,NA,0,0,0.9810707825236022,-0.9810707825236022,0.5397988341283053,-0.5397988341283053,-2.750126232393086,2.750126232393086,5.621088832907844,-5.621088832907844,0.6233733296394348,0.3766266703605652,0.3766266703605652,0.6233733296394348,-0.19874197244644165,-0.15270966291427612,0.15270966291427612,0.5753686428070068,0.42463135719299316,0.7116175889968872,0.2883824110031128,-0.17887303233146667,0.17887303233146667,0.26398342847824097,-0.26398342847824097,NA,NA,0,0,-0.023313969373703003,0.023313969373703003,0.055341869592666626,-0.055341869592666626,-0.023313969373703003,0.023313969373703003,0.08855542540550232,-0.08855542540550232,0,0,0,0,0,0,0,0,0,0,0,0,0,0,0,0,0,0,0,0,0,1,0,0,1,0,1,0,1,0,0,1,0,1,1,0,0,0,0,0,0,0,0,0,1,0,0,0,0,0,0,00-0027854,S.Bradford,NA,NA,NA,NA,NA,NA,NA,NA,NA,NA,NA,NA,NA,NA,NA,NA,NA,NA,NA,NA,NA,NA,NA,NA,NA,NA,NA,NA,NA,NA,NA,NA,NA,NA,NA,NA,NA,NA,NA,00-0029412,V.Curry,NA,NA,PHI,00-0027022,C.Barwin,NA,NA,NA,PHI,MIN,00-0027022,00-0027981,C.Barwin,K.Rudolph,NA,NA,NA,NA,NA,NA,NA,NA,NA,NA,NA,NA,0,NA,NA,NA,NA,NA,NA,NA,NA,NA,NA,MIN,00-0027854,S.Bradford,NA,NA,NA,PHI,0,00-0026990,M.Jenkins,NA,NA,NA,NA,00-0027022,C.Barwin,NA,NA,NA,NA,NA,0,MIN,00-0025820,J.Long,15,1,reversed,Face Mask,0,0,0,0,NA,NA,2016,NA,NA,8,0,Turnover,606,"10/23/16, 13:02:59",2016-10-23T17:24:29Z,Lincoln Financial Field,"Clear Temp: 62° F, Humidity: 46%, Wind: W 20 mph",10012016-1023-0732-662e-25ff3a421c9a,0,0,SACK,0,NA,NA,NA,6,Turnover,2016-10-23T17:24:29Z,1,0:05,0,1,0,1,1,0,FUMBLE,FUMBLE,06:49,06:44,PHI 17,PHI 17,606,606,10,21,Home,11,31,-2.5,39,0,outdoors,grass,62,20,Doug Pederson,Mike Zimmer,PHI00,Lincoln Financial Field,0,0,S.Bradford,8,NA,NA,NA,NA,1,0,0,0,1,00-0027854,NA,NA,S.Bradford,8,00-0027854,NA,NA,NA,NA,0,1,-6.9367463937960565,NA,NA,NA,NA,NA,0.4087767004966736,59.12232995033264,2016,Go for it,NA,NA,NA,NA,NA,NA,NA,NA,NA,NA,Punt
697,2016_07_MIN_PHI,2016102307,PHI,MIN,REG,7,PHI,home,MIN,PHI,61,2016-10-23,404,1304,3104,Half1,0,7,0,1,1,0,06:44,PHI 39,10,-1,(6:44) 24-R.Mathews left end pushed ob at PHI 36 for -3 yards (29-X.Rhodes).,run,-3,0,0,0,0,0,0,NA,NA,NA,NA,left,end,NA,NA,NA,NA,3,3,0,NA,NA,NA,NA,3,3,0,0,0,0,0,0,0,0,0.013247408904135227,0.11162292212247849,0.0017656827112659812,0.1720188558101654,0.268344521522522,0.004133822396397591,0.42886683344841003,0,0,2.272836921038106,-0.9424671458546072,-0.1270213653333485,0.1270213653333485,-6.273109540692531,6.273109540692531,9.807708994310815,-9.807708994310815,NA,NA,0,0,0.9810707825236022,-0.9810707825236022,0.5397988341283053,-0.5397988341283053,-2.750126232393086,2.750126232393086,5.621088832907844,-5.621088832907844,0.5753686428070068,0.42463135719299316,0.5753686428070068,0.42463135719299316,-0.02607882022857666,-0.02795913815498352,-0.02795913815498352,0.5492898225784302,0.4507101774215698,0.4410920739173889,0.4410920739173889,-0.20495185256004333,0.20495185256004333,0.26398342847824097,-0.26398342847824097,NA,NA,0,0,-0.023313969373703003,0.023313969373703003,0.055341869592666626,-0.055341869592666626,-0.023313969373703003,0.023313969373703003,0.08855542540550232,-0.08855542540550232,0,0,0,0,0,0,0,0,0,0,0,0,0,0,0,0,0,0,0,0,0,0,0,0,1,0,0,1,0,0,0,0,1,0,0,0,0,0,0,0,0,0,0,0,0,0,0,0,0,0,0,NA,NA,NA,NA,NA,NA,00-0027864,R.Mathews,-3,NA,NA,NA,NA,NA,NA,NA,NA,NA,NA,NA,NA,NA,NA,NA,NA,NA,NA,NA,NA,NA,NA,NA,NA,NA,NA,NA,NA,00-0030575,X.Rhodes,NA,NA,NA,NA,NA,NA,NA,NA,NA,NA,NA,NA,MIN,NA,00-0030575,NA,X.Rhodes,NA,NA,NA,NA,NA,NA,NA,NA,NA,NA,NA,NA,NA,0,NA,NA,NA,NA,NA,NA,NA,NA,NA,NA,NA,NA,NA,NA,NA,NA,NA,NA,NA,NA,NA,NA,NA,NA,NA,NA,NA,NA,NA,NA,NA,0,NA,NA,NA,NA,0,NA,NA,0,0,0,0,NA,NA,2016,NA,NA,9,0,Turnover,697,"10/23/16, 13:02:59",2016-10-23T17:29:12Z,Lincoln Financial Field,"Clear Temp: 62° F, Humidity: 46%, Wind: W 20 mph",10012016-1023-0732-662e-25ff3a421c9a,0,0,RUSH,0,NA,NA,NA,7,Turnover,2016-10-23T17:29:12Z,3,1:23,0,0,0,1,1,0,FUMBLE,INTERCEPTION,06:44,05:21,PHI 39,PHI 38,697,747,10,21,Home,11,31,-2.5,39,0,outdoors,grass,62,20,Doug Pederson,Mike Zimmer,PHI00,Lincoln Financial Field,0,0,NA,NA,R.Mathews,24,NA,NA,0,1,0,0,1,NA,00-0027864,NA,R.Mathews,24,00-0027864,R.Mathews,00-0027864,R.Mathews,00-0027864,1,1,-0.9424671458546072,NA,NA,NA,NA,NA,0.4696351885795593,-46.96351885795593,2016,Go for it,NA,NA,NA,NA,NA,NA,NA,NA,NA,NA,Punt
718,2016_07_MIN_PHI,2016102307,PHI,MIN,REG,7,PHI,home,MIN,PHI,64,2016-10-23,373,1273,3073,Half1,0,6,0,1,2,0,06:13,PHI 36,13,-7,(6:13) 11-C.Wentz pass short right to 13-J.Huff to PHI 38 for 2 yards (22-H.Smith).,pass,2,0,0,1,0,0,0,short,right,-3,5,NA,NA,NA,NA,NA,NA,3,3,0,NA,NA,NA,NA,3,3,0,0,0,0,0,0,0,0,0.014825399965047836,0.14203885197639465,0.0028165760450065136,0.23001304268836975,0.21903128921985626,0.004761410877108574,0.38651344180107117,0,0,1.3303697751834989,-0.6492750626057386,-0.7762964279390872,0.7762964279390872,-6.273109540692531,6.273109540692531,9.158433931705076,-9.158433931705076,-1.1482716682367027,0.49899660563096404,-1.1482716682367027,0.49899660563096404,-0.16720088571310043,0.16720088571310043,1.0387954397592694,-1.0387954397592694,-3.8983979006297886,3.8983979006297886,6.120085438538808,-6.120085438538808,0.5492898225784302,0.4507101774215698,0.5492898225784302,0.4507101774215698,-0.03588789701461792,-0.025344520807266235,-0.025344520807266235,0.5134019255638123,0.48659807443618774,0.4131329357624054,0.4131329357624054,-0.20495185256004333,0.20495185256004333,0.22809553146362305,-0.22809553146362305,0,-0.03588789701461792,0,-0.03588789701461792,-0.023313969373703003,0.023313969373703003,0.019453972578048706,-0.019453972578048706,-0.023313969373703003,0.023313969373703003,0.0526675283908844,-0.0526675283908844,0,0,0,0,0,0,0,0,0,0,0,0,0,0,0,0,0,0,0,0,0,0,0,0,1,0,0,0,0,0,0,0,0,1,0,0,0,0,0,0,0,0,0,0,0,1,0,0,0,0,0,00-0032950,C.Wentz,2,00-0030990,J.Huff,2,NA,NA,NA,NA,NA,NA,NA,NA,NA,NA,NA,NA,NA,NA,NA,NA,NA,NA,NA,NA,NA,NA,NA,NA,NA,NA,NA,NA,NA,NA,NA,NA,NA,NA,NA,NA,NA,NA,NA,NA,NA,NA,NA,NA,NA,MIN,NA,00-0029606,NA,H.Smith,NA,NA,NA,NA,NA,NA,NA,NA,NA,NA,NA,NA,NA,0,NA,NA,NA,NA,NA,NA,NA,NA,NA,NA,NA,NA,NA,NA,NA,NA,NA,NA,NA,NA,NA,NA,NA,NA,NA,NA,NA,NA,NA,NA,NA,0,NA,NA,NA,NA,0,NA,NA,0,0,0,0,NA,NA,2016,0.8622385263442993,13.776147365570068,9,0,Turnover,718,"10/23/16, 13:02:59",2016-10-23T17:29:47Z,Lincoln Financial Field,"Clear Temp: 62° F, Humidity: 46%, Wind: W 20 mph",10012016-1023-0732-662e-25ff3a421c9a,0,0,PASS,0,NA,NA,NA,7,Turnover,2016-10-23T17:24:29Z,1,0:05,0,1,0,1,1,0,FUMBLE,FUMBLE,06:49,06:44,PHI 17,PHI 17,606,606,10,21,Home,11,31,-2.5,39,0,outdoors,grass,62,20,Doug Pederson,Mike Zimmer,PHI00,Lincoln Financial Field,0,0,C.Wentz,11,NA,NA,J.Huff,13,1,0,0,0,1,00-0032950,NA,00-0030990,C.Wentz,11,00-0032950,J.Huff,00-0030990,J.Huff,00-0030990,0,1,-0.6492750626057386,1.223051020282619,9.649072377113043,8,0.42105100385379046,0.15625783510040492,0.7578467130661011,24.215328693389893,2016,Go for it,NA,NA,NA,NA,NA,NA,NA,NA,NA,NA,Punt
747,2016_07_MIN_PHI,2016102307,PHI,MIN,REG,7,PHI,home,MIN,PHI,62,2016-10-23,328,1228,3028,Half1,0,7,0,1,3,0,05:28,PHI 38,11,-1,(5:28) (Shotgun) 11-C.Wentz pass deep middle intended for 17-N.Agholor INTERCEPTED by 29-X.Rhodes at MIN 39. 29-X.Rhodes to MIN 39 for no gain (17-N.Agholor).,pass,0,1,0,1,0,0,0,deep,middle,23,NA,NA,NA,NA,NA,NA,NA,3,3,0,NA,NA,NA,NA,3,3,0,0,0,0,0,0,0,0,0.019428007304668427,0.167524054646492,0.0024083834141492844,0.2594859302043915,0.2075391560792923,0.004606665577739477,0.33900776505470276,0,0,0.6810947125777602,-2.2678405921906233,-3.0441370201297104,3.0441370201297104,-6.273109540692531,6.273109540692531,6.890593339514453,-6.890593339514453,2.9598049221094698,-5.227645514300093,0,0,-0.16720088571310043,0.16720088571310043,1.0387954397592694,-1.0387954397592694,-0.9385929785203189,0.9385929785203189,0.8924399242387153,-0.8924399242387153,0.5134019255638123,0.48659807443618774,0.5134019255638123,0.48659807443618774,-0.04156619310379028,-0.032628417015075684,-0.032628417015075684,0.471835732460022,0.528164267539978,0.38778841495513916,0.38778841495513916,-0.20495185256004333,0.20495185256004333,0.18652933835983276,-0.18652933835983276,0,-0.04156619310379028,0,0,-0.023313969373703003,0.023313969373703003,0.019453972578048706,-0.019453972578048706,-0.023313969373703003,0.023313969373703003,0.011101335287094116,-0.011101335287094116,0,0,0,0,0,1,0,0,0,0,1,0,0,0,0,0,0,0,0,0,0,0,0,0,1,0,0,0,0,0,0,0,0,1,0,0,0,0,0,0,0,0,0,0,0,0,0,0,0,0,0,00-0032950,C.Wentz,NA,00-0031549,N.Agholor,NA,NA,NA,NA,NA,NA,NA,NA,NA,NA,NA,NA,00-0030575,X.Rhodes,NA,NA,NA,NA,NA,NA,NA,NA,NA,NA,NA,NA,NA,NA,NA,NA,NA,NA,NA,NA,NA,NA,NA,NA,NA,NA,NA,NA,NA,NA,NA,NA,PHI,NA,00-0031549,NA,N.Agholor,NA,NA,NA,NA,NA,NA,NA,NA,NA,NA,NA,NA,NA,0,NA,NA,NA,NA,NA,NA,00-0030575,X.Rhodes,NA,NA,NA,NA,NA,NA,NA,NA,NA,NA,NA,NA,NA,NA,NA,NA,NA,NA,NA,NA,NA,NA,MIN,0,NA,NA,NA,NA,0,NA,NA,0,0,0,0,NA,NA,2016,0.4890589416027069,-48.90589416027069,9,0,Turnover,747,"10/23/16, 13:02:59",2016-10-23T17:30:32Z,Lincoln Financial Field,"Clear Temp: 62° F, Humidity: 46%, Wind: W 20 mph",10012016-1023-0732-662e-25ff3a421c9a,0,0,INTERCEPTION,0,NA,NA,NA,7,Turnover,2016-10-23T17:29:12Z,3,1:23,0,0,0,1,1,0,FUMBLE,INTERCEPTION,06:44,05:21,PHI 39,PHI 38,697,747,10,21,Home,11,31,-2.5,39,0,outdoors,grass,62,20,Doug Pederson,Mike Zimmer,PHI00,Lincoln Financial Field,0,0,C.Wentz,11,NA,NA,N.Agholor,17,1,0,0,0,1,00-0032950,NA,00-0031549,C.Wentz,11,00-0032950,N.Agholor,00-0031549,N.Agholor,00-0031549,0,1,-2.2678405921906233,0.3056915371141167,5.402732681686757,3,1,1,0.9768922328948975,2.310776710510254,2016,Go for it,NA,NA,NA,NA,NA,NA,NA,NA,NA,NA,Punt
774,2016_07_MIN_PHI,2016102307,PHI,MIN,REG,7,MIN,away,PHI,MIN,61,2016-10-23,321,1221,3021,Half1,0,8,0,1,1,0,05:21,MIN 39,10,16,(5:21) Direct snap to 21-J.McKinnon. 21-J.McKinnon up the middle to MIN 47 for 8 yards (95-M.Kendricks).,run,8,0,0,0,0,0,0,NA,NA,NA,NA,middle,NA,NA,NA,NA,NA,3,3,0,NA,NA,NA,NA,3,3,0,0,0,0,0,0,0,0,0.01826160028576851,0.11943677067756653,0.0024567837826907635,0.21197745203971863,0.2698696255683899,0.004356305114924908,0.3736414909362793,0,0,1.586745879612863,0.6677692285738885,-3.711906248703599,3.711906248703599,-6.940878769266419,6.940878769266419,6.890593339514453,-6.890593339514453,NA,NA,0,0,-0.16720088571310043,0.16720088571310043,1.0387954397592694,-1.0387954397592694,-0.9385929785203189,0.9385929785203189,0.8924399242387153,-0.8924399242387153,0.528164267539978,0.471835732460022,0.471835732460022,0.528164267539978,0.006163358688354492,0.0033089518547058105,-0.0033089518547058105,0.4656723737716675,0.5343276262283325,0.6448400020599365,0.3551599979400635,-0.21111521124839783,0.21111521124839783,0.18652933835983276,-0.18652933835983276,NA,NA,0,0,-0.023313969373703003,0.023313969373703003,0.019453972578048706,-0.019453972578048706,-0.023313969373703003,0.023313969373703003,0.011101335287094116,-0.011101335287094116,0,0,0,0,0,0,0,0,0,0,0,0,0,0,0,0,0,0,0,0,0,0,0,0,1,0,0,0,0,0,0,0,1,0,0,0,0,0,0,0,0,0,0,0,0,0,0,0,0,0,0,NA,NA,NA,NA,NA,NA,00-0031376,J.McKinnon,8,NA,NA,NA,NA,NA,NA,NA,NA,NA,NA,NA,NA,NA,NA,NA,NA,NA,NA,NA,NA,NA,NA,NA,NA,NA,NA,NA,NA,NA,NA,NA,NA,NA,NA,NA,NA,NA,NA,NA,NA,NA,NA,PHI,NA,00-0029409,NA,M.Kendricks,NA,NA,NA,NA,NA,NA,NA,NA,NA,NA,NA,NA,NA,0,NA,NA,NA,NA,NA,NA,NA,NA,NA,NA,NA,NA,NA,NA,NA,NA,NA,NA,NA,NA,NA,NA,NA,NA,NA,NA,NA,NA,NA,NA,NA,0,NA,NA,NA,NA,0,NA,NA,0,0,0,0,NA,NA,2016,NA,NA,10,1,First down,774,"10/23/16, 13:02:59",2016-10-23T17:33:03Z,Lincoln Financial Field,"Clear Temp: 62° F, Humidity: 46%, Wind: W 20 mph",10012016-1023-0732-662e-25ff3a421c9a,0,0,RUSH,0,NA,NA,NA,8,Punt,2016-10-23T17:33:03Z,6,2:26,1,0,0,1,1,0,INTERCEPTION,PUNT,05:21,02:55,MIN 39,PHI 45,774,919,10,21,Home,11,31,-2.5,39,0,outdoors,grass,62,20,Doug Pederson,Mike Zimmer,PHI00,Lincoln Financial Field,0,1,NA,NA,J.McKinnon,21,NA,21,0,1,0,0,1,NA,00-0031376,NA,J.McKinnon,21,00-0031376,J.McKinnon,00-0031376,J.McKinnon,00-0031376,0,1,0.6677692285738885,NA,NA,NA,NA,NA,0.4821591079235077,-48.21591079235077,2016,Go for it,NA,NA,NA,NA,NA,NA,NA,NA,NA,NA,Punt
797,2016_07_MIN_PHI,2016102307,PHI,MIN,REG,7,MIN,away,PHI,MIN,53,2016-10-23,299,1199,2999,Half1,0,8,0,1,2,0,04:59,MIN 47,2,16,(4:59) (No Huddle) 21-J.McKinnon up the middle to MIN 48 for 1 yard (27-M.Jenkins).,run,1,0,1,0,0,0,0,NA,NA,NA,NA,middle,NA,NA,NA,NA,NA,3,3,0,NA,NA,NA,NA,3,3,0,0,0,0,0,0,0,0,0.013352123089134693,0.10478679090738297,0.0019745149184018373,0.17263326048851013,0.2866688072681427,0.004568160977214575,0.4160163700580597,0,0,2.2545151081867516,-0.3322114902548492,-3.37969475844875,3.37969475844875,-6.60866727901157,6.60866727901157,6.890593339514453,-6.890593339514453,NA,NA,0,0,-0.16720088571310043,0.16720088571310043,1.0387954397592694,-1.0387954397592694,-0.9385929785203189,0.9385929785203189,0.8924399242387153,-0.8924399242387153,0.5343276262283325,0.4656723737716675,0.4656723737716675,0.5343276262283325,-0.01215296983718872,-0.008554577827453613,0.008554577827453613,0.4778253436088562,0.5221746563911438,0.6481489539146423,0.35185104608535767,-0.1989622414112091,0.1989622414112091,0.18652933835983276,-0.18652933835983276,NA,NA,0,0,-0.023313969373703003,0.023313969373703003,0.019453972578048706,-0.019453972578048706,-0.023313969373703003,0.023313969373703003,0.011101335287094116,-0.011101335287094116,0,0,0,0,0,0,0,0,0,0,0,0,0,0,0,0,0,0,0,0,0,0,0,0,1,0,0,0,0,0,0,0,1,0,0,0,0,0,0,0,0,0,0,0,0,0,0,0,0,0,0,NA,NA,NA,NA,NA,NA,00-0031376,J.McKinnon,1,NA,NA,NA,NA,NA,NA,NA,NA,NA,NA,NA,NA,NA,NA,NA,NA,NA,NA,NA,NA,NA,NA,NA,NA,NA,NA,NA,NA,NA,NA,NA,NA,NA,NA,NA,NA,NA,NA,NA,NA,NA,NA,PHI,NA,00-0026990,NA,M.Jenkins,NA,NA,NA,NA,NA,NA,NA,NA,NA,NA,NA,NA,NA,0,NA,NA,NA,NA,NA,NA,NA,NA,NA,NA,NA,NA,NA,NA,NA,NA,NA,NA,NA,NA,NA,NA,NA,NA,NA,NA,NA,NA,NA,NA,NA,0,NA,NA,NA,NA,0,NA,NA,0,0,0,0,NA,NA,2016,NA,NA,10,1,First down,797,"10/23/16, 13:02:59",2016-10-23T17:33:25Z,Lincoln Financial Field,"Clear Temp: 62° F, Humidity: 46%, Wind: W 20 mph",10012016-1023-0732-662e-25ff3a421c9a,0,0,RUSH,0,NA,NA,NA,8,Punt,2016-10-23T17:33:03Z,6,2:26,1,0,0,1,1,0,INTERCEPTION,PUNT,05:21,02:55,MIN 39,PHI 45,774,919,10,21,Home,11,31,-2.5,39,0,outdoors,grass,62,20,Doug Pederson,Mike Zimmer,PHI00,Lincoln Financial Field,0,0,NA,NA,J.McKinnon,21,NA,NA,0,1,0,0,1,NA,00-0031376,NA,J.McKinnon,21,00-0031376,J.McKinnon,00-0031376,J.McKinnon,00-0031376,0,1,-0.3322114902548492,NA,NA,NA,NA,NA,0.3271891474723816,-32.71891474723816,2016,Go for it,NA,NA,NA,NA,NA,NA,NA,NA,NA,NA,Punt
818,2016_07_MIN_PHI,2016102307,PHI,MIN,REG,7,MIN,away,PHI,MIN,52,2016-10-23,267,1167,2967,Half1,0,8,0,1,3,0,04:27,MIN 48,1,16,(4:27) 48-Z.Line up the middle to 50 for 2 yards (97-D.Vaeao).,run,2,0,0,0,0,0,0,NA,NA,NA,NA,middle,NA,NA,NA,NA,NA,3,3,0,NA,NA,NA,NA,3,3,0,0,0,0,0,0,0,0,0.017541375011205673,0.1214185431599617,0.0018282663077116013,0.18562093377113342,0.27574193477630615,0.004521260503679514,0.3933277130126953,0,0,1.9223036179319024,0.510334799066186,-3.8900295575149357,3.8900295575149357,-7.119002078077756,7.119002078077756,6.890593339514453,-6.890593339514453,NA,NA,0,0,-0.16720088571310043,0.16720088571310043,1.0387954397592694,-1.0387954397592694,-0.9385929785203189,0.9385929785203189,0.8924399242387153,-0.8924399242387153,0.5221746563911438,0.4778253436088562,0.4778253436088562,0.5221746563911438,0.0311468243598938,0.007811307907104492,-0.007811307907104492,0.4466785192489624,0.5533214807510376,0.6395943760871887,0.3604056239128113,-0.2301090657711029,0.2301090657711029,0.18652933835983276,-0.18652933835983276,NA,NA,0,0,-0.023313969373703003,0.023313969373703003,0.019453972578048706,-0.019453972578048706,-0.023313969373703003,0.023313969373703003,0.011101335287094116,-0.011101335287094116,0,1,0,0,1,0,0,0,0,0,0,0,0,0,0,0,0,0,0,0,0,0,0,0,1,0,0,0,0,0,0,0,1,0,0,0,0,0,0,0,0,0,0,0,0,0,0,0,0,0,0,NA,NA,NA,NA,NA,NA,00-0029931,Z.Line,2,NA,NA,NA,NA,NA,NA,NA,NA,NA,NA,NA,NA,NA,NA,NA,NA,NA,NA,NA,NA,NA,NA,NA,NA,NA,NA,NA,NA,NA,NA,NA,NA,NA,NA,NA,NA,NA,NA,NA,NA,NA,NA,PHI,NA,00-0032859,NA,D.Vaeao,NA,NA,NA,NA,NA,NA,NA,NA,NA,NA,NA,NA,NA,0,NA,NA,NA,NA,NA,NA,NA,NA,NA,NA,NA,NA,NA,NA,NA,NA,NA,NA,NA,NA,NA,NA,NA,NA,NA,NA,NA,NA,NA,NA,NA,0,NA,NA,NA,NA,0,NA,NA,0,0,0,0,NA,NA,2016,NA,NA,10,1,First down,818,"10/23/16, 13:02:59",2016-10-23T17:33:56Z,Lincoln Financial Field,"Clear Temp: 62° F, Humidity: 46%, Wind: W 20 mph",10012016-1023-0732-662e-25ff3a421c9a,0,0,RUSH,0,NA,NA,NA,8,Punt,2016-10-23T17:33:03Z,6,2:26,1,0,0,1,1,0,INTERCEPTION,PUNT,05:21,02:55,MIN 39,PHI 45,774,919,10,21,Home,11,31,-2.5,39,0,outdoors,grass,62,20,Doug Pederson,Mike Zimmer,PHI00,Lincoln Financial Field,0,1,NA,NA,Z.Line,48,NA,NA,0,1,1,0,1,NA,00-0029931,NA,Z.Line,48,00-0029931,Z.Line,00-0029931,Z.Line,00-0029931,0,1,0.510334799066186,NA,NA,NA,NA,NA,0.2698040008544922,-26.98040008544922,2016,Go for it,NA,NA,NA,NA,NA,NA,NA,NA,NA,NA,Punt
839,2016_07_MIN_PHI,2016102307,PHI,MIN,REG,7,MIN,away,PHI,50,50,2016-10-23,228,1128,2928,Half1,0,8,0,1,1,0,03:48,MID 50,10,16,(3:48) (Shotgun) 8-S.Bradford pass incomplete short right to 82-K.Rudolph.,pass,0,1,0,1,0,0,0,short,right,6,NA,NA,NA,NA,NA,NA,NA,3,3,0,NA,NA,NA,NA,3,3,0,0,0,0,0,0,0,0,0.016443045809864998,0.09591978043317795,0.0014158315025269985,0.15973490476608276,0.3060590624809265,0.0039590513333678246,0.4164683520793915,0,0,2.4326384169980884,-0.4841365679167211,-3.4058929895982146,3.4058929895982146,-7.119002078077756,7.119002078077756,7.374729907431174,-7.374729907431174,0.21345202857628465,-0.6975885964930058,0,0,-0.16720088571310043,0.16720088571310043,1.0387954397592694,-1.0387954397592694,-1.1520450070966035,1.1520450070966035,1.590028520731721,-1.590028520731721,0.5533214807510376,0.4466785192489624,0.4466785192489624,0.5533214807510376,-0.015546917915344238,-0.01340419054031372,0.01340419054031372,0.46222543716430664,0.5377745628356934,0.6474056839942932,0.3525943160057068,-0.2301090657711029,0.2301090657711029,0.202076256275177,-0.202076256275177,0,-0.015546917915344238,0,0,-0.023313969373703003,0.023313969373703003,0.019453972578048706,-0.019453972578048706,-0.023313969373703003,0.023313969373703003,0.026648253202438354,-0.026648253202438354,0,0,0,0,0,0,0,0,1,0,0,0,0,0,0,0,0,0,0,0,0,0,0,0,0,0,0,0,0,0,0,0,0,1,0,0,0,0,0,0,0,0,0,0,0,0,0,0,0,0,0,00-0027854,S.Bradford,NA,00-0027981,K.Rudolph,NA,NA,NA,NA,NA,NA,NA,NA,NA,NA,NA,NA,NA,NA,NA,NA,NA,NA,NA,NA,NA,NA,NA,NA,NA,NA,NA,NA,NA,NA,NA,NA,NA,NA,NA,NA,NA,NA,NA,NA,NA,NA,NA,NA,NA,NA,NA,NA,NA,NA,NA,NA,NA,NA,NA,NA,NA,NA,NA,NA,NA,NA,NA,NA,0,NA,NA,NA,NA,NA,NA,NA,NA,NA,NA,NA,NA,NA,NA,NA,NA,NA,NA,NA,NA,NA,NA,NA,NA,NA,NA,NA,NA,NA,NA,NA,0,NA,NA,NA,NA,0,NA,NA,0,0,0,0,NA,NA,2016,0.7295776605606079,-72.95776605606079,11,0,Punt,839,"10/23/16, 13:02:59",2016-10-23T17:34:35Z,Lincoln Financial Field,"Clear Temp: 62° F, Humidity: 46%, Wind: W 20 mph",10012016-1023-0732-662e-25ff3a421c9a,0,0,PASS,0,NA,NA,NA,8,Punt,2016-10-23T17:33:03Z,6,2:26,1,0,0,1,1,0,INTERCEPTION,PUNT,05:21,02:55,MIN 39,PHI 45,774,919,10,21,Home,11,31,-2.5,39,0,outdoors,grass,62,20,Doug Pederson,Mike Zimmer,PHI00,Lincoln Financial Field,0,0,S.Bradford,8,NA,NA,K.Rudolph,82,1,0,0,0,1,00-0027854,NA,00-0027981,S.Bradford,8,00-0027854,K.Rudolph,00-0027981,K.Rudolph,00-0027981,0,1,-0.4841365679167211,0.3735999676087748,3.530258580314694,2,0.9958594846539199,0.3118472252972424,0.4768568277359009,52.31431722640991,2016,Go for it,NA,NA,NA,NA,NA,NA,NA,NA,NA,NA,Punt
861,2016_07_MIN_PHI,2016102307,PHI,MIN,REG,7,MIN,away,PHI,50,50,2016-10-23,222,1122,2922,Half1,0,8,0,1,2,0,03:42,MID 50,10,16,(3:42) (Shotgun) 8-S.Bradford pass incomplete deep right to 14-S.Diggs (31-J.Mills) [95-M.Kendricks].,pass,0,1,0,1,0,0,0,deep,right,32,NA,NA,NA,NA,NA,NA,NA,3,3,0,NA,NA,NA,NA,3,3,0,0,0,0,0,0,0,0,0.01758674718439579,0.11072597652673721,0.0015157738234847784,0.18807245790958405,0.2882343530654907,0.004307492170482874,0.38955721259117126,0,0,1.9485018490813673,-0.8629524579737335,-2.542940531624481,2.542940531624481,-7.119002078077756,7.119002078077756,8.237682365404908,-8.237682365404908,2.690593982464634,-3.5535464404383674,0,0,-0.16720088571310043,0.16720088571310043,1.0387954397592694,-1.0387954397592694,-3.8426389895612374,3.8426389895612374,5.1435749611700885,-5.1435749611700885,0.5377745628356934,0.46222543716430664,0.46222543716430664,0.5377745628356934,-0.03368115425109863,-0.023381710052490234,0.023381710052490234,0.4959065914154053,0.5040934085845947,0.6340014934539795,0.3659985065460205,-0.2301090657711029,0.2301090657711029,0.23575741052627563,-0.23575741052627563,0,-0.03368115425109863,0,0,-0.023313969373703003,0.023313969373703003,0.019453972578048706,-0.019453972578048706,-0.023313969373703003,0.023313969373703003,0.06032940745353699,-0.06032940745353699,0,0,0,0,0,0,0,0,1,0,0,0,0,0,0,0,0,0,0,0,0,0,0,0,0,0,0,0,0,0,0,1,0,1,0,0,0,0,0,0,0,0,0,0,0,0,0,0,0,0,0,00-0027854,S.Bradford,NA,00-0031588,S.Diggs,NA,NA,NA,NA,NA,NA,NA,NA,NA,NA,NA,NA,NA,NA,NA,NA,NA,NA,NA,NA,NA,NA,NA,NA,NA,NA,NA,NA,NA,NA,NA,NA,NA,NA,NA,NA,00-0029409,M.Kendricks,NA,NA,NA,NA,NA,NA,NA,NA,NA,NA,NA,NA,NA,NA,NA,NA,NA,NA,NA,NA,NA,NA,NA,NA,NA,NA,0,NA,NA,NA,NA,NA,NA,00-0032803,J.Mills,NA,NA,NA,NA,NA,NA,NA,NA,NA,NA,NA,NA,NA,NA,NA,NA,NA,NA,NA,NA,NA,NA,NA,0,NA,NA,NA,NA,0,NA,NA,0,0,0,0,NA,NA,2016,0.23222988843917847,-23.222988843917847,11,0,Punt,861,"10/23/16, 13:02:59",2016-10-23T17:35:22Z,Lincoln Financial Field,"Clear Temp: 62° F, Humidity: 46%, Wind: W 20 mph",10012016-1023-0732-662e-25ff3a421c9a,0,0,PASS,0,NA,NA,NA,8,Punt,2016-10-23T17:33:03Z,6,2:26,1,0,0,1,1,0,INTERCEPTION,PUNT,05:21,02:55,MIN 39,PHI 45,774,919,10,21,Home,11,31,-2.5,39,0,outdoors,grass,62,20,Doug Pederson,Mike Zimmer,PHI00,Lincoln Financial Field,0,0,S.Bradford,8,NA,NA,S.Diggs,14,1,0,0,0,1,00-0027854,NA,00-0031588,S.Bradford,8,00-0027854,S.Diggs,00-0031588,S.Diggs,00-0031588,0,1,-0.8629524579737335,0.581592237569827,6.168176170904189,4,1,1,0.5466776490211487,45.33223509788513,2016,Go for it,NA,NA,NA,NA,NA,NA,NA,NA,NA,NA,Punt
894,2016_07_MIN_PHI,2016102307,PHI,MIN,REG,7,MIN,away,PHI,50,50,2016-10-23,216,1116,2916,Half1,0,8,0,1,3,0,03:36,MID 50,10,16,(3:36) (Shotgun) 8-S.Bradford pass short left to 21-J.McKinnon to PHI 45 for 5 yards (58-J.Hicks; 55-B.Graham). PHI-33-R.Brooks was injured during the play. He is Out.,pass,5,1,0,1,0,0,0,short,left,-5,10,NA,NA,NA,NA,NA,NA,3,3,0,NA,NA,NA,NA,3,3,0,0,0,0,0,0,0,0,0.021116653457283974,0.14157506823539734,0.0016736172838136554,0.2345377504825592,0.2570143938064575,0.0048469421453773975,0.3392355740070343,0,0,1.0855493911076337,-1.1409567766822875,-1.4019837549421936,1.4019837549421936,-7.119002078077756,7.119002078077756,9.378639142087195,-9.378639142087195,-2.170719307148829,1.0297625304665416,-2.170719307148829,1.0297625304665416,2.0035184214357287,-2.0035184214357287,0.009032909292727709,-0.009032909292727709,-1.6719196824124083,1.6719196824124083,4.113812430703547,-4.113812430703547,0.5040934085845947,0.4959065914154053,0.4959065914154053,0.5040934085845947,-0.02680516242980957,-0.0012804865837097168,0.0012804865837097168,0.5227117538452148,0.47728824615478516,0.6106197834014893,0.38938021659851074,-0.2301090657711029,0.2301090657711029,0.2625625729560852,-0.2625625729560852,0,-0.02680516242980957,0,-0.02680516242980957,-0.023313969373703003,0.023313969373703003,0.046259135007858276,-0.046259135007858276,-0.023313969373703003,0.023313969373703003,0.08713456988334656,-0.08713456988334656,0,0,0,0,0,1,0,0,0,0,0,0,0,0,0,0,0,0,0,0,0,0,0,0,0,0,0,0,0,0,0,0,0,1,0,0,0,0,0,0,0,0,0,0,0,1,1,0,0,0,0,00-0027854,S.Bradford,5,00-0031376,J.McKinnon,5,NA,NA,NA,NA,NA,NA,NA,NA,NA,NA,NA,NA,NA,NA,NA,NA,NA,NA,NA,NA,NA,NA,NA,NA,NA,NA,NA,NA,NA,NA,NA,NA,NA,NA,NA,NA,NA,NA,NA,NA,NA,NA,NA,NA,NA,NA,NA,NA,NA,NA,NA,00-0032129,J.Hicks,PHI,00-0027865,B.Graham,PHI,NA,NA,NA,NA,NA,NA,0,NA,NA,NA,NA,NA,NA,NA,NA,NA,NA,NA,NA,NA,NA,NA,NA,NA,NA,NA,NA,NA,NA,NA,NA,NA,NA,NA,NA,NA,NA,NA,0,NA,NA,NA,NA,0,NA,NA,0,0,0,0,NA,NA,2016,0.8404519557952881,15.954804420471191,11,0,Punt,894,"10/23/16, 13:02:59",2016-10-23T17:37:03Z,Lincoln Financial Field,"Clear Temp: 62° F, Humidity: 46%, Wind: W 20 mph",10012016-1023-0732-662e-25ff3a421c9a,0,0,PASS,0,NA,NA,NA,8,Punt,2016-10-23T17:33:03Z,6,2:26,1,0,0,1,1,0,INTERCEPTION,PUNT,05:21,02:55,MIN 39,PHI 45,774,919,10,21,Home,11,31,-2.5,39,0,outdoors,grass,62,20,Doug Pederson,Mike Zimmer,PHI00,Lincoln Financial Field,0,0,S.Bradford,8,NA,NA,J.McKinnon,21,1,0,0,0,1,00-0027854,NA,00-0031376,S.Bradford,8,00-0027854,J.McKinnon,00-0031376,J.McKinnon,00-0031376,0,1,-1.1409567766822875,1.6629453849873852,10.85898848916986,10,0.23226217413321137,0.23226217413321137,0.9757468700408936,2.4253129959106445,2016,Go for it,NA,NA,NA,NA,NA,NA,NA,NA,NA,NA,Punt
919,2016_07_MIN_PHI,2016102307,PHI,MIN,REG,7,MIN,away,PHI,PHI,45,2016-10-23,186,1086,2886,Half1,0,8,0,1,4,0,03:06,PHI 45,5,16,"(3:06) 18-J.Locke punts 43 yards to PHI 2, Center-47-K.McDermott, downed by MIN-35-M.Sherels.",punt,0,0,0,0,0,0,0,NA,NA,NA,NA,NA,NA,NA,43,NA,NA,3,3,0,NA,NA,NA,NA,3,3,0,0,0,0,0,0,0,0,0.02603422850370407,0.17340540885925293,0.0018956927815452218,0.3026692271232605,0.21115243434906006,0.008014745078980923,0.2768282890319824,0,0,-0.055407385574653745,0.25653583579696715,-1.6585195907391608,1.6585195907391608,-7.119002078077756,7.119002078077756,9.378639142087195,-9.378639142087195,NA,NA,0,0,2.0035184214357287,-2.0035184214357287,0.009032909292727709,-0.009032909292727709,-1.6719196824124083,1.6719196824124083,4.113812430703547,-4.113812430703547,0.47728824615478516,0.5227117538452148,0.5227117538452148,0.47728824615478516,8.336305618286133e-4,0.003634244203567505,-0.003634244203567505,0.5218781232833862,0.47812187671661377,0.6093392968177795,0.39066070318222046,-0.2301090657711029,0.2301090657711029,0.2625625729560852,-0.2625625729560852,NA,NA,0,0,-0.023313969373703003,0.023313969373703003,0.046259135007858276,-0.046259135007858276,-0.023313969373703003,0.023313969373703003,0.08713456988334656,-0.08713456988334656,0,0,0,0,0,0,0,0,0,0,0,1,0,0,1,0,0,0,0,0,0,0,0,0,0,0,0,0,0,0,0,0,0,0,0,0,0,0,0,0,0,0,0,1,0,0,0,0,0,0,0,NA,NA,NA,NA,NA,NA,NA,NA,NA,NA,NA,NA,NA,NA,NA,NA,NA,NA,NA,NA,NA,NA,NA,NA,NA,NA,NA,NA,NA,00-0030405,J.Locke,NA,NA,NA,NA,NA,NA,NA,NA,NA,NA,NA,NA,NA,NA,NA,NA,NA,NA,NA,NA,NA,NA,NA,NA,NA,NA,NA,NA,NA,NA,NA,NA,NA,NA,NA,NA,NA,NA,0,NA,NA,NA,NA,NA,NA,NA,NA,NA,NA,NA,NA,NA,NA,NA,NA,NA,NA,NA,NA,NA,NA,NA,NA,NA,NA,NA,NA,NA,NA,PHI,0,NA,NA,NA,NA,0,NA,NA,0,0,0,0,NA,NA,2016,NA,NA,11,0,Punt,919,"10/23/16, 13:02:59",2016-10-23T17:41:57Z,Lincoln Financial Field,"Clear Temp: 62° F, Humidity: 46%, Wind: W 20 mph",10012016-1023-0732-662e-25ff3a421c9a,0,0,PUNT,1,NA,NA,NA,8,Punt,2016-10-23T17:33:03Z,6,2:26,1,0,0,1,1,0,INTERCEPTION,PUNT,05:21,02:55,MIN 39,PHI 45,774,919,10,21,Home,11,31,-2.5,39,0,outdoors,grass,62,20,Doug Pederson,Mike Zimmer,PHI00,Lincoln Financial Field,0,1,NA,NA,NA,NA,NA,NA,0,0,0,1,0,NA,NA,NA,NA,NA,NA,NA,NA,NA,NA,0,1,0.25653583579696715,NA,NA,NA,NA,NA,NA,NA,2016,Punt,1.7610705061178455,0.43066880285186926,0.5462299644337816,0.6945721897969795,0.6101163663205317,0,0.5344903022050858,0.6659886091947556,0.5344903022050858,0.5925056612593532,Go for it
947,2016_07_MIN_PHI,2016102307,PHI,MIN,REG,7,PHI,home,MIN,PHI,98,2016-10-23,175,1075,2875,Half1,0,9,0,1,1,0,02:55,PHI 2,10,42,"(2:55) PENALTY on MIN-92-Tom.Johnson, Encroachment, 5 yards, enforced at PHI 2 - No Play.",no_play,0,0,0,0,0,0,0,NA,NA,NA,NA,NA,NA,NA,NA,NA,NA,3,3,0,NA,NA,NA,NA,3,3,0,0,0,0,0,0,0,0,0.03005215711891651,0.20637251436710358,0.034251026809215546,0.28291964530944824,0.16298305988311768,0.0011942698620259762,0.2822272777557373,0,0,-0.2011284502223134,0.5121170009952039,-1.146402589743957,1.146402589743957,-7.119002078077756,7.119002078077756,9.378639142087195,-9.378639142087195,NA,NA,0,0,2.0035184214357287,-2.0035184214357287,0.009032909292727709,-0.009032909292727709,-1.6719196824124083,1.6719196824124083,4.113812430703547,-4.113812430703547,0.5218781232833862,0.47812187671661377,0.5218781232833862,0.47812187671661377,-0.01013946533203125,0.00930166244506836,0.00930166244506836,0.511738657951355,0.488261342048645,0.38702645897865295,0.38702645897865295,-0.2301090657711029,0.2301090657711029,0.2625625729560852,-0.2625625729560852,NA,NA,0,0,-0.023313969373703003,0.023313969373703003,0.046259135007858276,-0.046259135007858276,-0.023313969373703003,0.023313969373703003,0.08713456988334656,-0.08713456988334656,0,0,0,0,0,0,0,0,0,0,0,0,0,0,0,0,0,0,0,0,0,0,0,0,0,0,1,0,0,0,0,0,0,0,0,0,0,0,0,0,0,0,0,0,0,0,0,0,0,0,0,NA,NA,NA,NA,NA,NA,NA,NA,NA,NA,NA,NA,NA,NA,NA,NA,NA,NA,NA,NA,NA,NA,NA,NA,NA,NA,NA,NA,NA,NA,NA,NA,NA,NA,NA,NA,NA,NA,NA,NA,NA,NA,NA,NA,NA,NA,NA,NA,NA,NA,NA,NA,NA,NA,NA,NA,NA,NA,NA,NA,NA,NA,NA,NA,NA,NA,NA,NA,NA,0,NA,NA,NA,NA,NA,NA,NA,NA,NA,NA,NA,NA,NA,NA,NA,NA,NA,NA,NA,NA,NA,NA,NA,NA,NA,NA,NA,NA,NA,NA,NA,0,MIN,00-0024030,Tom.Johnson,5,0,NA,Encroachment,0,0,0,0,NA,NA,2016,NA,NA,12,1,First down,947,"10/23/16, 13:02:59",2016-10-23T17:43:05Z,Lincoln Financial Field,"Clear Temp: 62° F, Humidity: 46%, Wind: W 20 mph",10012016-1023-0732-662e-25ff3a421c9a,0,0,PENALTY,0,NA,NA,NA,9,Punt,2016-10-23T17:43:05Z,9,3:57,4,0,0,1,2,0,PUNT,PUNT,02:55,13:58,PHI 2,PHI 44,947,1230,10,21,Home,11,31,-2.5,39,0,outdoors,grass,62,20,Doug Pederson,Mike Zimmer,PHI00,Lincoln Financial Field,0,1,NA,NA,NA,NA,NA,NA,0,0,0,0,1,NA,NA,NA,NA,NA,NA,NA,NA,NA,NA,0,1,0.5121170009952039,NA,NA,NA,NA,NA,0.2230989933013916,NA,2016,Other,NA,NA,NA,NA,NA,NA,NA,NA,NA,NA,Punt
970,2016_07_MIN_PHI,2016102307,PHI,MIN,REG,7,PHI,home,MIN,PHI,93,2016-10-23,175,1075,2875,Half1,0,9,0,1,1,0,02:55,PHI 7,5,42,(2:55) 24-R.Mathews up the middle to PHI 13 for 6 yards (99-D.Hunter).,run,6,0,0,0,0,0,0,NA,NA,NA,NA,middle,NA,NA,NA,NA,NA,3,3,0,NA,NA,NA,NA,3,3,0,0,0,0,0,0,0,0,0.028769174590706825,0.19161204993724823,0.01747773587703705,0.2612203359603882,0.1878192126750946,0.0011690956307575107,0.31193238496780396,0,0,0.31098855077289045,0.08320357999764383,-1.063199009746313,1.063199009746313,-7.035798498080112,7.035798498080112,9.378639142087195,-9.378639142087195,NA,NA,0,0,2.0035184214357287,-2.0035184214357287,0.009032909292727709,-0.009032909292727709,-1.6719196824124083,1.6719196824124083,4.113812430703547,-4.113812430703547,0.511738657951355,0.488261342048645,0.511738657951355,0.488261342048645,0.02139449119567871,0.010411441326141357,0.010411441326141357,0.5331331491470337,0.4668668508529663,0.3963281214237213,0.3963281214237213,-0.2087145745754242,0.2087145745754242,0.2625625729560852,-0.2625625729560852,NA,NA,0,0,-0.023313969373703003,0.023313969373703003,0.046259135007858276,-0.046259135007858276,-0.023313969373703003,0.023313969373703003,0.08713456988334656,-0.08713456988334656,0,1,0,0,0,0,0,0,0,0,0,0,0,0,0,0,0,0,0,0,0,0,0,0,1,0,0,0,0,0,0,0,1,0,0,0,0,0,0,0,0,0,0,0,0,0,0,0,0,0,0,NA,NA,NA,NA,NA,NA,00-0027864,R.Mathews,6,NA,NA,NA,NA,NA,NA,NA,NA,NA,NA,NA,NA,NA,NA,NA,NA,NA,NA,NA,NA,NA,NA,NA,NA,NA,NA,NA,NA,NA,NA,NA,NA,NA,NA,NA,NA,NA,NA,NA,NA,NA,NA,MIN,NA,00-0031565,NA,D.Hunter,NA,NA,NA,NA,NA,NA,NA,NA,NA,NA,NA,NA,NA,0,NA,NA,NA,NA,NA,NA,NA,NA,NA,NA,NA,NA,NA,NA,NA,NA,NA,NA,NA,NA,NA,NA,NA,NA,NA,NA,NA,NA,NA,NA,NA,0,NA,NA,NA,NA,0,NA,NA,0,0,0,0,NA,NA,2016,NA,NA,12,1,First down,970,"10/23/16, 13:02:59",2016-10-23T17:43:39Z,Lincoln Financial Field,"Clear Temp: 62° F, Humidity: 46%, Wind: W 20 mph",10012016-1023-0732-662e-25ff3a421c9a,0,0,RUSH,0,NA,NA,NA,9,Punt,2016-10-23T17:43:05Z,9,3:57,4,0,0,1,2,0,PUNT,PUNT,02:55,13:58,PHI 2,PHI 44,947,1230,10,21,Home,11,31,-2.5,39,0,outdoors,grass,62,20,Doug Pederson,Mike Zimmer,PHI00,Lincoln Financial Field,0,1,NA,NA,R.Mathews,24,NA,NA,0,1,1,0,1,NA,00-0027864,NA,R.Mathews,24,00-0027864,R.Mathews,00-0027864,R.Mathews,00-0027864,0,1,0.08320357999764383,NA,NA,NA,NA,NA,0.304343044757843,-30.4343044757843,2016,Go for it,NA,NA,NA,NA,NA,NA,NA,NA,NA,NA,Punt
991,2016_07_MIN_PHI,2016102307,PHI,MIN,REG,7,PHI,home,MIN,PHI,87,2016-10-23,136,1036,2836,Half1,0,9,0,1,1,0,02:16,PHI 13,10,42,(2:16) 11-C.Wentz pass short right to 81-J.Matthews to PHI 23 for 10 yards (26-T.Waynes).,pass,10,0,0,1,0,0,0,short,right,8,2,NA,NA,NA,NA,NA,NA,3,3,0,NA,NA,NA,NA,3,3,0,0,0,0,0,0,0,0,0.032776881009340286,0.1842135190963745,0.0076756482012569904,0.2638958692550659,0.1894795298576355,0.0025387268979102373,0.31941986083984375,0,0,0.3941921307705343,0.6546675357967615,-0.4085314739495516,0.4085314739495516,-7.035798498080112,7.035798498080112,10.033306677883957,-10.033306677883957,0.6079439609311521,0.04672357486560941,0.6079439609311521,0.04672357486560941,2.6114623823668808,-2.6114623823668808,0.055756484158337116,-0.055756484158337116,-1.0639757214812562,1.0639757214812562,4.160536005569156,-4.160536005569156,0.5331331491470337,0.4668668508529663,0.5331331491470337,0.4668668508529663,0.006493091583251953,0.004665583372116089,0.004665583372116089,0.5396262407302856,0.46037375926971436,0.40673956274986267,0.40673956274986267,-0.2087145745754242,0.2087145745754242,0.26905566453933716,-0.26905566453933716,0,0.006493091583251953,0,0.006493091583251953,-0.023313969373703003,0.023313969373703003,0.05275222659111023,-0.05275222659111023,-0.023313969373703003,0.023313969373703003,0.09362766146659851,-0.09362766146659851,0,0,1,0,0,0,0,0,0,0,0,0,0,0,0,0,0,0,0,0,0,0,0,0,1,0,0,0,0,0,0,0,0,1,0,0,0,0,0,0,0,0,0,0,0,1,0,0,0,0,0,00-0032950,C.Wentz,10,00-0031299,J.Matthews,10,NA,NA,NA,NA,NA,NA,NA,NA,NA,NA,NA,NA,NA,NA,NA,NA,NA,NA,NA,NA,NA,NA,NA,NA,NA,NA,NA,NA,NA,NA,NA,NA,NA,NA,NA,NA,NA,NA,NA,NA,NA,NA,NA,NA,NA,MIN,NA,00-0031546,NA,T.Waynes,NA,NA,NA,NA,NA,NA,NA,NA,NA,NA,NA,NA,NA,0,NA,NA,NA,NA,NA,NA,NA,NA,NA,NA,NA,NA,NA,NA,NA,NA,NA,NA,NA,NA,NA,NA,NA,NA,NA,NA,NA,NA,NA,NA,NA,0,NA,NA,NA,NA,0,NA,NA,0,0,0,0,NA,NA,2016,0.6733060479164124,32.669395208358765,13,1,First down,991,"10/23/16, 13:02:59",2016-10-23T17:44:19Z,Lincoln Financial Field,"Clear Temp: 62° F, Humidity: 46%, Wind: W 20 mph",10012016-1023-0732-662e-25ff3a421c9a,0,0,PASS,0,NA,NA,NA,9,Punt,2016-10-23T17:43:05Z,9,3:57,4,0,0,1,2,0,PUNT,PUNT,02:55,13:58,PHI 2,PHI 44,947,1230,10,21,Home,11,31,-2.5,39,0,outdoors,grass,62,20,Doug Pederson,Mike Zimmer,PHI00,Lincoln Financial Field,0,1,C.Wentz,11,NA,NA,J.Matthews,81,1,0,1,0,1,00-0032950,NA,00-0031299,C.Wentz,11,00-0032950,J.Matthews,00-0031299,J.Matthews,00-0031299,0,1,0.6546675357967615,0.25846677696834086,3.498815132144955,1,0.9983326951041818,0.49755907570943236,0.413027286529541,58.6972713470459,2016,Go for it,NA,NA,NA,NA,NA,NA,NA,NA,NA,NA,Punt
1015,2016_07_MIN_PHI,2016102307,PHI,MIN,REG,7,PHI,home,MIN,PHI,77,2016-10-23,100,1000,2800,Half1,0,9,0,1,1,0,01:40,PHI 23,10,42,(1:40) (Shotgun) 11-C.Wentz pass short right to 18-D.Green-Beckham to PHI 26 for 3 yards (54-E.Kendricks).,pass,3,1,0,1,0,0,0,short,right,-2,5,NA,NA,NA,NA,NA,NA,3,3,0,NA,NA,NA,NA,3,3,0,0,0,0,0,0,0,0,0.036374714225530624,0.15134383738040924,0.002791397972032428,0.23478150367736816,0.21357160806655884,0.003345793578773737,0.35779115557670593,0,0,1.0488596665672958,-0.12851689802482724,-0.5370483719743788,0.5370483719743788,-7.035798498080112,7.035798498080112,9.90478977985913,-9.90478977985913,-0.9365659835748374,0.8080490855500102,-0.9365659835748374,0.8080490855500102,1.6748963987920433,-1.6748963987920433,0.8638055697083473,-0.8638055697083473,-2.0005417050560936,2.0005417050560936,4.9685850911191665,-4.9685850911191665,0.5396262407302856,0.46037375926971436,0.5396262407302856,0.46037375926971436,-0.011678576469421387,-0.0077970027923583984,-0.0077970027923583984,0.5279476642608643,0.47205233573913574,0.41140514612197876,0.41140514612197876,-0.2087145745754242,0.2087145745754242,0.25737708806991577,-0.25737708806991577,0,-0.011678576469421387,0,-0.011678576469421387,-0.023313969373703003,0.023313969373703003,0.04107365012168884,-0.04107365012168884,-0.023313969373703003,0.023313969373703003,0.08194908499717712,-0.08194908499717712,0,0,0,0,0,0,0,0,0,0,0,0,0,0,0,0,0,0,0,0,0,0,0,0,1,0,0,0,0,0,0,0,0,1,0,0,0,0,0,0,0,0,0,0,0,1,0,0,0,0,0,00-0032950,C.Wentz,3,00-0032218,D.Green-Beckham,3,NA,NA,NA,NA,NA,NA,NA,NA,NA,NA,NA,NA,NA,NA,NA,NA,NA,NA,NA,NA,NA,NA,NA,NA,NA,NA,NA,NA,NA,NA,NA,NA,NA,NA,NA,NA,NA,NA,NA,NA,NA,NA,NA,NA,NA,MIN,NA,00-0031554,NA,E.Kendricks,NA,NA,NA,NA,NA,NA,NA,NA,NA,NA,NA,NA,NA,0,NA,NA,NA,NA,NA,NA,NA,NA,NA,NA,NA,NA,NA,NA,NA,NA,NA,NA,NA,NA,NA,NA,NA,NA,NA,NA,NA,NA,NA,NA,NA,0,NA,NA,NA,NA,0,NA,NA,0,0,0,0,NA,NA,2016,0.8620743155479431,13.792568445205688,14,1,First down,1015,"10/23/16, 13:02:59",2016-10-23T17:44:55Z,Lincoln Financial Field,"Clear Temp: 62° F, Humidity: 46%, Wind: W 20 mph",10012016-1023-0732-662e-25ff3a421c9a,0,0,PASS,0,NA,NA,NA,9,Punt,2016-10-23T17:43:05Z,9,3:57,4,0,0,1,2,0,PUNT,PUNT,02:55,13:58,PHI 2,PHI 44,947,1230,10,21,Home,11,31,-2.5,39,0,outdoors,grass,62,20,Doug Pederson,Mike Zimmer,PHI00,Lincoln Financial Field,0,0,C.Wentz,11,NA,NA,D.Green-Beckham,18,1,0,0,0,1,00-0032950,NA,00-0032218,C.Wentz,11,00-0032950,D.Green-Beckham,00-0032218,D.Green-Beckham,00-0032218,0,1,-0.12851689802482724,1.2332005111473963,8.776726726500783,7,0.6483172358130105,0.22860225226031616,0.44986656308174133,55.01334369182587,2016,Go for it,NA,NA,NA,NA,NA,NA,NA,NA,NA,NA,Punt
1039,2016_07_MIN_PHI,2016102307,PHI,MIN,REG,7,PHI,home,MIN,PHI,74,2016-10-23,60,960,2760,Half1,0,9,0,1,2,0,01:00,PHI 26,7,42,(1:00) 28-W.Smallwood right guard to PHI 29 for 3 yards (52-C.Greenway).,run,3,0,0,0,0,0,0,NA,NA,NA,NA,right,guard,NA,NA,NA,NA,3,3,0,NA,NA,NA,NA,3,3,0,0,0,0,0,0,0,0,0.03814586251974106,0.15714000165462494,0.0029102484695613384,0.23957768082618713,0.21109749376773834,0.0033132927492260933,0.3478154242038727,0,0,0.9203427685424685,-0.16776735475286841,-0.7048157267272472,0.7048157267272472,-7.2035658528329805,7.2035658528329805,9.90478977985913,-9.90478977985913,NA,NA,0,0,1.6748963987920433,-1.6748963987920433,0.8638055697083473,-0.8638055697083473,-2.0005417050560936,2.0005417050560936,4.9685850911191665,-4.9685850911191665,0.5279476642608643,0.47205233573913574,0.5279476642608643,0.47205233573913574,-0.009830236434936523,-0.020453035831451416,-0.020453035831451416,0.5181174278259277,0.48188257217407227,0.40360814332962036,0.40360814332962036,-0.21854481101036072,0.21854481101036072,0.25737708806991577,-0.25737708806991577,NA,NA,0,0,-0.023313969373703003,0.023313969373703003,0.04107365012168884,-0.04107365012168884,-0.023313969373703003,0.023313969373703003,0.08194908499717712,-0.08194908499717712,0,0,0,0,0,0,0,0,0,0,0,0,0,0,0,0,0,0,0,0,0,0,0,0,1,0,0,0,0,0,0,0,1,0,0,0,0,0,0,0,0,0,0,0,0,0,0,0,0,0,0,NA,NA,NA,NA,NA,NA,00-0032782,W.Smallwood,3,NA,NA,NA,NA,NA,NA,NA,NA,NA,NA,NA,NA,NA,NA,NA,NA,NA,NA,NA,NA,NA,NA,NA,NA,NA,NA,NA,NA,NA,NA,NA,NA,NA,NA,NA,NA,NA,NA,NA,NA,NA,NA,MIN,NA,00-0024232,NA,C.Greenway,NA,NA,NA,NA,NA,NA,NA,NA,NA,NA,NA,NA,NA,0,NA,NA,NA,NA,NA,NA,NA,NA,NA,NA,NA,NA,NA,NA,NA,NA,NA,NA,NA,NA,NA,NA,NA,NA,NA,NA,NA,NA,NA,NA,NA,0,NA,NA,NA,NA,0,NA,NA,0,0,0,0,NA,NA,2016,NA,NA,14,1,First down,1039,"10/23/16, 13:02:59",2016-10-23T17:45:34Z,Lincoln Financial Field,"Clear Temp: 62° F, Humidity: 46%, Wind: W 20 mph",10012016-1023-0732-662e-25ff3a421c9a,0,0,RUSH,0,NA,NA,NA,9,Punt,2016-10-23T17:43:05Z,9,3:57,4,0,0,1,2,0,PUNT,PUNT,02:55,13:58,PHI 2,PHI 44,947,1230,10,21,Home,11,31,-2.5,39,0,outdoors,grass,62,20,Doug Pederson,Mike Zimmer,PHI00,Lincoln Financial Field,0,0,NA,NA,W.Smallwood,28,NA,NA,0,1,0,0,1,NA,00-0032782,NA,W.Smallwood,28,00-0032782,W.Smallwood,00-0032782,W.Smallwood,00-0032782,0,1,-0.16776735475286841,NA,NA,NA,NA,NA,0.6138437986373901,-61.384379863739014,2016,Go for it,NA,NA,NA,NA,NA,NA,NA,NA,NA,NA,Punt
1060,2016_07_MIN_PHI,2016102307,PHI,MIN,REG,7,PHI,home,MIN,PHI,71,2016-10-23,16,916,2716,Half1,0,9,0,1,3,0,00:16,PHI 29,4,42,(:16) (Shotgun) 11-C.Wentz pass short left to 17-N.Agholor to PHI 35 for 6 yards (29-X.Rhodes).,pass,6,1,0,1,0,0,0,short,left,6,0,NA,NA,NA,NA,NA,NA,3,3,0,NA,NA,NA,NA,3,3,0,0,0,0,0,0,0,0,0.041187576949596405,0.16755083203315735,0.002855246188119054,0.246870219707489,0.19631072878837585,0.003296060487627983,0.3419293761253357,0,0,0.7525754137896001,1.129407054046169,0.4245913273189217,-0.4245913273189217,-7.2035658528329805,7.2035658528329805,11.034196833905298,-11.034196833905298,1.129407054046169,0,1.129407054046169,0,2.8043034528382123,-2.8043034528382123,0.8638055697083473,-0.8638055697083473,-0.8711346510099247,0.8711346510099247,4.9685850911191665,-4.9685850911191665,0.5181174278259277,0.48188257217407227,0.5181174278259277,0.48188257217407227,0.04073011875152588,0.044461458921432495,0.044461458921432495,0.5588475465774536,0.4411524534225464,0.38315510749816895,0.38315510749816895,-0.21854481101036072,0.21854481101036072,0.29810720682144165,-0.29810720682144165,0.04073011875152588,0,0.04073011875152588,0,0.017416149377822876,-0.017416149377822876,0.04107365012168884,-0.04107365012168884,0.017416149377822876,-0.017416149377822876,0.08194908499717712,-0.08194908499717712,0,0,1,0,1,0,0,0,0,0,0,0,0,0,0,0,0,0,0,0,0,0,0,0,1,0,0,0,0,0,0,0,0,1,0,0,0,0,0,0,0,0,0,0,0,1,0,0,0,0,0,00-0032950,C.Wentz,6,00-0031549,N.Agholor,6,NA,NA,NA,NA,NA,NA,NA,NA,NA,NA,NA,NA,NA,NA,NA,NA,NA,NA,NA,NA,NA,NA,NA,NA,NA,NA,NA,NA,NA,NA,NA,NA,NA,NA,NA,NA,NA,NA,NA,NA,NA,NA,NA,NA,NA,MIN,NA,00-0030575,NA,X.Rhodes,NA,NA,NA,NA,NA,NA,NA,NA,NA,NA,NA,NA,NA,0,NA,NA,NA,NA,NA,NA,NA,NA,NA,NA,NA,NA,NA,NA,NA,NA,NA,NA,NA,NA,NA,NA,NA,NA,NA,NA,NA,NA,NA,NA,NA,0,NA,NA,NA,NA,0,NA,NA,0,0,0,0,NA,NA,2016,0.670222282409668,32.9777717590332,14,1,First down,1060,"10/23/16, 13:02:59",2016-10-23T17:46:19Z,Lincoln Financial Field,"Clear Temp: 62° F, Humidity: 46%, Wind: W 20 mph",10012016-1023-0732-662e-25ff3a421c9a,0,0,PASS,0,NA,NA,NA,9,Punt,2016-10-23T17:43:05Z,9,3:57,4,0,0,1,2,0,PUNT,PUNT,02:55,13:58,PHI 2,PHI 44,947,1230,10,21,Home,11,31,-2.5,39,0,outdoors,grass,62,20,Doug Pederson,Mike Zimmer,PHI00,Lincoln Financial Field,0,1,C.Wentz,11,NA,NA,N.Agholor,17,1,0,1,0,1,00-0032950,NA,00-0031549,C.Wentz,11,00-0032950,N.Agholor,00-0031549,N.Agholor,00-0031549,0,1,1.129407054046169,0.30406235498428136,3.7459047003358137,1,0.9985408212523907,0.9985408212523907,0.9527568817138672,4.724311828613281,2016,Go for it,NA,NA,NA,NA,NA,NA,NA,NA,NA,NA,Punt
1084,2016_07_MIN_PHI,2016102307,PHI,MIN,REG,7,PHI,home,MIN,NA,NA,2016-10-23,0,900,2700,Half1,1,9,0,1,NA,0,00:00,PHI 35,0,42,END QUARTER 1,NA,NA,0,0,NA,0,0,0,NA,NA,NA,NA,NA,NA,NA,NA,NA,NA,3,3,NA,NA,NA,NA,NA,3,3,0,0,0,0,0,0,0,0,0,0,0,0,0,0,0,0,0,1.881982467835769,0,0.4245913273189217,-0.4245913273189217,-7.2035658528329805,7.2035658528329805,11.034196833905298,-11.034196833905298,NA,NA,NA,NA,2.8043034528382123,-2.8043034528382123,0.8638055697083473,-0.8638055697083473,-0.8711346510099247,0.8711346510099247,4.9685850911191665,-4.9685850911191665,0.5588475465774536,0.4411524534225464,0.5588475465774536,0.4411524534225464,0,0,0,0.5588475465774536,0.4411524534225464,0.42761656641960144,0.42761656641960144,-0.21854481101036072,0.21854481101036072,0.29810720682144165,-0.29810720682144165,NA,NA,NA,NA,0.017416149377822876,-0.017416149377822876,0.04107365012168884,-0.04107365012168884,0.017416149377822876,-0.017416149377822876,0.08194908499717712,-0.08194908499717712,NA,NA,NA,NA,NA,NA,NA,NA,NA,0,NA,NA,NA,NA,NA,NA,NA,NA,NA,NA,NA,NA,NA,NA,NA,NA,NA,NA,NA,NA,NA,NA,NA,NA,NA,NA,NA,NA,NA,NA,NA,NA,NA,NA,NA,NA,NA,NA,NA,NA,NA,NA,NA,NA,NA,NA,NA,NA,NA,NA,NA,NA,NA,NA,NA,NA,NA,NA,NA,NA,NA,NA,NA,NA,NA,NA,NA,NA,NA,NA,NA,NA,NA,NA,NA,NA,NA,NA,NA,NA,NA,NA,NA,NA,NA,NA,NA,NA,NA,NA,NA,NA,NA,NA,NA,NA,NA,NA,NA,NA,NA,NA,NA,NA,NA,NA,NA,NA,NA,NA,NA,NA,NA,NA,NA,NA,NA,NA,NA,NA,NA,NA,NA,NA,NA,NA,NA,NA,NA,NA,NA,NA,NA,NA,NA,NA,NA,NA,NA,NA,NA,NA,NA,NA,NA,NA,NA,0,NA,NA,NA,NA,NA,NA,NA,NA,2016,NA,NA,15,1,First down,1084,"10/23/16, 13:02:59",NA,Lincoln Financial Field,"Clear Temp: 62° F, Humidity: 46%, Wind: W 20 mph",10012016-1023-0732-662e-25ff3a421c9a,0,0,END_QUARTER,0,NA,NA,NA,9,Punt,2016-10-23T17:43:05Z,9,3:57,4,0,0,1,2,0,PUNT,PUNT,02:55,13:58,PHI 2,PHI 44,947,1230,10,21,Home,11,31,-2.5,39,0,outdoors,grass,62,20,Doug Pederson,Mike Zimmer,PHI00,Lincoln Financial Field,0,0,NA,NA,NA,NA,NA,NA,0,0,NA,0,0,NA,NA,NA,NA,NA,NA,NA,NA,NA,NA,0,1,0,NA,NA,NA,NA,NA,NA,NA,2016,Other,NA,NA,NA,NA,NA,NA,NA,NA,NA,NA,Punt
1100,2016_07_MIN_PHI,2016102307,PHI,MIN,REG,7,PHI,home,MIN,PHI,65,2016-10-23,900,900,2700,Half1,0,9,0,2,1,0,15:00,PHI 35,10,42,(15:00) (Shotgun) 11-C.Wentz pass short middle to 86-Z.Ertz to PHI 49 for 14 yards (22-H.Smith).,pass,14,1,0,1,0,0,0,short,middle,10,4,NA,NA,NA,NA,NA,NA,3,3,0,NA,NA,NA,NA,3,3,0,0,0,0,0,0,0,0,0.04446712136268616,0.1253657042980194,0.0018717233324423432,0.18156562745571136,0.24387438595294952,0.0037658060900866985,0.39908966422080994,0,0,1.881982467835769,0.9228475443087518,1.3474388716276735,-1.3474388716276735,-7.2035658528329805,7.2035658528329805,11.95704437821405,-11.95704437821405,0.6805798138957471,0.24226773041300476,0.6805798138957471,0.24226773041300476,3.4848832667339593,-3.4848832667339593,1.106073300121352,-1.106073300121352,-0.19055483711417764,0.19055483711417764,5.210852821532171,-5.210852821532171,0.5588475465774536,0.4411524534225464,0.5588475465774536,0.4411524534225464,0.018136024475097656,0.006647437810897827,0.006647437810897827,0.5769835710525513,0.42301642894744873,0.42761656641960144,0.42761656641960144,-0.21854481101036072,0.21854481101036072,0.3162432312965393,-0.3162432312965393,0,0.018136024475097656,0,0.018136024475097656,0.017416149377822876,-0.017416149377822876,0.0592096745967865,-0.0592096745967865,0.017416149377822876,-0.017416149377822876,0.10008510947227478,-0.10008510947227478,0,0,1,0,0,0,0,0,0,0,0,0,0,0,0,0,0,0,0,0,0,0,0,0,1,0,0,0,0,0,0,0,0,1,0,0,0,0,0,0,0,0,0,0,0,1,0,0,0,0,0,00-0032950,C.Wentz,14,00-0030061,Z.Ertz,14,NA,NA,NA,NA,NA,NA,NA,NA,NA,NA,NA,NA,NA,NA,NA,NA,NA,NA,NA,NA,NA,NA,NA,NA,NA,NA,NA,NA,NA,NA,NA,NA,NA,NA,NA,NA,NA,NA,NA,NA,NA,NA,NA,NA,NA,MIN,NA,00-0029606,NA,H.Smith,NA,NA,NA,NA,NA,NA,NA,NA,NA,NA,NA,NA,NA,0,NA,NA,NA,NA,NA,NA,NA,NA,NA,NA,NA,NA,NA,NA,NA,NA,NA,NA,NA,NA,NA,NA,NA,NA,NA,NA,NA,NA,NA,NA,NA,0,NA,NA,NA,NA,0,NA,NA,0,0,0,0,NA,NA,2016,0.6832845211029053,31.671547889709473,15,1,First down,1100,"10/23/16, 13:02:59",2016-10-23T17:49:27Z,Lincoln Financial Field,"Clear Temp: 62° F, Humidity: 46%, Wind: W 20 mph",10012016-1023-0732-662e-25ff3a421c9a,0,0,PASS,0,NA,NA,NA,9,Punt,2016-10-23T17:43:05Z,9,3:57,4,0,0,1,2,0,PUNT,PUNT,02:55,13:58,PHI 2,PHI 44,947,1230,10,21,Home,11,31,-2.5,39,0,outdoors,grass,62,20,Doug Pederson,Mike Zimmer,PHI00,Lincoln Financial Field,0,1,C.Wentz,11,NA,NA,Z.Ertz,86,1,0,1,0,1,00-0032950,NA,00-0030061,C.Wentz,11,00-0032950,Z.Ertz,00-0030061,Z.Ertz,00-0030061,0,1,0.9228475443087518,0.3020183146402299,4.615053456524038,3,1,0.9796901016379707,0.4653915762901306,53.46084237098694,2016,Go for it,NA,NA,NA,NA,NA,NA,NA,NA,NA,NA,Punt
1124,2016_07_MIN_PHI,2016102307,PHI,MIN,REG,7,PHI,home,MIN,PHI,51,2016-10-23,862,862,2662,Half1,0,9,0,2,1,0,14:22,PHI 49,10,42,(14:22) 11-C.Wentz pass incomplete short left to 86-Z.Ertz.,pass,0,0,0,1,0,0,0,short,left,11,NA,NA,NA,NA,NA,NA,NA,3,3,0,NA,NA,NA,NA,3,3,0,0,0,0,0,0,0,0,0.04183952882885933,0.09030400961637497,0.001235814648680389,0.12841983139514923,0.29279202222824097,0.003817122895270586,0.441591739654541,0,0,2.804830012144521,-0.4557036671321839,0.8917352044954896,-0.8917352044954896,-7.2035658528329805,7.2035658528329805,11.501340711081866,-11.501340711081866,0.6531911268830299,-1.1088947940152138,0,0,3.4848832667339593,-3.4848832667339593,1.106073300121352,-1.106073300121352,0.4626362897688523,-0.4626362897688523,4.101958027516957,-4.101958027516957,0.5769835710525513,0.42301642894744873,0.5769835710525513,0.42301642894744873,-0.01799410581588745,-0.02050003409385681,-0.02050003409385681,0.5589894652366638,0.4410105347633362,0.43426400423049927,0.43426400423049927,-0.21854481101036072,0.21854481101036072,0.29824912548065186,-0.29824912548065186,0,-0.01799410581588745,0,0,0.017416149377822876,-0.017416149377822876,0.0592096745967865,-0.0592096745967865,0.017416149377822876,-0.017416149377822876,0.08209100365638733,-0.08209100365638733,0,0,0,0,0,0,0,0,1,0,0,0,0,0,0,0,0,0,0,0,0,0,0,0,0,0,0,0,0,0,0,0,0,1,0,0,0,0,0,0,0,0,0,0,0,0,0,0,0,0,0,00-0032950,C.Wentz,NA,00-0030061,Z.Ertz,NA,NA,NA,NA,NA,NA,NA,NA,NA,NA,NA,NA,NA,NA,NA,NA,NA,NA,NA,NA,NA,NA,NA,NA,NA,NA,NA,NA,NA,NA,NA,NA,NA,NA,NA,NA,NA,NA,NA,NA,NA,NA,NA,NA,NA,NA,NA,NA,NA,NA,NA,NA,NA,NA,NA,NA,NA,NA,NA,NA,NA,NA,NA,NA,0,NA,NA,NA,NA,NA,NA,NA,NA,NA,NA,NA,NA,NA,NA,NA,NA,NA,NA,NA,NA,NA,NA,NA,NA,NA,NA,NA,NA,NA,NA,NA,0,NA,NA,NA,NA,0,NA,NA,0,0,0,0,NA,NA,2016,0.6185187697410583,-61.851876974105835,16,0,Punt,1124,"10/23/16, 13:02:59",2016-10-23T17:50:05Z,Lincoln Financial Field,"Clear Temp: 62° F, Humidity: 46%, Wind: W 20 mph",10012016-1023-0732-662e-25ff3a421c9a,0,0,PASS,0,NA,NA,NA,9,Punt,2016-10-23T17:43:05Z,9,3:57,4,0,0,1,2,0,PUNT,PUNT,02:55,13:58,PHI 2,PHI 44,947,1230,10,21,Home,11,31,-2.5,39,0,outdoors,grass,62,20,Doug Pederson,Mike Zimmer,PHI00,Lincoln Financial Field,0,0,C.Wentz,11,NA,NA,Z.Ertz,86,1,0,0,0,1,00-0032950,NA,00-0030061,C.Wentz,11,00-0032950,Z.Ertz,00-0030061,Z.Ertz,00-0030061,0,1,-0.4557036671321839,0.2079082432453817,3.084449523856165,1,1,0.9947820188826881,0.4550896883010864,54.49103116989136,2016,Go for it,NA,NA,NA,NA,NA,NA,NA,NA,NA,NA,Punt
1146,2016_07_MIN_PHI,2016102307,PHI,MIN,REG,7,PHI,home,MIN,PHI,51,2016-10-23,858,858,2658,Half1,0,9,0,2,2,0,14:18,PHI 49,10,42,"(14:18) (Shotgun) PENALTY on PHI-62-J.Kelce, False Start, 5 yards, enforced at PHI 49 - No Play.",no_play,0,1,0,0,0,0,0,NA,NA,NA,NA,NA,NA,NA,NA,NA,NA,3,3,0,NA,NA,NA,NA,3,3,0,0,0,0,0,0,0,0,0.044063419103622437,0.1047632098197937,0.0013074956368654966,0.1537819802761078,0.277156263589859,0.0042914412915706635,0.41463616490364075,0,0,2.349126345012337,-0.636576215736568,0.2551589887589216,-0.2551589887589216,-7.2035658528329805,7.2035658528329805,11.501340711081866,-11.501340711081866,NA,NA,0,0,3.4848832667339593,-3.4848832667339593,1.106073300121352,-1.106073300121352,0.4626362897688523,-0.4626362897688523,4.101958027516957,-4.101958027516957,0.5589894652366638,0.4410105347633362,0.5589894652366638,0.4410105347633362,-0.016087889671325684,-0.01362156867980957,-0.01362156867980957,0.5429015755653381,0.45709842443466187,0.41376397013664246,0.41376397013664246,-0.21854481101036072,0.21854481101036072,0.29824912548065186,-0.29824912548065186,NA,NA,0,0,0.017416149377822876,-0.017416149377822876,0.0592096745967865,-0.0592096745967865,0.017416149377822876,-0.017416149377822876,0.08209100365638733,-0.08209100365638733,0,0,0,0,0,0,0,0,0,0,0,0,0,0,0,0,0,0,0,0,0,0,0,0,0,0,1,0,0,0,0,0,0,0,0,0,0,0,0,0,0,0,0,0,0,0,0,0,0,0,0,NA,NA,NA,NA,NA,NA,NA,NA,NA,NA,NA,NA,NA,NA,NA,NA,NA,NA,NA,NA,NA,NA,NA,NA,NA,NA,NA,NA,NA,NA,NA,NA,NA,NA,NA,NA,NA,NA,NA,NA,NA,NA,NA,NA,NA,NA,NA,NA,NA,NA,NA,NA,NA,NA,NA,NA,NA,NA,NA,NA,NA,NA,NA,NA,NA,NA,NA,NA,NA,0,NA,NA,NA,NA,NA,NA,NA,NA,NA,NA,NA,NA,NA,NA,NA,NA,NA,NA,NA,NA,NA,NA,NA,NA,NA,NA,NA,NA,NA,NA,NA,0,PHI,00-0028129,J.Kelce,5,0,NA,False Start,0,0,0,0,NA,NA,2016,NA,NA,16,0,Punt,1146,"10/23/16, 13:02:59",2016-10-23T17:50:49Z,Lincoln Financial Field,"Clear Temp: 62° F, Humidity: 46%, Wind: W 20 mph",10012016-1023-0732-662e-25ff3a421c9a,0,0,PENALTY,0,NA,NA,NA,9,Punt,2016-10-23T17:43:05Z,9,3:57,4,0,0,1,2,0,PUNT,PUNT,02:55,13:58,PHI 2,PHI 44,947,1230,10,21,Home,11,31,-2.5,39,0,outdoors,grass,62,20,Doug Pederson,Mike Zimmer,PHI00,Lincoln Financial Field,0,0,NA,NA,NA,NA,NA,NA,0,0,0,0,1,NA,NA,NA,NA,NA,NA,NA,NA,NA,NA,0,1,-0.636576215736568,NA,NA,NA,NA,NA,0.5664283037185669,NA,2016,Other,NA,NA,NA,NA,NA,NA,NA,NA,NA,NA,Punt
1169,2016_07_MIN_PHI,2016102307,PHI,MIN,REG,7,PHI,home,MIN,PHI,56,2016-10-23,858,858,2658,Half1,0,9,0,2,2,0,14:18,PHI 44,15,42,(14:18) (Shotgun) 11-C.Wentz pass incomplete short right to 43-D.Sproles.,pass,0,1,0,1,0,0,0,short,right,6,NA,NA,NA,NA,NA,NA,NA,3,3,0,NA,NA,NA,NA,3,3,0,0,0,0,0,0,0,0,0.04938500374555588,0.13397791981697083,0.0022478715982288122,0.1875460147857666,0.23215168714523315,0.005498781334608793,0.38919273018836975,0,0,1.712550129275769,-1.1068469353485852,-0.8516879465896636,0.8516879465896636,-7.2035658528329805,7.2035658528329805,10.394493775733281,-10.394493775733281,-0.11535164574161172,-0.9914952896069735,0,0,3.4848832667339593,-3.4848832667339593,1.106073300121352,-1.106073300121352,0.3472846440272406,-0.3472846440272406,3.110462737909984,-3.110462737909984,0.5429015755653381,0.45709842443466187,0.5429015755653381,0.45709842443466187,-0.040660202503204346,-0.046326518058776855,-0.046326518058776855,0.5022413730621338,0.4977586269378662,0.4001424014568329,0.4001424014568329,-0.21854481101036072,0.21854481101036072,0.2575889229774475,-0.2575889229774475,0,-0.040660202503204346,0,0,0.017416149377822876,-0.017416149377822876,0.0592096745967865,-0.0592096745967865,0.017416149377822876,-0.017416149377822876,0.04143080115318298,-0.04143080115318298,0,0,0,0,0,0,0,0,1,0,0,0,0,0,0,0,0,0,0,0,0,0,0,0,0,0,0,0,0,0,0,0,0,1,0,0,0,0,0,0,0,0,0,0,0,0,0,0,0,0,0,00-0032950,C.Wentz,NA,00-0023564,D.Sproles,NA,NA,NA,NA,NA,NA,NA,NA,NA,NA,NA,NA,NA,NA,NA,NA,NA,NA,NA,NA,NA,NA,NA,NA,NA,NA,NA,NA,NA,NA,NA,NA,NA,NA,NA,NA,NA,NA,NA,NA,NA,NA,NA,NA,NA,NA,NA,NA,NA,NA,NA,NA,NA,NA,NA,NA,NA,NA,NA,NA,NA,NA,NA,NA,0,NA,NA,NA,NA,NA,NA,NA,NA,NA,NA,NA,NA,NA,NA,NA,NA,NA,NA,NA,NA,NA,NA,NA,NA,NA,NA,NA,NA,NA,NA,NA,0,NA,NA,NA,NA,0,NA,NA,0,0,0,0,NA,NA,2016,0.7476447224617004,-74.76447224617004,16,0,Punt,1169,"10/23/16, 13:02:59",2016-10-23T17:51:30Z,Lincoln Financial Field,"Clear Temp: 62° F, Humidity: 46%, Wind: W 20 mph",10012016-1023-0732-662e-25ff3a421c9a,0,0,PASS,0,NA,NA,NA,9,Punt,2016-10-23T17:43:05Z,9,3:57,4,0,0,1,2,0,PUNT,PUNT,02:55,13:58,PHI 2,PHI 44,947,1230,10,21,Home,11,31,-2.5,39,0,outdoors,grass,62,20,Doug Pederson,Mike Zimmer,PHI00,Lincoln Financial Field,0,0,C.Wentz,11,NA,NA,D.Sproles,43,1,0,0,0,1,00-0032950,NA,00-0023564,C.Wentz,11,00-0032950,D.Sproles,00-0023564,D.Sproles,00-0023564,0,1,-1.1068469353485852,0.4755692334136587,3.7260244624048937,2,0.5617685806355439,0.10538047592854127,0.7927142381668091,20.728576183319092,2016,Go for it,NA,NA,NA,NA,NA,NA,NA,NA,NA,NA,Punt
1191,2016_07_MIN_PHI,2016102307,PHI,MIN,REG,7,NA,NA,NA,NA,NA,2016-10-23,853,853,2653,Half1,0,9,0,2,NA,0,14:13,PHI 44,0,42,Timeout #1 by PHI at 14:13.,no_play,0,0,0,0,0,0,0,NA,NA,NA,NA,NA,NA,NA,NA,NA,NA,2,3,1,PHI,NA,NA,NA,NA,NA,0,0,NA,NA,NA,NA,NA,NA,0,0,0,0,0,0,0,0,0,0.6057031939271837,0,-0.8516879465896636,0.8516879465896636,-7.2035658528329805,7.2035658528329805,10.394493775733281,-10.394493775733281,NA,NA,0,0,3.4848832667339593,-3.4848832667339593,1.106073300121352,-1.106073300121352,0.3472846440272406,-0.3472846440272406,3.110462737909984,-3.110462737909984,0.5022413730621338,0.4977586269378662,0.5022413730621338,0.4977586269378662,0,0,0,NA,NA,0.35381588339805603,0.35381588339805603,-0.21854481101036072,0.21854481101036072,0.2575889229774475,-0.2575889229774475,NA,NA,0,0,0.017416149377822876,-0.017416149377822876,0.0592096745967865,-0.0592096745967865,0.017416149377822876,-0.017416149377822876,0.04143080115318298,-0.04143080115318298,0,0,0,0,0,0,0,0,0,0,0,0,0,0,0,0,0,0,0,0,0,0,0,0,0,0,0,0,0,0,0,0,0,0,0,0,0,0,0,0,0,0,0,0,0,0,0,0,0,0,0,NA,NA,NA,NA,NA,NA,NA,NA,NA,NA,NA,NA,NA,NA,NA,NA,NA,NA,NA,NA,NA,NA,NA,NA,NA,NA,NA,NA,NA,NA,NA,NA,NA,NA,NA,NA,NA,NA,NA,NA,NA,NA,NA,NA,NA,NA,NA,NA,NA,NA,NA,NA,NA,NA,NA,NA,NA,NA,NA,NA,NA,NA,NA,NA,NA,NA,NA,NA,NA,0,NA,NA,NA,NA,NA,NA,NA,NA,NA,NA,NA,NA,NA,NA,NA,NA,NA,NA,NA,NA,NA,NA,NA,NA,NA,NA,NA,NA,NA,NA,NA,0,NA,NA,NA,NA,0,NA,NA,0,0,0,0,NA,NA,2016,NA,NA,16,0,Punt,1191,"10/23/16, 13:02:59",2016-10-23T17:52:22Z,Lincoln Financial Field,"Clear Temp: 62° F, Humidity: 46%, Wind: W 20 mph",10012016-1023-0732-662e-25ff3a421c9a,0,0,TIMEOUT,0,NA,NA,NA,9,Punt,2016-10-23T17:43:05Z,9,3:57,4,0,0,1,2,0,PUNT,PUNT,02:55,13:58,PHI 2,PHI 44,947,1230,10,21,Home,11,31,-2.5,39,0,outdoors,grass,62,20,Doug Pederson,Mike Zimmer,PHI00,Lincoln Financial Field,0,0,NA,NA,NA,NA,NA,NA,0,0,0,0,0,NA,NA,NA,NA,NA,NA,NA,NA,NA,NA,0,1,0,NA,NA,NA,NA,NA,NA,NA,2016,Other,NA,NA,NA,NA,NA,NA,NA,NA,NA,NA,Punt
1208,2016_07_MIN_PHI,2016102307,PHI,MIN,REG,7,PHI,home,MIN,PHI,56,2016-10-23,853,853,2653,Half1,0,9,0,2,3,0,14:13,PHI 44,15,42,(14:13) (Shotgun) 11-C.Wentz pass incomplete deep right to 17-N.Agholor.,pass,0,1,0,1,0,0,0,deep,right,41,NA,NA,NA,NA,NA,NA,NA,2,3,0,NA,NA,NA,NA,2,3,0,0,0,0,0,0,0,0,0.06220918148756027,0.16690434515476227,0.0018127307994291186,0.24120748043060303,0.20959451794624329,0.011638409458100796,0.3066333830356598,0,0,0.6057031939271837,-1.2273323850240558,-2.0790203316137195,2.0790203316137195,-7.2035658528329805,7.2035658528329805,9.167161390709225,-9.167161390709225,4.2868786488543265,-5.514211033878382,0,0,3.4848832667339593,-3.4848832667339593,1.106073300121352,-1.106073300121352,4.634163292881567,-4.634163292881567,-2.4037482959683985,2.4037482959683985,0.5022413730621338,0.4977586269378662,0.5022413730621338,0.4977586269378662,-0.040568649768829346,-0.02536901831626892,-0.02536901831626892,0.46167272329330444,0.5383272767066956,0.35381588339805603,0.35381588339805603,-0.21854481101036072,0.21854481101036072,0.21702027320861816,-0.21702027320861816,0,-0.040568649768829346,0,0,0.017416149377822876,-0.017416149377822876,0.0592096745967865,-0.0592096745967865,0.017416149377822876,-0.017416149377822876,8.621513843536377e-4,-8.621513843536377e-4,0,0,0,0,0,1,0,0,1,0,0,0,0,0,0,0,0,0,0,0,0,0,0,0,0,0,0,0,0,0,0,0,0,1,0,0,0,0,0,0,0,0,0,0,0,0,0,0,0,0,0,00-0032950,C.Wentz,NA,00-0031549,N.Agholor,NA,NA,NA,NA,NA,NA,NA,NA,NA,NA,NA,NA,NA,NA,NA,NA,NA,NA,NA,NA,NA,NA,NA,NA,NA,NA,NA,NA,NA,NA,NA,NA,NA,NA,NA,NA,NA,NA,NA,NA,NA,NA,NA,NA,NA,NA,NA,NA,NA,NA,NA,NA,NA,NA,NA,NA,NA,NA,NA,NA,NA,NA,NA,NA,0,NA,NA,NA,NA,NA,NA,NA,NA,NA,NA,NA,NA,NA,NA,NA,NA,NA,NA,NA,NA,NA,NA,NA,NA,NA,NA,NA,NA,NA,NA,NA,0,NA,NA,NA,NA,0,NA,NA,0,0,0,0,NA,NA,2016,0.2688811123371124,-26.888111233711243,16,0,Punt,1208,"10/23/16, 13:02:59",2016-10-23T17:53:28Z,Lincoln Financial Field,"Clear Temp: 62° F, Humidity: 46%, Wind: W 20 mph",10012016-1023-0732-662e-25ff3a421c9a,0,0,PASS,0,NA,NA,NA,9,Punt,2016-10-23T17:43:05Z,9,3:57,4,0,0,1,2,0,PUNT,PUNT,02:55,13:58,PHI 2,PHI 44,947,1230,10,21,Home,11,31,-2.5,39,0,outdoors,grass,62,20,Doug Pederson,Mike Zimmer,PHI00,Lincoln Financial Field,0,0,C.Wentz,11,NA,NA,N.Agholor,17,1,0,0,0,1,00-0032950,NA,00-0031549,C.Wentz,11,00-0032950,N.Agholor,00-0031549,N.Agholor,00-0031549,0,1,-1.2273323850240558,1.0613319257975613,8.600191394871217,9,1,1,0.9518483281135559,4.815167188644409,2016,Go for it,NA,NA,NA,NA,NA,NA,NA,NA,NA,NA,Punt
1230,2016_07_MIN_PHI,2016102307,PHI,MIN,REG,7,PHI,home,MIN,PHI,56,2016-10-23,845,845,2645,Half1,0,9,0,2,4,0,14:05,PHI 44,15,42,"(14:05) 8-D.Jones punts 56 yards to end zone, Center-46-J.Dorenbos, Touchback.",punt,0,0,0,0,0,0,0,NA,NA,NA,NA,NA,NA,NA,56,NA,NA,2,3,0,NA,NA,NA,NA,2,3,0,0,0,0,0,0,0,0,0.07704833894968033,0.20583310723304749,0.0021259437780827284,0.3084588348865509,0.15105649828910828,0.01643529161810875,0.23904196918010712,0,0,-0.6216291910968721,0.08498471695929766,-1.9940356146544218,1.9940356146544218,-7.2035658528329805,7.2035658528329805,9.167161390709225,-9.167161390709225,NA,NA,0,0,3.4848832667339593,-3.4848832667339593,1.106073300121352,-1.106073300121352,4.634163292881567,-4.634163292881567,-2.4037482959683985,2.4037482959683985,0.46167272329330444,0.5383272767066956,0.46167272329330444,0.5383272767066956,0.059199899435043335,0.056986868381500244,0.056986868381500244,0.5208726227283478,0.4791273772716522,0.3284468650817871,0.3284468650817871,-0.21854481101036072,0.21854481101036072,0.21702027320861816,-0.21702027320861816,NA,NA,0,0,0.017416149377822876,-0.017416149377822876,0.0592096745967865,-0.0592096745967865,0.017416149377822876,-0.017416149377822876,8.621513843536377e-4,-8.621513843536377e-4,0,0,0,0,0,0,0,0,0,1,0,0,0,0,0,0,0,0,0,0,0,0,0,0,0,0,0,0,0,0,0,0,0,0,0,0,0,0,0,0,0,0,0,1,0,0,0,0,0,0,0,NA,NA,NA,NA,NA,NA,NA,NA,NA,NA,NA,NA,NA,NA,NA,NA,NA,NA,NA,NA,NA,NA,NA,NA,NA,NA,NA,NA,NA,00-0022684,D.Jones,NA,NA,NA,NA,NA,NA,NA,NA,NA,NA,NA,NA,NA,NA,NA,NA,NA,NA,NA,NA,NA,NA,NA,NA,NA,NA,NA,NA,NA,NA,NA,NA,NA,NA,NA,NA,NA,NA,0,NA,NA,NA,NA,NA,NA,NA,NA,NA,NA,NA,NA,NA,NA,NA,NA,NA,NA,NA,NA,NA,NA,NA,NA,NA,NA,NA,NA,NA,NA,MIN,0,NA,NA,NA,NA,0,NA,NA,0,0,0,0,NA,NA,2016,NA,NA,16,0,Punt,1230,"10/23/16, 13:02:59",2016-10-23T17:54:05Z,Lincoln Financial Field,"Clear Temp: 62° F, Humidity: 46%, Wind: W 20 mph",10012016-1023-0732-662e-25ff3a421c9a,0,0,PUNT,1,NA,NA,NA,9,Punt,2016-10-23T17:43:05Z,9,3:57,4,0,0,1,2,0,PUNT,PUNT,02:55,13:58,PHI 2,PHI 44,947,1230,10,21,Home,11,31,-2.5,39,0,outdoors,grass,62,20,Doug Pederson,Mike Zimmer,PHI00,Lincoln Financial Field,0,1,NA,NA,NA,NA,NA,NA,0,0,0,1,0,NA,NA,NA,NA,NA,NA,NA,NA,NA,NA,0,1,0.08498471695929766,NA,NA,NA,NA,NA,NA,NA,2016,Punt,-4.452753938567416,0.14090463145112153,0.3205323045263986,0.47198961234354775,0.34187333573472556,0,0.3005748689174652,0.45846623182296753,0.3005748689174652,0.3864008751203997,Punt
1247,2016_07_MIN_PHI,2016102307,PHI,MIN,REG,7,MIN,away,PHI,MIN,80,2016-10-23,838,838,2638,Half1,0,10,0,2,1,0,13:58,MIN 20,10,50,(13:58) (Shotgun) 21-J.McKinnon up the middle to MIN 29 for 9 yards (22-N.Carroll).,run,9,1,0,0,0,0,0,NA,NA,NA,NA,middle,NA,NA,NA,NA,NA,2,3,0,NA,NA,NA,NA,3,2,0,0,0,0,0,0,0,0,0.07089324295520782,0.17242445051670074,0.006667209789156914,0.2386963814496994,0.20822571218013763,0.0016402436885982752,0.30145275592803955,0,0,0.5366444741375744,0.9128697959240526,-2.9069054105784744,2.9069054105784744,-8.116435648757033,8.116435648757033,9.167161390709225,-9.167161390709225,NA,NA,0,0,3.4848832667339593,-3.4848832667339593,1.106073300121352,-1.106073300121352,4.634163292881567,-4.634163292881567,-2.4037482959683985,2.4037482959683985,0.4791273772716522,0.5208726227283478,0.5208726227283478,0.4791273772716522,0.02007448673248291,0.026064574718475342,-0.026064574718475342,0.5007981359958649,0.49920186400413513,0.6145662665367126,0.38543373346328735,-0.23861929774284363,0.23861929774284363,0.21702027320861816,-0.21702027320861816,NA,NA,0,0,0.017416149377822876,-0.017416149377822876,0.0592096745967865,-0.0592096745967865,0.017416149377822876,-0.017416149377822876,8.621513843536377e-4,-8.621513843536377e-4,0,0,0,0,0,0,0,0,0,0,0,0,0,0,0,0,0,0,0,0,0,0,0,0,1,0,0,0,0,0,0,0,1,0,0,0,0,0,0,0,0,0,0,0,0,0,0,0,0,0,0,NA,NA,NA,NA,NA,NA,00-0031376,J.McKinnon,9,NA,NA,NA,NA,NA,NA,NA,NA,NA,NA,NA,NA,NA,NA,NA,NA,NA,NA,NA,NA,NA,NA,NA,NA,NA,NA,NA,NA,NA,NA,NA,NA,NA,NA,NA,NA,NA,NA,NA,NA,NA,NA,PHI,NA,00-0027744,NA,N.Carroll,NA,NA,NA,NA,NA,NA,NA,NA,NA,NA,NA,NA,NA,0,NA,NA,NA,NA,NA,NA,NA,NA,NA,NA,NA,NA,NA,NA,NA,NA,NA,NA,NA,NA,NA,NA,NA,NA,NA,NA,NA,NA,NA,NA,NA,0,NA,NA,NA,NA,0,NA,NA,0,0,0,0,NA,NA,2016,NA,NA,17,1,First down,1247,"10/23/16, 13:02:59",2016-10-23T17:56:36Z,Lincoln Financial Field,"Clear Temp: 62° F, Humidity: 46%, Wind: W 20 mph",10012016-1023-0732-662e-25ff3a421c9a,0,0,RUSH,0,NA,NA,NA,10,Field goal,2016-10-23T17:56:36Z,12,4:57,3,0,1,2,2,0,PUNT,FIELD_GOAL,13:58,09:01,MIN 20,PHI 30,1247,1495,10,21,Home,11,31,-2.5,39,0,outdoors,grass,62,20,Doug Pederson,Mike Zimmer,PHI00,Lincoln Financial Field,0,1,NA,NA,J.McKinnon,21,NA,NA,0,1,0,0,1,NA,00-0031376,NA,J.McKinnon,21,00-0031376,J.McKinnon,00-0031376,J.McKinnon,00-0031376,0,1,0.9128697959240526,NA,NA,NA,NA,NA,0.48136106133461,-48.136106133461,2016,Go for it,NA,NA,NA,NA,NA,NA,NA,NA,NA,NA,Punt
1276,2016_07_MIN_PHI,2016102307,PHI,MIN,REG,7,MIN,away,PHI,MIN,71,2016-10-23,811,811,2611,Half1,0,10,0,2,2,0,13:31,MIN 29,1,50,(13:31) (Shotgun) 44-M.Asiata up the middle to MIN 36 for 7 yards (98-C.Barwin; 58-J.Hicks).,run,7,1,0,0,0,0,0,NA,NA,NA,NA,middle,NA,NA,NA,NA,NA,2,3,0,NA,NA,NA,NA,3,2,0,0,0,0,0,0,0,0,0.0705871507525444,0.1501392424106598,0.005242391489446163,0.18409192562103271,0.23043832182884216,0.001752241631038487,0.35774868726730347,0,0,1.449514270061627,0.1651227583643049,-3.0720281689427793,3.0720281689427793,-8.281558407121338,8.281558407121338,9.167161390709225,-9.167161390709225,NA,NA,0,0,3.4848832667339593,-3.4848832667339593,1.106073300121352,-1.106073300121352,4.634163292881567,-4.634163292881567,-2.4037482959683985,2.4037482959683985,0.49920186400413513,0.5007981359958649,0.5007981359958649,0.49920186400413513,0.022644907236099243,0.012650668621063232,-0.012650668621063232,0.4781532287597656,0.5218467712402344,0.640630841255188,0.359369158744812,-0.26126420497894287,0.26126420497894287,0.21702027320861816,-0.21702027320861816,NA,NA,0,0,0.017416149377822876,-0.017416149377822876,0.0592096745967865,-0.0592096745967865,0.017416149377822876,-0.017416149377822876,8.621513843536377e-4,-8.621513843536377e-4,0,1,0,0,0,0,0,0,0,0,0,0,0,0,0,0,0,0,0,0,0,0,0,0,0,0,0,0,0,0,0,0,1,0,0,0,0,0,0,0,0,0,0,0,0,0,1,0,0,0,0,NA,NA,NA,NA,NA,NA,00-0028198,M.Asiata,7,NA,NA,NA,NA,NA,NA,NA,NA,NA,NA,NA,NA,NA,NA,NA,NA,NA,NA,NA,NA,NA,NA,NA,NA,NA,NA,NA,NA,NA,NA,NA,NA,NA,NA,NA,NA,NA,NA,NA,NA,NA,NA,NA,NA,NA,NA,NA,NA,00-0027022,C.Barwin,PHI,00-0032129,J.Hicks,PHI,NA,NA,NA,NA,NA,NA,0,NA,NA,NA,NA,NA,NA,NA,NA,NA,NA,NA,NA,NA,NA,NA,NA,NA,NA,NA,NA,NA,NA,NA,NA,NA,NA,NA,NA,NA,NA,NA,0,NA,NA,NA,NA,0,NA,NA,0,0,0,0,NA,NA,2016,NA,NA,17,1,First down,1276,"10/23/16, 13:02:59",2016-10-23T17:56:55Z,Lincoln Financial Field,"Clear Temp: 62° F, Humidity: 46%, Wind: W 20 mph",10012016-1023-0732-662e-25ff3a421c9a,0,0,RUSH,0,NA,NA,NA,10,Field goal,2016-10-23T17:56:36Z,12,4:57,3,0,1,2,2,0,PUNT,FIELD_GOAL,13:58,09:01,MIN 20,PHI 30,1247,1495,10,21,Home,11,31,-2.5,39,0,outdoors,grass,62,20,Doug Pederson,Mike Zimmer,PHI00,Lincoln Financial Field,0,1,NA,NA,M.Asiata,44,NA,NA,0,1,1,0,1,NA,00-0028198,NA,M.Asiata,44,00-0028198,M.Asiata,00-0028198,M.Asiata,00-0028198,0,1,0.1651227583643049,NA,NA,NA,NA,NA,0.22822974622249603,-22.822974622249603,2016,Go for it,NA,NA,NA,NA,NA,NA,NA,NA,NA,NA,Punt
1297,2016_07_MIN_PHI,2016102307,PHI,MIN,REG,7,MIN,away,PHI,MIN,64,2016-10-23,768,768,2568,Half1,0,10,0,2,1,0,12:48,MIN 36,10,50,(12:48) (Shotgun) 44-M.Asiata right tackle to MIN 41 for 5 yards (98-C.Barwin).,run,5,1,0,0,0,0,0,NA,NA,NA,NA,right,tackle,NA,NA,NA,NA,2,3,0,NA,NA,NA,NA,3,2,0,0,0,0,0,0,0,0,0.07822951674461365,0.12196327745914459,0.0030814488418400288,0.18338072299957275,0.2533411681652069,0.0019391686655580997,0.3580647110939026,0,0,1.614637028425932,-0.0013422276824712753,-3.070685941260308,3.070685941260308,-8.280216179438867,8.280216179438867,9.167161390709225,-9.167161390709225,NA,NA,0,0,3.4848832667339593,-3.4848832667339593,1.106073300121352,-1.106073300121352,4.634163292881567,-4.634163292881567,-2.4037482959683985,2.4037482959683985,0.5218467712402344,0.4781532287597656,0.4781532287597656,0.5218467712402344,-0.007505595684051514,-0.005444228649139404,0.005444228649139404,0.48565882444381714,0.5143411755561829,0.6532815098762512,0.3467184901237488,-0.25375860929489136,0.25375860929489136,0.21702027320861816,-0.21702027320861816,NA,NA,0,0,0.017416149377822876,-0.017416149377822876,0.0592096745967865,-0.0592096745967865,0.017416149377822876,-0.017416149377822876,8.621513843536377e-4,-8.621513843536377e-4,0,0,0,0,0,0,0,0,0,0,0,0,0,0,0,0,0,0,0,0,0,0,0,0,1,0,0,0,0,0,0,0,1,0,0,0,0,0,0,0,0,0,0,0,0,0,0,0,0,0,0,NA,NA,NA,NA,NA,NA,00-0028198,M.Asiata,5,NA,NA,NA,NA,NA,NA,NA,NA,NA,NA,NA,NA,NA,NA,NA,NA,NA,NA,NA,NA,NA,NA,NA,NA,NA,NA,NA,NA,NA,NA,NA,NA,NA,NA,NA,NA,NA,NA,NA,NA,NA,NA,PHI,NA,00-0027022,NA,C.Barwin,NA,NA,NA,NA,NA,NA,NA,NA,NA,NA,NA,NA,NA,0,NA,NA,NA,NA,NA,NA,NA,NA,NA,NA,NA,NA,NA,NA,NA,NA,NA,NA,NA,NA,NA,NA,NA,NA,NA,NA,NA,NA,NA,NA,NA,0,NA,NA,NA,NA,0,NA,NA,0,0,0,0,NA,NA,2016,NA,NA,18,1,First down,1297,"10/23/16, 13:02:59",2016-10-23T17:57:38Z,Lincoln Financial Field,"Clear Temp: 62° F, Humidity: 46%, Wind: W 20 mph",10012016-1023-0732-662e-25ff3a421c9a,0,0,RUSH,0,NA,NA,NA,10,Field goal,2016-10-23T17:56:36Z,12,4:57,3,0,1,2,2,0,PUNT,FIELD_GOAL,13:58,09:01,MIN 20,PHI 30,1247,1495,10,21,Home,11,31,-2.5,39,0,outdoors,grass,62,20,Doug Pederson,Mike Zimmer,PHI00,Lincoln Financial Field,0,0,NA,NA,M.Asiata,44,NA,NA,0,1,0,0,1,NA,00-0028198,NA,M.Asiata,44,00-0028198,M.Asiata,00-0028198,M.Asiata,00-0028198,0,1,-0.0013422276824712753,NA,NA,NA,NA,NA,0.4665137231349945,-46.65137231349945,2016,Go for it,NA,NA,NA,NA,NA,NA,NA,NA,NA,NA,Punt
1318,2016_07_MIN_PHI,2016102307,PHI,MIN,REG,7,MIN,away,PHI,MIN,59,2016-10-23,740,740,2540,Half1,0,10,0,2,2,0,12:20,MIN 41,5,50,(12:20) (Shotgun) 44-M.Asiata right tackle to MIN 43 for 2 yards (53-N.Bradham; 94-B.Allen).,run,2,1,0,0,0,0,0,NA,NA,NA,NA,right,tackle,NA,NA,NA,NA,2,3,0,NA,NA,NA,NA,3,2,0,0,0,0,0,0,0,0,0.07332544028759003,0.12734009325504303,0.0024211141280829906,0.18082524836063385,0.25882580876350403,0.002275912556797266,0.35498639941215515,0,0,1.6132948007434607,-0.40995757980272174,-2.6607283614575863,2.6607283614575863,-7.870258599636145,7.870258599636145,9.167161390709225,-9.167161390709225,NA,NA,0,0,3.4848832667339593,-3.4848832667339593,1.106073300121352,-1.106073300121352,4.634163292881567,-4.634163292881567,-2.4037482959683985,2.4037482959683985,0.5143411755561829,0.48565882444381714,0.48565882444381714,0.5143411755561829,-0.018786907196044922,-0.0191805362701416,0.0191805362701416,0.5044457316398621,0.49555426836013794,0.6478372812271118,0.3521627187728882,-0.23497170209884644,0.23497170209884644,0.21702027320861816,-0.21702027320861816,NA,NA,0,0,0.017416149377822876,-0.017416149377822876,0.0592096745967865,-0.0592096745967865,0.017416149377822876,-0.017416149377822876,8.621513843536377e-4,-8.621513843536377e-4,0,0,0,0,0,0,0,0,0,0,0,0,0,0,0,0,0,0,0,0,0,0,0,0,0,0,0,0,0,0,0,0,1,0,0,0,0,0,0,0,0,0,0,0,0,0,1,0,0,0,0,NA,NA,NA,NA,NA,NA,00-0028198,M.Asiata,2,NA,NA,NA,NA,NA,NA,NA,NA,NA,NA,NA,NA,NA,NA,NA,NA,NA,NA,NA,NA,NA,NA,NA,NA,NA,NA,NA,NA,NA,NA,NA,NA,NA,NA,NA,NA,NA,NA,NA,NA,NA,NA,NA,NA,NA,NA,NA,NA,00-0029272,N.Bradham,PHI,00-0031089,B.Allen,PHI,NA,NA,NA,NA,NA,NA,0,NA,NA,NA,NA,NA,NA,NA,NA,NA,NA,NA,NA,NA,NA,NA,NA,NA,NA,NA,NA,NA,NA,NA,NA,NA,NA,NA,NA,NA,NA,NA,0,NA,NA,NA,NA,0,NA,NA,0,0,0,0,NA,NA,2016,NA,NA,18,1,First down,1318,"10/23/16, 13:02:59",2016-10-23T17:58:06Z,Lincoln Financial Field,"Clear Temp: 62° F, Humidity: 46%, Wind: W 20 mph",10012016-1023-0732-662e-25ff3a421c9a,0,0,RUSH,0,NA,NA,NA,10,Field goal,2016-10-23T17:56:36Z,12,4:57,3,0,1,2,2,0,PUNT,FIELD_GOAL,13:58,09:01,MIN 20,PHI 30,1247,1495,10,21,Home,11,31,-2.5,39,0,outdoors,grass,62,20,Doug Pederson,Mike Zimmer,PHI00,Lincoln Financial Field,0,0,NA,NA,M.Asiata,44,NA,NA,0,1,0,0,1,NA,00-0028198,NA,M.Asiata,44,00-0028198,M.Asiata,00-0028198,M.Asiata,00-0028198,0,1,-0.40995757980272174,NA,NA,NA,NA,NA,0.49745237827301025,-49.745237827301025,2016,Go for it,NA,NA,NA,NA,NA,NA,NA,NA,NA,NA,Punt
1339,2016_07_MIN_PHI,2016102307,PHI,MIN,REG,7,MIN,away,PHI,MIN,57,2016-10-23,695,695,2495,Half1,0,10,0,2,3,0,11:35,MIN 43,3,50,(11:35) (Shotgun) 8-S.Bradford pass short right to 14-S.Diggs to MIN 47 for 4 yards (95-M.Kendricks).,pass,4,1,0,1,0,0,0,short,right,3,1,NA,NA,NA,NA,NA,NA,2,3,0,NA,NA,NA,NA,3,2,0,0,0,0,0,0,0,0,0.09060001373291016,0.1450386941432953,0.0022877573501318693,0.19682300090789795,0.23099470138549805,0.0023970119655132294,0.3318588137626648,0,0,1.203337220940739,1.1492323484271765,-3.8099607098847628,3.8099607098847628,-7.870258599636145,7.870258599636145,8.017929042282049,-8.017929042282049,1.1276241107843816,0.021608237642794847,1.1276241107843816,0.021608237642794847,2.3572591559495777,-2.3572591559495777,1.0844650624785572,-1.0844650624785572,3.5065391820971854,-3.5065391820971854,-2.4253565336111933,2.4253565336111933,0.49555426836013794,0.5044457316398621,0.5044457316398621,0.49555426836013794,0.03385210037231445,0.036234140396118164,-0.036234140396118164,0.4705936312675476,0.5294063687324524,0.6286567449569702,0.3713432550430298,-0.23497170209884644,0.23497170209884644,0.1831681728363037,-0.1831681728363037,0,0.03385210037231445,0,0.03385210037231445,0.017416149377822876,-0.017416149377822876,0.025357574224472046,-0.025357574224472046,0.017416149377822876,-0.017416149377822876,-0.032989948987960815,0.032989948987960815,0,0,1,0,1,0,0,0,0,0,0,0,0,0,0,0,0,0,0,0,0,0,0,0,1,0,0,0,0,0,0,0,0,1,0,0,0,0,0,0,0,0,0,0,0,1,0,0,0,0,0,00-0027854,S.Bradford,4,00-0031588,S.Diggs,4,NA,NA,NA,NA,NA,NA,NA,NA,NA,NA,NA,NA,NA,NA,NA,NA,NA,NA,NA,NA,NA,NA,NA,NA,NA,NA,NA,NA,NA,NA,NA,NA,NA,NA,NA,NA,NA,NA,NA,NA,NA,NA,NA,NA,NA,PHI,NA,00-0029409,NA,M.Kendricks,NA,NA,NA,NA,NA,NA,NA,NA,NA,NA,NA,NA,NA,0,NA,NA,NA,NA,NA,NA,NA,NA,NA,NA,NA,NA,NA,NA,NA,NA,NA,NA,NA,NA,NA,NA,NA,NA,NA,NA,NA,NA,NA,NA,NA,0,NA,NA,NA,NA,0,NA,NA,0,0,0,0,NA,NA,2016,0.6471253037452698,35.28746962547302,18,1,First down,1339,"10/23/16, 13:02:59",2016-10-23T17:58:51Z,Lincoln Financial Field,"Clear Temp: 62° F, Humidity: 46%, Wind: W 20 mph",10012016-1023-0732-662e-25ff3a421c9a,0,0,PASS,0,NA,NA,NA,10,Field goal,2016-10-23T17:56:36Z,12,4:57,3,0,1,2,2,0,PUNT,FIELD_GOAL,13:58,09:01,MIN 20,PHI 30,1247,1495,10,21,Home,11,31,-2.5,39,0,outdoors,grass,62,20,Doug Pederson,Mike Zimmer,PHI00,Lincoln Financial Field,0,1,S.Bradford,8,NA,NA,S.Diggs,14,1,0,1,0,1,00-0027854,NA,00-0031588,S.Bradford,8,00-0027854,S.Diggs,00-0031588,S.Diggs,00-0031588,0,1,1.1492323484271765,0.23634792112444747,4.803577209546347,3,0.9828693030867726,0.9828693030867726,0.8946596384048462,10.53403615951538,2016,Go for it,NA,NA,NA,NA,NA,NA,NA,NA,NA,NA,Punt
1363,2016_07_MIN_PHI,2016102307,PHI,MIN,REG,7,MIN,away,PHI,MIN,53,2016-10-23,657,657,2457,Half1,0,10,0,2,1,0,10:57,MIN 47,10,50,(10:57) 44-M.Asiata right end to MIN 48 for 1 yard (90-M.Smith).,run,1,0,0,0,0,0,0,NA,NA,NA,NA,right,end,NA,NA,NA,NA,2,3,0,NA,NA,NA,NA,3,2,0,0,0,0,0,0,0,0,0.08380872011184692,0.09956149756908417,0.0017499024979770184,0.13453955948352814,0.2890600264072418,0.0019223035778850317,0.3893580138683319,0,0,2.3525695693679154,-0.4357491072732955,-3.3742116026114672,3.3742116026114672,-7.434509492362849,7.434509492362849,8.017929042282049,-8.017929042282049,NA,NA,0,0,2.3572591559495777,-2.3572591559495777,1.0844650624785572,-1.0844650624785572,3.5065391820971854,-3.5065391820971854,-2.4253565336111933,2.4253565336111933,0.5294063687324524,0.4705936312675476,0.4705936312675476,0.5294063687324524,0.0020652413368225098,-0.010213196277618408,0.010213196277618408,0.4685283899307251,0.5314716100692749,0.6648908853530884,0.3351091146469116,-0.23703694343566895,0.23703694343566895,0.1831681728363037,-0.1831681728363037,NA,NA,0,0,0.017416149377822876,-0.017416149377822876,0.025357574224472046,-0.025357574224472046,0.017416149377822876,-0.017416149377822876,-0.032989948987960815,0.032989948987960815,0,0,0,0,0,0,0,0,0,0,0,0,0,0,0,0,0,0,0,0,0,0,0,0,1,0,0,0,0,0,0,0,1,0,0,0,0,0,0,0,0,0,0,0,0,0,0,0,0,0,0,NA,NA,NA,NA,NA,NA,00-0028198,M.Asiata,1,NA,NA,NA,NA,NA,NA,NA,NA,NA,NA,NA,NA,NA,NA,NA,NA,NA,NA,NA,NA,NA,NA,NA,NA,NA,NA,NA,NA,NA,NA,NA,NA,NA,NA,NA,NA,NA,NA,NA,NA,NA,NA,PHI,NA,00-0031371,NA,M.Smith,NA,NA,NA,NA,NA,NA,NA,NA,NA,NA,NA,NA,NA,0,NA,NA,NA,NA,NA,NA,NA,NA,NA,NA,NA,NA,NA,NA,NA,NA,NA,NA,NA,NA,NA,NA,NA,NA,NA,NA,NA,NA,NA,NA,NA,0,NA,NA,NA,NA,0,NA,NA,0,0,0,0,NA,NA,2016,NA,NA,19,1,First down,1363,"10/23/16, 13:02:59",2016-10-23T17:59:29Z,Lincoln Financial Field,"Clear Temp: 62° F, Humidity: 46%, Wind: W 20 mph",10012016-1023-0732-662e-25ff3a421c9a,0,0,RUSH,0,NA,NA,NA,10,Field goal,2016-10-23T17:56:36Z,12,4:57,3,0,1,2,2,0,PUNT,FIELD_GOAL,13:58,09:01,MIN 20,PHI 30,1247,1495,10,21,Home,11,31,-2.5,39,0,outdoors,grass,62,20,Doug Pederson,Mike Zimmer,PHI00,Lincoln Financial Field,0,0,NA,NA,M.Asiata,44,NA,NA,0,1,0,0,1,NA,00-0028198,NA,M.Asiata,44,00-0028198,M.Asiata,00-0028198,M.Asiata,00-0028198,0,1,-0.4357491072732955,NA,NA,NA,NA,NA,0.4723222255706787,-47.23222255706787,2016,Go for it,NA,NA,NA,NA,NA,NA,NA,NA,NA,NA,Punt
1384,2016_07_MIN_PHI,2016102307,PHI,MIN,REG,7,MIN,away,PHI,MIN,52,2016-10-23,632,632,2432,Half1,0,10,0,2,2,0,10:32,MIN 48,9,50,(10:32) 8-S.Bradford pass incomplete deep right to 14-S.Diggs.,pass,0,0,0,1,0,0,0,deep,right,17,NA,NA,NA,NA,NA,NA,NA,2,3,0,NA,NA,NA,NA,3,2,0,0,0,0,0,0,0,0,0.09091990441083908,0.11149963736534119,0.0018381696427240968,0.15715552866458893,0.27612388134002686,0.0021054719109088182,0.360357403755188,0,0,1.9168204620946199,-0.7977043783757836,-2.5765072242356837,2.5765072242356837,-7.434509492362849,7.434509492362849,8.815633420657832,-8.815633420657832,1.619603940518573,-2.4173083188943565,0,0,2.3572591559495777,-2.3572591559495777,1.0844650624785572,-1.0844650624785572,1.8869352415786125,-1.8869352415786125,-0.00804821471683681,0.00804821471683681,0.5314716100692749,0.4685283899307251,0.4685283899307251,0.5314716100692749,-0.03371149301528931,-0.022693097591400146,0.022693097591400146,0.5022398829460144,0.4977601170539856,0.65467768907547,0.34532231092453003,-0.23703694343566895,0.23703694343566895,0.21687966585159302,-0.21687966585159302,0,-0.03371149301528931,0,0,0.017416149377822876,-0.017416149377822876,0.025357574224472046,-0.025357574224472046,0.017416149377822876,-0.017416149377822876,7.215440273284912e-4,-7.215440273284912e-4,0,0,0,0,0,0,0,0,1,0,0,0,0,0,0,0,0,0,0,0,0,0,0,0,0,0,0,0,0,0,0,0,0,1,0,0,0,0,0,0,0,0,0,0,0,0,0,0,0,0,0,00-0027854,S.Bradford,NA,00-0031588,S.Diggs,NA,NA,NA,NA,NA,NA,NA,NA,NA,NA,NA,NA,NA,NA,NA,NA,NA,NA,NA,NA,NA,NA,NA,NA,NA,NA,NA,NA,NA,NA,NA,NA,NA,NA,NA,NA,NA,NA,NA,NA,NA,NA,NA,NA,NA,NA,NA,NA,NA,NA,NA,NA,NA,NA,NA,NA,NA,NA,NA,NA,NA,NA,NA,NA,0,NA,NA,NA,NA,NA,NA,NA,NA,NA,NA,NA,NA,NA,NA,NA,NA,NA,NA,NA,NA,NA,NA,NA,NA,NA,NA,NA,NA,NA,NA,NA,0,NA,NA,NA,NA,0,NA,NA,0,0,0,0,NA,NA,2016,0.5488429665565491,-54.88429665565491,19,1,First down,1384,"10/23/16, 13:02:59",2016-10-23T17:59:54Z,Lincoln Financial Field,"Clear Temp: 62° F, Humidity: 46%, Wind: W 20 mph",10012016-1023-0732-662e-25ff3a421c9a,0,0,PASS,0,NA,NA,NA,10,Field goal,2016-10-23T17:56:36Z,12,4:57,3,0,1,2,2,0,PUNT,FIELD_GOAL,13:58,09:01,MIN 20,PHI 30,1247,1495,10,21,Home,11,31,-2.5,39,0,outdoors,grass,62,20,Doug Pederson,Mike Zimmer,PHI00,Lincoln Financial Field,0,0,S.Bradford,8,NA,NA,S.Diggs,14,1,0,0,0,1,00-0027854,NA,00-0031588,S.Bradford,8,00-0027854,S.Diggs,00-0031588,S.Diggs,00-0031588,0,1,-0.7977043783757836,0.251107342979376,3.9020365608739667,2,1,1,0.7439761161804199,25.602388381958008,2016,Go for it,NA,NA,NA,NA,NA,NA,NA,NA,NA,NA,Punt
1406,2016_07_MIN_PHI,2016102307,PHI,MIN,REG,7,MIN,away,PHI,MIN,52,2016-10-23,629,629,2429,Half1,0,10,0,2,3,0,10:29,MIN 48,9,50,(10:29) (Shotgun) 8-S.Bradford pass deep middle to 82-K.Rudolph to PHI 30 for 22 yards (26-J.Watkins) [55-B.Graham].,pass,22,1,0,1,0,0,0,deep,middle,20,2,NA,NA,NA,NA,NA,NA,2,3,0,NA,NA,NA,NA,3,2,0,0,0,0,0,0,0,0,0.09748991578817368,0.14234372973442078,0.0021192021667957306,0.1969461441040039,0.24674677848815918,0.002342220861464739,0.3120119869709015,0,0,1.1191160837188363,2.698594149434939,-5.275101373670623,5.275101373670623,-7.434509492362849,7.434509492362849,6.117039271222893,-6.117039271222893,2.5815494852140546,0.11704466422088444,2.5815494852140546,0.11704466422088444,-0.2242903292644769,0.2242903292644769,0.9674203982576728,-0.9674203982576728,-0.6946142436354421,0.6946142436354421,-0.12509287893772125,0.12509287893772125,0.4977601170539856,0.5022398829460144,0.5022398829460144,0.4977601170539856,0.0997002124786377,0.08625191450119019,-0.08625191450119019,0.4025396704673767,0.5974603295326233,0.6319845914840698,0.3680154085159302,-0.23703694343566895,0.23703694343566895,0.11717945337295532,-0.11717945337295532,0,0.0997002124786377,0,0.0997002124786377,0.017416149377822876,-0.017416149377822876,-0.07434263825416565,0.07434263825416565,0.017416149377822876,-0.017416149377822876,-0.0989786684513092,0.0989786684513092,0,0,1,0,1,0,0,0,0,0,0,0,0,0,0,0,0,0,0,0,0,0,0,0,1,0,0,0,0,0,0,1,0,1,0,0,0,0,0,0,0,0,0,0,0,1,0,0,0,0,0,00-0027854,S.Bradford,22,00-0027981,K.Rudolph,22,NA,NA,NA,NA,NA,NA,NA,NA,NA,NA,NA,NA,NA,NA,NA,NA,NA,NA,NA,NA,NA,NA,NA,NA,NA,NA,NA,NA,NA,NA,NA,NA,NA,NA,NA,00-0027865,B.Graham,NA,NA,NA,NA,NA,NA,NA,NA,PHI,NA,00-0031173,NA,J.Watkins,NA,NA,NA,NA,NA,NA,NA,NA,NA,NA,NA,NA,NA,0,NA,NA,NA,NA,NA,NA,NA,NA,NA,NA,NA,NA,NA,NA,NA,NA,NA,NA,NA,NA,NA,NA,NA,NA,NA,NA,NA,NA,NA,NA,NA,0,NA,NA,NA,NA,0,NA,NA,0,0,0,0,NA,NA,2016,0.43126943707466125,56.873056292533875,19,1,First down,1406,"10/23/16, 13:02:59",2016-10-23T18:00:34Z,Lincoln Financial Field,"Clear Temp: 62° F, Humidity: 46%, Wind: W 20 mph",10012016-1023-0732-662e-25ff3a421c9a,0,0,PASS,0,NA,NA,NA,10,Field goal,2016-10-23T17:56:36Z,12,4:57,3,0,1,2,2,0,PUNT,FIELD_GOAL,13:58,09:01,MIN 20,PHI 30,1247,1495,10,21,Home,11,31,-2.5,39,0,outdoors,grass,62,20,Doug Pederson,Mike Zimmer,PHI00,Lincoln Financial Field,0,1,S.Bradford,8,NA,NA,K.Rudolph,82,1,0,1,0,1,00-0027854,NA,00-0027981,S.Bradford,8,00-0027854,K.Rudolph,00-0027981,K.Rudolph,00-0027981,0,1,2.698594149434939,0.3088259467464898,4.576868191419635,2,1,1,0.983816385269165,1.618361473083496,2016,Go for it,NA,NA,NA,NA,NA,NA,NA,NA,NA,NA,Punt
1430,2016_07_MIN_PHI,2016102307,PHI,MIN,REG,7,MIN,away,PHI,PHI,30,2016-10-23,594,594,2394,Half1,0,10,0,2,1,0,09:54,PHI 30,10,50,(9:54) (Shotgun) 44-M.Asiata right tackle to PHI 30 for no gain (27-M.Jenkins).,run,0,1,0,0,0,0,0,NA,NA,NA,NA,right,tackle,NA,NA,NA,NA,2,3,0,NA,NA,NA,NA,3,2,0,0,0,0,0,0,0,0,0.04694363474845886,0.04388928785920143,6.774046923965216e-4,0.06264697760343552,0.3818385899066925,8.565619355067611e-4,0.4631475508213043,0,0,3.8177102331537753,-0.3768029141938314,-4.898298459476791,4.898298459476791,-7.057706578169018,7.057706578169018,6.117039271222893,-6.117039271222893,NA,NA,0,0,-0.2242903292644769,0.2242903292644769,0.9674203982576728,-0.9674203982576728,-0.6946142436354421,0.6946142436354421,-0.12509287893772125,0.12509287893772125,0.5974603295326233,0.4025396704673767,0.4025396704673767,0.5974603295326233,-0.012471377849578857,-0.017193078994750977,0.017193078994750977,0.41501104831695557,0.5849889516830444,0.71823650598526,0.28176349401474,-0.2245655655860901,0.2245655655860901,0.11717945337295532,-0.11717945337295532,NA,NA,0,0,0.017416149377822876,-0.017416149377822876,-0.07434263825416565,0.07434263825416565,0.017416149377822876,-0.017416149377822876,-0.0989786684513092,0.0989786684513092,0,0,0,0,0,0,0,0,0,0,0,0,0,0,0,0,0,0,0,0,0,0,0,0,1,0,0,0,0,0,0,0,1,0,0,0,0,0,0,0,0,0,0,0,0,0,0,0,0,0,0,NA,NA,NA,NA,NA,NA,00-0028198,M.Asiata,0,NA,NA,NA,NA,NA,NA,NA,NA,NA,NA,NA,NA,NA,NA,NA,NA,NA,NA,NA,NA,NA,NA,NA,NA,NA,NA,NA,NA,NA,NA,NA,NA,NA,NA,NA,NA,NA,NA,NA,NA,NA,NA,PHI,NA,00-0026990,NA,M.Jenkins,NA,NA,NA,NA,NA,NA,NA,NA,NA,NA,NA,NA,NA,0,NA,NA,NA,NA,NA,NA,NA,NA,NA,NA,NA,NA,NA,NA,NA,NA,NA,NA,NA,NA,NA,NA,NA,NA,NA,NA,NA,NA,NA,NA,NA,0,NA,NA,NA,NA,0,NA,NA,0,0,0,0,NA,NA,2016,NA,NA,20,0,Field goal,1430,"10/23/16, 13:02:59",2016-10-23T18:01:08Z,Lincoln Financial Field,"Clear Temp: 62° F, Humidity: 46%, Wind: W 20 mph",10012016-1023-0732-662e-25ff3a421c9a,0,0,RUSH,0,NA,NA,NA,10,Field goal,2016-10-23T17:56:36Z,12,4:57,3,0,1,2,2,0,PUNT,FIELD_GOAL,13:58,09:01,MIN 20,PHI 30,1247,1495,10,21,Home,11,31,-2.5,39,0,outdoors,grass,62,20,Doug Pederson,Mike Zimmer,PHI00,Lincoln Financial Field,0,0,NA,NA,M.Asiata,44,NA,NA,0,1,0,0,1,NA,00-0028198,NA,M.Asiata,44,00-0028198,M.Asiata,00-0028198,M.Asiata,00-0028198,0,1,-0.3768029141938314,NA,NA,NA,NA,NA,0.45970460772514343,-45.97046077251434,2016,Go for it,NA,NA,NA,NA,NA,NA,NA,NA,NA,NA,Punt
1451,2016_07_MIN_PHI,2016102307,PHI,MIN,REG,7,MIN,away,PHI,PHI,30,2016-10-23,552,552,2352,Half1,0,10,0,2,2,0,09:12,PHI 30,10,50,(9:12) (Shotgun) 8-S.Bradford pass incomplete short left to 19-A.Thielen.,pass,0,1,0,1,0,0,0,short,left,14,NA,NA,NA,NA,NA,NA,NA,2,3,0,NA,NA,NA,NA,3,2,0,0,0,0,0,0,0,0,0.05425132438540459,0.05313791707158089,7.180587854236364e-4,0.07067716866731644,0.4119226038455963,8.64228408318013e-4,0.40842872858047485,0,0,3.440907318959944,-0.6450894442386925,-4.253209015238099,4.253209015238099,-7.057706578169018,7.057706578169018,6.762128715461586,-6.762128715461586,1.202239959849976,-1.8473294040886685,0,0,-0.2242903292644769,0.2242903292644769,0.9674203982576728,-0.9674203982576728,-1.8968542034854181,1.8968542034854181,1.7222365251509473,-1.7222365251509473,0.5849889516830444,0.41501104831695557,0.41501104831695557,0.5849889516830444,-0.033107638359069824,-0.0203554630279541,0.0203554630279541,0.4481186866760254,0.5518813133239746,0.701043426990509,0.29895657300949097,-0.2245655655860901,0.2245655655860901,0.15028709173202515,-0.15028709173202515,0,-0.033107638359069824,0,0,0.017416149377822876,-0.017416149377822876,-0.07434263825416565,0.07434263825416565,0.017416149377822876,-0.017416149377822876,-0.06587103009223938,0.06587103009223938,0,0,0,0,0,0,0,0,1,0,0,0,0,0,0,0,0,0,0,0,0,0,0,0,0,0,0,0,0,0,0,0,0,1,0,0,0,0,0,0,0,0,0,0,0,0,0,0,0,0,0,00-0027854,S.Bradford,NA,00-0030035,A.Thielen,NA,NA,NA,NA,NA,NA,NA,NA,NA,NA,NA,NA,NA,NA,NA,NA,NA,NA,NA,NA,NA,NA,NA,NA,NA,NA,NA,NA,NA,NA,NA,NA,NA,NA,NA,NA,NA,NA,NA,NA,NA,NA,NA,NA,NA,NA,NA,NA,NA,NA,NA,NA,NA,NA,NA,NA,NA,NA,NA,NA,NA,NA,NA,NA,0,NA,NA,NA,NA,NA,NA,NA,NA,NA,NA,NA,NA,NA,NA,NA,NA,NA,NA,NA,NA,NA,NA,NA,NA,NA,NA,NA,NA,NA,NA,NA,0,NA,NA,NA,NA,0,NA,NA,0,0,0,0,NA,NA,2016,0.5355690121650696,-53.55690121650696,20,0,Field goal,1451,"10/23/16, 13:02:59",2016-10-23T18:01:51Z,Lincoln Financial Field,"Clear Temp: 62° F, Humidity: 46%, Wind: W 20 mph",10012016-1023-0732-662e-25ff3a421c9a,0,0,PASS,0,NA,NA,NA,10,Field goal,2016-10-23T17:56:36Z,12,4:57,3,0,1,2,2,0,PUNT,FIELD_GOAL,13:58,09:01,MIN 20,PHI 30,1247,1495,10,21,Home,11,31,-2.5,39,0,outdoors,grass,62,20,Doug Pederson,Mike Zimmer,PHI00,Lincoln Financial Field,0,0,S.Bradford,8,NA,NA,A.Thielen,19,1,0,0,0,1,00-0027854,NA,00-0030035,S.Bradford,8,00-0027854,A.Thielen,00-0030035,A.Thielen,00-0030035,0,1,-0.6450894442386925,0.2613724752154807,2.60763506119838,1,1,0.9994173831655644,0.6034486293792725,39.655137062072754,2016,Go for it,NA,NA,NA,NA,NA,NA,NA,NA,NA,NA,Punt
1473,2016_07_MIN_PHI,2016102307,PHI,MIN,REG,7,MIN,away,PHI,PHI,30,2016-10-23,549,549,2349,Half1,0,10,0,2,3,0,09:09,PHI 30,10,50,(9:09) (Shotgun) 8-S.Bradford pass incomplete short right to 82-K.Rudolph [53-N.Bradham].,pass,0,1,0,1,0,0,0,short,right,0,NA,NA,NA,NA,NA,NA,NA,2,3,0,NA,NA,NA,NA,3,2,0,0,0,0,0,0,0,0,0.05517080798745155,0.0655851736664772,7.234630174934864e-4,0.08712303638458252,0.48287639021873474,8.790536667220294e-4,0.30764204263687134,0,0,2.7958178747212514,-1.210554451045059,-3.0426545641930396,3.0426545641930396,-7.057706578169018,7.057706578169018,7.972683166506645,-7.972683166506645,-1.2281002728268504,0.017545821781791426,0,0,-0.2242903292644769,0.2242903292644769,0.9674203982576728,-0.9674203982576728,-0.6687539306585677,0.6687539306585677,1.7046907033691558,-1.7046907033691558,0.5518813133239746,0.4481186866760254,0.4481186866760254,0.5518813133239746,-0.03639328479766846,-0.024631381034851074,0.024631381034851074,0.48451197147369385,0.5154880285263062,0.6806879639625549,0.31931203603744507,-0.2245655655860901,0.2245655655860901,0.1866803765296936,-0.1866803765296936,0,-0.03639328479766846,0,0,0.017416149377822876,-0.017416149377822876,-0.07434263825416565,0.07434263825416565,0.017416149377822876,-0.017416149377822876,-0.029477745294570923,0.029477745294570923,0,0,0,0,0,1,0,0,1,0,0,0,0,0,0,0,0,0,0,0,0,0,0,0,0,0,0,0,0,0,0,1,0,1,0,0,0,0,0,0,0,0,0,0,0,0,0,0,0,0,0,00-0027854,S.Bradford,NA,00-0027981,K.Rudolph,NA,NA,NA,NA,NA,NA,NA,NA,NA,NA,NA,NA,NA,NA,NA,NA,NA,NA,NA,NA,NA,NA,NA,NA,NA,NA,NA,NA,NA,NA,NA,NA,NA,NA,NA,NA,00-0029272,N.Bradham,NA,NA,NA,NA,NA,NA,NA,NA,NA,NA,NA,NA,NA,NA,NA,NA,NA,NA,NA,NA,NA,NA,NA,NA,NA,NA,0,NA,NA,NA,NA,NA,NA,NA,NA,NA,NA,NA,NA,NA,NA,NA,NA,NA,NA,NA,NA,NA,NA,NA,NA,NA,NA,NA,NA,NA,NA,NA,0,NA,NA,NA,NA,0,NA,NA,0,0,0,0,NA,NA,2016,0.3203155994415283,-32.03155994415283,20,0,Field goal,1473,"10/23/16, 13:02:59",2016-10-23T18:02:31Z,Lincoln Financial Field,"Clear Temp: 62° F, Humidity: 46%, Wind: W 20 mph",10012016-1023-0732-662e-25ff3a421c9a,0,0,PASS,0,NA,NA,NA,10,Field goal,2016-10-23T17:56:36Z,12,4:57,3,0,1,2,2,0,PUNT,FIELD_GOAL,13:58,09:01,MIN 20,PHI 30,1247,1495,10,21,Home,11,31,-2.5,39,0,outdoors,grass,62,20,Doug Pederson,Mike Zimmer,PHI00,Lincoln Financial Field,0,0,S.Bradford,8,NA,NA,K.Rudolph,82,1,0,0,0,1,00-0027854,NA,00-0027981,S.Bradford,8,00-0027854,K.Rudolph,00-0027981,K.Rudolph,00-0027981,0,1,-1.210554451045059,1.2595643469524518,6.939420109556522,6,0.3083948497660458,0.24337191181257367,0.9647663831710815,3.5233616828918457,2016,Go for it,NA,NA,NA,NA,NA,NA,NA,NA,NA,NA,Punt
1495,2016_07_MIN_PHI,2016102307,PHI,MIN,REG,7,MIN,away,PHI,PHI,30,2016-10-23,545,545,2345,Half1,0,10,1,2,4,0,09:05,PHI 30,10,50,"(9:05) 3-B.Walsh 48 yard field goal is GOOD, Center-47-K.McDermott, Holder-18-J.Locke.",field_goal,0,0,0,0,0,0,0,NA,NA,NA,NA,NA,NA,made,48,NA,NA,2,3,0,NA,NA,NA,NA,3,2,0,3,0,0,0,3,0,3,0.04365694825377688,0.07234838145936179,5.174123131112565e-4,0.10310203888202596,0.7335343951405026,6.862435635900589e-4,0.046154570329427776,0,0,1.5852634236761924,1.4147365763238076,-4.457391140516847,4.457391140516847,-7.057706578169018,7.057706578169018,7.972683166506645,-7.972683166506645,NA,NA,0,0,-0.2242903292644769,0.2242903292644769,0.9674203982576728,-0.9674203982576728,-0.6687539306585677,0.6687539306585677,1.7046907033691558,-1.7046907033691558,0.5154880285263062,0.48451197147369385,0.48451197147369385,0.5154880285263062,0.0605834424495697,0.05789110064506531,-0.05789110064506531,0.42392852902412415,0.5760714709758759,0.6560565829277039,0.34394341707229614,-0.2245655655860901,0.2245655655860901,0.1866803765296936,-0.1866803765296936,NA,NA,0,0,0.017416149377822876,-0.017416149377822876,-0.07434263825416565,0.07434263825416565,0.017416149377822876,-0.017416149377822876,-0.029477745294570923,0.029477745294570923,0,0,0,0,0,0,0,0,0,0,0,0,0,0,0,0,0,0,0,0,0,0,0,0,0,0,0,0,0,0,0,0,0,0,0,0,0,0,0,0,0,1,0,0,0,0,0,0,0,0,0,NA,NA,NA,NA,NA,NA,NA,NA,NA,NA,NA,NA,NA,NA,NA,NA,NA,NA,NA,NA,NA,NA,NA,NA,NA,NA,NA,NA,NA,NA,NA,B.Walsh,00-0029576,NA,NA,NA,NA,NA,NA,NA,NA,NA,NA,NA,NA,NA,NA,NA,NA,NA,NA,NA,NA,NA,NA,NA,NA,NA,NA,NA,NA,NA,NA,NA,NA,NA,NA,NA,NA,0,NA,NA,NA,NA,NA,NA,NA,NA,NA,NA,NA,NA,NA,NA,NA,NA,NA,NA,NA,NA,NA,NA,NA,NA,NA,NA,NA,NA,NA,NA,NA,0,NA,NA,NA,NA,0,NA,NA,0,0,0,0,NA,NA,2016,NA,NA,20,0,Field goal,1495,"10/23/16, 13:02:59",2016-10-23T18:03:11Z,Lincoln Financial Field,"Clear Temp: 62° F, Humidity: 46%, Wind: W 20 mph",10012016-1023-0732-662e-25ff3a421c9a,0,0,FIELD_GOAL,0,NA,NA,NA,10,Field goal,2016-10-23T17:56:36Z,12,4:57,3,0,1,2,2,0,PUNT,FIELD_GOAL,13:58,09:01,MIN 20,PHI 30,1247,1495,10,21,Home,11,31,-2.5,39,0,outdoors,grass,62,20,Doug Pederson,Mike Zimmer,PHI00,Lincoln Financial Field,0,1,NA,NA,NA,NA,NA,NA,0,0,0,1,0,NA,NA,NA,NA,NA,NA,NA,NA,NA,NA,0,1,1.4147365763238076,NA,NA,NA,NA,NA,NA,NA,2016,Field Goal,-3.659529032518327,0.24739493158267578,0.5952802646361824,0.7396404105649561,0.630994259443043,0.7053623089841216,0.574582502245903,0.7064396291971207,0.6675895497682263,NA,Punt
1514,2016_07_MIN_PHI,2016102307,PHI,MIN,REG,7,PHI,home,MIN,MIN,35,2016-10-23,541,541,2341,Half1,0,11,1,2,NA,0,09:01,MIN 35,0,0,"3-B.Walsh kicks 63 yards from MIN 35 to PHI 2. 13-J.Huff for 98 yards, TOUCHDOWN.",kickoff,0,0,0,0,0,0,0,NA,NA,NA,NA,NA,NA,NA,63,NA,NA,2,3,0,NA,PHI,J.Huff,00-0030990,2,3,6,3,0,3,-3,6,3,3,0.15626974403858185,0.12636776268482208,0.0017459485679864883,0.17785881459712982,0.2213548868894577,0.0043871840462088585,0.3120156228542328,0,0,1.2293415013700724,5.770658498629928,1.3132673581130803,-1.3132673581130803,-7.057706578169018,7.057706578169018,7.972683166506645,-7.972683166506645,NA,NA,0,0,-0.2242903292644769,0.2242903292644769,0.9674203982576728,-0.9674203982576728,-0.6687539306585677,0.6687539306585677,1.7046907033691558,-1.7046907033691558,0.42392852902412415,0.5760714709758759,0.42392852902412415,0.5760714709758759,0.20025972116862423,0.19444974057860342,0.19444974057860342,0.6241882501927484,0.3758117498072516,0.28605231642723083,0.28605231642723083,-0.2245655655860901,0.2245655655860901,0.1866803765296936,-0.1866803765296936,NA,NA,0,0,0.017416149377822876,-0.017416149377822876,-0.07434263825416565,0.07434263825416565,0.017416149377822876,-0.017416149377822876,-0.029477745294570923,0.029477745294570923,0,0,0,0,0,0,0,0,0,0,0,0,0,0,0,0,0,0,0,0,0,0,0,0,0,0,0,0,0,0,0,0,0,0,0,1,0,0,1,0,0,0,1,0,0,0,0,0,0,0,0,NA,NA,NA,NA,NA,NA,NA,NA,NA,NA,NA,NA,NA,NA,NA,NA,NA,NA,NA,NA,NA,NA,NA,NA,NA,J.Huff,00-0030990,NA,NA,NA,NA,B.Walsh,00-0029576,NA,NA,NA,NA,NA,NA,NA,NA,NA,NA,NA,NA,NA,NA,NA,NA,NA,NA,NA,NA,NA,NA,NA,NA,NA,NA,NA,NA,NA,NA,NA,NA,NA,NA,NA,NA,0,NA,NA,NA,NA,NA,NA,NA,NA,NA,NA,NA,NA,NA,NA,NA,NA,NA,NA,NA,NA,NA,NA,NA,NA,NA,NA,NA,NA,NA,NA,PHI,98,NA,NA,NA,NA,0,NA,NA,0,0,0,0,NA,NA,2016,NA,NA,21,1,Touchdown,1514,"10/23/16, 13:02:59",2016-10-23T18:05:45Z,Lincoln Financial Field,"Clear Temp: 62° F, Humidity: 46%, Wind: W 20 mph",10012016-1023-0732-662e-25ff3a421c9a,0,0,KICK_OFF,1,NA,NA,NA,11,Touchdown,2016-10-23T18:05:45Z,0,0:13,0,0,1,2,2,0,KICKOFF,TOUCHDOWN,09:01,08:48,NA,NA,1514,1560,10,21,Home,11,31,-2.5,39,0,outdoors,grass,62,20,Doug Pederson,Mike Zimmer,PHI00,Lincoln Financial Field,0,1,NA,NA,NA,NA,NA,NA,0,0,0,1,0,NA,NA,NA,NA,NA,NA,NA,NA,NA,NA,0,1,5.770658498629928,NA,NA,NA,NA,NA,NA,NA,2016,Other,NA,NA,NA,NA,NA,NA,NA,NA,NA,NA,Punt
1532,2016_07_MIN_PHI,2016102307,PHI,MIN,REG,7,PHI,home,MIN,MIN,2,2016-10-23,528,528,2328,Half1,0,11,0,2,NA,0,08:48,MIN 2,0,0,"6-C.Sturgis extra point is GOOD, Center-46-J.Dorenbos, Holder-8-D.Jones. PENALTY on MIN-22-H.Smith, Roughing the Kicker, 1 yard, enforced at MIN 2 - No Play.",no_play,0,0,0,0,0,0,0,NA,NA,NA,NA,NA,NA,NA,NA,NA,NA,2,3,0,NA,NA,NA,NA,2,3,6,3,6,3,3,6,3,3,0,0,0,0,0,0,0,0.9892791668920077,0,0.947,0,1.3132673581130803,-1.3132673581130803,-7.057706578169018,7.057706578169018,7.972683166506645,-7.972683166506645,NA,NA,0,0,-0.2242903292644769,0.2242903292644769,0.9674203982576728,-0.9674203982576728,-0.6687539306585677,0.6687539306585677,1.7046907033691558,-1.7046907033691558,0.6241882501927484,0.3758117498072516,0.6241882501927484,0.3758117498072516,-0.0018872869995701924,-6.715397585150829e-4,-6.715397585150829e-4,0.6223009631931782,0.3776990368068218,0.48050205700583426,0.48050205700583426,-0.2245655655860901,0.2245655655860901,0.1866803765296936,-0.1866803765296936,NA,NA,0,0,0.017416149377822876,-0.017416149377822876,-0.07434263825416565,0.07434263825416565,0.017416149377822876,-0.017416149377822876,-0.029477745294570923,0.029477745294570923,0,0,0,0,0,0,0,0,0,0,0,0,0,0,0,0,0,0,0,0,0,0,0,0,0,0,1,0,0,0,0,0,0,0,0,0,0,0,0,0,0,0,0,0,0,0,0,0,0,0,0,NA,NA,NA,NA,NA,NA,NA,NA,NA,NA,NA,NA,NA,NA,NA,NA,NA,NA,NA,NA,NA,NA,NA,NA,NA,NA,NA,NA,NA,NA,NA,NA,NA,NA,NA,NA,NA,NA,NA,NA,NA,NA,NA,NA,NA,NA,NA,NA,NA,NA,NA,NA,NA,NA,NA,NA,NA,NA,NA,NA,NA,NA,NA,NA,NA,NA,NA,NA,NA,0,NA,NA,NA,NA,NA,NA,NA,NA,NA,NA,NA,NA,NA,NA,NA,NA,NA,NA,NA,NA,NA,NA,NA,NA,NA,NA,NA,NA,NA,NA,NA,0,MIN,00-0029606,H.Smith,1,0,NA,Roughing the Kicker,0,0,0,0,NA,NA,2016,NA,NA,21,1,Touchdown,1532,"10/23/16, 13:02:59",2016-10-23T18:06:48Z,Lincoln Financial Field,"Clear Temp: 62° F, Humidity: 46%, Wind: W 20 mph",10012016-1023-0732-662e-25ff3a421c9a,0,0,XP_KICK,1,NA,NA,NA,11,Touchdown,2016-10-23T18:05:45Z,0,0:13,0,0,1,2,2,0,KICKOFF,TOUCHDOWN,09:01,08:48,NA,NA,1514,1560,10,21,Home,11,31,-2.5,39,0,outdoors,grass,62,20,Doug Pederson,Mike Zimmer,PHI00,Lincoln Financial Field,0,0,NA,NA,NA,NA,NA,NA,0,0,0,0,1,NA,NA,NA,NA,NA,NA,NA,NA,NA,NA,0,1,0,NA,NA,NA,NA,NA,NA,NA,2016,Other,NA,NA,NA,NA,NA,NA,NA,NA,NA,NA,Punt
1560,2016_07_MIN_PHI,2016102307,PHI,MIN,REG,7,PHI,home,MIN,MIN,1,2016-10-23,528,528,2328,Half1,0,11,1,2,NA,0,08:48,MIN 1,0,0,TWO-POINT CONVERSION ATTEMPT. 11-C.Wentz rushes up the middle. ATTEMPT SUCCEEDS.,run,2,0,0,0,0,0,0,NA,NA,NA,NA,NA,NA,NA,NA,NA,success,2,3,0,NA,NA,NA,NA,2,3,8,3,6,3,3,8,3,5,0,0,0,0,0,0,0,0,0.4735,0.947,1.053,2.36626735811308,-2.36626735811308,-6.004706578169018,6.004706578169018,7.972683166506645,-7.972683166506645,NA,NA,0,0,-0.2242903292644769,0.2242903292644769,0.9674203982576728,-0.9674203982576728,-0.6687539306585677,0.6687539306585677,1.7046907033691558,-1.7046907033691558,0.6223009631931782,0.3776990368068218,0.6223009631931782,0.3776990368068218,0.033889223545789715,0.026890711113810584,0.026890711113810584,0.6561901867389679,0.3438098132610321,0.4798305172473192,0.4798305172473192,-0.19067634204030037,0.19067634204030037,0.1866803765296936,-0.1866803765296936,NA,NA,0,0,0.017416149377822876,-0.017416149377822876,-0.07434263825416565,0.07434263825416565,0.017416149377822876,-0.017416149377822876,-0.029477745294570923,0.029477745294570923,0,0,0,0,0,0,0,0,0,0,0,0,0,0,0,0,0,0,0,0,0,0,0,0,0,0,0,0,0,0,0,0,1,0,0,0,0,0,0,0,1,0,0,0,0,0,0,0,0,0,0,NA,NA,NA,NA,NA,NA,00-0032950,C.Wentz,NA,NA,NA,NA,NA,NA,NA,NA,NA,NA,NA,NA,NA,NA,NA,NA,NA,NA,NA,NA,NA,NA,NA,NA,NA,NA,NA,NA,NA,NA,NA,NA,NA,NA,NA,NA,NA,NA,NA,NA,NA,NA,NA,NA,NA,NA,NA,NA,NA,NA,NA,NA,NA,NA,NA,NA,NA,NA,NA,NA,NA,0,NA,NA,NA,NA,NA,NA,NA,NA,NA,NA,NA,NA,NA,NA,NA,NA,NA,NA,NA,NA,NA,NA,NA,NA,NA,NA,NA,NA,NA,NA,NA,0,NA,NA,NA,NA,0,NA,NA,0,0,0,0,NA,NA,2016,NA,NA,21,1,Touchdown,1560,"10/23/16, 13:02:59",2016-10-23T18:06:48Z,Lincoln Financial Field,"Clear Temp: 62° F, Humidity: 46%, Wind: W 20 mph",10012016-1023-0732-662e-25ff3a421c9a,0,0,PAT2,0,NA,NA,NA,11,Touchdown,2016-10-23T18:05:45Z,0,0:13,0,0,1,2,2,0,KICKOFF,TOUCHDOWN,09:01,08:48,NA,NA,1514,1560,10,21,Home,11,31,-2.5,39,0,outdoors,grass,62,20,Doug Pederson,Mike Zimmer,PHI00,Lincoln Financial Field,0,1,NA,NA,C.Wentz,11,NA,NA,0,1,0,0,1,NA,00-0032950,NA,C.Wentz,11,00-0032950,C.Wentz,00-0032950,C.Wentz,00-0032950,0,1,1.053,NA,NA,NA,NA,NA,NA,NA,2016,Go for it,NA,NA,NA,NA,NA,NA,NA,NA,NA,NA,Punt
1604,2016_07_MIN_PHI,2016102307,PHI,MIN,REG,7,MIN,away,PHI,PHI,35,2016-10-23,528,528,2328,Half1,0,12,0,2,NA,0,08:48,PHI 35,0,1,"6-C.Sturgis kicks 65 yards from PHI 35 to end zone, Touchback. PHI-42-C.Maragos was injured during the play. His return is Probable.",kickoff,0,0,0,0,0,0,0,NA,NA,NA,NA,NA,NA,NA,65,NA,NA,2,3,0,NA,NA,NA,NA,3,2,8,3,3,8,-5,3,8,-5,0.16434957087039948,0.12734201550483704,0.003659995971247554,0.18688474595546722,0.21185578405857086,0.0014760589692741632,0.30443185567855835,0,0,1.0720031997188926,-0,2.36626735811308,-2.36626735811308,-6.004706578169018,6.004706578169018,7.972683166506645,-7.972683166506645,NA,NA,0,0,-0.2242903292644769,0.2242903292644769,0.9674203982576728,-0.9674203982576728,-0.6687539306585677,0.6687539306585677,1.7046907033691558,-1.7046907033691558,0.3438098132610321,0.6561901867389679,0.6561901867389679,0.3438098132610321,-0,-0,0,0.6561901867389679,0.3438098132610321,0.49327877163887024,0.5067212283611298,-0.19067634204030037,0.19067634204030037,0.1866803765296936,-0.1866803765296936,NA,NA,0,0,0.017416149377822876,-0.017416149377822876,-0.07434263825416565,0.07434263825416565,0.017416149377822876,-0.017416149377822876,-0.029477745294570923,0.029477745294570923,0,0,0,0,0,0,0,0,0,1,0,0,0,0,0,0,0,0,0,0,0,0,0,0,0,0,0,0,0,0,0,0,0,0,0,0,0,0,0,0,0,0,1,0,0,0,0,0,0,0,0,NA,NA,NA,NA,NA,NA,NA,NA,NA,NA,NA,NA,NA,NA,NA,NA,NA,NA,NA,NA,NA,NA,NA,NA,NA,NA,NA,NA,NA,NA,NA,C.Sturgis,00-0030390,NA,NA,NA,NA,NA,NA,NA,NA,NA,NA,NA,NA,NA,NA,NA,NA,NA,NA,NA,NA,NA,NA,NA,NA,NA,NA,NA,NA,NA,NA,NA,NA,NA,NA,NA,NA,0,NA,NA,NA,NA,NA,NA,NA,NA,NA,NA,NA,NA,NA,NA,NA,NA,NA,NA,NA,NA,NA,NA,NA,NA,NA,NA,NA,NA,NA,NA,MIN,0,NA,NA,NA,NA,0,NA,NA,0,0,0,0,NA,NA,2016,NA,NA,22,0,Punt,1604,"10/23/16, 13:02:59",2016-10-23T18:11:05Z,Lincoln Financial Field,"Clear Temp: 62° F, Humidity: 46%, Wind: W 20 mph",10012016-1023-0732-662e-25ff3a421c9a,0,0,KICK_OFF,1,NA,NA,NA,12,Punt,2016-10-23T18:11:05Z,3,1:36,0,0,0,2,2,0,KICKOFF,PUNT,08:48,07:12,MIN 25,MIN 26,1604,1686,10,21,Home,11,31,-2.5,39,0,outdoors,grass,62,20,Doug Pederson,Mike Zimmer,PHI00,Lincoln Financial Field,0,0,NA,NA,NA,NA,NA,NA,0,0,0,1,0,NA,NA,NA,NA,NA,NA,NA,NA,NA,NA,0,1,-0,NA,NA,NA,NA,NA,NA,NA,2016,Other,NA,NA,NA,NA,NA,NA,NA,NA,NA,NA,Punt
1619,2016_07_MIN_PHI,2016102307,PHI,MIN,REG,7,MIN,away,PHI,MIN,75,2016-10-23,528,528,2328,Half1,0,12,0,2,1,0,08:48,MIN 25,10,1,(8:48) 33-R.Hillman left end to MIN 19 for -6 yards (58-J.Hicks).,run,-6,0,0,0,0,0,0,NA,NA,NA,NA,left,end,NA,NA,NA,NA,2,3,0,NA,NA,NA,NA,3,2,8,3,3,8,-5,3,8,-5,0.16434957087039948,0.12734201550483704,0.003659995971247554,0.18688474595546722,0.21185578405857086,0.0014760589692741632,0.30443185567855835,0,0,1.0720031997188926,-1.1910837243776768,3.557351082490757,-3.557351082490757,-4.813622853791341,4.813622853791341,7.972683166506645,-7.972683166506645,NA,NA,0,0,-0.2242903292644769,0.2242903292644769,0.9674203982576728,-0.9674203982576728,-0.6687539306585677,0.6687539306585677,1.7046907033691558,-1.7046907033691558,0.3438098132610321,0.6561901867389679,0.6561901867389679,0.3438098132610321,-0.031255125999450684,-0.04507330060005188,0.04507330060005188,0.6874453127384186,0.3125546872615814,0.49327877163887024,0.5067212283611298,-0.1594212160408497,0.1594212160408497,0.1866803765296936,-0.1866803765296936,NA,NA,0,0,0.017416149377822876,-0.017416149377822876,-0.07434263825416565,0.07434263825416565,0.017416149377822876,-0.017416149377822876,-0.029477745294570923,0.029477745294570923,0,0,0,0,0,0,0,0,0,0,0,0,0,0,0,0,0,0,0,0,0,0,0,0,1,0,0,1,0,0,0,0,1,0,0,0,0,0,0,0,0,0,0,0,0,0,0,0,0,0,0,NA,NA,NA,NA,NA,NA,00-0029683,R.Hillman,-6,NA,NA,NA,NA,NA,NA,NA,NA,NA,NA,NA,NA,NA,NA,NA,NA,NA,NA,NA,NA,NA,NA,NA,NA,NA,NA,NA,NA,00-0032129,J.Hicks,NA,NA,NA,NA,NA,NA,NA,NA,NA,NA,NA,NA,PHI,NA,00-0032129,NA,J.Hicks,NA,NA,NA,NA,NA,NA,NA,NA,NA,NA,NA,NA,NA,0,NA,NA,NA,NA,NA,NA,NA,NA,NA,NA,NA,NA,NA,NA,NA,NA,NA,NA,NA,NA,NA,NA,NA,NA,NA,NA,NA,NA,NA,NA,NA,0,NA,NA,NA,NA,0,NA,NA,0,0,0,0,NA,NA,2016,NA,NA,22,0,Punt,1619,"10/23/16, 13:02:59",2016-10-23T18:13:50Z,Lincoln Financial Field,"Clear Temp: 62° F, Humidity: 46%, Wind: W 20 mph",10012016-1023-0732-662e-25ff3a421c9a,0,0,RUSH,0,NA,NA,NA,12,Punt,2016-10-23T18:11:05Z,3,1:36,0,0,0,2,2,0,KICKOFF,PUNT,08:48,07:12,MIN 25,MIN 26,1604,1686,10,21,Home,11,31,-2.5,39,0,outdoors,grass,62,20,Doug Pederson,Mike Zimmer,PHI00,Lincoln Financial Field,0,0,NA,NA,R.Hillman,33,NA,NA,0,1,0,0,1,NA,00-0029683,NA,R.Hillman,33,00-0029683,R.Hillman,00-0029683,R.Hillman,00-0029683,0,1,-1.1910837243776768,NA,NA,NA,NA,NA,0.5058839917182922,-50.588399171829224,2016,Go for it,NA,NA,NA,NA,NA,NA,NA,NA,NA,NA,Punt
1640,2016_07_MIN_PHI,2016102307,PHI,MIN,REG,7,MIN,away,PHI,MIN,81,2016-10-23,486,486,2286,Half1,0,12,0,2,2,0,08:06,MIN 19,16,1,(8:06) (Shotgun) 8-S.Bradford pass incomplete short right to 82-K.Rudolph (21-L.McKelvin).,pass,0,1,0,1,0,0,0,short,right,1,NA,NA,NA,NA,NA,NA,NA,2,3,0,NA,NA,NA,NA,3,2,8,3,3,8,-5,3,8,-5,0.18630100786685944,0.17486776411533356,0.00670088455080986,0.23885776102542877,0.16369064152240753,0.001443384331651032,0.22813859581947327,0,0,-0.11908052465878427,-0.6907428372651339,4.248093919755891,-4.248093919755891,-4.813622853791341,4.813622853791341,8.663426003771779,-8.663426003771779,-0.5619722215924412,-0.12877061567269266,0,0,-0.2242903292644769,0.2242903292644769,0.9674203982576728,-0.9674203982576728,-0.1067817090661265,0.1067817090661265,1.8334613190418485,-1.8334613190418485,0.3125546872615814,0.6874453127384186,0.6874453127384186,0.3125546872615814,-0.028175264596939087,-0.018657445907592773,0.018657445907592773,0.7156205773353577,0.28437942266464233,0.44820547103881836,0.5517945289611816,-0.1594212160408497,0.1594212160408497,0.2148556411266327,-0.2148556411266327,0,-0.028175264596939087,0,0,0.017416149377822876,-0.017416149377822876,-0.07434263825416565,0.07434263825416565,0.017416149377822876,-0.017416149377822876,-0.001302480697631836,0.001302480697631836,0,0,0,0,0,0,0,0,1,0,0,0,0,0,0,0,0,0,0,0,0,0,0,0,0,0,0,0,0,0,0,0,0,1,0,0,0,0,0,0,0,0,0,0,0,0,0,0,0,0,0,00-0027854,S.Bradford,NA,00-0027981,K.Rudolph,NA,NA,NA,NA,NA,NA,NA,NA,NA,NA,NA,NA,NA,NA,NA,NA,NA,NA,NA,NA,NA,NA,NA,NA,NA,NA,NA,NA,NA,NA,NA,NA,NA,NA,NA,NA,NA,NA,NA,NA,NA,NA,NA,NA,NA,NA,NA,NA,NA,NA,NA,NA,NA,NA,NA,NA,NA,NA,NA,NA,NA,NA,NA,NA,0,NA,NA,NA,NA,NA,NA,00-0026151,L.McKelvin,NA,NA,NA,NA,NA,NA,NA,NA,NA,NA,NA,NA,NA,NA,NA,NA,NA,NA,NA,NA,NA,NA,NA,0,NA,NA,NA,NA,0,NA,NA,0,0,0,0,NA,NA,2016,0.8142097592353821,-81.42097592353821,22,0,Punt,1640,"10/23/16, 13:02:59",2016-10-23T18:14:33Z,Lincoln Financial Field,"Clear Temp: 62° F, Humidity: 46%, Wind: W 20 mph",10012016-1023-0732-662e-25ff3a421c9a,0,0,PASS,0,NA,NA,NA,12,Punt,2016-10-23T18:11:05Z,3,1:36,0,0,0,2,2,0,KICKOFF,PUNT,08:48,07:12,MIN 25,MIN 26,1604,1686,10,21,Home,11,31,-2.5,39,0,outdoors,grass,62,20,Doug Pederson,Mike Zimmer,PHI00,Lincoln Financial Field,0,0,S.Bradford,8,NA,NA,K.Rudolph,82,1,0,0,0,1,00-0027854,NA,00-0027981,S.Bradford,8,00-0027854,K.Rudolph,00-0027981,K.Rudolph,00-0027981,0,1,-0.6907428372651339,0.7162298166397019,6.254028033246868,5,0.5287916930392385,0.07123116962611675,0.8017661571502686,19.823384284973145,2016,Go for it,NA,NA,NA,NA,NA,NA,NA,NA,NA,NA,Punt
1662,2016_07_MIN_PHI,2016102307,PHI,MIN,REG,7,MIN,away,PHI,MIN,81,2016-10-23,481,481,2281,Half1,0,12,0,2,3,0,08:01,MIN 19,16,1,(8:01) (Shotgun) 8-S.Bradford pass short right to 84-C.Patterson to MIN 26 for 7 yards (98-C.Barwin).,pass,7,1,0,1,0,0,0,short,right,-1,8,NA,NA,NA,NA,NA,NA,2,3,0,NA,NA,NA,NA,3,2,8,3,3,8,-5,3,8,-5,0.1840158849954605,0.19959865510463715,0.007171245291829109,0.27622339129447937,0.1467345654964447,0.0014237194554880261,0.18483252823352814,0,0,-0.8098233619239181,-0.3912669322453439,4.639360852001235,-4.639360852001235,-4.813622853791341,4.813622853791341,9.054692936017123,-9.054692936017123,-1.0486206305213273,0.6573536982759833,-1.0486206305213273,0.6573536982759833,0.8243303012568504,-0.8243303012568504,0.31006669998168945,-0.31006669998168945,0.9418389214552008,-0.9418389214552008,1.1761076207658652,-1.1761076207658652,0.28437942266464233,0.7156205773353577,0.7156205773353577,0.28437942266464233,-0.007077246904373169,-0.014554083347320557,0.014554083347320557,0.7226978242397308,0.27730217576026917,0.4295480251312256,0.5704519748687744,-0.1594212160408497,0.1594212160408497,0.22193288803100586,-0.22193288803100586,0,-0.007077246904373169,0,-0.007077246904373169,0.017416149377822876,-0.017416149377822876,-0.06726539134979248,0.06726539134979248,0.017416149377822876,-0.017416149377822876,0.005774766206741333,-0.005774766206741333,0,0,0,0,0,1,0,0,0,0,0,0,0,0,0,0,0,0,0,0,0,0,0,0,1,0,0,0,0,0,0,0,0,1,0,0,0,0,0,0,0,0,0,0,0,1,0,0,0,0,0,00-0027854,S.Bradford,7,00-0030578,C.Patterson,7,NA,NA,NA,NA,NA,NA,NA,NA,NA,NA,NA,NA,NA,NA,NA,NA,NA,NA,NA,NA,NA,NA,NA,NA,NA,NA,NA,NA,NA,NA,NA,NA,NA,NA,NA,NA,NA,NA,NA,NA,NA,NA,NA,NA,NA,PHI,NA,00-0027022,NA,C.Barwin,NA,NA,NA,NA,NA,NA,NA,NA,NA,NA,NA,NA,NA,0,NA,NA,NA,NA,NA,NA,NA,NA,NA,NA,NA,NA,NA,NA,NA,NA,NA,NA,NA,NA,NA,NA,NA,NA,NA,NA,NA,NA,NA,NA,NA,0,NA,NA,NA,NA,0,NA,NA,0,0,0,0,NA,NA,2016,0.8745964765548706,12.54035234451294,22,0,Punt,1662,"10/23/16, 13:02:59",2016-10-23T18:15:13Z,Lincoln Financial Field,"Clear Temp: 62° F, Humidity: 46%, Wind: W 20 mph",10012016-1023-0732-662e-25ff3a421c9a,0,0,PASS,0,NA,NA,NA,12,Punt,2016-10-23T18:11:05Z,3,1:36,0,0,0,2,2,0,KICKOFF,PUNT,08:48,07:12,MIN 25,MIN 26,1604,1686,10,21,Home,11,31,-2.5,39,0,outdoors,grass,62,20,Doug Pederson,Mike Zimmer,PHI00,Lincoln Financial Field,0,0,S.Bradford,8,NA,NA,C.Patterson,84,1,0,0,0,1,00-0027854,NA,00-0030578,S.Bradford,8,00-0027854,C.Patterson,00-0030578,C.Patterson,00-0030578,0,1,-0.3912669322453439,0.8153954567149516,8.46444608461752,7,0.13644190196646377,0.07810044911457226,0.9332862496376038,6.671375036239624,2016,Go for it,NA,NA,NA,NA,NA,NA,NA,NA,NA,NA,Punt
1686,2016_07_MIN_PHI,2016102307,PHI,MIN,REG,7,MIN,away,PHI,MIN,74,2016-10-23,443,443,2243,Half1,0,12,0,2,4,0,07:23,MIN 26,9,1,"(7:23) 18-J.Locke punts 38 yards to PHI 36, Center-47-K.McDermott, downed by MIN-94-J.Trattou.",punt,0,0,0,0,0,0,0,NA,NA,NA,NA,NA,NA,NA,38,NA,NA,2,3,0,NA,NA,NA,NA,3,2,8,3,3,8,-5,3,8,-5,0.22187639772891998,0.2193039059638977,0.005905464291572571,0.2781282663345337,0.12497187405824661,0.0016167707508429885,0.14819729328155518,0,0,-1.201090294169262,-0.7129434123635292,5.352304264364764,-5.352304264364764,-4.813622853791341,4.813622853791341,9.054692936017123,-9.054692936017123,NA,NA,0,0,0.8243303012568504,-0.8243303012568504,0.31006669998168945,-0.31006669998168945,0.9418389214552008,-0.9418389214552008,1.1761076207658652,-1.1761076207658652,0.27730217576026917,0.7226978242397308,0.7226978242397308,0.27730217576026917,0.026965588331222534,0.019284546375274658,-0.019284546375274658,0.6957322359085083,0.3042677640914917,0.41499394178390503,0.585006058216095,-0.1594212160408497,0.1594212160408497,0.22193288803100586,-0.22193288803100586,NA,NA,0,0,0.017416149377822876,-0.017416149377822876,-0.06726539134979248,0.06726539134979248,0.017416149377822876,-0.017416149377822876,0.005774766206741333,-0.005774766206741333,0,0,0,0,0,0,0,0,0,0,0,0,0,0,1,0,0,0,0,0,0,0,0,0,0,0,0,0,0,0,0,0,0,0,0,0,0,0,0,0,0,0,0,1,0,0,0,0,0,0,0,NA,NA,NA,NA,NA,NA,NA,NA,NA,NA,NA,NA,NA,NA,NA,NA,NA,NA,NA,NA,NA,NA,NA,NA,NA,NA,NA,NA,NA,00-0030405,J.Locke,NA,NA,NA,NA,NA,NA,NA,NA,NA,NA,NA,NA,NA,NA,NA,NA,NA,NA,NA,NA,NA,NA,NA,NA,NA,NA,NA,NA,NA,NA,NA,NA,NA,NA,NA,NA,NA,NA,0,NA,NA,NA,NA,NA,NA,NA,NA,NA,NA,NA,NA,NA,NA,NA,NA,NA,NA,NA,NA,NA,NA,NA,NA,NA,NA,NA,NA,NA,NA,PHI,0,NA,NA,NA,NA,0,NA,NA,0,0,0,0,NA,NA,2016,NA,NA,22,0,Punt,1686,"10/23/16, 13:02:59",2016-10-23T18:15:50Z,Lincoln Financial Field,"Clear Temp: 62° F, Humidity: 46%, Wind: W 20 mph",10012016-1023-0732-662e-25ff3a421c9a,0,0,PUNT,1,NA,NA,NA,12,Punt,2016-10-23T18:11:05Z,3,1:36,0,0,0,2,2,0,KICKOFF,PUNT,08:48,07:12,MIN 25,MIN 26,1604,1686,10,21,Home,11,31,-2.5,39,0,outdoors,grass,62,20,Doug Pederson,Mike Zimmer,PHI00,Lincoln Financial Field,0,0,NA,NA,NA,NA,NA,NA,0,0,0,1,0,NA,NA,NA,NA,NA,NA,NA,NA,NA,NA,0,1,-0.7129434123635292,NA,NA,NA,NA,NA,NA,NA,2016,Punt,-2.504688348835554,0.2863024717444205,0.36128421568637703,0.5224631830253009,0.40743014308373604,0,0.349581778049469,0.5119835287332535,0.349581778049469,0.4324770265720916,Punt
1705,2016_07_MIN_PHI,2016102307,PHI,MIN,REG,7,PHI,home,MIN,PHI,64,2016-10-23,432,432,2232,Half1,0,13,0,2,1,0,07:12,PHI 36,10,-4,(7:12) 24-R.Mathews left end to PHI 37 for 1 yard (93-S.Stephen).,run,1,0,0,0,0,0,0,NA,NA,NA,NA,left,end,NA,NA,NA,NA,2,3,0,NA,NA,NA,NA,2,3,8,3,8,3,5,8,3,5,0.20084021985530853,0.09022259712219238,0.0013195084175094962,0.12830409407615662,0.2355147898197174,0.005533331073820591,0.33826544880867004,0,0,1.9140337065327913,-0.5323086678981781,4.819995596466586,-4.819995596466586,-5.345931521689519,5.345931521689519,9.054692936017123,-9.054692936017123,NA,NA,0,0,0.8243303012568504,-0.8243303012568504,0.31006669998168945,-0.31006669998168945,0.9418389214552008,-0.9418389214552008,1.1761076207658652,-1.1761076207658652,0.6957322359085083,0.3042677640914917,0.6957322359085083,0.3042677640914917,-0.016899466514587402,-0.015526890754699707,-0.015526890754699707,0.6788327693939209,0.3211672306060791,0.5657215118408203,0.5657215118408203,-0.1763206825554371,0.1763206825554371,0.22193288803100586,-0.22193288803100586,NA,NA,0,0,0.017416149377822876,-0.017416149377822876,-0.06726539134979248,0.06726539134979248,0.017416149377822876,-0.017416149377822876,0.005774766206741333,-0.005774766206741333,0,0,0,0,0,0,0,0,0,0,0,0,0,0,0,0,0,0,0,0,0,0,0,0,1,0,0,0,0,0,0,0,1,0,0,0,0,0,0,0,0,0,0,0,0,0,0,0,0,0,0,NA,NA,NA,NA,NA,NA,00-0027864,R.Mathews,1,NA,NA,NA,NA,NA,NA,NA,NA,NA,NA,NA,NA,NA,NA,NA,NA,NA,NA,NA,NA,NA,NA,NA,NA,NA,NA,NA,NA,NA,NA,NA,NA,NA,NA,NA,NA,NA,NA,NA,NA,NA,NA,MIN,NA,00-0031242,NA,S.Stephen,NA,NA,NA,NA,NA,NA,NA,NA,NA,NA,NA,NA,NA,0,NA,NA,NA,NA,NA,NA,NA,NA,NA,NA,NA,NA,NA,NA,NA,NA,NA,NA,NA,NA,NA,NA,NA,NA,NA,NA,NA,NA,NA,NA,NA,0,NA,NA,NA,NA,0,NA,NA,0,0,0,0,NA,NA,2016,NA,NA,23,0,Punt,1705,"10/23/16, 13:02:59",2016-10-23T18:18:19Z,Lincoln Financial Field,"Clear Temp: 62° F, Humidity: 46%, Wind: W 20 mph",10012016-1023-0732-662e-25ff3a421c9a,0,0,RUSH,0,NA,NA,NA,13,Punt,2016-10-23T18:18:19Z,3,1:32,0,0,0,2,2,0,PUNT,PUNT,07:12,05:40,PHI 36,PHI 32,1705,1776,10,21,Home,11,31,-2.5,39,0,outdoors,grass,62,20,Doug Pederson,Mike Zimmer,PHI00,Lincoln Financial Field,0,0,NA,NA,R.Mathews,24,NA,NA,0,1,0,0,1,NA,00-0027864,NA,R.Mathews,24,00-0027864,R.Mathews,00-0027864,R.Mathews,00-0027864,0,1,-0.5323086678981781,NA,NA,NA,NA,NA,0.4688723385334015,-46.88723385334015,2016,Go for it,NA,NA,NA,NA,NA,NA,NA,NA,NA,NA,Punt
1730,2016_07_MIN_PHI,2016102307,PHI,MIN,REG,7,PHI,home,MIN,PHI,63,2016-10-23,390,390,2190,Half1,0,13,0,2,2,0,06:30,PHI 37,9,-4,(6:30) 11-C.Wentz pass incomplete short left to 86-Z.Ertz.,pass,0,0,0,1,0,0,0,short,left,13,NA,NA,NA,NA,NA,NA,NA,2,3,0,NA,NA,NA,NA,2,3,8,3,8,3,5,8,3,5,0.23558926582336426,0.10043857246637344,0.0014362664660438895,0.1479872614145279,0.21280595660209656,0.0057584987953305244,0.2959841787815094,0,0,1.3817250386346132,-0.6639914906118065,4.156004105854779,-4.156004105854779,-5.345931521689519,5.345931521689519,8.390701445405316,-8.390701445405316,1.3205936714075506,-1.984585162019357,0,0,0.8243303012568504,-0.8243303012568504,0.31006669998168945,-0.31006669998168945,2.2624325928627513,-2.2624325928627513,-0.8084775412534919,0.8084775412534919,0.6788327693939209,0.3211672306060791,0.6788327693939209,0.3211672306060791,-0.022798538208007812,-0.027415752410888672,-0.027415752410888672,0.6560342311859131,0.3439657688140869,0.5501946210861206,0.5501946210861206,-0.1763206825554371,0.1763206825554371,0.19913434982299805,-0.19913434982299805,0,-0.022798538208007812,0,0,0.017416149377822876,-0.017416149377822876,-0.06726539134979248,0.06726539134979248,0.017416149377822876,-0.017416149377822876,-0.01702377200126648,0.01702377200126648,0,0,0,0,0,0,0,0,1,0,0,0,0,0,0,0,0,0,0,0,0,0,0,0,0,0,0,0,0,0,0,0,0,1,0,0,0,0,0,0,0,0,0,0,0,0,0,0,0,0,0,00-0032950,C.Wentz,NA,00-0030061,Z.Ertz,NA,NA,NA,NA,NA,NA,NA,NA,NA,NA,NA,NA,NA,NA,NA,NA,NA,NA,NA,NA,NA,NA,NA,NA,NA,NA,NA,NA,NA,NA,NA,NA,NA,NA,NA,NA,NA,NA,NA,NA,NA,NA,NA,NA,NA,NA,NA,NA,NA,NA,NA,NA,NA,NA,NA,NA,NA,NA,NA,NA,NA,NA,NA,NA,0,NA,NA,NA,NA,NA,NA,NA,NA,NA,NA,NA,NA,NA,NA,NA,NA,NA,NA,NA,NA,NA,NA,NA,NA,NA,NA,NA,NA,NA,NA,NA,0,NA,NA,NA,NA,0,NA,NA,0,0,0,0,NA,NA,2016,0.5934860110282898,-59.34860110282898,23,0,Punt,1730,"10/23/16, 13:02:59",2016-10-23T18:19:01Z,Lincoln Financial Field,"Clear Temp: 62° F, Humidity: 46%, Wind: W 20 mph",10012016-1023-0732-662e-25ff3a421c9a,0,0,PASS,0,NA,NA,NA,13,Punt,2016-10-23T18:18:19Z,3,1:32,0,0,0,2,2,0,PUNT,PUNT,07:12,05:40,PHI 36,PHI 32,1705,1776,10,21,Home,11,31,-2.5,39,0,outdoors,grass,62,20,Doug Pederson,Mike Zimmer,PHI00,Lincoln Financial Field,0,0,C.Wentz,11,NA,NA,Z.Ertz,86,1,0,0,0,1,00-0032950,NA,00-0030061,C.Wentz,11,00-0032950,Z.Ertz,00-0030061,Z.Ertz,00-0030061,0,1,-0.6639914906118065,0.19061298419937622,3.1826577456085943,1,1,0.9994827649206854,0.7202500700950623,27.974992990493774,2016,Go for it,NA,NA,NA,NA,NA,NA,NA,NA,NA,NA,Punt
1752,2016_07_MIN_PHI,2016102307,PHI,MIN,REG,7,PHI,home,MIN,PHI,63,2016-10-23,384,384,2184,Half1,0,13,0,2,3,0,06:24,PHI 37,9,-4,(6:24) (Shotgun) 11-C.Wentz pass short right to 81-J.Matthews to PHI 32 for -5 yards (96-B.Robison) [55-A.Barr].,pass,-5,1,0,1,0,0,0,short,right,-6,1,NA,NA,NA,NA,NA,NA,2,3,0,NA,NA,NA,NA,2,3,8,3,8,3,5,8,3,5,0.24459773302078247,0.1224871501326561,0.0014635799452662468,0.1817849725484848,0.18927231431007385,0.0059919278137385845,0.2544023096561432,0,0,0.7177335480228066,-1.689824263099581,2.4661798427551984,-2.4661798427551984,-5.345931521689519,5.345931521689519,6.700877182305735,-6.700877182305735,-1.7047569872811437,0.014932724181562662,-1.7047569872811437,0.014932724181562662,-0.8804266860242933,0.8804266860242933,0.3249994241632521,-0.3249994241632521,0.5576756055816077,-0.5576756055816077,-0.7935448170719293,0.7935448170719293,0.6560342311859131,0.3439657688140869,0.6560342311859131,0.3439657688140869,-0.04347735643386841,-0.06090828776359558,-0.06090828776359558,0.6125568747520447,0.3874431252479553,0.5227788686752319,0.5227788686752319,-0.1763206825554371,0.1763206825554371,0.15565699338912964,-0.15565699338912964,0,-0.04347735643386841,0,-0.04347735643386841,0.017416149377822876,-0.017416149377822876,-0.11074274778366089,0.11074274778366089,0.017416149377822876,-0.017416149377822876,-0.06050112843513489,0.06050112843513489,0,0,0,0,0,1,0,0,0,0,0,0,0,0,0,0,0,0,0,0,0,0,0,0,1,0,0,0,0,0,0,1,0,1,0,0,0,0,0,0,0,0,0,0,0,1,0,0,0,0,0,00-0032950,C.Wentz,-5,00-0031299,J.Matthews,-5,NA,NA,NA,NA,NA,NA,NA,NA,NA,NA,NA,NA,NA,NA,NA,NA,NA,NA,NA,NA,NA,NA,NA,NA,NA,NA,NA,NA,NA,NA,NA,00-0025489,B.Robison,NA,NA,00-0031256,A.Barr,NA,NA,NA,NA,NA,NA,NA,NA,MIN,NA,00-0025489,NA,B.Robison,NA,NA,NA,NA,NA,NA,NA,NA,NA,NA,NA,NA,NA,0,NA,NA,NA,NA,NA,NA,NA,NA,NA,NA,NA,NA,NA,NA,NA,NA,NA,NA,NA,NA,NA,NA,NA,NA,NA,NA,NA,NA,NA,NA,NA,0,NA,NA,NA,NA,0,NA,NA,0,0,0,0,NA,NA,2016,0.5531805753707886,44.68194246292114,23,0,Punt,1752,"10/23/16, 13:02:59",2016-10-23T18:19:50Z,Lincoln Financial Field,"Clear Temp: 62° F, Humidity: 46%, Wind: W 20 mph",10012016-1023-0732-662e-25ff3a421c9a,0,0,PASS,0,NA,NA,NA,13,Punt,2016-10-23T18:18:19Z,3,1:32,0,0,0,2,2,0,PUNT,PUNT,07:12,05:40,PHI 36,PHI 32,1705,1776,10,21,Home,11,31,-2.5,39,0,outdoors,grass,62,20,Doug Pederson,Mike Zimmer,PHI00,Lincoln Financial Field,0,0,C.Wentz,11,NA,NA,J.Matthews,81,1,0,0,0,1,00-0032950,NA,00-0031299,C.Wentz,11,00-0032950,J.Matthews,00-0031299,J.Matthews,00-0031299,0,1,-1.689824263099581,1.5010558365453663,11.936307790128922,11,0.28354697237955406,0.28354697237955406,0.9802342057228088,1.9765794277191162,2016,Go for it,NA,NA,NA,NA,NA,NA,NA,NA,NA,NA,Punt
1776,2016_07_MIN_PHI,2016102307,PHI,MIN,REG,7,PHI,home,MIN,PHI,68,2016-10-23,346,346,2146,Half1,0,13,0,2,4,0,05:46,PHI 32,14,-4,"(5:46) 8-D.Jones punts 44 yards to MIN 24, Center-46-J.Dorenbos, fair catch by 35-M.Sherels.",punt,0,0,0,0,0,0,0,NA,NA,NA,NA,NA,NA,NA,44,NA,NA,2,3,0,NA,NA,NA,NA,2,3,8,3,8,3,5,8,3,5,0.2911682724952698,0.17253464460372925,0.0030629232060164213,0.26349076628685,0.11687912791967392,0.004922542721033096,0.1479417085647583,0,0,-0.9720907150767744,0.16685878462158144,2.63303862737678,-2.63303862737678,-5.345931521689519,5.345931521689519,6.700877182305735,-6.700877182305735,NA,NA,0,0,-0.8804266860242933,0.8804266860242933,0.3249994241632521,-0.3249994241632521,0.5576756055816077,-0.5576756055816077,-0.7935448170719293,0.7935448170719293,0.6125568747520447,0.3874431252479553,0.6125568747520447,0.3874431252479553,0.03935354948043823,0.09685978293418884,0.09685978293418884,0.6519104242324829,0.3480895757675171,0.46187058091163635,0.46187058091163635,-0.1763206825554371,0.1763206825554371,0.15565699338912964,-0.15565699338912964,NA,NA,0,0,0.017416149377822876,-0.017416149377822876,-0.11074274778366089,0.11074274778366089,0.017416149377822876,-0.017416149377822876,-0.06050112843513489,0.06050112843513489,0,0,0,0,0,0,0,0,0,0,0,0,0,0,0,1,0,0,0,0,0,0,0,0,0,0,0,0,0,0,0,0,0,0,0,0,0,0,0,0,0,0,0,1,0,0,0,0,0,0,0,NA,NA,NA,NA,NA,NA,NA,NA,NA,NA,NA,NA,NA,NA,NA,NA,NA,NA,NA,NA,NA,00-0027547,M.Sherels,NA,NA,NA,NA,NA,NA,00-0022684,D.Jones,NA,NA,NA,NA,NA,NA,NA,NA,NA,NA,NA,NA,NA,NA,NA,NA,NA,NA,NA,NA,NA,NA,NA,NA,NA,NA,NA,NA,NA,NA,NA,NA,NA,NA,NA,NA,NA,NA,0,NA,NA,NA,NA,NA,NA,NA,NA,NA,NA,NA,NA,NA,NA,NA,NA,NA,NA,NA,NA,NA,NA,NA,NA,NA,NA,NA,NA,NA,NA,MIN,0,NA,NA,NA,NA,0,NA,NA,0,0,0,0,NA,NA,2016,NA,NA,23,0,Punt,1776,"10/23/16, 13:02:59",2016-10-23T18:20:28Z,Lincoln Financial Field,"Clear Temp: 62° F, Humidity: 46%, Wind: W 20 mph",10012016-1023-0732-662e-25ff3a421c9a,0,0,PUNT,1,NA,NA,NA,13,Punt,2016-10-23T18:18:19Z,3,1:32,0,0,0,2,2,0,PUNT,PUNT,07:12,05:40,PHI 36,PHI 32,1705,1776,10,21,Home,11,31,-2.5,39,0,outdoors,grass,62,20,Doug Pederson,Mike Zimmer,PHI00,Lincoln Financial Field,0,1,NA,NA,NA,NA,NA,NA,0,0,0,1,0,NA,NA,NA,NA,NA,NA,NA,NA,NA,NA,0,1,0.16685878462158144,NA,NA,NA,NA,NA,NA,NA,2016,Punt,-7.465130354891503,0.16278815090481658,0.4484046776747543,0.6140595914011637,0.47537135129677033,0,0.4204750210046768,0.6590885668992996,0.4204750210046768,0.5500226548456854,Punt
1804,2016_07_MIN_PHI,2016102307,PHI,MIN,REG,7,MIN,away,PHI,MIN,76,2016-10-23,340,340,2140,Half1,0,14,0,2,1,0,05:40,MIN 24,10,38,(5:40) (Shotgun) 8-S.Bradford pass incomplete short middle to 82-K.Rudolph (53-N.Bradham).,pass,0,1,0,1,0,0,0,short,middle,6,NA,NA,NA,NA,NA,NA,NA,2,3,0,NA,NA,NA,NA,3,2,8,3,3,8,-5,3,8,-5,0.2769879102706909,0.12027201801538467,0.003345326753333211,0.16376817226409912,0.1806327849626541,0.0015478042187169194,0.25344598293304443,0,0,0.8052319304551929,-0.4591275108978152,3.092166138274595,-3.092166138274595,-5.345931521689519,5.345931521689519,7.16000469320355,-7.16000469320355,0.3848825346212834,-0.8440100455190986,0,0,-0.8804266860242933,0.8804266860242933,0.3249994241632521,-0.3249994241632521,0.17279307096032426,-0.17279307096032426,0.050465228447169386,-0.050465228447169386,0.3480895757675171,0.6519104242324829,0.6519104242324829,0.3480895757675171,-0.015152961015701294,-0.011963218450546265,0.011963218450546265,0.6670633852481842,0.3329366147518158,0.4412696361541748,0.5587303638458252,-0.1763206825554371,0.1763206825554371,0.17080995440483093,-0.17080995440483093,0,-0.015152961015701294,0,0,0.017416149377822876,-0.017416149377822876,-0.11074274778366089,0.11074274778366089,0.017416149377822876,-0.017416149377822876,-0.045348167419433594,0.045348167419433594,0,0,0,0,0,0,0,0,1,0,0,0,0,0,0,0,0,0,0,0,0,0,0,0,0,0,0,0,0,0,0,0,0,1,0,0,0,0,0,0,0,0,0,0,0,0,0,0,0,0,0,00-0027854,S.Bradford,NA,00-0027981,K.Rudolph,NA,NA,NA,NA,NA,NA,NA,NA,NA,NA,NA,NA,NA,NA,NA,NA,NA,NA,NA,NA,NA,NA,NA,NA,NA,NA,NA,NA,NA,NA,NA,NA,NA,NA,NA,NA,NA,NA,NA,NA,NA,NA,NA,NA,NA,NA,NA,NA,NA,NA,NA,NA,NA,NA,NA,NA,NA,NA,NA,NA,NA,NA,NA,NA,0,NA,NA,NA,NA,NA,NA,00-0029272,N.Bradham,NA,NA,NA,NA,NA,NA,NA,NA,NA,NA,NA,NA,NA,NA,NA,NA,NA,NA,NA,NA,NA,NA,NA,0,NA,NA,NA,NA,0,NA,NA,0,0,0,0,NA,NA,2016,0.7733945846557617,-77.33945846557617,24,1,First down,1804,"10/23/16, 13:02:59",2016-10-23T18:21:21Z,Lincoln Financial Field,"Clear Temp: 62° F, Humidity: 46%, Wind: W 20 mph",10012016-1023-0732-662e-25ff3a421c9a,0,0,PASS,0,NA,NA,NA,14,Turnover,2016-10-23T18:21:21Z,8,2:58,2,0,0,2,2,0,PUNT,FUMBLE,05:40,02:42,MIN 24,PHI 31,1804,1976,10,21,Home,11,31,-2.5,39,0,outdoors,grass,62,20,Doug Pederson,Mike Zimmer,PHI00,Lincoln Financial Field,0,0,S.Bradford,8,NA,NA,K.Rudolph,82,1,0,0,0,1,00-0027854,NA,00-0027981,S.Bradford,8,00-0027854,K.Rudolph,00-0027981,K.Rudolph,00-0027981,0,1,-0.4591275108978152,0.37476178051980924,4.345737564399315,3,0.9955971545423381,0.37905474164290354,0.5283383727073669,47.166162729263306,2016,Go for it,NA,NA,NA,NA,NA,NA,NA,NA,NA,NA,Punt
1826,2016_07_MIN_PHI,2016102307,PHI,MIN,REG,7,MIN,away,PHI,MIN,76,2016-10-23,336,336,2136,Half1,0,14,0,2,2,0,05:36,MIN 24,10,38,(5:36) 44-M.Asiata up the middle to MIN 25 for 1 yard (91-F.Cox).,run,1,0,0,0,0,0,0,NA,NA,NA,NA,middle,NA,NA,NA,NA,NA,2,3,0,NA,NA,NA,NA,3,2,8,3,3,8,-5,3,8,-5,0.27868759632110596,0.1380368173122406,0.002936939476057887,0.18875136971473694,0.16151128709316254,0.0015434605302289128,0.22853250801563263,0,0,0.3461044195573777,-0.5747939902357757,3.666960128510371,-3.666960128510371,-4.771137531453744,4.771137531453744,7.16000469320355,-7.16000469320355,NA,NA,0,0,-0.8804266860242933,0.8804266860242933,0.3249994241632521,-0.3249994241632521,0.17279307096032426,-0.17279307096032426,0.050465228447169386,-0.050465228447169386,0.3329366147518158,0.6670633852481842,0.6670633852481842,0.3329366147518158,-0.02920079231262207,-0.010781466960906982,0.010781466960906982,0.6962641775608063,0.3037358224391937,0.42930641770362854,0.5706935822963715,-0.14711989024281502,0.14711989024281502,0.17080995440483093,-0.17080995440483093,NA,NA,0,0,0.017416149377822876,-0.017416149377822876,-0.11074274778366089,0.11074274778366089,0.017416149377822876,-0.017416149377822876,-0.045348167419433594,0.045348167419433594,0,0,0,0,0,0,0,0,0,0,0,0,0,0,0,0,0,0,0,0,0,0,0,0,1,0,0,0,0,0,0,0,1,0,0,0,0,0,0,0,0,0,0,0,0,0,0,0,0,0,0,NA,NA,NA,NA,NA,NA,00-0028198,M.Asiata,1,NA,NA,NA,NA,NA,NA,NA,NA,NA,NA,NA,NA,NA,NA,NA,NA,NA,NA,NA,NA,NA,NA,NA,NA,NA,NA,NA,NA,NA,NA,NA,NA,NA,NA,NA,NA,NA,NA,NA,NA,NA,NA,PHI,NA,00-0029653,NA,F.Cox,NA,NA,NA,NA,NA,NA,NA,NA,NA,NA,NA,NA,NA,0,NA,NA,NA,NA,NA,NA,NA,NA,NA,NA,NA,NA,NA,NA,NA,NA,NA,NA,NA,NA,NA,NA,NA,NA,NA,NA,NA,NA,NA,NA,NA,0,NA,NA,NA,NA,0,NA,NA,0,0,0,0,NA,NA,2016,NA,NA,24,1,First down,1826,"10/23/16, 13:02:59",2016-10-23T18:22:00Z,Lincoln Financial Field,"Clear Temp: 62° F, Humidity: 46%, Wind: W 20 mph",10012016-1023-0732-662e-25ff3a421c9a,0,0,RUSH,0,NA,NA,NA,14,Turnover,2016-10-23T18:21:21Z,8,2:58,2,0,0,2,2,0,PUNT,FUMBLE,05:40,02:42,MIN 24,PHI 31,1804,1976,10,21,Home,11,31,-2.5,39,0,outdoors,grass,62,20,Doug Pederson,Mike Zimmer,PHI00,Lincoln Financial Field,0,0,NA,NA,M.Asiata,44,NA,NA,0,1,0,0,1,NA,00-0028198,NA,M.Asiata,44,00-0028198,M.Asiata,00-0028198,M.Asiata,00-0028198,0,1,-0.5747939902357757,NA,NA,NA,NA,NA,0.6209330558776855,-62.093305587768555,2016,Go for it,NA,NA,NA,NA,NA,NA,NA,NA,NA,NA,Punt
1847,2016_07_MIN_PHI,2016102307,PHI,MIN,REG,7,MIN,away,PHI,MIN,75,2016-10-23,296,296,2096,Half1,0,14,0,2,3,0,04:56,MIN 25,9,38,"(4:56) (Shotgun) 8-S.Bradford pass deep left to 19-A.Thielen to PHI 48 for 27 yards (22-N.Carroll). Penalty on PHI-22-N.Carroll, Illegal Use of Hands, declined.",pass,27,1,0,1,0,0,0,deep,left,20,7,NA,NA,NA,NA,NA,NA,2,3,0,NA,NA,NA,NA,3,2,8,3,3,8,-5,3,8,-5,0.30908244848251343,0.15320029854774475,0.0027993726544082165,0.2080485224723816,0.14671090245246887,0.001678408239968121,0.17848002910614014,0,0,-0.228689570678398,2.858069578069262,0.8088905504411086,-0.8088905504411086,-4.771137531453744,4.771137531453744,4.301935115134288,-4.301935115134288,2.324203659314662,0.5338659187546,2.324203659314662,0.5338659187546,-3.2046303453389555,3.2046303453389555,-0.20886649459134787,0.20886649459134787,-2.151410588354338,2.151410588354338,-0.4834006903074306,0.4834006903074306,0.3037358224391937,0.6962641775608063,0.6962641775608063,0.3037358224391937,0.09868308901786804,0.0818307101726532,-0.0818307101726532,0.5975810885429382,0.40241891145706177,0.41852495074272156,0.5814750492572784,-0.14711989024281502,0.14711989024281502,0.07212686538696289,-0.07212686538696289,0,0.09868308901786804,0,0.09868308901786804,0.017416149377822876,-0.017416149377822876,-0.20942583680152893,0.20942583680152893,0.017416149377822876,-0.017416149377822876,-0.14403125643730164,0.14403125643730164,0,0,1,0,1,0,0,0,0,0,0,0,0,0,0,0,0,0,0,0,0,0,0,0,1,0,0,0,0,0,0,0,0,1,0,0,0,0,0,0,0,0,0,0,0,1,0,0,0,0,0,00-0027854,S.Bradford,27,00-0030035,A.Thielen,27,NA,NA,NA,NA,NA,NA,NA,NA,NA,NA,NA,NA,NA,NA,NA,NA,NA,NA,NA,NA,NA,NA,NA,NA,NA,NA,NA,NA,NA,NA,NA,NA,NA,NA,NA,NA,NA,NA,NA,NA,NA,NA,NA,NA,NA,PHI,NA,00-0027744,NA,N.Carroll,NA,NA,NA,NA,NA,NA,NA,NA,NA,NA,NA,NA,NA,0,NA,NA,NA,NA,NA,NA,NA,NA,NA,NA,NA,NA,NA,NA,NA,NA,NA,NA,NA,NA,NA,NA,NA,NA,NA,NA,NA,NA,NA,NA,NA,0,NA,NA,NA,NA,0,NA,NA,0,0,0,0,NA,NA,2016,0.41332679986953735,58.667320013046265,24,1,First down,1847,"10/23/16, 13:02:59",2016-10-23T18:22:39Z,Lincoln Financial Field,"Clear Temp: 62° F, Humidity: 46%, Wind: W 20 mph",10012016-1023-0732-662e-25ff3a421c9a,0,0,PASS,0,NA,NA,NA,14,Turnover,2016-10-23T18:21:21Z,8,2:58,2,0,0,2,2,0,PUNT,FUMBLE,05:40,02:42,MIN 24,PHI 31,1804,1976,10,21,Home,11,31,-2.5,39,0,outdoors,grass,62,20,Doug Pederson,Mike Zimmer,PHI00,Lincoln Financial Field,0,1,S.Bradford,8,NA,NA,A.Thielen,19,1,0,1,0,1,00-0027854,NA,00-0030035,S.Bradford,8,00-0027854,A.Thielen,00-0030035,A.Thielen,00-0030035,0,1,2.858069578069262,0.4639553193979973,5.8015445009223185,2,1,1,0.9854793548583984,1.4520645141601562,2016,Go for it,NA,NA,NA,NA,NA,NA,NA,NA,NA,NA,Punt
1882,2016_07_MIN_PHI,2016102307,PHI,MIN,REG,7,MIN,away,PHI,PHI,48,2016-10-23,281,281,2081,Half1,0,14,0,2,1,0,04:41,PHI 48,10,38,(4:41) (Shotgun) 8-S.Bradford pass short right to 84-C.Patterson to PHI 40 for 8 yards (55-B.Graham).,pass,8,1,0,1,0,0,0,short,right,-1,9,NA,NA,NA,NA,NA,NA,2,3,0,NA,NA,NA,NA,3,2,8,3,3,8,-5,3,8,-5,0.2435511350631714,0.0592232383787632,5.477617378346622e-4,0.076255694031715393,0.2469855546951294,0.0026156187523156404,0.3708210289478302,0,0,2.629380007390864,0.42839243134949356,0.380498119091615,-0.380498119091615,-4.771137531453744,4.771137531453744,3.8735426837847946,-3.8735426837847946,-0.7778827730799094,1.206275204429403,-0.7778827730799094,1.206275204429403,-2.426747572259046,2.426747572259046,-1.4151416990207508,1.4151416990207508,-1.3735278152744286,1.3735278152744286,-1.6896758947368336,1.6896758947368336,0.40241891145706177,0.5975810885429382,0.5975810885429382,0.40241891145706177,0.005128711462020874,0.037934064865112305,-0.037934064865112305,0.5924523770809174,0.40754762291908264,0.5003556609153748,0.49964433908462524,-0.14711989024281502,0.14711989024281502,0.06699815392494202,-0.06699815392494202,0,0.005128711462020874,0,0.005128711462020874,0.017416149377822876,-0.017416149377822876,-0.2145545482635498,0.2145545482635498,0.017416149377822876,-0.017416149377822876,-0.1491599678993225,0.1491599678993225,0,0,0,0,0,0,0,0,0,0,0,0,0,0,0,0,0,0,0,0,0,0,0,0,1,0,0,0,0,0,0,0,0,1,0,0,0,0,0,0,0,0,0,0,0,1,0,0,0,0,0,00-0027854,S.Bradford,8,00-0030578,C.Patterson,8,NA,NA,NA,NA,NA,NA,NA,NA,NA,NA,NA,NA,NA,NA,NA,NA,NA,NA,NA,NA,NA,NA,NA,NA,NA,NA,NA,NA,NA,NA,NA,NA,NA,NA,NA,NA,NA,NA,NA,NA,NA,NA,NA,NA,NA,PHI,NA,00-0027865,NA,B.Graham,NA,NA,NA,NA,NA,NA,NA,NA,NA,NA,NA,NA,NA,0,NA,NA,NA,NA,NA,NA,NA,NA,NA,NA,NA,NA,NA,NA,NA,NA,NA,NA,NA,NA,NA,NA,NA,NA,NA,NA,NA,NA,NA,NA,NA,0,NA,NA,NA,NA,0,NA,NA,0,0,0,0,NA,NA,2016,0.8545791506767273,14.54208493232727,25,1,First down,1882,"10/23/16, 13:02:59",2016-10-23T18:23:30Z,Lincoln Financial Field,"Clear Temp: 62° F, Humidity: 46%, Wind: W 20 mph",10012016-1023-0732-662e-25ff3a421c9a,0,0,PASS,0,NA,NA,NA,14,Turnover,2016-10-23T18:21:21Z,8,2:58,2,0,0,2,2,0,PUNT,FUMBLE,05:40,02:42,MIN 24,PHI 31,1804,1976,10,21,Home,11,31,-2.5,39,0,outdoors,grass,62,20,Doug Pederson,Mike Zimmer,PHI00,Lincoln Financial Field,0,1,S.Bradford,8,NA,NA,C.Patterson,84,1,0,0,0,1,00-0027854,NA,00-0030578,S.Bradford,8,00-0027854,C.Patterson,00-0030578,C.Patterson,00-0030578,0,1,0.42839243134949356,0.9993857070463595,7.631457853320171,6,0.5647345388424583,0.22311532666208223,0.5349178314208984,46.508216857910156,2016,Go for it,NA,NA,NA,NA,NA,NA,NA,NA,NA,NA,Punt
1906,2016_07_MIN_PHI,2016102307,PHI,MIN,REG,7,MIN,away,PHI,PHI,40,2016-10-23,248,248,2048,Half1,0,14,0,2,2,0,04:08,PHI 40,2,38,(4:08) (Shotgun) 8-S.Bradford pass incomplete short right.,pass,0,1,0,1,0,0,0,short,right,0,NA,NA,NA,NA,NA,NA,NA,2,3,0,NA,NA,NA,NA,3,2,8,3,3,8,-5,3,8,-5,0.232304185628891,0.04877862706780434,3.545325016602874e-4,0.05321910232305527,0.2662791907787323,0.0029874483589082956,0.3960769474506378,0,0,3.0577724387403578,-0.5622834218665957,0.9427815409582108,-0.9427815409582108,-4.771137531453744,4.771137531453744,4.43582610565139,-4.43582610565139,-0.5570655692135915,-0.005217852653004229,0,0,-2.426747572259046,2.426747572259046,-1.4151416990207508,1.4151416990207508,-0.8164622460608371,0.8164622460608371,-1.6844580420838293,1.6844580420838293,0.40754762291908264,0.5924523770809174,0.5924523770809174,0.40754762291908264,-0.03670409321784973,-0.02069300413131714,0.02069300413131714,0.6291564702987671,0.3708435297012329,0.5382897257804871,0.46171027421951294,-0.14711989024281502,0.14711989024281502,0.10370224714279175,-0.10370224714279175,0,-0.03670409321784973,0,0,0.017416149377822876,-0.017416149377822876,-0.2145545482635498,0.2145545482635498,0.017416149377822876,-0.017416149377822876,-0.11245587468147278,0.11245587468147278,0,0,0,0,0,0,0,0,1,0,0,0,0,0,0,0,0,0,0,0,0,0,0,0,0,0,0,0,0,0,0,0,0,1,0,0,0,0,0,0,0,0,0,0,0,0,0,0,0,0,0,00-0027854,S.Bradford,NA,NA,NA,NA,NA,NA,NA,NA,NA,NA,NA,NA,NA,NA,NA,NA,NA,NA,NA,NA,NA,NA,NA,NA,NA,NA,NA,NA,NA,NA,NA,NA,NA,NA,NA,NA,NA,NA,NA,NA,NA,NA,NA,NA,NA,NA,NA,NA,NA,NA,NA,NA,NA,NA,NA,NA,NA,NA,NA,NA,NA,NA,NA,NA,NA,NA,NA,0,NA,NA,NA,NA,NA,NA,NA,NA,NA,NA,NA,NA,NA,NA,NA,NA,NA,NA,NA,NA,NA,NA,NA,NA,NA,NA,NA,NA,NA,NA,NA,0,NA,NA,NA,NA,0,NA,NA,0,0,0,0,NA,NA,2016,NA,NA,25,1,First down,1906,"10/23/16, 13:02:59",2016-10-23T18:24:04Z,Lincoln Financial Field,"Clear Temp: 62° F, Humidity: 46%, Wind: W 20 mph",10012016-1023-0732-662e-25ff3a421c9a,0,0,PASS,0,NA,NA,NA,14,Turnover,2016-10-23T18:21:21Z,8,2:58,2,0,0,2,2,0,PUNT,FUMBLE,05:40,02:42,MIN 24,PHI 31,1804,1976,10,21,Home,11,31,-2.5,39,0,outdoors,grass,62,20,Doug Pederson,Mike Zimmer,PHI00,Lincoln Financial Field,0,0,S.Bradford,8,NA,NA,NA,NA,1,0,0,0,1,00-0027854,NA,NA,S.Bradford,8,00-0027854,NA,NA,NA,NA,0,1,-0.5622834218665957,NA,NA,NA,NA,NA,0.34844034910202026,65.15596508979797,2016,Go for it,NA,NA,NA,NA,NA,NA,NA,NA,NA,NA,Punt
1928,2016_07_MIN_PHI,2016102307,PHI,MIN,REG,7,MIN,away,PHI,PHI,40,2016-10-23,243,243,2043,Half1,0,14,0,2,3,0,04:03,PHI 40,2,38,(4:03) 8-S.Bradford pass short right to 82-K.Rudolph pushed ob at PHI 33 for 7 yards (31-J.Mills).,pass,7,0,0,1,0,0,0,short,right,0,7,NA,NA,NA,NA,NA,NA,2,3,0,NA,NA,NA,NA,3,2,8,3,3,8,-5,3,8,-5,0.2544139325618744,0.06327678263187408,3.891725791618228e-4,0.07127725332975388,0.2681068778038025,0.0034067959059029818,0.33912917971611023,0,0,2.495489016873762,0.9946492091985419,-0.05186766824033118,0.05186766824033118,-4.771137531453744,4.771137531453744,3.4411768964528484,-3.4411768964528484,-1.6073868366656825,2.6020360458642244,-1.6073868366656825,2.6020360458642244,-0.8193607355933636,0.8193607355933636,-4.017177744884975,4.017177744884975,0.7909245906048454,-0.7909245906048454,-4.2864940879480535,4.2864940879480535,0.3708435297012329,0.6291564702987671,0.6291564702987671,0.3708435297012329,0.04837930202484131,0.03966391086578369,-0.03966391086578369,0.5807771682739258,0.4192228317260742,0.5175967216491699,0.4824032783508301,-0.14711989024281502,0.14711989024281502,0.05532294511795044,-0.05532294511795044,0,0.04837930202484131,0,0.04837930202484131,0.017416149377822876,-0.017416149377822876,-0.2629338502883911,0.2629338502883911,0.017416149377822876,-0.017416149377822876,-0.1608351767063141,0.1608351767063141,0,0,1,0,1,0,0,0,0,0,0,0,0,0,0,0,0,0,0,0,0,0,0,0,1,0,0,0,0,0,0,0,0,1,0,0,0,0,0,0,0,0,0,0,0,1,0,0,0,0,0,00-0027854,S.Bradford,7,00-0027981,K.Rudolph,7,NA,NA,NA,NA,NA,NA,NA,NA,NA,NA,NA,NA,NA,NA,NA,NA,NA,NA,NA,NA,NA,NA,NA,NA,NA,NA,NA,NA,NA,NA,NA,NA,NA,NA,NA,NA,NA,NA,NA,NA,NA,NA,NA,NA,NA,PHI,NA,00-0032803,NA,J.Mills,NA,NA,NA,NA,NA,NA,NA,NA,NA,NA,NA,NA,NA,0,NA,NA,NA,NA,NA,NA,NA,NA,NA,NA,NA,NA,NA,NA,NA,NA,NA,NA,NA,NA,NA,NA,NA,NA,NA,NA,NA,NA,NA,NA,NA,0,NA,NA,NA,NA,0,NA,NA,0,0,0,0,NA,NA,2016,0.6609764695167542,33.902353048324585,25,1,First down,1928,"10/23/16, 13:02:59",2016-10-23T18:24:45Z,Lincoln Financial Field,"Clear Temp: 62° F, Humidity: 46%, Wind: W 20 mph",10012016-1023-0732-662e-25ff3a421c9a,0,0,PASS,0,NA,NA,NA,14,Turnover,2016-10-23T18:21:21Z,8,2:58,2,0,0,2,2,0,PUNT,FUMBLE,05:40,02:42,MIN 24,PHI 31,1804,1976,10,21,Home,11,31,-2.5,39,0,outdoors,grass,62,20,Doug Pederson,Mike Zimmer,PHI00,Lincoln Financial Field,0,1,S.Bradford,8,NA,NA,K.Rudolph,82,1,0,1,0,1,00-0027854,NA,00-0027981,S.Bradford,8,00-0027854,K.Rudolph,00-0027981,K.Rudolph,00-0027981,1,1,0.9946492091985419,2.2475451731952125,7.295394090295304,5,0.7786795329302549,0.7786795329302549,0.701612651348114,29.8387348651886,2016,Go for it,NA,NA,NA,NA,NA,NA,NA,NA,NA,NA,Punt
1952,2016_07_MIN_PHI,2016102307,PHI,MIN,REG,7,MIN,away,PHI,PHI,33,2016-10-23,208,208,2008,Half1,0,14,0,2,1,0,03:28,PHI 33,10,38,(3:28) (Shotgun) 8-S.Bradford pass short right to 33-R.Hillman to PHI 31 for 2 yards (31-J.Mills).,pass,2,1,0,1,0,0,0,short,right,2,0,NA,NA,NA,NA,NA,NA,2,3,0,NA,NA,NA,NA,3,2,8,3,3,8,-5,3,8,-5,0.17631947994232178,0.03792407363653183,3.786230809055269e-4,0.03801359236240387,0.33781811594963074,0.0019028409151360393,0.40764325857162476,0,0,3.490138226072304,-0.5131268615368754,0.4612591932965442,-0.4612591932965442,-4.771137531453744,4.771137531453744,3.9543037579897238,-3.9543037579897238,-0.5131268615368754,0,-0.5131268615368754,0,-0.3062338740564883,0.3062338740564883,-4.017177744884975,4.017177744884975,1.3040514521417208,-1.3040514521417208,-4.2864940879480535,4.2864940879480535,0.4192228317260742,0.5807771682739258,0.5807771682739258,0.4192228317260742,-0.002157449722290039,-9.985566139221191e-4,9.985566139221191e-4,0.5829346179962158,0.4170653820037842,0.5572606325149536,0.4427393674850464,-0.14711989024281502,0.14711989024281502,0.05748039484024048,-0.05748039484024048,-0.002157449722290039,0,-0.002157449722290039,0,0.019573599100112915,-0.019573599100112915,-0.2629338502883911,0.2629338502883911,0.019573599100112915,-0.019573599100112915,-0.1608351767063141,0.1608351767063141,0,0,0,0,0,0,0,0,0,0,0,0,0,0,0,0,0,0,0,0,0,0,0,0,1,0,0,0,0,0,0,0,0,1,0,0,0,0,0,0,0,0,0,0,0,1,0,0,0,0,0,00-0027854,S.Bradford,2,00-0029683,R.Hillman,2,NA,NA,NA,NA,NA,NA,NA,NA,NA,NA,NA,NA,NA,NA,NA,NA,NA,NA,NA,NA,NA,NA,NA,NA,NA,NA,NA,NA,NA,NA,NA,NA,NA,NA,NA,NA,NA,NA,NA,NA,NA,NA,NA,NA,NA,PHI,NA,00-0032803,NA,J.Mills,NA,NA,NA,NA,NA,NA,NA,NA,NA,NA,NA,NA,NA,0,NA,NA,NA,NA,NA,NA,NA,NA,NA,NA,NA,NA,NA,NA,NA,NA,NA,NA,NA,NA,NA,NA,NA,NA,NA,NA,NA,NA,NA,NA,NA,0,NA,NA,NA,NA,0,NA,NA,0,0,0,0,NA,NA,2016,0.7769342660903931,22.306573390960693,26,0,Turnover,1952,"10/23/16, 13:02:59",2016-10-23T18:25:27Z,Lincoln Financial Field,"Clear Temp: 62° F, Humidity: 46%, Wind: W 20 mph",10012016-1023-0732-662e-25ff3a421c9a,0,0,PASS,0,NA,NA,NA,14,Turnover,2016-10-23T18:21:21Z,8,2:58,2,0,0,2,2,0,PUNT,FUMBLE,05:40,02:42,MIN 24,PHI 31,1804,1976,10,21,Home,11,31,-2.5,39,0,outdoors,grass,62,20,Doug Pederson,Mike Zimmer,PHI00,Lincoln Financial Field,0,0,S.Bradford,8,NA,NA,R.Hillman,33,1,0,0,0,1,00-0027854,NA,00-0029683,S.Bradford,8,00-0027854,R.Hillman,00-0029683,R.Hillman,00-0029683,0,1,-0.5131268615368754,0.7811506432195369,5.211416972568259,4,0.6247006736812182,0.2291826389846392,0.5296161770820618,47.03838229179382,2016,Go for it,NA,NA,NA,NA,NA,NA,NA,NA,NA,NA,Punt
1976,2016_07_MIN_PHI,2016102307,PHI,MIN,REG,7,MIN,away,PHI,PHI,31,2016-10-23,171,171,1971,Half1,0,14,0,2,2,0,02:51,PHI 31,8,38,"(2:51) (Shotgun) 8-S.Bradford sacked at PHI 41 for -10 yards (23-R.McLeod). FUMBLES (23-R.McLeod) [95-M.Kendricks], RECOVERED by PHI-94-B.Allen at PHI 38. 94-B.Allen to PHI 48 for 10 yards (72-J.Long).",pass,-7,1,0,1,0,0,0,NA,NA,NA,NA,NA,NA,NA,NA,NA,NA,2,3,0,NA,NA,NA,NA,3,2,8,3,3,8,-5,3,8,-5,0.220004603266716,0.04129008203744888,3.7092232378199697e-4,0.039440542459487915,0.3764191269874573,0.0017746585654094815,0.320700079202652,0,0,2.9770113645354286,-5.202389527927153,5.663648721223697,-5.663648721223697,-4.771137531453744,4.771137531453744,9.156693285916877,-9.156693285916877,NA,NA,0,0,-0.3062338740564883,0.3062338740564883,-4.017177744884975,4.017177744884975,1.3040514521417208,-1.3040514521417208,-4.2864940879480535,4.2864940879480535,0.4170653820037842,0.5829346179962158,0.5829346179962158,0.4170653820037842,-0.15372127294540405,-0.18334829807281494,0.18334829807281494,0.7366558909416199,0.2633441090583801,0.5562620759010315,0.4437379240989685,-0.14711989024281502,0.14711989024281502,0.21120166778564453,-0.21120166778564453,NA,NA,0,0,0.019573599100112915,-0.019573599100112915,-0.2629338502883911,0.2629338502883911,0.019573599100112915,-0.019573599100112915,-0.1608351767063141,0.1608351767063141,0,0,0,0,0,0,0,0,0,0,0,0,0,0,0,0,0,0,0,0,0,1,0,0,1,0,0,0,1,0,0,1,0,1,1,0,0,0,0,0,0,0,0,0,1,0,0,0,0,0,0,00-0027854,S.Bradford,NA,NA,NA,NA,NA,NA,NA,NA,NA,NA,NA,NA,NA,NA,NA,NA,NA,NA,NA,NA,NA,NA,NA,NA,NA,NA,NA,NA,NA,NA,NA,NA,NA,NA,NA,NA,NA,NA,NA,00-0029409,M.Kendricks,NA,NA,PHI,00-0028899,R.McLeod,NA,NA,NA,PHI,MIN,00-0028899,00-0025820,R.McLeod,J.Long,NA,NA,NA,NA,NA,NA,NA,NA,NA,NA,NA,NA,0,NA,NA,NA,NA,NA,NA,NA,NA,NA,NA,MIN,00-0027854,S.Bradford,NA,NA,NA,PHI,10,00-0031089,B.Allen,NA,NA,NA,NA,00-0028899,R.McLeod,NA,NA,NA,NA,NA,0,NA,NA,NA,NA,0,NA,NA,0,0,0,0,NA,NA,2016,NA,NA,26,0,Turnover,1976,"10/23/16, 13:02:59",2016-10-23T18:26:05Z,Lincoln Financial Field,"Clear Temp: 62° F, Humidity: 46%, Wind: W 20 mph",10012016-1023-0732-662e-25ff3a421c9a,0,0,SACK,0,NA,NA,NA,14,Turnover,2016-10-23T18:21:21Z,8,2:58,2,0,0,2,2,0,PUNT,FUMBLE,05:40,02:42,MIN 24,PHI 31,1804,1976,10,21,Home,11,31,-2.5,39,0,outdoors,grass,62,20,Doug Pederson,Mike Zimmer,PHI00,Lincoln Financial Field,0,0,S.Bradford,8,NA,NA,NA,NA,1,0,0,0,1,00-0027854,NA,NA,S.Bradford,8,00-0027854,NA,NA,NA,NA,0,1,-5.202389527927153,NA,NA,NA,NA,NA,0.7410896420478821,25.891035795211792,2016,Go for it,NA,NA,NA,NA,NA,NA,NA,NA,NA,NA,Punt
2011,2016_07_MIN_PHI,2016102307,PHI,MIN,REG,7,PHI,home,MIN,PHI,52,2016-10-23,162,162,1962,Half1,0,15,0,2,1,0,02:42,PHI 48,10,35,(2:42) 24-R.Mathews up the middle to 50 for 2 yards (54-E.Kendricks).,run,2,0,0,0,0,0,0,NA,NA,NA,NA,middle,NA,NA,NA,NA,NA,2,3,0,NA,NA,NA,NA,2,3,8,3,8,3,5,8,3,5,0.35633963346481323,0.0557202510535717,3.9551814552396536e-4,0.05798928439617157,0.22055383026599884,0.00508339935913682,0.30391809344291687,0,0,2.2253781633917242,-0.29791805922286585,5.365730662000831,-5.365730662000831,-5.0690555906766095,5.0690555906766095,9.156693285916877,-9.156693285916877,NA,NA,0,0,-0.3062338740564883,0.3062338740564883,-4.017177744884975,4.017177744884975,1.3040514521417208,-1.3040514521417208,-4.2864940879480535,4.2864940879480535,0.7366558909416199,0.2633441090583801,0.7366558909416199,0.2633441090583801,-0.002537667751312256,-0.010439693927764893,-0.010439693927764893,0.7341182231903076,0.2658817768096924,0.6270862221717834,0.6270862221717834,-0.14965755799412728,0.14965755799412728,0.21120166778564453,-0.21120166778564453,NA,NA,0,0,0.019573599100112915,-0.019573599100112915,-0.2629338502883911,0.2629338502883911,0.019573599100112915,-0.019573599100112915,-0.1608351767063141,0.1608351767063141,0,0,0,0,0,0,0,0,0,0,0,0,0,0,0,0,0,0,0,0,0,0,0,0,1,0,0,0,0,0,0,0,1,0,0,0,0,0,0,0,0,0,0,0,0,0,0,0,0,0,0,NA,NA,NA,NA,NA,NA,00-0027864,R.Mathews,2,NA,NA,NA,NA,NA,NA,NA,NA,NA,NA,NA,NA,NA,NA,NA,NA,NA,NA,NA,NA,NA,NA,NA,NA,NA,NA,NA,NA,NA,NA,NA,NA,NA,NA,NA,NA,NA,NA,NA,NA,NA,NA,MIN,NA,00-0031554,NA,E.Kendricks,NA,NA,NA,NA,NA,NA,NA,NA,NA,NA,NA,NA,NA,0,NA,NA,NA,NA,NA,NA,NA,NA,NA,NA,NA,NA,NA,NA,NA,NA,NA,NA,NA,NA,NA,NA,NA,NA,NA,NA,NA,NA,NA,NA,NA,0,NA,NA,NA,NA,0,NA,NA,0,0,0,0,NA,NA,2016,NA,NA,27,1,First down,2011,"10/23/16, 13:02:59",2016-10-23T18:27:18Z,Lincoln Financial Field,"Clear Temp: 62° F, Humidity: 46%, Wind: W 20 mph",10012016-1023-0732-662e-25ff3a421c9a,0,0,RUSH,0,NA,NA,NA,15,Field goal,2016-10-23T18:27:18Z,10,2:35,2,1,1,2,2,0,FUMBLE,FIELD_GOAL,02:42,00:07,PHI 48,MIN 17,2011,2278,10,21,Home,11,31,-2.5,39,0,outdoors,grass,62,20,Doug Pederson,Mike Zimmer,PHI00,Lincoln Financial Field,0,0,NA,NA,R.Mathews,24,NA,NA,0,1,0,0,1,NA,00-0027864,NA,R.Mathews,24,00-0027864,R.Mathews,00-0027864,R.Mathews,00-0027864,0,1,-0.29791805922286585,NA,NA,NA,NA,NA,0.4870300889015198,-48.70300889015198,2016,Go for it,NA,NA,NA,NA,NA,NA,NA,NA,NA,NA,Punt
2049,2016_07_MIN_PHI,2016102307,PHI,MIN,REG,7,PHI,home,MIN,50,50,2016-10-23,120,120,1920,Half1,0,15,0,2,2,0,02:00,MID 50,8,35,(2:00) (Shotgun) 24-R.Mathews left tackle to MIN 44 for 6 yards (96-B.Robison).,run,6,1,0,0,0,0,0,NA,NA,NA,NA,left,tackle,NA,NA,NA,NA,2,3,0,NA,NA,NA,NA,2,3,8,3,8,3,5,8,3,5,0.4096301198005676,0.06057538464665413,3.995769948232919e-4,0.04737366363406181,0.22868576645851135,0.0035609700717031956,0.24977454543113708,0,0,1.9274601041688584,0.347906761104241,5.713637423105072,-5.713637423105072,-4.7211488295723685,4.7211488295723685,9.156693285916877,-9.156693285916877,NA,NA,0,0,-0.3062338740564883,0.3062338740564883,-4.017177744884975,4.017177744884975,1.3040514521417208,-1.3040514521417208,-4.2864940879480535,4.2864940879480535,0.7341182231903076,0.2658817768096924,0.7341182231903076,0.2658817768096924,0.013880908489227295,0.007088005542755127,0.007088005542755127,0.7479991316795349,0.2520008683204651,0.6166465282440186,0.6166465282440186,-0.13577664950489998,0.13577664950489998,0.21120166778564453,-0.21120166778564453,NA,NA,0,0,0.019573599100112915,-0.019573599100112915,-0.2629338502883911,0.2629338502883911,0.019573599100112915,-0.019573599100112915,-0.1608351767063141,0.1608351767063141,0,0,0,0,0,0,0,0,0,0,0,0,0,0,0,0,0,0,0,0,0,0,0,0,1,0,0,0,0,0,0,0,1,0,0,0,0,0,0,0,0,0,0,0,0,0,0,0,0,0,0,NA,NA,NA,NA,NA,NA,00-0027864,R.Mathews,6,NA,NA,NA,NA,NA,NA,NA,NA,NA,NA,NA,NA,NA,NA,NA,NA,NA,NA,NA,NA,NA,NA,NA,NA,NA,NA,NA,NA,NA,NA,NA,NA,NA,NA,NA,NA,NA,NA,NA,NA,NA,NA,MIN,NA,00-0025489,NA,B.Robison,NA,NA,NA,NA,NA,NA,NA,NA,NA,NA,NA,NA,NA,0,NA,NA,NA,NA,NA,NA,NA,NA,NA,NA,NA,NA,NA,NA,NA,NA,NA,NA,NA,NA,NA,NA,NA,NA,NA,NA,NA,NA,NA,NA,NA,0,NA,NA,NA,NA,0,NA,NA,0,0,0,0,NA,NA,2016,NA,NA,27,1,First down,2049,"10/23/16, 13:02:59",2016-10-23T18:30:46Z,Lincoln Financial Field,"Clear Temp: 62° F, Humidity: 46%, Wind: W 20 mph",10012016-1023-0732-662e-25ff3a421c9a,0,0,RUSH,0,NA,NA,NA,15,Field goal,2016-10-23T18:27:18Z,10,2:35,2,1,1,2,2,0,FUMBLE,FIELD_GOAL,02:42,00:07,PHI 48,MIN 17,2011,2278,10,21,Home,11,31,-2.5,39,0,outdoors,grass,62,20,Doug Pederson,Mike Zimmer,PHI00,Lincoln Financial Field,0,1,NA,NA,R.Mathews,24,NA,NA,0,1,0,0,1,NA,00-0027864,NA,R.Mathews,24,00-0027864,R.Mathews,00-0027864,R.Mathews,00-0027864,0,1,0.347906761104241,NA,NA,NA,NA,NA,0.784306526184082,-78.4306526184082,2016,Go for it,NA,NA,NA,NA,NA,NA,NA,NA,NA,NA,Punt
2070,2016_07_MIN_PHI,2016102307,PHI,MIN,REG,7,PHI,home,MIN,MIN,44,2016-10-23,85,85,1885,Half1,0,15,0,2,3,0,01:25,MIN 44,2,35,(1:25) 11-C.Wentz pass incomplete short left to 47-T.Burton.,pass,0,0,0,1,0,0,0,short,left,1,NA,NA,NA,NA,NA,NA,NA,2,3,0,NA,NA,NA,NA,2,3,8,3,8,3,5,8,3,5,0.39939841628074646,0.054518986493349075,3.4243884147144854e-4,0.029294997453689575,0.2395656853914261,0.002435934729874134,0.27444353699684143,0,0,2.2753668652730994,-1.3297245143912733,4.383912908713799,-4.383912908713799,-4.7211488295723685,4.7211488295723685,7.826968771525603,-7.826968771525603,-1.23876849579392,-0.09095601859735325,0,0,-0.3062338740564883,0.3062338740564883,-4.017177744884975,4.017177744884975,0.06528295634780079,-0.06528295634780079,-4.377450106545407,4.377450106545407,0.7479991316795349,0.2520008683204651,0.7479991316795349,0.2520008683204651,-0.024685204029083252,-0.053154170513153076,-0.053154170513153076,0.7233139276504517,0.27668607234954834,0.6237345337867737,0.6237345337867737,-0.13577664950489998,0.13577664950489998,0.18651646375656128,-0.18651646375656128,0,-0.024685204029083252,0,0,0.019573599100112915,-0.019573599100112915,-0.2629338502883911,0.2629338502883911,0.019573599100112915,-0.019573599100112915,-0.18552038073539734,0.18552038073539734,0,0,0,0,0,1,0,0,1,0,0,0,0,0,0,0,0,0,0,0,0,0,0,0,0,0,0,0,0,0,0,0,0,1,0,0,0,0,0,0,0,0,0,0,0,0,0,0,0,0,0,00-0032950,C.Wentz,NA,00-0030710,T.Burton,NA,NA,NA,NA,NA,NA,NA,NA,NA,NA,NA,NA,NA,NA,NA,NA,NA,NA,NA,NA,NA,NA,NA,NA,NA,NA,NA,NA,NA,NA,NA,NA,NA,NA,NA,NA,NA,NA,NA,NA,NA,NA,NA,NA,NA,NA,NA,NA,NA,NA,NA,NA,NA,NA,NA,NA,NA,NA,NA,NA,NA,NA,NA,NA,0,NA,NA,NA,NA,NA,NA,NA,NA,NA,NA,NA,NA,NA,NA,NA,NA,NA,NA,NA,NA,NA,NA,NA,NA,NA,NA,NA,NA,NA,NA,NA,0,NA,NA,NA,NA,0,NA,NA,0,0,0,0,NA,NA,2016,0.7623140811920166,-76.23140811920166,27,1,First down,2070,"10/23/16, 13:02:59",2016-10-23T18:31:21Z,Lincoln Financial Field,"Clear Temp: 62° F, Humidity: 46%, Wind: W 20 mph",10012016-1023-0732-662e-25ff3a421c9a,0,0,PASS,0,NA,NA,NA,15,Field goal,2016-10-23T18:27:18Z,10,2:35,2,1,1,2,2,0,FUMBLE,FIELD_GOAL,02:42,00:07,PHI 48,MIN 17,2011,2278,10,21,Home,11,31,-2.5,39,0,outdoors,grass,62,20,Doug Pederson,Mike Zimmer,PHI00,Lincoln Financial Field,0,0,C.Wentz,11,NA,NA,T.Burton,47,1,0,0,0,1,00-0032950,NA,00-0030710,C.Wentz,11,00-0032950,T.Burton,00-0030710,T.Burton,00-0030710,0,1,-1.3297245143912733,1.6211321894461674,5.530787230702117,3,0.7594068782636896,0.7594068782636896,0.7095086574554443,29.049134254455566,2016,Go for it,NA,NA,NA,NA,NA,NA,NA,NA,NA,NA,Punt
2092,2016_07_MIN_PHI,2016102307,PHI,MIN,REG,7,NA,NA,NA,NA,NA,2016-10-23,81,81,1881,Half1,0,15,0,2,NA,0,01:21,MIN 44,0,35,Timeout #2 by PHI at 01:21.,no_play,0,0,0,0,0,0,0,NA,NA,NA,NA,NA,NA,NA,NA,NA,NA,1,3,1,PHI,NA,NA,NA,NA,NA,8,3,NA,NA,NA,NA,NA,NA,0,0,0,0,0,0,0,0,0,0.9456423508818261,0,4.383912908713799,-4.383912908713799,-4.7211488295723685,4.7211488295723685,7.826968771525603,-7.826968771525603,NA,NA,0,0,-0.3062338740564883,0.3062338740564883,-4.017177744884975,4.017177744884975,0.06528295634780079,-0.06528295634780079,-4.377450106545407,4.377450106545407,0.7233139276504517,0.27668607234954834,0.7233139276504517,0.27668607234954834,0,0,0,NA,NA,0.5705803632736206,0.5705803632736206,-0.13577664950489998,0.13577664950489998,0.18651646375656128,-0.18651646375656128,NA,NA,0,0,0.019573599100112915,-0.019573599100112915,-0.2629338502883911,0.2629338502883911,0.019573599100112915,-0.019573599100112915,-0.18552038073539734,0.18552038073539734,0,0,0,0,0,0,0,0,0,0,0,0,0,0,0,0,0,0,0,0,0,0,0,0,0,0,0,0,0,0,0,0,0,0,0,0,0,0,0,0,0,0,0,0,0,0,0,0,0,0,0,NA,NA,NA,NA,NA,NA,NA,NA,NA,NA,NA,NA,NA,NA,NA,NA,NA,NA,NA,NA,NA,NA,NA,NA,NA,NA,NA,NA,NA,NA,NA,NA,NA,NA,NA,NA,NA,NA,NA,NA,NA,NA,NA,NA,NA,NA,NA,NA,NA,NA,NA,NA,NA,NA,NA,NA,NA,NA,NA,NA,NA,NA,NA,NA,NA,NA,NA,NA,NA,0,NA,NA,NA,NA,NA,NA,NA,NA,NA,NA,NA,NA,NA,NA,NA,NA,NA,NA,NA,NA,NA,NA,NA,NA,NA,NA,NA,NA,NA,NA,NA,0,NA,NA,NA,NA,0,NA,NA,0,0,0,0,NA,NA,2016,NA,NA,27,1,First down,2092,"10/23/16, 13:02:59",2016-10-23T18:32:16Z,Lincoln Financial Field,"Clear Temp: 62° F, Humidity: 46%, Wind: W 20 mph",10012016-1023-0732-662e-25ff3a421c9a,0,0,TIMEOUT,0,NA,NA,NA,15,Field goal,2016-10-23T18:27:18Z,10,2:35,2,1,1,2,2,0,FUMBLE,FIELD_GOAL,02:42,00:07,PHI 48,MIN 17,2011,2278,10,21,Home,11,31,-2.5,39,0,outdoors,grass,62,20,Doug Pederson,Mike Zimmer,PHI00,Lincoln Financial Field,0,0,NA,NA,NA,NA,NA,NA,0,0,0,0,0,NA,NA,NA,NA,NA,NA,NA,NA,NA,NA,0,1,0,NA,NA,NA,NA,NA,NA,NA,2016,Other,NA,NA,NA,NA,NA,NA,NA,NA,NA,NA,Punt
2109,2016_07_MIN_PHI,2016102307,PHI,MIN,REG,7,PHI,home,MIN,MIN,44,2016-10-23,81,81,1881,Half1,0,15,0,2,4,0,01:21,MIN 44,2,35,(1:21) (Shotgun) 11-C.Wentz left end to MIN 38 for 6 yards (55-A.Barr).,run,6,1,0,0,0,0,0,NA,NA,NA,NA,left,end,NA,NA,NA,NA,1,3,0,NA,NA,NA,NA,1,3,8,3,8,3,5,8,3,5,0.5987070202827454,0.08306407928466797,4.3921280303038657e-4,0.03833921626210213,0.11732316017150879,0.004554672632366419,0.1575726717710495,0,0,0.9456423508818261,1.9116201472352259,6.295533055949025,-6.295533055949025,-2.8095286823371426,2.8095286823371426,7.826968771525603,-7.826968771525603,NA,NA,0,0,-0.3062338740564883,0.3062338740564883,-4.017177744884975,4.017177744884975,0.06528295634780079,-0.06528295634780079,-4.377450106545407,4.377450106545407,0.7233139276504517,0.27668607234954834,0.7233139276504517,0.27668607234954834,0.06052350997924805,0.09994655847549438,0.09994655847549438,0.7838374376296997,0.2161625623703003,0.5705803632736206,0.5705803632736206,-0.07525313952565194,0.07525313952565194,0.18651646375656128,-0.18651646375656128,NA,NA,0,0,0.019573599100112915,-0.019573599100112915,-0.2629338502883911,0.2629338502883911,0.019573599100112915,-0.019573599100112915,-0.18552038073539734,0.18552038073539734,0,1,0,0,0,0,1,0,0,0,0,0,0,0,0,0,0,0,0,0,0,0,0,0,1,0,0,0,0,0,0,0,1,0,0,0,0,0,0,0,0,0,0,0,0,0,0,0,0,0,0,NA,NA,NA,NA,NA,NA,00-0032950,C.Wentz,6,NA,NA,NA,NA,NA,NA,NA,NA,NA,NA,NA,NA,NA,NA,NA,NA,NA,NA,NA,NA,NA,NA,NA,NA,NA,NA,NA,NA,NA,NA,NA,NA,NA,NA,NA,NA,NA,NA,NA,NA,NA,NA,MIN,NA,00-0031256,NA,A.Barr,NA,NA,NA,NA,NA,NA,NA,NA,NA,NA,NA,NA,NA,0,NA,NA,NA,NA,NA,NA,NA,NA,NA,NA,NA,NA,NA,NA,NA,NA,NA,NA,NA,NA,NA,NA,NA,NA,NA,NA,NA,NA,NA,NA,NA,0,NA,NA,NA,NA,0,NA,NA,0,0,0,0,NA,NA,2016,NA,NA,27,1,First down,2109,"10/23/16, 13:02:59",2016-10-23T18:33:14Z,Lincoln Financial Field,"Clear Temp: 62° F, Humidity: 46%, Wind: W 20 mph",10012016-1023-0732-662e-25ff3a421c9a,0,0,RUSH,0,NA,NA,NA,15,Field goal,2016-10-23T18:27:18Z,10,2:35,2,1,1,2,2,0,FUMBLE,FIELD_GOAL,02:42,00:07,PHI 48,MIN 17,2011,2278,10,21,Home,11,31,-2.5,39,0,outdoors,grass,62,20,Doug Pederson,Mike Zimmer,PHI00,Lincoln Financial Field,0,1,NA,NA,C.Wentz,11,NA,NA,0,1,1,0,1,NA,00-0032950,NA,C.Wentz,11,00-0032950,C.Wentz,00-0032950,C.Wentz,00-0032950,0,1,1.9116201472352259,NA,NA,NA,NA,NA,0.7684754133224487,-76.84754133224487,2016,Go for it,0.9603876093958186,0.5239643964232528,0.5083059530372509,0.6787295713418287,0.5976018776595704,0.30721590365807083,0.4923389256000519,0.6733085066080093,0.5479356589640341,0.5879980015656122,Go for it
2130,2016_07_MIN_PHI,2016102307,PHI,MIN,REG,7,PHI,home,MIN,MIN,38,2016-10-23,55,55,1855,Half1,0,15,0,2,1,0,00:55,MIN 38,10,35,"(:55) (No Huddle, Shotgun) 11-C.Wentz pass incomplete deep left to 18-D.Green-Beckham [92-Tom.Johnson].",pass,0,1,1,1,0,0,0,deep,left,35,NA,NA,NA,NA,NA,NA,NA,1,3,0,NA,NA,NA,NA,1,3,8,3,8,3,5,8,3,5,0.31392914056777954,0.025916876271367073,2.632511896081269e-4,0.016078589484095573,0.36400365829467773,5.160784348845482e-4,0.27929237484931946,0,0,2.857262498117052,-0.34453691786620766,5.950996138082817,-5.950996138082817,-2.8095286823371426,2.8095286823371426,7.482431853659396,-7.482431853659396,2.6472991250338964,-2.991836042900104,0,0,-0.3062338740564883,0.3062338740564883,-4.017177744884975,4.017177744884975,2.712582081381697,-2.712582081381697,-7.369286149445511,7.369286149445511,0.7838374376296997,0.2161625623703003,0.7838374376296997,0.2161625623703003,-0.01073068380355835,-0.020021438598632812,-0.020021438598632812,0.7731067538261414,0.22689324617385864,0.670526921749115,0.670526921749115,-0.07525313952565194,0.07525313952565194,0.17578577995300293,-0.17578577995300293,0,-0.01073068380355835,0,0,0.019573599100112915,-0.019573599100112915,-0.2629338502883911,0.2629338502883911,0.019573599100112915,-0.019573599100112915,-0.1962510645389557,0.1962510645389557,0,0,0,0,0,0,0,0,1,0,0,0,0,0,0,0,0,0,0,0,0,0,0,0,0,0,0,0,0,0,0,1,0,1,0,0,0,0,0,0,0,0,0,0,0,0,0,0,0,0,0,00-0032950,C.Wentz,NA,00-0032218,D.Green-Beckham,NA,NA,NA,NA,NA,NA,NA,NA,NA,NA,NA,NA,NA,NA,NA,NA,NA,NA,NA,NA,NA,NA,NA,NA,NA,NA,NA,NA,NA,NA,NA,NA,NA,NA,NA,NA,00-0024030,Tom.Johnson,NA,NA,NA,NA,NA,NA,NA,NA,NA,NA,NA,NA,NA,NA,NA,NA,NA,NA,NA,NA,NA,NA,NA,NA,NA,NA,0,NA,NA,NA,NA,NA,NA,NA,NA,NA,NA,NA,NA,NA,NA,NA,NA,NA,NA,NA,NA,NA,NA,NA,NA,NA,NA,NA,NA,NA,NA,NA,0,NA,NA,NA,NA,0,NA,NA,0,0,0,0,NA,NA,2016,0.24682319164276123,-24.682319164276123,28,1,First down,2130,"10/23/16, 13:02:59",2016-10-23T18:33:40Z,Lincoln Financial Field,"Clear Temp: 62° F, Humidity: 46%, Wind: W 20 mph",10012016-1023-0732-662e-25ff3a421c9a,0,0,PASS,0,NA,NA,NA,15,Field goal,2016-10-23T18:27:18Z,10,2:35,2,1,1,2,2,0,FUMBLE,FIELD_GOAL,02:42,00:07,PHI 48,MIN 17,2011,2278,10,21,Home,11,31,-2.5,39,0,outdoors,grass,62,20,Doug Pederson,Mike Zimmer,PHI00,Lincoln Financial Field,0,0,C.Wentz,11,NA,NA,D.Green-Beckham,18,1,0,0,0,1,00-0032950,NA,00-0032218,C.Wentz,11,00-0032950,D.Green-Beckham,00-0032218,D.Green-Beckham,00-0032218,0,1,-0.34453691786620766,1.080533718761611,2.0649431433994323,3,1,1,0.9382060170173645,6.17939829826355,2016,Go for it,NA,NA,NA,NA,NA,NA,NA,NA,NA,NA,Punt
2152,2016_07_MIN_PHI,2016102307,PHI,MIN,REG,7,PHI,home,MIN,MIN,38,2016-10-23,49,49,1849,Half1,0,15,0,2,2,0,00:49,MIN 38,10,35,(:49) (Shotgun) 24-R.Mathews up the middle to MIN 37 for 1 yard (54-E.Kendricks).,run,1,1,0,0,0,0,0,NA,NA,NA,NA,middle,NA,NA,NA,NA,NA,1,3,0,NA,NA,NA,NA,1,3,8,3,8,3,5,8,3,5,0.34322628378868103,0.029694465920329094,2.7445144951343536e-4,0.01666751317679882,0.3873760998249054,4.8523570876568556e-4,0.22227595746517181,0,0,2.5127255802508444,-0.35824100993340835,5.592755128149409,-5.592755128149409,-3.167769692270551,3.167769692270551,7.482431853659396,-7.482431853659396,NA,NA,0,0,-0.3062338740564883,0.3062338740564883,-4.017177744884975,4.017177744884975,2.712582081381697,-2.712582081381697,-7.369286149445511,7.369286149445511,0.7731067538261414,0.22689324617385864,0.7731067538261414,0.22689324617385864,-0.018525779247283936,-0.022326111793518066,-0.022326111793518066,0.7545809745788574,0.24541902542114258,0.6505054831504822,0.6505054831504822,-0.09377891877293587,0.09377891877293587,0.17578577995300293,-0.17578577995300293,NA,NA,0,0,0.019573599100112915,-0.019573599100112915,-0.2629338502883911,0.2629338502883911,0.019573599100112915,-0.019573599100112915,-0.1962510645389557,0.1962510645389557,0,0,0,0,0,0,0,0,0,0,0,0,0,0,0,0,0,0,0,0,0,0,0,0,1,0,0,0,0,0,0,0,1,0,0,0,0,0,0,0,0,0,0,0,0,0,0,0,0,0,0,NA,NA,NA,NA,NA,NA,00-0027864,R.Mathews,1,NA,NA,NA,NA,NA,NA,NA,NA,NA,NA,NA,NA,NA,NA,NA,NA,NA,NA,NA,NA,NA,NA,NA,NA,NA,NA,NA,NA,NA,NA,NA,NA,NA,NA,NA,NA,NA,NA,NA,NA,NA,NA,MIN,NA,00-0031554,NA,E.Kendricks,NA,NA,NA,NA,NA,NA,NA,NA,NA,NA,NA,NA,NA,0,NA,NA,NA,NA,NA,NA,NA,NA,NA,NA,NA,NA,NA,NA,NA,NA,NA,NA,NA,NA,NA,NA,NA,NA,NA,NA,NA,NA,NA,NA,NA,0,NA,NA,NA,NA,0,NA,NA,0,0,0,0,NA,NA,2016,NA,NA,28,1,First down,2152,"10/23/16, 13:02:59",2016-10-23T18:34:31Z,Lincoln Financial Field,"Clear Temp: 62° F, Humidity: 46%, Wind: W 20 mph",10012016-1023-0732-662e-25ff3a421c9a,0,0,RUSH,0,NA,NA,NA,15,Field goal,2016-10-23T18:27:18Z,10,2:35,2,1,1,2,2,0,FUMBLE,FIELD_GOAL,02:42,00:07,PHI 48,MIN 17,2011,2278,10,21,Home,11,31,-2.5,39,0,outdoors,grass,62,20,Doug Pederson,Mike Zimmer,PHI00,Lincoln Financial Field,0,0,NA,NA,R.Mathews,24,NA,NA,0,1,0,0,1,NA,00-0027864,NA,R.Mathews,24,00-0027864,R.Mathews,00-0027864,R.Mathews,00-0027864,0,1,-0.35824100993340835,NA,NA,NA,NA,NA,0.9343838691711426,-93.43838691711426,2016,Go for it,NA,NA,NA,NA,NA,NA,NA,NA,NA,NA,Punt
2173,2016_07_MIN_PHI,2016102307,PHI,MIN,REG,7,PHI,home,MIN,MIN,37,2016-10-23,25,25,1825,Half1,0,15,0,2,3,0,00:25,MIN 37,9,35,"(:25) (No Huddle, Shotgun) 24-R.Mathews left guard to MIN 17 for 20 yards (24-C.Munnerlyn).",run,20,1,1,0,0,0,0,NA,NA,NA,NA,left,guard,NA,NA,NA,NA,1,3,0,NA,NA,NA,NA,1,3,8,3,8,3,5,8,3,5,0.3818834722042084,0.019990863278508186,2.934768854174763e-4,0.009715396910905838,0.45777034759521484,5.36761770490557e-4,0.12980961799621582,0,0,2.154484570317436,1.320628234767355,6.913383362916764,-6.913383362916764,-1.847141457503196,1.847141457503196,7.482431853659396,-7.482431853659396,NA,NA,0,0,-0.3062338740564883,0.3062338740564883,-4.017177744884975,4.017177744884975,2.712582081381697,-2.712582081381697,-7.369286149445511,7.369286149445511,0.7545809745788574,0.24541902542114258,0.7545809745788574,0.24541902542114258,0.04216891527175903,0.06289935111999512,0.06289935111999512,0.7967498898506165,0.20325011014938354,0.6281793713569641,0.6281793713569641,-0.05161000350117684,0.05161000350117684,0.17578577995300293,-0.17578577995300293,NA,NA,0,0,0.019573599100112915,-0.019573599100112915,-0.2629338502883911,0.2629338502883911,0.019573599100112915,-0.019573599100112915,-0.1962510645389557,0.1962510645389557,0,1,0,0,1,0,0,0,0,0,0,0,0,0,0,0,0,0,0,0,0,0,0,0,1,0,0,0,0,0,0,0,1,0,0,0,0,0,0,0,0,0,0,0,0,0,0,0,0,0,0,NA,NA,NA,NA,NA,NA,00-0027864,R.Mathews,20,NA,NA,NA,NA,NA,NA,NA,NA,NA,NA,NA,NA,NA,NA,NA,NA,NA,NA,NA,NA,NA,NA,NA,NA,NA,NA,NA,NA,NA,NA,NA,NA,NA,NA,NA,NA,NA,NA,NA,NA,NA,NA,MIN,NA,00-0026944,NA,C.Munnerlyn,NA,NA,NA,NA,NA,NA,NA,NA,NA,NA,NA,NA,NA,0,NA,NA,NA,NA,NA,NA,NA,NA,NA,NA,NA,NA,NA,NA,NA,NA,NA,NA,NA,NA,NA,NA,NA,NA,NA,NA,NA,NA,NA,NA,NA,0,NA,NA,NA,NA,0,NA,NA,0,0,0,0,NA,NA,2016,NA,NA,28,1,First down,2173,"10/23/16, 13:02:59",2016-10-23T18:34:55Z,Lincoln Financial Field,"Clear Temp: 62° F, Humidity: 46%, Wind: W 20 mph",10012016-1023-0732-662e-25ff3a421c9a,0,0,RUSH,0,NA,NA,NA,15,Field goal,2016-10-23T18:27:18Z,10,2:35,2,1,1,2,2,0,FUMBLE,FIELD_GOAL,02:42,00:07,PHI 48,MIN 17,2011,2278,10,21,Home,11,31,-2.5,39,0,outdoors,grass,62,20,Doug Pederson,Mike Zimmer,PHI00,Lincoln Financial Field,0,1,NA,NA,R.Mathews,24,NA,NA,0,1,1,0,1,NA,00-0027864,NA,R.Mathews,24,00-0027864,R.Mathews,00-0027864,R.Mathews,00-0027864,0,1,1.320628234767355,NA,NA,NA,NA,NA,0.9630963802337646,-96.30963802337646,2016,Go for it,NA,NA,NA,NA,NA,NA,NA,NA,NA,NA,Punt
2194,2016_07_MIN_PHI,2016102307,PHI,MIN,REG,7,NA,NA,NA,NA,NA,2016-10-23,20,20,1820,Half1,0,15,0,2,NA,0,00:20,MIN 17,0,35,Timeout #3 by PHI at 00:20.,no_play,0,0,0,0,0,0,0,NA,NA,NA,NA,NA,NA,NA,NA,NA,NA,0,3,1,PHI,NA,NA,NA,NA,NA,8,3,NA,NA,NA,NA,NA,NA,0,0,0,0,0,0,0,0,0,3.475112805084791,0,6.913383362916764,-6.913383362916764,-1.847141457503196,1.847141457503196,7.482431853659396,-7.482431853659396,NA,NA,0,0,-0.3062338740564883,0.3062338740564883,-4.017177744884975,4.017177744884975,2.712582081381697,-2.712582081381697,-7.369286149445511,7.369286149445511,0.7967498898506165,0.20325011014938354,0.7967498898506165,0.20325011014938354,0,0,0,NA,NA,0.6910787224769592,0.6910787224769592,-0.05161000350117684,0.05161000350117684,0.17578577995300293,-0.17578577995300293,NA,NA,0,0,0.019573599100112915,-0.019573599100112915,-0.2629338502883911,0.2629338502883911,0.019573599100112915,-0.019573599100112915,-0.1962510645389557,0.1962510645389557,0,0,0,0,0,0,0,0,0,0,0,0,0,0,0,0,0,0,0,0,0,0,0,0,0,0,0,0,0,0,0,0,0,0,0,0,0,0,0,0,0,0,0,0,0,0,0,0,0,0,0,NA,NA,NA,NA,NA,NA,NA,NA,NA,NA,NA,NA,NA,NA,NA,NA,NA,NA,NA,NA,NA,NA,NA,NA,NA,NA,NA,NA,NA,NA,NA,NA,NA,NA,NA,NA,NA,NA,NA,NA,NA,NA,NA,NA,NA,NA,NA,NA,NA,NA,NA,NA,NA,NA,NA,NA,NA,NA,NA,NA,NA,NA,NA,NA,NA,NA,NA,NA,NA,0,NA,NA,NA,NA,NA,NA,NA,NA,NA,NA,NA,NA,NA,NA,NA,NA,NA,NA,NA,NA,NA,NA,NA,NA,NA,NA,NA,NA,NA,NA,NA,0,NA,NA,NA,NA,0,NA,NA,0,0,0,0,NA,NA,2016,NA,NA,29,0,Field goal,2194,"10/23/16, 13:02:59",2016-10-23T18:35:27Z,Lincoln Financial Field,"Clear Temp: 62° F, Humidity: 46%, Wind: W 20 mph",10012016-1023-0732-662e-25ff3a421c9a,0,0,TIMEOUT,0,NA,NA,NA,15,Field goal,2016-10-23T18:27:18Z,10,2:35,2,1,1,2,2,0,FUMBLE,FIELD_GOAL,02:42,00:07,PHI 48,MIN 17,2011,2278,10,21,Home,11,31,-2.5,39,0,outdoors,grass,62,20,Doug Pederson,Mike Zimmer,PHI00,Lincoln Financial Field,0,0,NA,NA,NA,NA,NA,NA,0,0,0,0,0,NA,NA,NA,NA,NA,NA,NA,NA,NA,NA,0,1,0,NA,NA,NA,NA,NA,NA,NA,2016,Other,NA,NA,NA,NA,NA,NA,NA,NA,NA,NA,Punt
2211,2016_07_MIN_PHI,2016102307,PHI,MIN,REG,7,PHI,home,MIN,MIN,17,2016-10-23,20,20,1820,Half1,0,15,0,2,1,0,00:20,MIN 17,10,35,(:20) (Shotgun) 11-C.Wentz pass incomplete deep right to 17-N.Agholor.,pass,0,1,0,1,0,0,0,deep,right,17,NA,NA,NA,NA,NA,NA,NA,0,3,0,NA,NA,NA,NA,0,3,8,3,8,3,5,8,3,5,0.27008023858070374,0.0034861420281231403,2.9489147709682584e-4,0.007913125678896904,0.3710303008556366,3.810338967014104e-4,0.34681427478790283,0,0,3.475112805084791,-0.5084806548547931,6.404902708061971,-6.404902708061971,-1.847141457503196,1.847141457503196,6.973951198804603,-6.973951198804603,3.524887194915209,-4.033367849770002,0,0,-0.3062338740564883,0.3062338740564883,-4.017177744884975,4.017177744884975,6.237469276296906,-6.237469276296906,-11.402653999215513,11.402653999215513,0.7967498898506165,0.20325011014938354,0.7967498898506165,0.20325011014938354,-0.010264337062835693,-0.016558825969696045,-0.016558825969696045,0.7864855527877808,0.21351444721221924,0.6910787224769592,0.6910787224769592,-0.05161000350117684,0.05161000350117684,0.16552144289016724,-0.16552144289016724,0,-0.010264337062835693,0,0,0.019573599100112915,-0.019573599100112915,-0.2629338502883911,0.2629338502883911,0.019573599100112915,-0.019573599100112915,-0.20651540160179138,0.20651540160179138,0,0,0,0,0,0,0,0,1,0,0,0,0,0,0,0,0,0,0,0,0,0,0,0,0,0,0,0,0,0,0,0,0,1,0,0,0,0,0,0,0,0,0,0,0,0,0,0,0,0,0,00-0032950,C.Wentz,NA,00-0031549,N.Agholor,NA,NA,NA,NA,NA,NA,NA,NA,NA,NA,NA,NA,NA,NA,NA,NA,NA,NA,NA,NA,NA,NA,NA,NA,NA,NA,NA,NA,NA,NA,NA,NA,NA,NA,NA,NA,NA,NA,NA,NA,NA,NA,NA,NA,NA,NA,NA,NA,NA,NA,NA,NA,NA,NA,NA,NA,NA,NA,NA,NA,NA,NA,NA,NA,0,NA,NA,NA,NA,NA,NA,NA,NA,NA,NA,NA,NA,NA,NA,NA,NA,NA,NA,NA,NA,NA,NA,NA,NA,NA,NA,NA,NA,NA,NA,NA,0,NA,NA,NA,NA,0,NA,NA,0,0,0,0,NA,NA,2016,0.3202145993709564,-32.02145993709564,29,0,Field goal,2211,"10/23/16, 13:02:59",2016-10-23T18:35:59Z,Lincoln Financial Field,"Clear Temp: 62° F, Humidity: 46%, Wind: W 20 mph",10012016-1023-0732-662e-25ff3a421c9a,0,0,PASS,0,NA,NA,NA,15,Field goal,2016-10-23T18:27:18Z,10,2:35,2,1,1,2,2,0,FUMBLE,FIELD_GOAL,02:42,00:07,PHI 48,MIN 17,2011,2278,10,21,Home,11,31,-2.5,39,0,outdoors,grass,62,20,Doug Pederson,Mike Zimmer,PHI00,Lincoln Financial Field,0,0,C.Wentz,11,NA,NA,N.Agholor,17,1,0,0,0,1,00-0032950,NA,00-0031549,C.Wentz,11,00-0032950,N.Agholor,00-0031549,N.Agholor,00-0031549,0,1,-0.5084806548547931,NA,NA,NA,NA,NA,0.9560123682022095,4.398763179779053,2016,Go for it,NA,NA,NA,NA,NA,NA,NA,NA,NA,NA,Punt
2233,2016_07_MIN_PHI,2016102307,PHI,MIN,REG,7,NA,NA,NA,NA,NA,2016-10-23,15,15,1815,Half1,0,15,0,2,NA,0,00:15,MIN 17,0,35,Timeout #1 by MIN at 00:15.,no_play,0,0,0,0,0,0,0,NA,NA,NA,NA,NA,NA,NA,NA,NA,NA,0,2,1,MIN,NA,NA,NA,NA,NA,8,3,NA,NA,NA,NA,NA,NA,0,0,0,0,0,0,0,0,0,2.966632150229998,0,6.404902708061971,-6.404902708061971,-1.847141457503196,1.847141457503196,6.973951198804603,-6.973951198804603,NA,NA,0,0,-0.3062338740564883,0.3062338740564883,-4.017177744884975,4.017177744884975,6.237469276296906,-6.237469276296906,-11.402653999215513,11.402653999215513,0.7864855527877808,0.21351444721221924,0.7864855527877808,0.21351444721221924,0,0,0,NA,NA,0.6745198965072632,0.6745198965072632,-0.05161000350117684,0.05161000350117684,0.16552144289016724,-0.16552144289016724,NA,NA,0,0,0.019573599100112915,-0.019573599100112915,-0.2629338502883911,0.2629338502883911,0.019573599100112915,-0.019573599100112915,-0.20651540160179138,0.20651540160179138,0,0,0,0,0,0,0,0,0,0,0,0,0,0,0,0,0,0,0,0,0,0,0,0,0,0,0,0,0,0,0,0,0,0,0,0,0,0,0,0,0,0,0,0,0,0,0,0,0,0,0,NA,NA,NA,NA,NA,NA,NA,NA,NA,NA,NA,NA,NA,NA,NA,NA,NA,NA,NA,NA,NA,NA,NA,NA,NA,NA,NA,NA,NA,NA,NA,NA,NA,NA,NA,NA,NA,NA,NA,NA,NA,NA,NA,NA,NA,NA,NA,NA,NA,NA,NA,NA,NA,NA,NA,NA,NA,NA,NA,NA,NA,NA,NA,NA,NA,NA,NA,NA,NA,0,NA,NA,NA,NA,NA,NA,NA,NA,NA,NA,NA,NA,NA,NA,NA,NA,NA,NA,NA,NA,NA,NA,NA,NA,NA,NA,NA,NA,NA,NA,NA,0,NA,NA,NA,NA,0,NA,NA,0,0,0,0,NA,NA,2016,NA,NA,29,0,Field goal,2233,"10/23/16, 13:02:59",2016-10-23T18:36:58Z,Lincoln Financial Field,"Clear Temp: 62° F, Humidity: 46%, Wind: W 20 mph",10012016-1023-0732-662e-25ff3a421c9a,0,0,TIMEOUT,0,NA,NA,NA,15,Field goal,2016-10-23T18:27:18Z,10,2:35,2,1,1,2,2,0,FUMBLE,FIELD_GOAL,02:42,00:07,PHI 48,MIN 17,2011,2278,10,21,Home,11,31,-2.5,39,0,outdoors,grass,62,20,Doug Pederson,Mike Zimmer,PHI00,Lincoln Financial Field,0,0,NA,NA,NA,NA,NA,NA,0,0,0,0,0,NA,NA,NA,NA,NA,NA,NA,NA,NA,NA,0,1,0,NA,NA,NA,NA,NA,NA,NA,2016,Other,NA,NA,NA,NA,NA,NA,NA,NA,NA,NA,Punt
2256,2016_07_MIN_PHI,2016102307,PHI,MIN,REG,7,PHI,home,MIN,MIN,17,2016-10-23,15,15,1815,Half1,0,15,0,2,2,0,00:15,MIN 17,10,35,(:15) (Shotgun) 11-C.Wentz pass incomplete deep left to 81-J.Matthews.,pass,0,1,0,1,0,0,0,deep,left,17,NA,NA,NA,NA,NA,NA,NA,0,2,0,NA,NA,NA,NA,0,2,8,3,8,3,5,8,3,5,0.30594345927238464,0.0019056813325732946,2.968204498756677e-4,0.005675191525369883,0.4471408426761627,4.0388849447481334e-4,0.2386341243982315,0,0,2.966632150229998,-0.22699139815278757,6.177911309909183,-6.177911309909183,-1.847141457503196,1.847141457503196,6.7469598006518146,-6.7469598006518146,4.033367849770002,-4.260359247922789,0,0,-0.3062338740564883,0.3062338740564883,-4.017177744884975,4.017177744884975,10.270837126066908,-10.270837126066908,-15.663013247138302,15.663013247138302,0.7864855527877808,0.21351444721221924,0.7864855527877808,0.21351444721221924,-0.01157987117767334,-0.02083265781402588,-0.02083265781402588,0.7749056816101074,0.22509431838989258,0.6745198965072632,0.6745198965072632,-0.05161000350117684,0.05161000350117684,0.1539415717124939,-0.1539415717124939,0,-0.01157987117767334,0,0,0.019573599100112915,-0.019573599100112915,-0.2629338502883911,0.2629338502883911,0.019573599100112915,-0.019573599100112915,-0.21809527277946472,0.21809527277946472,0,0,0,0,0,0,0,0,1,0,0,0,0,0,0,0,0,0,0,0,0,0,0,0,0,0,0,0,0,0,0,0,0,1,0,0,0,0,0,0,0,0,0,0,0,0,0,0,0,0,0,00-0032950,C.Wentz,NA,00-0031299,J.Matthews,NA,NA,NA,NA,NA,NA,NA,NA,NA,NA,NA,NA,NA,NA,NA,NA,NA,NA,NA,NA,NA,NA,NA,NA,NA,NA,NA,NA,NA,NA,NA,NA,NA,NA,NA,NA,NA,NA,NA,NA,NA,NA,NA,NA,NA,NA,NA,NA,NA,NA,NA,NA,NA,NA,NA,NA,NA,NA,NA,NA,NA,NA,NA,NA,0,NA,NA,NA,NA,NA,NA,NA,NA,NA,NA,NA,NA,NA,NA,NA,NA,NA,NA,NA,NA,NA,NA,NA,NA,NA,NA,NA,NA,NA,NA,NA,0,NA,NA,NA,NA,0,NA,NA,0,0,0,0,NA,NA,2016,0.3145809471607208,-31.458094716072083,29,0,Field goal,2256,"10/23/16, 13:02:59",2016-10-23T18:38:17Z,Lincoln Financial Field,"Clear Temp: 62° F, Humidity: 46%, Wind: W 20 mph",10012016-1023-0732-662e-25ff3a421c9a,0,0,PASS,0,NA,NA,NA,15,Field goal,2016-10-23T18:27:18Z,10,2:35,2,1,1,2,2,0,FUMBLE,FIELD_GOAL,02:42,00:07,PHI 48,MIN 17,2011,2278,10,21,Home,11,31,-2.5,39,0,outdoors,grass,62,20,Doug Pederson,Mike Zimmer,PHI00,Lincoln Financial Field,0,0,C.Wentz,11,NA,NA,J.Matthews,81,1,0,0,0,1,00-0032950,NA,00-0031299,C.Wentz,11,00-0032950,J.Matthews,00-0031299,J.Matthews,00-0031299,0,1,-0.22699139815278757,NA,NA,NA,NA,NA,0.9610661268234253,3.8933873176574707,2016,Go for it,NA,NA,NA,NA,NA,NA,NA,NA,NA,NA,Punt
2278,2016_07_MIN_PHI,2016102307,PHI,MIN,REG,7,PHI,home,MIN,MIN,17,2016-10-23,10,10,1810,Half1,0,15,1,2,3,0,00:10,MIN 17,10,35,"(:10) 6-C.Sturgis 35 yard field goal is GOOD, Center-46-J.Dorenbos, Holder-8-D.Jones.",field_goal,0,0,0,0,0,0,0,NA,NA,NA,NA,NA,NA,made,35,NA,NA,0,2,0,NA,NA,NA,NA,0,2,11,3,8,3,5,11,3,8,0.08459604859749968,7.16067339655566e-4,1.7062895567815443e-5,4.673076080332897e-4,0.9135378391238199,3.5795818472314546e-5,6.298748764488304e-4,0,0,2.7396407520772104,0.26035924792278964,6.438270557831973,-6.438270557831973,-1.847141457503196,1.847141457503196,6.7469598006518146,-6.7469598006518146,NA,NA,0,0,-0.3062338740564883,0.3062338740564883,-4.017177744884975,4.017177744884975,10.270837126066908,-10.270837126066908,-15.663013247138302,15.663013247138302,0.7749056816101074,0.22509431838989258,0.7749056816101074,0.22509431838989258,0.0048033446073532104,0.037040382623672485,0.037040382623672485,0.7797090262174606,0.22029097378253937,0.6536872386932373,0.6536872386932373,-0.05161000350117684,0.05161000350117684,0.1539415717124939,-0.1539415717124939,NA,NA,0,0,0.019573599100112915,-0.019573599100112915,-0.2629338502883911,0.2629338502883911,0.019573599100112915,-0.019573599100112915,-0.21809527277946472,0.21809527277946472,0,0,0,0,0,0,0,0,0,0,0,0,0,0,0,0,0,0,0,0,0,0,0,0,0,0,0,0,0,0,0,0,0,0,0,0,0,0,0,0,0,1,0,0,0,0,0,0,0,0,0,NA,NA,NA,NA,NA,NA,NA,NA,NA,NA,NA,NA,NA,NA,NA,NA,NA,NA,NA,NA,NA,NA,NA,NA,NA,NA,NA,NA,NA,NA,NA,C.Sturgis,00-0030390,NA,NA,NA,NA,NA,NA,NA,NA,NA,NA,NA,NA,NA,NA,NA,NA,NA,NA,NA,NA,NA,NA,NA,NA,NA,NA,NA,NA,NA,NA,NA,NA,NA,NA,NA,NA,0,NA,NA,NA,NA,NA,NA,NA,NA,NA,NA,NA,NA,NA,NA,NA,NA,NA,NA,NA,NA,NA,NA,NA,NA,NA,NA,NA,NA,NA,NA,NA,0,NA,NA,NA,NA,0,NA,NA,0,0,0,0,NA,NA,2016,NA,NA,29,0,Field goal,2278,"10/23/16, 13:02:59",2016-10-23T18:38:56Z,Lincoln Financial Field,"Clear Temp: 62° F, Humidity: 46%, Wind: W 20 mph",10012016-1023-0732-662e-25ff3a421c9a,0,0,FIELD_GOAL,0,NA,NA,NA,15,Field goal,2016-10-23T18:27:18Z,10,2:35,2,1,1,2,2,0,FUMBLE,FIELD_GOAL,02:42,00:07,PHI 48,MIN 17,2011,2278,10,21,Home,11,31,-2.5,39,0,outdoors,grass,62,20,Doug Pederson,Mike Zimmer,PHI00,Lincoln Financial Field,0,1,NA,NA,NA,NA,NA,NA,0,0,0,1,0,NA,NA,NA,NA,NA,NA,NA,NA,NA,NA,0,1,0.26035924792278964,NA,NA,NA,NA,NA,NA,NA,2016,Field Goal,NA,NA,NA,NA,NA,NA,NA,NA,NA,NA,Punt
2297,2016_07_MIN_PHI,2016102307,PHI,MIN,REG,7,MIN,away,PHI,PHI,35,2016-10-23,7,7,1807,Half1,0,16,0,2,NA,0,00:07,PHI 35,0,-1,"6-C.Sturgis kicks 65 yards from PHI 35 to end zone, Touchback.",kickoff,0,0,0,0,0,0,0,NA,NA,NA,NA,NA,NA,NA,65,NA,NA,0,2,0,NA,NA,NA,NA,2,0,11,3,3,11,-8,3,11,-8,0.9593333005905151,0.0021787791047245264,0.0029113166965544224,0.008065417408943176,0.01824316382408142,2.1314286277629435e-4,0.00905486661940813,0,0,0.04972295096376911,-0.04972295096376911,6.487993508795742,-6.487993508795742,-1.847141457503196,1.847141457503196,6.7469598006518146,-6.7469598006518146,NA,NA,0,0,-0.3062338740564883,0.3062338740564883,-4.017177744884975,4.017177744884975,10.270837126066908,-10.270837126066908,-15.663013247138302,15.663013247138302,0.22029097378253937,0.7797090262174606,0.7797090262174606,0.22029097378253937,-0,-0,0,0.7797090262174606,0.22029097378253937,0.3092723786830902,0.6907276213169098,-0.05161000350117684,0.05161000350117684,0.1539415717124939,-0.1539415717124939,NA,NA,0,0,0.019573599100112915,-0.019573599100112915,-0.2629338502883911,0.2629338502883911,0.019573599100112915,-0.019573599100112915,-0.21809527277946472,0.21809527277946472,0,0,0,0,0,0,0,0,0,1,0,0,0,0,0,0,0,0,0,0,0,0,0,0,0,0,0,0,0,0,0,0,0,0,0,0,0,0,0,0,0,0,1,0,0,0,0,0,0,0,0,NA,NA,NA,NA,NA,NA,NA,NA,NA,NA,NA,NA,NA,NA,NA,NA,NA,NA,NA,NA,NA,NA,NA,NA,NA,NA,NA,NA,NA,NA,NA,C.Sturgis,00-0030390,NA,NA,NA,NA,NA,NA,NA,NA,NA,NA,NA,NA,NA,NA,NA,NA,NA,NA,NA,NA,NA,NA,NA,NA,NA,NA,NA,NA,NA,NA,NA,NA,NA,NA,NA,NA,0,NA,NA,NA,NA,NA,NA,NA,NA,NA,NA,NA,NA,NA,NA,NA,NA,NA,NA,NA,NA,NA,NA,NA,NA,NA,NA,NA,NA,NA,NA,MIN,0,NA,NA,NA,NA,0,NA,NA,0,0,0,0,NA,NA,2016,NA,NA,30,0,QB kneel,2297,"10/23/16, 13:02:59",2016-10-23T18:40:48Z,Lincoln Financial Field,"Clear Temp: 62° F, Humidity: 46%, Wind: W 20 mph",10012016-1023-0732-662e-25ff3a421c9a,0,0,KICK_OFF,1,NA,NA,NA,16,End of half,2016-10-23T18:40:48Z,1,0:07,0,0,0,2,2,0,KICKOFF,END_HALF,00:07,00:00,MIN 25,MIN 25,2297,2333,10,21,Home,11,31,-2.5,39,0,outdoors,grass,62,20,Doug Pederson,Mike Zimmer,PHI00,Lincoln Financial Field,0,0,NA,NA,NA,NA,NA,NA,0,0,0,1,0,NA,NA,NA,NA,NA,NA,NA,NA,NA,NA,0,1,-0.04972295096376911,NA,NA,NA,NA,NA,NA,NA,2016,Other,NA,NA,NA,NA,NA,NA,NA,NA,NA,NA,Punt
2312,2016_07_MIN_PHI,2016102307,PHI,MIN,REG,7,MIN,away,PHI,MIN,75,2016-10-23,7,7,1807,Half1,0,16,0,2,1,0,00:07,MIN 25,10,-1,(:07) 8-S.Bradford kneels to MIN 24 for -1 yards.,qb_kneel,-1,0,0,0,1,0,0,NA,NA,NA,NA,NA,NA,NA,NA,NA,NA,0,2,0,NA,NA,NA,NA,2,0,11,3,3,11,-8,3,11,-8,1,0,0,0,0,0,0,0,0,0,0,6.487993508795742,-6.487993508795742,-1.847141457503196,1.847141457503196,6.7469598006518146,-6.7469598006518146,NA,NA,0,0,-0.3062338740564883,0.3062338740564883,-4.017177744884975,4.017177744884975,10.270837126066908,-10.270837126066908,-15.663013247138302,15.663013247138302,0.22029097378253937,0.7797090262174606,0.7797090262174606,0.22029097378253937,NA,NA,-0.018807411193847656,NA,NA,0.3092723786830902,0.6907276213169098,-0.05161000350117684,0.05161000350117684,0.1539415717124939,-0.1539415717124939,NA,NA,0,0,0.019573599100112915,-0.019573599100112915,-0.2629338502883911,0.2629338502883911,0.019573599100112915,-0.019573599100112915,-0.21809527277946472,0.21809527277946472,0,0,0,0,0,0,0,0,0,0,0,0,0,0,0,0,0,0,0,0,0,0,0,0,0,0,0,0,0,0,0,0,1,0,0,0,0,0,0,0,0,0,0,0,0,0,0,0,0,0,0,NA,NA,NA,NA,NA,NA,00-0027854,S.Bradford,-1,NA,NA,NA,NA,NA,NA,NA,NA,NA,NA,NA,NA,NA,NA,NA,NA,NA,NA,NA,NA,NA,NA,NA,NA,NA,NA,NA,NA,NA,NA,NA,NA,NA,NA,NA,NA,NA,NA,NA,NA,NA,NA,NA,NA,NA,NA,NA,NA,NA,NA,NA,NA,NA,NA,NA,NA,NA,NA,NA,NA,0,NA,NA,NA,NA,NA,NA,NA,NA,NA,NA,NA,NA,NA,NA,NA,NA,NA,NA,NA,NA,NA,NA,NA,NA,NA,NA,NA,NA,NA,NA,NA,0,NA,NA,NA,NA,0,NA,NA,0,0,0,0,NA,NA,2016,NA,NA,30,0,QB kneel,2312,"10/23/16, 13:02:59",2016-10-23T18:41:25Z,Lincoln Financial Field,"Clear Temp: 62° F, Humidity: 46%, Wind: W 20 mph",10012016-1023-0732-662e-25ff3a421c9a,0,0,RUSH,0,NA,NA,NA,16,End of half,2016-10-23T18:40:48Z,1,0:07,0,0,0,2,2,0,KICKOFF,END_HALF,00:07,00:00,MIN 25,MIN 25,2297,2333,10,21,Home,11,31,-2.5,39,0,outdoors,grass,62,20,Doug Pederson,Mike Zimmer,PHI00,Lincoln Financial Field,0,0,NA,NA,S.Bradford,NA,NA,NA,0,0,0,0,0,NA,00-0027854,NA,S.Bradford,NA,00-0027854,S.Bradford,00-0027854,S.Bradford,00-0027854,0,1,0,NA,NA,NA,NA,NA,NA,NA,2016,Other,NA,NA,NA,NA,NA,NA,NA,NA,NA,NA,Punt
2333,2016_07_MIN_PHI,2016102307,PHI,MIN,REG,7,NA,NA,NA,NA,NA,2016-10-23,0,0,1800,Half1,1,16,0,2,NA,0,00:00,PHI 35,0,-1,END QUARTER 2,NA,NA,0,0,NA,0,0,0,NA,NA,NA,NA,NA,NA,NA,NA,NA,NA,0,2,NA,NA,NA,NA,NA,NA,NA,11,3,NA,NA,NA,NA,NA,NA,0,0,0,0,0,0,0,0,0,NA,NA,6.487993508795742,-6.487993508795742,-1.847141457503196,1.847141457503196,6.7469598006518146,-6.7469598006518146,NA,NA,NA,NA,-0.3062338740564883,0.3062338740564883,-4.017177744884975,4.017177744884975,10.270837126066908,-10.270837126066908,-15.663013247138302,15.663013247138302,0.2102641612291336,0.7897358387708664,0.7897358387708664,0.2102641612291336,-0,-0,0,NA,NA,0.32807978987693787,0.6719202101230621,-0.05161000350117684,0.05161000350117684,0.1539415717124939,-0.1539415717124939,NA,NA,NA,NA,0.019573599100112915,-0.019573599100112915,-0.2629338502883911,0.2629338502883911,0.019573599100112915,-0.019573599100112915,-0.21809527277946472,0.21809527277946472,NA,NA,NA,NA,NA,NA,NA,NA,NA,0,NA,NA,NA,NA,NA,NA,NA,NA,NA,NA,NA,NA,NA,NA,NA,NA,NA,NA,NA,NA,NA,NA,NA,NA,NA,NA,NA,NA,NA,NA,NA,NA,NA,NA,NA,NA,NA,NA,NA,NA,NA,NA,NA,NA,NA,NA,NA,NA,NA,NA,NA,NA,NA,NA,NA,NA,NA,NA,NA,NA,NA,NA,NA,NA,NA,NA,NA,NA,NA,NA,NA,NA,NA,NA,NA,NA,NA,NA,NA,NA,NA,NA,NA,NA,NA,NA,NA,NA,NA,NA,NA,NA,NA,NA,NA,NA,NA,NA,NA,NA,NA,NA,NA,NA,NA,NA,NA,NA,NA,NA,NA,NA,NA,NA,NA,NA,NA,NA,NA,NA,NA,NA,NA,NA,NA,NA,NA,NA,NA,NA,NA,NA,NA,NA,NA,NA,NA,NA,NA,NA,NA,NA,NA,NA,NA,NA,NA,0,NA,NA,NA,NA,NA,NA,NA,NA,2016,NA,NA,30,0,QB kneel,2333,"10/23/16, 13:02:59",NA,Lincoln Financial Field,"Clear Temp: 62° F, Humidity: 46%, Wind: W 20 mph",10012016-1023-0732-662e-25ff3a421c9a,0,0,END_QUARTER,0,NA,NA,NA,16,End of half,2016-10-23T18:40:48Z,1,0:07,0,0,0,2,2,0,KICKOFF,END_HALF,00:07,00:00,MIN 25,MIN 25,2297,2333,10,21,Home,11,31,-2.5,39,0,outdoors,grass,62,20,Doug Pederson,Mike Zimmer,PHI00,Lincoln Financial Field,0,NA,NA,NA,NA,NA,NA,NA,0,0,NA,0,0,NA,NA,NA,NA,NA,NA,NA,NA,NA,NA,0,1,NA,NA,NA,NA,NA,NA,NA,NA,2016,Other,NA,NA,NA,NA,NA,NA,NA,NA,NA,NA,Punt
2349,2016_07_MIN_PHI,2016102307,PHI,MIN,REG,7,MIN,away,PHI,PHI,35,2016-10-23,900,1800,1800,Half2,0,17,0,3,NA,0,15:00,PHI 35,0,2,"6-C.Sturgis kicks 65 yards from PHI 35 to end zone, Touchback.",kickoff,0,0,0,0,0,0,0,NA,NA,NA,NA,NA,NA,NA,65,NA,NA,3,3,0,NA,NA,NA,NA,3,3,11,3,3,11,-8,3,11,-8,0.004140238277614117,0.15401141345500946,0.004478932823985815,0.26824745535850525,0.2417765110731125,0.0033509701024740934,0.3239944279193878,0,0,0.6512681753374636,-0,6.487993508795742,-6.487993508795742,-1.847141457503196,1.847141457503196,6.7469598006518146,-6.7469598006518146,NA,NA,0,0,-0.3062338740564883,0.3062338740564883,-4.017177744884975,4.017177744884975,10.270837126066908,-10.270837126066908,-15.663013247138302,15.663013247138302,0.2102641612291336,0.7897358387708664,0.7897358387708664,0.2102641612291336,-0,-0,0,0.7897358387708664,0.2102641612291336,0.32807978987693787,0.6719202101230621,-0.05161000350117684,0.05161000350117684,0.1539415717124939,-0.1539415717124939,NA,NA,0,0,0.019573599100112915,-0.019573599100112915,-0.2629338502883911,0.2629338502883911,0.019573599100112915,-0.019573599100112915,-0.21809527277946472,0.21809527277946472,0,0,0,0,0,0,0,0,0,1,0,0,0,0,0,0,0,0,0,0,0,0,0,0,0,0,0,0,0,0,0,0,0,0,0,0,0,0,0,0,0,0,1,0,0,0,0,0,0,0,0,NA,NA,NA,NA,NA,NA,NA,NA,NA,NA,NA,NA,NA,NA,NA,NA,NA,NA,NA,NA,NA,NA,NA,NA,NA,NA,NA,NA,NA,NA,NA,C.Sturgis,00-0030390,NA,NA,NA,NA,NA,NA,NA,NA,NA,NA,NA,NA,NA,NA,NA,NA,NA,NA,NA,NA,NA,NA,NA,NA,NA,NA,NA,NA,NA,NA,NA,NA,NA,NA,NA,NA,0,NA,NA,NA,NA,NA,NA,NA,NA,NA,NA,NA,NA,NA,NA,NA,NA,NA,NA,NA,NA,NA,NA,NA,NA,NA,NA,NA,NA,NA,NA,MIN,0,NA,NA,NA,NA,0,NA,NA,0,0,0,0,NA,NA,2016,NA,NA,31,1,First down,2349,"10/23/16, 13:02:59",2016-10-23T18:55:07Z,Lincoln Financial Field,"Clear Temp: 62° F, Humidity: 46%, Wind: W 20 mph",10012016-1023-0732-662e-25ff3a421c9a,0,0,KICK_OFF,1,NA,NA,NA,17,Punt,2016-10-23T18:55:07Z,5,3:24,1,0,0,3,3,0,KICKOFF,PUNT,15:00,11:36,MIN 25,MIN 27,2349,2465,10,21,Home,11,31,-2.5,39,0,outdoors,grass,62,20,Doug Pederson,Mike Zimmer,PHI00,Lincoln Financial Field,0,0,NA,NA,NA,NA,NA,NA,0,0,0,1,0,NA,NA,NA,NA,NA,NA,NA,NA,NA,NA,0,1,-0,NA,NA,NA,NA,NA,NA,NA,2016,Other,NA,NA,NA,NA,NA,NA,NA,NA,NA,NA,Punt
2364,2016_07_MIN_PHI,2016102307,PHI,MIN,REG,7,MIN,away,PHI,MIN,75,2016-10-23,900,1800,1800,Half2,0,17,0,3,1,0,15:00,MIN 25,10,2,(15:00) 21-J.McKinnon left tackle to MIN 34 for 9 yards (23-R.McLeod).,run,9,0,0,0,0,0,0,NA,NA,NA,NA,left,tackle,NA,NA,NA,NA,3,3,0,NA,NA,NA,NA,3,3,11,3,3,11,-8,3,11,-8,0.004140238277614117,0.15401141345500946,0.004478932823985815,0.26824745535850525,0.2417765110731125,0.0033509701024740934,0.3239944279193878,0,0,0.6512681753374636,0.827970745973289,5.660022762822453,-5.660022762822453,-2.675112203476485,2.675112203476485,6.7469598006518146,-6.7469598006518146,NA,NA,0,0,-0.3062338740564883,0.3062338740564883,-4.017177744884975,4.017177744884975,10.270837126066908,-10.270837126066908,-15.663013247138302,15.663013247138302,0.2102641612291336,0.7897358387708664,0.7897358387708664,0.2102641612291336,0.009433671832084656,0.023288428783416748,-0.023288428783416748,0.7803021669387817,0.21969783306121826,0.32807978987693787,0.6719202101230621,-0.06104367533326149,0.06104367533326149,0.1539415717124939,-0.1539415717124939,NA,NA,0,0,0.019573599100112915,-0.019573599100112915,-0.2629338502883911,0.2629338502883911,0.019573599100112915,-0.019573599100112915,-0.21809527277946472,0.21809527277946472,0,0,0,0,0,0,0,0,0,0,0,0,0,0,0,0,0,0,0,0,0,0,0,0,1,0,0,0,0,0,0,0,1,0,0,0,0,0,0,0,0,0,0,0,0,0,0,0,0,0,0,NA,NA,NA,NA,NA,NA,00-0031376,J.McKinnon,9,NA,NA,NA,NA,NA,NA,NA,NA,NA,NA,NA,NA,NA,NA,NA,NA,NA,NA,NA,NA,NA,NA,NA,NA,NA,NA,NA,NA,NA,NA,NA,NA,NA,NA,NA,NA,NA,NA,NA,NA,NA,NA,PHI,NA,00-0028899,NA,R.McLeod,NA,NA,NA,NA,NA,NA,NA,NA,NA,NA,NA,NA,NA,0,NA,NA,NA,NA,NA,NA,NA,NA,NA,NA,NA,NA,NA,NA,NA,NA,NA,NA,NA,NA,NA,NA,NA,NA,NA,NA,NA,NA,NA,NA,NA,0,NA,NA,NA,NA,0,NA,NA,0,0,0,0,NA,NA,2016,NA,NA,31,1,First down,2364,"10/23/16, 13:02:59",2016-10-23T18:55:54Z,Lincoln Financial Field,"Clear Temp: 62° F, Humidity: 46%, Wind: W 20 mph",10012016-1023-0732-662e-25ff3a421c9a,0,0,RUSH,0,NA,NA,NA,17,Punt,2016-10-23T18:55:07Z,5,3:24,1,0,0,3,3,0,KICKOFF,PUNT,15:00,11:36,MIN 25,MIN 27,2349,2465,10,21,Home,11,31,-2.5,39,0,outdoors,grass,62,20,Doug Pederson,Mike Zimmer,PHI00,Lincoln Financial Field,0,1,NA,NA,J.McKinnon,21,NA,NA,0,1,0,0,1,NA,00-0031376,NA,J.McKinnon,21,00-0031376,J.McKinnon,00-0031376,J.McKinnon,00-0031376,0,1,0.827970745973289,NA,NA,NA,NA,NA,0.45502573251724243,-45.50257325172424,2016,Go for it,NA,NA,NA,NA,NA,NA,NA,NA,NA,NA,Punt
2385,2016_07_MIN_PHI,2016102307,PHI,MIN,REG,7,MIN,away,PHI,MIN,66,2016-10-23,866,1766,1766,Half2,0,17,0,3,2,0,14:26,MIN 34,1,2,(14:26) 21-J.McKinnon left end to MIN 39 for 5 yards (23-R.McLeod).,run,5,0,0,0,0,0,0,NA,NA,NA,NA,left,end,NA,NA,NA,NA,3,3,0,NA,NA,NA,NA,3,3,11,3,3,11,-8,3,11,-8,0.004049680195748806,0.13967463374137878,0.0037278078962117434,0.21237342059612274,0.26702991127967834,0.00415380671620369,0.3689907193183899,0,0,1.4792389213107526,0.1147300535812974,5.5452927092411555,-5.5452927092411555,-2.7898422570577823,2.7898422570577823,6.7469598006518146,-6.7469598006518146,NA,NA,0,0,-0.3062338740564883,0.3062338740564883,-4.017177744884975,4.017177744884975,10.270837126066908,-10.270837126066908,-15.663013247138302,15.663013247138302,0.21969783306121826,0.7803021669387817,0.7803021669387817,0.21969783306121826,0.00310342013835907,-0.0010138154029846191,0.0010138154029846191,0.7771987468004227,0.22280125319957733,0.3513682186603546,0.6486317813396454,-0.06414709547162056,0.06414709547162056,0.1539415717124939,-0.1539415717124939,NA,NA,0,0,0.019573599100112915,-0.019573599100112915,-0.2629338502883911,0.2629338502883911,0.019573599100112915,-0.019573599100112915,-0.21809527277946472,0.21809527277946472,0,1,0,0,0,0,0,0,0,0,0,0,0,0,0,0,0,0,0,0,0,0,0,0,1,0,0,0,0,0,0,0,1,0,0,0,0,0,0,0,0,0,0,0,0,0,0,0,0,0,0,NA,NA,NA,NA,NA,NA,00-0031376,J.McKinnon,5,NA,NA,NA,NA,NA,NA,NA,NA,NA,NA,NA,NA,NA,NA,NA,NA,NA,NA,NA,NA,NA,NA,NA,NA,NA,NA,NA,NA,NA,NA,NA,NA,NA,NA,NA,NA,NA,NA,NA,NA,NA,NA,PHI,NA,00-0028899,NA,R.McLeod,NA,NA,NA,NA,NA,NA,NA,NA,NA,NA,NA,NA,NA,0,NA,NA,NA,NA,NA,NA,NA,NA,NA,NA,NA,NA,NA,NA,NA,NA,NA,NA,NA,NA,NA,NA,NA,NA,NA,NA,NA,NA,NA,NA,NA,0,NA,NA,NA,NA,0,NA,NA,0,0,0,0,NA,NA,2016,NA,NA,31,1,First down,2385,"10/23/16, 13:02:59",2016-10-23T18:56:28Z,Lincoln Financial Field,"Clear Temp: 62° F, Humidity: 46%, Wind: W 20 mph",10012016-1023-0732-662e-25ff3a421c9a,0,0,RUSH,0,NA,NA,NA,17,Punt,2016-10-23T18:55:07Z,5,3:24,1,0,0,3,3,0,KICKOFF,PUNT,15:00,11:36,MIN 25,MIN 27,2349,2465,10,21,Home,11,31,-2.5,39,0,outdoors,grass,62,20,Doug Pederson,Mike Zimmer,PHI00,Lincoln Financial Field,0,1,NA,NA,J.McKinnon,21,NA,NA,0,1,1,0,1,NA,00-0031376,NA,J.McKinnon,21,00-0031376,J.McKinnon,00-0031376,J.McKinnon,00-0031376,0,1,0.1147300535812974,NA,NA,NA,NA,NA,0.16690096259117126,-16.690096259117126,2016,Go for it,NA,NA,NA,NA,NA,NA,NA,NA,NA,NA,Punt
2406,2016_07_MIN_PHI,2016102307,PHI,MIN,REG,7,MIN,away,PHI,MIN,61,2016-10-23,829,1729,1729,Half2,0,17,0,3,1,0,13:49,MIN 39,10,2,(13:49) 21-J.McKinnon up the middle to MIN 39 for no gain (58-J.Hicks).,run,0,0,0,0,0,0,0,NA,NA,NA,NA,middle,NA,NA,NA,NA,NA,3,3,0,NA,NA,NA,NA,3,3,11,3,3,11,-8,3,11,-8,0.0043889423832297325,0.12283942103385925,0.002435710048303008,0.21143017709255219,0.2856971323490143,0.004436415620148182,0.3687722384929657,0,0,1.59396897489205,-0.4290127018466592,5.974305411087815,-5.974305411087815,-2.360829555211123,2.360829555211123,6.7469598006518146,-6.7469598006518146,NA,NA,0,0,-0.3062338740564883,0.3062338740564883,-4.017177744884975,4.017177744884975,10.270837126066908,-10.270837126066908,-15.663013247138302,15.663013247138302,0.22280125319957733,0.7771987468004227,0.7771987468004227,0.22280125319957733,-0.021455958485603333,-0.02256789803504944,0.02256789803504944,0.798654705286026,0.201345294713974,0.35035440325737,0.64964559674263,-0.04269113698601723,0.04269113698601723,0.1539415717124939,-0.1539415717124939,NA,NA,0,0,0.019573599100112915,-0.019573599100112915,-0.2629338502883911,0.2629338502883911,0.019573599100112915,-0.019573599100112915,-0.21809527277946472,0.21809527277946472,0,0,0,0,0,0,0,0,0,0,0,0,0,0,0,0,0,0,0,0,0,0,0,0,1,0,0,0,0,0,0,0,1,0,0,0,0,0,0,0,0,0,0,0,0,0,0,0,0,0,0,NA,NA,NA,NA,NA,NA,00-0031376,J.McKinnon,0,NA,NA,NA,NA,NA,NA,NA,NA,NA,NA,NA,NA,NA,NA,NA,NA,NA,NA,NA,NA,NA,NA,NA,NA,NA,NA,NA,NA,NA,NA,NA,NA,NA,NA,NA,NA,NA,NA,NA,NA,NA,NA,PHI,NA,00-0032129,NA,J.Hicks,NA,NA,NA,NA,NA,NA,NA,NA,NA,NA,NA,NA,NA,0,NA,NA,NA,NA,NA,NA,NA,NA,NA,NA,NA,NA,NA,NA,NA,NA,NA,NA,NA,NA,NA,NA,NA,NA,NA,NA,NA,NA,NA,NA,NA,0,NA,NA,NA,NA,0,NA,NA,0,0,0,0,NA,NA,2016,NA,NA,32,0,Punt,2406,"10/23/16, 13:02:59",2016-10-23T18:57:05Z,Lincoln Financial Field,"Clear Temp: 62° F, Humidity: 46%, Wind: W 20 mph",10012016-1023-0732-662e-25ff3a421c9a,0,0,RUSH,0,NA,NA,NA,17,Punt,2016-10-23T18:55:07Z,5,3:24,1,0,0,3,3,0,KICKOFF,PUNT,15:00,11:36,MIN 25,MIN 27,2349,2465,10,21,Home,11,31,-2.5,39,0,outdoors,grass,62,20,Doug Pederson,Mike Zimmer,PHI00,Lincoln Financial Field,0,0,NA,NA,J.McKinnon,21,NA,NA,0,1,0,0,1,NA,00-0031376,NA,J.McKinnon,21,00-0031376,J.McKinnon,00-0031376,J.McKinnon,00-0031376,0,1,-0.4290127018466592,NA,NA,NA,NA,NA,0.46860799193382263,-46.86079919338226,2016,Go for it,NA,NA,NA,NA,NA,NA,NA,NA,NA,NA,Punt
2427,2016_07_MIN_PHI,2016102307,PHI,MIN,REG,7,MIN,away,PHI,MIN,61,2016-10-23,792,1692,1692,Half2,0,17,0,3,2,0,13:12,MIN 39,10,2,(13:12) (Shotgun) 8-S.Bradford sacked at MIN 36 for -3 yards (58-J.Hicks).,pass,-3,1,0,1,0,0,0,NA,NA,NA,NA,NA,NA,NA,NA,NA,NA,3,3,0,NA,NA,NA,NA,3,3,11,3,3,11,-8,3,11,-8,0.004620638210326433,0.13876183331012726,0.0027473459485918283,0.2361011505126953,0.2653927505016327,0.00467353779822588,0.3477027416229248,0,0,1.1649562730453908,-1.4258076823316514,7.400113093419466,-7.400113093419466,-2.360829555211123,2.360829555211123,8.172767482983467,-8.172767482983467,NA,NA,0,0,-0.3062338740564883,0.3062338740564883,-4.017177744884975,4.017177744884975,10.270837126066908,-10.270837126066908,-15.663013247138302,15.663013247138302,0.201345294713974,0.798654705286026,0.798654705286026,0.201345294713974,-0.03133445978164673,-0.03644081950187683,0.03644081950187683,0.8299891650676727,0.17001083493232727,0.32778650522232056,0.6722134947776794,-0.04269113698601723,0.04269113698601723,0.18527603149414062,-0.18527603149414062,NA,NA,0,0,0.019573599100112915,-0.019573599100112915,-0.2629338502883911,0.2629338502883911,0.019573599100112915,-0.019573599100112915,-0.21809527277946472,0.21809527277946472,0,0,0,0,0,0,0,0,0,0,0,0,0,0,0,0,0,0,0,0,0,0,0,0,1,0,0,0,0,0,0,1,0,1,1,0,0,0,0,0,0,0,0,0,0,0,0,0,0,0,0,00-0027854,S.Bradford,NA,NA,NA,NA,NA,NA,NA,NA,NA,NA,NA,NA,NA,NA,NA,NA,NA,NA,NA,NA,NA,NA,NA,NA,NA,NA,NA,NA,NA,NA,NA,NA,NA,NA,NA,00-0032129,J.Hicks,NA,NA,00-0032129,J.Hicks,NA,NA,NA,NA,NA,NA,NA,NA,PHI,NA,00-0032129,NA,J.Hicks,NA,NA,NA,NA,NA,NA,NA,NA,NA,NA,NA,NA,NA,0,NA,NA,NA,NA,NA,NA,NA,NA,NA,NA,NA,NA,NA,NA,NA,NA,NA,NA,NA,NA,NA,NA,NA,NA,00-0032129,J.Hicks,NA,NA,NA,NA,NA,0,NA,NA,NA,NA,0,NA,NA,0,0,0,0,NA,NA,2016,NA,NA,32,0,Punt,2427,"10/23/16, 13:02:59",2016-10-23T18:57:42Z,Lincoln Financial Field,"Clear Temp: 62° F, Humidity: 46%, Wind: W 20 mph",10012016-1023-0732-662e-25ff3a421c9a,0,0,SACK,0,NA,NA,NA,17,Punt,2016-10-23T18:55:07Z,5,3:24,1,0,0,3,3,0,KICKOFF,PUNT,15:00,11:36,MIN 25,MIN 27,2349,2465,10,21,Home,11,31,-2.5,39,0,outdoors,grass,62,20,Doug Pederson,Mike Zimmer,PHI00,Lincoln Financial Field,0,0,S.Bradford,8,NA,NA,NA,NA,1,0,0,0,1,00-0027854,NA,NA,S.Bradford,8,00-0027854,NA,NA,NA,NA,0,1,-1.4258076823316514,NA,NA,NA,NA,NA,0.6112630367279053,38.87369632720947,2016,Go for it,NA,NA,NA,NA,NA,NA,NA,NA,NA,NA,Punt
2446,2016_07_MIN_PHI,2016102307,PHI,MIN,REG,7,MIN,away,PHI,MIN,64,2016-10-23,748,1648,1648,Half2,0,17,0,3,3,0,12:28,MIN 36,13,2,(12:28) (Shotgun) 8-S.Bradford sacked at MIN 27 for -9 yards (53-N.Bradham).,pass,-9,1,0,1,0,0,0,NA,NA,NA,NA,NA,NA,NA,NA,NA,NA,3,3,0,NA,NA,NA,NA,3,3,11,3,3,11,-8,3,11,-8,0.004767651204019785,0.1926099807024002,0.0054231747053563595,0.318514347076416,0.19149456918239594,0.005478087347000837,0.28171220421791077,0,0,-0.2608514092862606,-1.5547775765880942,8.954890670007561,-8.954890670007561,-2.360829555211123,2.360829555211123,9.727545059571561,-9.727545059571561,NA,NA,0,0,-0.3062338740564883,0.3062338740564883,-4.017177744884975,4.017177744884975,10.270837126066908,-10.270837126066908,-15.663013247138302,15.663013247138302,0.17001083493232727,0.8299891650676727,0.8299891650676727,0.17001083493232727,-0.03117963671684265,-0.07174250483512878,0.07174250483512878,0.8611688017845154,0.13883119821548462,0.2913456857204437,0.7086543142795563,-0.04269113698601723,0.04269113698601723,0.21645566821098328,-0.21645566821098328,NA,NA,0,0,0.019573599100112915,-0.019573599100112915,-0.2629338502883911,0.2629338502883911,0.019573599100112915,-0.019573599100112915,-0.21809527277946472,0.21809527277946472,0,0,0,0,0,1,0,0,0,0,0,0,0,0,0,0,0,0,0,0,0,0,0,0,1,0,0,0,0,0,0,1,0,1,1,0,0,0,0,0,0,0,0,0,0,0,0,0,0,0,0,00-0027854,S.Bradford,NA,NA,NA,NA,NA,NA,NA,NA,NA,NA,NA,NA,NA,NA,NA,NA,NA,NA,NA,NA,NA,NA,NA,NA,NA,NA,NA,NA,NA,NA,NA,NA,NA,NA,NA,00-0029272,N.Bradham,NA,NA,00-0029272,N.Bradham,NA,NA,NA,NA,NA,NA,NA,NA,PHI,NA,00-0029272,NA,N.Bradham,NA,NA,NA,NA,NA,NA,NA,NA,NA,NA,NA,NA,NA,0,NA,NA,NA,NA,NA,NA,NA,NA,NA,NA,NA,NA,NA,NA,NA,NA,NA,NA,NA,NA,NA,NA,NA,NA,00-0029272,N.Bradham,NA,NA,NA,NA,NA,0,NA,NA,NA,NA,0,NA,NA,0,0,0,0,NA,NA,2016,NA,NA,32,0,Punt,2446,"10/23/16, 13:02:59",2016-10-23T18:58:26Z,Lincoln Financial Field,"Clear Temp: 62° F, Humidity: 46%, Wind: W 20 mph",10012016-1023-0732-662e-25ff3a421c9a,0,0,SACK,0,NA,NA,NA,17,Punt,2016-10-23T18:55:07Z,5,3:24,1,0,0,3,3,0,KICKOFF,PUNT,15:00,11:36,MIN 25,MIN 27,2349,2465,10,21,Home,11,31,-2.5,39,0,outdoors,grass,62,20,Doug Pederson,Mike Zimmer,PHI00,Lincoln Financial Field,0,0,S.Bradford,8,NA,NA,NA,NA,1,0,0,0,1,00-0027854,NA,NA,S.Bradford,8,00-0027854,NA,NA,NA,NA,0,1,-1.5547775765880942,NA,NA,NA,NA,NA,0.9797118306159973,2.0288169384002686,2016,Go for it,NA,NA,NA,NA,NA,NA,NA,NA,NA,NA,Punt
2465,2016_07_MIN_PHI,2016102307,PHI,MIN,REG,7,MIN,away,PHI,MIN,73,2016-10-23,709,1609,1609,Half2,0,17,0,3,4,0,11:49,MIN 27,22,2,"(11:49) 18-J.Locke punts 50 yards to PHI 23, Center-47-K.McDermott, downed by MIN-84-C.Patterson.",punt,0,0,0,0,0,0,0,NA,NA,NA,NA,NA,NA,NA,50,NA,NA,3,3,0,NA,NA,NA,NA,3,3,11,3,3,11,-8,3,11,-8,0.006117014214396477,0.2539398968219757,0.009221973828971386,0.40325698256492615,0.12070344388484955,0.004400332923978567,0.2023603618144989,0,0,-1.8156289858743548,0.689890269190073,8.265000400817488,-8.265000400817488,-2.360829555211123,2.360829555211123,9.727545059571561,-9.727545059571561,NA,NA,0,0,-0.3062338740564883,0.3062338740564883,-4.017177744884975,4.017177744884975,10.270837126066908,-10.270837126066908,-15.663013247138302,15.663013247138302,0.13883119821548462,0.8611688017845154,0.8611688017845154,0.13883119821548462,0.017321884632110596,0.06635761260986328,-0.06635761260986328,0.8438469171524048,0.15615308284759521,0.21960318088531494,0.7803968191146851,-0.04269113698601723,0.04269113698601723,0.21645566821098328,-0.21645566821098328,NA,NA,0,0,0.019573599100112915,-0.019573599100112915,-0.2629338502883911,0.2629338502883911,0.019573599100112915,-0.019573599100112915,-0.21809527277946472,0.21809527277946472,0,0,0,0,0,0,0,0,0,0,0,0,0,0,1,0,0,0,0,0,0,0,0,0,0,0,0,0,0,0,0,0,0,0,0,0,0,0,0,0,0,0,0,1,0,0,0,0,0,0,0,NA,NA,NA,NA,NA,NA,NA,NA,NA,NA,NA,NA,NA,NA,NA,NA,NA,NA,NA,NA,NA,NA,NA,NA,NA,NA,NA,NA,NA,00-0030405,J.Locke,NA,NA,NA,NA,NA,NA,NA,NA,NA,NA,NA,NA,NA,NA,NA,NA,NA,NA,NA,NA,NA,NA,NA,NA,NA,NA,NA,NA,NA,NA,NA,NA,NA,NA,NA,NA,NA,NA,0,NA,NA,NA,NA,NA,NA,NA,NA,NA,NA,NA,NA,NA,NA,NA,NA,NA,NA,NA,NA,NA,NA,NA,NA,NA,NA,NA,NA,NA,NA,PHI,0,NA,NA,NA,NA,0,NA,NA,0,0,0,0,NA,NA,2016,NA,NA,32,0,Punt,2465,"10/23/16, 13:02:59",2016-10-23T18:59:05Z,Lincoln Financial Field,"Clear Temp: 62° F, Humidity: 46%, Wind: W 20 mph",10012016-1023-0732-662e-25ff3a421c9a,0,0,PUNT,1,NA,NA,NA,17,Punt,2016-10-23T18:55:07Z,5,3:24,1,0,0,3,3,0,KICKOFF,PUNT,15:00,11:36,MIN 25,MIN 27,2349,2465,10,21,Home,11,31,-2.5,39,0,outdoors,grass,62,20,Doug Pederson,Mike Zimmer,PHI00,Lincoln Financial Field,0,1,NA,NA,NA,NA,NA,NA,0,0,0,1,0,NA,NA,NA,NA,NA,NA,NA,NA,NA,NA,0,1,0.689890269190073,NA,NA,NA,NA,NA,NA,NA,2016,Punt,-4.578060267275941,0.0567406659538392,0.20111945179480822,0.3708497071641692,0.2107500638543106,0,0.18572622537612915,0.36749377846717834,0.18572622537612915,0.25653066652707,Punt
2484,2016_07_MIN_PHI,2016102307,PHI,MIN,REG,7,PHI,home,MIN,PHI,77,2016-10-23,696,1596,1596,Half2,0,18,0,3,1,0,11:36,PHI 23,10,77,(11:36) 24-R.Mathews left end to PHI 30 for 7 yards (54-E.Kendricks; 55-A.Barr).,run,7,0,0,0,0,0,0,NA,NA,NA,NA,left,end,NA,NA,NA,NA,3,3,0,NA,NA,NA,NA,3,3,11,3,11,3,8,11,3,8,0.005013521760702133,0.15389037132263184,0.002931205090135336,0.2367967665195465,0.23435574769973755,0.004260883666574955,0.3627515137195587,0,0,1.1257387166842818,0.5060693258419633,8.771069726659452,-8.771069726659452,-1.8547602293691599,1.8547602293691599,9.727545059571561,-9.727545059571561,NA,NA,0,0,-0.3062338740564883,0.3062338740564883,-4.017177744884975,4.017177744884975,10.270837126066908,-10.270837126066908,-15.663013247138302,15.663013247138302,0.8438469171524048,0.15615308284759521,0.8438469171524048,0.15615308284759521,0.006257116794586182,0.003554701805114746,0.003554701805114746,0.850104033946991,0.14989596605300903,0.7140392065048218,0.7140392065048218,-0.03643402019143105,0.03643402019143105,0.21645566821098328,-0.21645566821098328,NA,NA,0,0,0.019573599100112915,-0.019573599100112915,-0.2629338502883911,0.2629338502883911,0.019573599100112915,-0.019573599100112915,-0.21809527277946472,0.21809527277946472,0,0,0,0,0,0,0,0,0,0,0,0,0,0,0,0,0,0,0,0,0,0,0,0,0,0,0,0,0,0,0,0,1,0,0,0,0,0,0,0,0,0,0,0,0,0,1,0,0,0,0,NA,NA,NA,NA,NA,NA,00-0027864,R.Mathews,7,NA,NA,NA,NA,NA,NA,NA,NA,NA,NA,NA,NA,NA,NA,NA,NA,NA,NA,NA,NA,NA,NA,NA,NA,NA,NA,NA,NA,NA,NA,NA,NA,NA,NA,NA,NA,NA,NA,NA,NA,NA,NA,NA,NA,NA,NA,NA,NA,00-0031554,E.Kendricks,MIN,00-0031256,A.Barr,MIN,NA,NA,NA,NA,NA,NA,0,NA,NA,NA,NA,NA,NA,NA,NA,NA,NA,NA,NA,NA,NA,NA,NA,NA,NA,NA,NA,NA,NA,NA,NA,NA,NA,NA,NA,NA,NA,NA,0,NA,NA,NA,NA,0,NA,NA,0,0,0,0,NA,NA,2016,NA,NA,33,1,First down,2484,"10/23/16, 13:02:59",2016-10-23T19:01:41Z,Lincoln Financial Field,"Clear Temp: 62° F, Humidity: 46%, Wind: W 20 mph",10012016-1023-0732-662e-25ff3a421c9a,0,0,RUSH,0,NA,NA,NA,18,Touchdown,2016-10-23T19:01:41Z,9,5:51,5,1,1,3,3,-5,PUNT,TOUCHDOWN,11:36,05:45,PHI 23,MIN 5,2484,2777,10,21,Home,11,31,-2.5,39,0,outdoors,grass,62,20,Doug Pederson,Mike Zimmer,PHI00,Lincoln Financial Field,0,1,NA,NA,R.Mathews,24,NA,NA,0,1,0,0,1,NA,00-0027864,NA,R.Mathews,24,00-0027864,R.Mathews,00-0027864,R.Mathews,00-0027864,0,1,0.5060693258419633,NA,NA,NA,NA,NA,0.4154192805290222,-41.54192805290222,2016,Go for it,NA,NA,NA,NA,NA,NA,NA,NA,NA,NA,Punt
2505,2016_07_MIN_PHI,2016102307,PHI,MIN,REG,7,PHI,home,MIN,PHI,70,2016-10-23,655,1555,1555,Half2,0,18,0,3,2,0,10:55,PHI 30,3,77,(10:55) 24-R.Mathews right end to PHI 33 for 3 yards (54-E.Kendricks).,run,3,0,0,0,0,0,0,NA,NA,NA,NA,right,end,NA,NA,NA,NA,3,3,0,NA,NA,NA,NA,3,3,11,3,11,3,8,11,3,8,0.005050416570156813,0.14481084048748016,0.003193074371665716,0.2077658623456955,0.23191288113594055,0.003923872020095587,0.4033430516719818,0,0,1.6318080425262451,0.31451112451031804,9.08558085116977,-9.08558085116977,-1.5402491048588418,1.5402491048588418,9.727545059571561,-9.727545059571561,NA,NA,0,0,-0.3062338740564883,0.3062338740564883,-4.017177744884975,4.017177744884975,10.270837126066908,-10.270837126066908,-15.663013247138302,15.663013247138302,0.850104033946991,0.14989596605300903,0.850104033946991,0.14989596605300903,0.01491689682006836,0.03970605134963989,0.03970605134963989,0.8650209307670593,0.13497906923294067,0.7175939083099365,0.7175939083099365,-0.02151712337136269,0.02151712337136269,0.21645566821098328,-0.21645566821098328,NA,NA,0,0,0.019573599100112915,-0.019573599100112915,-0.2629338502883911,0.2629338502883911,0.019573599100112915,-0.019573599100112915,-0.21809527277946472,0.21809527277946472,0,1,0,0,0,0,0,0,0,0,0,0,0,0,0,0,0,0,0,0,0,0,0,0,1,0,0,0,0,0,0,0,1,0,0,0,0,0,0,0,0,0,0,0,0,0,0,0,0,0,0,NA,NA,NA,NA,NA,NA,00-0027864,R.Mathews,3,NA,NA,NA,NA,NA,NA,NA,NA,NA,NA,NA,NA,NA,NA,NA,NA,NA,NA,NA,NA,NA,NA,NA,NA,NA,NA,NA,NA,NA,NA,NA,NA,NA,NA,NA,NA,NA,NA,NA,NA,NA,NA,MIN,NA,00-0031554,NA,E.Kendricks,NA,NA,NA,NA,NA,NA,NA,NA,NA,NA,NA,NA,NA,0,NA,NA,NA,NA,NA,NA,NA,NA,NA,NA,NA,NA,NA,NA,NA,NA,NA,NA,NA,NA,NA,NA,NA,NA,NA,NA,NA,NA,NA,NA,NA,0,NA,NA,NA,NA,0,NA,NA,0,0,0,0,NA,NA,2016,NA,NA,33,1,First down,2505,"10/23/16, 13:02:59",2016-10-23T19:02:22Z,Lincoln Financial Field,"Clear Temp: 62° F, Humidity: 46%, Wind: W 20 mph",10012016-1023-0732-662e-25ff3a421c9a,0,0,RUSH,0,NA,NA,NA,18,Touchdown,2016-10-23T19:01:41Z,9,5:51,5,1,1,3,3,-5,PUNT,TOUCHDOWN,11:36,05:45,PHI 23,MIN 5,2484,2777,10,21,Home,11,31,-2.5,39,0,outdoors,grass,62,20,Doug Pederson,Mike Zimmer,PHI00,Lincoln Financial Field,0,1,NA,NA,R.Mathews,24,NA,NA,0,1,1,0,1,NA,00-0027864,NA,R.Mathews,24,00-0027864,R.Mathews,00-0027864,R.Mathews,00-0027864,0,1,0.31451112451031804,NA,NA,NA,NA,NA,0.28600946068763733,-28.600946068763733,2016,Go for it,NA,NA,NA,NA,NA,NA,NA,NA,NA,NA,Punt
2526,2016_07_MIN_PHI,2016102307,PHI,MIN,REG,7,PHI,home,MIN,PHI,67,2016-10-23,616,1516,1516,Half2,0,18,0,3,1,0,10:16,PHI 33,10,77,(10:16) 28-W.Smallwood up the middle to PHI 37 for 4 yards (54-E.Kendricks). PHI-79-B.Brooks was injured during the play. His return is Probable.,run,4,0,0,0,0,0,0,NA,NA,NA,NA,middle,NA,NA,NA,NA,NA,3,3,0,NA,NA,NA,NA,3,3,11,3,11,3,8,11,3,8,0.005182834807783365,0.13124071061611176,0.002283327514305711,0.18795230984687805,0.25760960578918457,0.004534693900495768,0.4111965596675873,0,0,1.9463191670365632,-0.0718297646380961,9.013751086531673,-9.013751086531673,-1.612078869496938,1.612078869496938,9.727545059571561,-9.727545059571561,NA,NA,0,0,-0.3062338740564883,0.3062338740564883,-4.017177744884975,4.017177744884975,10.270837126066908,-10.270837126066908,-15.663013247138302,15.663013247138302,0.8650209307670593,0.13497906923294067,0.8650209307670593,0.13497906923294067,0.004398465156555176,0.004004418849945068,0.004004418849945068,0.8694193959236145,0.1305806040763855,0.7572999596595764,0.7572999596595764,-0.017118658214807514,0.017118658214807514,0.21645566821098328,-0.21645566821098328,NA,NA,0,0,0.019573599100112915,-0.019573599100112915,-0.2629338502883911,0.2629338502883911,0.019573599100112915,-0.019573599100112915,-0.21809527277946472,0.21809527277946472,0,0,0,0,0,0,0,0,0,0,0,0,0,0,0,0,0,0,0,0,0,0,0,0,1,0,0,0,0,0,0,0,1,0,0,0,0,0,0,0,0,0,0,0,0,0,0,0,0,0,0,NA,NA,NA,NA,NA,NA,00-0032782,W.Smallwood,4,NA,NA,NA,NA,NA,NA,NA,NA,NA,NA,NA,NA,NA,NA,NA,NA,NA,NA,NA,NA,NA,NA,NA,NA,NA,NA,NA,NA,NA,NA,NA,NA,NA,NA,NA,NA,NA,NA,NA,NA,NA,NA,MIN,NA,00-0031554,NA,E.Kendricks,NA,NA,NA,NA,NA,NA,NA,NA,NA,NA,NA,NA,NA,0,NA,NA,NA,NA,NA,NA,NA,NA,NA,NA,NA,NA,NA,NA,NA,NA,NA,NA,NA,NA,NA,NA,NA,NA,NA,NA,NA,NA,NA,NA,NA,0,NA,NA,NA,NA,0,NA,NA,0,0,0,0,NA,NA,2016,NA,NA,34,1,First down,2526,"10/23/16, 13:02:59",2016-10-23T19:03:53Z,Lincoln Financial Field,"Clear Temp: 62° F, Humidity: 46%, Wind: W 20 mph",10012016-1023-0732-662e-25ff3a421c9a,0,0,RUSH,0,NA,NA,NA,18,Touchdown,2016-10-23T19:01:41Z,9,5:51,5,1,1,3,3,-5,PUNT,TOUCHDOWN,11:36,05:45,PHI 23,MIN 5,2484,2777,10,21,Home,11,31,-2.5,39,0,outdoors,grass,62,20,Doug Pederson,Mike Zimmer,PHI00,Lincoln Financial Field,0,0,NA,NA,W.Smallwood,28,NA,NA,0,1,0,0,1,NA,00-0032782,NA,W.Smallwood,28,00-0032782,W.Smallwood,00-0032782,W.Smallwood,00-0032782,0,1,-0.0718297646380961,NA,NA,NA,NA,NA,0.4258260428905487,-42.58260428905487,2016,Go for it,NA,NA,NA,NA,NA,NA,NA,NA,NA,NA,Punt
2547,2016_07_MIN_PHI,2016102307,PHI,MIN,REG,7,PHI,home,MIN,PHI,63,2016-10-23,583,1483,1483,Half2,0,18,0,3,2,0,09:43,PHI 37,6,77,(9:43) 28-W.Smallwood left tackle to PHI 40 for 3 yards (22-H.Smith).,run,3,0,0,0,0,0,0,NA,NA,NA,NA,left,tackle,NA,NA,NA,NA,3,3,0,NA,NA,NA,NA,3,3,11,3,11,3,8,11,3,8,0.006182820536196232,0.1290985643863678,0.0019445805810391903,0.19450518488883972,0.2566463351249695,0.004817199427634478,0.4068053066730499,0,0,1.874489402398467,-0.3782000499777496,8.635551036553924,-8.635551036553924,-1.9902789194746875,1.9902789194746875,9.727545059571561,-9.727545059571561,NA,NA,0,0,-0.3062338740564883,0.3062338740564883,-4.017177744884975,4.017177744884975,10.270837126066908,-10.270837126066908,-15.663013247138302,15.663013247138302,0.8694193959236145,0.1305806040763855,0.8694193959236145,0.1305806040763855,0.007139027118682861,-0.00778806209564209,-0.00778806209564209,0.8765584230422974,0.12344157695770264,0.7613043785095215,0.7613043785095215,-0.009979631096124653,0.009979631096124653,0.21645566821098328,-0.21645566821098328,NA,NA,0,0,0.019573599100112915,-0.019573599100112915,-0.2629338502883911,0.2629338502883911,0.019573599100112915,-0.019573599100112915,-0.21809527277946472,0.21809527277946472,0,0,0,0,0,0,0,0,0,0,0,0,0,0,0,0,0,0,0,0,0,0,0,0,1,0,0,0,0,0,0,0,1,0,0,0,0,0,0,0,0,0,0,0,0,0,0,0,0,0,0,NA,NA,NA,NA,NA,NA,00-0032782,W.Smallwood,3,NA,NA,NA,NA,NA,NA,NA,NA,NA,NA,NA,NA,NA,NA,NA,NA,NA,NA,NA,NA,NA,NA,NA,NA,NA,NA,NA,NA,NA,NA,NA,NA,NA,NA,NA,NA,NA,NA,NA,NA,NA,NA,MIN,NA,00-0029606,NA,H.Smith,NA,NA,NA,NA,NA,NA,NA,NA,NA,NA,NA,NA,NA,0,NA,NA,NA,NA,NA,NA,NA,NA,NA,NA,NA,NA,NA,NA,NA,NA,NA,NA,NA,NA,NA,NA,NA,NA,NA,NA,NA,NA,NA,NA,NA,0,NA,NA,NA,NA,0,NA,NA,0,0,0,0,NA,NA,2016,NA,NA,34,1,First down,2547,"10/23/16, 13:02:59",2016-10-23T19:06:41Z,Lincoln Financial Field,"Clear Temp: 62° F, Humidity: 46%, Wind: W 20 mph",10012016-1023-0732-662e-25ff3a421c9a,0,0,RUSH,0,NA,NA,NA,18,Touchdown,2016-10-23T19:01:41Z,9,5:51,5,1,1,3,3,-5,PUNT,TOUCHDOWN,11:36,05:45,PHI 23,MIN 5,2484,2777,10,21,Home,11,31,-2.5,39,0,outdoors,grass,62,20,Doug Pederson,Mike Zimmer,PHI00,Lincoln Financial Field,0,0,NA,NA,W.Smallwood,28,NA,NA,0,1,0,0,1,NA,00-0032782,NA,W.Smallwood,28,00-0032782,W.Smallwood,00-0032782,W.Smallwood,00-0032782,0,1,-0.3782000499777496,NA,NA,NA,NA,NA,0.5272455215454102,-52.724552154541016,2016,Go for it,NA,NA,NA,NA,NA,NA,NA,NA,NA,NA,Punt
2568,2016_07_MIN_PHI,2016102307,PHI,MIN,REG,7,PHI,home,MIN,PHI,60,2016-10-23,540,1440,1440,Half2,0,18,0,3,3,0,09:00,PHI 40,3,77,"(9:00) (Shotgun) 11-C.Wentz pass incomplete short left to 18-D.Green-Beckham. PENALTY on MIN-26-T.Waynes, Defensive Pass Interference, 5 yards, enforced at PHI 40 - No Play.",no_play,0,1,0,0,0,0,0,NA,NA,NA,NA,NA,NA,NA,NA,NA,NA,3,3,0,NA,NA,NA,NA,3,3,11,3,11,3,8,11,3,8,0.007365639321506023,0.14156030118465424,0.002228744560852647,0.21647721529006958,0.23920056223869324,0.005801250692456961,0.38736629486083984,0,0,1.4962893524207175,1.2028083486948162,9.83835938524874,-9.83835938524874,-1.9902789194746875,1.9902789194746875,9.727545059571561,-9.727545059571561,NA,NA,0,0,-0.3062338740564883,0.3062338740564883,-4.017177744884975,4.017177744884975,10.270837126066908,-10.270837126066908,-15.663013247138302,15.663013247138302,0.8765584230422974,0.12344157695770264,0.8765584230422974,0.12344157695770264,0.008242785930633545,0.024440348148345947,0.024440348148345947,0.8848012089729309,0.11519879102706909,0.7535163164138794,0.7535163164138794,-0.009979631096124653,0.009979631096124653,0.21645566821098328,-0.21645566821098328,NA,NA,0,0,0.019573599100112915,-0.019573599100112915,-0.2629338502883911,0.2629338502883911,0.019573599100112915,-0.019573599100112915,-0.21809527277946472,0.21809527277946472,0,0,0,1,0,0,0,0,0,0,0,0,0,0,0,0,0,0,0,0,0,0,0,0,0,0,1,0,0,0,0,0,0,0,0,0,0,0,0,0,0,0,0,0,0,0,0,0,0,0,0,NA,NA,NA,NA,NA,NA,NA,NA,NA,NA,NA,NA,NA,NA,NA,NA,NA,NA,NA,NA,NA,NA,NA,NA,NA,NA,NA,NA,NA,NA,NA,NA,NA,NA,NA,NA,NA,NA,NA,NA,NA,NA,NA,NA,NA,NA,NA,NA,NA,NA,NA,NA,NA,NA,NA,NA,NA,NA,NA,NA,NA,NA,NA,NA,NA,NA,NA,NA,NA,0,NA,NA,NA,NA,NA,NA,NA,NA,NA,NA,NA,NA,NA,NA,NA,NA,NA,NA,NA,NA,NA,NA,NA,NA,NA,NA,NA,NA,NA,NA,NA,0,MIN,00-0031546,T.Waynes,5,0,NA,Defensive Pass Interference,0,0,0,0,NA,NA,2016,NA,NA,34,1,First down,2568,"10/23/16, 13:02:59",2016-10-23T19:07:24Z,Lincoln Financial Field,"Clear Temp: 62° F, Humidity: 46%, Wind: W 20 mph",10012016-1023-0732-662e-25ff3a421c9a,0,0,PENALTY,0,NA,NA,NA,18,Touchdown,2016-10-23T19:01:41Z,9,5:51,5,1,1,3,3,-5,PUNT,TOUCHDOWN,11:36,05:45,PHI 23,MIN 5,2484,2777,10,21,Home,11,31,-2.5,39,0,outdoors,grass,62,20,Doug Pederson,Mike Zimmer,PHI00,Lincoln Financial Field,0,1,C.Wentz,11,NA,NA,D.Green-Beckham,18,1,0,1,0,1,00-0032950,NA,00-0032218,C.Wentz,11,00-0032950,NA,NA,D.Green-Beckham,00-0032218,0,1,1.2028083486948162,NA,NA,NA,NA,NA,0.8924317955970764,10.756820440292358,2016,Other,NA,NA,NA,NA,NA,NA,NA,NA,NA,NA,Punt
2601,2016_07_MIN_PHI,2016102307,PHI,MIN,REG,7,PHI,home,MIN,PHI,55,2016-10-23,536,1436,1436,Half2,0,18,0,3,1,0,08:56,PHI 45,10,77,"(8:56) 11-C.Wentz pass short left to 24-R.Mathews ran ob at MIN 28 for 27 yards. Penalty on MIN-98-L.Joseph, Illegal Use of Hands, declined.",pass,27,0,0,1,0,0,0,short,left,8,19,NA,NA,NA,NA,NA,NA,3,3,0,NA,NA,NA,NA,3,3,11,3,11,3,8,11,3,8,0.006770148873329163,0.10110510140657425,0.001606572070159018,0.14755162596702576,0.28424903750419617,0.005056414753198624,0.45366108417510986,0,0,2.6990977011155337,1.5256539868423715,11.364013372091112,-11.364013372091112,-1.9902789194746875,1.9902789194746875,11.253199046413933,-11.253199046413933,0.4664548805449158,1.0591991062974557,0.4664548805449158,1.0591991062974557,0.16022100648842752,-0.16022100648842752,-2.9579786385875195,2.9579786385875195,10.737292006611824,-10.737292006611824,-14.603814140840846,14.603814140840846,0.8848012089729309,0.11519879102706909,0.8848012089729309,0.11519879102706909,0.011105835437774658,0.043057918548583984,0.043057918548583984,0.8959070444107056,0.10409295558929443,0.7779566645622253,0.7779566645622253,-0.009979631096124653,0.009979631096124653,0.22756150364875793,-0.22756150364875793,0,0.011105835437774658,0,0.011105835437774658,0.019573599100112915,-0.019573599100112915,-0.25182801485061646,0.25182801485061646,0.019573599100112915,-0.019573599100112915,-0.20698943734169006,0.20698943734169006,0,0,1,0,0,0,0,0,0,0,0,0,0,0,0,0,0,0,0,0,0,0,0,0,0,0,0,0,0,0,0,0,0,1,0,0,0,0,0,0,0,0,0,0,0,1,0,0,0,0,0,00-0032950,C.Wentz,27,00-0027864,R.Mathews,27,NA,NA,NA,NA,NA,NA,NA,NA,NA,NA,NA,NA,NA,NA,NA,NA,NA,NA,NA,NA,NA,NA,NA,NA,NA,NA,NA,NA,NA,NA,NA,NA,NA,NA,NA,NA,NA,NA,NA,NA,NA,NA,NA,NA,NA,NA,NA,NA,NA,NA,NA,NA,NA,NA,NA,NA,NA,NA,NA,NA,NA,NA,NA,0,NA,NA,NA,NA,NA,NA,NA,NA,NA,NA,NA,NA,NA,NA,NA,NA,NA,NA,NA,NA,NA,NA,NA,NA,NA,NA,NA,NA,NA,NA,NA,0,NA,NA,NA,NA,0,NA,NA,0,0,0,0,NA,NA,2016,0.6683856844902039,33.161431550979614,35,1,First down,2601,"10/23/16, 13:02:59",2016-10-23T19:08:14Z,Lincoln Financial Field,"Clear Temp: 62° F, Humidity: 46%, Wind: W 20 mph",10012016-1023-0732-662e-25ff3a421c9a,0,0,PASS,0,NA,NA,NA,18,Touchdown,2016-10-23T19:01:41Z,9,5:51,5,1,1,3,3,-5,PUNT,TOUCHDOWN,11:36,05:45,PHI 23,MIN 5,2484,2777,10,21,Home,11,31,-2.5,39,0,outdoors,grass,62,20,Doug Pederson,Mike Zimmer,PHI00,Lincoln Financial Field,0,1,C.Wentz,11,NA,NA,R.Mathews,24,1,0,1,0,1,00-0032950,NA,00-0027864,C.Wentz,11,00-0032950,R.Mathews,00-0027864,R.Mathews,00-0027864,1,1,1.5256539868423715,0.20426982268460714,3.4241515877947677,1,0.998865905101411,0.4761277543148026,0.43366125226020813,56.63387477397919,2016,Go for it,NA,NA,NA,NA,NA,NA,NA,NA,NA,NA,Punt
2641,2016_07_MIN_PHI,2016102307,PHI,MIN,REG,7,PHI,home,MIN,MIN,28,2016-10-23,505,1405,1405,Half2,0,18,0,3,1,0,08:25,MIN 28,10,77,"(8:25) (Shotgun) 11-C.Wentz to MIN 33 for -5 yards. FUMBLES, and recovers at MIN 36. 11-C.Wentz pass short right to 43-D.Sproles to MIN 9 for 19 yards (55-A.Barr).",pass,19,1,0,1,0,0,0,short,right,8,11,NA,NA,NA,NA,NA,NA,3,3,0,NA,NA,NA,NA,3,3,11,3,11,3,8,11,3,8,0.0037369676865637302,0.035290688276290894,6.625013775192201e-4,0.05492193251848221,0.4035819172859192,0.0013971581356599927,0.5004088878631592,0,0,4.224751687957905,1.017893245560117,12.381906617651229,-12.381906617651229,-1.9902789194746875,1.9902789194746875,12.27109229197405,-12.27109229197405,0.4352604951709509,0.5826327503891662,0.4352604951709509,0.5826327503891662,0.5954815016593784,-0.5954815016593784,-2.3753458881983534,2.3753458881983534,11.172552501782775,-11.172552501782775,-14.02118139045168,14.02118139045168,0.8959070444107056,0.10409295558929443,0.8959070444107056,0.10409295558929443,0.01938462257385254,0.033346354961395264,0.033346354961395264,0.9152916669845581,0.0847083330154419,0.8210145831108093,0.8210145831108093,-0.009979631096124653,0.009979631096124653,0.24694612622261047,-0.24694612622261047,0,0.01938462257385254,0,0.01938462257385254,0.019573599100112915,-0.019573599100112915,-0.23244339227676392,0.23244339227676392,0.019573599100112915,-0.019573599100112915,-0.18760481476783752,0.18760481476783752,0,0,1,0,0,0,0,0,0,0,0,0,0,0,0,0,0,0,0,0,0,0,1,0,1,0,0,0,0,0,0,0,0,1,0,0,0,0,0,0,0,0,0,0,1,1,0,0,0,0,0,00-0032950,C.Wentz,19,00-0023564,D.Sproles,19,NA,NA,NA,NA,NA,NA,NA,NA,NA,NA,NA,NA,NA,NA,NA,NA,NA,NA,NA,NA,NA,NA,NA,NA,NA,NA,NA,NA,NA,NA,NA,NA,NA,NA,NA,NA,NA,NA,NA,NA,NA,NA,NA,NA,NA,MIN,NA,00-0031256,NA,A.Barr,NA,NA,NA,NA,NA,NA,NA,NA,NA,NA,NA,NA,NA,0,NA,NA,NA,NA,NA,NA,NA,NA,NA,NA,PHI,00-0032950,C.Wentz,NA,NA,NA,PHI,0,00-0032950,C.Wentz,NA,NA,NA,NA,NA,NA,NA,NA,NA,NA,NA,0,NA,NA,NA,NA,0,NA,NA,0,0,0,0,NA,NA,2016,0.6633145213127136,33.66854786872864,36,1,First down,2641,"10/23/16, 13:02:59",2016-10-23T19:09:24Z,Lincoln Financial Field,"Clear Temp: 62° F, Humidity: 46%, Wind: W 20 mph",10012016-1023-0732-662e-25ff3a421c9a,0,0,PASS,0,NA,NA,NA,18,Touchdown,2016-10-23T19:01:41Z,9,5:51,5,1,1,3,3,-5,PUNT,TOUCHDOWN,11:36,05:45,PHI 23,MIN 5,2484,2777,10,21,Home,11,31,-2.5,39,0,outdoors,grass,62,20,Doug Pederson,Mike Zimmer,PHI00,Lincoln Financial Field,0,1,C.Wentz,11,NA,NA,D.Sproles,43,1,0,1,0,1,00-0032950,NA,00-0023564,C.Wentz,11,00-0032950,D.Sproles,00-0023564,D.Sproles,00-0023564,0,1,1.017893245560117,0.24074528250563232,3.249324756965507,1,0.9988340093404986,0.4806841316749342,0.416032075881958,58.3967924118042,2016,Go for it,NA,NA,NA,NA,NA,NA,NA,NA,NA,NA,Punt
2674,2016_07_MIN_PHI,2016102307,PHI,MIN,REG,7,PHI,home,MIN,MIN,9,2016-10-23,459,1359,1359,Half2,0,18,0,3,1,1,07:39,MIN 9,9,77,"(7:39) (Shotgun) 43-D.Sproles up the middle to MIN 5 for 4 yards (22-H.Smith). PENALTY on PHI-76-A.Barbre, Offensive Holding, 10 yards, enforced at MIN 9 - No Play.",no_play,0,1,0,0,0,0,0,NA,NA,NA,NA,NA,NA,NA,NA,NA,NA,3,3,0,NA,NA,NA,NA,3,3,11,3,11,3,8,11,3,8,0.001906540128402412,0.015362581238150597,4.180534742772579e-4,0.017252804711461067,0.33456364274024963,0.0013653861824423075,0.6291309595108032,0,0,5.242644933518022,-1.0871506067924201,11.294756010858809,-11.294756010858809,-1.9902789194746875,1.9902789194746875,12.27109229197405,-12.27109229197405,NA,NA,0,0,0.5954815016593784,-0.5954815016593784,-2.3753458881983534,2.3753458881983534,11.172552501782775,-11.172552501782775,-14.02118139045168,14.02118139045168,0.9152916669845581,0.0847083330154419,0.9152916669845581,0.0847083330154419,-0.006586790084838867,-0.02068614959716797,-0.02068614959716797,0.9087048768997192,0.09129512310028076,0.8543609380722046,0.8543609380722046,-0.009979631096124653,0.009979631096124653,0.24694612622261047,-0.24694612622261047,NA,NA,0,0,0.019573599100112915,-0.019573599100112915,-0.23244339227676392,0.23244339227676392,0.019573599100112915,-0.019573599100112915,-0.18760481476783752,0.18760481476783752,0,0,0,0,0,0,0,0,0,0,0,0,0,0,0,0,0,0,0,0,0,0,0,0,0,0,1,0,0,0,0,0,0,0,0,0,0,0,0,0,0,0,0,0,0,0,0,0,0,0,0,NA,NA,NA,NA,NA,NA,NA,NA,NA,NA,NA,NA,NA,NA,NA,NA,NA,NA,NA,NA,NA,NA,NA,NA,NA,NA,NA,NA,NA,NA,NA,NA,NA,NA,NA,NA,NA,NA,NA,NA,NA,NA,NA,NA,NA,NA,NA,NA,NA,NA,NA,NA,NA,NA,NA,NA,NA,NA,NA,NA,NA,NA,NA,NA,NA,NA,NA,NA,NA,0,NA,NA,NA,NA,NA,NA,NA,NA,NA,NA,NA,NA,NA,NA,NA,NA,NA,NA,NA,NA,NA,NA,NA,NA,NA,NA,NA,NA,NA,NA,NA,0,PHI,00-0025506,A.Barbre,10,0,NA,Offensive Holding,0,0,0,0,NA,NA,2016,NA,NA,37,1,Touchdown,2674,"10/23/16, 13:02:59",2016-10-23T19:10:11Z,Lincoln Financial Field,"Clear Temp: 62° F, Humidity: 46%, Wind: W 20 mph",10012016-1023-0732-662e-25ff3a421c9a,0,0,PENALTY,0,NA,NA,NA,18,Touchdown,2016-10-23T19:01:41Z,9,5:51,5,1,1,3,3,-5,PUNT,TOUCHDOWN,11:36,05:45,PHI 23,MIN 5,2484,2777,10,21,Home,11,31,-2.5,39,0,outdoors,grass,62,20,Doug Pederson,Mike Zimmer,PHI00,Lincoln Financial Field,0,0,NA,NA,D.Sproles,43,NA,NA,0,1,0,0,1,NA,00-0023564,NA,D.Sproles,43,00-0023564,NA,NA,D.Sproles,00-0023564,0,1,-1.0871506067924201,NA,NA,NA,NA,NA,0.35207608342170715,-35.207608342170715,2016,Other,NA,NA,NA,NA,NA,NA,NA,NA,NA,NA,Punt
2707,2016_07_MIN_PHI,2016102307,PHI,MIN,REG,7,PHI,home,MIN,MIN,19,2016-10-23,433,1333,1333,Half2,0,18,0,3,1,1,07:13,MIN 19,19,77,(7:13) (Shotgun) 11-C.Wentz pass short left to 13-J.Huff to MIN 5 for 14 yards (54-E.Kendricks).,pass,14,1,0,1,0,0,0,short,left,-4,18,NA,NA,NA,NA,NA,NA,3,3,0,NA,NA,NA,NA,3,3,11,3,11,3,8,11,3,8,0.004207574296742678,0.027134785428643227,5.285120569169521e-4,0.034798990935087204,0.5111822485923767,0.0014066430740058422,0.4207412302494049,0,0,4.155494326725602,1.2549581633065827,12.549714174165391,-12.549714174165391,-1.9902789194746875,1.9902789194746875,13.526050455280632,-13.526050455280632,-0.5198557031108066,1.7748138664173894,-0.5198557031108066,1.7748138664173894,0.07562579854857177,-0.07562579854857177,-0.600532021780964,0.600532021780964,10.652696798671968,-10.652696798671968,-12.24636752403429,12.24636752403429,0.9087048768997192,0.09129512310028076,0.9087048768997192,0.09129512310028076,0.006021082401275635,0.013263583183288574,0.013263583183288574,0.9147259593009949,0.08527404069900513,0.8336747884750366,0.8336747884750366,-0.009979631096124653,0.009979631096124653,0.2529672086238861,-0.2529672086238861,9.297728538513184e-4,0.005091309547424316,9.297728538513184e-4,0.005091309547424316,0.020503371953964233,-0.020503371953964233,-0.2273520827293396,0.2273520827293396,0.020503371953964233,-0.020503371953964233,-0.1825135052204132,0.1825135052204132,0,0,0,0,0,0,0,0,0,0,0,0,0,0,0,0,0,0,0,0,0,0,0,0,1,0,0,0,0,0,0,0,0,1,0,0,0,0,0,0,0,0,0,0,0,1,0,0,0,0,0,00-0032950,C.Wentz,14,00-0030990,J.Huff,14,NA,NA,NA,NA,NA,NA,NA,NA,NA,NA,NA,NA,NA,NA,NA,NA,NA,NA,NA,NA,NA,NA,NA,NA,NA,NA,NA,NA,NA,NA,NA,NA,NA,NA,NA,NA,NA,NA,NA,NA,NA,NA,NA,NA,NA,MIN,NA,00-0031554,NA,E.Kendricks,NA,NA,NA,NA,NA,NA,NA,NA,NA,NA,NA,NA,NA,0,NA,NA,NA,NA,NA,NA,NA,NA,NA,NA,NA,NA,NA,NA,NA,NA,NA,NA,NA,NA,NA,NA,NA,NA,NA,NA,NA,NA,NA,NA,NA,0,NA,NA,NA,NA,0,NA,NA,0,0,0,0,NA,NA,2016,0.8579822182655334,14.201778173446655,37,1,Touchdown,2707,"10/23/16, 13:02:59",2016-10-23T19:11:09Z,Lincoln Financial Field,"Clear Temp: 62° F, Humidity: 46%, Wind: W 20 mph",10012016-1023-0732-662e-25ff3a421c9a,0,0,PASS,0,NA,NA,NA,18,Touchdown,2016-10-23T19:01:41Z,9,5:51,5,1,1,3,3,-5,PUNT,TOUCHDOWN,11:36,05:45,PHI 23,MIN 5,2484,2777,10,21,Home,11,31,-2.5,39,0,outdoors,grass,62,20,Doug Pederson,Mike Zimmer,PHI00,Lincoln Financial Field,0,1,C.Wentz,11,NA,NA,J.Huff,13,1,0,0,0,1,00-0032950,NA,00-0030990,C.Wentz,11,00-0032950,J.Huff,00-0030990,J.Huff,00-0030990,0,1,1.2549581633065827,0.8427146097273697,9.969832315284293,9,0.5333565995679237,0.07601533184060827,0.7167003750801086,28.329962491989136,2016,Go for it,NA,NA,NA,NA,NA,NA,NA,NA,NA,NA,Punt
2731,2016_07_MIN_PHI,2016102307,PHI,MIN,REG,7,PHI,home,MIN,MIN,5,2016-10-23,390,1290,1290,Half2,0,18,0,3,2,1,06:30,MIN 5,5,77,"(6:30) (Shotgun) 11-C.Wentz FUMBLES (Aborted) at MIN 10, recovered by PHI-43-D.Sproles at MIN 9. 43-D.Sproles to MIN 5 for 4 yards (55-A.Barr).",run,0,1,0,0,0,0,0,NA,NA,NA,NA,NA,NA,NA,NA,NA,NA,3,3,0,NA,NA,NA,NA,3,3,11,3,11,3,8,11,3,8,0.0019843713380396366,0.014468326233327389,4.0021209861151874e-4,0.015275307931005955,0.301815927028656,0.001250733737833798,0.6648051142692566,0,0,5.410452490032185,-0.9933653036132455,11.556348870552146,-11.556348870552146,-2.983644223087933,2.983644223087933,13.526050455280632,-13.526050455280632,NA,NA,0,0,0.07562579854857177,-0.07562579854857177,-0.600532021780964,0.600532021780964,10.652696798671968,-10.652696798671968,-12.24636752403429,12.24636752403429,0.9147259593009949,0.08527404069900513,0.9147259593009949,0.08527404069900513,-0.0051226019859313965,-0.01769465208053589,-0.01769465208053589,0.9096033573150635,0.09039664268493652,0.8469383716583252,0.8469383716583252,-0.015102233082056049,0.015102233082056049,0.2529672086238861,-0.2529672086238861,NA,NA,0,0,0.020503371953964233,-0.020503371953964233,-0.2273520827293396,0.2273520827293396,0.020503371953964233,-0.020503371953964233,-0.1825135052204132,0.1825135052204132,0,0,0,0,0,0,0,0,0,0,0,0,0,0,0,0,0,0,0,0,0,0,1,0,1,0,0,0,0,0,0,0,1,0,0,0,0,0,0,0,0,0,0,0,1,0,0,0,0,0,0,NA,NA,NA,NA,NA,NA,00-0032950,C.Wentz,0,NA,NA,NA,NA,NA,NA,NA,NA,NA,NA,NA,NA,NA,NA,NA,NA,NA,NA,NA,NA,NA,NA,NA,NA,NA,NA,NA,NA,NA,NA,NA,NA,NA,NA,NA,NA,NA,NA,NA,NA,NA,NA,MIN,NA,00-0031256,NA,A.Barr,NA,NA,NA,NA,NA,NA,NA,NA,NA,NA,NA,NA,NA,0,NA,NA,NA,NA,NA,NA,NA,NA,NA,NA,PHI,00-0032950,C.Wentz,NA,NA,NA,PHI,0,00-0023564,D.Sproles,NA,NA,NA,NA,NA,NA,NA,NA,NA,NA,NA,0,NA,NA,NA,NA,0,NA,NA,0,0,0,0,NA,NA,2016,NA,NA,37,1,Touchdown,2731,"10/23/16, 13:02:59",2016-10-23T19:11:52Z,Lincoln Financial Field,"Clear Temp: 62° F, Humidity: 46%, Wind: W 20 mph",10012016-1023-0732-662e-25ff3a421c9a,0,0,RUSH,0,NA,NA,NA,18,Touchdown,2016-10-23T19:01:41Z,9,5:51,5,1,1,3,3,-5,PUNT,TOUCHDOWN,11:36,05:45,PHI 23,MIN 5,2484,2777,10,21,Home,11,31,-2.5,39,0,outdoors,grass,62,20,Doug Pederson,Mike Zimmer,PHI00,Lincoln Financial Field,1,0,NA,NA,C.Wentz,11,NA,NA,0,1,0,0,1,NA,00-0032950,NA,C.Wentz,11,00-0032950,C.Wentz,00-0032950,C.Wentz,00-0032950,0,1,-0.9933653036132455,NA,NA,NA,NA,NA,0.5687230229377747,-56.872302293777466,2016,Go for it,NA,NA,NA,NA,NA,NA,NA,NA,NA,NA,Punt
2757,2016_07_MIN_PHI,2016102307,PHI,MIN,REG,7,PHI,home,MIN,MIN,5,2016-10-23,349,1249,1249,Half2,0,18,1,3,3,1,05:49,MIN 5,5,77,"(5:49) (Shotgun) 11-C.Wentz pass short right to 18-D.Green-Beckham for 5 yards, TOUCHDOWN.",pass,5,1,0,1,0,0,0,short,right,4,1,NA,NA,NA,NA,NA,NA,3,3,0,NA,PHI,D.Green-Beckham,00-0032218,3,3,17,3,11,3,8,17,3,14,0.002610839204862714,0.017924468964338303,4.7841607010923326e-4,0.01989649422466755,0.5237675905227661,0.0014931061305105686,0.433829128742218,0,0,4.417087186418939,2.5829128135810606,14.139261684133206,-14.139261684133206,-2.983644223087933,2.983644223087933,16.108963268861693,-16.108963268861693,0.1275872026453726,2.455325610935688,0.1275872026453726,2.455325610935688,0.20321300119394436,-0.20321300119394436,1.854793589154724,-1.854793589154724,10.78028400131734,-10.78028400131734,-9.791041913098603,9.791041913098603,0.9096033573150635,0.09039664268493652,0.9096033573150635,0.09039664268493652,0.017004381673213387,0.04897933048532632,0.04897933048532632,0.9266077389882769,0.07339226101172314,0.8292437195777893,0.8292437195777893,-0.015102233082056049,0.015102233082056049,0.2699715902970995,-0.2699715902970995,0,0.017004381673213387,0,0.017004381673213387,0.020503371953964233,-0.020503371953964233,-0.2103477010561262,0.2103477010561262,0.020503371953964233,-0.020503371953964233,-0.16550912354719982,0.16550912354719982,0,0,1,0,1,0,0,0,0,0,0,0,0,0,0,0,0,0,0,0,0,0,0,0,0,0,0,0,0,0,0,0,0,1,0,1,1,0,0,0,0,0,0,0,0,1,0,0,0,0,0,00-0032950,C.Wentz,5,00-0032218,D.Green-Beckham,5,NA,NA,NA,NA,NA,NA,NA,NA,NA,NA,NA,NA,NA,NA,NA,NA,NA,NA,NA,NA,NA,NA,NA,NA,NA,NA,NA,NA,NA,NA,NA,NA,NA,NA,NA,NA,NA,NA,NA,NA,NA,NA,NA,NA,NA,NA,NA,NA,NA,NA,NA,NA,NA,NA,NA,NA,NA,NA,NA,NA,NA,NA,NA,0,NA,NA,NA,NA,NA,NA,NA,NA,NA,NA,NA,NA,NA,NA,NA,NA,NA,NA,NA,NA,NA,NA,NA,NA,NA,NA,NA,NA,NA,NA,NA,0,NA,NA,NA,NA,0,NA,NA,0,0,0,0,NA,NA,2016,0.545828104019165,45.417189598083496,37,1,Touchdown,2757,"10/23/16, 13:02:59",2016-10-23T19:12:33Z,Lincoln Financial Field,"Clear Temp: 62° F, Humidity: 46%, Wind: W 20 mph",10012016-1023-0732-662e-25ff3a421c9a,0,0,PASS,0,NA,NA,NA,18,Touchdown,2016-10-23T19:01:41Z,9,5:51,5,1,1,3,3,-5,PUNT,TOUCHDOWN,11:36,05:45,PHI 23,MIN 5,2484,2777,10,21,Home,11,31,-2.5,39,0,outdoors,grass,62,20,Doug Pederson,Mike Zimmer,PHI00,Lincoln Financial Field,0,1,C.Wentz,11,NA,NA,D.Green-Beckham,18,1,0,1,0,1,00-0032950,NA,00-0032218,C.Wentz,11,00-0032950,D.Green-Beckham,00-0032218,D.Green-Beckham,00-0032218,0,1,2.5829128135810606,1.609393044552702,0.649080303061055,1,0.9951411836082116,0.6583072893554345,0.9603719711303711,3.9628028869628906,2016,Go for it,NA,NA,NA,NA,NA,NA,NA,NA,NA,NA,Punt
2777,2016_07_MIN_PHI,2016102307,PHI,MIN,REG,7,PHI,home,MIN,MIN,15,2016-10-23,345,1245,1245,Half2,0,18,1,3,NA,0,05:45,MIN 15,0,77,"6-C.Sturgis extra point is GOOD, Center-46-J.Dorenbos, Holder-8-D.Jones.",extra_point,0,0,0,0,0,0,0,NA,NA,NA,NA,NA,NA,NA,33,good,NA,3,3,0,NA,NA,NA,NA,3,3,18,3,17,3,14,18,3,15,0,0,0,0,0,0,0,0.9324269968923669,0,0.9324269968923669,0.067573003107633145,14.206834687240839,-14.206834687240839,-2.983644223087933,2.983644223087933,16.108963268861693,-16.108963268861693,NA,NA,0,0,0.20321300119394436,-0.20321300119394436,1.854793589154724,-1.854793589154724,10.78028400131734,-10.78028400131734,-9.791041913098603,9.791041913098603,0.9266077389882769,0.07339226101172314,0.9266077389882769,0.07339226101172314,9.03587980393028e-4,8.463825531181968e-4,8.463825531181968e-4,0.9275113269686699,0.07248867303133011,0.8782230500631156,0.8782230500631156,-0.015102233082056049,0.015102233082056049,0.2699715902970995,-0.2699715902970995,NA,NA,0,0,0.020503371953964233,-0.020503371953964233,-0.2103477010561262,0.2103477010561262,0.020503371953964233,-0.020503371953964233,-0.16550912354719982,0.16550912354719982,0,0,0,0,0,0,0,0,0,0,0,0,0,0,0,0,0,0,0,0,0,0,0,0,0,0,0,0,0,0,0,0,0,0,0,0,0,0,0,1,0,0,0,0,0,0,0,0,0,0,0,NA,NA,NA,NA,NA,NA,NA,NA,NA,NA,NA,NA,NA,NA,NA,NA,NA,NA,NA,NA,NA,NA,NA,NA,NA,NA,NA,NA,NA,NA,NA,C.Sturgis,00-0030390,NA,NA,NA,NA,NA,NA,NA,NA,NA,NA,NA,NA,NA,NA,NA,NA,NA,NA,NA,NA,NA,NA,NA,NA,NA,NA,NA,NA,NA,NA,NA,NA,NA,NA,NA,NA,0,NA,NA,NA,NA,NA,NA,NA,NA,NA,NA,NA,NA,NA,NA,NA,NA,NA,NA,NA,NA,NA,NA,NA,NA,NA,NA,NA,NA,NA,NA,NA,0,NA,NA,NA,NA,0,NA,NA,0,0,0,0,NA,NA,2016,NA,NA,37,1,Touchdown,2777,"10/23/16, 13:02:59",2016-10-23T19:13:19Z,Lincoln Financial Field,"Clear Temp: 62° F, Humidity: 46%, Wind: W 20 mph",10012016-1023-0732-662e-25ff3a421c9a,0,0,XP_KICK,1,NA,NA,NA,18,Touchdown,2016-10-23T19:01:41Z,9,5:51,5,1,1,3,3,-5,PUNT,TOUCHDOWN,11:36,05:45,PHI 23,MIN 5,2484,2777,10,21,Home,11,31,-2.5,39,0,outdoors,grass,62,20,Doug Pederson,Mike Zimmer,PHI00,Lincoln Financial Field,0,1,NA,NA,NA,NA,NA,NA,0,0,0,1,0,NA,NA,NA,NA,NA,NA,NA,NA,NA,NA,0,1,0.067573003107633145,NA,NA,NA,NA,NA,NA,NA,2016,Other,NA,NA,NA,NA,NA,NA,NA,NA,NA,NA,Punt
2793,2016_07_MIN_PHI,2016102307,PHI,MIN,REG,7,MIN,away,PHI,PHI,35,2016-10-23,345,1245,1245,Half2,0,19,0,3,NA,0,05:45,PHI 35,0,69,"6-C.Sturgis kicks 65 yards from PHI 35 to end zone, Touchback.",kickoff,0,0,0,0,0,0,0,NA,NA,NA,NA,NA,NA,NA,65,NA,NA,3,3,0,NA,NA,NA,NA,3,3,18,3,3,18,-15,3,18,-15,0.018025193363428116,0.14685586094856262,0.0043816762045025826,0.2655201852321625,0.2289353609085083,0.003284395905211568,0.3329973816871643,0,0,0.7163843144662678,-0,14.206834687240839,-14.206834687240839,-2.983644223087933,2.983644223087933,16.108963268861693,-16.108963268861693,NA,NA,0,0,0.20321300119394436,-0.20321300119394436,1.854793589154724,-1.854793589154724,10.78028400131734,-10.78028400131734,-9.791041913098603,9.791041913098603,0.07248867303133011,0.9275113269686699,0.9275113269686699,0.07248867303133011,-0,-0,0,0.9275113269686699,0.07248867303133011,0.12093056738376617,0.8790694326162338,-0.015102233082056049,0.015102233082056049,0.2699715902970995,-0.2699715902970995,NA,NA,0,0,0.020503371953964233,-0.020503371953964233,-0.2103477010561262,0.2103477010561262,0.020503371953964233,-0.020503371953964233,-0.16550912354719982,0.16550912354719982,0,0,0,0,0,0,0,0,0,1,0,0,0,0,0,0,0,0,0,0,0,0,0,0,0,0,0,0,0,0,0,0,0,0,0,0,0,0,0,0,0,0,1,0,0,0,0,0,0,0,0,NA,NA,NA,NA,NA,NA,NA,NA,NA,NA,NA,NA,NA,NA,NA,NA,NA,NA,NA,NA,NA,NA,NA,NA,NA,NA,NA,NA,NA,NA,NA,C.Sturgis,00-0030390,NA,NA,NA,NA,NA,NA,NA,NA,NA,NA,NA,NA,NA,NA,NA,NA,NA,NA,NA,NA,NA,NA,NA,NA,NA,NA,NA,NA,NA,NA,NA,NA,NA,NA,NA,NA,0,NA,NA,NA,NA,NA,NA,NA,NA,NA,NA,NA,NA,NA,NA,NA,NA,NA,NA,NA,NA,NA,NA,NA,NA,NA,NA,NA,NA,NA,NA,MIN,0,NA,NA,NA,NA,0,NA,NA,0,0,0,0,NA,NA,2016,NA,NA,38,1,First down,2793,"10/23/16, 13:02:59",2016-10-23T19:16:08Z,Lincoln Financial Field,"Clear Temp: 62° F, Humidity: 46%, Wind: W 20 mph",10012016-1023-0732-662e-25ff3a421c9a,0,0,KICK_OFF,1,NA,NA,NA,19,Turnover on downs,2016-10-23T19:16:08Z,14,7:24,4,1,0,3,4,0,KICKOFF,DOWNS,05:45,13:21,MIN 25,PHI 6,2793,3143,10,21,Home,11,31,-2.5,39,0,outdoors,grass,62,20,Doug Pederson,Mike Zimmer,PHI00,Lincoln Financial Field,0,0,NA,NA,NA,NA,NA,NA,0,0,0,1,0,NA,NA,NA,NA,NA,NA,NA,NA,NA,NA,0,1,-0,NA,NA,NA,NA,NA,NA,NA,2016,Other,NA,NA,NA,NA,NA,NA,NA,NA,NA,NA,Punt
2812,2016_07_MIN_PHI,2016102307,PHI,MIN,REG,7,MIN,away,PHI,MIN,75,2016-10-23,345,1245,1245,Half2,0,19,0,3,1,0,05:45,MIN 25,10,69,(5:45) (Shotgun) 8-S.Bradford pass incomplete short left to 19-A.Thielen (22-N.Carroll).,pass,0,1,0,1,0,0,0,short,left,8,NA,NA,NA,NA,NA,NA,NA,3,3,0,NA,NA,NA,NA,3,3,18,3,3,18,-15,3,18,-15,0.018025193363428116,0.14685586094856262,0.0043816762045025826,0.2655201852321625,0.2289353609085083,0.003284395905211568,0.3329973816871643,0,0,0.7163843144662678,-0.5549310967326164,14.761765783973456,-14.761765783973456,-2.983644223087933,2.983644223087933,16.66389436559431,-16.66389436559431,0.5084977792575955,-1.063428875990212,0,0,0.20321300119394436,-0.20321300119394436,1.854793589154724,-1.854793589154724,10.271786222059745,-10.271786222059745,-8.72761303710839,8.72761303710839,0.07248867303133011,0.9275113269686699,0.9275113269686699,0.07248867303133011,-0.014771699905395508,-0.006403841078281403,0.006403841078281403,0.9422830268740654,0.0577169731259346,0.12093056738376617,0.8790694326162338,-0.015102233082056049,0.015102233082056049,0.284743290202495,-0.284743290202495,0,-0.014771699905395508,0,0,0.020503371953964233,-0.020503371953964233,-0.2103477010561262,0.2103477010561262,0.020503371953964233,-0.020503371953964233,-0.1507374236418043,0.1507374236418043,0,0,0,0,0,0,0,0,1,0,0,0,0,0,0,0,0,0,0,0,0,0,0,0,0,0,0,0,0,0,0,0,0,1,0,0,0,0,0,0,0,0,0,0,0,0,0,0,0,0,0,00-0027854,S.Bradford,NA,00-0030035,A.Thielen,NA,NA,NA,NA,NA,NA,NA,NA,NA,NA,NA,NA,NA,NA,NA,NA,NA,NA,NA,NA,NA,NA,NA,NA,NA,NA,NA,NA,NA,NA,NA,NA,NA,NA,NA,NA,NA,NA,NA,NA,NA,NA,NA,NA,NA,NA,NA,NA,NA,NA,NA,NA,NA,NA,NA,NA,NA,NA,NA,NA,NA,NA,NA,NA,0,NA,NA,NA,NA,NA,NA,00-0027744,N.Carroll,NA,NA,NA,NA,NA,NA,NA,NA,NA,NA,NA,NA,NA,NA,NA,NA,NA,NA,NA,NA,NA,NA,NA,0,NA,NA,NA,NA,0,NA,NA,0,0,0,0,NA,NA,2016,0.6636205315589905,-66.36205315589905,38,1,First down,2812,"10/23/16, 13:02:59",2016-10-23T19:18:34Z,Lincoln Financial Field,"Clear Temp: 62° F, Humidity: 46%, Wind: W 20 mph",10012016-1023-0732-662e-25ff3a421c9a,0,0,PASS,0,NA,NA,NA,19,Turnover on downs,2016-10-23T19:16:08Z,14,7:24,4,1,0,3,4,0,KICKOFF,DOWNS,05:45,13:21,MIN 25,PHI 6,2793,3143,10,21,Home,11,31,-2.5,39,0,outdoors,grass,62,20,Doug Pederson,Mike Zimmer,PHI00,Lincoln Financial Field,0,0,S.Bradford,8,NA,NA,A.Thielen,19,1,0,0,0,1,00-0027854,NA,00-0030035,S.Bradford,8,00-0027854,A.Thielen,00-0030035,A.Thielen,00-0030035,0,1,-0.5549310967326164,0.2372714741264016,3.3257482786793844,1,0.9985140357166529,0.4726149121997878,0.6110065579414368,38.89934420585632,2016,Go for it,NA,NA,NA,NA,NA,NA,NA,NA,NA,NA,Punt
2834,2016_07_MIN_PHI,2016102307,PHI,MIN,REG,7,MIN,away,PHI,MIN,75,2016-10-23,341,1241,1241,Half2,0,19,0,3,2,0,05:41,MIN 25,10,69,(5:41) (Shotgun) 8-S.Bradford pass short left to 82-K.Rudolph to MIN 33 for 8 yards (22-N.Carroll).,pass,8,1,0,1,0,0,0,short,left,1,7,NA,NA,NA,NA,NA,NA,3,3,0,NA,NA,NA,NA,3,3,18,3,3,18,-15,3,18,-15,0.01811974309384823,0.16327768564224243,0.004948033951222897,0.29974862933158875,0.2053752839565277,0.003283499972894788,0.30524712800979614,0,0,0.1614532177336514,0.3895675432868302,14.372198240686625,-14.372198240686625,-2.983644223087933,2.983644223087933,16.27432682230748,-16.27432682230748,-0.6785048451274633,1.0680723884142935,-0.6785048451274633,1.0680723884142935,0.8817178463214077,-0.8817178463214077,0.7867212007404305,-0.7867212007404305,10.950291067187209,-10.950291067187209,-9.795685425522684,9.795685425522684,0.0577169731259346,0.9422830268740654,0.9422830268740654,0.0577169731259346,0.008081324398517609,-0.005987182259559631,0.005987182259559631,0.9342017024755478,0.06579829752445221,0.11452672630548477,0.8854732736945152,-0.015102233082056049,0.015102233082056049,0.2766619658039774,-0.2766619658039774,0,0.008081324398517609,0,0.008081324398517609,0.020503371953964233,-0.020503371953964233,-0.21842902545464382,0.21842902545464382,0.020503371953964233,-0.020503371953964233,-0.15881874804032192,0.15881874804032192,0,0,0,0,0,0,0,0,0,0,0,0,0,0,0,0,0,0,0,0,0,0,0,0,1,0,0,0,0,0,0,0,0,1,0,0,0,0,0,0,0,0,0,0,0,1,0,0,0,0,0,00-0027854,S.Bradford,8,00-0027981,K.Rudolph,8,NA,NA,NA,NA,NA,NA,NA,NA,NA,NA,NA,NA,NA,NA,NA,NA,NA,NA,NA,NA,NA,NA,NA,NA,NA,NA,NA,NA,NA,NA,NA,NA,NA,NA,NA,NA,NA,NA,NA,NA,NA,NA,NA,NA,NA,PHI,NA,00-0027744,NA,N.Carroll,NA,NA,NA,NA,NA,NA,NA,NA,NA,NA,NA,NA,NA,0,NA,NA,NA,NA,NA,NA,NA,NA,NA,NA,NA,NA,NA,NA,NA,NA,NA,NA,NA,NA,NA,NA,NA,NA,NA,NA,NA,NA,NA,NA,NA,0,NA,NA,NA,NA,0,NA,NA,0,0,0,0,NA,NA,2016,0.8021852970123291,19.78147029876709,38,1,First down,2834,"10/23/16, 13:02:59",2016-10-23T19:19:08Z,Lincoln Financial Field,"Clear Temp: 62° F, Humidity: 46%, Wind: W 20 mph",10012016-1023-0732-662e-25ff3a421c9a,0,0,PASS,0,NA,NA,NA,19,Turnover on downs,2016-10-23T19:16:08Z,14,7:24,4,1,0,3,4,0,KICKOFF,DOWNS,05:45,13:21,MIN 25,PHI 6,2793,3143,10,21,Home,11,31,-2.5,39,0,outdoors,grass,62,20,Doug Pederson,Mike Zimmer,PHI00,Lincoln Financial Field,0,1,S.Bradford,8,NA,NA,K.Rudolph,82,1,0,0,0,1,00-0027854,NA,00-0027981,S.Bradford,8,00-0027854,K.Rudolph,00-0027981,K.Rudolph,00-0027981,0,1,0.3895675432868302,0.886790365536656,6.042709877387097,5,0.4217466912814416,0.22187863808358088,0.7310866117477417,26.89133882522583,2016,Go for it,NA,NA,NA,NA,NA,NA,NA,NA,NA,NA,Punt
2858,2016_07_MIN_PHI,2016102307,PHI,MIN,REG,7,MIN,away,PHI,MIN,67,2016-10-23,313,1213,1213,Half2,0,19,0,3,3,0,05:13,MIN 33,2,69,(5:13) (Shotgun) 44-M.Asiata up the middle to MIN 36 for 3 yards (58-J.Hicks).,run,3,1,0,0,0,0,0,NA,NA,NA,NA,middle,NA,NA,NA,NA,NA,3,3,0,NA,NA,NA,NA,3,3,18,3,3,18,-15,3,18,-15,0.019673507660627365,0.16238932311534882,0.005005639977753162,0.2696814239025116,0.21173441410064697,0.003968610893934965,0.3275470733642578,0,0,0.5510207610204816,0.8805276299826801,13.491670610703945,-13.491670610703945,-3.864171853070613,3.864171853070613,16.27432682230748,-16.27432682230748,NA,NA,0,0,0.8817178463214077,-0.8817178463214077,0.7867212007404305,-0.7867212007404305,10.950291067187209,-10.950291067187209,-9.795685425522684,9.795685425522684,0.06579829752445221,0.9342017024755478,0.9342017024755478,0.06579829752445221,0.006578311324119568,0.00919247418642044,-0.00919247418642044,0.9276233911514282,0.07237660884857178,0.10853954404592514,0.8914604559540749,-0.021680544406175617,0.021680544406175617,0.2766619658039774,-0.2766619658039774,NA,NA,0,0,0.020503371953964233,-0.020503371953964233,-0.21842902545464382,0.21842902545464382,0.020503371953964233,-0.020503371953964233,-0.15881874804032192,0.15881874804032192,0,1,0,0,1,0,0,0,0,0,0,0,0,0,0,0,0,0,0,0,0,0,0,0,1,0,0,0,0,0,0,0,1,0,0,0,0,0,0,0,0,0,0,0,0,0,0,0,0,0,0,NA,NA,NA,NA,NA,NA,00-0028198,M.Asiata,3,NA,NA,NA,NA,NA,NA,NA,NA,NA,NA,NA,NA,NA,NA,NA,NA,NA,NA,NA,NA,NA,NA,NA,NA,NA,NA,NA,NA,NA,NA,NA,NA,NA,NA,NA,NA,NA,NA,NA,NA,NA,NA,PHI,NA,00-0032129,NA,J.Hicks,NA,NA,NA,NA,NA,NA,NA,NA,NA,NA,NA,NA,NA,0,NA,NA,NA,NA,NA,NA,NA,NA,NA,NA,NA,NA,NA,NA,NA,NA,NA,NA,NA,NA,NA,NA,NA,NA,NA,NA,NA,NA,NA,NA,NA,0,NA,NA,NA,NA,0,NA,NA,0,0,0,0,NA,NA,2016,NA,NA,38,1,First down,2858,"10/23/16, 13:02:59",2016-10-23T19:19:36Z,Lincoln Financial Field,"Clear Temp: 62° F, Humidity: 46%, Wind: W 20 mph",10012016-1023-0732-662e-25ff3a421c9a,0,0,RUSH,0,NA,NA,NA,19,Turnover on downs,2016-10-23T19:16:08Z,14,7:24,4,1,0,3,4,0,KICKOFF,DOWNS,05:45,13:21,MIN 25,PHI 6,2793,3143,10,21,Home,11,31,-2.5,39,0,outdoors,grass,62,20,Doug Pederson,Mike Zimmer,PHI00,Lincoln Financial Field,0,1,NA,NA,M.Asiata,44,NA,NA,0,1,1,0,1,NA,00-0028198,NA,M.Asiata,44,00-0028198,M.Asiata,00-0028198,M.Asiata,00-0028198,0,1,0.8805276299826801,NA,NA,NA,NA,NA,0.8182465434074402,-81.82465434074402,2016,Go for it,NA,NA,NA,NA,NA,NA,NA,NA,NA,NA,Punt
2879,2016_07_MIN_PHI,2016102307,PHI,MIN,REG,7,MIN,away,PHI,MIN,64,2016-10-23,273,1173,1173,Half2,0,19,0,3,1,0,04:33,MIN 36,10,69,(4:33) 8-S.Bradford pass incomplete right (58-J.Hicks) [58-J.Hicks].,pass,0,0,0,1,0,0,0,NA,NA,NA,NA,NA,NA,NA,NA,NA,NA,3,3,0,NA,NA,NA,NA,3,3,18,3,3,18,-15,3,18,-15,0.022770045325160027,0.12422433495521545,0.0027466348838061094,0.2217649519443512,0.2541881501674652,0.0041271997615695,0.37017863988876343,0,0,1.4315483910031617,-0.5678673037327826,14.059537914436728,-14.059537914436728,-3.864171853070613,3.864171853070613,16.842194126040262,-16.842194126040262,NA,NA,0,0,0.8817178463214077,-0.8817178463214077,0.7867212007404305,-0.7867212007404305,10.950291067187209,-10.950291067187209,-9.795685425522684,9.795685425522684,0.07237660884857178,0.9276233911514282,0.9276233911514282,0.07237660884857178,-0.010023649781942368,-0.01108597218990326,0.01108597218990326,0.9376470409333706,0.06235295906662941,0.11773201823234558,0.8822679817676544,-0.021680544406175617,0.021680544406175617,0.28668561558591976,-0.28668561558591976,NA,NA,0,0,0.020503371953964233,-0.020503371953964233,-0.21842902545464382,0.21842902545464382,0.020503371953964233,-0.020503371953964233,-0.15881874804032192,0.15881874804032192,0,0,0,0,0,0,0,0,1,0,0,0,0,0,0,0,0,0,0,0,0,0,0,0,0,0,0,0,0,0,0,1,0,1,0,0,0,0,0,0,0,0,0,0,0,0,0,0,0,0,0,00-0027854,S.Bradford,NA,NA,NA,NA,NA,NA,NA,NA,NA,NA,NA,NA,NA,NA,NA,NA,NA,NA,NA,NA,NA,NA,NA,NA,NA,NA,NA,NA,NA,NA,NA,NA,NA,NA,NA,NA,NA,NA,NA,00-0032129,J.Hicks,NA,NA,NA,NA,NA,NA,NA,NA,NA,NA,NA,NA,NA,NA,NA,NA,NA,NA,NA,NA,NA,NA,NA,NA,NA,NA,0,NA,NA,NA,NA,NA,NA,00-0032129,J.Hicks,NA,NA,NA,NA,NA,NA,NA,NA,NA,NA,NA,NA,NA,NA,NA,NA,NA,NA,NA,NA,NA,NA,NA,0,NA,NA,NA,NA,0,NA,NA,0,0,0,0,NA,NA,2016,NA,NA,39,1,First down,2879,"10/23/16, 13:02:59",2016-10-23T19:20:17Z,Lincoln Financial Field,"Clear Temp: 62° F, Humidity: 46%, Wind: W 20 mph",10012016-1023-0732-662e-25ff3a421c9a,0,0,PASS,0,NA,NA,NA,19,Turnover on downs,2016-10-23T19:16:08Z,14,7:24,4,1,0,3,4,0,KICKOFF,DOWNS,05:45,13:21,MIN 25,PHI 6,2793,3143,10,21,Home,11,31,-2.5,39,0,outdoors,grass,62,20,Doug Pederson,Mike Zimmer,PHI00,Lincoln Financial Field,0,0,S.Bradford,8,NA,NA,NA,NA,1,0,0,0,1,00-0027854,NA,NA,S.Bradford,8,00-0027854,NA,NA,NA,NA,0,1,-0.5678673037327826,NA,NA,NA,NA,NA,0.6130908131599426,38.69091868400574,2016,Go for it,NA,NA,NA,NA,NA,NA,NA,NA,NA,NA,Punt
2901,2016_07_MIN_PHI,2016102307,PHI,MIN,REG,7,NA,NA,NA,NA,NA,2016-10-23,266,1166,1166,Half2,0,19,0,3,NA,0,04:26,MIN 36,0,69,Timeout #1 by MIN at 04:26.,no_play,0,0,0,0,0,0,0,NA,NA,NA,NA,NA,NA,NA,NA,NA,NA,3,2,1,MIN,NA,NA,NA,NA,NA,18,3,NA,NA,NA,NA,NA,NA,0,0,0,0,0,0,0,0,0,0.8636810872703791,-0,14.059537914436728,-14.059537914436728,-3.864171853070613,3.864171853070613,16.842194126040262,-16.842194126040262,NA,NA,0,0,0.8817178463214077,-0.8817178463214077,0.7867212007404305,-0.7867212007404305,10.950291067187209,-10.950291067187209,-9.795685425522684,9.795685425522684,0.06235295906662941,0.9376470409333706,0.9376470409333706,0.06235295906662941,-0,-0,0,NA,NA,0.10664604604244232,0.8933539539575577,-0.021680544406175617,0.021680544406175617,0.28668561558591976,-0.28668561558591976,NA,NA,0,0,0.020503371953964233,-0.020503371953964233,-0.21842902545464382,0.21842902545464382,0.020503371953964233,-0.020503371953964233,-0.15881874804032192,0.15881874804032192,0,0,0,0,0,0,0,0,0,0,0,0,0,0,0,0,0,0,0,0,0,0,0,0,0,0,0,0,0,0,0,0,0,0,0,0,0,0,0,0,0,0,0,0,0,0,0,0,0,0,0,NA,NA,NA,NA,NA,NA,NA,NA,NA,NA,NA,NA,NA,NA,NA,NA,NA,NA,NA,NA,NA,NA,NA,NA,NA,NA,NA,NA,NA,NA,NA,NA,NA,NA,NA,NA,NA,NA,NA,NA,NA,NA,NA,NA,NA,NA,NA,NA,NA,NA,NA,NA,NA,NA,NA,NA,NA,NA,NA,NA,NA,NA,NA,NA,NA,NA,NA,NA,NA,0,NA,NA,NA,NA,NA,NA,NA,NA,NA,NA,NA,NA,NA,NA,NA,NA,NA,NA,NA,NA,NA,NA,NA,NA,NA,NA,NA,NA,NA,NA,NA,0,NA,NA,NA,NA,0,NA,NA,0,0,0,0,NA,NA,2016,NA,NA,39,1,First down,2901,"10/23/16, 13:02:59",2016-10-23T19:21:11Z,Lincoln Financial Field,"Clear Temp: 62° F, Humidity: 46%, Wind: W 20 mph",10012016-1023-0732-662e-25ff3a421c9a,0,0,TIMEOUT,0,NA,NA,NA,19,Turnover on downs,2016-10-23T19:16:08Z,14,7:24,4,1,0,3,4,0,KICKOFF,DOWNS,05:45,13:21,MIN 25,PHI 6,2793,3143,10,21,Home,11,31,-2.5,39,0,outdoors,grass,62,20,Doug Pederson,Mike Zimmer,PHI00,Lincoln Financial Field,0,0,NA,NA,NA,NA,NA,NA,0,0,0,0,0,NA,NA,NA,NA,NA,NA,NA,NA,NA,NA,0,1,-0,NA,NA,NA,NA,NA,NA,NA,2016,Other,NA,NA,NA,NA,NA,NA,NA,NA,NA,NA,Punt
2918,2016_07_MIN_PHI,2016102307,PHI,MIN,REG,7,MIN,away,PHI,MIN,64,2016-10-23,266,1166,1166,Half2,0,19,0,3,2,0,04:26,MIN 36,10,69,(4:26) (Shotgun) 21-J.McKinnon up the middle to MIN 32 for -4 yards (91-F.Cox).,run,-4,1,0,0,0,0,0,NA,NA,NA,NA,middle,NA,NA,NA,NA,NA,3,2,0,NA,NA,NA,NA,2,3,18,3,3,18,-15,3,18,-15,0.027585892006754875,0.13548842072486877,0.0026264418847858906,0.25376957654953003,0.24653556942939758,0.005155873950570822,0.3288382589817047,0,0,0.8636810872703791,-1.4592434675432742,15.518781381980002,-15.518781381980002,-2.404928385527339,2.404928385527339,16.842194126040262,-16.842194126040262,NA,NA,0,0,0.8817178463214077,-0.8817178463214077,0.7867212007404305,-0.7867212007404305,10.950291067187209,-10.950291067187209,-9.795685425522684,9.795685425522684,0.06235295906662941,0.9376470409333706,0.9376470409333706,0.06235295906662941,-0.008690673857927322,-0.016300000250339508,0.016300000250339508,0.9463377147912979,0.05366228520870209,0.10664604604244232,0.8933539539575577,-0.012989870548248295,0.012989870548248295,0.28668561558591976,-0.28668561558591976,NA,NA,0,0,0.020503371953964233,-0.020503371953964233,-0.21842902545464382,0.21842902545464382,0.020503371953964233,-0.020503371953964233,-0.15881874804032192,0.15881874804032192,0,0,0,0,0,0,0,0,0,0,0,0,0,0,0,0,0,0,0,0,0,0,0,0,1,0,0,1,0,0,0,0,1,0,0,0,0,0,0,0,0,0,0,0,0,0,0,0,0,0,0,NA,NA,NA,NA,NA,NA,00-0031376,J.McKinnon,-4,NA,NA,NA,NA,NA,NA,NA,NA,NA,NA,NA,NA,NA,NA,NA,NA,NA,NA,NA,NA,NA,NA,NA,NA,NA,NA,NA,NA,00-0029653,F.Cox,NA,NA,NA,NA,NA,NA,NA,NA,NA,NA,NA,NA,PHI,NA,00-0029653,NA,F.Cox,NA,NA,NA,NA,NA,NA,NA,NA,NA,NA,NA,NA,NA,0,NA,NA,NA,NA,NA,NA,NA,NA,NA,NA,NA,NA,NA,NA,NA,NA,NA,NA,NA,NA,NA,NA,NA,NA,NA,NA,NA,NA,NA,NA,NA,0,NA,NA,NA,NA,0,NA,NA,0,0,0,0,NA,NA,2016,NA,NA,39,1,First down,2918,"10/23/16, 13:02:59",2016-10-23T19:23:28Z,Lincoln Financial Field,"Clear Temp: 62° F, Humidity: 46%, Wind: W 20 mph",10012016-1023-0732-662e-25ff3a421c9a,0,0,RUSH,0,NA,NA,NA,19,Turnover on downs,2016-10-23T19:16:08Z,14,7:24,4,1,0,3,4,0,KICKOFF,DOWNS,05:45,13:21,MIN 25,PHI 6,2793,3143,10,21,Home,11,31,-2.5,39,0,outdoors,grass,62,20,Doug Pederson,Mike Zimmer,PHI00,Lincoln Financial Field,0,0,NA,NA,J.McKinnon,21,NA,NA,0,1,0,0,1,NA,00-0031376,NA,J.McKinnon,21,00-0031376,J.McKinnon,00-0031376,J.McKinnon,00-0031376,0,1,-1.4592434675432742,NA,NA,NA,NA,NA,0.7107633948326111,-71.07633948326111,2016,Go for it,NA,NA,NA,NA,NA,NA,NA,NA,NA,NA,Punt
2947,2016_07_MIN_PHI,2016102307,PHI,MIN,REG,7,MIN,away,PHI,MIN,68,2016-10-23,224,1124,1124,Half2,0,19,0,3,3,0,03:44,MIN 32,14,69,(3:44) (Shotgun) 44-M.Asiata right tackle pushed ob at PHI 39 for 29 yards (22-N.Carroll).,run,29,1,0,0,0,0,0,NA,NA,NA,NA,right,tackle,NA,NA,NA,NA,3,2,0,NA,NA,NA,NA,2,3,18,3,3,18,-15,3,18,-15,0.03087405487895012,0.18433037400245667,0.004569357261061668,0.3391156792640686,0.18272913992404938,0.0032959652598947287,0.25508540868759155,0,0,-0.5955623802728951,3.7761018332093954,11.742679548770607,-11.742679548770607,-6.181030218736734,6.181030218736734,16.842194126040262,-16.842194126040262,NA,NA,0,0,0.8817178463214077,-0.8817178463214077,0.7867212007404305,-0.7867212007404305,10.950291067187209,-10.950291067187209,-9.795685425522684,9.795685425522684,0.05366228520870209,0.9463377147912979,0.9463377147912979,0.05366228520870209,0.018978945910930634,0.043253906071186066,-0.043253906071186066,0.9273587688803673,0.07264123111963272,0.09034604579210281,0.9096539542078972,-0.03196881645917893,0.03196881645917893,0.28668561558591976,-0.28668561558591976,NA,NA,0,0,0.020503371953964233,-0.020503371953964233,-0.21842902545464382,0.21842902545464382,0.020503371953964233,-0.020503371953964233,-0.15881874804032192,0.15881874804032192,0,1,0,0,1,0,0,0,0,0,0,0,0,0,0,0,0,0,0,0,0,0,0,0,1,0,0,0,0,0,0,0,1,0,0,0,0,0,0,0,0,0,0,0,0,0,0,0,0,0,0,NA,NA,NA,NA,NA,NA,00-0028198,M.Asiata,29,NA,NA,NA,NA,NA,NA,NA,NA,NA,NA,NA,NA,NA,NA,NA,NA,NA,NA,NA,NA,NA,NA,NA,NA,NA,NA,NA,NA,NA,NA,NA,NA,NA,NA,NA,NA,NA,NA,NA,NA,NA,NA,PHI,NA,00-0027744,NA,N.Carroll,NA,NA,NA,NA,NA,NA,NA,NA,NA,NA,NA,NA,NA,0,NA,NA,NA,NA,NA,NA,NA,NA,NA,NA,NA,NA,NA,NA,NA,NA,NA,NA,NA,NA,NA,NA,NA,NA,NA,NA,NA,NA,NA,NA,NA,0,NA,NA,NA,NA,0,NA,NA,0,0,0,0,NA,NA,2016,NA,NA,39,1,First down,2947,"10/23/16, 13:02:59",2016-10-23T19:24:10Z,Lincoln Financial Field,"Clear Temp: 62° F, Humidity: 46%, Wind: W 20 mph",10012016-1023-0732-662e-25ff3a421c9a,0,0,RUSH,0,NA,NA,NA,19,Turnover on downs,2016-10-23T19:16:08Z,14,7:24,4,1,0,3,4,0,KICKOFF,DOWNS,05:45,13:21,MIN 25,PHI 6,2793,3143,10,21,Home,11,31,-2.5,39,0,outdoors,grass,62,20,Doug Pederson,Mike Zimmer,PHI00,Lincoln Financial Field,0,1,NA,NA,M.Asiata,44,NA,NA,0,1,1,0,1,NA,00-0028198,NA,M.Asiata,44,00-0028198,M.Asiata,00-0028198,M.Asiata,00-0028198,1,1,3.7761018332093954,NA,NA,NA,NA,NA,0.9743659496307373,-97.43659496307373,2016,Go for it,NA,NA,NA,NA,NA,NA,NA,NA,NA,NA,Punt
2968,2016_07_MIN_PHI,2016102307,PHI,MIN,REG,7,MIN,away,PHI,PHI,39,2016-10-23,187,1087,1087,Half2,0,19,0,3,1,0,03:07,PHI 39,10,69,(3:07) 21-J.McKinnon up the middle to PHI 36 for 3 yards (53-N.Bradham).,run,3,0,0,0,0,0,0,NA,NA,NA,NA,middle,NA,NA,NA,NA,NA,3,2,0,NA,NA,NA,NA,2,3,18,3,3,18,-15,3,18,-15,0.02151123434305191,0.06424011290073395,0.0010729015339165926,0.10981281101703644,0.36499929428100586,0.003889620304107666,0.43447402119636536,0,0,3.1805394529365003,-0.19030001806095243,11.932979566831559,-11.932979566831559,-5.990730200675782,5.990730200675782,16.842194126040262,-16.842194126040262,NA,NA,0,0,0.8817178463214077,-0.8817178463214077,0.7867212007404305,-0.7867212007404305,10.950291067187209,-10.950291067187209,-9.795685425522684,9.795685425522684,0.07264123111963272,0.9273587688803673,0.9273587688803673,0.07264123111963272,-0.005851753056049347,-3.253370523452759e-4,3.253370523452759e-4,0.9332105219364166,0.06678947806358337,0.13359995186328888,0.8664000481367111,-0.02611706340312958,0.02611706340312958,0.28668561558591976,-0.28668561558591976,NA,NA,0,0,0.020503371953964233,-0.020503371953964233,-0.21842902545464382,0.21842902545464382,0.020503371953964233,-0.020503371953964233,-0.15881874804032192,0.15881874804032192,0,0,0,0,0,0,0,0,0,0,0,0,0,0,0,0,0,0,0,0,0,0,0,0,1,0,0,0,0,0,0,0,1,0,0,0,0,0,0,0,0,0,0,0,0,0,0,0,0,0,0,NA,NA,NA,NA,NA,NA,00-0031376,J.McKinnon,3,NA,NA,NA,NA,NA,NA,NA,NA,NA,NA,NA,NA,NA,NA,NA,NA,NA,NA,NA,NA,NA,NA,NA,NA,NA,NA,NA,NA,NA,NA,NA,NA,NA,NA,NA,NA,NA,NA,NA,NA,NA,NA,PHI,NA,00-0029272,NA,N.Bradham,NA,NA,NA,NA,NA,NA,NA,NA,NA,NA,NA,NA,NA,0,NA,NA,NA,NA,NA,NA,NA,NA,NA,NA,NA,NA,NA,NA,NA,NA,NA,NA,NA,NA,NA,NA,NA,NA,NA,NA,NA,NA,NA,NA,NA,0,NA,NA,NA,NA,0,NA,NA,0,0,0,0,NA,NA,2016,NA,NA,40,1,First down,2968,"10/23/16, 13:02:59",2016-10-23T19:24:55Z,Lincoln Financial Field,"Clear Temp: 62° F, Humidity: 46%, Wind: W 20 mph",10012016-1023-0732-662e-25ff3a421c9a,0,0,RUSH,0,NA,NA,NA,19,Turnover on downs,2016-10-23T19:16:08Z,14,7:24,4,1,0,3,4,0,KICKOFF,DOWNS,05:45,13:21,MIN 25,PHI 6,2793,3143,10,21,Home,11,31,-2.5,39,0,outdoors,grass,62,20,Doug Pederson,Mike Zimmer,PHI00,Lincoln Financial Field,0,0,NA,NA,J.McKinnon,21,NA,NA,0,1,0,0,1,NA,00-0031376,NA,J.McKinnon,21,00-0031376,J.McKinnon,00-0031376,J.McKinnon,00-0031376,0,1,-0.19030001806095243,NA,NA,NA,NA,NA,0.6108159422874451,-61.08159422874451,2016,Go for it,NA,NA,NA,NA,NA,NA,NA,NA,NA,NA,Punt
2989,2016_07_MIN_PHI,2016102307,PHI,MIN,REG,7,MIN,away,PHI,PHI,36,2016-10-23,150,1050,1050,Half2,0,19,0,3,2,0,02:30,PHI 36,7,69,(2:30) (Shotgun) 21-J.McKinnon left guard to PHI 31 for 5 yards (22-N.Carroll; 58-J.Hicks).,run,5,1,0,0,0,0,0,NA,NA,NA,NA,left,guard,NA,NA,NA,NA,3,2,0,NA,NA,NA,NA,2,3,18,3,3,18,-15,3,18,-15,0.018639426678419113,0.06717482209205627,0.0010229130275547504,0.11242768168449402,0.40203359723091125,0.00324163306504488,0.395459920167923,0,0,2.990239434875548,0.06433237483724952,11.86864719199431,-11.86864719199431,-6.055062575513031,6.055062575513031,16.842194126040262,-16.842194126040262,NA,NA,0,0,0.8817178463214077,-0.8817178463214077,0.7867212007404305,-0.7867212007404305,10.950291067187209,-10.950291067187209,-9.795685425522684,9.795685425522684,0.06678947806358337,0.9332105219364166,0.9332105219364166,0.06678947806358337,0.0021810755133628845,-0.004665970802307129,0.004665970802307129,0.9310294464230537,0.06897055357694626,0.1332746148109436,0.8667253851890564,-0.028298138916492466,0.028298138916492466,0.28668561558591976,-0.28668561558591976,NA,NA,0,0,0.020503371953964233,-0.020503371953964233,-0.21842902545464382,0.21842902545464382,0.020503371953964233,-0.020503371953964233,-0.15881874804032192,0.15881874804032192,0,0,0,0,0,0,0,0,0,0,0,0,0,0,0,0,0,0,0,0,0,0,0,0,0,0,0,0,0,0,0,0,1,0,0,0,0,0,0,0,0,0,0,0,0,0,1,0,0,0,0,NA,NA,NA,NA,NA,NA,00-0031376,J.McKinnon,5,NA,NA,NA,NA,NA,NA,NA,NA,NA,NA,NA,NA,NA,NA,NA,NA,NA,NA,NA,NA,NA,NA,NA,NA,NA,NA,NA,NA,NA,NA,NA,NA,NA,NA,NA,NA,NA,NA,NA,NA,NA,NA,NA,NA,NA,NA,NA,NA,00-0027744,N.Carroll,PHI,00-0032129,J.Hicks,PHI,NA,NA,NA,NA,NA,NA,0,NA,NA,NA,NA,NA,NA,NA,NA,NA,NA,NA,NA,NA,NA,NA,NA,NA,NA,NA,NA,NA,NA,NA,NA,NA,NA,NA,NA,NA,NA,NA,0,NA,NA,NA,NA,0,NA,NA,0,0,0,0,NA,NA,2016,NA,NA,40,1,First down,2989,"10/23/16, 13:02:59",2016-10-23T19:25:32Z,Lincoln Financial Field,"Clear Temp: 62° F, Humidity: 46%, Wind: W 20 mph",10012016-1023-0732-662e-25ff3a421c9a,0,0,RUSH,0,NA,NA,NA,19,Turnover on downs,2016-10-23T19:16:08Z,14,7:24,4,1,0,3,4,0,KICKOFF,DOWNS,05:45,13:21,MIN 25,PHI 6,2793,3143,10,21,Home,11,31,-2.5,39,0,outdoors,grass,62,20,Doug Pederson,Mike Zimmer,PHI00,Lincoln Financial Field,0,1,NA,NA,J.McKinnon,21,NA,NA,0,1,0,0,1,NA,00-0031376,NA,J.McKinnon,21,00-0031376,J.McKinnon,00-0031376,J.McKinnon,00-0031376,0,1,0.06433237483724952,NA,NA,NA,NA,NA,0.7850359678268433,-78.50359678268433,2016,Go for it,NA,NA,NA,NA,NA,NA,NA,NA,NA,NA,Punt
3010,2016_07_MIN_PHI,2016102307,PHI,MIN,REG,7,MIN,away,PHI,PHI,31,2016-10-23,105,1005,1005,Half2,0,19,0,3,3,0,01:45,PHI 31,2,69,(1:45) (Shotgun) 8-S.Bradford pass short right to 44-M.Asiata to PHI 29 for 2 yards (31-J.Mills) [94-B.Allen].,pass,2,1,0,1,0,0,0,short,right,0,2,NA,NA,NA,NA,NA,NA,3,2,0,NA,NA,NA,NA,2,3,18,3,3,18,-15,3,18,-15,0.016971921548247337,0.06289542466402054,7.08219944499433e-4,0.10342012345790863,0.4343206584453583,0.0012264276156201959,0.38045722246170044,0,0,3.0545718097127974,0.7676611787173897,11.10098601327692,-11.10098601327692,-6.055062575513031,6.055062575513031,16.074532947322872,-16.074532947322872,-1.318063385784626,2.0857245645020157,-1.318063385784626,2.0857245645020157,2.1997812321060337,-2.1997812321060337,-1.2990033637615852,1.2990033637615852,12.268354452971835,-12.268354452971835,-11.8814099900247,11.8814099900247,0.06897055357694626,0.9310294464230537,0.9310294464230537,0.06897055357694626,0.006029754877090454,0.015032663941383362,-0.015032663941383362,0.9249996915459633,0.07500030845403671,0.12860864400863647,0.8713913559913635,-0.028298138916492466,0.028298138916492466,0.2806558607088293,-0.2806558607088293,0,0.006029754877090454,0,0.006029754877090454,0.020503371953964233,-0.020503371953964233,-0.22445878033173428,0.22445878033173428,0.020503371953964233,-0.020503371953964233,-0.16484850291741238,0.16484850291741238,0,0,1,0,1,0,0,0,0,0,0,0,0,0,0,0,0,0,0,0,0,0,0,0,1,0,0,0,0,0,0,1,0,1,0,0,0,0,0,0,0,0,0,0,0,1,0,0,0,0,0,00-0027854,S.Bradford,2,00-0028198,M.Asiata,2,NA,NA,NA,NA,NA,NA,NA,NA,NA,NA,NA,NA,NA,NA,NA,NA,NA,NA,NA,NA,NA,NA,NA,NA,NA,NA,NA,NA,NA,NA,NA,NA,NA,NA,NA,00-0031089,B.Allen,NA,NA,NA,NA,NA,NA,NA,NA,PHI,NA,00-0032803,NA,J.Mills,NA,NA,NA,NA,NA,NA,NA,NA,NA,NA,NA,NA,NA,0,NA,NA,NA,NA,NA,NA,NA,NA,NA,NA,NA,NA,NA,NA,NA,NA,NA,NA,NA,NA,NA,NA,NA,NA,NA,NA,NA,NA,NA,NA,NA,0,NA,NA,NA,NA,0,NA,NA,0,0,0,0,NA,NA,2016,0.31870558857917786,68.12944114208221,40,1,First down,3010,"10/23/16, 13:02:59",2016-10-23T19:26:17Z,Lincoln Financial Field,"Clear Temp: 62° F, Humidity: 46%, Wind: W 20 mph",10012016-1023-0732-662e-25ff3a421c9a,0,0,PASS,0,NA,NA,NA,19,Turnover on downs,2016-10-23T19:16:08Z,14,7:24,4,1,0,3,4,0,KICKOFF,DOWNS,05:45,13:21,MIN 25,PHI 6,2793,3143,10,21,Home,11,31,-2.5,39,0,outdoors,grass,62,20,Doug Pederson,Mike Zimmer,PHI00,Lincoln Financial Field,0,1,S.Bradford,8,NA,NA,M.Asiata,44,1,0,1,0,1,00-0027854,NA,00-0028198,S.Bradford,8,00-0027854,M.Asiata,00-0028198,M.Asiata,00-0028198,0,1,0.7676611787173897,1.8535210327036467,6.350465934956446,4,0.7125447575817816,0.7125447575817816,0.6678971648216248,33.210283517837524,2016,Go for it,NA,NA,NA,NA,NA,NA,NA,NA,NA,NA,Punt
3034,2016_07_MIN_PHI,2016102307,PHI,MIN,REG,7,MIN,away,PHI,PHI,29,2016-10-23,59,959,959,Half2,0,19,0,3,1,0,00:59,PHI 29,10,69,(:59) 8-S.Bradford pass short right to 14-S.Diggs to PHI 15 for 14 yards (31-J.Mills) [55-B.Graham]. PHI-31-J.Mills was injured during the play. His return is Probable.,pass,14,0,0,1,0,0,0,short,right,14,0,NA,NA,NA,NA,NA,NA,3,2,0,NA,NA,NA,NA,2,3,18,3,3,18,-15,3,18,-15,0.016905372962355614,0.04331451281905174,6.552794948220253e-4,0.06807902455329895,0.4154090881347656,0.0011287865927442908,0.4545079171657562,0,0,3.822232988430187,0.9245340606430545,10.176451952633865,-10.176451952633865,-6.055062575513031,6.055062575513031,15.149998886679818,-15.149998886679818,0.9245340606430545,0,0.9245340606430545,0,1.2752471714629792,-1.2752471714629792,-1.2990033637615852,1.2990033637615852,11.34382039232878,-11.34382039232878,-11.8814099900247,11.8814099900247,0.07500030845403671,0.9249996915459633,0.9249996915459633,0.07500030845403671,0.019553974270820618,0.012217983603477478,-0.012217983603477478,0.9054457172751427,0.09455428272485733,0.14364130795001984,0.8563586920499802,-0.028298138916492466,0.028298138916492466,0.2611018864380087,-0.2611018864380087,0.019553974270820618,0,0.019553974270820618,0,9.493976831436157e-4,-9.493976831436157e-4,-0.22445878033173428,0.22445878033173428,9.493976831436157e-4,-9.493976831436157e-4,-0.16484850291741238,0.16484850291741238,0,0,1,0,0,0,0,0,0,0,0,0,0,0,0,0,0,0,0,0,0,0,0,0,1,0,0,0,0,0,0,1,0,1,0,0,0,0,0,0,0,0,0,0,0,1,0,0,0,0,0,00-0027854,S.Bradford,14,00-0031588,S.Diggs,14,NA,NA,NA,NA,NA,NA,NA,NA,NA,NA,NA,NA,NA,NA,NA,NA,NA,NA,NA,NA,NA,NA,NA,NA,NA,NA,NA,NA,NA,NA,NA,NA,NA,NA,NA,00-0027865,B.Graham,NA,NA,NA,NA,NA,NA,NA,NA,PHI,NA,00-0032803,NA,J.Mills,NA,NA,NA,NA,NA,NA,NA,NA,NA,NA,NA,NA,NA,0,NA,NA,NA,NA,NA,NA,NA,NA,NA,NA,NA,NA,NA,NA,NA,NA,NA,NA,NA,NA,NA,NA,NA,NA,NA,NA,NA,NA,NA,NA,NA,0,NA,NA,NA,NA,0,NA,NA,0,0,0,0,NA,NA,2016,0.3829398453235626,61.70601546764374,41,1,First down,3034,"10/23/16, 13:02:59",2016-10-23T19:27:04Z,Lincoln Financial Field,"Clear Temp: 62° F, Humidity: 46%, Wind: W 20 mph",10012016-1023-0732-662e-25ff3a421c9a,0,0,PASS,0,NA,NA,NA,19,Turnover on downs,2016-10-23T19:16:08Z,14,7:24,4,1,0,3,4,0,KICKOFF,DOWNS,05:45,13:21,MIN 25,PHI 6,2793,3143,10,21,Home,11,31,-2.5,39,0,outdoors,grass,62,20,Doug Pederson,Mike Zimmer,PHI00,Lincoln Financial Field,0,1,S.Bradford,8,NA,NA,S.Diggs,14,1,0,1,0,1,00-0027854,NA,00-0031588,S.Bradford,8,00-0027854,S.Diggs,00-0031588,S.Diggs,00-0031588,0,1,0.9245340606430545,0.22640536156009472,2.5818599124322645,1,1,0.9994844693574123,0.5921829342842102,40.78170657157898,2016,Go for it,NA,NA,NA,NA,NA,NA,NA,NA,NA,NA,Punt
3058,2016_07_MIN_PHI,2016102307,PHI,MIN,REG,7,MIN,away,PHI,PHI,15,2016-10-23,27,927,927,Half2,0,19,0,3,1,0,00:27,PHI 15,10,69,(:27) Direct snap to 21-J.McKinnon. 21-J.McKinnon left end to PHI 9 for 6 yards (23-R.McLeod).,run,6,0,0,0,0,0,0,NA,NA,NA,NA,left,end,NA,NA,NA,NA,3,2,0,NA,NA,NA,NA,2,3,18,3,3,18,-15,3,18,-15,0.01007641851902008,0.019145503640174866,4.594973288476467e-4,0.03647307679057121,0.3679135739803314,9.660219657234848e-4,0.5649659037590027,0,0,4.746767049073242,0.14648046187357977,10.029971490760285,-10.029971490760285,-6.201543037386611,6.201543037386611,15.149998886679818,-15.149998886679818,NA,NA,0,0,1.2752471714629792,-1.2752471714629792,-1.2990033637615852,1.2990033637615852,11.34382039232878,-11.34382039232878,-11.8814099900247,11.8814099900247,0.09455428272485733,0.9054457172751427,0.9054457172751427,0.09455428272485733,0.004043370485305786,0.001724347472190857,-0.001724347472190857,0.9014023467898369,0.09859765321016312,0.15585929155349731,0.8441407084465027,-0.03234150940179825,0.03234150940179825,0.2611018864380087,-0.2611018864380087,NA,NA,0,0,9.493976831436157e-4,-9.493976831436157e-4,-0.22445878033173428,0.22445878033173428,9.493976831436157e-4,-9.493976831436157e-4,-0.16484850291741238,0.16484850291741238,0,0,0,0,0,0,0,0,0,0,0,0,0,0,0,0,0,0,0,0,0,0,0,0,1,0,0,0,0,0,0,0,1,0,0,0,0,0,0,0,0,0,0,0,0,0,0,0,0,0,0,NA,NA,NA,NA,NA,NA,00-0031376,J.McKinnon,6,NA,NA,NA,NA,NA,NA,NA,NA,NA,NA,NA,NA,NA,NA,NA,NA,NA,NA,NA,NA,NA,NA,NA,NA,NA,NA,NA,NA,NA,NA,NA,NA,NA,NA,NA,NA,NA,NA,NA,NA,NA,NA,PHI,NA,00-0028899,NA,R.McLeod,NA,NA,NA,NA,NA,NA,NA,NA,NA,NA,NA,NA,NA,0,NA,NA,NA,NA,NA,NA,NA,NA,NA,NA,NA,NA,NA,NA,NA,NA,NA,NA,NA,NA,NA,NA,NA,NA,NA,NA,NA,NA,NA,NA,NA,0,NA,NA,NA,NA,0,NA,NA,0,0,0,0,NA,NA,2016,NA,NA,42,0,Turnover on downs,3058,"10/23/16, 13:02:59",2016-10-23T19:29:01Z,Lincoln Financial Field,"Clear Temp: 62° F, Humidity: 46%, Wind: W 20 mph",10012016-1023-0732-662e-25ff3a421c9a,0,0,RUSH,0,NA,NA,NA,19,Turnover on downs,2016-10-23T19:16:08Z,14,7:24,4,1,0,3,4,0,KICKOFF,DOWNS,05:45,13:21,MIN 25,PHI 6,2793,3143,10,21,Home,11,31,-2.5,39,0,outdoors,grass,62,20,Doug Pederson,Mike Zimmer,PHI00,Lincoln Financial Field,0,1,NA,NA,J.McKinnon,21,NA,21,0,1,0,0,1,NA,00-0031376,NA,J.McKinnon,21,00-0031376,J.McKinnon,00-0031376,J.McKinnon,00-0031376,0,1,0.14648046187357977,NA,NA,NA,NA,NA,0.5384246706962585,-53.842467069625854,2016,Go for it,NA,NA,NA,NA,NA,NA,NA,NA,NA,NA,Punt
3085,2016_07_MIN_PHI,2016102307,PHI,MIN,REG,7,MIN,away,PHI,NA,NA,2016-10-23,0,900,900,Half2,1,19,0,3,NA,0,00:00,PHI 9,0,69,END QUARTER 3,NA,NA,0,0,NA,0,0,0,NA,NA,NA,NA,NA,NA,NA,NA,NA,NA,3,2,NA,NA,NA,NA,NA,2,3,18,3,3,18,-15,3,18,-15,0,0,0,0,0,0,0,0,0,4.893247510946821,-0,10.029971490760285,-10.029971490760285,-6.201543037386611,6.201543037386611,15.149998886679818,-15.149998886679818,NA,NA,NA,NA,1.2752471714629792,-1.2752471714629792,-1.2990033637615852,1.2990033637615852,11.34382039232878,-11.34382039232878,-11.8814099900247,11.8814099900247,0.09859765321016312,0.9014023467898369,0.9014023467898369,0.09859765321016312,-0,-0,0,0.9014023467898369,0.09859765321016312,0.15758363902568817,0.8424163609743118,-0.03234150940179825,0.03234150940179825,0.2611018864380087,-0.2611018864380087,NA,NA,NA,NA,9.493976831436157e-4,-9.493976831436157e-4,-0.22445878033173428,0.22445878033173428,9.493976831436157e-4,-9.493976831436157e-4,-0.16484850291741238,0.16484850291741238,NA,NA,NA,NA,NA,NA,NA,NA,NA,0,NA,NA,NA,NA,NA,NA,NA,NA,NA,NA,NA,NA,NA,NA,NA,NA,NA,NA,NA,NA,NA,NA,NA,NA,NA,NA,NA,NA,NA,NA,NA,NA,NA,NA,NA,NA,NA,NA,NA,NA,NA,NA,NA,NA,NA,NA,NA,NA,NA,NA,NA,NA,NA,NA,NA,NA,NA,NA,NA,NA,NA,NA,NA,NA,NA,NA,NA,NA,NA,NA,NA,NA,NA,NA,NA,NA,NA,NA,NA,NA,NA,NA,NA,NA,NA,NA,NA,NA,NA,NA,NA,NA,NA,NA,NA,NA,NA,NA,NA,NA,NA,NA,NA,NA,NA,NA,NA,NA,NA,NA,NA,NA,NA,NA,NA,NA,NA,NA,NA,NA,NA,NA,NA,NA,NA,NA,NA,NA,NA,NA,NA,NA,NA,NA,NA,NA,NA,NA,NA,NA,NA,NA,NA,NA,NA,NA,NA,0,NA,NA,NA,NA,NA,NA,NA,NA,2016,NA,NA,42,0,Turnover on downs,3085,"10/23/16, 13:02:59",NA,Lincoln Financial Field,"Clear Temp: 62° F, Humidity: 46%, Wind: W 20 mph",10012016-1023-0732-662e-25ff3a421c9a,0,0,END_QUARTER,0,NA,NA,NA,19,Turnover on downs,2016-10-23T19:16:08Z,14,7:24,4,1,0,3,4,0,KICKOFF,DOWNS,05:45,13:21,MIN 25,PHI 6,2793,3143,10,21,Home,11,31,-2.5,39,0,outdoors,grass,62,20,Doug Pederson,Mike Zimmer,PHI00,Lincoln Financial Field,0,0,NA,NA,NA,NA,NA,NA,0,0,NA,0,0,NA,NA,NA,NA,NA,NA,NA,NA,NA,NA,0,1,-0,NA,NA,NA,NA,NA,NA,NA,2016,Other,NA,NA,NA,NA,NA,NA,NA,NA,NA,NA,Punt
3101,2016_07_MIN_PHI,2016102307,PHI,MIN,REG,7,MIN,away,PHI,PHI,9,2016-10-23,900,900,900,Half2,0,19,0,4,2,0,15:00,PHI 9,4,69,(15:00) 44-M.Asiata up the middle to PHI 6 for 3 yards (21-L.McKelvin).,run,3,0,0,0,0,0,0,NA,NA,NA,NA,middle,NA,NA,NA,NA,NA,3,2,0,NA,NA,NA,NA,2,3,18,3,3,18,-15,3,18,-15,0.009033259935677052,0.016423426568508148,3.724230045918375e-4,0.02424313873052597,0.3825620412826538,0.0012562759220600128,0.5661094188690186,0,0,4.893247510946821,0.10004157735966146,9.929929913400624,-9.929929913400624,-6.301584614746273,6.301584614746273,15.149998886679818,-15.149998886679818,NA,NA,0,0,1.2752471714629792,-1.2752471714629792,-1.2990033637615852,1.2990033637615852,11.34382039232878,-11.34382039232878,-11.8814099900247,11.8814099900247,0.09859765321016312,0.9014023467898369,0.9014023467898369,0.09859765321016312,-7.593631744384766e-4,-0.006228193640708923,0.006228193640708923,0.9021617099642754,0.09783829003572464,0.15758363902568817,0.8424163609743118,-0.031582146227359775,0.031582146227359775,0.2611018864380087,-0.2611018864380087,NA,NA,0,0,9.493976831436157e-4,-9.493976831436157e-4,-0.22445878033173428,0.22445878033173428,9.493976831436157e-4,-9.493976831436157e-4,-0.16484850291741238,0.16484850291741238,0,0,0,0,0,0,0,0,0,0,0,0,0,0,0,0,0,0,0,0,0,0,0,0,1,0,0,0,0,0,0,0,1,0,0,0,0,0,0,0,0,0,0,0,0,0,0,0,0,0,0,NA,NA,NA,NA,NA,NA,00-0028198,M.Asiata,3,NA,NA,NA,NA,NA,NA,NA,NA,NA,NA,NA,NA,NA,NA,NA,NA,NA,NA,NA,NA,NA,NA,NA,NA,NA,NA,NA,NA,NA,NA,NA,NA,NA,NA,NA,NA,NA,NA,NA,NA,NA,NA,PHI,NA,00-0026151,NA,L.McKelvin,NA,NA,NA,NA,NA,NA,NA,NA,NA,NA,NA,NA,NA,0,NA,NA,NA,NA,NA,NA,NA,NA,NA,NA,NA,NA,NA,NA,NA,NA,NA,NA,NA,NA,NA,NA,NA,NA,NA,NA,NA,NA,NA,NA,NA,0,NA,NA,NA,NA,0,NA,NA,0,0,0,0,NA,NA,2016,NA,NA,42,0,Turnover on downs,3101,"10/23/16, 13:02:59",2016-10-23T19:31:57Z,Lincoln Financial Field,"Clear Temp: 62° F, Humidity: 46%, Wind: W 20 mph",10012016-1023-0732-662e-25ff3a421c9a,0,0,RUSH,0,NA,NA,NA,19,Turnover on downs,2016-10-23T19:16:08Z,14,7:24,4,1,0,3,4,0,KICKOFF,DOWNS,05:45,13:21,MIN 25,PHI 6,2793,3143,10,21,Home,11,31,-2.5,39,0,outdoors,grass,62,20,Doug Pederson,Mike Zimmer,PHI00,Lincoln Financial Field,0,1,NA,NA,M.Asiata,44,NA,NA,0,1,0,0,1,NA,00-0028198,NA,M.Asiata,44,00-0028198,M.Asiata,00-0028198,M.Asiata,00-0028198,0,1,0.10004157735966146,NA,NA,NA,NA,NA,0.5834174156188965,-58.34174156188965,2016,Go for it,NA,NA,NA,NA,NA,NA,NA,NA,NA,NA,Punt
3122,2016_07_MIN_PHI,2016102307,PHI,MIN,REG,7,MIN,away,PHI,PHI,6,2016-10-23,854,854,854,Half2,0,19,0,4,3,0,14:14,PHI 6,1,69,(14:14) 48-Z.Line up the middle to PHI 6 for no gain (58-J.Hicks).,run,0,0,0,0,0,0,0,NA,NA,NA,NA,middle,NA,NA,NA,NA,NA,3,2,0,NA,NA,NA,NA,2,3,18,3,3,18,-15,3,18,-15,0.010392443276941776,0.017147516831755638,3.645221295300871e-4,0.025782665237784386,0.34773334860801697,0.0014634610852226615,0.5971160531044006,0,0,4.993289088306483,-1.3840544861159287,11.313984399516553,-11.313984399516553,-4.917530128630344,4.917530128630344,15.149998886679818,-15.149998886679818,NA,NA,0,0,1.2752471714629792,-1.2752471714629792,-1.2990033637615852,1.2990033637615852,11.34382039232878,-11.34382039232878,-11.8814099900247,11.8814099900247,0.09783829003572464,0.9021617099642754,0.9021617099642754,0.09783829003572464,-0.031325049698352814,-0.05686935782432556,0.05686935782432556,0.9334867596626282,0.06651324033737183,0.15135544538497925,0.8486445546150208,-2.5709652900696156e-4,2.5709652900696156e-4,0.2611018864380087,-0.2611018864380087,NA,NA,0,0,9.493976831436157e-4,-9.493976831436157e-4,-0.22445878033173428,0.22445878033173428,9.493976831436157e-4,-9.493976831436157e-4,-0.16484850291741238,0.16484850291741238,0,0,0,0,0,1,0,0,0,0,0,0,0,0,0,0,0,0,0,0,0,0,0,0,1,0,0,0,0,0,0,0,1,0,0,0,0,0,0,0,0,0,0,0,0,0,0,0,0,0,0,NA,NA,NA,NA,NA,NA,00-0029931,Z.Line,0,NA,NA,NA,NA,NA,NA,NA,NA,NA,NA,NA,NA,NA,NA,NA,NA,NA,NA,NA,NA,NA,NA,NA,NA,NA,NA,NA,NA,NA,NA,NA,NA,NA,NA,NA,NA,NA,NA,NA,NA,NA,NA,PHI,NA,00-0032129,NA,J.Hicks,NA,NA,NA,NA,NA,NA,NA,NA,NA,NA,NA,NA,NA,0,NA,NA,NA,NA,NA,NA,NA,NA,NA,NA,NA,NA,NA,NA,NA,NA,NA,NA,NA,NA,NA,NA,NA,NA,NA,NA,NA,NA,NA,NA,NA,0,NA,NA,NA,NA,0,NA,NA,0,0,0,0,NA,NA,2016,NA,NA,42,0,Turnover on downs,3122,"10/23/16, 13:02:59",2016-10-23T19:32:42Z,Lincoln Financial Field,"Clear Temp: 62° F, Humidity: 46%, Wind: W 20 mph",10012016-1023-0732-662e-25ff3a421c9a,0,0,RUSH,0,NA,NA,NA,19,Turnover on downs,2016-10-23T19:16:08Z,14,7:24,4,1,0,3,4,0,KICKOFF,DOWNS,05:45,13:21,MIN 25,PHI 6,2793,3143,10,21,Home,11,31,-2.5,39,0,outdoors,grass,62,20,Doug Pederson,Mike Zimmer,PHI00,Lincoln Financial Field,0,0,NA,NA,Z.Line,48,NA,NA,0,1,0,0,1,NA,00-0029931,NA,Z.Line,48,00-0029931,Z.Line,00-0029931,Z.Line,00-0029931,0,1,-1.3840544861159287,NA,NA,NA,NA,NA,0.2886742651462555,-28.86742651462555,2016,Go for it,NA,NA,NA,NA,NA,NA,NA,NA,NA,NA,Punt
3143,2016_07_MIN_PHI,2016102307,PHI,MIN,REG,7,MIN,away,PHI,PHI,6,2016-10-23,808,808,808,Half2,0,19,0,4,4,0,13:28,PHI 6,1,69,(13:28) 44-M.Asiata left guard to PHI 6 for no gain (94-B.Allen).,run,0,0,0,0,0,0,0,NA,NA,NA,NA,left,guard,NA,NA,NA,NA,3,2,0,NA,NA,NA,NA,2,3,18,3,3,18,-15,3,18,-15,0.01869409717619419,0.031942903995513916,5.278694443404675e-4,0.044733673334121704,0.5748217105865479,0.002033781260251999,0.3272460103034973,0,0,3.609234602190554,-3.717920956434682,15.031905355951235,-15.031905355951235,-1.1996091721956619,1.1996091721956619,15.149998886679818,-15.149998886679818,NA,NA,0,0,1.2752471714629792,-1.2752471714629792,-1.2990033637615852,1.2990033637615852,11.34382039232878,-11.34382039232878,-11.8814099900247,11.8814099900247,0.06651324033737183,0.9334867596626282,0.9334867596626282,0.06651324033737183,-0.04566723108291626,-0.056925028562545776,0.056925028562545776,0.9791539907455444,0.020846009254455566,0.09448608756065369,0.9055139124393463,0.0454101345539093,-0.0454101345539093,0.2611018864380087,-0.2611018864380087,NA,NA,0,0,9.493976831436157e-4,-9.493976831436157e-4,-0.22445878033173428,0.22445878033173428,9.493976831436157e-4,-9.493976831436157e-4,-0.16484850291741238,0.16484850291741238,0,0,0,0,0,0,0,1,0,0,0,0,0,0,0,0,0,0,0,0,0,0,0,0,1,0,0,0,0,0,0,0,1,0,0,0,0,0,0,0,0,0,0,0,0,0,0,0,0,0,0,NA,NA,NA,NA,NA,NA,00-0028198,M.Asiata,0,NA,NA,NA,NA,NA,NA,NA,NA,NA,NA,NA,NA,NA,NA,NA,NA,NA,NA,NA,NA,NA,NA,NA,NA,NA,NA,NA,NA,NA,NA,NA,NA,NA,NA,NA,NA,NA,NA,NA,NA,NA,NA,PHI,NA,00-0031089,NA,B.Allen,NA,NA,NA,NA,NA,NA,NA,NA,NA,NA,NA,NA,NA,0,NA,NA,NA,NA,NA,NA,NA,NA,NA,NA,NA,NA,NA,NA,NA,NA,NA,NA,NA,NA,NA,NA,NA,NA,NA,NA,NA,NA,NA,NA,NA,0,NA,NA,NA,NA,0,NA,NA,0,0,0,0,NA,NA,2016,NA,NA,42,0,Turnover on downs,3143,"10/23/16, 13:02:59",2016-10-23T19:33:29Z,Lincoln Financial Field,"Clear Temp: 62° F, Humidity: 46%, Wind: W 20 mph",10012016-1023-0732-662e-25ff3a421c9a,0,0,RUSH,0,NA,NA,NA,19,Turnover on downs,2016-10-23T19:16:08Z,14,7:24,4,1,0,3,4,0,KICKOFF,DOWNS,05:45,13:21,MIN 25,PHI 6,2793,3143,10,21,Home,11,31,-2.5,39,0,outdoors,grass,62,20,Doug Pederson,Mike Zimmer,PHI00,Lincoln Financial Field,0,0,NA,NA,M.Asiata,44,NA,NA,0,1,0,0,1,NA,00-0028198,NA,M.Asiata,44,00-0028198,M.Asiata,00-0028198,M.Asiata,00-0028198,0,1,-3.717920956434682,NA,NA,NA,NA,NA,0.3040659725666046,-30.40659725666046,2016,Go for it,1.6938716304362735,0.6334557646478061,0.04336757959077474,0.1456147196685902,0.108136620468627,0.9816464708112436,0.04027131199836731,0.09215006232261658,0.09119790416426427,NA,Punt
3164,2016_07_MIN_PHI,2016102307,PHI,MIN,REG,7,PHI,home,MIN,PHI,94,2016-10-23,801,801,801,Half2,0,20,0,4,1,0,13:21,PHI 6,10,3,(13:21) 24-R.Mathews right guard to PHI 6 for no gain (99-D.Hunter).,run,0,0,0,0,0,0,0,NA,NA,NA,NA,right,guard,NA,NA,NA,NA,3,2,0,NA,NA,NA,NA,3,2,18,3,18,3,15,18,3,15,0.07910275459289551,0.20335088670253754,0.020570557564496994,0.2426895797252655,0.1788349151611328,0.0011913796188309789,0.2742599546909332,0,0,0.10868635424412787,-0.4724203604273498,14.559484995523885,-14.559484995523885,-1.6720295326230117,1.6720295326230117,15.149998886679818,-15.149998886679818,NA,NA,0,0,1.2752471714629792,-1.2752471714629792,-1.2990033637615852,1.2990033637615852,11.34382039232878,-11.34382039232878,-11.8814099900247,11.8814099900247,0.9791539907455444,0.020846009254455566,0.9791539907455444,0.020846009254455566,-0.004024147987365723,-0.009614109992980957,-0.009614109992980957,0.9751298427581787,0.02487015724182129,0.9624389410018921,0.9624389410018921,0.041385986566543576,-0.041385986566543576,0.2611018864380087,-0.2611018864380087,NA,NA,0,0,9.493976831436157e-4,-9.493976831436157e-4,-0.22445878033173428,0.22445878033173428,9.493976831436157e-4,-9.493976831436157e-4,-0.16484850291741238,0.16484850291741238,0,0,0,0,0,0,0,0,0,0,0,0,0,0,0,0,0,0,0,0,0,0,0,0,1,0,0,0,0,0,0,0,1,0,0,0,0,0,0,0,0,0,0,0,0,0,0,0,0,0,0,NA,NA,NA,NA,NA,NA,00-0027864,R.Mathews,0,NA,NA,NA,NA,NA,NA,NA,NA,NA,NA,NA,NA,NA,NA,NA,NA,NA,NA,NA,NA,NA,NA,NA,NA,NA,NA,NA,NA,NA,NA,NA,NA,NA,NA,NA,NA,NA,NA,NA,NA,NA,NA,MIN,NA,00-0031565,NA,D.Hunter,NA,NA,NA,NA,NA,NA,NA,NA,NA,NA,NA,NA,NA,0,NA,NA,NA,NA,NA,NA,NA,NA,NA,NA,NA,NA,NA,NA,NA,NA,NA,NA,NA,NA,NA,NA,NA,NA,NA,NA,NA,NA,NA,NA,NA,0,NA,NA,NA,NA,0,NA,NA,0,0,0,0,NA,NA,2016,NA,NA,43,0,Punt,3164,"10/23/16, 13:02:59",2016-10-23T19:37:02Z,Lincoln Financial Field,"Clear Temp: 62° F, Humidity: 46%, Wind: W 20 mph",10012016-1023-0732-662e-25ff3a421c9a,0,0,RUSH,0,NA,NA,NA,20,Punt,2016-10-23T19:37:02Z,3,1:52,0,0,0,4,4,0,DOWNS,PUNT,13:21,11:29,PHI 6,PHI 9,3164,3238,10,21,Home,11,31,-2.5,39,0,outdoors,grass,62,20,Doug Pederson,Mike Zimmer,PHI00,Lincoln Financial Field,0,0,NA,NA,R.Mathews,24,NA,NA,0,1,0,0,1,NA,00-0027864,NA,R.Mathews,24,00-0027864,R.Mathews,00-0027864,R.Mathews,00-0027864,0,1,-0.4724203604273498,NA,NA,NA,NA,NA,0.1540817767381668,-15.408177673816681,2016,Go for it,NA,NA,NA,NA,NA,NA,NA,NA,NA,NA,Punt
3185,2016_07_MIN_PHI,2016102307,PHI,MIN,REG,7,PHI,home,MIN,PHI,94,2016-10-23,757,757,757,Half2,0,20,0,4,2,0,12:37,PHI 6,10,3,"(12:37) 24-R.Mathews up the middle to PHI 6 for no gain (52-C.Greenway). Penalty on PHI-64-M.Tobin, Illegal Formation, declined.",run,0,0,0,0,0,0,0,NA,NA,NA,NA,middle,NA,NA,NA,NA,NA,3,2,0,NA,NA,NA,NA,3,2,18,3,18,3,15,18,3,15,0.08847689628601074,0.21927717328071594,0.024064011871814728,0.2639584541320801,0.15857535600662231,0.001065612188540399,0.24458248913288116,0,0,-0.36373400618322194,-0.6892013845499605,13.870283610973924,-13.870283610973924,-2.361230917172972,2.361230917172972,15.149998886679818,-15.149998886679818,NA,NA,0,0,1.2752471714629792,-1.2752471714629792,-1.2990033637615852,1.2990033637615852,11.34382039232878,-11.34382039232878,-11.8814099900247,11.8814099900247,0.9751298427581787,0.02487015724182129,0.9751298427581787,0.02487015724182129,-0.0021411776542663574,-0.005274295806884766,-0.005274295806884766,0.9729886651039124,0.027011334896087646,0.9528248310089111,0.9528248310089111,0.03924480891227722,-0.03924480891227722,0.2611018864380087,-0.2611018864380087,NA,NA,0,0,9.493976831436157e-4,-9.493976831436157e-4,-0.22445878033173428,0.22445878033173428,9.493976831436157e-4,-9.493976831436157e-4,-0.16484850291741238,0.16484850291741238,0,0,0,0,0,0,0,0,0,0,0,0,0,0,0,0,0,0,0,0,0,0,0,0,1,0,0,0,0,0,0,0,1,0,0,0,0,0,0,0,0,0,0,0,0,0,0,0,0,0,0,NA,NA,NA,NA,NA,NA,00-0027864,R.Mathews,0,NA,NA,NA,NA,NA,NA,NA,NA,NA,NA,NA,NA,NA,NA,NA,NA,NA,NA,NA,NA,NA,NA,NA,NA,NA,NA,NA,NA,NA,NA,NA,NA,NA,NA,NA,NA,NA,NA,NA,NA,NA,NA,MIN,NA,00-0024232,NA,C.Greenway,NA,NA,NA,NA,NA,NA,NA,NA,NA,NA,NA,NA,NA,0,NA,NA,NA,NA,NA,NA,NA,NA,NA,NA,NA,NA,NA,NA,NA,NA,NA,NA,NA,NA,NA,NA,NA,NA,NA,NA,NA,NA,NA,NA,NA,0,NA,NA,NA,NA,0,NA,NA,0,0,0,0,NA,NA,2016,NA,NA,43,0,Punt,3185,"10/23/16, 13:02:59",2016-10-23T19:37:47Z,Lincoln Financial Field,"Clear Temp: 62° F, Humidity: 46%, Wind: W 20 mph",10012016-1023-0732-662e-25ff3a421c9a,0,0,RUSH,0,NA,NA,NA,20,Punt,2016-10-23T19:37:02Z,3,1:52,0,0,0,4,4,0,DOWNS,PUNT,13:21,11:29,PHI 6,PHI 9,3164,3238,10,21,Home,11,31,-2.5,39,0,outdoors,grass,62,20,Doug Pederson,Mike Zimmer,PHI00,Lincoln Financial Field,0,0,NA,NA,R.Mathews,24,NA,NA,0,1,0,0,1,NA,00-0027864,NA,R.Mathews,24,00-0027864,R.Mathews,00-0027864,R.Mathews,00-0027864,0,1,-0.6892013845499605,NA,NA,NA,NA,NA,0.32947713136672974,-32.947713136672974,2016,Go for it,NA,NA,NA,NA,NA,NA,NA,NA,NA,NA,Punt
3217,2016_07_MIN_PHI,2016102307,PHI,MIN,REG,7,PHI,home,MIN,PHI,94,2016-10-23,737,737,737,Half2,0,20,0,4,3,0,12:17,PHI 6,10,3,(12:17) (Shotgun) 28-W.Smallwood up the middle to PHI 9 for 3 yards (97-E.Griffen).,run,3,1,0,0,0,0,0,NA,NA,NA,NA,middle,NA,NA,NA,NA,NA,3,2,0,NA,NA,NA,NA,3,2,18,3,18,3,15,18,3,15,0.08584953099489212,0.2522890865802765,0.02661721222102642,0.29549533128738403,0.13686268031597137,0.0010315240360796452,0.2018546462059021,0,0,-1.0529353907331824,-1.0307505163364112,12.839533094637513,-12.839533094637513,-3.3919814335093834,3.3919814335093834,15.149998886679818,-15.149998886679818,NA,NA,0,0,1.2752471714629792,-1.2752471714629792,-1.2990033637615852,1.2990033637615852,11.34382039232878,-11.34382039232878,-11.8814099900247,11.8814099900247,0.9729886651039124,0.027011334896087646,0.9729886651039124,0.027011334896087646,-0.011466503143310547,-0.014881491661071777,-0.014881491661071777,0.9615221619606018,0.03847783803939819,0.9475505352020264,0.9475505352020264,0.02777830576896667,-0.02777830576896667,0.2611018864380087,-0.2611018864380087,NA,NA,0,0,9.493976831436157e-4,-9.493976831436157e-4,-0.22445878033173428,0.22445878033173428,9.493976831436157e-4,-9.493976831436157e-4,-0.16484850291741238,0.16484850291741238,0,0,0,0,0,1,0,0,0,0,0,0,0,0,0,0,0,0,0,0,0,0,0,0,1,0,0,0,0,0,0,0,1,0,0,0,0,0,0,0,0,0,0,0,0,0,0,0,0,0,0,NA,NA,NA,NA,NA,NA,00-0032782,W.Smallwood,3,NA,NA,NA,NA,NA,NA,NA,NA,NA,NA,NA,NA,NA,NA,NA,NA,NA,NA,NA,NA,NA,NA,NA,NA,NA,NA,NA,NA,NA,NA,NA,NA,NA,NA,NA,NA,NA,NA,NA,NA,NA,NA,MIN,NA,00-0027701,NA,E.Griffen,NA,NA,NA,NA,NA,NA,NA,NA,NA,NA,NA,NA,NA,0,NA,NA,NA,NA,NA,NA,NA,NA,NA,NA,NA,NA,NA,NA,NA,NA,NA,NA,NA,NA,NA,NA,NA,NA,NA,NA,NA,NA,NA,NA,NA,0,NA,NA,NA,NA,0,NA,NA,0,0,0,0,NA,NA,2016,NA,NA,43,0,Punt,3217,"10/23/16, 13:02:59",2016-10-23T19:38:58Z,Lincoln Financial Field,"Clear Temp: 62° F, Humidity: 46%, Wind: W 20 mph",10012016-1023-0732-662e-25ff3a421c9a,0,0,RUSH,0,NA,NA,NA,20,Punt,2016-10-23T19:37:02Z,3,1:52,0,0,0,4,4,0,DOWNS,PUNT,13:21,11:29,PHI 6,PHI 9,3164,3238,10,21,Home,11,31,-2.5,39,0,outdoors,grass,62,20,Doug Pederson,Mike Zimmer,PHI00,Lincoln Financial Field,0,0,NA,NA,W.Smallwood,28,NA,NA,0,1,0,0,1,NA,00-0032782,NA,W.Smallwood,28,00-0032782,W.Smallwood,00-0032782,W.Smallwood,00-0032782,0,1,-1.0307505163364112,NA,NA,NA,NA,NA,0.8219931721687317,-82.19931721687317,2016,Go for it,NA,NA,NA,NA,NA,NA,NA,NA,NA,NA,Punt
3238,2016_07_MIN_PHI,2016102307,PHI,MIN,REG,7,PHI,home,MIN,PHI,91,2016-10-23,701,701,701,Half2,0,20,0,4,4,0,11:41,PHI 9,7,3,"(11:41) 8-D.Jones punts 42 yards to MIN 49, Center-46-J.Dorenbos. 35-M.Sherels to 50 for 1 yard. FUMBLES, RECOVERED by PHI-47-T.Burton at MIN 49. 47-T.Burton to MIN 49 for no gain (57-A.Cole).",punt,0,0,0,0,0,0,0,NA,NA,NA,NA,NA,NA,NA,42,NA,NA,3,2,0,NA,NA,NA,NA,3,2,18,3,18,3,15,18,3,15,0.10420788079500198,0.2981536388397217,0.014467403292655945,0.3462570607662201,0.09734393656253815,0.0011026028078049421,0.1384674608707428,0,0,-2.0836859070695937,5.030341182136908,17.86987427677442,-17.86987427677442,-3.3919814335093834,3.3919814335093834,15.149998886679818,-15.149998886679818,NA,NA,0,0,1.2752471714629792,-1.2752471714629792,-1.2990033637615852,1.2990033637615852,11.34382039232878,-11.34382039232878,-11.8814099900247,11.8814099900247,0.9615221619606018,0.03847783803939819,0.9615221619606018,0.03847783803939819,0.023929297924041748,0.03691643476486206,0.03691643476486206,0.9854514598846436,0.014548540115356445,0.9326690435409546,0.9326690435409546,0.02777830576896667,-0.02777830576896667,0.2611018864380087,-0.2611018864380087,NA,NA,0,0,9.493976831436157e-4,-9.493976831436157e-4,-0.22445878033173428,0.22445878033173428,9.493976831436157e-4,-9.493976831436157e-4,-0.16484850291741238,0.16484850291741238,0,0,0,0,0,0,0,0,0,0,0,0,0,0,0,0,0,0,0,0,0,0,1,0,1,0,0,0,1,0,0,0,0,0,0,0,0,0,0,0,0,0,0,1,1,0,0,0,0,0,0,NA,NA,NA,NA,NA,NA,NA,NA,NA,NA,NA,NA,NA,NA,NA,NA,NA,NA,NA,NA,NA,00-0027547,M.Sherels,NA,NA,NA,NA,NA,NA,00-0022684,D.Jones,NA,NA,NA,NA,NA,NA,NA,NA,NA,NA,NA,NA,NA,NA,NA,NA,NA,NA,NA,NA,MIN,NA,00-0029578,NA,A.Cole,NA,NA,NA,NA,NA,NA,NA,NA,NA,NA,NA,NA,NA,0,NA,NA,NA,NA,NA,NA,NA,NA,NA,NA,MIN,00-0027547,M.Sherels,NA,NA,NA,PHI,0,00-0030710,T.Burton,NA,NA,NA,NA,NA,NA,NA,NA,NA,NA,MIN,0,NA,NA,NA,NA,0,NA,NA,0,0,0,0,NA,NA,2016,NA,NA,43,0,Punt,3238,"10/23/16, 13:02:59",2016-10-23T19:39:34Z,Lincoln Financial Field,"Clear Temp: 62° F, Humidity: 46%, Wind: W 20 mph",10012016-1023-0732-662e-25ff3a421c9a,0,0,PUNT,1,NA,NA,NA,20,Punt,2016-10-23T19:37:02Z,3,1:52,0,0,0,4,4,0,DOWNS,PUNT,13:21,11:29,PHI 6,PHI 9,3164,3238,10,21,Home,11,31,-2.5,39,0,outdoors,grass,62,20,Doug Pederson,Mike Zimmer,PHI00,Lincoln Financial Field,0,1,NA,NA,NA,NA,NA,NA,0,0,0,1,0,NA,NA,NA,NA,NA,NA,NA,NA,NA,NA,0,1,5.030341182136908,NA,NA,NA,NA,NA,NA,NA,2016,Punt,-0.716626730598735,0.3499429685471114,0.901341869465642,0.9648574916255808,0.923568720578326,0,0.896232396364212,0.9842943497933447,0.896232396364212,0.9307349878843133,Punt
3280,2016_07_MIN_PHI,2016102307,PHI,MIN,REG,7,PHI,home,MIN,MIN,49,2016-10-23,689,689,689,Half2,0,21,0,4,1,0,11:29,MIN 49,10,47,(11:29) 43-D.Sproles right tackle to MIN 32 for 17 yards (98-L.Joseph).,run,17,0,0,0,0,0,0,NA,NA,NA,NA,right,tackle,NA,NA,NA,NA,3,2,0,NA,NA,NA,NA,3,2,18,3,18,3,15,18,3,15,0.07306673377752304,0.08692958205938339,0.0011223031906411052,0.10758751630783081,0.28471723198890686,0.0034773617517203093,0.4430992603302002,0,0,2.9466552750673145,0.9371528298361227,18.807027106610544,-18.807027106610544,-2.4548286036732607,2.4548286036732607,15.149998886679818,-15.149998886679818,NA,NA,0,0,1.2752471714629792,-1.2752471714629792,-1.2990033637615852,1.2990033637615852,11.34382039232878,-11.34382039232878,-11.8814099900247,11.8814099900247,0.9854514598846436,0.014548540115356445,0.9854514598846436,0.014548540115356445,0.003457009792327881,0.010246038436889648,0.010246038436889648,0.9889084696769714,0.011091530323028564,0.9695854783058167,0.9695854783058167,0.031235315561294552,-0.031235315561294552,0.2611018864380087,-0.2611018864380087,NA,NA,0,0,9.493976831436157e-4,-9.493976831436157e-4,-0.22445878033173428,0.22445878033173428,9.493976831436157e-4,-9.493976831436157e-4,-0.16484850291741238,0.16484850291741238,0,1,0,0,0,0,0,0,0,0,0,0,0,0,0,0,0,0,0,0,0,0,0,0,1,0,0,0,0,0,0,0,1,0,0,0,0,0,0,0,0,0,0,0,0,0,0,0,0,0,0,NA,NA,NA,NA,NA,NA,00-0023564,D.Sproles,17,NA,NA,NA,NA,NA,NA,NA,NA,NA,NA,NA,NA,NA,NA,NA,NA,NA,NA,NA,NA,NA,NA,NA,NA,NA,NA,NA,NA,NA,NA,NA,NA,NA,NA,NA,NA,NA,NA,NA,NA,NA,NA,MIN,NA,00-0027885,NA,L.Joseph,NA,NA,NA,NA,NA,NA,NA,NA,NA,NA,NA,NA,NA,0,NA,NA,NA,NA,NA,NA,NA,NA,NA,NA,NA,NA,NA,NA,NA,NA,NA,NA,NA,NA,NA,NA,NA,NA,NA,NA,NA,NA,NA,NA,NA,0,NA,NA,NA,NA,0,NA,NA,0,0,0,0,NA,NA,2016,NA,NA,44,1,First down,3280,"10/23/16, 13:02:59",2016-10-24T15:40:44Z,Lincoln Financial Field,"Clear Temp: 62° F, Humidity: 46%, Wind: W 20 mph",10012016-1023-0732-662e-25ff3a421c9a,0,0,RUSH,0,NA,NA,NA,21,Field goal,2016-10-24T15:40:44Z,9,5:20,3,1,1,4,4,0,FUMBLE,FIELD_GOAL,11:29,06:09,MIN 49,MIN 2,3280,3458,10,21,Home,11,31,-2.5,39,0,outdoors,grass,62,20,Doug Pederson,Mike Zimmer,PHI00,Lincoln Financial Field,0,1,NA,NA,D.Sproles,43,NA,NA,0,1,1,0,1,NA,00-0023564,NA,D.Sproles,43,00-0023564,D.Sproles,00-0023564,D.Sproles,00-0023564,0,1,0.9371528298361227,NA,NA,NA,NA,NA,0.23442979156970978,-23.442979156970978,2016,Go for it,NA,NA,NA,NA,NA,NA,NA,NA,NA,NA,Punt
3301,2016_07_MIN_PHI,2016102307,PHI,MIN,REG,7,PHI,home,MIN,MIN,32,2016-10-23,644,644,644,Half2,0,21,0,4,1,0,10:44,MIN 32,10,47,(10:44) 43-D.Sproles right tackle to MIN 31 for 1 yard (27-J.Kearse).,run,1,0,0,0,0,0,0,NA,NA,NA,NA,right,tackle,NA,NA,NA,NA,3,2,0,NA,NA,NA,NA,3,2,18,3,18,3,15,18,3,15,0.04301949962973595,0.04915015026926994,5.951426574029028e-4,0.06023097783327103,0.3663712441921234,0.0018958625150844455,0.4787371754646301,0,0,3.883808104903437,-0.3888116015587002,18.418215505051844,-18.418215505051844,-2.843640205231961,2.843640205231961,15.149998886679818,-15.149998886679818,NA,NA,0,0,1.2752471714629792,-1.2752471714629792,-1.2990033637615852,1.2990033637615852,11.34382039232878,-11.34382039232878,-11.8814099900247,11.8814099900247,0.9889084696769714,0.011091530323028564,0.9889084696769714,0.011091530323028564,-0.003475010395050049,-9.430646896362305e-4,-9.430646896362305e-4,0.9854334592819214,0.014566540718078613,0.9798315167427063,0.9798315167427063,0.027760305166244503,-0.027760305166244503,0.2611018864380087,-0.2611018864380087,NA,NA,0,0,9.493976831436157e-4,-9.493976831436157e-4,-0.22445878033173428,0.22445878033173428,9.493976831436157e-4,-9.493976831436157e-4,-0.16484850291741238,0.16484850291741238,0,0,0,0,0,0,0,0,0,0,0,0,0,0,0,0,0,0,0,0,0,0,0,0,1,0,0,0,0,0,0,0,1,0,0,0,0,0,0,0,0,0,0,0,0,0,0,0,0,0,0,NA,NA,NA,NA,NA,NA,00-0023564,D.Sproles,1,NA,NA,NA,NA,NA,NA,NA,NA,NA,NA,NA,NA,NA,NA,NA,NA,NA,NA,NA,NA,NA,NA,NA,NA,NA,NA,NA,NA,NA,NA,NA,NA,NA,NA,NA,NA,NA,NA,NA,NA,NA,NA,MIN,NA,00-0032454,NA,J.Kearse,NA,NA,NA,NA,NA,NA,NA,NA,NA,NA,NA,NA,NA,0,NA,NA,NA,NA,NA,NA,NA,NA,NA,NA,NA,NA,NA,NA,NA,NA,NA,NA,NA,NA,NA,NA,NA,NA,NA,NA,NA,NA,NA,NA,NA,0,NA,NA,NA,NA,0,NA,NA,0,0,0,0,NA,NA,2016,NA,NA,45,1,First down,3301,"10/23/16, 13:02:59",2016-10-23T19:41:29Z,Lincoln Financial Field,"Clear Temp: 62° F, Humidity: 46%, Wind: W 20 mph",10012016-1023-0732-662e-25ff3a421c9a,0,0,RUSH,0,NA,NA,NA,21,Field goal,2016-10-24T15:40:44Z,9,5:20,3,1,1,4,4,0,FUMBLE,FIELD_GOAL,11:29,06:09,MIN 49,MIN 2,3280,3458,10,21,Home,11,31,-2.5,39,0,outdoors,grass,62,20,Doug Pederson,Mike Zimmer,PHI00,Lincoln Financial Field,0,0,NA,NA,D.Sproles,43,NA,NA,0,1,0,0,1,NA,00-0023564,NA,D.Sproles,43,00-0023564,D.Sproles,00-0023564,D.Sproles,00-0023564,0,1,-0.3888116015587002,NA,NA,NA,NA,NA,0.24730508029460907,-24.730508029460907,2016,Go for it,NA,NA,NA,NA,NA,NA,NA,NA,NA,NA,Punt
3322,2016_07_MIN_PHI,2016102307,PHI,MIN,REG,7,PHI,home,MIN,MIN,31,2016-10-23,603,603,603,Half2,0,21,0,4,2,0,10:03,MIN 31,9,47,(10:03) (Shotgun) 11-C.Wentz pass short right to 81-J.Matthews to MIN 26 for 5 yards (22-H.Smith).,pass,5,1,0,1,0,0,0,short,right,5,0,NA,NA,NA,NA,NA,NA,3,2,0,NA,NA,NA,NA,3,2,18,3,18,3,15,18,3,15,0.05327208340167999,0.05631459504365921,6.481146556325257e-4,0.06558242440223694,0.40952956676483154,0.0013695284724235535,0.41328367590904236,0,0,3.494996503344737,0.004946540808305144,18.42316204586015,-18.42316204586015,-2.843640205231961,2.843640205231961,15.154945427488123,-15.154945427488123,0.004946540808305144,0,0.004946540808305144,0,1.2801937122712843,-1.2801937122712843,-1.2990033637615852,1.2990033637615852,11.348766933137085,-11.348766933137085,-11.8814099900247,11.8814099900247,0.9854334592819214,0.014566540718078613,0.9854334592819214,0.014566540718078613,0.004737198352813721,0.005305647850036621,0.005305647850036621,0.9901706576347351,0.009829342365264893,0.9788884520530701,0.9788884520530701,0.027760305166244503,-0.027760305166244503,0.2658390847908224,-0.2658390847908224,0.004737198352813721,0,0.004737198352813721,0,0.005686596035957336,-0.005686596035957336,-0.22445878033173428,0.22445878033173428,0.005686596035957336,-0.005686596035957336,-0.16484850291741238,0.16484850291741238,0,0,0,0,0,0,0,0,0,0,0,0,0,0,0,0,0,0,0,0,0,0,0,0,1,0,0,0,0,0,0,0,0,1,0,0,0,0,0,0,0,0,0,0,0,1,0,0,0,0,0,00-0032950,C.Wentz,5,00-0031299,J.Matthews,5,NA,NA,NA,NA,NA,NA,NA,NA,NA,NA,NA,NA,NA,NA,NA,NA,NA,NA,NA,NA,NA,NA,NA,NA,NA,NA,NA,NA,NA,NA,NA,NA,NA,NA,NA,NA,NA,NA,NA,NA,NA,NA,NA,NA,NA,MIN,NA,00-0029606,NA,H.Smith,NA,NA,NA,NA,NA,NA,NA,NA,NA,NA,NA,NA,NA,0,NA,NA,NA,NA,NA,NA,NA,NA,NA,NA,NA,NA,NA,NA,NA,NA,NA,NA,NA,NA,NA,NA,NA,NA,NA,NA,NA,NA,NA,NA,NA,0,NA,NA,NA,NA,0,NA,NA,0,0,0,0,NA,NA,2016,0.7413563132286072,25.864368677139282,45,1,First down,3322,"10/23/16, 13:02:59",2016-10-23T19:42:10Z,Lincoln Financial Field,"Clear Temp: 62° F, Humidity: 46%, Wind: W 20 mph",10012016-1023-0732-662e-25ff3a421c9a,0,0,PASS,0,NA,NA,NA,21,Field goal,2016-10-24T15:40:44Z,9,5:20,3,1,1,4,4,0,FUMBLE,FIELD_GOAL,11:29,06:09,MIN 49,MIN 2,3280,3458,10,21,Home,11,31,-2.5,39,0,outdoors,grass,62,20,Doug Pederson,Mike Zimmer,PHI00,Lincoln Financial Field,0,1,C.Wentz,11,NA,NA,J.Matthews,81,1,0,0,0,1,00-0032950,NA,00-0031299,C.Wentz,11,00-0032950,J.Matthews,00-0031299,J.Matthews,00-0031299,0,1,0.004946540808305144,0.5707752809431255,3.5984807506320067,2,0.7209863770403899,0.3359205308952369,0.5473836660385132,45.26163339614868,2016,Go for it,NA,NA,NA,NA,NA,NA,NA,NA,NA,NA,Punt
3346,2016_07_MIN_PHI,2016102307,PHI,MIN,REG,7,PHI,home,MIN,MIN,26,2016-10-23,561,561,561,Half2,0,21,0,4,3,0,09:21,MIN 26,4,47,(9:21) (Shotgun) 11-C.Wentz pass short left to 43-D.Sproles to MIN 22 for 4 yards (54-E.Kendricks).,pass,4,1,0,1,0,0,0,short,left,-5,9,NA,NA,NA,NA,NA,NA,3,2,0,NA,NA,NA,NA,3,2,18,3,18,3,15,18,3,15,0.04579640179872513,0.04526936635375023,6.057441351003945e-4,0.055479440838098526,0.48460596799850464,0.0012401369167491794,0.367002934217453,0,0,3.499943044153042,1.0504420726792887,19.473604118539438,-19.473604118539438,-2.843640205231961,2.843640205231961,16.20538750016741,-16.20538750016741,-1.8442649557255208,2.8947070284048095,-1.8442649557255208,2.8947070284048095,-0.5640712434542365,0.5640712434542365,1.5957036646432243,-1.5957036646432243,9.504501977411564,-9.504501977411564,-8.98670296161989,8.98670296161989,0.9901706576347351,0.009829342365264893,0.9901706576347351,0.009829342365264893,0.0022458434104919434,0.006716728210449219,0.006716728210449219,0.992416501045227,0.007583498954772949,0.9841940999031067,0.9841940999031067,0.027760305166244503,-0.027760305166244503,0.26808492820131435,-0.26808492820131435,0,0.0022458434104919434,0,0.0022458434104919434,0.005686596035957336,-0.005686596035957336,-0.22221293692124233,0.22221293692124233,0.005686596035957336,-0.005686596035957336,-0.16260265950692043,0.16260265950692043,0,0,1,0,1,0,0,0,0,0,0,0,0,0,0,0,0,0,0,0,0,0,0,0,1,0,0,0,0,0,0,0,0,1,0,0,0,0,0,0,0,0,0,0,0,1,0,0,0,0,0,00-0032950,C.Wentz,4,00-0023564,D.Sproles,4,NA,NA,NA,NA,NA,NA,NA,NA,NA,NA,NA,NA,NA,NA,NA,NA,NA,NA,NA,NA,NA,NA,NA,NA,NA,NA,NA,NA,NA,NA,NA,NA,NA,NA,NA,NA,NA,NA,NA,NA,NA,NA,NA,NA,NA,MIN,NA,00-0031554,NA,E.Kendricks,NA,NA,NA,NA,NA,NA,NA,NA,NA,NA,NA,NA,NA,0,NA,NA,NA,NA,NA,NA,NA,NA,NA,NA,NA,NA,NA,NA,NA,NA,NA,NA,NA,NA,NA,NA,NA,NA,NA,NA,NA,NA,NA,NA,NA,0,NA,NA,NA,NA,0,NA,NA,0,0,0,0,NA,NA,2016,0.8405820727348328,15.941792726516724,45,1,First down,3346,"10/23/16, 13:02:59",2016-10-23T19:42:52Z,Lincoln Financial Field,"Clear Temp: 62° F, Humidity: 46%, Wind: W 20 mph",10012016-1023-0732-662e-25ff3a421c9a,0,0,PASS,0,NA,NA,NA,21,Field goal,2016-10-24T15:40:44Z,9,5:20,3,1,1,4,4,0,FUMBLE,FIELD_GOAL,11:29,06:09,MIN 49,MIN 2,3280,3458,10,21,Home,11,31,-2.5,39,0,outdoors,grass,62,20,Doug Pederson,Mike Zimmer,PHI00,Lincoln Financial Field,0,1,C.Wentz,11,NA,NA,D.Sproles,43,1,0,1,0,1,00-0032950,NA,00-0023564,C.Wentz,11,00-0032950,D.Sproles,00-0023564,D.Sproles,00-0023564,0,1,1.0504420726792887,1.9366959599960034,9.889460492355283,9,0.5025501022464596,0.5025501022464596,0.839634358882904,16.036564111709595,2016,Go for it,NA,NA,NA,NA,NA,NA,NA,NA,NA,NA,Punt
3370,2016_07_MIN_PHI,2016102307,PHI,MIN,REG,7,PHI,home,MIN,MIN,22,2016-10-23,516,516,516,Half2,0,21,0,4,1,0,08:36,MIN 22,10,47,(8:36) (Shotgun) 11-C.Wentz pass short right to 13-J.Huff to MIN 11 for 11 yards (99-D.Hunter).,pass,11,1,0,1,0,0,0,short,right,-5,16,NA,NA,NA,NA,NA,NA,3,2,0,NA,NA,NA,NA,3,2,18,3,18,3,15,18,3,15,0.03762971609830856,0.025024453178048134,5.155887920409441e-4,0.032503921538591385,0.36759480834007263,0.0011775771854445338,0.5355539321899414,0,0,4.550385116832331,0.48993967077694833,19.963543789316386,-19.963543789316386,-2.843640205231961,2.843640205231961,16.69532717094436,-16.69532717094436,-1.1331304169725627,1.623070087749511,-1.1331304169725627,1.623070087749511,-1.6972016604267992,1.6972016604267992,3.2187737523927353,-3.2187737523927353,8.371371560439002,-8.371371560439002,-7.36363287387038,7.36363287387038,0.992416501045227,0.007583498954772949,0.992416501045227,0.007583498954772949,0.004241228103637695,0.0046596527099609375,0.0046596527099609375,0.9966577291488647,0.003342270851135254,0.9909108281135559,0.9909108281135559,0.027760305166244503,-0.027760305166244503,0.27232615630495205,-0.27232615630495205,0,0.004241228103637695,0,0.004241228103637695,0.005686596035957336,-0.005686596035957336,-0.21797170881760464,0.21797170881760464,0.005686596035957336,-0.005686596035957336,-0.15836143140328274,0.15836143140328274,0,0,1,0,0,0,0,0,0,0,0,0,0,0,0,0,0,0,0,0,0,0,0,0,1,0,0,0,0,0,0,0,0,1,0,0,0,0,0,0,0,0,0,0,0,1,0,0,0,0,0,00-0032950,C.Wentz,11,00-0030990,J.Huff,11,NA,NA,NA,NA,NA,NA,NA,NA,NA,NA,NA,NA,NA,NA,NA,NA,NA,NA,NA,NA,NA,NA,NA,NA,NA,NA,NA,NA,NA,NA,NA,NA,NA,NA,NA,NA,NA,NA,NA,NA,NA,NA,NA,NA,NA,MIN,NA,00-0031565,NA,D.Hunter,NA,NA,NA,NA,NA,NA,NA,NA,NA,NA,NA,NA,NA,0,NA,NA,NA,NA,NA,NA,NA,NA,NA,NA,NA,NA,NA,NA,NA,NA,NA,NA,NA,NA,NA,NA,NA,NA,NA,NA,NA,NA,NA,NA,NA,0,NA,NA,NA,NA,0,NA,NA,0,0,0,0,NA,NA,2016,0.8488633036613464,15.113669633865356,46,1,First down,3370,"10/23/16, 13:02:59",2016-10-23T19:43:37Z,Lincoln Financial Field,"Clear Temp: 62° F, Humidity: 46%, Wind: W 20 mph",10012016-1023-0732-662e-25ff3a421c9a,0,0,PASS,0,NA,NA,NA,21,Field goal,2016-10-24T15:40:44Z,9,5:20,3,1,1,4,4,0,FUMBLE,FIELD_GOAL,11:29,06:09,MIN 49,MIN 2,3280,3458,10,21,Home,11,31,-2.5,39,0,outdoors,grass,62,20,Doug Pederson,Mike Zimmer,PHI00,Lincoln Financial Field,0,1,C.Wentz,11,NA,NA,J.Huff,13,1,0,1,0,1,00-0032950,NA,00-0030990,C.Wentz,11,00-0032950,J.Huff,00-0030990,J.Huff,00-0030990,0,1,0.48993967077694833,1.1654940875661637,10.277207644947339,9,0.4805277450941503,0.2345742448233068,0.19227810204029083,80.77218979597092,2016,Go for it,NA,NA,NA,NA,NA,NA,NA,NA,NA,NA,Punt
3394,2016_07_MIN_PHI,2016102307,PHI,MIN,REG,7,PHI,home,MIN,MIN,11,2016-10-23,467,467,467,Half2,0,21,0,4,1,0,07:47,MIN 11,10,47,(7:47) (Shotgun) 11-C.Wentz right end to MIN 10 for 1 yard (22-H.Smith).,run,1,1,0,0,0,0,0,NA,NA,NA,NA,right,end,NA,NA,NA,NA,3,2,0,NA,NA,NA,NA,3,2,18,3,18,3,15,18,3,15,0.03161497414112091,0.015973104164004326,4.393112612888217e-4,0.017489789053797722,0.33084696531295776,0.001288114464841783,0.602347731590271,0,0,5.040324787609279,-0.4484099092660472,19.51513388005034,-19.51513388005034,-3.292050114498008,3.292050114498008,16.69532717094436,-16.69532717094436,NA,NA,0,0,-1.6972016604267992,1.6972016604267992,3.2187737523927353,-3.2187737523927353,8.371371560439002,-8.371371560439002,-7.36363287387038,7.36363287387038,0.9966577291488647,0.003342270851135254,0.9966577291488647,0.003342270851135254,-8.125901222229004e-4,9.121298789978027e-4,9.121298789978027e-4,0.9958451390266418,0.004154860973358154,0.9955704808235168,0.9955704808235168,0.026947715044021603,-0.026947715044021603,0.27232615630495205,-0.27232615630495205,NA,NA,0,0,0.005686596035957336,-0.005686596035957336,-0.21797170881760464,0.21797170881760464,0.005686596035957336,-0.005686596035957336,-0.15836143140328274,0.15836143140328274,0,0,0,0,0,0,0,0,0,0,0,0,0,0,0,0,0,0,0,0,0,0,0,0,1,0,0,0,0,0,0,0,1,0,0,0,0,0,0,0,0,0,0,0,0,0,0,0,0,0,0,NA,NA,NA,NA,NA,NA,00-0032950,C.Wentz,1,NA,NA,NA,NA,NA,NA,NA,NA,NA,NA,NA,NA,NA,NA,NA,NA,NA,NA,NA,NA,NA,NA,NA,NA,NA,NA,NA,NA,NA,NA,NA,NA,NA,NA,NA,NA,NA,NA,NA,NA,NA,NA,MIN,NA,00-0029606,NA,H.Smith,NA,NA,NA,NA,NA,NA,NA,NA,NA,NA,NA,NA,NA,0,NA,NA,NA,NA,NA,NA,NA,NA,NA,NA,NA,NA,NA,NA,NA,NA,NA,NA,NA,NA,NA,NA,NA,NA,NA,NA,NA,NA,NA,NA,NA,0,NA,NA,NA,NA,0,NA,NA,0,0,0,0,NA,NA,2016,NA,NA,47,0,Field goal,3394,"10/23/16, 13:02:59",2016-10-23T19:44:26Z,Lincoln Financial Field,"Clear Temp: 62° F, Humidity: 46%, Wind: W 20 mph",10012016-1023-0732-662e-25ff3a421c9a,0,0,RUSH,0,NA,NA,NA,21,Field goal,2016-10-24T15:40:44Z,9,5:20,3,1,1,4,4,0,FUMBLE,FIELD_GOAL,11:29,06:09,MIN 49,MIN 2,3280,3458,10,21,Home,11,31,-2.5,39,0,outdoors,grass,62,20,Doug Pederson,Mike Zimmer,PHI00,Lincoln Financial Field,0,0,NA,NA,C.Wentz,11,NA,NA,0,1,0,0,1,NA,00-0032950,NA,C.Wentz,11,00-0032950,C.Wentz,00-0032950,C.Wentz,00-0032950,0,1,-0.4484099092660472,NA,NA,NA,NA,NA,0.15074262022972107,-15.074262022972107,2016,Go for it,NA,NA,NA,NA,NA,NA,NA,NA,NA,NA,Punt
3415,2016_07_MIN_PHI,2016102307,PHI,MIN,REG,7,PHI,home,MIN,MIN,10,2016-10-23,423,423,423,Half2,0,21,0,4,2,0,07:03,MIN 10,9,47,(7:03) (Shotgun) 11-C.Wentz pass incomplete short right to 17-N.Agholor.,pass,0,1,0,1,0,0,0,short,right,5,NA,NA,NA,NA,NA,NA,NA,3,2,0,NA,NA,NA,NA,3,2,18,3,18,3,15,18,3,15,0.037421971559524536,0.018892936408519745,4.0184141835197806e-4,0.017779357731342316,0.4240720570087433,0.0016772248782217503,0.4997546076774597,0,0,4.591914878343232,-0.732339607027825,18.782794273022514,-18.782794273022514,-3.292050114498008,3.292050114498008,15.962987563916535,-15.962987563916535,-0.2019329501199536,-0.5304066569078714,0,0,-1.6972016604267992,1.6972016604267992,3.2187737523927353,-3.2187737523927353,8.169438610319048,-8.169438610319048,-7.894039530778251,7.894039530778251,0.9958451390266418,0.004154860973358154,0.9958451390266418,0.004154860973358154,-6.242990493774414e-4,-7.953047752380371e-4,-7.953047752380371e-4,0.9952208399772644,0.004779160022735596,0.9964826107025146,0.9964826107025146,0.026947715044021603,-0.026947715044021603,0.2717018572555746,-0.2717018572555746,0,-6.242990493774414e-4,0,0,0.005686596035957336,-0.005686596035957336,-0.21797170881760464,0.21797170881760464,0.005686596035957336,-0.005686596035957336,-0.15898573045266018,0.15898573045266018,0,0,0,0,0,0,0,0,1,0,0,0,0,0,0,0,0,0,0,0,0,0,0,0,0,0,0,0,0,0,0,0,0,1,0,0,0,0,0,0,0,0,0,0,0,0,0,0,0,0,0,00-0032950,C.Wentz,NA,00-0031549,N.Agholor,NA,NA,NA,NA,NA,NA,NA,NA,NA,NA,NA,NA,NA,NA,NA,NA,NA,NA,NA,NA,NA,NA,NA,NA,NA,NA,NA,NA,NA,NA,NA,NA,NA,NA,NA,NA,NA,NA,NA,NA,NA,NA,NA,NA,NA,NA,NA,NA,NA,NA,NA,NA,NA,NA,NA,NA,NA,NA,NA,NA,NA,NA,NA,NA,0,NA,NA,NA,NA,NA,NA,NA,NA,NA,NA,NA,NA,NA,NA,NA,NA,NA,NA,NA,NA,NA,NA,NA,NA,NA,NA,NA,NA,NA,NA,NA,0,NA,NA,NA,NA,0,NA,NA,0,0,0,0,NA,NA,2016,0.6951684951782227,-69.51684951782227,47,0,Field goal,3415,"10/23/16, 13:02:59",2016-10-23T19:45:10Z,Lincoln Financial Field,"Clear Temp: 62° F, Humidity: 46%, Wind: W 20 mph",10012016-1023-0732-662e-25ff3a421c9a,0,0,PASS,0,NA,NA,NA,21,Field goal,2016-10-24T15:40:44Z,9,5:20,3,1,1,4,4,0,FUMBLE,FIELD_GOAL,11:29,06:09,MIN 49,MIN 2,3280,3458,10,21,Home,11,31,-2.5,39,0,outdoors,grass,62,20,Doug Pederson,Mike Zimmer,PHI00,Lincoln Financial Field,0,0,C.Wentz,11,NA,NA,N.Agholor,17,1,0,0,0,1,00-0032950,NA,00-0031549,C.Wentz,11,00-0032950,N.Agholor,00-0031549,N.Agholor,00-0031549,0,1,-0.732339607027825,0.9396247942674235,2.118666195718106,2,0.5404911903315224,0.28799995459849015,0.43772754073143005,56.227245926856995,2016,Go for it,NA,NA,NA,NA,NA,NA,NA,NA,NA,NA,Punt
3437,2016_07_MIN_PHI,2016102307,PHI,MIN,REG,7,PHI,home,MIN,MIN,10,2016-10-23,419,419,419,Half2,0,21,0,4,3,0,06:59,MIN 10,9,47,(6:59) (Shotgun) 43-D.Sproles left end to MIN 2 for 8 yards (55-A.Barr).,run,8,1,0,0,0,0,0,NA,NA,NA,NA,left,end,NA,NA,NA,NA,3,2,0,NA,NA,NA,NA,3,2,18,3,18,3,15,18,3,15,0.04077881574630737,0.021948233246803284,4.142701218370348e-4,0.020758267492055893,0.5829981565475464,0.0018307091668248177,0.3312714993953705,0,0,3.859575271315407,-0.8933697705849823,17.88942450243753,-17.88942450243753,-4.1854198850829905,4.1854198850829905,15.962987563916535,-15.962987563916535,NA,NA,0,0,-1.6972016604267992,1.6972016604267992,3.2187737523927353,-3.2187737523927353,8.169438610319048,-8.169438610319048,-7.894039530778251,7.894039530778251,0.9952208399772644,0.004779160022735596,0.9952208399772644,0.004779160022735596,2.8395652770996094e-4,0.0011086463928222656,0.0011086463928222656,0.9955047965049744,0.004495203495025635,0.9956873059272766,0.9956873059272766,0.027231671571731564,-0.027231671571731564,0.2717018572555746,-0.2717018572555746,NA,NA,0,0,0.005686596035957336,-0.005686596035957336,-0.21797170881760464,0.21797170881760464,0.005686596035957336,-0.005686596035957336,-0.15898573045266018,0.15898573045266018,0,0,0,0,0,1,0,0,0,0,0,0,0,0,0,0,0,0,0,0,0,0,0,0,1,0,0,0,0,0,0,0,1,0,0,0,0,0,0,0,0,0,0,0,0,0,0,0,0,0,0,NA,NA,NA,NA,NA,NA,00-0023564,D.Sproles,8,NA,NA,NA,NA,NA,NA,NA,NA,NA,NA,NA,NA,NA,NA,NA,NA,NA,NA,NA,NA,NA,NA,NA,NA,NA,NA,NA,NA,NA,NA,NA,NA,NA,NA,NA,NA,NA,NA,NA,NA,NA,NA,MIN,NA,00-0031256,NA,A.Barr,NA,NA,NA,NA,NA,NA,NA,NA,NA,NA,NA,NA,NA,0,NA,NA,NA,NA,NA,NA,NA,NA,NA,NA,NA,NA,NA,NA,NA,NA,NA,NA,NA,NA,NA,NA,NA,NA,NA,NA,NA,NA,NA,NA,NA,0,NA,NA,NA,NA,0,NA,NA,0,0,0,0,NA,NA,2016,NA,NA,47,0,Field goal,3437,"10/23/16, 13:02:59",2016-10-23T19:45:53Z,Lincoln Financial Field,"Clear Temp: 62° F, Humidity: 46%, Wind: W 20 mph",10012016-1023-0732-662e-25ff3a421c9a,0,0,RUSH,0,NA,NA,NA,21,Field goal,2016-10-24T15:40:44Z,9,5:20,3,1,1,4,4,0,FUMBLE,FIELD_GOAL,11:29,06:09,MIN 49,MIN 2,3280,3458,10,21,Home,11,31,-2.5,39,0,outdoors,grass,62,20,Doug Pederson,Mike Zimmer,PHI00,Lincoln Financial Field,0,0,NA,NA,D.Sproles,43,NA,NA,0,1,0,0,1,NA,00-0023564,NA,D.Sproles,43,00-0023564,D.Sproles,00-0023564,D.Sproles,00-0023564,0,1,-0.8933697705849823,NA,NA,NA,NA,NA,0.876488447189331,-87.6488447189331,2016,Go for it,NA,NA,NA,NA,NA,NA,NA,NA,NA,NA,Punt
3458,2016_07_MIN_PHI,2016102307,PHI,MIN,REG,7,PHI,home,MIN,MIN,2,2016-10-23,370,370,370,Half2,0,21,1,4,4,0,06:10,MIN 2,1,47,"(6:10) 6-C.Sturgis 21 yard field goal is GOOD, Center-46-J.Dorenbos, Holder-8-D.Jones.",field_goal,0,0,0,0,0,0,0,NA,NA,NA,NA,NA,NA,made,21,NA,NA,3,2,0,NA,NA,NA,NA,3,2,21,3,18,3,15,21,3,18,0.002742576433441507,0.0015201539214312765,1.5816496874629297e-5,0.002443846408878383,0.9910766155184478,1.4645295723159072e-4,0.002054538268687084,0,0,2.9662055007304247,0.03379449926957534,17.923219001707107,-17.923219001707107,-4.1854198850829905,4.1854198850829905,15.962987563916535,-15.962987563916535,NA,NA,0,0,-1.6972016604267992,1.6972016604267992,3.2187737523927353,-3.2187737523927353,8.169438610319048,-8.169438610319048,-7.894039530778251,7.894039530778251,0.9955047965049744,0.004495203495025635,0.9955047965049744,0.004495203495025635,0.0011559471022337675,4.8627983778715134e-4,4.8627983778715134e-4,0.9966607436072081,0.0033392563927918673,0.9967959523200989,0.9967959523200989,0.027231671571731564,-0.027231671571731564,0.2717018572555746,-0.2717018572555746,NA,NA,0,0,0.005686596035957336,-0.005686596035957336,-0.21797170881760464,0.21797170881760464,0.005686596035957336,-0.005686596035957336,-0.15898573045266018,0.15898573045266018,0,0,0,0,0,0,0,0,0,0,0,0,0,0,0,0,0,0,0,0,0,0,0,0,0,0,0,0,0,0,0,0,0,0,0,0,0,0,0,0,0,1,0,0,0,0,0,0,0,0,0,NA,NA,NA,NA,NA,NA,NA,NA,NA,NA,NA,NA,NA,NA,NA,NA,NA,NA,NA,NA,NA,NA,NA,NA,NA,NA,NA,NA,NA,NA,NA,C.Sturgis,00-0030390,NA,NA,NA,NA,NA,NA,NA,NA,NA,NA,NA,NA,NA,NA,NA,NA,NA,NA,NA,NA,NA,NA,NA,NA,NA,NA,NA,NA,NA,NA,NA,NA,NA,NA,NA,NA,0,NA,NA,NA,NA,NA,NA,NA,NA,NA,NA,NA,NA,NA,NA,NA,NA,NA,NA,NA,NA,NA,NA,NA,NA,NA,NA,NA,NA,NA,NA,NA,0,NA,NA,NA,NA,0,NA,NA,0,0,0,0,NA,NA,2016,NA,NA,47,0,Field goal,3458,"10/23/16, 13:02:59",2016-10-23T19:46:41Z,Lincoln Financial Field,"Clear Temp: 62° F, Humidity: 46%, Wind: W 20 mph",10012016-1023-0732-662e-25ff3a421c9a,0,0,FIELD_GOAL,0,NA,NA,NA,21,Field goal,2016-10-24T15:40:44Z,9,5:20,3,1,1,4,4,0,FUMBLE,FIELD_GOAL,11:29,06:09,MIN 49,MIN 2,3280,3458,10,21,Home,11,31,-2.5,39,0,outdoors,grass,62,20,Doug Pederson,Mike Zimmer,PHI00,Lincoln Financial Field,0,1,NA,NA,NA,NA,NA,NA,0,0,0,1,0,NA,NA,NA,NA,NA,NA,NA,NA,NA,NA,0,1,0.03379449926957534,NA,NA,NA,NA,NA,NA,NA,2016,Field Goal,-0.4549144447095532,0.5930281256441958,0.9841159143698569,0.9985359992362999,0.9926674540423142,0.9900815583843219,0.97785310074687,0.9974105781875551,0.9972165984894097,NA,Punt
3477,2016_07_MIN_PHI,2016102307,PHI,MIN,REG,7,MIN,away,PHI,PHI,35,2016-10-23,369,369,369,Half2,0,22,0,4,NA,0,06:09,PHI 35,0,22,"6-C.Sturgis kicks 65 yards from PHI 35 to end zone, Touchback.",kickoff,0,0,0,0,0,0,0,NA,NA,NA,NA,NA,NA,NA,65,NA,NA,3,2,0,NA,NA,NA,NA,2,3,21,3,3,21,-18,3,21,-18,0.2553417384624481,0.1165417805314064,0.0024244682863354683,0.1668691635131836,0.19534935057163239,0.002527217846363783,0.2609463036060333,0,0,0.8951681898906827,-0,17.923219001707107,-17.923219001707107,-4.1854198850829905,4.1854198850829905,15.962987563916535,-15.962987563916535,NA,NA,0,0,-1.6972016604267992,1.6972016604267992,3.2187737523927353,-3.2187737523927353,8.169438610319048,-8.169438610319048,-7.894039530778251,7.894039530778251,0.0033392563927918673,0.9966607436072081,0.9966607436072081,0.0033392563927918673,-0,-0,0,0.9966607436072081,0.0033392563927918673,0.0027177678421139717,0.997282232157886,0.027231671571731564,-0.027231671571731564,0.2717018572555746,-0.2717018572555746,NA,NA,0,0,0.005686596035957336,-0.005686596035957336,-0.21797170881760464,0.21797170881760464,0.005686596035957336,-0.005686596035957336,-0.15898573045266018,0.15898573045266018,0,0,0,0,0,0,0,0,0,1,0,0,0,0,0,0,0,0,0,0,0,0,0,0,0,0,0,0,0,0,0,0,0,0,0,0,0,0,0,0,0,0,1,0,0,0,0,0,0,0,0,NA,NA,NA,NA,NA,NA,NA,NA,NA,NA,NA,NA,NA,NA,NA,NA,NA,NA,NA,NA,NA,NA,NA,NA,NA,NA,NA,NA,NA,NA,NA,C.Sturgis,00-0030390,NA,NA,NA,NA,NA,NA,NA,NA,NA,NA,NA,NA,NA,NA,NA,NA,NA,NA,NA,NA,NA,NA,NA,NA,NA,NA,NA,NA,NA,NA,NA,NA,NA,NA,NA,NA,0,NA,NA,NA,NA,NA,NA,NA,NA,NA,NA,NA,NA,NA,NA,NA,NA,NA,NA,NA,NA,NA,NA,NA,NA,NA,NA,NA,NA,NA,NA,MIN,0,NA,NA,NA,NA,0,NA,NA,0,0,0,0,NA,NA,2016,NA,NA,48,1,First down,3477,"10/23/16, 13:02:59",2016-10-23T19:49:35Z,Lincoln Financial Field,"Clear Temp: 62° F, Humidity: 46%, Wind: W 20 mph",10012016-1023-0732-662e-25ff3a421c9a,0,0,KICK_OFF,1,NA,NA,NA,22,Turnover on downs,2016-10-23T19:49:35Z,5,1:23,2,0,0,4,4,5,KICKOFF,DOWNS,06:09,04:46,MIN 25,MIN 47,3477,3619,10,21,Home,11,31,-2.5,39,0,outdoors,grass,62,20,Doug Pederson,Mike Zimmer,PHI00,Lincoln Financial Field,0,0,NA,NA,NA,NA,NA,NA,0,0,0,1,0,NA,NA,NA,NA,NA,NA,NA,NA,NA,NA,0,1,-0,NA,NA,NA,NA,NA,NA,NA,2016,Other,NA,NA,NA,NA,NA,NA,NA,NA,NA,NA,Punt
3492,2016_07_MIN_PHI,2016102307,PHI,MIN,REG,7,MIN,away,PHI,MIN,75,2016-10-23,369,369,369,Half2,0,22,0,4,1,0,06:09,MIN 25,10,22,"(6:09) (Shotgun) 8-S.Bradford pass short right to 44-M.Asiata to MIN 33 for 8 yards (26-J.Watkins) [94-B.Allen]. PENALTY on PHI-21-L.McKelvin, Illegal Contact, 5 yards, enforced at MIN 25 - No Play.",no_play,0,1,0,0,0,0,0,NA,NA,NA,NA,NA,NA,NA,NA,NA,NA,3,2,0,NA,NA,NA,NA,2,3,21,3,3,21,-18,3,21,-18,0.2553417384624481,0.1165417805314064,0.0024244682863354683,0.1668691635131836,0.19534935057163239,0.002527217846363783,0.2609463036060333,0,0,0.8951681898906827,0.2756023979745805,17.647616603732526,-17.647616603732526,-4.1854198850829905,4.1854198850829905,15.962987563916535,-15.962987563916535,NA,NA,0,0,-1.6972016604267992,1.6972016604267992,3.2187737523927353,-3.2187737523927353,8.169438610319048,-8.169438610319048,-7.894039530778251,7.894039530778251,0.0033392563927918673,0.9966607436072081,0.9966607436072081,0.0033392563927918673,-7.16096255928278e-5,2.925985027104616e-4,-2.925985027104616e-4,0.996732353232801,0.0032676467671990395,0.0027177678421139717,0.997282232157886,0.027231671571731564,-0.027231671571731564,0.2717018572555746,-0.2717018572555746,NA,NA,0,0,0.005686596035957336,-0.005686596035957336,-0.21797170881760464,0.21797170881760464,0.005686596035957336,-0.005686596035957336,-0.15898573045266018,0.15898573045266018,0,0,0,1,0,0,0,0,0,0,0,0,0,0,0,0,0,0,0,0,0,0,0,0,0,0,1,0,0,0,0,0,0,0,0,0,0,0,0,0,0,0,0,0,0,0,0,0,0,0,0,NA,NA,NA,NA,NA,NA,NA,NA,NA,NA,NA,NA,NA,NA,NA,NA,NA,NA,NA,NA,NA,NA,NA,NA,NA,NA,NA,NA,NA,NA,NA,NA,NA,NA,NA,NA,NA,NA,NA,NA,NA,NA,NA,NA,NA,NA,NA,NA,NA,NA,NA,NA,NA,NA,NA,NA,NA,NA,NA,NA,NA,NA,NA,NA,NA,NA,NA,NA,NA,0,NA,NA,NA,NA,NA,NA,NA,NA,NA,NA,NA,NA,NA,NA,NA,NA,NA,NA,NA,NA,NA,NA,NA,NA,NA,NA,NA,NA,NA,NA,NA,0,PHI,00-0026151,L.McKelvin,5,0,NA,Illegal Contact,0,0,0,0,NA,NA,2016,NA,NA,48,1,First down,3492,"10/23/16, 13:02:59",2016-10-23T19:52:00Z,Lincoln Financial Field,"Clear Temp: 62° F, Humidity: 46%, Wind: W 20 mph",10012016-1023-0732-662e-25ff3a421c9a,0,0,PENALTY,0,NA,NA,NA,22,Turnover on downs,2016-10-23T19:49:35Z,5,1:23,2,0,0,4,4,5,KICKOFF,DOWNS,06:09,04:46,MIN 25,MIN 47,3477,3619,10,21,Home,11,31,-2.5,39,0,outdoors,grass,62,20,Doug Pederson,Mike Zimmer,PHI00,Lincoln Financial Field,0,1,S.Bradford,8,NA,NA,M.Asiata,44,1,0,1,0,1,00-0027854,NA,00-0028198,S.Bradford,8,00-0027854,NA,NA,M.Asiata,00-0028198,0,1,0.2756023979745805,NA,NA,NA,NA,NA,0.8877861499786377,11.22138500213623,2016,Other,NA,NA,NA,NA,NA,NA,NA,NA,NA,NA,Punt
3527,2016_07_MIN_PHI,2016102307,PHI,MIN,REG,7,MIN,away,PHI,MIN,70,2016-10-23,348,348,348,Half2,0,22,0,4,1,0,05:48,MIN 30,10,22,(5:48) (Shotgun) 8-S.Bradford pass short right to 82-K.Rudolph to MIN 40 for 10 yards (53-N.Bradham).,pass,10,1,0,1,0,0,0,short,right,9,1,NA,NA,NA,NA,NA,NA,3,2,0,NA,NA,NA,NA,2,3,21,3,3,21,-18,3,21,-18,0.271209180355072,0.10189931094646454,0.0021554159466177225,0.15003395080566406,0.19492897391319275,0.002436430659145117,0.2773367464542389,0,0,1.1707705878652632,0.5461917624343187,17.101424841298208,-17.101424841298208,-4.1854198850829905,4.1854198850829905,15.416795801482216,-15.416795801482216,0.6193473462481052,-0.0731555838137865,0.6193473462481052,-0.0731555838137865,-2.3165490066749044,2.3165490066749044,3.291929336206522,-3.291929336206522,7.550091264070943,-7.550091264070943,-7.820883946964464,7.820883946964464,0.0032676467671990395,0.996732353232801,0.996732353232801,0.0032676467671990395,-0.0012184737715870142,-1.299853902310133e-4,1.299853902310133e-4,0.997950827004388,0.0020491729956120253,0.0030103663448244333,0.9969896336551756,0.027231671571731564,-0.027231671571731564,0.2729203310271616,-0.2729203310271616,0,-0.0012184737715870142,0,-0.0012184737715870142,0.005686596035957336,-0.005686596035957336,-0.21675323504601762,0.21675323504601762,0.005686596035957336,-0.005686596035957336,-0.15776725668107316,0.15776725668107316,0,0,1,0,0,0,0,0,0,0,0,0,0,0,0,0,0,0,0,0,0,0,0,0,1,0,0,0,0,0,0,0,0,1,0,0,0,0,0,0,0,0,0,0,0,1,0,0,0,0,0,00-0027854,S.Bradford,10,00-0027981,K.Rudolph,10,NA,NA,NA,NA,NA,NA,NA,NA,NA,NA,NA,NA,NA,NA,NA,NA,NA,NA,NA,NA,NA,NA,NA,NA,NA,NA,NA,NA,NA,NA,NA,NA,NA,NA,NA,NA,NA,NA,NA,NA,NA,NA,NA,NA,NA,PHI,NA,00-0029272,NA,N.Bradham,NA,NA,NA,NA,NA,NA,NA,NA,NA,NA,NA,NA,NA,0,NA,NA,NA,NA,NA,NA,NA,NA,NA,NA,NA,NA,NA,NA,NA,NA,NA,NA,NA,NA,NA,NA,NA,NA,NA,NA,NA,NA,NA,NA,NA,0,NA,NA,NA,NA,0,NA,NA,0,0,0,0,NA,NA,2016,0.6575305461883545,34.24694538116455,49,1,First down,3527,"10/23/16, 13:02:59",2016-10-23T19:53:09Z,Lincoln Financial Field,"Clear Temp: 62° F, Humidity: 46%, Wind: W 20 mph",10012016-1023-0732-662e-25ff3a421c9a,0,0,PASS,0,NA,NA,NA,22,Turnover on downs,2016-10-23T19:49:35Z,5,1:23,2,0,0,4,4,5,KICKOFF,DOWNS,06:09,04:46,MIN 25,MIN 47,3477,3619,10,21,Home,11,31,-2.5,39,0,outdoors,grass,62,20,Doug Pederson,Mike Zimmer,PHI00,Lincoln Financial Field,0,1,S.Bradford,8,NA,NA,K.Rudolph,82,1,0,1,0,1,00-0027854,NA,00-0027981,S.Bradford,8,00-0027854,K.Rudolph,00-0027981,K.Rudolph,00-0027981,0,1,0.5461917624343187,0.13247298412024333,2.803686036146246,0,0.998339790123282,0.49928446518606506,0.8982920050621033,10.170799493789673,2016,Go for it,NA,NA,NA,NA,NA,NA,NA,NA,NA,NA,Punt
3551,2016_07_MIN_PHI,2016102307,PHI,MIN,REG,7,MIN,away,PHI,MIN,60,2016-10-23,324,324,324,Half2,0,22,0,4,1,0,05:24,MIN 40,10,22,"(5:24) (No Huddle, Shotgun) 8-S.Bradford pass short middle to 44-M.Asiata to MIN 47 for 7 yards (27-M.Jenkins).",pass,7,1,1,1,0,0,0,short,middle,2,5,NA,NA,NA,NA,NA,NA,3,2,0,NA,NA,NA,NA,2,3,21,3,3,21,-18,3,21,-18,0.2567436099052429,0.0803583562374115,0.0014682008186355233,0.12423987686634064,0.22800442576408386,0.0035318168811500072,0.30565372109413147,0,0,1.7169623502995819,0.29387805075384676,16.80754679054436,-16.80754679054436,-4.1854198850829905,4.1854198850829905,15.12291775072837,-15.12291775072837,-0.40904234000481665,0.7029203907586634,-0.40904234000481665,0.7029203907586634,-1.9075066666700877,1.9075066666700877,2.5890089454478584,-2.5890089454478584,7.95913360407576,-7.95913360407576,-8.523804337723128,8.523804337723128,0.0020491729956120253,0.997950827004388,0.997950827004388,0.0020491729956120253,-7.087128469720483e-4,-0.0011505812872201204,0.0011505812872201204,0.99865953985136,0.001340460148639977,0.00288038095459342,0.9971196190454066,0.027231671571731564,-0.027231671571731564,0.27362904387413367,-0.27362904387413367,0,-7.087128469720483e-4,0,-7.087128469720483e-4,0.005686596035957336,-0.005686596035957336,-0.21604452219904557,0.21604452219904557,0.005686596035957336,-0.005686596035957336,-0.15705854383410112,0.15705854383410112,0,0,0,0,0,0,0,0,0,0,0,0,0,0,0,0,0,0,0,0,0,0,0,0,1,0,0,0,0,0,0,0,0,1,0,0,0,0,0,0,0,0,0,0,0,1,0,0,0,0,0,00-0027854,S.Bradford,7,00-0028198,M.Asiata,7,NA,NA,NA,NA,NA,NA,NA,NA,NA,NA,NA,NA,NA,NA,NA,NA,NA,NA,NA,NA,NA,NA,NA,NA,NA,NA,NA,NA,NA,NA,NA,NA,NA,NA,NA,NA,NA,NA,NA,NA,NA,NA,NA,NA,NA,PHI,NA,00-0026990,NA,M.Jenkins,NA,NA,NA,NA,NA,NA,NA,NA,NA,NA,NA,NA,NA,0,NA,NA,NA,NA,NA,NA,NA,NA,NA,NA,NA,NA,NA,NA,NA,NA,NA,NA,NA,NA,NA,NA,NA,NA,NA,NA,NA,NA,NA,NA,NA,0,NA,NA,NA,NA,0,NA,NA,0,0,0,0,NA,NA,2016,0.7928735017776489,20.712649822235107,50,0,Turnover on downs,3551,"10/23/16, 13:02:59",2016-10-23T19:53:33Z,Lincoln Financial Field,"Clear Temp: 62° F, Humidity: 46%, Wind: W 20 mph",10012016-1023-0732-662e-25ff3a421c9a,0,0,PASS,0,NA,NA,NA,22,Turnover on downs,2016-10-23T19:49:35Z,5,1:23,2,0,0,4,4,5,KICKOFF,DOWNS,06:09,04:46,MIN 25,MIN 47,3477,3619,10,21,Home,11,31,-2.5,39,0,outdoors,grass,62,20,Doug Pederson,Mike Zimmer,PHI00,Lincoln Financial Field,0,1,S.Bradford,8,NA,NA,M.Asiata,44,1,0,0,0,1,00-0027854,NA,00-0028198,S.Bradford,8,00-0027854,M.Asiata,00-0028198,M.Asiata,00-0028198,0,1,0.29387805075384676,0.7680937120924718,5.70918301200436,4,0.670731368183624,0.24533217650605366,0.9048505425453186,9.51494574546814,2016,Go for it,NA,NA,NA,NA,NA,NA,NA,NA,NA,NA,Punt
3575,2016_07_MIN_PHI,2016102307,PHI,MIN,REG,7,MIN,away,PHI,MIN,53,2016-10-23,301,301,301,Half2,0,22,0,4,2,0,05:01,MIN 47,3,22,"(5:01) (No Huddle, Shotgun) 8-S.Bradford pass incomplete short right to 82-K.Rudolph (58-J.Hicks).",pass,0,1,1,1,0,0,0,short,right,6,NA,NA,NA,NA,NA,NA,NA,3,2,0,NA,NA,NA,NA,2,3,21,3,3,21,-18,3,21,-18,0.25562888383865356,0.07254571467638016,0.0021679529454559088,0.10494186729192734,0.2416594922542572,0.0037929618265479803,0.31926316022872925,0,0,2.0108404010534286,-0.6496657221578062,17.457212512702167,-17.457212512702167,-4.1854198850829905,4.1854198850829905,15.772583472886176,-15.772583472886176,0.6434391445945948,-1.293104866752401,0,0,-1.9075066666700877,1.9075066666700877,2.5890089454478584,-2.5890089454478584,7.315694459481165,-7.315694459481165,-7.230699470970727,7.230699470970727,0.001340460148639977,0.99865953985136,0.99865953985136,0.001340460148639977,-6.99508236721158e-5,-1.6292952932417393e-4,1.6292952932417393e-4,0.9987294906750321,0.0012705093249678612,0.0017297996673732996,0.9982702003326267,0.027231671571731564,-0.027231671571731564,0.2736989946978058,-0.2736989946978058,0,-6.99508236721158e-5,0,0,0.005686596035957336,-0.005686596035957336,-0.21604452219904557,0.21604452219904557,0.005686596035957336,-0.005686596035957336,-0.156988593010429,0.156988593010429,0,0,0,0,0,0,0,0,1,0,0,0,0,0,0,0,0,0,0,0,0,0,0,0,0,0,0,0,0,0,0,0,0,1,0,0,0,0,0,0,0,0,0,0,0,0,0,0,0,0,0,00-0027854,S.Bradford,NA,00-0027981,K.Rudolph,NA,NA,NA,NA,NA,NA,NA,NA,NA,NA,NA,NA,NA,NA,NA,NA,NA,NA,NA,NA,NA,NA,NA,NA,NA,NA,NA,NA,NA,NA,NA,NA,NA,NA,NA,NA,NA,NA,NA,NA,NA,NA,NA,NA,NA,NA,NA,NA,NA,NA,NA,NA,NA,NA,NA,NA,NA,NA,NA,NA,NA,NA,NA,NA,0,NA,NA,NA,NA,NA,NA,00-0032129,J.Hicks,NA,NA,NA,NA,NA,NA,NA,NA,NA,NA,NA,NA,NA,NA,NA,NA,NA,NA,NA,NA,NA,NA,NA,0,NA,NA,NA,NA,0,NA,NA,0,0,0,0,NA,NA,2016,0.7131217122077942,-71.31217122077942,50,0,Turnover on downs,3575,"10/23/16, 13:02:59",2016-10-23T19:53:56Z,Lincoln Financial Field,"Clear Temp: 62° F, Humidity: 46%, Wind: W 20 mph",10012016-1023-0732-662e-25ff3a421c9a,0,0,PASS,0,NA,NA,NA,22,Turnover on downs,2016-10-23T19:49:35Z,5,1:23,2,0,0,4,4,5,KICKOFF,DOWNS,06:09,04:46,MIN 25,MIN 47,3477,3619,10,21,Home,11,31,-2.5,39,0,outdoors,grass,62,20,Doug Pederson,Mike Zimmer,PHI00,Lincoln Financial Field,0,0,S.Bradford,8,NA,NA,K.Rudolph,82,1,0,0,0,1,00-0027854,NA,00-0027981,S.Bradford,8,00-0027854,K.Rudolph,00-0027981,K.Rudolph,00-0027981,0,1,-0.6496657221578062,0.2165078017344365,3.4161600649968022,1,0.9990488902549259,0.9990488902549259,0.8799688220024109,12.003117799758911,2016,Go for it,NA,NA,NA,NA,NA,NA,NA,NA,NA,NA,Punt
3597,2016_07_MIN_PHI,2016102307,PHI,MIN,REG,7,MIN,away,PHI,MIN,53,2016-10-23,296,296,296,Half2,0,22,0,4,3,0,04:56,MIN 47,3,22,(4:56) (Shotgun) 8-S.Bradford pass incomplete short right to 44-M.Asiata.,pass,0,1,0,1,0,0,0,short,right,2,NA,NA,NA,NA,NA,NA,NA,3,2,0,NA,NA,NA,NA,2,3,21,3,3,21,-18,3,21,-18,0.2722160518169403,0.08832690119743347,9.71153611317277e-4,0.13900485634803772,0.2185957431793213,0.004170525353401899,0.2767147719860077,0,0,1.3611746788956225,-1.5850084354169667,19.042220948119134,-19.042220948119134,-4.1854198850829905,4.1854198850829905,17.357591908303142,-17.357591908303142,-1.059418342076242,-0.5255900933407247,0,0,-1.9075066666700877,1.9075066666700877,2.5890089454478584,-2.5890089454478584,8.375112801557407,-8.375112801557407,-6.705109377630002,6.705109377630002,0.0012705093249678612,0.9987294906750321,0.9987294906750321,0.0012705093249678612,3.3921562135219574e-5,-3.6627985537052155e-4,3.6627985537052155e-4,0.9986955691128969,0.0013044308871030807,0.0015668701380491257,0.9984331298619509,0.027231671571731564,-0.027231671571731564,0.27366507313567057,-0.27366507313567057,0,3.3921562135219574e-5,0,0,0.005686596035957336,-0.005686596035957336,-0.21604452219904557,0.21604452219904557,0.005686596035957336,-0.005686596035957336,-0.15702251457256422,0.15702251457256422,0,0,0,0,0,1,0,0,1,0,0,0,0,0,0,0,0,0,0,0,0,0,0,0,0,0,0,0,0,0,0,0,0,1,0,0,0,0,0,0,0,0,0,0,0,0,0,0,0,0,0,00-0027854,S.Bradford,NA,00-0028198,M.Asiata,NA,NA,NA,NA,NA,NA,NA,NA,NA,NA,NA,NA,NA,NA,NA,NA,NA,NA,NA,NA,NA,NA,NA,NA,NA,NA,NA,NA,NA,NA,NA,NA,NA,NA,NA,NA,NA,NA,NA,NA,NA,NA,NA,NA,NA,NA,NA,NA,NA,NA,NA,NA,NA,NA,NA,NA,NA,NA,NA,NA,NA,NA,NA,NA,0,NA,NA,NA,NA,NA,NA,NA,NA,NA,NA,NA,NA,NA,NA,NA,NA,NA,NA,NA,NA,NA,NA,NA,NA,NA,NA,NA,NA,NA,NA,NA,0,NA,NA,NA,NA,0,NA,NA,0,0,0,0,NA,NA,2016,0.715630292892456,-71.5630292892456,50,0,Turnover on downs,3597,"10/23/16, 13:02:59",2016-10-23T19:54:37Z,Lincoln Financial Field,"Clear Temp: 62° F, Humidity: 46%, Wind: W 20 mph",10012016-1023-0732-662e-25ff3a421c9a,0,0,PASS,0,NA,NA,NA,22,Turnover on downs,2016-10-23T19:49:35Z,5,1:23,2,0,0,4,4,5,KICKOFF,DOWNS,06:09,04:46,MIN 25,MIN 47,3477,3619,10,21,Home,11,31,-2.5,39,0,outdoors,grass,62,20,Doug Pederson,Mike Zimmer,PHI00,Lincoln Financial Field,0,0,S.Bradford,8,NA,NA,M.Asiata,44,1,0,0,0,1,00-0027854,NA,00-0028198,S.Bradford,8,00-0027854,M.Asiata,00-0028198,M.Asiata,00-0028198,0,1,-1.5850084354169667,1.8273863732810471,4.937853205628926,3,0.7342971899779513,0.7342971899779513,0.9323484897613525,6.765151023864746,2016,Go for it,NA,NA,NA,NA,NA,NA,NA,NA,NA,NA,Punt
3619,2016_07_MIN_PHI,2016102307,PHI,MIN,REG,7,MIN,away,PHI,MIN,53,2016-10-23,292,292,292,Half2,0,22,0,4,4,0,04:52,MIN 47,3,22,(4:52) (Shotgun) 8-S.Bradford pass incomplete short left to 82-K.Rudolph (26-J.Watkins).,pass,0,1,0,1,0,0,0,short,left,14,NA,NA,NA,NA,NA,NA,NA,3,2,0,NA,NA,NA,NA,2,3,21,3,3,21,-18,3,21,-18,0.3440728485584259,0.1247544214129448,0.0010363226756453514,0.2108842134475708,0.14284883439540863,0.006935613229870796,0.16946770250797272,0,0,-0.22383375652134418,-2.6219461205764674,21.6641670686956,-21.6641670686956,-4.1854198850829905,4.1854198850829905,19.97953802887961,-19.97953802887961,3.454159130284097,-6.076105250860564,0,0,-1.9075066666700877,1.9075066666700877,2.5890089454478584,-2.5890089454478584,4.92095367127331,-4.92095367127331,-0.629004126769438,0.629004126769438,0.0013044308871030807,0.9986955691128969,0.9986955691128969,0.0013044308871030807,-4.7860853374004364e-4,-8.191205561161041e-4,8.191205561161041e-4,0.999174177646637,8.258223533630371e-4,0.0012005902826786041,0.9987994097173214,0.027231671571731564,-0.027231671571731564,0.2741436816694106,-0.2741436816694106,0,-4.7860853374004364e-4,0,0,0.005686596035957336,-0.005686596035957336,-0.21604452219904557,0.21604452219904557,0.005686596035957336,-0.005686596035957336,-0.15654390603882418,0.15654390603882418,0,0,0,0,0,0,0,1,1,0,0,0,0,0,0,0,0,0,0,0,0,0,0,0,0,0,0,0,0,0,0,0,0,1,0,0,0,0,0,0,0,0,0,0,0,0,0,0,0,0,0,00-0027854,S.Bradford,NA,00-0027981,K.Rudolph,NA,NA,NA,NA,NA,NA,NA,NA,NA,NA,NA,NA,NA,NA,NA,NA,NA,NA,NA,NA,NA,NA,NA,NA,NA,NA,NA,NA,NA,NA,NA,NA,NA,NA,NA,NA,NA,NA,NA,NA,NA,NA,NA,NA,NA,NA,NA,NA,NA,NA,NA,NA,NA,NA,NA,NA,NA,NA,NA,NA,NA,NA,NA,NA,0,NA,NA,NA,NA,NA,NA,00-0031173,J.Watkins,NA,NA,NA,NA,NA,NA,NA,NA,NA,NA,NA,NA,NA,NA,NA,NA,NA,NA,NA,NA,NA,NA,NA,0,NA,NA,NA,NA,0,NA,NA,0,0,0,0,NA,NA,2016,0.5102266669273376,-51.022666692733765,50,0,Turnover on downs,3619,"10/23/16, 13:02:59",2016-10-23T19:55:17Z,Lincoln Financial Field,"Clear Temp: 62° F, Humidity: 46%, Wind: W 20 mph",10012016-1023-0732-662e-25ff3a421c9a,0,0,PASS,0,NA,NA,NA,22,Turnover on downs,2016-10-23T19:49:35Z,5,1:23,2,0,0,4,4,5,KICKOFF,DOWNS,06:09,04:46,MIN 25,MIN 47,3477,3619,10,21,Home,11,31,-2.5,39,0,outdoors,grass,62,20,Doug Pederson,Mike Zimmer,PHI00,Lincoln Financial Field,0,0,S.Bradford,8,NA,NA,K.Rudolph,82,1,0,0,0,1,00-0027854,NA,00-0027981,S.Bradford,8,00-0027854,K.Rudolph,00-0027981,K.Rudolph,00-0027981,0,1,-2.6219461205764674,0.2190832365668287,4.016301497758832,1,1,1,0.9573718309402466,4.262816905975342,2016,Go for it,0.05462155617964011,0.4883876613675966,8.40606949209988e-4,0.00268712037881299,0.0017424213414810566,0,7.902681827545166e-4,0.0038686394691467285,7.902681827545166e-4,0.0011962057796846555,Go for it
3641,2016_07_MIN_PHI,2016102307,PHI,MIN,REG,7,PHI,home,MIN,MIN,47,2016-10-23,286,286,286,Half2,0,23,0,4,1,0,04:46,MIN 47,10,1,"(4:46) 24-R.Mathews right guard to MIN 46 for 1 yard (29-X.Rhodes). FUMBLES (29-X.Rhodes), RECOVERED by MIN-22-H.Smith at MIN 44. 22-H.Smith to MIN 44 for no gain (17-N.Agholor).",run,1,0,0,0,0,0,0,NA,NA,NA,NA,right,guard,NA,NA,NA,NA,3,2,0,NA,NA,NA,NA,3,2,21,3,21,3,18,21,3,18,0.23877784609794617,0.05612692981958389,3.9636719156987965e-4,0.06733326613903046,0.23962721228599548,0.003352796658873558,0.39438557624816895,0,0,2.8457798770978115,-4.807520472619217,16.856646596076384,-16.856646596076384,-8.992940357702206,8.992940357702206,19.97953802887961,-19.97953802887961,NA,NA,0,0,-1.9075066666700877,1.9075066666700877,2.5890089454478584,-2.5890089454478584,4.92095367127331,-4.92095367127331,-0.629004126769438,0.629004126769438,0.999174177646637,8.258223533630371e-4,0.999174177646637,8.258223533630371e-4,-9.184312075376511e-4,-0.0013134569162502885,-0.0013134569162502885,0.9982557464390993,0.0017442535609006882,0.9996185302734375,0.9996185302734375,0.026313240364193913,-0.026313240364193913,0.2741436816694106,-0.2741436816694106,NA,NA,0,0,0.005686596035957336,-0.005686596035957336,-0.21604452219904557,0.21604452219904557,0.005686596035957336,-0.005686596035957336,-0.15654390603882418,0.15654390603882418,0,0,0,0,0,0,0,0,0,0,0,0,0,0,0,0,0,0,0,0,0,1,0,0,1,0,0,0,1,0,0,0,1,0,0,0,0,0,0,0,0,0,0,0,1,0,0,0,0,0,0,NA,NA,NA,NA,NA,NA,00-0027864,R.Mathews,1,NA,NA,NA,NA,NA,NA,NA,NA,NA,NA,NA,NA,NA,NA,NA,NA,NA,NA,NA,NA,NA,NA,NA,NA,NA,NA,NA,NA,NA,NA,NA,NA,NA,NA,NA,NA,MIN,00-0030575,X.Rhodes,NA,NA,NA,MIN,PHI,00-0030575,00-0031549,X.Rhodes,N.Agholor,NA,NA,NA,NA,NA,NA,NA,NA,NA,NA,NA,NA,0,NA,NA,NA,NA,NA,NA,NA,NA,NA,NA,PHI,00-0027864,R.Mathews,NA,NA,NA,MIN,0,00-0029606,H.Smith,NA,NA,NA,NA,NA,NA,NA,NA,NA,NA,NA,0,NA,NA,NA,NA,0,NA,NA,0,0,0,0,NA,NA,2016,NA,NA,51,0,Turnover,3641,"10/23/16, 13:02:59",2016-10-23T19:57:52Z,Lincoln Financial Field,"Clear Temp: 62° F, Humidity: 46%, Wind: W 20 mph",10012016-1023-0732-662e-25ff3a421c9a,0,0,RUSH,0,NA,NA,NA,23,Turnover,2016-10-23T19:57:52Z,1,0:16,0,0,0,4,4,0,DOWNS,FUMBLE,04:46,04:30,MIN 47,MIN 47,3641,3641,10,21,Home,11,31,-2.5,39,0,outdoors,grass,62,20,Doug Pederson,Mike Zimmer,PHI00,Lincoln Financial Field,0,0,NA,NA,R.Mathews,24,NA,NA,0,1,0,0,1,NA,00-0027864,NA,R.Mathews,24,00-0027864,R.Mathews,00-0027864,R.Mathews,00-0027864,0,1,-4.807520472619217,NA,NA,NA,NA,NA,0.0778009369969368,-7.78009369969368,2016,Go for it,NA,NA,NA,NA,NA,NA,NA,NA,NA,NA,Punt
3673,2016_07_MIN_PHI,2016102307,PHI,MIN,REG,7,MIN,away,PHI,MIN,56,2016-10-23,270,270,270,Half2,0,24,0,4,1,0,04:30,MIN 44,10,56,(4:30) (Shotgun) 8-S.Bradford pass short left to 84-C.Patterson to PHI 48 for 8 yards (27-M.Jenkins).,pass,8,1,0,1,0,0,0,short,left,0,8,NA,NA,NA,NA,NA,NA,3,2,0,NA,NA,NA,NA,2,3,21,3,3,21,-18,3,21,-18,0.2950925827026367,0.06656891107559204,7.830808172002435e-4,0.09884477406740189,0.22472353279590607,0.0034307141322642565,0.31055641174316406,0,0,1.9617405955214053,0.43035308562684804,16.426293510449536,-16.426293510449536,-8.992940357702206,8.992940357702206,19.54918494325276,-19.54918494325276,-0.4646142509300262,0.8949673365568742,-0.4646142509300262,0.8949673365568742,-1.4428924157400616,1.4428924157400616,1.6940416088909842,-1.6940416088909842,5.385567922203336,-5.385567922203336,-1.5239714633263122,1.5239714633263122,0.0017442535609006882,0.9982557464390993,0.9982557464390993,0.0017442535609006882,-5.618142895400524e-4,-8.429641602560878e-4,8.429641602560878e-4,0.9988175607286394,0.0011824392713606358,0.0016949266428127885,0.9983050733571872,0.026313240364193913,-0.026313240364193913,0.27470549595895066,-0.27470549595895066,0,-5.618142895400524e-4,0,-5.618142895400524e-4,0.005686596035957336,-0.005686596035957336,-0.21548270790950552,0.21548270790950552,0.005686596035957336,-0.005686596035957336,-0.15598209174928412,0.15598209174928412,0,0,0,0,0,0,0,0,0,0,0,0,0,0,0,0,0,0,0,0,0,0,0,0,1,0,0,0,0,0,0,0,0,1,0,0,0,0,0,0,0,0,0,0,0,1,0,0,0,0,0,00-0027854,S.Bradford,8,00-0030578,C.Patterson,8,NA,NA,NA,NA,NA,NA,NA,NA,NA,NA,NA,NA,NA,NA,NA,NA,NA,NA,NA,NA,NA,NA,NA,NA,NA,NA,NA,NA,NA,NA,NA,NA,NA,NA,NA,NA,NA,NA,NA,NA,NA,NA,NA,NA,NA,PHI,NA,00-0026990,NA,M.Jenkins,NA,NA,NA,NA,NA,NA,NA,NA,NA,NA,NA,NA,NA,0,NA,NA,NA,NA,NA,NA,NA,NA,NA,NA,NA,NA,NA,NA,NA,NA,NA,NA,NA,NA,NA,NA,NA,NA,NA,NA,NA,NA,NA,NA,NA,0,NA,NA,NA,NA,0,NA,NA,0,0,0,0,NA,NA,2016,0.7129349112510681,28.70650887489319,52,1,First down,3673,"10/23/16, 13:02:59",2016-10-23T19:59:09Z,Lincoln Financial Field,"Clear Temp: 62° F, Humidity: 46%, Wind: W 20 mph",10012016-1023-0732-662e-25ff3a421c9a,0,0,PASS,0,NA,NA,NA,24,Touchdown,2016-10-23T19:59:09Z,11,3:56,4,1,1,4,4,-25,FUMBLE,TOUCHDOWN,04:30,00:34,MIN 44,PHI 14,3673,4074,10,21,Home,11,31,-2.5,39,0,outdoors,grass,62,20,Doug Pederson,Mike Zimmer,PHI00,Lincoln Financial Field,0,1,S.Bradford,8,NA,NA,C.Patterson,84,1,0,0,0,1,00-0027854,NA,00-0030578,S.Bradford,8,00-0027854,C.Patterson,00-0030578,C.Patterson,00-0030578,0,1,0.43035308562684804,0.7063422435266368,6.966907665511826,6,0.6006232812651433,0.2262062668451108,0.8971071839332581,10.289281606674194,2016,Go for it,NA,NA,NA,NA,NA,NA,NA,NA,NA,NA,Punt
3697,2016_07_MIN_PHI,2016102307,PHI,MIN,REG,7,MIN,away,PHI,PHI,48,2016-10-23,243,243,243,Half2,0,24,0,4,2,0,04:03,PHI 48,2,56,"(4:03) (No Huddle, Shotgun) 8-S.Bradford pass short right to 84-C.Patterson to PHI 42 for 6 yards (21-L.McKelvin).",pass,6,1,1,1,0,0,0,short,right,6,0,NA,NA,NA,NA,NA,NA,3,2,0,NA,NA,NA,NA,2,3,21,3,3,21,-18,3,21,-18,0.27842622995376587,0.05629192665219307,6.007336196489632e-4,0.08207681775093079,0.23057101666927338,0.0038474751636385918,0.34818580746650696,0,0,2.3920936811482534,0.3213010276667774,16.10499248278276,-16.10499248278276,-8.992940357702206,8.992940357702206,19.227883915585984,-19.227883915585984,0.3213010276667774,0,0.3213010276667774,0,-1.764193443406839,1.764193443406839,1.6940416088909842,-1.6940416088909842,5.0642668945365585,-5.0642668945365585,-1.5239714633263122,1.5239714633263122,0.0011824392713606358,0.9988175607286394,0.9988175607286394,0.0011824392713606358,3.764046123251319e-4,8.833158062770963e-5,-8.833158062770963e-5,0.9984411561163142,0.0015588438836857677,8.519624825567007e-4,0.9991480375174433,0.026313240364193913,-0.026313240364193913,0.27432909134662553,-0.27432909134662553,3.764046123251319e-4,0,3.764046123251319e-4,0,0.0053101914236322045,-0.0053101914236322045,-0.21548270790950552,0.21548270790950552,0.0053101914236322045,-0.0053101914236322045,-0.15598209174928412,0.15598209174928412,0,0,1,0,0,0,0,0,0,0,0,0,0,0,0,0,0,0,0,0,0,0,0,0,1,0,0,0,0,0,0,0,0,1,0,0,0,0,0,0,0,0,0,0,0,1,0,0,0,0,0,00-0027854,S.Bradford,6,00-0030578,C.Patterson,6,NA,NA,NA,NA,NA,NA,NA,NA,NA,NA,NA,NA,NA,NA,NA,NA,NA,NA,NA,NA,NA,NA,NA,NA,NA,NA,NA,NA,NA,NA,NA,NA,NA,NA,NA,NA,NA,NA,NA,NA,NA,NA,NA,NA,NA,PHI,NA,00-0026151,NA,L.McKelvin,NA,NA,NA,NA,NA,NA,NA,NA,NA,NA,NA,NA,NA,0,NA,NA,NA,NA,NA,NA,NA,NA,NA,NA,NA,NA,NA,NA,NA,NA,NA,NA,NA,NA,NA,NA,NA,NA,NA,NA,NA,NA,NA,NA,NA,0,NA,NA,NA,NA,0,NA,NA,0,0,0,0,NA,NA,2016,0.7056174874305725,29.43825125694275,52,1,First down,3697,"10/23/16, 13:02:59",2016-10-23T19:59:36Z,Lincoln Financial Field,"Clear Temp: 62° F, Humidity: 46%, Wind: W 20 mph",10012016-1023-0732-662e-25ff3a421c9a,0,0,PASS,0,NA,NA,NA,24,Touchdown,2016-10-23T19:59:09Z,11,3:56,4,1,1,4,4,-25,FUMBLE,TOUCHDOWN,04:30,00:34,MIN 44,PHI 14,3673,4074,10,21,Home,11,31,-2.5,39,0,outdoors,grass,62,20,Doug Pederson,Mike Zimmer,PHI00,Lincoln Financial Field,0,1,S.Bradford,8,NA,NA,C.Patterson,84,1,0,1,0,1,00-0027854,NA,00-0030578,S.Bradford,8,00-0027854,C.Patterson,00-0030578,C.Patterson,00-0030578,0,1,0.3213010276667774,0.36505605040887346,3.4598672271240503,1,0.9995224187441636,0.9995224187441636,0.8222687840461731,17.77312159538269,2016,Go for it,NA,NA,NA,NA,NA,NA,NA,NA,NA,NA,Punt
3721,2016_07_MIN_PHI,2016102307,PHI,MIN,REG,7,MIN,away,PHI,PHI,42,2016-10-23,225,225,225,Half2,0,24,0,4,1,0,03:45,PHI 42,10,56,"(3:45) (No Huddle, Shotgun) 8-S.Bradford sacked at PHI 50 for -8 yards (55-B.Graham). FUMBLES (55-B.Graham), and recovers at PHI 46. 8-S.Bradford to PHI 46 for no gain (58-J.Hicks).",pass,-4,1,1,1,0,0,0,NA,NA,NA,NA,NA,NA,NA,NA,NA,NA,3,2,0,NA,NA,NA,NA,2,3,21,3,3,21,-18,3,21,-18,0.2703477442264557,0.046885378658771515,3.9122282760217786e-4,0.06221834942698479,0.25862917304039,0.0032445809338241816,0.3582835793495178,0,0,2.7133947088150308,-0.9273502742871642,17.032342757069923,-17.032342757069923,-8.992940357702206,8.992940357702206,20.15523418987315,-20.15523418987315,NA,NA,0,0,-1.764193443406839,1.764193443406839,1.6940416088909842,-1.6940416088909842,5.0642668945365585,-5.0642668945365585,-1.5239714633263122,1.5239714633263122,0.0015588438836857677,0.9984411561163142,0.9984411561163142,0.0015588438836857677,-4.508569836616516e-4,-2.542916336096823e-4,2.542916336096823e-4,0.9988920130999759,0.001107986900024116,9.402940631844103e-4,0.9990597059368156,0.026313240364193913,-0.026313240364193913,0.2747799483302872,-0.2747799483302872,NA,NA,0,0,0.0053101914236322045,-0.0053101914236322045,-0.21548270790950552,0.21548270790950552,0.0053101914236322045,-0.0053101914236322045,-0.15598209174928412,0.15598209174928412,0,0,0,0,0,0,0,0,0,0,0,0,0,0,0,0,0,0,0,0,0,1,0,0,1,0,0,0,0,0,0,0,0,1,1,0,0,0,0,0,0,0,0,0,1,0,0,0,0,0,0,00-0027854,S.Bradford,NA,NA,NA,NA,NA,NA,NA,NA,NA,NA,NA,NA,NA,NA,NA,NA,NA,NA,NA,NA,NA,NA,NA,NA,NA,NA,NA,NA,NA,NA,NA,NA,NA,NA,NA,00-0032129,J.Hicks,NA,NA,NA,NA,NA,NA,PHI,00-0027865,B.Graham,NA,NA,NA,PHI,PHI,00-0027865,00-0032129,B.Graham,J.Hicks,NA,NA,NA,NA,NA,NA,NA,NA,NA,NA,NA,NA,0,NA,NA,NA,NA,NA,NA,NA,NA,NA,NA,MIN,00-0027854,S.Bradford,NA,NA,NA,MIN,0,00-0027854,S.Bradford,NA,NA,NA,NA,00-0027865,B.Graham,NA,NA,NA,NA,NA,0,NA,NA,NA,NA,0,NA,NA,0,0,0,0,NA,NA,2016,NA,NA,53,1,First down,3721,"10/23/16, 13:02:59",2016-10-23T19:59:54Z,Lincoln Financial Field,"Clear Temp: 62° F, Humidity: 46%, Wind: W 20 mph",10012016-1023-0732-662e-25ff3a421c9a,0,0,SACK,0,NA,NA,NA,24,Touchdown,2016-10-23T19:59:09Z,11,3:56,4,1,1,4,4,-25,FUMBLE,TOUCHDOWN,04:30,00:34,MIN 44,PHI 14,3673,4074,10,21,Home,11,31,-2.5,39,0,outdoors,grass,62,20,Doug Pederson,Mike Zimmer,PHI00,Lincoln Financial Field,0,0,S.Bradford,8,NA,NA,NA,NA,1,0,0,0,1,00-0027854,NA,NA,S.Bradford,8,00-0027854,NA,NA,NA,NA,0,1,-0.9273502742871642,NA,NA,NA,NA,NA,0.891590416431427,10.8409583568573,2016,Go for it,NA,NA,NA,NA,NA,NA,NA,NA,NA,NA,Punt
3750,2016_07_MIN_PHI,2016102307,PHI,MIN,REG,7,MIN,away,PHI,PHI,46,2016-10-23,196,196,196,Half2,0,24,0,4,2,0,03:16,PHI 46,14,56,"(3:16) (Shotgun) 8-S.Bradford pass short left to 84-C.Patterson to PHI 31 for 15 yards (53-N.Bradham). Penalty on PHI-90-M.Smith, Defensive Offside, declined.",pass,15,1,0,1,0,0,0,short,left,6,9,NA,NA,NA,NA,NA,NA,3,2,0,NA,NA,NA,NA,2,3,21,3,3,21,-18,3,21,-18,0.3410146236419678,0.06421763449907303,4.925104440189898e-4,0.0858154296875,0.2389610856771469,0.004596778657287359,0.26490193605422974,0,0,1.7860444345278665,1.659530772245489,15.372811984824434,-15.372811984824434,-8.992940357702206,8.992940357702206,18.49570341762766,-18.49570341762766,0.0039495283854193985,1.6555812438600697,0.0039495283854193985,1.6555812438600697,-1.7681429717922583,1.7681429717922583,0.038460365030914545,-0.038460365030914545,5.060317366151139,-5.060317366151139,-3.1795527071863816,3.1795527071863816,0.001107986900024116,0.9988920130999759,0.9988920130999759,0.001107986900024116,5.777081241831183e-4,3.869333304464817e-4,-3.869333304464817e-4,0.9983143049757928,0.0016856950242072344,6.86002429574728e-4,0.9993139975704253,0.026313240364193913,-0.026313240364193913,0.27420224020610406,-0.27420224020610406,0,5.777081241831183e-4,0,5.777081241831183e-4,0.0053101914236322045,-0.0053101914236322045,-0.21606041603368864,0.21606041603368864,0.0053101914236322045,-0.0053101914236322045,-0.15655979987346724,0.15655979987346724,0,0,1,0,0,0,0,0,0,0,0,0,0,0,0,0,0,0,0,0,0,0,0,0,1,0,0,0,0,0,0,0,0,1,0,0,0,0,0,0,0,0,0,0,0,1,0,0,0,0,0,00-0027854,S.Bradford,15,00-0030578,C.Patterson,15,NA,NA,NA,NA,NA,NA,NA,NA,NA,NA,NA,NA,NA,NA,NA,NA,NA,NA,NA,NA,NA,NA,NA,NA,NA,NA,NA,NA,NA,NA,NA,NA,NA,NA,NA,NA,NA,NA,NA,NA,NA,NA,NA,NA,NA,PHI,NA,00-0029272,NA,N.Bradham,NA,NA,NA,NA,NA,NA,NA,NA,NA,NA,NA,NA,NA,0,NA,NA,NA,NA,NA,NA,NA,NA,NA,NA,NA,NA,NA,NA,NA,NA,NA,NA,NA,NA,NA,NA,NA,NA,NA,NA,NA,NA,NA,NA,NA,0,NA,NA,NA,NA,0,NA,NA,0,0,0,0,NA,NA,2016,0.7354492545127869,26.455074548721313,53,1,First down,3750,"10/23/16, 13:02:59",2016-10-23T20:00:23Z,Lincoln Financial Field,"Clear Temp: 62° F, Humidity: 46%, Wind: W 20 mph",10012016-1023-0732-662e-25ff3a421c9a,0,0,PASS,0,NA,NA,NA,24,Touchdown,2016-10-23T19:59:09Z,11,3:56,4,1,1,4,4,-25,FUMBLE,TOUCHDOWN,04:30,00:34,MIN 44,PHI 14,3673,4074,10,21,Home,11,31,-2.5,39,0,outdoors,grass,62,20,Doug Pederson,Mike Zimmer,PHI00,Lincoln Financial Field,0,1,S.Bradford,8,NA,NA,C.Patterson,84,1,0,1,0,1,00-0027854,NA,00-0030578,S.Bradford,8,00-0027854,C.Patterson,00-0030578,C.Patterson,00-0030578,0,1,1.659530772245489,0.5794916503996382,3.6505762290616985,2,0.985308728995733,0.12538105610292405,0.9326511025428772,6.73488974571228,2016,Go for it,NA,NA,NA,NA,NA,NA,NA,NA,NA,NA,Punt
3785,2016_07_MIN_PHI,2016102307,PHI,MIN,REG,7,MIN,away,PHI,PHI,31,2016-10-23,190,190,190,Half2,0,24,0,4,1,0,03:10,PHI 31,10,56,"(3:10) (No Huddle, Shotgun) 8-S.Bradford sacked at PHI 39 for -8 yards (51-S.Means). FUMBLES (51-S.Means), recovered by MIN-76-A.Boone at PHI 36. 76-A.Boone to PHI 36 for no gain (90-M.Smith).",pass,-5,1,1,1,0,0,0,NA,NA,NA,NA,NA,NA,NA,NA,NA,NA,3,2,0,NA,NA,NA,NA,2,3,21,3,3,21,-18,3,21,-18,0.18615476787090302,0.03259775787591934,3.408310003578663e-4,0.03843752294778824,0.3444143235683441,0.001302708056755364,0.3967520594596863,0,0,3.4455752067733556,-1.1097722002887167,16.48258418511315,-16.48258418511315,-8.992940357702206,8.992940357702206,19.605475617916376,-19.605475617916376,NA,NA,0,0,-1.7681429717922583,1.7681429717922583,0.038460365030914545,-0.038460365030914545,5.060317366151139,-5.060317366151139,-3.1795527071863816,3.1795527071863816,0.0016856950242072344,0.9983143049757928,0.9983143049757928,0.0016856950242072344,-5.133729428052902e-4,-4.5562005834653974e-4,4.5562005834653974e-4,0.9988276779185981,0.0011723220814019442,0.0010729357600212097,0.9989270642399788,0.026313240364193913,-0.026313240364193913,0.27471561314890935,-0.27471561314890935,NA,NA,0,0,0.0053101914236322045,-0.0053101914236322045,-0.21606041603368864,0.21606041603368864,0.0053101914236322045,-0.0053101914236322045,-0.15655979987346724,0.15655979987346724,0,0,0,0,0,0,0,0,0,0,0,0,0,0,0,0,0,0,0,0,0,1,0,0,1,0,0,0,0,0,0,0,0,1,1,0,0,0,0,0,0,0,0,0,1,0,0,0,0,0,0,00-0027854,S.Bradford,NA,NA,NA,NA,NA,NA,NA,NA,NA,NA,NA,NA,NA,NA,NA,NA,NA,NA,NA,NA,NA,NA,NA,NA,NA,NA,NA,NA,NA,NA,NA,NA,NA,NA,NA,00-0031371,M.Smith,NA,NA,NA,NA,NA,NA,PHI,00-0030387,S.Means,NA,NA,NA,PHI,PHI,00-0030387,00-0031371,S.Means,M.Smith,NA,NA,NA,NA,NA,NA,NA,NA,NA,NA,NA,NA,0,NA,NA,NA,NA,NA,NA,NA,NA,NA,NA,MIN,00-0027854,S.Bradford,NA,NA,NA,MIN,0,00-0026762,A.Boone,NA,NA,NA,NA,00-0030387,S.Means,NA,NA,NA,NA,NA,0,NA,NA,NA,NA,0,NA,NA,0,0,0,0,NA,NA,2016,NA,NA,54,1,First down,3785,"10/23/16, 13:02:59",2016-10-23T20:00:59Z,Lincoln Financial Field,"Clear Temp: 62° F, Humidity: 46%, Wind: W 20 mph",10012016-1023-0732-662e-25ff3a421c9a,0,0,SACK,0,NA,NA,NA,24,Touchdown,2016-10-23T19:59:09Z,11,3:56,4,1,1,4,4,-25,FUMBLE,TOUCHDOWN,04:30,00:34,MIN 44,PHI 14,3673,4074,10,21,Home,11,31,-2.5,39,0,outdoors,grass,62,20,Doug Pederson,Mike Zimmer,PHI00,Lincoln Financial Field,0,0,S.Bradford,8,NA,NA,NA,NA,1,0,0,0,1,00-0027854,NA,NA,S.Bradford,8,00-0027854,NA,NA,NA,NA,0,1,-1.1097722002887167,NA,NA,NA,NA,NA,0.8966136574745178,10.338634252548218,2016,Go for it,NA,NA,NA,NA,NA,NA,NA,NA,NA,NA,Punt
3820,2016_07_MIN_PHI,2016102307,PHI,MIN,REG,7,MIN,away,PHI,PHI,36,2016-10-23,160,160,160,Half2,0,24,0,4,2,0,02:40,PHI 36,15,56,(2:40) (Shotgun) 8-S.Bradford pass short right to 44-M.Asiata to PHI 33 for 3 yards (53-N.Bradham).,pass,3,1,0,1,0,0,0,short,right,3,0,NA,NA,NA,NA,NA,NA,3,2,0,NA,NA,NA,NA,2,3,21,3,3,21,-18,3,21,-18,0.28517913818359375,0.04861178994178772,3.8478864007629454e-4,0.05147065222263336,0.3605777621269226,0.003092413768172264,0.2506834864616394,0,0,2.335803006484639,-0.11070992978056893,16.59329411489372,-16.59329411489372,-8.992940357702206,8.992940357702206,19.716185547696945,-19.716185547696945,-0.11070992978056893,0,-0.11070992978056893,0,-1.6574330420116894,1.6574330420116894,0.038460365030914545,-0.038460365030914545,5.171027295931708,-5.171027295931708,-3.1795527071863816,3.1795527071863816,0.0011723220814019442,0.9988276779185981,0.9988276779185981,0.0011723220814019442,-1.5383621212095022e-4,-1.0687537724152207e-4,1.0687537724152207e-4,0.998981514130719,0.001018485869280994,6.1731570167467e-4,0.9993826842983253,0.026313240364193913,-0.026313240364193913,0.2748694493610303,-0.2748694493610303,-1.5383621212095022e-4,0,-1.5383621212095022e-4,0,0.005464027635753155,-0.005464027635753155,-0.21606041603368864,0.21606041603368864,0.005464027635753155,-0.005464027635753155,-0.15655979987346724,0.15655979987346724,0,0,0,0,0,0,0,0,0,0,0,0,0,0,0,0,0,0,0,0,0,0,0,0,1,0,0,0,0,0,0,0,0,1,0,0,0,0,0,0,0,0,0,0,0,1,0,0,0,0,0,00-0027854,S.Bradford,3,00-0028198,M.Asiata,3,NA,NA,NA,NA,NA,NA,NA,NA,NA,NA,NA,NA,NA,NA,NA,NA,NA,NA,NA,NA,NA,NA,NA,NA,NA,NA,NA,NA,NA,NA,NA,NA,NA,NA,NA,NA,NA,NA,NA,NA,NA,NA,NA,NA,NA,PHI,NA,00-0029272,NA,N.Bradham,NA,NA,NA,NA,NA,NA,NA,NA,NA,NA,NA,NA,NA,0,NA,NA,NA,NA,NA,NA,NA,NA,NA,NA,NA,NA,NA,NA,NA,NA,NA,NA,NA,NA,NA,NA,NA,NA,NA,NA,NA,NA,NA,NA,NA,0,NA,NA,NA,NA,0,NA,NA,0,0,0,0,NA,NA,2016,0.7666438817977905,23.335611820220947,54,1,First down,3820,"10/23/16, 13:02:59",2016-10-23T20:01:30Z,Lincoln Financial Field,"Clear Temp: 62° F, Humidity: 46%, Wind: W 20 mph",10012016-1023-0732-662e-25ff3a421c9a,0,0,PASS,0,NA,NA,NA,24,Touchdown,2016-10-23T19:59:09Z,11,3:56,4,1,1,4,4,-25,FUMBLE,TOUCHDOWN,04:30,00:34,MIN 44,PHI 14,3673,4074,10,21,Home,11,31,-2.5,39,0,outdoors,grass,62,20,Doug Pederson,Mike Zimmer,PHI00,Lincoln Financial Field,0,0,S.Bradford,8,NA,NA,M.Asiata,44,1,0,0,0,1,00-0027854,NA,00-0028198,S.Bradford,8,00-0027854,M.Asiata,00-0028198,M.Asiata,00-0028198,0,1,-0.11070992978056893,0.5339592816665917,4.7382591785280965,3,0.6778595764772035,0.08485287992516533,0.9379687309265137,6.203126907348633,2016,Go for it,NA,NA,NA,NA,NA,NA,NA,NA,NA,NA,Punt
3844,2016_07_MIN_PHI,2016102307,PHI,MIN,REG,7,MIN,away,PHI,PHI,33,2016-10-23,138,138,138,Half2,0,24,0,4,3,0,02:18,PHI 33,12,56,"(2:18) (No Huddle, Shotgun) 8-S.Bradford pass deep left to 19-A.Thielen to PHI 8 for 25 yards (23-R.McLeod).",pass,25,1,1,1,0,0,0,deep,left,22,3,NA,NA,NA,NA,NA,NA,3,2,0,NA,NA,NA,NA,2,3,21,3,3,21,-18,3,21,-18,0.24726209044456482,0.051547691226005554,4.179638344794512e-4,0.056599121540784836,0.4307035505771637,0.001926430151797831,0.21154320240020752,0,0,2.22509307670407,2.797929513209965,13.795364601683755,-13.795364601683755,-8.992940357702206,8.992940357702206,16.91825603448698,-16.91825603448698,2.4599392904201522,0.33799022278981283,2.4599392904201522,0.33799022278981283,-4.117372332431842,4.117372332431842,-0.2995298577588983,0.2995298577588983,2.711088005511556,-2.711088005511556,-3.5175429299761944,3.5175429299761944,0.001018485869280994,0.998981514130719,0.998981514130719,0.001018485869280994,0.001271515036933124,0.001084231655113399,-0.001084231655113399,0.9977099990937859,0.002290000906214118,5.104403244331479e-4,0.9994895596755669,0.026313240364193913,-0.026313240364193913,0.2735979343240972,-0.2735979343240972,0,0.001271515036933124,0,0.001271515036933124,0.005464027635753155,-0.005464027635753155,-0.21733193107062176,0.21733193107062176,0.005464027635753155,-0.005464027635753155,-0.15783131491040037,0.15783131491040037,0,0,1,0,1,0,0,0,0,0,0,0,0,0,0,0,0,0,0,0,0,0,0,0,1,0,0,0,0,0,0,0,0,1,0,0,0,0,0,0,0,0,0,0,0,1,0,0,0,0,0,00-0027854,S.Bradford,25,00-0030035,A.Thielen,25,NA,NA,NA,NA,NA,NA,NA,NA,NA,NA,NA,NA,NA,NA,NA,NA,NA,NA,NA,NA,NA,NA,NA,NA,NA,NA,NA,NA,NA,NA,NA,NA,NA,NA,NA,NA,NA,NA,NA,NA,NA,NA,NA,NA,NA,PHI,NA,00-0028899,NA,R.McLeod,NA,NA,NA,NA,NA,NA,NA,NA,NA,NA,NA,NA,NA,0,NA,NA,NA,NA,NA,NA,NA,NA,NA,NA,NA,NA,NA,NA,NA,NA,NA,NA,NA,NA,NA,NA,NA,NA,NA,NA,NA,NA,NA,NA,NA,0,NA,NA,NA,NA,0,NA,NA,0,0,0,0,NA,NA,2016,0.3480532467365265,65.19467532634735,54,1,First down,3844,"10/23/16, 13:02:59",2016-10-23T20:01:51Z,Lincoln Financial Field,"Clear Temp: 62° F, Humidity: 46%, Wind: W 20 mph",10012016-1023-0732-662e-25ff3a421c9a,0,0,PASS,0,NA,NA,NA,24,Touchdown,2016-10-23T19:59:09Z,11,3:56,4,1,1,4,4,-25,FUMBLE,TOUCHDOWN,04:30,00:34,MIN 44,PHI 14,3673,4074,10,21,Home,11,31,-2.5,39,0,outdoors,grass,62,20,Doug Pederson,Mike Zimmer,PHI00,Lincoln Financial Field,0,1,S.Bradford,8,NA,NA,A.Thielen,19,1,0,1,0,1,00-0027854,NA,00-0030035,S.Bradford,8,00-0027854,A.Thielen,00-0030035,A.Thielen,00-0030035,0,1,2.797929513209965,0.4835636376069856,3.2103393155848607,2,1,1,0.9756780862808228,2.4321913719177246,2016,Go for it,NA,NA,NA,NA,NA,NA,NA,NA,NA,NA,Punt
3885,2016_07_MIN_PHI,2016102307,PHI,MIN,REG,7,MIN,away,PHI,PHI,8,2016-10-23,120,120,120,Half2,0,24,0,4,1,1,02:00,PHI 8,8,56,"(2:00) (Shotgun) 8-S.Bradford pass incomplete short left to 82-K.Rudolph [91-F.Cox]. PENALTY on MIN-76-A.Boone, Offensive Holding, 10 yards, enforced at PHI 8 - No Play. PENALTY on MIN-76-A.Boone, Unsportsmanlike Conduct, 15 yards, enforced between downs.",no_play,0,1,0,0,0,0,0,NA,NA,NA,NA,NA,NA,NA,NA,NA,NA,3,2,0,NA,NA,NA,NA,2,3,21,3,3,21,-18,3,21,-18,0.094539642333984375,0.009085300378501415,2.515925152692944e-4,0.01077420823276043,0.26616615056991577,0.0013158225920051336,0.6178672909736633,0,0,5.023022589914035,-2.2051990960608236,16.000563697744578,-16.000563697744578,-8.992940357702206,8.992940357702206,16.91825603448698,-16.91825603448698,NA,NA,0,0,-4.117372332431842,4.117372332431842,-0.2995298577588983,0.2995298577588983,2.711088005511556,-2.711088005511556,-3.5175429299761944,3.5175429299761944,0.002290000906214118,0.9977099990937859,0.9977099990937859,0.002290000906214118,-0.0012452701339498162,-0.0011187557538505644,0.0011187557538505644,0.9989552692277357,0.0010447307722643018,0.001594671979546547,0.9984053280204535,0.026313240364193913,-0.026313240364193913,0.2735979343240972,-0.2735979343240972,NA,NA,0,0,0.005464027635753155,-0.005464027635753155,-0.21733193107062176,0.21733193107062176,0.005464027635753155,-0.005464027635753155,-0.15783131491040037,0.15783131491040037,0,0,0,0,0,0,0,0,0,0,0,0,0,0,0,0,0,0,0,0,0,0,0,0,0,0,1,0,0,0,0,0,0,0,0,0,0,0,0,0,0,0,0,0,0,0,0,0,0,0,0,NA,NA,NA,NA,NA,NA,NA,NA,NA,NA,NA,NA,NA,NA,NA,NA,NA,NA,NA,NA,NA,NA,NA,NA,NA,NA,NA,NA,NA,NA,NA,NA,NA,NA,NA,NA,NA,NA,NA,NA,NA,NA,NA,NA,NA,NA,NA,NA,NA,NA,NA,NA,NA,NA,NA,NA,NA,NA,NA,NA,NA,NA,NA,NA,NA,NA,NA,NA,NA,0,NA,NA,NA,NA,NA,NA,NA,NA,NA,NA,NA,NA,NA,NA,NA,NA,NA,NA,NA,NA,NA,NA,NA,NA,NA,NA,NA,NA,NA,NA,NA,0,MIN,00-0026762,A.Boone,15,0,NA,Offensive Holding,0,0,0,0,NA,NA,2016,NA,NA,55,1,Touchdown,3885,"10/23/16, 13:02:59",2016-10-23T20:04:23Z,Lincoln Financial Field,"Clear Temp: 62° F, Humidity: 46%, Wind: W 20 mph",10012016-1023-0732-662e-25ff3a421c9a,0,0,PENALTY,0,NA,NA,NA,24,Touchdown,2016-10-23T19:59:09Z,11,3:56,4,1,1,4,4,-25,FUMBLE,TOUCHDOWN,04:30,00:34,MIN 44,PHI 14,3673,4074,10,21,Home,11,31,-2.5,39,0,outdoors,grass,62,20,Doug Pederson,Mike Zimmer,PHI00,Lincoln Financial Field,0,0,S.Bradford,8,NA,NA,K.Rudolph,82,1,0,0,0,1,00-0027854,NA,00-0027981,S.Bradford,8,00-0027854,NA,NA,K.Rudolph,00-0027981,0,1,-2.2051990960608236,NA,NA,NA,NA,NA,0.8301196694374084,16.988033056259155,2016,Other,NA,NA,NA,NA,NA,NA,NA,NA,NA,NA,Punt
3918,2016_07_MIN_PHI,2016102307,PHI,MIN,REG,7,MIN,away,PHI,PHI,33,2016-10-23,114,114,114,Half2,0,24,0,4,1,1,01:54,PHI 33,33,56,(1:54) 8-S.Bradford pass short middle to 44-M.Asiata to PHI 30 for 3 yards (58-J.Hicks).,pass,3,0,0,1,0,0,0,short,middle,3,0,NA,NA,NA,NA,NA,NA,3,2,0,NA,NA,NA,NA,2,3,21,3,3,21,-18,3,21,-18,0.1924617737531662,0.03915463760495186,0.004077164456248283,0.030538443475961685,0.49251991510391235,0.001817016862332821,0.2394310086965561,0,0,2.8178234938532114,-0.301445065648295,16.302008763392873,-16.302008763392873,-8.992940357702206,8.992940357702206,17.219701100135275,-17.219701100135275,-0.301445065648295,0,-0.301445065648295,0,-3.8159272667835467,3.8159272667835467,-0.2995298577588983,0.2995298577588983,3.012533071159851,-3.012533071159851,-3.5175429299761944,3.5175429299761944,0.0010447307722643018,0.9989552692277357,0.9989552692277357,0.0010447307722643018,-1.0340084554627538e-4,-6.980987382121384e-5,6.980987382121384e-5,0.999058670073282,9.413299267180264e-4,4.759162256959826e-4,0.999524083774304,0.026313240364193913,-0.026313240364193913,0.27370133516964346,-0.27370133516964346,-1.0340084554627538e-4,0,-1.0340084554627538e-4,0,0.00556742848129943,-0.00556742848129943,-0.21733193107062176,0.21733193107062176,0.00556742848129943,-0.00556742848129943,-0.15783131491040037,0.15783131491040037,0,0,0,0,0,0,0,0,0,0,0,0,0,0,0,0,0,0,0,0,0,0,0,0,1,0,0,0,0,0,0,0,0,1,0,0,0,0,0,0,0,0,0,0,0,1,0,0,0,0,0,00-0027854,S.Bradford,3,00-0028198,M.Asiata,3,NA,NA,NA,NA,NA,NA,NA,NA,NA,NA,NA,NA,NA,NA,NA,NA,NA,NA,NA,NA,NA,NA,NA,NA,NA,NA,NA,NA,NA,NA,NA,NA,NA,NA,NA,NA,NA,NA,NA,NA,NA,NA,NA,NA,NA,PHI,NA,00-0032129,NA,J.Hicks,NA,NA,NA,NA,NA,NA,NA,NA,NA,NA,NA,NA,NA,0,NA,NA,NA,NA,NA,NA,NA,NA,NA,NA,NA,NA,NA,NA,NA,NA,NA,NA,NA,NA,NA,NA,NA,NA,NA,NA,NA,NA,NA,NA,NA,0,NA,NA,NA,NA,0,NA,NA,0,0,0,0,NA,NA,2016,0.8502026796340942,14.979732036590576,55,1,Touchdown,3918,"10/23/16, 13:02:59",2016-10-23T20:05:41Z,Lincoln Financial Field,"Clear Temp: 62° F, Humidity: 46%, Wind: W 20 mph",10012016-1023-0732-662e-25ff3a421c9a,0,0,PASS,0,NA,NA,NA,24,Touchdown,2016-10-23T19:59:09Z,11,3:56,4,1,1,4,4,-25,FUMBLE,TOUCHDOWN,04:30,00:34,MIN 44,PHI 14,3673,4074,10,21,Home,11,31,-2.5,39,0,outdoors,grass,62,20,Doug Pederson,Mike Zimmer,PHI00,Lincoln Financial Field,0,0,S.Bradford,8,NA,NA,M.Asiata,44,1,0,0,0,1,00-0027854,NA,00-0028198,S.Bradford,8,00-0027854,M.Asiata,00-0028198,M.Asiata,00-0028198,0,1,-0.301445065648295,0.3785437940869442,5.707654447003733,4,0.41294094297336414,0.013936298375483602,0.8805545568466187,11.944544315338135,2016,Go for it,NA,NA,NA,NA,NA,NA,NA,NA,NA,NA,Punt
3958,2016_07_MIN_PHI,2016102307,PHI,MIN,REG,7,MIN,away,PHI,PHI,30,2016-10-23,86,86,86,Half2,0,24,0,4,2,1,01:26,PHI 30,30,56,(1:26) 8-S.Bradford pass short left to 44-M.Asiata to PHI 23 for 7 yards (23-R.McLeod) [55-B.Graham].,pass,7,0,0,1,0,0,0,short,left,7,0,NA,NA,NA,NA,NA,NA,3,2,0,NA,NA,NA,NA,2,3,21,3,3,21,-18,3,21,-18,0.22155235707759857,0.041016995906829834,7.978962385095656e-4,0.028059691190719604,0.5273362398147583,0.0026446024421602488,0.17859216034412384,0,0,2.5163784282049164,0.15844934934284538,16.143559414050028,-16.143559414050028,-8.992940357702206,8.992940357702206,17.06125175079243,-17.06125175079243,0.15844934934284538,0,0.15844934934284538,0,-3.974376616126392,3.974376616126392,-0.2995298577588983,0.2995298577588983,2.8540837218170054,-2.8540837218170054,-3.5175429299761944,3.5175429299761944,9.413299267180264e-4,0.999058670073282,0.999058670073282,9.413299267180264e-4,-1.677835243754089e-4,3.859141725115478e-5,-3.859141725115478e-5,0.9992264535976574,7.735464023426175e-4,4.0610635187476873e-4,0.9995938936481252,0.026313240364193913,-0.026313240364193913,0.27386911869401886,-0.27386911869401886,-1.677835243754089e-4,0,-1.677835243754089e-4,0,0.005735212005674839,-0.005735212005674839,-0.21733193107062176,0.21733193107062176,0.005735212005674839,-0.005735212005674839,-0.15783131491040037,0.15783131491040037,0,0,0,0,0,0,0,0,0,0,0,0,0,0,0,0,0,0,0,0,0,0,0,0,1,0,0,0,0,0,0,1,0,1,0,0,0,0,0,0,0,0,0,0,0,1,0,0,0,0,0,00-0027854,S.Bradford,7,00-0028198,M.Asiata,7,NA,NA,NA,NA,NA,NA,NA,NA,NA,NA,NA,NA,NA,NA,NA,NA,NA,NA,NA,NA,NA,NA,NA,NA,NA,NA,NA,NA,NA,NA,NA,NA,NA,NA,NA,00-0027865,B.Graham,NA,NA,NA,NA,NA,NA,NA,NA,PHI,NA,00-0028899,NA,R.McLeod,NA,NA,NA,NA,NA,NA,NA,NA,NA,NA,NA,NA,NA,0,NA,NA,NA,NA,NA,NA,NA,NA,NA,NA,NA,NA,NA,NA,NA,NA,NA,NA,NA,NA,NA,NA,NA,NA,NA,NA,NA,NA,NA,NA,NA,0,NA,NA,NA,NA,0,NA,NA,0,0,0,0,NA,NA,2016,0.5951642394065857,40.48357605934143,55,1,Touchdown,3958,"10/23/16, 13:02:59",2016-10-23T20:06:09Z,Lincoln Financial Field,"Clear Temp: 62° F, Humidity: 46%, Wind: W 20 mph",10012016-1023-0732-662e-25ff3a421c9a,0,0,PASS,0,NA,NA,NA,24,Touchdown,2016-10-23T19:59:09Z,11,3:56,4,1,1,4,4,-25,FUMBLE,TOUCHDOWN,04:30,00:34,MIN 44,PHI 14,3673,4074,10,21,Home,11,31,-2.5,39,0,outdoors,grass,62,20,Doug Pederson,Mike Zimmer,PHI00,Lincoln Financial Field,0,1,S.Bradford,8,NA,NA,M.Asiata,44,1,0,0,0,1,00-0027854,NA,00-0028198,S.Bradford,8,00-0027854,M.Asiata,00-0028198,M.Asiata,00-0028198,0,1,0.15844934934284538,0.18904892653059463,3.3244473260710947,2,0.99536310241092,0.007206588168628514,0.9252744913101196,7.472550868988037,2016,Go for it,NA,NA,NA,NA,NA,NA,NA,NA,NA,NA,Punt
4159,2016_07_MIN_PHI,2016102307,PHI,MIN,REG,7,NA,NA,NA,NA,NA,2016-10-23,64,64,64,Half2,0,24,0,4,NA,0,01:04,PHI 23,0,56,Timeout #2 by MIN at 01:04.,no_play,0,0,0,0,0,0,0,NA,NA,NA,NA,NA,NA,NA,NA,NA,NA,3,1,1,MIN,NA,NA,NA,NA,NA,21,3,NA,NA,NA,NA,NA,NA,0,0,0,0,0,0,0,0,0,2.674827777547762,-0,16.143559414050028,-16.143559414050028,-8.992940357702206,8.992940357702206,17.06125175079243,-17.06125175079243,NA,NA,0,0,-3.974376616126392,3.974376616126392,-0.2995298577588983,0.2995298577588983,2.8540837218170054,-2.8540837218170054,-3.5175429299761944,3.5175429299761944,7.735464023426175e-4,0.9992264535976574,0.9992264535976574,7.735464023426175e-4,-0,-0,0,NA,NA,4.446977691259235e-4,0.9995553022308741,0.026313240364193913,-0.026313240364193913,0.27386911869401886,-0.27386911869401886,NA,NA,0,0,0.005735212005674839,-0.005735212005674839,-0.21733193107062176,0.21733193107062176,0.005735212005674839,-0.005735212005674839,-0.15783131491040037,0.15783131491040037,0,0,0,0,0,0,0,0,0,0,0,0,0,0,0,0,0,0,0,0,0,0,0,0,0,0,0,0,0,0,0,0,0,0,0,0,0,0,0,0,0,0,0,0,0,0,0,0,0,0,0,NA,NA,NA,NA,NA,NA,NA,NA,NA,NA,NA,NA,NA,NA,NA,NA,NA,NA,NA,NA,NA,NA,NA,NA,NA,NA,NA,NA,NA,NA,NA,NA,NA,NA,NA,NA,NA,NA,NA,NA,NA,NA,NA,NA,NA,NA,NA,NA,NA,NA,NA,NA,NA,NA,NA,NA,NA,NA,NA,NA,NA,NA,NA,NA,NA,NA,NA,NA,NA,0,NA,NA,NA,NA,NA,NA,NA,NA,NA,NA,NA,NA,NA,NA,NA,NA,NA,NA,NA,NA,NA,NA,NA,NA,NA,NA,NA,NA,NA,NA,NA,0,NA,NA,NA,NA,0,NA,NA,0,0,0,0,NA,NA,2016,NA,NA,55,1,Touchdown,3980,"10/23/16, 13:02:59",NA,Lincoln Financial Field,"Clear Temp: 62° F, Humidity: 46%, Wind: W 20 mph",10012016-1023-0732-662e-25ff3a421c9a,0,0,TIMEOUT,0,NA,NA,NA,24,Touchdown,2016-10-23T19:59:09Z,11,3:56,4,1,1,4,4,-25,FUMBLE,TOUCHDOWN,04:30,00:34,MIN 44,PHI 14,3673,4074,10,21,Home,11,31,-2.5,39,0,outdoors,grass,62,20,Doug Pederson,Mike Zimmer,PHI00,Lincoln Financial Field,0,0,NA,NA,NA,NA,NA,NA,0,0,0,0,0,NA,NA,NA,NA,NA,NA,NA,NA,NA,NA,0,1,-0,NA,NA,NA,NA,NA,NA,NA,2016,Other,NA,NA,NA,NA,NA,NA,NA,NA,NA,NA,Punt
4003,2016_07_MIN_PHI,2016102307,PHI,MIN,REG,7,MIN,away,PHI,PHI,23,2016-10-23,64,64,64,Half2,0,24,0,4,3,1,01:04,PHI 23,23,56,(1:04) 8-S.Bradford pass short right to 84-C.Patterson to PHI 14 for 9 yards (26-J.Watkins).,pass,9,0,0,1,0,0,0,short,right,9,0,NA,NA,NA,NA,NA,NA,3,1,0,NA,NA,NA,NA,1,3,21,3,3,21,-18,3,21,-18,0.21065613627433777,0.024002688005566597,4.1607936145737767e-4,0.01614995114505291,0.5943915843963623,6.283989059738815e-4,0.15375515818595886,0,0,2.674827777547762,-0.2880720776738599,16.431631491723888,-16.431631491723888,-8.992940357702206,8.992940357702206,17.34932382846629,-17.34932382846629,-0.2880720776738599,0,-0.2880720776738599,0,-3.686304538452532,3.686304538452532,-0.2995298577588983,0.2995298577588983,3.1421557994908653,-3.1421557994908653,-3.5175429299761944,3.5175429299761944,7.735464023426175e-4,0.9992264535976574,0.9992264535976574,7.735464023426175e-4,4.240097478032112e-4,1.8960810848511755e-4,-1.8960810848511755e-4,0.9988024438498542,0.0011975561501458287,4.446977691259235e-4,0.9995553022308741,0.026313240364193913,-0.026313240364193913,0.27344510894621565,-0.27344510894621565,4.240097478032112e-4,0,4.240097478032112e-4,0,0.005311202257871628,-0.005311202257871628,-0.21733193107062176,0.21733193107062176,0.005311202257871628,-0.005311202257871628,-0.15783131491040037,0.15783131491040037,0,0,0,0,0,1,0,0,0,0,0,0,0,0,0,0,0,0,0,0,0,0,0,0,1,0,0,0,0,0,0,0,0,1,0,0,0,0,0,0,0,0,0,0,0,1,0,0,0,0,0,00-0027854,S.Bradford,9,00-0030578,C.Patterson,9,NA,NA,NA,NA,NA,NA,NA,NA,NA,NA,NA,NA,NA,NA,NA,NA,NA,NA,NA,NA,NA,NA,NA,NA,NA,NA,NA,NA,NA,NA,NA,NA,NA,NA,NA,NA,NA,NA,NA,NA,NA,NA,NA,NA,NA,PHI,NA,00-0031173,NA,J.Watkins,NA,NA,NA,NA,NA,NA,NA,NA,NA,NA,NA,NA,NA,0,NA,NA,NA,NA,NA,NA,NA,NA,NA,NA,NA,NA,NA,NA,NA,NA,NA,NA,NA,NA,NA,NA,NA,NA,NA,NA,NA,NA,NA,NA,NA,0,NA,NA,NA,NA,0,NA,NA,0,0,0,0,NA,NA,2016,0.6926238536834717,30.737614631652832,55,1,Touchdown,4003,"10/23/16, 13:02:59",2016-10-23T20:07:30Z,Lincoln Financial Field,"Clear Temp: 62° F, Humidity: 46%, Wind: W 20 mph",10012016-1023-0732-662e-25ff3a421c9a,0,0,PASS,0,NA,NA,NA,24,Touchdown,2016-10-23T19:59:09Z,11,3:56,4,1,1,4,4,-25,FUMBLE,TOUCHDOWN,04:30,00:34,MIN 44,PHI 14,3673,4074,10,21,Home,11,31,-2.5,39,0,outdoors,grass,62,20,Doug Pederson,Mike Zimmer,PHI00,Lincoln Financial Field,0,0,S.Bradford,8,NA,NA,C.Patterson,84,1,0,0,0,1,00-0027854,NA,00-0030578,S.Bradford,8,00-0027854,C.Patterson,00-0030578,C.Patterson,00-0030578,0,1,-0.2880720776738599,0.2124327852161734,2.980933473096229,2,0.11886093660723418,0.0205426070606336,0.946681559085846,5.331844091415405,2016,Go for it,NA,NA,NA,NA,NA,NA,NA,NA,NA,NA,Punt
4029,2016_07_MIN_PHI,2016102307,PHI,MIN,REG,7,MIN,away,PHI,PHI,14,2016-10-23,37,37,37,Half2,0,24,1,4,4,1,00:37,PHI 14,14,56,"(:37) (No Huddle, Shotgun) 8-S.Bradford pass short middle to 84-C.Patterson for 14 yards, TOUCHDOWN. PENALTY on PHI-23-R.McLeod, Unnecessary Roughness, 15 yards, enforced between downs.",pass,14,1,1,1,0,0,0,short,middle,14,0,NA,NA,NA,NA,NA,NA,3,1,0,NA,MIN,C.Patterson,00-0030578,1,3,21,9,3,21,-18,9,21,-12,0.21042922139167786,0.01754232868552208,3.5560992546379566e-4,0.0074802665039896965,0.7136713266372681,4.412951529957354e-4,0.05007988587021828,0,0,2.386755699873902,4.613244300126098,11.81838719159779,-11.81838719159779,-8.992940357702206,8.992940357702206,12.736079528340191,-12.736079528340191,4.613244300126098,0,4.613244300126098,0,-8.29954883857863,8.29954883857863,-0.2995298577588983,0.2995298577588983,-1.4710885006352328,1.4710885006352328,-3.5175429299761944,3.5175429299761944,0.0011975561501458287,0.9988024438498542,0.9988024438498542,0.0011975561501458287,9.541842373987919e-4,-3.89505771837273e-5,3.89505771837273e-5,0.9978482596124554,0.0021517403875446206,6.343058776110411e-4,0.999365694122389,0.026313240364193913,-0.026313240364193913,0.27249092470881686,-0.27249092470881686,-3.0427472665905952e-5,9.846117100646978e-4,-3.0427472665905952e-5,9.846117100646978e-4,0.005341629730537534,-0.005341629730537534,-0.21831654278068646,0.21831654278068646,0.005341629730537534,-0.005341629730537534,-0.15881592662046506,0.15881592662046506,0,0,1,0,0,0,1,0,0,0,0,0,0,0,0,0,0,0,0,0,0,0,0,0,0,0,1,0,0,0,0,0,0,1,0,1,1,0,0,0,0,0,0,0,0,1,0,0,0,0,0,00-0027854,S.Bradford,14,00-0030578,C.Patterson,14,NA,NA,NA,NA,NA,NA,NA,NA,NA,NA,NA,NA,NA,NA,NA,NA,NA,NA,NA,NA,NA,NA,NA,NA,NA,NA,NA,NA,NA,NA,NA,NA,NA,NA,NA,NA,NA,NA,NA,NA,NA,NA,NA,NA,NA,NA,NA,NA,NA,NA,NA,NA,NA,NA,NA,NA,NA,NA,NA,NA,NA,NA,NA,0,NA,NA,NA,NA,NA,NA,NA,NA,NA,NA,NA,NA,NA,NA,NA,NA,NA,NA,NA,NA,NA,NA,NA,NA,NA,NA,NA,NA,NA,NA,NA,0,PHI,00-0028899,R.McLeod,15,0,NA,Unnecessary Roughness,0,0,0,0,NA,NA,2016,0.35457104444503784,64.54289555549622,55,1,Touchdown,4029,"10/23/16, 13:02:59",2016-10-23T20:07:53Z,Lincoln Financial Field,"Clear Temp: 62° F, Humidity: 46%, Wind: W 20 mph",10012016-1023-0732-662e-25ff3a421c9a,0,0,PASS,0,NA,NA,NA,24,Touchdown,2016-10-23T19:59:09Z,11,3:56,4,1,1,4,4,-25,FUMBLE,TOUCHDOWN,04:30,00:34,MIN 44,PHI 14,3673,4074,10,21,Home,11,31,-2.5,39,0,outdoors,grass,62,20,Doug Pederson,Mike Zimmer,PHI00,Lincoln Financial Field,0,1,S.Bradford,8,NA,NA,C.Patterson,84,1,0,1,0,1,00-0027854,NA,00-0030578,S.Bradford,8,00-0027854,C.Patterson,00-0030578,C.Patterson,00-0030578,0,1,4.613244300126098,NA,NA,NA,NA,NA,0.9860747456550598,1.3925254344940186,2016,Go for it,0.026851557298614853,0.12455083954409929,0,0.0021558712407641067,2.6851557298614853e-4,0.9417066611427583,0,0,0,NA,Punt
4074,2016_07_MIN_PHI,2016102307,PHI,MIN,REG,7,MIN,away,PHI,PHI,15,2016-10-23,34,34,34,Half2,0,24,1,4,NA,0,00:34,PHI 15,0,56,"3-B.Walsh extra point is GOOD, Center-47-K.McDermott, Holder-18-J.Locke.",extra_point,0,0,0,0,0,0,0,NA,NA,NA,NA,NA,NA,NA,33,good,NA,3,1,0,NA,NA,NA,NA,1,3,21,10,9,21,-12,10,21,-11,0,0,0,0,0,0,0,0.9324269968923669,0,0.9324269968923669,0.067573003107633145,11.750814188490157,-11.750814188490157,-8.992940357702206,8.992940357702206,12.736079528340191,-12.736079528340191,NA,NA,0,0,-8.29954883857863,8.29954883857863,-0.2995298577588983,0.2995298577588983,-1.4710885006352328,1.4710885006352328,-3.5175429299761944,3.5175429299761944,0.0021517403875446206,0.9978482596124554,0.9978482596124554,0.0021517403875446206,-1.7834499940860837e-5,2.071830797112373e-5,-2.071830797112373e-5,0.9978660941123962,0.0021339058876037598,5.953553004273138e-4,0.9994046446995727,0.026313240364193913,-0.026313240364193913,0.27249092470881686,-0.27249092470881686,NA,NA,0,0,0.005341629730537534,-0.005341629730537534,-0.21831654278068646,0.21831654278068646,0.005341629730537534,-0.005341629730537534,-0.15881592662046506,0.15881592662046506,0,0,0,0,0,0,0,0,0,0,0,0,0,0,0,0,0,0,0,0,0,0,0,0,0,0,0,0,0,0,0,0,0,0,0,0,0,0,0,1,0,0,0,0,0,0,0,0,0,0,0,NA,NA,NA,NA,NA,NA,NA,NA,NA,NA,NA,NA,NA,NA,NA,NA,NA,NA,NA,NA,NA,NA,NA,NA,NA,NA,NA,NA,NA,NA,NA,B.Walsh,00-0029576,NA,NA,NA,NA,NA,NA,NA,NA,NA,NA,NA,NA,NA,NA,NA,NA,NA,NA,NA,NA,NA,NA,NA,NA,NA,NA,NA,NA,NA,NA,NA,NA,NA,NA,NA,NA,0,NA,NA,NA,NA,NA,NA,NA,NA,NA,NA,NA,NA,NA,NA,NA,NA,NA,NA,NA,NA,NA,NA,NA,NA,NA,NA,NA,NA,NA,NA,NA,0,NA,NA,NA,NA,0,NA,NA,0,0,0,0,NA,NA,2016,NA,NA,55,1,Touchdown,4074,"10/23/16, 13:02:59",NA,Lincoln Financial Field,"Clear Temp: 62° F, Humidity: 46%, Wind: W 20 mph",10012016-1023-0732-662e-25ff3a421c9a,0,0,XP_KICK,1,NA,NA,NA,24,Touchdown,2016-10-23T19:59:09Z,11,3:56,4,1,1,4,4,-25,FUMBLE,TOUCHDOWN,04:30,00:34,MIN 44,PHI 14,3673,4074,10,21,Home,11,31,-2.5,39,0,outdoors,grass,62,20,Doug Pederson,Mike Zimmer,PHI00,Lincoln Financial Field,0,1,NA,NA,NA,NA,NA,NA,0,0,0,1,0,NA,NA,NA,NA,NA,NA,NA,NA,NA,NA,0,1,0.067573003107633145,NA,NA,NA,NA,NA,NA,NA,2016,Other,NA,NA,NA,NA,NA,NA,NA,NA,NA,NA,Punt
4090,2016_07_MIN_PHI,2016102307,PHI,MIN,REG,7,PHI,home,MIN,50,50,2016-10-23,34,34,34,Half2,0,25,0,4,NA,0,00:34,MID 50,0,-1,"(Onside Kick formation) 3-B.Walsh kicks 14 yards from 50 to PHI 36, out of bounds.",kickoff,0,0,0,0,0,0,0,NA,NA,NA,NA,NA,NA,NA,14,NA,NA,3,1,0,NA,NA,NA,NA,3,1,21,10,21,10,11,21,10,11,0.7552727460861206,0.030815117061138153,7.878246251493692e-4,0.014068388380110264,0.1648838073015213,3.8890360156074166e-4,0.033783216029405594,0,0,0.5394120222190395,-0.5394120222190395,11.211402166271117,-11.211402166271117,-8.992940357702206,8.992940357702206,12.736079528340191,-12.736079528340191,NA,NA,0,0,-8.29954883857863,8.29954883857863,-0.2995298577588983,0.2995298577588983,-1.4710885006352328,1.4710885006352328,-3.5175429299761944,3.5175429299761944,0.9978660941123962,0.0021339058876037598,0.9978660941123962,0.0021339058876037598,6.812810897827148e-5,1.4328956604003906e-4,1.4328956604003906e-4,0.9979342222213745,0.0020657777786254883,0.9993839263916016,0.9993839263916016,0.026313240364193913,-0.026313240364193913,0.27249092470881686,-0.27249092470881686,NA,NA,0,0,0.005341629730537534,-0.005341629730537534,-0.21831654278068646,0.21831654278068646,0.005341629730537534,-0.005341629730537534,-0.15881592662046506,0.15881592662046506,0,0,0,0,0,0,0,0,0,0,0,0,0,0,0,0,0,0,1,0,0,0,0,0,0,0,0,0,0,0,0,0,0,0,0,0,0,0,0,0,0,0,1,0,0,0,0,0,0,0,0,NA,NA,NA,NA,NA,NA,NA,NA,NA,NA,NA,NA,NA,NA,NA,NA,NA,NA,NA,NA,NA,NA,NA,NA,NA,NA,NA,NA,NA,NA,NA,B.Walsh,00-0029576,NA,NA,NA,NA,NA,NA,NA,NA,NA,NA,NA,NA,NA,NA,NA,NA,NA,NA,NA,NA,NA,NA,NA,NA,NA,NA,NA,NA,NA,NA,NA,NA,NA,NA,NA,NA,0,NA,NA,NA,NA,NA,NA,NA,NA,NA,NA,NA,NA,NA,NA,NA,NA,NA,NA,NA,NA,NA,NA,NA,NA,NA,NA,NA,NA,NA,NA,PHI,0,NA,NA,NA,NA,0,NA,NA,0,0,0,0,NA,NA,2016,NA,NA,56,0,QB kneel,4090,"10/23/16, 13:02:59",2016-10-23T20:10:32Z,Lincoln Financial Field,"Clear Temp: 62° F, Humidity: 46%, Wind: W 20 mph",10012016-1023-0732-662e-25ff3a421c9a,0,0,KICK_OFF,1,NA,NA,NA,25,End of half,2016-10-23T20:10:32Z,1,0:34,0,0,0,4,4,0,KICKOFF,END_GAME,00:34,00:00,PHI 36,PHI 36,4090,4126,10,21,Home,11,31,-2.5,39,0,outdoors,grass,62,20,Doug Pederson,Mike Zimmer,PHI00,Lincoln Financial Field,0,0,NA,NA,NA,NA,NA,NA,0,0,0,1,0,NA,NA,NA,NA,NA,NA,NA,NA,NA,NA,0,1,-0.5394120222190395,NA,NA,NA,NA,NA,NA,NA,2016,Other,NA,NA,NA,NA,NA,NA,NA,NA,NA,NA,Punt
4105,2016_07_MIN_PHI,2016102307,PHI,MIN,REG,7,PHI,home,MIN,PHI,64,2016-10-23,34,34,34,Half2,0,25,0,4,1,0,00:34,PHI 36,10,-1,(:34) 11-C.Wentz kneels to PHI 35 for -1 yards.,qb_kneel,-1,0,0,0,1,0,0,NA,NA,NA,NA,NA,NA,NA,NA,NA,NA,3,1,0,NA,NA,NA,NA,3,1,21,10,21,10,11,21,10,11,1,0,0,0,0,0,0,0,0,0,0,11.211402166271117,-11.211402166271117,-8.992940357702206,8.992940357702206,12.736079528340191,-12.736079528340191,NA,NA,0,0,-8.29954883857863,8.29954883857863,-0.2995298577588983,0.2995298577588983,-1.4710885006352328,1.4710885006352328,-3.5175429299761944,3.5175429299761944,0.9979342222213745,0.0020657777786254883,0.9979342222213745,0.0020657777786254883,NA,NA,4.7278404235839844e-4,NA,NA,0.9995272159576416,0.9995272159576416,0.026313240364193913,-0.026313240364193913,0.27249092470881686,-0.27249092470881686,NA,NA,0,0,0.005341629730537534,-0.005341629730537534,-0.21831654278068646,0.21831654278068646,0.005341629730537534,-0.005341629730537534,-0.15881592662046506,0.15881592662046506,0,0,0,0,0,0,0,0,0,0,0,0,0,0,0,0,0,0,0,0,0,0,0,0,0,0,0,0,0,0,0,0,1,0,0,0,0,0,0,0,0,0,0,0,0,0,0,0,0,0,0,NA,NA,NA,NA,NA,NA,00-0032950,C.Wentz,-1,NA,NA,NA,NA,NA,NA,NA,NA,NA,NA,NA,NA,NA,NA,NA,NA,NA,NA,NA,NA,NA,NA,NA,NA,NA,NA,NA,NA,NA,NA,NA,NA,NA,NA,NA,NA,NA,NA,NA,NA,NA,NA,NA,NA,NA,NA,NA,NA,NA,NA,NA,NA,NA,NA,NA,NA,NA,NA,NA,NA,0,NA,NA,NA,NA,NA,NA,NA,NA,NA,NA,NA,NA,NA,NA,NA,NA,NA,NA,NA,NA,NA,NA,NA,NA,NA,NA,NA,NA,NA,NA,NA,0,NA,NA,NA,NA,0,NA,NA,0,0,0,0,NA,NA,2016,NA,NA,56,0,QB kneel,4105,"10/23/16, 13:02:59",2016-10-23T20:11:32Z,Lincoln Financial Field,"Clear Temp: 62° F, Humidity: 46%, Wind: W 20 mph",10012016-1023-0732-662e-25ff3a421c9a,0,0,RUSH,0,NA,NA,NA,25,End of half,2016-10-23T20:10:32Z,1,0:34,0,0,0,4,4,0,KICKOFF,END_GAME,00:34,00:00,PHI 36,PHI 36,4090,4126,10,21,Home,11,31,-2.5,39,0,outdoors,grass,62,20,Doug Pederson,Mike Zimmer,PHI00,Lincoln Financial Field,0,0,NA,NA,C.Wentz,NA,NA,NA,0,0,0,0,0,NA,00-0032950,NA,C.Wentz,NA,00-0032950,C.Wentz,00-0032950,C.Wentz,00-0032950,0,1,0,NA,NA,NA,NA,NA,NA,NA,2016,Other,NA,NA,NA,NA,NA,NA,NA,NA,NA,NA,Punt
4126,2016_07_MIN_PHI,2016102307,PHI,MIN,REG,7,PHI,home,MIN,NA,NA,2016-10-23,0,0,0,Half2,0,25,0,4,NA,0,00:00,NA,0,-1,END GAME,NA,NA,0,0,NA,0,0,0,NA,NA,NA,NA,NA,NA,NA,NA,NA,NA,3,1,NA,NA,NA,NA,NA,3,1,21,10,21,10,11,21,10,11,0,0,0,0,0,0,0,0,0,NA,NA,11.211402166271117,-11.211402166271117,-8.992940357702206,8.992940357702206,12.736079528340191,-12.736079528340191,NA,NA,NA,NA,-8.29954883857863,8.29954883857863,-0.2995298577588983,0.2995298577588983,-1.4710885006352328,1.4710885006352328,-3.5175429299761944,3.5175429299761944,NA,NA,1,0,NA,NA,NA,NA,NA,NA,1,0.026313240364193913,-0.026313240364193913,0.27249092470881686,-0.27249092470881686,NA,NA,NA,NA,0.005341629730537534,-0.005341629730537534,-0.21831654278068646,0.21831654278068646,0.005341629730537534,-0.005341629730537534,-0.15881592662046506,0.15881592662046506,NA,NA,NA,NA,NA,NA,NA,NA,NA,0,NA,NA,NA,NA,NA,NA,NA,NA,NA,NA,NA,NA,NA,NA,NA,NA,NA,NA,NA,NA,NA,NA,NA,NA,NA,NA,NA,NA,NA,NA,NA,NA,NA,NA,NA,NA,NA,NA,NA,NA,NA,NA,NA,NA,NA,NA,NA,NA,NA,NA,NA,NA,NA,NA,NA,NA,NA,NA,NA,NA,NA,NA,NA,NA,NA,NA,NA,NA,NA,NA,NA,NA,NA,NA,NA,NA,NA,NA,NA,NA,NA,NA,NA,NA,NA,NA,NA,NA,NA,NA,NA,NA,NA,NA,NA,NA,NA,NA,NA,NA,NA,NA,NA,NA,NA,NA,NA,NA,NA,NA,NA,NA,NA,NA,NA,NA,NA,NA,NA,NA,NA,NA,NA,NA,NA,NA,NA,NA,NA,NA,NA,NA,NA,NA,NA,NA,NA,NA,NA,NA,NA,NA,NA,NA,NA,NA,NA,0,NA,NA,NA,NA,NA,NA,NA,NA,2016,NA,NA,56,0,QB kneel,4126,"10/23/16, 13:02:59",NA,Lincoln Financial Field,"Clear Temp: 62° F, Humidity: 46%, Wind: W 20 mph",10012016-1023-0732-662e-25ff3a421c9a,0,0,END_GAME,0,NA,NA,NA,25,End of half,2016-10-23T20:10:32Z,1,0:34,0,0,0,4,4,0,KICKOFF,END_GAME,00:34,00:00,PHI 36,PHI 36,4090,4126,10,21,Home,11,31,-2.5,39,0,outdoors,grass,62,20,Doug Pederson,Mike Zimmer,PHI00,Lincoln Financial Field,0,NA,NA,NA,NA,NA,NA,NA,0,0,NA,0,0,NA,NA,NA,NA,NA,NA,NA,NA,NA,NA,0,1,NA,NA,NA,NA,NA,NA,NA,NA,2016,Other,NA,NA,NA,NA,NA,NA,NA,NA,NA,NA,Punt
